8.23440
8.23414
8.23389
8.23363
8.23337
8.23312
8.23286
8.23260
8.23235
8.23209
8.23183
8.23157
8.23132
8.23106
8.23080
8.23055
8.23029
8.23003
8.22977
8.22952
8.22926
8.22900
8.22874
8.22848
8.22823
8.22797
8.22771
8.22745
8.22720
8.22694
8.22668
8.22642
8.22616
8.22591
8.22565
8.22539
8.22513
8.22487
8.22462
8.22436
8.22410
8.22384
8.22358
8.22332
8.22307
8.22281
8.22255
8.22229
8.22203
8.22177
8.22152
8.22126
8.22100
8.22074
8.22048
8.22023
8.21997
8.21971
8.21945
8.21919
8.21893
8.21868
8.21842
8.21816
8.21790
8.21764
8.21738
8.21713
8.21687
8.21661
8.21635
8.21609
8.21584
8.21558
8.21532
8.21506
8.21480
8.21454
8.21429
8.21403
8.21377
8.21351
8.21325
8.21300
8.21274
8.21248
8.21222
8.21196
8.21170
8.21145
8.21119
8.21093
8.21067
8.21041
8.21016
8.20990
8.20964
8.20938
8.20912
8.20887
8.20861
8.20835
8.20809
8.20783
8.20758
8.20732
8.20706
8.20680
8.20654
8.20629
8.20603
8.20577
8.20551
8.20525
8.20500
8.20474
8.20448
8.20422
8.20396
8.20371
8.20345
8.20319
8.20293
8.20267
8.20242
8.20216
8.20190
8.20164
8.20138
8.20113
8.20087
8.20061
8.20035
8.20009
8.19983
8.19958
8.19932
8.19906
8.19880
8.19854
8.19829
8.19803
8.19777
8.19751
8.19725
8.19700
8.19674
8.19648
8.19622
8.19596
8.19571
8.19545
8.19519
8.19493
8.19467
8.19442
8.19416
8.19390
8.19364
8.19338
8.19312
8.19287
8.19261
8.19235
8.19209
8.19183
8.19158
8.19132
8.19106
8.19080
8.19054
8.19029
8.19003
8.18977
8.18951
8.18925
8.18900
8.18874
8.18848
8.18822
8.18796
8.18771
8.18745
8.18719
8.18693
8.18667
8.18641
8.18616
8.18590
8.18564
8.18538
8.18512
8.18487
8.18461
8.18435
8.18409
8.18383
8.18358
8.18332
8.18306
8.18280
8.18254
8.18229
8.18203
8.18177
8.18151
8.18125
8.18100
8.18074
8.18048
8.18022
8.17996
8.17970
8.17945
8.17919
8.17893
8.17867
8.17841
8.17816
8.17790
8.17764
8.17738
8.17712
8.17687
8.17661
8.17635
8.17609
8.17583
8.17558
8.17532
8.17506
8.17480
8.17454
8.17429
8.17403
8.17377
8.17351
8.17325
8.17300
8.17274
8.17248
8.17222
8.17196
8.17170
8.17145
8.17119
8.17093
8.17067
8.17041
8.17016
8.16990
8.16964
8.16938
8.16912
8.16887
8.16861
8.16835
8.16809
8.16783
8.16758
8.16732
8.16706
8.16680
8.16654
8.16629
8.16603
8.16577
8.16551
8.16525
8.16500
8.16474
8.16448
8.16422
8.16396
8.16370
8.16345
8.16319
8.16293
8.16267
8.16241
8.16216
8.16190
8.16164
8.16138
8.16112
8.16087
8.16061
8.16035
8.16009
8.15983
8.15958
8.15932
8.15906
8.15880
8.15854
8.15829
8.15803
8.15777
8.15751
8.15725
8.15699
8.15674
8.15648
8.15622
8.15596
8.15570
8.15545
8.15519
8.15493
8.15467
8.15441
8.15416
8.15390
8.15364
8.15338
8.15312
8.15287
8.15261
8.15235
8.15209
8.15183
8.15158
8.15132
8.15106
8.15080
8.15054
8.15029
8.15003
8.14977
8.14951
8.14925
8.14900
8.14874
8.14848
8.14822
8.14796
8.14770
8.14745
8.14719
8.14693
8.14667
8.14641
8.14616
8.14590
8.14564
8.14538
8.14512
8.14487
8.14461
8.14435
8.14409
8.14383
8.14358
8.14332
8.14306
8.14280
8.14254
8.14229
8.14203
8.14177
8.14151
8.14125
8.14100
8.14074
8.14048
8.14022
8.13996
8.13970
8.13945
8.13919
8.13893
8.13867
8.13841
8.13816
8.13790
8.13764
8.13738
8.13712
8.13687
8.13661
8.13635
8.13609
8.13583
8.13558
8.13532
8.13506
8.13480
8.13454
8.13429
8.13403
8.13377
8.13351
8.13325
8.13300
8.13274
8.13248
8.13222
8.13196
8.13170
8.13145
8.13119
8.13093
8.13067
8.13041
8.13016
8.12990
8.12964
8.12938
8.12912
8.12887
8.12861
8.12835
8.12809
8.12783
8.12758
8.12732
8.12706
8.12680
8.12654
8.12629
8.12603
8.12577
8.12551
8.12525
8.12500
8.12474
8.12448
8.12422
8.12396
8.12371
8.12345
8.12319
8.12293
8.12267
8.12241
8.12216
8.12190
8.12164
8.12138
8.12112
8.12087
8.12061
8.12035
8.12009
8.11983
8.11958
8.11932
8.11906
8.11880
8.11854
8.11829
8.11803
8.11777
8.11751
8.11725
8.11700
8.11674
8.11648
8.11622
8.11596
8.11571
8.11545
8.11519
8.11493
8.11467
8.11442
8.11416
8.11390
8.11364
8.11338
8.11312
8.11287
8.11261
8.11235
8.11209
8.11183
8.11158
8.11132
8.11106
8.11080
8.11054
8.11029
8.11003
8.10977
8.10951
8.10925
8.10900
8.10874
8.10848
8.10822
8.10796
8.10771
8.10745
8.10719
8.10693
8.10667
8.10642
8.10616
8.10590
8.10564
8.10538
8.10513
8.10487
8.10461
8.10435
8.10409
8.10384
8.10358
8.10332
8.10306
8.10280
8.10254
8.10229
8.10203
8.10177
8.10151
8.10125
8.10100
8.10074
8.10048
8.10022
8.09996
8.09971
8.09945
8.09919
8.09893
8.09867
8.09842
8.09816
8.09790
8.09764
8.09738
8.09713
8.09687
8.09661
8.09635
8.09609
8.09584
8.09558
8.09532
8.09506
8.09480
8.09455
8.09429
8.09403
8.09377
8.09351
8.09325
8.09300
8.09274
8.09248
8.09222
8.09196
8.09171
8.09145
8.09119
8.09093
8.09067
8.09042
8.09016
8.08990
8.08964
8.08938
8.08913
8.08887
8.08861
8.08835
8.08809
8.08784
8.08758
8.08732
8.08706
8.08680
8.08655
8.08629
8.08603
8.08577
8.08551
8.08526
8.08500
8.08474
8.08448
8.08422
8.08397
8.08371
8.08345
8.08319
8.08293
8.08268
8.08242
8.08216
8.08190
8.08164
8.08138
8.08113
8.08087
8.08061
8.08035
8.08009
8.07984
8.07958
8.07932
8.07906
8.07880
8.07855
8.07829
8.07803
8.07777
8.07751
8.07726
8.07700
8.07674
8.07648
8.07622
8.07597
8.07571
8.07545
8.07519
8.07493
8.07468
8.07442
8.07416
8.07390
8.07364
8.07339
8.07313
8.07287
8.07261
8.07235
8.07210
8.07184
8.07158
8.07132
8.07106
8.07080
8.07055
8.07029
8.07003
8.06977
8.06951
8.06926
8.06900
8.06874
8.06848
8.06822
8.06797
8.06771
8.06745
8.06719
8.06693
8.06668
8.06642
8.06616
8.06590
8.06564
8.06539
8.06513
8.06487
8.06461
8.06435
8.06410
8.06384
8.06358
8.06332
8.06306
8.06281
8.06255
8.06229
8.06203
8.06177
8.06152
8.06126
8.06100
8.06074
8.06048
8.06023
8.05997
8.05971
8.05945
8.05919
8.05894
8.05868
8.05842
8.05816
8.05790
8.05764
8.05739
8.05713
8.05687
8.05661
8.05635
8.05610
8.05584
8.05558
8.05532
8.05506
8.05481
8.05455
8.05429
8.05403
8.05377
8.05352
8.05326
8.05300
8.05274
8.05248
8.05223
8.05197
8.05171
8.05145
8.05119
8.05094
8.05068
8.05042
8.05016
8.04990
8.04965
8.04939
8.04913
8.04887
8.04861
8.04836
8.04810
8.04784
8.04758
8.04732
8.04707
8.04681
8.04655
8.04629
8.04603
8.04578
8.04552
8.04526
8.04500
8.04474
8.04448
8.04423
8.04397
8.04371
8.04345
8.04319
8.04294
8.04268
8.04242
8.04216
8.04190
8.04165
8.04139
8.04113
8.04087
8.04061
8.04036
8.04010
8.03984
8.03958
8.03932
8.03907
8.03881
8.03855
8.03829
8.03803
8.03778
8.03752
8.03726
8.03700
8.03674
8.03649
8.03623
8.03597
8.03571
8.03545
8.03520
8.03494
8.03468
8.03442
8.03416
8.03391
8.03365
8.03339
8.03313
8.03287
8.03262
8.03236
8.03210
8.03184
8.03158
8.03133
8.03107
8.03081
8.03055
8.03029
8.03004
8.02978
8.02952
8.02926
8.02900
8.02874
8.02849
8.02823
8.02797
8.02771
8.02745
8.02720
8.02694
8.02668
8.02642
8.02616
8.02591
8.02565
8.02539
8.02513
8.02487
8.02462
8.02436
8.02410
8.02384
8.02358
8.02333
8.02307
8.02281
8.02255
8.02229
8.02204
8.02178
8.02152
8.02126
8.02100
8.02075
8.02049
8.02023
8.01997
8.01971
8.01946
8.01920
8.01894
8.01868
8.01842
8.01817
8.01791
8.01765
8.01739
8.01713
8.01688
8.01662
8.01636
8.01610
8.01584
8.01559
8.01533
8.01507
8.01481
8.01455
8.01430
8.01404
8.01378
8.01352
8.01326
8.01301
8.01275
8.01249
8.01223
8.01197
8.01171
8.01146
8.01120
8.01094
8.01068
8.01042
8.01017
8.00991
8.00965
8.00939
8.00913
8.00888
8.00862
8.00836
8.00810
8.00784
8.00759
8.00733
8.00707
8.00681
8.00655
8.00630
8.00604
8.00578
8.00552
8.00526
8.00501
8.00475
8.00449
8.00423
8.00397
8.00372
8.00346
8.00320
8.00294
8.00268
8.00243
8.00217
8.00191
8.00165
8.00139
8.00114
8.00088
8.00062
8.00036
8.00010
7.99985
7.99959
7.99933
7.99907
7.99881
7.99856
7.99830
7.99804
7.99778
7.99752
7.99727
7.99701
7.99675
7.99649
7.99623
7.99598
7.99572
7.99546
7.99520
7.99494
7.99469
7.99443
7.99417
7.99391
7.99365
7.99340
7.99314
7.99288
7.99262
7.99236
7.99210
7.99185
7.99159
7.99133
7.99107
7.99081
7.99056
7.99030
7.99004
7.98978
7.98952
7.98927
7.98901
7.98875
7.98849
7.98823
7.98798
7.98772
7.98746
7.98720
7.98694
7.98669
7.98643
7.98617
7.98591
7.98565
7.98540
7.98514
7.98488
7.98462
7.98436
7.98411
7.98385
7.98359
7.98333
7.98307
7.98282
7.98256
7.98230
7.98204
7.98178
7.98153
7.98127
7.98101
7.98075
7.98049
7.98024
7.97998
7.97972
7.97946
7.97920
7.97895
7.97869
7.97843
7.97817
7.97791
7.97766
7.97740
7.97714
7.97688
7.97662
7.97637
7.97611
7.97585
7.97559
7.97533
7.97508
7.97482
7.97456
7.97430
7.97404
7.97379
7.97353
7.97327
7.97301
7.97275
7.97250
7.97224
7.97198
7.97172
7.97146
7.97121
7.97095
7.97069
7.97043
7.97017
7.96992
7.96966
7.96940
7.96914
7.96888
7.96863
7.96837
7.96811
7.96785
7.96759
7.96734
7.96708
7.96682
7.96656
7.96630
7.96605
7.96579
7.96553
7.96527
7.96501
7.96475
7.96450
7.96424
7.96398
7.96372
7.96346
7.96321
7.96295
7.96269
7.96243
7.96217
7.96192
7.96166
7.96140
7.96114
7.96088
7.96063
7.96037
7.96011
7.95985
7.95959
7.95934
7.95908
7.95882
7.95856
7.95830
7.95805
7.95779
7.95753
7.95727
7.95701
7.95676
7.95650
7.95624
7.95598
7.95572
7.95547
7.95521
7.95495
7.95469
7.95443
7.95418
7.95392
7.95366
7.95340
7.95314
7.95289
7.95263
7.95237
7.95211
7.95185
7.95160
7.95134
7.95108
7.95082
7.95056
7.95031
7.95005
7.94979
7.94953
7.94927
7.94902
7.94876
7.94850
7.94824
7.94798
7.94773
7.94747
7.94721
7.94695
7.94669
7.94644
7.94618
7.94592
7.94566
7.94540
7.94515
7.94489
7.94463
7.94437
7.94411
7.94386
7.94360
7.94334
7.94308
7.94282
7.94257
7.94231
7.94205
7.94179
7.94153
7.94128
7.94102
7.94076
7.94050
7.94024
7.93999
7.93973
7.93947
7.93921
7.93895
7.93870
7.93844
7.93818
7.93792
7.93766
7.93741
7.93715
7.93689
7.93663
7.93637
7.93612
7.93586
7.93560
7.93534
7.93508
7.93483
7.93457
7.93431
7.93405
7.93379
7.93354
7.93328
7.93302
7.93276
7.93250
7.93225
7.93199
7.93173
7.93147
7.93121
7.93096
7.93070
7.93044
7.93018
7.92992
7.92967
7.92941
7.92915
7.92889
7.92863
7.92838
7.92812
7.92786
7.92760
7.92734
7.92709
7.92683
7.92657
7.92631
7.92605
7.92580
7.92554
7.92528
7.92502
7.92476
7.92451
7.92425
7.92399
7.92373
7.92347
7.92322
7.92296
7.92270
7.92244
7.92218
7.92193
7.92167
7.92141
7.92115
7.92089
7.92064
7.92038
7.92012
7.91986
7.91960
7.91935
7.91909
7.91883
7.91857
7.91831
7.91806
7.91780
7.91754
7.91728
7.91702
7.91677
7.91651
7.91625
7.91599
7.91573
7.91548
7.91522
7.91496
7.91470
7.91444
7.91419
7.91393
7.91367
7.91341
7.91315
7.91290
7.91264
7.91238
7.91212
7.91186
7.91161
7.91135
7.91109
7.91083
7.91057
7.91032
7.91006
7.90980
7.90954
7.90928
7.90903
7.90877
7.90851
7.90825
7.90799
7.90774
7.90748
7.90722
7.90696
7.90670
7.90645
7.90619
7.90593
7.90567
7.90541
7.90516
7.90490
7.90464
7.90438
7.90412
7.90387
7.90361
7.90335
7.90309
7.90283
7.90258
7.90232
7.90206
7.90180
7.90154
7.90129
7.90103
7.90077
7.90051
7.90025
7.90000
7.89974
7.89948
7.89922
7.89896
7.89871
7.89845
7.89819
7.89793
7.89767
7.89742
7.89716
7.89690
7.89664
7.89638
7.89613
7.89587
7.89561
7.89535
7.89509
7.89484
7.89458
7.89432
7.89406
7.89380
7.89355
7.89329
7.89303
7.89277
7.89251
7.89226
7.89200
7.89174
7.89148
7.89122
7.89097
7.89071
7.89045
7.89019
7.88993
7.88968
7.88942
7.88916
7.88890
7.88864
7.88839
7.88813
7.88787
7.88761
7.88735
7.88710
7.88684
7.88658
7.88632
7.88606
7.88581
7.88555
7.88529
7.88503
7.88477
7.88452
7.88426
7.88400
7.88374
7.88348
7.88323
7.88297
7.88271
7.88245
7.88219
7.88194
7.88168
7.88142
7.88116
7.88090
7.88065
7.88039
7.88013
7.87987
7.87961
7.87936
7.87910
7.87884
7.87858
7.87832
7.87807
7.87781
7.87755
7.87729
7.87703
7.87678
7.87652
7.87626
7.87600
7.87574
7.87549
7.87523
7.87497
7.87471
7.87445
7.87420
7.87394
7.87368
7.87342
7.87316
7.87291
7.87265
7.87239
7.87213
7.87187
7.87162
7.87136
7.87110
7.87084
7.87058
7.87033
7.87007
7.86981
7.86955
7.86929
7.86904
7.86878
7.86852
7.86826
7.86800
7.86775
7.86749
7.86723
7.86697
7.86671
7.86646
7.86620
7.86594
7.86568
7.86542
7.86517
7.86491
7.86465
7.86439
7.86413
7.86388
7.86362
7.86336
7.86310
7.86284
7.86259
7.86233
7.86207
7.86181
7.86155
7.86130
7.86104
7.86078
7.86052
7.86026
7.86001
7.85975
7.85949
7.85923
7.85897
7.85872
7.85846
7.85820
7.85794
7.85768
7.85743
7.85717
7.85691
7.85665
7.85639
7.85614
7.85588
7.85562
7.85536
7.85510
7.85485
7.85459
7.85433
7.85407
7.85381
7.85356
7.85330
7.85304
7.85278
7.85252
7.85227
7.85201
7.85175
7.85149
7.85123
7.85098
7.85072
7.85046
7.85020
7.84994
7.84969
7.84943
7.84917
7.84891
7.84865
7.84840
7.84814
7.84788
7.84762
7.84736
7.84711
7.84685
7.84659
7.84633
7.84607
7.84582
7.84556
7.84530
7.84504
7.84478
7.84453
7.84427
7.84401
7.84375
7.84349
7.84324
7.84298
7.84272
7.84246
7.84220
7.84195
7.84169
7.84143
7.84117
7.84091
7.84066
7.84040
7.84014
7.83988
7.83963
7.83937
7.83911
7.83885
7.83859
7.83834
7.83808
7.83782
7.83756
7.83730
7.83705
7.83679
7.83653
7.83627
7.83601
7.83576
7.83550
7.83524
7.83498
7.83472
7.83447
7.83421
7.83395
7.83369
7.83343
7.83318
7.83292
7.83266
7.83240
7.83214
7.83189
7.83163
7.83137
7.83111
7.83085
7.83060
7.83034
7.83008
7.82982
7.82956
7.82931
7.82905
7.82879
7.82853
7.82827
7.82802
7.82776
7.82750
7.82724
7.82698
7.82673
7.82647
7.82621
7.82595
7.82569
7.82544
7.82518
7.82492
7.82466
7.82440
7.82415
7.82389
7.82363
7.82337
7.82311
7.82286
7.82260
7.82234
7.82208
7.82182
7.82157
7.82131
7.82105
7.82079
7.82053
7.82028
7.82002
7.81976
7.81950
7.81924
7.81899
7.81873
7.81847
7.81821
7.81795
7.81770
7.81744
7.81718
7.81692
7.81666
7.81641
7.81615
7.81589
7.81563
7.81537
7.81512
7.81486
7.81460
7.81434
7.81408
7.81383
7.81357
7.81331
7.81305
7.81280
7.81254
7.81228
7.81202
7.81176
7.81151
7.81125
7.81099
7.81073
7.81047
7.81022
7.80996
7.80970
7.80944
7.80918
7.80893
7.80867
7.80841
7.80815
7.80789
7.80764
7.80738
7.80712
7.80686
7.80660
7.80635
7.80609
7.80583
7.80557
7.80531
7.80506
7.80480
7.80454
7.80428
7.80402
7.80377
7.80351
7.80325
7.80299
7.80273
7.80248
7.80222
7.80196
7.80170
7.80144
7.80119
7.80093
7.80067
7.80041
7.80015
7.79990
7.79964
7.79938
7.79912
7.79886
7.79861
7.79835
7.79809
7.79783
7.79757
7.79732
7.79706
7.79680
7.79654
7.79628
7.79603
7.79577
7.79551
7.79525
7.79499
7.79474
7.79448
7.79422
7.79396
7.79370
7.79345
7.79319
7.79293
7.79267
7.79242
7.79216
7.79190
7.79164
7.79138
7.79113
7.79087
7.79061
7.79035
7.79009
7.78984
7.78958
7.78932
7.78906
7.78880
7.78855
7.78829
7.78803
7.78777
7.78751
7.78726
7.78700
7.78674
7.78648
7.78622
7.78597
7.78571
7.78545
7.78519
7.78493
7.78468
7.78442
7.78416
7.78390
7.78364
7.78339
7.78313
7.78287
7.78261
7.78235
7.78210
7.78184
7.78158
7.78132
7.78106
7.78081
7.78055
7.78029
7.78003
7.77977
7.77952
7.77926
7.77900
7.77874
7.77848
7.77823
7.77797
7.77771
7.77745
7.77719
7.77694
7.77668
7.77642
7.77616
7.77591
7.77565
7.77539
7.77513
7.77487
7.77462
7.77436
7.77410
7.77384
7.77358
7.77333
7.77307
7.77281
7.77255
7.77229
7.77204
7.77178
7.77152
7.77126
7.77100
7.77075
7.77049
7.77023
7.76997
7.76971
7.76946
7.76920
7.76894
7.76868
7.76842
7.76817
7.76791
7.76765
7.76739
7.76713
7.76688
7.76662
7.76636
7.76610
7.76584
7.76559
7.76533
7.76507
7.76481
7.76455
7.76430
7.76404
7.76378
7.76352
7.76326
7.76301
7.76275
7.76249
7.76223
7.76197
7.76172
7.76146
7.76120
7.76094
7.76069
7.76043
7.76017
7.75991
7.75965
7.75940
7.75914
7.75888
7.75862
7.75836
7.75811
7.75785
7.75759
7.75733
7.75707
7.75682
7.75656
7.75630
7.75604
7.75578
7.75553
7.75527
7.75501
7.75475
7.75449
7.75424
7.75398
7.75372
7.75346
7.75320
7.75295
7.75269
7.75243
7.75217
7.75191
7.75166
7.75140
7.75114
7.75088
7.75062
7.75037
7.75011
7.74985
7.74959
7.74933
7.74908
7.74882
7.74856
7.74830
7.74804
7.74779
7.74753
7.74727
7.74701
7.74676
7.74650
7.74624
7.74598
7.74572
7.74547
7.74521
7.74495
7.74469
7.74443
7.74418
7.74392
7.74366
7.74340
7.74314
7.74289
7.74263
7.74237
7.74211
7.74185
7.74160
7.74134
7.74108
7.74082
7.74056
7.74031
7.74005
7.73979
7.73953
7.73927
7.73902
7.73876
7.73850
7.73824
7.73798
7.73773
7.73747
7.73721
7.73695
7.73669
7.73644
7.73618
7.73592
7.73566
7.73540
7.73515
7.73489
7.73463
7.73437
7.73412
7.73386
7.73360
7.73334
7.73308
7.73283
7.73257
7.73231
7.73205
7.73179
7.73154
7.73128
7.73102
7.73076
7.73050
7.73025
7.72999
7.72973
7.72947
7.72921
7.72896
7.72870
7.72844
7.72818
7.72792
7.72767
7.72741
7.72715
7.72689
7.72663
7.72638
7.72612
7.72586
7.72560
7.72534
7.72509
7.72483
7.72457
7.72431
7.72405
7.72380
7.72354
7.72328
7.72302
7.72277
7.72251
7.72225
7.72199
7.72173
7.72148
7.72122
7.72096
7.72070
7.72044
7.72019
7.71993
7.71967
7.71941
7.71915
7.71890
7.71864
7.71838
7.71812
7.71786
7.71761
7.71735
7.71709
7.71683
7.71657
7.71632
7.71606
7.71580
7.71554
7.71528
7.71503
7.71477
7.71451
7.71425
7.71399
7.71374
7.71348
7.71322
7.71296
7.71270
7.71245
7.71219
7.71193
7.71167
7.71142
7.71116
7.71090
7.71064
7.71038
7.71013
7.70987
7.70961
7.70935
7.70909
7.70884
7.70858
7.70832
7.70806
7.70780
7.70755
7.70729
7.70703
7.70677
7.70651
7.70626
7.70600
7.70574
7.70548
7.70522
7.70497
7.70471
7.70445
7.70419
7.70393
7.70368
7.70342
7.70316
7.70290
7.70264
7.70239
7.70213
7.70187
7.70161
7.70136
7.70110
7.70084
7.70058
7.70032
7.70007
7.69981
7.69955
7.69929
7.69903
7.69878
7.69852
7.69826
7.69800
7.69774
7.69749
7.69723
7.69697
7.69671
7.69645
7.69620
7.69594
7.69568
7.69542
7.69516
7.69491
7.69465
7.69439
7.69413
7.69387
7.69362
7.69336
7.69310
7.69284
7.69258
7.69233
7.69207
7.69181
7.69155
7.69130
7.69104
7.69078
7.69052
7.69026
7.69001
7.68975
7.68949
7.68923
7.68897
7.68872
7.68846
7.68820
7.68794
7.68768
7.68743
7.68717
7.68691
7.68665
7.68639
7.68614
7.68588
7.68562
7.68536
7.68510
7.68485
7.68459
7.68433
7.68407
7.68381
7.68356
7.68330
7.68304
7.68278
7.68253
7.68227
7.68201
7.68175
7.68149
7.68124
7.68098
7.68072
7.68046
7.68020
7.67995
7.67969
7.67943
7.67917
7.67891
7.67866
7.67840
7.67814
7.67788
7.67762
7.67737
7.67711
7.67685
7.67659
7.67633
7.67608
7.67582
7.67556
7.67530
7.67504
7.67479
7.67453
7.67427
7.67401
7.67376
7.67350
7.67324
7.67298
7.67272
7.67247
7.67221
7.67195
7.67169
7.67143
7.67118
7.67092
7.67066
7.67040
7.67014
7.66989
7.66963
7.66937
7.66911
7.66885
7.66860
7.66834
7.66808
7.66782
7.66756
7.66731
7.66705
7.66679
7.66653
7.66627
7.66602
7.66576
7.66550
7.66524
7.66499
7.66473
7.66447
7.66421
7.66395
7.66370
7.66344
7.66318
7.66292
7.66266
7.66241
7.66215
7.66189
7.66163
7.66137
7.66112
7.66086
7.66060
7.66034
7.66008
7.65983
7.65957
7.65931
7.65905
7.65879
7.65854
7.65828
7.65802
7.65776
7.65750
7.65725
7.65699
7.65673
7.65647
7.65622
7.65596
7.65570
7.65544
7.65518
7.65493
7.65467
7.65441
7.65415
7.65389
7.65364
7.65338
7.65312
7.65286
7.65260
7.65235
7.65209
7.65183
7.65157
7.65131
7.65106
7.65080
7.65054
7.65028
7.65002
7.64977
7.64951
7.64925
7.64899
7.64874
7.64848
7.64822
7.64796
7.64770
7.64745
7.64719
7.64693
7.64667
7.64641
7.64616
7.64590
7.64564
7.64538
7.64512
7.64487
7.64461
7.64435
7.64409
7.64383
7.64358
7.64332
7.64306
7.64280
7.64254
7.64229
7.64203
7.64177
7.64151
7.64125
7.64100
7.64074
7.64048
7.64022
7.63997
7.63971
7.63945
7.63919
7.63893
7.63868
7.63842
7.63816
7.63790
7.63764
7.63739
7.63713
7.63687
7.63661
7.63635
7.63610
7.63584
7.63558
7.63532
7.63506
7.63481
7.63455
7.63429
7.63403
7.63377
7.63352
7.63326
7.63300
7.63274
7.63249
7.63223
7.63197
7.63171
7.63145
7.63120
7.63094
7.63068
7.63042
7.63016
7.62991
7.62965
7.62939
7.62913
7.62887
7.62862
7.62836
7.62810
7.62784
7.62758
7.62733
7.62707
7.62681
7.62655
7.62629
7.62604
7.62578
7.62552
7.62526
7.62501
7.62475
7.62449
7.62423
7.62397
7.62372
7.62346
7.62320
7.62294
7.62268
7.62243
7.62217
7.62191
7.62165
7.62139
7.62114
7.62088
7.62062
7.62036
7.62010
7.61985
7.61959
7.61933
7.61907
7.61882
7.61856
7.61830
7.61804
7.61778
7.61753
7.61727
7.61701
7.61675
7.61649
7.61624
7.61598
7.61572
7.61546
7.61520
7.61495
7.61469
7.61443
7.61417
7.61391
7.61366
7.61340
7.61314
7.61288
7.61262
7.61237
7.61211
7.61185
7.61159
7.61134
7.61108
7.61082
7.61056
7.61030
7.61005
7.60979
7.60953
7.60927
7.60901
7.60876
7.60850
7.60824
7.60798
7.60772
7.60747
7.60721
7.60695
7.60669
7.60643
7.60618
7.60592
7.60566
7.60540
7.60514
7.60489
7.60463
7.60437
7.60411
7.60386
7.60360
7.60334
7.60308
7.60282
7.60257
7.60231
7.60205
7.60179
7.60153
7.60128
7.60102
7.60076
7.60050
7.60024
7.59999
7.59973
7.59947
7.59921
7.59895
7.59870
7.59844
7.59818
7.59792
7.59767
7.59741
7.59715
7.59689
7.59663
7.59638
7.59612
7.59586
7.59560
7.59534
7.59509
7.59483
7.59457
7.59431
7.59405
7.59380
7.59354
7.59328
7.59302
7.59276
7.59251
7.59225
7.59199
7.59173
7.59148
7.59122
7.59096
7.59070
7.59044
7.59019
7.58993
7.58967
7.58941
7.58915
7.58890
7.58864
7.58838
7.58812
7.58786
7.58761
7.58735
7.58709
7.58683
7.58657
7.58632
7.58606
7.58580
7.58554
7.58529
7.58503
7.58477
7.58451
7.58425
7.58400
7.58374
7.58348
7.58322
7.58296
7.58271
7.58245
7.58219
7.58193
7.58167
7.58142
7.58116
7.58090
7.58064
7.58038
7.58013
7.57987
7.57961
7.57935
7.57910
7.57884
7.57858
7.57832
7.57806
7.57781
7.57755
7.57729
7.57703
7.57677
7.57652
7.57626
7.57600
7.57574
7.57548
7.57523
7.57497
7.57471
7.57445
7.57419
7.57394
7.57368
7.57342
7.57316
7.57291
7.57265
7.57239
7.57213
7.57187
7.57162
7.57136
7.57110
7.57084
7.57058
7.57033
7.57007
7.56981
7.56955
7.56929
7.56904
7.56878
7.56852
7.56826
7.56800
7.56775
7.56749
7.56723
7.56697
7.56672
7.56646
7.56620
7.56594
7.56568
7.56543
7.56517
7.56491
7.56465
7.56439
7.56414
7.56388
7.56362
7.56336
7.56310
7.56285
7.56259
7.56233
7.56207
7.56181
7.56156
7.56130
7.56104
7.56078
7.56053
7.56027
7.56001
7.55975
7.55949
7.55924
7.55898
7.55872
7.55846
7.55820
7.55795
7.55769
7.55743
7.55717
7.55691
7.55666
7.55640
7.55614
7.55588
7.55562
7.55537
7.55511
7.55485
7.55459
7.55434
7.55408
7.55382
7.55356
7.55330
7.55305
7.55279
7.55253
7.55227
7.55201
7.55176
7.55150
7.55124
7.55098
7.55072
7.55047
7.55021
7.54995
7.54969
7.54943
7.54918
7.54892
7.54866
7.54840
7.54815
7.54789
7.54763
7.54737
7.54711
7.54686
7.54660
7.54634
7.54608
7.54582
7.54557
7.54531
7.54505
7.54479
7.54453
7.54428
7.54402
7.54376
7.54350
7.54325
7.54299
7.54273
7.54247
7.54221
7.54196
7.54170
7.54144
7.54118
7.54092
7.54067
7.54041
7.54015
7.53989
7.53963
7.53938
7.53912
7.53886
7.53860
7.53834
7.53809
7.53783
7.53757
7.53731
7.53706
7.53680
7.53654
7.53628
7.53602
7.53577
7.53551
7.53525
7.53499
7.53473
7.53448
7.53422
7.53396
7.53370
7.53344
7.53319
7.53293
7.53267
7.53241
7.53216
7.53190
7.53164
7.53138
7.53112
7.53087
7.53061
7.53035
7.53009
7.52983
7.52958
7.52932
7.52906
7.52880
7.52854
7.52829
7.52803
7.52777
7.52751
7.52725
7.52700
7.52674
7.52648
7.52622
7.52597
7.52571
7.52545
7.52519
7.52493
7.52468
7.52442
7.52416
7.52390
7.52364
7.52339
7.52313
7.52287
7.52261
7.52235
7.52210
7.52184
7.52158
7.52132
7.52107
7.52081
7.52055
7.52029
7.52003
7.51978
7.51952
7.51926
7.51900
7.51874
7.51849
7.51823
7.51797
7.51771
7.51745
7.51720
7.51694
7.51668
7.51642
7.51617
7.51591
7.51565
7.51539
7.51513
7.51488
7.51462
7.51436
7.51410
7.51384
7.51359
7.51333
7.51307
7.51281
7.51255
7.51230
7.51204
7.51178
7.51152
7.51127
7.51101
7.51075
7.51049
7.51023
7.50998
7.50972
7.50946
7.50920
7.50894
7.50869
7.50843
7.50817
7.50791
7.50765
7.50740
7.50714
7.50688
7.50662
7.50636
7.50611
7.50585
7.50559
7.50533
7.50508
7.50482
7.50456
7.50430
7.50404
7.50379
7.50353
7.50327
7.50301
7.50275
7.50250
7.50224
7.50198
7.50172
7.50146
7.50121
7.50095
7.50069
7.50043
7.50018
7.49992
7.49966
7.49940
7.49914
7.49889
7.49863
7.49837
7.49811
7.49785
7.49760
7.49734
7.49708
7.49682
7.49656
7.49631
7.49605
7.49579
7.49553
7.49528
7.49502
7.49476
7.49450
7.49424
7.49399
7.49373
7.49347
7.49321
7.49295
7.49270
7.49244
7.49218
7.49192
7.49166
7.49141
7.49115
7.49089
7.49063
7.49038
7.49012
7.48986
7.48960
7.48934
7.48909
7.48883
7.48857
7.48831
7.48805
7.48780
7.48754
7.48728
7.48702
7.48676
7.48651
7.48625
7.48599
7.48573
7.48548
7.48522
7.48496
7.48470
7.48444
7.48419
7.48393
7.48367
7.48341
7.48315
7.48290
7.48264
7.48238
7.48212
7.48186
7.48161
7.48135
7.48109
7.48083
7.48058
7.48032
7.48006
7.47980
7.47954
7.47929
7.47903
7.47877
7.47851
7.47825
7.47800
7.47774
7.47748
7.47722
7.47696
7.47671
7.47645
7.47619
7.47593
7.47568
7.47542
7.47516
7.47490
7.47464
7.47439
7.47413
7.47387
7.47361
7.47335
7.47310
7.47284
7.47258
7.47232
7.47207
7.47181
7.47155
7.47129
7.47103
7.47078
7.47052
7.47026
7.47000
7.46974
7.46949
7.46923
7.46897
7.46871
7.46845
7.46820
7.46794
7.46768
7.46742
7.46717
7.46691
7.46665
7.46639
7.46613
7.46588
7.46562
7.46536
7.46510
7.46484
7.46459
7.46433
7.46407
7.46381
7.46355
7.46330
7.46304
7.46278
7.46252
7.46227
7.46201
7.46175
7.46149
7.46123
7.46098
7.46072
7.46046
7.46020
7.45994
7.45969
7.45943
7.45917
7.45891
7.45865
7.45840
7.45814
7.45788
7.45762
7.45737
7.45711
7.45685
7.45659
7.45633
7.45608
7.45582
7.45556
7.45530
7.45504
7.45479
7.45453
7.45427
7.45401
7.45376
7.45350
7.45324
7.45298
7.45272
7.45247
7.45221
7.45195
7.45169
7.45143
7.45118
7.45092
7.45066
7.45040
7.45014
7.44989
7.44963
7.44937
7.44911
7.44886
7.44860
7.44834
7.44808
7.44782
7.44757
7.44731
7.44705
7.44679
7.44653
7.44628
7.44602
7.44576
7.44550
7.44524
7.44499
7.44473
7.44447
7.44421
7.44396
7.44370
7.44344
7.44318
7.44292
7.44267
7.44241
7.44215
7.44189
7.44163
7.44138
7.44112
7.44086
7.44060
7.44035
7.44009
7.43983
7.43957
7.43931
7.43906
7.43880
7.43854
7.43828
7.43802
7.43777
7.43751
7.43725
7.43699
7.43673
7.43648
7.43622
7.43596
7.43570
7.43545
7.43519
7.43493
7.43467
7.43441
7.43416
7.43390
7.43364
7.43338
7.43312
7.43287
7.43261
7.43235
7.43209
7.43184
7.43158
7.43132
7.43106
7.43080
7.43055
7.43029
7.43003
7.42977
7.42951
7.42926
7.42900
7.42874
7.42848
7.42822
7.42797
7.42771
7.42745
7.42719
7.42694
7.42668
7.42642
7.42616
7.42590
7.42565
7.42539
7.42513
7.42487
7.42461
7.42436
7.42410
7.42384
7.42358
7.42333
7.42307
7.42281
7.42255
7.42229
7.42204
7.42178
7.42152
7.42126
7.42100
7.42075
7.42049
7.42023
7.41997
7.41971
7.41946
7.41920
7.41894
7.41868
7.41843
7.41817
7.41791
7.41765
7.41739
7.41714
7.41688
7.41662
7.41636
7.41610
7.41585
7.41559
7.41533
7.41507
7.41482
7.41456
7.41430
7.41404
7.41378
7.41353
7.41327
7.41301
7.41275
7.41249
7.41224
7.41198
7.41172
7.41146
7.41120
7.41095
7.41069
7.41043
7.41017
7.40992
7.40966
7.40940
7.40914
7.40888
7.40863
7.40837
7.40811
7.40785
7.40759
7.40734
7.40708
7.40682
7.40656
7.40631
7.40605
7.40579
7.40553
7.40527
7.40502
7.40476
7.40450
7.40424
7.40398
7.40373
7.40347
7.40321
7.40295
7.40270
7.40244
7.40218
7.40192
7.40166
7.40141
7.40115
7.40089
7.40063
7.40037
7.40012
7.39986
7.39960
7.39934
7.39908
7.39883
7.39857
7.39831
7.39805
7.39780
7.39754
7.39728
7.39702
7.39676
7.39651
7.39625
7.39599
7.39573
7.39547
7.39522
7.39496
7.39470
7.39444
7.39419
7.39393
7.39367
7.39341
7.39315
7.39290
7.39264
7.39238
7.39212
7.39186
7.39161
7.39135
7.39109
7.39083
7.39058
7.39032
7.39006
7.38980
7.38954
7.38929
7.38903
7.38877
7.38851
7.38825
7.38800
7.38774
7.38748
7.38722
7.38697
7.38671
7.38645
7.38619
7.38593
7.38568
7.38542
7.38516
7.38490
7.38464
7.38439
7.38413
7.38387
7.38361
7.38335
7.38310
7.38284
7.38258
7.38232
7.38207
7.38181
7.38155
7.38129
7.38103
7.38078
7.38052
7.38026
7.38000
7.37974
7.37949
7.37923
7.37897
7.37871
7.37846
7.37820
7.37794
7.37768
7.37742
7.37717
7.37691
7.37665
7.37639
7.37613
7.37588
7.37562
7.37536
7.37510
7.37485
7.37459
7.37433
7.37407
7.37381
7.37356
7.37330
7.37304
7.37278
7.37252
7.37227
7.37201
7.37175
7.37149
7.37124
7.37098
7.37072
7.37046
7.37020
7.36995
7.36969
7.36943
7.36917
7.36891
7.36866
7.36840
7.36814
7.36788
7.36763
7.36737
7.36711
7.36685
7.36659
7.36634
7.36608
7.36582
7.36556
7.36530
7.36505
7.36479
7.36453
7.36427
7.36402
7.36376
7.36350
7.36324
7.36298
7.36273
7.36247
7.36221
7.36195
7.36169
7.36144
7.36118
7.36092
7.36066
7.36040
7.36015
7.35989
7.35963
7.35937
7.35912
7.35886
7.35860
7.35834
7.35808
7.35783
7.35757
7.35731
7.35705
7.35679
7.35654
7.35628
7.35602
7.35576
7.35551
7.35525
7.35499
7.35473
7.35447
7.35422
7.35396
7.35370
7.35344
7.35318
7.35293
7.35267
7.35241
7.35215
7.35190
7.35164
7.35138
7.35112
7.35086
7.35061
7.35035
7.35009
7.34983
7.34957
7.34932
7.34906
7.34880
7.34854
7.34829
7.34803
7.34777
7.34751
7.34725
7.34700
7.34674
7.34648
7.34622
7.34596
7.34571
7.34545
7.34519
7.34493
7.34468
7.34442
7.34416
7.34390
7.34364
7.34339
7.34313
7.34287
7.34261
7.34235
7.34210
7.34184
7.34158
7.34132
7.34107
7.34081
7.34055
7.34029
7.34003
7.33978
7.33952
7.33926
7.33900
7.33874
7.33849
7.33823
7.33797
7.33771
7.33746
7.33720
7.33694
7.33668
7.33642
7.33617
7.33591
7.33565
7.33539
7.33513
7.33488
7.33462
7.33436
7.33410
7.33385
7.33359
7.33333
7.33307
7.33281
7.33256
7.33230
7.33204
7.33178
7.33152
7.33127
7.33101
7.33075
7.33049
7.33024
7.32998
7.32972
7.32946
7.32920
7.32895
7.32869
7.32843
7.32817
7.32791
7.32766
7.32740
7.32714
7.32688
7.32663
7.32637
7.32611
7.32585
7.32559
7.32534
7.32508
7.32482
7.32456
7.32431
7.32405
7.32379
7.32353
7.32327
7.32302
7.32276
7.32250
7.32224
7.32198
7.32173
7.32147
7.32121
7.32095
7.32070
7.32044
7.32018
7.31992
7.31966
7.31941
7.31915
7.31889
7.31863
7.31837
7.31812
7.31786
7.31760
7.31734
7.31709
7.31683
7.31657
7.31631
7.31605
7.31580
7.31554
7.31528
7.31502
7.31476
7.31451
7.31425
7.31399
7.31373
7.31348
7.31322
7.31296
7.31270
7.31244
7.31219
7.31193
7.31167
7.31141
7.31115
7.31090
7.31064
7.31038
7.31012
7.30987
7.30961
7.30935
7.30909
7.30883
7.30858
7.30832
7.30806
7.30780
7.30754
7.30729
7.30703
7.30677
7.30651
7.30626
7.30600
7.30574
7.30548
7.30522
7.30497
7.30471
7.30445
7.30419
7.30393
7.30368
7.30342
7.30316
7.30290
7.30265
7.30239
7.30213
7.30187
7.30161
7.30136
7.30110
7.30084
7.30058
7.30033
7.30007
7.29981
7.29955
7.29929
7.29904
7.29878
7.29852
7.29826
7.29800
7.29775
7.29749
7.29723
7.29697
7.29672
7.29646
7.29620
7.29594
7.29568
7.29543
7.29517
7.29491
7.29465
7.29439
7.29414
7.29388
7.29362
7.29336
7.29311
7.29285
7.29259
7.29233
7.29207
7.29182
7.29156
7.29130
7.29104
7.29078
7.29053
7.29027
7.29001
7.28975
7.28950
7.28924
7.28898
7.28872
7.28846
7.28821
7.28795
7.28769
7.28743
7.28718
7.28692
7.28666
7.28640
7.28614
7.28589
7.28563
7.28537
7.28511
7.28485
7.28460
7.28434
7.28408
7.28382
7.28357
7.28331
7.28305
7.28279
7.28253
7.28228
7.28202
7.28176
7.28150
7.28124
7.28099
7.28073
7.28047
7.28021
7.27996
7.27970
7.27944
7.27918
7.27892
7.27867
7.27841
7.27815
7.27789
7.27763
7.27738
7.27712
7.27686
7.27660
7.27635
7.27609
7.27583
7.27557
7.27531
7.27506
7.27480
7.27454
7.27428
7.27403
7.27377
7.27351
7.27325
7.27299
7.27274
7.27248
7.27222
7.27196
7.27170
7.27145
7.27119
7.27093
7.27067
7.27042
7.27016
7.26990
7.26964
7.26938
7.26913
7.26887
7.26861
7.26835
7.26809
7.26784
7.26758
7.26732
7.26706
7.26681
7.26655
7.26629
7.26603
7.26577
7.26552
7.26526
7.26500
7.26474
7.26449
7.26423
7.26397
7.26371
7.26345
7.26320
7.26294
7.26268
7.26242
7.26216
7.26191
7.26165
7.26139
7.26113
7.26088
7.26062
7.26036
7.26010
7.25984
7.25959
7.25933
7.25907
7.25881
7.25855
7.25830
7.25804
7.25778
7.25752
7.25727
7.25701
7.25675
7.25649
7.25623
7.25598
7.25572
7.25546
7.25520
7.25495
7.25469
7.25443
7.25417
7.25391
7.25366
7.25340
7.25314
7.25288
7.25262
7.25237
7.25211
7.25185
7.25159
7.25134
7.25108
7.25082
7.25056
7.25030
7.25005
7.24979
7.24953
7.24927
7.24902
7.24876
7.24850
7.24824
7.24798
7.24773
7.24747
7.24721
7.24695
7.24669
7.24644
7.24618
7.24592
7.24566
7.24541
7.24515
7.24489
7.24463
7.24437
7.24412
7.24386
7.24360
7.24334
7.24308
7.24283
7.24257
7.24231
7.24205
7.24180
7.24154
7.24128
7.24102
7.24076
7.24051
7.24025
7.23999
7.23973
7.23948
7.23922
7.23896
7.23870
7.23844
7.23819
7.23793
7.23767
7.23741
7.23715
7.23690
7.23664
7.23638
7.23612
7.23587
7.23561
7.23535
7.23509
7.23483
7.23458
7.23432
7.23406
7.23380
7.23355
7.23329
7.23303
7.23277
7.23251
7.23226
7.23200
7.23174
7.23148
7.23122
7.23097
7.23071
7.23045
7.23019
7.22994
7.22968
7.22942
7.22916
7.22890
7.22865
7.22839
7.22813
7.22787
7.22762
7.22736
7.22710
7.22684
7.22658
7.22633
7.22607
7.22581
7.22555
7.22529
7.22504
7.22478
7.22452
7.22426
7.22401
7.22375
7.22349
7.22323
7.22297
7.22272
7.22246
7.22220
7.22194
7.22169
7.22143
7.22117
7.22091
7.22065
7.22040
7.22014
7.21988
7.21962
7.21936
7.21911
7.21885
7.21859
7.21833
7.21808
7.21782
7.21756
7.21730
7.21704
7.21679
7.21653
7.21627
7.21601
7.21576
7.21550
7.21524
7.21498
7.21472
7.21447
7.21421
7.21395
7.21369
7.21343
7.21318
7.21292
7.21266
7.21240
7.21215
7.21189
7.21163
7.21137
7.21111
7.21086
7.21060
7.21034
7.21008
7.20983
7.20957
7.20931
7.20905
7.20879
7.20854
7.20828
7.20802
7.20776
7.20750
7.20725
7.20699
7.20673
7.20647
7.20622
7.20596
7.20570
7.20544
7.20518
7.20493
7.20467
7.20441
7.20415
7.20390
7.20364
7.20338
7.20312
7.20286
7.20261
7.20235
7.20209
7.20183
7.20158
7.20132
7.20106
7.20080
7.20054
7.20029
7.20003
7.19977
7.19951
7.19925
7.19900
7.19874
7.19848
7.19822
7.19797
7.19771
7.19745
7.19719
7.19693
7.19668
7.19642
7.19616
7.19590
7.19565
7.19539
7.19513
7.19487
7.19461
7.19436
7.19410
7.19384
7.19358
7.19332
7.19307
7.19281
7.19255
7.19229
7.19204
7.19178
7.19152
7.19126
7.19100
7.19075
7.19049
7.19023
7.18997
7.18972
7.18946
7.18920
7.18894
7.18868
7.18843
7.18817
7.18791
7.18765
7.18739
7.18714
7.18688
7.18662
7.18636
7.18611
7.18585
7.18559
7.18533
7.18507
7.18482
7.18456
7.18430
7.18404
7.18379
7.18353
7.18327
7.18301
7.18275
7.18250
7.18224
7.18198
7.18172
7.18147
7.18121
7.18095
7.18069
7.18043
7.18018
7.17992
7.17966
7.17940
7.17914
7.17889
7.17863
7.17837
7.17811
7.17786
7.17760
7.17734
7.17708
7.17682
7.17657
7.17631
7.17605
7.17579
7.17554
7.17528
7.17502
7.17476
7.17450
7.17425
7.17399
7.17373
7.17347
7.17322
7.17296
7.17270
7.17244
7.17218
7.17193
7.17167
7.17141
7.17115
7.17089
7.17064
7.17038
7.17012
7.16986
7.16961
7.16935
7.16909
7.16883
7.16857
7.16832
7.16806
7.16780
7.16754
7.16729
7.16703
7.16677
7.16651
7.16625
7.16600
7.16574
7.16548
7.16522
7.16497
7.16471
7.16445
7.16419
7.16393
7.16368
7.16342
7.16316
7.16290
7.16264
7.16239
7.16213
7.16187
7.16161
7.16136
7.16110
7.16084
7.16058
7.16032
7.16007
7.15981
7.15955
7.15929
7.15904
7.15878
7.15852
7.15826
7.15800
7.15775
7.15749
7.15723
7.15697
7.15672
7.15646
7.15620
7.15594
7.15568
7.15543
7.15517
7.15491
7.15465
7.15439
7.15414
7.15388
7.15362
7.15336
7.15311
7.15285
7.15259
7.15233
7.15207
7.15182
7.15156
7.15130
7.15104
7.15079
7.15053
7.15027
7.15001
7.14975
7.14950
7.14924
7.14898
7.14872
7.14847
7.14821
7.14795
7.14769
7.14743
7.14718
7.14692
7.14666
7.14640
7.14615
7.14589
7.14563
7.14537
7.14511
7.14486
7.14460
7.14434
7.14408
7.14382
7.14357
7.14331
7.14305
7.14279
7.14254
7.14228
7.14202
7.14176
7.14150
7.14125
7.14099
7.14073
7.14047
7.14022
7.13996
7.13970
7.13944
7.13918
7.13893
7.13867
7.13841
7.13815
7.13790
7.13764
7.13738
7.13712
7.13686
7.13661
7.13635
7.13609
7.13583
7.13558
7.13532
7.13506
7.13480
7.13454
7.13429
7.13403
7.13377
7.13351
7.13325
7.13300
7.13274
7.13248
7.13222
7.13197
7.13171
7.13145
7.13119
7.13093
7.13068
7.13042
7.13016
7.12990
7.12965
7.12939
7.12913
7.12887
7.12861
7.12836
7.12810
7.12784
7.12758
7.12733
7.12707
7.12681
7.12655
7.12629
7.12604
7.12578
7.12552
7.12526
7.12501
7.12475
7.12449
7.12423
7.12397
7.12372
7.12346
7.12320
7.12294
7.12269
7.12243
7.12217
7.12191
7.12165
7.12140
7.12114
7.12088
7.12062
7.12036
7.12011
7.11985
7.11959
7.11933
7.11908
7.11882
7.11856
7.11830
7.11804
7.11779
7.11753
7.11727
7.11701
7.11676
7.11650
7.11624
7.11598
7.11572
7.11547
7.11521
7.11495
7.11469
7.11444
7.11418
7.11392
7.11366
7.11340
7.11315
7.11289
7.11263
7.11237
7.11212
7.11186
7.11160
7.11134
7.11108
7.11083
7.11057
7.11031
7.11005
7.10980
7.10954
7.10928
7.10902
7.10876
7.10851
7.10825
7.10799
7.10773
7.10747
7.10722
7.10696
7.10670
7.10644
7.10619
7.10593
7.10567
7.10541
7.10515
7.10490
7.10464
7.10438
7.10412
7.10387
7.10361
7.10335
7.10309
7.10283
7.10258
7.10232
7.10206
7.10180
7.10155
7.10129
7.10103
7.10077
7.10051
7.10026
7.10000
7.09974
7.09948
7.09923
7.09897
7.09871
7.09845
7.09819
7.09794
7.09768
7.09742
7.09716
7.09691
7.09665
7.09639
7.09613
7.09587
7.09562
7.09536
7.09510
7.09484
7.09459
7.09433
7.09407
7.09381
7.09355
7.09330
7.09304
7.09278
7.09252
7.09227
7.09201
7.09175
7.09149
7.09123
7.09098
7.09072
7.09046
7.09020
7.08994
7.08969
7.08943
7.08917
7.08891
7.08866
7.08840
7.08814
7.08788
7.08762
7.08737
7.08711
7.08685
7.08659
7.08634
7.08608
7.08582
7.08556
7.08530
7.08505
7.08479
7.08453
7.08427
7.08402
7.08376
7.08350
7.08324
7.08298
7.08273
7.08247
7.08221
7.08195
7.08170
7.08144
7.08118
7.08092
7.08066
7.08041
7.08015
7.07989
7.07963
7.07938
7.07912
7.07886
7.07860
7.07834
7.07809
7.07783
7.07757
7.07731
7.07706
7.07680
7.07654
7.07628
7.07602
7.07577
7.07551
7.07525
7.07499
7.07474
7.07448
7.07422
7.07396
7.07370
7.07345
7.07319
7.07293
7.07267
7.07242
7.07216
7.07190
7.07164
7.07138
7.07113
7.07087
7.07061
7.07035
7.07010
7.06984
7.06958
7.06932
7.06906
7.06881
7.06855
7.06829
7.06803
7.06778
7.06752
7.06726
7.06700
7.06674
7.06649
7.06623
7.06597
7.06571
7.06546
7.06520
7.06494
7.06468
7.06442
7.06417
7.06391
7.06365
7.06339
7.06313
7.06288
7.06262
7.06236
7.06210
7.06185
7.06159
7.06133
7.06107
7.06081
7.06056
7.06030
7.06004
7.05978
7.05953
7.05927
7.05901
7.05875
7.05849
7.05824
7.05798
7.05772
7.05746
7.05721
7.05695
7.05669
7.05643
7.05617
7.05592
7.05566
7.05540
7.05514
7.05489
7.05463
7.05437
7.05411
7.05385
7.05360
7.05334
7.05308
7.05282
7.05257
7.05231
7.05205
7.05179
7.05153
7.05128
7.05102
7.05076
7.05050
7.05025
7.04999
7.04973
7.04947
7.04921
7.04896
7.04870
7.04844
7.04818
7.04793
7.04767
7.04741
7.04715
7.04689
7.04664
7.04638
7.04612
7.04586
7.04561
7.04535
7.04509
7.04483
7.04457
7.04432
7.04406
7.04380
7.04354
7.04329
7.04303
7.04277
7.04251
7.04225
7.04200
7.04174
7.04148
7.04122
7.04097
7.04071
7.04045
7.04019
7.03993
7.03968
7.03942
7.03916
7.03890
7.03865
7.03839
7.03813
7.03787
7.03761
7.03736
7.03710
7.03684
7.03658
7.03633
7.03607
7.03581
7.03555
7.03529
7.03504
7.03478
7.03452
7.03426
7.03401
7.03375
7.03349
7.03323
7.03297
7.03272
7.03246
7.03220
7.03194
7.03169
7.03143
7.03117
7.03091
7.03065
7.03040
7.03014
7.02988
7.02962
7.02937
7.02911
7.02885
7.02859
7.02833
7.02808
7.02782
7.02756
7.02730
7.02705
7.02679
7.02653
7.02627
7.02601
7.02576
7.02550
7.02524
7.02498
7.02473
7.02447
7.02421
7.02395
7.02369
7.02344
7.02318
7.02292
7.02266
7.02241
7.02215
7.02189
7.02163
7.02137
7.02112
7.02086
7.02060
7.02034
7.02009
7.01983
7.01957
7.01931
7.01905
7.01880
7.01854
7.01828
7.01802
7.01777
7.01751
7.01725
7.01699
7.01673
7.01648
7.01622
7.01596
7.01570
7.01545
7.01519
7.01493
7.01467
7.01441
7.01416
7.01390
7.01364
7.01338
7.01313
7.01287
7.01261
7.01235
7.01209
7.01184
7.01158
7.01132
7.01106
7.01081
7.01055
7.01029
7.01003
7.00977
7.00952
7.00926
7.00900
7.00874
7.00849
7.00823
7.00797
7.00771
7.00745
7.00720
7.00694
7.00668
7.00642
7.00617
7.00591
7.00565
7.00539
7.00514
7.00488
7.00462
7.00436
7.00410
7.00385
7.00359
7.00333
7.00307
7.00282
7.00256
7.00230
7.00204
7.00178
7.00153
7.00127
7.00101
7.00075
7.00050
7.00024
6.99998
6.99972
6.99946
6.99921
6.99895
6.99869
6.99843
6.99818
6.99792
6.99766
6.99740
6.99714
6.99689
6.99663
6.99637
6.99611
6.99586
6.99560
6.99534
6.99508
6.99482
6.99457
6.99431
6.99405
6.99379
6.99354
6.99328
6.99302
6.99276
6.99250
6.99225
6.99199
6.99173
6.99147
6.99122
6.99096
6.99070
6.99044
6.99018
6.98993
6.98967
6.98941
6.98915
6.98890
6.98864
6.98838
6.98812
6.98786
6.98761
6.98735
6.98709
6.98683
6.98658
6.98632
6.98606
6.98580
6.98554
6.98529
6.98503
6.98477
6.98451
6.98426
6.98400
6.98374
6.98348
6.98322
6.98297
6.98271
6.98245
6.98219
6.98194
6.98168
6.98142
6.98116
6.98090
6.98065
6.98039
6.98013
6.97987
6.97962
6.97936
6.97910
6.97884
6.97859
6.97833
6.97807
6.97781
6.97755
6.97730
6.97704
6.97678
6.97652
6.97627
6.97601
6.97575
6.97549
6.97523
6.97498
6.97472
6.97446
6.97420
6.97395
6.97369
6.97343
6.97317
6.97291
6.97266
6.97240
6.97214
6.97188
6.97163
6.97137
6.97111
6.97085
6.97059
6.97034
6.97008
6.96982
6.96956
6.96931
6.96905
6.96879
6.96853
6.96827
6.96802
6.96776
6.96750
6.96724
6.96699
6.96673
6.96647
6.96621
6.96595
6.96570
6.96544
6.96518
6.96492
6.96467
6.96441
6.96415
6.96389
6.96363
6.96338
6.96312
6.96286
6.96260
6.96235
6.96209
6.96183
6.96157
6.96132
6.96106
6.96080
6.96054
6.96028
6.96003
6.95977
6.95951
6.95925
6.95900
6.95874
6.95848
6.95822
6.95796
6.95771
6.95745
6.95719
6.95693
6.95668
6.95642
6.95616
6.95590
6.95564
6.95539
6.95513
6.95487
6.95461
6.95436
6.95410
6.95384
6.95358
6.95332
6.95307
6.95281
6.95255
6.95229
6.95204
6.95178
6.95152
6.95126
6.95100
6.95075
6.95049
6.95023
6.94997
6.94972
6.94946
6.94920
6.94894
6.94868
6.94843
6.94817
6.94791
6.94765
6.94740
6.94714
6.94688
6.94662
6.94637
6.94611
6.94585
6.94559
6.94533
6.94508
6.94482
6.94456
6.94430
6.94405
6.94379
6.94353
6.94327
6.94301
6.94276
6.94250
6.94224
6.94198
6.94173
6.94147
6.94121
6.94095
6.94069
6.94044
6.94018
6.93992
6.93966
6.93941
6.93915
6.93889
6.93863
6.93837
6.93812
6.93786
6.93760
6.93734
6.93709
6.93683
6.93657
6.93631
6.93606
6.93580
6.93554
6.93528
6.93502
6.93477
6.93451
6.93425
6.93399
6.93374
6.93348
6.93322
6.93296
6.93270
6.93245
6.93219
6.93193
6.93167
6.93142
6.93116
6.93090
6.93064
6.93038
6.93013
6.92987
6.92961
6.92935
6.92910
6.92884
6.92858
6.92832
6.92806
6.92781
6.92755
6.92729
6.92703
6.92678
6.92652
6.92626
6.92600
6.92574
6.92549
6.92523
6.92497
6.92471
6.92446
6.92420
6.92394
6.92368
6.92343
6.92317
6.92291
6.92265
6.92239
6.92214
6.92188
6.92162
6.92136
6.92111
6.92085
6.92059
6.92033
6.92007
6.91982
6.91956
6.91930
6.91904
6.91879
6.91853
6.91827
6.91801
6.91775
6.91750
6.91724
6.91698
6.91672
6.91647
6.91621
6.91595
6.91569
6.91544
6.91518
6.91492
6.91466
6.91440
6.91415
6.91389
6.91363
6.91337
6.91312
6.91286
6.91260
6.91234
6.91208
6.91183
6.91157
6.91131
6.91105
6.91080
6.91054
6.91028
6.91002
6.90976
6.90951
6.90925
6.90899
6.90873
6.90848
6.90822
6.90796
6.90770
6.90744
6.90719
6.90693
6.90667
6.90641
6.90616
6.90590
6.90564
6.90538
6.90513
6.90487
6.90461
6.90435
6.90409
6.90384
6.90358
6.90332
6.90306
6.90281
6.90255
6.90229
6.90203
6.90177
6.90152
6.90126
6.90100
6.90074
6.90049
6.90023
6.89997
6.89971
6.89945
6.89920
6.89894
6.89868
6.89842
6.89817
6.89791
6.89765
6.89739
6.89714
6.89688
6.89662
6.89636
6.89610
6.89585
6.89559
6.89533
6.89507
6.89482
6.89456
6.89430
6.89404
6.89378
6.89353
6.89327
6.89301
6.89275
6.89250
6.89224
6.89198
6.89172
6.89146
6.89121
6.89095
6.89069
6.89043
6.89018
6.88992
6.88966
6.88940
6.88915
6.88889
6.88863
6.88837
6.88811
6.88786
6.88760
6.88734
6.88708
6.88683
6.88657
6.88631
6.88605
6.88579
6.88554
6.88528
6.88502
6.88476
6.88451
6.88425
6.88399
6.88373
6.88347
6.88322
6.88296
6.88270
6.88244
6.88219
6.88193
6.88167
6.88141
6.88116
6.88090
6.88064
6.88038
6.88012
6.87987
6.87961
6.87935
6.87909
6.87884
6.87858
6.87832
6.87806
6.87780
6.87755
6.87729
6.87703
6.87677
6.87652
6.87626
6.87600
6.87574
6.87549
6.87523
6.87497
6.87471
6.87445
6.87420
6.87394
6.87368
6.87342
6.87317
6.87291
6.87265
6.87239
6.87213
6.87188
6.87162
6.87136
6.87110
6.87085
6.87059
6.87033
6.87007
6.86981
6.86956
6.86930
6.86904
6.86878
6.86853
6.86827
6.86801
6.86775
6.86750
6.86724
6.86698
6.86672
6.86646
6.86621
6.86595
6.86569
6.86543
6.86518
6.86492
6.86466
6.86440
6.86414
6.86389
6.86363
6.86337
6.86311
6.86286
6.86260
6.86234
6.86208
6.86183
6.86157
6.86131
6.86105
6.86079
6.86054
6.86028
6.86002
6.85976
6.85951
6.85925
6.85899
6.85873
6.85847
6.85822
6.85796
6.85770
6.85744
6.85719
6.85693
6.85667
6.85641
6.85615
6.85590
6.85564
6.85538
6.85512
6.85487
6.85461
6.85435
6.85409
6.85384
6.85358
6.85332
6.85306
6.85280
6.85255
6.85229
6.85203
6.85177
6.85152
6.85126
6.85100
6.85074
6.85048
6.85023
6.84997
6.84971
6.84945
6.84920
6.84894
6.84868
6.84842
6.84817
6.84791
6.84765
6.84739
6.84713
6.84688
6.84662
6.84636
6.84610
6.84585
6.84559
6.84533
6.84507
6.84481
6.84456
6.84430
6.84404
6.84378
6.84353
6.84327
6.84301
6.84275
6.84250
6.84224
6.84198
6.84172
6.84146
6.84121
6.84095
6.84069
6.84043
6.84018
6.83992
6.83966
6.83940
6.83914
6.83889
6.83863
6.83837
6.83811
6.83786
6.83760
6.83734
6.83708
6.83683
6.83657
6.83631
6.83605
6.83579
6.83554
6.83528
6.83502
6.83476
6.83451
6.83425
6.83399
6.83373
6.83347
6.83322
6.83296
6.83270
6.83244
6.83219
6.83193
6.83167
6.83141
6.83116
6.83090
6.83064
6.83038
6.83012
6.82987
6.82961
6.82935
6.82909
6.82884
6.82858
6.82832
6.82806
6.82780
6.82755
6.82729
6.82703
6.82677
6.82652
6.82626
6.82600
6.82574
6.82549
6.82523
6.82497
6.82471
6.82445
6.82420
6.82394
6.82368
6.82342
6.82317
6.82291
6.82265
6.82239
6.82213
6.82188
6.82162
6.82136
6.82110
6.82085
6.82059
6.82033
6.82007
6.81982
6.81956
6.81930
6.81904
6.81878
6.81853
6.81827
6.81801
6.81775
6.81750
6.81724
6.81698
6.81672
6.81647
6.81621
6.81595
6.81569
6.81543
6.81518
6.81492
6.81466
6.81440
6.81415
6.81389
6.81363
6.81337
6.81311
6.81286
6.81260
6.81234
6.81208
6.81183
6.81157
6.81131
6.81105
6.81080
6.81054
6.81028
6.81002
6.80976
6.80951
6.80925
6.80899
6.80873
6.80848
6.80822
6.80796
6.80770
6.80744
6.80719
6.80693
6.80667
6.80641
6.80616
6.80590
6.80564
6.80538
6.80513
6.80487
6.80461
6.80435
6.80409
6.80384
6.80358
6.80332
6.80306
6.80281
6.80255
6.80229
6.80203
6.80178
6.80152
6.80126
6.80100
6.80074
6.80049
6.80023
6.79997
6.79971
6.79946
6.79920
6.79894
6.79868
6.79842
6.79817
6.79791
6.79765
6.79739
6.79714
6.79688
6.79662
6.79636
6.79611
6.79585
6.79559
6.79533
6.79507
6.79482
6.79456
6.79430
6.79404
6.79379
6.79353
6.79327
6.79301
6.79275
6.79250
6.79224
6.79198
6.79172
6.79147
6.79121
6.79095
6.79069
6.79044
6.79018
6.78992
6.78966
6.78940
6.78915
6.78889
6.78863
6.78837
6.78812
6.78786
6.78760
6.78734
6.78709
6.78683
6.78657
6.78631
6.78605
6.78580
6.78554
6.78528
6.78502
6.78477
6.78451
6.78425
6.78399
6.78373
6.78348
6.78322
6.78296
6.78270
6.78245
6.78219
6.78193
6.78167
6.78142
6.78116
6.78090
6.78064
6.78038
6.78013
6.77987
6.77961
6.77935
6.77910
6.77884
6.77858
6.77832
6.77807
6.77781
6.77755
6.77729
6.77703
6.77678
6.77652
6.77626
6.77600
6.77575
6.77549
6.77523
6.77497
6.77471
6.77446
6.77420
6.77394
6.77368
6.77343
6.77317
6.77291
6.77265
6.77240
6.77214
6.77188
6.77162
6.77136
6.77111
6.77085
6.77059
6.77033
6.77008
6.76982
6.76956
6.76930
6.76905
6.76879
6.76853
6.76827
6.76801
6.76776
6.76750
6.76724
6.76698
6.76673
6.76647
6.76621
6.76595
6.76570
6.76544
6.76518
6.76492
6.76466
6.76441
6.76415
6.76389
6.76363
6.76338
6.76312
6.76286
6.76260
6.76234
6.76209
6.76183
6.76157
6.76131
6.76106
6.76080
6.76054
6.76028
6.76003
6.75977
6.75951
6.75925
6.75899
6.75874
6.75848
6.75822
6.75796
6.75771
6.75745
6.75719
6.75693
6.75668
6.75642
6.75616
6.75590
6.75564
6.75539
6.75513
6.75487
6.75461
6.75436
6.75410
6.75384
6.75358
6.75333
6.75307
6.75281
6.75255
6.75229
6.75204
6.75178
6.75152
6.75126
6.75101
6.75075
6.75049
6.75023
6.74998
6.74972
6.74946
6.74920
6.74894
6.74869
6.74843
6.74817
6.74791
6.74766
6.74740
6.74714
6.74688
6.74662
6.74637
6.74611
6.74585
6.74559
6.74534
6.74508
6.74482
6.74456
6.74431
6.74405
6.74379
6.74353
6.74327
6.74302
6.74276
6.74250
6.74224
6.74199
6.74173
6.74147
6.74121
6.74096
6.74070
6.74044
6.74018
6.73992
6.73967
6.73941
6.73915
6.73889
6.73864
6.73838
6.73812
6.73786
6.73761
6.73735
6.73709
6.73683
6.73657
6.73632
6.73606
6.73580
6.73554
6.73529
6.73503
6.73477
6.73451
6.73426
6.73400
6.73374
6.73348
6.73322
6.73297
6.73271
6.73245
6.73219
6.73194
6.73168
6.73142
6.73116
6.73091
6.73065
6.73039
6.73013
6.72987
6.72962
6.72936
6.72910
6.72884
6.72859
6.72833
6.72807
6.72781
6.72755
6.72730
6.72704
6.72678
6.72652
6.72627
6.72601
6.72575
6.72549
6.72524
6.72498
6.72472
6.72446
6.72420
6.72395
6.72369
6.72343
6.72317
6.72292
6.72266
6.72240
6.72214
6.72189
6.72163
6.72137
6.72111
6.72085
6.72060
6.72034
6.72008
6.71982
6.71957
6.71931
6.71905
6.71879
6.71854
6.71828
6.71802
6.71776
6.71750
6.71725
6.71699
6.71673
6.71647
6.71622
6.71596
6.71570
6.71544
6.71519
6.71493
6.71467
6.71441
6.71415
6.71390
6.71364
6.71338
6.71312
6.71287
6.71261
6.71235
6.71209
6.71184
6.71158
6.71132
6.71106
6.71080
6.71055
6.71029
6.71003
6.70977
6.70952
6.70926
6.70900
6.70874
6.70849
6.70823
6.70797
6.70771
6.70745
6.70720
6.70694
6.70668
6.70642
6.70617
6.70591
6.70565
6.70539
6.70514
6.70488
6.70462
6.70436
6.70410
6.70385
6.70359
6.70333
6.70307
6.70282
6.70256
6.70230
6.70204
6.70179
6.70153
6.70127
6.70101
6.70075
6.70050
6.70024
6.69998
6.69972
6.69947
6.69921
6.69895
6.69869
6.69844
6.69818
6.69792
6.69766
6.69740
6.69715
6.69689
6.69663
6.69637
6.69612
6.69586
6.69560
6.69534
6.69509
6.69483
6.69457
6.69431
6.69405
6.69380
6.69354
6.69328
6.69302
6.69277
6.69251
6.69225
6.69199
6.69174
6.69148
6.69122
6.69096
6.69070
6.69045
6.69019
6.68993
6.68967
6.68942
6.68916
6.68890
6.68864
6.68839
6.68813
6.68787
6.68761
6.68735
6.68710
6.68684
6.68658
6.68632
6.68607
6.68581
6.68555
6.68529
6.68504
6.68478
6.68452
6.68426
6.68400
6.68375
6.68349
6.68323
6.68297
6.68272
6.68246
6.68220
6.68194
6.68169
6.68143
6.68117
6.68091
6.68065
6.68040
6.68014
6.67988
6.67962
6.67937
6.67911
6.67885
6.67859
6.67834
6.67808
6.67782
6.67756
6.67730
6.67705
6.67679
6.67653
6.67627
6.67602
6.67576
6.67550
6.67524
6.67499
6.67473
6.67447
6.67421
6.67396
6.67370
6.67344
6.67318
6.67292
6.67267
6.67241
6.67215
6.67189
6.67164
6.67138
6.67112
6.67086
6.67061
6.67035
6.67009
6.66983
6.66957
6.66932
6.66906
6.66880
6.66854
6.66829
6.66803
6.66777
6.66751
6.66726
6.66700
6.66674
6.66648
6.66622
6.66597
6.66571
6.66545
6.66519
6.66494
6.66468
6.66442
6.66416
6.66391
6.66365
6.66339
6.66313
6.66287
6.66262
6.66236
6.66210
6.66184
6.66159
6.66133
6.66107
6.66081
6.66056
6.66030
6.66004
6.65978
6.65952
6.65927
6.65901
6.65875
6.65849
6.65824
6.65798
6.65772
6.65746
6.65721
6.65695
6.65669
6.65643
6.65617
6.65592
6.65566
6.65540
6.65514
6.65489
6.65463
6.65437
6.65411
6.65386
6.65360
6.65334
6.65308
6.65283
6.65257
6.65231
6.65205
6.65179
6.65154
6.65128
6.65102
6.65076
6.65051
6.65025
6.64999
6.64973
6.64948
6.64922
6.64896
6.64870
6.64844
6.64819
6.64793
6.64767
6.64741
6.64716
6.64690
6.64664
6.64638
6.64613
6.64587
6.64561
6.64535
6.64509
6.64484
6.64458
6.64432
6.64406
6.64381
6.64355
6.64329
6.64303
6.64278
6.64252
6.64226
6.64200
6.64174
6.64149
6.64123
6.64097
6.64071
6.64046
6.64020
6.63994
6.63968
6.63943
6.63917
6.63891
6.63865
6.63840
6.63814
6.63788
6.63762
6.63736
6.63711
6.63685
6.63659
6.63633
6.63608
6.63582
6.63556
6.63530
6.63505
6.63479
6.63453
6.63427
6.63401
6.63376
6.63350
6.63324
6.63298
6.63273
6.63247
6.63221
6.63195
6.63170
6.63144
6.63118
6.63092
6.63066
6.63041
6.63015
6.62989
6.62963
6.62938
6.62912
6.62886
6.62860
6.62835
6.62809
6.62783
6.62757
6.62732
6.62706
6.62680
6.62654
6.62628
6.62603
6.62577
6.62551
6.62525
6.62500
6.62474
6.62448
6.62422
6.62397
6.62371
6.62345
6.62319
6.62293
6.62268
6.62242
6.62216
6.62190
6.62165
6.62139
6.62113
6.62087
6.62062
6.62036
6.62010
6.61984
6.61958
6.61933
6.61907
6.61881
6.61855
6.61830
6.61804
6.61778
6.61752
6.61727
6.61701
6.61675
6.61649
6.61624
6.61598
6.61572
6.61546
6.61520
6.61495
6.61469
6.61443
6.61417
6.61392
6.61366
6.61340
6.61314
6.61289
6.61263
6.61237
6.61211
6.61185
6.61160
6.61134
6.61108
6.61082
6.61057
6.61031
6.61005
6.60979
6.60954
6.60928
6.60902
6.60876
6.60851
6.60825
6.60799
6.60773
6.60747
6.60722
6.60696
6.60670
6.60644
6.60619
6.60593
6.60567
6.60541
6.60516
6.60490
6.60464
6.60438
6.60412
6.60387
6.60361
6.60335
6.60309
6.60284
6.60258
6.60232
6.60206
6.60181
6.60155
6.60129
6.60103
6.60078
6.60052
6.60026
6.60000
6.59974
6.59949
6.59923
6.59897
6.59871
6.59846
6.59820
6.59794
6.59768
6.59743
6.59717
6.59691
6.59665
6.59639
6.59614
6.59588
6.59562
6.59536
6.59511
6.59485
6.59459
6.59433
6.59408
6.59382
6.59356
6.59330
6.59305
6.59279
6.59253
6.59227
6.59201
6.59176
6.59150
6.59124
6.59098
6.59073
6.59047
6.59021
6.58995
6.58970
6.58944
6.58918
6.58892
6.58866
6.58841
6.58815
6.58789
6.58763
6.58738
6.58712
6.58686
6.58660
6.58635
6.58609
6.58583
6.58557
6.58532
6.58506
6.58480
6.58454
6.58428
6.58403
6.58377
6.58351
6.58325
6.58300
6.58274
6.58248
6.58222
6.58197
6.58171
6.58145
6.58119
6.58093
6.58068
6.58042
6.58016
6.57990
6.57965
6.57939
6.57913
6.57887
6.57862
6.57836
6.57810
6.57784
6.57759
6.57733
6.57707
6.57681
6.57655
6.57630
6.57604
6.57578
6.57552
6.57527
6.57501
6.57475
6.57449
6.57424
6.57398
6.57372
6.57346
6.57321
6.57295
6.57269
6.57243
6.57217
6.57192
6.57166
6.57140
6.57114
6.57089
6.57063
6.57037
6.57011
6.56986
6.56960
6.56934
6.56908
6.56882
6.56857
6.56831
6.56805
6.56779
6.56754
6.56728
6.56702
6.56676
6.56651
6.56625
6.56599
6.56573
6.56548
6.56522
6.56496
6.56470
6.56444
6.56419
6.56393
6.56367
6.56341
6.56316
6.56290
6.56264
6.56238
6.56213
6.56187
6.56161
6.56135
6.56110
6.56084
6.56058
6.56032
6.56006
6.55981
6.55955
6.55929
6.55903
6.55878
6.55852
6.55826
6.55800
6.55775
6.55749
6.55723
6.55697
6.55672
6.55646
6.55620
6.55594
6.55568
6.55543
6.55517
6.55491
6.55465
6.55440
6.55414
6.55388
6.55362
6.55337
6.55311
6.55285
6.55259
6.55233
6.55208
6.55182
6.55156
6.55130
6.55105
6.55079
6.55053
6.55027
6.55002
6.54976
6.54950
6.54924
6.54899
6.54873
6.54847
6.54821
6.54795
6.54770
6.54744
6.54718
6.54692
6.54667
6.54641
6.54615
6.54589
6.54564
6.54538
6.54512
6.54486
6.54461
6.54435
6.54409
6.54383
6.54357
6.54332
6.54306
6.54280
6.54254
6.54229
6.54203
6.54177
6.54151
6.54126
6.54100
6.54074
6.54048
6.54023
6.53997
6.53971
6.53945
6.53919
6.53894
6.53868
6.53842
6.53816
6.53791
6.53765
6.53739
6.53713
6.53688
6.53662
6.53636
6.53610
6.53585
6.53559
6.53533
6.53507
6.53481
6.53456
6.53430
6.53404
6.53378
6.53353
6.53327
6.53301
6.53275
6.53250
6.53224
6.53198
6.53172
6.53147
6.53121
6.53095
6.53069
6.53043
6.53018
6.52992
6.52966
6.52940
6.52915
6.52889
6.52863
6.52837
6.52812
6.52786
6.52760
6.52734
6.52709
6.52683
6.52657
6.52631
6.52605
6.52580
6.52554
6.52528
6.52502
6.52477
6.52451
6.52425
6.52399
6.52374
6.52348
6.52322
6.52296
6.52271
6.52245
6.52219
6.52193
6.52167
6.52142
6.52116
6.52090
6.52064
6.52039
6.52013
6.51987
6.51961
6.51936
6.51910
6.51884
6.51858
6.51833
6.51807
6.51781
6.51755
6.51729
6.51704
6.51678
6.51652
6.51626
6.51601
6.51575
6.51549
6.51523
6.51498
6.51472
6.51446
6.51420
6.51395
6.51369
6.51343
6.51317
6.51291
6.51266
6.51240
6.51214
6.51188
6.51163
6.51137
6.51111
6.51085
6.51060
6.51034
6.51008
6.50982
6.50957
6.50931
6.50905
6.50879
6.50853
6.50828
6.50802
6.50776
6.50750
6.50725
6.50699
6.50673
6.50647
6.50622
6.50596
6.50570
6.50544
6.50519
6.50493
6.50467
6.50441
6.50415
6.50390
6.50364
6.50338
6.50312
6.50287
6.50261
6.50235
6.50209
6.50184
6.50158
6.50132
6.50106
6.50081
6.50055
6.50029
6.50003
6.49977
6.49952
6.49926
6.49900
6.49874
6.49849
6.49823
6.49797
6.49771
6.49746
6.49720
6.49694
6.49668
6.49643
6.49617
6.49591
6.49565
6.49540
6.49514
6.49488
6.49462
6.49436
6.49411
6.49385
6.49359
6.49333
6.49308
6.49282
6.49256
6.49230
6.49205
6.49179
6.49153
6.49127
6.49102
6.49076
6.49050
6.49024
6.48998
6.48973
6.48947
6.48921
6.48895
6.48870
6.48844
6.48818
6.48792
6.48767
6.48741
6.48715
6.48689
6.48664
6.48638
6.48612
6.48586
6.48560
6.48535
6.48509
6.48483
6.48457
6.48432
6.48406
6.48380
6.48354
6.48329
6.48303
6.48277
6.48251
6.48226
6.48200
6.48174
6.48148
6.48122
6.48097
6.48071
6.48045
6.48019
6.47994
6.47968
6.47942
6.47916
6.47891
6.47865
6.47839
6.47813
6.47788
6.47762
6.47736
6.47710
6.47685
6.47659
6.47633
6.47607
6.47581
6.47556
6.47530
6.47504
6.47478
6.47453
6.47427
6.47401
6.47375
6.47350
6.47324
6.47298
6.47272
6.47247
6.47221
6.47195
6.47169
6.47143
6.47118
6.47092
6.47066
6.47040
6.47015
6.46989
6.46963
6.46937
6.46912
6.46886
6.46860
6.46834
6.46809
6.46783
6.46757
6.46731
6.46706
6.46680
6.46654
6.46628
6.46602
6.46577
6.46551
6.46525
6.46499
6.46474
6.46448
6.46422
6.46396
6.46371
6.46345
6.46319
6.46293
6.46268
6.46242
6.46216
6.46190
6.46164
6.46139
6.46113
6.46087
6.46061
6.46036
6.46010
6.45984
6.45958
6.45933
6.45907
6.45881
6.45855
6.45830
6.45804
6.45778
6.45752
6.45727
6.45701
6.45675
6.45649
6.45623
6.45598
6.45572
6.45546
6.45520
6.45495
6.45469
6.45443
6.45417
6.45392
6.45366
6.45340
6.45314
6.45289
6.45263
6.45237
6.45211
6.45185
6.45160
6.45134
6.45108
6.45082
6.45057
6.45031
6.45005
6.44979
6.44954
6.44928
6.44902
6.44876
6.44851
6.44825
6.44799
6.44773
6.44748
6.44722
6.44696
6.44670
6.44644
6.44619
6.44593
6.44567
6.44541
6.44516
6.44490
6.44464
6.44438
6.44413
6.44387
6.44361
6.44335
6.44310
6.44284
6.44258
6.44232
6.44207
6.44181
6.44155
6.44129
6.44103
6.44078
6.44052
6.44026
6.44000
6.43975
6.43949
6.43923
6.43897
6.43872
6.43846
6.43820
6.43794
6.43769
6.43743
6.43717
6.43691
6.43665
6.43640
6.43614
6.43588
6.43562
6.43537
6.43511
6.43485
6.43459
6.43434
6.43408
6.43382
6.43356
6.43331
6.43305
6.43279
6.43253
6.43228
6.43202
6.43176
6.43150
6.43124
6.43099
6.43073
6.43047
6.43021
6.42996
6.42970
6.42944
6.42918
6.42893
6.42867
6.42841
6.42815
6.42790
6.42764
6.42738
6.42712
6.42687
6.42661
6.42635
6.42609
6.42583
6.42558
6.42532
6.42506
6.42480
6.42455
6.42429
6.42403
6.42377
6.42352
6.42326
6.42300
6.42274
6.42249
6.42223
6.42197
6.42171
6.42146
6.42120
6.42094
6.42068
6.42042
6.42017
6.41991
6.41965
6.41939
6.41914
6.41888
6.41862
6.41836
6.41811
6.41785
6.41759
6.41733
6.41708
6.41682
6.41656
6.41630
6.41605
6.41579
6.41553
6.41527
6.41501
6.41476
6.41450
6.41424
6.41398
6.41373
6.41347
6.41321
6.41295
6.41270
6.41244
6.41218
6.41192
6.41167
6.41141
6.41115
6.41089
6.41064
6.41038
6.41012
6.40986
6.40960
6.40935
6.40909
6.40883
6.40857
6.40832
6.40806
6.40780
6.40754
6.40729
6.40703
6.40677
6.40651
6.40626
6.40600
6.40574
6.40548
6.40523
6.40497
6.40471
6.40445
6.40419
6.40394
6.40368
6.40342
6.40316
6.40291
6.40265
6.40239
6.40213
6.40188
6.40162
6.40136
6.40110
6.40085
6.40059
6.40033
6.40007
6.39982
6.39956
6.39930
6.39904
6.39878
6.39853
6.39827
6.39801
6.39775
6.39750
6.39724
6.39698
6.39672
6.39647
6.39621
6.39595
6.39569
6.39544
6.39518
6.39492
6.39466
6.39441
6.39415
6.39389
6.39363
6.39337
6.39312
6.39286
6.39260
6.39234
6.39209
6.39183
6.39157
6.39131
6.39106
6.39080
6.39054
6.39028
6.39003
6.38977
6.38951
6.38925
6.38900
6.38874
6.38848
6.38822
6.38797
6.38771
6.38745
6.38719
6.38693
6.38668
6.38642
6.38616
6.38590
6.38565
6.38539
6.38513
6.38487
6.38462
6.38436
6.38410
6.38384
6.38359
6.38333
6.38307
6.38281
6.38256
6.38230
6.38204
6.38178
6.38152
6.38127
6.38101
6.38075
6.38049
6.38024
6.37998
6.37972
6.37946
6.37921
6.37895
6.37869
6.37843
6.37818
6.37792
6.37766
6.37740
6.37715
6.37689
6.37663
6.37637
6.37612
6.37586
6.37560
6.37534
6.37508
6.37483
6.37457
6.37431
6.37405
6.37380
6.37354
6.37328
6.37302
6.37277
6.37251
6.37225
6.37199
6.37174
6.37148
6.37122
6.37096
6.37071
6.37045
6.37019
6.36993
6.36967
6.36942
6.36916
6.36890
6.36864
6.36839
6.36813
6.36787
6.36761
6.36736
6.36710
6.36684
6.36658
6.36633
6.36607
6.36581
6.36555
6.36530
6.36504
6.36478
6.36452
6.36427
6.36401
6.36375
6.36349
6.36323
6.36298
6.36272
6.36246
6.36220
6.36195
6.36169
6.36143
6.36117
6.36092
6.36066
6.36040
6.36014
6.35989
6.35963
6.35937
6.35911
6.35886
6.35860
6.35834
6.35808
6.35782
6.35757
6.35731
6.35705
6.35679
6.35654
6.35628
6.35602
6.35576
6.35551
6.35525
6.35499
6.35473
6.35448
6.35422
6.35396
6.35370
6.35345
6.35319
6.35293
6.35267
6.35242
6.35216
6.35190
6.35164
6.35138
6.35113
6.35087
6.35061
6.35035
6.35010
6.34984
6.34958
6.34932
6.34907
6.34881
6.34855
6.34829
6.34804
6.34778
6.34752
6.34726
6.34701
6.34675
6.34649
6.34623
6.34598
6.34572
6.34546
6.34520
6.34494
6.34469
6.34443
6.34417
6.34391
6.34366
6.34340
6.34314
6.34288
6.34263
6.34237
6.34211
6.34185
6.34160
6.34134
6.34108
6.34082
6.34057
6.34031
6.34005
6.33979
6.33954
6.33928
6.33902
6.33876
6.33850
6.33825
6.33799
6.33773
6.33747
6.33722
6.33696
6.33670
6.33644
6.33619
6.33593
6.33567
6.33541
6.33516
6.33490
6.33464
6.33438
6.33413
6.33387
6.33361
6.33335
6.33310
6.33284
6.33258
6.33232
6.33206
6.33181
6.33155
6.33129
6.33103
6.33078
6.33052
6.33026
6.33000
6.32975
6.32949
6.32923
6.32897
6.32872
6.32846
6.32820
6.32794
6.32769
6.32743
6.32717
6.32691
6.32666
6.32640
6.32614
6.32588
6.32562
6.32537
6.32511
6.32485
6.32459
6.32434
6.32408
6.32382
6.32356
6.32331
6.32305
6.32279
6.32253
6.32228
6.32202
6.32176
6.32150
6.32125
6.32099
6.32073
6.32047
6.32022
6.31996
6.31970
6.31944
6.31919
6.31893
6.31867
6.31841
6.31815
6.31790
6.31764
6.31738
6.31712
6.31687
6.31661
6.31635
6.31609
6.31584
6.31558
6.31532
6.31506
6.31481
6.31455
6.31429
6.31403
6.31378
6.31352
6.31326
6.31300
6.31275
6.31249
6.31223
6.31197
6.31171
6.31146
6.31120
6.31094
6.31068
6.31043
6.31017
6.30991
6.30965
6.30940
6.30914
6.30888
6.30862
6.30837
6.30811
6.30785
6.30759
6.30734
6.30708
6.30682
6.30656
6.30631
6.30605
6.30579
6.30553
6.30528
6.30502
6.30476
6.30450
6.30424
6.30399
6.30373
6.30347
6.30321
6.30296
6.30270
6.30244
6.30218
6.30193
6.30167
6.30141
6.30115
6.30090
6.30064
6.30038
6.30012
6.29987
6.29961
6.29935
6.29909
6.29884
6.29858
6.29832
6.29806
6.29780
6.29755
6.29729
6.29703
6.29677
6.29652
6.29626
6.29600
6.29574
6.29549
6.29523
6.29497
6.29471
6.29446
6.29420
6.29394
6.29368
6.29343
6.29317
6.29291
6.29265
6.29240
6.29214
6.29188
6.29162
6.29137
6.29111
6.29085
6.29059
6.29033
6.29008
6.28982
6.28956
6.28930
6.28905
6.28879
6.28853
6.28827
6.28802
6.28776
6.28750
6.28724
6.28699
6.28673
6.28647
6.28621
6.28596
6.28570
6.28544
6.28518
6.28493
6.28467
6.28441
6.28415
6.28390
6.28364
6.28338
6.28312
6.28286
6.28261
6.28235
6.28209
6.28183
6.28158
6.28132
6.28106
6.28080
6.28055
6.28029
6.28003
6.27977
6.27952
6.27926
6.27900
6.27874
6.27849
6.27823
6.27797
6.27771
6.27746
6.27720
6.27694
6.27668
6.27643
6.27617
6.27591
6.27565
6.27539
6.27514
6.27488
6.27462
6.27436
6.27411
6.27385
6.27359
6.27333
6.27308
6.27282
6.27256
6.27230
6.27205
6.27179
6.27153
6.27127
6.27102
6.27076
6.27050
6.27024
6.26999
6.26973
6.26947
6.26921
6.26896
6.26870
6.26844
6.26818
6.26793
6.26767
6.26741
6.26715
6.26689
6.26664
6.26638
6.26612
6.26586
6.26561
6.26535
6.26509
6.26483
6.26458
6.26432
6.26406
6.26380
6.26355
6.26329
6.26303
6.26277
6.26252
6.26226
6.26200
6.26174
6.26149
6.26123
6.26097
6.26071
6.26046
6.26020
6.25994
6.25968
6.25942
6.25917
6.25891
6.25865
6.25839
6.25814
6.25788
6.25762
6.25736
6.25711
6.25685
6.25659
6.25633
6.25608
6.25582
6.25556
6.25530
6.25505
6.25479
6.25453
6.25427
6.25402
6.25376
6.25350
6.25324
6.25299
6.25273
6.25247
6.25221
6.25196
6.25170
6.25144
6.25118
6.25092
6.25067
6.25041
6.25015
6.24989
6.24964
6.24938
6.24912
6.24886
6.24861
6.24835
6.24809
6.24783
6.24758
6.24732
6.24706
6.24680
6.24655
6.24629
6.24603
6.24577
6.24552
6.24526
6.24500
6.24474
6.24449
6.24423
6.24397
6.24371
6.24346
6.24320
6.24294
6.24268
6.24242
6.24217
6.24191
6.24165
6.24139
6.24114
6.24088
6.24062
6.24036
6.24011
6.23985
6.23959
6.23933
6.23908
6.23882
6.23856
6.23830
6.23805
6.23779
6.23753
6.23727
6.23702
6.23676
6.23650
6.23624
6.23599
6.23573
6.23547
6.23521
6.23496
6.23470
6.23444
6.23418
6.23392
6.23367
6.23341
6.23315
6.23289
6.23264
6.23238
6.23212
6.23186
6.23161
6.23135
6.23109
6.23083
6.23058
6.23032
6.23006
6.22980
6.22955
6.22929
6.22903
6.22877
6.22852
6.22826
6.22800
6.22774
6.22749
6.22723
6.22697
6.22671
6.22646
6.22620
6.22594
6.22568
6.22543
6.22517
6.22491
6.22465
6.22439
6.22414
6.22388
6.22362
6.22336
6.22311
6.22285
6.22259
6.22233
6.22208
6.22182
6.22156
6.22130
6.22105
6.22079
6.22053
6.22027
6.22002
6.21976
6.21950
6.21924
6.21899
6.21873
6.21847
6.21821
6.21796
6.21770
6.21744
6.21718
6.21693
6.21667
6.21641
6.21615
6.21589
6.21564
6.21538
6.21512
6.21486
6.21461
6.21435
6.21409
6.21383
6.21358
6.21332
6.21306
6.21280
6.21255
6.21229
6.21203
6.21177
6.21152
6.21126
6.21100
6.21074
6.21049
6.21023
6.20997
6.20971
6.20946
6.20920
6.20894
6.20868
6.20843
6.20817
6.20791
6.20765
6.20740
6.20714
6.20688
6.20662
6.20637
6.20611
6.20585
6.20559
6.20533
6.20508
6.20482
6.20456
6.20430
6.20405
6.20379
6.20353
6.20327
6.20302
6.20276
6.20250
6.20224
6.20199
6.20173
6.20147
6.20121
6.20096
6.20070
6.20044
6.20018
6.19993
6.19967
6.19941
6.19915
6.19890
6.19864
6.19838
6.19812
6.19787
6.19761
6.19735
6.19709
6.19684
6.19658
6.19632
6.19606
6.19580
6.19555
6.19529
6.19503
6.19477
6.19452
6.19426
6.19400
6.19374
6.19349
6.19323
6.19297
6.19271
6.19246
6.19220
6.19194
6.19168
6.19143
6.19117
6.19091
6.19065
6.19040
6.19014
6.18988
6.18962
6.18937
6.18911
6.18885
6.18859
6.18834
6.18808
6.18782
6.18756
6.18731
6.18705
6.18679
6.18653
6.18628
6.18602
6.18576
6.18550
6.18524
6.18499
6.18473
6.18447
6.18421
6.18396
6.18370
6.18344
6.18318
6.18293
6.18267
6.18241
6.18215
6.18190
6.18164
6.18138
6.18112
6.18087
6.18061
6.18035
6.18009
6.17984
6.17958
6.17932
6.17906
6.17881
6.17855
6.17829
6.17803
6.17778
6.17752
6.17726
6.17700
6.17675
6.17649
6.17623
6.17597
6.17572
6.17546
6.17520
6.17494
6.17468
6.17443
6.17417
6.17391
6.17365
6.17340
6.17314
6.17288
6.17262
6.17237
6.17211
6.17185
6.17159
6.17134
6.17108
6.17082
6.17056
6.17031
6.17005
6.16979
6.16953
6.16928
6.16902
6.16876
6.16850
6.16825
6.16799
6.16773
6.16747
6.16722
6.16696
6.16670
6.16644
6.16619
6.16593
6.16567
6.16541
6.16516
6.16490
6.16464
6.16438
6.16413
6.16387
6.16361
6.16335
6.16309
6.16284
6.16258
6.16232
6.16206
6.16181
6.16155
6.16129
6.16103
6.16078
6.16052
6.16026
6.16000
6.15975
6.15949
6.15923
6.15897
6.15872
6.15846
6.15820
6.15794
6.15769
6.15743
6.15717
6.15691
6.15666
6.15640
6.15614
6.15588
6.15563
6.15537
6.15511
6.15485
6.15460
6.15434
6.15408
6.15382
6.15357
6.15331
6.15305
6.15279
6.15254
6.15228
6.15202
6.15176
6.15151
6.15125
6.15099
6.15073
6.15047
6.15022
6.14996
6.14970
6.14944
6.14919
6.14893
6.14867
6.14841
6.14816
6.14790
6.14764
6.14738
6.14713
6.14687
6.14661
6.14635
6.14610
6.14584
6.14558
6.14532
6.14507
6.14481
6.14455
6.14429
6.14404
6.14378
6.14352
6.14326
6.14301
6.14275
6.14249
6.14223
6.14198
6.14172
6.14146
6.14120
6.14095
6.14069
6.14043
6.14017
6.13992
6.13966
6.13940
6.13914
6.13889
6.13863
6.13837
6.13811
6.13785
6.13760
6.13734
6.13708
6.13682
6.13657
6.13631
6.13605
6.13579
6.13554
6.13528
6.13502
6.13476
6.13451
6.13425
6.13399
6.13373
6.13348
6.13322
6.13296
6.13270
6.13245
6.13219
6.13193
6.13167
6.13142
6.13116
6.13090
6.13064
6.13039
6.13013
6.12987
6.12961
6.12936
6.12910
6.12884
6.12858
6.12833
6.12807
6.12781
6.12755
6.12730
6.12704
6.12678
6.12652
6.12627
6.12601
6.12575
6.12549
6.12524
6.12498
6.12472
6.12446
6.12420
6.12395
6.12369
6.12343
6.12317
6.12292
6.12266
6.12240
6.12214
6.12189
6.12163
6.12137
6.12111
6.12086
6.12060
6.12034
6.12008
6.11983
6.11957
6.11931
6.11905
6.11880
6.11854
6.11828
6.11802
6.11777
6.11751
6.11725
6.11699
6.11674
6.11648
6.11622
6.11596
6.11571
6.11545
6.11519
6.11493
6.11468
6.11442
6.11416
6.11390
6.11365
6.11339
6.11313
6.11287
6.11262
6.11236
6.11210
6.11184
6.11159
6.11133
6.11107
6.11081
6.11056
6.11030
6.11004
6.10978
6.10953
6.10927
6.10901
6.10875
6.10849
6.10824
6.10798
6.10772
6.10746
6.10721
6.10695
6.10669
6.10643
6.10618
6.10592
6.10566
6.10540
6.10515
6.10489
6.10463
6.10437
6.10412
6.10386
6.10360
6.10334
6.10309
6.10283
6.10257
6.10231
6.10206
6.10180
6.10154
6.10128
6.10103
6.10077
6.10051
6.10025
6.10000
6.09974
6.09948
6.09922
6.09897
6.09871
6.09845
6.09819
6.09794
6.09768
6.09742
6.09716
6.09691
6.09665
6.09639
6.09613
6.09588
6.09562
6.09536
6.09510
6.09485
6.09459
6.09433
6.09407
6.09382
6.09356
6.09330
6.09304
6.09278
6.09253
6.09227
6.09201
6.09175
6.09150
6.09124
6.09098
6.09072
6.09047
6.09021
6.08995
6.08969
6.08944
6.08918
6.08892
6.08866
6.08841
6.08815
6.08789
6.08763
6.08738
6.08712
6.08686
6.08660
6.08635
6.08609
6.08583
6.08557
6.08532
6.08506
6.08480
6.08454
6.08429
6.08403
6.08377
6.08351
6.08326
6.08300
6.08274
6.08248
6.08223
6.08197
6.08171
6.08145
6.08120
6.08094
6.08068
6.08042
6.08017
6.07991
6.07965
6.07939
6.07914
6.07888
6.07862
6.07836
6.07811
6.07785
6.07759
6.07733
6.07708
6.07682
6.07656
6.07630
6.07605
6.07579
6.07553
6.07527
6.07502
6.07476
6.07450
6.07424
6.07399
6.07373
6.07347
6.07321
6.07295
6.07270
6.07244
6.07218
6.07192
6.07167
6.07141
6.07115
6.07089
6.07064
6.07038
6.07012
6.06986
6.06961
6.06935
6.06909
6.06883
6.06858
6.06832
6.06806
6.06780
6.06755
6.06729
6.06703
6.06677
6.06652
6.06626
6.06600
6.06574
6.06549
6.06523
6.06497
6.06471
6.06446
6.06420
6.06394
6.06368
6.06343
6.06317
6.06291
6.06265
6.06240
6.06214
6.06188
6.06162
6.06137
6.06111
6.06085
6.06059
6.06034
6.06008
6.05982
6.05956
6.05931
6.05905
6.05879
6.05853
6.05828
6.05802
6.05776
6.05750
6.05725
6.05699
6.05673
6.05647
6.05622
6.05596
6.05570
6.05544
6.05519
6.05493
6.05467
6.05441
6.05416
6.05390
6.05364
6.05338
6.05313
6.05287
6.05261
6.05235
6.05210
6.05184
6.05158
6.05132
6.05106
6.05081
6.05055
6.05029
6.05003
6.04978
6.04952
6.04926
6.04900
6.04875
6.04849
6.04823
6.04797
6.04772
6.04746
6.04720
6.04694
6.04669
6.04643
6.04617
6.04591
6.04566
6.04540
6.04514
6.04488
6.04463
6.04437
6.04411
6.04385
6.04360
6.04334
6.04308
6.04282
6.04257
6.04231
6.04205
6.04179
6.04154
6.04128
6.04102
6.04076
6.04051
6.04025
6.03999
6.03973
6.03948
6.03922
6.03896
6.03870
6.03845
6.03819
6.03793
6.03767
6.03742
6.03716
6.03690
6.03664
6.03639
6.03613
6.03587
6.03561
6.03536
6.03510
6.03484
6.03458
6.03433
6.03407
6.03381
6.03355
6.03330
6.03304
6.03278
6.03252
6.03227
6.03201
6.03175
6.03149
6.03124
6.03098
6.03072
6.03046
6.03021
6.02995
6.02969
6.02943
6.02918
6.02892
6.02866
6.02840
6.02815
6.02789
6.02763
6.02737
6.02712
6.02686
6.02660
6.02634
6.02609
6.02583
6.02557
6.02531
6.02506
6.02480
6.02454
6.02428
6.02403
6.02377
6.02351
6.02325
6.02300
6.02274
6.02248
6.02222
6.02196
6.02171
6.02145
6.02119
6.02093
6.02068
6.02042
6.02016
6.01990
6.01965
6.01939
6.01913
6.01887
6.01862
6.01836
6.01810
6.01784
6.01759
6.01733
6.01707
6.01681
6.01656
6.01630
6.01604
6.01578
6.01553
6.01527
6.01501
6.01475
6.01450
6.01424
6.01398
6.01372
6.01347
6.01321
6.01295
6.01269
6.01244
6.01218
6.01192
6.01166
6.01141
6.01115
6.01089
6.01063
6.01038
6.01012
6.00986
6.00960
6.00935
6.00909
6.00883
6.00857
6.00832
6.00806
6.00780
6.00754
6.00729
6.00703
6.00677
6.00651
6.00626
6.00600
6.00574
6.00548
6.00523
6.00497
6.00471
6.00445
6.00420
6.00394
6.00368
6.00342
6.00317
6.00291
6.00265
6.00239
6.00214
6.00188
6.00162
6.00136
6.00111
6.00085
6.00059
6.00033
6.00008
5.99982
5.99956
5.99930
5.99905
5.99879
5.99853
5.99827
5.99802
5.99776
5.99750
5.99724
5.99699
5.99673
5.99647
5.99621
5.99596
5.99570
5.99544
5.99518
5.99493
5.99467
5.99441
5.99415
5.99390
5.99364
5.99338
5.99312
5.99287
5.99261
5.99235
5.99209
5.99184
5.99158
5.99132
5.99106
5.99081
5.99055
5.99029
5.99003
5.98978
5.98952
5.98926
5.98900
5.98875
5.98849
5.98823
5.98797
5.98772
5.98746
5.98720
5.98694
5.98669
5.98643
5.98617
5.98591
5.98566
5.98540
5.98514
5.98488
5.98463
5.98437
5.98411
5.98385
5.98360
5.98334
5.98308
5.98282
5.98257
5.98231
5.98205
5.98179
5.98154
5.98128
5.98102
5.98076
5.98051
5.98025
5.97999
5.97973
5.97948
5.97922
5.97896
5.97870
5.97845
5.97819
5.97793
5.97767
5.97742
5.97716
5.97690
5.97664
5.97639
5.97613
5.97587
5.97561
5.97536
5.97510
5.97484
5.97458
5.97433
5.97407
5.97381
5.97355
5.97330
5.97304
5.97278
5.97252
5.97227
5.97201
5.97175
5.97149
5.97124
5.97098
5.97072
5.97046
5.97021
5.96995
5.96969
5.96943
5.96918
5.96892
5.96866
5.96840
5.96815
5.96789
5.96763
5.96737
5.96712
5.96686
5.96660
5.96634
5.96608
5.96583
5.96557
5.96531
5.96505
5.96480
5.96454
5.96428
5.96402
5.96377
5.96351
5.96325
5.96299
5.96274
5.96248
5.96222
5.96196
5.96171
5.96145
5.96119
5.96093
5.96068
5.96042
5.96016
5.95990
5.95965
5.95939
5.95913
5.95887
5.95862
5.95836
5.95810
5.95784
5.95759
5.95733
5.95707
5.95681
5.95656
5.95630
5.95604
5.95578
5.95553
5.95527
5.95501
5.95475
5.95450
5.95424
5.95398
5.95372
5.95347
5.95321
5.95295
5.95269
5.95244
5.95218
5.95192
5.95166
5.95141
5.95115
5.95089
5.95063
5.95038
5.95012
5.94986
5.94960
5.94935
5.94909
5.94883
5.94857
5.94832
5.94806
5.94780
5.94754
5.94729
5.94703
5.94677
5.94651
5.94626
5.94600
5.94574
5.94548
5.94523
5.94497
5.94471
5.94445
5.94420
5.94394
5.94368
5.94342
5.94317
5.94291
5.94265
5.94239
5.94214
5.94188
5.94162
5.94136
5.94111
5.94085
5.94059
5.94033
5.94008
5.93982
5.93956
5.93930
5.93905
5.93879
5.93853
5.93827
5.93802
5.93776
5.93750
5.93724
5.93699
5.93673
5.93647
5.93621
5.93596
5.93570
5.93544
5.93518
5.93493
5.93467
5.93441
5.93415
5.93390
5.93364
5.93338
5.93312
5.93287
5.93261
5.93235
5.93210
5.93184
5.93158
5.93132
5.93107
5.93081
5.93055
5.93029
5.93004
5.92978
5.92952
5.92926
5.92901
5.92875
5.92849
5.92823
5.92798
5.92772
5.92746
5.92720
5.92695
5.92669
5.92643
5.92617
5.92592
5.92566
5.92540
5.92514
5.92489
5.92463
5.92437
5.92411
5.92386
5.92360
5.92334
5.92308
5.92283
5.92257
5.92231
5.92205
5.92180
5.92154
5.92128
5.92102
5.92077
5.92051
5.92025
5.91999
5.91974
5.91948
5.91922
5.91896
5.91871
5.91845
5.91819
5.91793
5.91768
5.91742
5.91716
5.91690
5.91665
5.91639
5.91613
5.91587
5.91562
5.91536
5.91510
5.91484
5.91459
5.91433
5.91407
5.91381
5.91356
5.91330
5.91304
5.91278
5.91253
5.91227
5.91201
5.91175
5.91150
5.91124
5.91098
5.91072
5.91047
5.91021
5.90995
5.90969
5.90944
5.90918
5.90892
5.90866
5.90841
5.90815
5.90789
5.90763
5.90738
5.90712
5.90686
5.90660
5.90635
5.90609
5.90583
5.90557
5.90532
5.90506
5.90480
5.90454
5.90429
5.90403
5.90377
5.90351
5.90326
5.90300
5.90274
5.90248
5.90223
5.90197
5.90171
5.90145
5.90120
5.90094
5.90068
5.90042
5.90017
5.89991
5.89965
5.89939
5.89914
5.89888
5.89862
5.89836
5.89811
5.89785
5.89759
5.89733
5.89708
5.89682
5.89656
5.89630
5.89605
5.89579
5.89553
5.89527
5.89502
5.89476
5.89450
5.89424
5.89399
5.89373
5.89347
5.89321
5.89296
5.89270
5.89244
5.89218
5.89193
5.89167
5.89141
5.89115
5.89090
5.89064
5.89038
5.89012
5.88987
5.88961
5.88935
5.88909
5.88884
5.88858
5.88832
5.88806
5.88781
5.88755
5.88729
5.88703
5.88678
5.88652
5.88626
5.88600
5.88575
5.88549
5.88523
5.88497
5.88472
5.88446
5.88420
5.88394
5.88369
5.88343
5.88317
5.88291
5.88266
5.88240
5.88214
5.88188
5.88163
5.88137
5.88111
5.88085
5.88060
5.88034
5.88008
5.87982
5.87957
5.87931
5.87905
5.87879
5.87854
5.87828
5.87802
5.87776
5.87751
5.87725
5.87699
5.87673
5.87648
5.87622
5.87596
5.87571
5.87545
5.87519
5.87493
5.87468
5.87442
5.87416
5.87390
5.87365
5.87339
5.87313
5.87287
5.87262
5.87236
5.87210
5.87184
5.87159
5.87133
5.87107
5.87081
5.87056
5.87030
5.87004
5.86978
5.86953
5.86927
5.86901
5.86875
5.86850
5.86824
5.86798
5.86772
5.86747
5.86721
5.86695
5.86669
5.86644
5.86618
5.86592
5.86566
5.86541
5.86515
5.86489
5.86463
5.86438
5.86412
5.86386
5.86360
5.86335
5.86309
5.86283
5.86257
5.86232
5.86206
5.86180
5.86154
5.86129
5.86103
5.86077
5.86051
5.86026
5.86000
5.85974
5.85948
5.85923
5.85897
5.85871
5.85845
5.85820
5.85794
5.85768
5.85742
5.85717
5.85691
5.85665
5.85639
5.85614
5.85588
5.85562
5.85536
5.85511
5.85485
5.85459
5.85433
5.85408
5.85382
5.85356
5.85330
5.85305
5.85279
5.85253
5.85227
5.85202
5.85176
5.85150
5.85124
5.85099
5.85073
5.85047
5.85021
5.84996
5.84970
5.84944
5.84918
5.84893
5.84867
5.84841
5.84815
5.84790
5.84764
5.84738
5.84713
5.84687
5.84661
5.84635
5.84610
5.84584
5.84558
5.84532
5.84507
5.84481
5.84455
5.84429
5.84404
5.84378
5.84352
5.84326
5.84301
5.84275
5.84249
5.84223
5.84198
5.84172
5.84146
5.84120
5.84095
5.84069
5.84043
5.84017
5.83992
5.83966
5.83940
5.83914
5.83889
5.83863
5.83837
5.83811
5.83786
5.83760
5.83734
5.83708
5.83683
5.83657
5.83631
5.83605
5.83580
5.83554
5.83528
5.83502
5.83477
5.83451
5.83425
5.83399
5.83374
5.83348
5.83322
5.83296
5.83271
5.83245
5.83219
5.83193
5.83168
5.83142
5.83116
5.83090
5.83065
5.83039
5.83013
5.82987
5.82962
5.82936
5.82910
5.82884
5.82859
5.82833
5.82807
5.82781
5.82756
5.82730
5.82704
5.82678
5.82653
5.82627
5.82601
5.82575
5.82550
5.82524
5.82498
5.82473
5.82447
5.82421
5.82395
5.82370
5.82344
5.82318
5.82292
5.82267
5.82241
5.82215
5.82189
5.82164
5.82138
5.82112
5.82086
5.82061
5.82035
5.82009
5.81983
5.81958
5.81932
5.81906
5.81880
5.81855
5.81829
5.81803
5.81777
5.81752
5.81726
5.81700
5.81674
5.81649
5.81623
5.81597
5.81571
5.81546
5.81520
5.81494
5.81468
5.81443
5.81417
5.81391
5.81365
5.81340
5.81314
5.81288
5.81262
5.81237
5.81211
5.81185
5.81159
5.81134
5.81108
5.81082
5.81056
5.81031
5.81005
5.80979
5.80953
5.80928
5.80902
5.80876
5.80850
5.80825
5.80799
5.80773
5.80747
5.80722
5.80696
5.80670
5.80645
5.80619
5.80593
5.80567
5.80542
5.80516
5.80490
5.80464
5.80439
5.80413
5.80387
5.80361
5.80336
5.80310
5.80284
5.80258
5.80233
5.80207
5.80181
5.80155
5.80130
5.80104
5.80078
5.80052
5.80027
5.80001
5.79975
5.79949
5.79924
5.79898
5.79872
5.79846
5.79821
5.79795
5.79769
5.79743
5.79718
5.79692
5.79666
5.79640
5.79615
5.79589
5.79563
5.79537
5.79512
5.79486
5.79460
5.79434
5.79409
5.79383
5.79357
5.79331
5.79306
5.79280
5.79254
5.79228
5.79203
5.79177
5.79151
5.79125
5.79100
5.79074
5.79048
5.79022
5.78997
5.78971
5.78945
5.78920
5.78894
5.78868
5.78842
5.78817
5.78791
5.78765
5.78739
5.78714
5.78688
5.78662
5.78636
5.78611
5.78585
5.78559
5.78533
5.78508
5.78482
5.78456
5.78430
5.78405
5.78379
5.78353
5.78327
5.78302
5.78276
5.78250
5.78224
5.78199
5.78173
5.78147
5.78121
5.78096
5.78070
5.78044
5.78018
5.77993
5.77967
5.77941
5.77915
5.77890
5.77864
5.77838
5.77812
5.77787
5.77761
5.77735
5.77709
5.77684
5.77658
5.77632
5.77606
5.77581
5.77555
5.77529
5.77503
5.77478
5.77452
5.77426
5.77401
5.77375
5.77349
5.77323
5.77298
5.77272
5.77246
5.77220
5.77195
5.77169
5.77143
5.77117
5.77092
5.77066
5.77040
5.77014
5.76989
5.76963
5.76937
5.76911
5.76886
5.76860
5.76834
5.76808
5.76783
5.76757
5.76731
5.76705
5.76680
5.76654
5.76628
5.76602
5.76577
5.76551
5.76525
5.76499
5.76474
5.76448
5.76422
5.76396
5.76371
5.76345
5.76319
5.76293
5.76268
5.76242
5.76216
5.76190
5.76165
5.76139
5.76113
5.76088
5.76062
5.76036
5.76010
5.75985
5.75959
5.75933
5.75907
5.75882
5.75856
5.75830
5.75804
5.75779
5.75753
5.75727
5.75701
5.75676
5.75650
5.75624
5.75598
5.75573
5.75547
5.75521
5.75495
5.75470
5.75444
5.75418
5.75392
5.75367
5.75341
5.75315
5.75289
5.75264
5.75238
5.75212
5.75186
5.75161
5.75135
5.75109
5.75083
5.75058
5.75032
5.75006
5.74980
5.74955
5.74929
5.74903
5.74877
5.74852
5.74826
5.74800
5.74775
5.74749
5.74723
5.74697
5.74672
5.74646
5.74620
5.74594
5.74569
5.74543
5.74517
5.74491
5.74466
5.74440
5.74414
5.74388
5.74363
5.74337
5.74311
5.74285
5.74260
5.74234
5.74208
5.74182
5.74157
5.74131
5.74105
5.74079
5.74054
5.74028
5.74002
5.73976
5.73951
5.73925
5.73899
5.73873
5.73848
5.73822
5.73796
5.73770
5.73745
5.73719
5.73693
5.73667
5.73642
5.73616
5.73590
5.73565
5.73539
5.73513
5.73487
5.73462
5.73436
5.73410
5.73384
5.73359
5.73333
5.73307
5.73281
5.73256
5.73230
5.73204
5.73178
5.73153
5.73127
5.73101
5.73075
5.73050
5.73024
5.72998
5.72972
5.72947
5.72921
5.72895
5.72869
5.72844
5.72818
5.72792
5.72766
5.72741
5.72715
5.72689
5.72663
5.72638
5.72612
5.72586
5.72560
5.72535
5.72509
5.72483
5.72457
5.72432
5.72406
5.72380
5.72355
5.72329
5.72303
5.72277
5.72252
5.72226
5.72200
5.72174
5.72149
5.72123
5.72097
5.72071
5.72046
5.72020
5.71994
5.71968
5.71943
5.71917
5.71891
5.71865
5.71840
5.71814
5.71788
5.71762
5.71737
5.71711
5.71685
5.71659
5.71634
5.71608
5.71582
5.71556
5.71531
5.71505
5.71479
5.71453
5.71428
5.71402
5.71376
5.71351
5.71325
5.71299
5.71273
5.71248
5.71222
5.71196
5.71170
5.71145
5.71119
5.71093
5.71067
5.71042
5.71016
5.70990
5.70964
5.70939
5.70913
5.70887
5.70861
5.70836
5.70810
5.70784
5.70758
5.70733
5.70707
5.70681
5.70655
5.70630
5.70604
5.70578
5.70552
5.70527
5.70501
5.70475
5.70449
5.70424
5.70398
5.70372
5.70346
5.70321
5.70295
5.70269
5.70244
5.70218
5.70192
5.70166
5.70141
5.70115
5.70089
5.70063
5.70038
5.70012
5.69986
5.69960
5.69935
5.69909
5.69883
5.69857
5.69832
5.69806
5.69780
5.69754
5.69729
5.69703
5.69677
5.69651
5.69626
5.69600
5.69574
5.69548
5.69523
5.69497
5.69471
5.69445
5.69420
5.69394
5.69368
5.69342
5.69317
5.69291
5.69265
5.69240
5.69214
5.69188
5.69162
5.69137
5.69111
5.69085
5.69059
5.69034
5.69008
5.68982
5.68956
5.68931
5.68905
5.68879
5.68853
5.68828
5.68802
5.68776
5.68750
5.68725
5.68699
5.68673
5.68647
5.68622
5.68596
5.68570
5.68544
5.68519
5.68493
5.68467
5.68441
5.68416
5.68390
5.68364
5.68339
5.68313
5.68287
5.68261
5.68236
5.68210
5.68184
5.68158
5.68133
5.68107
5.68081
5.68055
5.68030
5.68004
5.67978
5.67952
5.67927
5.67901
5.67875
5.67849
5.67824
5.67798
5.67772
5.67746
5.67721
5.67695
5.67669
5.67643
5.67618
5.67592
5.67566
5.67540
5.67515
5.67489
5.67463
5.67437
5.67412
5.67386
5.67360
5.67335
5.67309
5.67283
5.67257
5.67232
5.67206
5.67180
5.67154
5.67129
5.67103
5.67077
5.67051
5.67026
5.67000
5.66974
5.66948
5.66923
5.66897
5.66871
5.66845
5.66820
5.66794
5.66768
5.66742
5.66717
5.66691
5.66665
5.66639
5.66614
5.66588
5.66562
5.66536
5.66511
5.66485
5.66459
5.66434
5.66408
5.66382
5.66356
5.66331
5.66305
5.66279
5.66253
5.66228
5.66202
5.66176
5.66150
5.66125
5.66099
5.66073
5.66047
5.66022
5.65996
5.65970
5.65944
5.65919
5.65893
5.65867
5.65841
5.65816
5.65790
5.65764
5.65738
5.65713
5.65687
5.65661
5.65636
5.65610
5.65584
5.65558
5.65533
5.65507
5.65481
5.65455
5.65430
5.65404
5.65378
5.65352
5.65327
5.65301
5.65275
5.65249
5.65224
5.65198
5.65172
5.65146
5.65121
5.65095
5.65069
5.65043
5.65018
5.64992
5.64966
5.64940
5.64915
5.64889
5.64863
5.64837
5.64812
5.64786
5.64760
5.64735
5.64709
5.64683
5.64657
5.64632
5.64606
5.64580
5.64554
5.64529
5.64503
5.64477
5.64451
5.64426
5.64400
5.64374
5.64348
5.64323
5.64297
5.64271
5.64245
5.64220
5.64194
5.64168
5.64142
5.64117
5.64091
5.64065
5.64039
5.64014
5.63988
5.63962
5.63937
5.63911
5.63885
5.63859
5.63834
5.63808
5.63782
5.63756
5.63731
5.63705
5.63679
5.63653
5.63628
5.63602
5.63576
5.63550
5.63525
5.63499
5.63473
5.63447
5.63422
5.63396
5.63370
5.63344
5.63319
5.63293
5.63267
5.63241
5.63216
5.63190
5.63164
5.63139
5.63113
5.63087
5.63061
5.63036
5.63010
5.62984
5.62958
5.62933
5.62907
5.62881
5.62855
5.62830
5.62804
5.62778
5.62752
5.62727
5.62701
5.62675
5.62649
5.62624
5.62598
5.62572
5.62546
5.62521
5.62495
5.62469
5.62443
5.62418
5.62392
5.62366
5.62341
5.62315
5.62289
5.62263
5.62238
5.62212
5.62186
5.62160
5.62135
5.62109
5.62083
5.62057
5.62032
5.62006
5.61980
5.61954
5.61929
5.61903
5.61877
5.61851
5.61826
5.61800
5.61774
5.61748
5.61723
5.61697
5.61671
5.61645
5.61620
5.61594
5.61568
5.61543
5.61517
5.61491
5.61465
5.61440
5.61414
5.61388
5.61362
5.61337
5.61311
5.61285
5.61259
5.61234
5.61208
5.61182
5.61156
5.61131
5.61105
5.61079
5.61053
5.61028
5.61002
5.60976
5.60950
5.60925
5.60899
5.60873
5.60848
5.60822
5.60796
5.60770
5.60745
5.60719
5.60693
5.60667
5.60642
5.60616
5.60590
5.60564
5.60539
5.60513
5.60487
5.60461
5.60436
5.60410
5.60384
5.60358
5.60333
5.60307
5.60281
5.60255
5.60230
5.60204
5.60178
5.60152
5.60127
5.60101
5.60075
5.60050
5.60024
5.59998
5.59972
5.59947
5.59921
5.59895
5.59869
5.59844
5.59818
5.59792
5.59766
5.59741
5.59715
5.59689
5.59663
5.59638
5.59612
5.59586
5.59560
5.59535
5.59509
5.59483
5.59457
5.59432
5.59406
5.59380
5.59355
5.59329
5.59303
5.59277
5.59252
5.59226
5.59200
5.59174
5.59149
5.59123
5.59097
5.59071
5.59046
5.59020
5.58994
5.58968
5.58943
5.58917
5.58891
5.58865
5.58840
5.58814
5.58788
5.58762
5.58737
5.58711
5.58685
5.58660
5.58634
5.58608
5.58582
5.58557
5.58531
5.58505
5.58479
5.58454
5.58428
5.58402
5.58376
5.58351
5.58325
5.58299
5.58273
5.58248
5.58222
5.58196
5.58170
5.58145
5.58119
5.58093
5.58067
5.58042
5.58016
5.57990
5.57965
5.57939
5.57913
5.57887
5.57862
5.57836
5.57810
5.57784
5.57759
5.57733
5.57707
5.57681
5.57656
5.57630
5.57604
5.57578
5.57553
5.57527
5.57501
5.57475
5.57450
5.57424
5.57398
5.57372
5.57347
5.57321
5.57295
5.57270
5.57244
5.57218
5.57192
5.57167
5.57141
5.57115
5.57089
5.57064
5.57038
5.57012
5.56986
5.56961
5.56935
5.56909
5.56883
5.56858
5.56832
5.56806
5.56780
5.56755
5.56729
5.56703
5.56678
5.56652
5.56626
5.56600
5.56575
5.56549
5.56523
5.56497
5.56472
5.56446
5.56420
5.56394
5.56369
5.56343
5.56317
5.56291
5.56266
5.56240
5.56214
5.56188
5.56163
5.56137
5.56111
5.56085
5.56060
5.56034
5.56008
5.55983
5.55957
5.55931
5.55905
5.55880
5.55854
5.55828
5.55802
5.55777
5.55751
5.55725
5.55699
5.55674
5.55648
5.55622
5.55596
5.55571
5.55545
5.55519
5.55493
5.55468
5.55442
5.55416
5.55391
5.55365
5.55339
5.55313
5.55288
5.55262
5.55236
5.55210
5.55185
5.55159
5.55133
5.55107
5.55082
5.55056
5.55030
5.55004
5.54979
5.54953
5.54927
5.54901
5.54876
5.54850
5.54824
5.54798
5.54773
5.54747
5.54721
5.54696
5.54670
5.54644
5.54618
5.54593
5.54567
5.54541
5.54515
5.54490
5.54464
5.54438
5.54412
5.54387
5.54361
5.54335
5.54309
5.54284
5.54258
5.54232
5.54206
5.54181
5.54155
5.54129
5.54104
5.54078
5.54052
5.54026
5.54001
5.53975
5.53949
5.53923
5.53898
5.53872
5.53846
5.53820
5.53795
5.53769
5.53743
5.53717
5.53692
5.53666
5.53640
5.53614
5.53589
5.53563
5.53537
5.53512
5.53486
5.53460
5.53434
5.53409
5.53383
5.53357
5.53331
5.53306
5.53280
5.53254
5.53228
5.53203
5.53177
5.53151
5.53125
5.53100
5.53074
5.53048
5.53022
5.52997
5.52971
5.52945
5.52920
5.52894
5.52868
5.52842
5.52817
5.52791
5.52765
5.52739
5.52714
5.52688
5.52662
5.52636
5.52611
5.52585
5.52559
5.52533
5.52508
5.52482
5.52456
5.52430
5.52405
5.52379
5.52353
5.52328
5.52302
5.52276
5.52250
5.52225
5.52199
5.52173
5.52147
5.52122
5.52096
5.52070
5.52044
5.52019
5.51993
5.51967
5.51941
5.51916
5.51890
5.51864
5.51838
5.51813
5.51787
5.51761
5.51736
5.51710
5.51684
5.51658
5.51633
5.51607
5.51581
5.51555
5.51530
5.51504
5.51478
5.51452
5.51427
5.51401
5.51375
5.51349
5.51324
5.51298
5.51272
5.51246
5.51221
5.51195
5.51169
5.51144
5.51118
5.51092
5.51066
5.51041
5.51015
5.50989
5.50963
5.50938
5.50912
5.50886
5.50860
5.50835
5.50809
5.50783
5.50757
5.50732
5.50706
5.50680
5.50654
5.50629
5.50603
5.50577
5.50552
5.50526
5.50500
5.50474
5.50449
5.50423
5.50397
5.50371
5.50346
5.50320
5.50294
5.50268
5.50243
5.50217
5.50191
5.50165
5.50140
5.50114
5.50088
5.50062
5.50037
5.50011
5.49985
5.49960
5.49934
5.49908
5.49882
5.49857
5.49831
5.49805
5.49779
5.49754
5.49728
5.49702
5.49676
5.49651
5.49625
5.49599
5.49573
5.49548
5.49522
5.49496
5.49471
5.49445
5.49419
5.49393
5.49368
5.49342
5.49316
5.49290
5.49265
5.49239
5.49213
5.49187
5.49162
5.49136
5.49110
5.49084
5.49059
5.49033
5.49007
5.48981
5.48956
5.48930
5.48904
5.48879
5.48853
5.48827
5.48801
5.48776
5.48750
5.48724
5.48698
5.48673
5.48647
5.48621
5.48595
5.48570
5.48544
5.48518
5.48492
5.48467
5.48441
5.48415
5.48390
5.48364
5.48338
5.48312
5.48287
5.48261
5.48235
5.48209
5.48184
5.48158
5.48132
5.48106
5.48081
5.48055
5.48029
5.48003
5.47978
5.47952
5.47926
5.47900
5.47875
5.47849
5.47823
5.47798
5.47772
5.47746
5.47720
5.47695
5.47669
5.47643
5.47617
5.47592
5.47566
5.47540
5.47514
5.47489
5.47463
5.47437
5.47411
5.47386
5.47360
5.47334
5.47309
5.47283
5.47257
5.47231
5.47206
5.47180
5.47154
5.47128
5.47103
5.47077
5.47051
5.47025
5.47000
5.46974
5.46948
5.46922
5.46897
5.46871
5.46845
5.46819
5.46794
5.46768
5.46742
5.46717
5.46691
5.46665
5.46639
5.46614
5.46588
5.46562
5.46536
5.46511
5.46485
5.46459
5.46433
5.46408
5.46382
5.46356
5.46330
5.46305
5.46279
5.46253
5.46228
5.46202
5.46176
5.46150
5.46125
5.46099
5.46073
5.46047
5.46022
5.45996
5.45970
5.45944
5.45919
5.45893
5.45867
5.45841
5.45816
5.45790
5.45764
5.45739
5.45713
5.45687
5.45661
5.45636
5.45610
5.45584
5.45558
5.45533
5.45507
5.45481
5.45455
5.45430
5.45404
5.45378
5.45352
5.45327
5.45301
5.45275
5.45250
5.45224
5.45198
5.45172
5.45147
5.45121
5.45095
5.45069
5.45044
5.45018
5.44992
5.44966
5.44941
5.44915
5.44889
5.44863
5.44838
5.44812
5.44786
5.44760
5.44735
5.44709
5.44683
5.44658
5.44632
5.44606
5.44580
5.44555
5.44529
5.44503
5.44477
5.44452
5.44426
5.44400
5.44374
5.44349
5.44323
5.44297
5.44271
5.44246
5.44220
5.44194
5.44169
5.44143
5.44117
5.44091
5.44066
5.44040
5.44014
5.43988
5.43963
5.43937
5.43911
5.43885
5.43860
5.43834
5.43808
5.43782
5.43757
5.43731
5.43705
5.43680
5.43654
5.43628
5.43602
5.43577
5.43551
5.43525
5.43499
5.43474
5.43448
5.43422
5.43396
5.43371
5.43345
5.43319
5.43293
5.43268
5.43242
5.43216
5.43191
5.43165
5.43139
5.43113
5.43088
5.43062
5.43036
5.43010
5.42985
5.42959
5.42933
5.42907
5.42882
5.42856
5.42830
5.42804
5.42779
5.42753
5.42727
5.42702
5.42676
5.42650
5.42624
5.42599
5.42573
5.42547
5.42521
5.42496
5.42470
5.42444
5.42418
5.42393
5.42367
5.42341
5.42315
5.42290
5.42264
5.42238
5.42213
5.42187
5.42161
5.42135
5.42110
5.42084
5.42058
5.42032
5.42007
5.41981
5.41955
5.41929
5.41904
5.41878
5.41852
5.41827
5.41801
5.41775
5.41749
5.41724
5.41698
5.41672
5.41646
5.41621
5.41595
5.41569
5.41543
5.41518
5.41492
5.41466
5.41440
5.41415
5.41389
5.41363
5.41338
5.41312
5.41286
5.41260
5.41235
5.41209
5.41183
5.41157
5.41132
5.41106
5.41080
5.41054
5.41029
5.41003
5.40977
5.40951
5.40926
5.40900
5.40874
5.40849
5.40823
5.40797
5.40771
5.40746
5.40720
5.40694
5.40668
5.40643
5.40617
5.40591
5.40565
5.40540
5.40514
5.40488
5.40462
5.40437
5.40411
5.40385
5.40360
5.40334
5.40308
5.40282
5.40257
5.40231
5.40205
5.40179
5.40154
5.40128
5.40102
5.40076
5.40051
5.40025
5.39999
5.39974
5.39948
5.39922
5.39896
5.39871
5.39845
5.39819
5.39793
5.39768
5.39742
5.39716
5.39690
5.39665
5.39639
5.39613
5.39587
5.39562
5.39536
5.39510
5.39485
5.39459
5.39433
5.39407
5.39382
5.39356
5.39330
5.39304
5.39279
5.39253
5.39227
5.39201
5.39176
5.39150
5.39124
5.39098
5.39073
5.39047
5.39021
5.38996
5.38970
5.38944
5.38918
5.38893
5.38867
5.38841
5.38815
5.38790
5.38764
5.38738
5.38712
5.38687
5.38661
5.38635
5.38610
5.38584
5.38558
5.38532
5.38507
5.38481
5.38455
5.38429
5.38404
5.38378
5.38352
5.38326
5.38301
5.38275
5.38249
5.38223
5.38198
5.38172
5.38146
5.38121
5.38095
5.38069
5.38043
5.38018
5.37992
5.37966
5.37940
5.37915
5.37889
5.37863
5.37837
5.37812
5.37786
5.37760
5.37735
5.37709
5.37683
5.37657
5.37632
5.37606
5.37580
5.37554
5.37529
5.37503
5.37477
5.37451
5.37426
5.37400
5.37374
5.37348
5.37323
5.37297
5.37271
5.37246
5.37220
5.37194
5.37168
5.37143
5.37117
5.37091
5.37065
5.37040
5.37014
5.36988
5.36962
5.36937
5.36911
5.36885
5.36860
5.36834
5.36808
5.36782
5.36757
5.36731
5.36705
5.36679
5.36654
5.36628
5.36602
5.36576
5.36551
5.36525
5.36499
5.36473
5.36448
5.36422
5.36396
5.36371
5.36345
5.36319
5.36293
5.36268
5.36242
5.36216
5.36190
5.36165
5.36139
5.36113
5.36087
5.36062
5.36036
5.36010
5.35985
5.35959
5.35933
5.35907
5.35882
5.35856
5.35830
5.35804
5.35779
5.35753
5.35727
5.35701
5.35676
5.35650
5.35624
5.35598
5.35573
5.35547
5.35521
5.35496
5.35470
5.35444
5.35418
5.35393
5.35367
5.35341
5.35315
5.35290
5.35264
5.35238
5.35212
5.35187
5.35161
5.35135
5.35110
5.35084
5.35058
5.35032
5.35007
5.34981
5.34955
5.34929
5.34904
5.34878
5.34852
5.34826
5.34801
5.34775
5.34749
5.34724
5.34698
5.34672
5.34646
5.34621
5.34595
5.34569
5.34543
5.34518
5.34492
5.34466
5.34440
5.34415
5.34389
5.34363
5.34337
5.34312
5.34286
5.34260
5.34235
5.34209
5.34183
5.34157
5.34132
5.34106
5.34080
5.34054
5.34029
5.34003
5.33977
5.33951
5.33926
5.33900
5.33874
5.33849
5.33823
5.33797
5.33771
5.33746
5.33720
5.33694
5.33668
5.33643
5.33617
5.33591
5.33565
5.33540
5.33514
5.33488
5.33463
5.33437
5.33411
5.33385
5.33360
5.33334
5.33308
5.33282
5.33257
5.33231
5.33205
5.33179
5.33154
5.33128
5.33102
5.33077
5.33051
5.33025
5.32999
5.32974
5.32948
5.32922
5.32896
5.32871
5.32845
5.32819
5.32793
5.32768
5.32742
5.32716
5.32690
5.32665
5.32639
5.32613
5.32588
5.32562
5.32536
5.32510
5.32485
5.32459
5.32433
5.32407
5.32382
5.32356
5.32330
5.32304
5.32279
5.32253
5.32227
5.32202
5.32176
5.32150
5.32124
5.32099
5.32073
5.32047
5.32021
5.31996
5.31970
5.31944
5.31918
5.31893
5.31867
5.31841
5.31816
5.31790
5.31764
5.31738
5.31713
5.31687
5.31661
5.31635
5.31610
5.31584
5.31558
5.31532
5.31507
5.31481
5.31455
5.31430
5.31404
5.31378
5.31352
5.31327
5.31301
5.31275
5.31249
5.31224
5.31198
5.31172
5.31146
5.31121
5.31095
5.31069
5.31044
5.31018
5.30992
5.30966
5.30941
5.30915
5.30889
5.30863
5.30838
5.30812
5.30786
5.30760
5.30735
5.30709
5.30683
5.30658
5.30632
5.30606
5.30580
5.30555
5.30529
5.30503
5.30477
5.30452
5.30426
5.30400
5.30374
5.30349
5.30323
5.30297
5.30272
5.30246
5.30220
5.30194
5.30169
5.30143
5.30117
5.30091
5.30066
5.30040
5.30014
5.29988
5.29963
5.29937
5.29911
5.29886
5.29860
5.29834
5.29808
5.29783
5.29757
5.29731
5.29705
5.29680
5.29654
5.29628
5.29602
5.29577
5.29551
5.29525
5.29500
5.29474
5.29448
5.29422
5.29397
5.29371
5.29345
5.29319
5.29294
5.29268
5.29242
5.29216
5.29191
5.29165
5.29139
5.29114
5.29088
5.29062
5.29036
5.29011
5.28985
5.28959
5.28933
5.28908
5.28882
5.28856
5.28830
5.28805
5.28779
5.28753
5.28728
5.28702
5.28676
5.28650
5.28625
5.28599
5.28573
5.28547
5.28522
5.28496
5.28470
5.28444
5.28419
5.28393
5.28367
5.28342
5.28316
5.28290
5.28264
5.28239
5.28213
5.28187
5.28161
5.28136
5.28110
5.28084
5.28058
5.28033
5.28007
5.27981
5.27956
5.27930
5.27904
5.27878
5.27853
5.27827
5.27801
5.27775
5.27750
5.27724
5.27698
5.27672
5.27647
5.27621
5.27595
5.27570
5.27544
5.27518
5.27492
5.27467
5.27441
5.27415
5.27389
5.27364
5.27338
5.27312
5.27286
5.27261
5.27235
5.27209
5.27184
5.27158
5.27132
5.27106
5.27081
5.27055
5.27029
5.27003
5.26978
5.26952
5.26926
5.26901
5.26875
5.26849
5.26823
5.26798
5.26772
5.26746
5.26720
5.26695
5.26669
5.26643
5.26617
5.26592
5.26566
5.26540
5.26515
5.26489
5.26463
5.26437
5.26412
5.26386
5.26360
5.26334
5.26309
5.26283
5.26257
5.26231
5.26206
5.26180
5.26154
5.26129
5.26103
5.26077
5.26051
5.26026
5.26000
5.25974
5.25948
5.25923
5.25897
5.25871
5.25845
5.25820
5.25794
5.25768
5.25743
5.25717
5.25691
5.25665
5.25640
5.25614
5.25588
5.25562
5.25537
5.25511
5.25485
5.25459
5.25434
5.25408
5.25382
5.25357
5.25331
5.25305
5.25279
5.25254
5.25228
5.25202
5.25176
5.25151
5.25125
5.25099
5.25074
5.25048
5.25022
5.24996
5.24971
5.24945
5.24919
5.24893
5.24868
5.24842
5.24816
5.24790
5.24765
5.24739
5.24713
5.24688
5.24662
5.24636
5.24610
5.24585
5.24559
5.24533
5.24507
5.24482
5.24456
5.24430
5.24404
5.24379
5.24353
5.24327
5.24302
5.24276
5.24250
5.24224
5.24199
5.24173
5.24147
5.24121
5.24096
5.24070
5.24044
5.24018
5.23993
5.23967
5.23941
5.23916
5.23890
5.23864
5.23838
5.23813
5.23787
5.23761
5.23735
5.23710
5.23684
5.23658
5.23633
5.23607
5.23581
5.23555
5.23530
5.23504
5.23478
5.23452
5.23427
5.23401
5.23375
5.23349
5.23324
5.23298
5.23272
5.23247
5.23221
5.23195
5.23169
5.23144
5.23118
5.23092
5.23066
5.23041
5.23015
5.22989
5.22963
5.22938
5.22912
5.22886
5.22861
5.22835
5.22809
5.22783
5.22758
5.22732
5.22706
5.22680
5.22655
5.22629
5.22603
5.22578
5.22552
5.22526
5.22500
5.22475
5.22449
5.22423
5.22397
5.22372
5.22346
5.22320
5.22294
5.22269
5.22243
5.22217
5.22192
5.22166
5.22140
5.22114
5.22089
5.22063
5.22037
5.22011
5.21986
5.21960
5.21934
5.21909
5.21883
5.21857
5.21831
5.21806
5.21780
5.21754
5.21728
5.21703
5.21677
5.21651
5.21625
5.21600
5.21574
5.21548
5.21523
5.21497
5.21471
5.21445
5.21420
5.21394
5.21368
5.21342
5.21317
5.21291
5.21265
5.21239
5.21214
5.21188
5.21162
5.21137
5.21111
5.21085
5.21059
5.21034
5.21008
5.20982
5.20956
5.20931
5.20905
5.20879
5.20854
5.20828
5.20802
5.20776
5.20751
5.20725
5.20699
5.20673
5.20648
5.20622
5.20596
5.20570
5.20545
5.20519
5.20493
5.20468
5.20442
5.20416
5.20390
5.20365
5.20339
5.20313
5.20287
5.20262
5.20236
5.20210
5.20185
5.20159
5.20133
5.20107
5.20082
5.20056
5.20030
5.20004
5.19979
5.19953
5.19927
5.19901
5.19876
5.19850
5.19824
5.19799
5.19773
5.19747
5.19721
5.19696
5.19670
5.19644
5.19618
5.19593
5.19567
5.19541
5.19516
5.19490
5.19464
5.19438
5.19413
5.19387
5.19361
5.19335
5.19310
5.19284
5.19258
5.19232
5.19207
5.19181
5.19155
5.19130
5.19104
5.19078
5.19052
5.19027
5.19001
5.18975
5.18949
5.18924
5.18898
5.18872
5.18847
5.18821
5.18795
5.18769
5.18744
5.18718
5.18692
5.18666
5.18641
5.18615
5.18589
5.18563
5.18538
5.18512
5.18486
5.18461
5.18435
5.18409
5.18383
5.18358
5.18332
5.18306
5.18280
5.18255
5.18229
5.18203
5.18178
5.18152
5.18126
5.18100
5.18075
5.18049
5.18023
5.17997
5.17972
5.17946
5.17920
5.17895
5.17869
5.17843
5.17817
5.17792
5.17766
5.17740
5.17714
5.17689
5.17663
5.17637
5.17611
5.17586
5.17560
5.17534
5.17509
5.17483
5.17457
5.17431
5.17406
5.17380
5.17354
5.17328
5.17303
5.17277
5.17251
5.17226
5.17200
5.17174
5.17148
5.17123
5.17097
5.17071
5.17045
5.17020
5.16994
5.16968
5.16942
5.16917
5.16891
5.16865
5.16840
5.16814
5.16788
5.16762
5.16737
5.16711
5.16685
5.16659
5.16634
5.16608
5.16582
5.16557
5.16531
5.16505
5.16479
5.16454
5.16428
5.16402
5.16376
5.16351
5.16325
5.16299
5.16274
5.16248
5.16222
5.16196
5.16171
5.16145
5.16119
5.16093
5.16068
5.16042
5.16016
5.15990
5.15965
5.15939
5.15913
5.15888
5.15862
5.15836
5.15810
5.15785
5.15759
5.15733
5.15707
5.15682
5.15656
5.15630
5.15605
5.15579
5.15553
5.15527
5.15502
5.15476
5.15450
5.15424
5.15399
5.15373
5.15347
5.15322
5.15296
5.15270
5.15244
5.15219
5.15193
5.15167
5.15141
5.15116
5.15090
5.15064
5.15038
5.15013
5.14987
5.14961
5.14936
5.14910
5.14884
5.14858
5.14833
5.14807
5.14781
5.14755
5.14730
5.14704
5.14678
5.14653
5.14627
5.14601
5.14575
5.14550
5.14524
5.14498
5.14472
5.14447
5.14421
5.14395
5.14370
5.14344
5.14318
5.14292
5.14267
5.14241
5.14215
5.14189
5.14164
5.14138
5.14112
5.14086
5.14061
5.14035
5.14009
5.13984
5.13958
5.13932
5.13906
5.13881
5.13855
5.13829
5.13803
5.13778
5.13752
5.13726
5.13701
5.13675
5.13649
5.13623
5.13598
5.13572
5.13546
5.13520
5.13495
5.13469
5.13443
5.13418
5.13392
5.13366
5.13340
5.13315
5.13289
5.13263
5.13237
5.13212
5.13186
5.13160
5.13135
5.13109
5.13083
5.13057
5.13032
5.13006
5.12980
5.12954
5.12929
5.12903
5.12877
5.12852
5.12826
5.12800
5.12774
5.12749
5.12723
5.12697
5.12671
5.12646
5.12620
5.12594
5.12568
5.12543
5.12517
5.12491
5.12466
5.12440
5.12414
5.12388
5.12363
5.12337
5.12311
5.12285
5.12260
5.12234
5.12208
5.12183
5.12157
5.12131
5.12105
5.12080
5.12054
5.12028
5.12002
5.11977
5.11951
5.11925
5.11900
5.11874
5.11848
5.11822
5.11797
5.11771
5.11745
5.11719
5.11694
5.11668
5.11642
5.11617
5.11591
5.11565
5.11539
5.11514
5.11488
5.11462
5.11436
5.11411
5.11385
5.11359
5.11334
5.11308
5.11282
5.11256
5.11231
5.11205
5.11179
5.11153
5.11128
5.11102
5.11076
5.11050
5.11025
5.10999
5.10973
5.10948
5.10922
5.10896
5.10870
5.10845
5.10819
5.10793
5.10767
5.10742
5.10716
5.10690
5.10665
5.10639
5.10613
5.10587
5.10562
5.10536
5.10510
5.10484
5.10459
5.10433
5.10407
5.10382
5.10356
5.10330
5.10304
5.10279
5.10253
5.10227
5.10201
5.10176
5.10150
5.10124
5.10099
5.10073
5.10047
5.10021
5.09996
5.09970
5.09944
5.09918
5.09893
5.09867
5.09841
5.09816
5.09790
5.09764
5.09738
5.09713
5.09687
5.09661
5.09635
5.09610
5.09584
5.09558
5.09533
5.09507
5.09481
5.09455
5.09430
5.09404
5.09378
5.09352
5.09327
5.09301
5.09275
5.09250
5.09224
5.09198
5.09172
5.09147
5.09121
5.09095
5.09069
5.09044
5.09018
5.08992
5.08967
5.08941
5.08915
5.08889
5.08864
5.08838
5.08812
5.08786
5.08761
5.08735
5.08709
5.08683
5.08658
5.08632
5.08606
5.08581
5.08555
5.08529
5.08503
5.08478
5.08452
5.08426
5.08400
5.08375
5.08349
5.08323
5.08298
5.08272
5.08246
5.08220
5.08195
5.08169
5.08143
5.08117
5.08092
5.08066
5.08040
5.08015
5.07989
5.07963
5.07937
5.07912
5.07886
5.07860
5.07834
5.07809
5.07783
5.07757
5.07732
5.07706
5.07680
5.07654
5.07629
5.07603
5.07577
5.07551
5.07526
5.07500
5.07474
5.07449
5.07423
5.07397
5.07371
5.07346
5.07320
5.07294
5.07268
5.07243
5.07217
5.07191
5.07166
5.07140
5.07114
5.07088
5.07063
5.07037
5.07011
5.06985
5.06960
5.06934
5.06908
5.06883
5.06857
5.06831
5.06805
5.06780
5.06754
5.06728
5.06702
5.06677
5.06651
5.06625
5.06600
5.06574
5.06548
5.06522
5.06497
5.06471
5.06445
5.06419
5.06394
5.06368
5.06342
5.06317
5.06291
5.06265
5.06239
5.06214
5.06188
5.06162
5.06136
5.06111
5.06085
5.06059
5.06034
5.06008
5.05982
5.05956
5.05931
5.05905
5.05879
5.05853
5.05828
5.05802
5.05776
5.05751
5.05725
5.05699
5.05673
5.05648
5.05622
5.05596
5.05570
5.05545
5.05519
5.05493
5.05468
5.05442
5.05416
5.05390
5.05365
5.05339
5.05313
5.05287
5.05262
5.05236
5.05210
5.05185
5.05159
5.05133
5.05107
5.05082
5.05056
5.05030
5.05004
5.04979
5.04953
5.04927
5.04902
5.04876
5.04850
5.04824
5.04799
5.04773
5.04747
5.04721
5.04696
5.04670
5.04644
5.04619
5.04593
5.04567
5.04541
5.04516
5.04490
5.04464
5.04438
5.04413
5.04387
5.04361
5.04336
5.04310
5.04284
5.04258
5.04233
5.04207
5.04181
5.04155
5.04130
5.04104
5.04078
5.04053
5.04027
5.04001
5.03975
5.03950
5.03924
5.03898
5.03872
5.03847
5.03821
5.03795
5.03770
5.03744
5.03718
5.03692
5.03667
5.03641
5.03615
5.03589
5.03564
5.03538
5.03512
5.03487
5.03461
5.03435
5.03409
5.03384
5.03358
5.03332
5.03307
5.03281
5.03255
5.03229
5.03204
5.03178
5.03152
5.03126
5.03101
5.03075
5.03049
5.03024
5.02998
5.02972
5.02946
5.02921
5.02895
5.02869
5.02843
5.02818
5.02792
5.02766
5.02741
5.02715
5.02689
5.02663
5.02638
5.02612
5.02586
5.02560
5.02535
5.02509
5.02483
5.02458
5.02432
5.02406
5.02380
5.02355
5.02329
5.02303
5.02277
5.02252
5.02226
5.02200
5.02175
5.02149
5.02123
5.02097
5.02072
5.02046
5.02020
5.01994
5.01969
5.01943
5.01917
5.01892
5.01866
5.01840
5.01814
5.01789
5.01763
5.01737
5.01711
5.01686
5.01660
5.01634
5.01609
5.01583
5.01557
5.01531
5.01506
5.01480
5.01454
5.01428
5.01403
5.01377
5.01351
5.01326
5.01300
5.01274
5.01248
5.01223
5.01197
5.01171
5.01146
5.01120
5.01094
5.01068
5.01043
5.01017
5.00991
5.00965
5.00940
5.00914
5.00888
5.00863
5.00837
5.00811
5.00785
5.00760
5.00734
5.00708
5.00682
5.00657
5.00631
5.00605
5.00580
5.00554
5.00528
5.00502
5.00477
5.00451
5.00425
5.00399
5.00374
5.00348
5.00322
5.00297
5.00271
5.00245
5.00219
5.00194
5.00168
5.00142
5.00116
5.00091
5.00065
5.00039
5.00014
4.99988
4.99962
4.99936
4.99911
4.99885
4.99859
4.99833
4.99808
4.99782
4.99756
4.99731
4.99705
4.99679
4.99653
4.99628
4.99602
4.99576
4.99551
4.99525
4.99499
4.99473
4.99448
4.99422
4.99396
4.99370
4.99345
4.99319
4.99293
4.99268
4.99242
4.99216
4.99190
4.99165
4.99139
4.99113
4.99087
4.99062
4.99036
4.99010
4.98985
4.98959
4.98933
4.98907
4.98882
4.98856
4.98830
4.98804
4.98779
4.98753
4.98727
4.98702
4.98676
4.98650
4.98624
4.98599
4.98573
4.98547
4.98521
4.98496
4.98470
4.98444
4.98419
4.98393
4.98367
4.98341
4.98316
4.98290
4.98264
4.98239
4.98213
4.98187
4.98161
4.98136
4.98110
4.98084
4.98058
4.98033
4.98007
4.97981
4.97956
4.97930
4.97904
4.97878
4.97853
4.97827
4.97801
4.97775
4.97750
4.97724
4.97698
4.97673
4.97647
4.97621
4.97595
4.97570
4.97544
4.97518
4.97492
4.97467
4.97441
4.97415
4.97390
4.97364
4.97338
4.97312
4.97287
4.97261
4.97235
4.97210
4.97184
4.97158
4.97132
4.97107
4.97081
4.97055
4.97029
4.97004
4.96978
4.96952
4.96927
4.96901
4.96875
4.96849
4.96824
4.96798
4.96772
4.96746
4.96721
4.96695
4.96669
4.96644
4.96618
4.96592
4.96566
4.96541
4.96515
4.96489
4.96463
4.96438
4.96412
4.96386
4.96361
4.96335
4.96309
4.96283
4.96258
4.96232
4.96206
4.96181
4.96155
4.96129
4.96103
4.96078
4.96052
4.96026
4.96000
4.95975
4.95949
4.95923
4.95898
4.95872
4.95846
4.95820
4.95795
4.95769
4.95743
4.95717
4.95692
4.95666
4.95640
4.95615
4.95589
4.95563
4.95537
4.95512
4.95486
4.95460
4.95435
4.95409
4.95383
4.95357
4.95332
4.95306
4.95280
4.95254
4.95229
4.95203
4.95177
4.95152
4.95126
4.95100
4.95074
4.95049
4.95023
4.94997
4.94971
4.94946
4.94920
4.94894
4.94869
4.94843
4.94817
4.94791
4.94766
4.94740
4.94714
4.94688
4.94663
4.94637
4.94611
4.94586
4.94560
4.94534
4.94508
4.94483
4.94457
4.94431
4.94406
4.94380
4.94354
4.94328
4.94303
4.94277
4.94251
4.94225
4.94200
4.94174
4.94148
4.94123
4.94097
4.94071
4.94045
4.94020
4.93994
4.93968
4.93942
4.93917
4.93891
4.93865
4.93840
4.93814
4.93788
4.93762
4.93737
4.93711
4.93685
4.93660
4.93634
4.93608
4.93582
4.93557
4.93531
4.93505
4.93479
4.93454
4.93428
4.93402
4.93377
4.93351
4.93325
4.93299
4.93274
4.93248
4.93222
4.93196
4.93171
4.93145
4.93119
4.93094
4.93068
4.93042
4.93016
4.92991
4.92965
4.92939
4.92914
4.92888
4.92862
4.92836
4.92811
4.92785
4.92759
4.92733
4.92708
4.92682
4.92656
4.92631
4.92605
4.92579
4.92553
4.92528
4.92502
4.92476
4.92451
4.92425
4.92399
4.92373
4.92348
4.92322
4.92296
4.92270
4.92245
4.92219
4.92193
4.92168
4.92142
4.92116
4.92090
4.92065
4.92039
4.92013
4.91987
4.91962
4.91936
4.91910
4.91885
4.91859
4.91833
4.91807
4.91782
4.91756
4.91730
4.91705
4.91679
4.91653
4.91627
4.91602
4.91576
4.91550
4.91524
4.91499
4.91473
4.91447
4.91422
4.91396
4.91370
4.91344
4.91319
4.91293
4.91267
4.91241
4.91216
4.91190
4.91164
4.91139
4.91113
4.91087
4.91061
4.91036
4.91010
4.90984
4.90959
4.90933
4.90907
4.90881
4.90856
4.90830
4.90804
4.90778
4.90753
4.90727
4.90701
4.90676
4.90650
4.90624
4.90598
4.90573
4.90547
4.90521
4.90496
4.90470
4.90444
4.90418
4.90393
4.90367
4.90341
4.90315
4.90290
4.90264
4.90238
4.90213
4.90187
4.90161
4.90135
4.90110
4.90084
4.90058
4.90032
4.90007
4.89981
4.89955
4.89930
4.89904
4.89878
4.89852
4.89827
4.89801
4.89775
4.89750
4.89724
4.89698
4.89672
4.89647
4.89621
4.89595
4.89569
4.89544
4.89518
4.89492
4.89467
4.89441
4.89415
4.89389
4.89364
4.89338
4.89312
4.89287
4.89261
4.89235
4.89209
4.89184
4.89158
4.89132
4.89106
4.89081
4.89055
4.89029
4.89004
4.88978
4.88952
4.88926
4.88901
4.88875
4.88849
4.88824
4.88798
4.88772
4.88746
4.88721
4.88695
4.88669
4.88643
4.88618
4.88592
4.88566
4.88541
4.88515
4.88489
4.88463
4.88438
4.88412
4.88386
4.88361
4.88335
4.88309
4.88283
4.88258
4.88232
4.88206
4.88180
4.88155
4.88129
4.88103
4.88078
4.88052
4.88026
4.88000
4.87975
4.87949
4.87923
4.87898
4.87872
4.87846
4.87820
4.87795
4.87769
4.87743
4.87717
4.87692
4.87666
4.87640
4.87615
4.87589
4.87563
4.87537
4.87512
4.87486
4.87460
4.87434
4.87409
4.87383
4.87357
4.87332
4.87306
4.87280
4.87254
4.87229
4.87203
4.87177
4.87152
4.87126
4.87100
4.87074
4.87049
4.87023
4.86997
4.86971
4.86946
4.86920
4.86894
4.86869
4.86843
4.86817
4.86791
4.86766
4.86740
4.86714
4.86689
4.86663
4.86637
4.86611
4.86586
4.86560
4.86534
4.86508
4.86483
4.86457
4.86431
4.86406
4.86380
4.86354
4.86328
4.86303
4.86277
4.86251
4.86226
4.86200
4.86174
4.86148
4.86123
4.86097
4.86071
4.86045
4.86020
4.85994
4.85968
4.85943
4.85917
4.85891
4.85865
4.85840
4.85814
4.85788
4.85763
4.85737
4.85711
4.85685
4.85660
4.85634
4.85608
4.85582
4.85557
4.85531
4.85505
4.85480
4.85454
4.85428
4.85402
4.85377
4.85351
4.85325
4.85300
4.85274
4.85248
4.85222
4.85197
4.85171
4.85145
4.85120
4.85094
4.85068
4.85042
4.85017
4.84991
4.84965
4.84939
4.84914
4.84888
4.84862
4.84837
4.84811
4.84785
4.84759
4.84734
4.84708
4.84682
4.84657
4.84631
4.84605
4.84579
4.84554
4.84528
4.84502
4.84476
4.84451
4.84425
4.84399
4.84374
4.84348
4.84322
4.84296
4.84271
4.84245
4.84219
4.84194
4.84168
4.84142
4.84116
4.84091
4.84065
4.84039
4.84013
4.83988
4.83962
4.83936
4.83911
4.83885
4.83859
4.83833
4.83808
4.83782
4.83756
4.83731
4.83705
4.83679
4.83653
4.83628
4.83602
4.83576
4.83550
4.83525
4.83499
4.83473
4.83448
4.83422
4.83396
4.83370
4.83345
4.83319
4.83293
4.83268
4.83242
4.83216
4.83190
4.83165
4.83139
4.83113
4.83087
4.83062
4.83036
4.83010
4.82985
4.82959
4.82933
4.82907
4.82882
4.82856
4.82830
4.82805
4.82779
4.82753
4.82727
4.82702
4.82676
4.82650
4.82625
4.82599
4.82573
4.82547
4.82522
4.82496
4.82470
4.82444
4.82419
4.82393
4.82367
4.82342
4.82316
4.82290
4.82264
4.82239
4.82213
4.82187
4.82162
4.82136
4.82110
4.82084
4.82059
4.82033
4.82007
4.81981
4.81956
4.81930
4.81904
4.81879
4.81853
4.81827
4.81801
4.81776
4.81750
4.81724
4.81699
4.81673
4.81647
4.81621
4.81596
4.81570
4.81544
4.81519
4.81493
4.81467
4.81441
4.81416
4.81390
4.81364
4.81338
4.81313
4.81287
4.81261
4.81236
4.81210
4.81184
4.81158
4.81133
4.81107
4.81081
4.81056
4.81030
4.81004
4.80978
4.80953
4.80927
4.80901
4.80875
4.80850
4.80824
4.80798
4.80773
4.80747
4.80721
4.80695
4.80670
4.80644
4.80618
4.80593
4.80567
4.80541
4.80515
4.80490
4.80464
4.80438
4.80413
4.80387
4.80361
4.80335
4.80310
4.80284
4.80258
4.80232
4.80207
4.80181
4.80155
4.80130
4.80104
4.80078
4.80052
4.80027
4.80001
4.79975
4.79950
4.79924
4.79898
4.79872
4.79847
4.79821
4.79795
4.79769
4.79744
4.79718
4.79692
4.79667
4.79641
4.79615
4.79589
4.79564
4.79538
4.79512
4.79487
4.79461
4.79435
4.79409
4.79384
4.79358
4.79332
4.79307
4.79281
4.79255
4.79229
4.79204
4.79178
4.79152
4.79126
4.79101
4.79075
4.79049
4.79024
4.78998
4.78972
4.78946
4.78921
4.78895
4.78869
4.78844
4.78818
4.78792
4.78766
4.78741
4.78715
4.78689
4.78664
4.78638
4.78612
4.78586
4.78561
4.78535
4.78509
4.78483
4.78458
4.78432
4.78406
4.78381
4.78355
4.78329
4.78303
4.78278
4.78252
4.78226
4.78201
4.78175
4.78149
4.78123
4.78098
4.78072
4.78046
4.78021
4.77995
4.77969
4.77943
4.77918
4.77892
4.77866
4.77840
4.77815
4.77789
4.77763
4.77738
4.77712
4.77686
4.77660
4.77635
4.77609
4.77583
4.77558
4.77532
4.77506
4.77480
4.77455
4.77429
4.77403
4.77378
4.77352
4.77326
4.77300
4.77275
4.77249
4.77223
4.77197
4.77172
4.77146
4.77120
4.77095
4.77069
4.77043
4.77017
4.76992
4.76966
4.76940
4.76915
4.76889
4.76863
4.76837
4.76812
4.76786
4.76760
4.76735
4.76709
4.76683
4.76657
4.76632
4.76606
4.76580
4.76554
4.76529
4.76503
4.76477
4.76452
4.76426
4.76400
4.76374
4.76349
4.76323
4.76297
4.76272
4.76246
4.76220
4.76194
4.76169
4.76143
4.76117
4.76092
4.76066
4.76040
4.76014
4.75989
4.75963
4.75937
4.75911
4.75886
4.75860
4.75834
4.75809
4.75783
4.75757
4.75731
4.75706
4.75680
4.75654
4.75629
4.75603
4.75577
4.75551
4.75526
4.75500
4.75474
4.75449
4.75423
4.75397
4.75371
4.75346
4.75320
4.75294
4.75269
4.75243
4.75217
4.75191
4.75166
4.75140
4.75114
4.75088
4.75063
4.75037
4.75011
4.74986
4.74960
4.74934
4.74908
4.74883
4.74857
4.74831
4.74806
4.74780
4.74754
4.74728
4.74703
4.74677
4.74651
4.74626
4.74600
4.74574
4.74548
4.74523
4.74497
4.74471
4.74445
4.74420
4.74394
4.74368
4.74343
4.74317
4.74291
4.74265
4.74240
4.74214
4.74188
4.74163
4.74137
4.74111
4.74085
4.74060
4.74034
4.74008
4.73983
4.73957
4.73931
4.73905
4.73880
4.73854
4.73828
4.73803
4.73777
4.73751
4.73725
4.73700
4.73674
4.73648
4.73622
4.73597
4.73571
4.73545
4.73520
4.73494
4.73468
4.73442
4.73417
4.73391
4.73365
4.73340
4.73314
4.73288
4.73262
4.73237
4.73211
4.73185
4.73160
4.73134
4.73108
4.73082
4.73057
4.73031
4.73005
4.72980
4.72954
4.72928
4.72902
4.72877
4.72851
4.72825
4.72799
4.72774
4.72748
4.72722
4.72697
4.72671
4.72645
4.72619
4.72594
4.72568
4.72542
4.72517
4.72491
4.72465
4.72439
4.72414
4.72388
4.72362
4.72337
4.72311
4.72285
4.72259
4.72234
4.72208
4.72182
4.72157
4.72131
4.72105
4.72079
4.72054
4.72028
4.72002
4.71976
4.71951
4.71925
4.71899
4.71874
4.71848
4.71822
4.71796
4.71771
4.71745
4.71719
4.71694
4.71668
4.71642
4.71616
4.71591
4.71565
4.71539
4.71514
4.71488
4.71462
4.71436
4.71411
4.71385
4.71359
4.71334
4.71308
4.71282
4.71256
4.71231
4.71205
4.71179
4.71154
4.71128
4.71102
4.71076
4.71051
4.71025
4.70999
4.70973
4.70948
4.70922
4.70896
4.70871
4.70845
4.70819
4.70793
4.70768
4.70742
4.70716
4.70691
4.70665
4.70639
4.70613
4.70588
4.70562
4.70536
4.70511
4.70485
4.70459
4.70433
4.70408
4.70382
4.70356
4.70331
4.70305
4.70279
4.70253
4.70228
4.70202
4.70176
4.70150
4.70125
4.70099
4.70073
4.70048
4.70022
4.69996
4.69970
4.69945
4.69919
4.69893
4.69868
4.69842
4.69816
4.69790
4.69765
4.69739
4.69713
4.69688
4.69662
4.69636
4.69610
4.69585
4.69559
4.69533
4.69508
4.69482
4.69456
4.69430
4.69405
4.69379
4.69353
4.69328
4.69302
4.69276
4.69250
4.69225
4.69199
4.69173
4.69147
4.69122
4.69096
4.69070
4.69045
4.69019
4.68993
4.68967
4.68942
4.68916
4.68890
4.68865
4.68839
4.68813
4.68787
4.68762
4.68736
4.68710
4.68685
4.68659
4.68633
4.68607
4.68582
4.68556
4.68530
4.68505
4.68479
4.68453
4.68427
4.68402
4.68376
4.68350
4.68325
4.68299
4.68273
4.68247
4.68222
4.68196
4.68170
4.68145
4.68119
4.68093
4.68067
4.68042
4.68016
4.67990
4.67964
4.67939
4.67913
4.67887
4.67862
4.67836
4.67810
4.67784
4.67759
4.67733
4.67707
4.67682
4.67656
4.67630
4.67604
4.67579
4.67553
4.67527
4.67502
4.67476
4.67450
4.67424
4.67399
4.67373
4.67347
4.67322
4.67296
4.67270
4.67244
4.67219
4.67193
4.67167
4.67142
4.67116
4.67090
4.67064
4.67039
4.67013
4.66987
4.66962
4.66936
4.66910
4.66884
4.66859
4.66833
4.66807
4.66781
4.66756
4.66730
4.66704
4.66679
4.66653
4.66627
4.66601
4.66576
4.66550
4.66524
4.66499
4.66473
4.66447
4.66421
4.66396
4.66370
4.66344
4.66319
4.66293
4.66267
4.66241
4.66216
4.66190
4.66164
4.66139
4.66113
4.66087
4.66061
4.66036
4.66010
4.65984
4.65959
4.65933
4.65907
4.65881
4.65856
4.65830
4.65804
4.65779
4.65753
4.65727
4.65701
4.65676
4.65650
4.65624
4.65599
4.65573
4.65547
4.65521
4.65496
4.65470
4.65444
4.65418
4.65393
4.65367
4.65341
4.65316
4.65290
4.65264
4.65238
4.65213
4.65187
4.65161
4.65136
4.65110
4.65084
4.65058
4.65033
4.65007
4.64981
4.64956
4.64930
4.64904
4.64878
4.64853
4.64827
4.64801
4.64776
4.64750
4.64724
4.64698
4.64673
4.64647
4.64621
4.64596
4.64570
4.64544
4.64518
4.64493
4.64467
4.64441
4.64416
4.64390
4.64364
4.64338
4.64313
4.64287
4.64261
4.64236
4.64210
4.64184
4.64158
4.64133
4.64107
4.64081
4.64056
4.64030
4.64004
4.63978
4.63953
4.63927
4.63901
4.63875
4.63850
4.63824
4.63798
4.63773
4.63747
4.63721
4.63695
4.63670
4.63644
4.63618
4.63593
4.63567
4.63541
4.63515
4.63490
4.63464
4.63438
4.63413
4.63387
4.63361
4.63335
4.63310
4.63284
4.63258
4.63233
4.63207
4.63181
4.63155
4.63130
4.63104
4.63078
4.63053
4.63027
4.63001
4.62975
4.62950
4.62924
4.62898
4.62873
4.62847
4.62821
4.62795
4.62770
4.62744
4.62718
4.62693
4.62667
4.62641
4.62615
4.62590
4.62564
4.62538
4.62513
4.62487
4.62461
4.62435
4.62410
4.62384
4.62358
4.62333
4.62307
4.62281
4.62255
4.62230
4.62204
4.62178
4.62153
4.62127
4.62101
4.62075
4.62050
4.62024
4.61998
4.61972
4.61947
4.61921
4.61895
4.61870
4.61844
4.61818
4.61792
4.61767
4.61741
4.61715
4.61690
4.61664
4.61638
4.61612
4.61587
4.61561
4.61535
4.61510
4.61484
4.61458
4.61432
4.61407
4.61381
4.61355
4.61330
4.61304
4.61278
4.61252
4.61227
4.61201
4.61175
4.61150
4.61124
4.61098
4.61072
4.61047
4.61021
4.60995
4.60970
4.60944
4.60918
4.60892
4.60867
4.60841
4.60815
4.60790
4.60764
4.60738
4.60712
4.60687
4.60661
4.60635
4.60610
4.60584
4.60558
4.60532
4.60507
4.60481
4.60455
4.60430
4.60404
4.60378
4.60352
4.60327
4.60301
4.60275
4.60250
4.60224
4.60198
4.60172
4.60147
4.60121
4.60095
4.60070
4.60044
4.60018
4.59992
4.59967
4.59941
4.59915
4.59890
4.59864
4.59838
4.59812
4.59787
4.59761
4.59735
4.59710
4.59684
4.59658
4.59632
4.59607
4.59581
4.59555
4.59530
4.59504
4.59478
4.59452
4.59427
4.59401
4.59375
4.59350
4.59324
4.59298
4.59272
4.59247
4.59221
4.59195
4.59169
4.59144
4.59118
4.59092
4.59067
4.59041
4.59015
4.58989
4.58964
4.58938
4.58912
4.58887
4.58861
4.58835
4.58809
4.58784
4.58758
4.58732
4.58707
4.58681
4.58655
4.58629
4.58604
4.58578
4.58552
4.58527
4.58501
4.58475
4.58449
4.58424
4.58398
4.58372
4.58347
4.58321
4.58295
4.58269
4.58244
4.58218
4.58192
4.58167
4.58141
4.58115
4.58089
4.58064
4.58038
4.58012
4.57987
4.57961
4.57935
4.57909
4.57884
4.57858
4.57832
4.57807
4.57781
4.57755
4.57729
4.57704
4.57678
4.57652
4.57627
4.57601
4.57575
4.57549
4.57524
4.57498
4.57472
4.57447
4.57421
4.57395
4.57369
4.57344
4.57318
4.57292
4.57267
4.57241
4.57215
4.57189
4.57164
4.57138
4.57112
4.57087
4.57061
4.57035
4.57009
4.56984
4.56958
4.56932
4.56907
4.56881
4.56855
4.56829
4.56804
4.56778
4.56752
4.56727
4.56701
4.56675
4.56649
4.56624
4.56598
4.56572
4.56547
4.56521
4.56495
4.56469
4.56444
4.56418
4.56392
4.56367
4.56341
4.56315
4.56289
4.56264
4.56238
4.56212
4.56187
4.56161
4.56135
4.56109
4.56084
4.56058
4.56032
4.56007
4.55981
4.55955
4.55929
4.55904
4.55878
4.55852
4.55827
4.55801
4.55775
4.55749
4.55724
4.55698
4.55672
4.55647
4.55621
4.55595
4.55569
4.55544
4.55518
4.55492
4.55467
4.55441
4.55415
4.55389
4.55364
4.55338
4.55312
4.55287
4.55261
4.55235
4.55209
4.55184
4.55158
4.55132
4.55107
4.55081
4.55055
4.55029
4.55004
4.54978
4.54952
4.54927
4.54901
4.54875
4.54849
4.54824
4.54798
4.54772
4.54747
4.54721
4.54695
4.54669
4.54644
4.54618
4.54592
4.54567
4.54541
4.54515
4.54489
4.54464
4.54438
4.54412
4.54387
4.54361
4.54335
4.54309
4.54284
4.54258
4.54232
4.54207
4.54181
4.54155
4.54129
4.54104
4.54078
4.54052
4.54027
4.54001
4.53975
4.53949
4.53924
4.53898
4.53872
4.53847
4.53821
4.53795
4.53769
4.53744
4.53718
4.53692
4.53667
4.53641
4.53615
4.53589
4.53564
4.53538
4.53512
4.53487
4.53461
4.53435
4.53409
4.53384
4.53358
4.53332
4.53307
4.53281
4.53255
4.53229
4.53204
4.53178
4.53152
4.53127
4.53101
4.53075
4.53049
4.53024
4.52998
4.52972
4.52947
4.52921
4.52895
4.52869
4.52844
4.52818
4.52792
4.52767
4.52741
4.52715
4.52689
4.52664
4.52638
4.52612
4.52587
4.52561
4.52535
4.52509
4.52484
4.52458
4.52432
4.52407
4.52381
4.52355
4.52329
4.52304
4.52278
4.52252
4.52227
4.52201
4.52175
4.52149
4.52124
4.52098
4.52072
4.52047
4.52021
4.51995
4.51969
4.51944
4.51918
4.51892
4.51867
4.51841
4.51815
4.51790
4.51764
4.51738
4.51712
4.51687
4.51661
4.51635
4.51610
4.51584
4.51558
4.51532
4.51507
4.51481
4.51455
4.51430
4.51404
4.51378
4.51352
4.51327
4.51301
4.51275
4.51250
4.51224
4.51198
4.51172
4.51147
4.51121
4.51095
4.51070
4.51044
4.51018
4.50992
4.50967
4.50941
4.50915
4.50890
4.50864
4.50838
4.50812
4.50787
4.50761
4.50735
4.50710
4.50684
4.50658
4.50632
4.50607
4.50581
4.50555
4.50530
4.50504
4.50478
4.50452
4.50427
4.50401
4.50375
4.50350
4.50324
4.50298
4.50272
4.50247
4.50221
4.50195
4.50170
4.50144
4.50118
4.50092
4.50067
4.50041
4.50015
4.49990
4.49964
4.49938
4.49912
4.49887
4.49861
4.49835
4.49810
4.49784
4.49758
4.49732
4.49707
4.49681
4.49655
4.49630
4.49604
4.49578
4.49552
4.49527
4.49501
4.49475
4.49450
4.49424
4.49398
4.49372
4.49347
4.49321
4.49295
4.49270
4.49244
4.49218
4.49192
4.49167
4.49141
4.49115
4.49090
4.49064
4.49038
4.49013
4.48987
4.48961
4.48935
4.48910
4.48884
4.48858
4.48833
4.48807
4.48781
4.48755
4.48730
4.48704
4.48678
4.48653
4.48627
4.48601
4.48575
4.48550
4.48524
4.48498
4.48473
4.48447
4.48421
4.48395
4.48370
4.48344
4.48318
4.48293
4.48267
4.48241
4.48215
4.48190
4.48164
4.48138
4.48113
4.48087
4.48061
4.48035
4.48010
4.47984
4.47958
4.47933
4.47907
4.47881
4.47855
4.47830
4.47804
4.47778
4.47753
4.47727
4.47701
4.47675
4.47650
4.47624
4.47598
4.47573
4.47547
4.47521
4.47495
4.47470
4.47444
4.47418
4.47393
4.47367
4.47341
4.47315
4.47290
4.47264
4.47238
4.47213
4.47187
4.47161
4.47135
4.47110
4.47084
4.47058
4.47033
4.47007
4.46981
4.46956
4.46930
4.46904
4.46878
4.46853
4.46827
4.46801
4.46776
4.46750
4.46724
4.46698
4.46673
4.46647
4.46621
4.46596
4.46570
4.46544
4.46518
4.46493
4.46467
4.46441
4.46416
4.46390
4.46364
4.46338
4.46313
4.46287
4.46261
4.46236
4.46210
4.46184
4.46158
4.46133
4.46107
4.46081
4.46056
4.46030
4.46004
4.45978
4.45953
4.45927
4.45901
4.45876
4.45850
4.45824
4.45798
4.45773
4.45747
4.45721
4.45696
4.45670
4.45644
4.45618
4.45593
4.45567
4.45541
4.45516
4.45490
4.45464
4.45439
4.45413
4.45387
4.45361
4.45336
4.45310
4.45284
4.45259
4.45233
4.45207
4.45181
4.45156
4.45130
4.45104
4.45079
4.45053
4.45027
4.45001
4.44976
4.44950
4.44924
4.44899
4.44873
4.44847
4.44821
4.44796
4.44770
4.44744
4.44719
4.44693
4.44667
4.44641
4.44616
4.44590
4.44564
4.44539
4.44513
4.44487
4.44461
4.44436
4.44410
4.44384
4.44359
4.44333
4.44307
4.44281
4.44256
4.44230
4.44204
4.44179
4.44153
4.44127
4.44102
4.44076
4.44050
4.44024
4.43999
4.43973
4.43947
4.43922
4.43896
4.43870
4.43844
4.43819
4.43793
4.43767
4.43742
4.43716
4.43690
4.43664
4.43639
4.43613
4.43587
4.43562
4.43536
4.43510
4.43484
4.43459
4.43433
4.43407
4.43382
4.43356
4.43330
4.43304
4.43279
4.43253
4.43227
4.43202
4.43176
4.43150
4.43124
4.43099
4.43073
4.43047
4.43022
4.42996
4.42970
4.42945
4.42919
4.42893
4.42867
4.42842
4.42816
4.42790
4.42765
4.42739
4.42713
4.42687
4.42662
4.42636
4.42610
4.42585
4.42559
4.42533
4.42507
4.42482
4.42456
4.42430
4.42405
4.42379
4.42353
4.42327
4.42302
4.42276
4.42250
4.42225
4.42199
4.42173
4.42147
4.42122
4.42096
4.42070
4.42045
4.42019
4.41993
4.41967
4.41942
4.41916
4.41890
4.41865
4.41839
4.41813
4.41788
4.41762
4.41736
4.41710
4.41685
4.41659
4.41633
4.41608
4.41582
4.41556
4.41530
4.41505
4.41479
4.41453
4.41428
4.41402
4.41376
4.41350
4.41325
4.41299
4.41273
4.41248
4.41222
4.41196
4.41170
4.41145
4.41119
4.41093
4.41068
4.41042
4.41016
4.40990
4.40965
4.40939
4.40913
4.40888
4.40862
4.40836
4.40811
4.40785
4.40759
4.40733
4.40708
4.40682
4.40656
4.40631
4.40605
4.40579
4.40553
4.40528
4.40502
4.40476
4.40451
4.40425
4.40399
4.40373
4.40348
4.40322
4.40296
4.40271
4.40245
4.40219
4.40193
4.40168
4.40142
4.40116
4.40091
4.40065
4.40039
4.40013
4.39988
4.39962
4.39936
4.39911
4.39885
4.39859
4.39834
4.39808
4.39782
4.39756
4.39731
4.39705
4.39679
4.39654
4.39628
4.39602
4.39576
4.39551
4.39525
4.39499
4.39474
4.39448
4.39422
4.39396
4.39371
4.39345
4.39319
4.39294
4.39268
4.39242
4.39216
4.39191
4.39165
4.39139
4.39114
4.39088
4.39062
4.39036
4.39011
4.38985
4.38959
4.38934
4.38908
4.38882
4.38857
4.38831
4.38805
4.38779
4.38754
4.38728
4.38702
4.38677
4.38651
4.38625
4.38599
4.38574
4.38548
4.38522
4.38497
4.38471
4.38445
4.38419
4.38394
4.38368
4.38342
4.38317
4.38291
4.38265
4.38239
4.38214
4.38188
4.38162
4.38137
4.38111
4.38085
4.38060
4.38034
4.38008
4.37982
4.37957
4.37931
4.37905
4.37880
4.37854
4.37828
4.37802
4.37777
4.37751
4.37725
4.37700
4.37674
4.37648
4.37622
4.37597
4.37571
4.37545
4.37520
4.37494
4.37468
4.37442
4.37417
4.37391
4.37365
4.37340
4.37314
4.37288
4.37263
4.37237
4.37211
4.37185
4.37160
4.37134
4.37108
4.37083
4.37057
4.37031
4.37005
4.36980
4.36954
4.36928
4.36903
4.36877
4.36851
4.36825
4.36800
4.36774
4.36748
4.36723
4.36697
4.36671
4.36645
4.36620
4.36594
4.36568
4.36543
4.36517
4.36491
4.36466
4.36440
4.36414
4.36388
4.36363
4.36337
4.36311
4.36286
4.36260
4.36234
4.36208
4.36183
4.36157
4.36131
4.36106
4.36080
4.36054
4.36028
4.36003
4.35977
4.35951
4.35926
4.35900
4.35874
4.35849
4.35823
4.35797
4.35771
4.35746
4.35720
4.35694
4.35669
4.35643
4.35617
4.35591
4.35566
4.35540
4.35514
4.35489
4.35463
4.35437
4.35411
4.35386
4.35360
4.35334
4.35309
4.35283
4.35257
4.35231
4.35206
4.35180
4.35154
4.35129
4.35103
4.35077
4.35052
4.35026
4.35000
4.34974
4.34949
4.34923
4.34897
4.34872
4.34846
4.34820
4.34794
4.34769
4.34743
4.34717
4.34692
4.34666
4.34640
4.34614
4.34589
4.34563
4.34537
4.34512
4.34486
4.34460
4.34435
4.34409
4.34383
4.34357
4.34332
4.34306
4.34280
4.34255
4.34229
4.34203
4.34177
4.34152
4.34126
4.34100
4.34075
4.34049
4.34023
4.33997
4.33972
4.33946
4.33920
4.33895
4.33869
4.33843
4.33817
4.33792
4.33766
4.33740
4.33715
4.33689
4.33663
4.33638
4.33612
4.33586
4.33560
4.33535
4.33509
4.33483
4.33458
4.33432
4.33406
4.33380
4.33355
4.33329
4.33303
4.33278
4.33252
4.33226
4.33200
4.33175
4.33149
4.33123
4.33098
4.33072
4.33046
4.33021
4.32995
4.32969
4.32943
4.32918
4.32892
4.32866
4.32841
4.32815
4.32789
4.32763
4.32738
4.32712
4.32686
4.32661
4.32635
4.32609
4.32583
4.32558
4.32532
4.32506
4.32481
4.32455
4.32429
4.32404
4.32378
4.32352
4.32326
4.32301
4.32275
4.32249
4.32224
4.32198
4.32172
4.32146
4.32121
4.32095
4.32069
4.32044
4.32018
4.31992
4.31966
4.31941
4.31915
4.31889
4.31864
4.31838
4.31812
4.31787
4.31761
4.31735
4.31709
4.31684
4.31658
4.31632
4.31607
4.31581
4.31555
4.31529
4.31504
4.31478
4.31452
4.31427
4.31401
4.31375
4.31349
4.31324
4.31298
4.31272
4.31247
4.31221
4.31195
4.31170
4.31144
4.31118
4.31092
4.31067
4.31041
4.31015
4.30990
4.30964
4.30938
4.30912
4.30887
4.30861
4.30835
4.30810
4.30784
4.30758
4.30732
4.30707
4.30681
4.30655
4.30630
4.30604
4.30578
4.30553
4.30527
4.30501
4.30475
4.30450
4.30424
4.30398
4.30373
4.30347
4.30321
4.30295
4.30270
4.30244
4.30218
4.30193
4.30167
4.30141
4.30116
4.30090
4.30064
4.30038
4.30013
4.29987
4.29961
4.29936
4.29910
4.29884
4.29858
4.29833
4.29807
4.29781
4.29756
4.29730
4.29704
4.29678
4.29653
4.29627
4.29601
4.29576
4.29550
4.29524
4.29499
4.29473
4.29447
4.29421
4.29396
4.29370
4.29344
4.29319
4.29293
4.29267
4.29241
4.29216
4.29190
4.29164
4.29139
4.29113
4.29087
4.29061
4.29036
4.29010
4.28984
4.28959
4.28933
4.28907
4.28882
4.28856
4.28830
4.28804
4.28779
4.28753
4.28727
4.28702
4.28676
4.28650
4.28624
4.28599
4.28573
4.28547
4.28522
4.28496
4.28470
4.28445
4.28419
4.28393
4.28367
4.28342
4.28316
4.28290
4.28265
4.28239
4.28213
4.28187
4.28162
4.28136
4.28110
4.28085
4.28059
4.28033
4.28007
4.27982
4.27956
4.27930
4.27905
4.27879
4.27853
4.27828
4.27802
4.27776
4.27750
4.27725
4.27699
4.27673
4.27648
4.27622
4.27596
4.27570
4.27545
4.27519
4.27493
4.27468
4.27442
4.27416
4.27391
4.27365
4.27339
4.27313
4.27288
4.27262
4.27236
4.27211
4.27185
4.27159
4.27133
4.27108
4.27082
4.27056
4.27031
4.27005
4.26979
4.26953
4.26928
4.26902
4.26876
4.26851
4.26825
4.26799
4.26774
4.26748
4.26722
4.26696
4.26671
4.26645
4.26619
4.26594
4.26568
4.26542
4.26516
4.26491
4.26465
4.26439
4.26414
4.26388
4.26362
4.26337
4.26311
4.26285
4.26259
4.26234
4.26208
4.26182
4.26157
4.26131
4.26105
4.26079
4.26054
4.26028
4.26002
4.25977
4.25951
4.25925
4.25900
4.25874
4.25848
4.25822
4.25797
4.25771
4.25745
4.25720
4.25694
4.25668
4.25642
4.25617
4.25591
4.25565
4.25540
4.25514
4.25488
4.25462
4.25437
4.25411
4.25385
4.25360
4.25334
4.25308
4.25283
4.25257
4.25231
4.25205
4.25180
4.25154
4.25128
4.25103
4.25077
4.25051
4.25025
4.25000
4.24974
4.24948
4.24923
4.24897
4.24871
4.24846
4.24820
4.24794
4.24768
4.24743
4.24717
4.24691
4.24666
4.24640
4.24614
4.24588
4.24563
4.24537
4.24511
4.24486
4.24460
4.24434
4.24409
4.24383
4.24357
4.24331
4.24306
4.24280
4.24254
4.24229
4.24203
4.24177
4.24151
4.24126
4.24100
4.24074
4.24049
4.24023
4.23997
4.23972
4.23946
4.23920
4.23894
4.23869
4.23843
4.23817
4.23792
4.23766
4.23740
4.23714
4.23689
4.23663
4.23637
4.23612
4.23586
4.23560
4.23535
4.23509
4.23483
4.23457
4.23432
4.23406
4.23380
4.23355
4.23329
4.23303
4.23277
4.23252
4.23226
4.23200
4.23175
4.23149
4.23123
4.23098
4.23072
4.23046
4.23020
4.22995
4.22969
4.22943
4.22918
4.22892
4.22866
4.22840
4.22815
4.22789
4.22763
4.22738
4.22712
4.22686
4.22661
4.22635
4.22609
4.22583
4.22558
4.22532
4.22506
4.22481
4.22455
4.22429
4.22403
4.22378
4.22352
4.22326
4.22301
4.22275
4.22249
4.22224
4.22198
4.22172
4.22146
4.22121
4.22095
4.22069
4.22044
4.22018
4.21992
4.21966
4.21941
4.21915
4.21889
4.21864
4.21838
4.21812
4.21787
4.21761
4.21735
4.21709
4.21684
4.21658
4.21632
4.21607
4.21581
4.21555
4.21529
4.21504
4.21478
4.21452
4.21427
4.21401
4.21375
4.21350
4.21324
4.21298
4.21272
4.21247
4.21221
4.21195
4.21170
4.21144
4.21118
4.21092
4.21067
4.21041
4.21015
4.20990
4.20964
4.20938
4.20913
4.20887
4.20861
4.20835
4.20810
4.20784
4.20758
4.20733
4.20707
4.20681
4.20655
4.20630
4.20604
4.20578
4.20553
4.20527
4.20501
4.20476
4.20450
4.20424
4.20398
4.20373
4.20347
4.20321
4.20296
4.20270
4.20244
4.20218
4.20193
4.20167
4.20141
4.20116
4.20090
4.20064
4.20039
4.20013
4.19987
4.19961
4.19936
4.19910
4.19884
4.19859
4.19833
4.19807
4.19781
4.19756
4.19730
4.19704
4.19679
4.19653
4.19627
4.19602
4.19576
4.19550
4.19524
4.19499
4.19473
4.19447
4.19422
4.19396
4.19370
4.19345
4.19319
4.19293
4.19267
4.19242
4.19216
4.19190
4.19165
4.19139
4.19113
4.19087
4.19062
4.19036
4.19010
4.18985
4.18959
4.18933
4.18908
4.18882
4.18856
4.18830
4.18805
4.18779
4.18753
4.18728
4.18702
4.18676
4.18650
4.18625
4.18599
4.18573
4.18548
4.18522
4.18496
4.18471
4.18445
4.18419
4.18393
4.18368
4.18342
4.18316
4.18291
4.18265
4.18239
4.18213
4.18188
4.18162
4.18136
4.18111
4.18085
4.18059
4.18034
4.18008
4.17982
4.17956
4.17931
4.17905
4.17879
4.17854
4.17828
4.17802
4.17777
4.17751
4.17725
4.17699
4.17674
4.17648
4.17622
4.17597
4.17571
4.17545
4.17519
4.17494
4.17468
4.17442
4.17417
4.17391
4.17365
4.17340
4.17314
4.17288
4.17262
4.17237
4.17211
4.17185
4.17160
4.17134
4.17108
4.17082
4.17057
4.17031
4.17005
4.16980
4.16954
4.16928
4.16903
4.16877
4.16851
4.16825
4.16800
4.16774
4.16748
4.16723
4.16697
4.16671
4.16646
4.16620
4.16594
4.16568
4.16543
4.16517
4.16491
4.16466
4.16440
4.16414
4.16388
4.16363
4.16337
4.16311
4.16286
4.16260
4.16234
4.16209
4.16183
4.16157
4.16131
4.16106
4.16080
4.16054
4.16029
4.16003
4.15977
4.15952
4.15926
4.15900
4.15874
4.15849
4.15823
4.15797
4.15772
4.15746
4.15720
4.15694
4.15669
4.15643
4.15617
4.15592
4.15566
4.15540
4.15515
4.15489
4.15463
4.15437
4.15412
4.15386
4.15360
4.15335
4.15309
4.15283
4.15257
4.15232
4.15206
4.15180
4.15155
4.15129
4.15103
4.15078
4.15052
4.15026
4.15000
4.14975
4.14949
4.14923
4.14898
4.14872
4.14846
4.14821
4.14795
4.14769
4.14743
4.14718
4.14692
4.14666
4.14641
4.14615
4.14589
4.14563
4.14538
4.14512
4.14486
4.14461
4.14435
4.14409
4.14384
4.14358
4.14332
4.14306
4.14281
4.14255
4.14229
4.14204
4.14178
4.14152
4.14127
4.14101
4.14075
4.14049
4.14024
4.13998
4.13972
4.13947
4.13921
4.13895
4.13869
4.13844
4.13818
4.13792
4.13767
4.13741
4.13715
4.13690
4.13664
4.13638
4.13612
4.13587
4.13561
4.13535
4.13510
4.13484
4.13458
4.13433
4.13407
4.13381
4.13355
4.13330
4.13304
4.13278
4.13253
4.13227
4.13201
4.13175
4.13150
4.13124
4.13098
4.13073
4.13047
4.13021
4.12996
4.12970
4.12944
4.12918
4.12893
4.12867
4.12841
4.12816
4.12790
4.12764
4.12739
4.12713
4.12687
4.12661
4.12636
4.12610
4.12584
4.12559
4.12533
4.12507
4.12482
4.12456
4.12430
4.12404
4.12379
4.12353
4.12327
4.12302
4.12276
4.12250
4.12224
4.12199
4.12173
4.12147
4.12122
4.12096
4.12070
4.12045
4.12019
4.11993
4.11967
4.11942
4.11916
4.11890
4.11865
4.11839
4.11813
4.11788
4.11762
4.11736
4.11710
4.11685
4.11659
4.11633
4.11608
4.11582
4.11556
4.11530
4.11505
4.11479
4.11453
4.11428
4.11402
4.11376
4.11351
4.11325
4.11299
4.11273
4.11248
4.11222
4.11196
4.11171
4.11145
4.11119
4.11094
4.11068
4.11042
4.11016
4.10991
4.10965
4.10939
4.10914
4.10888
4.10862
4.10837
4.10811
4.10785
4.10759
4.10734
4.10708
4.10682
4.10657
4.10631
4.10605
4.10579
4.10554
4.10528
4.10502
4.10477
4.10451
4.10425
4.10400
4.10374
4.10348
4.10322
4.10297
4.10271
4.10245
4.10220
4.10194
4.10168
4.10143
4.10117
4.10091
4.10065
4.10040
4.10014
4.09988
4.09963
4.09937
4.09911
4.09886
4.09860
4.09834
4.09808
4.09783
4.09757
4.09731
4.09706
4.09680
4.09654
4.09628
4.09603
4.09577
4.09551
4.09526
4.09500
4.09474
4.09449
4.09423
4.09397
4.09371
4.09346
4.09320
4.09294
4.09269
4.09243
4.09217
4.09192
4.09166
4.09140
4.09114
4.09089
4.09063
4.09037
4.09012
4.08986
4.08960
4.08935
4.08909
4.08883
4.08857
4.08832
4.08806
4.08780
4.08755
4.08729
4.08703
4.08677
4.08652
4.08626
4.08600
4.08575
4.08549
4.08523
4.08498
4.08472
4.08446
4.08420
4.08395
4.08369
4.08343
4.08318
4.08292
4.08266
4.08241
4.08215
4.08189
4.08163
4.08138
4.08112
4.08086
4.08061
4.08035
4.08009
4.07984
4.07958
4.07932
4.07906
4.07881
4.07855
4.07829
4.07804
4.07778
4.07752
4.07727
4.07701
4.07675
4.07649
4.07624
4.07598
4.07572
4.07547
4.07521
4.07495
4.07469
4.07444
4.07418
4.07392
4.07367
4.07341
4.07315
4.07290
4.07264
4.07238
4.07212
4.07187
4.07161
4.07135
4.07110
4.07084
4.07058
4.07033
4.07007
4.06981
4.06955
4.06930
4.06904
4.06878
4.06853
4.06827
4.06801
4.06776
4.06750
4.06724
4.06698
4.06673
4.06647
4.06621
4.06596
4.06570
4.06544
4.06519
4.06493
4.06467
4.06441
4.06416
4.06390
4.06364
4.06339
4.06313
4.06287
4.06262
4.06236
4.06210
4.06184
4.06159
4.06133
4.06107
4.06082
4.06056
4.06030
4.06004
4.05979
4.05953
4.05927
4.05902
4.05876
4.05850
4.05825
4.05799
4.05773
4.05747
4.05722
4.05696
4.05670
4.05645
4.05619
4.05593
4.05568
4.05542
4.05516
4.05490
4.05465
4.05439
4.05413
4.05388
4.05362
4.05336
4.05311
4.05285
4.05259
4.05233
4.05208
4.05182
4.05156
4.05131
4.05105
4.05079
4.05054
4.05028
4.05002
4.04976
4.04951
4.04925
4.04899
4.04874
4.04848
4.04822
4.04797
4.04771
4.04745
4.04719
4.04694
4.04668
4.04642
4.04617
4.04591
4.04565
4.04540
4.04514
4.04488
4.04462
4.04437
4.04411
4.04385
4.04360
4.04334
4.04308
4.04282
4.04257
4.04231
4.04205
4.04180
4.04154
4.04128
4.04103
4.04077
4.04051
4.04025
4.04000
4.03974
4.03948
4.03923
4.03897
4.03871
4.03846
4.03820
4.03794
4.03768
4.03743
4.03717
4.03691
4.03666
4.03640
4.03614
4.03589
4.03563
4.03537
4.03511
4.03486
4.03460
4.03434
4.03409
4.03383
4.03357
4.03332
4.03306
4.03280
4.03254
4.03229
4.03203
4.03177
4.03152
4.03126
4.03100
4.03075
4.03049
4.03023
4.02997
4.02972
4.02946
4.02920
4.02895
4.02869
4.02843
4.02818
4.02792
4.02766
4.02740
4.02715
4.02689
4.02663
4.02638
4.02612
4.02586
4.02561
4.02535
4.02509
4.02483
4.02458
4.02432
4.02406
4.02381
4.02355
4.02329
4.02304
4.02278
4.02252
4.02226
4.02201
4.02175
4.02149
4.02124
4.02098
4.02072
4.02047
4.02021
4.01995
4.01969
4.01944
4.01918
4.01892
4.01867
4.01841
4.01815
4.01790
4.01764
4.01738
4.01712
4.01687
4.01661
4.01635
4.01610
4.01584
4.01558
4.01533
4.01507
4.01481
4.01455
4.01430
4.01404
4.01378
4.01353
4.01327
4.01301
4.01275
4.01250
4.01224
4.01198
4.01173
4.01147
4.01121
4.01096
4.01070
4.01044
4.01018
4.00993
4.00967
4.00941
4.00916
4.00890
4.00864
4.00839
4.00813
4.00787
4.00761
4.00736
4.00710
4.00684
4.00659
4.00633
4.00607
4.00582
4.00556
4.00530
4.00504
4.00479
4.00453
4.00427
4.00402
4.00376
4.00350
4.00325
4.00299
4.00273
4.00247
4.00222
4.00196
4.00170
4.00145
4.00119
4.00093
4.00068
4.00042
4.00016
3.99990
3.99965
3.99939
3.99913
3.99888
3.99862
3.99836
3.99811
3.99785
3.99759
3.99733
3.99708
3.99682
3.99656
3.99631
3.99605
3.99579
3.99554
3.99528
3.99502
3.99476
3.99451
3.99425
3.99399
3.99374
3.99348
3.99322
3.99297
3.99271
3.99245
3.99219
3.99194
3.99168
3.99142
3.99117
3.99091
3.99065
3.99040
3.99014
3.98988
3.98962
3.98937
3.98911
3.98885
3.98860
3.98834
3.98808
3.98783
3.98757
3.98731
3.98705
3.98680
3.98654
3.98628
3.98603
3.98577
3.98551
3.98526
3.98500
3.98474
3.98448
3.98423
3.98397
3.98371
3.98346
3.98320
3.98294
3.98269
3.98243
3.98217
3.98191
3.98166
3.98140
3.98114
3.98089
3.98063
3.98037
3.98012
3.97986
3.97960
3.97934
3.97909
3.97883
3.97857
3.97832
3.97806
3.97780
3.97755
3.97729
3.97703
3.97678
3.97652
3.97626
3.97600
3.97575
3.97549
3.97523
3.97498
3.97472
3.97446
3.97421
3.97395
3.97369
3.97343
3.97318
3.97292
3.97266
3.97241
3.97215
3.97189
3.97164
3.97138
3.97112
3.97086
3.97061
3.97035
3.97009
3.96984
3.96958
3.96932
3.96907
3.96881
3.96855
3.96829
3.96804
3.96778
3.96752
3.96727
3.96701
3.96675
3.96650
3.96624
3.96598
3.96572
3.96547
3.96521
3.96495
3.96470
3.96444
3.96418
3.96393
3.96367
3.96341
3.96315
3.96290
3.96264
3.96238
3.96213
3.96187
3.96161
3.96136
3.96110
3.96084
3.96058
3.96033
3.96007
3.95981
3.95956
3.95930
3.95904
3.95879
3.95853
3.95827
3.95801
3.95776
3.95750
3.95724
3.95699
3.95673
3.95647
3.95622
3.95596
3.95570
3.95544
3.95519
3.95493
3.95467
3.95442
3.95416
3.95390
3.95365
3.95339
3.95313
3.95287
3.95262
3.95236
3.95210
3.95185
3.95159
3.95133
3.95108
3.95082
3.95056
3.95030
3.95005
3.94979
3.94953
3.94928
3.94902
3.94876
3.94851
3.94825
3.94799
3.94773
3.94748
3.94722
3.94696
3.94671
3.94645
3.94619
3.94594
3.94568
3.94542
3.94517
3.94491
3.94465
3.94439
3.94414
3.94388
3.94362
3.94337
3.94311
3.94285
3.94260
3.94234
3.94208
3.94182
3.94157
3.94131
3.94105
3.94080
3.94054
3.94028
3.94003
3.93977
3.93951
3.93925
3.93900
3.93874
3.93848
3.93823
3.93797
3.93771
3.93746
3.93720
3.93694
3.93668
3.93643
3.93617
3.93591
3.93566
3.93540
3.93514
3.93489
3.93463
3.93437
3.93411
3.93386
3.93360
3.93334
3.93309
3.93283
3.93257
3.93232
3.93206
3.93180
3.93154
3.93129
3.93103
3.93077
3.93052
3.93026
3.93000
3.92975
3.92949
3.92923
3.92898
3.92872
3.92846
3.92820
3.92795
3.92769
3.92743
3.92718
3.92692
3.92666
3.92641
3.92615
3.92589
3.92563
3.92538
3.92512
3.92486
3.92461
3.92435
3.92409
3.92384
3.92358
3.92332
3.92306
3.92281
3.92255
3.92229
3.92204
3.92178
3.92152
3.92127
3.92101
3.92075
3.92049
3.92024
3.91998
3.91972
3.91947
3.91921
3.91895
3.91870
3.91844
3.91818
3.91792
3.91767
3.91741
3.91715
3.91690
3.91664
3.91638
3.91613
3.91587
3.91561
3.91536
3.91510
3.91484
3.91458
3.91433
3.91407
3.91381
3.91356
3.91330
3.91304
3.91279
3.91253
3.91227
3.91201
3.91176
3.91150
3.91124
3.91099
3.91073
3.91047
3.91022
3.90996
3.90970
3.90944
3.90919
3.90893
3.90867
3.90842
3.90816
3.90790
3.90765
3.90739
3.90713
3.90687
3.90662
3.90636
3.90610
3.90585
3.90559
3.90533
3.90508
3.90482
3.90456
3.90431
3.90405
3.90379
3.90353
3.90328
3.90302
3.90276
3.90251
3.90225
3.90199
3.90174
3.90148
3.90122
3.90096
3.90071
3.90045
3.90019
3.89994
3.89968
3.89942
3.89917
3.89891
3.89865
3.89839
3.89814
3.89788
3.89762
3.89737
3.89711
3.89685
3.89660
3.89634
3.89608
3.89582
3.89557
3.89531
3.89505
3.89480
3.89454
3.89428
3.89403
3.89377
3.89351
3.89326
3.89300
3.89274
3.89248
3.89223
3.89197
3.89171
3.89146
3.89120
3.89094
3.89069
3.89043
3.89017
3.88991
3.88966
3.88940
3.88914
3.88889
3.88863
3.88837
3.88812
3.88786
3.88760
3.88734
3.88709
3.88683
3.88657
3.88632
3.88606
3.88580
3.88555
3.88529
3.88503
3.88477
3.88452
3.88426
3.88400
3.88375
3.88349
3.88323
3.88298
3.88272
3.88246
3.88221
3.88195
3.88169
3.88143
3.88118
3.88092
3.88066
3.88041
3.88015
3.87989
3.87964
3.87938
3.87912
3.87886
3.87861
3.87835
3.87809
3.87784
3.87758
3.87732
3.87707
3.87681
3.87655
3.87629
3.87604
3.87578
3.87552
3.87527
3.87501
3.87475
3.87450
3.87424
3.87398
3.87373
3.87347
3.87321
3.87295
3.87270
3.87244
3.87218
3.87193
3.87167
3.87141
3.87116
3.87090
3.87064
3.87038
3.87013
3.86987
3.86961
3.86936
3.86910
3.86884
3.86859
3.86833
3.86807
3.86782
3.86756
3.86730
3.86704
3.86679
3.86653
3.86627
3.86602
3.86576
3.86550
3.86525
3.86499
3.86473
3.86447
3.86422
3.86396
3.86370
3.86345
3.86319
3.86293
3.86268
3.86242
3.86216
3.86190
3.86165
3.86139
3.86113
3.86088
3.86062
3.86036
3.86011
3.85985
3.85959
3.85934
3.85908
3.85882
3.85856
3.85831
3.85805
3.85779
3.85754
3.85728
3.85702
3.85677
3.85651
3.85625
3.85599
3.85574
3.85548
3.85522
3.85497
3.85471
3.85445
3.85420
3.85394
3.85368
3.85342
3.85317
3.85291
3.85265
3.85240
3.85214
3.85188
3.85163
3.85137
3.85111
3.85086
3.85060
3.85034
3.85008
3.84983
3.84957
3.84931
3.84906
3.84880
3.84854
3.84829
3.84803
3.84777
3.84751
3.84726
3.84700
3.84674
3.84649
3.84623
3.84597
3.84572
3.84546
3.84520
3.84495
3.84469
3.84443
3.84417
3.84392
3.84366
3.84340
3.84315
3.84289
3.84263
3.84238
3.84212
3.84186
3.84160
3.84135
3.84109
3.84083
3.84058
3.84032
3.84006
3.83981
3.83955
3.83929
3.83904
3.83878
3.83852
3.83826
3.83801
3.83775
3.83749
3.83724
3.83698
3.83672
3.83647
3.83621
3.83595
3.83569
3.83544
3.83518
3.83492
3.83467
3.83441
3.83415
3.83390
3.83364
3.83338
3.83313
3.83287
3.83261
3.83235
3.83210
3.83184
3.83158
3.83133
3.83107
3.83081
3.83056
3.83030
3.83004
3.82978
3.82953
3.82927
3.82901
3.82876
3.82850
3.82824
3.82799
3.82773
3.82747
3.82722
3.82696
3.82670
3.82644
3.82619
3.82593
3.82567
3.82542
3.82516
3.82490
3.82465
3.82439
3.82413
3.82387
3.82362
3.82336
3.82310
3.82285
3.82259
3.82233
3.82208
3.82182
3.82156
3.82131
3.82105
3.82079
3.82053
3.82028
3.82002
3.81976
3.81951
3.81925
3.81899
3.81874
3.81848
3.81822
3.81796
3.81771
3.81745
3.81719
3.81694
3.81668
3.81642
3.81617
3.81591
3.81565
3.81540
3.81514
3.81488
3.81462
3.81437
3.81411
3.81385
3.81360
3.81334
3.81308
3.81283
3.81257
3.81231
3.81205
3.81180
3.81154
3.81128
3.81103
3.81077
3.81051
3.81026
3.81000
3.80974
3.80949
3.80923
3.80897
3.80871
3.80846
3.80820
3.80794
3.80769
3.80743
3.80717
3.80692
3.80666
3.80640
3.80614
3.80589
3.80563
3.80537
3.80512
3.80486
3.80460
3.80435
3.80409
3.80383
3.80358
3.80332
3.80306
3.80280
3.80255
3.80229
3.80203
3.80178
3.80152
3.80126
3.80101
3.80075
3.80049
3.80023
3.79998
3.79972
3.79946
3.79921
3.79895
3.79869
3.79844
3.79818
3.79792
3.79767
3.79741
3.79715
3.79689
3.79664
3.79638
3.79612
3.79587
3.79561
3.79535
3.79510
3.79484
3.79458
3.79433
3.79407
3.79381
3.79355
3.79330
3.79304
3.79278
3.79253
3.79227
3.79201
3.79176
3.79150
3.79124
3.79098
3.79073
3.79047
3.79021
3.78996
3.78970
3.78944
3.78919
3.78893
3.78867
3.78842
3.78816
3.78790
3.78764
3.78739
3.78713
3.78687
3.78662
3.78636
3.78610
3.78585
3.78559
3.78533
3.78507
3.78482
3.78456
3.78430
3.78405
3.78379
3.78353
3.78328
3.78302
3.78276
3.78251
3.78225
3.78199
3.78173
3.78148
3.78122
3.78096
3.78071
3.78045
3.78019
3.77994
3.77968
3.77942
3.77917
3.77891
3.77865
3.77839
3.77814
3.77788
3.77762
3.77737
3.77711
3.77685
3.77660
3.77634
3.77608
3.77582
3.77557
3.77531
3.77505
3.77480
3.77454
3.77428
3.77403
3.77377
3.77351
3.77326
3.77300
3.77274
3.77248
3.77223
3.77197
3.77171
3.77146
3.77120
3.77094
3.77069
3.77043
3.77017
3.76992
3.76966
3.76940
3.76914
3.76889
3.76863
3.76837
3.76812
3.76786
3.76760
3.76735
3.76709
3.76683
3.76658
3.76632
3.76606
3.76580
3.76555
3.76529
3.76503
3.76478
3.76452
3.76426
3.76401
3.76375
3.76349
3.76323
3.76298
3.76272
3.76246
3.76221
3.76195
3.76169
3.76144
3.76118
3.76092
3.76067
3.76041
3.76015
3.75989
3.75964
3.75938
3.75912
3.75887
3.75861
3.75835
3.75810
3.75784
3.75758
3.75733
3.75707
3.75681
3.75655
3.75630
3.75604
3.75578
3.75553
3.75527
3.75501
3.75476
3.75450
3.75424
3.75398
3.75373
3.75347
3.75321
3.75296
3.75270
3.75244
3.75219
3.75193
3.75167
3.75142
3.75116
3.75090
3.75064
3.75039
3.75013
3.74987
3.74962
3.74936
3.74910
3.74885
3.74859
3.74833
3.74808
3.74782
3.74756
3.74730
3.74705
3.74679
3.74653
3.74628
3.74602
3.74576
3.74551
3.74525
3.74499
3.74474
3.74448
3.74422
3.74396
3.74371
3.74345
3.74319
3.74294
3.74268
3.74242
3.74217
3.74191
3.74165
3.74140
3.74114
3.74088
3.74062
3.74037
3.74011
3.73985
3.73960
3.73934
3.73908
3.73883
3.73857
3.73831
3.73805
3.73780
3.73754
3.73728
3.73703
3.73677
3.73651
3.73626
3.73600
3.73574
3.73549
3.73523
3.73497
3.73471
3.73446
3.73420
3.73394
3.73369
3.73343
3.73317
3.73292
3.73266
3.73240
3.73215
3.73189
3.73163
3.73137
3.73112
3.73086
3.73060
3.73035
3.73009
3.72983
3.72958
3.72932
3.72906
3.72881
3.72855
3.72829
3.72803
3.72778
3.72752
3.72726
3.72701
3.72675
3.72649
3.72624
3.72598
3.72572
3.72547
3.72521
3.72495
3.72469
3.72444
3.72418
3.72392
3.72367
3.72341
3.72315
3.72290
3.72264
3.72238
3.72213
3.72187
3.72161
3.72135
3.72110
3.72084
3.72058
3.72033
3.72007
3.71981
3.71956
3.71930
3.71904
3.71879
3.71853
3.71827
3.71801
3.71776
3.71750
3.71724
3.71699
3.71673
3.71647
3.71622
3.71596
3.71570
3.71545
3.71519
3.71493
3.71467
3.71442
3.71416
3.71390
3.71365
3.71339
3.71313
3.71288
3.71262
3.71236
3.71210
3.71185
3.71159
3.71133
3.71108
3.71082
3.71056
3.71031
3.71005
3.70979
3.70954
3.70928
3.70902
3.70876
3.70851
3.70825
3.70799
3.70774
3.70748
3.70722
3.70697
3.70671
3.70645
3.70620
3.70594
3.70568
3.70542
3.70517
3.70491
3.70465
3.70440
3.70414
3.70388
3.70363
3.70337
3.70311
3.70286
3.70260
3.70234
3.70208
3.70183
3.70157
3.70131
3.70106
3.70080
3.70054
3.70029
3.70003
3.69977
3.69952
3.69926
3.69900
3.69874
3.69849
3.69823
3.69797
3.69772
3.69746
3.69720
3.69695
3.69669
3.69643
3.69618
3.69592
3.69566
3.69540
3.69515
3.69489
3.69463
3.69438
3.69412
3.69386
3.69361
3.69335
3.69309
3.69284
3.69258
3.69232
3.69206
3.69181
3.69155
3.69129
3.69104
3.69078
3.69052
3.69027
3.69001
3.68975
3.68950
3.68924
3.68898
3.68872
3.68847
3.68821
3.68795
3.68770
3.68744
3.68718
3.68693
3.68667
3.68641
3.68616
3.68590
3.68564
3.68538
3.68513
3.68487
3.68461
3.68436
3.68410
3.68384
3.68359
3.68333
3.68307
3.68282
3.68256
3.68230
3.68204
3.68179
3.68153
3.68127
3.68102
3.68076
3.68050
3.68025
3.67999
3.67973
3.67948
3.67922
3.67896
3.67870
3.67845
3.67819
3.67793
3.67768
3.67742
3.67716
3.67691
3.67665
3.67639
3.67614
3.67588
3.67562
3.67537
3.67511
3.67485
3.67459
3.67434
3.67408
3.67382
3.67357
3.67331
3.67305
3.67280
3.67254
3.67228
3.67203
3.67177
3.67151
3.67125
3.67100
3.67074
3.67048
3.67023
3.66997
3.66971
3.66946
3.66920
3.66894
3.66869
3.66843
3.66817
3.66791
3.66766
3.66740
3.66714
3.66689
3.66663
3.66637
3.66612
3.66586
3.66560
3.66535
3.66509
3.66483
3.66457
3.66432
3.66406
3.66380
3.66355
3.66329
3.66303
3.66278
3.66252
3.66226
3.66201
3.66175
3.66149
3.66123
3.66098
3.66072
3.66046
3.66021
3.65995
3.65969
3.65944
3.65918
3.65892
3.65867
3.65841
3.65815
3.65789
3.65764
3.65738
3.65712
3.65687
3.65661
3.65635
3.65610
3.65584
3.65558
3.65533
3.65507
3.65481
3.65455
3.65430
3.65404
3.65378
3.65353
3.65327
3.65301
3.65276
3.65250
3.65224
3.65199
3.65173
3.65147
3.65122
3.65096
3.65070
3.65044
3.65019
3.64993
3.64967
3.64942
3.64916
3.64890
3.64865
3.64839
3.64813
3.64788
3.64762
3.64736
3.64710
3.64685
3.64659
3.64633
3.64608
3.64582
3.64556
3.64531
3.64505
3.64479
3.64454
3.64428
3.64402
3.64376
3.64351
3.64325
3.64299
3.64274
3.64248
3.64222
3.64197
3.64171
3.64145
3.64120
3.64094
3.64068
3.64042
3.64017
3.63991
3.63965
3.63940
3.63914
3.63888
3.63863
3.63837
3.63811
3.63786
3.63760
3.63734
3.63708
3.63683
3.63657
3.63631
3.63606
3.63580
3.63554
3.63529
3.63503
3.63477
3.63452
3.63426
3.63400
3.63375
3.63349
3.63323
3.63297
3.63272
3.63246
3.63220
3.63195
3.63169
3.63143
3.63118
3.63092
3.63066
3.63041
3.63015
3.62989
3.62963
3.62938
3.62912
3.62886
3.62861
3.62835
3.62809
3.62784
3.62758
3.62732
3.62707
3.62681
3.62655
3.62629
3.62604
3.62578
3.62552
3.62527
3.62501
3.62475
3.62450
3.62424
3.62398
3.62373
3.62347
3.62321
3.62296
3.62270
3.62244
3.62218
3.62193
3.62167
3.62141
3.62116
3.62090
3.62064
3.62039
3.62013
3.61987
3.61962
3.61936
3.61910
3.61884
3.61859
3.61833
3.61807
3.61782
3.61756
3.61730
3.61705
3.61679
3.61653
3.61628
3.61602
3.61576
3.61550
3.61525
3.61499
3.61473
3.61448
3.61422
3.61396
3.61371
3.61345
3.61319
3.61294
3.61268
3.61242
3.61217
3.61191
3.61165
3.61139
3.61114
3.61088
3.61062
3.61037
3.61011
3.60985
3.60960
3.60934
3.60908
3.60883
3.60857
3.60831
3.60805
3.60780
3.60754
3.60728
3.60703
3.60677
3.60651
3.60626
3.60600
3.60574
3.60549
3.60523
3.60497
3.60472
3.60446
3.60420
3.60394
3.60369
3.60343
3.60317
3.60292
3.60266
3.60240
3.60215
3.60189
3.60163
3.60138
3.60112
3.60086
3.60060
3.60035
3.60009
3.59983
3.59958
3.59932
3.59906
3.59881
3.59855
3.59829
3.59804
3.59778
3.59752
3.59726
3.59701
3.59675
3.59649
3.59624
3.59598
3.59572
3.59547
3.59521
3.59495
3.59470
3.59444
3.59418
3.59393
3.59367
3.59341
3.59315
3.59290
3.59264
3.59238
3.59213
3.59187
3.59161
3.59136
3.59110
3.59084
3.59059
3.59033
3.59007
3.58981
3.58956
3.58930
3.58904
3.58879
3.58853
3.58827
3.58802
3.58776
3.58750
3.58725
3.58699
3.58673
3.58648
3.58622
3.58596
3.58570
3.58545
3.58519
3.58493
3.58468
3.58442
3.58416
3.58391
3.58365
3.58339
3.58314
3.58288
3.58262
3.58237
3.58211
3.58185
3.58159
3.58134
3.58108
3.58082
3.58057
3.58031
3.58005
3.57980
3.57954
3.57928
3.57903
3.57877
3.57851
3.57825
3.57800
3.57774
3.57748
3.57723
3.57697
3.57671
3.57646
3.57620
3.57594
3.57569
3.57543
3.57517
3.57492
3.57466
3.57440
3.57414
3.57389
3.57363
3.57337
3.57312
3.57286
3.57260
3.57235
3.57209
3.57183
3.57158
3.57132
3.57106
3.57080
3.57055
3.57029
3.57003
3.56978
3.56952
3.56926
3.56901
3.56875
3.56849
3.56824
3.56798
3.56772
3.56747
3.56721
3.56695
3.56669
3.56644
3.56618
3.56592
3.56567
3.56541
3.56515
3.56490
3.56464
3.56438
3.56413
3.56387
3.56361
3.56336
3.56310
3.56284
3.56258
3.56233
3.56207
3.56181
3.56156
3.56130
3.56104
3.56079
3.56053
3.56027
3.56002
3.55976
3.55950
3.55924
3.55899
3.55873
3.55847
3.55822
3.55796
3.55770
3.55745
3.55719
3.55693
3.55668
3.55642
3.55616
3.55591
3.55565
3.55539
3.55513
3.55488
3.55462
3.55436
3.55411
3.55385
3.55359
3.55334
3.55308
3.55282
3.55257
3.55231
3.55205
3.55180
3.55154
3.55128
3.55102
3.55077
3.55051
3.55025
3.55000
3.54974
3.54948
3.54923
3.54897
3.54871
3.54846
3.54820
3.54794
3.54768
3.54743
3.54717
3.54691
3.54666
3.54640
3.54614
3.54589
3.54563
3.54537
3.54512
3.54486
3.54460
3.54435
3.54409
3.54383
3.54357
3.54332
3.54306
3.54280
3.54255
3.54229
3.54203
3.54178
3.54152
3.54126
3.54101
3.54075
3.54049
3.54024
3.53998
3.53972
3.53946
3.53921
3.53895
3.53869
3.53844
3.53818
3.53792
3.53767
3.53741
3.53715
3.53690
3.53664
3.53638
3.53613
3.53587
3.53561
3.53535
3.53510
3.53484
3.53458
3.53433
3.53407
3.53381
3.53356
3.53330
3.53304
3.53279
3.53253
3.53227
3.53202
3.53176
3.53150
3.53124
3.53099
3.53073
3.53047
3.53022
3.52996
3.52970
3.52945
3.52919
3.52893
3.52868
3.52842
3.52816
3.52790
3.52765
3.52739
3.52713
3.52688
3.52662
3.52636
3.52611
3.52585
3.52559
3.52534
3.52508
3.52482
3.52457
3.52431
3.52405
3.52379
3.52354
3.52328
3.52302
3.52277
3.52251
3.52225
3.52200
3.52174
3.52148
3.52123
3.52097
3.52071
3.52046
3.52020
3.51994
3.51968
3.51943
3.51917
3.51891
3.51866
3.51840
3.51814
3.51789
3.51763
3.51737
3.51712
3.51686
3.51660
3.51635
3.51609
3.51583
3.51557
3.51532
3.51506
3.51480
3.51455
3.51429
3.51403
3.51378
3.51352
3.51326
3.51301
3.51275
3.51249
3.51224
3.51198
3.51172
3.51146
3.51121
3.51095
3.51069
3.51044
3.51018
3.50992
3.50967
3.50941
3.50915
3.50890
3.50864
3.50838
3.50813
3.50787
3.50761
3.50735
3.50710
3.50684
3.50658
3.50633
3.50607
3.50581
3.50556
3.50530
3.50504
3.50479
3.50453
3.50427
3.50402
3.50376
3.50350
3.50324
3.50299
3.50273
3.50247
3.50222
3.50196
3.50170
3.50145
3.50119
3.50093
3.50068
3.50042
3.50016
3.49991
3.49965
3.49939
3.49913
3.49888
3.49862
3.49836
3.49811
3.49785
3.49759
3.49734
3.49708
3.49682
3.49657
3.49631
3.49605
3.49580
3.49554
3.49528
3.49502
3.49477
3.49451
3.49425
3.49400
3.49374
3.49348
3.49323
3.49297
3.49271
3.49246
3.49220
3.49194
3.49169
3.49143
3.49117
3.49091
3.49066
3.49040
3.49014
3.48989
3.48963
3.48937
3.48912
3.48886
3.48860
3.48835
3.48809
3.48783
3.48758
3.48732
3.48706
3.48680
3.48655
3.48629
3.48603
3.48578
3.48552
3.48526
3.48501
3.48475
3.48449
3.48424
3.48398
3.48372
3.48347
3.48321
3.48295
3.48270
3.48244
3.48218
3.48192
3.48167
3.48141
3.48115
3.48090
3.48064
3.48038
3.48013
3.47987
3.47961
3.47936
3.47910
3.47884
3.47859
3.47833
3.47807
3.47781
3.47756
3.47730
3.47704
3.47679
3.47653
3.47627
3.47602
3.47576
3.47550
3.47525
3.47499
3.47473
3.47448
3.47422
3.47396
3.47370
3.47345
3.47319
3.47293
3.47268
3.47242
3.47216
3.47191
3.47165
3.47139
3.47114
3.47088
3.47062
3.47037
3.47011
3.46985
3.46959
3.46934
3.46908
3.46882
3.46857
3.46831
3.46805
3.46780
3.46754
3.46728
3.46703
3.46677
3.46651
3.46626
3.46600
3.46574
3.46549
3.46523
3.46497
3.46471
3.46446
3.46420
3.46394
3.46369
3.46343
3.46317
3.46292
3.46266
3.46240
3.46215
3.46189
3.46163
3.46138
3.46112
3.46086
3.46060
3.46035
3.46009
3.45983
3.45958
3.45932
3.45906
3.45881
3.45855
3.45829
3.45804
3.45778
3.45752
3.45727
3.45701
3.45675
3.45649
3.45624
3.45598
3.45572
3.45547
3.45521
3.45495
3.45470
3.45444
3.45418
3.45393
3.45367
3.45341
3.45316
3.45290
3.45264
3.45239
3.45213
3.45187
3.45161
3.45136
3.45110
3.45084
3.45059
3.45033
3.45007
3.44982
3.44956
3.44930
3.44905
3.44879
3.44853
3.44828
3.44802
3.44776
3.44750
3.44725
3.44699
3.44673
3.44648
3.44622
3.44596
3.44571
3.44545
3.44519
3.44494
3.44468
3.44442
3.44417
3.44391
3.44365
3.44339
3.44314
3.44288
3.44262
3.44237
3.44211
3.44185
3.44160
3.44134
3.44108
3.44083
3.44057
3.44031
3.44006
3.43980
3.43954
3.43929
3.43903
3.43877
3.43851
3.43826
3.43800
3.43774
3.43749
3.43723
3.43697
3.43672
3.43646
3.43620
3.43595
3.43569
3.43543
3.43518
3.43492
3.43466
3.43440
3.43415
3.43389
3.43363
3.43338
3.43312
3.43286
3.43261
3.43235
3.43209
3.43184
3.43158
3.43132
3.43107
3.43081
3.43055
3.43030
3.43004
3.42978
3.42952
3.42927
3.42901
3.42875
3.42850
3.42824
3.42798
3.42773
3.42747
3.42721
3.42696
3.42670
3.42644
3.42619
3.42593
3.42567
3.42542
3.42516
3.42490
3.42464
3.42439
3.42413
3.42387
3.42362
3.42336
3.42310
3.42285
3.42259
3.42233
3.42208
3.42182
3.42156
3.42131
3.42105
3.42079
3.42053
3.42028
3.42002
3.41976
3.41951
3.41925
3.41899
3.41874
3.41848
3.41822
3.41797
3.41771
3.41745
3.41720
3.41694
3.41668
3.41643
3.41617
3.41591
3.41565
3.41540
3.41514
3.41488
3.41463
3.41437
3.41411
3.41386
3.41360
3.41334
3.41309
3.41283
3.41257
3.41232
3.41206
3.41180
3.41155
3.41129
3.41103
3.41077
3.41052
3.41026
3.41000
3.40975
3.40949
3.40923
3.40898
3.40872
3.40846
3.40821
3.40795
3.40769
3.40744
3.40718
3.40692
3.40666
3.40641
3.40615
3.40589
3.40564
3.40538
3.40512
3.40487
3.40461
3.40435
3.40410
3.40384
3.40358
3.40333
3.40307
3.40281
3.40256
3.40230
3.40204
3.40178
3.40153
3.40127
3.40101
3.40076
3.40050
3.40024
3.39999
3.39973
3.39947
3.39922
3.39896
3.39870
3.39845
3.39819
3.39793
3.39768
3.39742
3.39716
3.39690
3.39665
3.39639
3.39613
3.39588
3.39562
3.39536
3.39511
3.39485
3.39459
3.39434
3.39408
3.39382
3.39357
3.39331
3.39305
3.39280
3.39254
3.39228
3.39202
3.39177
3.39151
3.39125
3.39100
3.39074
3.39048
3.39023
3.38997
3.38971
3.38946
3.38920
3.38894
3.38869
3.38843
3.38817
3.38792
3.38766
3.38740
3.38714
3.38689
3.38663
3.38637
3.38612
3.38586
3.38560
3.38535
3.38509
3.38483
3.38458
3.38432
3.38406
3.38381
3.38355
3.38329
3.38304
3.38278
3.38252
3.38226
3.38201
3.38175
3.38149
3.38124
3.38098
3.38072
3.38047
3.38021
3.37995
3.37970
3.37944
3.37918
3.37893
3.37867
3.37841
3.37816
3.37790
3.37764
3.37738
3.37713
3.37687
3.37661
3.37636
3.37610
3.37584
3.37559
3.37533
3.37507
3.37482
3.37456
3.37430
3.37405
3.37379
3.37353
3.37328
3.37302
3.37276
3.37250
3.37225
3.37199
3.37173
3.37148
3.37122
3.37096
3.37071
3.37045
3.37019
3.36994
3.36968
3.36942
3.36917
3.36891
3.36865
3.36840
3.36814
3.36788
3.36762
3.36737
3.36711
3.36685
3.36660
3.36634
3.36608
3.36583
3.36557
3.36531
3.36506
3.36480
3.36454
3.36429
3.36403
3.36377
3.36352
3.36326
3.36300
3.36274
3.36249
3.36223
3.36197
3.36172
3.36146
3.36120
3.36095
3.36069
3.36043
3.36018
3.35992
3.35966
3.35941
3.35915
3.35889
3.35864
3.35838
3.35812
3.35786
3.35761
3.35735
3.35709
3.35684
3.35658
3.35632
3.35607
3.35581
3.35555
3.35530
3.35504
3.35478
3.35453
3.35427
3.35401
3.35376
3.35350
3.35324
3.35298
3.35273
3.35247
3.35221
3.35196
3.35170
3.35144
3.35119
3.35093
3.35067
3.35042
3.35016
3.34990
3.34965
3.34939
3.34913
3.34888
3.34862
3.34836
3.34810
3.34785
3.34759
3.34733
3.34708
3.34682
3.34656
3.34631
3.34605
3.34579
3.34554
3.34528
3.34502
3.34477
3.34451
3.34425
3.34400
3.34374
3.34348
3.34323
3.34297
3.34271
3.34245
3.34220
3.34194
3.34168
3.34143
3.34117
3.34091
3.34066
3.34040
3.34014
3.33989
3.33963
3.33937
3.33912
3.33886
3.33860
3.33835
3.33809
3.33783
3.33757
3.33732
3.33706
3.33680
3.33655
3.33629
3.33603
3.33578
3.33552
3.33526
3.33501
3.33475
3.33449
3.33424
3.33398
3.33372
3.33347
3.33321
3.33295
3.33270
3.33244
3.33218
3.33192
3.33167
3.33141
3.33115
3.33090
3.33064
3.33038
3.33013
3.32987
3.32961
3.32936
3.32910
3.32884
3.32859
3.32833
3.32807
3.32782
3.32756
3.32730
3.32704
3.32679
3.32653
3.32627
3.32602
3.32576
3.32550
3.32525
3.32499
3.32473
3.32448
3.32422
3.32396
3.32371
3.32345
3.32319
3.32294
3.32268
3.32242
3.32217
3.32191
3.32165
3.32139
3.32114
3.32088
3.32062
3.32037
3.32011
3.31985
3.31960
3.31934
3.31908
3.31883
3.31857
3.31831
3.31806
3.31780
3.31754
3.31729
3.31703
3.31677
3.31651
3.31626
3.31600
3.31574
3.31549
3.31523
3.31497
3.31472
3.31446
3.31420
3.31395
3.31369
3.31343
3.31318
3.31292
3.31266
3.31241
3.31215
3.31189
3.31164
3.31138
3.31112
3.31086
3.31061
3.31035
3.31009
3.30984
3.30958
3.30932
3.30907
3.30881
3.30855
3.30830
3.30804
3.30778
3.30753
3.30727
3.30701
3.30676
3.30650
3.30624
3.30599
3.30573
3.30547
3.30521
3.30496
3.30470
3.30444
3.30419
3.30393
3.30367
3.30342
3.30316
3.30290
3.30265
3.30239
3.30213
3.30188
3.30162
3.30136
3.30111
3.30085
3.30059
3.30034
3.30008
3.29982
3.29956
3.29931
3.29905
3.29879
3.29854
3.29828
3.29802
3.29777
3.29751
3.29725
3.29700
3.29674
3.29648
3.29623
3.29597
3.29571
3.29546
3.29520
3.29494
3.29468
3.29443
3.29417
3.29391
3.29366
3.29340
3.29314
3.29289
3.29263
3.29237
3.29212
3.29186
3.29160
3.29135
3.29109
3.29083
3.29058
3.29032
3.29006
3.28981
3.28955
3.28929
3.28903
3.28878
3.28852
3.28826
3.28801
3.28775
3.28749
3.28724
3.28698
3.28672
3.28647
3.28621
3.28595
3.28570
3.28544
3.28518
3.28493
3.28467
3.28441
3.28416
3.28390
3.28364
3.28338
3.28313
3.28287
3.28261
3.28236
3.28210
3.28184
3.28159
3.28133
3.28107
3.28082
3.28056
3.28030
3.28005
3.27979
3.27953
3.27928
3.27902
3.27876
3.27851
3.27825
3.27799
3.27773
3.27748
3.27722
3.27696
3.27671
3.27645
3.27619
3.27594
3.27568
3.27542
3.27517
3.27491
3.27465
3.27440
3.27414
3.27388
3.27363
3.27337
3.27311
3.27286
3.27260
3.27234
3.27209
3.27183
3.27157
3.27131
3.27106
3.27080
3.27054
3.27029
3.27003
3.26977
3.26952
3.26926
3.26900
3.26875
3.26849
3.26823
3.26798
3.26772
3.26746
3.26721
3.26695
3.26669
3.26644
3.26618
3.26592
3.26566
3.26541
3.26515
3.26489
3.26464
3.26438
3.26412
3.26387
3.26361
3.26335
3.26310
3.26284
3.26258
3.26233
3.26207
3.26181
3.26156
3.26130
3.26104
3.26079
3.26053
3.26027
3.26001
3.25976
3.25950
3.25924
3.25899
3.25873
3.25847
3.25822
3.25796
3.25770
3.25745
3.25719
3.25693
3.25668
3.25642
3.25616
3.25591
3.25565
3.25539
3.25514
3.25488
3.25462
3.25436
3.25411
3.25385
3.25359
3.25334
3.25308
3.25282
3.25257
3.25231
3.25205
3.25180
3.25154
3.25128
3.25103
3.25077
3.25051
3.25026
3.25000
3.24974
3.24949
3.24923
3.24897
3.24872
3.24846
3.24820
3.24794
3.24769
3.24743
3.24717
3.24692
3.24666
3.24640
3.24615
3.24589
3.24563
3.24538
3.24512
3.24486
3.24461
3.24435
3.24409
3.24384
3.24358
3.24332
3.24307
3.24281
3.24255
3.24229
3.24204
3.24178
3.24152
3.24127
3.24101
3.24075
3.24050
3.24024
3.23998
3.23973
3.23947
3.23921
3.23896
3.23870
3.23844
3.23819
3.23793
3.23767
3.23742
3.23716
3.23690
3.23665
3.23639
3.23613
3.23587
3.23562
3.23536
3.23510
3.23485
3.23459
3.23433
3.23408
3.23382
3.23356
3.23331
3.23305
3.23279
3.23254
3.23228
3.23202
3.23177
3.23151
3.23125
3.23100
3.23074
3.23048
3.23023
3.22997
3.22971
3.22945
3.22920
3.22894
3.22868
3.22843
3.22817
3.22791
3.22766
3.22740
3.22714
3.22689
3.22663
3.22637
3.22612
3.22586
3.22560
3.22535
3.22509
3.22483
3.22458
3.22432
3.22406
3.22381
3.22355
3.22329
3.22303
3.22278
3.22252
3.22226
3.22201
3.22175
3.22149
3.22124
3.22098
3.22072
3.22047
3.22021
3.21995
3.21970
3.21944
3.21918
3.21893
3.21867
3.21841
3.21816
3.21790
3.21764
3.21739
3.21713
3.21687
3.21661
3.21636
3.21610
3.21584
3.21559
3.21533
3.21507
3.21482
3.21456
3.21430
3.21405
3.21379
3.21353
3.21328
3.21302
3.21276
3.21251
3.21225
3.21199
3.21174
3.21148
3.21122
3.21097
3.21071
3.21045
3.21019
3.20994
3.20968
3.20942
3.20917
3.20891
3.20865
3.20840
3.20814
3.20788
3.20763
3.20737
3.20711
3.20686
3.20660
3.20634
3.20609
3.20583
3.20557
3.20532
3.20506
3.20480
3.20455
3.20429
3.20403
3.20377
3.20352
3.20326
3.20300
3.20275
3.20249
3.20223
3.20198
3.20172
3.20146
3.20121
3.20095
3.20069
3.20044
3.20018
3.19992
3.19967
3.19941
3.19915
3.19890
3.19864
3.19838
3.19813
3.19787
3.19761
3.19735
3.19710
3.19684
3.19658
3.19633
3.19607
3.19581
3.19556
3.19530
3.19504
3.19479
3.19453
3.19427
3.19402
3.19376
3.19350
3.19325
3.19299
3.19273
3.19248
3.19222
3.19196
3.19171
3.19145
3.19119
3.19093
3.19068
3.19042
3.19016
3.18991
3.18965
3.18939
3.18914
3.18888
3.18862
3.18837
3.18811
3.18785
3.18760
3.18734
3.18708
3.18683
3.18657
3.18631
3.18606
3.18580
3.18554
3.18529
3.18503
3.18477
3.18452
3.18426
3.18400
3.18374
3.18349
3.18323
3.18297
3.18272
3.18246
3.18220
3.18195
3.18169
3.18143
3.18118
3.18092
3.18066
3.18041
3.18015
3.17989
3.17964
3.17938
3.17912
3.17887
3.17861
3.17835
3.17810
3.17784
3.17758
3.17732
3.17707
3.17681
3.17655
3.17630
3.17604
3.17578
3.17553
3.17527
3.17501
3.17476
3.17450
3.17424
3.17399
3.17373
3.17347
3.17322
3.17296
3.17270
3.17245
3.17219
3.17193
3.17168
3.17142
3.17116
3.17091
3.17065
3.17039
3.17013
3.16988
3.16962
3.16936
3.16911
3.16885
3.16859
3.16834
3.16808
3.16782
3.16757
3.16731
3.16705
3.16680
3.16654
3.16628
3.16603
3.16577
3.16551
3.16526
3.16500
3.16474
3.16449
3.16423
3.16397
3.16372
3.16346
3.16320
3.16294
3.16269
3.16243
3.16217
3.16192
3.16166
3.16140
3.16115
3.16089
3.16063
3.16038
3.16012
3.15986
3.15961
3.15935
3.15909
3.15884
3.15858
3.15832
3.15807
3.15781
3.15755
3.15730
3.15704
3.15678
3.15653
3.15627
3.15601
3.15575
3.15550
3.15524
3.15498
3.15473
3.15447
3.15421
3.15396
3.15370
3.15344
3.15319
3.15293
3.15267
3.15242
3.15216
3.15190
3.15165
3.15139
3.15113
3.15088
3.15062
3.15036
3.15011
3.14985
3.14959
3.14934
3.14908
3.14882
3.14856
3.14831
3.14805
3.14779
3.14754
3.14728
3.14702
3.14677
3.14651
3.14625
3.14600
3.14574
3.14548
3.14523
3.14497
3.14471
3.14446
3.14420
3.14394
3.14369
3.14343
3.14317
3.14292
3.14266
3.14240
3.14215
3.14189
3.14163
3.14137
3.14112
3.14086
3.14060
3.14035
3.14009
3.13983
3.13958
3.13932
3.13906
3.13881
3.13855
3.13829
3.13804
3.13778
3.13752
3.13727
3.13701
3.13675
3.13650
3.13624
3.13598
3.13573
3.13547
3.13521
3.13496
3.13470
3.13444
3.13419
3.13393
3.13367
3.13341
3.13316
3.13290
3.13264
3.13239
3.13213
3.13187
3.13162
3.13136
3.13110
3.13085
3.13059
3.13033
3.13008
3.12982
3.12956
3.12931
3.12905
3.12879
3.12854
3.12828
3.12802
3.12777
3.12751
3.12725
3.12700
3.12674
3.12648
3.12622
3.12597
3.12571
3.12545
3.12520
3.12494
3.12468
3.12443
3.12417
3.12391
3.12366
3.12340
3.12314
3.12289
3.12263
3.12237
3.12212
3.12186
3.12160
3.12135
3.12109
3.12083
3.12058
3.12032
3.12006
3.11981
3.11955
3.11929
3.11904
3.11878
3.11852
3.11826
3.11801
3.11775
3.11749
3.11724
3.11698
3.11672
3.11647
3.11621
3.11595
3.11570
3.11544
3.11518
3.11493
3.11467
3.11441
3.11416
3.11390
3.11364
3.11339
3.11313
3.11287
3.11262
3.11236
3.11210
3.11185
3.11159
3.11133
3.11108
3.11082
3.11056
3.11030
3.11005
3.10979
3.10953
3.10928
3.10902
3.10876
3.10851
3.10825
3.10799
3.10774
3.10748
3.10722
3.10697
3.10671
3.10645
3.10620
3.10594
3.10568
3.10543
3.10517
3.10491
3.10466
3.10440
3.10414
3.10389
3.10363
3.10337
3.10312
3.10286
3.10260
3.10235
3.10209
3.10183
3.10157
3.10132
3.10106
3.10080
3.10055
3.10029
3.10003
3.09978
3.09952
3.09926
3.09901
3.09875
3.09849
3.09824
3.09798
3.09772
3.09747
3.09721
3.09695
3.09670
3.09644
3.09618
3.09593
3.09567
3.09541
3.09516
3.09490
3.09464
3.09439
3.09413
3.09387
3.09361
3.09336
3.09310
3.09284
3.09259
3.09233
3.09207
3.09182
3.09156
3.09130
3.09105
3.09079
3.09053
3.09028
3.09002
3.08976
3.08951
3.08925
3.08899
3.08874
3.08848
3.08822
3.08797
3.08771
3.08745
3.08720
3.08694
3.08668
3.08643
3.08617
3.08591
3.08566
3.08540
3.08514
3.08488
3.08463
3.08437
3.08411
3.08386
3.08360
3.08334
3.08309
3.08283
3.08257
3.08232
3.08206
3.08180
3.08155
3.08129
3.08103
3.08078
3.08052
3.08026
3.08001
3.07975
3.07949
3.07924
3.07898
3.07872
3.07847
3.07821
3.07795
3.07770
3.07744
3.07718
3.07693
3.07667
3.07641
3.07615
3.07590
3.07564
3.07538
3.07513
3.07487
3.07461
3.07436
3.07410
3.07384
3.07359
3.07333
3.07307
3.07282
3.07256
3.07230
3.07205
3.07179
3.07153
3.07128
3.07102
3.07076
3.07051
3.07025
3.06999
3.06974
3.06948
3.06922
3.06897
3.06871
3.06845
3.06820
3.06794
3.06768
3.06742
3.06717
3.06691
3.06665
3.06640
3.06614
3.06588
3.06563
3.06537
3.06511
3.06486
3.06460
3.06434
3.06409
3.06383
3.06357
3.06332
3.06306
3.06280
3.06255
3.06229
3.06203
3.06178
3.06152
3.06126
3.06101
3.06075
3.06049
3.06024
3.05998
3.05972
3.05947
3.05921
3.05895
3.05869
3.05844
3.05818
3.05792
3.05767
3.05741
3.05715
3.05690
3.05664
3.05638
3.05613
3.05587
3.05561
3.05536
3.05510
3.05484
3.05459
3.05433
3.05407
3.05382
3.05356
3.05330
3.05305
3.05279
3.05253
3.05228
3.05202
3.05176
3.05151
3.05125
3.05099
3.05074
3.05048
3.05022
3.04997
3.04971
3.04945
3.04919
3.04894
3.04868
3.04842
3.04817
3.04791
3.04765
3.04740
3.04714
3.04688
3.04663
3.04637
3.04611
3.04586
3.04560
3.04534
3.04509
3.04483
3.04457
3.04432
3.04406
3.04380
3.04355
3.04329
3.04303
3.04278
3.04252
3.04226
3.04201
3.04175
3.04149
3.04124
3.04098
3.04072
3.04047
3.04021
3.03995
3.03969
3.03944
3.03918
3.03892
3.03867
3.03841
3.03815
3.03790
3.03764
3.03738
3.03713
3.03687
3.03661
3.03636
3.03610
3.03584
3.03559
3.03533
3.03507
3.03482
3.03456
3.03430
3.03405
3.03379
3.03353
3.03328
3.03302
3.03276
3.03251
3.03225
3.03199
3.03174
3.03148
3.03122
3.03097
3.03071
3.03045
3.03019
3.02994
3.02968
3.02942
3.02917
3.02891
3.02865
3.02840
3.02814
3.02788
3.02763
3.02737
3.02711
3.02686
3.02660
3.02634
3.02609
3.02583
3.02557
3.02532
3.02506
3.02480
3.02455
3.02429
3.02403
3.02378
3.02352
3.02326
3.02301
3.02275
3.02249
3.02224
3.02198
3.02172
3.02147
3.02121
3.02095
3.02070
3.02044
3.02018
3.01992
3.01967
3.01941
3.01915
3.01890
3.01864
3.01838
3.01813
3.01787
3.01761
3.01736
3.01710
3.01684
3.01659
3.01633
3.01607
3.01582
3.01556
3.01530
3.01505
3.01479
3.01453
3.01428
3.01402
3.01376
3.01351
3.01325
3.01299
3.01274
3.01248
3.01222
3.01197
3.01171
3.01145
3.01120
3.01094
3.01068
3.01043
3.01017
3.00991
3.00965
3.00940
3.00914
3.00888
3.00863
3.00837
3.00811
3.00786
3.00760
3.00734
3.00709
3.00683
3.00657
3.00632
3.00606
3.00580
3.00555
3.00529
3.00503
3.00478
3.00452
3.00426
3.00401
3.00375
3.00349
3.00324
3.00298
3.00272
3.00247
3.00221
3.00195
3.00170
3.00144
3.00118
3.00093
3.00067
3.00041
3.00016
2.99990
2.99964
2.99939
2.99913
2.99887
2.99861
2.99836
2.99810
2.99784
2.99759
2.99733
2.99707
2.99682
2.99656
2.99630
2.99605
2.99579
2.99553
2.99528
2.99502
2.99476
2.99451
2.99425
2.99399
2.99374
2.99348
2.99322
2.99297
2.99271
2.99245
2.99220
2.99194
2.99168
2.99143
2.99117
2.99091
2.99066
2.99040
2.99014
2.98989
2.98963
2.98937
2.98912
2.98886
2.98860
2.98835
2.98809
2.98783
2.98757
2.98732
2.98706
2.98680
2.98655
2.98629
2.98603
2.98578
2.98552
2.98526
2.98501
2.98475
2.98449
2.98424
2.98398
2.98372
2.98347
2.98321
2.98295
2.98270
2.98244
2.98218
2.98193
2.98167
2.98141
2.98116
2.98090
2.98064
2.98039
2.98013
2.97987
2.97962
2.97936
2.97910
2.97885
2.97859
2.97833
2.97808
2.97782
2.97756
2.97731
2.97705
2.97679
2.97654
2.97628
2.97602
2.97576
2.97551
2.97525
2.97499
2.97474
2.97448
2.97422
2.97397
2.97371
2.97345
2.97320
2.97294
2.97268
2.97243
2.97217
2.97191
2.97166
2.97140
2.97114
2.97089
2.97063
2.97037
2.97012
2.96986
2.96960
2.96935
2.96909
2.96883
2.96858
2.96832
2.96806
2.96781
2.96755
2.96729
2.96704
2.96678
2.96652
2.96627
2.96601
2.96575
2.96550
2.96524
2.96498
2.96473
2.96447
2.96421
2.96396
2.96370
2.96344
2.96318
2.96293
2.96267
2.96241
2.96216
2.96190
2.96164
2.96139
2.96113
2.96087
2.96062
2.96036
2.96010
2.95985
2.95959
2.95933
2.95908
2.95882
2.95856
2.95831
2.95805
2.95779
2.95754
2.95728
2.95702
2.95677
2.95651
2.95625
2.95600
2.95574
2.95548
2.95523
2.95497
2.95471
2.95446
2.95420
2.95394
2.95369
2.95343
2.95317
2.95292
2.95266
2.95240
2.95215
2.95189
2.95163
2.95138
2.95112
2.95086
2.95060
2.95035
2.95009
2.94983
2.94958
2.94932
2.94906
2.94881
2.94855
2.94829
2.94804
2.94778
2.94752
2.94727
2.94701
2.94675
2.94650
2.94624
2.94598
2.94573
2.94547
2.94521
2.94496
2.94470
2.94444
2.94419
2.94393
2.94367
2.94342
2.94316
2.94290
2.94265
2.94239
2.94213
2.94188
2.94162
2.94136
2.94111
2.94085
2.94059
2.94034
2.94008
2.93982
2.93957
2.93931
2.93905
2.93880
2.93854
2.93828
2.93803
2.93777
2.93751
2.93725
2.93700
2.93674
2.93648
2.93623
2.93597
2.93571
2.93546
2.93520
2.93494
2.93469
2.93443
2.93417
2.93392
2.93366
2.93340
2.93315
2.93289
2.93263
2.93238
2.93212
2.93186
2.93161
2.93135
2.93109
2.93084
2.93058
2.93032
2.93007
2.92981
2.92955
2.92930
2.92904
2.92878
2.92853
2.92827
2.92801
2.92776
2.92750
2.92724
2.92699
2.92673
2.92647
2.92622
2.92596
2.92570
2.92545
2.92519
2.92493
2.92468
2.92442
2.92416
2.92391
2.92365
2.92339
2.92313
2.92288
2.92262
2.92236
2.92211
2.92185
2.92159
2.92134
2.92108
2.92082
2.92057
2.92031
2.92005
2.91980
2.91954
2.91928
2.91903
2.91877
2.91851
2.91826
2.91800
2.91774
2.91749
2.91723
2.91697
2.91672
2.91646
2.91620
2.91595
2.91569
2.91543
2.91518
2.91492
2.91466
2.91441
2.91415
2.91389
2.91364
2.91338
2.91312
2.91287
2.91261
2.91235
2.91210
2.91184
2.91158
2.91133
2.91107
2.91081
2.91056
2.91030
2.91004
2.90979
2.90953
2.90927
2.90902
2.90876
2.90850
2.90824
2.90799
2.90773
2.90747
2.90722
2.90696
2.90670
2.90645
2.90619
2.90593
2.90568
2.90542
2.90516
2.90491
2.90465
2.90439
2.90414
2.90388
2.90362
2.90337
2.90311
2.90285
2.90260
2.90234
2.90208
2.90183
2.90157
2.90131
2.90106
2.90080
2.90054
2.90029
2.90003
2.89977
2.89952
2.89926
2.89900
2.89875
2.89849
2.89823
2.89798
2.89772
2.89746
2.89721
2.89695
2.89669
2.89644
2.89618
2.89592
2.89567
2.89541
2.89515
2.89490
2.89464
2.89438
2.89413
2.89387
2.89361
2.89336
2.89310
2.89284
2.89259
2.89233
2.89207
2.89181
2.89156
2.89130
2.89104
2.89079
2.89053
2.89027
2.89002
2.88976
2.88950
2.88925
2.88899
2.88873
2.88848
2.88822
2.88796
2.88771
2.88745
2.88719
2.88694
2.88668
2.88642
2.88617
2.88591
2.88565
2.88540
2.88514
2.88488
2.88463
2.88437
2.88411
2.88386
2.88360
2.88334
2.88309
2.88283
2.88257
2.88232
2.88206
2.88180
2.88155
2.88129
2.88103
2.88078
2.88052
2.88026
2.88001
2.87975
2.87949
2.87924
2.87898
2.87872
2.87847
2.87821
2.87795
2.87770
2.87744
2.87718
2.87693
2.87667
2.87641
2.87616
2.87590
2.87564
2.87539
2.87513
2.87487
2.87462
2.87436
2.87410
2.87384
2.87359
2.87333
2.87307
2.87282
2.87256
2.87230
2.87205
2.87179
2.87153
2.87128
2.87102
2.87076
2.87051
2.87025
2.86999
2.86974
2.86948
2.86922
2.86897
2.86871
2.86845
2.86820
2.86794
2.86768
2.86743
2.86717
2.86691
2.86666
2.86640
2.86614
2.86589
2.86563
2.86537
2.86512
2.86486
2.86460
2.86435
2.86409
2.86383
2.86358
2.86332
2.86306
2.86281
2.86255
2.86229
2.86204
2.86178
2.86152
2.86127
2.86101
2.86075
2.86050
2.86024
2.85998
2.85973
2.85947
2.85921
2.85896
2.85870
2.85844
2.85819
2.85793
2.85767
2.85742
2.85716
2.85690
2.85665
2.85639
2.85613
2.85588
2.85562
2.85536
2.85511
2.85485
2.85459
2.85433
2.85408
2.85382
2.85356
2.85331
2.85305
2.85279
2.85254
2.85228
2.85202
2.85177
2.85151
2.85125
2.85100
2.85074
2.85048
2.85023
2.84997
2.84971
2.84946
2.84920
2.84894
2.84869
2.84843
2.84817
2.84792
2.84766
2.84740
2.84715
2.84689
2.84663
2.84638
2.84612
2.84586
2.84561
2.84535
2.84509
2.84484
2.84458
2.84432
2.84407
2.84381
2.84355
2.84330
2.84304
2.84278
2.84253
2.84227
2.84201
2.84176
2.84150
2.84124
2.84099
2.84073
2.84047
2.84022
2.83996
2.83970
2.83945
2.83919
2.83893
2.83868
2.83842
2.83816
2.83791
2.83765
2.83739
2.83714
2.83688
2.83662
2.83637
2.83611
2.83585
2.83560
2.83534
2.83508
2.83483
2.83457
2.83431
2.83406
2.83380
2.83354
2.83329
2.83303
2.83277
2.83252
2.83226
2.83200
2.83174
2.83149
2.83123
2.83097
2.83072
2.83046
2.83020
2.82995
2.82969
2.82943
2.82918
2.82892
2.82866
2.82841
2.82815
2.82789
2.82764
2.82738
2.82712
2.82687
2.82661
2.82635
2.82610
2.82584
2.82558
2.82533
2.82507
2.82481
2.82456
2.82430
2.82404
2.82379
2.82353
2.82327
2.82302
2.82276
2.82250
2.82225
2.82199
2.82173
2.82148
2.82122
2.82096
2.82071
2.82045
2.82019
2.81994
2.81968
2.81942
2.81917
2.81891
2.81865
2.81840
2.81814
2.81788
2.81763
2.81737
2.81711
2.81686
2.81660
2.81634
2.81609
2.81583
2.81557
2.81532
2.81506
2.81480
2.81455
2.81429
2.81403
2.81378
2.81352
2.81326
2.81301
2.81275
2.81249
2.81224
2.81198
2.81172
2.81147
2.81121
2.81095
2.81070
2.81044
2.81018
2.80993
2.80967
2.80941
2.80916
2.80890
2.80864
2.80839
2.80813
2.80787
2.80762
2.80736
2.80710
2.80685
2.80659
2.80633
2.80608
2.80582
2.80556
2.80531
2.80505
2.80479
2.80453
2.80428
2.80402
2.80376
2.80351
2.80325
2.80299
2.80274
2.80248
2.80222
2.80197
2.80171
2.80145
2.80120
2.80094
2.80068
2.80043
2.80017
2.79991
2.79966
2.79940
2.79914
2.79889
2.79863
2.79837
2.79812
2.79786
2.79760
2.79735
2.79709
2.79683
2.79658
2.79632
2.79606
2.79581
2.79555
2.79529
2.79504
2.79478
2.79452
2.79427
2.79401
2.79375
2.79350
2.79324
2.79298
2.79273
2.79247
2.79221
2.79196
2.79170
2.79144
2.79119
2.79093
2.79067
2.79042
2.79016
2.78990
2.78965
2.78939
2.78913
2.78888
2.78862
2.78836
2.78811
2.78785
2.78759
2.78734
2.78708
2.78682
2.78657
2.78631
2.78605
2.78580
2.78554
2.78528
2.78503
2.78477
2.78451
2.78426
2.78400
2.78374
2.78349
2.78323
2.78297
2.78272
2.78246
2.78220
2.78195
2.78169
2.78143
2.78118
2.78092
2.78066
2.78041
2.78015
2.77989
2.77964
2.77938
2.77912
2.77887
2.77861
2.77835
2.77810
2.77784
2.77758
2.77733
2.77707
2.77681
2.77656
2.77630
2.77604
2.77579
2.77553
2.77527
2.77502
2.77476
2.77450
2.77425
2.77399
2.77373
2.77348
2.77322
2.77296
2.77271
2.77245
2.77219
2.77194
2.77168
2.77142
2.77117
2.77091
2.77065
2.77040
2.77014
2.76988
2.76963
2.76937
2.76911
2.76885
2.76860
2.76834
2.76808
2.76783
2.76757
2.76731
2.76706
2.76680
2.76654
2.76629
2.76603
2.76577
2.76552
2.76526
2.76500
2.76475
2.76449
2.76423
2.76398
2.76372
2.76346
2.76321
2.76295
2.76269
2.76244
2.76218
2.76192
2.76167
2.76141
2.76115
2.76090
2.76064
2.76038
2.76013
2.75987
2.75961
2.75936
2.75910
2.75884
2.75859
2.75833
2.75807
2.75782
2.75756
2.75730
2.75705
2.75679
2.75653
2.75628
2.75602
2.75576
2.75551
2.75525
2.75499
2.75474
2.75448
2.75422
2.75397
2.75371
2.75345
2.75320
2.75294
2.75268
2.75243
2.75217
2.75191
2.75166
2.75140
2.75114
2.75089
2.75063
2.75037
2.75012
2.74986
2.74960
2.74935
2.74909
2.74883
2.74858
2.74832
2.74806
2.74781
2.74755
2.74729
2.74704
2.74678
2.74652
2.74627
2.74601
2.74575
2.74550
2.74524
2.74498
2.74473
2.74447
2.74421
2.74396
2.74370
2.74344
2.74319
2.74293
2.74267
2.74242
2.74216
2.74190
2.74165
2.74139
2.74113
2.74088
2.74062
2.74036
2.74011
2.73985
2.73959
2.73934
2.73908
2.73882
2.73857
2.73831
2.73805
2.73780
2.73754
2.73728
2.73703
2.73677
2.73651
2.73626
2.73600
2.73574
2.73549
2.73523
2.73497
2.73472
2.73446
2.73420
2.73395
2.73369
2.73343
2.73318
2.73292
2.73266
2.73241
2.73215
2.73189
2.73164
2.73138
2.73112
2.73087
2.73061
2.73035
2.73010
2.72984
2.72958
2.72933
2.72907
2.72881
2.72856
2.72830
2.72804
2.72779
2.72753
2.72727
2.72702
2.72676
2.72650
2.72625
2.72599
2.72573
2.72548
2.72522
2.72496
2.72471
2.72445
2.72419
2.72394
2.72368
2.72342
2.72317
2.72291
2.72265
2.72240
2.72214
2.72188
2.72163
2.72137
2.72111
2.72086
2.72060
2.72034
2.72009
2.71983
2.71957
2.71932
2.71906
2.71880
2.71855
2.71829
2.71803
2.71778
2.71752
2.71726
2.71701
2.71675
2.71649
2.71624
2.71598
2.71572
2.71547
2.71521
2.71495
2.71470
2.71444
2.71418
2.71393
2.71367
2.71341
2.71316
2.71290
2.71264
2.71239
2.71213
2.71187
2.71162
2.71136
2.71110
2.71085
2.71059
2.71033
2.71008
2.70982
2.70956
2.70931
2.70905
2.70879
2.70854
2.70828
2.70802
2.70777
2.70751
2.70725
2.70700
2.70674
2.70648
2.70623
2.70597
2.70571
2.70546
2.70520
2.70494
2.70469
2.70443
2.70417
2.70392
2.70366
2.70340
2.70315
2.70289
2.70263
2.70238
2.70212
2.70186
2.70161
2.70135
2.70109
2.70084
2.70058
2.70032
2.70007
2.69981
2.69955
2.69930
2.69904
2.69878
2.69853
2.69827
2.69801
2.69776
2.69750
2.69724
2.69699
2.69673
2.69647
2.69622
2.69596
2.69570
2.69545
2.69519
2.69493
2.69468
2.69442
2.69416
2.69391
2.69365
2.69339
2.69314
2.69288
2.69262
2.69237
2.69211
2.69185
2.69160
2.69134
2.69108
2.69083
2.69057
2.69031
2.69006
2.68980
2.68954
2.68929
2.68903
2.68877
2.68852
2.68826
2.68800
2.68775
2.68749
2.68723
2.68698
2.68672
2.68646
2.68621
2.68595
2.68569
2.68544
2.68518
2.68492
2.68467
2.68441
2.68415
2.68390
2.68364
2.68338
2.68313
2.68287
2.68261
2.68236
2.68210
2.68184
2.68159
2.68133
2.68107
2.68082
2.68056
2.68030
2.68005
2.67979
2.67953
2.67928
2.67902
2.67876
2.67851
2.67825
2.67799
2.67774
2.67748
2.67722
2.67697
2.67671
2.67645
2.67620
2.67594
2.67568
2.67543
2.67517
2.67491
2.67466
2.67440
2.67414
2.67389
2.67363
2.67337
2.67312
2.67286
2.67260
2.67235
2.67209
2.67183
2.67158
2.67132
2.67106
2.67081
2.67055
2.67029
2.67004
2.66978
2.66952
2.66927
2.66901
2.66875
2.66850
2.66824
2.66798
2.66773
2.66747
2.66721
2.66696
2.66670
2.66644
2.66619
2.66593
2.66567
2.66542
2.66516
2.66490
2.66465
2.66439
2.66413
2.66388
2.66362
2.66336
2.66311
2.66285
2.66259
2.66234
2.66208
2.66182
2.66157
2.66131
2.66105
2.66080
2.66054
2.66028
2.66003
2.65977
2.65951
2.65926
2.65900
2.65874
2.65849
2.65823
2.65797
2.65772
2.65746
2.65720
2.65695
2.65669
2.65643
2.65618
2.65592
2.65566
2.65541
2.65515
2.65489
2.65464
2.65438
2.65412
2.65387
2.65361
2.65335
2.65310
2.65284
2.65258
2.65233
2.65207
2.65181
2.65156
2.65130
2.65104
2.65079
2.65053
2.65027
2.65002
2.64976
2.64950
2.64925
2.64899
2.64873
2.64848
2.64822
2.64796
2.64771
2.64745
2.64719
2.64694
2.64668
2.64642
2.64617
2.64591
2.64565
2.64540
2.64514
2.64488
2.64463
2.64437
2.64411
2.64386
2.64360
2.64334
2.64309
2.64283
2.64257
2.64232
2.64206
2.64180
2.64155
2.64129
2.64103
2.64078
2.64052
2.64026
2.64001
2.63975
2.63949
2.63924
2.63898
2.63872
2.63847
2.63821
2.63795
2.63770
2.63744
2.63718
2.63693
2.63667
2.63641
2.63616
2.63590
2.63564
2.63539
2.63513
2.63487
2.63462
2.63436
2.63410
2.63385
2.63359
2.63333
2.63308
2.63282
2.63256
2.63231
2.63205
2.63179
2.63154
2.63128
2.63102
2.63077
2.63051
2.63025
2.63000
2.62974
2.62948
2.62923
2.62897
2.62871
2.62846
2.62820
2.62794
2.62769
2.62743
2.62717
2.62692
2.62666
2.62640
2.62615
2.62589
2.62563
2.62538
2.62512
2.62486
2.62461
2.62435
2.62409
2.62384
2.62358
2.62332
2.62307
2.62281
2.62255
2.62230
2.62204
2.62178
2.62153
2.62127
2.62102
2.62076
2.62050
2.62025
2.61999
2.61973
2.61948
2.61922
2.61896
2.61871
2.61845
2.61819
2.61794
2.61768
2.61742
2.61717
2.61691
2.61665
2.61640
2.61614
2.61588
2.61563
2.61537
2.61511
2.61486
2.61460
2.61434
2.61409
2.61383
2.61357
2.61332
2.61306
2.61280
2.61255
2.61229
2.61203
2.61178
2.61152
2.61126
2.61101
2.61075
2.61049
2.61024
2.60998
2.60972
2.60947
2.60921
2.60895
2.60870
2.60844
2.60818
2.60793
2.60767
2.60741
2.60716
2.60690
2.60664
2.60639
2.60613
2.60587
2.60562
2.60536
2.60510
2.60485
2.60459
2.60433
2.60408
2.60382
2.60356
2.60331
2.60305
2.60279
2.60254
2.60228
2.60202
2.60177
2.60151
2.60125
2.60100
2.60074
2.60048
2.60023
2.59997
2.59971
2.59946
2.59920
2.59894
2.59869
2.59843
2.59817
2.59792
2.59766
2.59740
2.59715
2.59689
2.59663
2.59638
2.59612
2.59586
2.59561
2.59535
2.59509
2.59484
2.59458
2.59432
2.59407
2.59381
2.59355
2.59330
2.59304
2.59278
2.59253
2.59227
2.59201
2.59176
2.59150
2.59124
2.59099
2.59073
2.59047
2.59022
2.58996
2.58970
2.58945
2.58919
2.58893
2.58868
2.58842
2.58816
2.58791
2.58765
2.58739
2.58714
2.58688
2.58662
2.58637
2.58611
2.58585
2.58560
2.58534
2.58508
2.58483
2.58457
2.58432
2.58406
2.58380
2.58355
2.58329
2.58303
2.58278
2.58252
2.58226
2.58201
2.58175
2.58149
2.58124
2.58098
2.58072
2.58047
2.58021
2.57995
2.57970
2.57944
2.57918
2.57893
2.57867
2.57841
2.57816
2.57790
2.57764
2.57739
2.57713
2.57687
2.57662
2.57636
2.57610
2.57585
2.57559
2.57533
2.57508
2.57482
2.57456
2.57431
2.57405
2.57379
2.57354
2.57328
2.57302
2.57277
2.57251
2.57225
2.57200
2.57174
2.57148
2.57123
2.57097
2.57071
2.57046
2.57020
2.56994
2.56969
2.56943
2.56917
2.56892
2.56866
2.56840
2.56815
2.56789
2.56763
2.56738
2.56712
2.56686
2.56661
2.56635
2.56609
2.56584
2.56558
2.56532
2.56507
2.56481
2.56455
2.56430
2.56404
2.56378
2.56353
2.56327
2.56301
2.56276
2.56250
2.56224
2.56199
2.56173
2.56147
2.56122
2.56096
2.56070
2.56045
2.56019
2.55993
2.55968
2.55942
2.55916
2.55891
2.55865
2.55839
2.55814
2.55788
2.55763
2.55737
2.55711
2.55686
2.55660
2.55634
2.55609
2.55583
2.55557
2.55532
2.55506
2.55480
2.55455
2.55429
2.55403
2.55378
2.55352
2.55326
2.55301
2.55275
2.55249
2.55224
2.55198
2.55172
2.55147
2.55121
2.55095
2.55070
2.55044
2.55018
2.54993
2.54967
2.54941
2.54916
2.54890
2.54864
2.54839
2.54813
2.54787
2.54762
2.54736
2.54710
2.54685
2.54659
2.54633
2.54608
2.54582
2.54556
2.54531
2.54505
2.54479
2.54454
2.54428
2.54402
2.54377
2.54351
2.54325
2.54300
2.54274
2.54248
2.54223
2.54197
2.54171
2.54146
2.54120
2.54094
2.54069
2.54043
2.54017
2.53992
2.53966
2.53940
2.53915
2.53889
2.53863
2.53838
2.53812
2.53786
2.53761
2.53735
2.53709
2.53684
2.53658
2.53632
2.53607
2.53581
2.53555
2.53530
2.53504
2.53479
2.53453
2.53427
2.53402
2.53376
2.53350
2.53325
2.53299
2.53273
2.53248
2.53222
2.53196
2.53171
2.53145
2.53119
2.53094
2.53068
2.53042
2.53017
2.52991
2.52965
2.52940
2.52914
2.52888
2.52863
2.52837
2.52811
2.52786
2.52760
2.52734
2.52709
2.52683
2.52657
2.52632
2.52606
2.52580
2.52555
2.52529
2.52503
2.52478
2.52452
2.52426
2.52401
2.52375
2.52349
2.52324
2.52298
2.52272
2.52247
2.52221
2.52195
2.52170
2.52144
2.52118
2.52093
2.52067
2.52041
2.52016
2.51990
2.51964
2.51939
2.51913
2.51887
2.51862
2.51836
2.51810
2.51785
2.51759
2.51733
2.51708
2.51682
2.51656
2.51631
2.51605
2.51579
2.51554
2.51528
2.51503
2.51477
2.51451
2.51426
2.51400
2.51374
2.51349
2.51323
2.51297
2.51272
2.51246
2.51220
2.51195
2.51169
2.51143
2.51118
2.51092
2.51066
2.51041
2.51015
2.50989
2.50964
2.50938
2.50912
2.50887
2.50861
2.50835
2.50810
2.50784
2.50758
2.50733
2.50707
2.50681
2.50656
2.50630
2.50604
2.50579
2.50553
2.50527
2.50502
2.50476
2.50450
2.50425
2.50399
2.50373
2.50348
2.50322
2.50296
2.50271
2.50245
2.50219
2.50194
2.50168
2.50142
2.50117
2.50091
2.50065
2.50040
2.50014
2.49988
2.49963
2.49937
2.49911
2.49886
2.49860
2.49834
2.49809
2.49783
2.49758
2.49732
2.49706
2.49681
2.49655
2.49629
2.49604
2.49578
2.49552
2.49527
2.49501
2.49475
2.49450
2.49424
2.49398
2.49373
2.49347
2.49321
2.49296
2.49270
2.49244
2.49219
2.49193
2.49167
2.49142
2.49116
2.49090
2.49065
2.49039
2.49013
2.48988
2.48962
2.48936
2.48911
2.48885
2.48859
2.48834
2.48808
2.48782
2.48757
2.48731
2.48705
2.48680
2.48654
2.48628
2.48603
2.48577
2.48551
2.48526
2.48500
2.48474
2.48449
2.48423
2.48397
2.48372
2.48346
2.48320
2.48295
2.48269
2.48243
2.48218
2.48192
2.48166
2.48141
2.48115
2.48090
2.48064
2.48038
2.48013
2.47987
2.47961
2.47936
2.47910
2.47884
2.47859
2.47833
2.47807
2.47782
2.47756
2.47730
2.47705
2.47679
2.47653
2.47628
2.47602
2.47576
2.47551
2.47525
2.47499
2.47474
2.47448
2.47422
2.47397
2.47371
2.47345
2.47320
2.47294
2.47268
2.47243
2.47217
2.47191
2.47166
2.47140
2.47114
2.47089
2.47063
2.47037
2.47012
2.46986
2.46960
2.46935
2.46909
2.46883
2.46858
2.46832
2.46806
2.46781
2.46755
2.46729
2.46704
2.46678
2.46652
2.46627
2.46601
2.46576
2.46550
2.46524
2.46499
2.46473
2.46447
2.46422
2.46396
2.46370
2.46345
2.46319
2.46293
2.46268
2.46242
2.46216
2.46191
2.46165
2.46139
2.46114
2.46088
2.46062
2.46037
2.46011
2.45985
2.45960
2.45934
2.45908
2.45883
2.45857
2.45831
2.45806
2.45780
2.45754
2.45729
2.45703
2.45677
2.45652
2.45626
2.45600
2.45575
2.45549
2.45523
2.45498
2.45472
2.45446
2.45421
2.45395
2.45369
2.45344
2.45318
2.45292
2.45267
2.45241
2.45215
2.45190
2.45164
2.45139
2.45113
2.45087
2.45062
2.45036
2.45010
2.44985
2.44959
2.44933
2.44908
2.44882
2.44856
2.44831
2.44805
2.44779
2.44754
2.44728
2.44702
2.44677
2.44651
2.44625
2.44600
2.44574
2.44548
2.44523
2.44497
2.44471
2.44446
2.44420
2.44394
2.44369
2.44343
2.44317
2.44292
2.44266
2.44240
2.44215
2.44189
2.44163
2.44138
2.44112
2.44086
2.44061
2.44035
2.44009
2.43984
2.43958
2.43932
2.43907
2.43881
2.43856
2.43830
2.43804
2.43779
2.43753
2.43727
2.43702
2.43676
2.43650
2.43625
2.43599
2.43573
2.43548
2.43522
2.43496
2.43471
2.43445
2.43419
2.43394
2.43368
2.43342
2.43317
2.43291
2.43265
2.43240
2.43214
2.43188
2.43163
2.43137
2.43111
2.43086
2.43060
2.43034
2.43009
2.42983
2.42957
2.42932
2.42906
2.42880
2.42855
2.42829
2.42803
2.42778
2.42752
2.42726
2.42701
2.42675
2.42649
2.42624
2.42598
2.42573
2.42547
2.42521
2.42496
2.42470
2.42444
2.42419
2.42393
2.42367
2.42342
2.42316
2.42290
2.42265
2.42239
2.42213
2.42188
2.42162
2.42136
2.42111
2.42085
2.42059
2.42034
2.42008
2.41982
2.41957
2.41931
2.41905
2.41880
2.41854
2.41828
2.41803
2.41777
2.41751
2.41726
2.41700
2.41674
2.41649
2.41623
2.41597
2.41572
2.41546
2.41520
2.41495
2.41469
2.41443
2.41418
2.41392
2.41367
2.41341
2.41315
2.41290
2.41264
2.41238
2.41213
2.41187
2.41161
2.41136
2.41110
2.41084
2.41059
2.41033
2.41007
2.40982
2.40956
2.40930
2.40905
2.40879
2.40853
2.40828
2.40802
2.40776
2.40751
2.40725
2.40699
2.40674
2.40648
2.40622
2.40597
2.40571
2.40545
2.40520
2.40494
2.40468
2.40443
2.40417
2.40391
2.40366
2.40340
2.40314
2.40289
2.40263
2.40237
2.40212
2.40186
2.40161
2.40135
2.40109
2.40084
2.40058
2.40032
2.40007
2.39981
2.39955
2.39930
2.39904
2.39878
2.39853
2.39827
2.39801
2.39776
2.39750
2.39724
2.39699
2.39673
2.39647
2.39622
2.39596
2.39570
2.39545
2.39519
2.39493
2.39468
2.39442
2.39416
2.39391
2.39365
2.39339
2.39314
2.39288
2.39262
2.39237
2.39211
2.39185
2.39160
2.39134
2.39108
2.39083
2.39057
2.39032
2.39006
2.38980
2.38955
2.38929
2.38903
2.38878
2.38852
2.38826
2.38801
2.38775
2.38749
2.38724
2.38698
2.38672
2.38647
2.38621
2.38595
2.38570
2.38544
2.38518
2.38493
2.38467
2.38441
2.38416
2.38390
2.38364
2.38339
2.38313
2.38287
2.38262
2.38236
2.38210
2.38185
2.38159
2.38133
2.38108
2.38082
2.38056
2.38031
2.38005
2.37980
2.37954
2.37928
2.37903
2.37877
2.37851
2.37826
2.37800
2.37774
2.37749
2.37723
2.37697
2.37672
2.37646
2.37620
2.37595
2.37569
2.37543
2.37518
2.37492
2.37466
2.37441
2.37415
2.37389
2.37364
2.37338
2.37312
2.37287
2.37261
2.37235
2.37210
2.37184
2.37158
2.37133
2.37107
2.37081
2.37056
2.37030
2.37004
2.36979
2.36953
2.36928
2.36902
2.36876
2.36851
2.36825
2.36799
2.36774
2.36748
2.36722
2.36697
2.36671
2.36645
2.36620
2.36594
2.36568
2.36543
2.36517
2.36491
2.36466
2.36440
2.36414
2.36389
2.36363
2.36337
2.36312
2.36286
2.36260
2.36235
2.36209
2.36183
2.36158
2.36132
2.36106
2.36081
2.36055
2.36029
2.36004
2.35978
2.35953
2.35927
2.35901
2.35876
2.35850
2.35824
2.35799
2.35773
2.35747
2.35722
2.35696
2.35670
2.35645
2.35619
2.35593
2.35568
2.35542
2.35516
2.35491
2.35465
2.35439
2.35414
2.35388
2.35362
2.35337
2.35311
2.35285
2.35260
2.35234
2.35208
2.35183
2.35157
2.35131
2.35106
2.35080
2.35054
2.35029
2.35003
2.34977
2.34952
2.34926
2.34901
2.34875
2.34849
2.34824
2.34798
2.34772
2.34747
2.34721
2.34695
2.34670
2.34644
2.34618
2.34593
2.34567
2.34541
2.34516
2.34490
2.34464
2.34439
2.34413
2.34387
2.34362
2.34336
2.34310
2.34285
2.34259
2.34233
2.34208
2.34182
2.34156
2.34131
2.34105
2.34079
2.34054
2.34028
2.34003
2.33977
2.33951
2.33926
2.33900
2.33874
2.33849
2.33823
2.33797
2.33772
2.33746
2.33720
2.33695
2.33669
2.33643
2.33618
2.33592
2.33566
2.33541
2.33515
2.33489
2.33464
2.33438
2.33412
2.33387
2.33361
2.33335
2.33310
2.33284
2.33258
2.33233
2.33207
2.33181
2.33156
2.33130
2.33104
2.33079
2.33053
2.33028
2.33002
2.32976
2.32951
2.32925
2.32899
2.32874
2.32848
2.32822
2.32797
2.32771
2.32745
2.32720
2.32694
2.32668
2.32643
2.32617
2.32591
2.32566
2.32540
2.32514
2.32489
2.32463
2.32437
2.32412
2.32386
2.32360
2.32335
2.32309
2.32283
2.32258
2.32232
2.32206
2.32181
2.32155
2.32130
2.32104
2.32078
2.32053
2.32027
2.32001
2.31976
2.31950
2.31924
2.31899
2.31873
2.31847
2.31822
2.31796
2.31770
2.31745
2.31719
2.31693
2.31668
2.31642
2.31616
2.31591
2.31565
2.31539
2.31514
2.31488
2.31462
2.31437
2.31411
2.31385
2.31360
2.31334
2.31308
2.31283
2.31257
2.31232
2.31206
2.31180
2.31155
2.31129
2.31103
2.31078
2.31052
2.31026
2.31001
2.30975
2.30949
2.30924
2.30898
2.30872
2.30847
2.30821
2.30795
2.30770
2.30744
2.30718
2.30693
2.30667
2.30641
2.30616
2.30590
2.30564
2.30539
2.30513
2.30487
2.30462
2.30436
2.30411
2.30385
2.30359
2.30334
2.30308
2.30282
2.30257
2.30231
2.30205
2.30180
2.30154
2.30128
2.30103
2.30077
2.30051
2.30026
2.30000
2.29974
2.29949
2.29923
2.29897
2.29872
2.29846
2.29820
2.29795
2.29769
2.29743
2.29718
2.29692
2.29666
2.29641
2.29615
2.29589
2.29564
2.29538
2.29513
2.29487
2.29461
2.29436
2.29410
2.29384
2.29359
2.29333
2.29307
2.29282
2.29256
2.29230
2.29205
2.29179
2.29153
2.29128
2.29102
2.29076
2.29051
2.29025
2.28999
2.28974
2.28948
2.28922
2.28897
2.28871
2.28845
2.28820
2.28794
2.28768
2.28743
2.28717
2.28692
2.28666
2.28640
2.28615
2.28589
2.28563
2.28538
2.28512
2.28486
2.28461
2.28435
2.28409
2.28384
2.28358
2.28332
2.28307
2.28281
2.28255
2.28230
2.28204
2.28178
2.28153
2.28127
2.28101
2.28076
2.28050
2.28024
2.27999
2.27973
2.27947
2.27922
2.27896
2.27871
2.27845
2.27819
2.27794
2.27768
2.27742
2.27717
2.27691
2.27665
2.27640
2.27614
2.27588
2.27563
2.27537
2.27511
2.27486
2.27460
2.27434
2.27409
2.27383
2.27357
2.27332
2.27306
2.27280
2.27255
2.27229
2.27203
2.27178
2.27152
2.27127
2.27101
2.27075
2.27050
2.27024
2.26998
2.26973
2.26947
2.26921
2.26896
2.26870
2.26844
2.26819
2.26793
2.26767
2.26742
2.26716
2.26690
2.26665
2.26639
2.26613
2.26588
2.26562
2.26536
2.26511
2.26485
2.26459
2.26434
2.26408
2.26382
2.26357
2.26331
2.26306
2.26280
2.26254
2.26229
2.26203
2.26177
2.26152
2.26126
2.26100
2.26075
2.26049
2.26023
2.25998
2.25972
2.25946
2.25921
2.25895
2.25869
2.25844
2.25818
2.25792
2.25767
2.25741
2.25715
2.25690
2.25664
2.25638
2.25613
2.25587
2.25562
2.25536
2.25510
2.25485
2.25459
2.25433
2.25408
2.25382
2.25356
2.25331
2.25305
2.25279
2.25254
2.25228
2.25202
2.25177
2.25151
2.25125
2.25100
2.25074
2.25048
2.25023
2.24997
2.24971
2.24946
2.24920
2.24894
2.24869
2.24843
2.24818
2.24792
2.24766
2.24741
2.24715
2.24689
2.24664
2.24638
2.24612
2.24587
2.24561
2.24535
2.24510
2.24484
2.24458
2.24433
2.24407
2.24381
2.24356
2.24330
2.24304
2.24279
2.24253
2.24227
2.24202
2.24176
2.24150
2.24125
2.24099
2.24074
2.24048
2.24022
2.23997
2.23971
2.23945
2.23920
2.23894
2.23868
2.23843
2.23817
2.23791
2.23766
2.23740
2.23714
2.23689
2.23663
2.23637
2.23612
2.23586
2.23560
2.23535
2.23509
2.23483
2.23458
2.23432
2.23406
2.23381
2.23355
2.23330
2.23304
2.23278
2.23253
2.23227
2.23201
2.23176
2.23150
2.23124
2.23099
2.23073
2.23047
2.23022
2.22996
2.22970
2.22945
2.22919
2.22893
2.22868
2.22842
2.22816
2.22791
2.22765
2.22739
2.22714
2.22688
2.22662
2.22637
2.22611
2.22586
2.22560
2.22534
2.22509
2.22483
2.22457
2.22432
2.22406
2.22380
2.22355
2.22329
2.22303
2.22278
2.22252
2.22226
2.22201
2.22175
2.22149
2.22124
2.22098
2.22072
2.22047
2.22021
2.21995
2.21970
2.21944
2.21919
2.21893
2.21867
2.21842
2.21816
2.21790
2.21765
2.21739
2.21713
2.21688
2.21662
2.21636
2.21611
2.21585
2.21559
2.21534
2.21508
2.21482
2.21457
2.21431
2.21405
2.21380
2.21354
2.21328
2.21303
2.21277
2.21251
2.21226
2.21200
2.21175
2.21149
2.21123
2.21098
2.21072
2.21046
2.21021
2.20995
2.20969
2.20944
2.20918
2.20892
2.20867
2.20841
2.20815
2.20790
2.20764
2.20738
2.20713
2.20687
2.20661
2.20636
2.20610
2.20584
2.20559
2.20533
2.20508
2.20482
2.20456
2.20431
2.20405
2.20379
2.20354
2.20328
2.20302
2.20277
2.20251
2.20225
2.20200
2.20174
2.20148
2.20123
2.20097
2.20071
2.20046
2.20020
2.19994
2.19969
2.19943
2.19917
2.19892
2.19866
2.19841
2.19815
2.19789
2.19764
2.19738
2.19712
2.19687
2.19661
2.19635
2.19610
2.19584
2.19558
2.19533
2.19507
2.19481
2.19456
2.19430
2.19404
2.19379
2.19353
2.19327
2.19302
2.19276
2.19250
2.19225
2.19199
2.19174
2.19148
2.19122
2.19097
2.19071
2.19045
2.19020
2.18994
2.18968
2.18943
2.18917
2.18891
2.18866
2.18840
2.18814
2.18789
2.18763
2.18737
2.18712
2.18686
2.18660
2.18635
2.18609
2.18583
2.18558
2.18532
2.18507
2.18481
2.18455
2.18430
2.18404
2.18378
2.18353
2.18327
2.18301
2.18276
2.18250
2.18224
2.18199
2.18173
2.18147
2.18122
2.18096
2.18070
2.18045
2.18019
2.17993
2.17968
2.17942
2.17916
2.17891
2.17865
2.17840
2.17814
2.17788
2.17763
2.17737
2.17711
2.17686
2.17660
2.17634
2.17609
2.17583
2.17557
2.17532
2.17506
2.17480
2.17455
2.17429
2.17403
2.17378
2.17352
2.17326
2.17301
2.17275
2.17249
2.17224
2.17198
2.17173
2.17147
2.17121
2.17096
2.17070
2.17044
2.17019
2.16993
2.16967
2.16942
2.16916
2.16890
2.16865
2.16839
2.16813
2.16788
2.16762
2.16736
2.16711
2.16685
2.16659
2.16634
2.16608
2.16583
2.16557
2.16531
2.16506
2.16480
2.16454
2.16429
2.16403
2.16377
2.16352
2.16326
2.16300
2.16275
2.16249
2.16223
2.16198
2.16172
2.16146
2.16121
2.16095
2.16069
2.16044
2.16018
2.15992
2.15967
2.15941
2.15916
2.15890
2.15864
2.15839
2.15813
2.15787
2.15762
2.15736
2.15710
2.15685
2.15659
2.15633
2.15608
2.15582
2.15556
2.15531
2.15505
2.15479
2.15454
2.15428
2.15402
2.15377
2.15351
2.15326
2.15300
2.15274
2.15249
2.15223
2.15197
2.15172
2.15146
2.15120
2.15095
2.15069
2.15043
2.15018
2.14992
2.14966
2.14941
2.14915
2.14889
2.14864
2.14838
2.14812
2.14787
2.14761
2.14736
2.14710
2.14684
2.14659
2.14633
2.14607
2.14582
2.14556
2.14530
2.14505
2.14479
2.14453
2.14428
2.14402
2.14376
2.14351
2.14325
2.14299
2.14274
2.14248
2.14222
2.14197
2.14171
2.14145
2.14120
2.14094
2.14069
2.14043
2.14017
2.13992
2.13966
2.13940
2.13915
2.13889
2.13863
2.13838
2.13812
2.13786
2.13761
2.13735
2.13709
2.13684
2.13658
2.13632
2.13607
2.13581
2.13555
2.13530
2.13504
2.13479
2.13453
2.13427
2.13402
2.13376
2.13350
2.13325
2.13299
2.13273
2.13248
2.13222
2.13196
2.13171
2.13145
2.13119
2.13094
2.13068
2.13042
2.13017
2.12991
2.12965
2.12940
2.12914
2.12889
2.12863
2.12837
2.12812
2.12786
2.12760
2.12735
2.12709
2.12683
2.12658
2.12632
2.12606
2.12581
2.12555
2.12529
2.12504
2.12478
2.12452
2.12427
2.12401
2.12375
2.12350
2.12324
2.12299
2.12273
2.12247
2.12222
2.12196
2.12170
2.12145
2.12119
2.12093
2.12068
2.12042
2.12016
2.11991
2.11965
2.11939
2.11914
2.11888
2.11862
2.11837
2.11811
2.11785
2.11760
2.11734
2.11709
2.11683
2.11657
2.11632
2.11606
2.11580
2.11555
2.11529
2.11503
2.11478
2.11452
2.11426
2.11401
2.11375
2.11349
2.11324
2.11298
2.11272
2.11247
2.11221
2.11195
2.11170
2.11144
2.11119
2.11093
2.11067
2.11042
2.11016
2.10990
2.10965
2.10939
2.10913
2.10888
2.10862
2.10836
2.10811
2.10785
2.10759
2.10734
2.10708
2.10682
2.10657
2.10631
2.10606
2.10580
2.10554
2.10529
2.10503
2.10477
2.10452
2.10426
2.10400
2.10375
2.10349
2.10323
2.10298
2.10272
2.10246
2.10221
2.10195
2.10169
2.10144
2.10118
2.10092
2.10067
2.10041
2.10016
2.09990
2.09964
2.09939
2.09913
2.09887
2.09862
2.09836
2.09810
2.09785
2.09759
2.09733
2.09708
2.09682
2.09656
2.09631
2.09605
2.09579
2.09554
2.09528
2.09502
2.09477
2.09451
2.09426
2.09400
2.09374
2.09349
2.09323
2.09297
2.09272
2.09246
2.09220
2.09195
2.09169
2.09143
2.09118
2.09092
2.09066
2.09041
2.09015
2.08989
2.08964
2.08938
2.08913
2.08887
2.08861
2.08836
2.08810
2.08784
2.08759
2.08733
2.08707
2.08682
2.08656
2.08630
2.08605
2.08579
2.08553
2.08528
2.08502
2.08476
2.08451
2.08425
2.08399
2.08374
2.08348
2.08323
2.08297
2.08271
2.08246
2.08220
2.08194
2.08169
2.08143
2.08117
2.08092
2.08066
2.08040
2.08015
2.07989
2.07963
2.07938
2.07912
2.07886
2.07861
2.07835
2.07810
2.07784
2.07758
2.07733
2.07707
2.07681
2.07656
2.07630
2.07604
2.07579
2.07553
2.07527
2.07502
2.07476
2.07450
2.07425
2.07399
2.07373
2.07348
2.07322
2.07297
2.07271
2.07245
2.07220
2.07194
2.07168
2.07143
2.07117
2.07091
2.07066
2.07040
2.07014
2.06989
2.06963
2.06937
2.06912
2.06886
2.06860
2.06835
2.06809
2.06783
2.06758
2.06732
2.06707
2.06681
2.06655
2.06630
2.06604
2.06578
2.06553
2.06527
2.06501
2.06476
2.06450
2.06424
2.06399
2.06373
2.06347
2.06322
2.06296
2.06270
2.06245
2.06219
2.06194
2.06168
2.06142
2.06117
2.06091
2.06065
2.06040
2.06014
2.05988
2.05963
2.05937
2.05911
2.05886
2.05860
2.05834
2.05809
2.05783
2.05757
2.05732
2.05706
2.05681
2.05655
2.05629
2.05604
2.05578
2.05552
2.05527
2.05501
2.05475
2.05450
2.05424
2.05398
2.05373
2.05347
2.05321
2.05296
2.05270
2.05244
2.05219
2.05193
2.05168
2.05142
2.05116
2.05091
2.05065
2.05039
2.05014
2.04988
2.04962
2.04937
2.04911
2.04885
2.04860
2.04834
2.04808
2.04783
2.04757
2.04731
2.04706
2.04680
2.04655
2.04629
2.04603
2.04578
2.04552
2.04526
2.04501
2.04475
2.04449
2.04424
2.04398
2.04372
2.04347
2.04321
2.04295
2.04270
2.04244
2.04218
2.04193
2.04167
2.04142
2.04116
2.04090
2.04065
2.04039
2.04013
2.03988
2.03962
2.03936
2.03911
2.03885
2.03859
2.03834
2.03808
2.03782
2.03757
2.03731
2.03705
2.03680
2.03654
2.03629
2.03603
2.03577
2.03552
2.03526
2.03500
2.03475
2.03449
2.03423
2.03398
2.03372
2.03346
2.03321
2.03295
2.03269
2.03244
2.03218
2.03192
2.03167
2.03141
2.03116
2.03090
2.03064
2.03039
2.03013
2.02987
2.02962
2.02936
2.02910
2.02885
2.02859
2.02833
2.02808
2.02782
2.02756
2.02731
2.02705
2.02679
2.02654
2.02628
2.02603
2.02577
2.02551
2.02526
2.02500
2.02474
2.02449
2.02423
2.02397
2.02372
2.02346
2.02320
2.02295
2.02269
2.02243
2.02218
2.02192
2.02166
2.02141
2.02115
2.02090
2.02064
2.02038
2.02013
2.01987
2.01961
2.01936
2.01910
2.01884
2.01859
2.01833
2.01807
2.01782
2.01756
2.01730
2.01705
2.01679
2.01653
2.01628
2.01602
2.01577
2.01551
2.01525
2.01500
2.01474
2.01448
2.01423
2.01397
2.01371
2.01346
2.01320
2.01294
2.01269
2.01243
2.01217
2.01192
2.01166
2.01141
2.01115
2.01089
2.01064
2.01038
2.01012
2.00987
2.00961
2.00935
2.00910
2.00884
2.00858
2.00833
2.00807
2.00781
2.00756
2.00730
2.00704
2.00679
2.00653
2.00628
2.00602
2.00576
2.00551
2.00525
2.00499
2.00474
2.00448
2.00422
2.00397
2.00371
2.00345
2.00320
2.00294
2.00268
2.00243
2.00217
2.00191
2.00166
2.00140
2.00115
2.00089
2.00063
2.00038
2.00012
1.99986
1.99961
1.99935
1.99909
1.99884
1.99858
1.99832
1.99807
1.99781
1.99755
1.99730
1.99704
1.99679
1.99653
1.99627
1.99602
1.99576
1.99550
1.99525
1.99499
1.99473
1.99448
1.99422
1.99396
1.99371
1.99345
1.99319
1.99294
1.99268
1.99242
1.99217
1.99191
1.99166
1.99140
1.99114
1.99089
1.99063
1.99037
1.99012
1.98986
1.98960
1.98935
1.98909
1.98883
1.98858
1.98832
1.98806
1.98781
1.98755
1.98730
1.98704
1.98678
1.98653
1.98627
1.98601
1.98576
1.98550
1.98524
1.98499
1.98473
1.98447
1.98422
1.98396
1.98370
1.98345
1.98319
1.98293
1.98268
1.98242
1.98217
1.98191
1.98165
1.98140
1.98114
1.98088
1.98063
1.98037
1.98011
1.97986
1.97960
1.97934
1.97909
1.97883
1.97857
1.97832
1.97806
1.97781
1.97755
1.97729
1.97704
1.97678
1.97652
1.97627
1.97601
1.97575
1.97550
1.97524
1.97498
1.97473
1.97447
1.97421
1.97396
1.97370
1.97344
1.97319
1.97293
1.97268
1.97242
1.97216
1.97191
1.97165
1.97139
1.97114
1.97088
1.97062
1.97037
1.97011
1.96985
1.96960
1.96934
1.96908
1.96883
1.96857
1.96832
1.96806
1.96780
1.96755
1.96729
1.96703
1.96678
1.96652
1.96626
1.96601
1.96575
1.96549
1.96524
1.96498
1.96472
1.96447
1.96421
1.96396
1.96370
1.96344
1.96319
1.96293
1.96267
1.96242
1.96216
1.96190
1.96165
1.96139
1.96113
1.96088
1.96062
1.96036
1.96011
1.95985
1.95960
1.95934
1.95908
1.95883
1.95857
1.95831
1.95806
1.95780
1.95754
1.95729
1.95703
1.95677
1.95652
1.95626
1.95600
1.95575
1.95549
1.95523
1.95498
1.95472
1.95447
1.95421
1.95395
1.95370
1.95344
1.95318
1.95293
1.95267
1.95241
1.95216
1.95190
1.95164
1.95139
1.95113
1.95087
1.95062
1.95036
1.95011
1.94985
1.94959
1.94934
1.94908
1.94882
1.94857
1.94831
1.94805
1.94780
1.94754
1.94728
1.94703
1.94677
1.94651
1.94626
1.94600
1.94575
1.94549
1.94523
1.94498
1.94472
1.94446
1.94421
1.94395
1.94369
1.94344
1.94318
1.94292
1.94267
1.94241
1.94215
1.94190
1.94164
1.94139
1.94113
1.94087
1.94062
1.94036
1.94010
1.93985
1.93959
1.93933
1.93908
1.93882
1.93856
1.93831
1.93805
1.93779
1.93754
1.93728
1.93703
1.93677
1.93651
1.93626
1.93600
1.93574
1.93549
1.93523
1.93497
1.93472
1.93446
1.93420
1.93395
1.93369
1.93343
1.93318
1.93292
1.93267
1.93241
1.93215
1.93190
1.93164
1.93138
1.93113
1.93087
1.93061
1.93036
1.93010
1.92984
1.92959
1.92933
1.92907
1.92882
1.92856
1.92831
1.92805
1.92779
1.92754
1.92728
1.92702
1.92677
1.92651
1.92625
1.92600
1.92574
1.92548
1.92523
1.92497
1.92471
1.92446
1.92420
1.92395
1.92369
1.92343
1.92318
1.92292
1.92266
1.92241
1.92215
1.92189
1.92164
1.92138
1.92112
1.92087
1.92061
1.92035
1.92010
1.91984
1.91959
1.91933
1.91907
1.91882
1.91856
1.91830
1.91805
1.91779
1.91753
1.91728
1.91702
1.91676
1.91651
1.91625
1.91599
1.91574
1.91548
1.91523
1.91497
1.91471
1.91446
1.91420
1.91394
1.91369
1.91343
1.91317
1.91292
1.91266
1.91240
1.91215
1.91189
1.91163
1.91138
1.91112
1.91087
1.91061
1.91035
1.91010
1.90984
1.90958
1.90933
1.90907
1.90881
1.90856
1.90830
1.90804
1.90779
1.90753
1.90727
1.90702
1.90676
1.90651
1.90625
1.90599
1.90574
1.90548
1.90522
1.90497
1.90471
1.90445
1.90420
1.90394
1.90368
1.90343
1.90317
1.90291
1.90266
1.90240
1.90215
1.90189
1.90163
1.90138
1.90112
1.90086
1.90061
1.90035
1.90009
1.89984
1.89958
1.89932
1.89907
1.89881
1.89855
1.89830
1.89804
1.89779
1.89753
1.89727
1.89702
1.89676
1.89650
1.89625
1.89599
1.89573
1.89548
1.89522
1.89496
1.89471
1.89445
1.89420
1.89394
1.89368
1.89343
1.89317
1.89291
1.89266
1.89240
1.89214
1.89189
1.89163
1.89137
1.89112
1.89086
1.89060
1.89035
1.89009
1.88984
1.88958
1.88932
1.88907
1.88881
1.88855
1.88830
1.88804
1.88778
1.88753
1.88727
1.88701
1.88676
1.88650
1.88624
1.88599
1.88573
1.88548
1.88522
1.88496
1.88471
1.88445
1.88419
1.88394
1.88368
1.88342
1.88317
1.88291
1.88265
1.88240
1.88214
1.88188
1.88163
1.88137
1.88112
1.88086
1.88060
1.88035
1.88009
1.87983
1.87958
1.87932
1.87906
1.87881
1.87855
1.87829
1.87804
1.87778
1.87753
1.87727
1.87701
1.87676
1.87650
1.87624
1.87599
1.87573
1.87547
1.87522
1.87496
1.87470
1.87445
1.87419
1.87393
1.87368
1.87342
1.87317
1.87291
1.87265
1.87240
1.87214
1.87188
1.87163
1.87137
1.87111
1.87086
1.87060
1.87034
1.87009
1.86983
1.86958
1.86932
1.86906
1.86881
1.86855
1.86829
1.86804
1.86778
1.86752
1.86727
1.86701
1.86675
1.86650
1.86624
1.86598
1.86573
1.86547
1.86522
1.86496
1.86470
1.86445
1.86419
1.86393
1.86368
1.86342
1.86316
1.86291
1.86265
1.86239
1.86214
1.86188
1.86162
1.86137
1.86111
1.86086
1.86060
1.86034
1.86009
1.85983
1.85957
1.85932
1.85906
1.85880
1.85855
1.85829
1.85803
1.85778
1.85752
1.85727
1.85701
1.85675
1.85650
1.85624
1.85598
1.85573
1.85547
1.85521
1.85496
1.85470
1.85444
1.85419
1.85393
1.85367
1.85342
1.85316
1.85291
1.85265
1.85239
1.85214
1.85188
1.85162
1.85137
1.85111
1.85085
1.85060
1.85034
1.85008
1.84983
1.84957
1.84932
1.84906
1.84880
1.84855
1.84829
1.84803
1.84778
1.84752
1.84726
1.84701
1.84675
1.84649
1.84624
1.84598
1.84572
1.84547
1.84521
1.84496
1.84470
1.84444
1.84419
1.84393
1.84367
1.84342
1.84316
1.84290
1.84265
1.84239
1.84213
1.84188
1.84162
1.84137
1.84111
1.84085
1.84060
1.84034
1.84008
1.83983
1.83957
1.83931
1.83906
1.83880
1.83854
1.83829
1.83803
1.83778
1.83752
1.83726
1.83701
1.83675
1.83649
1.83624
1.83598
1.83572
1.83547
1.83521
1.83495
1.83470
1.83444
1.83418
1.83393
1.83367
1.83342
1.83316
1.83290
1.83265
1.83239
1.83213
1.83188
1.83162
1.83136
1.83111
1.83085
1.83059
1.83034
1.83008
1.82983
1.82957
1.82931
1.82906
1.82880
1.82854
1.82829
1.82803
1.82777
1.82752
1.82726
1.82700
1.82675
1.82649
1.82623
1.82598
1.82572
1.82547
1.82521
1.82495
1.82470
1.82444
1.82418
1.82393
1.82367
1.82341
1.82316
1.82290
1.82264
1.82239
1.82213
1.82188
1.82162
1.82136
1.82111
1.82085
1.82059
1.82034
1.82008
1.81982
1.81957
1.81931
1.81905
1.81880
1.81854
1.81829
1.81803
1.81777
1.81752
1.81726
1.81700
1.81675
1.81649
1.81623
1.81598
1.81572
1.81546
1.81521
1.81495
1.81469
1.81444
1.81418
1.81393
1.81367
1.81341
1.81316
1.81290
1.81264
1.81239
1.81213
1.81187
1.81162
1.81136
1.81110
1.81085
1.81059
1.81034
1.81008
1.80982
1.80957
1.80931
1.80905
1.80880
1.80854
1.80828
1.80803
1.80777
1.80751
1.80726
1.80700
1.80675
1.80649
1.80623
1.80598
1.80572
1.80546
1.80521
1.80495
1.80469
1.80444
1.80418
1.80392
1.80367
1.80341
1.80316
1.80290
1.80264
1.80239
1.80213
1.80187
1.80162
1.80136
1.80110
1.80085
1.80059
1.80033
1.80008
1.79982
1.79957
1.79931
1.79905
1.79880
1.79854
1.79828
1.79803
1.79777
1.79751
1.79726
1.79700
1.79674
1.79649
1.79623
1.79597
1.79572
1.79546
1.79521
1.79495
1.79469
1.79444
1.79418
1.79392
1.79367
1.79341
1.79315
1.79290
1.79264
1.79238
1.79213
1.79187
1.79162
1.79136
1.79110
1.79085
1.79059
1.79033
1.79008
1.78982
1.78956
1.78931
1.78905
1.78879
1.78854
1.78828
1.78803
1.78777
1.78751
1.78726
1.78700
1.78674
1.78649
1.78623
1.78597
1.78572
1.78546
1.78520
1.78495
1.78469
1.78444
1.78418
1.78392
1.78367
1.78341
1.78315
1.78290
1.78264
1.78238
1.78213
1.78187
1.78161
1.78136
1.78110
1.78085
1.78059
1.78033
1.78008
1.77982
1.77956
1.77931
1.77905
1.77879
1.77854
1.77828
1.77802
1.77777
1.77751
1.77726
1.77700
1.77674
1.77649
1.77623
1.77597
1.77572
1.77546
1.77520
1.77495
1.77469
1.77443
1.77418
1.77392
1.77367
1.77341
1.77315
1.77290
1.77264
1.77238
1.77213
1.77187
1.77161
1.77136
1.77110
1.77084
1.77059
1.77033
1.77008
1.76982
1.76956
1.76931
1.76905
1.76879
1.76854
1.76828
1.76802
1.76777
1.76751
1.76725
1.76700
1.76674
1.76649
1.76623
1.76597
1.76572
1.76546
1.76520
1.76495
1.76469
1.76443
1.76418
1.76392
1.76366
1.76341
1.76315
1.76290
1.76264
1.76238
1.76213
1.76187
1.76161
1.76136
1.76110
1.76084
1.76059
1.76033
1.76007
1.75982
1.75956
1.75931
1.75905
1.75879
1.75854
1.75828
1.75802
1.75777
1.75751
1.75725
1.75700
1.75674
1.75648
1.75623
1.75597
1.75572
1.75546
1.75520
1.75495
1.75469
1.75443
1.75418
1.75392
1.75366
1.75341
1.75315
1.75289
1.75264
1.75238
1.75213
1.75187
1.75161
1.75136
1.75110
1.75084
1.75059
1.75033
1.75007
1.74982
1.74956
1.74930
1.74905
1.74879
1.74854
1.74828
1.74802
1.74777
1.74751
1.74725
1.74700
1.74674
1.74648
1.74623
1.74597
1.74571
1.74546
1.74520
1.74495
1.74469
1.74443
1.74418
1.74392
1.74366
1.74341
1.74315
1.74289
1.74264
1.74238
1.74212
1.74187
1.74161
1.74136
1.74110
1.74084
1.74059
1.74033
1.74007
1.73982
1.73956
1.73930
1.73905
1.73879
1.73853
1.73828
1.73802
1.73777
1.73751
1.73725
1.73700
1.73674
1.73648
1.73623
1.73597
1.73571
1.73546
1.73520
1.73494
1.73469
1.73443
1.73418
1.73392
1.73366
1.73341
1.73315
1.73289
1.73264
1.73238
1.73212
1.73187
1.73161
1.73135
1.73110
1.73084
1.73059
1.73033
1.73007
1.72982
1.72956
1.72930
1.72905
1.72879
1.72853
1.72828
1.72802
1.72777
1.72751
1.72725
1.72700
1.72674
1.72648
1.72623
1.72597
1.72571
1.72546
1.72520
1.72494
1.72469
1.72443
1.72418
1.72392
1.72366
1.72341
1.72315
1.72289
1.72264
1.72238
1.72212
1.72187
1.72161
1.72135
1.72110
1.72084
1.72059
1.72033
1.72007
1.71982
1.71956
1.71930
1.71905
1.71879
1.71853
1.71828
1.71802
1.71776
1.71751
1.71725
1.71700
1.71674
1.71648
1.71623
1.71597
1.71571
1.71546
1.71520
1.71494
1.71469
1.71443
1.71417
1.71392
1.71366
1.71341
1.71315
1.71289
1.71264
1.71238
1.71212
1.71187
1.71161
1.71135
1.71110
1.71084
1.71059
1.71033
1.71007
1.70982
1.70956
1.70930
1.70905
1.70879
1.70853
1.70828
1.70802
1.70776
1.70751
1.70725
1.70700
1.70674
1.70648
1.70623
1.70597
1.70571
1.70546
1.70520
1.70494
1.70469
1.70443
1.70417
1.70392
1.70366
1.70341
1.70315
1.70289
1.70264
1.70238
1.70212
1.70187
1.70161
1.70135
1.70110
1.70084
1.70058
1.70033
1.70007
1.69982
1.69956
1.69930
1.69905
1.69879
1.69853
1.69828
1.69802
1.69776
1.69751
1.69725
1.69700
1.69674
1.69648
1.69623
1.69597
1.69571
1.69546
1.69520
1.69494
1.69469
1.69443
1.69417
1.69392
1.69366
1.69341
1.69315
1.69289
1.69264
1.69238
1.69212
1.69187
1.69161
1.69135
1.69110
1.69084
1.69058
1.69033
1.69007
1.68982
1.68956
1.68930
1.68905
1.68879
1.68853
1.68828
1.68802
1.68776
1.68751
1.68725
1.68700
1.68674
1.68648
1.68623
1.68597
1.68571
1.68546
1.68520
1.68494
1.68469
1.68443
1.68417
1.68392
1.68366
1.68341
1.68315
1.68289
1.68264
1.68238
1.68212
1.68187
1.68161
1.68135
1.68110
1.68084
1.68058
1.68033
1.68007
1.67982
1.67956
1.67930
1.67905
1.67879
1.67853
1.67828
1.67802
1.67776
1.67751
1.67725
1.67700
1.67674
1.67648
1.67623
1.67597
1.67571
1.67546
1.67520
1.67494
1.67469
1.67443
1.67417
1.67392
1.67366
1.67341
1.67315
1.67289
1.67264
1.67238
1.67212
1.67187
1.67161
1.67135
1.67110
1.67084
1.67059
1.67033
1.67007
1.66982
1.66956
1.66930
1.66905
1.66879
1.66853
1.66828
1.66802
1.66776
1.66751
1.66725
1.66700
1.66674
1.66648
1.66623
1.66597
1.66571
1.66546
1.66520
1.66494
1.66469
1.66443
1.66418
1.66392
1.66366
1.66341
1.66315
1.66289
1.66264
1.66238
1.66212
1.66187
1.66161
1.66135
1.66110
1.66084
1.66059
1.66033
1.66007
1.65982
1.65956
1.65930
1.65905
1.65879
1.65853
1.65828
1.65802
1.65776
1.65751
1.65725
1.65700
1.65674
1.65648
1.65623
1.65597
1.65571
1.65546
1.65520
1.65494
1.65469
1.65443
1.65418
1.65392
1.65366
1.65341
1.65315
1.65289
1.65264
1.65238
1.65212
1.65187
1.65161
1.65135
1.65110
1.65084
1.65059
1.65033
1.65007
1.64982
1.64956
1.64930
1.64905
1.64879
1.64853
1.64828
1.64802
1.64777
1.64751
1.64725
1.64700
1.64674
1.64648
1.64623
1.64597
1.64571
1.64546
1.64520
1.64495
1.64469
1.64443
1.64418
1.64392
1.64366
1.64341
1.64315
1.64289
1.64264
1.64238
1.64212
1.64187
1.64161
1.64136
1.64110
1.64084
1.64059
1.64033
1.64007
1.63982
1.63956
1.63930
1.63905
1.63879
1.63854
1.63828
1.63802
1.63777
1.63751
1.63725
1.63700
1.63674
1.63648
1.63623
1.63597
1.63571
1.63546
1.63520
1.63495
1.63469
1.63443
1.63418
1.63392
1.63366
1.63341
1.63315
1.63289
1.63264
1.63238
1.63213
1.63187
1.63161
1.63136
1.63110
1.63084
1.63059
1.63033
1.63007
1.62982
1.62956
1.62930
1.62905
1.62879
1.62854
1.62828
1.62802
1.62777
1.62751
1.62725
1.62700
1.62674
1.62648
1.62623
1.62597
1.62572
1.62546
1.62520
1.62495
1.62469
1.62443
1.62418
1.62392
1.62366
1.62341
1.62315
1.62290
1.62264
1.62238
1.62213
1.62187
1.62161
1.62136
1.62110
1.62084
1.62059
1.62033
1.62007
1.61982
1.61956
1.61931
1.61905
1.61879
1.61854
1.61828
1.61802
1.61777
1.61751
1.61725
1.61700
1.61674
1.61649
1.61623
1.61597
1.61572
1.61546
1.61520
1.61495
1.61469
1.61443
1.61418
1.61392
1.61366
1.61341
1.61315
1.61290
1.61264
1.61238
1.61213
1.61187
1.61161
1.61136
1.61110
1.61084
1.61059
1.61033
1.61008
1.60982
1.60956
1.60931
1.60905
1.60879
1.60854
1.60828
1.60802
1.60777
1.60751
1.60726
1.60700
1.60674
1.60649
1.60623
1.60597
1.60572
1.60546
1.60520
1.60495
1.60469
1.60443
1.60418
1.60392
1.60367
1.60341
1.60315
1.60290
1.60264
1.60238
1.60213
1.60187
1.60161
1.60136
1.60110
1.60085
1.60059
1.60033
1.60008
1.59982
1.59956
1.59931
1.59905
1.59879
1.59854
1.59828
1.59803
1.59777
1.59751
1.59726
1.59700
1.59674
1.59649
1.59623
1.59597
1.59572
1.59546
1.59521
1.59495
1.59469
1.59444
1.59418
1.59392
1.59367
1.59341
1.59315
1.59290
1.59264
1.59238
1.59213
1.59187
1.59162
1.59136
1.59110
1.59085
1.59059
1.59033
1.59008
1.58982
1.58956
1.58931
1.58905
1.58880
1.58854
1.58828
1.58803
1.58777
1.58751
1.58726
1.58700
1.58674
1.58649
1.58623
1.58598
1.58572
1.58546
1.58521
1.58495
1.58469
1.58444
1.58418
1.58392
1.58367
1.58341
1.58315
1.58290
1.58264
1.58239
1.58213
1.58187
1.58162
1.58136
1.58110
1.58085
1.58059
1.58033
1.58008
1.57982
1.57957
1.57931
1.57905
1.57880
1.57854
1.57828
1.57803
1.57777
1.57751
1.57726
1.57700
1.57675
1.57649
1.57623
1.57598
1.57572
1.57546
1.57521
1.57495
1.57469
1.57444
1.57418
1.57393
1.57367
1.57341
1.57316
1.57290
1.57264
1.57239
1.57213
1.57187
1.57162
1.57136
1.57111
1.57085
1.57059
1.57034
1.57008
1.56982
1.56957
1.56931
1.56905
1.56880
1.56854
1.56828
1.56803
1.56777
1.56752
1.56726
1.56700
1.56675
1.56649
1.56623
1.56598
1.56572
1.56546
1.56521
1.56495
1.56470
1.56444
1.56418
1.56393
1.56367
1.56341
1.56316
1.56290
1.56264
1.56239
1.56213
1.56188
1.56162
1.56136
1.56111
1.56085
1.56059
1.56034
1.56008
1.55982
1.55957
1.55931
1.55906
1.55880
1.55854
1.55829
1.55803
1.55777
1.55752
1.55726
1.55700
1.55675
1.55649
1.55624
1.55598
1.55572
1.55547
1.55521
1.55495
1.55470
1.55444
1.55418
1.55393
1.55367
1.55342
1.55316
1.55290
1.55265
1.55239
1.55213
1.55188
1.55162
1.55136
1.55111
1.55085
1.55059
1.55034
1.55008
1.54983
1.54957
1.54931
1.54906
1.54880
1.54854
1.54829
1.54803
1.54777
1.54752
1.54726
1.54701
1.54675
1.54649
1.54624
1.54598
1.54572
1.54547
1.54521
1.54495
1.54470
1.54444
1.54419
1.54393
1.54367
1.54342
1.54316
1.54290
1.54265
1.54239
1.54213
1.54188
1.54162
1.54137
1.54111
1.54085
1.54060
1.54034
1.54008
1.53983
1.53957
1.53931
1.53906
1.53880
1.53855
1.53829
1.53803
1.53778
1.53752
1.53726
1.53701
1.53675
1.53649
1.53624
1.53598
1.53573
1.53547
1.53521
1.53496
1.53470
1.53444
1.53419
1.53393
1.53367
1.53342
1.53316
1.53291
1.53265
1.53239
1.53214
1.53188
1.53162
1.53137
1.53111
1.53085
1.53060
1.53034
1.53009
1.52983
1.52957
1.52932
1.52906
1.52880
1.52855
1.52829
1.52803
1.52778
1.52752
1.52727
1.52701
1.52675
1.52650
1.52624
1.52598
1.52573
1.52547
1.52521
1.52496
1.52470
1.52445
1.52419
1.52393
1.52368
1.52342
1.52316
1.52291
1.52265
1.52239
1.52214
1.52188
1.52163
1.52137
1.52111
1.52086
1.52060
1.52034
1.52009
1.51983
1.51957
1.51932
1.51906
1.51881
1.51855
1.51829
1.51804
1.51778
1.51752
1.51727
1.51701
1.51675
1.51650
1.51624
1.51599
1.51573
1.51547
1.51522
1.51496
1.51470
1.51445
1.51419
1.51393
1.51368
1.51342
1.51317
1.51291
1.51265
1.51240
1.51214
1.51188
1.51163
1.51137
1.51111
1.51086
1.51060
1.51035
1.51009
1.50983
1.50958
1.50932
1.50906
1.50881
1.50855
1.50829
1.50804
1.50778
1.50753
1.50727
1.50701
1.50676
1.50650
1.50624
1.50599
1.50573
1.50547
1.50522
1.50496
1.50471
1.50445
1.50419
1.50394
1.50368
1.50342
1.50317
1.50291
1.50265
1.50240
1.50214
1.50189
1.50163
1.50137
1.50112
1.50086
1.50060
1.50035
1.50009
1.49983
1.49958
1.49932
1.49907
1.49881
1.49855
1.49830
1.49804
1.49778
1.49753
1.49727
1.49701
1.49676
1.49650
1.49625
1.49599
1.49573
1.49548
1.49522
1.49496
1.49471
1.49445
1.49419
1.49394
1.49368
1.49343
1.49317
1.49291
1.49266
1.49240
1.49214
1.49189
1.49163
1.49137
1.49112
1.49086
1.49061
1.49035
1.49009
1.48984
1.48958
1.48932
1.48907
1.48881
1.48855
1.48830
1.48804
1.48779
1.48753
1.48727
1.48702
1.48676
1.48650
1.48625
1.48599
1.48573
1.48548
1.48522
1.48497
1.48471
1.48445
1.48420
1.48394
1.48368
1.48343
1.48317
1.48291
1.48266
1.48240
1.48215
1.48189
1.48163
1.48138
1.48112
1.48086
1.48061
1.48035
1.48009
1.47984
1.47958
1.47933
1.47907
1.47881
1.47856
1.47830
1.47804
1.47779
1.47753
1.47727
1.47702
1.47676
1.47651
1.47625
1.47599
1.47574
1.47548
1.47522
1.47497
1.47471
1.47445
1.47420
1.47394
1.47369
1.47343
1.47317
1.47292
1.47266
1.47240
1.47215
1.47189
1.47163
1.47138
1.47112
1.47087
1.47061
1.47035
1.47010
1.46984
1.46958
1.46933
1.46907
1.46882
1.46856
1.46830
1.46805
1.46779
1.46753
1.46728
1.46702
1.46676
1.46651
1.46625
1.46600
1.46574
1.46548
1.46523
1.46497
1.46471
1.46446
1.46420
1.46394
1.46369
1.46343
1.46318
1.46292
1.46266
1.46241
1.46215
1.46189
1.46164
1.46138
1.46112
1.46087
1.46061
1.46036
1.46010
1.45984
1.45959
1.45933
1.45907
1.45882
1.45856
1.45830
1.45805
1.45779
1.45754
1.45728
1.45702
1.45677
1.45651
1.45625
1.45600
1.45574
1.45548
1.45523
1.45497
1.45472
1.45446
1.45420
1.45395
1.45369
1.45343
1.45318
1.45292
1.45266
1.45241
1.45215
1.45190
1.45164
1.45138
1.45113
1.45087
1.45061
1.45036
1.45010
1.44985
1.44959
1.44933
1.44908
1.44882
1.44856
1.44831
1.44805
1.44779
1.44754
1.44728
1.44703
1.44677
1.44651
1.44626
1.44600
1.44574
1.44549
1.44523
1.44497
1.44472
1.44446
1.44421
1.44395
1.44369
1.44344
1.44318
1.44292
1.44267
1.44241
1.44215
1.44190
1.44164
1.44139
1.44113
1.44087
1.44062
1.44036
1.44010
1.43985
1.43959
1.43933
1.43908
1.43882
1.43857
1.43831
1.43805
1.43780
1.43754
1.43728
1.43703
1.43677
1.43652
1.43626
1.43600
1.43575
1.43549
1.43523
1.43498
1.43472
1.43446
1.43421
1.43395
1.43370
1.43344
1.43318
1.43293
1.43267
1.43241
1.43216
1.43190
1.43164
1.43139
1.43113
1.43088
1.43062
1.43036
1.43011
1.42985
1.42959
1.42934
1.42908
1.42882
1.42857
1.42831
1.42806
1.42780
1.42754
1.42729
1.42703
1.42677
1.42652
1.42626
1.42600
1.42575
1.42549
1.42524
1.42498
1.42472
1.42447
1.42421
1.42395
1.42370
1.42344
1.42319
1.42293
1.42267
1.42242
1.42216
1.42190
1.42165
1.42139
1.42113
1.42088
1.42062
1.42037
1.42011
1.41985
1.41960
1.41934
1.41908
1.41883
1.41857
1.41831
1.41806
1.41780
1.41755
1.41729
1.41703
1.41678
1.41652
1.41626
1.41601
1.41575
1.41550
1.41524
1.41498
1.41473
1.41447
1.41421
1.41396
1.41370
1.41344
1.41319
1.41293
1.41268
1.41242
1.41216
1.41191
1.41165
1.41139
1.41114
1.41088
1.41062
1.41037
1.41011
1.40986
1.40960
1.40934
1.40909
1.40883
1.40857
1.40832
1.40806
1.40780
1.40755
1.40729
1.40704
1.40678
1.40652
1.40627
1.40601
1.40575
1.40550
1.40524
1.40499
1.40473
1.40447
1.40422
1.40396
1.40370
1.40345
1.40319
1.40293
1.40268
1.40242
1.40217
1.40191
1.40165
1.40140
1.40114
1.40088
1.40063
1.40037
1.40011
1.39986
1.39960
1.39935
1.39909
1.39883
1.39858
1.39832
1.39806
1.39781
1.39755
1.39730
1.39704
1.39678
1.39653
1.39627
1.39601
1.39576
1.39550
1.39524
1.39499
1.39473
1.39448
1.39422
1.39396
1.39371
1.39345
1.39319
1.39294
1.39268
1.39242
1.39217
1.39191
1.39166
1.39140
1.39114
1.39089
1.39063
1.39037
1.39012
1.38986
1.38961
1.38935
1.38909
1.38884
1.38858
1.38832
1.38807
1.38781
1.38755
1.38730
1.38704
1.38679
1.38653
1.38627
1.38602
1.38576
1.38550
1.38525
1.38499
1.38473
1.38448
1.38422
1.38397
1.38371
1.38345
1.38320
1.38294
1.38268
1.38243
1.38217
1.38192
1.38166
1.38140
1.38115
1.38089
1.38063
1.38038
1.38012
1.37986
1.37961
1.37935
1.37910
1.37884
1.37858
1.37833
1.37807
1.37781
1.37756
1.37730
1.37704
1.37679
1.37653
1.37628
1.37602
1.37576
1.37551
1.37525
1.37499
1.37474
1.37448
1.37423
1.37397
1.37371
1.37346
1.37320
1.37294
1.37269
1.37243
1.37217
1.37192
1.37166
1.37141
1.37115
1.37089
1.37064
1.37038
1.37012
1.36987
1.36961
1.36936
1.36910
1.36884
1.36859
1.36833
1.36807
1.36782
1.36756
1.36730
1.36705
1.36679
1.36654
1.36628
1.36602
1.36577
1.36551
1.36525
1.36500
1.36474
1.36448
1.36423
1.36397
1.36372
1.36346
1.36320
1.36295
1.36269
1.36243
1.36218
1.36192
1.36167
1.36141
1.36115
1.36090
1.36064
1.36038
1.36013
1.35987
1.35961
1.35936
1.35910
1.35885
1.35859
1.35833
1.35808
1.35782
1.35756
1.35731
1.35705
1.35680
1.35654
1.35628
1.35603
1.35577
1.35551
1.35526
1.35500
1.35474
1.35449
1.35423
1.35398
1.35372
1.35346
1.35321
1.35295
1.35269
1.35244
1.35218
1.35192
1.35167
1.35141
1.35116
1.35090
1.35064
1.35039
1.35013
1.34987
1.34962
1.34936
1.34911
1.34885
1.34859
1.34834
1.34808
1.34782
1.34757
1.34731
1.34705
1.34680
1.34654
1.34629
1.34603
1.34577
1.34552
1.34526
1.34500
1.34475
1.34449
1.34424
1.34398
1.34372
1.34347
1.34321
1.34295
1.34270
1.34244
1.34218
1.34193
1.34167
1.34142
1.34116
1.34090
1.34065
1.34039
1.34013
1.33988
1.33962
1.33937
1.33911
1.33885
1.33860
1.33834
1.33808
1.33783
1.33757
1.33731
1.33706
1.33680
1.33655
1.33629
1.33603
1.33578
1.33552
1.33526
1.33501
1.33475
1.33450
1.33424
1.33398
1.33373
1.33347
1.33321
1.33296
1.33270
1.33244
1.33219
1.33193
1.33168
1.33142
1.33116
1.33091
1.33065
1.33039
1.33014
1.32988
1.32963
1.32937
1.32911
1.32886
1.32860
1.32834
1.32809
1.32783
1.32757
1.32732
1.32706
1.32681
1.32655
1.32629
1.32604
1.32578
1.32552
1.32527
1.32501
1.32476
1.32450
1.32424
1.32399
1.32373
1.32347
1.32322
1.32296
1.32270
1.32245
1.32219
1.32194
1.32168
1.32142
1.32117
1.32091
1.32065
1.32040
1.32014
1.31989
1.31963
1.31937
1.31912
1.31886
1.31860
1.31835
1.31809
1.31783
1.31758
1.31732
1.31707
1.31681
1.31655
1.31630
1.31604
1.31578
1.31553
1.31527
1.31502
1.31476
1.31450
1.31425
1.31399
1.31373
1.31348
1.31322
1.31296
1.31271
1.31245
1.31220
1.31194
1.31168
1.31143
1.31117
1.31091
1.31066
1.31040
1.31015
1.30989
1.30963
1.30938
1.30912
1.30886
1.30861
1.30835
1.30809
1.30784
1.30758
1.30733
1.30707
1.30681
1.30656
1.30630
1.30604
1.30579
1.30553
1.30528
1.30502
1.30476
1.30451
1.30425
1.30399
1.30374
1.30348
1.30322
1.30297
1.30271
1.30246
1.30220
1.30194
1.30169
1.30143
1.30117
1.30092
1.30066
1.30041
1.30015
1.29989
1.29964
1.29938
1.29912
1.29887
1.29861
1.29835
1.29810
1.29784
1.29759
1.29733
1.29707
1.29682
1.29656
1.29630
1.29605
1.29579
1.29554
1.29528
1.29502
1.29477
1.29451
1.29425
1.29400
1.29374
1.29348
1.29323
1.29297
1.29272
1.29246
1.29220
1.29195
1.29169
1.29143
1.29118
1.29092
1.29067
1.29041
1.29015
1.28990
1.28964
1.28938
1.28913
1.28887
1.28862
1.28836
1.28810
1.28785
1.28759
1.28733
1.28708
1.28682
1.28656
1.28631
1.28605
1.28580
1.28554
1.28528
1.28503
1.28477
1.28451
1.28426
1.28400
1.28375
1.28349
1.28323
1.28298
1.28272
1.28246
1.28221
1.28195
1.28169
1.28144
1.28118
1.28093
1.28067
1.28041
1.28016
1.27990
1.27964
1.27939
1.27913
1.27888
1.27862
1.27836
1.27811
1.27785
1.27759
1.27734
1.27708
1.27683
1.27657
1.27631
1.27606
1.27580
1.27554
1.27529
1.27503
1.27477
1.27452
1.27426
1.27401
1.27375
1.27349
1.27324
1.27298
1.27272
1.27247
1.27221
1.27196
1.27170
1.27144
1.27119
1.27093
1.27067
1.27042
1.27016
1.26990
1.26965
1.26939
1.26914
1.26888
1.26862
1.26837
1.26811
1.26785
1.26760
1.26734
1.26709
1.26683
1.26657
1.26632
1.26606
1.26580
1.26555
1.26529
1.26504
1.26478
1.26452
1.26427
1.26401
1.26375
1.26350
1.26324
1.26298
1.26273
1.26247
1.26222
1.26196
1.26170
1.26145
1.26119
1.26093
1.26068
1.26042
1.26017
1.25991
1.25965
1.25940
1.25914
1.25888
1.25863
1.25837
1.25812
1.25786
1.25760
1.25735
1.25709
1.25683
1.25658
1.25632
1.25606
1.25581
1.25555
1.25530
1.25504
1.25478
1.25453
1.25427
1.25401
1.25376
1.25350
1.25325
1.25299
1.25273
1.25248
1.25222
1.25196
1.25171
1.25145
1.25120
1.25094
1.25068
1.25043
1.25017
1.24991
1.24966
1.24940
1.24914
1.24889
1.24863
1.24838
1.24812
1.24786
1.24761
1.24735
1.24709
1.24684
1.24658
1.24633
1.24607
1.24581
1.24556
1.24530
1.24504
1.24479
1.24453
1.24428
1.24402
1.24376
1.24351
1.24325
1.24299
1.24274
1.24248
1.24222
1.24197
1.24171
1.24146
1.24120
1.24094
1.24069
1.24043
1.24017
1.23992
1.23966
1.23941
1.23915
1.23889
1.23864
1.23838
1.23812
1.23787
1.23761
1.23736
1.23710
1.23684
1.23659
1.23633
1.23607
1.23582
1.23556
1.23530
1.23505
1.23479
1.23454
1.23428
1.23402
1.23377
1.23351
1.23325
1.23300
1.23274
1.23249
1.23223
1.23197
1.23172
1.23146
1.23120
1.23095
1.23069
1.23044
1.23018
1.22992
1.22967
1.22941
1.22915
1.22890
1.22864
1.22838
1.22813
1.22787
1.22762
1.22736
1.22710
1.22685
1.22659
1.22633
1.22608
1.22582
1.22557
1.22531
1.22505
1.22480
1.22454
1.22428
1.22403
1.22377
1.22352
1.22326
1.22300
1.22275
1.22249
1.22223
1.22198
1.22172
1.22147
1.22121
1.22095
1.22070
1.22044
1.22018
1.21993
1.21967
1.21941
1.21916
1.21890
1.21865
1.21839
1.21813
1.21788
1.21762
1.21736
1.21711
1.21685
1.21660
1.21634
1.21608
1.21583
1.21557
1.21531
1.21506
1.21480
1.21455
1.21429
1.21403
1.21378
1.21352
1.21326
1.21301
1.21275
1.21249
1.21224
1.21198
1.21173
1.21147
1.21121
1.21096
1.21070
1.21044
1.21019
1.20993
1.20968
1.20942
1.20916
1.20891
1.20865
1.20839
1.20814
1.20788
1.20763
1.20737
1.20711
1.20686
1.20660
1.20634
1.20609
1.20583
1.20558
1.20532
1.20506
1.20481
1.20455
1.20429
1.20404
1.20378
1.20352
1.20327
1.20301
1.20276
1.20250
1.20224
1.20199
1.20173
1.20147
1.20122
1.20096
1.20071
1.20045
1.20019
1.19994
1.19968
1.19942
1.19917
1.19891
1.19866
1.19840
1.19814
1.19789
1.19763
1.19737
1.19712
1.19686
1.19661
1.19635
1.19609
1.19584
1.19558
1.19532
1.19507
1.19481
1.19455
1.19430
1.19404
1.19379
1.19353
1.19327
1.19302
1.19276
1.19250
1.19225
1.19199
1.19174
1.19148
1.19122
1.19097
1.19071
1.19045
1.19020
1.18994
1.18969
1.18943
1.18917
1.18892
1.18866
1.18840
1.18815
1.18789
1.18764
1.18738
1.18712
1.18687
1.18661
1.18635
1.18610
1.18584
1.18559
1.18533
1.18507
1.18482
1.18456
1.18430
1.18405
1.18379
1.18353
1.18328
1.18302
1.18277
1.18251
1.18225
1.18200
1.18174
1.18148
1.18123
1.18097
1.18072
1.18046
1.18020
1.17995
1.17969
1.17943
1.17918
1.17892
1.17867
1.17841
1.17815
1.17790
1.17764
1.17738
1.17713
1.17687
1.17662
1.17636
1.17610
1.17585
1.17559
1.17533
1.17508
1.17482
1.17457
1.17431
1.17405
1.17380
1.17354
1.17328
1.17303
1.17277
1.17251
1.17226
1.17200
1.17175
1.17149
1.17123
1.17098
1.17072
1.17046
1.17021
1.16995
1.16970
1.16944
1.16918
1.16893
1.16867
1.16841
1.16816
1.16790
1.16765
1.16739
1.16713
1.16688
1.16662
1.16636
1.16611
1.16585
1.16560
1.16534
1.16508
1.16483
1.16457
1.16431
1.16406
1.16380
1.16355
1.16329
1.16303
1.16278
1.16252
1.16226
1.16201
1.16175
1.16150
1.16124
1.16098
1.16073
1.16047
1.16021
1.15996
1.15970
1.15944
1.15919
1.15893
1.15868
1.15842
1.15816
1.15791
1.15765
1.15739
1.15714
1.15688
1.15663
1.15637
1.15611
1.15586
1.15560
1.15534
1.15509
1.15483
1.15458
1.15432
1.15406
1.15381
1.15355
1.15329
1.15304
1.15278
1.15253
1.15227
1.15201
1.15176
1.15150
1.15124
1.15099
1.15073
1.15048
1.15022
1.14996
1.14971
1.14945
1.14919
1.14894
1.14868
1.14843
1.14817
1.14791
1.14766
1.14740
1.14714
1.14689
1.14663
1.14637
1.14612
1.14586
1.14561
1.14535
1.14509
1.14484
1.14458
1.14432
1.14407
1.14381
1.14356
1.14330
1.14304
1.14279
1.14253
1.14227
1.14202
1.14176
1.14151
1.14125
1.14099
1.14074
1.14048
1.14022
1.13997
1.13971
1.13946
1.13920
1.13894
1.13869
1.13843
1.13817
1.13792
1.13766
1.13741
1.13715
1.13689
1.13664
1.13638
1.13612
1.13587
1.13561
1.13536
1.13510
1.13484
1.13459
1.13433
1.13407
1.13382
1.13356
1.13331
1.13305
1.13279
1.13254
1.13228
1.13202
1.13177
1.13151
1.13126
1.13100
1.13074
1.13049
1.13023
1.12997
1.12972
1.12946
1.12921
1.12895
1.12869
1.12844
1.12818
1.12792
1.12767
1.12741
1.12715
1.12690
1.12664
1.12639
1.12613
1.12587
1.12562
1.12536
1.12510
1.12485
1.12459
1.12434
1.12408
1.12382
1.12357
1.12331
1.12305
1.12280
1.12254
1.12229
1.12203
1.12177
1.12152
1.12126
1.12100
1.12075
1.12049
1.12024
1.11998
1.11972
1.11947
1.11921
1.11895
1.11870
1.11844
1.11819
1.11793
1.11767
1.11742
1.11716
1.11690
1.11665
1.11639
1.11614
1.11588
1.11562
1.11537
1.11511
1.11485
1.11460
1.11434
1.11409
1.11383
1.11357
1.11332
1.11306
1.11280
1.11255
1.11229
1.11204
1.11178
1.11152
1.11127
1.11101
1.11075
1.11050
1.11024
1.10999
1.10973
1.10947
1.10922
1.10896
1.10870
1.10845
1.10819
1.10794
1.10768
1.10742
1.10717
1.10691
1.10665
1.10640
1.10614
1.10589
1.10563
1.10537
1.10512
1.10486
1.10460
1.10435
1.10409
1.10384
1.10358
1.10332
1.10307
1.10281
1.10255
1.10230
1.10204
1.10178
1.10153
1.10127
1.10102
1.10076
1.10050
1.10025
1.09999
1.09973
1.09948
1.09922
1.09897
1.09871
1.09845
1.09820
1.09794
1.09768
1.09743
1.09717
1.09692
1.09666
1.09640
1.09615
1.09589
1.09563
1.09538
1.09512
1.09487
1.09461
1.09435
1.09410
1.09384
1.09358
1.09333
1.09307
1.09282
1.09256
1.09230
1.09205
1.09179
1.09153
1.09128
1.09102
1.09077
1.09051
1.09025
1.09000
1.08974
1.08948
1.08923
1.08897
1.08872
1.08846
1.08820
1.08795
1.08769
1.08743
1.08718
1.08692
1.08667
1.08641
1.08615
1.08590
1.08564
1.08538
1.08513
1.08487
1.08462
1.08436
1.08410
1.08385
1.08359
1.08333
1.08308
1.08282
1.08257
1.08231
1.08205
1.08180
1.08154
1.08128
1.08103
1.08077
1.08052
1.08026
1.08000
1.07975
1.07949
1.07923
1.07898
1.07872
1.07847
1.07821
1.07795
1.07770
1.07744
1.07718
1.07693
1.07667
1.07642
1.07616
1.07590
1.07565
1.07539
1.07513
1.07488
1.07462
1.07437
1.07411
1.07385
1.07360
1.07334
1.07308
1.07283
1.07257
1.07232
1.07206
1.07180
1.07155
1.07129
1.07103
1.07078
1.07052
1.07027
1.07001
1.06975
1.06950
1.06924
1.06898
1.06873
1.06847
1.06822
1.06796
1.06770
1.06745
1.06719
1.06693
1.06668
1.06642
1.06617
1.06591
1.06565
1.06540
1.06514
1.06488
1.06463
1.06437
1.06412
1.06386
1.06360
1.06335
1.06309
1.06283
1.06258
1.06232
1.06207
1.06181
1.06155
1.06130
1.06104
1.06078
1.06053
1.06027
1.06002
1.05976
1.05950
1.05925
1.05899
1.05873
1.05848
1.05822
1.05797
1.05771
1.05745
1.05720
1.05694
1.05668
1.05643
1.05617
1.05592
1.05566
1.05540
1.05515
1.05489
1.05463
1.05438
1.05412
1.05387
1.05361
1.05335
1.05310
1.05284
1.05258
1.05233
1.05207
1.05182
1.05156
1.05130
1.05105
1.05079
1.05053
1.05028
1.05002
1.04977
1.04951
1.04925
1.04900
1.04874
1.04848
1.04823
1.04797
1.04772
1.04746
1.04720
1.04695
1.04669
1.04643
1.04618
1.04592
1.04567
1.04541
1.04515
1.04490
1.04464
1.04438
1.04413
1.04387
1.04362
1.04336
1.04310
1.04285
1.04259
1.04233
1.04208
1.04182
1.04157
1.04131
1.04105
1.04080
1.04054
1.04028
1.04003
1.03977
1.03952
1.03926
1.03900
1.03875
1.03849
1.03823
1.03798
1.03772
1.03747
1.03721
1.03695
1.03670
1.03644
1.03618
1.03593
1.03567
1.03542
1.03516
1.03490
1.03465
1.03439
1.03413
1.03388
1.03362
1.03337
1.03311
1.03285
1.03260
1.03234
1.03208
1.03183
1.03157
1.03132
1.03106
1.03080
1.03055
1.03029
1.03004
1.02978
1.02952
1.02927
1.02901
1.02875
1.02850
1.02824
1.02799
1.02773
1.02747
1.02722
1.02696
1.02670
1.02645
1.02619
1.02594
1.02568
1.02542
1.02517
1.02491
1.02465
1.02440
1.02414
1.02389
1.02363
1.02337
1.02312
1.02286
1.02260
1.02235
1.02209
1.02184
1.02158
1.02132
1.02107
1.02081
1.02055
1.02030
1.02004
1.01979
1.01953
1.01927
1.01902
1.01876
1.01850
1.01825
1.01799
1.01774
1.01748
1.01722
1.01697
1.01671
1.01645
1.01620
1.01594
1.01569
1.01543
1.01517
1.01492
1.01466
1.01440
1.01415
1.01389
1.01364
1.01338
1.01312
1.01287
1.01261
1.01235
1.01210
1.01184
1.01159
1.01133
1.01107
1.01082
1.01056
1.01030
1.01005
1.00979
1.00954
1.00928
1.00902
1.00877
1.00851
1.00825
1.00800
1.00774
1.00749
1.00723
1.00697
1.00672
1.00646
1.00620
1.00595
1.00569
1.00544
1.00518
1.00492
1.00467
1.00441
1.00416
1.00390
1.00364
1.00339
1.00313
1.00287
1.00262
1.00236
1.00211
1.00185
1.00159
1.00134
1.00108
1.00082
1.00057
1.00031
1.00006
0.99980
0.99954
0.99929
0.99903
0.99877
0.99852
0.99826
0.99801
0.99775
0.99749
0.99724
0.99698
0.99672
0.99647
0.99621
0.99596
0.99570
0.99544
0.99519
0.99493
0.99467
0.99442
0.99416
0.99391
0.99365
0.99339
0.99314
0.99288
0.99262
0.99237
0.99211
0.99186
0.99160
0.99134
0.99109
0.99083
0.99057
0.99032
0.99006
0.98981
0.98955
0.98929
0.98904
0.98878
0.98852
0.98827
0.98801
0.98776
0.98750
0.98724
0.98699
0.98673
0.98648
0.98622
0.98596
0.98571
0.98545
0.98519
0.98494
0.98468
0.98443
0.98417
0.98391
0.98366
0.98340
0.98314
0.98289
0.98263
0.98238
0.98212
0.98186
0.98161
0.98135
0.98109
0.98084
0.98058
0.98033
0.98007
0.97981
0.97956
0.97930
0.97904
0.97879
0.97853
0.97828
0.97802
0.97776
0.97751
0.97725
0.97699
0.97674
0.97648
0.97623
0.97597
0.97571
0.97546
0.97520
0.97494
0.97469
0.97443
0.97418
0.97392
0.97366
0.97341
0.97315
0.97290
0.97264
0.97238
0.97213
0.97187
0.97161
0.97136
0.97110
0.97085
0.97059
0.97033
0.97008
0.96982
0.96956
0.96931
0.96905
0.96880
0.96854
0.96828
0.96803
0.96777
0.96751
0.96726
0.96700
0.96675
0.96649
0.96623
0.96598
0.96572
0.96546
0.96521
0.96495
0.96470
0.96444
0.96418
0.96393
0.96367
0.96341
0.96316
0.96290
0.96265
0.96239
0.96213
0.96188
0.96162
0.96136
0.96111
0.96085
0.96060
0.96034
0.96008
0.95983
0.95957
0.95932
0.95906
0.95880
0.95855
0.95829
0.95803
0.95778
0.95752
0.95727
0.95701
0.95675
0.95650
0.95624
0.95598
0.95573
0.95547
0.95522
0.95496
0.95470
0.95445
0.95419
0.95393
0.95368
0.95342
0.95317
0.95291
0.95265
0.95240
0.95214
0.95188
0.95163
0.95137
0.95112
0.95086
0.95060
0.95035
0.95009
0.94984
0.94958
0.94932
0.94907
0.94881
0.94855
0.94830
0.94804
0.94779
0.94753
0.94727
0.94702
0.94676
0.94650
0.94625
0.94599
0.94574
0.94548
0.94522
0.94497
0.94471
0.94445
0.94420
0.94394
0.94369
0.94343
0.94317
0.94292
0.94266
0.94240
0.94215
0.94189
0.94164
0.94138
0.94112
0.94087
0.94061
0.94035
0.94010
0.93984
0.93959
0.93933
0.93907
0.93882
0.93856
0.93831
0.93805
0.93779
0.93754
0.93728
0.93702
0.93677
0.93651
0.93626
0.93600
0.93574
0.93549
0.93523
0.93497
0.93472
0.93446
0.93421
0.93395
0.93369
0.93344
0.93318
0.93292
0.93267
0.93241
0.93216
0.93190
0.93164
0.93139
0.93113
0.93087
0.93062
0.93036
0.93011
0.92985
0.92959
0.92934
0.92908
0.92883
0.92857
0.92831
0.92806
0.92780
0.92754
0.92729
0.92703
0.92678
0.92652
0.92626
0.92601
0.92575
0.92549
0.92524
0.92498
0.92473
0.92447
0.92421
0.92396
0.92370
0.92344
0.92319
0.92293
0.92268
0.92242
0.92216
0.92191
0.92165
0.92139
0.92114
0.92088
0.92063
0.92037
0.92011
0.91986
0.91960
0.91935
0.91909
0.91883
0.91858
0.91832
0.91806
0.91781
0.91755
0.91730
0.91704
0.91678
0.91653
0.91627
0.91601
0.91576
0.91550
0.91525
0.91499
0.91473
0.91448
0.91422
0.91396
0.91371
0.91345
0.91320
0.91294
0.91268
0.91243
0.91217
0.91192
0.91166
0.91140
0.91115
0.91089
0.91063
0.91038
0.91012
0.90987
0.90961
0.90935
0.90910
0.90884
0.90858
0.90833
0.90807
0.90782
0.90756
0.90730
0.90705
0.90679
0.90653
0.90628
0.90602
0.90577
0.90551
0.90525
0.90500
0.90474
0.90449
0.90423
0.90397
0.90372
0.90346
0.90320
0.90295
0.90269
0.90244
0.90218
0.90192
0.90167
0.90141
0.90115
0.90090
0.90064
0.90039
0.90013
0.89987
0.89962
0.89936
0.89910
0.89885
0.89859
0.89834
0.89808
0.89782
0.89757
0.89731
0.89706
0.89680
0.89654
0.89629
0.89603
0.89577
0.89552
0.89526
0.89501
0.89475
0.89449
0.89424
0.89398
0.89372
0.89347
0.89321
0.89296
0.89270
0.89244
0.89219
0.89193
0.89167
0.89142
0.89116
0.89091
0.89065
0.89039
0.89014
0.88988
0.88963
0.88937
0.88911
0.88886
0.88860
0.88834
0.88809
0.88783
0.88758
0.88732
0.88706
0.88681
0.88655
0.88629
0.88604
0.88578
0.88553
0.88527
0.88501
0.88476
0.88450
0.88424
0.88399
0.88373
0.88348
0.88322
0.88296
0.88271
0.88245
0.88220
0.88194
0.88168
0.88143
0.88117
0.88091
0.88066
0.88040
0.88015
0.87989
0.87963
0.87938
0.87912
0.87886
0.87861
0.87835
0.87810
0.87784
0.87758
0.87733
0.87707
0.87681
0.87656
0.87630
0.87605
0.87579
0.87553
0.87528
0.87502
0.87477
0.87451
0.87425
0.87400
0.87374
0.87348
0.87323
0.87297
0.87272
0.87246
0.87220
0.87195
0.87169
0.87143
0.87118
0.87092
0.87067
0.87041
0.87015
0.86990
0.86964
0.86939
0.86913
0.86887
0.86862
0.86836
0.86810
0.86785
0.86759
0.86734
0.86708
0.86682
0.86657
0.86631
0.86605
0.86580
0.86554
0.86529
0.86503
0.86477
0.86452
0.86426
0.86401
0.86375
0.86349
0.86324
0.86298
0.86272
0.86247
0.86221
0.86196
0.86170
0.86144
0.86119
0.86093
0.86067
0.86042
0.86016
0.85991
0.85965
0.85939
0.85914
0.85888
0.85862
0.85837
0.85811
0.85786
0.85760
0.85734
0.85709
0.85683
0.85658
0.85632
0.85606
0.85581
0.85555
0.85529
0.85504
0.85478
0.85453
0.85427
0.85401
0.85376
0.85350
0.85324
0.85299
0.85273
0.85248
0.85222
0.85196
0.85171
0.85145
0.85120
0.85094
0.85068
0.85043
0.85017
0.84991
0.84966
0.84940
0.84915
0.84889
0.84863
0.84838
0.84812
0.84786
0.84761
0.84735
0.84710
0.84684
0.84658
0.84633
0.84607
0.84582
0.84556
0.84530
0.84505
0.84479
0.84453
0.84428
0.84402
0.84377
0.84351
0.84325
0.84300
0.84274
0.84248
0.84223
0.84197
0.84172
0.84146
0.84120
0.84095
0.84069
0.84044
0.84018
0.83992
0.83967
0.83941
0.83915
0.83890
0.83864
0.83839
0.83813
0.83787
0.83762
0.83736
0.83710
0.83685
0.83659
0.83634
0.83608
0.83582
0.83557
0.83531
0.83506
0.83480
0.83454
0.83429
0.83403
0.83377
0.83352
0.83326
0.83301
0.83275
0.83249
0.83224
0.83198
0.83172
0.83147
0.83121
0.83096
0.83070
0.83044
0.83019
0.82993
0.82968
0.82942
0.82916
0.82891
0.82865
0.82839
0.82814
0.82788
0.82763
0.82737
0.82711
0.82686
0.82660
0.82634
0.82609
0.82583
0.82558
0.82532
0.82506
0.82481
0.82455
0.82430
0.82404
0.82378
0.82353
0.82327
0.82301
0.82276
0.82250
0.82225
0.82199
0.82173
0.82148
0.82122
0.82096
0.82071
0.82045
0.82020
0.81994
0.81968
0.81943
0.81917
0.81892
0.81866
0.81840
0.81815
0.81789
0.81763
0.81738
0.81712
0.81687
0.81661
0.81635
0.81610
0.81584
0.81558
0.81533
0.81507
0.81482
0.81456
0.81430
0.81405
0.81379
0.81354
0.81328
0.81302
0.81277
0.81251
0.81225
0.81200
0.81174
0.81149
0.81123
0.81097
0.81072
0.81046
0.81020
0.80995
0.80969
0.80944
0.80918
0.80892
0.80867
0.80841
0.80816
0.80790
0.80764
0.80739
0.80713
0.80687
0.80662
0.80636
0.80611
0.80585
0.80559
0.80534
0.80508
0.80483
0.80457
0.80431
0.80406
0.80380
0.80354
0.80329
0.80303
0.80278
0.80252
0.80226
0.80201
0.80175
0.80149
0.80124
0.80098
0.80073
0.80047
0.80021
0.79996
0.79970
0.79945
0.79919
0.79893
0.79868
0.79842
0.79816
0.79791
0.79765
0.79740
0.79714
0.79688
0.79663
0.79637
0.79611
0.79586
0.79560
0.79535
0.79509
0.79483
0.79458
0.79432
0.79407
0.79381
0.79355
0.79330
0.79304
0.79278
0.79253
0.79227
0.79202
0.79176
0.79150
0.79125
0.79099
0.79074
0.79048
0.79022
0.78997
0.78971
0.78945
0.78920
0.78894
0.78869
0.78843
0.78817
0.78792
0.78766
0.78740
0.78715
0.78689
0.78664
0.78638
0.78612
0.78587
0.78561
0.78536
0.78510
0.78484
0.78459
0.78433
0.78407
0.78382
0.78356
0.78331
0.78305
0.78279
0.78254
0.78228
0.78203
0.78177
0.78151
0.78126
0.78100
0.78074
0.78049
0.78023
0.77998
0.77972
0.77946
0.77921
0.77895
0.77869
0.77844
0.77818
0.77793
0.77767
0.77741
0.77716
0.77690
0.77665
0.77639
0.77613
0.77588
0.77562
0.77536
0.77511
0.77485
0.77460
0.77434
0.77408
0.77383
0.77357
0.77332
0.77306
0.77280
0.77255
0.77229
0.77203
0.77178
0.77152
0.77127
0.77101
0.77075
0.77050
0.77024
0.76998
0.76973
0.76947
0.76922
0.76896
0.76870
0.76845
0.76819
0.76794
0.76768
0.76742
0.76717
0.76691
0.76665
0.76640
0.76614
0.76589
0.76563
0.76537
0.76512
0.76486
0.76461
0.76435
0.76409
0.76384
0.76358
0.76332
0.76307
0.76281
0.76256
0.76230
0.76204
0.76179
0.76153
0.76127
0.76102
0.76076
0.76051
0.76025
0.75999
0.75974
0.75948
0.75923
0.75897
0.75871
0.75846
0.75820
0.75794
0.75769
0.75743
0.75718
0.75692
0.75666
0.75641
0.75615
0.75590
0.75564
0.75538
0.75513
0.75487
0.75461
0.75436
0.75410
0.75385
0.75359
0.75333
0.75308
0.75282
0.75257
0.75231
0.75205
0.75180
0.75154
0.75128
0.75103
0.75077
0.75052
0.75026
0.75000
0.74975
0.74949
0.74923
0.74898
0.74872
0.74847
0.74821
0.74795
0.74770
0.74744
0.74719
0.74693
0.74667
0.74642
0.74616
0.74590
0.74565
0.74539
0.74514
0.74488
0.74462
0.74437
0.74411
0.74386
0.74360
0.74334
0.74309
0.74283
0.74257
0.74232
0.74206
0.74181
0.74155
0.74129
0.74104
0.74078
0.74053
0.74027
0.74001
0.73976
0.73950
0.73924
0.73899
0.73873
0.73848
0.73822
0.73796
0.73771
0.73745
0.73720
0.73694
0.73668
0.73643
0.73617
0.73591
0.73566
0.73540
0.73515
0.73489
0.73463
0.73438
0.73412
0.73386
0.73361
0.73335
0.73310
0.73284
0.73258
0.73233
0.73207
0.73182
0.73156
0.73130
0.73105
0.73079
0.73053
0.73028
0.73002
0.72977
0.72951
0.72925
0.72900
0.72874
0.72849
0.72823
0.72797
0.72772
0.72746
0.72720
0.72695
0.72669
0.72644
0.72618
0.72592
0.72567
0.72541
0.72516
0.72490
0.72464
0.72439
0.72413
0.72387
0.72362
0.72336
0.72311
0.72285
0.72259
0.72234
0.72208
0.72183
0.72157
0.72131
0.72106
0.72080
0.72054
0.72029
0.72003
0.71978
0.71952
0.71926
0.71901
0.71875
0.71850
0.71824
0.71798
0.71773
0.71747
0.71721
0.71696
0.71670
0.71645
0.71619
0.71593
0.71568
0.71542
0.71517
0.71491
0.71465
0.71440
0.71414
0.71388
0.71363
0.71337
0.71312
0.71286
0.71260
0.71235
0.71209
0.71183
0.71158
0.71132
0.71107
0.71081
0.71055
0.71030
0.71004
0.70979
0.70953
0.70927
0.70902
0.70876
0.70850
0.70825
0.70799
0.70774
0.70748
0.70722
0.70697
0.70671
0.70646
0.70620
0.70594
0.70569
0.70543
0.70517
0.70492
0.70466
0.70441
0.70415
0.70389
0.70364
0.70338
0.70313
0.70287
0.70261
0.70236
0.70210
0.70184
0.70159
0.70133
0.70108
0.70082
0.70056
0.70031
0.70005
0.69980
0.69954
0.69928
0.69903
0.69877
0.69851
0.69826
0.69800
0.69775
0.69749
0.69723
0.69698
0.69672
0.69647
0.69621
0.69595
0.69570
0.69544
0.69518
0.69493
0.69467
0.69442
0.69416
0.69390
0.69365
0.69339
0.69314
0.69288
0.69262
0.69237
0.69211
0.69185
0.69160
0.69134
0.69109
0.69083
0.69057
0.69032
0.69006
0.68981
0.68955
0.68929
0.68904
0.68878
0.68852
0.68827
0.68801
0.68776
0.68750
0.68724
0.68699
0.68673
0.68648
0.68622
0.68596
0.68571
0.68545
0.68519
0.68494
0.68468
0.68443
0.68417
0.68391
0.68366
0.68340
0.68315
0.68289
0.68263
0.68238
0.68212
0.68186
0.68161
0.68135
0.68110
0.68084
0.68058
0.68033
0.68007
0.67982
0.67956
0.67930
0.67905
0.67879
0.67853
0.67828
0.67802
0.67777
0.67751
0.67725
0.67700
0.67674
0.67649
0.67623
0.67597
0.67572
0.67546
0.67520
0.67495
0.67469
0.67444
0.67418
0.67392
0.67367
0.67341
0.67316
0.67290
0.67264
0.67239
0.67213
0.67187
0.67162
0.67136
0.67111
0.67085
0.67059
0.67034
0.67008
0.66983
0.66957
0.66931
0.66906
0.66880
0.66855
0.66829
0.66803
0.66778
0.66752
0.66726
0.66701
0.66675
0.66650
0.66624
0.66598
0.66573
0.66547
0.66522
0.66496
0.66470
0.66445
0.66419
0.66393
0.66368
0.66342
0.66317
0.66291
0.66265
0.66240
0.66214
0.66189
0.66163
0.66137
0.66112
0.66086
0.66060
0.66035
0.66009
0.65984
0.65958
0.65932
0.65907
0.65881
0.65856
0.65830
0.65804
0.65779
0.65753
0.65727
0.65702
0.65676
0.65651
0.65625
0.65599
0.65574
0.65548
0.65523
0.65497
0.65471
0.65446
0.65420
0.65394
0.65369
0.65343
0.65318
0.65292
0.65266
0.65241
0.65215
0.65190
0.65164
0.65138
0.65113
0.65087
0.65061
0.65036
0.65010
0.64985
0.64959
0.64933
0.64908
0.64882
0.64857
0.64831
0.64805
0.64780
0.64754
0.64728
0.64703
0.64677
0.64652
0.64626
0.64600
0.64575
0.64549
0.64524
0.64498
0.64472
0.64447
0.64421
0.64396
0.64370
0.64344
0.64319
0.64293
0.64267
0.64242
0.64216
0.64191
0.64165
0.64139
0.64114
0.64088
0.64063
0.64037
0.64011
0.63986
0.63960
0.63934
0.63909
0.63883
0.63858
0.63832
0.63806
0.63781
0.63755
0.63730
0.63704
0.63678
0.63653
0.63627
0.63601
0.63576
0.63550
0.63525
0.63499
0.63473
0.63448
0.63422
0.63397
0.63371
0.63345
0.63320
0.63294
0.63268
0.63243
0.63217
0.63192
0.63166
0.63140
0.63115
0.63089
0.63064
0.63038
0.63012
0.62987
0.62961
0.62936
0.62910
0.62884
0.62859
0.62833
0.62807
0.62782
0.62756
0.62731
0.62705
0.62679
0.62654
0.62628
0.62603
0.62577
0.62551
0.62526
0.62500
0.62474
0.62449
0.62423
0.62398
0.62372
0.62346
0.62321
0.62295
0.62270
0.62244
0.62218
0.62193
0.62167
0.62141
0.62116
0.62090
0.62065
0.62039
0.62013
0.61988
0.61962
0.61937
0.61911
0.61885
0.61860
0.61834
0.61809
0.61783
0.61757
0.61732
0.61706
0.61680
0.61655
0.61629
0.61604
0.61578
0.61552
0.61527
0.61501
0.61476
0.61450
0.61424
0.61399
0.61373
0.61347
0.61322
0.61296
0.61271
0.61245
0.61219
0.61194
0.61168
0.61143
0.61117
0.61091
0.61066
0.61040
0.61014
0.60989
0.60963
0.60938
0.60912
0.60886
0.60861
0.60835
0.60810
0.60784
0.60758
0.60733
0.60707
0.60682
0.60656
0.60630
0.60605
0.60579
0.60553
0.60528
0.60502
0.60477
0.60451
0.60425
0.60400
0.60374
0.60349
0.60323
0.60297
0.60272
0.60246
0.60220
0.60195
0.60169
0.60144
0.60118
0.60092
0.60067
0.60041
0.60016
0.59990
0.59964
0.59939
0.59913
0.59888
0.59862
0.59836
0.59811
0.59785
0.59759
0.59734
0.59708
0.59683
0.59657
0.59631
0.59606
0.59580
0.59555
0.59529
0.59503
0.59478
0.59452
0.59426
0.59401
0.59375
0.59350
0.59324
0.59298
0.59273
0.59247
0.59222
0.59196
0.59170
0.59145
0.59119
0.59094
0.59068
0.59042
0.59017
0.58991
0.58965
0.58940
0.58914
0.58889
0.58863
0.58837
0.58812
0.58786
0.58761
0.58735
0.58709
0.58684
0.58658
0.58632
0.58607
0.58581
0.58556
0.58530
0.58504
0.58479
0.58453
0.58428
0.58402
0.58376
0.58351
0.58325
0.58300
0.58274
0.58248
0.58223
0.58197
0.58171
0.58146
0.58120
0.58095
0.58069
0.58043
0.58018
0.57992
0.57967
0.57941
0.57915
0.57890
0.57864
0.57838
0.57813
0.57787
0.57762
0.57736
0.57710
0.57685
0.57659
0.57634
0.57608
0.57582
0.57557
0.57531
0.57506
0.57480
0.57454
0.57429
0.57403
0.57377
0.57352
0.57326
0.57301
0.57275
0.57249
0.57224
0.57198
0.57173
0.57147
0.57121
0.57096
0.57070
0.57045
0.57019
0.56993
0.56968
0.56942
0.56916
0.56891
0.56865
0.56840
0.56814
0.56788
0.56763
0.56737
0.56712
0.56686
0.56660
0.56635
0.56609
0.56583
0.56558
0.56532
0.56507
0.56481
0.56455
0.56430
0.56404
0.56379
0.56353
0.56327
0.56302
0.56276
0.56251
0.56225
0.56199
0.56174
0.56148
0.56122
0.56097
0.56071
0.56046
0.56020
0.55994
0.55969
0.55943
0.55918
0.55892
0.55866
0.55841
0.55815
0.55790
0.55764
0.55738
0.55713
0.55687
0.55661
0.55636
0.55610
0.55585
0.55559
0.55533
0.55508
0.55482
0.55457
0.55431
0.55405
0.55380
0.55354
0.55329
0.55303
0.55277
0.55252
0.55226
0.55200
0.55175
0.55149
0.55124
0.55098
0.55072
0.55047
0.55021
0.54996
0.54970
0.54944
0.54919
0.54893
0.54867
0.54842
0.54816
0.54791
0.54765
0.54739
0.54714
0.54688
0.54663
0.54637
0.54611
0.54586
0.54560
0.54535
0.54509
0.54483
0.54458
0.54432
0.54406
0.54381
0.54355
0.54330
0.54304
0.54278
0.54253
0.54227
0.54202
0.54176
0.54150
0.54125
0.54099
0.54074
0.54048
0.54022
0.53997
0.53971
0.53945
0.53920
0.53894
0.53869
0.53843
0.53817
0.53792
0.53766
0.53741
0.53715
0.53689
0.53664
0.53638
0.53613
0.53587
0.53561
0.53536
0.53510
0.53484
0.53459
0.53433
0.53408
0.53382
0.53356
0.53331
0.53305
0.53280
0.53254
0.53228
0.53203
0.53177
0.53152
0.53126
0.53100
0.53075
0.53049
0.53023
0.52998
0.52972
0.52947
0.52921
0.52895
0.52870
0.52844
0.52819
0.52793
0.52767
0.52742
0.52716
0.52691
0.52665
0.52639
0.52614
0.52588
0.52562
0.52537
0.52511
0.52486
0.52460
0.52434
0.52409
0.52383
0.52358
0.52332
0.52306
0.52281
0.52255
0.52230
0.52204
0.52178
0.52153
0.52127
0.52101
0.52076
0.52050
0.52025
0.51999
0.51973
0.51948
0.51922
0.51897
0.51871
0.51845
0.51820
0.51794
0.51769
0.51743
0.51717
0.51692
0.51666
0.51640
0.51615
0.51589
0.51564
0.51538
0.51512
0.51487
0.51461
0.51436
0.51410
0.51384
0.51359
0.51333
0.51308
0.51282
0.51256
0.51231
0.51205
0.51179
0.51154
0.51128
0.51103
0.51077
0.51051
0.51026
0.51000
0.50975
0.50949
0.50923
0.50898
0.50872
0.50847
0.50821
0.50795
0.50770
0.50744
0.50718
0.50693
0.50667
0.50642
0.50616
0.50590
0.50565
0.50539
0.50514
0.50488
0.50462
0.50437
0.50411
0.50386
0.50360
0.50334
0.50309
0.50283
0.50257
0.50232
0.50206
0.50181
0.50155
0.50129
0.50104
0.50078
0.50053
0.50027
0.50001
0.49976
0.49950
0.49925
0.49899
0.49873
0.49848
0.49822
0.49796
0.49771
0.49745
0.49720
0.49694
0.49668
0.49643
0.49617
0.49592
0.49566
0.49540
0.49515
0.49489
0.49464
0.49438
0.49412
0.49387
0.49361
0.49336
0.49310
0.49284
0.49259
0.49233
0.49207
0.49182
0.49156
0.49131
0.49105
0.49079
0.49054
0.49028
0.49003
0.48977
0.48951
0.48926
0.48900
0.48875
0.48849
0.48823
0.48798
0.48772
0.48746
0.48721
0.48695
0.48670
0.48644
0.48618
0.48593
0.48567
0.48542
0.48516
0.48490
0.48465
0.48439
0.48414
0.48388
0.48362
0.48337
0.48311
0.48285
0.48260
0.48234
0.48209
0.48183
0.48157
0.48132
0.48106
0.48081
0.48055
0.48029
0.48004
0.47978
0.47953
0.47927
0.47901
0.47876
0.47850
0.47825
0.47799
0.47773
0.47748
0.47722
0.47696
0.47671
0.47645
0.47620
0.47594
0.47568
0.47543
0.47517
0.47492
0.47466
0.47440
0.47415
0.47389
0.47364
0.47338
0.47312
0.47287
0.47261
0.47235
0.47210
0.47184
0.47159
0.47133
0.47107
0.47082
0.47056
0.47031
0.47005
0.46979
0.46954
0.46928
0.46903
0.46877
0.46851
0.46826
0.46800
0.46775
0.46749
0.46723
0.46698
0.46672
0.46646
0.46621
0.46595
0.46570
0.46544
0.46518
0.46493
0.46467
0.46442
0.46416
0.46390
0.46365
0.46339
0.46314
0.46288
0.46262
0.46237
0.46211
0.46185
0.46160
0.46134
0.46109
0.46083
0.46057
0.46032
0.46006
0.45981
0.45955
0.45929
0.45904
0.45878
0.45853
0.45827
0.45801
0.45776
0.45750
0.45725
0.45699
0.45673
0.45648
0.45622
0.45596
0.45571
0.45545
0.45520
0.45494
0.45468
0.45443
0.45417
0.45392
0.45366
0.45340
0.45315
0.45289
0.45264
0.45238
0.45212
0.45187
0.45161
0.45136
0.45110
0.45084
0.45059
0.45033
0.45007
0.44982
0.44956
0.44931
0.44905
0.44879
0.44854
0.44828
0.44803
0.44777
0.44751
0.44726
0.44700
0.44675
0.44649
0.44623
0.44598
0.44572
0.44546
0.44521
0.44495
0.44470
0.44444
0.44418
0.44393
0.44367
0.44342
0.44316
0.44290
0.44265
0.44239
0.44214
0.44188
0.44162
0.44137
0.44111
0.44086
0.44060
0.44034
0.44009
0.43983
0.43957
0.43932
0.43906
0.43881
0.43855
0.43829
0.43804
0.43778
0.43753
0.43727
0.43701
0.43676
0.43650
0.43625
0.43599
0.43573
0.43548
0.43522
0.43497
0.43471
0.43445
0.43420
0.43394
0.43368
0.43343
0.43317
0.43292
0.43266
0.43240
0.43215
0.43189
0.43164
0.43138
0.43112
0.43087
0.43061
0.43036
0.43010
0.42984
0.42959
0.42933
0.42908
0.42882
0.42856
0.42831
0.42805
0.42779
0.42754
0.42728
0.42703
0.42677
0.42651
0.42626
0.42600
0.42575
0.42549
0.42523
0.42498
0.42472
0.42447
0.42421
0.42395
0.42370
0.42344
0.42319
0.42293
0.42267
0.42242
0.42216
0.42190
0.42165
0.42139
0.42114
0.42088
0.42062
0.42037
0.42011
0.41986
0.41960
0.41934
0.41909
0.41883
0.41858
0.41832
0.41806
0.41781
0.41755
0.41730
0.41704
0.41678
0.41653
0.41627
0.41601
0.41576
0.41550
0.41525
0.41499
0.41473
0.41448
0.41422
0.41397
0.41371
0.41345
0.41320
0.41294
0.41269
0.41243
0.41217
0.41192
0.41166
0.41141
0.41115
0.41089
0.41064
0.41038
0.41013
0.40987
0.40961
0.40936
0.40910
0.40884
0.40859
0.40833
0.40808
0.40782
0.40756
0.40731
0.40705
0.40680
0.40654
0.40628
0.40603
0.40577
0.40552
0.40526
0.40500
0.40475
0.40449
0.40424
0.40398
0.40372
0.40347
0.40321
0.40295
0.40270
0.40244
0.40219
0.40193
0.40167
0.40142
0.40116
0.40091
0.40065
0.40039
0.40014
0.39988
0.39963
0.39937
0.39911
0.39886
0.39860
0.39835
0.39809
0.39783
0.39758
0.39732
0.39706
0.39681
0.39655
0.39630
0.39604
0.39578
0.39553
0.39527
0.39502
0.39476
0.39450
0.39425
0.39399
0.39374
0.39348
0.39322
0.39297
0.39271
0.39246
0.39220
0.39194
0.39169
0.39143
0.39118
0.39092
0.39066
0.39041
0.39015
0.38989
0.38964
0.38938
0.38913
0.38887
0.38861
0.38836
0.38810
0.38785
0.38759
0.38733
0.38708
0.38682
0.38657
0.38631
0.38605
0.38580
0.38554
0.38529
0.38503
0.38477
0.38452
0.38426
0.38401
0.38375
0.38349
0.38324
0.38298
0.38272
0.38247
0.38221
0.38196
0.38170
0.38144
0.38119
0.38093
0.38068
0.38042
0.38016
0.37991
0.37965
0.37940
0.37914
0.37888
0.37863
0.37837
0.37812
0.37786
0.37760
0.37735
0.37709
0.37683
0.37658
0.37632
0.37607
0.37581
0.37555
0.37530
0.37504
0.37479
0.37453
0.37427
0.37402
0.37376
0.37351
0.37325
0.37299
0.37274
0.37248
0.37223
0.37197
0.37171
0.37146
0.37120
0.37095
0.37069
0.37043
0.37018
0.36992
0.36966
0.36941
0.36915
0.36890
0.36864
0.36838
0.36813
0.36787
0.36762
0.36736
0.36710
0.36685
0.36659
0.36634
0.36608
0.36582
0.36557
0.36531
0.36506
0.36480
0.36454
0.36429
0.36403
0.36378
0.36352
0.36326
0.36301
0.36275
0.36249
0.36224
0.36198
0.36173
0.36147
0.36121
0.36096
0.36070
0.36045
0.36019
0.35993
0.35968
0.35942
0.35917
0.35891
0.35865
0.35840
0.35814
0.35789
0.35763
0.35737
0.35712
0.35686
0.35661
0.35635
0.35609
0.35584
0.35558
0.35533
0.35507
0.35481
0.35456
0.35430
0.35404
0.35379
0.35353
0.35328
0.35302
0.35276
0.35251
0.35225
0.35200
0.35174
0.35148
0.35123
0.35097
0.35072
0.35046
0.35020
0.34995
0.34969
0.34944
0.34918
0.34892
0.34867
0.34841
0.34816
0.34790
0.34764
0.34739
0.34713
0.34687
0.34662
0.34636
0.34611
0.34585
0.34559
0.34534
0.34508
0.34483
0.34457
0.34431
0.34406
0.34380
0.34355
0.34329
0.34303
0.34278
0.34252
0.34227
0.34201
0.34175
0.34150
0.34124
0.34099
0.34073
0.34047
0.34022
0.33996
0.33970
0.33945
0.33919
0.33894
0.33868
0.33842
0.33817
0.33791
0.33766
0.33740
0.33714
0.33689
0.33663
0.33638
0.33612
0.33586
0.33561
0.33535
0.33510
0.33484
0.33458
0.33433
0.33407
0.33382
0.33356
0.33330
0.33305
0.33279
0.33254
0.33228
0.33202
0.33177
0.33151
0.33125
0.33100
0.33074
0.33049
0.33023
0.32997
0.32972
0.32946
0.32921
0.32895
0.32869
0.32844
0.32818
0.32793
0.32767
0.32741
0.32716
0.32690
0.32665
0.32639
0.32613
0.32588
0.32562
0.32537
0.32511
0.32485
0.32460
0.32434
0.32409
0.32383
0.32357
0.32332
0.32306
0.32280
0.32255
0.32229
0.32204
0.32178
0.32152
0.32127
0.32101
0.32076
0.32050
0.32024
0.31999
0.31973
0.31948
0.31922
0.31896
0.31871
0.31845
0.31820
0.31794
0.31768
0.31743
0.31717
0.31692
0.31666
0.31640
0.31615
0.31589
0.31564
0.31538
0.31512
0.31487
0.31461
0.31435
0.31410
0.31384
0.31359
0.31333
0.31307
0.31282
0.31256
0.31231
0.31205
0.31179
0.31154
0.31128
0.31103
0.31077
0.31051
0.31026
0.31000
0.30975
0.30949
0.30923
0.30898
0.30872
0.30847
0.30821
0.30795
0.30770
0.30744
0.30719
0.30693
0.30667
0.30642
0.30616
0.30591
0.30565
0.30539
0.30514
0.30488
0.30462
0.30437
0.30411
0.30386
0.30360
0.30334
0.30309
0.30283
0.30258
0.30232
0.30206
0.30181
0.30155
0.30130
0.30104
0.30078
0.30053
0.30027
0.30002
0.29976
0.29950
0.29925
0.29899
0.29874
0.29848
0.29822
0.29797
0.29771
0.29746
0.29720
0.29694
0.29669
0.29643
0.29618
0.29592
0.29566
0.29541
0.29515
0.29489
0.29464
0.29438
0.29413
0.29387
0.29361
0.29336
0.29310
0.29285
0.29259
0.29233
0.29208
0.29182
0.29157
0.29131
0.29105
0.29080
0.29054
0.29029
0.29003
0.28977
0.28952
0.28926
0.28901
0.28875
0.28849
0.28824
0.28798
0.28773
0.28747
0.28721
0.28696
0.28670
0.28645
0.28619
0.28593
0.28568
0.28542
0.28516
0.28491
0.28465
0.28440
0.28414
0.28388
0.28363
0.28337
0.28312
0.28286
0.28260
0.28235
0.28209
0.28184
0.28158
0.28132
0.28107
0.28081
0.28056
0.28030
0.28004
0.27979
0.27953
0.27928
0.27902
0.27876
0.27851
0.27825
0.27800
0.27774
0.27748
0.27723
0.27697
0.27672
0.27646
0.27620
0.27595
0.27569
0.27543
0.27518
0.27492
0.27467
0.27441
0.27415
0.27390
0.27364
0.27339
0.27313
0.27287
0.27262
0.27236
0.27211
0.27185
0.27159
0.27134
0.27108
0.27083
0.27057
0.27031
0.27006
0.26980
0.26955
0.26929
0.26903
0.26878
0.26852
0.26827
0.26801
0.26775
0.26750
0.26724
0.26699
0.26673
0.26647
0.26622
0.26596
0.26571
0.26545
0.26519
0.26494
0.26468
0.26443
0.26417
0.26391
0.26366
0.26340
0.26314
0.26289
0.26263
0.26238
0.26212
0.26186
0.26161
0.26135
0.26110
0.26084
0.26058
0.26033
0.26007
0.25982
0.25956
0.25930
0.25905
0.25879
0.25854
0.25828
0.25802
0.25777
0.25751
0.25726
0.25700
0.25674
0.25649
0.25623
0.25598
0.25572
0.25546
0.25521
0.25495
0.25470
0.25444
0.25418
0.25393
0.25367
0.25342
0.25316
0.25290
0.25265
0.25239
0.25213
0.25188
0.25162
0.25137
0.25111
0.25085
0.25060
0.25034
0.25009
0.24983
0.24957
0.24932
0.24906
0.24881
0.24855
0.24829
0.24804
0.24778
0.24753
0.24727
0.24701
0.24676
0.24650
0.24625
0.24599
0.24573
0.24548
0.24522
0.24497
0.24471
0.24445
0.24420
0.24394
0.24369
0.24343
0.24317
0.24292
0.24266
0.24241
0.24215
0.24189
0.24164
0.24138
0.24113
0.24087
0.24061
0.24036
0.24010
0.23985
0.23959
0.23933
0.23908
0.23882
0.23856
0.23831
0.23805
0.23780
0.23754
0.23728
0.23703
0.23677
0.23652
0.23626
0.23600
0.23575
0.23549
0.23524
0.23498
0.23472
0.23447
0.23421
0.23396
0.23370
0.23344
0.23319
0.23293
0.23268
0.23242
0.23216
0.23191
0.23165
0.23140
0.23114
0.23088
0.23063
0.23037
0.23012
0.22986
0.22960
0.22935
0.22909
0.22884
0.22858
0.22832
0.22807
0.22781
0.22756
0.22730
0.22704
0.22679
0.22653
0.22628
0.22602
0.22576
0.22551
0.22525
0.22499
0.22474
0.22448
0.22423
0.22397
0.22371
0.22346
0.22320
0.22295
0.22269
0.22243
0.22218
0.22192
0.22167
0.22141
0.22115
0.22090
0.22064
0.22039
0.22013
0.21987
0.21962
0.21936
0.21911
0.21885
0.21859
0.21834
0.21808
0.21783
0.21757
0.21731
0.21706
0.21680
0.21655
0.21629
0.21603
0.21578
0.21552
0.21527
0.21501
0.21475
0.21450
0.21424
0.21399
0.21373
0.21347
0.21322
0.21296
0.21271
0.21245
0.21219
0.21194
0.21168
0.21143
0.21117
0.21091
0.21066
0.21040
0.21014
0.20989
0.20963
0.20938
0.20912
0.20886
0.20861
0.20835
0.20810
0.20784
0.20758
0.20733
0.20707
0.20682
0.20656
0.20630
0.20605
0.20579
0.20554
0.20528
0.20502
0.20477
0.20451
0.20426
0.20400
0.20374
0.20349
0.20323
0.20298
0.20272
0.20246
0.20221
0.20195
0.20170
0.20144
0.20118
0.20093
0.20067
0.20042
0.20016
0.19990
0.19965
0.19939
0.19914
0.19888
0.19862
0.19837
0.19811
0.19786
0.19760
0.19734
0.19709
0.19683
0.19658
0.19632
0.19606
0.19581
0.19555
0.19530
0.19504
0.19478
0.19453
0.19427
0.19402
0.19376
0.19350
0.19325
0.19299
0.19274
0.19248
0.19222
0.19197
0.19171
0.19145
0.19120
0.19094
0.19069
0.19043
0.19017
0.18992
0.18966
0.18941
0.18915
0.18889
0.18864
0.18838
0.18813
0.18787
0.18761
0.18736
0.18710
0.18685
0.18659
0.18633
0.18608
0.18582
0.18557
0.18531
0.18505
0.18480
0.18454
0.18429
0.18403
0.18377
0.18352
0.18326
0.18301
0.18275
0.18249
0.18224
0.18198
0.18173
0.18147
0.18121
0.18096
0.18070
0.18045
0.18019
0.17993
0.17968
0.17942
0.17917
0.17891
0.17865
0.17840
0.17814
0.17789
0.17763
0.17737
0.17712
0.17686
0.17661
0.17635
0.17609
0.17584
0.17558
0.17533
0.17507
0.17481
0.17456
0.17430
0.17405
0.17379
0.17353
0.17328
0.17302
0.17277
0.17251
0.17225
0.17200
0.17174
0.17149
0.17123
0.17097
0.17072
0.17046
0.17020
0.16995
0.16969
0.16944
0.16918
0.16892
0.16867
0.16841
0.16816
0.16790
0.16764
0.16739
0.16713
0.16688
0.16662
0.16636
0.16611
0.16585
0.16560
0.16534
0.16508
0.16483
0.16457
0.16432
0.16406
0.16380
0.16355
0.16329
0.16304
0.16278
0.16252
0.16227
0.16201
0.16176
0.16150
0.16124
0.16099
0.16073
0.16048
0.16022
0.15996
0.15971
0.15945
0.15920
0.15894
0.15868
0.15843
0.15817
0.15792
0.15766
0.15740
0.15715
0.15689
0.15664
0.15638
0.15612
0.15587
0.15561
0.15536
0.15510
0.15484
0.15459
0.15433
0.15408
0.15382
0.15356
0.15331
0.15305
0.15280
0.15254
0.15228
0.15203
0.15177
0.15152
0.15126
0.15100
0.15075
0.15049
0.15024
0.14998
0.14972
0.14947
0.14921
0.14896
0.14870
0.14844
0.14819
0.14793
0.14768
0.14742
0.14716
0.14691
0.14665
0.14640
0.14614
0.14588
0.14563
0.14537
0.14512
0.14486
0.14460
0.14435
0.14409
0.14384
0.14358
0.14332
0.14307
0.14281
0.14256
0.14230
0.14204
0.14179
0.14153
0.14128
0.14102
0.14076
0.14051
0.14025
0.13999
0.13974
0.13948
0.13923
0.13897
0.13871
0.13846
0.13820
0.13795
0.13769
0.13743
0.13718
0.13692
0.13667
0.13641
0.13615
0.13590
0.13564
0.13539
0.13513
0.13487
0.13462
0.13436
0.13411
0.13385
0.13359
0.13334
0.13308
0.13283
0.13257
0.13231
0.13206
0.13180
0.13155
0.13129
0.13103
0.13078
0.13052
0.13027
0.13001
0.12975
0.12950
0.12924
0.12899
0.12873
0.12847
0.12822
0.12796
0.12771
0.12745
0.12719
0.12694
0.12668
0.12643
0.12617
0.12591
0.12566
0.12540
0.12515
0.12489
0.12463
0.12438
0.12412
0.12387
0.12361
0.12335
0.12310
0.12284
0.12259
0.12233
0.12207
0.12182
0.12156
0.12131
0.12105
0.12079
0.12054
0.12028
0.12003
0.11977
0.11951
0.11926
0.11900
0.11875
0.11849
0.11823
0.11798
0.11772
0.11747
0.11721
0.11695
0.11670
0.11644
0.11619
0.11593
0.11567
0.11542
0.11516
0.11491
0.11465
0.11439
0.11414
0.11388
0.11363
0.11337
0.11311
0.11286
0.11260
0.11235
0.11209
0.11183
0.11158
0.11132
0.11107
0.11081
0.11055
0.11030
0.11004
0.10979
0.10953
0.10927
0.10902
0.10876
0.10851
0.10825
0.10799
0.10774
0.10748
0.10723
0.10697
0.10671
0.10646
0.10620
0.10595
0.10569
0.10543
0.10518
0.10492
0.10467
0.10441
0.10415
0.10390
0.10364
0.10339
0.10313
0.10287
0.10262
0.10236
0.10211
0.10185
0.10159
0.10134
0.10108
0.10083
0.10057
0.10031
0.10006
0.09980
0.09955
0.09929
0.09903
0.09878
0.09852
0.09827
0.09801
0.09775
0.09750
0.09724
0.09699
0.09673
0.09647
0.09622
0.09596
0.09571
0.09545
0.09519
0.09494
0.09468
0.09443
0.09417
0.09391
0.09366
0.09340
0.09315
0.09289
0.09263
0.09238
0.09212
0.09187
0.09161
0.09135
0.09110
0.09084
0.09059
0.09033
0.09007
0.08982
0.08956
0.08931
0.08905
0.08879
0.08854
0.08828
0.08803
0.08777
0.08751
0.08726
0.08700
0.08675
0.08649
0.08623
0.08598
0.08572
0.08547
0.08521
0.08495
0.08470
0.08444
0.08419
0.08393
0.08367
0.08342
0.08316
0.08291
0.08265
0.08239
0.08214
0.08188
0.08163
0.08137
0.08111
0.08086
0.08060
0.08035
0.08009
0.07983
0.07958
0.07932
0.07907
0.07881
0.07855
0.07830
0.07804
0.07779
0.07753
0.07727
0.07702
0.07676
0.07651
0.07625
0.07599
0.07574
0.07548
0.07523
0.07497
0.07471
0.07446
0.07420
0.07395
0.07369
0.07343
0.07318
0.07292
0.07267
0.07241
0.07215
0.07190
0.07164
0.07139
0.07113
0.07087
0.07062
0.07036
0.07011
0.06985
0.06959
0.06934
0.06908
0.06883
0.06857
0.06831
0.06806
0.06780
0.06755
0.06729
0.06703
0.06678
0.06652
0.06627
0.06601
0.06575
0.06550
0.06524
0.06499
0.06473
0.06447
0.06422
0.06396
0.06371
0.06345
0.06319
0.06294
0.06268
0.06243
0.06217
0.06191
0.06166
0.06140
0.06115
0.06089
0.06063
0.06038
0.06012
0.05987
0.05961
0.05935
0.05910
0.05884
0.05859
0.05833
0.05807
0.05782
0.05756
0.05731
0.05705
0.05679
0.05654
0.05628
0.05603
0.05577
0.05551
0.05526
0.05500
0.05475
0.05449
0.05423
0.05398
0.05372
0.05347
0.05321
0.05295
0.05270
0.05244
0.05219
0.05193
0.05167
0.05142
0.05116
0.05091
0.05065
0.05039
0.05014
0.04988
0.04963
0.04937
0.04911
0.04886
0.04860
0.04835
0.04809
0.04783
0.04758
0.04732
0.04707
0.04681
0.04655
0.04630
0.04604
0.04579
0.04553
0.04527
0.04502
0.04476
0.04451
0.04425
0.04399
0.04374
0.04348
0.04323
0.04297
0.04271
0.04246
0.04220
0.04195
0.04169
0.04143
0.04118
0.04092
0.04067
0.04041
0.04015
0.03990
0.03964
0.03939
0.03913
0.03887
0.03862
0.03836
0.03811
0.03785
0.03760
0.03734
0.03708
0.03683
0.03657
0.03632
0.03606
0.03580
0.03555
0.03529
0.03504
0.03478
0.03452
0.03427
0.03401
0.03376
0.03350
0.03324
0.03299
0.03273
0.03248
0.03222
0.03196
0.03171
0.03145
0.03120
0.03094
0.03068
0.03043
0.03017
0.02992
0.02966
0.02940
0.02915
0.02889
0.02864
0.02838
0.02812
0.02787
0.02761
0.02736
0.02710
0.02684
0.02659
0.02633
0.02608
0.02582
0.02556
0.02531
0.02505
0.02480
0.02454
0.02428
0.02403
0.02377
0.02352
0.02326
0.02300
0.02275
0.02249
0.02224
0.02198
0.02172
0.02147
0.02121
0.02096
0.02070
0.02044
0.02019
0.01993
0.01968
0.01942
0.01916
0.01891
0.01865
0.01840
0.01814
0.01788
0.01763
0.01737
0.01712
0.01686
0.01660
0.01635
0.01609
0.01584
0.01558
0.01532
0.01507
0.01481
0.01456
0.01430
0.01404
0.01379
0.01353
0.01328
0.01302
0.01276
0.01251
0.01225
0.01200
0.01174
0.01148
0.01123
0.01097
0.01072
0.01046
0.01020
0.00995
0.00969
0.00944
0.00918
0.00892
0.00867
0.00841
0.00816
0.00790
0.00765
0.00739
0.00713
0.00688
0.00662
0.00637
0.00611
0.00585
0.00560
0.00534
0.00509
0.00483
0.00457
0.00432
0.00406
0.00381
0.00355
0.00329
0.00304
0.00278
0.00253
0.00227
0.00201
0.00176
0.00150
0.00125
0.00099
0.00073
0.00048
0.00022
-0.00003
-0.00029
-0.00055
-0.00080
-0.00106
-0.00131
-0.00157
-0.00183
-0.00208
-0.00234
-0.00259
-0.00285
-0.00311
-0.00336
-0.00362
-0.00387
-0.00413
-0.00439
-0.00464
-0.00490
-0.00515
-0.00541
-0.00567
-0.00592
-0.00618
-0.00643
-0.00669
-0.00695
-0.00720
-0.00746
-0.00771
-0.00797
-0.00823
-0.00848
-0.00874
-0.00899
-0.00925
-0.00951
-0.00976
-0.01002
-0.01027
-0.01053
-0.01079
-0.01104
-0.01130
-0.01155
-0.01181
-0.01207
-0.01232
-0.01258
-0.01283
-0.01309
-0.01335
-0.01360
-0.01386
-0.01411
-0.01437
-0.01462
-0.01488
-0.01514
-0.01539
-0.01565
-0.01590
-0.01616
-0.01642
-0.01667
-0.01693
-0.01718
-0.01744
-0.01770
-0.01795
-0.01821
-0.01846
-0.01872
-0.01898
-0.01923
-0.01949
-0.01974
-0.02000
-0.02026
-0.02051
-0.02077
-0.02102
-0.02128
-0.02154
-0.02179
-0.02205
-0.02230
-0.02256
-0.02282
-0.02307
-0.02333
-0.02358
-0.02384
-0.02410
-0.02435
-0.02461
-0.02486
-0.02512
-0.02538
-0.02563
-0.02589
-0.02614
-0.02640
-0.02666
-0.02691
-0.02717
-0.02742
-0.02768
-0.02794
-0.02819
-0.02845
-0.02870
-0.02896
-0.02922
-0.02947
-0.02973
-0.02998
-0.03024
-0.03050
-0.03075
-0.03101
-0.03126
-0.03152
-0.03177
-0.03203
-0.03229
-0.03254
-0.03280
-0.03305
-0.03331
-0.03357
-0.03382
-0.03408
-0.03433
-0.03459
-0.03485
-0.03510
-0.03536
-0.03561
-0.03587
-0.03613
-0.03638
-0.03664
-0.03689
-0.03715
-0.03741
-0.03766
-0.03792
-0.03817
-0.03843
-0.03869
-0.03894
-0.03920
-0.03945
-0.03971
-0.03997
-0.04022
-0.04048
-0.04073
-0.04099
-0.04125
-0.04150
-0.04176
-0.04201
-0.04227
-0.04253
-0.04278
-0.04304
-0.04329
-0.04355
-0.04381
-0.04406
-0.04432
-0.04457
-0.04483
-0.04509
-0.04534
-0.04560
-0.04585
-0.04611
-0.04637
-0.04662
-0.04688
-0.04713
-0.04739
-0.04764
-0.04790
-0.04816
-0.04841
-0.04867
-0.04892
-0.04918
-0.04944
-0.04969
-0.04995
-0.05020
-0.05046
-0.05072
-0.05097
-0.05123
-0.05148
-0.05174
-0.05200
-0.05225
-0.05251
-0.05276
-0.05302
-0.05328
-0.05353
-0.05379
-0.05404
-0.05430
-0.05456
-0.05481
-0.05507
-0.05532
-0.05558
-0.05584
-0.05609
-0.05635
-0.05660
-0.05686
-0.05712
-0.05737
-0.05763
-0.05788
-0.05814
-0.05840
-0.05865
-0.05891
-0.05916
-0.05942
-0.05968
-0.05993
-0.06019
-0.06044
-0.06070
-0.06096
-0.06121
-0.06147
-0.06172
-0.06198
-0.06223
-0.06249
-0.06275
-0.06300
-0.06326
-0.06351
-0.06377
-0.06403
-0.06428
-0.06454
-0.06479
-0.06505
-0.06531
-0.06556
-0.06582
-0.06607
-0.06633
-0.06659
-0.06684
-0.06710
-0.06735
-0.06761
-0.06787
-0.06812
-0.06838
-0.06863
-0.06889
-0.06915
-0.06940
-0.06966
-0.06991
-0.07017
-0.07043
-0.07068
-0.07094
-0.07119
-0.07145
-0.07171
-0.07196
-0.07222
-0.07247
-0.07273
-0.07299
-0.07324
-0.07350
-0.07375
-0.07401
-0.07426
-0.07452
-0.07478
-0.07503
-0.07529
-0.07554
-0.07580
-0.07606
-0.07631
-0.07657
-0.07682
-0.07708
-0.07734
-0.07759
-0.07785
-0.07810
-0.07836
-0.07862
-0.07887
-0.07913
-0.07938
-0.07964
-0.07990
-0.08015
-0.08041
-0.08066
-0.08092
-0.08118
-0.08143
-0.08169
-0.08194
-0.08220
-0.08246
-0.08271
-0.08297
-0.08322
-0.08348
-0.08374
-0.08399
-0.08425
-0.08450
-0.08476
-0.08502
-0.08527
-0.08553
-0.08578
-0.08604
-0.08629
-0.08655
-0.08681
-0.08706
-0.08732
-0.08757
-0.08783
-0.08809
-0.08834
-0.08860
-0.08885
-0.08911
-0.08937
-0.08962
-0.08988
-0.09013
-0.09039
-0.09065
-0.09090
-0.09116
-0.09141
-0.09167
-0.09193
-0.09218
-0.09244
-0.09269
-0.09295
-0.09321
-0.09346
-0.09372
-0.09397
-0.09423
-0.09449
-0.09474
-0.09500
-0.09525
-0.09551
-0.09577
-0.09602
-0.09628
-0.09653
-0.09679
-0.09704
-0.09730
-0.09756
-0.09781
-0.09807
-0.09832
-0.09858
-0.09884
-0.09909
-0.09935
-0.09960
-0.09986
-0.10012
-0.10037
-0.10063
-0.10088
-0.10114
-0.10140
-0.10165
-0.10191
-0.10216
-0.10242
-0.10268
-0.10293
-0.10319
-0.10344
-0.10370
-0.10396
-0.10421
-0.10447
-0.10472
-0.10498
-0.10524
-0.10549
-0.10575
-0.10600
-0.10626
-0.10652
-0.10677
-0.10703
-0.10728
-0.10754
-0.10779
-0.10805
-0.10831
-0.10856
-0.10882
-0.10907
-0.10933
-0.10959
-0.10984
-0.11010
-0.11035
-0.11061
-0.11087
-0.11112
-0.11138
-0.11163
-0.11189
-0.11215
-0.11240
-0.11266
-0.11291
-0.11317
-0.11343
-0.11368
-0.11394
-0.11419
-0.11445
-0.11471
-0.11496
-0.11522
-0.11547
-0.11573
-0.11599
-0.11624
-0.11650
-0.11675
-0.11701
-0.11726
-0.11752
-0.11778
-0.11803
-0.11829
-0.11854
-0.11880
-0.11906
-0.11931
-0.11957
-0.11982
-0.12008
-0.12034
-0.12059
-0.12085
-0.12110
-0.12136
-0.12162
-0.12187
-0.12213
-0.12238
-0.12264
-0.12290
-0.12315
-0.12341
-0.12366
-0.12392
-0.12418
-0.12443
-0.12469
-0.12494
-0.12520
-0.12546
-0.12571
-0.12597
-0.12622
-0.12648
-0.12673
-0.12699
-0.12725
-0.12750
-0.12776
-0.12801
-0.12827
-0.12853
-0.12878
-0.12904
-0.12929
-0.12955
-0.12981
-0.13006
-0.13032
-0.13057
-0.13083
-0.13109
-0.13134
-0.13160
-0.13185
-0.13211
-0.13237
-0.13262
-0.13288
-0.13313
-0.13339
-0.13365
-0.13390
-0.13416
-0.13441
-0.13467
-0.13493
-0.13518
-0.13544
-0.13569
-0.13595
-0.13620
-0.13646
-0.13672
-0.13697
-0.13723
-0.13748
-0.13774
-0.13800
-0.13825
-0.13851
-0.13876
-0.13902
-0.13928
-0.13953
-0.13979
-0.14004
-0.14030
-0.14056
-0.14081
-0.14107
-0.14132
-0.14158
-0.14184
-0.14209
-0.14235
-0.14260
-0.14286
-0.14312
-0.14337
-0.14363
-0.14388
-0.14414
-0.14439
-0.14465
-0.14491
-0.14516
-0.14542
-0.14567
-0.14593
-0.14619
-0.14644
-0.14670
-0.14695
-0.14721
-0.14747
-0.14772
-0.14798
-0.14823
-0.14849
-0.14875
-0.14900
-0.14926
-0.14951
-0.14977
-0.15003
-0.15028
-0.15054
-0.15079
-0.15105
-0.15131
-0.15156
-0.15182
-0.15207
-0.15233
-0.15259
-0.15284
-0.15310
-0.15335
-0.15361
-0.15386
-0.15412
-0.15438
-0.15463
-0.15489
-0.15514
-0.15540
-0.15566
-0.15591
-0.15617
-0.15642
-0.15668
-0.15694
-0.15719
-0.15745
-0.15770
-0.15796
-0.15822
-0.15847
-0.15873
-0.15898
-0.15924
-0.15950
-0.15975
-0.16001
-0.16026
-0.16052
-0.16078
-0.16103
-0.16129
-0.16154
-0.16180
-0.16205
-0.16231
-0.16257
-0.16282
-0.16308
-0.16333
-0.16359
-0.16385
-0.16410
-0.16436
-0.16461
-0.16487
-0.16513
-0.16538
-0.16564
-0.16589
-0.16615
-0.16641
-0.16666
-0.16692
-0.16717
-0.16743
-0.16769
-0.16794
-0.16820
-0.16845
-0.16871
-0.16896
-0.16922
-0.16948
-0.16973
-0.16999
-0.17024
-0.17050
-0.17076
-0.17101
-0.17127
-0.17152
-0.17178
-0.17204
-0.17229
-0.17255
-0.17280
-0.17306
-0.17332
-0.17357
-0.17383
-0.17408
-0.17434
-0.17460
-0.17485
-0.17511
-0.17536
-0.17562
-0.17588
-0.17613
-0.17639
-0.17664
-0.17690
-0.17715
-0.17741
-0.17767
-0.17792
-0.17818
-0.17843
-0.17869
-0.17895
-0.17920
-0.17946
-0.17971
-0.17997
-0.18023
-0.18048
-0.18074
-0.18099
-0.18125
-0.18151
-0.18176
-0.18202
-0.18227
-0.18253
-0.18279
-0.18304
-0.18330
-0.18355
-0.18381
-0.18406
-0.18432
-0.18458
-0.18483
-0.18509
-0.18534
-0.18560
-0.18586
-0.18611
-0.18637
-0.18662
-0.18688
-0.18714
-0.18739
-0.18765
-0.18790
-0.18816
-0.18842
-0.18867
-0.18893
-0.18918
-0.18944
-0.18970
-0.18995
-0.19021
-0.19046
-0.19072
-0.19098
-0.19123
-0.19149
-0.19174
-0.19200
-0.19225
-0.19251
-0.19277
-0.19302
-0.19328
-0.19353
-0.19379
-0.19405
-0.19430
-0.19456
-0.19481
-0.19507
-0.19533
-0.19558
-0.19584
-0.19609
-0.19635
-0.19661
-0.19686
-0.19712
-0.19737
-0.19763
-0.19789
-0.19814
-0.19840
-0.19865
-0.19891
-0.19916
-0.19942
-0.19968
-0.19993
-0.20019
-0.20044
-0.20070
-0.20096
-0.20121
-0.20147
-0.20172
-0.20198
-0.20224
-0.20249
-0.20275
-0.20300
-0.20326
-0.20352
-0.20377
-0.20403
-0.20428
-0.20454
-0.20480
-0.20505
-0.20531
-0.20556
-0.20582
-0.20607
-0.20633
-0.20659
-0.20684
-0.20710
-0.20735
-0.20761
-0.20787
-0.20812
-0.20838
-0.20863
-0.20889
-0.20915
-0.20940
-0.20966
-0.20991
-0.21017
-0.21043
-0.21068
-0.21094
-0.21119
-0.21145
-0.21170
-0.21196
-0.21222
-0.21247
-0.21273
-0.21298
-0.21324
-0.21350
-0.21375
-0.21401
-0.21426
-0.21452
-0.21478
-0.21503
-0.21529
-0.21554
-0.21580
-0.21606
-0.21631
-0.21657
-0.21682
-0.21708
-0.21734
-0.21759
-0.21785
-0.21810
-0.21836
-0.21861
-0.21887
-0.21913
-0.21938
-0.21964
-0.21989
-0.22015
-0.22041
-0.22066
-0.22092
-0.22117
-0.22143
-0.22169
-0.22194
-0.22220
-0.22245
-0.22271
-0.22297
-0.22322
-0.22348
-0.22373
-0.22399
-0.22425
-0.22450
-0.22476
-0.22501
-0.22527
-0.22552
-0.22578
-0.22604
-0.22629
-0.22655
-0.22680
-0.22706
-0.22732
-0.22757
-0.22783
-0.22808
-0.22834
-0.22860
-0.22885
-0.22911
-0.22936
-0.22962
-0.22988
-0.23013
-0.23039
-0.23064
-0.23090
-0.23115
-0.23141
-0.23167
-0.23192
-0.23218
-0.23243
-0.23269
-0.23295
-0.23320
-0.23346
-0.23371
-0.23397
-0.23423
-0.23448
-0.23474
-0.23499
-0.23525
-0.23551
-0.23576
-0.23602
-0.23627
-0.23653
-0.23679
-0.23704
-0.23730
-0.23755
-0.23781
-0.23806
-0.23832
-0.23858
-0.23883
-0.23909
-0.23934
-0.23960
-0.23986
-0.24011
-0.24037
-0.24062
-0.24088
-0.24114
-0.24139
-0.24165
-0.24190
-0.24216
-0.24242
-0.24267
-0.24293
-0.24318
-0.24344
-0.24369
-0.24395
-0.24421
-0.24446
-0.24472
-0.24497
-0.24523
-0.24549
-0.24574
-0.24600
-0.24625
-0.24651
-0.24677
-0.24702
-0.24728
-0.24753
-0.24779
-0.24805
-0.24830
-0.24856
-0.24881
-0.24907
-0.24932
-0.24958
-0.24984
-0.25009
-0.25035
-0.25060
-0.25086
-0.25112
-0.25137
-0.25163
-0.25188
-0.25214
-0.25240
-0.25265
-0.25291
-0.25316
-0.25342
-0.25368
-0.25393
-0.25419
-0.25444
-0.25470
-0.25496
-0.25521
-0.25547
-0.25572
-0.25598
-0.25623
-0.25649
-0.25675
-0.25700
-0.25726
-0.25751
-0.25777
-0.25803
-0.25828
-0.25854
-0.25879
-0.25905
-0.25931
-0.25956
-0.25982
-0.26007
-0.26033
-0.26059
-0.26084
-0.26110
-0.26135
-0.26161
-0.26186
-0.26212
-0.26238
-0.26263
-0.26289
-0.26314
-0.26340
-0.26366
-0.26391
-0.26417
-0.26442
-0.26468
-0.26494
-0.26519
-0.26545
-0.26570
-0.26596
-0.26622
-0.26647
-0.26673
-0.26698
-0.26724
-0.26749
-0.26775
-0.26801
-0.26826
-0.26852
-0.26877
-0.26903
-0.26929
-0.26954
-0.26980
-0.27005
-0.27031
-0.27057
-0.27082
-0.27108
-0.27133
-0.27159
-0.27185
-0.27210
-0.27236
-0.27261
-0.27287
-0.27312
-0.27338
-0.27364
-0.27389
-0.27415
-0.27440
-0.27466
-0.27492
-0.27517
-0.27543
-0.27568
-0.27594
-0.27620
-0.27645
-0.27671
-0.27696
-0.27722
-0.27747
-0.27773
-0.27799
-0.27824
-0.27850
-0.27875
-0.27901
-0.27927
-0.27952
-0.27978
-0.28003
-0.28029
-0.28055
-0.28080
-0.28106
-0.28131
-0.28157
-0.28183
-0.28208
-0.28234
-0.28259
-0.28285
-0.28310
-0.28336
-0.28362
-0.28387
-0.28413
-0.28438
-0.28464
-0.28490
-0.28515
-0.28541
-0.28566
-0.28592
-0.28618
-0.28643
-0.28669
-0.28694
-0.28720
-0.28746
-0.28771
-0.28797
-0.28822
-0.28848
-0.28873
-0.28899
-0.28925
-0.28950
-0.28976
-0.29001
-0.29027
-0.29053
-0.29078
-0.29104
-0.29129
-0.29155
-0.29181
-0.29206
-0.29232
-0.29257
-0.29283
-0.29309
-0.29334
-0.29360
-0.29385
-0.29411
-0.29436
-0.29462
-0.29488
-0.29513
-0.29539
-0.29564
-0.29590
-0.29616
-0.29641
-0.29667
-0.29692
-0.29718
-0.29744
-0.29769
-0.29795
-0.29820
-0.29846
-0.29871
-0.29897
-0.29923
-0.29948
-0.29974
-0.29999
-0.30025
-0.30051
-0.30076
-0.30102
-0.30127
-0.30153
-0.30179
-0.30204
-0.30230
-0.30255
-0.30281
-0.30307
-0.30332
-0.30358
-0.30383
-0.30409
-0.30434
-0.30460
-0.30486
-0.30511
-0.30537
-0.30562
-0.30588
-0.30614
-0.30639
-0.30665
-0.30690
-0.30716
-0.30742
-0.30767
-0.30793
-0.30818
-0.30844
-0.30870
-0.30895
-0.30921
-0.30946
-0.30972
-0.30997
-0.31023
-0.31049
-0.31074
-0.31100
-0.31125
-0.31151
-0.31177
-0.31202
-0.31228
-0.31253
-0.31279
-0.31305
-0.31330
-0.31356
-0.31381
-0.31407
-0.31432
-0.31458
-0.31484
-0.31509
-0.31535
-0.31560
-0.31586
-0.31612
-0.31637
-0.31663
-0.31688
-0.31714
-0.31740
-0.31765
-0.31791
-0.31816
-0.31842
-0.31868
-0.31893
-0.31919
-0.31944
-0.31970
-0.31995
-0.32021
-0.32047
-0.32072
-0.32098
-0.32123
-0.32149
-0.32175
-0.32200
-0.32226
-0.32251
-0.32277
-0.32303
-0.32328
-0.32354
-0.32379
-0.32405
-0.32430
-0.32456
-0.32482
-0.32507
-0.32533
-0.32558
-0.32584
-0.32610
-0.32635
-0.32661
-0.32686
-0.32712
-0.32738
-0.32763
-0.32789
-0.32814
-0.32840
-0.32865
-0.32891
-0.32917
-0.32942
-0.32968
-0.32993
-0.33019
-0.33045
-0.33070
-0.33096
-0.33121
-0.33147
-0.33173
-0.33198
-0.33224
-0.33249
-0.33275
-0.33301
-0.33326
-0.33352
-0.33377
-0.33403
-0.33428
-0.33454
-0.33480
-0.33505
-0.33531
-0.33556
-0.33582
-0.33608
-0.33633
-0.33659
-0.33684
-0.33710
-0.33736
-0.33761
-0.33787
-0.33812
-0.33838
-0.33863
-0.33889
-0.33915
-0.33940
-0.33966
-0.33991
-0.34017
-0.34043
-0.34068
-0.34094
-0.34119
-0.34145
-0.34171
-0.34196
-0.34222
-0.34247
-0.34273
-0.34298
-0.34324
-0.34350
-0.34375
-0.34401
-0.34426
-0.34452
-0.34478
-0.34503
-0.34529
-0.34554
-0.34580
-0.34606
-0.34631
-0.34657
-0.34682
-0.34708
-0.34733
-0.34759
-0.34785
-0.34810
-0.34836
-0.34861
-0.34887
-0.34913
-0.34938
-0.34964
-0.34989
-0.35015
-0.35041
-0.35066
-0.35092
-0.35117
-0.35143
-0.35168
-0.35194
-0.35220
-0.35245
-0.35271
-0.35296
-0.35322
-0.35348
-0.35373
-0.35399
-0.35424
-0.35450
-0.35476
-0.35501
-0.35527
-0.35552
-0.35578
-0.35604
-0.35629
-0.35655
-0.35680
-0.35706
-0.35731
-0.35757
-0.35783
-0.35808
-0.35834
-0.35859
-0.35885
-0.35911
-0.35936
-0.35962
-0.35987
-0.36013
-0.36039
-0.36064
-0.36090
-0.36115
-0.36141
-0.36166
-0.36192
-0.36218
-0.36243
-0.36269
-0.36294
-0.36320
-0.36346
-0.36371
-0.36397
-0.36422
-0.36448
-0.36474
-0.36499
-0.36525
-0.36550
-0.36576
-0.36601
-0.36627
-0.36653
-0.36678
-0.36704
-0.36729
-0.36755
-0.36781
-0.36806
-0.36832
-0.36857
-0.36883
-0.36909
-0.36934
-0.36960
-0.36985
-0.37011
-0.37036
-0.37062
-0.37088
-0.37113
-0.37139
-0.37164
-0.37190
-0.37216
-0.37241
-0.37267
-0.37292
-0.37318
-0.37344
-0.37369
-0.37395
-0.37420
-0.37446
-0.37471
-0.37497
-0.37523
-0.37548
-0.37574
-0.37599
-0.37625
-0.37651
-0.37676
-0.37702
-0.37727
-0.37753
-0.37779
-0.37804
-0.37830
-0.37855
-0.37881
-0.37906
-0.37932
-0.37958
-0.37983
-0.38009
-0.38034
-0.38060
-0.38086
-0.38111
-0.38137
-0.38162
-0.38188
-0.38214
-0.38239
-0.38265
-0.38290
-0.38316
-0.38341
-0.38367
-0.38393
-0.38418
-0.38444
-0.38469
-0.38495
-0.38521
-0.38546
-0.38572
-0.38597
-0.38623
-0.38649
-0.38674
-0.38700
-0.38725
-0.38751
-0.38776
-0.38802
-0.38828
-0.38853
-0.38879
-0.38904
-0.38930
-0.38956
-0.38981
-0.39007
-0.39032
-0.39058
-0.39083
-0.39109
-0.39135
-0.39160
-0.39186
-0.39211
-0.39237
-0.39263
-0.39288
-0.39314
-0.39339
-0.39365
-0.39391
-0.39416
-0.39442
-0.39467
-0.39493
-0.39518
-0.39544
-0.39570
-0.39595
-0.39621
-0.39646
-0.39672
-0.39698
-0.39723
-0.39749
-0.39774
-0.39800
-0.39826
-0.39851
-0.39877
-0.39902
-0.39928
-0.39953
-0.39979
-0.40005
-0.40030
-0.40056
-0.40081
-0.40107
-0.40133
-0.40158
-0.40184
-0.40209
-0.40235
-0.40261
-0.40286
-0.40312
-0.40337
-0.40363
-0.40388
-0.40414
-0.40440
-0.40465
-0.40491
-0.40516
-0.40542
-0.40568
-0.40593
-0.40619
-0.40644
-0.40670
-0.40696
-0.40721
-0.40747
-0.40772
-0.40798
-0.40823
-0.40849
-0.40875
-0.40900
-0.40926
-0.40951
-0.40977
-0.41003
-0.41028
-0.41054
-0.41079
-0.41105
-0.41130
-0.41156
-0.41182
-0.41207
-0.41233
-0.41258
-0.41284
-0.41310
-0.41335
-0.41361
-0.41386
-0.41412
-0.41438
-0.41463
-0.41489
-0.41514
-0.41540
-0.41565
-0.41591
-0.41617
-0.41642
-0.41668
-0.41693
-0.41719
-0.41745
-0.41770
-0.41796
-0.41821
-0.41847
-0.41873
-0.41898
-0.41924
-0.41949
-0.41975
-0.42000
-0.42026
-0.42052
-0.42077
-0.42103
-0.42128
-0.42154
-0.42180
-0.42205
-0.42231
-0.42256
-0.42282
-0.42307
-0.42333
-0.42359
-0.42384
-0.42410
-0.42435
-0.42461
-0.42487
-0.42512
-0.42538
-0.42563
-0.42589
-0.42615
-0.42640
-0.42666
-0.42691
-0.42717
-0.42742
-0.42768
-0.42794
-0.42819
-0.42845
-0.42870
-0.42896
-0.42922
-0.42947
-0.42973
-0.42998
-0.43024
-0.43050
-0.43075
-0.43101
-0.43126
-0.43152
-0.43177
-0.43203
-0.43229
-0.43254
-0.43280
-0.43305
-0.43331
-0.43357
-0.43382
-0.43408
-0.43433
-0.43459
-0.43484
-0.43510
-0.43536
-0.43561
-0.43587
-0.43612
-0.43638
-0.43664
-0.43689
-0.43715
-0.43740
-0.43766
-0.43792
-0.43817
-0.43843
-0.43868
-0.43894
-0.43919
-0.43945
-0.43971
-0.43996
-0.44022
-0.44047
-0.44073
-0.44099
-0.44124
-0.44150
-0.44175
-0.44201
-0.44226
-0.44252
-0.44278
-0.44303
-0.44329
-0.44354
-0.44380
-0.44406
-0.44431
-0.44457
-0.44482
-0.44508
-0.44534
-0.44559
-0.44585
-0.44610
-0.44636
-0.44661
-0.44687
-0.44713
-0.44738
-0.44764
-0.44789
-0.44815
-0.44841
-0.44866
-0.44892
-0.44917
-0.44943
-0.44968
-0.44994
-0.45020
-0.45045
-0.45071
-0.45096
-0.45122
-0.45148
-0.45173
-0.45199
-0.45224
-0.45250
-0.45276
-0.45301
-0.45327
-0.45352
-0.45378
-0.45403
-0.45429
-0.45455
-0.45480
-0.45506
-0.45531
-0.45557
-0.45583
-0.45608
-0.45634
-0.45659
-0.45685
-0.45710
-0.45736
-0.45762
-0.45787
-0.45813
-0.45838
-0.45864
-0.45890
-0.45915
-0.45941
-0.45966
-0.45992
-0.46018
-0.46043
-0.46069
-0.46094
-0.46120
-0.46145
-0.46171
-0.46197
-0.46222
-0.46248
-0.46273
-0.46299
-0.46325
-0.46350
-0.46376
-0.46401
-0.46427
-0.46452
-0.46478
-0.46504
-0.46529
-0.46555
-0.46580
-0.46606
-0.46632
-0.46657
-0.46683
-0.46708
-0.46734
-0.46760
-0.46785
-0.46811
-0.46836
-0.46862
-0.46887
-0.46913
-0.46939
-0.46964
-0.46990
-0.47015
-0.47041
-0.47067
-0.47092
-0.47118
-0.47143
-0.47169
-0.47194
-0.47220
-0.47246
-0.47271
-0.47297
-0.47322
-0.47348
-0.47374
-0.47399
-0.47425
-0.47450
-0.47476
-0.47501
-0.47527
-0.47553
-0.47578
-0.47604
-0.47629
-0.47655
-0.47681
-0.47706
-0.47732
-0.47757
-0.47783
-0.47809
-0.47834
-0.47860
-0.47885
-0.47911
-0.47936
-0.47962
-0.47988
-0.48013
-0.48039
-0.48064
-0.48090
-0.48116
-0.48141
-0.48167
-0.48192
-0.48218
-0.48243
-0.48269
-0.48295
-0.48320
-0.48346
-0.48371
-0.48397
-0.48423
-0.48448
-0.48474
-0.48499
-0.48525
-0.48550
-0.48576
-0.48602
-0.48627
-0.48653
-0.48678
-0.48704
-0.48730
-0.48755
-0.48781
-0.48806
-0.48832
-0.48858
-0.48883
-0.48909
-0.48934
-0.48960
-0.48985
-0.49011
-0.49037
-0.49062
-0.49088
-0.49113
-0.49139
-0.49165
-0.49190
-0.49216
-0.49241
-0.49267
-0.49292
-0.49318
-0.49344
-0.49369
-0.49395
-0.49420
-0.49446
-0.49472
-0.49497
-0.49523
-0.49548
-0.49574
-0.49599
-0.49625
-0.49651
-0.49676
-0.49702
-0.49727
-0.49753
-0.49779
-0.49804
-0.49830
-0.49855
-0.49881
-0.49907
-0.49932
-0.49958
-0.49983
-0.50009
-0.50034
-0.50060
-0.50086
-0.50111
-0.50137
-0.50162
-0.50188
-0.50214
-0.50239
-0.50265
-0.50290
-0.50316
-0.50341
-0.50367
-0.50393
-0.50418
-0.50444
-0.50469
-0.50495
-0.50521
-0.50546
-0.50572
-0.50597
-0.50623
-0.50648
-0.50674
-0.50700
-0.50725
-0.50751
-0.50776
-0.50802
-0.50828
-0.50853
-0.50879
-0.50904
-0.50930
-0.50955
-0.50981
-0.51007
-0.51032
-0.51058
-0.51083
-0.51109
-0.51135
-0.51160
-0.51186
-0.51211
-0.51237
-0.51262
-0.51288
-0.51314
-0.51339
-0.51365
-0.51390
-0.51416
-0.51442
-0.51467
-0.51493
-0.51518
-0.51544
-0.51570
-0.51595
-0.51621
-0.51646
-0.51672
-0.51697
-0.51723
-0.51749
-0.51774
-0.51800
-0.51825
-0.51851
-0.51877
-0.51902
-0.51928
-0.51953
-0.51979
-0.52004
-0.52030
-0.52056
-0.52081
-0.52107
-0.52132
-0.52158
-0.52184
-0.52209
-0.52235
-0.52260
-0.52286
-0.52311
-0.52337
-0.52363
-0.52388
-0.52414
-0.52439
-0.52465
-0.52491
-0.52516
-0.52542
-0.52567
-0.52593
-0.52618
-0.52644
-0.52670
-0.52695
-0.52721
-0.52746
-0.52772
-0.52798
-0.52823
-0.52849
-0.52874
-0.52900
-0.52925
-0.52951
-0.52977
-0.53002
-0.53028
-0.53053
-0.53079
-0.53105
-0.53130
-0.53156
-0.53181
-0.53207
-0.53232
-0.53258
-0.53284
-0.53309
-0.53335
-0.53360
-0.53386
-0.53412
-0.53437
-0.53463
-0.53488
-0.53514
-0.53539
-0.53565
-0.53591
-0.53616
-0.53642
-0.53667
-0.53693
-0.53719
-0.53744
-0.53770
-0.53795
-0.53821
-0.53846
-0.53872
-0.53898
-0.53923
-0.53949
-0.53974
-0.54000
-0.54026
-0.54051
-0.54077
-0.54102
-0.54128
-0.54154
-0.54179
-0.54205
-0.54230
-0.54256
-0.54281
-0.54307
-0.54333
-0.54358
-0.54384
-0.54409
-0.54435
-0.54461
-0.54486
-0.54512
-0.54537
-0.54563
-0.54588
-0.54614
-0.54640
-0.54665
-0.54691
-0.54716
-0.54742
-0.54768
-0.54793
-0.54819
-0.54844
-0.54870
-0.54895
-0.54921
-0.54947
-0.54972
-0.54998
-0.55023
-0.55049
-0.55075
-0.55100
-0.55126
-0.55151
-0.55177
-0.55202
-0.55228
-0.55254
-0.55279
-0.55305
-0.55330
-0.55356
-0.55382
-0.55407
-0.55433
-0.55458
-0.55484
-0.55509
-0.55535
-0.55561
-0.55586
-0.55612
-0.55637
-0.55663
-0.55689
-0.55714
-0.55740
-0.55765
-0.55791
-0.55816
-0.55842
-0.55868
-0.55893
-0.55919
-0.55944
-0.55970
-0.55996
-0.56021
-0.56047
-0.56072
-0.56098
-0.56123
-0.56149
-0.56175
-0.56200
-0.56226
-0.56251
-0.56277
-0.56303
-0.56328
-0.56354
-0.56379
-0.56405
-0.56430
-0.56456
-0.56482
-0.56507
-0.56533
-0.56558
-0.56584
-0.56610
-0.56635
-0.56661
-0.56686
-0.56712
-0.56737
-0.56763
-0.56789
-0.56814
-0.56840
-0.56865
-0.56891
-0.56917
-0.56942
-0.56968
-0.56993
-0.57019
-0.57044
-0.57070
-0.57096
-0.57121
-0.57147
-0.57172
-0.57198
-0.57224
-0.57249
-0.57275
-0.57300
-0.57326
-0.57351
-0.57377
-0.57403
-0.57428
-0.57454
-0.57479
-0.57505
-0.57531
-0.57556
-0.57582
-0.57607
-0.57633
-0.57658
-0.57684
-0.57710
-0.57735
-0.57761
-0.57786
-0.57812
-0.57838
-0.57863
-0.57889
-0.57914
-0.57940
-0.57965
-0.57991
-0.58017
-0.58042
-0.58068
-0.58093
-0.58119
-0.58145
-0.58170
-0.58196
-0.58221
-0.58247
-0.58272
-0.58298
-0.58324
-0.58349
-0.58375
-0.58400
-0.58426
-0.58451
-0.58477
-0.58503
-0.58528
-0.58554
-0.58579
-0.58605
-0.58631
-0.58656
-0.58682
-0.58707
-0.58733
-0.58758
-0.58784
-0.58810
-0.58835
-0.58861
-0.58886
-0.58912
-0.58938
-0.58963
-0.58989
-0.59014
-0.59040
-0.59065
-0.59091
-0.59117
-0.59142
-0.59168
-0.59193
-0.59219
-0.59245
-0.59270
-0.59296
-0.59321
-0.59347
-0.59372
-0.59398
-0.59424
-0.59449
-0.59475
-0.59500
-0.59526
-0.59552
-0.59577
-0.59603
-0.59628
-0.59654
-0.59679
-0.59705
-0.59731
-0.59756
-0.59782
-0.59807
-0.59833
-0.59859
-0.59884
-0.59910
-0.59935
-0.59961
-0.59986
-0.60012
-0.60038
-0.60063
-0.60089
-0.60114
-0.60140
-0.60166
-0.60191
-0.60217
-0.60242
-0.60268
-0.60293
-0.60319
-0.60345
-0.60370
-0.60396
-0.60421
-0.60447
-0.60473
-0.60498
-0.60524
-0.60549
-0.60575
-0.60600
-0.60626
-0.60652
-0.60677
-0.60703
-0.60728
-0.60754
-0.60779
-0.60805
-0.60831
-0.60856
-0.60882
-0.60907
-0.60933
-0.60959
-0.60984
-0.61010
-0.61035
-0.61061
-0.61086
-0.61112
-0.61138
-0.61163
-0.61189
-0.61214
-0.61240
-0.61266
-0.61291
-0.61317
-0.61342
-0.61368
-0.61393
-0.61419
-0.61445
-0.61470
-0.61496
-0.61521
-0.61547
-0.61573
-0.61598
-0.61624
-0.61649
-0.61675
-0.61700
-0.61726
-0.61752
-0.61777
-0.61803
-0.61828
-0.61854
-0.61880
-0.61905
-0.61931
-0.61956
-0.61982
-0.62007
-0.62033
-0.62059
-0.62084
-0.62110
-0.62135
-0.62161
-0.62187
-0.62212
-0.62238
-0.62263
-0.62289
-0.62314
-0.62340
-0.62366
-0.62391
-0.62417
-0.62442
-0.62468
-0.62493
-0.62519
-0.62545
-0.62570
-0.62596
-0.62621
-0.62647
-0.62673
-0.62698
-0.62724
-0.62749
-0.62775
-0.62800
-0.62826
-0.62852
-0.62877
-0.62903
-0.62928
-0.62954
-0.62980
-0.63005
-0.63031
-0.63056
-0.63082
-0.63107
-0.63133
-0.63159
-0.63184
-0.63210
-0.63235
-0.63261
-0.63287
-0.63312
-0.63338
-0.63363
-0.63389
-0.63414
-0.63440
-0.63466
-0.63491
-0.63517
-0.63542
-0.63568
-0.63593
-0.63619
-0.63645
-0.63670
-0.63696
-0.63721
-0.63747
-0.63773
-0.63798
-0.63824
-0.63849
-0.63875
-0.63900
-0.63926
-0.63952
-0.63977
-0.64003
-0.64028
-0.64054
-0.64080
-0.64105
-0.64131
-0.64156
-0.64182
-0.64207
-0.64233
-0.64259
-0.64284
-0.64310
-0.64335
-0.64361
-0.64387
-0.64412
-0.64438
-0.64463
-0.64489
-0.64514
-0.64540
-0.64566
-0.64591
-0.64617
-0.64642
-0.64668
-0.64693
-0.64719
-0.64745
-0.64770
-0.64796
-0.64821
-0.64847
-0.64873
-0.64898
-0.64924
-0.64949
-0.64975
-0.65000
-0.65026
-0.65052
-0.65077
-0.65103
-0.65128
-0.65154
-0.65180
-0.65205
-0.65231
-0.65256
-0.65282
-0.65307
-0.65333
-0.65359
-0.65384
-0.65410
-0.65435
-0.65461
-0.65486
-0.65512
-0.65538
-0.65563
-0.65589
-0.65614
-0.65640
-0.65666
-0.65691
-0.65717
-0.65742
-0.65768
-0.65793
-0.65819
-0.65845
-0.65870
-0.65896
-0.65921
-0.65947
-0.65973
-0.65998
-0.66024
-0.66049
-0.66075
-0.66100
-0.66126
-0.66152
-0.66177
-0.66203
-0.66228
-0.66254
-0.66280
-0.66305
-0.66331
-0.66356
-0.66382
-0.66407
-0.66433
-0.66459
-0.66484
-0.66510
-0.66535
-0.66561
-0.66586
-0.66612
-0.66638
-0.66663
-0.66689
-0.66714
-0.66740
-0.66766
-0.66791
-0.66817
-0.66842
-0.66868
-0.66893
-0.66919
-0.66945
-0.66970
-0.66996
-0.67021
-0.67047
-0.67073
-0.67098
-0.67124
-0.67149
-0.67175
-0.67200
-0.67226
-0.67252
-0.67277
-0.67303
-0.67328
-0.67354
-0.67379
-0.67405
-0.67431
-0.67456
-0.67482
-0.67507
-0.67533
-0.67559
-0.67584
-0.67610
-0.67635
-0.67661
-0.67686
-0.67712
-0.67738
-0.67763
-0.67789
-0.67814
-0.67840
-0.67865
-0.67891
-0.67917
-0.67942
-0.67968
-0.67993
-0.68019
-0.68045
-0.68070
-0.68096
-0.68121
-0.68147
-0.68172
-0.68198
-0.68224
-0.68249
-0.68275
-0.68300
-0.68326
-0.68352
-0.68377
-0.68403
-0.68428
-0.68454
-0.68479
-0.68505
-0.68531
-0.68556
-0.68582
-0.68607
-0.68633
-0.68658
-0.68684
-0.68710
-0.68735
-0.68761
-0.68786
-0.68812
-0.68838
-0.68863
-0.68889
-0.68914
-0.68940
-0.68965
-0.68991
-0.69017
-0.69042
-0.69068
-0.69093
-0.69119
-0.69145
-0.69170
-0.69196
-0.69221
-0.69247
-0.69272
-0.69298
-0.69324
-0.69349
-0.69375
-0.69400
-0.69426
-0.69451
-0.69477
-0.69503
-0.69528
-0.69554
-0.69579
-0.69605
-0.69631
-0.69656
-0.69682
-0.69707
-0.69733
-0.69758
-0.69784
-0.69810
-0.69835
-0.69861
-0.69886
-0.69912
-0.69937
-0.69963
-0.69989
-0.70014
-0.70040
-0.70065
-0.70091
-0.70117
-0.70142
-0.70168
-0.70193
-0.70219
-0.70244
-0.70270
-0.70296
-0.70321
-0.70347
-0.70372
-0.70398
-0.70423
-0.70449
-0.70475
-0.70500
-0.70526
-0.70551
-0.70577
-0.70603
-0.70628
-0.70654
-0.70679
-0.70705
-0.70730
-0.70756
-0.70782
-0.70807
-0.70833
-0.70858
-0.70884
-0.70910
-0.70935
-0.70961
-0.70986
-0.71012
-0.71037
-0.71063
-0.71089
-0.71114
-0.71140
-0.71165
-0.71191
-0.71216
-0.71242
-0.71268
-0.71293
-0.71319
-0.71344
-0.71370
-0.71396
-0.71421
-0.71447
-0.71472
-0.71498
-0.71523
-0.71549
-0.71575
-0.71600
-0.71626
-0.71651
-0.71677
-0.71702
-0.71728
-0.71754
-0.71779
-0.71805
-0.71830
-0.71856
-0.71882
-0.71907
-0.71933
-0.71958
-0.71984
-0.72009
-0.72035
-0.72061
-0.72086
-0.72112
-0.72137
-0.72163
-0.72188
-0.72214
-0.72240
-0.72265
-0.72291
-0.72316
-0.72342
-0.72368
-0.72393
-0.72419
-0.72444
-0.72470
-0.72495
-0.72521
-0.72547
-0.72572
-0.72598
-0.72623
-0.72649
-0.72674
-0.72700
-0.72726
-0.72751
-0.72777
-0.72802
-0.72828
-0.72854
-0.72879
-0.72905
-0.72930
-0.72956
-0.72981
-0.73007
-0.73033
-0.73058
-0.73084
-0.73109
-0.73135
-0.73160
-0.73186
-0.73212
-0.73237
-0.73263
-0.73288
-0.73314
-0.73340
-0.73365
-0.73391
-0.73416
-0.73442
-0.73467
-0.73493
-0.73519
-0.73544
-0.73570
-0.73595
-0.73621
-0.73646
-0.73672
-0.73698
-0.73723
-0.73749
-0.73774
-0.73800
-0.73826
-0.73851
-0.73877
-0.73902
-0.73928
-0.73953
-0.73979
-0.74005
-0.74030
-0.74056
-0.74081
-0.74107
-0.74132
-0.74158
-0.74184
-0.74209
-0.74235
-0.74260
-0.74286
-0.74312
-0.74337
-0.74363
-0.74388
-0.74414
-0.74439
-0.74465
-0.74491
-0.74516
-0.74542
-0.74567
-0.74593
-0.74618
-0.74644
-0.74670
-0.74695
-0.74721
-0.74746
-0.74772
-0.74798
-0.74823
-0.74849
-0.74874
-0.74900
-0.74925
-0.74951
-0.74977
-0.75002
-0.75028
-0.75053
-0.75079
-0.75104
-0.75130
-0.75156
-0.75181
-0.75207
-0.75232
-0.75258
-0.75284
-0.75309
-0.75335
-0.75360
-0.75386
-0.75411
-0.75437
-0.75463
-0.75488
-0.75514
-0.75539
-0.75565
-0.75590
-0.75616
-0.75642
-0.75667
-0.75693
-0.75718
-0.75744
-0.75769
-0.75795
-0.75821
-0.75846
-0.75872
-0.75897
-0.75923
-0.75949
-0.75974
-0.76000
-0.76025
-0.76051
-0.76076
-0.76102
-0.76128
-0.76153
-0.76179
-0.76204
-0.76230
-0.76255
-0.76281
-0.76307
-0.76332
-0.76358
-0.76383
-0.76409
-0.76435
-0.76460
-0.76486
-0.76511
-0.76537
-0.76562
-0.76588
-0.76614
-0.76639
-0.76665
-0.76690
-0.76716
-0.76741
-0.76767
-0.76793
-0.76818
-0.76844
-0.76869
-0.76895
-0.76921
-0.76946
-0.76972
-0.76997
-0.77023
-0.77048
-0.77074
-0.77100
-0.77125
-0.77151
-0.77176
-0.77202
-0.77227
-0.77253
-0.77279
-0.77304
-0.77330
-0.77355
-0.77381
-0.77406
-0.77432
-0.77458
-0.77483
-0.77509
-0.77534
-0.77560
-0.77586
-0.77611
-0.77637
-0.77662
-0.77688
-0.77713
-0.77739
-0.77765
-0.77790
-0.77816
-0.77841
-0.77867
-0.77892
-0.77918
-0.77944
-0.77969
-0.77995
-0.78020
-0.78046
-0.78072
-0.78097
-0.78123
-0.78148
-0.78174
-0.78199
-0.78225
-0.78251
-0.78276
-0.78302
-0.78327
-0.78353
-0.78378
-0.78404
-0.78430
-0.78455
-0.78481
-0.78506
-0.78532
-0.78557
-0.78583
-0.78609
-0.78634
-0.78660
-0.78685
-0.78711
-0.78737
-0.78762
-0.78788
-0.78813
-0.78839
-0.78864
-0.78890
-0.78916
-0.78941
-0.78967
-0.78992
-0.79018
-0.79043
-0.79069
-0.79095
-0.79120
-0.79146
-0.79171
-0.79197
-0.79223
-0.79248
-0.79274
-0.79299
-0.79325
-0.79350
-0.79376
-0.79402
-0.79427
-0.79453
-0.79478
-0.79504
-0.79529
-0.79555
-0.79581
-0.79606
-0.79632
-0.79657
-0.79683
-0.79708
-0.79734
-0.79760
-0.79785
-0.79811
-0.79836
-0.79862
-0.79888
-0.79913
-0.79939
-0.79964
-0.79990
-0.80015
-0.80041
-0.80067
-0.80092
-0.80118
-0.80143
-0.80169
-0.80194
-0.80220
-0.80246
-0.80271
-0.80297
-0.80322
-0.80348
-0.80373
-0.80399
-0.80425
-0.80450
-0.80476
-0.80501
-0.80527
-0.80553
-0.80578
-0.80604
-0.80629
-0.80655
-0.80680
-0.80706
-0.80732
-0.80757
-0.80783
-0.80808
-0.80834
-0.80859
-0.80885
-0.80911
-0.80936
-0.80962
-0.80987
-0.81013
-0.81038
-0.81064
-0.81090
-0.81115
-0.81141
-0.81166
-0.81192
-0.81218
-0.81243
-0.81269
-0.81294
-0.81320
-0.81345
-0.81371
-0.81397
-0.81422
-0.81448
-0.81473
-0.81499
-0.81524
-0.81550
-0.81576
-0.81601
-0.81627
-0.81652
-0.81678
-0.81703
-0.81729
-0.81755
-0.81780
-0.81806
-0.81831
-0.81857
-0.81883
-0.81908
-0.81934
-0.81959
-0.81985
-0.82010
-0.82036
-0.82062
-0.82087
-0.82113
-0.82138
-0.82164
-0.82189
-0.82215
-0.82241
-0.82266
-0.82292
-0.82317
-0.82343
-0.82368
-0.82394
-0.82420
-0.82445
-0.82471
-0.82496
-0.82522
-0.82548
-0.82573
-0.82599
-0.82624
-0.82650
-0.82675
-0.82701
-0.82727
-0.82752
-0.82778
-0.82803
-0.82829
-0.82854
-0.82880
-0.82906
-0.82931
-0.82957
-0.82982
-0.83008
-0.83033
-0.83059
-0.83085
-0.83110
-0.83136
-0.83161
-0.83187
-0.83213
-0.83238
-0.83264
-0.83289
-0.83315
-0.83340
-0.83366
-0.83392
-0.83417
-0.83443
-0.83468
-0.83494
-0.83519
-0.83545
-0.83571
-0.83596
-0.83622
-0.83647
-0.83673
-0.83698
-0.83724
-0.83750
-0.83775
-0.83801
-0.83826
-0.83852
-0.83877
-0.83903
-0.83929
-0.83954
-0.83980
-0.84005
-0.84031
-0.84057
-0.84082
-0.84108
-0.84133
-0.84159
-0.84184
-0.84210
-0.84236
-0.84261
-0.84287
-0.84312
-0.84338
-0.84363
-0.84389
-0.84415
-0.84440
-0.84466
-0.84491
-0.84517
-0.84542
-0.84568
-0.84594
-0.84619
-0.84645
-0.84670
-0.84696
-0.84721
-0.84747
-0.84773
-0.84798
-0.84824
-0.84849
-0.84875
-0.84901
-0.84926
-0.84952
-0.84977
-0.85003
-0.85028
-0.85054
-0.85080
-0.85105
-0.85131
-0.85156
-0.85182
-0.85207
-0.85233
-0.85259
-0.85284
-0.85310
-0.85335
-0.85361
-0.85386
-0.85412
-0.85438
-0.85463
-0.85489
-0.85514
-0.85540
-0.85566
-0.85591
-0.85617
-0.85642
-0.85668
-0.85693
-0.85719
-0.85745
-0.85770
-0.85796
-0.85821
-0.85847
-0.85872
-0.85898
-0.85924
-0.85949
-0.85975
-0.86000
-0.86026
-0.86051
-0.86077
-0.86103
-0.86128
-0.86154
-0.86179
-0.86205
-0.86230
-0.86256
-0.86282
-0.86307
-0.86333
-0.86358
-0.86384
-0.86410
-0.86435
-0.86461
-0.86486
-0.86512
-0.86537
-0.86563
-0.86589
-0.86614
-0.86640
-0.86665
-0.86691
-0.86716
-0.86742
-0.86768
-0.86793
-0.86819
-0.86844
-0.86870
-0.86895
-0.86921
-0.86947
-0.86972
-0.86998
-0.87023
-0.87049
-0.87074
-0.87100
-0.87126
-0.87151
-0.87177
-0.87202
-0.87228
-0.87253
-0.87279
-0.87305
-0.87330
-0.87356
-0.87381
-0.87407
-0.87433
-0.87458
-0.87484
-0.87509
-0.87535
-0.87560
-0.87586
-0.87612
-0.87637
-0.87663
-0.87688
-0.87714
-0.87739
-0.87765
-0.87791
-0.87816
-0.87842
-0.87867
-0.87893
-0.87918
-0.87944
-0.87970
-0.87995
-0.88021
-0.88046
-0.88072
-0.88097
-0.88123
-0.88149
-0.88174
-0.88200
-0.88225
-0.88251
-0.88276
-0.88302
-0.88328
-0.88353
-0.88379
-0.88404
-0.88430
-0.88456
-0.88481
-0.88507
-0.88532
-0.88558
-0.88583
-0.88609
-0.88635
-0.88660
-0.88686
-0.88711
-0.88737
-0.88762
-0.88788
-0.88814
-0.88839
-0.88865
-0.88890
-0.88916
-0.88941
-0.88967
-0.88993
-0.89018
-0.89044
-0.89069
-0.89095
-0.89120
-0.89146
-0.89172
-0.89197
-0.89223
-0.89248
-0.89274
-0.89299
-0.89325
-0.89351
-0.89376
-0.89402
-0.89427
-0.89453
-0.89479
-0.89504
-0.89530
-0.89555
-0.89581
-0.89606
-0.89632
-0.89658
-0.89683
-0.89709
-0.89734
-0.89760
-0.89785
-0.89811
-0.89837
-0.89862
-0.89888
-0.89913
-0.89939
-0.89964
-0.89990
-0.90016
-0.90041
-0.90067
-0.90092
-0.90118
-0.90143
-0.90169
-0.90195
-0.90220
-0.90246
-0.90271
-0.90297
-0.90322
-0.90348
-0.90374
-0.90399
-0.90425
-0.90450
-0.90476
-0.90502
-0.90527
-0.90553
-0.90578
-0.90604
-0.90629
-0.90655
-0.90681
-0.90706
-0.90732
-0.90757
-0.90783
-0.90808
-0.90834
-0.90860
-0.90885
-0.90911
-0.90936
-0.90962
-0.90987
-0.91013
-0.91039
-0.91064
-0.91090
-0.91115
-0.91141
-0.91166
-0.91192
-0.91218
-0.91243
-0.91269
-0.91294
-0.91320
-0.91345
-0.91371
-0.91397
-0.91422
-0.91448
-0.91473
-0.91499
-0.91524
-0.91550
-0.91576
-0.91601
-0.91627
-0.91652
-0.91678
-0.91704
-0.91729
-0.91755
-0.91780
-0.91806
-0.91831
-0.91857
-0.91883
-0.91908
-0.91934
-0.91959
-0.91985
-0.92010
-0.92036
-0.92062
-0.92087
-0.92113
-0.92138
-0.92164
-0.92189
-0.92215
-0.92241
-0.92266
-0.92292
-0.92317
-0.92343
-0.92368
-0.92394
-0.92420
-0.92445
-0.92471
-0.92496
-0.92522
-0.92547
-0.92573
-0.92599
-0.92624
-0.92650
-0.92675
-0.92701
-0.92726
-0.92752
-0.92778
-0.92803
-0.92829
-0.92854
-0.92880
-0.92905
-0.92931
-0.92957
-0.92982
-0.93008
-0.93033
-0.93059
-0.93084
-0.93110
-0.93136
-0.93161
-0.93187
-0.93212
-0.93238
-0.93264
-0.93289
-0.93315
-0.93340
-0.93366
-0.93391
-0.93417
-0.93443
-0.93468
-0.93494
-0.93519
-0.93545
-0.93570
-0.93596
-0.93622
-0.93647
-0.93673
-0.93698
-0.93724
-0.93749
-0.93775
-0.93801
-0.93826
-0.93852
-0.93877
-0.93903
-0.93928
-0.93954
-0.93980
-0.94005
-0.94031
-0.94056
-0.94082
-0.94107
-0.94133
-0.94159
-0.94184
-0.94210
-0.94235
-0.94261
-0.94286
-0.94312
-0.94338
-0.94363
-0.94389
-0.94414
-0.94440
-0.94465
-0.94491
-0.94517
-0.94542
-0.94568
-0.94593
-0.94619
-0.94644
-0.94670
-0.94696
-0.94721
-0.94747
-0.94772
-0.94798
-0.94824
-0.94849
-0.94875
-0.94900
-0.94926
-0.94951
-0.94977
-0.95003
-0.95028
-0.95054
-0.95079
-0.95105
-0.95130
-0.95156
-0.95182
-0.95207
-0.95233
-0.95258
-0.95284
-0.95309
-0.95335
-0.95361
-0.95386
-0.95412
-0.95437
-0.95463
-0.95488
-0.95514
-0.95540
-0.95565
-0.95591
-0.95616
-0.95642
-0.95667
-0.95693
-0.95719
-0.95744
-0.95770
-0.95795
-0.95821
-0.95846
-0.95872
-0.95898
-0.95923
-0.95949
-0.95974
-0.96000
-0.96025
-0.96051
-0.96077
-0.96102
-0.96128
-0.96153
-0.96179
-0.96204
-0.96230
-0.96256
-0.96281
-0.96307
-0.96332
-0.96358
-0.96383
-0.96409
-0.96435
-0.96460
-0.96486
-0.96511
-0.96537
-0.96562
-0.96588
-0.96614
-0.96639
-0.96665
-0.96690
-0.96716
-0.96741
-0.96767
-0.96793
-0.96818
-0.96844
-0.96869
-0.96895
-0.96921
-0.96946
-0.96972
-0.96997
-0.97023
-0.97048
-0.97074
-0.97100
-0.97125
-0.97151
-0.97176
-0.97202
-0.97227
-0.97253
-0.97279
-0.97304
-0.97330
-0.97355
-0.97381
-0.97406
-0.97432
-0.97458
-0.97483
-0.97509
-0.97534
-0.97560
-0.97585
-0.97611
-0.97637
-0.97662
-0.97688
-0.97713
-0.97739
-0.97764
-0.97790
-0.97816
-0.97841
-0.97867
-0.97892
-0.97918
-0.97943
-0.97969
-0.97995
-0.98020
-0.98046
-0.98071
-0.98097
-0.98122
-0.98148
-0.98174
-0.98199
-0.98225
-0.98250
-0.98276
-0.98301
-0.98327
-0.98353
-0.98378
-0.98404
-0.98429
-0.98455
-0.98480
-0.98506
-0.98532
-0.98557
-0.98583
-0.98608
-0.98634
-0.98659
-0.98685
-0.98711
-0.98736
-0.98762
-0.98787
-0.98813
-0.98838
-0.98864
-0.98890
-0.98915
-0.98941
-0.98966
-0.98992
-0.99017
-0.99043
-0.99069
-0.99094
-0.99120
-0.99145
-0.99171
-0.99196
-0.99222
-0.99248
-0.99273
-0.99299
-0.99324
-0.99350
-0.99375
-0.99401
-0.99427
-0.99452
-0.99478
-0.99503
-0.99529
-0.99554
-0.99580
-0.99606
-0.99631
-0.99657
-0.99682
-0.99708
-0.99733
-0.99759
-0.99785
-0.99810
-0.99836
-0.99861
-0.99887
-0.99912
-0.99938
-0.99964
-0.99989
-1.00015
-1.00040
-1.00066
-1.00091
-1.00117
-1.00143
-1.00168
-1.00194
-1.00219
-1.00245
-1.00270
-1.00296
-1.00322
-1.00347
-1.00373
-1.00398
-1.00424
-1.00449
-1.00475
-1.00501
-1.00526
-1.00552
-1.00577
-1.00603
-1.00629
-1.00654
-1.00680
-1.00705
-1.00731
-1.00756
-1.00782
-1.00808
-1.00833
-1.00859
-1.00884
-1.00910
-1.00935
-1.00961
-1.00987
-1.01012
-1.01038
-1.01063
-1.01089
-1.01114
-1.01140
-1.01166
-1.01191
-1.01217
-1.01242
-1.01268
-1.01293
-1.01319
-1.01345
-1.01370
-1.01396
-1.01421
-1.01447
-1.01472
-1.01498
-1.01524
-1.01549
-1.01575
-1.01600
-1.01626
-1.01651
-1.01677
-1.01703
-1.01728
-1.01754
-1.01779
-1.01805
-1.01830
-1.01856
-1.01882
-1.01907
-1.01933
-1.01958
-1.01984
-1.02009
-1.02035
-1.02061
-1.02086
-1.02112
-1.02137
-1.02163
-1.02188
-1.02214
-1.02240
-1.02265
-1.02291
-1.02316
-1.02342
-1.02367
-1.02393
-1.02419
-1.02444
-1.02470
-1.02495
-1.02521
-1.02546
-1.02572
-1.02598
-1.02623
-1.02649
-1.02674
-1.02700
-1.02725
-1.02751
-1.02777
-1.02802
-1.02828
-1.02853
-1.02879
-1.02904
-1.02930
-1.02956
-1.02981
-1.03007
-1.03032
-1.03058
-1.03083
-1.03109
-1.03135
-1.03160
-1.03186
-1.03211
-1.03237
-1.03262
-1.03288
-1.03314
-1.03339
-1.03365
-1.03390
-1.03416
-1.03441
-1.03467
-1.03493
-1.03518
-1.03544
-1.03569
-1.03595
-1.03620
-1.03646
-1.03672
-1.03697
-1.03723
-1.03748
-1.03774
-1.03799
-1.03825
-1.03851
-1.03876
-1.03902
-1.03927
-1.03953
-1.03978
-1.04004
-1.04030
-1.04055
-1.04081
-1.04106
-1.04132
-1.04157
-1.04183
-1.04209
-1.04234
-1.04260
-1.04285
-1.04311
-1.04336
-1.04362
-1.04388
-1.04413
-1.04439
-1.04464
-1.04490
-1.04515
-1.04541
-1.04566
-1.04592
-1.04618
-1.04643
-1.04669
-1.04694
-1.04720
-1.04745
-1.04771
-1.04797
-1.04822
-1.04848
-1.04873
-1.04899
-1.04924
-1.04950
-1.04976
-1.05001
-1.05027
-1.05052
-1.05078
-1.05103
-1.05129
-1.05155
-1.05180
-1.05206
-1.05231
-1.05257
-1.05282
-1.05308
-1.05334
-1.05359
-1.05385
-1.05410
-1.05436
-1.05461
-1.05487
-1.05513
-1.05538
-1.05564
-1.05589
-1.05615
-1.05640
-1.05666
-1.05692
-1.05717
-1.05743
-1.05768
-1.05794
-1.05819
-1.05845
-1.05871
-1.05896
-1.05922
-1.05947
-1.05973
-1.05998
-1.06024
-1.06050
-1.06075
-1.06101
-1.06126
-1.06152
-1.06177
-1.06203
-1.06229
-1.06254
-1.06280
-1.06305
-1.06331
-1.06356
-1.06382
-1.06408
-1.06433
-1.06459
-1.06484
-1.06510
-1.06535
-1.06561
-1.06587
-1.06612
-1.06638
-1.06663
-1.06689
-1.06714
-1.06740
-1.06766
-1.06791
-1.06817
-1.06842
-1.06868
-1.06893
-1.06919
-1.06945
-1.06970
-1.06996
-1.07021
-1.07047
-1.07072
-1.07098
-1.07124
-1.07149
-1.07175
-1.07200
-1.07226
-1.07251
-1.07277
-1.07303
-1.07328
-1.07354
-1.07379
-1.07405
-1.07430
-1.07456
-1.07482
-1.07507
-1.07533
-1.07558
-1.07584
-1.07609
-1.07635
-1.07661
-1.07686
-1.07712
-1.07737
-1.07763
-1.07788
-1.07814
-1.07840
-1.07865
-1.07891
-1.07916
-1.07942
-1.07967
-1.07993
-1.08019
-1.08044
-1.08070
-1.08095
-1.08121
-1.08146
-1.08172
-1.08198
-1.08223
-1.08249
-1.08274
-1.08300
-1.08325
-1.08351
-1.08376
-1.08402
-1.08428
-1.08453
-1.08479
-1.08504
-1.08530
-1.08555
-1.08581
-1.08607
-1.08632
-1.08658
-1.08683
-1.08709
-1.08734
-1.08760
-1.08786
-1.08811
-1.08837
-1.08862
-1.08888
-1.08913
-1.08939
-1.08965
-1.08990
-1.09016
-1.09041
-1.09067
-1.09092
-1.09118
-1.09144
-1.09169
-1.09195
-1.09220
-1.09246
-1.09271
-1.09297
-1.09323
-1.09348
-1.09374
-1.09399
-1.09425
-1.09450
-1.09476
-1.09502
-1.09527
-1.09553
-1.09578
-1.09604
-1.09629
-1.09655
-1.09681
-1.09706
-1.09732
-1.09757
-1.09783
-1.09808
-1.09834
-1.09860
-1.09885
-1.09911
-1.09936
-1.09962
-1.09987
-1.10013
-1.10039
-1.10064
-1.10090
-1.10115
-1.10141
-1.10166
-1.10192
-1.10218
-1.10243
-1.10269
-1.10294
-1.10320
-1.10345
-1.10371
-1.10396
-1.10422
-1.10448
-1.10473
-1.10499
-1.10524
-1.10550
-1.10575
-1.10601
-1.10627
-1.10652
-1.10678
-1.10703
-1.10729
-1.10754
-1.10780
-1.10806
-1.10831
-1.10857
-1.10882
-1.10908
-1.10933
-1.10959
-1.10985
-1.11010
-1.11036
-1.11061
-1.11087
-1.11112
-1.11138
-1.11164
-1.11189
-1.11215
-1.11240
-1.11266
-1.11291
-1.11317
-1.11343
-1.11368
-1.11394
-1.11419
-1.11445
-1.11470
-1.11496
-1.11522
-1.11547
-1.11573
-1.11598
-1.11624
-1.11649
-1.11675
-1.11701
-1.11726
-1.11752
-1.11777
-1.11803
-1.11828
-1.11854
-1.11880
-1.11905
-1.11931
-1.11956
-1.11982
-1.12007
-1.12033
-1.12058
-1.12084
-1.12110
-1.12135
-1.12161
-1.12186
-1.12212
-1.12237
-1.12263
-1.12289
-1.12314
-1.12340
-1.12365
-1.12391
-1.12416
-1.12442
-1.12468
-1.12493
-1.12519
-1.12544
-1.12570
-1.12595
-1.12621
-1.12647
-1.12672
-1.12698
-1.12723
-1.12749
-1.12774
-1.12800
-1.12826
-1.12851
-1.12877
-1.12902
-1.12928
-1.12953
-1.12979
-1.13005
-1.13030
-1.13056
-1.13081
-1.13107
-1.13132
-1.13158
-1.13184
-1.13209
-1.13235
-1.13260
-1.13286
-1.13311
-1.13337
-1.13363
-1.13388
-1.13414
-1.13439
-1.13465
-1.13490
-1.13516
-1.13541
-1.13567
-1.13593
-1.13618
-1.13644
-1.13669
-1.13695
-1.13720
-1.13746
-1.13772
-1.13797
-1.13823
-1.13848
-1.13874
-1.13899
-1.13925
-1.13951
-1.13976
-1.14002
-1.14027
-1.14053
-1.14078
-1.14104
-1.14130
-1.14155
-1.14181
-1.14206
-1.14232
-1.14257
-1.14283
-1.14309
-1.14334
-1.14360
-1.14385
-1.14411
-1.14436
-1.14462
-1.14488
-1.14513
-1.14539
-1.14564
-1.14590
-1.14615
-1.14641
-1.14667
-1.14692
-1.14718
-1.14743
-1.14769
-1.14794
-1.14820
-1.14845
-1.14871
-1.14897
-1.14922
-1.14948
-1.14973
-1.14999
-1.15024
-1.15050
-1.15076
-1.15101
-1.15127
-1.15152
-1.15178
-1.15203
-1.15229
-1.15255
-1.15280
-1.15306
-1.15331
-1.15357
-1.15382
-1.15408
-1.15434
-1.15459
-1.15485
-1.15510
-1.15536
-1.15561
-1.15587
-1.15613
-1.15638
-1.15664
-1.15689
-1.15715
-1.15740
-1.15766
-1.15792
-1.15817
-1.15843
-1.15868
-1.15894
-1.15919
-1.15945
-1.15970
-1.15996
-1.16022
-1.16047
-1.16073
-1.16098
-1.16124
-1.16149
-1.16175
-1.16201
-1.16226
-1.16252
-1.16277
-1.16303
-1.16328
-1.16354
-1.16380
-1.16405
-1.16431
-1.16456
-1.16482
-1.16507
-1.16533
-1.16559
-1.16584
-1.16610
-1.16635
-1.16661
-1.16686
-1.16712
-1.16738
-1.16763
-1.16789
-1.16814
-1.16840
-1.16865
-1.16891
-1.16916
-1.16942
-1.16968
-1.16993
-1.17019
-1.17044
-1.17070
-1.17095
-1.17121
-1.17147
-1.17172
-1.17198
-1.17223
-1.17249
-1.17274
-1.17300
-1.17326
-1.17351
-1.17377
-1.17402
-1.17428
-1.17453
-1.17479
-1.17505
-1.17530
-1.17556
-1.17581
-1.17607
-1.17632
-1.17658
-1.17684
-1.17709
-1.17735
-1.17760
-1.17786
-1.17811
-1.17837
-1.17862
-1.17888
-1.17914
-1.17939
-1.17965
-1.17990
-1.18016
-1.18041
-1.18067
-1.18093
-1.18118
-1.18144
-1.18169
-1.18195
-1.18220
-1.18246
-1.18272
-1.18297
-1.18323
-1.18348
-1.18374
-1.18399
-1.18425
-1.18451
-1.18476
-1.18502
-1.18527
-1.18553
-1.18578
-1.18604
-1.18630
-1.18655
-1.18681
-1.18706
-1.18732
-1.18757
-1.18783
-1.18808
-1.18834
-1.18860
-1.18885
-1.18911
-1.18936
-1.18962
-1.18987
-1.19013
-1.19039
-1.19064
-1.19090
-1.19115
-1.19141
-1.19166
-1.19192
-1.19218
-1.19243
-1.19269
-1.19294
-1.19320
-1.19345
-1.19371
-1.19397
-1.19422
-1.19448
-1.19473
-1.19499
-1.19524
-1.19550
-1.19575
-1.19601
-1.19627
-1.19652
-1.19678
-1.19703
-1.19729
-1.19754
-1.19780
-1.19806
-1.19831
-1.19857
-1.19882
-1.19908
-1.19933
-1.19959
-1.19985
-1.20010
-1.20036
-1.20061
-1.20087
-1.20112
-1.20138
-1.20164
-1.20189
-1.20215
-1.20240
-1.20266
-1.20291
-1.20317
-1.20343
-1.20368
-1.20394
-1.20419
-1.20445
-1.20470
-1.20496
-1.20521
-1.20547
-1.20573
-1.20598
-1.20624
-1.20649
-1.20675
-1.20700
-1.20726
-1.20752
-1.20777
-1.20803
-1.20828
-1.20854
-1.20879
-1.20905
-1.20931
-1.20956
-1.20982
-1.21007
-1.21033
-1.21058
-1.21084
-1.21110
-1.21135
-1.21161
-1.21186
-1.21212
-1.21237
-1.21263
-1.21288
-1.21314
-1.21340
-1.21365
-1.21391
-1.21416
-1.21442
-1.21467
-1.21493
-1.21519
-1.21544
-1.21570
-1.21595
-1.21621
-1.21646
-1.21672
-1.21698
-1.21723
-1.21749
-1.21774
-1.21800
-1.21825
-1.21851
-1.21877
-1.21902
-1.21928
-1.21953
-1.21979
-1.22004
-1.22030
-1.22055
-1.22081
-1.22107
-1.22132
-1.22158
-1.22183
-1.22209
-1.22234
-1.22260
-1.22286
-1.22311
-1.22337
-1.22362
-1.22388
-1.22413
-1.22439
-1.22465
-1.22490
-1.22516
-1.22541
-1.22567
-1.22592
-1.22618
-1.22644
-1.22669
-1.22695
-1.22720
-1.22746
-1.22771
-1.22797
-1.22822
-1.22848
-1.22874
-1.22899
-1.22925
-1.22950
-1.22976
-1.23001
-1.23027
-1.23053
-1.23078
-1.23104
-1.23129
-1.23155
-1.23180
-1.23206
-1.23232
-1.23257
-1.23283
-1.23308
-1.23334
-1.23359
-1.23385
-1.23410
-1.23436
-1.23462
-1.23487
-1.23513
-1.23538
-1.23564
-1.23589
-1.23615
-1.23641
-1.23666
-1.23692
-1.23717
-1.23743
-1.23768
-1.23794
-1.23820
-1.23845
-1.23871
-1.23896
-1.23922
-1.23947
-1.23973
-1.23999
-1.24024
-1.24050
-1.24075
-1.24101
-1.24126
-1.24152
-1.24177
-1.24203
-1.24229
-1.24254
-1.24280
-1.24305
-1.24331
-1.24356
-1.24382
-1.24408
-1.24433
-1.24459
-1.24484
-1.24510
-1.24535
-1.24561
-1.24587
-1.24612
-1.24638
-1.24663
-1.24689
-1.24714
-1.24740
-1.24765
-1.24791
-1.24817
-1.24842
-1.24868
-1.24893
-1.24919
-1.24944
-1.24970
-1.24996
-1.25021
-1.25047
-1.25072
-1.25098
-1.25123
-1.25149
-1.25175
-1.25200
-1.25226
-1.25251
-1.25277
-1.25302
-1.25328
-1.25353
-1.25379
-1.25405
-1.25430
-1.25456
-1.25481
-1.25507
-1.25532
-1.25558
-1.25584
-1.25609
-1.25635
-1.25660
-1.25686
-1.25711
-1.25737
-1.25763
-1.25788
-1.25814
-1.25839
-1.25865
-1.25890
-1.25916
-1.25941
-1.25967
-1.25993
-1.26018
-1.26044
-1.26069
-1.26095
-1.26120
-1.26146
-1.26172
-1.26197
-1.26223
-1.26248
-1.26274
-1.26299
-1.26325
-1.26351
-1.26376
-1.26402
-1.26427
-1.26453
-1.26478
-1.26504
-1.26530
-1.26555
-1.26581
-1.26606
-1.26632
-1.26657
-1.26683
-1.26708
-1.26734
-1.26760
-1.26785
-1.26811
-1.26836
-1.26862
-1.26887
-1.26913
-1.26939
-1.26964
-1.26990
-1.27015
-1.27041
-1.27066
-1.27092
-1.27118
-1.27143
-1.27169
-1.27194
-1.27220
-1.27245
-1.27271
-1.27296
-1.27322
-1.27348
-1.27373
-1.27399
-1.27424
-1.27450
-1.27475
-1.27501
-1.27527
-1.27552
-1.27578
-1.27603
-1.27629
-1.27654
-1.27680
-1.27705
-1.27731
-1.27757
-1.27782
-1.27808
-1.27833
-1.27859
-1.27884
-1.27910
-1.27936
-1.27961
-1.27987
-1.28012
-1.28038
-1.28063
-1.28089
-1.28115
-1.28140
-1.28166
-1.28191
-1.28217
-1.28242
-1.28268
-1.28293
-1.28319
-1.28345
-1.28370
-1.28396
-1.28421
-1.28447
-1.28472
-1.28498
-1.28524
-1.28549
-1.28575
-1.28600
-1.28626
-1.28651
-1.28677
-1.28703
-1.28728
-1.28754
-1.28779
-1.28805
-1.28830
-1.28856
-1.28881
-1.28907
-1.28933
-1.28958
-1.28984
-1.29009
-1.29035
-1.29060
-1.29086
-1.29112
-1.29137
-1.29163
-1.29188
-1.29214
-1.29239
-1.29265
-1.29291
-1.29316
-1.29342
-1.29367
-1.29393
-1.29418
-1.29444
-1.29469
-1.29495
-1.29521
-1.29546
-1.29572
-1.29597
-1.29623
-1.29648
-1.29674
-1.29700
-1.29725
-1.29751
-1.29776
-1.29802
-1.29827
-1.29853
-1.29879
-1.29904
-1.29930
-1.29955
-1.29981
-1.30006
-1.30032
-1.30057
-1.30083
-1.30109
-1.30134
-1.30160
-1.30185
-1.30211
-1.30236
-1.30262
-1.30288
-1.30313
-1.30339
-1.30364
-1.30390
-1.30415
-1.30441
-1.30466
-1.30492
-1.30518
-1.30543
-1.30569
-1.30594
-1.30620
-1.30645
-1.30671
-1.30697
-1.30722
-1.30748
-1.30773
-1.30799
-1.30824
-1.30850
-1.30876
-1.30901
-1.30927
-1.30952
-1.30978
-1.31003
-1.31029
-1.31054
-1.31080
-1.31106
-1.31131
-1.31157
-1.31182
-1.31208
-1.31233
-1.31259
-1.31285
-1.31310
-1.31336
-1.31361
-1.31387
-1.31412
-1.31438
-1.31463
-1.31489
-1.31515
-1.31540
-1.31566
-1.31591
-1.31617
-1.31642
-1.31668
-1.31694
-1.31719
-1.31745
-1.31770
-1.31796
-1.31821
-1.31847
-1.31873
-1.31898
-1.31924
-1.31949
-1.31975
-1.32000
-1.32026
-1.32051
-1.32077
-1.32103
-1.32128
-1.32154
-1.32179
-1.32205
-1.32230
-1.32256
-1.32282
-1.32307
-1.32333
-1.32358
-1.32384
-1.32409
-1.32435
-1.32460
-1.32486
-1.32512
-1.32537
-1.32563
-1.32588
-1.32614
-1.32639
-1.32665
-1.32691
-1.32716
-1.32742
-1.32767
-1.32793
-1.32818
-1.32844
-1.32869
-1.32895
-1.32921
-1.32946
-1.32972
-1.32997
-1.33023
-1.33048
-1.33074
-1.33100
-1.33125
-1.33151
-1.33176
-1.33202
-1.33227
-1.33253
-1.33279
-1.33304
-1.33330
-1.33355
-1.33381
-1.33406
-1.33432
-1.33457
-1.33483
-1.33509
-1.33534
-1.33560
-1.33585
-1.33611
-1.33636
-1.33662
-1.33688
-1.33713
-1.33739
-1.33764
-1.33790
-1.33815
-1.33841
-1.33866
-1.33892
-1.33918
-1.33943
-1.33969
-1.33994
-1.34020
-1.34045
-1.34071
-1.34097
-1.34122
-1.34148
-1.34173
-1.34199
-1.34224
-1.34250
-1.34275
-1.34301
-1.34327
-1.34352
-1.34378
-1.34403
-1.34429
-1.34454
-1.34480
-1.34506
-1.34531
-1.34557
-1.34582
-1.34608
-1.34633
-1.34659
-1.34685
-1.34710
-1.34736
-1.34761
-1.34787
-1.34812
-1.34838
-1.34863
-1.34889
-1.34915
-1.34940
-1.34966
-1.34991
-1.35017
-1.35042
-1.35068
-1.35094
-1.35119
-1.35145
-1.35170
-1.35196
-1.35221
-1.35247
-1.35272
-1.35298
-1.35324
-1.35349
-1.35375
-1.35400
-1.35426
-1.35451
-1.35477
-1.35503
-1.35528
-1.35554
-1.35579
-1.35605
-1.35630
-1.35656
-1.35681
-1.35707
-1.35733
-1.35758
-1.35784
-1.35809
-1.35835
-1.35860
-1.35886
-1.35912
-1.35937
-1.35963
-1.35988
-1.36014
-1.36039
-1.36065
-1.36090
-1.36116
-1.36142
-1.36167
-1.36193
-1.36218
-1.36244
-1.36269
-1.36295
-1.36321
-1.36346
-1.36372
-1.36397
-1.36423
-1.36448
-1.36474
-1.36499
-1.36525
-1.36551
-1.36576
-1.36602
-1.36627
-1.36653
-1.36678
-1.36704
-1.36730
-1.36755
-1.36781
-1.36806
-1.36832
-1.36857
-1.36883
-1.36908
-1.36934
-1.36960
-1.36985
-1.37011
-1.37036
-1.37062
-1.37087
-1.37113
-1.37139
-1.37164
-1.37190
-1.37215
-1.37241
-1.37266
-1.37292
-1.37317
-1.37343
-1.37369
-1.37394
-1.37420
-1.37445
-1.37471
-1.37496
-1.37522
-1.37548
-1.37573
-1.37599
-1.37624
-1.37650
-1.37675
-1.37701
-1.37726
-1.37752
-1.37778
-1.37803
-1.37829
-1.37854
-1.37880
-1.37905
-1.37931
-1.37957
-1.37982
-1.38008
-1.38033
-1.38059
-1.38084
-1.38110
-1.38135
-1.38161
-1.38187
-1.38212
-1.38238
-1.38263
-1.38289
-1.38314
-1.38340
-1.38366
-1.38391
-1.38417
-1.38442
-1.38468
-1.38493
-1.38519
-1.38544
-1.38570
-1.38596
-1.38621
-1.38647
-1.38672
-1.38698
-1.38723
-1.38749
-1.38775
-1.38800
-1.38826
-1.38851
-1.38877
-1.38902
-1.38928
-1.38953
-1.38979
-1.39005
-1.39030
-1.39056
-1.39081
-1.39107
-1.39132
-1.39158
-1.39184
-1.39209
-1.39235
-1.39260
-1.39286
-1.39311
-1.39337
-1.39362
-1.39388
-1.39414
-1.39439
-1.39465
-1.39490
-1.39516
-1.39541
-1.39567
-1.39593
-1.39618
-1.39644
-1.39669
-1.39695
-1.39720
-1.39746
-1.39771
-1.39797
-1.39823
-1.39848
-1.39874
-1.39899
-1.39925
-1.39950
-1.39976
-1.40002
-1.40027
-1.40053
-1.40078
-1.40104
-1.40129
-1.40155
-1.40180
-1.40206
-1.40232
-1.40257
-1.40283
-1.40308
-1.40334
-1.40359
-1.40385
-1.40410
-1.40436
-1.40462
-1.40487
-1.40513
-1.40538
-1.40564
-1.40589
-1.40615
-1.40641
-1.40666
-1.40692
-1.40717
-1.40743
-1.40768
-1.40794
-1.40819
-1.40845
-1.40871
-1.40896
-1.40922
-1.40947
-1.40973
-1.40998
-1.41024
-1.41050
-1.41075
-1.41101
-1.41126
-1.41152
-1.41177
-1.41203
-1.41228
-1.41254
-1.41280
-1.41305
-1.41331
-1.41356
-1.41382
-1.41407
-1.41433
-1.41459
-1.41484
-1.41510
-1.41535
-1.41561
-1.41586
-1.41612
-1.41637
-1.41663
-1.41689
-1.41714
-1.41740
-1.41765
-1.41791
-1.41816
-1.41842
-1.41868
-1.41893
-1.41919
-1.41944
-1.41970
-1.41995
-1.42021
-1.42046
-1.42072
-1.42098
-1.42123
-1.42149
-1.42174
-1.42200
-1.42225
-1.42251
-1.42276
-1.42302
-1.42328
-1.42353
-1.42379
-1.42404
-1.42430
-1.42455
-1.42481
-1.42507
-1.42532
-1.42558
-1.42583
-1.42609
-1.42634
-1.42660
-1.42685
-1.42711
-1.42737
-1.42762
-1.42788
-1.42813
-1.42839
-1.42864
-1.42890
-1.42916
-1.42941
-1.42967
-1.42992
-1.43018
-1.43043
-1.43069
-1.43094
-1.43120
-1.43146
-1.43171
-1.43197
-1.43222
-1.43248
-1.43273
-1.43299
-1.43324
-1.43350
-1.43376
-1.43401
-1.43427
-1.43452
-1.43478
-1.43503
-1.43529
-1.43555
-1.43580
-1.43606
-1.43631
-1.43657
-1.43682
-1.43708
-1.43733
-1.43759
-1.43785
-1.43810
-1.43836
-1.43861
-1.43887
-1.43912
-1.43938
-1.43964
-1.43989
-1.44015
-1.44040
-1.44066
-1.44091
-1.44117
-1.44142
-1.44168
-1.44194
-1.44219
-1.44245
-1.44270
-1.44296
-1.44321
-1.44347
-1.44372
-1.44398
-1.44424
-1.44449
-1.44475
-1.44500
-1.44526
-1.44551
-1.44577
-1.44603
-1.44628
-1.44654
-1.44679
-1.44705
-1.44730
-1.44756
-1.44781
-1.44807
-1.44833
-1.44858
-1.44884
-1.44909
-1.44935
-1.44960
-1.44986
-1.45012
-1.45037
-1.45063
-1.45088
-1.45114
-1.45139
-1.45165
-1.45190
-1.45216
-1.45242
-1.45267
-1.45293
-1.45318
-1.45344
-1.45369
-1.45395
-1.45420
-1.45446
-1.45472
-1.45497
-1.45523
-1.45548
-1.45574
-1.45599
-1.45625
-1.45651
-1.45676
-1.45702
-1.45727
-1.45753
-1.45778
-1.45804
-1.45829
-1.45855
-1.45881
-1.45906
-1.45932
-1.45957
-1.45983
-1.46008
-1.46034
-1.46059
-1.46085
-1.46111
-1.46136
-1.46162
-1.46187
-1.46213
-1.46238
-1.46264
-1.46290
-1.46315
-1.46341
-1.46366
-1.46392
-1.46417
-1.46443
-1.46468
-1.46494
-1.46520
-1.46545
-1.46571
-1.46596
-1.46622
-1.46647
-1.46673
-1.46698
-1.46724
-1.46750
-1.46775
-1.46801
-1.46826
-1.46852
-1.46877
-1.46903
-1.46929
-1.46954
-1.46980
-1.47005
-1.47031
-1.47056
-1.47082
-1.47107
-1.47133
-1.47159
-1.47184
-1.47210
-1.47235
-1.47261
-1.47286
-1.47312
-1.47337
-1.47363
-1.47389
-1.47414
-1.47440
-1.47465
-1.47491
-1.47516
-1.47542
-1.47568
-1.47593
-1.47619
-1.47644
-1.47670
-1.47695
-1.47721
-1.47746
-1.47772
-1.47798
-1.47823
-1.47849
-1.47874
-1.47900
-1.47925
-1.47951
-1.47976
-1.48002
-1.48028
-1.48053
-1.48079
-1.48104
-1.48130
-1.48155
-1.48181
-1.48207
-1.48232
-1.48258
-1.48283
-1.48309
-1.48334
-1.48360
-1.48385
-1.48411
-1.48437
-1.48462
-1.48488
-1.48513
-1.48539
-1.48564
-1.48590
-1.48615
-1.48641
-1.48667
-1.48692
-1.48718
-1.48743
-1.48769
-1.48794
-1.48820
-1.48846
-1.48871
-1.48897
-1.48922
-1.48948
-1.48973
-1.48999
-1.49024
-1.49050
-1.49076
-1.49101
-1.49127
-1.49152
-1.49178
-1.49203
-1.49229
-1.49254
-1.49280
-1.49306
-1.49331
-1.49357
-1.49382
-1.49408
-1.49433
-1.49459
-1.49485
-1.49510
-1.49536
-1.49561
-1.49587
-1.49612
-1.49638
-1.49663
-1.49689
-1.49715
-1.49740
-1.49766
-1.49791
-1.49817
-1.49842
-1.49868
-1.49893
-1.49919
-1.49945
-1.49970
-1.49996
-1.50021
-1.50047
-1.50072
-1.50098
-1.50123
-1.50149
-1.50175
-1.50200
-1.50226
-1.50251
-1.50277
-1.50302
-1.50328
-1.50354
-1.50379
-1.50405
-1.50430
-1.50456
-1.50481
-1.50507
-1.50532
-1.50558
-1.50584
-1.50609
-1.50635
-1.50660
-1.50686
-1.50711
-1.50737
-1.50762
-1.50788
-1.50814
-1.50839
-1.50865
-1.50890
-1.50916
-1.50941
-1.50967
-1.50993
-1.51018
-1.51044
-1.51069
-1.51095
-1.51120
-1.51146
-1.51171
-1.51197
-1.51223
-1.51248
-1.51274
-1.51299
-1.51325
-1.51350
-1.51376
-1.51401
-1.51427
-1.51453
-1.51478
-1.51504
-1.51529
-1.51555
-1.51580
-1.51606
-1.51631
-1.51657
-1.51683
-1.51708
-1.51734
-1.51759
-1.51785
-1.51810
-1.51836
-1.51862
-1.51887
-1.51913
-1.51938
-1.51964
-1.51989
-1.52015
-1.52040
-1.52066
-1.52092
-1.52117
-1.52143
-1.52168
-1.52194
-1.52219
-1.52245
-1.52270
-1.52296
-1.52322
-1.52347
-1.52373
-1.52398
-1.52424
-1.52449
-1.52475
-1.52500
-1.52526
-1.52552
-1.52577
-1.52603
-1.52628
-1.52654
-1.52679
-1.52705
-1.52731
-1.52756
-1.52782
-1.52807
-1.52833
-1.52858
-1.52884
-1.52909
-1.52935
-1.52961
-1.52986
-1.53012
-1.53037
-1.53063
-1.53088
-1.53114
-1.53139
-1.53165
-1.53191
-1.53216
-1.53242
-1.53267
-1.53293
-1.53318
-1.53344
-1.53369
-1.53395
-1.53421
-1.53446
-1.53472
-1.53497
-1.53523
-1.53548
-1.53574
-1.53599
-1.53625
-1.53651
-1.53676
-1.53702
-1.53727
-1.53753
-1.53778
-1.53804
-1.53830
-1.53855
-1.53881
-1.53906
-1.53932
-1.53957
-1.53983
-1.54008
-1.54034
-1.54060
-1.54085
-1.54111
-1.54136
-1.54162
-1.54187
-1.54213
-1.54238
-1.54264
-1.54290
-1.54315
-1.54341
-1.54366
-1.54392
-1.54417
-1.54443
-1.54468
-1.54494
-1.54520
-1.54545
-1.54571
-1.54596
-1.54622
-1.54647
-1.54673
-1.54698
-1.54724
-1.54750
-1.54775
-1.54801
-1.54826
-1.54852
-1.54877
-1.54903
-1.54929
-1.54954
-1.54980
-1.55005
-1.55031
-1.55056
-1.55082
-1.55107
-1.55133
-1.55159
-1.55184
-1.55210
-1.55235
-1.55261
-1.55286
-1.55312
-1.55337
-1.55363
-1.55389
-1.55414
-1.55440
-1.55465
-1.55491
-1.55516
-1.55542
-1.55567
-1.55593
-1.55619
-1.55644
-1.55670
-1.55695
-1.55721
-1.55746
-1.55772
-1.55797
-1.55823
-1.55849
-1.55874
-1.55900
-1.55925
-1.55951
-1.55976
-1.56002
-1.56028
-1.56053
-1.56079
-1.56104
-1.56130
-1.56155
-1.56181
-1.56206
-1.56232
-1.56258
-1.56283
-1.56309
-1.56334
-1.56360
-1.56385
-1.56411
-1.56436
-1.56462
-1.56488
-1.56513
-1.56539
-1.56564
-1.56590
-1.56615
-1.56641
-1.56666
-1.56692
-1.56718
-1.56743
-1.56769
-1.56794
-1.56820
-1.56845
-1.56871
-1.56896
-1.56922
-1.56948
-1.56973
-1.56999
-1.57024
-1.57050
-1.57075
-1.57101
-1.57126
-1.57152
-1.57178
-1.57203
-1.57229
-1.57254
-1.57280
-1.57305
-1.57331
-1.57357
-1.57382
-1.57408
-1.57433
-1.57459
-1.57484
-1.57510
-1.57535
-1.57561
-1.57587
-1.57612
-1.57638
-1.57663
-1.57689
-1.57714
-1.57740
-1.57765
-1.57791
-1.57817
-1.57842
-1.57868
-1.57893
-1.57919
-1.57944
-1.57970
-1.57995
-1.58021
-1.58047
-1.58072
-1.58098
-1.58123
-1.58149
-1.58174
-1.58200
-1.58225
-1.58251
-1.58277
-1.58302
-1.58328
-1.58353
-1.58379
-1.58404
-1.58430
-1.58455
-1.58481
-1.58507
-1.58532
-1.58558
-1.58583
-1.58609
-1.58634
-1.58660
-1.58685
-1.58711
-1.58737
-1.58762
-1.58788
-1.58813
-1.58839
-1.58864
-1.58890
-1.58915
-1.58941
-1.58967
-1.58992
-1.59018
-1.59043
-1.59069
-1.59094
-1.59120
-1.59146
-1.59171
-1.59197
-1.59222
-1.59248
-1.59273
-1.59299
-1.59324
-1.59350
-1.59376
-1.59401
-1.59427
-1.59452
-1.59478
-1.59503
-1.59529
-1.59554
-1.59580
-1.59606
-1.59631
-1.59657
-1.59682
-1.59708
-1.59733
-1.59759
-1.59784
-1.59810
-1.59836
-1.59861
-1.59887
-1.59912
-1.59938
-1.59963
-1.59989
-1.60014
-1.60040
-1.60066
-1.60091
-1.60117
-1.60142
-1.60168
-1.60193
-1.60219
-1.60244
-1.60270
-1.60296
-1.60321
-1.60347
-1.60372
-1.60398
-1.60423
-1.60449
-1.60474
-1.60500
-1.60526
-1.60551
-1.60577
-1.60602
-1.60628
-1.60653
-1.60679
-1.60704
-1.60730
-1.60756
-1.60781
-1.60807
-1.60832
-1.60858
-1.60883
-1.60909
-1.60934
-1.60960
-1.60986
-1.61011
-1.61037
-1.61062
-1.61088
-1.61113
-1.61139
-1.61164
-1.61190
-1.61216
-1.61241
-1.61267
-1.61292
-1.61318
-1.61343
-1.61369
-1.61394
-1.61420
-1.61446
-1.61471
-1.61497
-1.61522
-1.61548
-1.61573
-1.61599
-1.61624
-1.61650
-1.61676
-1.61701
-1.61727
-1.61752
-1.61778
-1.61803
-1.61829
-1.61855
-1.61880
-1.61906
-1.61931
-1.61957
-1.61982
-1.62008
-1.62033
-1.62059
-1.62085
-1.62110
-1.62136
-1.62161
-1.62187
-1.62212
-1.62238
-1.62263
-1.62289
-1.62315
-1.62340
-1.62366
-1.62391
-1.62417
-1.62442
-1.62468
-1.62493
-1.62519
-1.62545
-1.62570
-1.62596
-1.62621
-1.62647
-1.62672
-1.62698
-1.62723
-1.62749
-1.62775
-1.62800
-1.62826
-1.62851
-1.62877
-1.62902
-1.62928
-1.62953
-1.62979
-1.63005
-1.63030
-1.63056
-1.63081
-1.63107
-1.63132
-1.63158
-1.63183
-1.63209
-1.63235
-1.63260
-1.63286
-1.63311
-1.63337
-1.63362
-1.63388
-1.63413
-1.63439
-1.63465
-1.63490
-1.63516
-1.63541
-1.63567
-1.63592
-1.63618
-1.63643
-1.63669
-1.63695
-1.63720
-1.63746
-1.63771
-1.63797
-1.63822
-1.63848
-1.63873
-1.63899
-1.63925
-1.63950
-1.63976
-1.64001
-1.64027
-1.64052
-1.64078
-1.64103
-1.64129
-1.64155
-1.64180
-1.64206
-1.64231
-1.64257
-1.64282
-1.64308
-1.64333
-1.64359
-1.64385
-1.64410
-1.64436
-1.64461
-1.64487
-1.64512
-1.64538
-1.64563
-1.64589
-1.64615
-1.64640
-1.64666
-1.64691
-1.64717
-1.64742
-1.64768
-1.64793
-1.64819
-1.64845
-1.64870
-1.64896
-1.64921
-1.64947
-1.64972
-1.64998
-1.65023
-1.65049
-1.65075
-1.65100
-1.65126
-1.65151
-1.65177
-1.65202
-1.65228
-1.65253
-1.65279
-1.65305
-1.65330
-1.65356
-1.65381
-1.65407
-1.65432
-1.65458
-1.65483
-1.65509
-1.65535
-1.65560
-1.65586
-1.65611
-1.65637
-1.65662
-1.65688
-1.65713
-1.65739
-1.65765
-1.65790
-1.65816
-1.65841
-1.65867
-1.65892
-1.65918
-1.65943
-1.65969
-1.65995
-1.66020
-1.66046
-1.66071
-1.66097
-1.66122
-1.66148
-1.66173
-1.66199
-1.66225
-1.66250
-1.66276
-1.66301
-1.66327
-1.66352
-1.66378
-1.66403
-1.66429
-1.66455
-1.66480
-1.66506
-1.66531
-1.66557
-1.66582
-1.66608
-1.66633
-1.66659
-1.66685
-1.66710
-1.66736
-1.66761
-1.66787
-1.66812
-1.66838
-1.66863
-1.66889
-1.66915
-1.66940
-1.66966
-1.66991
-1.67017
-1.67042
-1.67068
-1.67093
-1.67119
-1.67145
-1.67170
-1.67196
-1.67221
-1.67247
-1.67272
-1.67298
-1.67323
-1.67349
-1.67375
-1.67400
-1.67426
-1.67451
-1.67477
-1.67502
-1.67528
-1.67553
-1.67579
-1.67605
-1.67630
-1.67656
-1.67681
-1.67707
-1.67732
-1.67758
-1.67783
-1.67809
-1.67834
-1.67860
-1.67886
-1.67911
-1.67937
-1.67962
-1.67988
-1.68013
-1.68039
-1.68064
-1.68090
-1.68116
-1.68141
-1.68167
-1.68192
-1.68218
-1.68243
-1.68269
-1.68294
-1.68320
-1.68346
-1.68371
-1.68397
-1.68422
-1.68448
-1.68473
-1.68499
-1.68524
-1.68550
-1.68576
-1.68601
-1.68627
-1.68652
-1.68678
-1.68703
-1.68729
-1.68754
-1.68780
-1.68806
-1.68831
-1.68857
-1.68882
-1.68908
-1.68933
-1.68959
-1.68984
-1.69010
-1.69036
-1.69061
-1.69087
-1.69112
-1.69138
-1.69163
-1.69189
-1.69214
-1.69240
-1.69266
-1.69291
-1.69317
-1.69342
-1.69368
-1.69393
-1.69419
-1.69444
-1.69470
-1.69496
-1.69521
-1.69547
-1.69572
-1.69598
-1.69623
-1.69649
-1.69674
-1.69700
-1.69726
-1.69751
-1.69777
-1.69802
-1.69828
-1.69853
-1.69879
-1.69904
-1.69930
-1.69956
-1.69981
-1.70007
-1.70032
-1.70058
-1.70083
-1.70109
-1.70134
-1.70160
-1.70186
-1.70211
-1.70237
-1.70262
-1.70288
-1.70313
-1.70339
-1.70364
-1.70390
-1.70415
-1.70441
-1.70467
-1.70492
-1.70518
-1.70543
-1.70569
-1.70594
-1.70620
-1.70645
-1.70671
-1.70697
-1.70722
-1.70748
-1.70773
-1.70799
-1.70824
-1.70850
-1.70875
-1.70901
-1.70927
-1.70952
-1.70978
-1.71003
-1.71029
-1.71054
-1.71080
-1.71105
-1.71131
-1.71157
-1.71182
-1.71208
-1.71233
-1.71259
-1.71284
-1.71310
-1.71335
-1.71361
-1.71387
-1.71412
-1.71438
-1.71463
-1.71489
-1.71514
-1.71540
-1.71565
-1.71591
-1.71617
-1.71642
-1.71668
-1.71693
-1.71719
-1.71744
-1.71770
-1.71795
-1.71821
-1.71847
-1.71872
-1.71898
-1.71923
-1.71949
-1.71974
-1.72000
-1.72025
-1.72051
-1.72076
-1.72102
-1.72128
-1.72153
-1.72179
-1.72204
-1.72230
-1.72255
-1.72281
-1.72306
-1.72332
-1.72358
-1.72383
-1.72409
-1.72434
-1.72460
-1.72485
-1.72511
-1.72536
-1.72562
-1.72588
-1.72613
-1.72639
-1.72664
-1.72690
-1.72715
-1.72741
-1.72766
-1.72792
-1.72818
-1.72843
-1.72869
-1.72894
-1.72920
-1.72945
-1.72971
-1.72996
-1.73022
-1.73048
-1.73073
-1.73099
-1.73124
-1.73150
-1.73175
-1.73201
-1.73226
-1.73252
-1.73278
-1.73303
-1.73329
-1.73354
-1.73380
-1.73405
-1.73431
-1.73456
-1.73482
-1.73507
-1.73533
-1.73559
-1.73584
-1.73610
-1.73635
-1.73661
-1.73686
-1.73712
-1.73737
-1.73763
-1.73789
-1.73814
-1.73840
-1.73865
-1.73891
-1.73916
-1.73942
-1.73967
-1.73993
-1.74019
-1.74044
-1.74070
-1.74095
-1.74121
-1.74146
-1.74172
-1.74197
-1.74223
-1.74249
-1.74274
-1.74300
-1.74325
-1.74351
-1.74376
-1.74402
-1.74427
-1.74453
-1.74479
-1.74504
-1.74530
-1.74555
-1.74581
-1.74606
-1.74632
-1.74657
-1.74683
-1.74708
-1.74734
-1.74760
-1.74785
-1.74811
-1.74836
-1.74862
-1.74887
-1.74913
-1.74938
-1.74964
-1.74990
-1.75015
-1.75041
-1.75066
-1.75092
-1.75117
-1.75143
-1.75168
-1.75194
-1.75220
-1.75245
-1.75271
-1.75296
-1.75322
-1.75347
-1.75373
-1.75398
-1.75424
-1.75450
-1.75475
-1.75501
-1.75526
-1.75552
-1.75577
-1.75603
-1.75628
-1.75654
-1.75679
-1.75705
-1.75731
-1.75756
-1.75782
-1.75807
-1.75833
-1.75858
-1.75884
-1.75909
-1.75935
-1.75961
-1.75986
-1.76012
-1.76037
-1.76063
-1.76088
-1.76114
-1.76139
-1.76165
-1.76191
-1.76216
-1.76242
-1.76267
-1.76293
-1.76318
-1.76344
-1.76369
-1.76395
-1.76421
-1.76446
-1.76472
-1.76497
-1.76523
-1.76548
-1.76574
-1.76599
-1.76625
-1.76650
-1.76676
-1.76702
-1.76727
-1.76753
-1.76778
-1.76804
-1.76829
-1.76855
-1.76880
-1.76906
-1.76932
-1.76957
-1.76983
-1.77008
-1.77034
-1.77059
-1.77085
-1.77110
-1.77136
-1.77162
-1.77187
-1.77213
-1.77238
-1.77264
-1.77289
-1.77315
-1.77340
-1.77366
-1.77392
-1.77417
-1.77443
-1.77468
-1.77494
-1.77519
-1.77545
-1.77570
-1.77596
-1.77621
-1.77647
-1.77673
-1.77698
-1.77724
-1.77749
-1.77775
-1.77800
-1.77826
-1.77851
-1.77877
-1.77903
-1.77928
-1.77954
-1.77979
-1.78005
-1.78030
-1.78056
-1.78081
-1.78107
-1.78133
-1.78158
-1.78184
-1.78209
-1.78235
-1.78260
-1.78286
-1.78311
-1.78337
-1.78362
-1.78388
-1.78414
-1.78439
-1.78465
-1.78490
-1.78516
-1.78541
-1.78567
-1.78592
-1.78618
-1.78644
-1.78669
-1.78695
-1.78720
-1.78746
-1.78771
-1.78797
-1.78822
-1.78848
-1.78874
-1.78899
-1.78925
-1.78950
-1.78976
-1.79001
-1.79027
-1.79052
-1.79078
-1.79104
-1.79129
-1.79155
-1.79180
-1.79206
-1.79231
-1.79257
-1.79282
-1.79308
-1.79333
-1.79359
-1.79385
-1.79410
-1.79436
-1.79461
-1.79487
-1.79512
-1.79538
-1.79563
-1.79589
-1.79615
-1.79640
-1.79666
-1.79691
-1.79717
-1.79742
-1.79768
-1.79793
-1.79819
-1.79845
-1.79870
-1.79896
-1.79921
-1.79947
-1.79972
-1.79998
-1.80023
-1.80049
-1.80074
-1.80100
-1.80126
-1.80151
-1.80177
-1.80202
-1.80228
-1.80253
-1.80279
-1.80304
-1.80330
-1.80356
-1.80381
-1.80407
-1.80432
-1.80458
-1.80483
-1.80509
-1.80534
-1.80560
-1.80586
-1.80611
-1.80637
-1.80662
-1.80688
-1.80713
-1.80739
-1.80764
-1.80790
-1.80815
-1.80841
-1.80867
-1.80892
-1.80918
-1.80943
-1.80969
-1.80994
-1.81020
-1.81045
-1.81071
-1.81097
-1.81122
-1.81148
-1.81173
-1.81199
-1.81224
-1.81250
-1.81275
-1.81301
-1.81326
-1.81352
-1.81378
-1.81403
-1.81429
-1.81454
-1.81480
-1.81505
-1.81531
-1.81556
-1.81582
-1.81608
-1.81633
-1.81659
-1.81684
-1.81710
-1.81735
-1.81761
-1.81786
-1.81812
-1.81838
-1.81863
-1.81889
-1.81914
-1.81940
-1.81965
-1.81991
-1.82016
-1.82042
-1.82067
-1.82093
-1.82119
-1.82144
-1.82170
-1.82195
-1.82221
-1.82246
-1.82272
-1.82297
-1.82323
-1.82349
-1.82374
-1.82400
-1.82425
-1.82451
-1.82476
-1.82502
-1.82527
-1.82553
-1.82578
-1.82604
-1.82630
-1.82655
-1.82681
-1.82706
-1.82732
-1.82757
-1.82783
-1.82808
-1.82834
-1.82860
-1.82885
-1.82911
-1.82936
-1.82962
-1.82987
-1.83013
-1.83038
-1.83064
-1.83090
-1.83115
-1.83141
-1.83166
-1.83192
-1.83217
-1.83243
-1.83268
-1.83294
-1.83319
-1.83345
-1.83371
-1.83396
-1.83422
-1.83447
-1.83473
-1.83498
-1.83524
-1.83549
-1.83575
-1.83601
-1.83626
-1.83652
-1.83677
-1.83703
-1.83728
-1.83754
-1.83779
-1.83805
-1.83830
-1.83856
-1.83882
-1.83907
-1.83933
-1.83958
-1.83984
-1.84009
-1.84035
-1.84060
-1.84086
-1.84112
-1.84137
-1.84163
-1.84188
-1.84214
-1.84239
-1.84265
-1.84290
-1.84316
-1.84342
-1.84367
-1.84393
-1.84418
-1.84444
-1.84469
-1.84495
-1.84520
-1.84546
-1.84571
-1.84597
-1.84623
-1.84648
-1.84674
-1.84699
-1.84725
-1.84750
-1.84776
-1.84801
-1.84827
-1.84853
-1.84878
-1.84904
-1.84929
-1.84955
-1.84980
-1.85006
-1.85031
-1.85057
-1.85082
-1.85108
-1.85134
-1.85159
-1.85185
-1.85210
-1.85236
-1.85261
-1.85287
-1.85312
-1.85338
-1.85364
-1.85389
-1.85415
-1.85440
-1.85466
-1.85491
-1.85517
-1.85542
-1.85568
-1.85593
-1.85619
-1.85645
-1.85670
-1.85696
-1.85721
-1.85747
-1.85772
-1.85798
-1.85823
-1.85849
-1.85875
-1.85900
-1.85926
-1.85951
-1.85977
-1.86002
-1.86028
-1.86053
-1.86079
-1.86104
-1.86130
-1.86156
-1.86181
-1.86207
-1.86232
-1.86258
-1.86283
-1.86309
-1.86334
-1.86360
-1.86386
-1.86411
-1.86437
-1.86462
-1.86488
-1.86513
-1.86539
-1.86564
-1.86590
-1.86615
-1.86641
-1.86667
-1.86692
-1.86718
-1.86743
-1.86769
-1.86794
-1.86820
-1.86845
-1.86871
-1.86897
-1.86922
-1.86948
-1.86973
-1.86999
-1.87024
-1.87050
-1.87075
-1.87101
-1.87126
-1.87152
-1.87178
-1.87203
-1.87229
-1.87254
-1.87280
-1.87305
-1.87331
-1.87356
-1.87382
-1.87408
-1.87433
-1.87459
-1.87484
-1.87510
-1.87535
-1.87561
-1.87586
-1.87612
-1.87637
-1.87663
-1.87689
-1.87714
-1.87740
-1.87765
-1.87791
-1.87816
-1.87842
-1.87867
-1.87893
-1.87919
-1.87944
-1.87970
-1.87995
-1.88021
-1.88046
-1.88072
-1.88097
-1.88123
-1.88148
-1.88174
-1.88200
-1.88225
-1.88251
-1.88276
-1.88302
-1.88327
-1.88353
-1.88378
-1.88404
-1.88430
-1.88455
-1.88481
-1.88506
-1.88532
-1.88557
-1.88583
-1.88608
-1.88634
-1.88659
-1.88685
-1.88711
-1.88736
-1.88762
-1.88787
-1.88813
-1.88838
-1.88864
-1.88889
-1.88915
-1.88940
-1.88966
-1.88992
-1.89017
-1.89043
-1.89068
-1.89094
-1.89119
-1.89145
-1.89170
-1.89196
-1.89222
-1.89247
-1.89273
-1.89298
-1.89324
-1.89349
-1.89375
-1.89400
-1.89426
-1.89451
-1.89477
-1.89503
-1.89528
-1.89554
-1.89579
-1.89605
-1.89630
-1.89656
-1.89681
-1.89707
-1.89733
-1.89758
-1.89784
-1.89809
-1.89835
-1.89860
-1.89886
-1.89911
-1.89937
-1.89962
-1.89988
-1.90014
-1.90039
-1.90065
-1.90090
-1.90116
-1.90141
-1.90167
-1.90192
-1.90218
-1.90243
-1.90269
-1.90295
-1.90320
-1.90346
-1.90371
-1.90397
-1.90422
-1.90448
-1.90473
-1.90499
-1.90525
-1.90550
-1.90576
-1.90601
-1.90627
-1.90652
-1.90678
-1.90703
-1.90729
-1.90754
-1.90780
-1.90806
-1.90831
-1.90857
-1.90882
-1.90908
-1.90933
-1.90959
-1.90984
-1.91010
-1.91036
-1.91061
-1.91087
-1.91112
-1.91138
-1.91163
-1.91189
-1.91214
-1.91240
-1.91265
-1.91291
-1.91317
-1.91342
-1.91368
-1.91393
-1.91419
-1.91444
-1.91470
-1.91495
-1.91521
-1.91546
-1.91572
-1.91598
-1.91623
-1.91649
-1.91674
-1.91700
-1.91725
-1.91751
-1.91776
-1.91802
-1.91828
-1.91853
-1.91879
-1.91904
-1.91930
-1.91955
-1.91981
-1.92006
-1.92032
-1.92057
-1.92083
-1.92109
-1.92134
-1.92160
-1.92185
-1.92211
-1.92236
-1.92262
-1.92287
-1.92313
-1.92338
-1.92364
-1.92390
-1.92415
-1.92441
-1.92466
-1.92492
-1.92517
-1.92543
-1.92568
-1.92594
-1.92620
-1.92645
-1.92671
-1.92696
-1.92722
-1.92747
-1.92773
-1.92798
-1.92824
-1.92849
-1.92875
-1.92901
-1.92926
-1.92952
-1.92977
-1.93003
-1.93028
-1.93054
-1.93079
-1.93105
-1.93130
-1.93156
-1.93182
-1.93207
-1.93233
-1.93258
-1.93284
-1.93309
-1.93335
-1.93360
-1.93386
-1.93412
-1.93437
-1.93463
-1.93488
-1.93514
-1.93539
-1.93565
-1.93590
-1.93616
-1.93641
-1.93667
-1.93693
-1.93718
-1.93744
-1.93769
-1.93795
-1.93820
-1.93846
-1.93871
-1.93897
-1.93922
-1.93948
-1.93974
-1.93999
-1.94025
-1.94050
-1.94076
-1.94101
-1.94127
-1.94152
-1.94178
-1.94204
-1.94229
-1.94255
-1.94280
-1.94306
-1.94331
-1.94357
-1.94382
-1.94408
-1.94433
-1.94459
-1.94485
-1.94510
-1.94536
-1.94561
-1.94587
-1.94612
-1.94638
-1.94663
-1.94689
-1.94714
-1.94740
-1.94766
-1.94791
-1.94817
-1.94842
-1.94868
-1.94893
-1.94919
-1.94944
-1.94970
-1.94996
-1.95021
-1.95047
-1.95072
-1.95098
-1.95123
-1.95149
-1.95174
-1.95200
-1.95225
-1.95251
-1.95277
-1.95302
-1.95328
-1.95353
-1.95379
-1.95404
-1.95430
-1.95455
-1.95481
-1.95506
-1.95532
-1.95558
-1.95583
-1.95609
-1.95634
-1.95660
-1.95685
-1.95711
-1.95736
-1.95762
-1.95787
-1.95813
-1.95839
-1.95864
-1.95890
-1.95915
-1.95941
-1.95966
-1.95992
-1.96017
-1.96043
-1.96069
-1.96094
-1.96120
-1.96145
-1.96171
-1.96196
-1.96222
-1.96247
-1.96273
-1.96298
-1.96324
-1.96350
-1.96375
-1.96401
-1.96426
-1.96452
-1.96477
-1.96503
-1.96528
-1.96554
-1.96579
-1.96605
-1.96631
-1.96656
-1.96682
-1.96707
-1.96733
-1.96758
-1.96784
-1.96809
-1.96835
-1.96860
-1.96886
-1.96912
-1.96937
-1.96963
-1.96988
-1.97014
-1.97039
-1.97065
-1.97090
-1.97116
-1.97141
-1.97167
-1.97193
-1.97218
-1.97244
-1.97269
-1.97295
-1.97320
-1.97346
-1.97371
-1.97397
-1.97423
-1.97448
-1.97474
-1.97499
-1.97525
-1.97550
-1.97576
-1.97601
-1.97627
-1.97652
-1.97678
-1.97704
-1.97729
-1.97755
-1.97780
-1.97806
-1.97831
-1.97857
-1.97882
-1.97908
-1.97933
-1.97959
-1.97985
-1.98010
-1.98036
-1.98061
-1.98087
-1.98112
-1.98138
-1.98163
-1.98189
-1.98214
-1.98240
-1.98266
-1.98291
-1.98317
-1.98342
-1.98368
-1.98393
-1.98419
-1.98444
-1.98470
-1.98495
-1.98521
-1.98547
-1.98572
-1.98598
-1.98623
-1.98649
-1.98674
-1.98700
-1.98725
-1.98751
-1.98777
-1.98802
-1.98828
-1.98853
-1.98879
-1.98904
-1.98930
-1.98955
-1.98981
-1.99006
-1.99032
-1.99058
-1.99083
-1.99109
-1.99134
-1.99160
-1.99185
-1.99211
-1.99236
-1.99262
-1.99287
-1.99313
-1.99339
-1.99364
-1.99390
-1.99415
-1.99441
-1.99466
-1.99492
-1.99517
-1.99543
-1.99568
-1.99594
-1.99620
-1.99645
-1.99671
-1.99696
-1.99722
-1.99747
-1.99773
-1.99798
-1.99824
-1.99849
-1.99875
-1.99901
-1.99926
-1.99952
-1.99977
-2.00003
-2.00028
-2.00054
-2.00079
-2.00105
-2.00130
-2.00156
-2.00182
-2.00207
-2.00233
-2.00258
-2.00284
-2.00309
-2.00335
-2.00360
-2.00386
-2.00411
-2.00437
-2.00463
-2.00488
-2.00514
-2.00539
-2.00565
-2.00590
-2.00616
-2.00641
-2.00667
-2.00692
-2.00718
-2.00744
-2.00769
-2.00795
-2.00820
-2.00846
-2.00871
-2.00897
-2.00922
-2.00948
-2.00974
-2.00999
-2.01025
-2.01050
-2.01076
-2.01101
-2.01127
-2.01152
-2.01178
-2.01203
-2.01229
-2.01255
-2.01280
-2.01306
-2.01331
-2.01357
-2.01382
-2.01408
-2.01433
-2.01459
-2.01484
-2.01510
-2.01536
-2.01561
-2.01587
-2.01612
-2.01638
-2.01663
-2.01689
-2.01714
-2.01740
-2.01765
-2.01791
-2.01817
-2.01842
-2.01868
-2.01893
-2.01919
-2.01944
-2.01970
-2.01995
-2.02021
-2.02046
-2.02072
-2.02098
-2.02123
-2.02149
-2.02174
-2.02200
-2.02225
-2.02251
-2.02276
-2.02302
-2.02327
-2.02353
-2.02379
-2.02404
-2.02430
-2.02455
-2.02481
-2.02506
-2.02532
-2.02557
-2.02583
-2.02608
-2.02634
-2.02660
-2.02685
-2.02711
-2.02736
-2.02762
-2.02787
-2.02813
-2.02838
-2.02864
-2.02889
-2.02915
-2.02941
-2.02966
-2.02992
-2.03017
-2.03043
-2.03068
-2.03094
-2.03119
-2.03145
-2.03170
-2.03196
-2.03222
-2.03247
-2.03273
-2.03298
-2.03324
-2.03349
-2.03375
-2.03400
-2.03426
-2.03451
-2.03477
-2.03503
-2.03528
-2.03554
-2.03579
-2.03605
-2.03630
-2.03656
-2.03681
-2.03707
-2.03732
-2.03758
-2.03784
-2.03809
-2.03835
-2.03860
-2.03886
-2.03911
-2.03937
-2.03962
-2.03988
-2.04013
-2.04039
-2.04065
-2.04090
-2.04116
-2.04141
-2.04167
-2.04192
-2.04218
-2.04243
-2.04269
-2.04294
-2.04320
-2.04346
-2.04371
-2.04397
-2.04422
-2.04448
-2.04473
-2.04499
-2.04524
-2.04550
-2.04575
-2.04601
-2.04627
-2.04652
-2.04678
-2.04703
-2.04729
-2.04754
-2.04780
-2.04805
-2.04831
-2.04856
-2.04882
-2.04908
-2.04933
-2.04959
-2.04984
-2.05010
-2.05035
-2.05061
-2.05086
-2.05112
-2.05137
-2.05163
-2.05189
-2.05214
-2.05240
-2.05265
-2.05291
-2.05316
-2.05342
-2.05367
-2.05393
-2.05418
-2.05444
-2.05470
-2.05495
-2.05521
-2.05546
-2.05572
-2.05597
-2.05623
-2.05648
-2.05674
-2.05699
-2.05725
-2.05751
-2.05776
-2.05802
-2.05827
-2.05853
-2.05878
-2.05904
-2.05929
-2.05955
-2.05980
-2.06006
-2.06032
-2.06057
-2.06083
-2.06108
-2.06134
-2.06159
-2.06185
-2.06210
-2.06236
-2.06261
-2.06287
-2.06313
-2.06338
-2.06364
-2.06389
-2.06415
-2.06440
-2.06466
-2.06491
-2.06517
-2.06542
-2.06568
-2.06594
-2.06619
-2.06645
-2.06670
-2.06696
-2.06721
-2.06747
-2.06772
-2.06798
-2.06823
-2.06849
-2.06875
-2.06900
-2.06926
-2.06951
-2.06977
-2.07002
-2.07028
-2.07053
-2.07079
-2.07104
-2.07130
-2.07156
-2.07181
-2.07207
-2.07232
-2.07258
-2.07283
-2.07309
-2.07334
-2.07360
-2.07385
-2.07411
-2.07437
-2.07462
-2.07488
-2.07513
-2.07539
-2.07564
-2.07590
-2.07615
-2.07641
-2.07666
-2.07692
-2.07717
-2.07743
-2.07769
-2.07794
-2.07820
-2.07845
-2.07871
-2.07896
-2.07922
-2.07947
-2.07973
-2.07998
-2.08024
-2.08050
-2.08075
-2.08101
-2.08126
-2.08152
-2.08177
-2.08203
-2.08228
-2.08254
-2.08279
-2.08305
-2.08331
-2.08356
-2.08382
-2.08407
-2.08433
-2.08458
-2.08484
-2.08509
-2.08535
-2.08560
-2.08586
-2.08612
-2.08637
-2.08663
-2.08688
-2.08714
-2.08739
-2.08765
-2.08790
-2.08816
-2.08841
-2.08867
-2.08893
-2.08918
-2.08944
-2.08969
-2.08995
-2.09020
-2.09046
-2.09071
-2.09097
-2.09122
-2.09148
-2.09174
-2.09199
-2.09225
-2.09250
-2.09276
-2.09301
-2.09327
-2.09352
-2.09378
-2.09403
-2.09429
-2.09455
-2.09480
-2.09506
-2.09531
-2.09557
-2.09582
-2.09608
-2.09633
-2.09659
-2.09684
-2.09710
-2.09735
-2.09761
-2.09787
-2.09812
-2.09838
-2.09863
-2.09889
-2.09914
-2.09940
-2.09965
-2.09991
-2.10016
-2.10042
-2.10068
-2.10093
-2.10119
-2.10144
-2.10170
-2.10195
-2.10221
-2.10246
-2.10272
-2.10297
-2.10323
-2.10349
-2.10374
-2.10400
-2.10425
-2.10451
-2.10476
-2.10502
-2.10527
-2.10553
-2.10578
-2.10604
-2.10630
-2.10655
-2.10681
-2.10706
-2.10732
-2.10757
-2.10783
-2.10808
-2.10834
-2.10859
-2.10885
-2.10911
-2.10936
-2.10962
-2.10987
-2.11013
-2.11038
-2.11064
-2.11089
-2.11115
-2.11140
-2.11166
-2.11191
-2.11217
-2.11243
-2.11268
-2.11294
-2.11319
-2.11345
-2.11370
-2.11396
-2.11421
-2.11447
-2.11472
-2.11498
-2.11524
-2.11549
-2.11575
-2.11600
-2.11626
-2.11651
-2.11677
-2.11702
-2.11728
-2.11753
-2.11779
-2.11805
-2.11830
-2.11856
-2.11881
-2.11907
-2.11932
-2.11958
-2.11983
-2.12009
-2.12034
-2.12060
-2.12086
-2.12111
-2.12137
-2.12162
-2.12188
-2.12213
-2.12239
-2.12264
-2.12290
-2.12315
-2.12341
-2.12366
-2.12392
-2.12418
-2.12443
-2.12469
-2.12494
-2.12520
-2.12545
-2.12571
-2.12596
-2.12622
-2.12647
-2.12673
-2.12699
-2.12724
-2.12750
-2.12775
-2.12801
-2.12826
-2.12852
-2.12877
-2.12903
-2.12928
-2.12954
-2.12980
-2.13005
-2.13031
-2.13056
-2.13082
-2.13107
-2.13133
-2.13158
-2.13184
-2.13209
-2.13235
-2.13261
-2.13286
-2.13312
-2.13337
-2.13363
-2.13388
-2.13414
-2.13439
-2.13465
-2.13490
-2.13516
-2.13541
-2.13567
-2.13593
-2.13618
-2.13644
-2.13669
-2.13695
-2.13720
-2.13746
-2.13771
-2.13797
-2.13822
-2.13848
-2.13874
-2.13899
-2.13925
-2.13950
-2.13976
-2.14001
-2.14027
-2.14052
-2.14078
-2.14103
-2.14129
-2.14155
-2.14180
-2.14206
-2.14231
-2.14257
-2.14282
-2.14308
-2.14333
-2.14359
-2.14384
-2.14410
-2.14435
-2.14461
-2.14487
-2.14512
-2.14538
-2.14563
-2.14589
-2.14614
-2.14640
-2.14665
-2.14691
-2.14716
-2.14742
-2.14768
-2.14793
-2.14819
-2.14844
-2.14870
-2.14895
-2.14921
-2.14946
-2.14972
-2.14997
-2.15023
-2.15049
-2.15074
-2.15100
-2.15125
-2.15151
-2.15176
-2.15202
-2.15227
-2.15253
-2.15278
-2.15304
-2.15329
-2.15355
-2.15381
-2.15406
-2.15432
-2.15457
-2.15483
-2.15508
-2.15534
-2.15559
-2.15585
-2.15610
-2.15636
-2.15662
-2.15687
-2.15713
-2.15738
-2.15764
-2.15789
-2.15815
-2.15840
-2.15866
-2.15891
-2.15917
-2.15942
-2.15968
-2.15994
-2.16019
-2.16045
-2.16070
-2.16096
-2.16121
-2.16147
-2.16172
-2.16198
-2.16223
-2.16249
-2.16275
-2.16300
-2.16326
-2.16351
-2.16377
-2.16402
-2.16428
-2.16453
-2.16479
-2.16504
-2.16530
-2.16556
-2.16581
-2.16607
-2.16632
-2.16658
-2.16683
-2.16709
-2.16734
-2.16760
-2.16785
-2.16811
-2.16836
-2.16862
-2.16888
-2.16913
-2.16939
-2.16964
-2.16990
-2.17015
-2.17041
-2.17066
-2.17092
-2.17117
-2.17143
-2.17169
-2.17194
-2.17220
-2.17245
-2.17271
-2.17296
-2.17322
-2.17347
-2.17373
-2.17398
-2.17424
-2.17449
-2.17475
-2.17501
-2.17526
-2.17552
-2.17577
-2.17603
-2.17628
-2.17654
-2.17679
-2.17705
-2.17730
-2.17756
-2.17782
-2.17807
-2.17833
-2.17858
-2.17884
-2.17909
-2.17935
-2.17960
-2.17986
-2.18011
-2.18037
-2.18062
-2.18088
-2.18114
-2.18139
-2.18165
-2.18190
-2.18216
-2.18241
-2.18267
-2.18292
-2.18318
-2.18343
-2.18369
-2.18395
-2.18420
-2.18446
-2.18471
-2.18497
-2.18522
-2.18548
-2.18573
-2.18599
-2.18624
-2.18650
-2.18675
-2.18701
-2.18727
-2.18752
-2.18778
-2.18803
-2.18829
-2.18854
-2.18880
-2.18905
-2.18931
-2.18956
-2.18982
-2.19008
-2.19033
-2.19059
-2.19084
-2.19110
-2.19135
-2.19161
-2.19186
-2.19212
-2.19237
-2.19263
-2.19288
-2.19314
-2.19340
-2.19365
-2.19391
-2.19416
-2.19442
-2.19467
-2.19493
-2.19518
-2.19544
-2.19569
-2.19595
-2.19621
-2.19646
-2.19672
-2.19697
-2.19723
-2.19748
-2.19774
-2.19799
-2.19825
-2.19850
-2.19876
-2.19901
-2.19927
-2.19953
-2.19978
-2.20004
-2.20029
-2.20055
-2.20080
-2.20106
-2.20131
-2.20157
-2.20182
-2.20208
-2.20234
-2.20259
-2.20285
-2.20310
-2.20336
-2.20361
-2.20387
-2.20412
-2.20438
-2.20463
-2.20489
-2.20514
-2.20540
-2.20566
-2.20591
-2.20617
-2.20642
-2.20668
-2.20693
-2.20719
-2.20744
-2.20770
-2.20795
-2.20821
-2.20847
-2.20872
-2.20898
-2.20923
-2.20949
-2.20974
-2.21000
-2.21025
-2.21051
-2.21076
-2.21102
-2.21127
-2.21153
-2.21179
-2.21204
-2.21230
-2.21255
-2.21281
-2.21306
-2.21332
-2.21357
-2.21383
-2.21408
-2.21434
-2.21460
-2.21485
-2.21511
-2.21536
-2.21562
-2.21587
-2.21613
-2.21638
-2.21664
-2.21689
-2.21715
-2.21740
-2.21766
-2.21792
-2.21817
-2.21843
-2.21868
-2.21894
-2.21919
-2.21945
-2.21970
-2.21996
-2.22021
-2.22047
-2.22072
-2.22098
-2.22124
-2.22149
-2.22175
-2.22200
-2.22226
-2.22251
-2.22277
-2.22302
-2.22328
-2.22353
-2.22379
-2.22405
-2.22430
-2.22456
-2.22481
-2.22507
-2.22532
-2.22558
-2.22583
-2.22609
-2.22634
-2.22660
-2.22685
-2.22711
-2.22737
-2.22762
-2.22788
-2.22813
-2.22839
-2.22864
-2.22890
-2.22915
-2.22941
-2.22966
-2.22992
-2.23017
-2.23043
-2.23069
-2.23094
-2.23120
-2.23145
-2.23171
-2.23196
-2.23222
-2.23247
-2.23273
-2.23298
-2.23324
-2.23350
-2.23375
-2.23401
-2.23426
-2.23452
-2.23477
-2.23503
-2.23528
-2.23554
-2.23579
-2.23605
-2.23630
-2.23656
-2.23682
-2.23707
-2.23733
-2.23758
-2.23784
-2.23809
-2.23835
-2.23860
-2.23886
-2.23911
-2.23937
-2.23962
-2.23988
-2.24014
-2.24039
-2.24065
-2.24090
-2.24116
-2.24141
-2.24167
-2.24192
-2.24218
-2.24243
-2.24269
-2.24295
-2.24320
-2.24346
-2.24371
-2.24397
-2.24422
-2.24448
-2.24473
-2.24499
-2.24524
-2.24550
-2.24575
-2.24601
-2.24627
-2.24652
-2.24678
-2.24703
-2.24729
-2.24754
-2.24780
-2.24805
-2.24831
-2.24856
-2.24882
-2.24907
-2.24933
-2.24959
-2.24984
-2.25010
-2.25035
-2.25061
-2.25086
-2.25112
-2.25137
-2.25163
-2.25188
-2.25214
-2.25240
-2.25265
-2.25291
-2.25316
-2.25342
-2.25367
-2.25393
-2.25418
-2.25444
-2.25469
-2.25495
-2.25520
-2.25546
-2.25572
-2.25597
-2.25623
-2.25648
-2.25674
-2.25699
-2.25725
-2.25750
-2.25776
-2.25801
-2.25827
-2.25852
-2.25878
-2.25904
-2.25929
-2.25955
-2.25980
-2.26006
-2.26031
-2.26057
-2.26082
-2.26108
-2.26133
-2.26159
-2.26184
-2.26210
-2.26236
-2.26261
-2.26287
-2.26312
-2.26338
-2.26363
-2.26389
-2.26414
-2.26440
-2.26465
-2.26491
-2.26516
-2.26542
-2.26568
-2.26593
-2.26619
-2.26644
-2.26670
-2.26695
-2.26721
-2.26746
-2.26772
-2.26797
-2.26823
-2.26849
-2.26874
-2.26900
-2.26925
-2.26951
-2.26976
-2.27002
-2.27027
-2.27053
-2.27078
-2.27104
-2.27129
-2.27155
-2.27181
-2.27206
-2.27232
-2.27257
-2.27283
-2.27308
-2.27334
-2.27359
-2.27385
-2.27410
-2.27436
-2.27461
-2.27487
-2.27513
-2.27538
-2.27564
-2.27589
-2.27615
-2.27640
-2.27666
-2.27691
-2.27717
-2.27742
-2.27768
-2.27793
-2.27819
-2.27845
-2.27870
-2.27896
-2.27921
-2.27947
-2.27972
-2.27998
-2.28023
-2.28049
-2.28074
-2.28100
-2.28125
-2.28151
-2.28177
-2.28202
-2.28228
-2.28253
-2.28279
-2.28304
-2.28330
-2.28355
-2.28381
-2.28406
-2.28432
-2.28457
-2.28483
-2.28509
-2.28534
-2.28560
-2.28585
-2.28611
-2.28636
-2.28662
-2.28687
-2.28713
-2.28738
-2.28764
-2.28790
-2.28815
-2.28841
-2.28866
-2.28892
-2.28917
-2.28943
-2.28968
-2.28994
-2.29019
-2.29045
-2.29070
-2.29096
-2.29122
-2.29147
-2.29173
-2.29198
-2.29224
-2.29249
-2.29275
-2.29300
-2.29326
-2.29351
-2.29377
-2.29402
-2.29428
-2.29454
-2.29479
-2.29505
-2.29530
-2.29556
-2.29581
-2.29607
-2.29632
-2.29658
-2.29683
-2.29709
-2.29734
-2.29760
-2.29786
-2.29811
-2.29837
-2.29862
-2.29888
-2.29913
-2.29939
-2.29964
-2.29990
-2.30015
-2.30041
-2.30066
-2.30092
-2.30118
-2.30143
-2.30169
-2.30194
-2.30220
-2.30245
-2.30271
-2.30296
-2.30322
-2.30347
-2.30373
-2.30398
-2.30424
-2.30450
-2.30475
-2.30501
-2.30526
-2.30552
-2.30577
-2.30603
-2.30628
-2.30654
-2.30679
-2.30705
-2.30730
-2.30756
-2.30782
-2.30807
-2.30833
-2.30858
-2.30884
-2.30909
-2.30935
-2.30960
-2.30986
-2.31011
-2.31037
-2.31062
-2.31088
-2.31114
-2.31139
-2.31165
-2.31190
-2.31216
-2.31241
-2.31267
-2.31292
-2.31318
-2.31343
-2.31369
-2.31394
-2.31420
-2.31446
-2.31471
-2.31497
-2.31522
-2.31548
-2.31573
-2.31599
-2.31624
-2.31650
-2.31675
-2.31701
-2.31726
-2.31752
-2.31778
-2.31803
-2.31829
-2.31854
-2.31880
-2.31905
-2.31931
-2.31956
-2.31982
-2.32007
-2.32033
-2.32058
-2.32084
-2.32110
-2.32135
-2.32161
-2.32186
-2.32212
-2.32237
-2.32263
-2.32288
-2.32314
-2.32339
-2.32365
-2.32390
-2.32416
-2.32442
-2.32467
-2.32493
-2.32518
-2.32544
-2.32569
-2.32595
-2.32620
-2.32646
-2.32671
-2.32697
-2.32722
-2.32748
-2.32774
-2.32799
-2.32825
-2.32850
-2.32876
-2.32901
-2.32927
-2.32952
-2.32978
-2.33003
-2.33029
-2.33054
-2.33080
-2.33106
-2.33131
-2.33157
-2.33182
-2.33208
-2.33233
-2.33259
-2.33284
-2.33310
-2.33335
-2.33361
-2.33386
-2.33412
-2.33438
-2.33463
-2.33489
-2.33514
-2.33540
-2.33565
-2.33591
-2.33616
-2.33642
-2.33667
-2.33693
-2.33718
-2.33744
-2.33770
-2.33795
-2.33821
-2.33846
-2.33872
-2.33897
-2.33923
-2.33948
-2.33974
-2.33999
-2.34025
-2.34050
-2.34076
-2.34102
-2.34127
-2.34153
-2.34178
-2.34204
-2.34229
-2.34255
-2.34280
-2.34306
-2.34331
-2.34357
-2.34382
-2.34408
-2.34433
-2.34459
-2.34485
-2.34510
-2.34536
-2.34561
-2.34587
-2.34612
-2.34638
-2.34663
-2.34689
-2.34714
-2.34740
-2.34765
-2.34791
-2.34817
-2.34842
-2.34868
-2.34893
-2.34919
-2.34944
-2.34970
-2.34995
-2.35021
-2.35046
-2.35072
-2.35097
-2.35123
-2.35149
-2.35174
-2.35200
-2.35225
-2.35251
-2.35276
-2.35302
-2.35327
-2.35353
-2.35378
-2.35404
-2.35429
-2.35455
-2.35481
-2.35506
-2.35532
-2.35557
-2.35583
-2.35608
-2.35634
-2.35659
-2.35685
-2.35710
-2.35736
-2.35761
-2.35787
-2.35813
-2.35838
-2.35864
-2.35889
-2.35915
-2.35940
-2.35966
-2.35991
-2.36017
-2.36042
-2.36068
-2.36093
-2.36119
-2.36145
-2.36170
-2.36196
-2.36221
-2.36247
-2.36272
-2.36298
-2.36323
-2.36349
-2.36374
-2.36400
-2.36425
-2.36451
-2.36476
-2.36502
-2.36528
-2.36553
-2.36579
-2.36604
-2.36630
-2.36655
-2.36681
-2.36706
-2.36732
-2.36757
-2.36783
-2.36808
-2.36834
-2.36860
-2.36885
-2.36911
-2.36936
-2.36962
-2.36987
-2.37013
-2.37038
-2.37064
-2.37089
-2.37115
-2.37140
-2.37166
-2.37192
-2.37217
-2.37243
-2.37268
-2.37294
-2.37319
-2.37345
-2.37370
-2.37396
-2.37421
-2.37447
-2.37472
-2.37498
-2.37524
-2.37549
-2.37575
-2.37600
-2.37626
-2.37651
-2.37677
-2.37702
-2.37728
-2.37753
-2.37779
-2.37804
-2.37830
-2.37855
-2.37881
-2.37907
-2.37932
-2.37958
-2.37983
-2.38009
-2.38034
-2.38060
-2.38085
-2.38111
-2.38136
-2.38162
-2.38187
-2.38213
-2.38239
-2.38264
-2.38290
-2.38315
-2.38341
-2.38366
-2.38392
-2.38417
-2.38443
-2.38468
-2.38494
-2.38519
-2.38545
-2.38571
-2.38596
-2.38622
-2.38647
-2.38673
-2.38698
-2.38724
-2.38749
-2.38775
-2.38800
-2.38826
-2.38851
-2.38877
-2.38902
-2.38928
-2.38954
-2.38979
-2.39005
-2.39030
-2.39056
-2.39081
-2.39107
-2.39132
-2.39158
-2.39183
-2.39209
-2.39234
-2.39260
-2.39286
-2.39311
-2.39337
-2.39362
-2.39388
-2.39413
-2.39439
-2.39464
-2.39490
-2.39515
-2.39541
-2.39566
-2.39592
-2.39618
-2.39643
-2.39669
-2.39694
-2.39720
-2.39745
-2.39771
-2.39796
-2.39822
-2.39847
-2.39873
-2.39898
-2.39924
-2.39949
-2.39975
-2.40001
-2.40026
-2.40052
-2.40077
-2.40103
-2.40128
-2.40154
-2.40179
-2.40205
-2.40230
-2.40256
-2.40281
-2.40307
-2.40333
-2.40358
-2.40384
-2.40409
-2.40435
-2.40460
-2.40486
-2.40511
-2.40537
-2.40562
-2.40588
-2.40613
-2.40639
-2.40664
-2.40690
-2.40716
-2.40741
-2.40767
-2.40792
-2.40818
-2.40843
-2.40869
-2.40894
-2.40920
-2.40945
-2.40971
-2.40996
-2.41022
-2.41048
-2.41073
-2.41099
-2.41124
-2.41150
-2.41175
-2.41201
-2.41226
-2.41252
-2.41277
-2.41303
-2.41328
-2.41354
-2.41380
-2.41405
-2.41431
-2.41456
-2.41482
-2.41507
-2.41533
-2.41558
-2.41584
-2.41609
-2.41635
-2.41660
-2.41686
-2.41711
-2.41737
-2.41763
-2.41788
-2.41814
-2.41839
-2.41865
-2.41890
-2.41916
-2.41941
-2.41967
-2.41992
-2.42018
-2.42043
-2.42069
-2.42095
-2.42120
-2.42146
-2.42171
-2.42197
-2.42222
-2.42248
-2.42273
-2.42299
-2.42324
-2.42350
-2.42375
-2.42401
-2.42426
-2.42452
-2.42478
-2.42503
-2.42529
-2.42554
-2.42580
-2.42605
-2.42631
-2.42656
-2.42682
-2.42707
-2.42733
-2.42758
-2.42784
-2.42810
-2.42835
-2.42861
-2.42886
-2.42912
-2.42937
-2.42963
-2.42988
-2.43014
-2.43039
-2.43065
-2.43090
-2.43116
-2.43141
-2.43167
-2.43193
-2.43218
-2.43244
-2.43269
-2.43295
-2.43320
-2.43346
-2.43371
-2.43397
-2.43422
-2.43448
-2.43473
-2.43499
-2.43524
-2.43550
-2.43576
-2.43601
-2.43627
-2.43652
-2.43678
-2.43703
-2.43729
-2.43754
-2.43780
-2.43805
-2.43831
-2.43856
-2.43882
-2.43908
-2.43933
-2.43959
-2.43984
-2.44010
-2.44035
-2.44061
-2.44086
-2.44112
-2.44137
-2.44163
-2.44188
-2.44214
-2.44239
-2.44265
-2.44291
-2.44316
-2.44342
-2.44367
-2.44393
-2.44418
-2.44444
-2.44469
-2.44495
-2.44520
-2.44546
-2.44571
-2.44597
-2.44623
-2.44648
-2.44674
-2.44699
-2.44725
-2.44750
-2.44776
-2.44801
-2.44827
-2.44852
-2.44878
-2.44903
-2.44929
-2.44954
-2.44980
-2.45006
-2.45031
-2.45057
-2.45082
-2.45108
-2.45133
-2.45159
-2.45184
-2.45210
-2.45235
-2.45261
-2.45286
-2.45312
-2.45337
-2.45363
-2.45389
-2.45414
-2.45440
-2.45465
-2.45491
-2.45516
-2.45542
-2.45567
-2.45593
-2.45618
-2.45644
-2.45669
-2.45695
-2.45721
-2.45746
-2.45772
-2.45797
-2.45823
-2.45848
-2.45874
-2.45899
-2.45925
-2.45950
-2.45976
-2.46001
-2.46027
-2.46052
-2.46078
-2.46104
-2.46129
-2.46155
-2.46180
-2.46206
-2.46231
-2.46257
-2.46282
-2.46308
-2.46333
-2.46359
-2.46384
-2.46410
-2.46435
-2.46461
-2.46487
-2.46512
-2.46538
-2.46563
-2.46589
-2.46614
-2.46640
-2.46665
-2.46691
-2.46716
-2.46742
-2.46767
-2.46793
-2.46819
-2.46844
-2.46870
-2.46895
-2.46921
-2.46946
-2.46972
-2.46997
-2.47023
-2.47048
-2.47074
-2.47099
-2.47125
-2.47150
-2.47176
-2.47202
-2.47227
-2.47253
-2.47278
-2.47304
-2.47329
-2.47355
-2.47380
-2.47406
-2.47431
-2.47457
-2.47482
-2.47508
-2.47533
-2.47559
-2.47585
-2.47610
-2.47636
-2.47661
-2.47687
-2.47712
-2.47738
-2.47763
-2.47789
-2.47814
-2.47840
-2.47865
-2.47891
-2.47916
-2.47942
-2.47968
-2.47993
-2.48019
-2.48044
-2.48070
-2.48095
-2.48121
-2.48146
-2.48172
-2.48197
-2.48223
-2.48248
-2.48274
-2.48299
-2.48325
-2.48351
-2.48376
-2.48402
-2.48427
-2.48453
-2.48478
-2.48504
-2.48529
-2.48555
-2.48580
-2.48606
-2.48631
-2.48657
-2.48683
-2.48708
-2.48734
-2.48759
-2.48785
-2.48810
-2.48836
-2.48861
-2.48887
-2.48912
-2.48938
-2.48963
-2.48989
-2.49014
-2.49040
-2.49066
-2.49091
-2.49117
-2.49142
-2.49168
-2.49193
-2.49219
-2.49244
-2.49270
-2.49295
-2.49321
-2.49346
-2.49372
-2.49397
-2.49423
-2.49449
-2.49474
-2.49500
-2.49525
-2.49551
-2.49576
-2.49602
-2.49627
-2.49653
-2.49678
-2.49704
-2.49729
-2.49755
-2.49780
-2.49806
-2.49832
-2.49857
-2.49883
-2.49908
-2.49934
-2.49959
-2.49985
-2.50010
-2.50036
-2.50061
-2.50087
-2.50112
-2.50138
-2.50163
-2.50189
-2.50215
-2.50240
-2.50266
-2.50291
-2.50317
-2.50342
-2.50368
-2.50393
-2.50419
-2.50444
-2.50470
-2.50495
-2.50521
-2.50546
-2.50572
-2.50598
-2.50623
-2.50649
-2.50674
-2.50700
-2.50725
-2.50751
-2.50776
-2.50802
-2.50827
-2.50853
-2.50878
-2.50904
-2.50929
-2.50955
-2.50981
-2.51006
-2.51032
-2.51057
-2.51083
-2.51108
-2.51134
-2.51159
-2.51185
-2.51210
-2.51236
-2.51261
-2.51287
-2.51312
-2.51338
-2.51364
-2.51389
-2.51415
-2.51440
-2.51466
-2.51491
-2.51517
-2.51542
-2.51568
-2.51593
-2.51619
-2.51644
-2.51670
-2.51695
-2.51721
-2.51747
-2.51772
-2.51798
-2.51823
-2.51849
-2.51874
-2.51900
-2.51925
-2.51951
-2.51976
-2.52002
-2.52027
-2.52053
-2.52078
-2.52104
-2.52130
-2.52155
-2.52181
-2.52206
-2.52232
-2.52257
-2.52283
-2.52308
-2.52334
-2.52359
-2.52385
-2.52410
-2.52436
-2.52461
-2.52487
-2.52513
-2.52538
-2.52564
-2.52589
-2.52615
-2.52640
-2.52666
-2.52691
-2.52717
-2.52742
-2.52768
-2.52793
-2.52819
-2.52844
-2.52870
-2.52896
-2.52921
-2.52947
-2.52972
-2.52998
-2.53023
-2.53049
-2.53074
-2.53100
-2.53125
-2.53151
-2.53176
-2.53202
-2.53227
-2.53253
-2.53279
-2.53304
-2.53330
-2.53355
-2.53381
-2.53406
-2.53432
-2.53457
-2.53483
-2.53508
-2.53534
-2.53559
-2.53585
-2.53610
-2.53636
-2.53662
-2.53687
-2.53713
-2.53738
-2.53764
-2.53789
-2.53815
-2.53840
-2.53866
-2.53891
-2.53917
-2.53942
-2.53968
-2.53993
-2.54019
-2.54045
-2.54070
-2.54096
-2.54121
-2.54147
-2.54172
-2.54198
-2.54223
-2.54249
-2.54274
-2.54300
-2.54325
-2.54351
-2.54376
-2.54402
-2.54427
-2.54453
-2.54479
-2.54504
-2.54530
-2.54555
-2.54581
-2.54606
-2.54632
-2.54657
-2.54683
-2.54708
-2.54734
-2.54759
-2.54785
-2.54810
-2.54836
-2.54862
-2.54887
-2.54913
-2.54938
-2.54964
-2.54989
-2.55015
-2.55040
-2.55066
-2.55091
-2.55117
-2.55142
-2.55168
-2.55193
-2.55219
-2.55245
-2.55270
-2.55296
-2.55321
-2.55347
-2.55372
-2.55398
-2.55423
-2.55449
-2.55474
-2.55500
-2.55525
-2.55551
-2.55576
-2.55602
-2.55628
-2.55653
-2.55679
-2.55704
-2.55730
-2.55755
-2.55781
-2.55806
-2.55832
-2.55857
-2.55883
-2.55908
-2.55934
-2.55959
-2.55985
-2.56011
-2.56036
-2.56062
-2.56087
-2.56113
-2.56138
-2.56164
-2.56189
-2.56215
-2.56240
-2.56266
-2.56291
-2.56317
-2.56342
-2.56368
-2.56393
-2.56419
-2.56445
-2.56470
-2.56496
-2.56521
-2.56547
-2.56572
-2.56598
-2.56623
-2.56649
-2.56674
-2.56700
-2.56725
-2.56751
-2.56776
-2.56802
-2.56828
-2.56853
-2.56879
-2.56904
-2.56930
-2.56955
-2.56981
-2.57006
-2.57032
-2.57057
-2.57083
-2.57108
-2.57134
-2.57159
-2.57185
-2.57211
-2.57236
-2.57262
-2.57287
-2.57313
-2.57338
-2.57364
-2.57389
-2.57415
-2.57440
-2.57466
-2.57491
-2.57517
-2.57542
-2.57568
-2.57593
-2.57619
-2.57645
-2.57670
-2.57696
-2.57721
-2.57747
-2.57772
-2.57798
-2.57823
-2.57849
-2.57874
-2.57900
-2.57925
-2.57951
-2.57976
-2.58002
-2.58028
-2.58053
-2.58079
-2.58104
-2.58130
-2.58155
-2.58181
-2.58206
-2.58232
-2.58257
-2.58283
-2.58308
-2.58334
-2.58359
-2.58385
-2.58410
-2.58436
-2.58462
-2.58487
-2.58513
-2.58538
-2.58564
-2.58589
-2.58615
-2.58640
-2.58666
-2.58691
-2.58717
-2.58742
-2.58768
-2.58793
-2.58819
-2.58845
-2.58870
-2.58896
-2.58921
-2.58947
-2.58972
-2.58998
-2.59023
-2.59049
-2.59074
-2.59100
-2.59125
-2.59151
-2.59176
-2.59202
-2.59228
-2.59253
-2.59279
-2.59304
-2.59330
-2.59355
-2.59381
-2.59406
-2.59432
-2.59457
-2.59483
-2.59508
-2.59534
-2.59559
-2.59585
-2.59610
-2.59636
-2.59662
-2.59687
-2.59713
-2.59738
-2.59764
-2.59789
-2.59815
-2.59840
-2.59866
-2.59891
-2.59917
-2.59942
-2.59968
-2.59993
-2.60019
-2.60045
-2.60070
-2.60096
-2.60121
-2.60147
-2.60172
-2.60198
-2.60223
-2.60249
-2.60274
-2.60300
-2.60325
-2.60351
-2.60376
-2.60402
-2.60427
-2.60453
-2.60479
-2.60504
-2.60530
-2.60555
-2.60581
-2.60606
-2.60632
-2.60657
-2.60683
-2.60708
-2.60734
-2.60759
-2.60785
-2.60810
-2.60836
-2.60861
-2.60887
-2.60913
-2.60938
-2.60964
-2.60989
-2.61015
-2.61040
-2.61066
-2.61091
-2.61117
-2.61142
-2.61168
-2.61193
-2.61219
-2.61244
-2.61270
-2.61296
-2.61321
-2.61347
-2.61372
-2.61398
-2.61423
-2.61449
-2.61474
-2.61500
-2.61525
-2.61551
-2.61576
-2.61602
-2.61627
-2.61653
-2.61678
-2.61704
-2.61730
-2.61755
-2.61781
-2.61806
-2.61832
-2.61857
-2.61883
-2.61908
-2.61934
-2.61959
-2.61985
-2.62010
-2.62036
-2.62061
-2.62087
-2.62112
-2.62138
-2.62164
-2.62189
-2.62215
-2.62240
-2.62266
-2.62291
-2.62317
-2.62342
-2.62368
-2.62393
-2.62419
-2.62444
-2.62470
-2.62495
-2.62521
-2.62547
-2.62572
-2.62598
-2.62623
-2.62649
-2.62674
-2.62700
-2.62725
-2.62751
-2.62776
-2.62802
-2.62827
-2.62853
-2.62878
-2.62904
-2.62929
-2.62955
-2.62981
-2.63006
-2.63032
-2.63057
-2.63083
-2.63108
-2.63134
-2.63159
-2.63185
-2.63210
-2.63236
-2.63261
-2.63287
-2.63312
-2.63338
-2.63363
-2.63389
-2.63415
-2.63440
-2.63466
-2.63491
-2.63517
-2.63542
-2.63568
-2.63593
-2.63619
-2.63644
-2.63670
-2.63695
-2.63721
-2.63746
-2.63772
-2.63798
-2.63823
-2.63849
-2.63874
-2.63900
-2.63925
-2.63951
-2.63976
-2.64002
-2.64027
-2.64053
-2.64078
-2.64104
-2.64129
-2.64155
-2.64180
-2.64206
-2.64232
-2.64257
-2.64283
-2.64308
-2.64334
-2.64359
-2.64385
-2.64410
-2.64436
-2.64461
-2.64487
-2.64512
-2.64538
-2.64563
-2.64589
-2.64614
-2.64640
-2.64666
-2.64691
-2.64717
-2.64742
-2.64768
-2.64793
-2.64819
-2.64844
-2.64870
-2.64895
-2.64921
-2.64946
-2.64972
-2.64997
-2.65023
-2.65048
-2.65074
-2.65100
-2.65125
-2.65151
-2.65176
-2.65202
-2.65227
-2.65253
-2.65278
-2.65304
-2.65329
-2.65355
-2.65380
-2.65406
-2.65431
-2.65457
-2.65482
-2.65508
-2.65534
-2.65559
-2.65585
-2.65610
-2.65636
-2.65661
-2.65687
-2.65712
-2.65738
-2.65763
-2.65789
-2.65814
-2.65840
-2.65865
-2.65891
-2.65916
-2.65942
-2.65968
-2.65993
-2.66019
-2.66044
-2.66070
-2.66095
-2.66121
-2.66146
-2.66172
-2.66197
-2.66223
-2.66248
-2.66274
-2.66299
-2.66325
-2.66350
-2.66376
-2.66402
-2.66427
-2.66453
-2.66478
-2.66504
-2.66529
-2.66555
-2.66580
-2.66606
-2.66631
-2.66657
-2.66682
-2.66708
-2.66733
-2.66759
-2.66784
-2.66810
-2.66836
-2.66861
-2.66887
-2.66912
-2.66938
-2.66963
-2.66989
-2.67014
-2.67040
-2.67065
-2.67091
-2.67116
-2.67142
-2.67167
-2.67193
-2.67218
-2.67244
-2.67270
-2.67295
-2.67321
-2.67346
-2.67372
-2.67397
-2.67423
-2.67448
-2.67474
-2.67499
-2.67525
-2.67550
-2.67576
-2.67601
-2.67627
-2.67652
-2.67678
-2.67704
-2.67729
-2.67755
-2.67780
-2.67806
-2.67831
-2.67857
-2.67882
-2.67908
-2.67933
-2.67959
-2.67984
-2.68010
-2.68035
-2.68061
-2.68086
-2.68112
-2.68138
-2.68163
-2.68189
-2.68214
-2.68240
-2.68265
-2.68291
-2.68316
-2.68342
-2.68367
-2.68393
-2.68418
-2.68444
-2.68469
-2.68495
-2.68520
-2.68546
-2.68572
-2.68597
-2.68623
-2.68648
-2.68674
-2.68699
-2.68725
-2.68750
-2.68776
-2.68801
-2.68827
-2.68852
-2.68878
-2.68903
-2.68929
-2.68954
-2.68980
-2.69006
-2.69031
-2.69057
-2.69082
-2.69108
-2.69133
-2.69159
-2.69184
-2.69210
-2.69235
-2.69261
-2.69286
-2.69312
-2.69337
-2.69363
-2.69388
-2.69414
-2.69440
-2.69465
-2.69491
-2.69516
-2.69542
-2.69567
-2.69593
-2.69618
-2.69644
-2.69669
-2.69695
-2.69720
-2.69746
-2.69771
-2.69797
-2.69822
-2.69848
-2.69873
-2.69899
-2.69925
-2.69950
-2.69976
-2.70001
-2.70027
-2.70052
-2.70078
-2.70103
-2.70129
-2.70154
-2.70180
-2.70205
-2.70231
-2.70256
-2.70282
-2.70307
-2.70333
-2.70359
-2.70384
-2.70410
-2.70435
-2.70461
-2.70486
-2.70512
-2.70537
-2.70563
-2.70588
-2.70614
-2.70639
-2.70665
-2.70690
-2.70716
-2.70741
-2.70767
-2.70793
-2.70818
-2.70844
-2.70869
-2.70895
-2.70920
-2.70946
-2.70971
-2.70997
-2.71022
-2.71048
-2.71073
-2.71099
-2.71124
-2.71150
-2.71175
-2.71201
-2.71227
-2.71252
-2.71278
-2.71303
-2.71329
-2.71354
-2.71380
-2.71405
-2.71431
-2.71456
-2.71482
-2.71507
-2.71533
-2.71558
-2.71584
-2.71609
-2.71635
-2.71660
-2.71686
-2.71712
-2.71737
-2.71763
-2.71788
-2.71814
-2.71839
-2.71865
-2.71890
-2.71916
-2.71941
-2.71967
-2.71992
-2.72018
-2.72043
-2.72069
-2.72094
-2.72120
-2.72146
-2.72171
-2.72197
-2.72222
-2.72248
-2.72273
-2.72299
-2.72324
-2.72350
-2.72375
-2.72401
-2.72426
-2.72452
-2.72477
-2.72503
-2.72528
-2.72554
-2.72579
-2.72605
-2.72631
-2.72656
-2.72682
-2.72707
-2.72733
-2.72758
-2.72784
-2.72809
-2.72835
-2.72860
-2.72886
-2.72911
-2.72937
-2.72962
-2.72988
-2.73013
-2.73039
-2.73065
-2.73090
-2.73116
-2.73141
-2.73167
-2.73192
-2.73218
-2.73243
-2.73269
-2.73294
-2.73320
-2.73345
-2.73371
-2.73396
-2.73422
-2.73447
-2.73473
-2.73498
-2.73524
-2.73550
-2.73575
-2.73601
-2.73626
-2.73652
-2.73677
-2.73703
-2.73728
-2.73754
-2.73779
-2.73805
-2.73830
-2.73856
-2.73881
-2.73907
-2.73932
-2.73958
-2.73984
-2.74009
-2.74035
-2.74060
-2.74086
-2.74111
-2.74137
-2.74162
-2.74188
-2.74213
-2.74239
-2.74264
-2.74290
-2.74315
-2.74341
-2.74366
-2.74392
-2.74417
-2.74443
-2.74469
-2.74494
-2.74520
-2.74545
-2.74571
-2.74596
-2.74622
-2.74647
-2.74673
-2.74698
-2.74724
-2.74749
-2.74775
-2.74800
-2.74826
-2.74851
-2.74877
-2.74903
-2.74928
-2.74954
-2.74979
-2.75005
-2.75030
-2.75056
-2.75081
-2.75107
-2.75132
-2.75158
-2.75183
-2.75209
-2.75234
-2.75260
-2.75285
-2.75311
-2.75336
-2.75362
-2.75388
-2.75413
-2.75439
-2.75464
-2.75490
-2.75515
-2.75541
-2.75566
-2.75592
-2.75617
-2.75643
-2.75668
-2.75694
-2.75719
-2.75745
-2.75770
-2.75796
-2.75821
-2.75847
-2.75873
-2.75898
-2.75924
-2.75949
-2.75975
-2.76000
-2.76026
-2.76051
-2.76077
-2.76102
-2.76128
-2.76153
-2.76179
-2.76204
-2.76230
-2.76255
-2.76281
-2.76306
-2.76332
-2.76358
-2.76383
-2.76409
-2.76434
-2.76460
-2.76485
-2.76511
-2.76536
-2.76562
-2.76587
-2.76613
-2.76638
-2.76664
-2.76689
-2.76715
-2.76740
-2.76766
-2.76792
-2.76817
-2.76843
-2.76868
-2.76894
-2.76919
-2.76945
-2.76970
-2.76996
-2.77021
-2.77047
-2.77072
-2.77098
-2.77123
-2.77149
-2.77174
-2.77200
-2.77225
-2.77251
-2.77277
-2.77302
-2.77328
-2.77353
-2.77379
-2.77404
-2.77430
-2.77455
-2.77481
-2.77506
-2.77532
-2.77557
-2.77583
-2.77608
-2.77634
-2.77659
-2.77685
-2.77710
-2.77736
-2.77762
-2.77787
-2.77813
-2.77838
-2.77864
-2.77889
-2.77915
-2.77940
-2.77966
-2.77991
-2.78017
-2.78042
-2.78068
-2.78093
-2.78119
-2.78144
-2.78170
-2.78195
-2.78221
-2.78247
-2.78272
-2.78298
-2.78323
-2.78349
-2.78374
-2.78400
-2.78425
-2.78451
-2.78476
-2.78502
-2.78527
-2.78553
-2.78578
-2.78604
-2.78629
-2.78655
-2.78680
-2.78706
-2.78732
-2.78757
-2.78783
-2.78808
-2.78834
-2.78859
-2.78885
-2.78910
-2.78936
-2.78961
-2.78987
-2.79012
-2.79038
-2.79063
-2.79089
-2.79114
-2.79140
-2.79165
-2.79191
-2.79217
-2.79242
-2.79268
-2.79293
-2.79319
-2.79344
-2.79370
-2.79395
-2.79421
-2.79446
-2.79472
-2.79497
-2.79523
-2.79548
-2.79574
-2.79599
-2.79625
-2.79650
-2.79676
-2.79702
-2.79727
-2.79753
-2.79778
-2.79804
-2.79829
-2.79855
-2.79880
-2.79906
-2.79931
-2.79957
-2.79982
-2.80008
-2.80033
-2.80059
-2.80084
-2.80110
-2.80135
-2.80161
-2.80187
-2.80212
-2.80238
-2.80263
-2.80289
-2.80314
-2.80340
-2.80365
-2.80391
-2.80416
-2.80442
-2.80467
-2.80493
-2.80518
-2.80544
-2.80569
-2.80595
-2.80620
-2.80646
-2.80672
-2.80697
-2.80723
-2.80748
-2.80774
-2.80799
-2.80825
-2.80850
-2.80876
-2.80901
-2.80927
-2.80952
-2.80978
-2.81003
-2.81029
-2.81054
-2.81080
-2.81105
-2.81131
-2.81156
-2.81182
-2.81208
-2.81233
-2.81259
-2.81284
-2.81310
-2.81335
-2.81361
-2.81386
-2.81412
-2.81437
-2.81463
-2.81488
-2.81514
-2.81539
-2.81565
-2.81590
-2.81616
-2.81641
-2.81667
-2.81693
-2.81718
-2.81744
-2.81769
-2.81795
-2.81820
-2.81846
-2.81871
-2.81897
-2.81922
-2.81948
-2.81973
-2.81999
-2.82024
-2.82050
-2.82075
-2.82101
-2.82126
-2.82152
-2.82178
-2.82203
-2.82229
-2.82254
-2.82280
-2.82305
-2.82331
-2.82356
-2.82382
-2.82407
-2.82433
-2.82458
-2.82484
-2.82509
-2.82535
-2.82560
-2.82586
-2.82611
-2.82637
-2.82663
-2.82688
-2.82714
-2.82739
-2.82765
-2.82790
-2.82816
-2.82841
-2.82867
-2.82892
-2.82918
-2.82943
-2.82969
-2.82994
-2.83020
-2.83045
-2.83071
-2.83096
-2.83122
-2.83147
-2.83173
-2.83199
-2.83224
-2.83250
-2.83275
-2.83301
-2.83326
-2.83352
-2.83377
-2.83403
-2.83428
-2.83454
-2.83479
-2.83505
-2.83530
-2.83556
-2.83581
-2.83607
-2.83632
-2.83658
-2.83684
-2.83709
-2.83735
-2.83760
-2.83786
-2.83811
-2.83837
-2.83862
-2.83888
-2.83913
-2.83939
-2.83964
-2.83990
-2.84015
-2.84041
-2.84066
-2.84092
-2.84117
-2.84143
-2.84168
-2.84194
-2.84220
-2.84245
-2.84271
-2.84296
-2.84322
-2.84347
-2.84373
-2.84398
-2.84424
-2.84449
-2.84475
-2.84500
-2.84526
-2.84551
-2.84577
-2.84602
-2.84628
-2.84653
-2.84679
-2.84705
-2.84730
-2.84756
-2.84781
-2.84807
-2.84832
-2.84858
-2.84883
-2.84909
-2.84934
-2.84960
-2.84985
-2.85011
-2.85036
-2.85062
-2.85087
-2.85113
-2.85138
-2.85164
-2.85189
-2.85215
-2.85241
-2.85266
-2.85292
-2.85317
-2.85343
-2.85368
-2.85394
-2.85419
-2.85445
-2.85470
-2.85496
-2.85521
-2.85547
-2.85572
-2.85598
-2.85623
-2.85649
-2.85674
-2.85700
-2.85725
-2.85751
-2.85777
-2.85802
-2.85828
-2.85853
-2.85879
-2.85904
-2.85930
-2.85955
-2.85981
-2.86006
-2.86032
-2.86057
-2.86083
-2.86108
-2.86134
-2.86159
-2.86185
-2.86210
-2.86236
-2.86262
-2.86287
-2.86313
-2.86338
-2.86364
-2.86389
-2.86415
-2.86440
-2.86466
-2.86491
-2.86517
-2.86542
-2.86568
-2.86593
-2.86619
-2.86644
-2.86670
-2.86695
-2.86721
-2.86746
-2.86772
-2.86798
-2.86823
-2.86849
-2.86874
-2.86900
-2.86925
-2.86951
-2.86976
-2.87002
-2.87027
-2.87053
-2.87078
-2.87104
-2.87129
-2.87155
-2.87180
-2.87206
-2.87231
-2.87257
-2.87282
-2.87308
-2.87334
-2.87359
-2.87385
-2.87410
-2.87436
-2.87461
-2.87487
-2.87512
-2.87538
-2.87563
-2.87589
-2.87614
-2.87640
-2.87665
-2.87691
-2.87716
-2.87742
-2.87767
-2.87793
-2.87818
-2.87844
-2.87870
-2.87895
-2.87921
-2.87946
-2.87972
-2.87997
-2.88023
-2.88048
-2.88074
-2.88099
-2.88125
-2.88150
-2.88176
-2.88201
-2.88227
-2.88252
-2.88278
-2.88303
-2.88329
-2.88354
-2.88380
-2.88406
-2.88431
-2.88457
-2.88482
-2.88508
-2.88533
-2.88559
-2.88584
-2.88610
-2.88635
-2.88661
-2.88686
-2.88712
-2.88737
-2.88763
-2.88788
-2.88814
-2.88839
-2.88865
-2.88890
-2.88916
-2.88942
-2.88967
-2.88993
-2.89018
-2.89044
-2.89069
-2.89095
-2.89120
-2.89146
-2.89171
-2.89197
-2.89222
-2.89248
-2.89273
-2.89299
-2.89324
-2.89350
-2.89375
-2.89401
-2.89426
-2.89452
-2.89478
-2.89503
-2.89529
-2.89554
-2.89580
-2.89605
-2.89631
-2.89656
-2.89682
-2.89707
-2.89733
-2.89758
-2.89784
-2.89809
-2.89835
-2.89860
-2.89886
-2.89911
-2.89937
-2.89962
-2.89988
-2.90014
-2.90039
-2.90065
-2.90090
-2.90116
-2.90141
-2.90167
-2.90192
-2.90218
-2.90243
-2.90269
-2.90294
-2.90320
-2.90345
-2.90371
-2.90396
-2.90422
-2.90447
-2.90473
-2.90498
-2.90524
-2.90550
-2.90575
-2.90601
-2.90626
-2.90652
-2.90677
-2.90703
-2.90728
-2.90754
-2.90779
-2.90805
-2.90830
-2.90856
-2.90881
-2.90907
-2.90932
-2.90958
-2.90983
-2.91009
-2.91034
-2.91060
-2.91086
-2.91111
-2.91137
-2.91162
-2.91188
-2.91213
-2.91239
-2.91264
-2.91290
-2.91315
-2.91341
-2.91366
-2.91392
-2.91417
-2.91443
-2.91468
-2.91494
-2.91519
-2.91545
-2.91570
-2.91596
-2.91621
-2.91647
-2.91673
-2.91698
-2.91724
-2.91749
-2.91775
-2.91800
-2.91826
-2.91851
-2.91877
-2.91902
-2.91928
-2.91953
-2.91979
-2.92004
-2.92030
-2.92055
-2.92081
-2.92106
-2.92132
-2.92157
-2.92183
-2.92209
-2.92234
-2.92260
-2.92285
-2.92311
-2.92336
-2.92362
-2.92387
-2.92413
-2.92438
-2.92464
-2.92489
-2.92515
-2.92540
-2.92566
-2.92591
-2.92617
-2.92642
-2.92668
-2.92693
-2.92719
-2.92744
-2.92770
-2.92796
-2.92821
-2.92847
-2.92872
-2.92898
-2.92923
-2.92949
-2.92974
-2.93000
-2.93025
-2.93051
-2.93076
-2.93102
-2.93127
-2.93153
-2.93178
-2.93204
-2.93229
-2.93255
-2.93280
-2.93306
-2.93332
-2.93357
-2.93383
-2.93408
-2.93434
-2.93459
-2.93485
-2.93510
-2.93536
-2.93561
-2.93587
-2.93612
-2.93638
-2.93663
-2.93689
-2.93714
-2.93740
-2.93765
-2.93791
-2.93816
-2.93842
-2.93867
-2.93893
-2.93919
-2.93944
-2.93970
-2.93995
-2.94021
-2.94046
-2.94072
-2.94097
-2.94123
-2.94148
-2.94174
-2.94199
-2.94225
-2.94250
-2.94276
-2.94301
-2.94327
-2.94352
-2.94378
-2.94403
-2.94429
-2.94455
-2.94480
-2.94506
-2.94531
-2.94557
-2.94582
-2.94608
-2.94633
-2.94659
-2.94684
-2.94710
-2.94735
-2.94761
-2.94786
-2.94812
-2.94837
-2.94863
-2.94888
-2.94914
-2.94939
-2.94965
-2.94990
-2.95016
-2.95042
-2.95067
-2.95093
-2.95118
-2.95144
-2.95169
-2.95195
-2.95220
-2.95246
-2.95271
-2.95297
-2.95322
-2.95348
-2.95373
-2.95399
-2.95424
-2.95450
-2.95475
-2.95501
-2.95526
-2.95552
-2.95577
-2.95603
-2.95629
-2.95654
-2.95680
-2.95705
-2.95731
-2.95756
-2.95782
-2.95807
-2.95833
-2.95858
-2.95884
-2.95909
-2.95935
-2.95960
-2.95986
-2.96011
-2.96037
-2.96062
-2.96088
-2.96113
-2.96139
-2.96164
-2.96190
-2.96216
-2.96241
-2.96267
-2.96292
-2.96318
-2.96343
-2.96369
-2.96394
-2.96420
-2.96445
-2.96471
-2.96496
-2.96522
-2.96547
-2.96573
-2.96598
-2.96624
-2.96649
-2.96675
-2.96700
-2.96726
-2.96751
-2.96777
-2.96803
-2.96828
-2.96854
-2.96879
-2.96905
-2.96930
-2.96956
-2.96981
-2.97007
-2.97032
-2.97058
-2.97083
-2.97109
-2.97134
-2.97160
-2.97185
-2.97211
-2.97236
-2.97262
-2.97287
-2.97313
-2.97338
-2.97364
-2.97390
-2.97415
-2.97441
-2.97466
-2.97492
-2.97517
-2.97543
-2.97568
-2.97594
-2.97619
-2.97645
-2.97670
-2.97696
-2.97721
-2.97747
-2.97772
-2.97798
-2.97823
-2.97849
-2.97874
-2.97900
-2.97925
-2.97951
-2.97977
-2.98002
-2.98028
-2.98053
-2.98079
-2.98104
-2.98130
-2.98155
-2.98181
-2.98206
-2.98232
-2.98257
-2.98283
-2.98308
-2.98334
-2.98359
-2.98385
-2.98410
-2.98436
-2.98461
-2.98487
-2.98512
-2.98538
-2.98564
-2.98589
-2.98615
-2.98640
-2.98666
-2.98691
-2.98717
-2.98742
-2.98768
-2.98793
-2.98819
-2.98844
-2.98870
-2.98895
-2.98921
-2.98946
-2.98972
-2.98997
-2.99023
-2.99048
-2.99074
-2.99099
-2.99125
-2.99151
-2.99176
-2.99202
-2.99227
-2.99253
-2.99278
-2.99304
-2.99329
-2.99355
-2.99380
-2.99406
-2.99431
-2.99457
-2.99482
-2.99508
-2.99533
-2.99559
-2.99584
-2.99610
-2.99635
-2.99661
-2.99686
-2.99712
-2.99737
-2.99763
-2.99789
-2.99814
-2.99840
-2.99865
-2.99891
-2.99916
-2.99942
-2.99967
-2.99993
-3.00018
-3.00044
-3.00069
-3.00095
-3.00120
-3.00146
-3.00171
-3.00197
-3.00222
-3.00248
-3.00273
-3.00299
-3.00324
-3.00350
-3.00376
-3.00401
-3.00427
-3.00452
-3.00478
-3.00503
-3.00529
-3.00554
-3.00580
-3.00605
-3.00631
-3.00656
-3.00682
-3.00707
-3.00733
-3.00758
-3.00784
-3.00809
-3.00835
-3.00860
-3.00886
-3.00911
-3.00937
-3.00962
-3.00988
-3.01014
-3.01039
-3.01065
-3.01090
-3.01116
-3.01141
-3.01167
-3.01192
-3.01218
-3.01243
-3.01269
-3.01294
-3.01320
-3.01345
-3.01371
-3.01396
-3.01422
-3.01447
-3.01473
-3.01498
-3.01524
-3.01549
-3.01575
-3.01600
-3.01626
-3.01652
-3.01677
-3.01703
-3.01728
-3.01754
-3.01779
-3.01805
-3.01830
-3.01856
-3.01881
-3.01907
-3.01932
-3.01958
-3.01983
-3.02009
-3.02034
-3.02060
-3.02085
-3.02111
-3.02136
-3.02162
-3.02187
-3.02213
-3.02239
-3.02264
-3.02290
-3.02315
-3.02341
-3.02366
-3.02392
-3.02417
-3.02443
-3.02468
-3.02494
-3.02519
-3.02545
-3.02570
-3.02596
-3.02621
-3.02647
-3.02672
-3.02698
-3.02723
-3.02749
-3.02774
-3.02800
-3.02825
-3.02851
-3.02877
-3.02902
-3.02928
-3.02953
-3.02979
-3.03004
-3.03030
-3.03055
-3.03081
-3.03106
-3.03132
-3.03157
-3.03183
-3.03208
-3.03234
-3.03259
-3.03285
-3.03310
-3.03336
-3.03361
-3.03387
-3.03412
-3.03438
-3.03463
-3.03489
-3.03515
-3.03540
-3.03566
-3.03591
-3.03617
-3.03642
-3.03668
-3.03693
-3.03719
-3.03744
-3.03770
-3.03795
-3.03821
-3.03846
-3.03872
-3.03897
-3.03923
-3.03948
-3.03974
-3.03999
-3.04025
-3.04050
-3.04076
-3.04101
-3.04127
-3.04153
-3.04178
-3.04204
-3.04229
-3.04255
-3.04280
-3.04306
-3.04331
-3.04357
-3.04382
-3.04408
-3.04433
-3.04459
-3.04484
-3.04510
-3.04535
-3.04561
-3.04586
-3.04612
-3.04637
-3.04663
-3.04688
-3.04714
-3.04739
-3.04765
-3.04791
-3.04816
-3.04842
-3.04867
-3.04893
-3.04918
-3.04944
-3.04969
-3.04995
-3.05020
-3.05046
-3.05071
-3.05097
-3.05122
-3.05148
-3.05173
-3.05199
-3.05224
-3.05250
-3.05275
-3.05301
-3.05326
-3.05352
-3.05377
-3.05403
-3.05428
-3.05454
-3.05480
-3.05505
-3.05531
-3.05556
-3.05582
-3.05607
-3.05633
-3.05658
-3.05684
-3.05709
-3.05735
-3.05760
-3.05786
-3.05811
-3.05837
-3.05862
-3.05888
-3.05913
-3.05939
-3.05964
-3.05990
-3.06015
-3.06041
-3.06066
-3.06092
-3.06118
-3.06143
-3.06169
-3.06194
-3.06220
-3.06245
-3.06271
-3.06296
-3.06322
-3.06347
-3.06373
-3.06398
-3.06424
-3.06449
-3.06475
-3.06500
-3.06526
-3.06551
-3.06577
-3.06602
-3.06628
-3.06653
-3.06679
-3.06704
-3.06730
-3.06756
-3.06781
-3.06807
-3.06832
-3.06858
-3.06883
-3.06909
-3.06934
-3.06960
-3.06985
-3.07011
-3.07036
-3.07062
-3.07087
-3.07113
-3.07138
-3.07164
-3.07189
-3.07215
-3.07240
-3.07266
-3.07291
-3.07317
-3.07342
-3.07368
-3.07393
-3.07419
-3.07445
-3.07470
-3.07496
-3.07521
-3.07547
-3.07572
-3.07598
-3.07623
-3.07649
-3.07674
-3.07700
-3.07725
-3.07751
-3.07776
-3.07802
-3.07827
-3.07853
-3.07878
-3.07904
-3.07929
-3.07955
-3.07980
-3.08006
-3.08031
-3.08057
-3.08082
-3.08108
-3.08134
-3.08159
-3.08185
-3.08210
-3.08236
-3.08261
-3.08287
-3.08312
-3.08338
-3.08363
-3.08389
-3.08414
-3.08440
-3.08465
-3.08491
-3.08516
-3.08542
-3.08567
-3.08593
-3.08618
-3.08644
-3.08669
-3.08695
-3.08720
-3.08746
-3.08771
-3.08797
-3.08823
-3.08848
-3.08874
-3.08899
-3.08925
-3.08950
-3.08976
-3.09001
-3.09027
-3.09052
-3.09078
-3.09103
-3.09129
-3.09154
-3.09180
-3.09205
-3.09231
-3.09256
-3.09282
-3.09307
-3.09333
-3.09358
-3.09384
-3.09409
-3.09435
-3.09460
-3.09486
-3.09512
-3.09537
-3.09563
-3.09588
-3.09614
-3.09639
-3.09665
-3.09690
-3.09716
-3.09741
-3.09767
-3.09792
-3.09818
-3.09843
-3.09869
-3.09894
-3.09920
-3.09945
-3.09971
-3.09996
-3.10022
-3.10047
-3.10073
-3.10098
-3.10124
-3.10149
-3.10175
-3.10201
-3.10226
-3.10252
-3.10277
-3.10303
-3.10328
-3.10354
-3.10379
-3.10405
-3.10430
-3.10456
-3.10481
-3.10507
-3.10532
-3.10558
-3.10583
-3.10609
-3.10634
-3.10660
-3.10685
-3.10711
-3.10736
-3.10762
-3.10787
-3.10813
-3.10838
-3.10864
-3.10890
-3.10915
-3.10941
-3.10966
-3.10992
-3.11017
-3.11043
-3.11068
-3.11094
-3.11119
-3.11145
-3.11170
-3.11196
-3.11221
-3.11247
-3.11272
-3.11298
-3.11323
-3.11349
-3.11374
-3.11400
-3.11425
-3.11451
-3.11476
-3.11502
-3.11527
-3.11553
-3.11579
-3.11604
-3.11630
-3.11655
-3.11681
-3.11706
-3.11732
-3.11757
-3.11783
-3.11808
-3.11834
-3.11859
-3.11885
-3.11910
-3.11936
-3.11961
-3.11987
-3.12012
-3.12038
-3.12063
-3.12089
-3.12114
-3.12140
-3.12165
-3.12191
-3.12216
-3.12242
-3.12267
-3.12293
-3.12319
-3.12344
-3.12370
-3.12395
-3.12421
-3.12446
-3.12472
-3.12497
-3.12523
-3.12548
-3.12574
-3.12599
-3.12625
-3.12650
-3.12676
-3.12701
-3.12727
-3.12752
-3.12778
-3.12803
-3.12829
-3.12854
-3.12880
-3.12905
-3.12931
-3.12956
-3.12982
-3.13008
-3.13033
-3.13059
-3.13084
-3.13110
-3.13135
-3.13161
-3.13186
-3.13212
-3.13237
-3.13263
-3.13288
-3.13314
-3.13339
-3.13365
-3.13390
-3.13416
-3.13441
-3.13467
-3.13492
-3.13518
-3.13543
-3.13569
-3.13594
-3.13620
-3.13645
-3.13671
-3.13696
-3.13722
-3.13748
-3.13773
-3.13799
-3.13824
-3.13850
-3.13875
-3.13901
-3.13926
-3.13952
-3.13977
-3.14003
-3.14028
-3.14054
-3.14079
-3.14105
-3.14130
-3.14156
-3.14181
-3.14207
-3.14232
-3.14258
-3.14283
-3.14309
-3.14334
-3.14360
-3.14385
-3.14411
-3.14436
-3.14462
-3.14488
-3.14513
-3.14539
-3.14564
-3.14590
-3.14615
-3.14641
-3.14666
-3.14692
-3.14717
-3.14743
-3.14768
-3.14794
-3.14819
-3.14845
-3.14870
-3.14896
-3.14921
-3.14947
-3.14972
-3.14998
-3.15023
-3.15049
-3.15074
-3.15100
-3.15125
-3.15151
-3.15176
-3.15202
-3.15228
-3.15253
-3.15279
-3.15304
-3.15330
-3.15355
-3.15381
-3.15406
-3.15432
-3.15457
-3.15483
-3.15508
-3.15534
-3.15559
-3.15585
-3.15610
-3.15636
-3.15661
-3.15687
-3.15712
-3.15738
-3.15763
-3.15789
-3.15814
-3.15840
-3.15865
-3.15891
-3.15916
-3.15942
-3.15967
-3.15993
-3.16019
-3.16044
-3.16070
-3.16095
-3.16121
-3.16146
-3.16172
-3.16197
-3.16223
-3.16248
-3.16274
-3.16299
-3.16325
-3.16350
-3.16376
-3.16401
-3.16427
-3.16452
-3.16478
-3.16503
-3.16529
-3.16554
-3.16580
-3.16605
-3.16631
-3.16656
-3.16682
-3.16707
-3.16733
-3.16759
-3.16784
-3.16810
-3.16835
-3.16861
-3.16886
-3.16912
-3.16937
-3.16963
-3.16988
-3.17014
-3.17039
-3.17065
-3.17090
-3.17116
-3.17141
-3.17167
-3.17192
-3.17218
-3.17243
-3.17269
-3.17294
-3.17320
-3.17345
-3.17371
-3.17396
-3.17422
-3.17447
-3.17473
-3.17498
-3.17524
-3.17550
-3.17575
-3.17601
-3.17626
-3.17652
-3.17677
-3.17703
-3.17728
-3.17754
-3.17779
-3.17805
-3.17830
-3.17856
-3.17881
-3.17907
-3.17932
-3.17958
-3.17983
-3.18009
-3.18034
-3.18060
-3.18085
-3.18111
-3.18136
-3.18162
-3.18187
-3.18213
-3.18238
-3.18264
-3.18289
-3.18315
-3.18341
-3.18366
-3.18392
-3.18417
-3.18443
-3.18468
-3.18494
-3.18519
-3.18545
-3.18570
-3.18596
-3.18621
-3.18647
-3.18672
-3.18698
-3.18723
-3.18749
-3.18774
-3.18800
-3.18825
-3.18851
-3.18876
-3.18902
-3.18927
-3.18953
-3.18978
-3.19004
-3.19029
-3.19055
-3.19080
-3.19106
-3.19132
-3.19157
-3.19183
-3.19208
-3.19234
-3.19259
-3.19285
-3.19310
-3.19336
-3.19361
-3.19387
-3.19412
-3.19438
-3.19463
-3.19489
-3.19514
-3.19540
-3.19565
-3.19591
-3.19616
-3.19642
-3.19667
-3.19693
-3.19718
-3.19744
-3.19769
-3.19795
-3.19820
-3.19846
-3.19871
-3.19897
-3.19923
-3.19948
-3.19974
-3.19999
-3.20025
-3.20050
-3.20076
-3.20101
-3.20127
-3.20152
-3.20178
-3.20203
-3.20229
-3.20254
-3.20280
-3.20305
-3.20331
-3.20356
-3.20382
-3.20407
-3.20433
-3.20458
-3.20484
-3.20509
-3.20535
-3.20560
-3.20586
-3.20611
-3.20637
-3.20662
-3.20688
-3.20714
-3.20739
-3.20765
-3.20790
-3.20816
-3.20841
-3.20867
-3.20892
-3.20918
-3.20943
-3.20969
-3.20994
-3.21020
-3.21045
-3.21071
-3.21096
-3.21122
-3.21147
-3.21173
-3.21198
-3.21224
-3.21249
-3.21275
-3.21300
-3.21326
-3.21351
-3.21377
-3.21402
-3.21428
-3.21453
-3.21479
-3.21504
-3.21530
-3.21556
-3.21581
-3.21607
-3.21632
-3.21658
-3.21683
-3.21709
-3.21734
-3.21760
-3.21785
-3.21811
-3.21836
-3.21862
-3.21887
-3.21913
-3.21938
-3.21964
-3.21989
-3.22015
-3.22040
-3.22066
-3.22091
-3.22117
-3.22142
-3.22168
-3.22193
-3.22219
-3.22244
-3.22270
-3.22295
-3.22321
-3.22346
-3.22372
-3.22398
-3.22423
-3.22449
-3.22474
-3.22500
-3.22525
-3.22551
-3.22576
-3.22602
-3.22627
-3.22653
-3.22678
-3.22704
-3.22729
-3.22755
-3.22780
-3.22806
-3.22831
-3.22857
-3.22882
-3.22908
-3.22933
-3.22959
-3.22984
-3.23010
-3.23035
-3.23061
-3.23086
-3.23112
-3.23137
-3.23163
-3.23188
-3.23214
-3.23240
-3.23265
-3.23291
-3.23316
-3.23342
-3.23367
-3.23393
-3.23418
-3.23444
-3.23469
-3.23495
-3.23520
-3.23546
-3.23571
-3.23597
-3.23622
-3.23648
-3.23673
-3.23699
-3.23724
-3.23750
-3.23775
-3.23801
-3.23826
-3.23852
-3.23877
-3.23903
-3.23928
-3.23954
-3.23979
-3.24005
-3.24030
-3.24056
-3.24082
-3.24107
-3.24133
-3.24158
-3.24184
-3.24209
-3.24235
-3.24260
-3.24286
-3.24311
-3.24337
-3.24362
-3.24388
-3.24413
-3.24439
-3.24464
-3.24490
-3.24515
-3.24541
-3.24566
-3.24592
-3.24617
-3.24643
-3.24668
-3.24694
-3.24719
-3.24745
-3.24770
-3.24796
-3.24821
-3.24847
-3.24872
-3.24898
-3.24923
-3.24949
-3.24975
-3.25000
-3.25026
-3.25051
-3.25077
-3.25102
-3.25128
-3.25153
-3.25179
-3.25204
-3.25230
-3.25255
-3.25281
-3.25306
-3.25332
-3.25357
-3.25383
-3.25408
-3.25434
-3.25459
-3.25485
-3.25510
-3.25536
-3.25561
-3.25587
-3.25612
-3.25638
-3.25663
-3.25689
-3.25714
-3.25740
-3.25765
-3.25791
-3.25816
-3.25842
-3.25868
-3.25893
-3.25919
-3.25944
-3.25970
-3.25995
-3.26021
-3.26046
-3.26072
-3.26097
-3.26123
-3.26148
-3.26174
-3.26199
-3.26225
-3.26250
-3.26276
-3.26301
-3.26327
-3.26352
-3.26378
-3.26403
-3.26429
-3.26454
-3.26480
-3.26505
-3.26531
-3.26556
-3.26582
-3.26607
-3.26633
-3.26658
-3.26684
-3.26709
-3.26735
-3.26761
-3.26786
-3.26812
-3.26837
-3.26863
-3.26888
-3.26914
-3.26939
-3.26965
-3.26990
-3.27016
-3.27041
-3.27067
-3.27092
-3.27118
-3.27143
-3.27169
-3.27194
-3.27220
-3.27245
-3.27271
-3.27296
-3.27322
-3.27347
-3.27373
-3.27398
-3.27424
-3.27449
-3.27475
-3.27500
-3.27526
-3.27551
-3.27577
-3.27602
-3.27628
-3.27654
-3.27679
-3.27705
-3.27730
-3.27756
-3.27781
-3.27807
-3.27832
-3.27858
-3.27883
-3.27909
-3.27934
-3.27960
-3.27985
-3.28011
-3.28036
-3.28062
-3.28087
-3.28113
-3.28138
-3.28164
-3.28189
-3.28215
-3.28240
-3.28266
-3.28291
-3.28317
-3.28342
-3.28368
-3.28393
-3.28419
-3.28444
-3.28470
-3.28495
-3.28521
-3.28546
-3.28572
-3.28598
-3.28623
-3.28649
-3.28674
-3.28700
-3.28725
-3.28751
-3.28776
-3.28802
-3.28827
-3.28853
-3.28878
-3.28904
-3.28929
-3.28955
-3.28980
-3.29006
-3.29031
-3.29057
-3.29082
-3.29108
-3.29133
-3.29159
-3.29184
-3.29210
-3.29235
-3.29261
-3.29286
-3.29312
-3.29337
-3.29363
-3.29388
-3.29414
-3.29439
-3.29465
-3.29490
-3.29516
-3.29542
-3.29567
-3.29593
-3.29618
-3.29644
-3.29669
-3.29695
-3.29720
-3.29746
-3.29771
-3.29797
-3.29822
-3.29848
-3.29873
-3.29899
-3.29924
-3.29950
-3.29975
-3.30001
-3.30026
-3.30052
-3.30077
-3.30103
-3.30128
-3.30154
-3.30179
-3.30205
-3.30230
-3.30256
-3.30281
-3.30307
-3.30332
-3.30358
-3.30383
-3.30409
-3.30434
-3.30460
-3.30486
-3.30511
-3.30537
-3.30562
-3.30588
-3.30613
-3.30639
-3.30664
-3.30690
-3.30715
-3.30741
-3.30766
-3.30792
-3.30817
-3.30843
-3.30868
-3.30894
-3.30919
-3.30945
-3.30970
-3.30996
-3.31021
-3.31047
-3.31072
-3.31098
-3.31123
-3.31149
-3.31174
-3.31200
-3.31225
-3.31251
-3.31276
-3.31302
-3.31327
-3.31353
-3.31378
-3.31404
-3.31429
-3.31455
-3.31481
-3.31506
-3.31532
-3.31557
-3.31583
-3.31608
-3.31634
-3.31659
-3.31685
-3.31710
-3.31736
-3.31761
-3.31787
-3.31812
-3.31838
-3.31863
-3.31889
-3.31914
-3.31940
-3.31965
-3.31991
-3.32016
-3.32042
-3.32067
-3.32093
-3.32118
-3.32144
-3.32169
-3.32195
-3.32220
-3.32246
-3.32271
-3.32297
-3.32322
-3.32348
-3.32373
-3.32399
-3.32424
-3.32450
-3.32476
-3.32501
-3.32527
-3.32552
-3.32578
-3.32603
-3.32629
-3.32654
-3.32680
-3.32705
-3.32731
-3.32756
-3.32782
-3.32807
-3.32833
-3.32858
-3.32884
-3.32909
-3.32935
-3.32960
-3.32986
-3.33011
-3.33037
-3.33062
-3.33088
-3.33113
-3.33139
-3.33164
-3.33190
-3.33215
-3.33241
-3.33266
-3.33292
-3.33317
-3.33343
-3.33368
-3.33394
-3.33419
-3.33445
-3.33470
-3.33496
-3.33522
-3.33547
-3.33573
-3.33598
-3.33624
-3.33649
-3.33675
-3.33700
-3.33726
-3.33751
-3.33777
-3.33802
-3.33828
-3.33853
-3.33879
-3.33904
-3.33930
-3.33955
-3.33981
-3.34006
-3.34032
-3.34057
-3.34083
-3.34108
-3.34134
-3.34159
-3.34185
-3.34210
-3.34236
-3.34261
-3.34287
-3.34312
-3.34338
-3.34363
-3.34389
-3.34414
-3.34440
-3.34465
-3.34491
-3.34516
-3.34542
-3.34568
-3.34593
-3.34619
-3.34644
-3.34670
-3.34695
-3.34721
-3.34746
-3.34772
-3.34797
-3.34823
-3.34848
-3.34874
-3.34899
-3.34925
-3.34950
-3.34976
-3.35001
-3.35027
-3.35052
-3.35078
-3.35103
-3.35129
-3.35154
-3.35180
-3.35205
-3.35231
-3.35256
-3.35282
-3.35307
-3.35333
-3.35358
-3.35384
-3.35409
-3.35435
-3.35460
-3.35486
-3.35511
-3.35537
-3.35562
-3.35588
-3.35614
-3.35639
-3.35665
-3.35690
-3.35716
-3.35741
-3.35767
-3.35792
-3.35818
-3.35843
-3.35869
-3.35894
-3.35920
-3.35945
-3.35971
-3.35996
-3.36022
-3.36047
-3.36073
-3.36098
-3.36124
-3.36149
-3.36175
-3.36200
-3.36226
-3.36251
-3.36277
-3.36302
-3.36328
-3.36353
-3.36379
-3.36404
-3.36430
-3.36455
-3.36481
-3.36506
-3.36532
-3.36557
-3.36583
-3.36608
-3.36634
-3.36659
-3.36685
-3.36711
-3.36736
-3.36762
-3.36787
-3.36813
-3.36838
-3.36864
-3.36889
-3.36915
-3.36940
-3.36966
-3.36991
-3.37017
-3.37042
-3.37068
-3.37093
-3.37119
-3.37144
-3.37170
-3.37195
-3.37221
-3.37246
-3.37272
-3.37297
-3.37323
-3.37348
-3.37374
-3.37399
-3.37425
-3.37450
-3.37476
-3.37501
-3.37527
-3.37552
-3.37578
-3.37603
-3.37629
-3.37654
-3.37680
-3.37705
-3.37731
-3.37756
-3.37782
-3.37807
-3.37833
-3.37859
-3.37884
-3.37910
-3.37935
-3.37961
-3.37986
-3.38012
-3.38037
-3.38063
-3.38088
-3.38114
-3.38139
-3.38165
-3.38190
-3.38216
-3.38241
-3.38267
-3.38292
-3.38318
-3.38343
-3.38369
-3.38394
-3.38420
-3.38445
-3.38471
-3.38496
-3.38522
-3.38547
-3.38573
-3.38598
-3.38624
-3.38649
-3.38675
-3.38700
-3.38726
-3.38751
-3.38777
-3.38802
-3.38828
-3.38853
-3.38879
-3.38904
-3.38930
-3.38955
-3.38981
-3.39007
-3.39032
-3.39058
-3.39083
-3.39109
-3.39134
-3.39160
-3.39185
-3.39211
-3.39236
-3.39262
-3.39287
-3.39313
-3.39338
-3.39364
-3.39389
-3.39415
-3.39440
-3.39466
-3.39491
-3.39517
-3.39542
-3.39568
-3.39593
-3.39619
-3.39644
-3.39670
-3.39695
-3.39721
-3.39746
-3.39772
-3.39797
-3.39823
-3.39848
-3.39874
-3.39899
-3.39925
-3.39950
-3.39976
-3.40001
-3.40027
-3.40052
-3.40078
-3.40103
-3.40129
-3.40154
-3.40180
-3.40206
-3.40231
-3.40257
-3.40282
-3.40308
-3.40333
-3.40359
-3.40384
-3.40410
-3.40435
-3.40461
-3.40486
-3.40512
-3.40537
-3.40563
-3.40588
-3.40614
-3.40639
-3.40665
-3.40690
-3.40716
-3.40741
-3.40767
-3.40792
-3.40818
-3.40843
-3.40869
-3.40894
-3.40920
-3.40945
-3.40971
-3.40996
-3.41022
-3.41047
-3.41073
-3.41098
-3.41124
-3.41149
-3.41175
-3.41200
-3.41226
-3.41251
-3.41277
-3.41302
-3.41328
-3.41353
-3.41379
-3.41405
-3.41430
-3.41456
-3.41481
-3.41507
-3.41532
-3.41558
-3.41583
-3.41609
-3.41634
-3.41660
-3.41685
-3.41711
-3.41736
-3.41762
-3.41787
-3.41813
-3.41838
-3.41864
-3.41889
-3.41915
-3.41940
-3.41966
-3.41991
-3.42017
-3.42042
-3.42068
-3.42093
-3.42119
-3.42144
-3.42170
-3.42195
-3.42221
-3.42246
-3.42272
-3.42297
-3.42323
-3.42348
-3.42374
-3.42399
-3.42425
-3.42450
-3.42476
-3.42501
-3.42527
-3.42552
-3.42578
-3.42603
-3.42629
-3.42655
-3.42680
-3.42706
-3.42731
-3.42757
-3.42782
-3.42808
-3.42833
-3.42859
-3.42884
-3.42910
-3.42935
-3.42961
-3.42986
-3.43012
-3.43037
-3.43063
-3.43088
-3.43114
-3.43139
-3.43165
-3.43190
-3.43216
-3.43241
-3.43267
-3.43292
-3.43318
-3.43343
-3.43369
-3.43394
-3.43420
-3.43445
-3.43471
-3.43496
-3.43522
-3.43547
-3.43573
-3.43598
-3.43624
-3.43649
-3.43675
-3.43700
-3.43726
-3.43751
-3.43777
-3.43802
-3.43828
-3.43853
-3.43879
-3.43904
-3.43930
-3.43956
-3.43981
-3.44007
-3.44032
-3.44058
-3.44083
-3.44109
-3.44134
-3.44160
-3.44185
-3.44211
-3.44236
-3.44262
-3.44287
-3.44313
-3.44338
-3.44364
-3.44389
-3.44415
-3.44440
-3.44466
-3.44491
-3.44517
-3.44542
-3.44568
-3.44593
-3.44619
-3.44644
-3.44670
-3.44695
-3.44721
-3.44746
-3.44772
-3.44797
-3.44823
-3.44848
-3.44874
-3.44899
-3.44925
-3.44950
-3.44976
-3.45001
-3.45027
-3.45052
-3.45078
-3.45103
-3.45129
-3.45154
-3.45180
-3.45205
-3.45231
-3.45256
-3.45282
-3.45308
-3.45333
-3.45359
-3.45384
-3.45410
-3.45435
-3.45461
-3.45486
-3.45512
-3.45537
-3.45563
-3.45588
-3.45614
-3.45639
-3.45665
-3.45690
-3.45716
-3.45741
-3.45767
-3.45792
-3.45818
-3.45843
-3.45869
-3.45894
-3.45920
-3.45945
-3.45971
-3.45996
-3.46022
-3.46047
-3.46073
-3.46098
-3.46124
-3.46149
-3.46175
-3.46200
-3.46226
-3.46251
-3.46277
-3.46302
-3.46328
-3.46353
-3.46379
-3.46404
-3.46430
-3.46455
-3.46481
-3.46506
-3.46532
-3.46557
-3.46583
-3.46608
-3.46634
-3.46659
-3.46685
-3.46711
-3.46736
-3.46762
-3.46787
-3.46813
-3.46838
-3.46864
-3.46889
-3.46915
-3.46940
-3.46966
-3.46991
-3.47017
-3.47042
-3.47068
-3.47093
-3.47119
-3.47144
-3.47170
-3.47195
-3.47221
-3.47246
-3.47272
-3.47297
-3.47323
-3.47348
-3.47374
-3.47399
-3.47425
-3.47450
-3.47476
-3.47501
-3.47527
-3.47552
-3.47578
-3.47603
-3.47629
-3.47654
-3.47680
-3.47705
-3.47731
-3.47756
-3.47782
-3.47807
-3.47833
-3.47858
-3.47884
-3.47909
-3.47935
-3.47960
-3.47986
-3.48011
-3.48037
-3.48062
-3.48088
-3.48113
-3.48139
-3.48165
-3.48190
-3.48216
-3.48241
-3.48267
-3.48292
-3.48318
-3.48343
-3.48369
-3.48394
-3.48420
-3.48445
-3.48471
-3.48496
-3.48522
-3.48547
-3.48573
-3.48598
-3.48624
-3.48649
-3.48675
-3.48700
-3.48726
-3.48751
-3.48777
-3.48802
-3.48828
-3.48853
-3.48879
-3.48904
-3.48930
-3.48955
-3.48981
-3.49006
-3.49032
-3.49057
-3.49083
-3.49108
-3.49134
-3.49159
-3.49185
-3.49210
-3.49236
-3.49261
-3.49287
-3.49312
-3.49338
-3.49363
-3.49389
-3.49414
-3.49440
-3.49465
-3.49491
-3.49516
-3.49542
-3.49567
-3.49593
-3.49618
-3.49644
-3.49670
-3.49695
-3.49721
-3.49746
-3.49772
-3.49797
-3.49823
-3.49848
-3.49874
-3.49899
-3.49925
-3.49950
-3.49976
-3.50001
-3.50027
-3.50052
-3.50078
-3.50103
-3.50129
-3.50154
-3.50180
-3.50205
-3.50231
-3.50256
-3.50282
-3.50307
-3.50333
-3.50358
-3.50384
-3.50409
-3.50435
-3.50460
-3.50486
-3.50511
-3.50537
-3.50562
-3.50588
-3.50613
-3.50639
-3.50664
-3.50690
-3.50715
-3.50741
-3.50766
-3.50792
-3.50817
-3.50843
-3.50868
-3.50894
-3.50919
-3.50945
-3.50970
-3.50996
-3.51021
-3.51047
-3.51072
-3.51098
-3.51123
-3.51149
-3.51174
-3.51200
-3.51225
-3.51251
-3.51277
-3.51302
-3.51328
-3.51353
-3.51379
-3.51404
-3.51430
-3.51455
-3.51481
-3.51506
-3.51532
-3.51557
-3.51583
-3.51608
-3.51634
-3.51659
-3.51685
-3.51710
-3.51736
-3.51761
-3.51787
-3.51812
-3.51838
-3.51863
-3.51889
-3.51914
-3.51940
-3.51965
-3.51991
-3.52016
-3.52042
-3.52067
-3.52093
-3.52118
-3.52144
-3.52169
-3.52195
-3.52220
-3.52246
-3.52271
-3.52297
-3.52322
-3.52348
-3.52373
-3.52399
-3.52424
-3.52450
-3.52475
-3.52501
-3.52526
-3.52552
-3.52577
-3.52603
-3.52628
-3.52654
-3.52679
-3.52705
-3.52730
-3.52756
-3.52781
-3.52807
-3.52832
-3.52858
-3.52883
-3.52909
-3.52935
-3.52960
-3.52986
-3.53011
-3.53037
-3.53062
-3.53088
-3.53113
-3.53139
-3.53164
-3.53190
-3.53215
-3.53241
-3.53266
-3.53292
-3.53317
-3.53343
-3.53368
-3.53394
-3.53419
-3.53445
-3.53470
-3.53496
-3.53521
-3.53547
-3.53572
-3.53598
-3.53623
-3.53649
-3.53674
-3.53700
-3.53725
-3.53751
-3.53776
-3.53802
-3.53827
-3.53853
-3.53878
-3.53904
-3.53929
-3.53955
-3.53980
-3.54006
-3.54031
-3.54057
-3.54082
-3.54108
-3.54133
-3.54159
-3.54184
-3.54210
-3.54235
-3.54261
-3.54286
-3.54312
-3.54337
-3.54363
-3.54388
-3.54414
-3.54439
-3.54465
-3.54490
-3.54516
-3.54541
-3.54567
-3.54592
-3.54618
-3.54643
-3.54669
-3.54694
-3.54720
-3.54746
-3.54771
-3.54797
-3.54822
-3.54848
-3.54873
-3.54899
-3.54924
-3.54950
-3.54975
-3.55001
-3.55026
-3.55052
-3.55077
-3.55103
-3.55128
-3.55154
-3.55179
-3.55205
-3.55230
-3.55256
-3.55281
-3.55307
-3.55332
-3.55358
-3.55383
-3.55409
-3.55434
-3.55460
-3.55485
-3.55511
-3.55536
-3.55562
-3.55587
-3.55613
-3.55638
-3.55664
-3.55689
-3.55715
-3.55740
-3.55766
-3.55791
-3.55817
-3.55842
-3.55868
-3.55893
-3.55919
-3.55944
-3.55970
-3.55995
-3.56021
-3.56046
-3.56072
-3.56097
-3.56123
-3.56148
-3.56174
-3.56199
-3.56225
-3.56250
-3.56276
-3.56301
-3.56327
-3.56352
-3.56378
-3.56403
-3.56429
-3.56454
-3.56480
-3.56505
-3.56531
-3.56556
-3.56582
-3.56607
-3.56633
-3.56659
-3.56684
-3.56710
-3.56735
-3.56761
-3.56786
-3.56812
-3.56837
-3.56863
-3.56888
-3.56914
-3.56939
-3.56965
-3.56990
-3.57016
-3.57041
-3.57067
-3.57092
-3.57118
-3.57143
-3.57169
-3.57194
-3.57220
-3.57245
-3.57271
-3.57296
-3.57322
-3.57347
-3.57373
-3.57398
-3.57424
-3.57449
-3.57475
-3.57500
-3.57526
-3.57551
-3.57577
-3.57602
-3.57628
-3.57653
-3.57679
-3.57704
-3.57730
-3.57755
-3.57781
-3.57806
-3.57832
-3.57857
-3.57883
-3.57908
-3.57934
-3.57959
-3.57985
-3.58010
-3.58036
-3.58061
-3.58087
-3.58112
-3.58138
-3.58163
-3.58189
-3.58214
-3.58240
-3.58265
-3.58291
-3.58316
-3.58342
-3.58367
-3.58393
-3.58418
-3.58444
-3.58469
-3.58495
-3.58520
-3.58546
-3.58571
-3.58597
-3.58622
-3.58648
-3.58673
-3.58699
-3.58725
-3.58750
-3.58776
-3.58801
-3.58827
-3.58852
-3.58878
-3.58903
-3.58929
-3.58954
-3.58980
-3.59005
-3.59031
-3.59056
-3.59082
-3.59107
-3.59133
-3.59158
-3.59184
-3.59209
-3.59235
-3.59260
-3.59286
-3.59311
-3.59337
-3.59362
-3.59388
-3.59413
-3.59439
-3.59464
-3.59490
-3.59515
-3.59541
-3.59566
-3.59592
-3.59617
-3.59643
-3.59668
-3.59694
-3.59719
-3.59745
-3.59770
-3.59796
-3.59821
-3.59847
-3.59872
-3.59898
-3.59923
-3.59949
-3.59974
-3.60000
-3.60025
-3.60051
-3.60076
-3.60102
-3.60127
-3.60153
-3.60178
-3.60204
-3.60229
-3.60255
-3.60280
-3.60306
-3.60331
-3.60357
-3.60382
-3.60408
-3.60433
-3.60459
-3.60484
-3.60510
-3.60535
-3.60561
-3.60586
-3.60612
-3.60637
-3.60663
-3.60688
-3.60714
-3.60739
-3.60765
-3.60790
-3.60816
-3.60841
-3.60867
-3.60892
-3.60918
-3.60943
-3.60969
-3.60995
-3.61020
-3.61046
-3.61071
-3.61097
-3.61122
-3.61148
-3.61173
-3.61199
-3.61224
-3.61250
-3.61275
-3.61301
-3.61326
-3.61352
-3.61377
-3.61403
-3.61428
-3.61454
-3.61479
-3.61505
-3.61530
-3.61556
-3.61581
-3.61607
-3.61632
-3.61658
-3.61683
-3.61709
-3.61734
-3.61760
-3.61785
-3.61811
-3.61836
-3.61862
-3.61887
-3.61913
-3.61938
-3.61964
-3.61989
-3.62015
-3.62040
-3.62066
-3.62091
-3.62117
-3.62142
-3.62168
-3.62193
-3.62219
-3.62244
-3.62270
-3.62295
-3.62321
-3.62346
-3.62372
-3.62397
-3.62423
-3.62448
-3.62474
-3.62499
-3.62525
-3.62550
-3.62576
-3.62601
-3.62627
-3.62652
-3.62678
-3.62703
-3.62729
-3.62754
-3.62780
-3.62805
-3.62831
-3.62856
-3.62882
-3.62907
-3.62933
-3.62958
-3.62984
-3.63009
-3.63035
-3.63060
-3.63086
-3.63111
-3.63137
-3.63162
-3.63188
-3.63213
-3.63239
-3.63264
-3.63290
-3.63315
-3.63341
-3.63366
-3.63392
-3.63417
-3.63443
-3.63468
-3.63494
-3.63519
-3.63545
-3.63571
-3.63596
-3.63622
-3.63647
-3.63673
-3.63698
-3.63724
-3.63749
-3.63775
-3.63800
-3.63826
-3.63851
-3.63877
-3.63902
-3.63928
-3.63953
-3.63979
-3.64004
-3.64030
-3.64055
-3.64081
-3.64106
-3.64132
-3.64157
-3.64183
-3.64208
-3.64234
-3.64259
-3.64285
-3.64310
-3.64336
-3.64361
-3.64387
-3.64412
-3.64438
-3.64463
-3.64489
-3.64514
-3.64540
-3.64565
-3.64591
-3.64616
-3.64642
-3.64667
-3.64693
-3.64718
-3.64744
-3.64769
-3.64795
-3.64820
-3.64846
-3.64871
-3.64897
-3.64922
-3.64948
-3.64973
-3.64999
-3.65024
-3.65050
-3.65075
-3.65101
-3.65126
-3.65152
-3.65177
-3.65203
-3.65228
-3.65254
-3.65279
-3.65305
-3.65330
-3.65356
-3.65381
-3.65407
-3.65432
-3.65458
-3.65483
-3.65509
-3.65534
-3.65560
-3.65585
-3.65611
-3.65636
-3.65662
-3.65687
-3.65713
-3.65738
-3.65764
-3.65789
-3.65815
-3.65840
-3.65866
-3.65891
-3.65917
-3.65942
-3.65968
-3.65993
-3.66019
-3.66044
-3.66070
-3.66095
-3.66121
-3.66146
-3.66172
-3.66197
-3.66223
-3.66248
-3.66274
-3.66299
-3.66325
-3.66350
-3.66376
-3.66401
-3.66427
-3.66452
-3.66478
-3.66504
-3.66529
-3.66555
-3.66580
-3.66606
-3.66631
-3.66657
-3.66682
-3.66708
-3.66733
-3.66759
-3.66784
-3.66810
-3.66835
-3.66861
-3.66886
-3.66912
-3.66937
-3.66963
-3.66988
-3.67014
-3.67039
-3.67065
-3.67090
-3.67116
-3.67141
-3.67167
-3.67192
-3.67218
-3.67243
-3.67269
-3.67294
-3.67320
-3.67345
-3.67371
-3.67396
-3.67422
-3.67447
-3.67473
-3.67498
-3.67524
-3.67549
-3.67575
-3.67600
-3.67626
-3.67651
-3.67677
-3.67702
-3.67728
-3.67753
-3.67779
-3.67804
-3.67830
-3.67855
-3.67881
-3.67906
-3.67932
-3.67957
-3.67983
-3.68008
-3.68034
-3.68059
-3.68085
-3.68110
-3.68136
-3.68161
-3.68187
-3.68212
-3.68238
-3.68263
-3.68289
-3.68314
-3.68340
-3.68365
-3.68391
-3.68416
-3.68442
-3.68467
-3.68493
-3.68518
-3.68544
-3.68569
-3.68595
-3.68620
-3.68646
-3.68671
-3.68697
-3.68722
-3.68748
-3.68773
-3.68799
-3.68824
-3.68850
-3.68875
-3.68901
-3.68926
-3.68952
-3.68977
-3.69003
-3.69028
-3.69054
-3.69079
-3.69105
-3.69130
-3.69156
-3.69181
-3.69207
-3.69232
-3.69258
-3.69283
-3.69309
-3.69334
-3.69360
-3.69385
-3.69411
-3.69436
-3.69462
-3.69487
-3.69513
-3.69538
-3.69564
-3.69589
-3.69615
-3.69640
-3.69666
-3.69691
-3.69717
-3.69742
-3.69768
-3.69793
-3.69819
-3.69844
-3.69870
-3.69895
-3.69921
-3.69946
-3.69972
-3.69997
-3.70023
-3.70048
-3.70074
-3.70099
-3.70125
-3.70150
-3.70176
-3.70201
-3.70227
-3.70253
-3.70278
-3.70304
-3.70329
-3.70355
-3.70380
-3.70406
-3.70431
-3.70457
-3.70482
-3.70508
-3.70533
-3.70559
-3.70584
-3.70610
-3.70635
-3.70661
-3.70686
-3.70712
-3.70737
-3.70763
-3.70788
-3.70814
-3.70839
-3.70865
-3.70890
-3.70916
-3.70941
-3.70967
-3.70992
-3.71018
-3.71043
-3.71069
-3.71094
-3.71120
-3.71145
-3.71171
-3.71196
-3.71222
-3.71247
-3.71273
-3.71298
-3.71324
-3.71349
-3.71375
-3.71400
-3.71426
-3.71451
-3.71477
-3.71502
-3.71528
-3.71553
-3.71579
-3.71604
-3.71630
-3.71655
-3.71681
-3.71706
-3.71732
-3.71757
-3.71783
-3.71808
-3.71834
-3.71859
-3.71885
-3.71910
-3.71936
-3.71961
-3.71987
-3.72012
-3.72038
-3.72063
-3.72089
-3.72114
-3.72140
-3.72165
-3.72191
-3.72216
-3.72242
-3.72267
-3.72293
-3.72318
-3.72344
-3.72369
-3.72395
-3.72420
-3.72446
-3.72471
-3.72497
-3.72522
-3.72548
-3.72573
-3.72599
-3.72624
-3.72650
-3.72675
-3.72701
-3.72726
-3.72752
-3.72777
-3.72803
-3.72828
-3.72854
-3.72879
-3.72905
-3.72930
-3.72956
-3.72981
-3.73007
-3.73032
-3.73058
-3.73083
-3.73109
-3.73134
-3.73160
-3.73185
-3.73211
-3.73236
-3.73262
-3.73287
-3.73313
-3.73338
-3.73364
-3.73389
-3.73415
-3.73440
-3.73466
-3.73491
-3.73517
-3.73542
-3.73568
-3.73593
-3.73619
-3.73644
-3.73670
-3.73695
-3.73721
-3.73746
-3.73772
-3.73797
-3.73823
-3.73848
-3.73874
-3.73899
-3.73925
-3.73950
-3.73976
-3.74001
-3.74027
-3.74052
-3.74078
-3.74103
-3.74129
-3.74154
-3.74180
-3.74205
-3.74231
-3.74256
-3.74282
-3.74307
-3.74333
-3.74358
-3.74384
-3.74409
-3.74435
-3.74460
-3.74486
-3.74511
-3.74537
-3.74562
-3.74588
-3.74613
-3.74639
-3.74664
-3.74690
-3.74715
-3.74741
-3.74766
-3.74792
-3.74817
-3.74843
-3.74868
-3.74894
-3.74919
-3.74945
-3.74970
-3.74996
-3.75021
-3.75047
-3.75072
-3.75098
-3.75123
-3.75149
-3.75174
-3.75200
-3.75225
-3.75251
-3.75276
-3.75302
-3.75327
-3.75353
-3.75378
-3.75404
-3.75429
-3.75455
-3.75480
-3.75506
-3.75531
-3.75557
-3.75582
-3.75608
-3.75633
-3.75659
-3.75684
-3.75710
-3.75735
-3.75761
-3.75786
-3.75812
-3.75837
-3.75863
-3.75888
-3.75914
-3.75939
-3.75965
-3.75990
-3.76016
-3.76042
-3.76067
-3.76093
-3.76118
-3.76144
-3.76169
-3.76195
-3.76220
-3.76246
-3.76271
-3.76297
-3.76322
-3.76348
-3.76373
-3.76399
-3.76424
-3.76450
-3.76475
-3.76501
-3.76526
-3.76552
-3.76577
-3.76603
-3.76628
-3.76654
-3.76679
-3.76705
-3.76730
-3.76756
-3.76781
-3.76807
-3.76832
-3.76858
-3.76883
-3.76909
-3.76934
-3.76960
-3.76985
-3.77011
-3.77036
-3.77062
-3.77087
-3.77113
-3.77138
-3.77164
-3.77189
-3.77215
-3.77240
-3.77266
-3.77291
-3.77317
-3.77342
-3.77368
-3.77393
-3.77419
-3.77444
-3.77470
-3.77495
-3.77521
-3.77546
-3.77572
-3.77597
-3.77623
-3.77648
-3.77674
-3.77699
-3.77725
-3.77750
-3.77776
-3.77801
-3.77827
-3.77852
-3.77878
-3.77903
-3.77929
-3.77954
-3.77980
-3.78005
-3.78031
-3.78056
-3.78082
-3.78107
-3.78133
-3.78158
-3.78184
-3.78209
-3.78235
-3.78260
-3.78286
-3.78311
-3.78337
-3.78362
-3.78388
-3.78413
-3.78439
-3.78464
-3.78490
-3.78515
-3.78541
-3.78566
-3.78592
-3.78617
-3.78643
-3.78668
-3.78694
-3.78719
-3.78745
-3.78770
-3.78796
-3.78821
-3.78847
-3.78872
-3.78898
-3.78923
-3.78949
-3.78974
-3.79000
-3.79025
-3.79051
-3.79076
-3.79102
-3.79127
-3.79153
-3.79178
-3.79204
-3.79229
-3.79255
-3.79280
-3.79306
-3.79331
-3.79357
-3.79382
-3.79408
-3.79433
-3.79459
-3.79484
-3.79510
-3.79535
-3.79561
-3.79586
-3.79612
-3.79637
-3.79663
-3.79688
-3.79714
-3.79739
-3.79765
-3.79790
-3.79816
-3.79841
-3.79867
-3.79892
-3.79918
-3.79943
-3.79969
-3.79994
-3.80020
-3.80045
-3.80071
-3.80096
-3.80122
-3.80147
-3.80173
-3.80198
-3.80224
-3.80249
-3.80275
-3.80300
-3.80326
-3.80351
-3.80377
-3.80402
-3.80428
-3.80453
-3.80479
-3.80504
-3.80530
-3.80555
-3.80581
-3.80606
-3.80632
-3.80657
-3.80683
-3.80708
-3.80734
-3.80759
-3.80785
-3.80810
-3.80836
-3.80861
-3.80887
-3.80912
-3.80938
-3.80963
-3.80989
-3.81014
-3.81040
-3.81065
-3.81091
-3.81116
-3.81142
-3.81167
-3.81193
-3.81218
-3.81244
-3.81269
-3.81295
-3.81320
-3.81346
-3.81371
-3.81397
-3.81422
-3.81448
-3.81473
-3.81499
-3.81524
-3.81550
-3.81575
-3.81601
-3.81626
-3.81652
-3.81677
-3.81703
-3.81728
-3.81754
-3.81779
-3.81805
-3.81830
-3.81856
-3.81881
-3.81907
-3.81932
-3.81958
-3.81983
-3.82009
-3.82034
-3.82060
-3.82085
-3.82111
-3.82136
-3.82162
-3.82187
-3.82213
-3.82238
-3.82264
-3.82289
-3.82315
-3.82340
-3.82366
-3.82391
-3.82417
-3.82442
-3.82468
-3.82493
-3.82519
-3.82544
-3.82570
-3.82595
-3.82621
-3.82646
-3.82672
-3.82697
-3.82723
-3.82748
-3.82774
-3.82799
-3.82825
-3.82850
-3.82876
-3.82901
-3.82927
-3.82952
-3.82978
-3.83003
-3.83029
-3.83054
-3.83080
-3.83105
-3.83131
-3.83156
-3.83182
-3.83207
-3.83233
-3.83258
-3.83284
-3.83309
-3.83335
-3.83360
-3.83386
-3.83411
-3.83437
-3.83462
-3.83488
-3.83513
-3.83539
-3.83564
-3.83590
-3.83615
-3.83641
-3.83666
-3.83692
-3.83717
-3.83743
-3.83768
-3.83794
-3.83819
-3.83845
-3.83870
-3.83896
-3.83921
-3.83947
-3.83972
-3.83998
-3.84023
-3.84049
-3.84074
-3.84100
-3.84125
-3.84151
-3.84176
-3.84202
-3.84227
-3.84253
-3.84278
-3.84304
-3.84329
-3.84355
-3.84380
-3.84406
-3.84431
-3.84457
-3.84482
-3.84508
-3.84533
-3.84559
-3.84584
-3.84610
-3.84635
-3.84661
-3.84686
-3.84712
-3.84737
-3.84763
-3.84788
-3.84814
-3.84839
-3.84865
-3.84890
-3.84916
-3.84941
-3.84967
-3.84992
-3.85018
-3.85043
-3.85069
-3.85094
-3.85120
-3.85145
-3.85171
-3.85196
-3.85222
-3.85247
-3.85273
-3.85298
-3.85324
-3.85349
-3.85375
-3.85400
-3.85426
-3.85451
-3.85477
-3.85502
-3.85528
-3.85553
-3.85579
-3.85604
-3.85630
-3.85655
-3.85681
-3.85706
-3.85732
-3.85757
-3.85783
-3.85808
-3.85834
-3.85859
-3.85885
-3.85910
-3.85936
-3.85961
-3.85987
-3.86012
-3.86038
-3.86063
-3.86089
-3.86114
-3.86140
-3.86165
-3.86191
-3.86216
-3.86242
-3.86267
-3.86293
-3.86318
-3.86344
-3.86369
-3.86395
-3.86420
-3.86446
-3.86471
-3.86497
-3.86522
-3.86548
-3.86573
-3.86599
-3.86624
-3.86650
-3.86675
-3.86701
-3.86726
-3.86752
-3.86777
-3.86803
-3.86828
-3.86854
-3.86879
-3.86905
-3.86930
-3.86956
-3.86981
-3.87007
-3.87032
-3.87058
-3.87083
-3.87109
-3.87134
-3.87160
-3.87185
-3.87211
-3.87236
-3.87262
-3.87287
-3.87313
-3.87338
-3.87364
-3.87389
-3.87415
-3.87440
-3.87465
-3.87491
-3.87516
-3.87542
-3.87567
-3.87593
-3.87618
-3.87644
-3.87669
-3.87695
-3.87720
-3.87746
-3.87771
-3.87797
-3.87822
-3.87848
-3.87873
-3.87899
-3.87924
-3.87950
-3.87975
-3.88001
-3.88026
-3.88052
-3.88077
-3.88103
-3.88128
-3.88154
-3.88179
-3.88205
-3.88230
-3.88256
-3.88281
-3.88307
-3.88332
-3.88358
-3.88383
-3.88409
-3.88434
-3.88460
-3.88485
-3.88511
-3.88536
-3.88562
-3.88587
-3.88613
-3.88638
-3.88664
-3.88689
-3.88715
-3.88740
-3.88766
-3.88791
-3.88817
-3.88842
-3.88868
-3.88893
-3.88919
-3.88944
-3.88970
-3.88995
-3.89021
-3.89046
-3.89072
-3.89097
-3.89123
-3.89148
-3.89174
-3.89199
-3.89225
-3.89250
-3.89276
-3.89301
-3.89327
-3.89352
-3.89378
-3.89403
-3.89429
-3.89454
-3.89480
-3.89505
-3.89531
-3.89556
-3.89582
-3.89607
-3.89633
-3.89658
-3.89684
-3.89709
-3.89735
-3.89760
-3.89786
-3.89811
-3.89837
-3.89862
-3.89888
-3.89913
-3.89939
-3.89964
-3.89990
-3.90015
-3.90041
-3.90066
-3.90092
-3.90117
-3.90143
-3.90168
-3.90194
-3.90219
-3.90245
-3.90270
-3.90296
-3.90321
-3.90347
-3.90372
-3.90398
-3.90423
-3.90449
-3.90474
-3.90500
-3.90525
-3.90551
-3.90576
-3.90602
-3.90627
-3.90653
-3.90678
-3.90704
-3.90729
-3.90755
-3.90780
-3.90806
-3.90831
-3.90857
-3.90882
-3.90908
-3.90933
-3.90959
-3.90984
-3.91010
-3.91035
-3.91061
-3.91086
-3.91112
-3.91137
-3.91163
-3.91188
-3.91214
-3.91239
-3.91265
-3.91290
-3.91316
-3.91341
-3.91367
-3.91392
-3.91418
-3.91443
-3.91469
-3.91494
-3.91520
-3.91545
-3.91571
-3.91596
-3.91622
-3.91647
-3.91673
-3.91698
-3.91724
-3.91749
-3.91775
-3.91800
-3.91826
-3.91851
-3.91877
-3.91902
-3.91928
-3.91953
-3.91979
-3.92004
-3.92030
-3.92055
-3.92081
-3.92106
-3.92132
-3.92157
-3.92183
-3.92208
-3.92234
-3.92259
-3.92285
-3.92310
-3.92336
-3.92361
-3.92387
-3.92412
-3.92438
-3.92463
-3.92489
-3.92514
-3.92540
-3.92565
-3.92591
-3.92616
-3.92642
-3.92667
-3.92693
-3.92718
-3.92744
-3.92769
-3.92795
-3.92820
-3.92846
-3.92871
-3.92897
-3.92922
-3.92948
-3.92973
-3.92999
-3.93024
-3.93050
-3.93075
-3.93101
-3.93126
-3.93152
-3.93177
-3.93203
-3.93228
-3.93253
-3.93279
-3.93304
-3.93330
-3.93355
-3.93381
-3.93406
-3.93432
-3.93457
-3.93483
-3.93508
-3.93534
-3.93559
-3.93585
-3.93610
-3.93636
-3.93661
-3.93687
-3.93712
-3.93738
-3.93763
-3.93789
-3.93814
-3.93840
-3.93865
-3.93891
-3.93916
-3.93942
-3.93967
-3.93993
-3.94018
-3.94044
-3.94069
-3.94095
-3.94120
-3.94146
-3.94171
-3.94197
-3.94222
-3.94248
-3.94273
-3.94299
-3.94324
-3.94350
-3.94375
-3.94401
-3.94426
-3.94452
-3.94477
-3.94503
-3.94528
-3.94554
-3.94579
-3.94605
-3.94630
-3.94656
-3.94681
-3.94707
-3.94732
-3.94758
-3.94783
-3.94809
-3.94834
-3.94860
-3.94885
-3.94911
-3.94936
-3.94962
-3.94987
-3.95013
-3.95038
-3.95064
-3.95089
-3.95115
-3.95140
-3.95166
-3.95191
-3.95217
-3.95242
-3.95268
-3.95293
-3.95319
-3.95344
-3.95370
-3.95395
-3.95421
-3.95446
-3.95472
-3.95497
-3.95523
-3.95548
-3.95574
-3.95599
-3.95625
-3.95650
-3.95676
-3.95701
-3.95727
-3.95752
-3.95778
-3.95803
-3.95829
-3.95854
-3.95880
-3.95905
-3.95931
-3.95956
-3.95982
-3.96007
-3.96033
-3.96058
-3.96084
-3.96109
-3.96135
-3.96160
-3.96186
-3.96211
-3.96237
-3.96262
-3.96288
-3.96313
-3.96339
-3.96364
-3.96390
-3.96415
-3.96441
-3.96466
-3.96492
-3.96517
-3.96543
-3.96568
-3.96594
-3.96619
-3.96645
-3.96670
-3.96696
-3.96721
-3.96747
-3.96772
-3.96798
-3.96823
-3.96849
-3.96874
-3.96900
-3.96925
-3.96950
-3.96976
-3.97001
-3.97027
-3.97052
-3.97078
-3.97103
-3.97129
-3.97154
-3.97180
-3.97205
-3.97231
-3.97256
-3.97282
-3.97307
-3.97333
-3.97358
-3.97384
-3.97409
-3.97435
-3.97460
-3.97486
-3.97511
-3.97537
-3.97562
-3.97588
-3.97613
-3.97639
-3.97664
-3.97690
-3.97715
-3.97741
-3.97766
-3.97792
-3.97817
-3.97843
-3.97868
-3.97894
-3.97919
-3.97945
-3.97970
-3.97996
-3.98021
-3.98047
-3.98072
-3.98098
-3.98123
-3.98149
-3.98174
-3.98200
-3.98225
-3.98251
-3.98276
-3.98302
-3.98327
-3.98353
-3.98378
-3.98404
-3.98429
-3.98455
-3.98480
-3.98506
-3.98531
-3.98557
-3.98582
-3.98608
-3.98633
-3.98659
-3.98684
-3.98710
-3.98735
-3.98761
-3.98786
-3.98812
-3.98837
-3.98863
-3.98888
-3.98914
-3.98939
-3.98965
-3.98990
-3.99016
-3.99041
-3.99067
-3.99092
-3.99118
-3.99143
-3.99169
-3.99194
-3.99220
-3.99245
-3.99271
-3.99296
-3.99322
-3.99347
-3.99373
-3.99398
-3.99424
-3.99449
-3.99475
-3.99500
-3.99526
-3.99551
-3.99577
-3.99602
-3.99628
-3.99653
-3.99679
-3.99704
-3.99730
-3.99755
-3.99781
-3.99806
-3.99832
-3.99857
-3.99883
-3.99908
-3.99933
-3.99959
-3.99984
-4.00010
-4.00035
-4.00061
-4.00086
-4.00112
-4.00137
-4.00163
-4.00188
-4.00214
-4.00239
-4.00265
-4.00290
-4.00316
-4.00341
-4.00367
-4.00392
-4.00418
-4.00443
-4.00469
-4.00494
-4.00520
-4.00545
-4.00571
-4.00596
-4.00622
-4.00647
-4.00673
-4.00698
-4.00724
-4.00749
-4.00775
-4.00800
-4.00826
-4.00851
-4.00877
-4.00902
-4.00928
-4.00953
-4.00979
-4.01004
-4.01030
-4.01055
-4.01081
-4.01106
-4.01132
-4.01157
-4.01183
-4.01208
-4.01234
-4.01259
-4.01285
-4.01310
-4.01336
-4.01361
-4.01387
-4.01412
-4.01438
-4.01463
-4.01489
-4.01514
-4.01540
-4.01565
-4.01591
-4.01616
-4.01642
-4.01667
-4.01693
-4.01718
-4.01744
-4.01769
-4.01795
-4.01820
-4.01846
-4.01871
-4.01897
-4.01922
-4.01948
-4.01973
-4.01999
-4.02024
-4.02050
-4.02075
-4.02101
-4.02126
-4.02152
-4.02177
-4.02203
-4.02228
-4.02254
-4.02279
-4.02305
-4.02330
-4.02356
-4.02381
-4.02407
-4.02432
-4.02458
-4.02483
-4.02508
-4.02534
-4.02559
-4.02585
-4.02610
-4.02636
-4.02661
-4.02687
-4.02712
-4.02738
-4.02763
-4.02789
-4.02814
-4.02840
-4.02865
-4.02891
-4.02916
-4.02942
-4.02967
-4.02993
-4.03018
-4.03044
-4.03069
-4.03095
-4.03120
-4.03146
-4.03171
-4.03197
-4.03222
-4.03248
-4.03273
-4.03299
-4.03324
-4.03350
-4.03375
-4.03401
-4.03426
-4.03452
-4.03477
-4.03503
-4.03528
-4.03554
-4.03579
-4.03605
-4.03630
-4.03656
-4.03681
-4.03707
-4.03732
-4.03758
-4.03783
-4.03809
-4.03834
-4.03860
-4.03885
-4.03911
-4.03936
-4.03962
-4.03987
-4.04013
-4.04038
-4.04064
-4.04089
-4.04115
-4.04140
-4.04166
-4.04191
-4.04217
-4.04242
-4.04268
-4.04293
-4.04319
-4.04344
-4.04370
-4.04395
-4.04421
-4.04446
-4.04472
-4.04497
-4.04523
-4.04548
-4.04574
-4.04599
-4.04625
-4.04650
-4.04676
-4.04701
-4.04727
-4.04752
-4.04777
-4.04803
-4.04828
-4.04854
-4.04879
-4.04905
-4.04930
-4.04956
-4.04981
-4.05007
-4.05032
-4.05058
-4.05083
-4.05109
-4.05134
-4.05160
-4.05185
-4.05211
-4.05236
-4.05262
-4.05287
-4.05313
-4.05338
-4.05364
-4.05389
-4.05415
-4.05440
-4.05466
-4.05491
-4.05517
-4.05542
-4.05568
-4.05593
-4.05619
-4.05644
-4.05670
-4.05695
-4.05721
-4.05746
-4.05772
-4.05797
-4.05823
-4.05848
-4.05874
-4.05899
-4.05925
-4.05950
-4.05976
-4.06001
-4.06027
-4.06052
-4.06078
-4.06103
-4.06129
-4.06154
-4.06180
-4.06205
-4.06231
-4.06256
-4.06282
-4.06307
-4.06333
-4.06358
-4.06384
-4.06409
-4.06435
-4.06460
-4.06486
-4.06511
-4.06537
-4.06562
-4.06588
-4.06613
-4.06639
-4.06664
-4.06690
-4.06715
-4.06741
-4.06766
-4.06792
-4.06817
-4.06842
-4.06868
-4.06893
-4.06919
-4.06944
-4.06970
-4.06995
-4.07021
-4.07046
-4.07072
-4.07097
-4.07123
-4.07148
-4.07174
-4.07199
-4.07225
-4.07250
-4.07276
-4.07301
-4.07327
-4.07352
-4.07378
-4.07403
-4.07429
-4.07454
-4.07480
-4.07505
-4.07531
-4.07556
-4.07582
-4.07607
-4.07633
-4.07658
-4.07684
-4.07709
-4.07735
-4.07760
-4.07786
-4.07811
-4.07837
-4.07862
-4.07888
-4.07913
-4.07939
-4.07964
-4.07990
-4.08015
-4.08041
-4.08066
-4.08092
-4.08117
-4.08143
-4.08168
-4.08194
-4.08219
-4.08245
-4.08270
-4.08296
-4.08321
-4.08347
-4.08372
-4.08398
-4.08423
-4.08449
-4.08474
-4.08500
-4.08525
-4.08551
-4.08576
-4.08602
-4.08627
-4.08653
-4.08678
-4.08704
-4.08729
-4.08754
-4.08780
-4.08805
-4.08831
-4.08856
-4.08882
-4.08907
-4.08933
-4.08958
-4.08984
-4.09009
-4.09035
-4.09060
-4.09086
-4.09111
-4.09137
-4.09162
-4.09188
-4.09213
-4.09239
-4.09264
-4.09290
-4.09315
-4.09341
-4.09366
-4.09392
-4.09417
-4.09443
-4.09468
-4.09494
-4.09519
-4.09545
-4.09570
-4.09596
-4.09621
-4.09647
-4.09672
-4.09698
-4.09723
-4.09749
-4.09774
-4.09800
-4.09825
-4.09851
-4.09876
-4.09902
-4.09927
-4.09953
-4.09978
-4.10004
-4.10029
-4.10055
-4.10080
-4.10106
-4.10131
-4.10157
-4.10182
-4.10208
-4.10233
-4.10259
-4.10284
-4.10310
-4.10335
-4.10361
-4.10386
-4.10412
-4.10437
-4.10463
-4.10488
-4.10513
-4.10539
-4.10564
-4.10590
-4.10615
-4.10641
-4.10666
-4.10692
-4.10717
-4.10743
-4.10768
-4.10794
-4.10819
-4.10845
-4.10870
-4.10896
-4.10921
-4.10947
-4.10972
-4.10998
-4.11023
-4.11049
-4.11074
-4.11100
-4.11125
-4.11151
-4.11176
-4.11202
-4.11227
-4.11253
-4.11278
-4.11304
-4.11329
-4.11355
-4.11380
-4.11406
-4.11431
-4.11457
-4.11482
-4.11508
-4.11533
-4.11559
-4.11584
-4.11610
-4.11635
-4.11661
-4.11686
-4.11712
-4.11737
-4.11763
-4.11788
-4.11814
-4.11839
-4.11865
-4.11890
-4.11916
-4.11941
-4.11967
-4.11992
-4.12018
-4.12043
-4.12069
-4.12094
-4.12120
-4.12145
-4.12171
-4.12196
-4.12221
-4.12247
-4.12272
-4.12298
-4.12323
-4.12349
-4.12374
-4.12400
-4.12425
-4.12451
-4.12476
-4.12502
-4.12527
-4.12553
-4.12578
-4.12604
-4.12629
-4.12655
-4.12680
-4.12706
-4.12731
-4.12757
-4.12782
-4.12808
-4.12833
-4.12859
-4.12884
-4.12910
-4.12935
-4.12961
-4.12986
-4.13012
-4.13037
-4.13063
-4.13088
-4.13114
-4.13139
-4.13165
-4.13190
-4.13216
-4.13241
-4.13267
-4.13292
-4.13318
-4.13343
-4.13369
-4.13394
-4.13420
-4.13445
-4.13471
-4.13496
-4.13522
-4.13547
-4.13573
-4.13598
-4.13624
-4.13649
-4.13675
-4.13700
-4.13726
-4.13751
-4.13777
-4.13802
-4.13827
-4.13853
-4.13878
-4.13904
-4.13929
-4.13955
-4.13980
-4.14006
-4.14031
-4.14057
-4.14082
-4.14108
-4.14133
-4.14159
-4.14184
-4.14210
-4.14235
-4.14261
-4.14286
-4.14312
-4.14337
-4.14363
-4.14388
-4.14414
-4.14439
-4.14465
-4.14490
-4.14516
-4.14541
-4.14567
-4.14592
-4.14618
-4.14643
-4.14669
-4.14694
-4.14720
-4.14745
-4.14771
-4.14796
-4.14822
-4.14847
-4.14873
-4.14898
-4.14924
-4.14949
-4.14975
-4.15000
-4.15026
-4.15051
-4.15077
-4.15102
-4.15128
-4.15153
-4.15179
-4.15204
-4.15230
-4.15255
-4.15281
-4.15306
-4.15331
-4.15357
-4.15382
-4.15408
-4.15433
-4.15459
-4.15484
-4.15510
-4.15535
-4.15561
-4.15586
-4.15612
-4.15637
-4.15663
-4.15688
-4.15714
-4.15739
-4.15765
-4.15790
-4.15816
-4.15841
-4.15867
-4.15892
-4.15918
-4.15943
-4.15969
-4.15994
-4.16020
-4.16045
-4.16071
-4.16096
-4.16122
-4.16147
-4.16173
-4.16198
-4.16224
-4.16249
-4.16275
-4.16300
-4.16326
-4.16351
-4.16377
-4.16402
-4.16428
-4.16453
-4.16479
-4.16504
-4.16530
-4.16555
-4.16581
-4.16606
-4.16632
-4.16657
-4.16683
-4.16708
-4.16734
-4.16759
-4.16784
-4.16810
-4.16835
-4.16861
-4.16886
-4.16912
-4.16937
-4.16963
-4.16988
-4.17014
-4.17039
-4.17065
-4.17090
-4.17116
-4.17141
-4.17167
-4.17192
-4.17218
-4.17243
-4.17269
-4.17294
-4.17320
-4.17345
-4.17371
-4.17396
-4.17422
-4.17447
-4.17473
-4.17498
-4.17524
-4.17549
-4.17575
-4.17600
-4.17626
-4.17651
-4.17677
-4.17702
-4.17728
-4.17753
-4.17779
-4.17804
-4.17830
-4.17855
-4.17881
-4.17906
-4.17932
-4.17957
-4.17983
-4.18008
-4.18034
-4.18059
-4.18085
-4.18110
-4.18135
-4.18161
-4.18186
-4.18212
-4.18237
-4.18263
-4.18288
-4.18314
-4.18339
-4.18365
-4.18390
-4.18416
-4.18441
-4.18467
-4.18492
-4.18518
-4.18543
-4.18569
-4.18594
-4.18620
-4.18645
-4.18671
-4.18696
-4.18722
-4.18747
-4.18773
-4.18798
-4.18824
-4.18849
-4.18875
-4.18900
-4.18926
-4.18951
-4.18977
-4.19002
-4.19028
-4.19053
-4.19079
-4.19104
-4.19130
-4.19155
-4.19181
-4.19206
-4.19232
-4.19257
-4.19283
-4.19308
-4.19334
-4.19359
-4.19385
-4.19410
-4.19436
-4.19461
-4.19486
-4.19512
-4.19537
-4.19563
-4.19588
-4.19614
-4.19639
-4.19665
-4.19690
-4.19716
-4.19741
-4.19767
-4.19792
-4.19818
-4.19843
-4.19869
-4.19894
-4.19920
-4.19945
-4.19971
-4.19996
-4.20022
-4.20047
-4.20073
-4.20098
-4.20124
-4.20149
-4.20175
-4.20200
-4.20226
-4.20251
-4.20277
-4.20302
-4.20328
-4.20353
-4.20379
-4.20404
-4.20430
-4.20455
-4.20481
-4.20506
-4.20532
-4.20557
-4.20583
-4.20608
-4.20634
-4.20659
-4.20685
-4.20710
-4.20736
-4.20761
-4.20786
-4.20812
-4.20837
-4.20863
-4.20888
-4.20914
-4.20939
-4.20965
-4.20990
-4.21016
-4.21041
-4.21067
-4.21092
-4.21118
-4.21143
-4.21169
-4.21194
-4.21220
-4.21245
-4.21271
-4.21296
-4.21322
-4.21347
-4.21373
-4.21398
-4.21424
-4.21449
-4.21475
-4.21500
-4.21526
-4.21551
-4.21577
-4.21602
-4.21628
-4.21653
-4.21679
-4.21704
-4.21730
-4.21755
-4.21781
-4.21806
-4.21832
-4.21857
-4.21883
-4.21908
-4.21934
-4.21959
-4.21985
-4.22010
-4.22035
-4.22061
-4.22086
-4.22112
-4.22137
-4.22163
-4.22188
-4.22214
-4.22239
-4.22265
-4.22290
-4.22316
-4.22341
-4.22367
-4.22392
-4.22418
-4.22443
-4.22469
-4.22494
-4.22520
-4.22545
-4.22571
-4.22596
-4.22622
-4.22647
-4.22673
-4.22698
-4.22724
-4.22749
-4.22775
-4.22800
-4.22826
-4.22851
-4.22877
-4.22902
-4.22928
-4.22953
-4.22979
-4.23004
-4.23030
-4.23055
-4.23081
-4.23106
-4.23132
-4.23157
-4.23183
-4.23208
-4.23234
-4.23259
-4.23284
-4.23310
-4.23335
-4.23361
-4.23386
-4.23412
-4.23437
-4.23463
-4.23488
-4.23514
-4.23539
-4.23565
-4.23590
-4.23616
-4.23641
-4.23667
-4.23692
-4.23718
-4.23743
-4.23769
-4.23794
-4.23820
-4.23845
-4.23871
-4.23896
-4.23922
-4.23947
-4.23973
-4.23998
-4.24024
-4.24049
-4.24075
-4.24100
-4.24126
-4.24151
-4.24177
-4.24202
-4.24228
-4.24253
-4.24279
-4.24304
-4.24330
-4.24355
-4.24381
-4.24406
-4.24431
-4.24457
-4.24482
-4.24508
-4.24533
-4.24559
-4.24584
-4.24610
-4.24635
-4.24661
-4.24686
-4.24712
-4.24737
-4.24763
-4.24788
-4.24814
-4.24839
-4.24865
-4.24890
-4.24916
-4.24941
-4.24967
-4.24992
-4.25018
-4.25043
-4.25069
-4.25094
-4.25120
-4.25145
-4.25171
-4.25196
-4.25222
-4.25247
-4.25273
-4.25298
-4.25324
-4.25349
-4.25375
-4.25400
-4.25426
-4.25451
-4.25477
-4.25502
-4.25528
-4.25553
-4.25578
-4.25604
-4.25629
-4.25655
-4.25680
-4.25706
-4.25731
-4.25757
-4.25782
-4.25808
-4.25833
-4.25859
-4.25884
-4.25910
-4.25935
-4.25961
-4.25986
-4.26012
-4.26037
-4.26063
-4.26088
-4.26114
-4.26139
-4.26165
-4.26190
-4.26216
-4.26241
-4.26267
-4.26292
-4.26318
-4.26343
-4.26369
-4.26394
-4.26420
-4.26445
-4.26471
-4.26496
-4.26522
-4.26547
-4.26573
-4.26598
-4.26624
-4.26649
-4.26675
-4.26700
-4.26725
-4.26751
-4.26776
-4.26802
-4.26827
-4.26853
-4.26878
-4.26904
-4.26929
-4.26955
-4.26980
-4.27006
-4.27031
-4.27057
-4.27082
-4.27108
-4.27133
-4.27159
-4.27184
-4.27210
-4.27235
-4.27261
-4.27286
-4.27312
-4.27337
-4.27363
-4.27388
-4.27414
-4.27439
-4.27465
-4.27490
-4.27516
-4.27541
-4.27567
-4.27592
-4.27618
-4.27643
-4.27669
-4.27694
-4.27720
-4.27745
-4.27771
-4.27796
-4.27821
-4.27847
-4.27872
-4.27898
-4.27923
-4.27949
-4.27974
-4.28000
-4.28025
-4.28051
-4.28076
-4.28102
-4.28127
-4.28153
-4.28178
-4.28204
-4.28229
-4.28255
-4.28280
-4.28306
-4.28331
-4.28357
-4.28382
-4.28408
-4.28433
-4.28459
-4.28484
-4.28510
-4.28535
-4.28561
-4.28586
-4.28612
-4.28637
-4.28663
-4.28688
-4.28714
-4.28739
-4.28765
-4.28790
-4.28816
-4.28841
-4.28866
-4.28892
-4.28917
-4.28943
-4.28968
-4.28994
-4.29019
-4.29045
-4.29070
-4.29096
-4.29121
-4.29147
-4.29172
-4.29198
-4.29223
-4.29249
-4.29274
-4.29300
-4.29325
-4.29351
-4.29376
-4.29402
-4.29427
-4.29453
-4.29478
-4.29504
-4.29529
-4.29555
-4.29580
-4.29606
-4.29631
-4.29657
-4.29682
-4.29708
-4.29733
-4.29759
-4.29784
-4.29810
-4.29835
-4.29861
-4.29886
-4.29911
-4.29937
-4.29962
-4.29988
-4.30013
-4.30039
-4.30064
-4.30090
-4.30115
-4.30141
-4.30166
-4.30192
-4.30217
-4.30243
-4.30268
-4.30294
-4.30319
-4.30345
-4.30370
-4.30396
-4.30421
-4.30447
-4.30472
-4.30498
-4.30523
-4.30549
-4.30574
-4.30600
-4.30625
-4.30651
-4.30676
-4.30702
-4.30727
-4.30753
-4.30778
-4.30804
-4.30829
-4.30855
-4.30880
-4.30906
-4.30931
-4.30956
-4.30982
-4.31007
-4.31033
-4.31058
-4.31084
-4.31109
-4.31135
-4.31160
-4.31186
-4.31211
-4.31237
-4.31262
-4.31288
-4.31313
-4.31339
-4.31364
-4.31390
-4.31415
-4.31441
-4.31466
-4.31492
-4.31517
-4.31543
-4.31568
-4.31594
-4.31619
-4.31645
-4.31670
-4.31696
-4.31721
-4.31747
-4.31772
-4.31798
-4.31823
-4.31849
-4.31874
-4.31900
-4.31925
-4.31950
-4.31976
-4.32001
-4.32027
-4.32052
-4.32078
-4.32103
-4.32129
-4.32154
-4.32180
-4.32205
-4.32231
-4.32256
-4.32282
-4.32307
-4.32333
-4.32358
-4.32384
-4.32409
-4.32435
-4.32460
-4.32486
-4.32511
-4.32537
-4.32562
-4.32588
-4.32613
-4.32639
-4.32664
-4.32690
-4.32715
-4.32741
-4.32766
-4.32792
-4.32817
-4.32843
-4.32868
-4.32893
-4.32919
-4.32944
-4.32970
-4.32995
-4.33021
-4.33046
-4.33072
-4.33097
-4.33123
-4.33148
-4.33174
-4.33199
-4.33225
-4.33250
-4.33276
-4.33301
-4.33327
-4.33352
-4.33378
-4.33403
-4.33429
-4.33454
-4.33480
-4.33505
-4.33531
-4.33556
-4.33582
-4.33607
-4.33633
-4.33658
-4.33684
-4.33709
-4.33735
-4.33760
-4.33786
-4.33811
-4.33837
-4.33862
-4.33887
-4.33913
-4.33938
-4.33964
-4.33989
-4.34015
-4.34040
-4.34066
-4.34091
-4.34117
-4.34142
-4.34168
-4.34193
-4.34219
-4.34244
-4.34270
-4.34295
-4.34321
-4.34346
-4.34372
-4.34397
-4.34423
-4.34448
-4.34474
-4.34499
-4.34525
-4.34550
-4.34576
-4.34601
-4.34627
-4.34652
-4.34678
-4.34703
-4.34729
-4.34754
-4.34780
-4.34805
-4.34830
-4.34856
-4.34881
-4.34907
-4.34932
-4.34958
-4.34983
-4.35009
-4.35034
-4.35060
-4.35085
-4.35111
-4.35136
-4.35162
-4.35187
-4.35213
-4.35238
-4.35264
-4.35289
-4.35315
-4.35340
-4.35366
-4.35391
-4.35417
-4.35442
-4.35468
-4.35493
-4.35519
-4.35544
-4.35570
-4.35595
-4.35621
-4.35646
-4.35672
-4.35697
-4.35723
-4.35748
-4.35773
-4.35799
-4.35824
-4.35850
-4.35875
-4.35901
-4.35926
-4.35952
-4.35977
-4.36003
-4.36028
-4.36054
-4.36079
-4.36105
-4.36130
-4.36156
-4.36181
-4.36207
-4.36232
-4.36258
-4.36283
-4.36309
-4.36334
-4.36360
-4.36385
-4.36411
-4.36436
-4.36462
-4.36487
-4.36513
-4.36538
-4.36564
-4.36589
-4.36615
-4.36640
-4.36665
-4.36691
-4.36716
-4.36742
-4.36767
-4.36793
-4.36818
-4.36844
-4.36869
-4.36895
-4.36920
-4.36946
-4.36971
-4.36997
-4.37022
-4.37048
-4.37073
-4.37099
-4.37124
-4.37150
-4.37175
-4.37201
-4.37226
-4.37252
-4.37277
-4.37303
-4.37328
-4.37354
-4.37379
-4.37405
-4.37430
-4.37456
-4.37481
-4.37507
-4.37532
-4.37557
-4.37583
-4.37608
-4.37634
-4.37659
-4.37685
-4.37710
-4.37736
-4.37761
-4.37787
-4.37812
-4.37838
-4.37863
-4.37889
-4.37914
-4.37940
-4.37965
-4.37991
-4.38016
-4.38042
-4.38067
-4.38093
-4.38118
-4.38144
-4.38169
-4.38195
-4.38220
-4.38246
-4.38271
-4.38297
-4.38322
-4.38348
-4.38373
-4.38399
-4.38424
-4.38449
-4.38475
-4.38500
-4.38526
-4.38551
-4.38577
-4.38602
-4.38628
-4.38653
-4.38679
-4.38704
-4.38730
-4.38755
-4.38781
-4.38806
-4.38832
-4.38857
-4.38883
-4.38908
-4.38934
-4.38959
-4.38985
-4.39010
-4.39036
-4.39061
-4.39087
-4.39112
-4.39138
-4.39163
-4.39189
-4.39214
-4.39240
-4.39265
-4.39290
-4.39316
-4.39341
-4.39367
-4.39392
-4.39418
-4.39443
-4.39469
-4.39494
-4.39520
-4.39545
-4.39571
-4.39596
-4.39622
-4.39647
-4.39673
-4.39698
-4.39724
-4.39749
-4.39775
-4.39800
-4.39826
-4.39851
-4.39877
-4.39902
-4.39928
-4.39953
-4.39979
-4.40004
-4.40030
-4.40055
-4.40081
-4.40106
-4.40132
-4.40157
-4.40182
-4.40208
-4.40233
-4.40259
-4.40284
-4.40310
-4.40335
-4.40361
-4.40386
-4.40412
-4.40437
-4.40463
-4.40488
-4.40514
-4.40539
-4.40565
-4.40590
-4.40616
-4.40641
-4.40667
-4.40692
-4.40718
-4.40743
-4.40769
-4.40794
-4.40820
-4.40845
-4.40871
-4.40896
-4.40922
-4.40947
-4.40973
-4.40998
-4.41023
-4.41049
-4.41074
-4.41100
-4.41125
-4.41151
-4.41176
-4.41202
-4.41227
-4.41253
-4.41278
-4.41304
-4.41329
-4.41355
-4.41380
-4.41406
-4.41431
-4.41457
-4.41482
-4.41508
-4.41533
-4.41559
-4.41584
-4.41610
-4.41635
-4.41661
-4.41686
-4.41712
-4.41737
-4.41763
-4.41788
-4.41814
-4.41839
-4.41864
-4.41890
-4.41915
-4.41941
-4.41966
-4.41992
-4.42017
-4.42043
-4.42068
-4.42094
-4.42119
-4.42145
-4.42170
-4.42196
-4.42221
-4.42247
-4.42272
-4.42298
-4.42323
-4.42349
-4.42374
-4.42400
-4.42425
-4.42451
-4.42476
-4.42502
-4.42527
-4.42553
-4.42578
-4.42604
-4.42629
-4.42654
-4.42680
-4.42705
-4.42731
-4.42756
-4.42782
-4.42807
-4.42833
-4.42858
-4.42884
-4.42909
-4.42935
-4.42960
-4.42986
-4.43011
-4.43037
-4.43062
-4.43088
-4.43113
-4.43139
-4.43164
-4.43190
-4.43215
-4.43241
-4.43266
-4.43292
-4.43317
-4.43343
-4.43368
-4.43394
-4.43419
-4.43445
-4.43470
-4.43495
-4.43521
-4.43546
-4.43572
-4.43597
-4.43623
-4.43648
-4.43674
-4.43699
-4.43725
-4.43750
-4.43776
-4.43801
-4.43827
-4.43852
-4.43878
-4.43903
-4.43929
-4.43954
-4.43980
-4.44005
-4.44031
-4.44056
-4.44082
-4.44107
-4.44133
-4.44158
-4.44184
-4.44209
-4.44235
-4.44260
-4.44285
-4.44311
-4.44336
-4.44362
-4.44387
-4.44413
-4.44438
-4.44464
-4.44489
-4.44515
-4.44540
-4.44566
-4.44591
-4.44617
-4.44642
-4.44668
-4.44693
-4.44719
-4.44744
-4.44770
-4.44795
-4.44821
-4.44846
-4.44872
-4.44897
-4.44923
-4.44948
-4.44974
-4.44999
-4.45025
-4.45050
-4.45075
-4.45101
-4.45126
-4.45152
-4.45177
-4.45203
-4.45228
-4.45254
-4.45279
-4.45305
-4.45330
-4.45356
-4.45381
-4.45407
-4.45432
-4.45458
-4.45483
-4.45509
-4.45534
-4.45560
-4.45585
-4.45611
-4.45636
-4.45662
-4.45687
-4.45713
-4.45738
-4.45764
-4.45789
-4.45815
-4.45840
-4.45865
-4.45891
-4.45916
-4.45942
-4.45967
-4.45993
-4.46018
-4.46044
-4.46069
-4.46095
-4.46120
-4.46146
-4.46171
-4.46197
-4.46222
-4.46248
-4.46273
-4.46299
-4.46324
-4.46350
-4.46375
-4.46401
-4.46426
-4.46452
-4.46477
-4.46503
-4.46528
-4.46554
-4.46579
-4.46604
-4.46630
-4.46655
-4.46681
-4.46706
-4.46732
-4.46757
-4.46783
-4.46808
-4.46834
-4.46859
-4.46885
-4.46910
-4.46936
-4.46961
-4.46987
-4.47012
-4.47038
-4.47063
-4.47089
-4.47114
-4.47140
-4.47165
-4.47191
-4.47216
-4.47242
-4.47267
-4.47293
-4.47318
-4.47344
-4.47369
-4.47394
-4.47420
-4.47445
-4.47471
-4.47496
-4.47522
-4.47547
-4.47573
-4.47598
-4.47624
-4.47649
-4.47675
-4.47700
-4.47726
-4.47751
-4.47777
-4.47802
-4.47828
-4.47853
-4.47879
-4.47904
-4.47930
-4.47955
-4.47981
-4.48006
-4.48032
-4.48057
-4.48083
-4.48108
-4.48133
-4.48159
-4.48184
-4.48210
-4.48235
-4.48261
-4.48286
-4.48312
-4.48337
-4.48363
-4.48388
-4.48414
-4.48439
-4.48465
-4.48490
-4.48516
-4.48541
-4.48567
-4.48592
-4.48618
-4.48643
-4.48669
-4.48694
-4.48720
-4.48745
-4.48771
-4.48796
-4.48822
-4.48847
-4.48872
-4.48898
-4.48923
-4.48949
-4.48974
-4.49000
-4.49025
-4.49051
-4.49076
-4.49102
-4.49127
-4.49153
-4.49178
-4.49204
-4.49229
-4.49255
-4.49280
-4.49306
-4.49331
-4.49357
-4.49382
-4.49408
-4.49433
-4.49459
-4.49484
-4.49510
-4.49535
-4.49561
-4.49586
-4.49611
-4.49637
-4.49662
-4.49688
-4.49713
-4.49739
-4.49764
-4.49790
-4.49815
-4.49841
-4.49866
-4.49892
-4.49917
-4.49943
-4.49968
-4.49994
-4.50019
-4.50045
-4.50070
-4.50096
-4.50121
-4.50147
-4.50172
-4.50198
-4.50223
-4.50249
-4.50274
-4.50300
-4.50325
-4.50350
-4.50376
-4.50401
-4.50427
-4.50452
-4.50478
-4.50503
-4.50529
-4.50554
-4.50580
-4.50605
-4.50631
-4.50656
-4.50682
-4.50707
-4.50733
-4.50758
-4.50784
-4.50809
-4.50835
-4.50860
-4.50886
-4.50911
-4.50937
-4.50962
-4.50988
-4.51013
-4.51038
-4.51064
-4.51089
-4.51115
-4.51140
-4.51166
-4.51191
-4.51217
-4.51242
-4.51268
-4.51293
-4.51319
-4.51344
-4.51370
-4.51395
-4.51421
-4.51446
-4.51472
-4.51497
-4.51523
-4.51548
-4.51574
-4.51599
-4.51625
-4.51650
-4.51676
-4.51701
-4.51727
-4.51752
-4.51777
-4.51803
-4.51828
-4.51854
-4.51879
-4.51905
-4.51930
-4.51956
-4.51981
-4.52007
-4.52032
-4.52058
-4.52083
-4.52109
-4.52134
-4.52160
-4.52185
-4.52211
-4.52236
-4.52262
-4.52287
-4.52313
-4.52338
-4.52364
-4.52389
-4.52415
-4.52440
-4.52465
-4.52491
-4.52516
-4.52542
-4.52567
-4.52593
-4.52618
-4.52644
-4.52669
-4.52695
-4.52720
-4.52746
-4.52771
-4.52797
-4.52822
-4.52848
-4.52873
-4.52899
-4.52924
-4.52950
-4.52975
-4.53001
-4.53026
-4.53052
-4.53077
-4.53103
-4.53128
-4.53154
-4.53179
-4.53204
-4.53230
-4.53255
-4.53281
-4.53306
-4.53332
-4.53357
-4.53383
-4.53408
-4.53434
-4.53459
-4.53485
-4.53510
-4.53536
-4.53561
-4.53587
-4.53612
-4.53638
-4.53663
-4.53689
-4.53714
-4.53740
-4.53765
-4.53791
-4.53816
-4.53842
-4.53867
-4.53892
-4.53918
-4.53943
-4.53969
-4.53994
-4.54020
-4.54045
-4.54071
-4.54096
-4.54122
-4.54147
-4.54173
-4.54198
-4.54224
-4.54249
-4.54275
-4.54300
-4.54326
-4.54351
-4.54377
-4.54402
-4.54428
-4.54453
-4.54479
-4.54504
-4.54530
-4.54555
-4.54580
-4.54606
-4.54631
-4.54657
-4.54682
-4.54708
-4.54733
-4.54759
-4.54784
-4.54810
-4.54835
-4.54861
-4.54886
-4.54912
-4.54937
-4.54963
-4.54988
-4.55014
-4.55039
-4.55065
-4.55090
-4.55116
-4.55141
-4.55167
-4.55192
-4.55217
-4.55243
-4.55268
-4.55294
-4.55319
-4.55345
-4.55370
-4.55396
-4.55421
-4.55447
-4.55472
-4.55498
-4.55523
-4.55549
-4.55574
-4.55600
-4.55625
-4.55651
-4.55676
-4.55702
-4.55727
-4.55753
-4.55778
-4.55804
-4.55829
-4.55855
-4.55880
-4.55905
-4.55931
-4.55956
-4.55982
-4.56007
-4.56033
-4.56058
-4.56084
-4.56109
-4.56135
-4.56160
-4.56186
-4.56211
-4.56237
-4.56262
-4.56288
-4.56313
-4.56339
-4.56364
-4.56390
-4.56415
-4.56441
-4.56466
-4.56492
-4.56517
-4.56543
-4.56568
-4.56593
-4.56619
-4.56644
-4.56670
-4.56695
-4.56721
-4.56746
-4.56772
-4.56797
-4.56823
-4.56848
-4.56874
-4.56899
-4.56925
-4.56950
-4.56976
-4.57001
-4.57027
-4.57052
-4.57078
-4.57103
-4.57129
-4.57154
-4.57180
-4.57205
-4.57230
-4.57256
-4.57281
-4.57307
-4.57332
-4.57358
-4.57383
-4.57409
-4.57434
-4.57460
-4.57485
-4.57511
-4.57536
-4.57562
-4.57587
-4.57613
-4.57638
-4.57664
-4.57689
-4.57715
-4.57740
-4.57766
-4.57791
-4.57817
-4.57842
-4.57868
-4.57893
-4.57918
-4.57944
-4.57969
-4.57995
-4.58020
-4.58046
-4.58071
-4.58097
-4.58122
-4.58148
-4.58173
-4.58199
-4.58224
-4.58250
-4.58275
-4.58301
-4.58326
-4.58352
-4.58377
-4.58403
-4.58428
-4.58454
-4.58479
-4.58505
-4.58530
-4.58555
-4.58581
-4.58606
-4.58632
-4.58657
-4.58683
-4.58708
-4.58734
-4.58759
-4.58785
-4.58810
-4.58836
-4.58861
-4.58887
-4.58912
-4.58938
-4.58963
-4.58989
-4.59014
-4.59040
-4.59065
-4.59091
-4.59116
-4.59142
-4.59167
-4.59192
-4.59218
-4.59243
-4.59269
-4.59294
-4.59320
-4.59345
-4.59371
-4.59396
-4.59422
-4.59447
-4.59473
-4.59498
-4.59524
-4.59549
-4.59575
-4.59600
-4.59626
-4.59651
-4.59677
-4.59702
-4.59728
-4.59753
-4.59779
-4.59804
-4.59829
-4.59855
-4.59880
-4.59906
-4.59931
-4.59957
-4.59982
-4.60008
-4.60033
-4.60059
-4.60084
-4.60110
-4.60135
-4.60161
-4.60186
-4.60212
-4.60237
-4.60263
-4.60288
-4.60314
-4.60339
-4.60365
-4.60390
-4.60416
-4.60441
-4.60466
-4.60492
-4.60517
-4.60543
-4.60568
-4.60594
-4.60619
-4.60645
-4.60670
-4.60696
-4.60721
-4.60747
-4.60772
-4.60798
-4.60823
-4.60849
-4.60874
-4.60900
-4.60925
-4.60951
-4.60976
-4.61002
-4.61027
-4.61053
-4.61078
-4.61103
-4.61129
-4.61154
-4.61180
-4.61205
-4.61231
-4.61256
-4.61282
-4.61307
-4.61333
-4.61358
-4.61384
-4.61409
-4.61435
-4.61460
-4.61486
-4.61511
-4.61537
-4.61562
-4.61588
-4.61613
-4.61639
-4.61664
-4.61689
-4.61715
-4.61740
-4.61766
-4.61791
-4.61817
-4.61842
-4.61868
-4.61893
-4.61919
-4.61944
-4.61970
-4.61995
-4.62021
-4.62046
-4.62072
-4.62097
-4.62123
-4.62148
-4.62174
-4.62199
-4.62225
-4.62250
-4.62276
-4.62301
-4.62326
-4.62352
-4.62377
-4.62403
-4.62428
-4.62454
-4.62479
-4.62505
-4.62530
-4.62556
-4.62581
-4.62607
-4.62632
-4.62658
-4.62683
-4.62709
-4.62734
-4.62760
-4.62785
-4.62811
-4.62836
-4.62862
-4.62887
-4.62913
-4.62938
-4.62963
-4.62989
-4.63014
-4.63040
-4.63065
-4.63091
-4.63116
-4.63142
-4.63167
-4.63193
-4.63218
-4.63244
-4.63269
-4.63295
-4.63320
-4.63346
-4.63371
-4.63397
-4.63422
-4.63448
-4.63473
-4.63499
-4.63524
-4.63549
-4.63575
-4.63600
-4.63626
-4.63651
-4.63677
-4.63702
-4.63728
-4.63753
-4.63779
-4.63804
-4.63830
-4.63855
-4.63881
-4.63906
-4.63932
-4.63957
-4.63983
-4.64008
-4.64034
-4.64059
-4.64085
-4.64110
-4.64136
-4.64161
-4.64186
-4.64212
-4.64237
-4.64263
-4.64288
-4.64314
-4.64339
-4.64365
-4.64390
-4.64416
-4.64441
-4.64467
-4.64492
-4.64518
-4.64543
-4.64569
-4.64594
-4.64620
-4.64645
-4.64671
-4.64696
-4.64722
-4.64747
-4.64772
-4.64798
-4.64823
-4.64849
-4.64874
-4.64900
-4.64925
-4.64951
-4.64976
-4.65002
-4.65027
-4.65053
-4.65078
-4.65104
-4.65129
-4.65155
-4.65180
-4.65206
-4.65231
-4.65257
-4.65282
-4.65308
-4.65333
-4.65358
-4.65384
-4.65409
-4.65435
-4.65460
-4.65486
-4.65511
-4.65537
-4.65562
-4.65588
-4.65613
-4.65639
-4.65664
-4.65690
-4.65715
-4.65741
-4.65766
-4.65792
-4.65817
-4.65843
-4.65868
-4.65894
-4.65919
-4.65944
-4.65970
-4.65995
-4.66021
-4.66046
-4.66072
-4.66097
-4.66123
-4.66148
-4.66174
-4.66199
-4.66225
-4.66250
-4.66276
-4.66301
-4.66327
-4.66352
-4.66378
-4.66403
-4.66429
-4.66454
-4.66480
-4.66505
-4.66530
-4.66556
-4.66581
-4.66607
-4.66632
-4.66658
-4.66683
-4.66709
-4.66734
-4.66760
-4.66785
-4.66811
-4.66836
-4.66862
-4.66887
-4.66913
-4.66938
-4.66964
-4.66989
-4.67015
-4.67040
-4.67066
-4.67091
-4.67116
-4.67142
-4.67167
-4.67193
-4.67218
-4.67244
-4.67269
-4.67295
-4.67320
-4.67346
-4.67371
-4.67397
-4.67422
-4.67448
-4.67473
-4.67499
-4.67524
-4.67550
-4.67575
-4.67601
-4.67626
-4.67652
-4.67677
-4.67702
-4.67728
-4.67753
-4.67779
-4.67804
-4.67830
-4.67855
-4.67881
-4.67906
-4.67932
-4.67957
-4.67983
-4.68008
-4.68034
-4.68059
-4.68085
-4.68110
-4.68136
-4.68161
-4.68187
-4.68212
-4.68238
-4.68263
-4.68288
-4.68314
-4.68339
-4.68365
-4.68390
-4.68416
-4.68441
-4.68467
-4.68492
-4.68518
-4.68543
-4.68569
-4.68594
-4.68620
-4.68645
-4.68671
-4.68696
-4.68722
-4.68747
-4.68773
-4.68798
-4.68824
-4.68849
-4.68874
-4.68900
-4.68925
-4.68951
-4.68976
-4.69002
-4.69027
-4.69053
-4.69078
-4.69104
-4.69129
-4.69155
-4.69180
-4.69206
-4.69231
-4.69257
-4.69282
-4.69308
-4.69333
-4.69359
-4.69384
-4.69409
-4.69435
-4.69460
-4.69486
-4.69511
-4.69537
-4.69562
-4.69588
-4.69613
-4.69639
-4.69664
-4.69690
-4.69715
-4.69741
-4.69766
-4.69792
-4.69817
-4.69843
-4.69868
-4.69894
-4.69919
-4.69945
-4.69970
-4.69995
-4.70021
-4.70046
-4.70072
-4.70097
-4.70123
-4.70148
-4.70174
-4.70199
-4.70225
-4.70250
-4.70276
-4.70301
-4.70327
-4.70352
-4.70378
-4.70403
-4.70429
-4.70454
-4.70480
-4.70505
-4.70530
-4.70556
-4.70581
-4.70607
-4.70632
-4.70658
-4.70683
-4.70709
-4.70734
-4.70760
-4.70785
-4.70811
-4.70836
-4.70862
-4.70887
-4.70913
-4.70938
-4.70964
-4.70989
-4.71015
-4.71040
-4.71066
-4.71091
-4.71116
-4.71142
-4.71167
-4.71193
-4.71218
-4.71244
-4.71269
-4.71295
-4.71320
-4.71346
-4.71371
-4.71397
-4.71422
-4.71448
-4.71473
-4.71499
-4.71524
-4.71550
-4.71575
-4.71601
-4.71626
-4.71651
-4.71677
-4.71702
-4.71728
-4.71753
-4.71779
-4.71804
-4.71830
-4.71855
-4.71881
-4.71906
-4.71932
-4.71957
-4.71983
-4.72008
-4.72034
-4.72059
-4.72085
-4.72110
-4.72136
-4.72161
-4.72186
-4.72212
-4.72237
-4.72263
-4.72288
-4.72314
-4.72339
-4.72365
-4.72390
-4.72416
-4.72441
-4.72467
-4.72492
-4.72518
-4.72543
-4.72569
-4.72594
-4.72620
-4.72645
-4.72671
-4.72696
-4.72722
-4.72747
-4.72772
-4.72798
-4.72823
-4.72849
-4.72874
-4.72900
-4.72925
-4.72951
-4.72976
-4.73002
-4.73027
-4.73053
-4.73078
-4.73104
-4.73129
-4.73155
-4.73180
-4.73206
-4.73231
-4.73257
-4.73282
-4.73307
-4.73333
-4.73358
-4.73384
-4.73409
-4.73435
-4.73460
-4.73486
-4.73511
-4.73537
-4.73562
-4.73588
-4.73613
-4.73639
-4.73664
-4.73690
-4.73715
-4.73741
-4.73766
-4.73792
-4.73817
-4.73842
-4.73868
-4.73893
-4.73919
-4.73944
-4.73970
-4.73995
-4.74021
-4.74046
-4.74072
-4.74097
-4.74123
-4.74148
-4.74174
-4.74199
-4.74225
-4.74250
-4.74276
-4.74301
-4.74327
-4.74352
-4.74377
-4.74403
-4.74428
-4.74454
-4.74479
-4.74505
-4.74530
-4.74556
-4.74581
-4.74607
-4.74632
-4.74658
-4.74683
-4.74709
-4.74734
-4.74760
-4.74785
-4.74811
-4.74836
-4.74862
-4.74887
-4.74912
-4.74938
-4.74963
-4.74989
-4.75014
-4.75040
-4.75065
-4.75091
-4.75116
-4.75142
-4.75167
-4.75193
-4.75218
-4.75244
-4.75269
-4.75295
-4.75320
-4.75346
-4.75371
-4.75397
-4.75422
-4.75447
-4.75473
-4.75498
-4.75524
-4.75549
-4.75575
-4.75600
-4.75626
-4.75651
-4.75677
-4.75702
-4.75728
-4.75753
-4.75779
-4.75804
-4.75830
-4.75855
-4.75881
-4.75906
-4.75932
-4.75957
-4.75982
-4.76008
-4.76033
-4.76059
-4.76084
-4.76110
-4.76135
-4.76161
-4.76186
-4.76212
-4.76237
-4.76263
-4.76288
-4.76314
-4.76339
-4.76365
-4.76390
-4.76416
-4.76441
-4.76467
-4.76492
-4.76517
-4.76543
-4.76568
-4.76594
-4.76619
-4.76645
-4.76670
-4.76696
-4.76721
-4.76747
-4.76772
-4.76798
-4.76823
-4.76849
-4.76874
-4.76900
-4.76925
-4.76951
-4.76976
-4.77002
-4.77027
-4.77052
-4.77078
-4.77103
-4.77129
-4.77154
-4.77180
-4.77205
-4.77231
-4.77256
-4.77282
-4.77307
-4.77333
-4.77358
-4.77384
-4.77409
-4.77435
-4.77460
-4.77486
-4.77511
-4.77536
-4.77562
-4.77587
-4.77613
-4.77638
-4.77664
-4.77689
-4.77715
-4.77740
-4.77766
-4.77791
-4.77817
-4.77842
-4.77868
-4.77893
-4.77919
-4.77944
-4.77970
-4.77995
-4.78021
-4.78046
-4.78071
-4.78097
-4.78122
-4.78148
-4.78173
-4.78199
-4.78224
-4.78250
-4.78275
-4.78301
-4.78326
-4.78352
-4.78377
-4.78403
-4.78428
-4.78454
-4.78479
-4.78505
-4.78530
-4.78555
-4.78581
-4.78606
-4.78632
-4.78657
-4.78683
-4.78708
-4.78734
-4.78759
-4.78785
-4.78810
-4.78836
-4.78861
-4.78887
-4.78912
-4.78938
-4.78963
-4.78989
-4.79014
-4.79040
-4.79065
-4.79090
-4.79116
-4.79141
-4.79167
-4.79192
-4.79218
-4.79243
-4.79269
-4.79294
-4.79320
-4.79345
-4.79371
-4.79396
-4.79422
-4.79447
-4.79473
-4.79498
-4.79524
-4.79549
-4.79575
-4.79600
-4.79625
-4.79651
-4.79676
-4.79702
-4.79727
-4.79753
-4.79778
-4.79804
-4.79829
-4.79855
-4.79880
-4.79906
-4.79931
-4.79957
-4.79982
-4.80008
-4.80033
-4.80059
-4.80084
-4.80109
-4.80135
-4.80160
-4.80186
-4.80211
-4.80237
-4.80262
-4.80288
-4.80313
-4.80339
-4.80364
-4.80390
-4.80415
-4.80441
-4.80466
-4.80492
-4.80517
-4.80543
-4.80568
-4.80593
-4.80619
-4.80644
-4.80670
-4.80695
-4.80721
-4.80746
-4.80772
-4.80797
-4.80823
-4.80848
-4.80874
-4.80899
-4.80925
-4.80950
-4.80976
-4.81001
-4.81027
-4.81052
-4.81078
-4.81103
-4.81128
-4.81154
-4.81179
-4.81205
-4.81230
-4.81256
-4.81281
-4.81307
-4.81332
-4.81358
-4.81383
-4.81409
-4.81434
-4.81460
-4.81485
-4.81511
-4.81536
-4.81562
-4.81587
-4.81612
-4.81638
-4.81663
-4.81689
-4.81714
-4.81740
-4.81765
-4.81791
-4.81816
-4.81842
-4.81867
-4.81893
-4.81918
-4.81944
-4.81969
-4.81995
-4.82020
-4.82046
-4.82071
-4.82096
-4.82122
-4.82147
-4.82173
-4.82198
-4.82224
-4.82249
-4.82275
-4.82300
-4.82326
-4.82351
-4.82377
-4.82402
-4.82428
-4.82453
-4.82479
-4.82504
-4.82530
-4.82555
-4.82580
-4.82606
-4.82631
-4.82657
-4.82682
-4.82708
-4.82733
-4.82759
-4.82784
-4.82810
-4.82835
-4.82861
-4.82886
-4.82912
-4.82937
-4.82963
-4.82988
-4.83014
-4.83039
-4.83065
-4.83090
-4.83115
-4.83141
-4.83166
-4.83192
-4.83217
-4.83243
-4.83268
-4.83294
-4.83319
-4.83345
-4.83370
-4.83396
-4.83421
-4.83447
-4.83472
-4.83498
-4.83523
-4.83549
-4.83574
-4.83599
-4.83625
-4.83650
-4.83676
-4.83701
-4.83727
-4.83752
-4.83778
-4.83803
-4.83829
-4.83854
-4.83880
-4.83905
-4.83931
-4.83956
-4.83982
-4.84007
-4.84033
-4.84058
-4.84083
-4.84109
-4.84134
-4.84160
-4.84185
-4.84211
-4.84236
-4.84262
-4.84287
-4.84313
-4.84338
-4.84364
-4.84389
-4.84415
-4.84440
-4.84466
-4.84491
-4.84517
-4.84542
-4.84567
-4.84593
-4.84618
-4.84644
-4.84669
-4.84695
-4.84720
-4.84746
-4.84771
-4.84797
-4.84822
-4.84848
-4.84873
-4.84899
-4.84924
-4.84950
-4.84975
-4.85001
-4.85026
-4.85051
-4.85077
-4.85102
-4.85128
-4.85153
-4.85179
-4.85204
-4.85230
-4.85255
-4.85281
-4.85306
-4.85332
-4.85357
-4.85383
-4.85408
-4.85434
-4.85459
-4.85485
-4.85510
-4.85535
-4.85561
-4.85586
-4.85612
-4.85637
-4.85663
-4.85688
-4.85714
-4.85739
-4.85765
-4.85790
-4.85816
-4.85841
-4.85867
-4.85892
-4.85918
-4.85943
-4.85969
-4.85994
-4.86019
-4.86045
-4.86070
-4.86096
-4.86121
-4.86147
-4.86172
-4.86198
-4.86223
-4.86249
-4.86274
-4.86300
-4.86325
-4.86351
-4.86376
-4.86402
-4.86427
-4.86452
-4.86478
-4.86503
-4.86529
-4.86554
-4.86580
-4.86605
-4.86631
-4.86656
-4.86682
-4.86707
-4.86733
-4.86758
-4.86784
-4.86809
-4.86835
-4.86860
-4.86886
-4.86911
-4.86936
-4.86962
-4.86987
-4.87013
-4.87038
-4.87064
-4.87089
-4.87115
-4.87140
-4.87166
-4.87191
-4.87217
-4.87242
-4.87268
-4.87293
-4.87319
-4.87344
-4.87370
-4.87395
-4.87420
-4.87446
-4.87471
-4.87497
-4.87522
-4.87548
-4.87573
-4.87599
-4.87624
-4.87650
-4.87675
-4.87701
-4.87726
-4.87752
-4.87777
-4.87803
-4.87828
-4.87854
-4.87879
-4.87904
-4.87930
-4.87955
-4.87981
-4.88006
-4.88032
-4.88057
-4.88083
-4.88108
-4.88134
-4.88159
-4.88185
-4.88210
-4.88236
-4.88261
-4.88287
-4.88312
-4.88337
-4.88363
-4.88388
-4.88414
-4.88439
-4.88465
-4.88490
-4.88516
-4.88541
-4.88567
-4.88592
-4.88618
-4.88643
-4.88669
-4.88694
-4.88720
-4.88745
-4.88771
-4.88796
-4.88821
-4.88847
-4.88872
-4.88898
-4.88923
-4.88949
-4.88974
-4.89000
-4.89025
-4.89051
-4.89076
-4.89102
-4.89127
-4.89153
-4.89178
-4.89204
-4.89229
-4.89255
-4.89280
-4.89305
-4.89331
-4.89356
-4.89382
-4.89407
-4.89433
-4.89458
-4.89484
-4.89509
-4.89535
-4.89560
-4.89586
-4.89611
-4.89637
-4.89662
-4.89688
-4.89713
-4.89738
-4.89764
-4.89789
-4.89815
-4.89840
-4.89866
-4.89891
-4.89917
-4.89942
-4.89968
-4.89993
-4.90019
-4.90044
-4.90070
-4.90095
-4.90121
-4.90146
-4.90172
-4.90197
-4.90222
-4.90248
-4.90273
-4.90299
-4.90324
-4.90350
-4.90375
-4.90401
-4.90426
-4.90452
-4.90477
-4.90503
-4.90528
-4.90554
-4.90579
-4.90605
-4.90630
-4.90655
-4.90681
-4.90706
-4.90732
-4.90757
-4.90783
-4.90808
-4.90834
-4.90859
-4.90885
-4.90910
-4.90936
-4.90961
-4.90987
-4.91012
-4.91038
-4.91063
-4.91088
-4.91114
-4.91139
-4.91165
-4.91190
-4.91216
-4.91241
-4.91267
-4.91292
-4.91318
-4.91343
-4.91369
-4.91394
-4.91420
-4.91445
-4.91471
-4.91496
-4.91522
-4.91547
-4.91572
-4.91598
-4.91623
-4.91649
-4.91674
-4.91700
-4.91725
-4.91751
-4.91776
-4.91802
-4.91827
-4.91853
-4.91878
-4.91904
-4.91929
-4.91955
-4.91980
-4.92005
-4.92031
-4.92056
-4.92082
-4.92107
-4.92133
-4.92158
-4.92184
-4.92209
-4.92235
-4.92260
-4.92286
-4.92311
-4.92337
-4.92362
-4.92388
-4.92413
-4.92439
-4.92464
-4.92489
-4.92515
-4.92540
-4.92566
-4.92591
-4.92617
-4.92642
-4.92668
-4.92693
-4.92719
-4.92744
-4.92770
-4.92795
-4.92821
-4.92846
-4.92872
-4.92897
-4.92922
-4.92948
-4.92973
-4.92999
-4.93024
-4.93050
-4.93075
-4.93101
-4.93126
-4.93152
-4.93177
-4.93203
-4.93228
-4.93254
-4.93279
-4.93305
-4.93330
-4.93355
-4.93381
-4.93406
-4.93432
-4.93457
-4.93483
-4.93508
-4.93534
-4.93559
-4.93585
-4.93610
-4.93636
-4.93661
-4.93687
-4.93712
-4.93738
-4.93763
-4.93788
-4.93814
-4.93839
-4.93865
-4.93890
-4.93916
-4.93941
-4.93967
-4.93992
-4.94018
-4.94043
-4.94069
-4.94094
-4.94120
-4.94145
-4.94171
-4.94196
-4.94222
-4.94247
-4.94272
-4.94298
-4.94323
-4.94349
-4.94374
-4.94400
-4.94425
-4.94451
-4.94476
-4.94502
-4.94527
-4.94553
-4.94578
-4.94604
-4.94629
-4.94655
-4.94680
-4.94705
-4.94731
-4.94756
-4.94782
-4.94807
-4.94833
-4.94858
-4.94884
-4.94909
-4.94935
-4.94960
-4.94986
-4.95011
-4.95037
-4.95062
-4.95088
-4.95113
-4.95138
-4.95164
-4.95189
-4.95215
-4.95240
-4.95266
-4.95291
-4.95317
-4.95342
-4.95368
-4.95393
-4.95419
-4.95444
-4.95470
-4.95495
-4.95521
-4.95546
-4.95571
-4.95597
-4.95622
-4.95648
-4.95673
-4.95699
-4.95724
-4.95750
-4.95775
-4.95801
-4.95826
-4.95852
-4.95877
-4.95903
-4.95928
-4.95954
-4.95979
-4.96004
-4.96030
-4.96055
-4.96081
-4.96106
-4.96132
-4.96157
-4.96183
-4.96208
-4.96234
-4.96259
-4.96285
-4.96310
-4.96336
-4.96361
-4.96387
-4.96412
-4.96437
-4.96463
-4.96488
-4.96514
-4.96539
-4.96565
-4.96590
-4.96616
-4.96641
-4.96667
-4.96692
-4.96718
-4.96743
-4.96769
-4.96794
-4.96820
-4.96845
-4.96870
-4.96896
-4.96921
-4.96947
-4.96972
-4.96998
-4.97023
-4.97049
-4.97074
-4.97100
-4.97125
-4.97151
-4.97176
-4.97202
-4.97227
-4.97253
-4.97278
-4.97303
-4.97329
-4.97354
-4.97380
-4.97405
-4.97431
-4.97456
-4.97482
-4.97507
-4.97533
-4.97558
-4.97584
-4.97609
-4.97635
-4.97660
-4.97686
-4.97711
-4.97736
-4.97762
-4.97787
-4.97813
-4.97838
-4.97864
-4.97889
-4.97915
-4.97940
-4.97966
-4.97991
-4.98017
-4.98042
-4.98068
-4.98093
-4.98119
-4.98144
-4.98169
-4.98195
-4.98220
-4.98246
-4.98271
-4.98297
-4.98322
-4.98348
-4.98373
-4.98399
-4.98424
-4.98450
-4.98475
-4.98501
-4.98526
-4.98552
-4.98577
-4.98602
-4.98628
-4.98653
-4.98679
-4.98704
-4.98730
-4.98755
-4.98781
-4.98806
-4.98832
-4.98857
-4.98883
-4.98908
-4.98934
-4.98959
-4.98984
-4.99010
-4.99035
-4.99061
-4.99086
-4.99112
-4.99137
-4.99163
-4.99188
-4.99214
-4.99239
-4.99265
-4.99290
-4.99316
-4.99341
-4.99367
-4.99392
-4.99417
-4.99443
-4.99468
-4.99494
-4.99519
-4.99545
-4.99570
-4.99596
-4.99621
-4.99647
-4.99672
-4.99698
-4.99723
-4.99749
-4.99774
-4.99800
-4.99825
-4.99850
-4.99876
-4.99901
-4.99927
-4.99952
-4.99978
-5.00003
-5.00029
-5.00054
-5.00080
-5.00105
-5.00131
-5.00156
-5.00182
-5.00207
-5.00233
-5.00258
-5.00283
-5.00309
-5.00334
-5.00360
-5.00385
-5.00411
-5.00436
-5.00462
-5.00487
-5.00513
-5.00538
-5.00564
-5.00589
-5.00615
-5.00640
-5.00666
-5.00691
-5.00716
-5.00742
-5.00767
-5.00793
-5.00818
-5.00844
-5.00869
-5.00895
-5.00920
-5.00946
-5.00971
-5.00997
-5.01022
-5.01048
-5.01073
-5.01098
-5.01124
-5.01149
-5.01175
-5.01200
-5.01226
-5.01251
-5.01277
-5.01302
-5.01328
-5.01353
-5.01379
-5.01404
-5.01430
-5.01455
-5.01481
-5.01506
-5.01531
-5.01557
-5.01582
-5.01608
-5.01633
-5.01659
-5.01684
-5.01710
-5.01735
-5.01761
-5.01786
-5.01812
-5.01837
-5.01863
-5.01888
-5.01914
-5.01939
-5.01964
-5.01990
-5.02015
-5.02041
-5.02066
-5.02092
-5.02117
-5.02143
-5.02168
-5.02194
-5.02219
-5.02245
-5.02270
-5.02296
-5.02321
-5.02346
-5.02372
-5.02397
-5.02423
-5.02448
-5.02474
-5.02499
-5.02525
-5.02550
-5.02576
-5.02601
-5.02627
-5.02652
-5.02678
-5.02703
-5.02729
-5.02754
-5.02779
-5.02805
-5.02830
-5.02856
-5.02881
-5.02907
-5.02932
-5.02958
-5.02983
-5.03009
-5.03034
-5.03060
-5.03085
-5.03111
-5.03136
-5.03161
-5.03187
-5.03212
-5.03238
-5.03263
-5.03289
-5.03314
-5.03340
-5.03365
-5.03391
-5.03416
-5.03442
-5.03467
-5.03493
-5.03518
-5.03544
-5.03569
-5.03594
-5.03620
-5.03645
-5.03671
-5.03696
-5.03722
-5.03747
-5.03773
-5.03798
-5.03824
-5.03849
-5.03875
-5.03900
-5.03926
-5.03951
-5.03976
-5.04002
-5.04027
-5.04053
-5.04078
-5.04104
-5.04129
-5.04155
-5.04180
-5.04206
-5.04231
-5.04257
-5.04282
-5.04308
-5.04333
-5.04359
-5.04384
-5.04409
-5.04435
-5.04460
-5.04486
-5.04511
-5.04537
-5.04562
-5.04588
-5.04613
-5.04639
-5.04664
-5.04690
-5.04715
-5.04741
-5.04766
-5.04791
-5.04817
-5.04842
-5.04868
-5.04893
-5.04919
-5.04944
-5.04970
-5.04995
-5.05021
-5.05046
-5.05072
-5.05097
-5.05123
-5.05148
-5.05174
-5.05199
-5.05224
-5.05250
-5.05275
-5.05301
-5.05326
-5.05352
-5.05377
-5.05403
-5.05428
-5.05454
-5.05479
-5.05505
-5.05530
-5.05556
-5.05581
-5.05606
-5.05632
-5.05657
-5.05683
-5.05708
-5.05734
-5.05759
-5.05785
-5.05810
-5.05836
-5.05861
-5.05887
-5.05912
-5.05938
-5.05963
-5.05988
-5.06014
-5.06039
-5.06065
-5.06090
-5.06116
-5.06141
-5.06167
-5.06192
-5.06218
-5.06243
-5.06269
-5.06294
-5.06320
-5.06345
-5.06371
-5.06396
-5.06421
-5.06447
-5.06472
-5.06498
-5.06523
-5.06549
-5.06574
-5.06600
-5.06625
-5.06651
-5.06676
-5.06702
-5.06727
-5.06753
-5.06778
-5.06803
-5.06829
-5.06854
-5.06880
-5.06905
-5.06931
-5.06956
-5.06982
-5.07007
-5.07033
-5.07058
-5.07084
-5.07109
-5.07135
-5.07160
-5.07185
-5.07211
-5.07236
-5.07262
-5.07287
-5.07313
-5.07338
-5.07364
-5.07389
-5.07415
-5.07440
-5.07466
-5.07491
-5.07517
-5.07542
-5.07568
-5.07593
-5.07618
-5.07644
-5.07669
-5.07695
-5.07720
-5.07746
-5.07771
-5.07797
-5.07822
-5.07848
-5.07873
-5.07899
-5.07924
-5.07950
-5.07975
-5.08000
-5.08026
-5.08051
-5.08077
-5.08102
-5.08128
-5.08153
-5.08179
-5.08204
-5.08230
-5.08255
-5.08281
-5.08306
-5.08332
-5.08357
-5.08382
-5.08408
-5.08433
-5.08459
-5.08484
-5.08510
-5.08535
-5.08561
-5.08586
-5.08612
-5.08637
-5.08663
-5.08688
-5.08714
-5.08739
-5.08764
-5.08790
-5.08815
-5.08841
-5.08866
-5.08892
-5.08917
-5.08943
-5.08968
-5.08994
-5.09019
-5.09045
-5.09070
-5.09096
-5.09121
-5.09146
-5.09172
-5.09197
-5.09223
-5.09248
-5.09274
-5.09299
-5.09325
-5.09350
-5.09376
-5.09401
-5.09427
-5.09452
-5.09478
-5.09503
-5.09529
-5.09554
-5.09579
-5.09605
-5.09630
-5.09656
-5.09681
-5.09707
-5.09732
-5.09758
-5.09783
-5.09809
-5.09834
-5.09860
-5.09885
-5.09911
-5.09936
-5.09961
-5.09987
-5.10012
-5.10038
-5.10063
-5.10089
-5.10114
-5.10140
-5.10165
-5.10191
-5.10216
-5.10242
-5.10267
-5.10293
-5.10318
-5.10343
-5.10369
-5.10394
-5.10420
-5.10445
-5.10471
-5.10496
-5.10522
-5.10547
-5.10573
-5.10598
-5.10624
-5.10649
-5.10675
-5.10700
-5.10725
-5.10751
-5.10776
-5.10802
-5.10827
-5.10853
-5.10878
-5.10904
-5.10929
-5.10955
-5.10980
-5.11006
-5.11031
-5.11057
-5.11082
-5.11107
-5.11133
-5.11158
-5.11184
-5.11209
-5.11235
-5.11260
-5.11286
-5.11311
-5.11337
-5.11362
-5.11388
-5.11413
-5.11439
-5.11464
-5.11489
-5.11515
-5.11540
-5.11566
-5.11591
-5.11617
-5.11642
-5.11668
-5.11693
-5.11719
-5.11744
-5.11770
-5.11795
-5.11821
-5.11846
-5.11871
-5.11897
-5.11922
-5.11948
-5.11973
-5.11999
-5.12024
-5.12050
-5.12075
-5.12101
-5.12126
-5.12152
-5.12177
-5.12203
-5.12228
-5.12253
-5.12279
-5.12304
-5.12330
-5.12355
-5.12381
-5.12406
-5.12432
-5.12457
-5.12483
-5.12508
-5.12534
-5.12559
-5.12585
-5.12610
-5.12635
-5.12661
-5.12686
-5.12712
-5.12737
-5.12763
-5.12788
-5.12814
-5.12839
-5.12865
-5.12890
-5.12916
-5.12941
-5.12967
-5.12992
-5.13017
-5.13043
-5.13068
-5.13094
-5.13119
-5.13145
-5.13170
-5.13196
-5.13221
-5.13247
-5.13272
-5.13298
-5.13323
-5.13349
-5.13374
-5.13399
-5.13425
-5.13450
-5.13476
-5.13501
-5.13527
-5.13552
-5.13578
-5.13603
-5.13629
-5.13654
-5.13680
-5.13705
-5.13731
-5.13756
-5.13781
-5.13807
-5.13832
-5.13858
-5.13883
-5.13909
-5.13934
-5.13960
-5.13985
-5.14011
-5.14036
-5.14062
-5.14087
-5.14113
-5.14138
-5.14163
-5.14189
-5.14214
-5.14240
-5.14265
-5.14291
-5.14316
-5.14342
-5.14367
-5.14393
-5.14418
-5.14444
-5.14469
-5.14494
-5.14520
-5.14545
-5.14571
-5.14596
-5.14622
-5.14647
-5.14673
-5.14698
-5.14724
-5.14749
-5.14775
-5.14800
-5.14826
-5.14851
-5.14876
-5.14902
-5.14927
-5.14953
-5.14978
-5.15004
-5.15029
-5.15055
-5.15080
-5.15106
-5.15131
-5.15157
-5.15182
-5.15208
-5.15233
-5.15258
-5.15284
-5.15309
-5.15335
-5.15360
-5.15386
-5.15411
-5.15437
-5.15462
-5.15488
-5.15513
-5.15539
-5.15564
-5.15590
-5.15615
-5.15640
-5.15666
-5.15691
-5.15717
-5.15742
-5.15768
-5.15793
-5.15819
-5.15844
-5.15870
-5.15895
-5.15921
-5.15946
-5.15972
-5.15997
-5.16022
-5.16048
-5.16073
-5.16099
-5.16124
-5.16150
-5.16175
-5.16201
-5.16226
-5.16252
-5.16277
-5.16303
-5.16328
-5.16353
-5.16379
-5.16404
-5.16430
-5.16455
-5.16481
-5.16506
-5.16532
-5.16557
-5.16583
-5.16608
-5.16634
-5.16659
-5.16685
-5.16710
-5.16735
-5.16761
-5.16786
-5.16812
-5.16837
-5.16863
-5.16888
-5.16914
-5.16939
-5.16965
-5.16990
-5.17016
-5.17041
-5.17067
-5.17092
-5.17117
-5.17143
-5.17168
-5.17194
-5.17219
-5.17245
-5.17270
-5.17296
-5.17321
-5.17347
-5.17372
-5.17398
-5.17423
-5.17449
-5.17474
-5.17499
-5.17525
-5.17550
-5.17576
-5.17601
-5.17627
-5.17652
-5.17678
-5.17703
-5.17729
-5.17754
-5.17780
-5.17805
-5.17830
-5.17856
-5.17881
-5.17907
-5.17932
-5.17958
-5.17983
-5.18009
-5.18034
-5.18060
-5.18085
-5.18111
-5.18136
-5.18162
-5.18187
-5.18212
-5.18238
-5.18263
-5.18289
-5.18314
-5.18340
-5.18365
-5.18391
-5.18416
-5.18442
-5.18467
-5.18493
-5.18518
-5.18544
-5.18569
-5.18594
-5.18620
-5.18645
-5.18671
-5.18696
-5.18722
-5.18747
-5.18773
-5.18798
-5.18824
-5.18849
-5.18875
-5.18900
-5.18925
-5.18951
-5.18976
-5.19002
-5.19027
-5.19053
-5.19078
-5.19104
-5.19129
-5.19155
-5.19180
-5.19206
-5.19231
-5.19257
-5.19282
-5.19307
-5.19333
-5.19358
-5.19384
-5.19409
-5.19435
-5.19460
-5.19486
-5.19511
-5.19537
-5.19562
-5.19588
-5.19613
-5.19638
-5.19664
-5.19689
-5.19715
-5.19740
-5.19766
-5.19791
-5.19817
-5.19842
-5.19868
-5.19893
-5.19919
-5.19944
-5.19970
-5.19995
-5.20020
-5.20046
-5.20071
-5.20097
-5.20122
-5.20148
-5.20173
-5.20199
-5.20224
-5.20250
-5.20275
-5.20301
-5.20326
-5.20352
-5.20377
-5.20402
-5.20428
-5.20453
-5.20479
-5.20504
-5.20530
-5.20555
-5.20581
-5.20606
-5.20632
-5.20657
-5.20683
-5.20708
-5.20733
-5.20759
-5.20784
-5.20810
-5.20835
-5.20861
-5.20886
-5.20912
-5.20937
-5.20963
-5.20988
-5.21014
-5.21039
-5.21065
-5.21090
-5.21115
-5.21141
-5.21166
-5.21192
-5.21217
-5.21243
-5.21268
-5.21294
-5.21319
-5.21345
-5.21370
-5.21396
-5.21421
-5.21446
-5.21472
-5.21497
-5.21523
-5.21548
-5.21574
-5.21599
-5.21625
-5.21650
-5.21676
-5.21701
-5.21727
-5.21752
-5.21778
-5.21803
-5.21828
-5.21854
-5.21879
-5.21905
-5.21930
-5.21956
-5.21981
-5.22007
-5.22032
-5.22058
-5.22083
-5.22109
-5.22134
-5.22159
-5.22185
-5.22210
-5.22236
-5.22261
-5.22287
-5.22312
-5.22338
-5.22363
-5.22389
-5.22414
-5.22440
-5.22465
-5.22490
-5.22516
-5.22541
-5.22567
-5.22592
-5.22618
-5.22643
-5.22669
-5.22694
-5.22720
-5.22745
-5.22771
-5.22796
-5.22822
-5.22847
-5.22872
-5.22898
-5.22923
-5.22949
-5.22974
-5.23000
-5.23025
-5.23051
-5.23076
-5.23102
-5.23127
-5.23153
-5.23178
-5.23203
-5.23229
-5.23254
-5.23280
-5.23305
-5.23331
-5.23356
-5.23382
-5.23407
-5.23433
-5.23458
-5.23484
-5.23509
-5.23535
-5.23560
-5.23585
-5.23611
-5.23636
-5.23662
-5.23687
-5.23713
-5.23738
-5.23764
-5.23789
-5.23815
-5.23840
-5.23866
-5.23891
-5.23916
-5.23942
-5.23967
-5.23993
-5.24018
-5.24044
-5.24069
-5.24095
-5.24120
-5.24146
-5.24171
-5.24197
-5.24222
-5.24247
-5.24273
-5.24298
-5.24324
-5.24349
-5.24375
-5.24400
-5.24426
-5.24451
-5.24477
-5.24502
-5.24528
-5.24553
-5.24579
-5.24604
-5.24629
-5.24655
-5.24680
-5.24706
-5.24731
-5.24757
-5.24782
-5.24808
-5.24833
-5.24859
-5.24884
-5.24910
-5.24935
-5.24960
-5.24986
-5.25011
-5.25037
-5.25062
-5.25088
-5.25113
-5.25139
-5.25164
-5.25190
-5.25215
-5.25241
-5.25266
-5.25291
-5.25317
-5.25342
-5.25368
-5.25393
-5.25419
-5.25444
-5.25470
-5.25495
-5.25521
-5.25546
-5.25572
-5.25597
-5.25623
-5.25648
-5.25673
-5.25699
-5.25724
-5.25750
-5.25775
-5.25801
-5.25826
-5.25852
-5.25877
-5.25903
-5.25928
-5.25954
-5.25979
-5.26004
-5.26030
-5.26055
-5.26081
-5.26106
-5.26132
-5.26157
-5.26183
-5.26208
-5.26234
-5.26259
-5.26285
-5.26310
-5.26335
-5.26361
-5.26386
-5.26412
-5.26437
-5.26463
-5.26488
-5.26514
-5.26539
-5.26565
-5.26590
-5.26616
-5.26641
-5.26666
-5.26692
-5.26717
-5.26743
-5.26768
-5.26794
-5.26819
-5.26845
-5.26870
-5.26896
-5.26921
-5.26947
-5.26972
-5.26998
-5.27023
-5.27048
-5.27074
-5.27099
-5.27125
-5.27150
-5.27176
-5.27201
-5.27227
-5.27252
-5.27278
-5.27303
-5.27329
-5.27354
-5.27379
-5.27405
-5.27430
-5.27456
-5.27481
-5.27507
-5.27532
-5.27558
-5.27583
-5.27609
-5.27634
-5.27660
-5.27685
-5.27710
-5.27736
-5.27761
-5.27787
-5.27812
-5.27838
-5.27863
-5.27889
-5.27914
-5.27940
-5.27965
-5.27991
-5.28016
-5.28041
-5.28067
-5.28092
-5.28118
-5.28143
-5.28169
-5.28194
-5.28220
-5.28245
-5.28271
-5.28296
-5.28322
-5.28347
-5.28372
-5.28398
-5.28423
-5.28449
-5.28474
-5.28500
-5.28525
-5.28551
-5.28576
-5.28602
-5.28627
-5.28653
-5.28678
-5.28704
-5.28729
-5.28754
-5.28780
-5.28805
-5.28831
-5.28856
-5.28882
-5.28907
-5.28933
-5.28958
-5.28984
-5.29009
-5.29035
-5.29060
-5.29085
-5.29111
-5.29136
-5.29162
-5.29187
-5.29213
-5.29238
-5.29264
-5.29289
-5.29315
-5.29340
-5.29366
-5.29391
-5.29416
-5.29442
-5.29467
-5.29493
-5.29518
-5.29544
-5.29569
-5.29595
-5.29620
-5.29646
-5.29671
-5.29697
-5.29722
-5.29747
-5.29773
-5.29798
-5.29824
-5.29849
-5.29875
-5.29900
-5.29926
-5.29951
-5.29977
-5.30002
-5.30028
-5.30053
-5.30078
-5.30104
-5.30129
-5.30155
-5.30180
-5.30206
-5.30231
-5.30257
-5.30282
-5.30308
-5.30333
-5.30359
-5.30384
-5.30409
-5.30435
-5.30460
-5.30486
-5.30511
-5.30537
-5.30562
-5.30588
-5.30613
-5.30639
-5.30664
-5.30690
-5.30715
-5.30740
-5.30766
-5.30791
-5.30817
-5.30842
-5.30868
-5.30893
-5.30919
-5.30944
-5.30970
-5.30995
-5.31021
-5.31046
-5.31071
-5.31097
-5.31122
-5.31148
-5.31173
-5.31199
-5.31224
-5.31250
-5.31275
-5.31301
-5.31326
-5.31352
-5.31377
-5.31402
-5.31428
-5.31453
-5.31479
-5.31504
-5.31530
-5.31555
-5.31581
-5.31606
-5.31632
-5.31657
-5.31683
-5.31708
-5.31733
-5.31759
-5.31784
-5.31810
-5.31835
-5.31861
-5.31886
-5.31912
-5.31937
-5.31963
-5.31988
-5.32014
-5.32039
-5.32064
-5.32090
-5.32115
-5.32141
-5.32166
-5.32192
-5.32217
-5.32243
-5.32268
-5.32294
-5.32319
-5.32345
-5.32370
-5.32395
-5.32421
-5.32446
-5.32472
-5.32497
-5.32523
-5.32548
-5.32574
-5.32599
-5.32625
-5.32650
-5.32676
-5.32701
-5.32726
-5.32752
-5.32777
-5.32803
-5.32828
-5.32854
-5.32879
-5.32905
-5.32930
-5.32956
-5.32981
-5.33007
-5.33032
-5.33057
-5.33083
-5.33108
-5.33134
-5.33159
-5.33185
-5.33210
-5.33236
-5.33261
-5.33287
-5.33312
-5.33338
-5.33363
-5.33388
-5.33414
-5.33439
-5.33465
-5.33490
-5.33516
-5.33541
-5.33567
-5.33592
-5.33618
-5.33643
-5.33669
-5.33694
-5.33719
-5.33745
-5.33770
-5.33796
-5.33821
-5.33847
-5.33872
-5.33898
-5.33923
-5.33949
-5.33974
-5.34000
-5.34025
-5.34050
-5.34076
-5.34101
-5.34127
-5.34152
-5.34178
-5.34203
-5.34229
-5.34254
-5.34280
-5.34305
-5.34331
-5.34356
-5.34381
-5.34407
-5.34432
-5.34458
-5.34483
-5.34509
-5.34534
-5.34560
-5.34585
-5.34611
-5.34636
-5.34662
-5.34687
-5.34712
-5.34738
-5.34763
-5.34789
-5.34814
-5.34840
-5.34865
-5.34891
-5.34916
-5.34942
-5.34967
-5.34993
-5.35018
-5.35043
-5.35069
-5.35094
-5.35120
-5.35145
-5.35171
-5.35196
-5.35222
-5.35247
-5.35273
-5.35298
-5.35324
-5.35349
-5.35374
-5.35400
-5.35425
-5.35451
-5.35476
-5.35502
-5.35527
-5.35553
-5.35578
-5.35604
-5.35629
-5.35654
-5.35680
-5.35705
-5.35731
-5.35756
-5.35782
-5.35807
-5.35833
-5.35858
-5.35884
-5.35909
-5.35935
-5.35960
-5.35985
-5.36011
-5.36036
-5.36062
-5.36087
-5.36113
-5.36138
-5.36164
-5.36189
-5.36215
-5.36240
-5.36266
-5.36291
-5.36316
-5.36342
-5.36367
-5.36393
-5.36418
-5.36444
-5.36469
-5.36495
-5.36520
-5.36546
-5.36571
-5.36597
-5.36622
-5.36647
-5.36673
-5.36698
-5.36724
-5.36749
-5.36775
-5.36800
-5.36826
-5.36851
-5.36877
-5.36902
-5.36928
-5.36953
-5.36978
-5.37004
-5.37029
-5.37055
-5.37080
-5.37106
-5.37131
-5.37157
-5.37182
-5.37208
-5.37233
-5.37258
-5.37284
-5.37309
-5.37335
-5.37360
-5.37386
-5.37411
-5.37437
-5.37462
-5.37488
-5.37513
-5.37539
-5.37564
-5.37589
-5.37615
-5.37640
-5.37666
-5.37691
-5.37717
-5.37742
-5.37768
-5.37793
-5.37819
-5.37844
-5.37870
-5.37895
-5.37920
-5.37946
-5.37971
-5.37997
-5.38022
-5.38048
-5.38073
-5.38099
-5.38124
-5.38150
-5.38175
-5.38201
-5.38226
-5.38251
-5.38277
-5.38302
-5.38328
-5.38353
-5.38379
-5.38404
-5.38430
-5.38455
-5.38481
-5.38506
-5.38531
-5.38557
-5.38582
-5.38608
-5.38633
-5.38659
-5.38684
-5.38710
-5.38735
-5.38761
-5.38786
-5.38812
-5.38837
-5.38862
-5.38888
-5.38913
-5.38939
-5.38964
-5.38990
-5.39015
-5.39041
-5.39066
-5.39092
-5.39117
-5.39143
-5.39168
-5.39193
-5.39219
-5.39244
-5.39270
-5.39295
-5.39321
-5.39346
-5.39372
-5.39397
-5.39423
-5.39448
-5.39474
-5.39499
-5.39524
-5.39550
-5.39575
-5.39601
-5.39626
-5.39652
-5.39677
-5.39703
-5.39728
-5.39754
-5.39779
-5.39804
-5.39830
-5.39855
-5.39881
-5.39906
-5.39932
-5.39957
-5.39983
-5.40008
-5.40034
-5.40059
-5.40085
-5.40110
-5.40135
-5.40161
-5.40186
-5.40212
-5.40237
-5.40263
-5.40288
-5.40314
-5.40339
-5.40365
-5.40390
-5.40416
-5.40441
-5.40466
-5.40492
-5.40517
-5.40543
-5.40568
-5.40594
-5.40619
-5.40645
-5.40670
-5.40696
-5.40721
-5.40746
-5.40772
-5.40797
-5.40823
-5.40848
-5.40874
-5.40899
-5.40925
-5.40950
-5.40976
-5.41001
-5.41027
-5.41052
-5.41077
-5.41103
-5.41128
-5.41154
-5.41179
-5.41205
-5.41230
-5.41256
-5.41281
-5.41307
-5.41332
-5.41357
-5.41383
-5.41408
-5.41434
-5.41459
-5.41485
-5.41510
-5.41536
-5.41561
-5.41587
-5.41612
-5.41638
-5.41663
-5.41688
-5.41714
-5.41739
-5.41765
-5.41790
-5.41816
-5.41841
-5.41867
-5.41892
-5.41918
-5.41943
-5.41969
-5.41994
-5.42019
-5.42045
-5.42070
-5.42096
-5.42121
-5.42147
-5.42172
-5.42198
-5.42223
-5.42249
-5.42274
-5.42299
-5.42325
-5.42350
-5.42376
-5.42401
-5.42427
-5.42452
-5.42478
-5.42503
-5.42529
-5.42554
-5.42580
-5.42605
-5.42630
-5.42656
-5.42681
-5.42707
-5.42732
-5.42758
-5.42783
-5.42809
-5.42834
-5.42860
-5.42885
-5.42910
-5.42936
-5.42961
-5.42987
-5.43012
-5.43038
-5.43063
-5.43089
-5.43114
-5.43140
-5.43165
-5.43191
-5.43216
-5.43241
-5.43267
-5.43292
-5.43318
-5.43343
-5.43369
-5.43394
-5.43420
-5.43445
-5.43471
-5.43496
-5.43522
-5.43547
-5.43572
-5.43598
-5.43623
-5.43649
-5.43674
-5.43700
-5.43725
-5.43751
-5.43776
-5.43802
-5.43827
-5.43852
-5.43878
-5.43903
-5.43929
-5.43954
-5.43980
-5.44005
-5.44031
-5.44056
-5.44082
-5.44107
-5.44133
-5.44158
-5.44183
-5.44209
-5.44234
-5.44260
-5.44285
-5.44311
-5.44336
-5.44362
-5.44387
-5.44413
-5.44438
-5.44463
-5.44489
-5.44514
-5.44540
-5.44565
-5.44591
-5.44616
-5.44642
-5.44667
-5.44693
-5.44718
-5.44744
-5.44769
-5.44794
-5.44820
-5.44845
-5.44871
-5.44896
-5.44922
-5.44947
-5.44973
-5.44998
-5.45024
-5.45049
-5.45074
-5.45100
-5.45125
-5.45151
-5.45176
-5.45202
-5.45227
-5.45253
-5.45278
-5.45304
-5.45329
-5.45355
-5.45380
-5.45405
-5.45431
-5.45456
-5.45482
-5.45507
-5.45533
-5.45558
-5.45584
-5.45609
-5.45635
-5.45660
-5.45685
-5.45711
-5.45736
-5.45762
-5.45787
-5.45813
-5.45838
-5.45864
-5.45889
-5.45915
-5.45940
-5.45965
-5.45991
-5.46016
-5.46042
-5.46067
-5.46093
-5.46118
-5.46144
-5.46169
-5.46195
-5.46220
-5.46246
-5.46271
-5.46296
-5.46322
-5.46347
-5.46373
-5.46398
-5.46424
-5.46449
-5.46475
-5.46500
-5.46526
-5.46551
-5.46576
-5.46602
-5.46627
-5.46653
-5.46678
-5.46704
-5.46729
-5.46755
-5.46780
-5.46806
-5.46831
-5.46857
-5.46882
-5.46907
-5.46933
-5.46958
-5.46984
-5.47009
-5.47035
-5.47060
-5.47086
-5.47111
-5.47137
-5.47162
-5.47187
-5.47213
-5.47238
-5.47264
-5.47289
-5.47315
-5.47340
-5.47366
-5.47391
-5.47417
-5.47442
-5.47468
-5.47493
-5.47518
-5.47544
-5.47569
-5.47595
-5.47620
-5.47646
-5.47671
-5.47697
-5.47722
-5.47748
-5.47773
-5.47798
-5.47824
-5.47849
-5.47875
-5.47900
-5.47926
-5.47951
-5.47977
-5.48002
-5.48028
-5.48053
-5.48078
-5.48104
-5.48129
-5.48155
-5.48180
-5.48206
-5.48231
-5.48257
-5.48282
-5.48308
-5.48333
-5.48359
-5.48384
-5.48409
-5.48435
-5.48460
-5.48486
-5.48511
-5.48537
-5.48562
-5.48588
-5.48613
-5.48639
-5.48664
-5.48689
-5.48715
-5.48740
-5.48766
-5.48791
-5.48817
-5.48842
-5.48868
-5.48893
-5.48919
-5.48944
-5.48969
-5.48995
-5.49020
-5.49046
-5.49071
-5.49097
-5.49122
-5.49148
-5.49173
-5.49199
-5.49224
-5.49250
-5.49275
-5.49300
-5.49326
-5.49351
-5.49377
-5.49402
-5.49428
-5.49453
-5.49479
-5.49504
-5.49530
-5.49555
-5.49580
-5.49606
-5.49631
-5.49657
-5.49682
-5.49708
-5.49733
-5.49759
-5.49784
-5.49810
-5.49835
-5.49860
-5.49886
-5.49911
-5.49937
-5.49962
-5.49988
-5.50013
-5.50039
-5.50064
-5.50090
-5.50115
-5.50141
-5.50166
-5.50191
-5.50217
-5.50242
-5.50268
-5.50293
-5.50319
-5.50344
-5.50370
-5.50395
-5.50421
-5.50446
-5.50471
-5.50497
-5.50522
-5.50548
-5.50573
-5.50599
-5.50624
-5.50650
-5.50675
-5.50701
-5.50726
-5.50751
-5.50777
-5.50802
-5.50828
-5.50853
-5.50879
-5.50904
-5.50930
-5.50955
-5.50981
-5.51006
-5.51032
-5.51057
-5.51082
-5.51108
-5.51133
-5.51159
-5.51184
-5.51210
-5.51235
-5.51261
-5.51286
-5.51312
-5.51337
-5.51362
-5.51388
-5.51413
-5.51439
-5.51464
-5.51490
-5.51515
-5.51541
-5.51566
-5.51592
-5.51617
-5.51642
-5.51668
-5.51693
-5.51719
-5.51744
-5.51770
-5.51795
-5.51821
-5.51846
-5.51872
-5.51897
-5.51922
-5.51948
-5.51973
-5.51999
-5.52024
-5.52050
-5.52075
-5.52101
-5.52126
-5.52152
-5.52177
-5.52203
-5.52228
-5.52253
-5.52279
-5.52304
-5.52330
-5.52355
-5.52381
-5.52406
-5.52432
-5.52457
-5.52483
-5.52508
-5.52533
-5.52559
-5.52584
-5.52610
-5.52635
-5.52661
-5.52686
-5.52712
-5.52737
-5.52763
-5.52788
-5.52813
-5.52839
-5.52864
-5.52890
-5.52915
-5.52941
-5.52966
-5.52992
-5.53017
-5.53043
-5.53068
-5.53093
-5.53119
-5.53144
-5.53170
-5.53195
-5.53221
-5.53246
-5.53272
-5.53297
-5.53323
-5.53348
-5.53373
-5.53399
-5.53424
-5.53450
-5.53475
-5.53501
-5.53526
-5.53552
-5.53577
-5.53603
-5.53628
-5.53654
-5.53679
-5.53704
-5.53730
-5.53755
-5.53781
-5.53806
-5.53832
-5.53857
-5.53883
-5.53908
-5.53934
-5.53959
-5.53984
-5.54010
-5.54035
-5.54061
-5.54086
-5.54112
-5.54137
-5.54163
-5.54188
-5.54214
-5.54239
-5.54264
-5.54290
-5.54315
-5.54341
-5.54366
-5.54392
-5.54417
-5.54443
-5.54468
-5.54494
-5.54519
-5.54544
-5.54570
-5.54595
-5.54621
-5.54646
-5.54672
-5.54697
-5.54723
-5.54748
-5.54774
-5.54799
-5.54824
-5.54850
-5.54875
-5.54901
-5.54926
-5.54952
-5.54977
-5.55003
-5.55028
-5.55054
-5.55079
-5.55104
-5.55130
-5.55155
-5.55181
-5.55206
-5.55232
-5.55257
-5.55283
-5.55308
-5.55334
-5.55359
-5.55384
-5.55410
-5.55435
-5.55461
-5.55486
-5.55512
-5.55537
-5.55563
-5.55588
-5.55614
-5.55639
-5.55665
-5.55690
-5.55715
-5.55741
-5.55766
-5.55792
-5.55817
-5.55843
-5.55868
-5.55894
-5.55919
-5.55945
-5.55970
-5.55995
-5.56021
-5.56046
-5.56072
-5.56097
-5.56123
-5.56148
-5.56174
-5.56199
-5.56225
-5.56250
-5.56275
-5.56301
-5.56326
-5.56352
-5.56377
-5.56403
-5.56428
-5.56454
-5.56479
-5.56505
-5.56530
-5.56555
-5.56581
-5.56606
-5.56632
-5.56657
-5.56683
-5.56708
-5.56734
-5.56759
-5.56785
-5.56810
-5.56835
-5.56861
-5.56886
-5.56912
-5.56937
-5.56963
-5.56988
-5.57014
-5.57039
-5.57065
-5.57090
-5.57115
-5.57141
-5.57166
-5.57192
-5.57217
-5.57243
-5.57268
-5.57294
-5.57319
-5.57345
-5.57370
-5.57395
-5.57421
-5.57446
-5.57472
-5.57497
-5.57523
-5.57548
-5.57574
-5.57599
-5.57625
-5.57650
-5.57675
-5.57701
-5.57726
-5.57752
-5.57777
-5.57803
-5.57828
-5.57854
-5.57879
-5.57905
-5.57930
-5.57955
-5.57981
-5.58006
-5.58032
-5.58057
-5.58083
-5.58108
-5.58134
-5.58159
-5.58185
-5.58210
-5.58235
-5.58261
-5.58286
-5.58312
-5.58337
-5.58363
-5.58388
-5.58414
-5.58439
-5.58465
-5.58490
-5.58515
-5.58541
-5.58566
-5.58592
-5.58617
-5.58643
-5.58668
-5.58694
-5.58719
-5.58745
-5.58770
-5.58795
-5.58821
-5.58846
-5.58872
-5.58897
-5.58923
-5.58948
-5.58974
-5.58999
-5.59025
-5.59050
-5.59075
-5.59101
-5.59126
-5.59152
-5.59177
-5.59203
-5.59228
-5.59254
-5.59279
-5.59305
-5.59330
-5.59355
-5.59381
-5.59406
-5.59432
-5.59457
-5.59483
-5.59508
-5.59534
-5.59559
-5.59585
-5.59610
-5.59635
-5.59661
-5.59686
-5.59712
-5.59737
-5.59763
-5.59788
-5.59814
-5.59839
-5.59865
-5.59890
-5.59915
-5.59941
-5.59966
-5.59992
-5.60017
-5.60043
-5.60068
-5.60094
-5.60119
-5.60145
-5.60170
-5.60195
-5.60221
-5.60246
-5.60272
-5.60297
-5.60323
-5.60348
-5.60374
-5.60399
-5.60425
-5.60450
-5.60475
-5.60501
-5.60526
-5.60552
-5.60577
-5.60603
-5.60628
-5.60654
-5.60679
-5.60705
-5.60730
-5.60755
-5.60781
-5.60806
-5.60832
-5.60857
-5.60883
-5.60908
-5.60934
-5.60959
-5.60985
-5.61010
-5.61035
-5.61061
-5.61086
-5.61112
-5.61137
-5.61163
-5.61188
-5.61214
-5.61239
-5.61265
-5.61290
-5.61315
-5.61341
-5.61366
-5.61392
-5.61417
-5.61443
-5.61468
-5.61494
-5.61519
-5.61545
-5.61570
-5.61595
-5.61621
-5.61646
-5.61672
-5.61697
-5.61723
-5.61748
-5.61774
-5.61799
-5.61825
-5.61850
-5.61875
-5.61901
-5.61926
-5.61952
-5.61977
-5.62003
-5.62028
-5.62054
-5.62079
-5.62105
-5.62130
-5.62155
-5.62181
-5.62206
-5.62232
-5.62257
-5.62283
-5.62308
-5.62334
-5.62359
-5.62385
-5.62410
-5.62435
-5.62461
-5.62486
-5.62512
-5.62537
-5.62563
-5.62588
-5.62614
-5.62639
-5.62665
-5.62690
-5.62715
-5.62741
-5.62766
-5.62792
-5.62817
-5.62843
-5.62868
-5.62894
-5.62919
-5.62945
-5.62970
-5.62995
-5.63021
-5.63046
-5.63072
-5.63097
-5.63123
-5.63148
-5.63174
-5.63199
-5.63224
-5.63250
-5.63275
-5.63301
-5.63326
-5.63352
-5.63377
-5.63403
-5.63428
-5.63454
-5.63479
-5.63504
-5.63530
-5.63555
-5.63581
-5.63606
-5.63632
-5.63657
-5.63683
-5.63708
-5.63734
-5.63759
-5.63784
-5.63810
-5.63835
-5.63861
-5.63886
-5.63912
-5.63937
-5.63963
-5.63988
-5.64014
-5.64039
-5.64064
-5.64090
-5.64115
-5.64141
-5.64166
-5.64192
-5.64217
-5.64243
-5.64268
-5.64294
-5.64319
-5.64344
-5.64370
-5.64395
-5.64421
-5.64446
-5.64472
-5.64497
-5.64523
-5.64548
-5.64574
-5.64599
-5.64624
-5.64650
-5.64675
-5.64701
-5.64726
-5.64752
-5.64777
-5.64803
-5.64828
-5.64854
-5.64879
-5.64904
-5.64930
-5.64955
-5.64981
-5.65006
-5.65032
-5.65057
-5.65083
-5.65108
-5.65133
-5.65159
-5.65184
-5.65210
-5.65235
-5.65261
-5.65286
-5.65312
-5.65337
-5.65363
-5.65388
-5.65413
-5.65439
-5.65464
-5.65490
-5.65515
-5.65541
-5.65566
-5.65592
-5.65617
-5.65643
-5.65668
-5.65693
-5.65719
-5.65744
-5.65770
-5.65795
-5.65821
-5.65846
-5.65872
-5.65897
-5.65923
-5.65948
-5.65973
-5.65999
-5.66024
-5.66050
-5.66075
-5.66101
-5.66126
-5.66152
-5.66177
-5.66203
-5.66228
-5.66253
-5.66279
-5.66304
-5.66330
-5.66355
-5.66381
-5.66406
-5.66432
-5.66457
-5.66482
-5.66508
-5.66533
-5.66559
-5.66584
-5.66610
-5.66635
-5.66661
-5.66686
-5.66712
-5.66737
-5.66762
-5.66788
-5.66813
-5.66839
-5.66864
-5.66890
-5.66915
-5.66941
-5.66966
-5.66992
-5.67017
-5.67042
-5.67068
-5.67093
-5.67119
-5.67144
-5.67170
-5.67195
-5.67221
-5.67246
-5.67272
-5.67297
-5.67322
-5.67348
-5.67373
-5.67399
-5.67424
-5.67450
-5.67475
-5.67501
-5.67526
-5.67552
-5.67577
-5.67602
-5.67628
-5.67653
-5.67679
-5.67704
-5.67730
-5.67755
-5.67781
-5.67806
-5.67831
-5.67857
-5.67882
-5.67908
-5.67933
-5.67959
-5.67984
-5.68010
-5.68035
-5.68061
-5.68086
-5.68111
-5.68137
-5.68162
-5.68188
-5.68213
-5.68239
-5.68264
-5.68290
-5.68315
-5.68341
-5.68366
-5.68391
-5.68417
-5.68442
-5.68468
-5.68493
-5.68519
-5.68544
-5.68570
-5.68595
-5.68620
-5.68646
-5.68671
-5.68697
-5.68722
-5.68748
-5.68773
-5.68799
-5.68824
-5.68850
-5.68875
-5.68900
-5.68926
-5.68951
-5.68977
-5.69002
-5.69028
-5.69053
-5.69079
-5.69104
-5.69130
-5.69155
-5.69180
-5.69206
-5.69231
-5.69257
-5.69282
-5.69308
-5.69333
-5.69359
-5.69384
-5.69410
-5.69435
-5.69460
-5.69486
-5.69511
-5.69537
-5.69562
-5.69588
-5.69613
-5.69639
-5.69664
-5.69689
-5.69715
-5.69740
-5.69766
-5.69791
-5.69817
-5.69842
-5.69868
-5.69893
-5.69919
-5.69944
-5.69969
-5.69995
-5.70020
-5.70046
-5.70071
-5.70097
-5.70122
-5.70148
-5.70173
-5.70199
-5.70224
-5.70249
-5.70275
-5.70300
-5.70326
-5.70351
-5.70377
-5.70402
-5.70428
-5.70453
-5.70478
-5.70504
-5.70529
-5.70555
-5.70580
-5.70606
-5.70631
-5.70657
-5.70682
-5.70708
-5.70733
-5.70758
-5.70784
-5.70809
-5.70835
-5.70860
-5.70886
-5.70911
-5.70937
-5.70962
-5.70988
-5.71013
-5.71038
-5.71064
-5.71089
-5.71115
-5.71140
-5.71166
-5.71191
-5.71217
-5.71242
-5.71267
-5.71293
-5.71318
-5.71344
-5.71369
-5.71395
-5.71420
-5.71446
-5.71471
-5.71497
-5.71522
-5.71547
-5.71573
-5.71598
-5.71624
-5.71649
-5.71675
-5.71700
-5.71726
-5.71751
-5.71777
-5.71802
-5.71827
-5.71853
-5.71878
-5.71904
-5.71929
-5.71955
-5.71980
-5.72006
-5.72031
-5.72056
-5.72082
-5.72107
-5.72133
-5.72158
-5.72184
-5.72209
-5.72235
-5.72260
-5.72286
-5.72311
-5.72336
-5.72362
-5.72387
-5.72413
-5.72438
-5.72464
-5.72489
-5.72515
-5.72540
-5.72566
-5.72591
-5.72616
-5.72642
-5.72667
-5.72693
-5.72718
-5.72744
-5.72769
-5.72795
-5.72820
-5.72845
-5.72871
-5.72896
-5.72922
-5.72947
-5.72973
-5.72998
-5.73024
-5.73049
-5.73075
-5.73100
-5.73125
-5.73151
-5.73176
-5.73202
-5.73227
-5.73253
-5.73278
-5.73304
-5.73329
-5.73354
-5.73380
-5.73405
-5.73431
-5.73456
-5.73482
-5.73507
-5.73533
-5.73558
-5.73584
-5.73609
-5.73634
-5.73660
-5.73685
-5.73711
-5.73736
-5.73762
-5.73787
-5.73813
-5.73838
-5.73864
-5.73889
-5.73914
-5.73940
-5.73965
-5.73991
-5.74016
-5.74042
-5.74067
-5.74093
-5.74118
-5.74143
-5.74169
-5.74194
-5.74220
-5.74245
-5.74271
-5.74296
-5.74322
-5.74347
-5.74373
-5.74398
-5.74423
-5.74449
-5.74474
-5.74500
-5.74525
-5.74551
-5.74576
-5.74602
-5.74627
-5.74652
-5.74678
-5.74703
-5.74729
-5.74754
-5.74780
-5.74805
-5.74831
-5.74856
-5.74882
-5.74907
-5.74932
-5.74958
-5.74983
-5.75009
-5.75034
-5.75060
-5.75085
-5.75111
-5.75136
-5.75161
-5.75187
-5.75212
-5.75238
-5.75263
-5.75289
-5.75314
-5.75340
-5.75365
-5.75391
-5.75416
-5.75441
-5.75467
-5.75492
-5.75518
-5.75543
-5.75569
-5.75594
-5.75620
-5.75645
-5.75670
-5.75696
-5.75721
-5.75747
-5.75772
-5.75798
-5.75823
-5.75849
-5.75874
-5.75900
-5.75925
-5.75950
-5.75976
-5.76001
-5.76027
-5.76052
-5.76078
-5.76103
-5.76129
-5.76154
-5.76180
-5.76205
-5.76230
-5.76256
-5.76281
-5.76307
-5.76332
-5.76358
-5.76383
-5.76409
-5.76434
-5.76459
-5.76485
-5.76510
-5.76536
-5.76561
-5.76587
-5.76612
-5.76638
-5.76663
-5.76689
-5.76714
-5.76739
-5.76765
-5.76790
-5.76816
-5.76841
-5.76867
-5.76892
-5.76918
-5.76943
-5.76968
-5.76994
-5.77019
-5.77045
-5.77070
-5.77096
-5.77121
-5.77147
-5.77172
-5.77198
-5.77223
-5.77248
-5.77274
-5.77299
-5.77325
-5.77350
-5.77376
-5.77401
-5.77427
-5.77452
-5.77477
-5.77503
-5.77528
-5.77554
-5.77579
-5.77605
-5.77630
-5.77656
-5.77681
-5.77707
-5.77732
-5.77757
-5.77783
-5.77808
-5.77834
-5.77859
-5.77885
-5.77910
-5.77936
-5.77961
-5.77986
-5.78012
-5.78037
-5.78063
-5.78088
-5.78114
-5.78139
-5.78165
-5.78190
-5.78216
-5.78241
-5.78266
-5.78292
-5.78317
-5.78343
-5.78368
-5.78394
-5.78419
-5.78445
-5.78470
-5.78495
-5.78521
-5.78546
-5.78572
-5.78597
-5.78623
-5.78648
-5.78674
-5.78699
-5.78724
-5.78750
-5.78775
-5.78801
-5.78826
-5.78852
-5.78877
-5.78903
-5.78928
-5.78954
-5.78979
-5.79004
-5.79030
-5.79055
-5.79081
-5.79106
-5.79132
-5.79157
-5.79183
-5.79208
-5.79233
-5.79259
-5.79284
-5.79310
-5.79335
-5.79361
-5.79386
-5.79412
-5.79437
-5.79463
-5.79488
-5.79513
-5.79539
-5.79564
-5.79590
-5.79615
-5.79641
-5.79666
-5.79692
-5.79717
-5.79742
-5.79768
-5.79793
-5.79819
-5.79844
-5.79870
-5.79895
-5.79921
-5.79946
-5.79972
-5.79997
-5.80022
-5.80048
-5.80073
-5.80099
-5.80124
-5.80150
-5.80175
-5.80201
-5.80226
-5.80251
-5.80277
-5.80302
-5.80328
-5.80353
-5.80379
-5.80404
-5.80430
-5.80455
-5.80480
-5.80506
-5.80531
-5.80557
-5.80582
-5.80608
-5.80633
-5.80659
-5.80684
-5.80710
-5.80735
-5.80760
-5.80786
-5.80811
-5.80837
-5.80862
-5.80888
-5.80913
-5.80939
-5.80964
-5.80989
-5.81015
-5.81040
-5.81066
-5.81091
-5.81117
-5.81142
-5.81168
-5.81193
-5.81219
-5.81244
-5.81269
-5.81295
-5.81320
-5.81346
-5.81371
-5.81397
-5.81422
-5.81448
-5.81473
-5.81498
-5.81524
-5.81549
-5.81575
-5.81600
-5.81626
-5.81651
-5.81677
-5.81702
-5.81727
-5.81753
-5.81778
-5.81804
-5.81829
-5.81855
-5.81880
-5.81906
-5.81931
-5.81957
-5.81982
-5.82007
-5.82033
-5.82058
-5.82084
-5.82109
-5.82135
-5.82160
-5.82186
-5.82211
-5.82236
-5.82262
-5.82287
-5.82313
-5.82338
-5.82364
-5.82389
-5.82415
-5.82440
-5.82466
-5.82491
-5.82516
-5.82542
-5.82567
-5.82593
-5.82618
-5.82644
-5.82669
-5.82695
-5.82720
-5.82745
-5.82771
-5.82796
-5.82822
-5.82847
-5.82873
-5.82898
-5.82924
-5.82949
-5.82974
-5.83000
-5.83025
-5.83051
-5.83076
-5.83102
-5.83127
-5.83153
-5.83178
-5.83204
-5.83229
-5.83254
-5.83280
-5.83305
-5.83331
-5.83356
-5.83382
-5.83407
-5.83433
-5.83458
-5.83483
-5.83509
-5.83534
-5.83560
-5.83585
-5.83611
-5.83636
-5.83662
-5.83687
-5.83712
-5.83738
-5.83763
-5.83789
-5.83814
-5.83840
-5.83865
-5.83891
-5.83916
-5.83942
-5.83967
-5.83992
-5.84018
-5.84043
-5.84069
-5.84094
-5.84120
-5.84145
-5.84171
-5.84196
-5.84221
-5.84247
-5.84272
-5.84298
-5.84323
-5.84349
-5.84374
-5.84400
-5.84425
-5.84450
-5.84476
-5.84501
-5.84527
-5.84552
-5.84578
-5.84603
-5.84629
-5.84654
-5.84680
-5.84705
-5.84730
-5.84756
-5.84781
-5.84807
-5.84832
-5.84858
-5.84883
-5.84909
-5.84934
-5.84959
-5.84985
-5.85010
-5.85036
-5.85061
-5.85087
-5.85112
-5.85138
-5.85163
-5.85188
-5.85214
-5.85239
-5.85265
-5.85290
-5.85316
-5.85341
-5.85367
-5.85392
-5.85418
-5.85443
-5.85468
-5.85494
-5.85519
-5.85545
-5.85570
-5.85596
-5.85621
-5.85647
-5.85672
-5.85697
-5.85723
-5.85748
-5.85774
-5.85799
-5.85825
-5.85850
-5.85876
-5.85901
-5.85926
-5.85952
-5.85977
-5.86003
-5.86028
-5.86054
-5.86079
-5.86105
-5.86130
-5.86155
-5.86181
-5.86206
-5.86232
-5.86257
-5.86283
-5.86308
-5.86334
-5.86359
-5.86385
-5.86410
-5.86435
-5.86461
-5.86486
-5.86512
-5.86537
-5.86563
-5.86588
-5.86614
-5.86639
-5.86664
-5.86690
-5.86715
-5.86741
-5.86766
-5.86792
-5.86817
-5.86843
-5.86868
-5.86893
-5.86919
-5.86944
-5.86970
-5.86995
-5.87021
-5.87046
-5.87072
-5.87097
-5.87122
-5.87148
-5.87173
-5.87199
-5.87224
-5.87250
-5.87275
-5.87301
-5.87326
-5.87352
-5.87377
-5.87402
-5.87428
-5.87453
-5.87479
-5.87504
-5.87530
-5.87555
-5.87581
-5.87606
-5.87631
-5.87657
-5.87682
-5.87708
-5.87733
-5.87759
-5.87784
-5.87810
-5.87835
-5.87860
-5.87886
-5.87911
-5.87937
-5.87962
-5.87988
-5.88013
-5.88039
-5.88064
-5.88089
-5.88115
-5.88140
-5.88166
-5.88191
-5.88217
-5.88242
-5.88268
-5.88293
-5.88319
-5.88344
-5.88369
-5.88395
-5.88420
-5.88446
-5.88471
-5.88497
-5.88522
-5.88548
-5.88573
-5.88598
-5.88624
-5.88649
-5.88675
-5.88700
-5.88726
-5.88751
-5.88777
-5.88802
-5.88827
-5.88853
-5.88878
-5.88904
-5.88929
-5.88955
-5.88980
-5.89006
-5.89031
-5.89056
-5.89082
-5.89107
-5.89133
-5.89158
-5.89184
-5.89209
-5.89235
-5.89260
-5.89286
-5.89311
-5.89336
-5.89362
-5.89387
-5.89413
-5.89438
-5.89464
-5.89489
-5.89515
-5.89540
-5.89565
-5.89591
-5.89616
-5.89642
-5.89667
-5.89693
-5.89718
-5.89744
-5.89769
-5.89794
-5.89820
-5.89845
-5.89871
-5.89896
-5.89922
-5.89947
-5.89973
-5.89998
-5.90023
-5.90049
-5.90074
-5.90100
-5.90125
-5.90151
-5.90176
-5.90202
-5.90227
-5.90252
-5.90278
-5.90303
-5.90329
-5.90354
-5.90380
-5.90405
-5.90431
-5.90456
-5.90481
-5.90507
-5.90532
-5.90558
-5.90583
-5.90609
-5.90634
-5.90660
-5.90685
-5.90711
-5.90736
-5.90761
-5.90787
-5.90812
-5.90838
-5.90863
-5.90889
-5.90914
-5.90940
-5.90965
-5.90990
-5.91016
-5.91041
-5.91067
-5.91092
-5.91118
-5.91143
-5.91169
-5.91194
-5.91219
-5.91245
-5.91270
-5.91296
-5.91321
-5.91347
-5.91372
-5.91398
-5.91423
-5.91448
-5.91474
-5.91499
-5.91525
-5.91550
-5.91576
-5.91601
-5.91627
-5.91652
-5.91677
-5.91703
-5.91728
-5.91754
-5.91779
-5.91805
-5.91830
-5.91856
-5.91881
-5.91906
-5.91932
-5.91957
-5.91983
-5.92008
-5.92034
-5.92059
-5.92085
-5.92110
-5.92136
-5.92161
-5.92186
-5.92212
-5.92237
-5.92263
-5.92288
-5.92314
-5.92339
-5.92365
-5.92390
-5.92415
-5.92441
-5.92466
-5.92492
-5.92517
-5.92543
-5.92568
-5.92594
-5.92619
-5.92644
-5.92670
-5.92695
-5.92721
-5.92746
-5.92772
-5.92797
-5.92823
-5.92848
-5.92873
-5.92899
-5.92924
-5.92950
-5.92975
-5.93001
-5.93026
-5.93052
-5.93077
-5.93102
-5.93128
-5.93153
-5.93179
-5.93204
-5.93230
-5.93255
-5.93281
-5.93306
-5.93331
-5.93357
-5.93382
-5.93408
-5.93433
-5.93459
-5.93484
-5.93510
-5.93535
-5.93560
-5.93586
-5.93611
-5.93637
-5.93662
-5.93688
-5.93713
-5.93739
-5.93764
-5.93789
-5.93815
-5.93840
-5.93866
-5.93891
-5.93917
-5.93942
-5.93968
-5.93993
-5.94019
-5.94044
-5.94069
-5.94095
-5.94120
-5.94146
-5.94171
-5.94197
-5.94222
-5.94248
-5.94273
-5.94298
-5.94324
-5.94349
-5.94375
-5.94400
-5.94426
-5.94451
-5.94477
-5.94502
-5.94527
-5.94553
-5.94578
-5.94604
-5.94629
-5.94655
-5.94680
-5.94706
-5.94731
-5.94756
-5.94782
-5.94807
-5.94833
-5.94858
-5.94884
-5.94909
-5.94935
-5.94960
-5.94985
-5.95011
-5.95036
-5.95062
-5.95087
-5.95113
-5.95138
-5.95164
-5.95189
-5.95214
-5.95240
-5.95265
-5.95291
-5.95316
-5.95342
-5.95367
-5.95393
-5.95418
-5.95443
-5.95469
-5.95494
-5.95520
-5.95545
-5.95571
-5.95596
-5.95622
-5.95647
-5.95672
-5.95698
-5.95723
-5.95749
-5.95774
-5.95800
-5.95825
-5.95851
-5.95876
-5.95901
-5.95927
-5.95952
-5.95978
-5.96003
-5.96029
-5.96054
-5.96080
-5.96105
-5.96130
-5.96156
-5.96181
-5.96207
-5.96232
-5.96258
-5.96283
-5.96309
-5.96334
-5.96359
-5.96385
-5.96410
-5.96436
-5.96461
-5.96487
-5.96512
-5.96538
-5.96563
-5.96588
-5.96614
-5.96639
-5.96665
-5.96690
-5.96716
-5.96741
-5.96767
-5.96792
-5.96817
-5.96843
-5.96868
-5.96894
-5.96919
-5.96945
-5.96970
-5.96996
-5.97021
-5.97046
-5.97072
-5.97097
-5.97123
-5.97148
-5.97174
-5.97199
-5.97225
-5.97250
-5.97275
-5.97301
-5.97326
-5.97352
-5.97377
-5.97403
-5.97428
-5.97454
-5.97479
-5.97504
-5.97530
-5.97555
-5.97581
-5.97606
-5.97632
-5.97657
-5.97683
-5.97708
-5.97734
-5.97759
-5.97784
-5.97810
-5.97835
-5.97861
-5.97886
-5.97912
-5.97937
-5.97963
-5.97988
-5.98013
-5.98039
-5.98064
-5.98090
-5.98115
-5.98141
-5.98166
-5.98192
-5.98217
-5.98242
-5.98268
-5.98293
-5.98319
-5.98344
-5.98370
-5.98395
-5.98421
-5.98446
-5.98471
-5.98497
-5.98522
-5.98548
-5.98573
-5.98599
-5.98624
-5.98650
-5.98675
-5.98700
-5.98726
-5.98751
-5.98777
-5.98802
-5.98828
-5.98853
-5.98879
-5.98904
-5.98929
-5.98955
-5.98980
-5.99006
-5.99031
-5.99057
-5.99082
-5.99108
-5.99133
-5.99158
-5.99184
-5.99209
-5.99235
-5.99260
-5.99286
-5.99311
-5.99337
-5.99362
-5.99387
-5.99413
-5.99438
-5.99464
-5.99489
-5.99515
-5.99540
-5.99566
-5.99591
-5.99616
-5.99642
-5.99667
-5.99693
-5.99718
-5.99744
-5.99769
-5.99794
-5.99820
-5.99845
-5.99871
-5.99896
-5.99922
-5.99947
-5.99973
-5.99998
-6.00023
-6.00049
-6.00074
-6.00100
-6.00125
-6.00151
-6.00176
-6.00202
-6.00227
-6.00252
-6.00278
-6.00303
-6.00329
-6.00354
-6.00380
-6.00405
-6.00431
-6.00456
-6.00481
-6.00507
-6.00532
-6.00558
-6.00583
-6.00609
-6.00634
-6.00660
-6.00685
-6.00710
-6.00736
-6.00761
-6.00787
-6.00812
-6.00838
-6.00863
-6.00889
-6.00914
-6.00939
-6.00965
-6.00990
-6.01016
-6.01041
-6.01067
-6.01092
-6.01118
-6.01143
-6.01168
-6.01194
-6.01219
-6.01245
-6.01270
-6.01296
-6.01321
-6.01347
-6.01372
-6.01397
-6.01423
-6.01448
-6.01474
-6.01499
-6.01525
-6.01550
-6.01576
-6.01601
-6.01626
-6.01652
-6.01677
-6.01703
-6.01728
-6.01754
-6.01779
-6.01805
-6.01830
-6.01855
-6.01881
-6.01906
-6.01932
-6.01957
-6.01983
-6.02008
-6.02034
-6.02059
-6.02084
-6.02110
-6.02135
-6.02161
-6.02186
-6.02212
-6.02237
-6.02263
-6.02288
-6.02313
-6.02339
-6.02364
-6.02390
-6.02415
-6.02441
-6.02466
-6.02492
-6.02517
-6.02542
-6.02568
-6.02593
-6.02619
-6.02644
-6.02670
-6.02695
-6.02721
-6.02746
-6.02771
-6.02797
-6.02822
-6.02848
-6.02873
-6.02899
-6.02924
-6.02950
-6.02975
-6.03000
-6.03026
-6.03051
-6.03077
-6.03102
-6.03128
-6.03153
-6.03179
-6.03204
-6.03229
-6.03255
-6.03280
-6.03306
-6.03331
-6.03357
-6.03382
-6.03408
-6.03433
-6.03458
-6.03484
-6.03509
-6.03535
-6.03560
-6.03586
-6.03611
-6.03636
-6.03662
-6.03687
-6.03713
-6.03738
-6.03764
-6.03789
-6.03815
-6.03840
-6.03865
-6.03891
-6.03916
-6.03942
-6.03967
-6.03993
-6.04018
-6.04044
-6.04069
-6.04094
-6.04120
-6.04145
-6.04171
-6.04196
-6.04222
-6.04247
-6.04273
-6.04298
-6.04323
-6.04349
-6.04374
-6.04400
-6.04425
-6.04451
-6.04476
-6.04502
-6.04527
-6.04552
-6.04578
-6.04603
-6.04629
-6.04654
-6.04680
-6.04705
-6.04731
-6.04756
-6.04781
-6.04807
-6.04832
-6.04858
-6.04883
-6.04909
-6.04934
-6.04960
-6.04985
-6.05010
-6.05036
-6.05061
-6.05087
-6.05112
-6.05138
-6.05163
-6.05189
-6.05214
-6.05239
-6.05265
-6.05290
-6.05316
-6.05341
-6.05367
-6.05392
-6.05418
-6.05443
-6.05468
-6.05494
-6.05519
-6.05545
-6.05570
-6.05596
-6.05621
-6.05646
-6.05672
-6.05697
-6.05723
-6.05748
-6.05774
-6.05799
-6.05825
-6.05850
-6.05875
-6.05901
-6.05926
-6.05952
-6.05977
-6.06003
-6.06028
-6.06054
-6.06079
-6.06104
-6.06130
-6.06155
-6.06181
-6.06206
-6.06232
-6.06257
-6.06283
-6.06308
-6.06333
-6.06359
-6.06384
-6.06410
-6.06435
-6.06461
-6.06486
-6.06512
-6.06537
-6.06562
-6.06588
-6.06613
-6.06639
-6.06664
-6.06690
-6.06715
-6.06741
-6.06766
-6.06791
-6.06817
-6.06842
-6.06868
-6.06893
-6.06919
-6.06944
-6.06969
-6.06995
-6.07020
-6.07046
-6.07071
-6.07097
-6.07122
-6.07148
-6.07173
-6.07198
-6.07224
-6.07249
-6.07275
-6.07300
-6.07326
-6.07351
-6.07377
-6.07402
-6.07427
-6.07453
-6.07478
-6.07504
-6.07529
-6.07555
-6.07580
-6.07606
-6.07631
-6.07656
-6.07682
-6.07707
-6.07733
-6.07758
-6.07784
-6.07809
-6.07835
-6.07860
-6.07885
-6.07911
-6.07936
-6.07962
-6.07987
-6.08013
-6.08038
-6.08064
-6.08089
-6.08114
-6.08140
-6.08165
-6.08191
-6.08216
-6.08242
-6.08267
-6.08292
-6.08318
-6.08343
-6.08369
-6.08394
-6.08420
-6.08445
-6.08471
-6.08496
-6.08521
-6.08547
-6.08572
-6.08598
-6.08623
-6.08649
-6.08674
-6.08700
-6.08725
-6.08750
-6.08776
-6.08801
-6.08827
-6.08852
-6.08878
-6.08903
-6.08929
-6.08954
-6.08979
-6.09005
-6.09030
-6.09056
-6.09081
-6.09107
-6.09132
-6.09158
-6.09183
-6.09208
-6.09234
-6.09259
-6.09285
-6.09310
-6.09336
-6.09361
-6.09386
-6.09412
-6.09437
-6.09463
-6.09488
-6.09514
-6.09539
-6.09565
-6.09590
-6.09615
-6.09641
-6.09666
-6.09692
-6.09717
-6.09743
-6.09768
-6.09794
-6.09819
-6.09844
-6.09870
-6.09895
-6.09921
-6.09946
-6.09972
-6.09997
-6.10023
-6.10048
-6.10073
-6.10099
-6.10124
-6.10150
-6.10175
-6.10201
-6.10226
-6.10252
-6.10277
-6.10302
-6.10328
-6.10353
-6.10379
-6.10404
-6.10430
-6.10455
-6.10480
-6.10506
-6.10531
-6.10557
-6.10582
-6.10608
-6.10633
-6.10659
-6.10684
-6.10709
-6.10735
-6.10760
-6.10786
-6.10811
-6.10837
-6.10862
-6.10888
-6.10913
-6.10938
-6.10964
-6.10989
-6.11015
-6.11040
-6.11066
-6.11091
-6.11117
-6.11142
-6.11167
-6.11193
-6.11218
-6.11244
-6.11269
-6.11295
-6.11320
-6.11345
-6.11371
-6.11396
-6.11422
-6.11447
-6.11473
-6.11498
-6.11524
-6.11549
-6.11574
-6.11600
-6.11625
-6.11651
-6.11676
-6.11702
-6.11727
-6.11753
-6.11778
-6.11803
-6.11829
-6.11854
-6.11880
-6.11905
-6.11931
-6.11956
-6.11982
-6.12007
-6.12032
-6.12058
-6.12083
-6.12109
-6.12134
-6.12160
-6.12185
-6.12210
-6.12236
-6.12261
-6.12287
-6.12312
-6.12338
-6.12363
-6.12389
-6.12414
-6.12439
-6.12465
-6.12490
-6.12516
-6.12541
-6.12567
-6.12592
-6.12618
-6.12643
-6.12668
-6.12694
-6.12719
-6.12745
-6.12770
-6.12796
-6.12821
-6.12846
-6.12872
-6.12897
-6.12923
-6.12948
-6.12974
-6.12999
-6.13025
-6.13050
-6.13075
-6.13101
-6.13126
-6.13152
-6.13177
-6.13203
-6.13228
-6.13254
-6.13279
-6.13304
-6.13330
-6.13355
-6.13381
-6.13406
-6.13432
-6.13457
-6.13483
-6.13508
-6.13533
-6.13559
-6.13584
-6.13610
-6.13635
-6.13661
-6.13686
-6.13711
-6.13737
-6.13762
-6.13788
-6.13813
-6.13839
-6.13864
-6.13890
-6.13915
-6.13940
-6.13966
-6.13991
-6.14017
-6.14042
-6.14068
-6.14093
-6.14119
-6.14144
-6.14169
-6.14195
-6.14220
-6.14246
-6.14271
-6.14297
-6.14322
-6.14347
-6.14373
-6.14398
-6.14424
-6.14449
-6.14475
-6.14500
-6.14526
-6.14551
-6.14576
-6.14602
-6.14627
-6.14653
-6.14678
-6.14704
-6.14729
-6.14755
-6.14780
-6.14805
-6.14831
-6.14856
-6.14882
-6.14907
-6.14933
-6.14958
-6.14984
-6.15009
-6.15034
-6.15060
-6.15085
-6.15111
-6.15136
-6.15162
-6.15187
-6.15212
-6.15238
-6.15263
-6.15289
-6.15314
-6.15340
-6.15365
-6.15391
-6.15416
-6.15441
-6.15467
-6.15492
-6.15518
-6.15543
-6.15569
-6.15594
-6.15620
-6.15645
-6.15670
-6.15696
-6.15721
-6.15747
-6.15772
-6.15798
-6.15823
-6.15848
-6.15874
-6.15899
-6.15925
-6.15950
-6.15976
-6.16001
-6.16027
-6.16052
-6.16077
-6.16103
-6.16128
-6.16154
-6.16179
-6.16205
-6.16230
-6.16256
-6.16281
-6.16306
-6.16332
-6.16357
-6.16383
-6.16408
-6.16434
-6.16459
-6.16484
-6.16510
-6.16535
-6.16561
-6.16586
-6.16612
-6.16637
-6.16663
-6.16688
-6.16713
-6.16739
-6.16764
-6.16790
-6.16815
-6.16841
-6.16866
-6.16892
-6.16917
-6.16942
-6.16968
-6.16993
-6.17019
-6.17044
-6.17070
-6.17095
-6.17120
-6.17146
-6.17171
-6.17197
-6.17222
-6.17248
-6.17273
-6.17299
-6.17324
-6.17349
-6.17375
-6.17400
-6.17426
-6.17451
-6.17477
-6.17502
-6.17527
-6.17553
-6.17578
-6.17604
-6.17629
-6.17655
-6.17680
-6.17706
-6.17731
-6.17756
-6.17782
-6.17807
-6.17833
-6.17858
-6.17884
-6.17909
-6.17935
-6.17960
-6.17985
-6.18011
-6.18036
-6.18062
-6.18087
-6.18113
-6.18138
-6.18163
-6.18189
-6.18214
-6.18240
-6.18265
-6.18291
-6.18316
-6.18342
-6.18367
-6.18392
-6.18418
-6.18443
-6.18469
-6.18494
-6.18520
-6.18545
-6.18571
-6.18596
-6.18621
-6.18647
-6.18672
-6.18698
-6.18723
-6.18749
-6.18774
-6.18799
-6.18825
-6.18850
-6.18876
-6.18901
-6.18927
-6.18952
-6.18978
-6.19003
-6.19028
-6.19054
-6.19079
-6.19105
-6.19130
-6.19156
-6.19181
-6.19206
-6.19232
-6.19257
-6.19283
-6.19308
-6.19334
-6.19359
-6.19385
-6.19410
-6.19435
-6.19461
-6.19486
-6.19512
-6.19537
-6.19563
-6.19588
-6.19614
-6.19639
-6.19664
-6.19690
-6.19715
-6.19741
-6.19766
-6.19792
-6.19817
-6.19842
-6.19868
-6.19893
-6.19919
-6.19944
-6.19970
-6.19995
-6.20021
-6.20046
-6.20071
-6.20097
-6.20122
-6.20148
-6.20173
-6.20199
-6.20224
-6.20249
-6.20275
-6.20300
-6.20326
-6.20351
-6.20377
-6.20402
-6.20428
-6.20453
-6.20478
-6.20504
-6.20529
-6.20555
-6.20580
-6.20606
-6.20631
-6.20657
-6.20682
-6.20707
-6.20733
-6.20758
-6.20784
-6.20809
-6.20835
-6.20860
-6.20885
-6.20911
-6.20936
-6.20962
-6.20987
-6.21013
-6.21038
-6.21064
-6.21089
-6.21114
-6.21140
-6.21165
-6.21191
-6.21216
-6.21242
-6.21267
-6.21292
-6.21318
-6.21343
-6.21369
-6.21394
-6.21420
-6.21445
-6.21471
-6.21496
-6.21521
-6.21547
-6.21572
-6.21598
-6.21623
-6.21649
-6.21674
-6.21700
-6.21725
-6.21750
-6.21776
-6.21801
-6.21827
-6.21852
-6.21878
-6.21903
-6.21928
-6.21954
-6.21979
-6.22005
-6.22030
-6.22056
-6.22081
-6.22107
-6.22132
-6.22157
-6.22183
-6.22208
-6.22234
-6.22259
-6.22285
-6.22310
-6.22335
-6.22361
-6.22386
-6.22412
-6.22437
-6.22463
-6.22488
-6.22514
-6.22539
-6.22564
-6.22590
-6.22615
-6.22641
-6.22666
-6.22692
-6.22717
-6.22742
-6.22768
-6.22793
-6.22819
-6.22844
-6.22870
-6.22895
-6.22921
-6.22946
-6.22971
-6.22997
-6.23022
-6.23048
-6.23073
-6.23099
-6.23124
-6.23149
-6.23175
-6.23200
-6.23226
-6.23251
-6.23277
-6.23302
-6.23328
-6.23353
-6.23378
-6.23404
-6.23429
-6.23455
-6.23480
-6.23506
-6.23531
-6.23557
-6.23582
-6.23607
-6.23633
-6.23658
-6.23684
-6.23709
-6.23735
-6.23760
-6.23785
-6.23811
-6.23836
-6.23862
-6.23887
-6.23913
-6.23938
-6.23964
-6.23989
-6.24014
-6.24040
-6.24065
-6.24091
-6.24116
-6.24142
-6.24167
-6.24192
-6.24218
-6.24243
-6.24269
-6.24294
-6.24320
-6.24345
-6.24371
-6.24396
-6.24421
-6.24447
-6.24472
-6.24498
-6.24523
-6.24549
-6.24574
-6.24599
-6.24625
-6.24650
-6.24676
-6.24701
-6.24727
-6.24752
-6.24778
-6.24803
-6.24828
-6.24854
-6.24879
-6.24905
-6.24930
-6.24956
-6.24981
-6.25006
-6.25032
-6.25057
-6.25083
-6.25108
-6.25134
-6.25159
-6.25185
-6.25210
-6.25235
-6.25261
-6.25286
-6.25312
-6.25337
-6.25363
-6.25388
-6.25413
-6.25439
-6.25464
-6.25490
-6.25515
-6.25541
-6.25566
-6.25592
-6.25617
-6.25642
-6.25668
-6.25693
-6.25719
-6.25744
-6.25770
-6.25795
-6.25820
-6.25846
-6.25871
-6.25897
-6.25922
-6.25948
-6.25973
-6.25999
-6.26024
-6.26049
-6.26075
-6.26100
-6.26126
-6.26151
-6.26177
-6.26202
-6.26227
-6.26253
-6.26278
-6.26304
-6.26329
-6.26355
-6.26380
-6.26406
-6.26431
-6.26456
-6.26482
-6.26507
-6.26533
-6.26558
-6.26584
-6.26609
-6.26634
-6.26660
-6.26685
-6.26711
-6.26736
-6.26762
-6.26787
-6.26813
-6.26838
-6.26863
-6.26889
-6.26914
-6.26940
-6.26965
-6.26991
-6.27016
-6.27041
-6.27067
-6.27092
-6.27118
-6.27143
-6.27169
-6.27194
-6.27220
-6.27245
-6.27270
-6.27296
-6.27321
-6.27347
-6.27372
-6.27398
-6.27423
-6.27448
-6.27474
-6.27499
-6.27525
-6.27550
-6.27576
-6.27601
-6.27627
-6.27652
-6.27677
-6.27703
-6.27728
-6.27754
-6.27779
-6.27805
-6.27830
-6.27855
-6.27881
-6.27906
-6.27932
-6.27957
-6.27983
-6.28008
-6.28034
-6.28059
-6.28084
-6.28110
-6.28135
-6.28161
-6.28186
-6.28212
-6.28237
-6.28262
-6.28288
-6.28313
-6.28339
-6.28364
-6.28390
-6.28415
-6.28440
-6.28466
-6.28491
-6.28517
-6.28542
-6.28568
-6.28593
-6.28619
-6.28644
-6.28669
-6.28695
-6.28720
-6.28746
-6.28771
-6.28797
-6.28822
-6.28847
-6.28873
-6.28898
-6.28924
-6.28949
-6.28975
-6.29000
-6.29026
-6.29051
-6.29076
-6.29102
-6.29127
-6.29153
-6.29178
-6.29204
-6.29229
-6.29254
-6.29280
-6.29305
-6.29331
-6.29356
-6.29382
-6.29407
-6.29433
-6.29458
-6.29483
-6.29509
-6.29534
-6.29560
-6.29585
-6.29611
-6.29636
-6.29661
-6.29687
-6.29712
-6.29738
-6.29763
-6.29789
-6.29814
-6.29840
-6.29865
-6.29890
-6.29916
-6.29941
-6.29967
-6.29992
-6.30018
-6.30043
-6.30068
-6.30094
-6.30119
-6.30145
-6.30170
-6.30196
-6.30221
-6.30246
-6.30272
-6.30297
-6.30323
-6.30348
-6.30374
-6.30399
-6.30425
-6.30450
-6.30475
-6.30501
-6.30526
-6.30552
-6.30577
-6.30603
-6.30628
-6.30653
-6.30679
-6.30704
-6.30730
-6.30755
-6.30781
-6.30806
-6.30832
-6.30857
-6.30882
-6.30908
-6.30933
-6.30959
-6.30984
-6.31010
-6.31035
-6.31060
-6.31086
-6.31111
-6.31137
-6.31162
-6.31188
-6.31213
-6.31239
-6.31264
-6.31289
-6.31315
-6.31340
-6.31366
-6.31391
-6.31417
-6.31442
-6.31467
-6.31493
-6.31518
-6.31544
-6.31569
-6.31595
-6.31620
-6.31645
-6.31671
-6.31696
-6.31722
-6.31747
-6.31773
-6.31798
-6.31824
-6.31849
-6.31874
-6.31900
-6.31925
-6.31951
-6.31976
-6.32002
-6.32027
-6.32052
-6.32078
-6.32103
-6.32129
-6.32154
-6.32180
-6.32205
-6.32231
-6.32256
-6.32281
-6.32307
-6.32332
-6.32358
-6.32383
-6.32409
-6.32434
-6.32459
-6.32485
-6.32510
-6.32536
-6.32561
-6.32587
-6.32612
-6.32637
-6.32663
-6.32688
-6.32714
-6.32739
-6.32765
-6.32790
-6.32816
-6.32841
-6.32866
-6.32892
-6.32917
-6.32943
-6.32968
-6.32994
-6.33019
-6.33044
-6.33070
-6.33095
-6.33121
-6.33146
-6.33172
-6.33197
-6.33223
-6.33248
-6.33273
-6.33299
-6.33324
-6.33350
-6.33375
-6.33401
-6.33426
-6.33451
-6.33477
-6.33502
-6.33528
-6.33553
-6.33579
-6.33604
-6.33629
-6.33655
-6.33680
-6.33706
-6.33731
-6.33757
-6.33782
-6.33808
-6.33833
-6.33858
-6.33884
-6.33909
-6.33935
-6.33960
-6.33986
-6.34011
-6.34036
-6.34062
-6.34087
-6.34113
-6.34138
-6.34164
-6.34189
-6.34214
-6.34240
-6.34265
-6.34291
-6.34316
-6.34342
-6.34367
-6.34393
-6.34418
-6.34443
-6.34469
-6.34494
-6.34520
-6.34545
-6.34571
-6.34596
-6.34621
-6.34647
-6.34672
-6.34698
-6.34723
-6.34749
-6.34774
-6.34799
-6.34825
-6.34850
-6.34876
-6.34901
-6.34927
-6.34952
-6.34978
-6.35003
-6.35028
-6.35054
-6.35079
-6.35105
-6.35130
-6.35156
-6.35181
-6.35206
-6.35232
-6.35257
-6.35283
-6.35308
-6.35334
-6.35359
-6.35385
-6.35410
-6.35435
-6.35461
-6.35486
-6.35512
-6.35537
-6.35563
-6.35588
-6.35613
-6.35639
-6.35664
-6.35690
-6.35715
-6.35741
-6.35766
-6.35791
-6.35817
-6.35842
-6.35868
-6.35893
-6.35919
-6.35944
-6.35970
-6.35995
-6.36020
-6.36046
-6.36071
-6.36097
-6.36122
-6.36148
-6.36173
-6.36198
-6.36224
-6.36249
-6.36275
-6.36300
-6.36326
-6.36351
-6.36376
-6.36402
-6.36427
-6.36453
-6.36478
-6.36504
-6.36529
-6.36555
-6.36580
-6.36605
-6.36631
-6.36656
-6.36682
-6.36707
-6.36733
-6.36758
-6.36783
-6.36809
-6.36834
-6.36860
-6.36885
-6.36911
-6.36936
-6.36961
-6.36987
-6.37012
-6.37038
-6.37063
-6.37089
-6.37114
-6.37140
-6.37165
-6.37190
-6.37216
-6.37241
-6.37267
-6.37292
-6.37318
-6.37343
-6.37368
-6.37394
-6.37419
-6.37445
-6.37470
-6.37496
-6.37521
-6.37546
-6.37572
-6.37597
-6.37623
-6.37648
-6.37674
-6.37699
-6.37724
-6.37750
-6.37775
-6.37801
-6.37826
-6.37852
-6.37877
-6.37903
-6.37928
-6.37953
-6.37979
-6.38004
-6.38030
-6.38055
-6.38081
-6.38106
-6.38131
-6.38157
-6.38182
-6.38208
-6.38233
-6.38259
-6.38284
-6.38309
-6.38335
-6.38360
-6.38386
-6.38411
-6.38437
-6.38462
-6.38488
-6.38513
-6.38538
-6.38564
-6.38589
-6.38615
-6.38640
-6.38666
-6.38691
-6.38716
-6.38742
-6.38767
-6.38793
-6.38818
-6.38844
-6.38869
-6.38894
-6.38920
-6.38945
-6.38971
-6.38996
-6.39022
-6.39047
-6.39073
-6.39098
-6.39123
-6.39149
-6.39174
-6.39200
-6.39225
-6.39251
-6.39276
-6.39301
-6.39327
-6.39352
-6.39378
-6.39403
-6.39429
-6.39454
-6.39479
-6.39505
-6.39530
-6.39556
-6.39581
-6.39607
-6.39632
-6.39657
-6.39683
-6.39708
-6.39734
-6.39759
-6.39785
-6.39810
-6.39836
-6.39861
-6.39886
-6.39912
-6.39937
-6.39963
-6.39988
-6.40014
-6.40039
-6.40064
-6.40090
-6.40115
-6.40141
-6.40166
-6.40192
-6.40217
-6.40242
-6.40268
-6.40293
-6.40319
-6.40344
-6.40370
-6.40395
-6.40421
-6.40446
-6.40471
-6.40497
-6.40522
-6.40548
-6.40573
-6.40599
-6.40624
-6.40649
-6.40675
-6.40700
-6.40726
-6.40751
-6.40777
-6.40802
-6.40827
-6.40853
-6.40878
-6.40904
-6.40929
-6.40955
-6.40980
-6.41005
-6.41031
-6.41056
-6.41082
-6.41107
-6.41133
-6.41158
-6.41184
-6.41209
-6.41234
-6.41260
-6.41285
-6.41311
-6.41336
-6.41362
-6.41387
-6.41412
-6.41438
-6.41463
-6.41489
-6.41514
-6.41540
-6.41565
-6.41590
-6.41616
-6.41641
-6.41667
-6.41692
-6.41718
-6.41743
-6.41768
-6.41794
-6.41819
-6.41845
-6.41870
-6.41896
-6.41921
-6.41947
-6.41972
-6.41997
-6.42023
-6.42048
-6.42074
-6.42099
-6.42125
-6.42150
-6.42175
-6.42201
-6.42226
-6.42252
-6.42277
-6.42303
-6.42328
-6.42353
-6.42379
-6.42404
-6.42430
-6.42455
-6.42481
-6.42506
-6.42531
-6.42557
-6.42582
-6.42608
-6.42633
-6.42659
-6.42684
-6.42710
-6.42735
-6.42760
-6.42786
-6.42811
-6.42837
-6.42862
-6.42888
-6.42913
-6.42938
-6.42964
-6.42989
-6.43015
-6.43040
-6.43066
-6.43091
-6.43116
-6.43142
-6.43167
-6.43193
-6.43218
-6.43244
-6.43269
-6.43294
-6.43320
-6.43345
-6.43371
-6.43396
-6.43422
-6.43447
-6.43473
-6.43498
-6.43523
-6.43549
-6.43574
-6.43600
-6.43625
-6.43651
-6.43676
-6.43701
-6.43727
-6.43752
-6.43778
-6.43803
-6.43829
-6.43854
-6.43879
-6.43905
-6.43930
-6.43956
-6.43981
-6.44007
-6.44032
-6.44057
-6.44083
-6.44108
-6.44134
-6.44159
-6.44185
-6.44210
-6.44236
-6.44261
-6.44286
-6.44312
-6.44337
-6.44363
-6.44388
-6.44414
-6.44439
-6.44464
-6.44490
-6.44515
-6.44541
-6.44566
-6.44592
-6.44617
-6.44642
-6.44668
-6.44693
-6.44719
-6.44744
-6.44770
-6.44795
-6.44820
-6.44846
-6.44871
-6.44897
-6.44922
-6.44948
-6.44973
-6.44998
-6.45024
-6.45049
-6.45075
-6.45100
-6.45126
-6.45151
-6.45177
-6.45202
-6.45227
-6.45253
-6.45278
-6.45304
-6.45329
-6.45355
-6.45380
-6.45405
-6.45431
-6.45456
-6.45482
-6.45507
-6.45533
-6.45558
-6.45583
-6.45609
-6.45634
-6.45660
-6.45685
-6.45711
-6.45736
-6.45761
-6.45787
-6.45812
-6.45838
-6.45863
-6.45889
-6.45914
-6.45939
-6.45965
-6.45990
-6.46016
-6.46041
-6.46067
-6.46092
-6.46118
-6.46143
-6.46168
-6.46194
-6.46219
-6.46245
-6.46270
-6.46296
-6.46321
-6.46346
-6.46372
-6.46397
-6.46423
-6.46448
-6.46474
-6.46499
-6.46524
-6.46550
-6.46575
-6.46601
-6.46626
-6.46652
-6.46677
-6.46702
-6.46728
-6.46753
-6.46779
-6.46804
-6.46830
-6.46855
-6.46880
-6.46906
-6.46931
-6.46957
-6.46982
-6.47008
-6.47033
-6.47058
-6.47084
-6.47109
-6.47135
-6.47160
-6.47186
-6.47211
-6.47237
-6.47262
-6.47287
-6.47313
-6.47338
-6.47364
-6.47389
-6.47415
-6.47440
-6.47465
-6.47491
-6.47516
-6.47542
-6.47567
-6.47593
-6.47618
-6.47643
-6.47669
-6.47694
-6.47720
-6.47745
-6.47771
-6.47796
-6.47821
-6.47847
-6.47872
-6.47898
-6.47923
-6.47949
-6.47974
-6.47999
-6.48025
-6.48050
-6.48076
-6.48101
-6.48127
-6.48152
-6.48178
-6.48203
-6.48228
-6.48254
-6.48279
-6.48305
-6.48330
-6.48356
-6.48381
-6.48406
-6.48432
-6.48457
-6.48483
-6.48508
-6.48534
-6.48559
-6.48584
-6.48610
-6.48635
-6.48661
-6.48686
-6.48712
-6.48737
-6.48762
-6.48788
-6.48813
-6.48839
-6.48864
-6.48890
-6.48915
-6.48940
-6.48966
-6.48991
-6.49017
-6.49042
-6.49068
-6.49093
-6.49118
-6.49144
-6.49169
-6.49195
-6.49220
-6.49246
-6.49271
-6.49296
-6.49322
-6.49347
-6.49373
-6.49398
-6.49424
-6.49449
-6.49475
-6.49500
-6.49525
-6.49551
-6.49576
-6.49602
-6.49627
-6.49653
-6.49678
-6.49703
-6.49729
-6.49754
-6.49780
-6.49805
-6.49831
-6.49856
-6.49881
-6.49907
-6.49932
-6.49958
-6.49983
-6.50009
-6.50034
-6.50059
-6.50085
-6.50110
-6.50136
-6.50161
-6.50187
-6.50212
-6.50237
-6.50263
-6.50288
-6.50314
-6.50339
-6.50365
-6.50390
-6.50415
-6.50441
-6.50466
-6.50492
-6.50517
-6.50543
-6.50568
-6.50593
-6.50619
-6.50644
-6.50670
-6.50695
-6.50721
-6.50746
-6.50772
-6.50797
-6.50822
-6.50848
-6.50873
-6.50899
-6.50924
-6.50950
-6.50975
-6.51000
-6.51026
-6.51051
-6.51077
-6.51102
-6.51128
-6.51153
-6.51178
-6.51204
-6.51229
-6.51255
-6.51280
-6.51306
-6.51331
-6.51356
-6.51382
-6.51407
-6.51433
-6.51458
-6.51484
-6.51509
-6.51534
-6.51560
-6.51585
-6.51611
-6.51636
-6.51662
-6.51687
-6.51712
-6.51738
-6.51763
-6.51789
-6.51814
-6.51840
-6.51865
-6.51890
-6.51916
-6.51941
-6.51967
-6.51992
-6.52018
-6.52043
-6.52068
-6.52094
-6.52119
-6.52145
-6.52170
-6.52196
-6.52221
-6.52247
-6.52272
-6.52297
-6.52323
-6.52348
-6.52374
-6.52399
-6.52425
-6.52450
-6.52475
-6.52501
-6.52526
-6.52552
-6.52577
-6.52603
-6.52628
-6.52653
-6.52679
-6.52704
-6.52730
-6.52755
-6.52781
-6.52806
-6.52831
-6.52857
-6.52882
-6.52908
-6.52933
-6.52959
-6.52984
-6.53009
-6.53035
-6.53060
-6.53086
-6.53111
-6.53137
-6.53162
-6.53187
-6.53213
-6.53238
-6.53264
-6.53289
-6.53315
-6.53340
-6.53365
-6.53391
-6.53416
-6.53442
-6.53467
-6.53493
-6.53518
-6.53543
-6.53569
-6.53594
-6.53620
-6.53645
-6.53671
-6.53696
-6.53721
-6.53747
-6.53772
-6.53798
-6.53823
-6.53849
-6.53874
-6.53899
-6.53925
-6.53950
-6.53976
-6.54001
-6.54027
-6.54052
-6.54077
-6.54103
-6.54128
-6.54154
-6.54179
-6.54205
-6.54230
-6.54256
-6.54281
-6.54306
-6.54332
-6.54357
-6.54383
-6.54408
-6.54434
-6.54459
-6.54484
-6.54510
-6.54535
-6.54561
-6.54586
-6.54612
-6.54637
-6.54662
-6.54688
-6.54713
-6.54739
-6.54764
-6.54790
-6.54815
-6.54840
-6.54866
-6.54891
-6.54917
-6.54942
-6.54968
-6.54993
-6.55018
-6.55044
-6.55069
-6.55095
-6.55120
-6.55146
-6.55171
-6.55196
-6.55222
-6.55247
-6.55273
-6.55298
-6.55324
-6.55349
-6.55374
-6.55400
-6.55425
-6.55451
-6.55476
-6.55502
-6.55527
-6.55552
-6.55578
-6.55603
-6.55629
-6.55654
-6.55680
-6.55705
-6.55730
-6.55756
-6.55781
-6.55807
-6.55832
-6.55858
-6.55883
-6.55908
-6.55934
-6.55959
-6.55985
-6.56010
-6.56036
-6.56061
-6.56086
-6.56112
-6.56137
-6.56163
-6.56188
-6.56214
-6.56239
-6.56264
-6.56290
-6.56315
-6.56341
-6.56366
-6.56392
-6.56417
-6.56442
-6.56468
-6.56493
-6.56519
-6.56544
-6.56570
-6.56595
-6.56620
-6.56646
-6.56671
-6.56697
-6.56722
-6.56748
-6.56773
-6.56798
-6.56824
-6.56849
-6.56875
-6.56900
-6.56926
-6.56951
-6.56977
-6.57002
-6.57027
-6.57053
-6.57078
-6.57104
-6.57129
-6.57155
-6.57180
-6.57205
-6.57231
-6.57256
-6.57282
-6.57307
-6.57333
-6.57358
-6.57383
-6.57409
-6.57434
-6.57460
-6.57485
-6.57511
-6.57536
-6.57561
-6.57587
-6.57612
-6.57638
-6.57663
-6.57689
-6.57714
-6.57739
-6.57765
-6.57790
-6.57816
-6.57841
-6.57867
-6.57892
-6.57917
-6.57943
-6.57968
-6.57994
-6.58019
-6.58045
-6.58070
-6.58095
-6.58121
-6.58146
-6.58172
-6.58197
-6.58223
-6.58248
-6.58273
-6.58299
-6.58324
-6.58350
-6.58375
-6.58401
-6.58426
-6.58451
-6.58477
-6.58502
-6.58528
-6.58553
-6.58579
-6.58604
-6.58629
-6.58655
-6.58680
-6.58706
-6.58731
-6.58757
-6.58782
-6.58807
-6.58833
-6.58858
-6.58884
-6.58909
-6.58935
-6.58960
-6.58985
-6.59011
-6.59036
-6.59062
-6.59087
-6.59113
-6.59138
-6.59163
-6.59189
-6.59214
-6.59240
-6.59265
-6.59291
-6.59316
-6.59341
-6.59367
-6.59392
-6.59418
-6.59443
-6.59469
-6.59494
-6.59519
-6.59545
-6.59570
-6.59596
-6.59621
-6.59647
-6.59672
-6.59697
-6.59723
-6.59748
-6.59774
-6.59799
-6.59825
-6.59850
-6.59875
-6.59901
-6.59926
-6.59952
-6.59977
-6.60003
-6.60028
-6.60053
-6.60079
-6.60104
-6.60130
-6.60155
-6.60181
-6.60206
-6.60231
-6.60257
-6.60282
-6.60308
-6.60333
-6.60359
-6.60384
-6.60409
-6.60435
-6.60460
-6.60486
-6.60511
-6.60537
-6.60562
-6.60587
-6.60613
-6.60638
-6.60664
-6.60689
-6.60715
-6.60740
-6.60765
-6.60791
-6.60816
-6.60842
-6.60867
-6.60893
-6.60918
-6.60943
-6.60969
-6.60994
-6.61020
-6.61045
-6.61071
-6.61096
-6.61121
-6.61147
-6.61172
-6.61198
-6.61223
-6.61249
-6.61274
-6.61299
-6.61325
-6.61350
-6.61376
-6.61401
-6.61427
-6.61452
-6.61477
-6.61503
-6.61528
-6.61554
-6.61579
-6.61605
-6.61630
-6.61655
-6.61681
-6.61706
-6.61732
-6.61757
-6.61783
-6.61808
-6.61833
-6.61859
-6.61884
-6.61910
-6.61935
-6.61961
-6.61986
-6.62011
-6.62037
-6.62062
-6.62088
-6.62113
-6.62139
-6.62164
-6.62189
-6.62215
-6.62240
-6.62266
-6.62291
-6.62317
-6.62342
-6.62367
-6.62393
-6.62418
-6.62444
-6.62469
-6.62495
-6.62520
-6.62545
-6.62571
-6.62596
-6.62622
-6.62647
-6.62673
-6.62698
-6.62723
-6.62749
-6.62774
-6.62800
-6.62825
-6.62851
-6.62876
-6.62901
-6.62927
-6.62952
-6.62978
-6.63003
-6.63029
-6.63054
-6.63079
-6.63105
-6.63130
-6.63156
-6.63181
-6.63207
-6.63232
-6.63257
-6.63283
-6.63308
-6.63334
-6.63359
-6.63385
-6.63410
-6.63435
-6.63461
-6.63486
-6.63512
-6.63537
-6.63563
-6.63588
-6.63613
-6.63639
-6.63664
-6.63690
-6.63715
-6.63741
-6.63766
-6.63791
-6.63817
-6.63842
-6.63868
-6.63893
-6.63919
-6.63944
-6.63969
-6.63995
-6.64020
-6.64046
-6.64071
-6.64097
-6.64122
-6.64147
-6.64173
-6.64198
-6.64224
-6.64249
-6.64275
-6.64300
-6.64325
-6.64351
-6.64376
-6.64402
-6.64427
-6.64452
-6.64478
-6.64503
-6.64529
-6.64554
-6.64580
-6.64605
-6.64630
-6.64656
-6.64681
-6.64707
-6.64732
-6.64758
-6.64783
-6.64808
-6.64834
-6.64859
-6.64885
-6.64910
-6.64936
-6.64961
-6.64986
-6.65012
-6.65037
-6.65063
-6.65088
-6.65114
-6.65139
-6.65164
-6.65190
-6.65215
-6.65241
-6.65266
-6.65292
-6.65317
-6.65342
-6.65368
-6.65393
-6.65419
-6.65444
-6.65470
-6.65495
-6.65520
-6.65546
-6.65571
-6.65597
-6.65622
-6.65648
-6.65673
-6.65698
-6.65724
-6.65749
-6.65775
-6.65800
-6.65826
-6.65851
-6.65876
-6.65902
-6.65927
-6.65953
-6.65978
-6.66004
-6.66029
-6.66054
-6.66080
-6.66105
-6.66131
-6.66156
-6.66182
-6.66207
-6.66232
-6.66258
-6.66283
-6.66309
-6.66334
-6.66360
-6.66385
-6.66410
-6.66436
-6.66461
-6.66487
-6.66512
-6.66538
-6.66563
-6.66588
-6.66614
-6.66639
-6.66665
-6.66690
-6.66716
-6.66741
-6.66766
-6.66792
-6.66817
-6.66843
-6.66868
-6.66894
-6.66919
-6.66944
-6.66970
-6.66995
-6.67021
-6.67046
-6.67072
-6.67097
-6.67122
-6.67148
-6.67173
-6.67199
-6.67224
-6.67249
-6.67275
-6.67300
-6.67326
-6.67351
-6.67377
-6.67402
-6.67427
-6.67453
-6.67478
-6.67504
-6.67529
-6.67555
-6.67580
-6.67605
-6.67631
-6.67656
-6.67682
-6.67707
-6.67733
-6.67758
-6.67783
-6.67809
-6.67834
-6.67860
-6.67885
-6.67911
-6.67936
-6.67961
-6.67987
-6.68012
-6.68038
-6.68063
-6.68089
-6.68114
-6.68139
-6.68165
-6.68190
-6.68216
-6.68241
-6.68267
-6.68292
-6.68317
-6.68343
-6.68368
-6.68394
-6.68419
-6.68445
-6.68470
-6.68495
-6.68521
-6.68546
-6.68572
-6.68597
-6.68623
-6.68648
-6.68673
-6.68699
-6.68724
-6.68750
-6.68775
-6.68801
-6.68826
-6.68851
-6.68877
-6.68902
-6.68928
-6.68953
-6.68979
-6.69004
-6.69029
-6.69055
-6.69080
-6.69106
-6.69131
-6.69156
-6.69182
-6.69207
-6.69233
-6.69258
-6.69284
-6.69309
-6.69334
-6.69360
-6.69385
-6.69411
-6.69436
-6.69462
-6.69487
-6.69512
-6.69538
-6.69563
-6.69589
-6.69614
-6.69640
-6.69665
-6.69690
-6.69716
-6.69741
-6.69767
-6.69792
-6.69818
-6.69843
-6.69868
-6.69894
-6.69919
-6.69945
-6.69970
-6.69996
-6.70021
-6.70046
-6.70072
-6.70097
-6.70123
-6.70148
-6.70174
-6.70199
-6.70224
-6.70250
-6.70275
-6.70301
-6.70326
-6.70352
-6.70377
-6.70402
-6.70428
-6.70453
-6.70479
-6.70504
-6.70530
-6.70555
-6.70580
-6.70606
-6.70631
-6.70657
-6.70682
-6.70707
-6.70733
-6.70758
-6.70784
-6.70809
-6.70835
-6.70860
-6.70885
-6.70911
-6.70936
-6.70962
-6.70987
-6.71013
-6.71038
-6.71063
-6.71089
-6.71114
-6.71140
-6.71165
-6.71191
-6.71216
-6.71241
-6.71267
-6.71292
-6.71318
-6.71343
-6.71369
-6.71394
-6.71419
-6.71445
-6.71470
-6.71496
-6.71521
-6.71547
-6.71572
-6.71597
-6.71623
-6.71648
-6.71674
-6.71699
-6.71725
-6.71750
-6.71775
-6.71801
-6.71826
-6.71852
-6.71877
-6.71903
-6.71928
-6.71953
-6.71979
-6.72004
-6.72030
-6.72055
-6.72080
-6.72106
-6.72131
-6.72157
-6.72182
-6.72208
-6.72233
-6.72258
-6.72284
-6.72309
-6.72335
-6.72360
-6.72386
-6.72411
-6.72436
-6.72462
-6.72487
-6.72513
-6.72538
-6.72564
-6.72589
-6.72614
-6.72640
-6.72665
-6.72691
-6.72716
-6.72742
-6.72767
-6.72792
-6.72818
-6.72843
-6.72869
-6.72894
-6.72920
-6.72945
-6.72970
-6.72996
-6.73021
-6.73047
-6.73072
-6.73098
-6.73123
-6.73148
-6.73174
-6.73199
-6.73225
-6.73250
-6.73275
-6.73301
-6.73326
-6.73352
-6.73377
-6.73403
-6.73428
-6.73453
-6.73479
-6.73504
-6.73530
-6.73555
-6.73581
-6.73606
-6.73631
-6.73657
-6.73682
-6.73708
-6.73733
-6.73759
-6.73784
-6.73809
-6.73835
-6.73860
-6.73886
-6.73911
-6.73937
-6.73962
-6.73987
-6.74013
-6.74038
-6.74064
-6.74089
-6.74115
-6.74140
-6.74165
-6.74191
-6.74216
-6.74242
-6.74267
-6.74292
-6.74318
-6.74343
-6.74369
-6.74394
-6.74420
-6.74445
-6.74470
-6.74496
-6.74521
-6.74547
-6.74572
-6.74598
-6.74623
-6.74648
-6.74674
-6.74699
-6.74725
-6.74750
-6.74776
-6.74801
-6.74826
-6.74852
-6.74877
-6.74903
-6.74928
-6.74954
-6.74979
-6.75004
-6.75030
-6.75055
-6.75081
-6.75106
-6.75132
-6.75157
-6.75182
-6.75208
-6.75233
-6.75259
-6.75284
-6.75309
-6.75335
-6.75360
-6.75386
-6.75411
-6.75437
-6.75462
-6.75487
-6.75513
-6.75538
-6.75564
-6.75589
-6.75615
-6.75640
-6.75665
-6.75691
-6.75716
-6.75742
-6.75767
-6.75793
-6.75818
-6.75843
-6.75869
-6.75894
-6.75920
-6.75945
-6.75971
-6.75996
-6.76021
-6.76047
-6.76072
-6.76098
-6.76123
-6.76149
-6.76174
-6.76199
-6.76225
-6.76250
-6.76276
-6.76301
-6.76326
-6.76352
-6.76377
-6.76403
-6.76428
-6.76454
-6.76479
-6.76504
-6.76530
-6.76555
-6.76581
-6.76606
-6.76632
-6.76657
-6.76682
-6.76708
-6.76733
-6.76759
-6.76784
-6.76810
-6.76835
-6.76860
-6.76886
-6.76911
-6.76937
-6.76962
-6.76988
-6.77013
-6.77038
-6.77064
-6.77089
-6.77115
-6.77140
-6.77165
-6.77191
-6.77216
-6.77242
-6.77267
-6.77293
-6.77318
-6.77343
-6.77369
-6.77394
-6.77420
-6.77445
-6.77471
-6.77496
-6.77521
-6.77547
-6.77572
-6.77598
-6.77623
-6.77649
-6.77674
-6.77699
-6.77725
-6.77750
-6.77776
-6.77801
-6.77827
-6.77852
-6.77877
-6.77903
-6.77928
-6.77954
-6.77979
-6.78004
-6.78030
-6.78055
-6.78081
-6.78106
-6.78132
-6.78157
-6.78182
-6.78208
-6.78233
-6.78259
-6.78284
-6.78310
-6.78335
-6.78360
-6.78386
-6.78411
-6.78437
-6.78462
-6.78488
-6.78513
-6.78538
-6.78564
-6.78589
-6.78615
-6.78640
-6.78666
-6.78691
-6.78716
-6.78742
-6.78767
-6.78793
-6.78818
-6.78843
-6.78869
-6.78894
-6.78920
-6.78945
-6.78971
-6.78996
-6.79021
-6.79047
-6.79072
-6.79098
-6.79123
-6.79149
-6.79174
-6.79199
-6.79225
-6.79250
-6.79276
-6.79301
-6.79327
-6.79352
-6.79377
-6.79403
-6.79428
-6.79454
-6.79479
-6.79504
-6.79530
-6.79555
-6.79581
-6.79606
-6.79632
-6.79657
-6.79682
-6.79708
-6.79733
-6.79759
-6.79784
-6.79810
-6.79835
-6.79860
-6.79886
-6.79911
-6.79937
-6.79962
-6.79988
-6.80013
-6.80038
-6.80064
-6.80089
-6.80115
-6.80140
-6.80166
-6.80191
-6.80216
-6.80242
-6.80267
-6.80293
-6.80318
-6.80343
-6.80369
-6.80394
-6.80420
-6.80445
-6.80471
-6.80496
-6.80521
-6.80547
-6.80572
-6.80598
-6.80623
-6.80649
-6.80674
-6.80699
-6.80725
-6.80750
-6.80776
-6.80801
-6.80827
-6.80852
-6.80877
-6.80903
-6.80928
-6.80954
-6.80979
-6.81004
-6.81030
-6.81055
-6.81081
-6.81106
-6.81132
-6.81157
-6.81182
-6.81208
-6.81233
-6.81259
-6.81284
-6.81310
-6.81335
-6.81360
-6.81386
-6.81411
-6.81437
-6.81462
-6.81488
-6.81513
-6.81538
-6.81564
-6.81589
-6.81615
-6.81640
-6.81665
-6.81691
-6.81716
-6.81742
-6.81767
-6.81793
-6.81818
-6.81843
-6.81869
-6.81894
-6.81920
-6.81945
-6.81971
-6.81996
-6.82021
-6.82047
-6.82072
-6.82098
-6.82123
-6.82149
-6.82174
-6.82199
-6.82225
-6.82250
-6.82276
-6.82301
-6.82326
-6.82352
-6.82377
-6.82403
-6.82428
-6.82454
-6.82479
-6.82504
-6.82530
-6.82555
-6.82581
-6.82606
-6.82632
-6.82657
-6.82682
-6.82708
-6.82733
-6.82759
-6.82784
-6.82810
-6.82835
-6.82860
-6.82886
-6.82911
-6.82937
-6.82962
-6.82987
-6.83013
-6.83038
-6.83064
-6.83089
-6.83115
-6.83140
-6.83165
-6.83191
-6.83216
-6.83242
-6.83267
-6.83293
-6.83318
-6.83343
-6.83369
-6.83394
-6.83420
-6.83445
-6.83471
-6.83496
-6.83521
-6.83547
-6.83572
-6.83598
-6.83623
-6.83648
-6.83674
-6.83699
-6.83725
-6.83750
-6.83776
-6.83801
-6.83826
-6.83852
-6.83877
-6.83903
-6.83928
-6.83954
-6.83979
-6.84004
-6.84030
-6.84055
-6.84081
-6.84106
-6.84132
-6.84157
-6.84182
-6.84208
-6.84233
-6.84259
-6.84284
-6.84309
-6.84335
-6.84360
-6.84386
-6.84411
-6.84437
-6.84462
-6.84487
-6.84513
-6.84538
-6.84564
-6.84589
-6.84615
-6.84640
-6.84665
-6.84691
-6.84716
-6.84742
-6.84767
-6.84792
-6.84818
-6.84843
-6.84869
-6.84894
-6.84920
-6.84945
-6.84970
-6.84996
-6.85021
-6.85047
-6.85072
-6.85098
-6.85123
-6.85148
-6.85174
-6.85199
-6.85225
-6.85250
-6.85276
-6.85301
-6.85326
-6.85352
-6.85377
-6.85403
-6.85428
-6.85453
-6.85479
-6.85504
-6.85530
-6.85555
-6.85581
-6.85606
-6.85631
-6.85657
-6.85682
-6.85708
-6.85733
-6.85759
-6.85784
-6.85809
-6.85835
-6.85860
-6.85886
-6.85911
-6.85936
-6.85962
-6.85987
-6.86013
-6.86038
-6.86064
-6.86089
-6.86114
-6.86140
-6.86165
-6.86191
-6.86216
-6.86242
-6.86267
-6.86292
-6.86318
-6.86343
-6.86369
-6.86394
-6.86420
-6.86445
-6.86470
-6.86496
-6.86521
-6.86547
-6.86572
-6.86597
-6.86623
-6.86648
-6.86674
-6.86699
-6.86725
-6.86750
-6.86775
-6.86801
-6.86826
-6.86852
-6.86877
-6.86903
-6.86928
-6.86953
-6.86979
-6.87004
-6.87030
-6.87055
-6.87080
-6.87106
-6.87131
-6.87157
-6.87182
-6.87208
-6.87233
-6.87258
-6.87284
-6.87309
-6.87335
-6.87360
-6.87386
-6.87411
-6.87436
-6.87462
-6.87487
-6.87513
-6.87538
-6.87563
-6.87589
-6.87614
-6.87640
-6.87665
-6.87691
-6.87716
-6.87741
-6.87767
-6.87792
-6.87818
-6.87843
-6.87869
-6.87894
-6.87919
-6.87945
-6.87970
-6.87996
-6.88021
-6.88047
-6.88072
-6.88097
-6.88123
-6.88148
-6.88174
-6.88199
-6.88224
-6.88250
-6.88275
-6.88301
-6.88326
-6.88352
-6.88377
-6.88402
-6.88428
-6.88453
-6.88479
-6.88504
-6.88530
-6.88555
-6.88580
-6.88606
-6.88631
-6.88657
-6.88682
-6.88707
-6.88733
-6.88758
-6.88784
-6.88809
-6.88835
-6.88860
-6.88885
-6.88911
-6.88936
-6.88962
-6.88987
-6.89013
-6.89038
-6.89063
-6.89089
-6.89114
-6.89140
-6.89165
-6.89190
-6.89216
-6.89241
-6.89267
-6.89292
-6.89318
-6.89343
-6.89368
-6.89394
-6.89419
-6.89445
-6.89470
-6.89496
-6.89521
-6.89546
-6.89572
-6.89597
-6.89623
-6.89648
-6.89673
-6.89699
-6.89724
-6.89750
-6.89775
-6.89801
-6.89826
-6.89851
-6.89877
-6.89902
-6.89928
-6.89953
-6.89979
-6.90004
-6.90029
-6.90055
-6.90080
-6.90106
-6.90131
-6.90156
-6.90182
-6.90207
-6.90233
-6.90258
-6.90284
-6.90309
-6.90334
-6.90360
-6.90385
-6.90411
-6.90436
-6.90462
-6.90487
-6.90512
-6.90538
-6.90563
-6.90589
-6.90614
-6.90639
-6.90665
-6.90690
-6.90716
-6.90741
-6.90767
-6.90792
-6.90817
-6.90843
-6.90868
-6.90894
-6.90919
-6.90945
-6.90970
-6.90995
-6.91021
-6.91046
-6.91072
-6.91097
-6.91122
-6.91148
-6.91173
-6.91199
-6.91224
-6.91250
-6.91275
-6.91300
-6.91326
-6.91351
-6.91377
-6.91402
-6.91428
-6.91453
-6.91478
-6.91504
-6.91529
-6.91555
-6.91580
-6.91605
-6.91631
-6.91656
-6.91682
-6.91707
-6.91733
-6.91758
-6.91783
-6.91809
-6.91834
-6.91860
-6.91885
-6.91911
-6.91936
-6.91961
-6.91987
-6.92012
-6.92038
-6.92063
-6.92088
-6.92114
-6.92139
-6.92165
-6.92190
-6.92216
-6.92241
-6.92266
-6.92292
-6.92317
-6.92343
-6.92368
-6.92393
-6.92419
-6.92444
-6.92470
-6.92495
-6.92521
-6.92546
-6.92571
-6.92597
-6.92622
-6.92648
-6.92673
-6.92699
-6.92724
-6.92749
-6.92775
-6.92800
-6.92826
-6.92851
-6.92876
-6.92902
-6.92927
-6.92953
-6.92978
-6.93004
-6.93029
-6.93054
-6.93080
-6.93105
-6.93131
-6.93156
-6.93182
-6.93207
-6.93232
-6.93258
-6.93283
-6.93309
-6.93334
-6.93359
-6.93385
-6.93410
-6.93436
-6.93461
-6.93487
-6.93512
-6.93537
-6.93563
-6.93588
-6.93614
-6.93639
-6.93665
-6.93690
-6.93715
-6.93741
-6.93766
-6.93792
-6.93817
-6.93842
-6.93868
-6.93893
-6.93919
-6.93944
-6.93970
-6.93995
-6.94020
-6.94046
-6.94071
-6.94097
-6.94122
-6.94147
-6.94173
-6.94198
-6.94224
-6.94249
-6.94275
-6.94300
-6.94325
-6.94351
-6.94376
-6.94402
-6.94427
-6.94453
-6.94478
-6.94503
-6.94529
-6.94554
-6.94580
-6.94605
-6.94630
-6.94656
-6.94681
-6.94707
-6.94732
-6.94758
-6.94783
-6.94808
-6.94834
-6.94859
-6.94885
-6.94910
-6.94936
-6.94961
-6.94986
-6.95012
-6.95037
-6.95063
-6.95088
-6.95113
-6.95139
-6.95164
-6.95190
-6.95215
-6.95241
-6.95266
-6.95291
-6.95317
-6.95342
-6.95368
-6.95393
-6.95418
-6.95444
-6.95469
-6.95495
-6.95520
-6.95546
-6.95571
-6.95596
-6.95622
-6.95647
-6.95673
-6.95698
-6.95724
-6.95749
-6.95774
-6.95800
-6.95825
-6.95851
-6.95876
-6.95901
-6.95927
-6.95952
-6.95978
-6.96003
-6.96029
-6.96054
-6.96079
-6.96105
-6.96130
-6.96156
-6.96181
-6.96206
-6.96232
-6.96257
-6.96283
-6.96308
-6.96334
-6.96359
-6.96384
-6.96410
-6.96435
-6.96461
-6.96486
-6.96512
-6.96537
-6.96562
-6.96588
-6.96613
-6.96639
-6.96664
-6.96689
-6.96715
-6.96740
-6.96766
-6.96791
-6.96817
-6.96842
-6.96867
-6.96893
-6.96918
-6.96944
-6.96969
-6.96994
-6.97020
-6.97045
-6.97071
-6.97096
-6.97122
-6.97147
-6.97172
-6.97198
-6.97223
-6.97249
-6.97274
-6.97300
-6.97325
-6.97350
-6.97376
-6.97401
-6.97427
-6.97452
-6.97477
-6.97503
-6.97528
-6.97554
-6.97579
-6.97605
-6.97630
-6.97655
-6.97681
-6.97706
-6.97732
-6.97757
-6.97782
-6.97808
-6.97833
-6.97859
-6.97884
-6.97910
-6.97935
-6.97960
-6.97986
-6.98011
-6.98037
-6.98062
-6.98088
-6.98113
-6.98138
-6.98164
-6.98189
-6.98215
-6.98240
-6.98265
-6.98291
-6.98316
-6.98342
-6.98367
-6.98393
-6.98418
-6.98443
-6.98469
-6.98494
-6.98520
-6.98545
-6.98570
-6.98596
-6.98621
-6.98647
-6.98672
-6.98698
-6.98723
-6.98748
-6.98774
-6.98799
-6.98825
-6.98850
-6.98876
-6.98901
-6.98926
-6.98952
-6.98977
-6.99003
-6.99028
-6.99053
-6.99079
-6.99104
-6.99130
-6.99155
-6.99181
-6.99206
-6.99231
-6.99257
-6.99282
-6.99308
-6.99333
-6.99358
-6.99384
-6.99409
-6.99435
-6.99460
-6.99486
-6.99511
-6.99536
-6.99562
-6.99587
-6.99613
-6.99638
-6.99663
-6.99689
-6.99714
-6.99740
-6.99765
-6.99791
-6.99816
-6.99841
-6.99867
-6.99892
-6.99918
-6.99943
-6.99969
-6.99994
-7.00019
-7.00045
-7.00070
-7.00096
-7.00121
-7.00146
-7.00172
-7.00197
-7.00223
-7.00248
-7.00274
-7.00299
-7.00324
-7.00350
-7.00375
-7.00401
-7.00426
-7.00451
-7.00477
-7.00502
-7.00528
-7.00553
-7.00579
-7.00604
-7.00629
-7.00655
-7.00680
-7.00706
-7.00731
-7.00756
-7.00782
-7.00807
-7.00833
-7.00858
-7.00884
-7.00909
-7.00934
-7.00960
-7.00985
-7.01011
-7.01036
-7.01061
-7.01087
-7.01112
-7.01138
-7.01163
-7.01189
-7.01214
-7.01239
-7.01265
-7.01290
-7.01316
-7.01341
-7.01367
-7.01392
-7.01417
-7.01443
-7.01468
-7.01494
-7.01519
-7.01544
-7.01570
-7.01595
-7.01621
-7.01646
-7.01672
-7.01697
-7.01722
-7.01748
-7.01773
-7.01799
-7.01824
-7.01849
-7.01875
-7.01900
-7.01926
-7.01951
-7.01977
-7.02002
-7.02027
-7.02053
-7.02078
-7.02104
-7.02129
-7.02154
-7.02180
-7.02205
-7.02231
-7.02256
-7.02282
-7.02307
-7.02332
-7.02358
-7.02383
-7.02409
-7.02434
-7.02459
-7.02485
-7.02510
-7.02536
-7.02561
-7.02587
-7.02612
-7.02637
-7.02663
-7.02688
-7.02714
-7.02739
-7.02765
-7.02790
-7.02815
-7.02841
-7.02866
-7.02892
-7.02917
-7.02942
-7.02968
-7.02993
-7.03019
-7.03044
-7.03070
-7.03095
-7.03120
-7.03146
-7.03171
-7.03197
-7.03222
-7.03247
-7.03273
-7.03298
-7.03324
-7.03349
-7.03375
-7.03400
-7.03425
-7.03451
-7.03476
-7.03502
-7.03527
-7.03552
-7.03578
-7.03603
-7.03629
-7.03654
-7.03680
-7.03705
-7.03730
-7.03756
-7.03781
-7.03807
-7.03832
-7.03857
-7.03883
-7.03908
-7.03934
-7.03959
-7.03985
-7.04010
-7.04035
-7.04061
-7.04086
-7.04112
-7.04137
-7.04162
-7.04188
-7.04213
-7.04239
-7.04264
-7.04290
-7.04315
-7.04340
-7.04366
-7.04391
-7.04417
-7.04442
-7.04467
-7.04493
-7.04518
-7.04544
-7.04569
-7.04595
-7.04620
-7.04645
-7.04671
-7.04696
-7.04722
-7.04747
-7.04772
-7.04798
-7.04823
-7.04849
-7.04874
-7.04900
-7.04925
-7.04950
-7.04976
-7.05001
-7.05027
-7.05052
-7.05077
-7.05103
-7.05128
-7.05154
-7.05179
-7.05205
-7.05230
-7.05255
-7.05281
-7.05306
-7.05332
-7.05357
-7.05383
-7.05408
-7.05433
-7.05459
-7.05484
-7.05510
-7.05535
-7.05560
-7.05586
-7.05611
-7.05637
-7.05662
-7.05688
-7.05713
-7.05738
-7.05764
-7.05789
-7.05815
-7.05840
-7.05865
-7.05891
-7.05916
-7.05942
-7.05967
-7.05993
-7.06018
-7.06043
-7.06069
-7.06094
-7.06120
-7.06145
-7.06170
-7.06196
-7.06221
-7.06247
-7.06272
-7.06298
-7.06323
-7.06348
-7.06374
-7.06399
-7.06425
-7.06450
-7.06475
-7.06501
-7.06526
-7.06552
-7.06577
-7.06603
-7.06628
-7.06653
-7.06679
-7.06704
-7.06730
-7.06755
-7.06780
-7.06806
-7.06831
-7.06857
-7.06882
-7.06908
-7.06933
-7.06958
-7.06984
-7.07009
-7.07035
-7.07060
-7.07085
-7.07111
-7.07136
-7.07162
-7.07187
-7.07213
-7.07238
-7.07263
-7.07289
-7.07314
-7.07340
-7.07365
-7.07390
-7.07416
-7.07441
-7.07467
-7.07492
-7.07518
-7.07543
-7.07568
-7.07594
-7.07619
-7.07645
-7.07670
-7.07695
-7.07721
-7.07746
-7.07772
-7.07797
-7.07823
-7.07848
-7.07873
-7.07899
-7.07924
-7.07950
-7.07975
-7.08000
-7.08026
-7.08051
-7.08077
-7.08102
-7.08128
-7.08153
-7.08178
-7.08204
-7.08229
-7.08255
-7.08280
-7.08305
-7.08331
-7.08356
-7.08382
-7.08407
-7.08433
-7.08458
-7.08483
-7.08509
-7.08534
-7.08560
-7.08585
-7.08610
-7.08636
-7.08661
-7.08687
-7.08712
-7.08738
-7.08763
-7.08788
-7.08814
-7.08839
-7.08865
-7.08890
-7.08915
-7.08941
-7.08966
-7.08992
-7.09017
-7.09043
-7.09068
-7.09093
-7.09119
-7.09144
-7.09170
-7.09195
-7.09220
-7.09246
-7.09271
-7.09297
-7.09322
-7.09347
-7.09373
-7.09398
-7.09424
-7.09449
-7.09475
-7.09500
-7.09525
-7.09551
-7.09576
-7.09602
-7.09627
-7.09652
-7.09678
-7.09703
-7.09729
-7.09754
-7.09780
-7.09805
-7.09830
-7.09856
-7.09881
-7.09907
-7.09932
-7.09957
-7.09983
-7.10008
-7.10034
-7.10059
-7.10085
-7.10110
-7.10135
-7.10161
-7.10186
-7.10212
-7.10237
-7.10262
-7.10288
-7.10313
-7.10339
-7.10364
-7.10390
-7.10415
-7.10440
-7.10466
-7.10491
-7.10517
-7.10542
-7.10567
-7.10593
-7.10618
-7.10644
-7.10669
-7.10695
-7.10720
-7.10745
-7.10771
-7.10796
-7.10822
-7.10847
-7.10872
-7.10898
-7.10923
-7.10949
-7.10974
-7.11000
-7.11025
-7.11050
-7.11076
-7.11101
-7.11127
-7.11152
-7.11177
-7.11203
-7.11228
-7.11254
-7.11279
-7.11305
-7.11330
-7.11355
-7.11381
-7.11406
-7.11432
-7.11457
-7.11482
-7.11508
-7.11533
-7.11559
-7.11584
-7.11610
-7.11635
-7.11660
-7.11686
-7.11711
-7.11737
-7.11762
-7.11787
-7.11813
-7.11838
-7.11864
-7.11889
-7.11914
-7.11940
-7.11965
-7.11991
-7.12016
-7.12042
-7.12067
-7.12092
-7.12118
-7.12143
-7.12169
-7.12194
-7.12219
-7.12245
-7.12270
-7.12296
-7.12321
-7.12347
-7.12372
-7.12397
-7.12423
-7.12448
-7.12474
-7.12499
-7.12524
-7.12550
-7.12575
-7.12601
-7.12626
-7.12652
-7.12677
-7.12702
-7.12728
-7.12753
-7.12779
-7.12804
-7.12829
-7.12855
-7.12880
-7.12906
-7.12931
-7.12957
-7.12982
-7.13007
-7.13033
-7.13058
-7.13084
-7.13109
-7.13134
-7.13160
-7.13185
-7.13211
-7.13236
-7.13262
-7.13287
-7.13312
-7.13338
-7.13363
-7.13389
-7.13414
-7.13439
-7.13465
-7.13490
-7.13516
-7.13541
-7.13566
-7.13592
-7.13617
-7.13643
-7.13668
-7.13694
-7.13719
-7.13744
-7.13770
-7.13795
-7.13821
-7.13846
-7.13871
-7.13897
-7.13922
-7.13948
-7.13973
-7.13999
-7.14024
-7.14049
-7.14075
-7.14100
-7.14126
-7.14151
-7.14176
-7.14202
-7.14227
-7.14253
-7.14278
-7.14304
-7.14329
-7.14354
-7.14380
-7.14405
-7.14431
-7.14456
-7.14481
-7.14507
-7.14532
-7.14558
-7.14583
-7.14608
-7.14634
-7.14659
-7.14685
-7.14710
-7.14736
-7.14761
-7.14786
-7.14812
-7.14837
-7.14863
-7.14888
-7.14913
-7.14939
-7.14964
-7.14990
-7.15015
-7.15041
-7.15066
-7.15091
-7.15117
-7.15142
-7.15168
-7.15193
-7.15218
-7.15244
-7.15269
-7.15295
-7.15320
-7.15346
-7.15371
-7.15396
-7.15422
-7.15447
-7.15473
-7.15498
-7.15523
-7.15549
-7.15574
-7.15600
-7.15625
-7.15650
-7.15676
-7.15701
-7.15727
-7.15752
-7.15778
-7.15803
-7.15828
-7.15854
-7.15879
-7.15905
-7.15930
-7.15955
-7.15981
-7.16006
-7.16032
-7.16057
-7.16083
-7.16108
-7.16133
-7.16159
-7.16184
-7.16210
-7.16235
-7.16260
-7.16286
-7.16311
-7.16337
-7.16362
-7.16388
-7.16413
-7.16438
-7.16464
-7.16489
-7.16515
-7.16540
-7.16565
-7.16591
-7.16616
-7.16642
-7.16667
-7.16692
-7.16718
-7.16743
-7.16769
-7.16794
-7.16820
-7.16845
-7.16870
-7.16896
-7.16921
-7.16947
-7.16972
-7.16997
-7.17023
-7.17048
-7.17074
-7.17099
-7.17125
-7.17150
-7.17175
-7.17201
-7.17226
-7.17252
-7.17277
-7.17302
-7.17328
-7.17353
-7.17379
-7.17404
-7.17429
-7.17455
-7.17480
-7.17506
-7.17531
-7.17557
-7.17582
-7.17607
-7.17633
-7.17658
-7.17684
-7.17709
-7.17734
-7.17760
-7.17785
-7.17811
-7.17836
-7.17862
-7.17887
-7.17912
-7.17938
-7.17963
-7.17989
-7.18014
-7.18039
-7.18065
-7.18090
-7.18116
-7.18141
-7.18166
-7.18192
-7.18217
-7.18243
-7.18268
-7.18294
-7.18319
-7.18344
-7.18370
-7.18395
-7.18421
-7.18446
-7.18471
-7.18497
-7.18522
-7.18548
-7.18573
-7.18599
-7.18624
-7.18649
-7.18675
-7.18700
-7.18726
-7.18751
-7.18776
-7.18802
-7.18827
-7.18853
-7.18878
-7.18903
-7.18929
-7.18954
-7.18980
-7.19005
-7.19031
-7.19056
-7.19081
-7.19107
-7.19132
-7.19158
-7.19183
-7.19208
-7.19234
-7.19259
-7.19285
-7.19310
-7.19336
-7.19361
-7.19386
-7.19412
-7.19437
-7.19463
-7.19488
-7.19513
-7.19539
-7.19564
-7.19590
-7.19615
-7.19640
-7.19666
-7.19691
-7.19717
-7.19742
-7.19768
-7.19793
-7.19818
-7.19844
-7.19869
-7.19895
-7.19920
-7.19945
-7.19971
-7.19996
-7.20022
-7.20047
-7.20073
-7.20098
-7.20123
-7.20149
-7.20174
-7.20200
-7.20225
-7.20250
-7.20276
-7.20301
-7.20327
-7.20352
-7.20377
-7.20403
-7.20428
-7.20454
-7.20479
-7.20505
-7.20530
-7.20555
-7.20581
-7.20606
-7.20632
-7.20657
-7.20682
-7.20708
-7.20733
-7.20759
-7.20784
-7.20810
-7.20835
-7.20860
-7.20886
-7.20911
-7.20937
-7.20962
-7.20987
-7.21013
-7.21038
-7.21064
-7.21089
-7.21114
-7.21140
-7.21165
-7.21191
-7.21216
-7.21242
-7.21267
-7.21292
-7.21318
-7.21343
-7.21369
-7.21394
-7.21419
-7.21445
-7.21470
-7.21496
-7.21521
-7.21546
-7.21572
-7.21597
-7.21623
-7.21648
-7.21674
-7.21699
-7.21724
-7.21750
-7.21775
-7.21801
-7.21826
-7.21851
-7.21877
-7.21902
-7.21928
-7.21953
-7.21979
-7.22004
-7.22029
-7.22055
-7.22080
-7.22106
-7.22131
-7.22156
-7.22182
-7.22207
-7.22233
-7.22258
-7.22283
-7.22309
-7.22334
-7.22360
-7.22385
-7.22411
-7.22436
-7.22461
-7.22487
-7.22512
-7.22538
-7.22563
-7.22588
-7.22614
-7.22639
-7.22665
-7.22690
-7.22715
-7.22741
-7.22766
-7.22792
-7.22817
-7.22843
-7.22868
-7.22893
-7.22919
-7.22944
-7.22970
-7.22995
-7.23020
-7.23046
-7.23071
-7.23097
-7.23122
-7.23147
-7.23173
-7.23198
-7.23224
-7.23249
-7.23275
-7.23300
-7.23325
-7.23351
-7.23376
-7.23402
-7.23427
-7.23452
-7.23478
-7.23503
-7.23529
-7.23554
-7.23580
-7.23605
-7.23630
-7.23656
-7.23681
-7.23707
-7.23732
-7.23757
-7.23783
-7.23808
-7.23834
-7.23859
-7.23884
-7.23910
-7.23935
-7.23961
-7.23986
-7.24012
-7.24037
-7.24062
-7.24088
-7.24113
-7.24139
-7.24164
-7.24189
-7.24215
-7.24240
-7.24266
-7.24291
-7.24316
-7.24342
-7.24367
-7.24393
-7.24418
-7.24444
-7.24469
-7.24494
-7.24520
-7.24545
-7.24571
-7.24596
-7.24621
-7.24647
-7.24672
-7.24698
-7.24723
-7.24748
-7.24774
-7.24799
-7.24825
-7.24850
-7.24876
-7.24901
-7.24926
-7.24952
-7.24977
-7.25003
-7.25028
-7.25053
-7.25079
-7.25104
-7.25130
-7.25155
-7.25180
-7.25206
-7.25231
-7.25257
-7.25282
-7.25308
-7.25333
-7.25358
-7.25384
-7.25409
-7.25435
-7.25460
-7.25485
-7.25511
-7.25536
-7.25562
-7.25587
-7.25612
-7.25638
-7.25663
-7.25689
-7.25714
-7.25740
-7.25765
-7.25790
-7.25816
-7.25841
-7.25867
-7.25892
-7.25917
-7.25943
-7.25968
-7.25994
-7.26019
-7.26044
-7.26070
-7.26095
-7.26121
-7.26146
-7.26172
-7.26197
-7.26222
-7.26248
-7.26273
-7.26299
-7.26324
-7.26349
-7.26375
-7.26400
-7.26426
-7.26451
-7.26476
-7.26502
-7.26527
-7.26553
-7.26578
-7.26604
-7.26629
-7.26654
-7.26680
-7.26705
-7.26731
-7.26756
-7.26781
-7.26807
-7.26832
-7.26858
-7.26883
-7.26908
-7.26934
-7.26959
-7.26985
-7.27010
-7.27036
-7.27061
-7.27086
-7.27112
-7.27137
-7.27163
-7.27188
-7.27213
-7.27239
-7.27264
-7.27290
-7.27315
-7.27340
-7.27366
-7.27391
-7.27417
-7.27442
-7.27468
-7.27493
-7.27518
-7.27544
-7.27569
-7.27595
-7.27620
-7.27645
-7.27671
-7.27696
-7.27722
-7.27747
-7.27772
-7.27798
-7.27823
-7.27849
-7.27874
-7.27900
-7.27925
-7.27950
-7.27976
-7.28001
-7.28027
-7.28052
-7.28077
-7.28103
-7.28128
-7.28154
-7.28179
-7.28204
-7.28230
-7.28255
-7.28281
-7.28306
-7.28332
-7.28357
-7.28382
-7.28408
-7.28433
-7.28459
-7.28484
-7.28509
-7.28535
-7.28560
-7.28586
-7.28611
-7.28636
-7.28662
-7.28687
-7.28713
-7.28738
-7.28764
-7.28789
-7.28814
-7.28840
-7.28865
-7.28891
-7.28916
-7.28941
-7.28967
-7.28992
-7.29018
-7.29043
-7.29068
-7.29094
-7.29119
-7.29145
-7.29170
-7.29196
-7.29221
-7.29246
-7.29272
-7.29297
-7.29323
-7.29348
-7.29373
-7.29399
-7.29424
-7.29450
-7.29475
-7.29500
-7.29526
-7.29551
-7.29577
-7.29602
-7.29627
-7.29653
-7.29678
-7.29704
-7.29729
-7.29755
-7.29780
-7.29805
-7.29831
-7.29856
-7.29882
-7.29907
-7.29932
-7.29958
-7.29983
-7.30009
-7.30034
-7.30059
-7.30085
-7.30110
-7.30136
-7.30161
-7.30187
-7.30212
-7.30237
-7.30263
-7.30288
-7.30314
-7.30339
-7.30364
-7.30390
-7.30415
-7.30441
-7.30466
-7.30491
-7.30517
-7.30542
-7.30568
-7.30593
-7.30619
-7.30644
-7.30669
-7.30695
-7.30720
-7.30746
-7.30771
-7.30796
-7.30822
-7.30847
-7.30873
-7.30898
-7.30923
-7.30949
-7.30974
-7.31000
-7.31025
-7.31050
-7.31076
-7.31101
-7.31127
-7.31152
-7.31178
-7.31203
-7.31228
-7.31254
-7.31279
-7.31305
-7.31330
-7.31355
-7.31381
-7.31406
-7.31432
-7.31457
-7.31482
-7.31508
-7.31533
-7.31559
-7.31584
-7.31610
-7.31635
-7.31660
-7.31686
-7.31711
-7.31737
-7.31762
-7.31787
-7.31813
-7.31838
-7.31864
-7.31889
-7.31914
-7.31940
-7.31965
-7.31991
-7.32016
-7.32042
-7.32067
-7.32092
-7.32118
-7.32143
-7.32169
-7.32194
-7.32219
-7.32245
-7.32270
-7.32296
-7.32321
-7.32346
-7.32372
-7.32397
-7.32423
-7.32448
-7.32473
-7.32499
-7.32524
-7.32550
-7.32575
-7.32601
-7.32626
-7.32651
-7.32677
-7.32702
-7.32728
-7.32753
-7.32778
-7.32804
-7.32829
-7.32855
-7.32880
-7.32905
-7.32931
-7.32956
-7.32982
-7.33007
-7.33033
-7.33058
-7.33083
-7.33109
-7.33134
-7.33160
-7.33185
-7.33210
-7.33236
-7.33261
-7.33287
-7.33312
-7.33337
-7.33363
-7.33388
-7.33414
-7.33439
-7.33464
-7.33490
-7.33515
-7.33541
-7.33566
-7.33592
-7.33617
-7.33642
-7.33668
-7.33693
-7.33719
-7.33744
-7.33769
-7.33795
-7.33820
-7.33846
-7.33871
-7.33896
-7.33922
-7.33947
-7.33973
-7.33998
-7.34023
-7.34049
-7.34074
-7.34100
-7.34125
-7.34151
-7.34176
-7.34201
-7.34227
-7.34252
-7.34278
-7.34303
-7.34328
-7.34354
-7.34379
-7.34405
-7.34430
-7.34455
-7.34481
-7.34506
-7.34532
-7.34557
-7.34583
-7.34608
-7.34633
-7.34659
-7.34684
-7.34710
-7.34735
-7.34760
-7.34786
-7.34811
-7.34837
-7.34862
-7.34887
-7.34913
-7.34938
-7.34964
-7.34989
-7.35014
-7.35040
-7.35065
-7.35091
-7.35116
-7.35142
-7.35167
-7.35192
-7.35218
-7.35243
-7.35269
-7.35294
-7.35319
-7.35345
-7.35370
-7.35396
-7.35421
-7.35446
-7.35472
-7.35497
-7.35523
-7.35548
-7.35573
-7.35599
-7.35624
-7.35650
-7.35675
-7.35701
-7.35726
-7.35751
-7.35777
-7.35802
-7.35828
-7.35853
-7.35878
-7.35904
-7.35929
-7.35955
-7.35980
-7.36005
-7.36031
-7.36056
-7.36082
-7.36107
-7.36132
-7.36158
-7.36183
-7.36209
-7.36234
-7.36260
-7.36285
-7.36310
-7.36336
-7.36361
-7.36387
-7.36412
-7.36437
-7.36463
-7.36488
-7.36514
-7.36539
-7.36564
-7.36590
-7.36615
-7.36641
-7.36666
-7.36691
-7.36717
-7.36742
-7.36768
-7.36793
-7.36819
-7.36844
-7.36869
-7.36895
-7.36920
-7.36946
-7.36971
-7.36996
-7.37022
-7.37047
-7.37073
-7.37098
-7.37123
-7.37149
-7.37174
-7.37200
-7.37225
-7.37250
-7.37276
-7.37301
-7.37327
-7.37352
-7.37378
-7.37403
-7.37428
-7.37454
-7.37479
-7.37505
-7.37530
-7.37555
-7.37581
-7.37606
-7.37632
-7.37657
-7.37682
-7.37708
-7.37733
-7.37759
-7.37784
-7.37809
-7.37835
-7.37860
-7.37886
-7.37911
-7.37937
-7.37962
-7.37987
-7.38013
-7.38038
-7.38064
-7.38089
-7.38114
-7.38140
-7.38165
-7.38191
-7.38216
-7.38241
-7.38267
-7.38292
-7.38318
-7.38343
-7.38368
-7.38394
-7.38419
-7.38445
-7.38470
-7.38496
-7.38521
-7.38546
-7.38572
-7.38597
-7.38623
-7.38648
-7.38673
-7.38699
-7.38724
-7.38750
-7.38775
-7.38800
-7.38826
-7.38851
-7.38877
-7.38902
-7.38927
-7.38953
-7.38978
-7.39004
-7.39029
-7.39055
-7.39080
-7.39105
-7.39131
-7.39156
-7.39182
-7.39207
-7.39232
-7.39258
-7.39283
-7.39309
-7.39334
-7.39359
-7.39385
-7.39410
-7.39436
-7.39461
-7.39486
-7.39512
-7.39537
-7.39563
-7.39588
-7.39613
-7.39639
-7.39664
-7.39690
-7.39715
-7.39741
-7.39766
-7.39791
-7.39817
-7.39842
-7.39868
-7.39893
-7.39918
-7.39944
-7.39969
-7.39995
-7.40020
-7.40045
-7.40071
-7.40096
-7.40122
-7.40147
-7.40172
-7.40198
-7.40223
-7.40249
-7.40274
-7.40300
-7.40325
-7.40350
-7.40376
-7.40401
-7.40427
-7.40452
-7.40477
-7.40503
-7.40528
-7.40554
-7.40579
-7.40604
-7.40630
-7.40655
-7.40681
-7.40706
-7.40731
-7.40757
-7.40782
-7.40808
-7.40833
-7.40858
-7.40884
-7.40909
-7.40935
-7.40960
-7.40986
-7.41011
-7.41036
-7.41062
-7.41087
-7.41113
-7.41138
-7.41163
-7.41189
-7.41214
-7.41240
-7.41265
-7.41290
-7.41316
-7.41341
-7.41367
-7.41392
-7.41417
-7.41443
-7.41468
-7.41494
-7.41519
-7.41545
-7.41570
-7.41595
-7.41621
-7.41646
-7.41672
-7.41697
-7.41722
-7.41748
-7.41773
-7.41799
-7.41824
-7.41849
-7.41875
-7.41900
-7.41926
-7.41951
-7.41976
-7.42002
-7.42027
-7.42053
-7.42078
-7.42103
-7.42129
-7.42154
-7.42180
-7.42205
-7.42231
-7.42256
-7.42281
-7.42307
-7.42332
-7.42358
-7.42383
-7.42408
-7.42434
-7.42459
-7.42485
-7.42510
-7.42535
-7.42561
-7.42586
-7.42612
-7.42637
-7.42662
-7.42688
-7.42713
-7.42739
-7.42764
-7.42789
-7.42815
-7.42840
-7.42866
-7.42891
-7.42917
-7.42942
-7.42967
-7.42993
-7.43018
-7.43044
-7.43069
-7.43094
-7.43120
-7.43145
-7.43171
-7.43196
-7.43221
-7.43247
-7.43272
-7.43298
-7.43323
-7.43348
-7.43374
-7.43399
-7.43425
-7.43450
-7.43475
-7.43501
-7.43526
-7.43552
-7.43577
-7.43603
-7.43628
-7.43653
-7.43679
-7.43704
-7.43730
-7.43755
-7.43780
-7.43806
-7.43831
-7.43857
-7.43882
-7.43907
-7.43933
-7.43958
-7.43984
-7.44009
-7.44034
-7.44060
-7.44085
-7.44111
-7.44136
-7.44161
-7.44187
-7.44212
-7.44238
-7.44263
-7.44289
-7.44314
-7.44339
-7.44365
-7.44390
-7.44416
-7.44441
-7.44466
-7.44492
-7.44517
-7.44543
-7.44568
-7.44593
-7.44619
-7.44644
-7.44670
-7.44695
-7.44720
-7.44746
-7.44771
-7.44797
-7.44822
-7.44847
-7.44873
-7.44898
-7.44924
-7.44949
-7.44975
-7.45000
-7.45025
-7.45051
-7.45076
-7.45102
-7.45127
-7.45152
-7.45178
-7.45203
-7.45229
-7.45254
-7.45279
-7.45305
-7.45330
-7.45356
-7.45381
-7.45406
-7.45432
-7.45457
-7.45483
-7.45508
-7.45533
-7.45559
-7.45584
-7.45610
-7.45635
-7.45661
-7.45686
-7.45711
-7.45737
-7.45762
-7.45788
-7.45813
-7.45838
-7.45864
-7.45889
-7.45915
-7.45940
-7.45965
-7.45991
-7.46016
-7.46042
-7.46067
-7.46092
-7.46118
-7.46143
-7.46169
-7.46194
-7.46219
-7.46245
-7.46270
-7.46296
-7.46321
-7.46346
-7.46372
-7.46397
-7.46423
-7.46448
-7.46474
-7.46499
-7.46524
-7.46550
-7.46575
-7.46601
-7.46626
-7.46651
-7.46677
-7.46702
-7.46728
-7.46753
-7.46778
-7.46804
-7.46829
-7.46855
-7.46880
-7.46905
-7.46931
-7.46956
-7.46982
-7.47007
-7.47032
-7.47058
-7.47083
-7.47109
-7.47134
-7.47159
-7.47185
-7.47210
-7.47236
-7.47261
-7.47287
-7.47312
-7.47337
-7.47363
-7.47388
-7.47414
-7.47439
-7.47464
-7.47490
-7.47515
-7.47541
-7.47566
-7.47591
-7.47617
-7.47642
-7.47668
-7.47693
-7.47718
-7.47744
-7.47769
-7.47795
-7.47820
-7.47845
-7.47871
-7.47896
-7.47922
-7.47947
-7.47973
-7.47998
-7.48023
-7.48049
-7.48074
-7.48100
-7.48125
-7.48150
-7.48176
-7.48201
-7.48227
-7.48252
-7.48277
-7.48303
-7.48328
-7.48354
-7.48379
-7.48404
-7.48430
-7.48455
-7.48481
-7.48506
-7.48531
-7.48557
-7.48582
-7.48608
-7.48633
-7.48658
-7.48684
-7.48709
-7.48735
-7.48760
-7.48785
-7.48811
-7.48836
-7.48862
-7.48887
-7.48913
-7.48938
-7.48963
-7.48989
-7.49014
-7.49040
-7.49065
-7.49090
-7.49116
-7.49141
-7.49167
-7.49192
-7.49217
-7.49243
-7.49268
-7.49294
-7.49319
-7.49344
-7.49370
-7.49395
-7.49421
-7.49446
-7.49471
-7.49497
-7.49522
-7.49548
-7.49573
-7.49598
-7.49624
-7.49649
-7.49675
-7.49700
-7.49726
-7.49751
-7.49776
-7.49802
-7.49827
-7.49853
-7.49878
-7.49903
-7.49929
-7.49954
-7.49980
-7.50005
-7.50030
-7.50056
-7.50081
-7.50107
-7.50132
-7.50157
-7.50183
-7.50208
-7.50234
-7.50259
-7.50284
-7.50310
-7.50335
-7.50361
-7.50386
-7.50411
-7.50437
-7.50462
-7.50488
-7.50513
-7.50538
-7.50564
-7.50589
-7.50615
-7.50640
-7.50666
-7.50691
-7.50716
-7.50742
-7.50767
-7.50793
-7.50818
-7.50843
-7.50869
-7.50894
-7.50920
-7.50945
-7.50970
-7.50996
-7.51021
-7.51047
-7.51072
-7.51097
-7.51123
-7.51148
-7.51174
-7.51199
-7.51224
-7.51250
-7.51275
-7.51301
-7.51326
-7.51351
-7.51377
-7.51402
-7.51428
-7.51453
-7.51479
-7.51504
-7.51529
-7.51555
-7.51580
-7.51606
-7.51631
-7.51656
-7.51682
-7.51707
-7.51733
-7.51758
-7.51783
-7.51809
-7.51834
-7.51860
-7.51885
-7.51910
-7.51936
-7.51961
-7.51987
-7.52012
-7.52037
-7.52063
-7.52088
-7.52114
-7.52139
-7.52164
-7.52190
-7.52215
-7.52241
-7.52266
-7.52291
-7.52317
-7.52342
-7.52368
-7.52393
-7.52418
-7.52444
-7.52469
-7.52495
-7.52520
-7.52546
-7.52571
-7.52596
-7.52622
-7.52647
-7.52673
-7.52698
-7.52723
-7.52749
-7.52774
-7.52800
-7.52825
-7.52850
-7.52876
-7.52901
-7.52927
-7.52952
-7.52977
-7.53003
-7.53028
-7.53054
-7.53079
-7.53104
-7.53130
-7.53155
-7.53181
-7.53206
-7.53231
-7.53257
-7.53282
-7.53308
-7.53333
-7.53358
-7.53384
-7.53409
-7.53435
-7.53460
-7.53486
-7.53511
-7.53536
-7.53562
-7.53587
-7.53613
-7.53638
-7.53663
-7.53689
-7.53714
-7.53740
-7.53765
-7.53790
-7.53816
-7.53841
-7.53867
-7.53892
-7.53917
-7.53943
-7.53968
-7.53994
-7.54019
-7.54044
-7.54070
-7.54095
-7.54121
-7.54146
-7.54171
-7.54197
-7.54222
-7.54248
-7.54273
-7.54298
-7.54324
-7.54349
-7.54375
-7.54400
-7.54425
-7.54451
-7.54476
-7.54502
-7.54527
-7.54553
-7.54578
-7.54603
-7.54629
-7.54654
-7.54680
-7.54705
-7.54730
-7.54756
-7.54781
-7.54807
-7.54832
-7.54857
-7.54883
-7.54908
-7.54934
-7.54959
-7.54984
-7.55010
-7.55035
-7.55061
-7.55086
-7.55111
-7.55137
-7.55162
-7.55188
-7.55213
-7.55238
-7.55264
-7.55289
-7.55315
-7.55340
-7.55365
-7.55391
-7.55416
-7.55442
-7.55467
-7.55492
-7.55518
-7.55543
-7.55569
-7.55594
-7.55619
-7.55645
-7.55670
-7.55696
-7.55721
-7.55747
-7.55772
-7.55797
-7.55823
-7.55848
-7.55874
-7.55899
-7.55924
-7.55950
-7.55975
-7.56001
-7.56026
-7.56051
-7.56077
-7.56102
-7.56128
-7.56153
-7.56178
-7.56204
-7.56229
-7.56255
-7.56280
-7.56305
-7.56331
-7.56356
-7.56382
-7.56407
-7.56432
-7.56458
-7.56483
-7.56509
-7.56534
-7.56559
-7.56585
-7.56610
-7.56636
-7.56661
-7.56686
-7.56712
-7.56737
-7.56763
-7.56788
-7.56813
-7.56839
-7.56864
-7.56890
-7.56915
-7.56941
-7.56966
-7.56991
-7.57017
-7.57042
-7.57068
-7.57093
-7.57118
-7.57144
-7.57169
-7.57195
-7.57220
-7.57245
-7.57271
-7.57296
-7.57322
-7.57347
-7.57372
-7.57398
-7.57423
-7.57449
-7.57474
-7.57499
-7.57525
-7.57550
-7.57576
-7.57601
-7.57626
-7.57652
-7.57677
-7.57703
-7.57728
-7.57753
-7.57779
-7.57804
-7.57830
-7.57855
-7.57880
-7.57906
-7.57931
-7.57957
-7.57982
-7.58007
-7.58033
-7.58058
-7.58084
-7.58109
-7.58134
-7.58160
-7.58185
-7.58211
-7.58236
-7.58261
-7.58287
-7.58312
-7.58338
-7.58363
-7.58389
-7.58414
-7.58439
-7.58465
-7.58490
-7.58516
-7.58541
-7.58566
-7.58592
-7.58617
-7.58643
-7.58668
-7.58693
-7.58719
-7.58744
-7.58770
-7.58795
-7.58820
-7.58846
-7.58871
-7.58897
-7.58922
-7.58947
-7.58973
-7.58998
-7.59024
-7.59049
-7.59074
-7.59100
-7.59125
-7.59151
-7.59176
-7.59201
-7.59227
-7.59252
-7.59278
-7.59303
-7.59328
-7.59354
-7.59379
-7.59405
-7.59430
-7.59455
-7.59481
-7.59506
-7.59532
-7.59557
-7.59582
-7.59608
-7.59633
-7.59659
-7.59684
-7.59709
-7.59735
-7.59760
-7.59786
-7.59811
-7.59837
-7.59862
-7.59887
-7.59913
-7.59938
-7.59964
-7.59989
-7.60014
-7.60040
-7.60065
-7.60091
-7.60116
-7.60141
-7.60167
-7.60192
-7.60218
-7.60243
-7.60268
-7.60294
-7.60319
-7.60345
-7.60370
-7.60395
-7.60421
-7.60446
-7.60472
-7.60497
-7.60522
-7.60548
-7.60573
-7.60599
-7.60624
-7.60649
-7.60675
-7.60700
-7.60726
-7.60751
-7.60776
-7.60802
-7.60827
-7.60853
-7.60878
-7.60903
-7.60929
-7.60954
-7.60980
-7.61005
-7.61030
-7.61056
-7.61081
-7.61107
-7.61132
-7.61157
-7.61183
-7.61208
-7.61234
-7.61259
-7.61284
-7.61310
-7.61335
-7.61361
-7.61386
-7.61411
-7.61437
-7.61462
-7.61488
-7.61513
-7.61539
-7.61564
-7.61589
-7.61615
-7.61640
-7.61666
-7.61691
-7.61716
-7.61742
-7.61767
-7.61793
-7.61818
-7.61843
-7.61869
-7.61894
-7.61920
-7.61945
-7.61970
-7.61996
-7.62021
-7.62047
-7.62072
-7.62097
-7.62123
-7.62148
-7.62174
-7.62199
-7.62224
-7.62250
-7.62275
-7.62301
-7.62326
-7.62351
-7.62377
-7.62402
-7.62428
-7.62453
-7.62478
-7.62504
-7.62529
-7.62555
-7.62580
-7.62605
-7.62631
-7.62656
-7.62682
-7.62707
-7.62732
-7.62758
-7.62783
-7.62809
-7.62834
-7.62859
-7.62885
-7.62910
-7.62936
-7.62961
-7.62986
-7.63012
-7.63037
-7.63063
-7.63088
-7.63113
-7.63139
-7.63164
-7.63190
-7.63215
-7.63240
-7.63266
-7.63291
-7.63317
-7.63342
-7.63367
-7.63393
-7.63418
-7.63444
-7.63469
-7.63495
-7.63520
-7.63545
-7.63571
-7.63596
-7.63622
-7.63647
-7.63672
-7.63698
-7.63723
-7.63749
-7.63774
-7.63799
-7.63825
-7.63850
-7.63876
-7.63901
-7.63926
-7.63952
-7.63977
-7.64003
-7.64028
-7.64053
-7.64079
-7.64104
-7.64130
-7.64155
-7.64180
-7.64206
-7.64231
-7.64257
-7.64282
-7.64307
-7.64333
-7.64358
-7.64384
-7.64409
-7.64434
-7.64460
-7.64485
-7.64511
-7.64536
-7.64561
-7.64587
-7.64612
-7.64638
-7.64663
-7.64688
-7.64714
-7.64739
-7.64765
-7.64790
-7.64815
-7.64841
-7.64866
-7.64892
-7.64917
-7.64942
-7.64968
-7.64993
-7.65019
-7.65044
-7.65069
-7.65095
-7.65120
-7.65146
-7.65171
-7.65196
-7.65222
-7.65247
-7.65273
-7.65298
-7.65323
-7.65349
-7.65374
-7.65400
-7.65425
-7.65450
-7.65476
-7.65501
-7.65527
-7.65552
-7.65577
-7.65603
-7.65628
-7.65654
-7.65679
-7.65704
-7.65730
-7.65755
-7.65781
-7.65806
-7.65831
-7.65857
-7.65882
-7.65908
-7.65933
-7.65958
-7.65984
-7.66009
-7.66035
-7.66060
-7.66086
-7.66111
-7.66136
-7.66162
-7.66187
-7.66213
-7.66238
-7.66263
-7.66289
-7.66314
-7.66340
-7.66365
-7.66390
-7.66416
-7.66441
-7.66467
-7.66492
-7.66517
-7.66543
-7.66568
-7.66594
-7.66619
-7.66644
-7.66670
-7.66695
-7.66721
-7.66746
-7.66771
-7.66797
-7.66822
-7.66848
-7.66873
-7.66898
-7.66924
-7.66949
-7.66975
-7.67000
-7.67025
-7.67051
-7.67076
-7.67102
-7.67127
-7.67152
-7.67178
-7.67203
-7.67229
-7.67254
-7.67279
-7.67305
-7.67330
-7.67356
-7.67381
-7.67406
-7.67432
-7.67457
-7.67483
-7.67508
-7.67533
-7.67559
-7.67584
-7.67610
-7.67635
-7.67660
-7.67686
-7.67711
-7.67737
-7.67762
-7.67787
-7.67813
-7.67838
-7.67864
-7.67889
-7.67914
-7.67940
-7.67965
-7.67991
-7.68016
-7.68041
-7.68067
-7.68092
-7.68118
-7.68143
-7.68168
-7.68194
-7.68219
-7.68245
-7.68270
-7.68295
-7.68321
-7.68346
-7.68372
-7.68397
-7.68422
-7.68448
-7.68473
-7.68499
-7.68524
-7.68549
-7.68575
-7.68600
-7.68626
-7.68651
-7.68676
-7.68702
-7.68727
-7.68753
-7.68778
-7.68803
-7.68829
-7.68854
-7.68880
-7.68905
-7.68930
-7.68956
-7.68981
-7.69007
-7.69032
-7.69057
-7.69083
-7.69108
-7.69134
-7.69159
-7.69184
-7.69210
-7.69235
-7.69261
-7.69286
-7.69311
-7.69337
-7.69362
-7.69388
-7.69413
-7.69438
-7.69464
-7.69489
-7.69515
-7.69540
-7.69565
-7.69591
-7.69616
-7.69642
-7.69667
-7.69692
-7.69718
-7.69743
-7.69769
-7.69794
-7.69819
-7.69845
-7.69870
-7.69896
-7.69921
-7.69946
-7.69972
-7.69997
-7.70023
-7.70048
-7.70073
-7.70099
-7.70124
-7.70150
-7.70175
-7.70200
-7.70226
-7.70251
-7.70277
-7.70302
-7.70327
-7.70353
-7.70378
-7.70404
-7.70429
-7.70454
-7.70480
-7.70505
-7.70531
-7.70556
-7.70581
-7.70607
-7.70632
-7.70658
-7.70683
-7.70708
-7.70734
-7.70759
-7.70785
-7.70810
-7.70835
-7.70861
-7.70886
-7.70912
-7.70937
-7.70962
-7.70988
-7.71013
-7.71039
-7.71064
-7.71089
-7.71115
-7.71140
-7.71166
-7.71191
-7.71216
-7.71242
-7.71267
-7.71293
-7.71318
-7.71343
-7.71369
-7.71394
-7.71420
-7.71445
-7.71470
-7.71496
-7.71521
-7.71547
-7.71572
-7.71597
-7.71623
-7.71648
-7.71674
-7.71699
-7.71724
-7.71750
-7.71775
-7.71801
-7.71826
-7.71852
-7.71877
-7.71902
-7.71928
-7.71953
-7.71979
-7.72004
-7.72029
-7.72055
-7.72080
-7.72106
-7.72131
-7.72156
-7.72182
-7.72207
-7.72233
-7.72258
-7.72283
-7.72309
-7.72334
-7.72360
-7.72385
-7.72410
-7.72436
-7.72461
-7.72487
-7.72512
-7.72537
-7.72563
-7.72588
-7.72614
-7.72639
-7.72664
-7.72690
-7.72715
-7.72741
-7.72766
-7.72791
-7.72817
-7.72842
-7.72868
-7.72893
-7.72918
-7.72944
-7.72969
-7.72994
-7.73020
-7.73045
-7.73071
-7.73096
-7.73121
-7.73147
-7.73172
-7.73198
-7.73223
-7.73248
-7.73274
-7.73299
-7.73325
-7.73350
-7.73375
-7.73401
-7.73426
-7.73452
-7.73477
-7.73502
-7.73528
-7.73553
-7.73579
-7.73604
-7.73629
-7.73655
-7.73680
-7.73706
-7.73731
-7.73756
-7.73782
-7.73807
-7.73833
-7.73858
-7.73883
-7.73909
-7.73934
-7.73960
-7.73985
-7.74010
-7.74036
-7.74061
-7.74087
-7.74112
-7.74137
-7.74163
-7.74188
-7.74214
-7.74239
-7.74264
-7.74290
-7.74315
-7.74341
-7.74366
-7.74391
-7.74417
-7.74442
-7.74468
-7.74493
-7.74518
-7.74544
-7.74569
-7.74595
-7.74620
-7.74645
-7.74671
-7.74696
-7.74722
-7.74747
-7.74772
-7.74798
-7.74823
-7.74849
-7.74874
-7.74899
-7.74925
-7.74950
-7.74976
-7.75001
-7.75026
-7.75052
-7.75077
-7.75103
-7.75128
-7.75153
-7.75179
-7.75204
-7.75230
-7.75255
-7.75280
-7.75306
-7.75331
-7.75357
-7.75382
-7.75407
-7.75433
-7.75458
-7.75484
-7.75509
-7.75534
-7.75560
-7.75585
-7.75611
-7.75636
-7.75661
-7.75687
-7.75712
-7.75738
-7.75763
-7.75788
-7.75814
-7.75839
-7.75865
-7.75890
-7.75915
-7.75941
-7.75966
-7.75992
-7.76017
-7.76042
-7.76068
-7.76093
-7.76119
-7.76144
-7.76169
-7.76195
-7.76220
-7.76246
-7.76271
-7.76296
-7.76322
-7.76347
-7.76373
-7.76398
-7.76423
-7.76449
-7.76474
-7.76500
-7.76525
-7.76550
-7.76576
-7.76601
-7.76627
-7.76652
-7.76677
-7.76703
-7.76728
-7.76754
-7.76779
-7.76804
-7.76830
-7.76855
-7.76881
-7.76906
-7.76931
-7.76957
-7.76982
-7.77008
-7.77033
-7.77058
-7.77084
-7.77109
-7.77135
-7.77160
-7.77185
-7.77211
-7.77236
-7.77262
-7.77287
-7.77312
-7.77338
-7.77363
-7.77389
-7.77414
-7.77439
-7.77465
-7.77490
-7.77516
-7.77541
-7.77566
-7.77592
-7.77617
-7.77643
-7.77668
-7.77693
-7.77719
-7.77744
-7.77770
-7.77795
-7.77820
-7.77846
-7.77871
-7.77897
-7.77922
-7.77947
-7.77973
-7.77998
-7.78024
-7.78049
-7.78074
-7.78100
-7.78125
-7.78151
-7.78176
-7.78201
-7.78227
-7.78252
-7.78278
-7.78303
-7.78328
-7.78354
-7.78379
-7.78405
-7.78430
-7.78455
-7.78481
-7.78506
-7.78532
-7.78557
-7.78582
-7.78608
-7.78633
-7.78659
-7.78684
-7.78709
-7.78735
-7.78760
-7.78785
-7.78811
-7.78836
-7.78862
-7.78887
-7.78912
-7.78938
-7.78963
-7.78989
-7.79014
-7.79039
-7.79065
-7.79090
-7.79116
-7.79141
-7.79166
-7.79192
-7.79217
-7.79243
-7.79268
-7.79293
-7.79319
-7.79344
-7.79370
-7.79395
-7.79420
-7.79446
-7.79471
-7.79497
-7.79522
-7.79547
-7.79573
-7.79598
-7.79624
-7.79649
-7.79674
-7.79700
-7.79725
-7.79751
-7.79776
-7.79801
-7.79827
-7.79852
-7.79878
-7.79903
-7.79928
-7.79954
-7.79979
-7.80005
-7.80030
-7.80055
-7.80081
-7.80106
-7.80132
-7.80157
-7.80182
-7.80208
-7.80233
-7.80259
-7.80284
-7.80309
-7.80335
-7.80360
-7.80386
-7.80411
-7.80436
-7.80462
-7.80487
-7.80513
-7.80538
-7.80563
-7.80589
-7.80614
-7.80640
-7.80665
-7.80690
-7.80716
-7.80741
-7.80767
-7.80792
-7.80817
-7.80843
-7.80868
-7.80894
-7.80919
-7.80944
-7.80970
-7.80995
-7.81021
-7.81046
-7.81071
-7.81097
-7.81122
-7.81148
-7.81173
-7.81198
-7.81224
-7.81249
-7.81275
-7.81300
-7.81325
-7.81351
-7.81376
-7.81401
-7.81427
-7.81452
-7.81478
-7.81503
-7.81528
-7.81554
-7.81579
-7.81605
-7.81630
-7.81655
-7.81681
-7.81706
-7.81732
-7.81757
-7.81782
-7.81808
-7.81833
-7.81859
-7.81884
-7.81909
-7.81935
-7.81960
-7.81986
-7.82011
-7.82036
-7.82062
-7.82087
-7.82113
-7.82138
-7.82163
-7.82189
-7.82214
-7.82240
-7.82265
-7.82290
-7.82316
-7.82341
-7.82367
-7.82392
-7.82417
-7.82443
-7.82468
-7.82494
-7.82519
-7.82544
-7.82570
-7.82595
-7.82621
-7.82646
-7.82671
-7.82697
-7.82722
-7.82748
-7.82773
-7.82798
-7.82824
-7.82849
-7.82875
-7.82900
-7.82925
-7.82951
-7.82976
-7.83002
-7.83027
-7.83052
-7.83078
-7.83103
-7.83129
-7.83154
-7.83179
-7.83205
-7.83230
-7.83256
-7.83281
-7.83306
-7.83332
-7.83357
-7.83382
-7.83408
-7.83433
-7.83459
-7.83484
-7.83509
-7.83535
-7.83560
-7.83586
-7.83611
-7.83636
-7.83662
-7.83687
-7.83713
-7.83738
-7.83763
-7.83789
-7.83814
-7.83840
-7.83865
-7.83890
-7.83916
-7.83941
-7.83967
-7.83992
-7.84017
-7.84043
-7.84068
-7.84094
-7.84119
-7.84144
-7.84170
-7.84195
-7.84221
-7.84246
-7.84271
-7.84297
-7.84322
-7.84348
-7.84373
-7.84398
-7.84424
-7.84449
-7.84475
-7.84500
-7.84525
-7.84551
-7.84576
-7.84602
-7.84627
-7.84652
-7.84678
-7.84703
-7.84729
-7.84754
-7.84779
-7.84805
-7.84830
-7.84856
-7.84881
-7.84906
-7.84932
-7.84957
-7.84982
-7.85008
-7.85033
-7.85059
-7.85084
-7.85109
-7.85135
-7.85160
-7.85186
-7.85211
-7.85236
-7.85262
-7.85287
-7.85313
-7.85338
-7.85363
-7.85389
-7.85414
-7.85440
-7.85465
-7.85490
-7.85516
-7.85541
-7.85567
-7.85592
-7.85617
-7.85643
-7.85668
-7.85694
-7.85719
-7.85744
-7.85770
-7.85795
-7.85821
-7.85846
-7.85871
-7.85897
-7.85922
-7.85948
-7.85973
-7.85998
-7.86024
-7.86049
-7.86075
-7.86100
-7.86125
-7.86151
-7.86176
-7.86202
-7.86227
-7.86252
-7.86278
-7.86303
-7.86329
-7.86354
-7.86379
-7.86405
-7.86430
-7.86455
-7.86481
-7.86506
-7.86532
-7.86557
-7.86582
-7.86608
-7.86633
-7.86659
-7.86684
-7.86709
-7.86735
-7.86760
-7.86786
-7.86811
-7.86836
-7.86862
-7.86887
-7.86913
-7.86938
-7.86963
-7.86989
-7.87014
-7.87040
-7.87065
-7.87090
-7.87116
-7.87141
-7.87167
-7.87192
-7.87217
-7.87243
-7.87268
-7.87294
-7.87319
-7.87344
-7.87370
-7.87395
-7.87421
-7.87446
-7.87471
-7.87497
-7.87522
-7.87548
-7.87573
-7.87598
-7.87624
-7.87649
-7.87675
-7.87700
-7.87725
-7.87751
-7.87776
-7.87801
-7.87827
-7.87852
-7.87878
-7.87903
-7.87928
-7.87954
-7.87979
-7.88005
-7.88030
-7.88055
-7.88081
-7.88106
-7.88132
-7.88157
-7.88182
-7.88208
-7.88233
-7.88259
-7.88284
-7.88309
-7.88335
-7.88360
-7.88386
-7.88411
-7.88436
-7.88462
-7.88487
-7.88513
-7.88538
-7.88563
-7.88589
-7.88614
-7.88640
-7.88665
-7.88690
-7.88716
-7.88741
-7.88767
-7.88792
-7.88817
-7.88843
-7.88868
-7.88894
-7.88919
-7.88944
-7.88970
-7.88995
-7.89021
-7.89046
-7.89071
-7.89097
-7.89122
-7.89147
-7.89173
-7.89198
-7.89224
-7.89249
-7.89274
-7.89300
-7.89325
-7.89351
-7.89376
-7.89401
-7.89427
-7.89452
-7.89478
-7.89503
-7.89528
-7.89554
-7.89579
-7.89605
-7.89630
-7.89655
-7.89681
-7.89706
-7.89732
-7.89757
-7.89782
-7.89808
-7.89833
-7.89859
-7.89884
-7.89909
-7.89935
-7.89960
-7.89986
-7.90011
-7.90036
-7.90062
-7.90087
-7.90113
-7.90138
-7.90163
-7.90189
-7.90214
-7.90239
-7.90265
-7.90290
-7.90316
-7.90341
-7.90366
-7.90392
-7.90417
-7.90443
-7.90468
-7.90493
-7.90519
-7.90544
-7.90570
-7.90595
-7.90620
-7.90646
-7.90671
-7.90697
-7.90722
-7.90747
-7.90773
-7.90798
-7.90824
-7.90849
-7.90874
-7.90900
-7.90925
-7.90951
-7.90976
-7.91001
-7.91027
-7.91052
-7.91078
-7.91103
-7.91128
-7.91154
-7.91179
-7.91205
-7.91230
-7.91255
-7.91281
-7.91306
-7.91331
-7.91357
-7.91382
-7.91408
-7.91433
-7.91458
-7.91484
-7.91509
-7.91535
-7.91560
-7.91585
-7.91611
-7.91636
-7.91662
-7.91687
-7.91712
-7.91738
-7.91763
-7.91789
-7.91814
-7.91839
-7.91865
-7.91890
-7.91916
-7.91941
-7.91966
-7.91992
-7.92017
-7.92043
-7.92068
-7.92093
-7.92119
-7.92144
-7.92170
-7.92195
-7.92220
-7.92246
-7.92271
-7.92296
-7.92322
-7.92347
-7.92373
-7.92398
-7.92423
-7.92449
-7.92474
-7.92500
-7.92525
-7.92550
-7.92576
-7.92601
-7.92627
-7.92652
-7.92677
-7.92703
-7.92728
-7.92754
-7.92779
-7.92804
-7.92830
-7.92855
-7.92881
-7.92906
-7.92931
-7.92957
-7.92982
-7.93008
-7.93033
-7.93058
-7.93084
-7.93109
-7.93135
-7.93160
-7.93185
-7.93211
-7.93236
-7.93261
-7.93287
-7.93312
-7.93338
-7.93363
-7.93388
-7.93414
-7.93439
-7.93465
-7.93490
-7.93515
-7.93541
-7.93566
-7.93592
-7.93617
-7.93642
-7.93668
-7.93693
-7.93719
-7.93744
-7.93769
-7.93795
-7.93820
-7.93846
-7.93871
-7.93896
-7.93922
-7.93947
-7.93973
-7.93998
-7.94023
-7.94049
-7.94074
-7.94100
-7.94125
-7.94150
-7.94176
-7.94201
-7.94226
-7.94252
-7.94277
-7.94303
-7.94328
-7.94353
-7.94379
-7.94404
-7.94430
-7.94455
-7.94480
-7.94506
-7.94531
-7.94557
-7.94582
-7.94607
-7.94633
-7.94658
-7.94684
-7.94709
-7.94734
-7.94760
-7.94785
-7.94811
-7.94836
-7.94861
-7.94887
-7.94912
-7.94938
-7.94963
-7.94988
-7.95014
-7.95039
-7.95064
-7.95090
-7.95115
-7.95141
-7.95166
-7.95191
-7.95217
-7.95242
-7.95268
-7.95293
-7.95318
-7.95344
-7.95369
-7.95395
-7.95420
-7.95445
-7.95471
-7.95496
-7.95522
-7.95547
-7.95572
-7.95598
-7.95623
-7.95649
-7.95674
-7.95699
-7.95725
-7.95750
-7.95776
-7.95801
-7.95826
-7.95852
-7.95877
-7.95903
-7.95928
-7.95953
-7.95979
-7.96004
-7.96029
-7.96055
-7.96080
-7.96106
-7.96131
-7.96156
-7.96182
-7.96207
-7.96233
-7.96258
-7.96283
-7.96309
-7.96334
-7.96360
-7.96385
-7.96410
-7.96436
-7.96461
-7.96487
-7.96512
-7.96537
-7.96563
-7.96588
-7.96614
-7.96639
-7.96664
-7.96690
-7.96715
-7.96741
-7.96766
-7.96791
-7.96817
-7.96842
-7.96867
-7.96893
-7.96918
-7.96944
-7.96969
-7.96994
-7.97020
-7.97045
-7.97071
-7.97096
-7.97121
-7.97147
-7.97172
-7.97198
-7.97223
-7.97248
-7.97274
-7.97299
-7.97325
-7.97350
-7.97375
-7.97401
-7.97426
-7.97452
-7.97477
-7.97502
-7.97528
-7.97553
-7.97578
-7.97604
-7.97629
-7.97655
-7.97680
-7.97705
-7.97731
-7.97756
-7.97782
-7.97807
-7.97832
-7.97858
-7.97883
-7.97909
-7.97934
-7.97959
-7.97985
-7.98010
-7.98036
-7.98061
-7.98086
-7.98112
-7.98137
-7.98163
-7.98188
-7.98213
-7.98239
-7.98264
-7.98290
-7.98315
-7.98340
-7.98366
-7.98391
-7.98416
-7.98442
-7.98467
-7.98493
-7.98518
-7.98543
-7.98569
-7.98594
-7.98620
-7.98645
-7.98670
-7.98696
-7.98721
-7.98747
-7.98772
-7.98797
-7.98823
-7.98848
-7.98874
-7.98899
-7.98924
-7.98950
-7.98975
-7.99001
-7.99026
-7.99051
-7.99077
-7.99102
-7.99127
-7.99153
-7.99178
-7.99204
-7.99229
-7.99254
-7.99280
-7.99305
-7.99331
-7.99356
-7.99381
-7.99407
-7.99432
-7.99458
-7.99483
-7.99508
-7.99534
-7.99559
-7.99585
-7.99610
-7.99635
-7.99661
-7.99686
-7.99712
-7.99737
-7.99762
-7.99788
-7.99813
-7.99838
-7.99864
-7.99889
-7.99915
-7.99940
-7.99965
-7.99991
-8.00016
-8.00042
-8.00067
-8.00092
-8.00118
-8.00143
-8.00169
-8.00194
-8.00219
-8.00245
-8.00270
-8.00296
-8.00321
-8.00346
-8.00372
-8.00397
-8.00423
-8.00448
-8.00473
-8.00499
-8.00524
-8.00549
-8.00575
-8.00600
-8.00626
-8.00651
-8.00676
-8.00702
-8.00727
-8.00753
-8.00778
-8.00803
-8.00829
-8.00854
-8.00880
-8.00905
-8.00930
-8.00956
-8.00981
-8.01007
-8.01032
-8.01057
-8.01083
-8.01108
-8.01134
-8.01159
-8.01184
-8.01210
-8.01235
-8.01260
-8.01286
-8.01311
-8.01337
-8.01362
-8.01387
-8.01413
-8.01438
-8.01464
-8.01489
-8.01514
-8.01540
-8.01565
-8.01591
-8.01616
-8.01641
-8.01667
-8.01692
-8.01718
-8.01743
-8.01768
-8.01794
-8.01819
-8.01845
-8.01870
-8.01895
-8.01921
-8.01946
-8.01971
-8.01997
-8.02022
-8.02048
-8.02073
-8.02098
-8.02124
-8.02149
-8.02175
-8.02200
-8.02225
-8.02251
-8.02276
-8.02302
-8.02327
-8.02352
-8.02378
-8.02403
-8.02429
-8.02454
-8.02479
-8.02505
-8.02530
-8.02555
-8.02581
-8.02606
-8.02632
-8.02657
-8.02682
-8.02708
-8.02733
-8.02759
-8.02784
-8.02809
-8.02835
-8.02860
-8.02886
-8.02911
-8.02936
-8.02962
-8.02987
-8.03013
-8.03038
-8.03063
-8.03089
-8.03114
-8.03140
-8.03165
-8.03190
-8.03216
-8.03241
-8.03266
-8.03292
-8.03317
-8.03343
-8.03368
-8.03393
-8.03419
-8.03444
-8.03470
-8.03495
-8.03520
-8.03546
-8.03571
-8.03597
-8.03622
-8.03647
-8.03673
-8.03698
-8.03724
-8.03749
-8.03774
-8.03800
-8.03825
-8.03850
-8.03876
-8.03901
-8.03927
-8.03952
-8.03977
-8.04003
-8.04028
-8.04054
-8.04079
-8.04104
-8.04130
-8.04155
-8.04181
-8.04206
-8.04231
-8.04257
-8.04282
-8.04308
-8.04333
-8.04358
-8.04384
-8.04409
-8.04435
-8.04460
-8.04485
-8.04511
-8.04536
-8.04561
-8.04587
-8.04612
-8.04638
-8.04663
-8.04688
-8.04714
-8.04739
-8.04765
-8.04790
-8.04815
-8.04841
-8.04866
-8.04892
-8.04917
-8.04942
-8.04968
-8.04993
-8.05019
-8.05044
-8.05069
-8.05095
-8.05120
-8.05145
-8.05171
-8.05196
-8.05222
-8.05247
-8.05272
-8.05298
-8.05323
-8.05349
-8.05374
-8.05399
-8.05425
-8.05450
-8.05476
-8.05501
-8.05526
-8.05552
-8.05577
-8.05603
-8.05628
-8.05653
-8.05679
-8.05704
-8.05729
-8.05755
-8.05780
-8.05806
-8.05831
-8.05856
-8.05882
-8.05907
-8.05933
-8.05958
-8.05983
-8.06009
-8.06034
-8.06060
-8.06085
-8.06110
-8.06136
-8.06161
-8.06187
-8.06212
-8.06237
-8.06263
-8.06288
-8.06313
-8.06339
-8.06364
-8.06390
-8.06415
-8.06440
-8.06466
-8.06491
-8.06517
-8.06542
-8.06567
-8.06593
-8.06618
-8.06644
-8.06669
-8.06694
-8.06720
-8.06745
-8.06771
-8.06796
-8.06821
-8.06847
-8.06872
-8.06897
-8.06923
-8.06948
-8.06974
-8.06999
-8.07024
-8.07050
-8.07075
-8.07101
-8.07126
-8.07151
-8.07177
-8.07202
-8.07228
-8.07253
-8.07278
-8.07304
-8.07329
-8.07355
-8.07380
-8.07405
-8.07431
-8.07456
-8.07481
-8.07507
-8.07532
-8.07558
-8.07583
-8.07608
-8.07634
-8.07659
-8.07685
-8.07710
-8.07735
-8.07761
-8.07786
-8.07812
-8.07837
-8.07862
-8.07888
-8.07913
-8.07939
-8.07964
-8.07989
-8.08015
-8.08040
-8.08065
-8.08091
-8.08116
-8.08142
-8.08167
-8.08192
-8.08218
-8.08243
-8.08269
-8.08294
-8.08319
-8.08345
-8.08370
-8.08396
-8.08421
-8.08446
-8.08472
-8.08497
-8.08522
-8.08548
-8.08573
-8.08599
-8.08624
-8.08649
-8.08675
-8.08700
-8.08726
-8.08751
-8.08776
-8.08802
-8.08827
-8.08853
-8.08878
-8.08903
-8.08929
-8.08954
-8.08980
-8.09005
-8.09030
-8.09056
-8.09081
-8.09106
-8.09132
-8.09157
-8.09183
-8.09208
-8.09233
-8.09259
-8.09284
-8.09310
-8.09335
-8.09360
-8.09386
-8.09411
-8.09437
-8.09462
-8.09487
-8.09513
-8.09538
-8.09564
-8.09589
-8.09614
-8.09640
-8.09665
-8.09690
-8.09716
-8.09741
-8.09767
-8.09792
-8.09817
-8.09843
-8.09868
-8.09894
-8.09919
-8.09944
-8.09970
-8.09995
-8.10021
-8.10046
-8.10071
-8.10097
-8.10122
-8.10147
-8.10173
-8.10198
-8.10224
-8.10249
-8.10274
-8.10300
-8.10325
-8.10351
-8.10376
-8.10401
-8.10427
-8.10452
-8.10478
-8.10503
-8.10528
-8.10554
-8.10579
-8.10605
-8.10630
-8.10655
-8.10681
-8.10706
-8.10731
-8.10757
-8.10782
-8.10808
-8.10833
-8.10858
-8.10884
-8.10909
-8.10935
-8.10960
-8.10985
-8.11011
-8.11036
-8.11062
-8.11087
-8.11112
-8.11138
-8.11163
-8.11188
-8.11214
-8.11239
-8.11265
-8.11290
-8.11315
-8.11341
-8.11366
-8.11392
-8.11417
-8.11442
-8.11468
-8.11493
-8.11519
-8.11544
-8.11569
-8.11595
-8.11620
-8.11646
-8.11671
-8.11696
-8.11722
-8.11747
-8.11772
-8.11798
-8.11823
-8.11849
-8.11874
-8.11899
-8.11925
-8.11950
-8.11976
-8.12001
-8.12026
-8.12052
-8.12077
-8.12103
-8.12128
-8.12153
-8.12179
-8.12204
-8.12229
-8.12255
-8.12280
-8.12306
-8.12331
-8.12356
-8.12382
-8.12407
-8.12433
-8.12458
-8.12483
-8.12509
-8.12534
-8.12560
-8.12585
-8.12610
-8.12636
-8.12661
-8.12686
-8.12712
-8.12737
-8.12763
-8.12788
-8.12813
-8.12839
-8.12864
-8.12890
-8.12915
-8.12940
-8.12966
-8.12991
-8.13017
-8.13042
-8.13067
-8.13093
-8.13118
-8.13144
-8.13169
-8.13194
-8.13220
-8.13245
-8.13270
-8.13296
-8.13321
-8.13347
-8.13372
-8.13397
-8.13423
-8.13448
-8.13474
-8.13499
-8.13524
-8.13550
-8.13575
-8.13601
-8.13626
-8.13651
-8.13677
-8.13702
-8.13727
-8.13753
-8.13778
-8.13804
-8.13829
-8.13854
-8.13880
-8.13905
-8.13931
-8.13956
-8.13981
-8.14007
-8.14032
-8.14058
-8.14083
-8.14108
-8.14134
-8.14159
-8.14184
-8.14210
-8.14235
-8.14261
-8.14286
-8.14311
-8.14337
-8.14362
-8.14388
-8.14413
-8.14438
-8.14464
-8.14489
-8.14515
-8.14540
-8.14565
-8.14591
-8.14616
-8.14641
-8.14667
-8.14692
-8.14718
-8.14743
-8.14768
-8.14794
-8.14819
-8.14845
-8.14870
-8.14895
-8.14921
-8.14946
-8.14972
-8.14997
-8.15022
-8.15048
-8.15073
-8.15098
-8.15124
-8.15149
-8.15175
-8.15200
-8.15225
-8.15251
-8.15276
-8.15302
-8.15327
-8.15352
-8.15378
-8.15403
-8.15429
-8.15454
-8.15479
-8.15505
-8.15530
-8.15555
-8.15581
-8.15606
-8.15632
-8.15657
-8.15682
-8.15708
-8.15733
-8.15759
-8.15784
-8.15809
-8.15835
-8.15860
-8.15886
-8.15911
-8.15936
-8.15962
-8.15987
-8.16012
-8.16038
-8.16063
-8.16089
-8.16114
-8.16139
-8.16165
-8.16190
-8.16216
-8.16241
-8.16266
-8.16292
-8.16317
-8.16343
-8.16368
-8.16393
-8.16419
-8.16444
-8.16469
-8.16495
-8.16520
-8.16546
-8.16571
-8.16596
-8.16622
-8.16647
-8.16673
-8.16698
-8.16723
-8.16749
-8.16774
-8.16800
-8.16825
-8.16850
-8.16876
-8.16901
-8.16926
-8.16952
-8.16977
-8.17003
-8.17028
-8.17053
-8.17079
-8.17104
-8.17130
-8.17155
-8.17180
-8.17206
-8.17231
-8.17257
-8.17282
-8.17307
-8.17333
-8.17358
-8.17383
-8.17409
-8.17434
-8.17460
-8.17485
-8.17510
-8.17536
-8.17561
-8.17587
-8.17612
-8.17637
-8.17663
-8.17688
-8.17714
-8.17739
-8.17764
-8.17790
-8.17815
-8.17840
-8.17866
-8.17891
-8.17917
-8.17942
-8.17967
-8.17993
-8.18018
-8.18044
-8.18069
-8.18094
-8.18120
-8.18145
-8.18171
-8.18196
-8.18221
-8.18247
-8.18272
-8.18297
-8.18323
-8.18348
-8.18374
-8.18399
-8.18424
-8.18450
-8.18475
-8.18501
-8.18526
-8.18551
-8.18577
-8.18602
-8.18627
-8.18653
-8.18678
-8.18704
-8.18729
-8.18754
-8.18780
-8.18805
-8.18831
-8.18856
-8.18881
-8.18907
-8.18932
-8.18958
-8.18983
-8.19008
-8.19034
-8.19059
-8.19084
-8.19110
-8.19135
-8.19161
-8.19186
-8.19211
-8.19237
-8.19262
-8.19288
-8.19313
-8.19338
-8.19364
-8.19389
-8.19415
-8.19440
-8.19465
-8.19491
-8.19516
-8.19541
-8.19567
-8.19592
-8.19618
-8.19643
-8.19668
-8.19694
-8.19719
-8.19745
-8.19770
-8.19795
-8.19821
-8.19846
-8.19872
-8.19897
-8.19922
-8.19948
-8.19973
-8.19998
-8.20024
-8.20049
-8.20075
-8.20100
-8.20125
-8.20151
-8.20176
-8.20202
-8.20227
-8.20252
-8.20278
-8.20303
-8.20328
-8.20354
-8.20379
-8.20405
-8.20430
-8.20455
-8.20481
-8.20506
-8.20532
-8.20557
-8.20582
-8.20608
-8.20633
-8.20659
-8.20684
-8.20709
-8.20735
-8.20760
-8.20785
-8.20811
-8.20836
-8.20862
-8.20887
-8.20912
-8.20938
-8.20963
-8.20989
-8.21014
-8.21039
-8.21065
-8.21090
-8.21115
-8.21141
-8.21166
-8.21192
-8.21217
-8.21242
-8.21268
-8.21293
-8.21319
-8.21344
-8.21369
-8.21395
-8.21420
-8.21446
-8.21471
-8.21496
-8.21522
-8.21547
-8.21572
-8.21598
-8.21623
-8.21649
-8.21674
-8.21699
-8.21725
-8.21750
-8.21776
-8.21801
-8.21826
-8.21852
-8.21877
-8.21903
-8.21928
-8.21953
-8.21979
-8.22004
-8.22029
-8.22055
-8.22080
-8.22106
-8.22131
-8.22156
-8.22182
-8.22207
-8.22233
-8.22258
-8.22283
-8.22309
-8.22334
-8.22359
-8.22385
-8.22410
-8.22436
-8.22461
-8.22486
-8.22512
-8.22537
-8.22563
-8.22588
-8.22613
-8.22639
-8.22664
-8.22690
-8.22715
-8.22740
-8.22766
-8.22791
-8.22816
-8.22842
-8.22867
-8.22893
-8.22918
-8.22943
-8.22969
-8.22994
-8.23020
-8.23045
-8.23070
-8.23096
-8.23121
-8.23146
-8.23172
-8.23197
-8.23223
-8.23248
-8.23273
-8.23299
-8.23324
-8.23350
-8.23375
-8.23400
-8.23426
-8.23451
-8.23477
-8.23502
-8.23527
-8.23553
-8.23578
-8.23603
-8.23629
-8.23654
-8.23680
-8.23705
-8.23730
-8.23756
-8.23781
-8.23807
-8.23832
-8.23857
-8.23883
-8.23908
-8.23933
-8.23959
-8.23984
-8.24010
-8.24035
-8.24060
-8.24086
-8.24111
-8.24137
-8.24162
-8.24187
-8.24213
-8.24238
-8.24263
-8.24289
-8.24314
-8.24340
-8.24365
-8.24390
-8.24416
-8.24441
-8.24467
-8.24492
-8.24517
-8.24543
-8.24568
-8.24594
-8.24619
-8.24644
-8.24670
-8.24695
-8.24720
-8.24746
-8.24771
-8.24797
-8.24822
-8.24847
-8.24873
-8.24898
-8.24924
-8.24949
-8.24974
-8.25000
-8.25025
-8.25050
-8.25076
-8.25101
-8.25127
-8.25152
-8.25177
-8.25203
-8.25228
-8.25254
-8.25279
-8.25304
-8.25330
-8.25355
-8.25381
-8.25406
-8.25431
-8.25457
-8.25482
-8.25507
-8.25533
-8.25558
-8.25584
-8.25609
-8.25634
-8.25660
-8.25685
-8.25711
-8.25736
-8.25761
-8.25787
-8.25812
-8.25837
-8.25863
-8.25888
-8.25914
-8.25939
-8.25964
-8.25990
-8.26015
-8.26041
-8.26066
-8.26091
-8.26117
-8.26142
-8.26167
-8.26193
-8.26218
-8.26244
-8.26269
-8.26294
-8.26320
-8.26345
-8.26371
-8.26396
-8.26421
-8.26447
-8.26472
-8.26497
-8.26523
-8.26548
-8.26574
-8.26599
-8.26624
-8.26650
-8.26675
-8.26701
-8.26726
-8.26751
-8.26777
-8.26802
-8.26828
-8.26853
-8.26878
-8.26904
-8.26929
-8.26954
-8.26980
-8.27005
-8.27031
-8.27056
-8.27081
-8.27107
-8.27132
-8.27158
-8.27183
-8.27208
-8.27234
-8.27259
-8.27284
-8.27310
-8.27335
-8.27361
-8.27386
-8.27411
-8.27437
-8.27462
-8.27488
-8.27513
-8.27538
-8.27564
-8.27589
-8.27614
-8.27640
-8.27665
-8.27691
-8.27716
-8.27741
-8.27767
-8.27792
-8.27818
-8.27843
-8.27868
-8.27894
-8.27919
-8.27944
-8.27970
-8.27995
-8.28021
-8.28046
-8.28071
-8.28097
-8.28122
-8.28148
-8.28173
-8.28198
-8.28224
-8.28249
-8.28275
-8.28300
-8.28325
-8.28351
-8.28376
-8.28401
-8.28427
-8.28452
-8.28478
-8.28503
-8.28528
-8.28554
-8.28579
-8.28605
-8.28630
-8.28655
-8.28681
-8.28706
-8.28731
-8.28757
-8.28782
-8.28808
-8.28833
-8.28858
-8.28884
-8.28909
-8.28935
-8.28960
-8.28985
-8.29011
-8.29036
-8.29061
-8.29087
-8.29112
-8.29138
-8.29163
-8.29188
-8.29214
-8.29239
-8.29265
-8.29290
-8.29315
-8.29341
-8.29366
-8.29391
-8.29417
-8.29442
-8.29468
-8.29493
-8.29518
-8.29544
-8.29569
-8.29595
-8.29620
-8.29645
-8.29671
-8.29696
-8.29721
-8.29747
-8.29772
-8.29798
-8.29823
-8.29848
-8.29874
-8.29899
-8.29925
-8.29950
-8.29975
-8.30001
-8.30026
-8.30051
-8.30077
-8.30102
-8.30128
-8.30153
-8.30178
-8.30204
-8.30229
-8.30255
-8.30280
-8.30305
-8.30331
-8.30356
-8.30381
-8.30407
-8.30432
-8.30458
-8.30483
-8.30508
-8.30534
-8.30559
-8.30585
-8.30610
-8.30635
-8.30661
-8.30686
-8.30712
-8.30737
-8.30762
-8.30788
-8.30813
-8.30838
-8.30864
-8.30889
-8.30915
-8.30940
-8.30965
-8.30991
-8.31016
-8.31042
-8.31067
-8.31092
-8.31118
-8.31143
-8.31168
-8.31194
-8.31219
-8.31245
-8.31270
-8.31295
-8.31321
-8.31346
-8.31372
-8.31397
-8.31422
-8.31448
-8.31473
-8.31498
-8.31524
-8.31549
-8.31575
-8.31600
-8.31625
-8.31651
-8.31676
-8.31702
-8.31727
-8.31752
-8.31778
-8.31803
-8.31828
-8.31854
-8.31879
-8.31905
-8.31930
-8.31955
-8.31981
-8.32006
-8.32032
-8.32057
-8.32082
-8.32108
-8.32133
-8.32158
-8.32184
-8.32209
-8.32235
-8.32260
-8.32285
-8.32311
-8.32336
-8.32362
-8.32387
-8.32412
-8.32438
-8.32463
-8.32488
-8.32514
-8.32539
-8.32565
-8.32590
-8.32615
-8.32641
-8.32666
-8.32692
-8.32717
-8.32742
-8.32768
-8.32793
-8.32818
-8.32844
-8.32869
-8.32895
-8.32920
-8.32945
-8.32971
-8.32996
-8.33022
-8.33047
-8.33072
-8.33098
-8.33123
-8.33148
-8.33174
-8.33199
-8.33225
-8.33250
-8.33275
-8.33301
-8.33326
-8.33352
-8.33377
-8.33402
-8.33428
-8.33453
-8.33478
-8.33504
-8.33529
-8.33555
-8.33580
-8.33605
-8.33631
-8.33656
-8.33682
-8.33707
-8.33732
-8.33758
-8.33783
-8.33808
-8.33834
-8.33859
-8.33885
-8.33910
-8.33935
-8.33961
-8.33986
-8.34012
-8.34037
-8.34062
-8.34088
-8.34113
-8.34138
-8.34164
-8.34189
-8.34215
-8.34240
-8.34265
-8.34291
-8.34316
-8.34341
-8.34367
-8.34392
-8.34418
-8.34443
-8.34468
-8.34494
-8.34519
-8.34545
-8.34570
-8.34595
-8.34621
-8.34646
-8.34671
-8.34697
-8.34722
-8.34748
-8.34773
-8.34798
-8.34824
-8.34849
-8.34875
-8.34900
-8.34925
-8.34951
-8.34976
-8.35001
-8.35027
-8.35052
-8.35078
-8.35103
-8.35128
-8.35154
-8.35179
-8.35205
-8.35230
-8.35255
-8.35281
-8.35306
-8.35331
-8.35357
-8.35382
-8.35408
-8.35433
-8.35458
-8.35484
-8.35509
-8.35535
-8.35560
-8.35585
-8.35611
-8.35636
-8.35661
-8.35687
-8.35712
-8.35738
-8.35763
-8.35788
-8.35814
-8.35839
-8.35865
-8.35890
-8.35915
-8.35941
-8.35966
-8.35991
-8.36017
-8.36042
-8.36068
-8.36093
-8.36118
-8.36144
-8.36169
-8.36195
-8.36220
-8.36245
-8.36271
-8.36296
-8.36321
-8.36347
-8.36372
-8.36398
-8.36423
-8.36448
-8.36474
-8.36499
-8.36525
-8.36550
-8.36575
-8.36601
-8.36626
-8.36651
-8.36677
-8.36702
-8.36728
-8.36753
-8.36778
-8.36804
-8.36829
-8.36854
-8.36880
-8.36905
-8.36931
-8.36956
-8.36981
-8.37007
-8.37032
-8.37058
-8.37083
-8.37108
-8.37134
-8.37159
-8.37184
-8.37210
-8.37235
-8.37261
-8.37286
-8.37311
-8.37337
-8.37362
-8.37388
-8.37413
-8.37438
-8.37464
-8.37489
-8.37514
-8.37540
-8.37565
-8.37591
-8.37616
-8.37641
-8.37667
-8.37692
-8.37718
-8.37743
-8.37768
-8.37794
-8.37819
-8.37844
-8.37870
-8.37895
-8.37921
-8.37946
-8.37971
-8.37997
-8.38022
-8.38048
-8.38073
-8.38098
-8.38124
-8.38149
-8.38174
-8.38200
-8.38225
-8.38251
-8.38276
-8.38301
-8.38327
-8.38352
-8.38377
-8.38403
-8.38428
-8.38454
-8.38479
-8.38504
-8.38530
-8.38555
-8.38581
-8.38606
-8.38631
-8.38657
-8.38682
-8.38707
-8.38733
-8.38758
-8.38784
-8.38809
-8.38834
-8.38860
-8.38885
-8.38911
-8.38936
-8.38961
-8.38987
-8.39012
-8.39037
-8.39063
-8.39088
-8.39114
-8.39139
-8.39164
-8.39190
-8.39215
-8.39241
-8.39266
-8.39291
-8.39317
-8.39342
-8.39367
-8.39393
-8.39418
-8.39444
-8.39469
-8.39494
-8.39520
-8.39545
-8.39570
-8.39596
-8.39621
-8.39647
-8.39672
-8.39697
-8.39723
-8.39748
-8.39774
-8.39799
-8.39824
-8.39850
-8.39875
-8.39900
-8.39926
-8.39951
-8.39977
-8.40002
-8.40027
-8.40053
-8.40078
-8.40104
-8.40129
-8.40154
-8.40180
-8.40205
-8.40230
-8.40256
-8.40281
-8.40307
-8.40332
-8.40357
-8.40383
-8.40408
-8.40433
-8.40459
-8.40484
-8.40510
-8.40535
-8.40560
-8.40586
-8.40611
-8.40637
-8.40662
-8.40687
-8.40713
-8.40738
-8.40763
-8.40789
-8.40814
-8.40840
-8.40865
-8.40890
-8.40916
-8.40941
-8.40967
-8.40992
-8.41017
-8.41043
-8.41068
-8.41093
-8.41119
-8.41144
-8.41170
-8.41195
-8.41220
-8.41246
-8.41271
-8.41297
-8.41322
-8.41347
-8.41373
-8.41398
-8.41423
-8.41449
-8.41474
-8.41500
-8.41525
-8.41550
-8.41576
-8.41601
-8.41626
-8.41652
-8.41677
-8.41703
-8.41728
-8.41753
-8.41779
-8.41804
-8.41830
-8.41855
-8.41880
-8.41906
-8.41931
-8.41956
-8.41982
-8.42007
-8.42033
-8.42058
-8.42083
-8.42109
-8.42134
-8.42159
-8.42185
-8.42210
-8.42236
-8.42261
-8.42286
-8.42312
-8.42337
-8.42363
-8.42388
-8.42413
-8.42439
-8.42464
-8.42489
-8.42515
-8.42540
-8.42566
-8.42591
-8.42616
-8.42642
-8.42667
-8.42693
-8.42718
-8.42743
-8.42769
-8.42794
-8.42819
-8.42845
-8.42870
-8.42896
-8.42921
-8.42946
-8.42972
-8.42997
-8.43022
-8.43048
-8.43073
-8.43099
-8.43124
-8.43149
-8.43175
-8.43200
-8.43226
-8.43251
-8.43276
-8.43302
-8.43327
-8.43352
-8.43378
-8.43403
-8.43429
-8.43454
-8.43479
-8.43505
-8.43530
-8.43556
-8.43581
-8.43606
-8.43632
-8.43657
-8.43682
-8.43708
-8.43733
-8.43759
-8.43784
-8.43809
-8.43835
-8.43860
-8.43885
-8.43911
-8.43936
-8.43962
-8.43987
-8.44012
-8.44038
-8.44063
-8.44089
-8.44114
-8.44139
-8.44165
-8.44190
-8.44215
-8.44241
-8.44266
-8.44292
-8.44317
-8.44342
-8.44368
-8.44393
-8.44418
-8.44444
-8.44469
-8.44495
-8.44520
-8.44545
-8.44571
-8.44596
-8.44622
-8.44647
-8.44672
-8.44698
-8.44723
-8.44748
-8.44774
-8.44799
-8.44825
-8.44850
-8.44875
-8.44901
-8.44926
-8.44951
-8.44977
-8.45002
-8.45028
-8.45053
-8.45078
-8.45104
-8.45129
-8.45155
-8.45180
-8.45205
-8.45231
-8.45256
-8.45281
-8.45307
-8.45332
-8.45358
-8.45383
-8.45408
-8.45434
-8.45459
-8.45484
-8.45510
-8.45535
-8.45561
-8.45586
-8.45611
-8.45637
-8.45662
-8.45688
-8.45713
-8.45738
-8.45764
-8.45789
-8.45814
-8.45840
-8.45865
-8.45891
-8.45916
-8.45941
-8.45967
-8.45992
-8.46018
-8.46043
-8.46068
-8.46094
-8.46119
-8.46144
-8.46170
-8.46195
-8.46221
-8.46246
-8.46271
-8.46297
-8.46322
-8.46347
-8.46373
-8.46398
-8.46424
-8.46449
-8.46474
-8.46500
-8.46525
-8.46551
-8.46576
-8.46601
-8.46627
-8.46652
-8.46677
-8.46703
-8.46728
-8.46754
-8.46779
-8.46804
-8.46830
-8.46855
-8.46880
-8.46906
-8.46931
-8.46957
-8.46982
-8.47007
-8.47033
-8.47058
-8.47084
-8.47109
-8.47134
-8.47160
-8.47185
-8.47210
-8.47236
-8.47261
-8.47287
-8.47312
-8.47337
-8.47363
-8.47388
-8.47413
-8.47439
-8.47464
-8.47490
-8.47515
-8.47540
-8.47566
-8.47591
-8.47616
-8.47642
-8.47667
-8.47693
-8.47718
-8.47743
-8.47769
-8.47794
-8.47820
-8.47845
-8.47870
-8.47896
-8.47921
-8.47946
-8.47972
-8.47997
-8.48023
-8.48048
-8.48073
-8.48099
-8.48124
-8.48149
-8.48175
-8.48200
-8.48226
-8.48251
-8.48276
-8.48302
-8.48327
-8.48353
-8.48378
-8.48403
-8.48429
-8.48454
-8.48479
-8.48505
-8.48530
-8.48556
-8.48581
-8.48606
-8.48632
-8.48657
-8.48682
-8.48708
-8.48733
-8.48759
-8.48784
-8.48809
-8.48835
-8.48860
-8.48886
-8.48911
-8.48936
-8.48962
-8.48987
-8.49012
-8.49038
-8.49063
-8.49089
-8.49114
-8.49139
-8.49165
-8.49190
-8.49215
-8.49241
-8.49266
-8.49292
-8.49317
-8.49342
-8.49368
-8.49393
-8.49419
-8.49444
-8.49469
-8.49495
-8.49520
-8.49545
-8.49571
-8.49596
-8.49622
-8.49647
-8.49672
-8.49698
-8.49723
-8.49748
-8.49774
-8.49799
-8.49825
-8.49850
-8.49875
-8.49901
-8.49926
-8.49951
-8.49977
-8.50002
-8.50028
-8.50053
-8.50078
-8.50104
-8.50129
-8.50155
-8.50180
-8.50205
-8.50231
-8.50256
-8.50281
-8.50307
-8.50332
-8.50358
-8.50383
-8.50408
-8.50434
-8.50459
-8.50484
-8.50510
-8.50535
-8.50561
-8.50586
-8.50611
-8.50637
-8.50662
-8.50688
-8.50713
-8.50738
-8.50764
-8.50789
-8.50814
-8.50840
-8.50865
-8.50891
-8.50916
-8.50941
-8.50967
-8.50992
-8.51017
-8.51043
-8.51068
-8.51094
-8.51119
-8.51144
-8.51170
-8.51195
-8.51220
-8.51246
-8.51271
-8.51297
-8.51322
-8.51347
-8.51373
-8.51398
-8.51424
-8.51449
-8.51474
-8.51500
-8.51525
-8.51550
-8.51576
-8.51601
-8.51627
-8.51652
-8.51677
-8.51703
-8.51728
-8.51753
-8.51779
-8.51804
-8.51830
-8.51855
-8.51880
-8.51906
-8.51931
-8.51957
-8.51982
-8.52007
-8.52033
-8.52058
-8.52083
-8.52109
-8.52134
-8.52160
-8.52185
-8.52210
-8.52236
-8.52261
-8.52286
-8.52312
-8.52337
-8.52363
-8.52388
-8.52413
-8.52439
-8.52464
-8.52489
-8.52515
-8.52540
-8.52566
-8.52591
-8.52616
-8.52642
-8.52667
-8.52693
-8.52718
-8.52743
-8.52769
-8.52794
-8.52819
-8.52845
-8.52870
-8.52896
-8.52921
-8.52946
-8.52972
-8.52997
-8.53022
-8.53048
-8.53073
-8.53099
-8.53124
-8.53149
-8.53175
-8.53200
-8.53225
-8.53251
-8.53276
-8.53302
-8.53327
-8.53352
-8.53378
-8.53403
-8.53429
-8.53454
-8.53479
-8.53505
-8.53530
-8.53555
-8.53581
-8.53606
-8.53632
-8.53657
-8.53682
-8.53708
-8.53733
-8.53758
-8.53784
-8.53809
-8.53835
-8.53860
-8.53885
-8.53911
-8.53936
-8.53961
-8.53987
-8.54012
-8.54038
-8.54063
-8.54088
-8.54114
-8.54139
-8.54165
-8.54190
-8.54215
-8.54241
-8.54266
-8.54291
-8.54317
-8.54342
-8.54368
-8.54393
-8.54418
-8.54444
-8.54469
-8.54494
-8.54520
-8.54545
-8.54571
-8.54596
-8.54621
-8.54647
-8.54672
-8.54697
-8.54723
-8.54748
-8.54774
-8.54799
-8.54824
-8.54850
-8.54875
-8.54900
-8.54926
-8.54951
-8.54977
-8.55002
-8.55027
-8.55053
-8.55078
-8.55104
-8.55129
-8.55154
-8.55180
-8.55205
-8.55230
-8.55256
-8.55281
-8.55307
-8.55332
-8.55357
-8.55383
-8.55408
-8.55433
-8.55459
-8.55484
-8.55510
-8.55535
-8.55560
-8.55586
-8.55611
-8.55636
-8.55662
-8.55687
-8.55713
-8.55738
-8.55763
-8.55789
-8.55814
-8.55840
-8.55865
-8.55890
-8.55916
-8.55941
-8.55966
-8.55992
-8.56017
-8.56043
-8.56068
-8.56093
-8.56119
-8.56144
-8.56169
-8.56195
-8.56220
-8.56246
-8.56271
-8.56296
-8.56322
-8.56347
-8.56372
-8.56398
-8.56423
-8.56449
-8.56474
-8.56499
-8.56525
-8.56550
-8.56575
-8.56601
-8.56626
-8.56652
-8.56677
-8.56702
-8.56728
-8.56753
-8.56779
-8.56804
-8.56829
-8.56855
-8.56880
-8.56905
-8.56931
-8.56956
-8.56982
-8.57007
-8.57032
-8.57058
-8.57083
-8.57108
-8.57134
-8.57159
-8.57185
-8.57210
-8.57235
-8.57261
-8.57286
-8.57311
-8.57337
-8.57362
-8.57388
-8.57413
-8.57438
-8.57464
-8.57489
-8.57514
-8.57540
-8.57565
-8.57591
-8.57616
-8.57641
-8.57667
-8.57692
-8.57718
-8.57743
-8.57768
-8.57794
-8.57819
-8.57844
-8.57870
-8.57895
-8.57921
-8.57946
-8.57971
-8.57997
-8.58022
-8.58047
-8.58073
-8.58098
-8.58124
-8.58149
-8.58174
-8.58200
-8.58225
-8.58250
-8.58276
-8.58301
-8.58327
-8.58352
-8.58377
-8.58403
-8.58428
-8.58453
-8.58479
-8.58504
-8.58530
-8.58555
-8.58580
-8.58606
-8.58631
-8.58656
-8.58682
-8.58707
-8.58733
-8.58758
-8.58783
-8.58809
-8.58834
-8.58860
-8.58885
-8.58910
-8.58936
-8.58961
-8.58986
-8.59012
-8.59037
-8.59063
-8.59088
-8.59113
-8.59139
-8.59164
-8.59189
-8.59215
-8.59240
-8.59266
-8.59291
-8.59316
-8.59342
-8.59367
-8.59392
-8.59418
-8.59443
-8.59469
-8.59494
-8.59519
-8.59545
-8.59570
-8.59595
-8.59621
-8.59646
-8.59672
-8.59697
-8.59722
-8.59748
-8.59773
-8.59798
-8.59824
-8.59849
-8.59875
-8.59900
-8.59925
-8.59951
-8.59976
-8.60002
-8.60027
-8.60052
-8.60078
-8.60103
-8.60128
-8.60154
-8.60179
-8.60205
-8.60230
-8.60255
-8.60281
-8.60306
-8.60331
-8.60357
-8.60382
-8.60408
-8.60433
-8.60458
-8.60484
-8.60509
-8.60534
-8.60560
-8.60585
-8.60611
-8.60636
-8.60661
-8.60687
-8.60712
-8.60737
-8.60763
-8.60788
-8.60814
-8.60839
-8.60864
-8.60890
-8.60915
-8.60940
-8.60966
-8.60991
-8.61017
-8.61042
-8.61067
-8.61093
-8.61118
-8.61143
-8.61169
-8.61194
-8.61220
-8.61245
-8.61270
-8.61296
-8.61321
-8.61347
-8.61372
-8.61397
-8.61423
-8.61448
-8.61473
-8.61499
-8.61524
-8.61550
-8.61575
-8.61600
-8.61626
-8.61651
-8.61676
-8.61702
-8.61727
-8.61753
-8.61778
-8.61803
-8.61829
-8.61854
-8.61879
-8.61905
-8.61930
-8.61956
-8.61981
-8.62006
-8.62032
-8.62057
-8.62082
-8.62108
-8.62133
-8.62159
-8.62184
-8.62209
-8.62235
-8.62260
-8.62285
-8.62311
-8.62336
-8.62362
-8.62387
-8.62412
-8.62438
-8.62463
-8.62488
-8.62514
-8.62539
-8.62565
-8.62590
-8.62615
-8.62641
-8.62666
-8.62691
-8.62717
-8.62742
-8.62768
-8.62793
-8.62818
-8.62844
-8.62869
-8.62895
-8.62920
-8.62945
-8.62971
-8.62996
-8.63021
-8.63047
-8.63072
-8.63098
-8.63123
-8.63148
-8.63174
-8.63199
-8.63224
-8.63250
-8.63275
-8.63301
-8.63326
-8.63351
-8.63377
-8.63402
-8.63427
-8.63453
-8.63478
-8.63504
-8.63529
-8.63554
-8.63580
-8.63605
-8.63630
-8.63656
-8.63681
-8.63707
-8.63732
-8.63757
-8.63783
-8.63808
-8.63833
-8.63859
-8.63884
-8.63910
-8.63935
-8.63960
-8.63986
-8.64011
-8.64036
-8.64062
-8.64087
-8.64113
-8.64138
-8.64163
-8.64189
-8.64214
-8.64239
-8.64265
-8.64290
-8.64316
-8.64341
-8.64366
-8.64392
-8.64417
-8.64442
-8.64468
-8.64493
-8.64519
-8.64544
-8.64569
-8.64595
-8.64620
-8.64645
-8.64671
-8.64696
-8.64722
-8.64747
-8.64772
-8.64798
-8.64823
-8.64849
-8.64874
-8.64899
-8.64925
-8.64950
-8.64975
-8.65001
-8.65026
-8.65052
-8.65077
-8.65102
-8.65128
-8.65153
-8.65178
-8.65204
-8.65229
-8.65255
-8.65280
-8.65305
-8.65331
-8.65356
-8.65381
-8.65407
-8.65432
-8.65458
-8.65483
-8.65508
-8.65534
-8.65559
-8.65584
-8.65610
-8.65635
-8.65661
-8.65686
-8.65711
-8.65737
-8.65762
-8.65787
-8.65813
-8.65838
-8.65864
-8.65889
-8.65914
-8.65940
-8.65965
-8.65990
-8.66016
-8.66041
-8.66067
-8.66092
-8.66117
-8.66143
-8.66168
-8.66193
-8.66219
-8.66244
-8.66270
-8.66295
-8.66320
-8.66346
-8.66371
-8.66396
-8.66422
-8.66447
-8.66473
-8.66498
-8.66523
-8.66549
-8.66574
-8.66599
-8.66625
-8.66650
-8.66676
-8.66701
-8.66726
-8.66752
-8.66777
-8.66802
-8.66828
-8.66853
-8.66879
-8.66904
-8.66929
-8.66955
-8.66980
-8.67005
-8.67031
-8.67056
-8.67082
-8.67107
-8.67132
-8.67158
-8.67183
-8.67208
-8.67234
-8.67259
-8.67285
-8.67310
-8.67335
-8.67361
-8.67386
-8.67411
-8.67437
-8.67462
-8.67488
-8.67513
-8.67538
-8.67564
-8.67589
-8.67614
-8.67640
-8.67665
-8.67691
-8.67716
-8.67741
-8.67767
-8.67792
-8.67817
-8.67843
-8.67868
-8.67894
-8.67919
-8.67944
-8.67970
-8.67995
-8.68020
-8.68046
-8.68071
-8.68097
-8.68122
-8.68147
-8.68173
-8.68198
-8.68223
-8.68249
-8.68274
-8.68300
-8.68325
-8.68350
-8.68376
-8.68401
-8.68426
-8.68452
-8.68477
-8.68503
-8.68528
-8.68553
-8.68579
-8.68604
-8.68630
-8.68655
-8.68680
-8.68706
-8.68731
-8.68756
-8.68782
-8.68807
-8.68833
-8.68858
-8.68883
-8.68909
-8.68934
-8.68959
-8.68985
-8.69010
-8.69036
-8.69061
-8.69086
-8.69112
-8.69137
-8.69162
-8.69188
-8.69213
-8.69239
-8.69264
-8.69289
-8.69315
-8.69340
-8.69365
-8.69391
-8.69416
-8.69442
-8.69467
-8.69492
-8.69518
-8.69543
-8.69568
-8.69594
-8.69619
-8.69645
-8.69670
-8.69695
-8.69721
-8.69746
-8.69771
-8.69797
-8.69822
-8.69848
-8.69873
-8.69898
-8.69924
-8.69949
-8.69974
-8.70000
-8.70025
-8.70051
-8.70076
-8.70101
-8.70127
-8.70152
-8.70177
-8.70203
-8.70228
-8.70254
-8.70279
-8.70304
-8.70330
-8.70355
-8.70380
-8.70406
-8.70431
-8.70457
-8.70482
-8.70507
-8.70533
-8.70558
-8.70583
-8.70609
-8.70634
-8.70660
-8.70685
-8.70710
-8.70736
-8.70761
-8.70786
-8.70812
-8.70837
-8.70863
-8.70888
-8.70913
-8.70939
-8.70964
-8.70989
-8.71015
-8.71040
-8.71066
-8.71091
-8.71116
-8.71142
-8.71167
-8.71192
-8.71218
-8.71243
-8.71269
-8.71294
-8.71319
-8.71345
-8.71370
-8.71395
-8.71421
-8.71446
-8.71471
-8.71497
-8.71522
-8.71548
-8.71573
-8.71598
-8.71624
-8.71649
-8.71674
-8.71700
-8.71725
-8.71751
-8.71776
-8.71801
-8.71827
-8.71852
-8.71877
-8.71903
-8.71928
-8.71954
-8.71979
-8.72004
-8.72030
-8.72055
-8.72080
-8.72106
-8.72131
-8.72157
-8.72182
-8.72207
-8.72233
-8.72258
-8.72283
-8.72309
-8.72334
-8.72360
-8.72385
-8.72410
-8.72436
-8.72461
-8.72486
-8.72512
-8.72537
-8.72563
-8.72588
-8.72613
-8.72639
-8.72664
-8.72689
-8.72715
-8.72740
-8.72766
-8.72791
-8.72816
-8.72842
-8.72867
-8.72892
-8.72918
-8.72943
-8.72969
-8.72994
-8.73019
-8.73045
-8.73070
-8.73095
-8.73121
-8.73146
-8.73172
-8.73197
-8.73222
-8.73248
-8.73273
-8.73298
-8.73324
-8.73349
-8.73375
-8.73400
-8.73425
-8.73451
-8.73476
-8.73501
-8.73527
-8.73552
-8.73578
-8.73603
-8.73628
-8.73654
-8.73679
-8.73704
-8.73730
-8.73755
-8.73781
-8.73806
-8.73831
-8.73857
-8.73882
-8.73907
-8.73933
-8.73958
-8.73984
-8.74009
-8.74034
-8.74060
-8.74085
-8.74110
-8.74136
-8.74161
-8.74187
-8.74212
-8.74237
-8.74263
-8.74288
-8.74313
-8.74339
-8.74364
-8.74390
-8.74415
-8.74440
-8.74466
-8.74491
-8.74516
-8.74542
-8.74567
-8.74593
-8.74618
-8.74643
-8.74669
-8.74694
-8.74719
-8.74745
-8.74770
-8.74796
-8.74821
-8.74846
-8.74872
-8.74897
-8.74922
-8.74948
-8.74973
-8.74999
-8.75024
-8.75049
-8.75075
-8.75100
-8.75125
-8.75151
-8.75176
-8.75201
-8.75227
-8.75252
-8.75278
-8.75303
-8.75328
-8.75354
-8.75379
-8.75404
-8.75430
-8.75455
-8.75481
-8.75506
-8.75531
-8.75557
-8.75582
-8.75607
-8.75633
-8.75658
-8.75684
-8.75709
-8.75734
-8.75760
-8.75785
-8.75810
-8.75836
-8.75861
-8.75887
-8.75912
-8.75937
-8.75963
-8.75988
-8.76013
-8.76039
-8.76064
-8.76090
-8.76115
-8.76140
-8.76166
-8.76191
-8.76216
-8.76242
-8.76267
-8.76293
-8.76318
-8.76343
-8.76369
-8.76394
-8.76419
-8.76445
-8.76470
-8.76496
-8.76521
-8.76546
-8.76572
-8.76597
-8.76622
-8.76648
-8.76673
-8.76699
-8.76724
-8.76749
-8.76775
-8.76800
-8.76825
-8.76851
-8.76876
-8.76902
-8.76927
-8.76952
-8.76978
-8.77003
-8.77028
-8.77054
-8.77079
-8.77105
-8.77130
-8.77155
-8.77181
-8.77206
-8.77231
-8.77257
-8.77282
-8.77307
-8.77333
-8.77358
-8.77384
-8.77409
-8.77434
-8.77460
-8.77485
-8.77510
-8.77536
-8.77561
-8.77587
-8.77612
-8.77637
-8.77663
-8.77688
-8.77713
-8.77739
-8.77764
-8.77790
-8.77815
-8.77840
-8.77866
-8.77891
-8.77916
-8.77942
-8.77967
-8.77993
-8.78018
-8.78043
-8.78069
-8.78094
-8.78119
-8.78145
-8.78170
-8.78196
-8.78221
-8.78246
-8.78272
-8.78297
-8.78322
-8.78348
-8.78373
-8.78399
-8.78424
-8.78449
-8.78475
-8.78500
-8.78525
-8.78551
-8.78576
-8.78602
-8.78627
-8.78652
-8.78678
-8.78703
-8.78728
-8.78754
-8.78779
-8.78804
-8.78830
-8.78855
-8.78881
-8.78906
-8.78931
-8.78957
-8.78982
-8.79007
-8.79033
-8.79058
-8.79084
-8.79109
-8.79134
-8.79160
-8.79185
-8.79210
-8.79236
-8.79261
-8.79287
-8.79312
-8.79337
-8.79363
-8.79388
-8.79413
-8.79439
-8.79464
-8.79490
-8.79515
-8.79540
-8.79566
-8.79591
-8.79616
-8.79642
-8.79667
-8.79693
-8.79718
-8.79743
-8.79769
-8.79794
-8.79819
-8.79845
-8.79870
-8.79896
-8.79921
-8.79946
-8.79972
-8.79997
-8.80022
-8.80048
-8.80073
-8.80098
-8.80124
-8.80149
-8.80175
-8.80200
-8.80225
-8.80251
-8.80276
-8.80301
-8.80327
-8.80352
-8.80378
-8.80403
-8.80428
-8.80454
-8.80479
-8.80504
-8.80530
-8.80555
-8.80581
-8.80606
-8.80631
-8.80657
-8.80682
-8.80707
-8.80733
-8.80758
-8.80784
-8.80809
-8.80834
-8.80860
-8.80885
-8.80910
-8.80936
-8.80961
-8.80987
-8.81012
-8.81037
-8.81063
-8.81088
-8.81113
-8.81139
-8.81164
-8.81189
-8.81215
-8.81240
-8.81266
-8.81291
-8.81316
-8.81342
-8.81367
-8.81392
-8.81418
-8.81443
-8.81469
-8.81494
-8.81519
-8.81545
-8.81570
-8.81595
-8.81621
-8.81646
-8.81672
-8.81697
-8.81722
-8.81748
-8.81773
-8.81798
-8.81824
-8.81849
-8.81875
-8.81900
-8.81925
-8.81951
-8.81976
-8.82001
-8.82027
-8.82052
-8.82078
-8.82103
-8.82128
-8.82154
-8.82179
-8.82204
-8.82230
-8.82255
-8.82280
-8.82306
-8.82331
-8.82357
-8.82382
-8.82407
-8.82433
-8.82458
-8.82483
-8.82509
-8.82534
-8.82560
-8.82585
-8.82610
-8.82636
-8.82661
-8.82686
-8.82712
-8.82737
-8.82763
-8.82788
-8.82813
-8.82839
-8.82864
-8.82889
-8.82915
-8.82940
-8.82966
-8.82991
-8.83016
-8.83042
-8.83067
-8.83092
-8.83118
-8.83143
-8.83169
-8.83194
-8.83219
-8.83245
-8.83270
-8.83295
-8.83321
-8.83346
-8.83371
-8.83397
-8.83422
-8.83448
-8.83473
-8.83498
-8.83524
-8.83549
-8.83574
-8.83600
-8.83625
-8.83651
-8.83676
-8.83701
-8.83727
-8.83752
-8.83777
-8.83803
-8.83828
-8.83854
-8.83879
-8.83904
-8.83930
-8.83955
-8.83980
-8.84006
-8.84031
-8.84057
-8.84082
-8.84107
-8.84133
-8.84158
-8.84183
-8.84209
-8.84234
-8.84259
-8.84285
-8.84310
-8.84336
-8.84361
-8.84386
-8.84412
-8.84437
-8.84462
-8.84488
-8.84513
-8.84539
-8.84564
-8.84589
-8.84615
-8.84640
-8.84665
-8.84691
-8.84716
-8.84742
-8.84767
-8.84792
-8.84818
-8.84843
-8.84868
-8.84894
-8.84919
-8.84945
-8.84970
-8.84995
-8.85021
-8.85046
-8.85071
-8.85097
-8.85122
-8.85147
-8.85173
-8.85198
-8.85224
-8.85249
-8.85274
-8.85300
-8.85325
-8.85350
-8.85376
-8.85401
-8.85427
-8.85452
-8.85477
-8.85503
-8.85528
-8.85553
-8.85579
-8.85604
-8.85630
-8.85655
-8.85680
-8.85706
-8.85731
-8.85756
-8.85782
-8.85807
-8.85832
-8.85858
-8.85883
-8.85909
-8.85934
-8.85959
-8.85985
-8.86010
-8.86035
-8.86061
-8.86086
-8.86112
-8.86137
-8.86162
-8.86188
-8.86213
-8.86238
-8.86264
-8.86289
-8.86315
-8.86340
-8.86365
-8.86391
-8.86416
-8.86441
-8.86467
-8.86492
-8.86518
-8.86543
-8.86568
-8.86594
-8.86619
-8.86644
-8.86670
-8.86695
-8.86720
-8.86746
-8.86771
-8.86797
-8.86822
-8.86847
-8.86873
-8.86898
-8.86923
-8.86949
-8.86974
-8.87000
-8.87025
-8.87050
-8.87076
-8.87101
-8.87126
-8.87152
-8.87177
-8.87203
-8.87228
-8.87253
-8.87279
-8.87304
-8.87329
-8.87355
-8.87380
-8.87405
-8.87431
-8.87456
-8.87482
-8.87507
-8.87532
-8.87558
-8.87583
-8.87608
-8.87634
-8.87659
-8.87685
-8.87710
-8.87735
-8.87761
-8.87786
-8.87811
-8.87837
-8.87862
-8.87888
-8.87913
-8.87938
-8.87964
-8.87989
-8.88014
-8.88040
-8.88065
-8.88090
-8.88116
-8.88141
-8.88167
-8.88192
-8.88217
-8.88243
-8.88268
-8.88293
-8.88319
-8.88344
-8.88370
-8.88395
-8.88420
-8.88446
-8.88471
-8.88496
-8.88522
-8.88547
-8.88573
-8.88598
-8.88623
-8.88649
-8.88674
-8.88699
-8.88725
-8.88750
-8.88775
-8.88801
-8.88826
-8.88852
-8.88877
-8.88902
-8.88928
-8.88953
-8.88978
-8.89004
-8.89029
-8.89055
-8.89080
-8.89105
-8.89131
-8.89156
-8.89181
-8.89207
-8.89232
-8.89258
-8.89283
-8.89308
-8.89334
-8.89359
-8.89384
-8.89410
-8.89435
-8.89460
-8.89486
-8.89511
-8.89537
-8.89562
-8.89587
-8.89613
-8.89638
-8.89663
-8.89689
-8.89714
-8.89740
-8.89765
-8.89790
-8.89816
-8.89841
-8.89866
-8.89892
-8.89917
-8.89942
-8.89968
-8.89993
-8.90019
-8.90044
-8.90069
-8.90095
-8.90120
-8.90145
-8.90171
-8.90196
-8.90222
-8.90247
-8.90272
-8.90298
-8.90323
-8.90348
-8.90374
-8.90399
-8.90425
-8.90450
-8.90475
-8.90501
-8.90526
-8.90551
-8.90577
-8.90602
-8.90627
-8.90653
-8.90678
-8.90704
-8.90729
-8.90754
-8.90780
-8.90805
-8.90830
-8.90856
-8.90881
-8.90907
-8.90932
-8.90957
-8.90983
-8.91008
-8.91033
-8.91059
-8.91084
-8.91110
-8.91135
-8.91160
-8.91186
-8.91211
-8.91236
-8.91262
-8.91287
-8.91312
-8.91338
-8.91363
-8.91389
-8.91414
-8.91439
-8.91465
-8.91490
-8.91515
-8.91541
-8.91566
-8.91592
-8.91617
-8.91642
-8.91668
-8.91693
-8.91718
-8.91744
-8.91769
-8.91794
-8.91820
-8.91845
-8.91871
-8.91896
-8.91921
-8.91947
-8.91972
-8.91997
-8.92023
-8.92048
-8.92074
-8.92099
-8.92124
-8.92150
-8.92175
-8.92200
-8.92226
-8.92251
-8.92276
-8.92302
-8.92327
-8.92353
-8.92378
-8.92403
-8.92429
-8.92454
-8.92479
-8.92505
-8.92530
-8.92556
-8.92581
-8.92606
-8.92632
-8.92657
-8.92682
-8.92708
-8.92733
-8.92759
-8.92784
-8.92809
-8.92835
-8.92860
-8.92885
-8.92911
-8.92936
-8.92961
-8.92987
-8.93012
-8.93038
-8.93063
-8.93088
-8.93114
-8.93139
-8.93164
-8.93190
-8.93215
-8.93241
-8.93266
-8.93291
-8.93317
-8.93342
-8.93367
-8.93393
-8.93418
-8.93443
-8.93469
-8.93494
-8.93520
-8.93545
-8.93570
-8.93596
-8.93621
-8.93646
-8.93672
-8.93697
-8.93723
-8.93748
-8.93773
-8.93799
-8.93824
-8.93849
-8.93875
-8.93900
-8.93925
-8.93951
-8.93976
-8.94002
-8.94027
-8.94052
-8.94078
-8.94103
-8.94128
-8.94154
-8.94179
-8.94205
-8.94230
-8.94255
-8.94281
-8.94306
-8.94331
-8.94357
-8.94382
-8.94407
-8.94433
-8.94458
-8.94484
-8.94509
-8.94534
-8.94560
-8.94585
-8.94610
-8.94636
-8.94661
-8.94687
-8.94712
-8.94737
-8.94763
-8.94788
-8.94813
-8.94839
-8.94864
-8.94890
-8.94915
-8.94940
-8.94966
-8.94991
-8.95016
-8.95042
-8.95067
-8.95092
-8.95118
-8.95143
-8.95169
-8.95194
-8.95219
-8.95245
-8.95270
-8.95295
-8.95321
-8.95346
-8.95372
-8.95397
-8.95422
-8.95448
-8.95473
-8.95498
-8.95524
-8.95549
-8.95574
-8.95600
-8.95625
-8.95651
-8.95676
-8.95701
-8.95727
-8.95752
-8.95777
-8.95803
-8.95828
-8.95854
-8.95879
-8.95904
-8.95930
-8.95955
-8.95980
-8.96006
-8.96031
-8.96056
-8.96082
-8.96107
-8.96133
-8.96158
-8.96183
-8.96209
-8.96234
-8.96259
-8.96285
-8.96310
-8.96336
-8.96361
-8.96386
-8.96412
-8.96437
-8.96462
-8.96488
-8.96513
-8.96538
-8.96564
-8.96589
-8.96615
-8.96640
-8.96665
-8.96691
-8.96716
-8.96741
-8.96767
-8.96792
-8.96817
-8.96843
-8.96868
-8.96894
-8.96919
-8.96944
-8.96970
-8.96995
-8.97020
-8.97046
-8.97071
-8.97097
-8.97122
-8.97147
-8.97173
-8.97198
-8.97223
-8.97249
-8.97274
-8.97299
-8.97325
-8.97350
-8.97376
-8.97401
-8.97426
-8.97452
-8.97477
-8.97502
-8.97528
-8.97553
-8.97579
-8.97604
-8.97629
-8.97655
-8.97680
-8.97705
-8.97731
-8.97756
-8.97781
-8.97807
-8.97832
-8.97858
-8.97883
-8.97908
-8.97934
-8.97959
-8.97984
-8.98010
-8.98035
-8.98061
-8.98086
-8.98111
-8.98137
-8.98162
-8.98187
-8.98213
-8.98238
-8.98263
-8.98289
-8.98314
-8.98340
-8.98365
-8.98390
-8.98416
-8.98441
-8.98466
-8.98492
-8.98517
-8.98543
-8.98568
-8.98593
-8.98619
-8.98644
-8.98669
-8.98695
-8.98720
-8.98745
-8.98771
-8.98796
-8.98822
-8.98847
-8.98872
-8.98898
-8.98923
-8.98948
-8.98974
-8.98999
-8.99025
-8.99050
-8.99075
-8.99101
-8.99126
-8.99151
-8.99177
-8.99202
-8.99227
-8.99253
-8.99278
-8.99304
-8.99329
-8.99354
-8.99380
-8.99405
-8.99430
-8.99456
-8.99481
-8.99506
-8.99532
-8.99557
-8.99583
-8.99608
-8.99633
-8.99659
-8.99684
-8.99709
-8.99735
-8.99760
-8.99786
-8.99811
-8.99836
-8.99862
-8.99887
-8.99912
-8.99938
-8.99963
-8.99988
-9.00014
-9.00039
-9.00065
-9.00090
-9.00115
-9.00141
-9.00166
-9.00191
-9.00217
-9.00242
-9.00268
-9.00293
-9.00318
-9.00344
-9.00369
-9.00394
-9.00420
-9.00445
-9.00470
-9.00496
-9.00521
-9.00547
-9.00572
-9.00597
-9.00623
-9.00648
-9.00673
-9.00699
-9.00724
-9.00749
-9.00775
-9.00800
-9.00826
-9.00851
-9.00876
-9.00902
-9.00927
-9.00952
-9.00978
-9.01003
-9.01029
-9.01054
-9.01079
-9.01105
-9.01130
-9.01155
-9.01181
-9.01206
-9.01231
-9.01257
-9.01282
-9.01308
-9.01333
-9.01358
-9.01384
-9.01409
-9.01434
-9.01460
-9.01485
-9.01510
-9.01536
-9.01561
-9.01587
-9.01612
-9.01637
-9.01663
-9.01688
-9.01713
-9.01739
-9.01764
-9.01790
-9.01815
-9.01840
-9.01866
-9.01891
-9.01916
-9.01942
-9.01967
-9.01992
-9.02018
-9.02043
-9.02069
-9.02094
-9.02119
-9.02145
-9.02170
-9.02195
-9.02221
-9.02246
-9.02271
-9.02297
-9.02322
-9.02348
-9.02373
-9.02398
-9.02424
-9.02449
-9.02474
-9.02500
-9.02525
-9.02551
-9.02576
-9.02601
-9.02627
-9.02652
-9.02677
-9.02703
-9.02728
-9.02753
-9.02779
-9.02804
-9.02830
-9.02855
-9.02880
-9.02906
-9.02931
-9.02956
-9.02982
-9.03007
-9.03032
-9.03058
-9.03083
-9.03109
-9.03134
-9.03159
-9.03185
-9.03210
-9.03235
-9.03261
-9.03286
-9.03312
-9.03337
-9.03362
-9.03388
-9.03413
-9.03438
-9.03464
-9.03489
-9.03514
-9.03540
-9.03565
-9.03591
-9.03616
-9.03641
-9.03667
-9.03692
-9.03717
-9.03743
-9.03768
-9.03793
-9.03819
-9.03844
-9.03870
-9.03895
-9.03920
-9.03946
-9.03971
-9.03996
-9.04022
-9.04047
-9.04073
-9.04098
-9.04123
-9.04149
-9.04174
-9.04199
-9.04225
-9.04250
-9.04275
-9.04301
-9.04326
-9.04352
-9.04377
-9.04402
-9.04428
-9.04453
-9.04478
-9.04504
-9.04529
-9.04554
-9.04580
-9.04605
-9.04631
-9.04656
-9.04681
-9.04707
-9.04732
-9.04757
-9.04783
-9.04808
-9.04834
-9.04859
-9.04884
-9.04910
-9.04935
-9.04960
-9.04986
-9.05011
-9.05036
-9.05062
-9.05087
-9.05113
-9.05138
-9.05163
-9.05189
-9.05214
-9.05239
-9.05265
-9.05290
-9.05315
-9.05341
-9.05366
-9.05392
-9.05417
-9.05442
-9.05468
-9.05493
-9.05518
-9.05544
-9.05569
-9.05594
-9.05620
-9.05645
-9.05671
-9.05696
-9.05721
-9.05747
-9.05772
-9.05797
-9.05823
-9.05848
-9.05874
-9.05899
-9.05924
-9.05950
-9.05975
-9.06000
-9.06026
-9.06051
-9.06076
-9.06102
-9.06127
-9.06153
-9.06178
-9.06203
-9.06229
-9.06254
-9.06279
-9.06305
-9.06330
-9.06355
-9.06381
-9.06406
-9.06432
-9.06457
-9.06482
-9.06508
-9.06533
-9.06558
-9.06584
-9.06609
-9.06634
-9.06660
-9.06685
-9.06711
-9.06736
-9.06761
-9.06787
-9.06812
-9.06837
-9.06863
-9.06888
-9.06914
-9.06939
-9.06964
-9.06990
-9.07015
-9.07040
-9.07066
-9.07091
-9.07116
-9.07142
-9.07167
-9.07193
-9.07218
-9.07243
-9.07269
-9.07294
-9.07319
-9.07345
-9.07370
-9.07395
-9.07421
-9.07446
-9.07472
-9.07497
-9.07522
-9.07548
-9.07573
-9.07598
-9.07624
-9.07649
-9.07674
-9.07700
-9.07725
-9.07751
-9.07776
-9.07801
-9.07827
-9.07852
-9.07877
-9.07903
-9.07928
-9.07953
-9.07979
-9.08004
-9.08030
-9.08055
-9.08080
-9.08106
-9.08131
-9.08156
-9.08182
-9.08207
-9.08233
-9.08258
-9.08283
-9.08309
-9.08334
-9.08359
-9.08385
-9.08410
-9.08435
-9.08461
-9.08486
-9.08512
-9.08537
-9.08562
-9.08588
-9.08613
-9.08638
-9.08664
-9.08689
-9.08714
-9.08740
-9.08765
-9.08791
-9.08816
-9.08841
-9.08867
-9.08892
-9.08917
-9.08943
-9.08968
-9.08993
-9.09019
-9.09044
-9.09070
-9.09095
-9.09120
-9.09146
-9.09171
-9.09196
-9.09222
-9.09247
-9.09272
-9.09298
-9.09323
-9.09349
-9.09374
-9.09399
-9.09425
-9.09450
-9.09475
-9.09501
-9.09526
-9.09551
-9.09577
-9.09602
-9.09628
-9.09653
-9.09678
-9.09704
-9.09729
-9.09754
-9.09780
-9.09805
-9.09830
-9.09856
-9.09881
-9.09907
-9.09932
-9.09957
-9.09983
-9.10008
-9.10033
-9.10059
-9.10084
-9.10110
-9.10135
-9.10160
-9.10186
-9.10211
-9.10236
-9.10262
-9.10287
-9.10312
-9.10338
-9.10363
-9.10389
-9.10414
-9.10439
-9.10465
-9.10490
-9.10515
-9.10541
-9.10566
-9.10591
-9.10617
-9.10642
-9.10668
-9.10693
-9.10718
-9.10744
-9.10769
-9.10794
-9.10820
-9.10845
-9.10870
-9.10896
-9.10921
-9.10947
-9.10972
-9.10997
-9.11023
-9.11048
-9.11073
-9.11099
-9.11124
-9.11149
-9.11175
-9.11200
-9.11226
-9.11251
-9.11276
-9.11302
-9.11327
-9.11352
-9.11378
-9.11403
-9.11428
-9.11454
-9.11479
-9.11505
-9.11530
-9.11555
-9.11581
-9.11606
-9.11631
-9.11657
-9.11682
-9.11707
-9.11733
-9.11758
-9.11784
-9.11809
-9.11834
-9.11860
-9.11885
-9.11910
-9.11936
-9.11961
-9.11986
-9.12012
-9.12037
-9.12063
-9.12088
-9.12113
-9.12139
-9.12164
-9.12189
-9.12215
-9.12240
-9.12265
-9.12291
-9.12316
-9.12342
-9.12367
-9.12392
-9.12418
-9.12443
-9.12468
-9.12494
-9.12519
-9.12544
-9.12570
-9.12595
-9.12621
-9.12646
-9.12671
-9.12697
-9.12722
-9.12747
-9.12773
-9.12798
-9.12823
-9.12849
-9.12874
-9.12900
-9.12925
-9.12950
-9.12976
-9.13001
-9.13026
-9.13052
-9.13077
-9.13103
-9.13128
-9.13153
-9.13179
-9.13204
-9.13229
-9.13255
-9.13280
-9.13305
-9.13331
-9.13356
-9.13382
-9.13407
-9.13432
-9.13458
-9.13483
-9.13508
-9.13534
-9.13559
-9.13584
-9.13610
-9.13635
-9.13661
-9.13686
-9.13711
-9.13737
-9.13762
-9.13787
-9.13813
-9.13838
-9.13863
-9.13889
-9.13914
-9.13940
-9.13965
-9.13990
-9.14016
-9.14041
-9.14066
-9.14092
-9.14117
-9.14142
-9.14168
-9.14193
-9.14219
-9.14244
-9.14269
-9.14295
-9.14320
-9.14345
-9.14371
-9.14396
-9.14421
-9.14447
-9.14472
-9.14498
-9.14523
-9.14548
-9.14574
-9.14599
-9.14624
-9.14650
-9.14675
-9.14700
-9.14726
-9.14751
-9.14777
-9.14802
-9.14827
-9.14853
-9.14878
-9.14903
-9.14929
-9.14954
-9.14979
-9.15005
-9.15030
-9.15056
-9.15081
-9.15106
-9.15132
-9.15157
-9.15182
-9.15208
-9.15233
-9.15258
-9.15284
-9.15309
-9.15335
-9.15360
-9.15385
-9.15411
-9.15436
-9.15461
-9.15487
-9.15512
-9.15537
-9.15563
-9.15588
-9.15614
-9.15639
-9.15664
-9.15690
-9.15715
-9.15740
-9.15766
-9.15791
-9.15816
-9.15842
-9.15867
-9.15893
-9.15918
-9.15943
-9.15969
-9.15994
-9.16019
-9.16045
-9.16070
-9.16095
-9.16121
-9.16146
-9.16171
-9.16197
-9.16222
-9.16248
-9.16273
-9.16298
-9.16324
-9.16349
-9.16374
-9.16400
-9.16425
-9.16450
-9.16476
-9.16501
-9.16527
-9.16552
-9.16577
-9.16603
-9.16628
-9.16653
-9.16679
-9.16704
-9.16729
-9.16755
-9.16780
-9.16806
-9.16831
-9.16856
-9.16882
-9.16907
-9.16932
-9.16958
-9.16983
-9.17008
-9.17034
-9.17059
-9.17085
-9.17110
-9.17135
-9.17161
-9.17186
-9.17211
-9.17237
-9.17262
-9.17287
-9.17313
-9.17338
-9.17364
-9.17389
-9.17414
-9.17440
-9.17465
-9.17490
-9.17516
-9.17541
-9.17566
-9.17592
-9.17617
-9.17643
-9.17668
-9.17693
-9.17719
-9.17744
-9.17769
-9.17795
-9.17820
-9.17845
-9.17871
-9.17896
-9.17922
-9.17947
-9.17972
-9.17998
-9.18023
-9.18048
-9.18074
-9.18099
-9.18124
-9.18150
-9.18175
-9.18201
-9.18226
-9.18251
-9.18277
-9.18302
-9.18327
-9.18353
-9.18378
-9.18403
-9.18429
-9.18454
-9.18480
-9.18505
-9.18530
-9.18556
-9.18581
-9.18606
-9.18632
-9.18657
-9.18682
-9.18708
-9.18733
-9.18759
-9.18784
-9.18809
-9.18835
-9.18860
-9.18885
-9.18911
-9.18936
-9.18961
-9.18987
-9.19012
-9.19037
-9.19063
-9.19088
-9.19114
-9.19139
-9.19164
-9.19190
-9.19215
-9.19240
-9.19266
-9.19291
-9.19316
-9.19342
-9.19367
-9.19393
-9.19418
-9.19443
-9.19469
-9.19494
-9.19519
-9.19545
-9.19570
-9.19595
-9.19621
-9.19646
-9.19672
-9.19697
-9.19722
-9.19748
-9.19773
-9.19798
-9.19824
-9.19849
-9.19874
-9.19900
-9.19925
-9.19951
-9.19976
-9.20001
-9.20027
-9.20052
-9.20077
-9.20103
-9.20128
-9.20153
-9.20179
-9.20204
-9.20230
-9.20255
-9.20280
-9.20306
-9.20331
-9.20356
-9.20382
-9.20407
-9.20432
-9.20458
-9.20483
-9.20509
-9.20534
-9.20559
-9.20585
-9.20610
-9.20635
-9.20661
-9.20686
-9.20711
-9.20737
-9.20762
-9.20787
-9.20813
-9.20838
-9.20864
-9.20889
-9.20914
-9.20940
-9.20965
-9.20990
-9.21016
-9.21041
-9.21066
-9.21092
-9.21117
-9.21143
-9.21168
-9.21193
-9.21219
-9.21244
-9.21269
-9.21295
-9.21320
-9.21345
-9.21371
-9.21396
-9.21422
-9.21447
-9.21472
-9.21498
-9.21523
-9.21548
-9.21574
-9.21599
-9.21624
-9.21650
-9.21675
-9.21701
-9.21726
-9.21751
-9.21777
-9.21802
-9.21827
-9.21853
-9.21878
-9.21903
-9.21929
-9.21954
-9.21979
-9.22005
-9.22030
-9.22056
-9.22081
-9.22106
-9.22132
-9.22157
-9.22182
-9.22208
-9.22233
-9.22258
-9.22284
-9.22309
-9.22335
-9.22360
-9.22385
-9.22411
-9.22436
-9.22461
-9.22487
-9.22512
-9.22537
-9.22563
-9.22588
-9.22614
-9.22639
-9.22664
-9.22690
-9.22715
-9.22740
-9.22766
-9.22791
-9.22816
-9.22842
-9.22867
-9.22893
-9.22918
-9.22943
-9.22969
-9.22994
-9.23019
-9.23045
-9.23070
-9.23095
-9.23121
-9.23146
-9.23171
-9.23197
-9.23222
-9.23248
-9.23273
-9.23298
-9.23324
-9.23349
-9.23374
-9.23400
-9.23425
-9.23450
-9.23476
-9.23501
-9.23527
-9.23552
-9.23577
-9.23603
-9.23628
-9.23653
-9.23679
-9.23704
-9.23729
-9.23755
-9.23780
-9.23806
-9.23831
-9.23856
-9.23882
-9.23907
-9.23932
-9.23958
-9.23983
-9.24008
-9.24034
-9.24059
-9.24084
-9.24110
-9.24135
-9.24161
-9.24186
-9.24211
-9.24237
-9.24262
-9.24287
-9.24313
-9.24338
-9.24363
-9.24389
-9.24414
-9.24440
-9.24465
-9.24490
-9.24516
-9.24541
-9.24566
-9.24592
-9.24617
-9.24642
-9.24668
-9.24693
-9.24719
-9.24744
-9.24769
-9.24795
-9.24820
-9.24845
-9.24871
-9.24896
-9.24921
-9.24947
-9.24972
-9.24997
-9.25023
-9.25048
-9.25074
-9.25099
-9.25124
-9.25150
-9.25175
-9.25200
-9.25226
-9.25251
-9.25276
-9.25302
-9.25327
-9.25353
-9.25378
-9.25403
-9.25429
-9.25454
-9.25479
-9.25505
-9.25530
-9.25555
-9.25581
-9.25606
-9.25632
-9.25657
-9.25682
-9.25708
-9.25733
-9.25758
-9.25784
-9.25809
-9.25834
-9.25860
-9.25885
-9.25910
-9.25936
-9.25961
-9.25987
-9.26012
-9.26037
-9.26063
-9.26088
-9.26113
-9.26139
-9.26164
-9.26189
-9.26215
-9.26240
-9.26266
-9.26291
-9.26316
-9.26342
-9.26367
-9.26392
-9.26418
-9.26443
-9.26468
-9.26494
-9.26519
-9.26545
-9.26570
-9.26595
-9.26621
-9.26646
-9.26671
-9.26697
-9.26722
-9.26747
-9.26773
-9.26798
-9.26823
-9.26849
-9.26874
-9.26900
-9.26925
-9.26950
-9.26976
-9.27001
-9.27026
-9.27052
-9.27077
-9.27102
-9.27128
-9.27153
-9.27179
-9.27204
-9.27229
-9.27255
-9.27280
-9.27305
-9.27331
-9.27356
-9.27381
-9.27407
-9.27432
-9.27457
-9.27483
-9.27508
-9.27534
-9.27559
-9.27584
-9.27610
-9.27635
-9.27660
-9.27686
-9.27711
-9.27736
-9.27762
-9.27787
-9.27813
-9.27838
-9.27863
-9.27889
-9.27914
-9.27939
-9.27965
-9.27990
-9.28015
-9.28041
-9.28066
-9.28091
-9.28117
-9.28142
-9.28168
-9.28193
-9.28218
-9.28244
-9.28269
-9.28294
-9.28320
-9.28345
-9.28370
-9.28396
-9.28421
-9.28447
-9.28472
-9.28497
-9.28523
-9.28548
-9.28573
-9.28599
-9.28624
-9.28649
-9.28675
-9.28700
-9.28725
-9.28751
-9.28776
-9.28802
-9.28827
-9.28852
-9.28878
-9.28903
-9.28928
-9.28954
-9.28979
-9.29004
-9.29030
-9.29055
-9.29081
-9.29106
-9.29131
-9.29157
-9.29182
-9.29207
-9.29233
-9.29258
-9.29283
-9.29309
-9.29334
-9.29359
-9.29385
-9.29410
-9.29436
-9.29461
-9.29486
-9.29512
-9.29537
-9.29562
-9.29588
-9.29613
-9.29638
-9.29664
-9.29689
-9.29715
-9.29740
-9.29765
-9.29791
-9.29816
-9.29841
-9.29867
-9.29892
-9.29917
-9.29943
-9.29968
-9.29993
-9.30019
-9.30044
-9.30070
-9.30095
-9.30120
-9.30146
-9.30171
-9.30196
-9.30222
-9.30247
-9.30272
-9.30298
-9.30323
-9.30349
-9.30374
-9.30399
-9.30425
-9.30450
-9.30475
-9.30501
-9.30526
-9.30551
-9.30577
-9.30602
-9.30627
-9.30653
-9.30678
-9.30704
-9.30729
-9.30754
-9.30780
-9.30805
-9.30830
-9.30856
-9.30881
-9.30906
-9.30932
-9.30957
-9.30982
-9.31008
-9.31033
-9.31059
-9.31084
-9.31109
-9.31135
-9.31160
-9.31185
-9.31211
-9.31236
-9.31261
-9.31287
-9.31312
-9.31338
-9.31363
-9.31388
-9.31414
-9.31439
-9.31464
-9.31490
-9.31515
-9.31540
-9.31566
-9.31591
-9.31616
-9.31642
-9.31667
-9.31693
-9.31718
-9.31743
-9.31769
-9.31794
-9.31819
-9.31845
-9.31870
-9.31895
-9.31921
-9.31946
-9.31972
-9.31997
-9.32022
-9.32048
-9.32073
-9.32098
-9.32124
-9.32149
-9.32174
-9.32200
-9.32225
-9.32250
-9.32276
-9.32301
-9.32327
-9.32352
-9.32377
-9.32403
-9.32428
-9.32453
-9.32479
-9.32504
-9.32529
-9.32555
-9.32580
-9.32605
-9.32631
-9.32656
-9.32682
-9.32707
-9.32732
-9.32758
-9.32783
-9.32808
-9.32834
-9.32859
-9.32884
-9.32910
-9.32935
-9.32961
-9.32986
-9.33011
-9.33037
-9.33062
-9.33087
-9.33113
-9.33138
-9.33163
-9.33189
-9.33214
-9.33239
-9.33265
-9.33290
-9.33316
-9.33341
-9.33366
-9.33392
-9.33417
-9.33442
-9.33468
-9.33493
-9.33518
-9.33544
-9.33569
-9.33594
-9.33620
-9.33645
-9.33671
-9.33696
-9.33721
-9.33747
-9.33772
-9.33797
-9.33823
-9.33848
-9.33873
-9.33899
-9.33924
-9.33950
-9.33975
-9.34000
-9.34026
-9.34051
-9.34076
-9.34102
-9.34127
-9.34152
-9.34178
-9.34203
-9.34228
-9.34254
-9.34279
-9.34305
-9.34330
-9.34355
-9.34381
-9.34406
-9.34431
-9.34457
-9.34482
-9.34507
-9.34533
-9.34558
-9.34583
-9.34609
-9.34634
-9.34660
-9.34685
-9.34710
-9.34736
-9.34761
-9.34786
-9.34812
-9.34837
-9.34862
-9.34888
-9.34913
-9.34938
-9.34964
-9.34989
-9.35015
-9.35040
-9.35065
-9.35091
-9.35116
-9.35141
-9.35167
-9.35192
-9.35217
-9.35243
-9.35268
-9.35294
-9.35319
-9.35344
-9.35370
-9.35395
-9.35420
-9.35446
-9.35471
-9.35496
-9.35522
-9.35547
-9.35572
-9.35598
-9.35623
-9.35649
-9.35674
-9.35699
-9.35725
-9.35750
-9.35775
-9.35801
-9.35826
-9.35851
-9.35877
-9.35902
-9.35927
-9.35953
-9.35978
-9.36004
-9.36029
-9.36054
-9.36080
-9.36105
-9.36130
-9.36156
-9.36181
-9.36206
-9.36232
-9.36257
-9.36282
-9.36308
-9.36333
-9.36359
-9.36384
-9.36409
-9.36435
-9.36460
-9.36485
-9.36511
-9.36536
-9.36561
-9.36587
-9.36612
-9.36637
-9.36663
-9.36688
-9.36714
-9.36739
-9.36764
-9.36790
-9.36815
-9.36840
-9.36866
-9.36891
-9.36916
-9.36942
-9.36967
-9.36992
-9.37018
-9.37043
-9.37069
-9.37094
-9.37119
-9.37145
-9.37170
-9.37195
-9.37221
-9.37246
-9.37271
-9.37297
-9.37322
-9.37348
-9.37373
-9.37398
-9.37424
-9.37449
-9.37474
-9.37500
-9.37525
-9.37550
-9.37576
-9.37601
-9.37626
-9.37652
-9.37677
-9.37703
-9.37728
-9.37753
-9.37779
-9.37804
-9.37829
-9.37855
-9.37880
-9.37905
-9.37931
-9.37956
-9.37981
-9.38007
-9.38032
-9.38058
-9.38083
-9.38108
-9.38134
-9.38159
-9.38184
-9.38210
-9.38235
-9.38260
-9.38286
-9.38311
-9.38336
-9.38362
-9.38387
-9.38413
-9.38438
-9.38463
-9.38489
-9.38514
-9.38539
-9.38565
-9.38590
-9.38615
-9.38641
-9.38666
-9.38691
-9.38717
-9.38742
-9.38768
-9.38793
-9.38818
-9.38844
-9.38869
-9.38894
-9.38920
-9.38945
-9.38970
-9.38996
-9.39021
-9.39046
-9.39072
-9.39097
-9.39123
-9.39148
-9.39173
-9.39199
-9.39224
-9.39249
-9.39275
-9.39300
-9.39325
-9.39351
-9.39376
-9.39401
-9.39427
-9.39452
-9.39478
-9.39503
-9.39528
-9.39554
-9.39579
-9.39604
-9.39630
-9.39655
-9.39680
-9.39706
-9.39731
-9.39756
-9.39782
-9.39807
-9.39833
-9.39858
-9.39883
-9.39909
-9.39934
-9.39959
-9.39985
-9.40010
-9.40035
-9.40061
-9.40086
-9.40111
-9.40137
-9.40162
-9.40188
-9.40213
-9.40238
-9.40264
-9.40289
-9.40314
-9.40340
-9.40365
-9.40390
-9.40416
-9.40441
-9.40466
-9.40492
-9.40517
-9.40543
-9.40568
-9.40593
-9.40619
-9.40644
-9.40669
-9.40695
-9.40720
-9.40745
-9.40771
-9.40796
-9.40821
-9.40847
-9.40872
-9.40898
-9.40923
-9.40948
-9.40974
-9.40999
-9.41024
-9.41050
-9.41075
-9.41100
-9.41126
-9.41151
-9.41176
-9.41202
-9.41227
-9.41253
-9.41278
-9.41303
-9.41329
-9.41354
-9.41379
-9.41405
-9.41430
-9.41455
-9.41481
-9.41506
-9.41531
-9.41557
-9.41582
-9.41608
-9.41633
-9.41658
-9.41684
-9.41709
-9.41734
-9.41760
-9.41785
-9.41810
-9.41836
-9.41861
-9.41886
-9.41912
-9.41937
-9.41963
-9.41988
-9.42013
-9.42039
-9.42064
-9.42089
-9.42115
-9.42140
-9.42165
-9.42191
-9.42216
-9.42241
-9.42267
-9.42292
-9.42318
-9.42343
-9.42368
-9.42394
-9.42419
-9.42444
-9.42470
-9.42495
-9.42520
-9.42546
-9.42571
-9.42596
-9.42622
-9.42647
-9.42672
-9.42698
-9.42723
-9.42749
-9.42774
-9.42799
-9.42825
-9.42850
-9.42875
-9.42901
-9.42926
-9.42951
-9.42977
-9.43002
-9.43027
-9.43053
-9.43078
-9.43104
-9.43129
-9.43154
-9.43180
-9.43205
-9.43230
-9.43256
-9.43281
-9.43306
-9.43332
-9.43357
-9.43382
-9.43408
-9.43433
-9.43459
-9.43484
-9.43509
-9.43535
-9.43560
-9.43585
-9.43611
-9.43636
-9.43661
-9.43687
-9.43712
-9.43737
-9.43763
-9.43788
-9.43814
-9.43839
-9.43864
-9.43890
-9.43915
-9.43940
-9.43966
-9.43991
-9.44016
-9.44042
-9.44067
-9.44092
-9.44118
-9.44143
-9.44169
-9.44194
-9.44219
-9.44245
-9.44270
-9.44295
-9.44321
-9.44346
-9.44371
-9.44397
-9.44422
-9.44447
-9.44473
-9.44498
-9.44523
-9.44549
-9.44574
-9.44600
-9.44625
-9.44650
-9.44676
-9.44701
-9.44726
-9.44752
-9.44777
-9.44802
-9.44828
-9.44853
-9.44878
-9.44904
-9.44929
-9.44955
-9.44980
-9.45005
-9.45031
-9.45056
-9.45081
-9.45107
-9.45132
-9.45157
-9.45183
-9.45208
-9.45233
-9.45259
-9.45284
-9.45310
-9.45335
-9.45360
-9.45386
-9.45411
-9.45436
-9.45462
-9.45487
-9.45512
-9.45538
-9.45563
-9.45588
-9.45614
-9.45639
-9.45665
-9.45690
-9.45715
-9.45741
-9.45766
-9.45791
-9.45817
-9.45842
-9.45867
-9.45893
-9.45918
-9.45943
-9.45969
-9.45994
-9.46019
-9.46045
-9.46070
-9.46096
-9.46121
-9.46146
-9.46172
-9.46197
-9.46222
-9.46248
-9.46273
-9.46298
-9.46324
-9.46349
-9.46374
-9.46400
-9.46425
-9.46451
-9.46476
-9.46501
-9.46527
-9.46552
-9.46577
-9.46603
-9.46628
-9.46653
-9.46679
-9.46704
-9.46729
-9.46755
-9.46780
-9.46806
-9.46831
-9.46856
-9.46882
-9.46907
-9.46932
-9.46958
-9.46983
-9.47008
-9.47034
-9.47059
-9.47084
-9.47110
-9.47135
-9.47160
-9.47186
-9.47211
-9.47237
-9.47262
-9.47287
-9.47313
-9.47338
-9.47363
-9.47389
-9.47414
-9.47439
-9.47465
-9.47490
-9.47515
-9.47541
-9.47566
-9.47592
-9.47617
-9.47642
-9.47668
-9.47693
-9.47718
-9.47744
-9.47769
-9.47794
-9.47820
-9.47845
-9.47870
-9.47896
-9.47921
-9.47946
-9.47972
-9.47997
-9.48023
-9.48048
-9.48073
-9.48099
-9.48124
-9.48149
-9.48175
-9.48200
-9.48225
-9.48251
-9.48276
-9.48301
-9.48327
-9.48352
-9.48378
-9.48403
-9.48428
-9.48454
-9.48479
-9.48504
-9.48530
-9.48555
-9.48580
-9.48606
-9.48631
-9.48656
-9.48682
-9.48707
-9.48732
-9.48758
-9.48783
-9.48809
-9.48834
-9.48859
-9.48885
-9.48910
-9.48935
-9.48961
-9.48986
-9.49011
-9.49037
-9.49062
-9.49087
-9.49113
-9.49138
-9.49164
-9.49189
-9.49214
-9.49240
-9.49265
-9.49290
-9.49316
-9.49341
-9.49366
-9.49392
-9.49417
-9.49442
-9.49468
-9.49493
-9.49518
-9.49544
-9.49569
-9.49595
-9.49620
-9.49645
-9.49671
-9.49696
-9.49721
-9.49747
-9.49772
-9.49797
-9.49823
-9.49848
-9.49873
-9.49899
-9.49924
-9.49950
-9.49975
-9.50000
-9.50026
-9.50051
-9.50076
-9.50102
-9.50127
-9.50152
-9.50178
-9.50203
-9.50228
-9.50254
-9.50279
-9.50304
-9.50330
-9.50355
-9.50381
-9.50406
-9.50431
-9.50457
-9.50482
-9.50507
-9.50533
-9.50558
-9.50583
-9.50609
-9.50634
-9.50659
-9.50685
-9.50710
-9.50736
-9.50761
-9.50786
-9.50812
-9.50837
-9.50862
-9.50888
-9.50913
-9.50938
-9.50964
-9.50989
-9.51014
-9.51040
-9.51065
-9.51090
-9.51116
-9.51141
-9.51167
-9.51192
-9.51217
-9.51243
-9.51268
-9.51293
-9.51319
-9.51344
-9.51369
-9.51395
-9.51420
-9.51445
-9.51471
-9.51496
-9.51521
-9.51547
-9.51572
-9.51598
-9.51623
-9.51648
-9.51674
-9.51699
-9.51724
-9.51750
-9.51775
-9.51800
-9.51826
-9.51851
-9.51876
-9.51902
-9.51927
-9.51953
-9.51978
-9.52003
-9.52029
-9.52054
-9.52079
-9.52105
-9.52130
-9.52155
-9.52181
-9.52206
-9.52231
-9.52257
-9.52282
-9.52307
-9.52333
-9.52358
-9.52384
-9.52409
-9.52434
-9.52460
-9.52485
-9.52510
-9.52536
-9.52561
-9.52586
-9.52612
-9.52637
-9.52662
-9.52688
-9.52713
-9.52738
-9.52764
-9.52789
-9.52815
-9.52840
-9.52865
-9.52891
-9.52916
-9.52941
-9.52967
-9.52992
-9.53017
-9.53043
-9.53068
-9.53093
-9.53119
-9.53144
-9.53169
-9.53195
-9.53220
-9.53246
-9.53271
-9.53296
-9.53322
-9.53347
-9.53372
-9.53398
-9.53423
-9.53448
-9.53474
-9.53499
-9.53524
-9.53550
-9.53575
-9.53601
-9.53626
-9.53651
-9.53677
-9.53702
-9.53727
-9.53753
-9.53778
-9.53803
-9.53829
-9.53854
-9.53879
-9.53905
-9.53930
-9.53955
-9.53981
-9.54006
-9.54032
-9.54057
-9.54082
-9.54108
-9.54133
-9.54158
-9.54184
-9.54209
-9.54234
-9.54260
-9.54285
-9.54310
-9.54336
-9.54361
-9.54386
-9.54412
-9.54437
-9.54463
-9.54488
-9.54513
-9.54539
-9.54564
-9.54589
-9.54615
-9.54640
-9.54665
-9.54691
-9.54716
-9.54741
-9.54767
-9.54792
-9.54817
-9.54843
-9.54868
-9.54894
-9.54919
-9.54944
-9.54970
-9.54995
-9.55020
-9.55046
-9.55071
-9.55096
-9.55122
-9.55147
-9.55172
-9.55198
-9.55223
-9.55248
-9.55274
-9.55299
-9.55325
-9.55350
-9.55375
-9.55401
-9.55426
-9.55451
-9.55477
-9.55502
-9.55527
-9.55553
-9.55578
-9.55603
-9.55629
-9.55654
-9.55679
-9.55705
-9.55730
-9.55756
-9.55781
-9.55806
-9.55832
-9.55857
-9.55882
-9.55908
-9.55933
-9.55958
-9.55984
-9.56009
-9.56034
-9.56060
-9.56085
-9.56110
-9.56136
-9.56161
-9.56187
-9.56212
-9.56237
-9.56263
-9.56288
-9.56313
-9.56339
-9.56364
-9.56389
-9.56415
-9.56440
-9.56465
-9.56491
-9.56516
-9.56541
-9.56567
-9.56592
-9.56618
-9.56643
-9.56668
-9.56694
-9.56719
-9.56744
-9.56770
-9.56795
-9.56820
-9.56846
-9.56871
-9.56896
-9.56922
-9.56947
-9.56972
-9.56998
-9.57023
-9.57049
-9.57074
-9.57099
-9.57125
-9.57150
-9.57175
-9.57201
-9.57226
-9.57251
-9.57277
-9.57302
-9.57327
-9.57353
-9.57378
-9.57403
-9.57429
-9.57454
-9.57480
-9.57505
-9.57530
-9.57556
-9.57581
-9.57606
-9.57632
-9.57657
-9.57682
-9.57708
-9.57733
-9.57758
-9.57784
-9.57809
-9.57834
-9.57860
-9.57885
-9.57911
-9.57936
-9.57961
-9.57987
-9.58012
-9.58037
-9.58063
-9.58088
-9.58113
-9.58139
-9.58164
-9.58189
-9.58215
-9.58240
-9.58265
-9.58291
-9.58316
-9.58342
-9.58367
-9.58392
-9.58418
-9.58443
-9.58468
-9.58494
-9.58519
-9.58544
-9.58570
-9.58595
-9.58620
-9.58646
-9.58671
-9.58696
-9.58722
-9.58747
-9.58773
-9.58798
-9.58823
-9.58849
-9.58874
-9.58899
-9.58925
-9.58950
-9.58975
-9.59001
-9.59026
-9.59051
-9.59077
-9.59102
-9.59127
-9.59153
-9.59178
-9.59203
-9.59229
-9.59254
-9.59280
-9.59305
-9.59330
-9.59356
-9.59381
-9.59406
-9.59432
-9.59457
-9.59482
-9.59508
-9.59533
-9.59558
-9.59584
-9.59609
-9.59634
-9.59660
-9.59685
-9.59711
-9.59736
-9.59761
-9.59787
-9.59812
-9.59837
-9.59863
-9.59888
-9.59913
-9.59939
-9.59964
-9.59989
-9.60015
-9.60040
-9.60065
-9.60091
-9.60116
-9.60142
-9.60167
-9.60192
-9.60218
-9.60243
-9.60268
-9.60294
-9.60319
-9.60344
-9.60370
-9.60395
-9.60420
-9.60446
-9.60471
-9.60496
-9.60522
-9.60547
-9.60572
-9.60598
-9.60623
-9.60649
-9.60674
-9.60699
-9.60725
-9.60750
-9.60775
-9.60801
-9.60826
-9.60851
-9.60877
-9.60902
-9.60927
-9.60953
-9.60978
-9.61003
-9.61029
-9.61054
-9.61080
-9.61105
-9.61130
-9.61156
-9.61181
-9.61206
-9.61232
-9.61257
-9.61282
-9.61308
-9.61333
-9.61358
-9.61384
-9.61409
-9.61434
-9.61460
-9.61485
-9.61511
-9.61536
-9.61561
-9.61587
-9.61612
-9.61637
-9.61663
-9.61688
-9.61713
-9.61739
-9.61764
-9.61789
-9.61815
-9.61840
-9.61865
-9.61891
-9.61916
-9.61941
-9.61967
-9.61992
-9.62018
-9.62043
-9.62068
-9.62094
-9.62119
-9.62144
-9.62170
-9.62195
-9.62220
-9.62246
-9.62271
-9.62296
-9.62322
-9.62347
-9.62372
-9.62398
-9.62423
-9.62449
-9.62474
-9.62499
-9.62525
-9.62550
-9.62575
-9.62601
-9.62626
-9.62651
-9.62677
-9.62702
-9.62727
-9.62753
-9.62778
-9.62803
-9.62829
-9.62854
-9.62879
-9.62905
-9.62930
-9.62956
-9.62981
-9.63006
-9.63032
-9.63057
-9.63082
-9.63108
-9.63133
-9.63158
-9.63184
-9.63209
-9.63234
-9.63260
-9.63285
-9.63310
-9.63336
-9.63361
-9.63387
-9.63412
-9.63437
-9.63463
-9.63488
-9.63513
-9.63539
-9.63564
-9.63589
-9.63615
-9.63640
-9.63665
-9.63691
-9.63716
-9.63741
-9.63767
-9.63792
-9.63817
-9.63843
-9.63868
-9.63894
-9.63919
-9.63944
-9.63970
-9.63995
-9.64020
-9.64046
-9.64071
-9.64096
-9.64122
-9.64147
-9.64172
-9.64198
-9.64223
-9.64248
-9.64274
-9.64299
-9.64324
-9.64350
-9.64375
-9.64401
-9.64426
-9.64451
-9.64477
-9.64502
-9.64527
-9.64553
-9.64578
-9.64603
-9.64629
-9.64654
-9.64679
-9.64705
-9.64730
-9.64755
-9.64781
-9.64806
-9.64832
-9.64857
-9.64882
-9.64908
-9.64933
-9.64958
-9.64984
-9.65009
-9.65034
-9.65060
-9.65085
-9.65110
-9.65136
-9.65161
-9.65186
-9.65212
-9.65237
-9.65262
-9.65288
-9.65313
-9.65339
-9.65364
-9.65389
-9.65415
-9.65440
-9.65465
-9.65491
-9.65516
-9.65541
-9.65567
-9.65592
-9.65617
-9.65643
-9.65668
-9.65693
-9.65719
-9.65744
-9.65769
-9.65795
-9.65820
-9.65846
-9.65871
-9.65896
-9.65922
-9.65947
-9.65972
-9.65998
-9.66023
-9.66048
-9.66074
-9.66099
-9.66124
-9.66150
-9.66175
-9.66200
-9.66226
-9.66251
-9.66276
-9.66302
-9.66327
-9.66353
-9.66378
-9.66403
-9.66429
-9.66454
-9.66479
-9.66505
-9.66530
-9.66555
-9.66581
-9.66606
-9.66631
-9.66657
-9.66682
-9.66707
-9.66733
-9.66758
-9.66783
-9.66809
-9.66834
-9.66860
-9.66885
-9.66910
-9.66936
-9.66961
-9.66986
-9.67012
-9.67037
-9.67062
-9.67088
-9.67113
-9.67138
-9.67164
-9.67189
-9.67214
-9.67240
-9.67265
-9.67291
-9.67316
-9.67341
-9.67367
-9.67392
-9.67417
-9.67443
-9.67468
-9.67493
-9.67519
-9.67544
-9.67569
-9.67595
-9.67620
-9.67645
-9.67671
-9.67696
-9.67721
-9.67747
-9.67772
-9.67798
-9.67823
-9.67848
-9.67874
-9.67899
-9.67924
-9.67950
-9.67975
-9.68000
-9.68026
-9.68051
-9.68076
-9.68102
-9.68127
-9.68152
-9.68178
-9.68203
-9.68228
-9.68254
-9.68279
-9.68305
-9.68330
-9.68355
-9.68381
-9.68406
-9.68431
-9.68457
-9.68482
-9.68507
-9.68533
-9.68558
-9.68583
-9.68609
-9.68634
-9.68659
-9.68685
-9.68710
-9.68735
-9.68761
-9.68786
-9.68811
-9.68837
-9.68862
-9.68888
-9.68913
-9.68938
-9.68964
-9.68989
-9.69014
-9.69040
-9.69065
-9.69090
-9.69116
-9.69141
-9.69166
-9.69192
-9.69217
-9.69242
-9.69268
-9.69293
-9.69318
-9.69344
-9.69369
-9.69395
-9.69420
-9.69445
-9.69471
-9.69496
-9.69521
-9.69547
-9.69572
-9.69597
-9.69623
-9.69648
-9.69673
-9.69699
-9.69724
-9.69749
-9.69775
-9.69800
-9.69825
-9.69851
-9.69876
-9.69902
-9.69927
-9.69952
-9.69978
-9.70003
-9.70028
-9.70054
-9.70079
-9.70104
-9.70130
-9.70155
-9.70180
-9.70206
-9.70231
-9.70256
-9.70282
-9.70307
-9.70332
-9.70358
-9.70383
-9.70409
-9.70434
-9.70459
-9.70485
-9.70510
-9.70535
-9.70561
-9.70586
-9.70611
-9.70637
-9.70662
-9.70687
-9.70713
-9.70738
-9.70763
-9.70789
-9.70814
-9.70839
-9.70865
-9.70890
-9.70916
-9.70941
-9.70966
-9.70992
-9.71017
-9.71042
-9.71068
-9.71093
-9.71118
-9.71144
-9.71169
-9.71194
-9.71220
-9.71245
-9.71270
-9.71296
-9.71321
-9.71346
-9.71372
-9.71397
-9.71422
-9.71448
-9.71473
-9.71499
-9.71524
-9.71549
-9.71575
-9.71600
-9.71625
-9.71651
-9.71676
-9.71701
-9.71727
-9.71752
-9.71777
-9.71803
-9.71828
-9.71853
-9.71879
-9.71904
-9.71929
-9.71955
-9.71980
-9.72006
-9.72031
-9.72056
-9.72082
-9.72107
-9.72132
-9.72158
-9.72183
-9.72208
-9.72234
-9.72259
-9.72284
-9.72310
-9.72335
-9.72360
-9.72386
-9.72411
-9.72436
-9.72462
-9.72487
-9.72512
-9.72538
-9.72563
-9.72589
-9.72614
-9.72639
-9.72665
-9.72690
-9.72715
-9.72741
-9.72766
-9.72791
-9.72817
-9.72842
-9.72867
-9.72893
-9.72918
-9.72943
-9.72969
-9.72994
-9.73019
-9.73045
-9.73070
-9.73096
-9.73121
-9.73146
-9.73172
-9.73197
-9.73222
-9.73248
-9.73273
-9.73298
-9.73324
-9.73349
-9.73374
-9.73400
-9.73425
-9.73450
-9.73476
-9.73501
-9.73526
-9.73552
-9.73577
-9.73602
-9.73628
-9.73653
-9.73679
-9.73704
-9.73729
-9.73755
-9.73780
-9.73805
-9.73831
-9.73856
-9.73881
-9.73907
-9.73932
-9.73957
-9.73983
-9.74008
-9.74033
-9.74059
-9.74084
-9.74109
-9.74135
-9.74160
-9.74185
-9.74211
-9.74236
-9.74262
-9.74287
-9.74312
-9.74338
-9.74363
-9.74388
-9.74414
-9.74439
-9.74464
-9.74490
-9.74515
-9.74540
-9.74566
-9.74591
-9.74616
-9.74642
-9.74667
-9.74692
-9.74718
-9.74743
-9.74768
-9.74794
-9.74819
-9.74845
-9.74870
-9.74895
-9.74921
-9.74946
-9.74971
-9.74997
-9.75022
-9.75047
-9.75073
-9.75098
-9.75123
-9.75149
-9.75174
-9.75199
-9.75225
-9.75250
-9.75275
-9.75301
-9.75326
-9.75352
-9.75377
-9.75402
-9.75428
-9.75453
-9.75478
-9.75504
-9.75529
-9.75554
-9.75580
-9.75605
-9.75630
-9.75656
-9.75681
-9.75706
-9.75732
-9.75757
-9.75782
-9.75808
-9.75833
-9.75858
-9.75884
-9.75909
-9.75935
-9.75960
-9.75985
-9.76011
-9.76036
-9.76061
-9.76087
-9.76112
-9.76137
-9.76163
-9.76188
-9.76213
-9.76239
-9.76264
-9.76289
-9.76315
-9.76340
-9.76365
-9.76391
-9.76416
-9.76441
-9.76467
-9.76492
-9.76518
-9.76543
-9.76568
-9.76594
-9.76619
-9.76644
-9.76670
-9.76695
-9.76720
-9.76746
-9.76771
-9.76796
-9.76822
-9.76847
-9.76872
-9.76898
-9.76923
-9.76948
-9.76974
-9.76999
-9.77024
-9.77050
-9.77075
-9.77101
-9.77126
-9.77151
-9.77177
-9.77202
-9.77227
-9.77253
-9.77278
-9.77303
-9.77329
-9.77354
-9.77379
-9.77405
-9.77430
-9.77455
-9.77481
-9.77506
-9.77531
-9.77557
-9.77582
-9.77607
-9.77633
-9.77658
-9.77683
-9.77709
-9.77734
-9.77760
-9.77785
-9.77810
-9.77836
-9.77861
-9.77886
-9.77912
-9.77937
-9.77962
-9.77988
-9.78013
-9.78038
-9.78064
-9.78089
-9.78114
-9.78140
-9.78165
-9.78190
-9.78216
-9.78241
-9.78266
-9.78292
-9.78317
-9.78343
-9.78368
-9.78393
-9.78419
-9.78444
-9.78469
-9.78495
-9.78520
-9.78545
-9.78571
-9.78596
-9.78621
-9.78647
-9.78672
-9.78697
-9.78723
-9.78748
-9.78773
-9.78799
-9.78824
-9.78849
-9.78875
-9.78900
-9.78926
-9.78951
-9.78976
-9.79002
-9.79027
-9.79052
-9.79078
-9.79103
-9.79128
-9.79154
-9.79179
-9.79204
-9.79230
-9.79255
-9.79280
-9.79306
-9.79331
-9.79356
-9.79382
-9.79407
-9.79432
-9.79458
-9.79483
-9.79508
-9.79534
-9.79559
-9.79585
-9.79610
-9.79635
-9.79661
-9.79686
-9.79711
-9.79737
-9.79762
-9.79787
-9.79813
-9.79838
-9.79863
-9.79889
-9.79914
-9.79939
-9.79965
-9.79990
-9.80015
-9.80041
-9.80066
-9.80091
-9.80117
-9.80142
-9.80168
-9.80193
-9.80218
-9.80244
-9.80269
-9.80294
-9.80320
-9.80345
-9.80370
-9.80396
-9.80421
-9.80446
-9.80472
-9.80497
-9.80522
-9.80548
-9.80573
-9.80598
-9.80624
-9.80649
-9.80674
-9.80700
-9.80725
-9.80750
-9.80776
-9.80801
-9.80827
-9.80852
-9.80877
-9.80903
-9.80928
-9.80953
-9.80979
-9.81004
-9.81029
-9.81055
-9.81080
-9.81105
-9.81131
-9.81156
-9.81181
-9.81207
-9.81232
-9.81257
-9.81283
-9.81308
-9.81333
-9.81359
-9.81384
-9.81409
-9.81435
-9.81460
-9.81486
-9.81511
-9.81536
-9.81562
-9.81587
-9.81612
-9.81638
-9.81663
-9.81688
-9.81714
-9.81739
-9.81764
-9.81790
-9.81815
-9.81840
-9.81866
-9.81891
-9.81916
-9.81942
-9.81967
-9.81992
-9.82018
-9.82043
-9.82069
-9.82094
-9.82119
-9.82145
-9.82170
-9.82195
-9.82221
-9.82246
-9.82271
-9.82297
-9.82322
-9.82347
-9.82373
-9.82398
-9.82423
-9.82449
-9.82474
-9.82499
-9.82525
-9.82550
-9.82575
-9.82601
-9.82626
-9.82651
-9.82677
-9.82702
-9.82728
-9.82753
-9.82778
-9.82804
-9.82829
-9.82854
-9.82880
-9.82905
-9.82930
-9.82956
-9.82981
-9.83006
-9.83032
-9.83057
-9.83082
-9.83108
-9.83133
-9.83158
-9.83184
-9.83209
-9.83234
-9.83260
-9.83285
-9.83310
-9.83336
-9.83361
-9.83387
-9.83412
-9.83437
-9.83463
-9.83488
-9.83513
-9.83539
-9.83564
-9.83589
-9.83615
-9.83640
-9.83665
-9.83691
-9.83716
-9.83741
-9.83767
-9.83792
-9.83817
-9.83843
-9.83868
-9.83893
-9.83919
-9.83944
-9.83969
-9.83995
-9.84020
-9.84045
-9.84071
-9.84096
-9.84122
-9.84147
-9.84172
-9.84198
-9.84223
-9.84248
-9.84274
-9.84299
-9.84324
-9.84350
-9.84375
-9.84400
-9.84426
-9.84451
-9.84476
-9.84502
-9.84527
-9.84552
-9.84578
-9.84603
-9.84628
-9.84654
-9.84679
-9.84704
-9.84730
-9.84755
-9.84781
-9.84806
-9.84831
-9.84857
-9.84882
-9.84907
-9.84933
-9.84958
-9.84983
-9.85009
-9.85034
-9.85059
-9.85085
-9.85110
-9.85135
-9.85161
-9.85186
-9.85211
-9.85237
-9.85262
-9.85287
-9.85313
-9.85338
-9.85363
-9.85389
-9.85414
-9.85440
-9.85465
-9.85490
-9.85516
-9.85541
-9.85566
-9.85592
-9.85617
-9.85642
-9.85668
-9.85693
-9.85718
-9.85744
-9.85769
-9.85794
-9.85820
-9.85845
-9.85870
-9.85896
-9.85921
-9.85946
-9.85972
-9.85997
-9.86022
-9.86048
-9.86073
-9.86098
-9.86124
-9.86149
-9.86175
-9.86200
-9.86225
-9.86251
-9.86276
-9.86301
-9.86327
-9.86352
-9.86377
-9.86403
-9.86428
-9.86453
-9.86479
-9.86504
-9.86529
-9.86555
-9.86580
-9.86605
-9.86631
-9.86656
-9.86681
-9.86707
-9.86732
-9.86757
-9.86783
-9.86808
-9.86833
-9.86859
-9.86884
-9.86910
-9.86935
-9.86960
-9.86986
-9.87011
-9.87036
-9.87062
-9.87087
-9.87112
-9.87138
-9.87163
-9.87188
-9.87214
-9.87239
-9.87264
-9.87290
-9.87315
-9.87340
-9.87366
-9.87391
-9.87416
-9.87442
-9.87467
-9.87492
-9.87518
-9.87543
-9.87569
-9.87594
-9.87619
-9.87645
-9.87670
-9.87695
-9.87721
-9.87746
-9.87771
-9.87797
-9.87822
-9.87847
-9.87873
-9.87898
-9.87923
-9.87949
-9.87974
-9.87999
-9.88025
-9.88050
-9.88075
-9.88101
-9.88126
-9.88151
-9.88177
-9.88202
-9.88227
-9.88253
-9.88278
-9.88303
-9.88329
-9.88354
-9.88380
-9.88405
-9.88430
-9.88456
-9.88481
-9.88506
-9.88532
-9.88557
-9.88582
-9.88608
-9.88633
-9.88658
-9.88684
-9.88709
-9.88734
-9.88760
-9.88785
-9.88810
-9.88836
-9.88861
-9.88886
-9.88912
-9.88937
-9.88962
-9.88988
-9.89013
-9.89038
-9.89064
-9.89089
-9.89115
-9.89140
-9.89165
-9.89191
-9.89216
-9.89241
-9.89267
-9.89292
-9.89317
-9.89343
-9.89368
-9.89393
-9.89419
-9.89444
-9.89469
-9.89495
-9.89520
-9.89545
-9.89571
-9.89596
-9.89621
-9.89647
-9.89672
-9.89697
-9.89723
-9.89748
-9.89773
-9.89799
-9.89824
-9.89850
-9.89875
-9.89900
-9.89926
-9.89951
-9.89976
-9.90002
-9.90027
-9.90052
-9.90078
-9.90103
-9.90128
-9.90154
-9.90179
-9.90204
-9.90230
-9.90255
-9.90280
-9.90306
-9.90331
-9.90356
-9.90382
-9.90407
-9.90432
-9.90458
-9.90483
-9.90508
-9.90534
-9.90559
-9.90584
-9.90610
-9.90635
-9.90661
-9.90686
-9.90711
-9.90737
-9.90762
-9.90787
-9.90813
-9.90838
-9.90863
-9.90889
-9.90914
-9.90939
-9.90965
-9.90990
-9.91015
-9.91041
-9.91066
-9.91091
-9.91117
-9.91142
-9.91167
-9.91193
-9.91218
-9.91243
-9.91269
-9.91294
-9.91319
-9.91345
-9.91370
-9.91396
-9.91421
-9.91446
-9.91472
-9.91497
-9.91522
-9.91548
-9.91573
-9.91598
-9.91624
-9.91649
-9.91674
-9.91700
-9.91725
-9.91750
-9.91776
-9.91801
-9.91826
-9.91852
-9.91877
-9.91902
-9.91928
-9.91953
-9.91978
-9.92004
-9.92029
-9.92054
-9.92080
-9.92105
-9.92130
-9.92156
-9.92181
-9.92207
-9.92232
-9.92257
-9.92283
-9.92308
-9.92333
-9.92359
-9.92384
-9.92409
-9.92435
-9.92460
-9.92485
-9.92511
-9.92536
-9.92561
-9.92587
-9.92612
-9.92637
-9.92663
-9.92688
-9.92713
-9.92739
-9.92764
-9.92789
-9.92815
-9.92840
-9.92865
-9.92891
-9.92916
-9.92941
-9.92967
-9.92992
-9.93018
-9.93043
-9.93068
-9.93094
-9.93119
-9.93144
-9.93170
-9.93195
-9.93220
-9.93246
-9.93271
-9.93296
-9.93322
-9.93347
-9.93372
-9.93398
-9.93423
-9.93448
-9.93474
-9.93499
-9.93524
-9.93550
-9.93575
-9.93600
-9.93626
-9.93651
-9.93676
-9.93702
-9.93727
-9.93752
-9.93778
-9.93803
-9.93828
-9.93854
-9.93879
-9.93905
-9.93930
-9.93955
-9.93981
-9.94006
-9.94031
-9.94057
-9.94082
-9.94107
-9.94133
-9.94158
-9.94183
-9.94209
-9.94234
-9.94259
-9.94285
-9.94310
-9.94335
-9.94361
-9.94386
-9.94411
-9.94437
-9.94462
-9.94487
-9.94513
-9.94538
-9.94563
-9.94589
-9.94614
-9.94639
-9.94665
-9.94690
-9.94716
-9.94741
-9.94766
-9.94792
-9.94817
-9.94842
-9.94868
-9.94893
-9.94918
-9.94944
-9.94969
-9.94994
-9.95020
-9.95045
-9.95070
-9.95096
-9.95121
-9.95146
-9.95172
-9.95197
-9.95222
-9.95248
-9.95273
-9.95298
-9.95324
-9.95349
-9.95374
-9.95400
-9.95425
-9.95450
-9.95476
-9.95501
-9.95526
-9.95552
-9.95577
-9.95603
-9.95628
-9.95653
-9.95679
-9.95704
-9.95729
-9.95755
-9.95780
-9.95805
-9.95831
-9.95856
-9.95881
-9.95907
-9.95932
-9.95957
-9.95983
-9.96008
-9.96033
-9.96059
-9.96084
-9.96109
-9.96135
-9.96160
-9.96185
-9.96211
-9.96236
-9.96261
-9.96287
-9.96312
-9.96337
-9.96363
-9.96388
-9.96413
-9.96439
-9.96464
-9.96490
-9.96515
-9.96540
-9.96566
-9.96591
-9.96616
-9.96642
-9.96667
-9.96692
-9.96718
-9.96743
-9.96768
-9.96794
-9.96819
-9.96844
-9.96870
-9.96895
-9.96920
-9.96946
-9.96971
-9.96996
-9.97022
-9.97047
-9.97072
-9.97098
-9.97123
-9.97148
-9.97174
-9.97199
-9.97224
-9.97250
-9.97275
-9.97300
-9.97326
-9.97351
-9.97376
-9.97402
-9.97427
-9.97453
-9.97478
-9.97503
-9.97529
-9.97554
-9.97579
-9.97605
-9.97630
-9.97655
-9.97681
-9.97706
-9.97731
-9.97757
-9.97782
-9.97807
-9.97833
-9.97858
-9.97883
-9.97909
-9.97934
-9.97959
-9.97985
-9.98010
-9.98035
-9.98061
-9.98086
-9.98111
-9.98137
-9.98162
-9.98187
-9.98213
-9.98238
-9.98263
-9.98289
-9.98314
-9.98339
-9.98365
-9.98390
-9.98416
-9.98441
-9.98466
-9.98492
-9.98517
-9.98542
-9.98568
-9.98593
-9.98618
-9.98644
-9.98669
-9.98694
-9.98720
-9.98745
-9.98770
-9.98796
-9.98821
-9.98846
-9.98872
-9.98897
-9.98922
-9.98948
-9.98973
-9.98998
-9.99024
-9.99049
-9.99074
-9.99100
-9.99125
-9.99150
-9.99176
-9.99201
-9.99226
-9.99252
-9.99277
-9.99302
-9.99328
-9.99353
-9.99379
-9.99404
-9.99429
-9.99455
-9.99480
-9.99505
-9.99531
-9.99556
-9.99581
-9.99607
-9.99632
-9.99657
-9.99683
-9.99708
-9.99733
-9.99759
-9.99784
-9.99809
-9.99835
-9.99860
-9.99885
-9.99911
-9.99936
-9.99961
-9.99987
-10.00012
-10.00037
-10.00063
-10.00088
-10.00113
-10.00139
-10.00164
-10.00189
-10.00215
-10.00240
-10.00265
-10.00291
-10.00316
-10.00342
-10.00367
-10.00392
-10.00418
-10.00443
-10.00468
-10.00494
-10.00519
-10.00544
-10.00570
-10.00595
-10.00620
-10.00646
-10.00671
-10.00696
-10.00722
-10.00747
-10.00772
-10.00798
-10.00823
-10.00848
-10.00874
-10.00899
-10.00924
-10.00950
-10.00975
-10.01000
-10.01026
-10.01051
-10.01076
-10.01102
-10.01127
-10.01152
-10.01178
-10.01203
-10.01228
-10.01254
-10.01279
-10.01304
-10.01330
-10.01355
-10.01381
-10.01406
-10.01431
-10.01457
-10.01482
-10.01507
-10.01533
-10.01558
-10.01583
-10.01609
-10.01634
-10.01659
-10.01685
-10.01710
-10.01735
-10.01761
-10.01786
-10.01811
-10.01837
-10.01862
-10.01887
-10.01913
-10.01938
-10.01963
-10.01989
-10.02014
-10.02039
-10.02065
-10.02090
-10.02115
-10.02141
-10.02166
-10.02191
-10.02217
-10.02242
-10.02267
-10.02293
-10.02318
-10.02343
-10.02369
-10.02394
-10.02419
-10.02445
-10.02470
-10.02496
-10.02521
-10.02546
-10.02572
-10.02597
-10.02622
-10.02648
-10.02673
-10.02698
-10.02724
-10.02749
-10.02774
-10.02800
-10.02825
-10.02850
-10.02876
-10.02901
-10.02926
-10.02952
-10.02977
-10.03002
-10.03028
-10.03053
-10.03078
-10.03104
-10.03129
-10.03154
-10.03180
-10.03205
-10.03230
-10.03256
-10.03281
-10.03306
-10.03332
-10.03357
-10.03382
-10.03408
-10.03433
-10.03458
-10.03484
-10.03509
-10.03534
-10.03560
-10.03585
-10.03611
-10.03636
-10.03661
-10.03687
-10.03712
-10.03737
-10.03763
-10.03788
-10.03813
-10.03839
-10.03864
-10.03889
-10.03915
-10.03940
-10.03965
-10.03991
-10.04016
-10.04041
-10.04067
-10.04092
-10.04117
-10.04143
-10.04168
-10.04193
-10.04219
-10.04244
-10.04269
-10.04295
-10.04320
-10.04345
-10.04371
-10.04396
-10.04421
-10.04447
-10.04472
-10.04497
-10.04523
-10.04548
-10.04573
-10.04599
-10.04624
-10.04649
-10.04675
-10.04700
-10.04726
-10.04751
-10.04776
-10.04802
-10.04827
-10.04852
-10.04878
-10.04903
-10.04928
-10.04954
-10.04979
-10.05004
-10.05030
-10.05055
-10.05080
-10.05106
-10.05131
-10.05156
-10.05182
-10.05207
-10.05232
-10.05258
-10.05283
-10.05308
-10.05334
-10.05359
-10.05384
-10.05410
-10.05435
-10.05460
-10.05486
-10.05511
-10.05536
-10.05562
-10.05587
-10.05612
-10.05638
-10.05663
-10.05688
-10.05714
-10.05739
-10.05764
-10.05790
-10.05815
-10.05840
-10.05866
-10.05891
-10.05917
-10.05942
-10.05967
-10.05993
-10.06018
-10.06043
-10.06069
-10.06094
-10.06119
-10.06145
-10.06170
-10.06195
-10.06221
-10.06246
-10.06271
-10.06297
-10.06322
-10.06347
-10.06373
-10.06398
-10.06423
-10.06449
-10.06474
-10.06499
-10.06525
-10.06550
-10.06575
-10.06601
-10.06626
-10.06651
-10.06677
-10.06702
-10.06727
-10.06753
-10.06778
-10.06803
-10.06829
-10.06854
-10.06879
-10.06905
-10.06930
-10.06955
-10.06981
-10.07006
-10.07031
-10.07057
-10.07082
-10.07107
-10.07133
-10.07158
-10.07184
-10.07209
-10.07234
-10.07260
-10.07285
-10.07310
-10.07336
-10.07361
-10.07386
-10.07412
-10.07437
-10.07462
-10.07488
-10.07513
-10.07538
-10.07564
-10.07589
-10.07614
-10.07640
-10.07665
-10.07690
-10.07716
-10.07741
-10.07766
-10.07792
-10.07817
-10.07842
-10.07868
-10.07893
-10.07918
-10.07944
-10.07969
-10.07994
-10.08020
-10.08045
-10.08070
-10.08096
-10.08121
-10.08146
-10.08172
-10.08197
-10.08222
-10.08248
-10.08273
-10.08298
-10.08324
-10.08349
-10.08374
-10.08400
-10.08425
-10.08450
-10.08476
-10.08501
-10.08527
-10.08552
-10.08577
-10.08603
-10.08628
-10.08653
-10.08679
-10.08704
-10.08729
-10.08755
-10.08780
-10.08805
-10.08831
-10.08856
-10.08881
-10.08907
-10.08932
-10.08957
-10.08983
-10.09008
-10.09033
-10.09059
-10.09084
-10.09109
-10.09135
-10.09160
-10.09185
-10.09211
-10.09236
-10.09261
-10.09287
-10.09312
-10.09337
-10.09363
-10.09388
-10.09413
-10.09439
-10.09464
-10.09489
-10.09515
-10.09540
-10.09565
-10.09591
-10.09616
-10.09641
-10.09667
-10.09692
-10.09717
-10.09743
-10.09768
-10.09793
-10.09819
-10.09844
-10.09869
-10.09895
-10.09920
-10.09946
-10.09971
-10.09996
-10.10022
-10.10047
-10.10072
-10.10098
-10.10123
-10.10148
-10.10174
-10.10199
-10.10224
-10.10250
-10.10275
-10.10300
-10.10326
-10.10351
-10.10376
-10.10402
-10.10427
-10.10452
-10.10478
-10.10503
-10.10528
-10.10554
-10.10579
-10.10604
-10.10630
-10.10655
-10.10680
-10.10706
-10.10731
-10.10756
-10.10782
-10.10807
-10.10832
-10.10858
-10.10883
-10.10908
-10.10934
-10.10959
-10.10984
-10.11010
-10.11035
-10.11060
-10.11086
-10.11111
-10.11136
-10.11162
-10.11187
-10.11212
-10.11238
-10.11263
-10.11288
-10.11314
-10.11339
-10.11364
-10.11390
-10.11415
-10.11441
-10.11466
-10.11491
-10.11517
-10.11542
-10.11567
-10.11593
-10.11618
-10.11643
-10.11669
-10.11694
-10.11719
-10.11745
-10.11770
-10.11795
-10.11821
-10.11846
-10.11871
-10.11897
-10.11922
-10.11947
-10.11973
-10.11998
-10.12023
-10.12049
-10.12074
-10.12099
-10.12125
-10.12150
-10.12175
-10.12201
-10.12226
-10.12251
-10.12277
-10.12302
-10.12327
-10.12353
-10.12378
-10.12403
-10.12429
-10.12454
-10.12479
-10.12505
-10.12530
-10.12555
-10.12581
-10.12606
-10.12631
-10.12657
-10.12682
-10.12707
-10.12733
-10.12758
-10.12783
-10.12809
-10.12834
-10.12859
-10.12885
-10.12910
-10.12935
-10.12961
-10.12986
-10.13012
-10.13037
-10.13062
-10.13088
-10.13113
-10.13138
-10.13164
-10.13189
-10.13214
-10.13240
-10.13265
-10.13290
-10.13316
-10.13341
-10.13366
-10.13392
-10.13417
-10.13442
-10.13468
-10.13493
-10.13518
-10.13544
-10.13569
-10.13594
-10.13620
-10.13645
-10.13670
-10.13696
-10.13721
-10.13746
-10.13772
-10.13797
-10.13822
-10.13848
-10.13873
-10.13898
-10.13924
-10.13949
-10.13974
-10.14000
-10.14025
-10.14050
-10.14076
-10.14101
-10.14126
-10.14152
-10.14177
-10.14202
-10.14228
-10.14253
-10.14278
-10.14304
-10.14329
-10.14354
-10.14380
-10.14405
-10.14430
-10.14456
-10.14481
-10.14506
-10.14532
-10.14557
-10.14582
-10.14608
-10.14633
-10.14658
-10.14684
-10.14709
-10.14734
-10.14760
-10.14785
-10.14811
-10.14836
-10.14861
-10.14887
-10.14912
-10.14937
-10.14963
-10.14988
-10.15013
-10.15039
-10.15064
-10.15089
-10.15115
-10.15140
-10.15165
-10.15191
-10.15216
-10.15241
-10.15267
-10.15292
-10.15317
-10.15343
-10.15368
-10.15393
-10.15419
-10.15444
-10.15469
-10.15495
-10.15520
-10.15545
-10.15571
-10.15596
-10.15621
-10.15647
-10.15672
-10.15697
-10.15723
-10.15748
-10.15773
-10.15799
-10.15824
-10.15849
-10.15875
-10.15900
-10.15925
-10.15951
-10.15976
-10.16001
-10.16027
-10.16052
-10.16077
-10.16103
-10.16128
-10.16153
-10.16179
-10.16204
-10.16229
-10.16255
-10.16280
-10.16305
-10.16331
-10.16356
-10.16381
-10.16407
-10.16432
-10.16457
-10.16483
-10.16508
-10.16533
-10.16559
-10.16584
-10.16609
-10.16635
-10.16660
-10.16685
-10.16711
-10.16736
-10.16762
-10.16787
-10.16812
-10.16838
-10.16863
-10.16888
-10.16914
-10.16939
-10.16964
-10.16990
-10.17015
-10.17040
-10.17066
-10.17091
-10.17116
-10.17142
-10.17167
-10.17192
-10.17218
-10.17243
-10.17268
-10.17294
-10.17319
-10.17344
-10.17370
-10.17395
-10.17420
-10.17446
-10.17471
-10.17496
-10.17522
-10.17547
-10.17572
-10.17598
-10.17623
-10.17648
-10.17674
-10.17699
-10.17724
-10.17750
-10.17775
-10.17800
-10.17826
-10.17851
-10.17876
-10.17902
-10.17927
-10.17952
-10.17978
-10.18003
-10.18028
-10.18054
-10.18079
-10.18104
-10.18130
-10.18155
-10.18180
-10.18206
-10.18231
-10.18256
-10.18282
-10.18307
-10.18332
-10.18358
-10.18383
-10.18408
-10.18434
-10.18459
-10.18484
-10.18510
-10.18535
-10.18560
-10.18586
-10.18611
-10.18636
-10.18662
-10.18687
-10.18712
-10.18738
-10.18763
-10.18788
-10.18814
-10.18839
-10.18864
-10.18890
-10.18915
-10.18941
-10.18966
-10.18991
-10.19017
-10.19042
-10.19067
-10.19093
-10.19118
-10.19143
-10.19169
-10.19194
-10.19219
-10.19245
-10.19270
-10.19295
-10.19321
-10.19346
-10.19371
-10.19397
-10.19422
-10.19447
-10.19473
-10.19498
-10.19523
-10.19549
-10.19574
-10.19599
-10.19625
-10.19650
-10.19675
-10.19701
-10.19726
-10.19751
-10.19777
-10.19802
-10.19827
-10.19853
-10.19878
-10.19903
-10.19929
-10.19954
-10.19979
-10.20005
-10.20030
-10.20055
-10.20081
-10.20106
-10.20131
-10.20157
-10.20182
-10.20207
-10.20233
-10.20258
-10.20283
-10.20309
-10.20334
-10.20359
-10.20385
-10.20410
-10.20435
-10.20461
-10.20486
-10.20511
-10.20537
-10.20562
-10.20587
-10.20613
-10.20638
-10.20663
-10.20689
-10.20714
-10.20739
-10.20765
-10.20790
-10.20815
-10.20841
-10.20866
-10.20891
-10.20917
-10.20942
-10.20967
-10.20993
-10.21018
-10.21043
-10.21069
-10.21094
-10.21119
-10.21145
-10.21170
-10.21195
-10.21221
-10.21246
-10.21271
-10.21297
-10.21322
-10.21347
-10.21373
-10.21398
-10.21423
-10.21449
-10.21474
-10.21499
-10.21525
-10.21550
-10.21576
-10.21601
-10.21626
-10.21652
-10.21677
-10.21702
-10.21728
-10.21753
-10.21778
-10.21804
-10.21829
-10.21854
-10.21880
-10.21905
-10.21930
-10.21956
-10.21981
-10.22006
-10.22032
-10.22057
-10.22082
-10.22108
-10.22133
-10.22158
-10.22184
-10.22209
-10.22234
-10.22260
-10.22285
-10.22310
-10.22336
-10.22361
-10.22386
-10.22412
-10.22437
-10.22462
-10.22488
-10.22513
-10.22538
-10.22564
-10.22589
-10.22614
-10.22640
-10.22665
-10.22690
-10.22716
-10.22741
-10.22766
-10.22792
-10.22817
-10.22842
-10.22868
-10.22893
-10.22918
-10.22944
-10.22969
-10.22994
-10.23020
-10.23045
-10.23070
-10.23096
-10.23121
-10.23146
-10.23172
-10.23197
-10.23222
-10.23248
-10.23273
-10.23298
-10.23324
-10.23349
-10.23374
-10.23400
-10.23425
-10.23450
-10.23476
-10.23501
-10.23526
-10.23552
-10.23577
-10.23602
-10.23628
-10.23653
-10.23678
-10.23704
-10.23729
-10.23754
-10.23780
-10.23805
-10.23830
-10.23856
-10.23881
-10.23906
-10.23932
-10.23957
-10.23982
-10.24008
-10.24033
-10.24058
-10.24084
-10.24109
-10.24134
-10.24160
-10.24185
-10.24210
-10.24236
-10.24261
-10.24286
-10.24312
-10.24337
-10.24362
-10.24388
-10.24413
-10.24438
-10.24464
-10.24489
-10.24514
-10.24540
-10.24565
-10.24590
-10.24616
-10.24641
-10.24666
-10.24692
-10.24717
-10.24742
-10.24768
-10.24793
-10.24818
-10.24844
-10.24869
-10.24894
-10.24920
-10.24945
-10.24970
-10.24996
-10.25021
-10.25046
-10.25072
-10.25097
-10.25123
-10.25148
-10.25173
-10.25199
-10.25224
-10.25249
-10.25275
-10.25300
-10.25325
-10.25351
-10.25376
-10.25401
-10.25427
-10.25452
-10.25477
-10.25503
-10.25528
-10.25553
-10.25579
-10.25604
-10.25629
-10.25655
-10.25680
-10.25705
-10.25731
-10.25756
-10.25781
-10.25807
-10.25832
-10.25857
-10.25883
-10.25908
-10.25933
-10.25959
-10.25984
-10.26009
-10.26035
-10.26060
-10.26085
-10.26111
-10.26136
-10.26161
-10.26187
-10.26212
-10.26237
-10.26263
-10.26288
-10.26313
-10.26339
-10.26364
-10.26389
-10.26415
-10.26440
-10.26465
-10.26491
-10.26516
-10.26541
-10.26567
-10.26592
-10.26617
-10.26643
-10.26668
-10.26693
-10.26719
-10.26744
-10.26769
-10.26795
-10.26820
-10.26845
-10.26871
-10.26896
-10.26921
-10.26947
-10.26972
-10.26997
-10.27023
-10.27048
-10.27073
-10.27099
-10.27124
-10.27149
-10.27175
-10.27200
-10.27225
-10.27251
-10.27276
-10.27301
-10.27327
-10.27352
-10.27377
-10.27403
-10.27428
-10.27453
-10.27479
-10.27504
-10.27529
-10.27555
-10.27580
-10.27605
-10.27631
-10.27656
-10.27681
-10.27707
-10.27732
-10.27757
-10.27783
-10.27808
-10.27833
-10.27859
-10.27884
-10.27909
-10.27935
-10.27960
-10.27985
-10.28011
-10.28036
-10.28061
-10.28087
-10.28112
-10.28137
-10.28163
-10.28188
-10.28213
-10.28239
-10.28264
-10.28289
-10.28315
-10.28340
-10.28365
-10.28391
-10.28416
-10.28441
-10.28467
-10.28492
-10.28517
-10.28543
-10.28568
-10.28593
-10.28619
-10.28644
-10.28669
-10.28695
-10.28720
-10.28745
-10.28771
-10.28796
-10.28821
-10.28847
-10.28872
-10.28897
-10.28923
-10.28948
-10.28973
-10.28999
-10.29024
-10.29049
-10.29075
-10.29100
-10.29125
-10.29151
-10.29176
-10.29201
-10.29227
-10.29252
-10.29277
-10.29303
-10.29328
-10.29353
-10.29379
-10.29404
-10.29429
-10.29455
-10.29480
-10.29505
-10.29531
-10.29556
-10.29581
-10.29607
-10.29632
-10.29657
-10.29683
-10.29708
-10.29733
-10.29759
-10.29784
-10.29809
-10.29835
-10.29860
-10.29885
-10.29911
-10.29936
-10.29961
-10.29987
-10.30012
-10.30037
-10.30063
-10.30088
-10.30113
-10.30139
-10.30164
-10.30189
-10.30215
-10.30240
-10.30265
-10.30291
-10.30316
-10.30341
-10.30367
-10.30392
-10.30417
-10.30443
-10.30468
-10.30493
-10.30519
-10.30544
-10.30569
-10.30595
-10.30620
-10.30645
-10.30671
-10.30696
-10.30721
-10.30747
-10.30772
-10.30797
-10.30823
-10.30848
-10.30873
-10.30899
-10.30924
-10.30949
-10.30975
-10.31000
-10.31025
-10.31051
-10.31076
-10.31101
-10.31127
-10.31152
-10.31177
-10.31203
-10.31228
-10.31253
-10.31279
-10.31304
-10.31329
-10.31355
-10.31380
-10.31405
-10.31431
-10.31456
-10.31481
-10.31507
-10.31532
-10.31557
-10.31583
-10.31608
-10.31633
-10.31659
-10.31684
-10.31709
-10.31735
-10.31760
-10.31785
-10.31811
-10.31836
-10.31861
-10.31887
-10.31912
-10.31937
-10.31963
-10.31988
-10.32013
-10.32039
-10.32064
-10.32089
-10.32115
-10.32140
-10.32165
-10.32191
-10.32216
-10.32241
-10.32267
-10.32292
-10.32317
-10.32343
-10.32368
-10.32393
-10.32419
-10.32444
-10.32469
-10.32495
-10.32520
-10.32545
-10.32571
-10.32596
-10.32621
-10.32647
-10.32672
-10.32697
-10.32723
-10.32748
-10.32773
-10.32799
-10.32824
-10.32849
-10.32875
-10.32900
-10.32925
-10.32951
-10.32976
-10.33001
-10.33027
-10.33052
-10.33077
-10.33103
-10.33128
-10.33153
-10.33179
-10.33204
-10.33229
-10.33255
-10.33280
-10.33305
-10.33331
-10.33356
-10.33381
-10.33407
-10.33432
-10.33457
-10.33483
-10.33508
-10.33533
-10.33559
-10.33584
-10.33609
-10.33635
-10.33660
-10.33685
-10.33711
-10.33736
-10.33761
-10.33787
-10.33812
-10.33837
-10.33863
-10.33888
-10.33913
-10.33939
-10.33964
-10.33989
-10.34015
-10.34040
-10.34065
-10.34091
-10.34116
-10.34141
-10.34167
-10.34192
-10.34217
-10.34243
-10.34268
-10.34293
-10.34319
-10.34344
-10.34369
-10.34395
-10.34420
-10.34445
-10.34471
-10.34496
-10.34521
-10.34547
-10.34572
-10.34597
-10.34623
-10.34648
-10.34673
-10.34699
-10.34724
-10.34749
-10.34775
-10.34800
-10.34825
-10.34851
-10.34876
-10.34901
-10.34927
-10.34952
-10.34977
-10.35003
-10.35028
-10.35053
-10.35079
-10.35104
-10.35129
-10.35155
-10.35180
-10.35205
-10.35231
-10.35256
-10.35281
-10.35307
-10.35332
-10.35357
-10.35383
-10.35408
-10.35433
-10.35459
-10.35484
-10.35509
-10.35535
-10.35560
-10.35585
-10.35611
-10.35636
-10.35661
-10.35687
-10.35712
-10.35737
-10.35763
-10.35788
-10.35813
-10.35839
-10.35864
-10.35889
-10.35915
-10.35940
-10.35965
-10.35991
-10.36016
-10.36041
-10.36067
-10.36092
-10.36117
-10.36143
-10.36168
-10.36193
-10.36219
-10.36244
-10.36269
-10.36295
-10.36320
-10.36345
-10.36371
-10.36396
-10.36421
-10.36447
-10.36472
-10.36497
-10.36523
-10.36548
-10.36573
-10.36599
-10.36624
-10.36649
-10.36675
-10.36700
-10.36725
-10.36751
-10.36776
-10.36801
-10.36827
-10.36852
-10.36877
-10.36903
-10.36928
-10.36953
-10.36979
-10.37004
-10.37029
-10.37055
-10.37080
-10.37105
-10.37131
-10.37156
-10.37181
-10.37207
-10.37232
-10.37257
-10.37283
-10.37308
-10.37333
-10.37359
-10.37384
-10.37409
-10.37435
-10.37460
-10.37485
-10.37511
-10.37536
-10.37561
-10.37587
-10.37612
-10.37637
-10.37663
-10.37688
-10.37713
-10.37739
-10.37764
-10.37789
-10.37815
-10.37840
-10.37865
-10.37891
-10.37916
-10.37941
-10.37967
-10.37992
-10.38017
-10.38043
-10.38068
-10.38093
-10.38119
-10.38144
-10.38169
-10.38195
-10.38220
-10.38245
-10.38271
-10.38296
-10.38321
-10.38347
-10.38372
-10.38397
-10.38423
-10.38448
-10.38473
-10.38499
-10.38524
-10.38549
-10.38575
-10.38600
-10.38625
-10.38651
-10.38676
-10.38701
-10.38727
-10.38752
-10.38777
-10.38803
-10.38828
-10.38853
-10.38879
-10.38904
-10.38929
-10.38955
-10.38980
-10.39005
-10.39031
-10.39056
-10.39081
-10.39107
-10.39132
-10.39157
-10.39183
-10.39208
-10.39233
-10.39259
-10.39284
-10.39309
-10.39335
-10.39360
-10.39385
-10.39411
-10.39436
-10.39461
-10.39487
-10.39512
-10.39537
-10.39563
-10.39588
-10.39613
-10.39639
-10.39664
-10.39689
-10.39715
-10.39740
-10.39765
-10.39791
-10.39816
-10.39841
-10.39867
-10.39892
-10.39917
-10.39943
-10.39968
-10.39993
-10.40019
-10.40044
-10.40069
-10.40095
-10.40120
-10.40145
-10.40171
-10.40196
-10.40221
-10.40247
-10.40272
-10.40297
-10.40322
-10.40348
-10.40373
-10.40398
-10.40424
-10.40449
-10.40474
-10.40500
-10.40525
-10.40550
-10.40576
-10.40601
-10.40626
-10.40652
-10.40677
-10.40702
-10.40728
-10.40753
-10.40778
-10.40804
-10.40829
-10.40854
-10.40880
-10.40905
-10.40930
-10.40956
-10.40981
-10.41006
-10.41032
-10.41057
-10.41082
-10.41108
-10.41133
-10.41158
-10.41184
-10.41209
-10.41234
-10.41260
-10.41285
-10.41310
-10.41336
-10.41361
-10.41386
-10.41412
-10.41437
-10.41462
-10.41488
-10.41513
-10.41538
-10.41564
-10.41589
-10.41614
-10.41640
-10.41665
-10.41690
-10.41716
-10.41741
-10.41766
-10.41792
-10.41817
-10.41842
-10.41868
-10.41893
-10.41918
-10.41944
-10.41969
-10.41994
-10.42020
-10.42045
-10.42070
-10.42096
-10.42121
-10.42146
-10.42172
-10.42197
-10.42222
-10.42248
-10.42273
-10.42298
-10.42324
-10.42349
-10.42374
-10.42400
-10.42425
-10.42450
-10.42476
-10.42501
-10.42526
-10.42552
-10.42577
-10.42602
-10.42628
-10.42653
-10.42678
-10.42704
-10.42729
-10.42754
-10.42780
-10.42805
-10.42830
-10.42856
-10.42881
-10.42906
-10.42932
-10.42957
-10.42982
-10.43008
-10.43033
-10.43058
-10.43084
-10.43109
-10.43134
-10.43160
-10.43185
-10.43210
-10.43236
-10.43261
-10.43286
-10.43312
-10.43337
-10.43362
-10.43388
-10.43413
-10.43438
-10.43464
-10.43489
-10.43514
-10.43540
-10.43565
-10.43590
-10.43616
-10.43641
-10.43666
-10.43692
-10.43717
-10.43742
-10.43768
-10.43793
-10.43818
-10.43843
-10.43869
-10.43894
-10.43919
-10.43945
-10.43970
-10.43995
-10.44021
-10.44046
-10.44071
-10.44097
-10.44122
-10.44147
-10.44173
-10.44198
-10.44223
-10.44249
-10.44274
-10.44299
-10.44325
-10.44350
-10.44375
-10.44401
-10.44426
-10.44451
-10.44477
-10.44502
-10.44527
-10.44553
-10.44578
-10.44603
-10.44629
-10.44654
-10.44679
-10.44705
-10.44730
-10.44755
-10.44781
-10.44806
-10.44831
-10.44857
-10.44882
-10.44907
-10.44933
-10.44958
-10.44983
-10.45009
-10.45034
-10.45059
-10.45085
-10.45110
-10.45135
-10.45161
-10.45186
-10.45211
-10.45237
-10.45262
-10.45287
-10.45313
-10.45338
-10.45363
-10.45389
-10.45414
-10.45439
-10.45465
-10.45490
-10.45515
-10.45541
-10.45566
-10.45591
-10.45617
-10.45642
-10.45667
-10.45693
-10.45718
-10.45743
-10.45769
-10.45794
-10.45819
-10.45845
-10.45870
-10.45895
-10.45921
-10.45946
-10.45971
-10.45997
-10.46022
-10.46047
-10.46073
-10.46098
-10.46123
-10.46149
-10.46174
-10.46199
-10.46225
-10.46250
-10.46275
-10.46301
-10.46326
-10.46351
-10.46377
-10.46402
-10.46427
-10.46453
-10.46478
-10.46503
-10.46528
-10.46554
-10.46579
-10.46604
-10.46630
-10.46655
-10.46680
-10.46706
-10.46731
-10.46756
-10.46782
-10.46807
-10.46832
-10.46858
-10.46883
-10.46908
-10.46934
-10.46959
-10.46984
-10.47010
-10.47035
-10.47060
-10.47086
-10.47111
-10.47136
-10.47162
-10.47187
-10.47212
-10.47238
-10.47263
-10.47288
-10.47314
-10.47339
-10.47364
-10.47390
-10.47415
-10.47440
-10.47466
-10.47491
-10.47516
-10.47542
-10.47567
-10.47592
-10.47618
-10.47643
-10.47668
-10.47694
-10.47719
-10.47744
-10.47770
-10.47795
-10.47820
-10.47846
-10.47871
-10.47896
-10.47922
-10.47947
-10.47972
-10.47998
-10.48023
-10.48048
-10.48074
-10.48099
-10.48124
-10.48150
-10.48175
-10.48200
-10.48226
-10.48251
-10.48276
-10.48302
-10.48327
-10.48352
-10.48378
-10.48403
-10.48428
-10.48454
-10.48479
-10.48504
-10.48530
-10.48555
-10.48580
-10.48606
-10.48631
-10.48656
-10.48682
-10.48707
-10.48732
-10.48757
-10.48783
-10.48808
-10.48833
-10.48859
-10.48884
-10.48909
-10.48935
-10.48960
-10.48985
-10.49011
-10.49036
-10.49061
-10.49087
-10.49112
-10.49137
-10.49163
-10.49188
-10.49213
-10.49239
-10.49264
-10.49289
-10.49315
-10.49340
-10.49365
-10.49391
-10.49416
-10.49441
-10.49467
-10.49492
-10.49517
-10.49543
-10.49568
-10.49593
-10.49619
-10.49644
-10.49669
-10.49695
-10.49720
-10.49745
-10.49771
-10.49796
-10.49821
-10.49847
-10.49872
-10.49897
-10.49923
-10.49948
-10.49973
-10.49999
-10.50024
-10.50049
-10.50075
-10.50100
-10.50125
-10.50151
-10.50176
-10.50201
-10.50227
-10.50252
-10.50277
-10.50303
-10.50328
-10.50353
-10.50379
-10.50404
-10.50429
-10.50455
-10.50480
-10.50505
-10.50531
-10.50556
-10.50581
-10.50607
-10.50632
-10.50657
-10.50682
-10.50708
-10.50733
-10.50758
-10.50784
-10.50809
-10.50834
-10.50860
-10.50885
-10.50910
-10.50936
-10.50961
-10.50986
-10.51012
-10.51037
-10.51062
-10.51088
-10.51113
-10.51138
-10.51164
-10.51189
-10.51214
-10.51240
-10.51265
-10.51290
-10.51316
-10.51341
-10.51366
-10.51392
-10.51417
-10.51442
-10.51468
-10.51493
-10.51518
-10.51544
-10.51569
-10.51594
-10.51620
-10.51645
-10.51670
-10.51696
-10.51721
-10.51746
-10.51772
-10.51797
-10.51822
-10.51848
-10.51873
-10.51898
-10.51924
-10.51949
-10.51974
-10.52000
-10.52025
-10.52050
-10.52076
-10.52101
-10.52126
-10.52152
-10.52177
-10.52202
-10.52228
-10.52253
-10.52278
-10.52304
-10.52329
-10.52354
-10.52380
-10.52405
-10.52430
-10.52455
-10.52481
-10.52506
-10.52531
-10.52557
-10.52582
-10.52607
-10.52633
-10.52658
-10.52683
-10.52709
-10.52734
-10.52759
-10.52785
-10.52810
-10.52835
-10.52861
-10.52886
-10.52911
-10.52937
-10.52962
-10.52987
-10.53013
-10.53038
-10.53063
-10.53089
-10.53114
-10.53139
-10.53165
-10.53190
-10.53215
-10.53241
-10.53266
-10.53291
-10.53317
-10.53342
-10.53367
-10.53393
-10.53418
-10.53443
-10.53469
-10.53494
-10.53519
-10.53545
-10.53570
-10.53595
-10.53621
-10.53646
-10.53671
-10.53697
-10.53722
-10.53747
-10.53773
-10.53798
-10.53823
-10.53849
-10.53874
-10.53899
-10.53925
-10.53950
-10.53975
-10.54001
-10.54026
-10.54051
-10.54076
-10.54102
-10.54127
-10.54152
-10.54178
-10.54203
-10.54228
-10.54254
-10.54279
-10.54304
-10.54330
-10.54355
-10.54380
-10.54406
-10.54431
-10.54456
-10.54482
-10.54507
-10.54532
-10.54558
-10.54583
-10.54608
-10.54634
-10.54659
-10.54684
-10.54710
-10.54735
-10.54760
-10.54786
-10.54811
-10.54836
-10.54862
-10.54887
-10.54912
-10.54938
-10.54963
-10.54988
-10.55014
-10.55039
-10.55064
-10.55090
-10.55115
-10.55140
-10.55166
-10.55191
-10.55216
-10.55242
-10.55267
-10.55292
-10.55318
-10.55343
-10.55368
-10.55394
-10.55419
-10.55444
-10.55470
-10.55495
-10.55520
-10.55545
-10.55571
-10.55596
-10.55621
-10.55647
-10.55672
-10.55697
-10.55723
-10.55748
-10.55773
-10.55799
-10.55824
-10.55849
-10.55875
-10.55900
-10.55925
-10.55951
-10.55976
-10.56001
-10.56027
-10.56052
-10.56077
-10.56103
-10.56128
-10.56153
-10.56179
-10.56204
-10.56229
-10.56255
-10.56280
-10.56305
-10.56331
-10.56356
-10.56381
-10.56407
-10.56432
-10.56457
-10.56483
-10.56508
-10.56533
-10.56559
-10.56584
-10.56609
-10.56635
-10.56660
-10.56685
-10.56711
-10.56736
-10.56761
-10.56787
-10.56812
-10.56837
-10.56863
-10.56888
-10.56913
-10.56938
-10.56964
-10.56989
-10.57014
-10.57040
-10.57065
-10.57090
-10.57116
-10.57141
-10.57166
-10.57192
-10.57217
-10.57242
-10.57268
-10.57293
-10.57318
-10.57344
-10.57369
-10.57394
-10.57420
-10.57445
-10.57470
-10.57496
-10.57521
-10.57546
-10.57572
-10.57597
-10.57622
-10.57648
-10.57673
-10.57698
-10.57724
-10.57749
-10.57774
-10.57800
-10.57825
-10.57850
-10.57876
-10.57901
-10.57926
-10.57952
-10.57977
-10.58002
-10.58028
-10.58053
-10.58078
-10.58104
-10.58129
-10.58154
-10.58180
-10.58205
-10.58230
-10.58255
-10.58281
-10.58306
-10.58331
-10.58357
-10.58382
-10.58407
-10.58433
-10.58458
-10.58483
-10.58509
-10.58534
-10.58559
-10.58585
-10.58610
-10.58635
-10.58661
-10.58686
-10.58711
-10.58737
-10.58762
-10.58787
-10.58813
-10.58838
-10.58863
-10.58889
-10.58914
-10.58939
-10.58965
-10.58990
-10.59015
-10.59041
-10.59066
-10.59091
-10.59117
-10.59142
-10.59167
-10.59193
-10.59218
-10.59243
-10.59269
-10.59294
-10.59319
-10.59345
-10.59370
-10.59395
-10.59421
-10.59446
-10.59471
-10.59497
-10.59522
-10.59547
-10.59572
-10.59598
-10.59623
-10.59648
-10.59674
-10.59699
-10.59724
-10.59750
-10.59775
-10.59800
-10.59826
-10.59851
-10.59876
-10.59902
-10.59927
-10.59952
-10.59978
-10.60003
-10.60028
-10.60054
-10.60079
-10.60104
-10.60130
-10.60155
-10.60180
-10.60206
-10.60231
-10.60256
-10.60282
-10.60307
-10.60332
-10.60358
-10.60383
-10.60408
-10.60434
-10.60459
-10.60484
-10.60510
-10.60535
-10.60560
-10.60586
-10.60611
-10.60636
-10.60662
-10.60687
-10.60712
-10.60737
-10.60763
-10.60788
-10.60813
-10.60839
-10.60864
-10.60889
-10.60915
-10.60940
-10.60965
-10.60991
-10.61016
-10.61041
-10.61067
-10.61092
-10.61117
-10.61143
-10.61168
-10.61193
-10.61219
-10.61244
-10.61269
-10.61295
-10.61320
-10.61345
-10.61371
-10.61396
-10.61421
-10.61447
-10.61472
-10.61497
-10.61523
-10.61548
-10.61573
-10.61599
-10.61624
-10.61649
-10.61675
-10.61700
-10.61725
-10.61751
-10.61776
-10.61801
-10.61827
-10.61852
-10.61877
-10.61902
-10.61928
-10.61953
-10.61978
-10.62004
-10.62029
-10.62054
-10.62080
-10.62105
-10.62130
-10.62156
-10.62181
-10.62206
-10.62232
-10.62257
-10.62282
-10.62308
-10.62333
-10.62358
-10.62384
-10.62409
-10.62434
-10.62460
-10.62485
-10.62510
-10.62536
-10.62561
-10.62586
-10.62612
-10.62637
-10.62662
-10.62688
-10.62713
-10.62738
-10.62764
-10.62789
-10.62814
-10.62840
-10.62865
-10.62890
-10.62916
-10.62941
-10.62966
-10.62991
-10.63017
-10.63042
-10.63067
-10.63093
-10.63118
-10.63143
-10.63169
-10.63194
-10.63219
-10.63245
-10.63270
-10.63295
-10.63321
-10.63346
-10.63371
-10.63397
-10.63422
-10.63447
-10.63473
-10.63498
-10.63523
-10.63549
-10.63574
-10.63599
-10.63625
-10.63650
-10.63675
-10.63701
-10.63726
-10.63751
-10.63777
-10.63802
-10.63827
-10.63853
-10.63878
-10.63903
-10.63929
-10.63954
-10.63979
-10.64005
-10.64030
-10.64055
-10.64080
-10.64106
-10.64131
-10.64156
-10.64182
-10.64207
-10.64232
-10.64258
-10.64283
-10.64308
-10.64334
-10.64359
-10.64384
-10.64410
-10.64435
-10.64460
-10.64486
-10.64511
-10.64536
-10.64562
-10.64587
-10.64612
-10.64638
-10.64663
-10.64688
-10.64714
-10.64739
-10.64764
-10.64790
-10.64815
-10.64840
-10.64866
-10.64891
-10.64916
-10.64942
-10.64967
-10.64992
-10.65018
-10.65043
-10.65068
-10.65093
-10.65119
-10.65144
-10.65169
-10.65195
-10.65220
-10.65245
-10.65271
-10.65296
-10.65321
-10.65347
-10.65372
-10.65397
-10.65423
-10.65448
-10.65473
-10.65499
-10.65524
-10.65549
-10.65575
-10.65600
-10.65625
-10.65651
-10.65676
-10.65701
-10.65727
-10.65752
-10.65777
-10.65803
-10.65828
-10.65853
-10.65879
-10.65904
-10.65929
-10.65955
-10.65980
-10.66005
-10.66031
-10.66056
-10.66081
-10.66106
-10.66132
-10.66157
-10.66182
-10.66208
-10.66233
-10.66258
-10.66284
-10.66309
-10.66334
-10.66360
-10.66385
-10.66410
-10.66436
-10.66461
-10.66486
-10.66512
-10.66537
-10.66562
-10.66588
-10.66613
-10.66638
-10.66664
-10.66689
-10.66714
-10.66740
-10.66765
-10.66790
-10.66816
-10.66841
-10.66866
-10.66892
-10.66917
-10.66942
-10.66968
-10.66993
-10.67018
-10.67044
-10.67069
-10.67094
-10.67119
-10.67145
-10.67170
-10.67195
-10.67221
-10.67246
-10.67271
-10.67297
-10.67322
-10.67347
-10.67373
-10.67398
-10.67423
-10.67449
-10.67474
-10.67499
-10.67525
-10.67550
-10.67575
-10.67601
-10.67626
-10.67651
-10.67677
-10.67702
-10.67727
-10.67753
-10.67778
-10.67803
-10.67829
-10.67854
-10.67879
-10.67905
-10.67930
-10.67955
-10.67981
-10.68006
-10.68031
-10.68056
-10.68082
-10.68107
-10.68132
-10.68158
-10.68183
-10.68208
-10.68234
-10.68259
-10.68284
-10.68310
-10.68335
-10.68360
-10.68386
-10.68411
-10.68436
-10.68462
-10.68487
-10.68512
-10.68538
-10.68563
-10.68588
-10.68614
-10.68639
-10.68664
-10.68690
-10.68715
-10.68740
-10.68766
-10.68791
-10.68816
-10.68842
-10.68867
-10.68892
-10.68918
-10.68943
-10.68968
-10.68993
-10.69019
-10.69044
-10.69069
-10.69095
-10.69120
-10.69145
-10.69171
-10.69196
-10.69221
-10.69247
-10.69272
-10.69297
-10.69323
-10.69348
-10.69373
-10.69399
-10.69424
-10.69449
-10.69475
-10.69500
-10.69525
-10.69551
-10.69576
-10.69601
-10.69627
-10.69652
-10.69677
-10.69703
-10.69728
-10.69753
-10.69779
-10.69804
-10.69829
-10.69854
-10.69880
-10.69905
-10.69930
-10.69956
-10.69981
-10.70006
-10.70032
-10.70057
-10.70082
-10.70108
-10.70133
-10.70158
-10.70184
-10.70209
-10.70234
-10.70260
-10.70285
-10.70310
-10.70336
-10.70361
-10.70386
-10.70412
-10.70437
-10.70462
-10.70488
-10.70513
-10.70538
-10.70564
-10.70589
-10.70614
-10.70640
-10.70665
-10.70690
-10.70715
-10.70741
-10.70766
-10.70791
-10.70817
-10.70842
-10.70867
-10.70893
-10.70918
-10.70943
-10.70969
-10.70994
-10.71019
-10.71045
-10.71070
-10.71095
-10.71121
-10.71146
-10.71171
-10.71197
-10.71222
-10.71247
-10.71273
-10.71298
-10.71323
-10.71349
-10.71374
-10.71399
-10.71425
-10.71450
-10.71475
-10.71501
-10.71526
-10.71551
-10.71576
-10.71602
-10.71627
-10.71652
-10.71678
-10.71703
-10.71728
-10.71754
-10.71779
-10.71804
-10.71830
-10.71855
-10.71880
-10.71906
-10.71931
-10.71956
-10.71982
-10.72007
-10.72032
-10.72058
-10.72083
-10.72108
-10.72134
-10.72159
-10.72184
-10.72210
-10.72235
-10.72260
-10.72286
-10.72311
-10.72336
-10.72362
-10.72387
-10.72412
-10.72437
-10.72463
-10.72488
-10.72513
-10.72539
-10.72564
-10.72589
-10.72615
-10.72640
-10.72665
-10.72691
-10.72716
-10.72741
-10.72767
-10.72792
-10.72817
-10.72843
-10.72868
-10.72893
-10.72919
-10.72944
-10.72969
-10.72995
-10.73020
-10.73045
-10.73071
-10.73096
-10.73121
-10.73147
-10.73172
-10.73197
-10.73223
-10.73248
-10.73273
-10.73298
-10.73324
-10.73349
-10.73374
-10.73400
-10.73425
-10.73450
-10.73476
-10.73501
-10.73526
-10.73552
-10.73577
-10.73602
-10.73628
-10.73653
-10.73678
-10.73704
-10.73729
-10.73754
-10.73780
-10.73805
-10.73830
-10.73856
-10.73881
-10.73906
-10.73932
-10.73957
-10.73982
-10.74008
-10.74033
-10.74058
-10.74083
-10.74109
-10.74134
-10.74159
-10.74185
-10.74210
-10.74235
-10.74261
-10.74286
-10.74311
-10.74337
-10.74362
-10.74387
-10.74413
-10.74438
-10.74463
-10.74489
-10.74514
-10.74539
-10.74565
-10.74590
-10.74615
-10.74641
-10.74666
-10.74691
-10.74717
-10.74742
-10.74767
-10.74793
-10.74818
-10.74843
-10.74868
-10.74894
-10.74919
-10.74944
-10.74970
-10.74995
-10.75020
-10.75046
-10.75071
-10.75096
-10.75122
-10.75147
-10.75172
-10.75198
-10.75223
-10.75248
-10.75274
-10.75299
-10.75324
-10.75350
-10.75375
-10.75400
-10.75426
-10.75451
-10.75476
-10.75502
-10.75527
-10.75552
-10.75578
-10.75603
-10.75628
-10.75653
-10.75679
-10.75704
-10.75729
-10.75755
-10.75780
-10.75805
-10.75831
-10.75856
-10.75881
-10.75907
-10.75932
-10.75957
-10.75983
-10.76008
-10.76033
-10.76059
-10.76084
-10.76109
-10.76135
-10.76160
-10.76185
-10.76211
-10.76236
-10.76261
-10.76287
-10.76312
-10.76337
-10.76363
-10.76388
-10.76413
-10.76438
-10.76464
-10.76489
-10.76514
-10.76540
-10.76565
-10.76590
-10.76616
-10.76641
-10.76666
-10.76692
-10.76717
-10.76742
-10.76768
-10.76793
-10.76818
-10.76844
-10.76869
-10.76894
-10.76920
-10.76945
-10.76970
-10.76996
-10.77021
-10.77046
-10.77072
-10.77097
-10.77122
-10.77147
-10.77173
-10.77198
-10.77223
-10.77249
-10.77274
-10.77299
-10.77325
-10.77350
-10.77375
-10.77401
-10.77426
-10.77451
-10.77477
-10.77502
-10.77527
-10.77553
-10.77578
-10.77603
-10.77629
-10.77654
-10.77679
-10.77705
-10.77730
-10.77755
-10.77781
-10.77806
-10.77831
-10.77856
-10.77882
-10.77907
-10.77932
-10.77958
-10.77983
-10.78008
-10.78034
-10.78059
-10.78084
-10.78110
-10.78135
-10.78160
-10.78186
-10.78211
-10.78236
-10.78262
-10.78287
-10.78312
-10.78338
-10.78363
-10.78388
-10.78414
-10.78439
-10.78464
-10.78490
-10.78515
-10.78540
-10.78566
-10.78591
-10.78616
-10.78641
-10.78667
-10.78692
-10.78717
-10.78743
-10.78768
-10.78793
-10.78819
-10.78844
-10.78869
-10.78895
-10.78920
-10.78945
-10.78971
-10.78996
-10.79021
-10.79047
-10.79072
-10.79097
-10.79123
-10.79148
-10.79173
-10.79199
-10.79224
-10.79249
-10.79275
-10.79300
-10.79325
-10.79350
-10.79376
-10.79401
-10.79426
-10.79452
-10.79477
-10.79502
-10.79528
-10.79553
-10.79578
-10.79604
-10.79629
-10.79654
-10.79680
-10.79705
-10.79730
-10.79756
-10.79781
-10.79806
-10.79832
-10.79857
-10.79882
-10.79908
-10.79933
-10.79958
-10.79984
-10.80009
-10.80034
-10.80059
-10.80085
-10.80110
-10.80135
-10.80161
-10.80186
-10.80211
-10.80237
-10.80262
-10.80287
-10.80313
-10.80338
-10.80363
-10.80389
-10.80414
-10.80439
-10.80465
-10.80490
-10.80515
-10.80541
-10.80566
-10.80591
-10.80617
-10.80642
-10.80667
-10.80692
-10.80718
-10.80743
-10.80768
-10.80794
-10.80819
-10.80844
-10.80870
-10.80895
-10.80920
-10.80946
-10.80971
-10.80996
-10.81022
-10.81047
-10.81072
-10.81098
-10.81123
-10.81148
-10.81174
-10.81199
-10.81224
-10.81250
-10.81275
-10.81300
-10.81326
-10.81351
-10.81376
-10.81401
-10.81427
-10.81452
-10.81477
-10.81503
-10.81528
-10.81553
-10.81579
-10.81604
-10.81629
-10.81655
-10.81680
-10.81705
-10.81731
-10.81756
-10.81781
-10.81807
-10.81832
-10.81857
-10.81883
-10.81908
-10.81933
-10.81959
-10.81984
-10.82009
-10.82035
-10.82060
-10.82085
-10.82110
-10.82136
-10.82161
-10.82186
-10.82212
-10.82237
-10.82262
-10.82288
-10.82313
-10.82338
-10.82364
-10.82389
-10.82414
-10.82440
-10.82465
-10.82490
-10.82516
-10.82541
-10.82566
-10.82592
-10.82617
-10.82642
-10.82668
-10.82693
-10.82718
-10.82743
-10.82769
-10.82794
-10.82819
-10.82845
-10.82870
-10.82895
-10.82921
-10.82946
-10.82971
-10.82997
-10.83022
-10.83047
-10.83073
-10.83098
-10.83123
-10.83149
-10.83174
-10.83199
-10.83225
-10.83250
-10.83275
-10.83301
-10.83326
-10.83351
-10.83376
-10.83402
-10.83427
-10.83452
-10.83478
-10.83503
-10.83528
-10.83554
-10.83579
-10.83604
-10.83630
-10.83655
-10.83680
-10.83706
-10.83731
-10.83756
-10.83782
-10.83807
-10.83832
-10.83858
-10.83883
-10.83908
-10.83934
-10.83959
-10.83984
-10.84010
-10.84035
-10.84060
-10.84085
-10.84111
-10.84136
-10.84161
-10.84187
-10.84212
-10.84237
-10.84263
-10.84288
-10.84313
-10.84339
-10.84364
-10.84389
-10.84415
-10.84440
-10.84465
-10.84491
-10.84516
-10.84541
-10.84567
-10.84592
-10.84617
-10.84643
-10.84668
-10.84693
-10.84718
-10.84744
-10.84769
-10.84794
-10.84820
-10.84845
-10.84870
-10.84896
-10.84921
-10.84946
-10.84972
-10.84997
-10.85022
-10.85048
-10.85073
-10.85098
-10.85124
-10.85149
-10.85174
-10.85200
-10.85225
-10.85250
-10.85276
-10.85301
-10.85326
-10.85351
-10.85377
-10.85402
-10.85427
-10.85453
-10.85478
-10.85503
-10.85529
-10.85554
-10.85579
-10.85605
-10.85630
-10.85655
-10.85681
-10.85706
-10.85731
-10.85757
-10.85782
-10.85807
-10.85833
-10.85858
-10.85883
-10.85908
-10.85934
-10.85959
-10.85984
-10.86010
-10.86035
-10.86060
-10.86086
-10.86111
-10.86136
-10.86162
-10.86187
-10.86212
-10.86238
-10.86263
-10.86288
-10.86314
-10.86339
-10.86364
-10.86390
-10.86415
-10.86440
-10.86466
-10.86491
-10.86516
-10.86541
-10.86567
-10.86592
-10.86617
-10.86643
-10.86668
-10.86693
-10.86719
-10.86744
-10.86769
-10.86795
-10.86820
-10.86845
-10.86871
-10.86896
-10.86921
-10.86947
-10.86972
-10.86997
-10.87023
-10.87048
-10.87073
-10.87099
-10.87124
-10.87149
-10.87174
-10.87200
-10.87225
-10.87250
-10.87276
-10.87301
-10.87326
-10.87352
-10.87377
-10.87402
-10.87428
-10.87453
-10.87478
-10.87504
-10.87529
-10.87554
-10.87580
-10.87605
-10.87630
-10.87656
-10.87681
-10.87706
-10.87732
-10.87757
-10.87782
-10.87807
-10.87833
-10.87858
-10.87883
-10.87909
-10.87934
-10.87959
-10.87985
-10.88010
-10.88035
-10.88061
-10.88086
-10.88111
-10.88137
-10.88162
-10.88187
-10.88213
-10.88238
-10.88263
-10.88289
-10.88314
-10.88339
-10.88364
-10.88390
-10.88415
-10.88440
-10.88466
-10.88491
-10.88516
-10.88542
-10.88567
-10.88592
-10.88618
-10.88643
-10.88668
-10.88694
-10.88719
-10.88744
-10.88770
-10.88795
-10.88820
-10.88846
-10.88871
-10.88896
-10.88922
-10.88947
-10.88972
-10.88997
-10.89023
-10.89048
-10.89073
-10.89099
-10.89124
-10.89149
-10.89175
-10.89200
-10.89225
-10.89251
-10.89276
-10.89301
-10.89327
-10.89352
-10.89377
-10.89403
-10.89428
-10.89453
-10.89479
-10.89504
-10.89529
-10.89554
-10.89580
-10.89605
-10.89630
-10.89656
-10.89681
-10.89706
-10.89732
-10.89757
-10.89782
-10.89808
-10.89833
-10.89858
-10.89884
-10.89909
-10.89934
-10.89960
-10.89985
-10.90010
-10.90036
-10.90061
-10.90086
-10.90111
-10.90137
-10.90162
-10.90187
-10.90213
-10.90238
-10.90263
-10.90289
-10.90314
-10.90339
-10.90365
-10.90390
-10.90415
-10.90441
-10.90466
-10.90491
-10.90517
-10.90542
-10.90567
-10.90593
-10.90618
-10.90643
-10.90668
-10.90694
-10.90719
-10.90744
-10.90770
-10.90795
-10.90820
-10.90846
-10.90871
-10.90896
-10.90922
-10.90947
-10.90972
-10.90998
-10.91023
-10.91048
-10.91074
-10.91099
-10.91124
-10.91150
-10.91175
-10.91200
-10.91225
-10.91251
-10.91276
-10.91301
-10.91327
-10.91352
-10.91377
-10.91403
-10.91428
-10.91453
-10.91479
-10.91504
-10.91529
-10.91555
-10.91580
-10.91605
-10.91631
-10.91656
-10.91681
-10.91707
-10.91732
-10.91757
-10.91783
-10.91808
-10.91833
-10.91858
-10.91884
-10.91909
-10.91934
-10.91960
-10.91985
-10.92010
-10.92036
-10.92061
-10.92086
-10.92112
-10.92137
-10.92162
-10.92188
-10.92213
-10.92238
-10.92264
-10.92289
-10.92314
-10.92340
-10.92365
-10.92390
-10.92415
-10.92441
-10.92466
-10.92491
-10.92517
-10.92542
-10.92567
-10.92593
-10.92618
-10.92643
-10.92669
-10.92694
-10.92719
-10.92745
-10.92770
-10.92795
-10.92821
-10.92846
-10.92871
-10.92896
-10.92922
-10.92947
-10.92972
-10.92998
-10.93023
-10.93048
-10.93074
-10.93099
-10.93124
-10.93150
-10.93175
-10.93200
-10.93226
-10.93251
-10.93276
-10.93302
-10.93327
-10.93352
-10.93378
-10.93403
-10.93428
-10.93453
-10.93479
-10.93504
-10.93529
-10.93555
-10.93580
-10.93605
-10.93631
-10.93656
-10.93681
-10.93707
-10.93732
-10.93757
-10.93783
-10.93808
-10.93833
-10.93859
-10.93884
-10.93909
-10.93935
-10.93960
-10.93985
-10.94010
-10.94036
-10.94061
-10.94086
-10.94112
-10.94137
-10.94162
-10.94188
-10.94213
-10.94238
-10.94264
-10.94289
-10.94314
-10.94340
-10.94365
-10.94390
-10.94416
-10.94441
-10.94466
-10.94492
-10.94517
-10.94542
-10.94567
-10.94593
-10.94618
-10.94643
-10.94669
-10.94694
-10.94719
-10.94745
-10.94770
-10.94795
-10.94821
-10.94846
-10.94871
-10.94897
-10.94922
-10.94947
-10.94973
-10.94998
-10.95023
-10.95048
-10.95074
-10.95099
-10.95124
-10.95150
-10.95175
-10.95200
-10.95226
-10.95251
-10.95276
-10.95302
-10.95327
-10.95352
-10.95378
-10.95403
-10.95428
-10.95454
-10.95479
-10.95504
-10.95530
-10.95555
-10.95580
-10.95605
-10.95631
-10.95656
-10.95681
-10.95707
-10.95732
-10.95757
-10.95783
-10.95808
-10.95833
-10.95859
-10.95884
-10.95909
-10.95935
-10.95960
-10.95985
-10.96011
-10.96036
-10.96061
-10.96087
-10.96112
-10.96137
-10.96162
-10.96188
-10.96213
-10.96238
-10.96264
-10.96289
-10.96314
-10.96340
-10.96365
-10.96390
-10.96416
-10.96441
-10.96466
-10.96492
-10.96517
-10.96542
-10.96568
-10.96593
-10.96618
-10.96643
-10.96669
-10.96694
-10.96719
-10.96745
-10.96770
-10.96795
-10.96821
-10.96846
-10.96871
-10.96897
-10.96922
-10.96947
-10.96973
-10.96998
-10.97023
-10.97049
-10.97074
-10.97099
-10.97125
-10.97150
-10.97175
-10.97200
-10.97226
-10.97251
-10.97276
-10.97302
-10.97327
-10.97352
-10.97378
-10.97403
-10.97428
-10.97454
-10.97479
-10.97504
-10.97530
-10.97555
-10.97580
-10.97606
-10.97631
-10.97656
-10.97681
-10.97707
-10.97732
-10.97757
-10.97783
-10.97808
-10.97833
-10.97859
-10.97884
-10.97909
-10.97935
-10.97960
-10.97985
-10.98011
-10.98036
-10.98061
-10.98087
-10.98112
-10.98137
-10.98162
-10.98188
-10.98213
-10.98238
-10.98264
-10.98289
-10.98314
-10.98340
-10.98365
-10.98390
-10.98416
-10.98441
-10.98466
-10.98492
-10.98517
-10.98542
-10.98568
-10.98593
-10.98618
-10.98644
-10.98669
-10.98694
-10.98719
-10.98745
-10.98770
-10.98795
-10.98821
-10.98846
-10.98871
-10.98897
-10.98922
-10.98947
-10.98973
-10.98998
-10.99023
-10.99049
-10.99074
-10.99099
-10.99125
-10.99150
-10.99175
-10.99200
-10.99226
-10.99251
-10.99276
-10.99302
-10.99327
-10.99352
-10.99378
-10.99403
-10.99428
-10.99454
-10.99479
-10.99504
-10.99530
-10.99555
-10.99580
-10.99606
-10.99631
-10.99656
-10.99681
-10.99707
-10.99732
-10.99757
-10.99783
-10.99808
-10.99833
-10.99859
-10.99884
-10.99909
-10.99935
-10.99960
-10.99985
-11.00011
-11.00036
-11.00061
-11.00087
-11.00112
-11.00137
-11.00162
-11.00188
-11.00213
-11.00238
-11.00264
-11.00289
-11.00314
-11.00340
-11.00365
-11.00390
-11.00416
-11.00441
-11.00466
-11.00492
-11.00517
-11.00542
-11.00568
-11.00593
-11.00618
-11.00643
-11.00669
-11.00694
-11.00719
-11.00745
-11.00770
-11.00795
-11.00821
-11.00846
-11.00871
-11.00897
-11.00922
-11.00947
-11.00973
-11.00998
-11.01023
-11.01049
-11.01074
-11.01099
-11.01124
-11.01150
-11.01175
-11.01200
-11.01226
-11.01251
-11.01276
-11.01302
-11.01327
-11.01352
-11.01378
-11.01403
-11.01428
-11.01454
-11.01479
-11.01504
-11.01530
-11.01555
-11.01580
-11.01605
-11.01631
-11.01656
-11.01681
-11.01707
-11.01732
-11.01757
-11.01783
-11.01808
-11.01833
-11.01859
-11.01884
-11.01909
-11.01935
-11.01960
-11.01985
-11.02011
-11.02036
-11.02061
-11.02086
-11.02112
-11.02137
-11.02162
-11.02188
-11.02213
-11.02238
-11.02264
-11.02289
-11.02314
-11.02340
-11.02365
-11.02390
-11.02416
-11.02441
-11.02466
-11.02492
-11.02517
-11.02542
-11.02567
-11.02593
-11.02618
-11.02643
-11.02669
-11.02694
-11.02719
-11.02745
-11.02770
-11.02795
-11.02821
-11.02846
-11.02871
-11.02897
-11.02922
-11.02947
-11.02973
-11.02998
-11.03023
-11.03048
-11.03074
-11.03099
-11.03124
-11.03150
-11.03175
-11.03200
-11.03226
-11.03251
-11.03276
-11.03302
-11.03327
-11.03352
-11.03378
-11.03403
-11.03428
-11.03454
-11.03479
-11.03504
-11.03529
-11.03555
-11.03580
-11.03605
-11.03631
-11.03656
-11.03681
-11.03707
-11.03732
-11.03757
-11.03783
-11.03808
-11.03833
-11.03859
-11.03884
-11.03909
-11.03935
-11.03960
-11.03985
-11.04010
-11.04036
-11.04061
-11.04086
-11.04112
-11.04137
-11.04162
-11.04188
-11.04213
-11.04238
-11.04264
-11.04289
-11.04314
-11.04340
-11.04365
-11.04390
-11.04415
-11.04441
-11.04466
-11.04491
-11.04517
-11.04542
-11.04567
-11.04593
-11.04618
-11.04643
-11.04669
-11.04694
-11.04719
-11.04745
-11.04770
-11.04795
-11.04821
-11.04846
-11.04871
-11.04896
-11.04922
-11.04947
-11.04972
-11.04998
-11.05023
-11.05048
-11.05074
-11.05099
-11.05124
-11.05150
-11.05175
-11.05200
-11.05226
-11.05251
-11.05276
-11.05302
-11.05327
-11.05352
-11.05377
-11.05403
-11.05428
-11.05453
-11.05479
-11.05504
-11.05529
-11.05555
-11.05580
-11.05605
-11.05631
-11.05656
-11.05681
-11.05707
-11.05732
-11.05757
-11.05782
-11.05808
-11.05833
-11.05858
-11.05884
-11.05909
-11.05934
-11.05960
-11.05985
-11.06010
-11.06036
-11.06061
-11.06086
-11.06112
-11.06137
-11.06162
-11.06188
-11.06213
-11.06238
-11.06263
-11.06289
-11.06314
-11.06339
-11.06365
-11.06390
-11.06415
-11.06441
-11.06466
-11.06491
-11.06517
-11.06542
-11.06567
-11.06593
-11.06618
-11.06643
-11.06669
-11.06694
-11.06719
-11.06744
-11.06770
-11.06795
-11.06820
-11.06846
-11.06871
-11.06896
-11.06922
-11.06947
-11.06972
-11.06998
-11.07023
-11.07048
-11.07074
-11.07099
-11.07124
-11.07149
-11.07175
-11.07200
-11.07225
-11.07251
-11.07276
-11.07301
-11.07327
-11.07352
-11.07377
-11.07403
-11.07428
-11.07453
-11.07479
-11.07504
-11.07529
-11.07555
-11.07580
-11.07605
-11.07630
-11.07656
-11.07681
-11.07706
-11.07732
-11.07757
-11.07782
-11.07808
-11.07833
-11.07858
-11.07884
-11.07909
-11.07934
-11.07960
-11.07985
-11.08010
-11.08035
-11.08061
-11.08086
-11.08111
-11.08137
-11.08162
-11.08187
-11.08213
-11.08238
-11.08263
-11.08289
-11.08314
-11.08339
-11.08365
-11.08390
-11.08415
-11.08440
-11.08466
-11.08491
-11.08516
-11.08542
-11.08567
-11.08592
-11.08618
-11.08643
-11.08668
-11.08694
-11.08719
-11.08744
-11.08770
-11.08795
-11.08820
-11.08846
-11.08871
-11.08896
-11.08921
-11.08947
-11.08972
-11.08997
-11.09023
-11.09048
-11.09073
-11.09099
-11.09124
-11.09149
-11.09175
-11.09200
-11.09225
-11.09251
-11.09276
-11.09301
-11.09326
-11.09352
-11.09377
-11.09402
-11.09428
-11.09453
-11.09478
-11.09504
-11.09529
-11.09554
-11.09580
-11.09605
-11.09630
-11.09656
-11.09681
-11.09706
-11.09732
-11.09757
-11.09782
-11.09807
-11.09833
-11.09858
-11.09883
-11.09909
-11.09934
-11.09959
-11.09985
-11.10010
-11.10035
-11.10061
-11.10086
-11.10111
-11.10137
-11.10162
-11.10187
-11.10212
-11.10238
-11.10263
-11.10288
-11.10314
-11.10339
-11.10364
-11.10390
-11.10415
-11.10440
-11.10466
-11.10491
-11.10516
-11.10542
-11.10567
-11.10592
-11.10617
-11.10643
-11.10668
-11.10693
-11.10719
-11.10744
-11.10769
-11.10795
-11.10820
-11.10845
-11.10871
-11.10896
-11.10921
-11.10947
-11.10972
-11.10997
-11.11022
-11.11048
-11.11073
-11.11098
-11.11124
-11.11149
-11.11174
-11.11200
-11.11225
-11.11250
-11.11276
-11.11301
-11.11326
-11.11352
-11.11377
-11.11402
-11.11428
-11.11453
-11.11478
-11.11503
-11.11529
-11.11554
-11.11579
-11.11605
-11.11630
-11.11655
-11.11681
-11.11706
-11.11731
-11.11757
-11.11782
-11.11807
-11.11833
-11.11858
-11.11883
-11.11908
-11.11934
-11.11959
-11.11984
-11.12010
-11.12035
-11.12060
-11.12086
-11.12111
-11.12136
-11.12162
-11.12187
-11.12212
-11.12238
-11.12263
-11.12288
-11.12313
-11.12339
-11.12364
-11.12389
-11.12415
-11.12440
-11.12465
-11.12491
-11.12516
-11.12541
-11.12567
-11.12592
-11.12617
-11.12643
-11.12668
-11.12693
-11.12718
-11.12744
-11.12769
-11.12794
-11.12820
-11.12845
-11.12870
-11.12896
-11.12921
-11.12946
-11.12972
-11.12997
-11.13022
-11.13048
-11.13073
-11.13098
-11.13123
-11.13149
-11.13174
-11.13199
-11.13225
-11.13250
-11.13275
-11.13301
-11.13326
-11.13351
-11.13377
-11.13402
-11.13427
-11.13453
-11.13478
-11.13503
-11.13528
-11.13554
-11.13579
-11.13604
-11.13630
-11.13655
-11.13680
-11.13706
-11.13731
-11.13756
-11.13782
-11.13807
-11.13832
-11.13858
-11.13883
-11.13908
-11.13933
-11.13959
-11.13984
-11.14009
-11.14035
-11.14060
-11.14085
-11.14111
-11.14136
-11.14161
-11.14187
-11.14212
-11.14237
-11.14263
-11.14288
-11.14313
-11.14338
-11.14364
-11.14389
-11.14414
-11.14440
-11.14465
-11.14490
-11.14516
-11.14541
-11.14566
-11.14592
-11.14617
-11.14642
-11.14668
-11.14693
-11.14718
-11.14743
-11.14769
-11.14794
-11.14819
-11.14845
-11.14870
-11.14895
-11.14921
-11.14946
-11.14971
-11.14997
-11.15022
-11.15047
-11.15073
-11.15098
-11.15123
-11.15148
-11.15174
-11.15199
-11.15224
-11.15250
-11.15275
-11.15300
-11.15326
-11.15351
-11.15376
-11.15402
-11.15427
-11.15452
-11.15478
-11.15503
-11.15528
-11.15553
-11.15579
-11.15604
-11.15629
-11.15655
-11.15680
-11.15705
-11.15731
-11.15756
-11.15781
-11.15807
-11.15832
-11.15857
-11.15883
-11.15908
-11.15933
-11.15958
-11.15984
-11.16009
-11.16034
-11.16060
-11.16085
-11.16110
-11.16136
-11.16161
-11.16186
-11.16212
-11.16237
-11.16262
-11.16288
-11.16313
-11.16338
-11.16363
-11.16389
-11.16414
-11.16439
-11.16465
-11.16490
-11.16515
-11.16541
-11.16566
-11.16591
-11.16617
-11.16642
-11.16667
-11.16693
-11.16718
-11.16743
-11.16768
-11.16794
-11.16819
-11.16844
-11.16870
-11.16895
-11.16920
-11.16946
-11.16971
-11.16996
-11.17022
-11.17047
-11.17072
-11.17098
-11.17123
-11.17148
-11.17173
-11.17199
-11.17224
-11.17249
-11.17275
-11.17300
-11.17325
-11.17351
-11.17376
-11.17401
-11.17427
-11.17452
-11.17477
-11.17502
-11.17528
-11.17553
-11.17578
-11.17604
-11.17629
-11.17654
-11.17680
-11.17705
-11.17730
-11.17756
-11.17781
-11.17806
-11.17832
-11.17857
-11.17882
-11.17907
-11.17933
-11.17958
-11.17983
-11.18009
-11.18034
-11.18059
-11.18085
-11.18110
-11.18135
-11.18161
-11.18186
-11.18211
-11.18237
-11.18262
-11.18287
-11.18312
-11.18338
-11.18363
-11.18388
-11.18414
-11.18439
-11.18464
-11.18490
-11.18515
-11.18540
-11.18566
-11.18591
-11.18616
-11.18642
-11.18667
-11.18692
-11.18717
-11.18743
-11.18768
-11.18793
-11.18819
-11.18844
-11.18869
-11.18895
-11.18920
-11.18945
-11.18971
-11.18996
-11.19021
-11.19046
-11.19072
-11.19097
-11.19122
-11.19148
-11.19173
-11.19198
-11.19224
-11.19249
-11.19274
-11.19300
-11.19325
-11.19350
-11.19376
-11.19401
-11.19426
-11.19451
-11.19477
-11.19502
-11.19527
-11.19553
-11.19578
-11.19603
-11.19629
-11.19654
-11.19679
-11.19705
-11.19730
-11.19755
-11.19781
-11.19806
-11.19831
-11.19856
-11.19882
-11.19907
-11.19932
-11.19958
-11.19983
-11.20008
-11.20034
-11.20059
-11.20084
-11.20110
-11.20135
-11.20160
-11.20185
-11.20211
-11.20236
-11.20261
-11.20287
-11.20312
-11.20337
-11.20363
-11.20388
-11.20413
-11.20439
-11.20464
-11.20489
-11.20515
-11.20540
-11.20565
-11.20590
-11.20616
-11.20641
-11.20666
-11.20692
-11.20717
-11.20742
-11.20768
-11.20793
-11.20818
-11.20844
-11.20869
-11.20894
-11.20920
-11.20945
-11.20970
-11.20995
-11.21021
-11.21046
-11.21071
-11.21097
-11.21122
-11.21147
-11.21173
-11.21198
-11.21223
-11.21249
-11.21274
-11.21299
-11.21324
-11.21350
-11.21375
-11.21400
-11.21426
-11.21451
-11.21476
-11.21502
-11.21527
-11.21552
-11.21578
-11.21603
-11.21628
-11.21654
-11.21679
-11.21704
-11.21729
-11.21755
-11.21780
-11.21805
-11.21831
-11.21856
-11.21881
-11.21907
-11.21932
-11.21957
-11.21983
-11.22008
-11.22033
-11.22058
-11.22084
-11.22109
-11.22134
-11.22160
-11.22185
-11.22210
-11.22236
-11.22261
-11.22286
-11.22312
-11.22337
-11.22362
-11.22388
-11.22413
-11.22438
-11.22463
-11.22489
-11.22514
-11.22539
-11.22565
-11.22590
-11.22615
-11.22641
-11.22666
-11.22691
-11.22717
-11.22742
-11.22767
-11.22792
-11.22818
-11.22843
-11.22868
-11.22894
-11.22919
-11.22944
-11.22970
-11.22995
-11.23020
-11.23046
-11.23071
-11.23096
-11.23122
-11.23147
-11.23172
-11.23197
-11.23223
-11.23248
-11.23273
-11.23299
-11.23324
-11.23349
-11.23375
-11.23400
-11.23425
-11.23451
-11.23476
-11.23501
-11.23526
-11.23552
-11.23577
-11.23602
-11.23628
-11.23653
-11.23678
-11.23704
-11.23729
-11.23754
-11.23780
-11.23805
-11.23830
-11.23856
-11.23881
-11.23906
-11.23931
-11.23957
-11.23982
-11.24007
-11.24033
-11.24058
-11.24083
-11.24109
-11.24134
-11.24159
-11.24185
-11.24210
-11.24235
-11.24260
-11.24286
-11.24311
-11.24336
-11.24362
-11.24387
-11.24412
-11.24438
-11.24463
-11.24488
-11.24514
-11.24539
-11.24564
-11.24589
-11.24615
-11.24640
-11.24665
-11.24691
-11.24716
-11.24741
-11.24767
-11.24792
-11.24817
-11.24843
-11.24868
-11.24893
-11.24919
-11.24944
-11.24969
-11.24994
-11.25020
-11.25045
-11.25070
-11.25096
-11.25121
-11.25146
-11.25172
-11.25197
-11.25222
-11.25248
-11.25273
-11.25298
-11.25323
-11.25349
-11.25374
-11.25399
-11.25425
-11.25450
-11.25475
-11.25501
-11.25526
-11.25551
-11.25577
-11.25602
-11.25627
-11.25653
-11.25678
-11.25703
-11.25728
-11.25754
-11.25779
-11.25804
-11.25830
-11.25855
-11.25880
-11.25906
-11.25931
-11.25956
-11.25982
-11.26007
-11.26032
-11.26057
-11.26083
-11.26108
-11.26133
-11.26159
-11.26184
-11.26209
-11.26235
-11.26260
-11.26285
-11.26311
-11.26336
-11.26361
-11.26386
-11.26412
-11.26437
-11.26462
-11.26488
-11.26513
-11.26538
-11.26564
-11.26589
-11.26614
-11.26640
-11.26665
-11.26690
-11.26716
-11.26741
-11.26766
-11.26791
-11.26817
-11.26842
-11.26867
-11.26893
-11.26918
-11.26943
-11.26969
-11.26994
-11.27019
-11.27045
-11.27070
-11.27095
-11.27120
-11.27146
-11.27171
-11.27196
-11.27222
-11.27247
-11.27272
-11.27298
-11.27323
-11.27348
-11.27374
-11.27399
-11.27424
-11.27449
-11.27475
-11.27500
-11.27525
-11.27551
-11.27576
-11.27601
-11.27627
-11.27652
-11.27677
-11.27703
-11.27728
-11.27753
-11.27778
-11.27804
-11.27829
-11.27854
-11.27880
-11.27905
-11.27930
-11.27956
-11.27981
-11.28006
-11.28032
-11.28057
-11.28082
-11.28108
-11.28133
-11.28158
-11.28183
-11.28209
-11.28234
-11.28259
-11.28285
-11.28310
-11.28335
-11.28361
-11.28386
-11.28411
-11.28437
-11.28462
-11.28487
-11.28512
-11.28538
-11.28563
-11.28588
-11.28614
-11.28639
-11.28664
-11.28690
-11.28715
-11.28740
-11.28766
-11.28791
-11.28816
-11.28841
-11.28867
-11.28892
-11.28917
-11.28943
-11.28968
-11.28993
-11.29019
-11.29044
-11.29069
-11.29095
-11.29120
-11.29145
-11.29170
-11.29196
-11.29221
-11.29246
-11.29272
-11.29297
-11.29322
-11.29348
-11.29373
-11.29398
-11.29424
-11.29449
-11.29474
-11.29499
-11.29525
-11.29550
-11.29575
-11.29601
-11.29626
-11.29651
-11.29677
-11.29702
-11.29727
-11.29753
-11.29778
-11.29803
-11.29828
-11.29854
-11.29879
-11.29904
-11.29930
-11.29955
-11.29980
-11.30006
-11.30031
-11.30056
-11.30082
-11.30107
-11.30132
-11.30158
-11.30183
-11.30208
-11.30233
-11.30259
-11.30284
-11.30309
-11.30335
-11.30360
-11.30385
-11.30411
-11.30436
-11.30461
-11.30487
-11.30512
-11.30537
-11.30562
-11.30588
-11.30613
-11.30638
-11.30664
-11.30689
-11.30714
-11.30740
-11.30765
-11.30790
-11.30816
-11.30841
-11.30866
-11.30891
-11.30917
-11.30942
-11.30967
-11.30993
-11.31018
-11.31043
-11.31069
-11.31094
-11.31119
-11.31145
-11.31170
-11.31195
-11.31220
-11.31246
-11.31271
-11.31296
-11.31322
-11.31347
-11.31372
-11.31398
-11.31423
-11.31448
-11.31474
-11.31499
-11.31524
-11.31549
-11.31575
-11.31600
-11.31625
-11.31651
-11.31676
-11.31701
-11.31727
-11.31752
-11.31777
-11.31803
-11.31828
-11.31853
-11.31878
-11.31904
-11.31929
-11.31954
-11.31980
-11.32005
-11.32030
-11.32056
-11.32081
-11.32106
-11.32132
-11.32157
-11.32182
-11.32207
-11.32233
-11.32258
-11.32283
-11.32309
-11.32334
-11.32359
-11.32385
-11.32410
-11.32435
-11.32461
-11.32486
-11.32511
-11.32536
-11.32562
-11.32587
-11.32612
-11.32638
-11.32663
-11.32688
-11.32714
-11.32739
-11.32764
-11.32790
-11.32815
-11.32840
-11.32865
-11.32891
-11.32916
-11.32941
-11.32967
-11.32992
-11.33017
-11.33043
-11.33068
-11.33093
-11.33119
-11.33144
-11.33169
-11.33194
-11.33220
-11.33245
-11.33270
-11.33296
-11.33321
-11.33346
-11.33372
-11.33397
-11.33422
-11.33448
-11.33473
-11.33498
-11.33523
-11.33549
-11.33574
-11.33599
-11.33625
-11.33650
-11.33675
-11.33701
-11.33726
-11.33751
-11.33777
-11.33802
-11.33827
-11.33852
-11.33878
-11.33903
-11.33928
-11.33954
-11.33979
-11.34004
-11.34030
-11.34055
-11.34080
-11.34106
-11.34131
-11.34156
-11.34181
-11.34207
-11.34232
-11.34257
-11.34283
-11.34308
-11.34333
-11.34359
-11.34384
-11.34409
-11.34435
-11.34460
-11.34485
-11.34510
-11.34536
-11.34561
-11.34586
-11.34612
-11.34637
-11.34662
-11.34688
-11.34713
-11.34738
-11.34764
-11.34789
-11.34814
-11.34839
-11.34865
-11.34890
-11.34915
-11.34941
-11.34966
-11.34991
-11.35017
-11.35042
-11.35067
-11.35093
-11.35118
-11.35143
-11.35168
-11.35194
-11.35219
-11.35244
-11.35270
-11.35295
-11.35320
-11.35346
-11.35371
-11.35396
-11.35422
-11.35447
-11.35472
-11.35497
-11.35523
-11.35548
-11.35573
-11.35599
-11.35624
-11.35649
-11.35675
-11.35700
-11.35725
-11.35751
-11.35776
-11.35801
-11.35826
-11.35852
-11.35877
-11.35902
-11.35928
-11.35953
-11.35978
-11.36004
-11.36029
-11.36054
-11.36080
-11.36105
-11.36130
-11.36155
-11.36181
-11.36206
-11.36231
-11.36257
-11.36282
-11.36307
-11.36333
-11.36358
-11.36383
-11.36408
-11.36434
-11.36459
-11.36484
-11.36510
-11.36535
-11.36560
-11.36586
-11.36611
-11.36636
-11.36662
-11.36687
-11.36712
-11.36737
-11.36763
-11.36788
-11.36813
-11.36839
-11.36864
-11.36889
-11.36915
-11.36940
-11.36965
-11.36991
-11.37016
-11.37041
-11.37066
-11.37092
-11.37117
-11.37142
-11.37168
-11.37193
-11.37218
-11.37244
-11.37269
-11.37294
-11.37320
-11.37345
-11.37370
-11.37395
-11.37421
-11.37446
-11.37471
-11.37497
-11.37522
-11.37547
-11.37573
-11.37598
-11.37623
-11.37649
-11.37674
-11.37699
-11.37724
-11.37750
-11.37775
-11.37800
-11.37826
-11.37851
-11.37876
-11.37902
-11.37927
-11.37952
-11.37978
-11.38003
-11.38028
-11.38053
-11.38079
-11.38104
-11.38129
-11.38155
-11.38180
-11.38205
-11.38231
-11.38256
-11.38281
-11.38306
-11.38332
-11.38357
-11.38382
-11.38408
-11.38433
-11.38458
-11.38484
-11.38509
-11.38534
-11.38560
-11.38585
-11.38610
-11.38635
-11.38661
-11.38686
-11.38711
-11.38737
-11.38762
-11.38787
-11.38813
-11.38838
-11.38863
-11.38889
-11.38914
-11.38939
-11.38964
-11.38990
-11.39015
-11.39040
-11.39066
-11.39091
-11.39116
-11.39142
-11.39167
-11.39192
-11.39218
-11.39243
-11.39268
-11.39293
-11.39319
-11.39344
-11.39369
-11.39395
-11.39420
-11.39445
-11.39471
-11.39496
-11.39521
-11.39546
-11.39572
-11.39597
-11.39622
-11.39648
-11.39673
-11.39698
-11.39724
-11.39749
-11.39774
-11.39800
-11.39825
-11.39850
-11.39875
-11.39901
-11.39926
-11.39951
-11.39977
-11.40002
-11.40027
-11.40053
-11.40078
-11.40103
-11.40129
-11.40154
-11.40179
-11.40204
-11.40230
-11.40255
-11.40280
-11.40306
-11.40331
-11.40356
-11.40382
-11.40407
-11.40432
-11.40457
-11.40483
-11.40508
-11.40533
-11.40559
-11.40584
-11.40609
-11.40635
-11.40660
-11.40685
-11.40711
-11.40736
-11.40761
-11.40786
-11.40812
-11.40837
-11.40862
-11.40888
-11.40913
-11.40938
-11.40964
-11.40989
-11.41014
-11.41040
-11.41065
-11.41090
-11.41115
-11.41141
-11.41166
-11.41191
-11.41217
-11.41242
-11.41267
-11.41293
-11.41318
-11.41343
-11.41369
-11.41394
-11.41419
-11.41444
-11.41470
-11.41495
-11.41520
-11.41546
-11.41571
-11.41596
-11.41622
-11.41647
-11.41672
-11.41697
-11.41723
-11.41748
-11.41773
-11.41799
-11.41824
-11.41849
-11.41875
-11.41900
-11.41925
-11.41951
-11.41976
-11.42001
-11.42026
-11.42052
-11.42077
-11.42102
-11.42128
-11.42153
-11.42178
-11.42204
-11.42229
-11.42254
-11.42279
-11.42305
-11.42330
-11.42355
-11.42381
-11.42406
-11.42431
-11.42457
-11.42482
-11.42507
-11.42533
-11.42558
-11.42583
-11.42608
-11.42634
-11.42659
-11.42684
-11.42710
-11.42735
-11.42760
-11.42786
-11.42811
-11.42836
-11.42862
-11.42887
-11.42912
-11.42937
-11.42963
-11.42988
-11.43013
-11.43039
-11.43064
-11.43089
-11.43115
-11.43140
-11.43165
-11.43190
-11.43216
-11.43241
-11.43266
-11.43292
-11.43317
-11.43342
-11.43368
-11.43393
-11.43418
-11.43444
-11.43469
-11.43494
-11.43519
-11.43545
-11.43570
-11.43595
-11.43621
-11.43646
-11.43671
-11.43697
-11.43722
-11.43747
-11.43772
-11.43798
-11.43823
-11.43848
-11.43874
-11.43899
-11.43924
-11.43950
-11.43975
-11.44000
-11.44026
-11.44051
-11.44076
-11.44101
-11.44127
-11.44152
-11.44177
-11.44203
-11.44228
-11.44253
-11.44279
-11.44304
-11.44329
-11.44355
-11.44380
-11.44405
-11.44430
-11.44456
-11.44481
-11.44506
-11.44532
-11.44557
-11.44582
-11.44608
-11.44633
-11.44658
-11.44683
-11.44709
-11.44734
-11.44759
-11.44785
-11.44810
-11.44835
-11.44861
-11.44886
-11.44911
-11.44937
-11.44962
-11.44987
-11.45012
-11.45038
-11.45063
-11.45088
-11.45114
-11.45139
-11.45164
-11.45190
-11.45215
-11.45240
-11.45265
-11.45291
-11.45316
-11.45341
-11.45367
-11.45392
-11.45417
-11.45443
-11.45468
-11.45493
-11.45519
-11.45544
-11.45569
-11.45594
-11.45620
-11.45645
-11.45670
-11.45696
-11.45721
-11.45746
-11.45772
-11.45797
-11.45822
-11.45847
-11.45873
-11.45898
-11.45923
-11.45949
-11.45974
-11.45999
-11.46025
-11.46050
-11.46075
-11.46101
-11.46126
-11.46151
-11.46176
-11.46202
-11.46227
-11.46252
-11.46278
-11.46303
-11.46328
-11.46354
-11.46379
-11.46404
-11.46429
-11.46455
-11.46480
-11.46505
-11.46531
-11.46556
-11.46581
-11.46607
-11.46632
-11.46657
-11.46683
-11.46708
-11.46733
-11.46758
-11.46784
-11.46809
-11.46834
-11.46860
-11.46885
-11.46910
-11.46936
-11.46961
-11.46986
-11.47011
-11.47037
-11.47062
-11.47087
-11.47113
-11.47138
-11.47163
-11.47189
-11.47214
-11.47239
-11.47265
-11.47290
-11.47315
-11.47340
-11.47366
-11.47391
-11.47416
-11.47442
-11.47467
-11.47492
-11.47518
-11.47543
-11.47568
-11.47593
-11.47619
-11.47644
-11.47669
-11.47695
-11.47720
-11.47745
-11.47771
-11.47796
-11.47821
-11.47847
-11.47872
-11.47897
-11.47922
-11.47948
-11.47973
-11.47998
-11.48024
-11.48049
-11.48074
-11.48100
-11.48125
-11.48150
-11.48175
-11.48201
-11.48226
-11.48251
-11.48277
-11.48302
-11.48327
-11.48353
-11.48378
-11.48403
-11.48428
-11.48454
-11.48479
-11.48504
-11.48530
-11.48555
-11.48580
-11.48606
-11.48631
-11.48656
-11.48682
-11.48707
-11.48732
-11.48757
-11.48783
-11.48808
-11.48833
-11.48859
-11.48884
-11.48909
-11.48935
-11.48960
-11.48985
-11.49010
-11.49036
-11.49061
-11.49086
-11.49112
-11.49137
-11.49162
-11.49188
-11.49213
-11.49238
-11.49264
-11.49289
-11.49314
-11.49339
-11.49365
-11.49390
-11.49415
-11.49441
-11.49466
-11.49491
-11.49517
-11.49542
-11.49567
-11.49592
-11.49618
-11.49643
-11.49668
-11.49694
-11.49719
-11.49744
-11.49770
-11.49795
-11.49820
-11.49845
-11.49871
-11.49896
-11.49921
-11.49947
-11.49972
-11.49997
-11.50023
-11.50048
-11.50073
-11.50099
-11.50124
-11.50149
-11.50174
-11.50200
-11.50225
-11.50250
-11.50276
-11.50301
-11.50326
-11.50352
-11.50377
-11.50402
-11.50427
-11.50453
-11.50478
-11.50503
-11.50529
-11.50554
-11.50579
-11.50605
-11.50630
-11.50655
-11.50681
-11.50706
-11.50731
-11.50756
-11.50782
-11.50807
-11.50832
-11.50858
-11.50883
-11.50908
-11.50934
-11.50959
-11.50984
-11.51009
-11.51035
-11.51060
-11.51085
-11.51111
-11.51136
-11.51161
-11.51187
-11.51212
-11.51237
-11.51262
-11.51288
-11.51313
-11.51338
-11.51364
-11.51389
-11.51414
-11.51440
-11.51465
-11.51490
-11.51516
-11.51541
-11.51566
-11.51591
-11.51617
-11.51642
-11.51667
-11.51693
-11.51718
-11.51743
-11.51769
-11.51794
-11.51819
-11.51844
-11.51870
-11.51895
-11.51920
-11.51946
-11.51971
-11.51996
-11.52022
-11.52047
-11.52072
-11.52097
-11.52123
-11.52148
-11.52173
-11.52199
-11.52224
-11.52249
-11.52275
-11.52300
-11.52325
-11.52350
-11.52376
-11.52401
-11.52426
-11.52452
-11.52477
-11.52502
-11.52528
-11.52553
-11.52578
-11.52604
-11.52629
-11.52654
-11.52679
-11.52705
-11.52730
-11.52755
-11.52781
-11.52806
-11.52831
-11.52857
-11.52882
-11.52907
-11.52932
-11.52958
-11.52983
-11.53008
-11.53034
-11.53059
-11.53084
-11.53110
-11.53135
-11.53160
-11.53185
-11.53211
-11.53236
-11.53261
-11.53287
-11.53312
-11.53337
-11.53363
-11.53388
-11.53413
-11.53439
-11.53464
-11.53489
-11.53514
-11.53540
-11.53565
-11.53590
-11.53616
-11.53641
-11.53666
-11.53692
-11.53717
-11.53742
-11.53767
-11.53793
-11.53818
-11.53843
-11.53869
-11.53894
-11.53919
-11.53945
-11.53970
-11.53995
-11.54020
-11.54046
-11.54071
-11.54096
-11.54122
-11.54147
-11.54172
-11.54198
-11.54223
-11.54248
-11.54273
-11.54299
-11.54324
-11.54349
-11.54375
-11.54400
-11.54425
-11.54451
-11.54476
-11.54501
-11.54527
-11.54552
-11.54577
-11.54602
-11.54628
-11.54653
-11.54678
-11.54704
-11.54729
-11.54754
-11.54780
-11.54805
-11.54830
-11.54855
-11.54881
-11.54906
-11.54931
-11.54957
-11.54982
-11.55007
-11.55033
-11.55058
-11.55083
-11.55108
-11.55134
-11.55159
-11.55184
-11.55210
-11.55235
-11.55260
-11.55286
-11.55311
-11.55336
-11.55361
-11.55387
-11.55412
-11.55437
-11.55463
-11.55488
-11.55513
-11.55539
-11.55564
-11.55589
-11.55614
-11.55640
-11.55665
-11.55690
-11.55716
-11.55741
-11.55766
-11.55792
-11.55817
-11.55842
-11.55868
-11.55893
-11.55918
-11.55943
-11.55969
-11.55994
-11.56019
-11.56045
-11.56070
-11.56095
-11.56121
-11.56146
-11.56171
-11.56196
-11.56222
-11.56247
-11.56272
-11.56298
-11.56323
-11.56348
-11.56374
-11.56399
-11.56424
-11.56449
-11.56475
-11.56500
-11.56525
-11.56551
-11.56576
-11.56601
-11.56627
-11.56652
-11.56677
-11.56702
-11.56728
-11.56753
-11.56778
-11.56804
-11.56829
-11.56854
-11.56880
-11.56905
-11.56930
-11.56955
-11.56981
-11.57006
-11.57031
-11.57057
-11.57082
-11.57107
-11.57133
-11.57158
-11.57183
-11.57209
-11.57234
-11.57259
-11.57284
-11.57310
-11.57335
-11.57360
-11.57386
-11.57411
-11.57436
-11.57462
-11.57487
-11.57512
-11.57537
-11.57563
-11.57588
-11.57613
-11.57639
-11.57664
-11.57689
-11.57715
-11.57740
-11.57765
-11.57790
-11.57816
-11.57841
-11.57866
-11.57892
-11.57917
-11.57942
-11.57968
-11.57993
-11.58018
-11.58043
-11.58069
-11.58094
-11.58119
-11.58145
-11.58170
-11.58195
-11.58221
-11.58246
-11.58271
-11.58296
-11.58322
-11.58347
-11.58372
-11.58398
-11.58423
-11.58448
-11.58474
-11.58499
-11.58524
-11.58549
-11.58575
-11.58600
-11.58625
-11.58651
-11.58676
-11.58701
-11.58727
-11.58752
-11.58777
-11.58802
-11.58828
-11.58853
-11.58878
-11.58904
-11.58929
-11.58954
-11.58980
-11.59005
-11.59030
-11.59055
-11.59081
-11.59106
-11.59131
-11.59157
-11.59182
-11.59207
-11.59233
-11.59258
-11.59283
-11.59309
-11.59334
-11.59359
-11.59384
-11.59410
-11.59435
-11.59460
-11.59486
-11.59511
-11.59536
-11.59562
-11.59587
-11.59612
-11.59637
-11.59663
-11.59688
-11.59713
-11.59739
-11.59764
-11.59789
-11.59815
-11.59840
-11.59865
-11.59890
-11.59916
-11.59941
-11.59966
-11.59992
-11.60017
-11.60042
-11.60068
-11.60093
-11.60118
-11.60143
-11.60169
-11.60194
-11.60219
-11.60245
-11.60270
-11.60295
-11.60321
-11.60346
-11.60371
-11.60396
-11.60422
-11.60447
-11.60472
-11.60498
-11.60523
-11.60548
-11.60574
-11.60599
-11.60624
-11.60649
-11.60675
-11.60700
-11.60725
-11.60751
-11.60776
-11.60801
-11.60827
-11.60852
-11.60877
-11.60902
-11.60928
-11.60953
-11.60978
-11.61004
-11.61029
-11.61054
-11.61080
-11.61105
-11.61130
-11.61155
-11.61181
-11.61206
-11.61231
-11.61257
-11.61282
-11.61307
-11.61333
-11.61358
-11.61383
-11.61408
-11.61434
-11.61459
-11.61484
-11.61510
-11.61535
-11.61560
-11.61586
-11.61611
-11.61636
-11.61661
-11.61687
-11.61712
-11.61737
-11.61763
-11.61788
-11.61813
-11.61839
-11.61864
-11.61889
-11.61914
-11.61940
-11.61965
-11.61990
-11.62016
-11.62041
-11.62066
-11.62092
-11.62117
-11.62142
-11.62167
-11.62193
-11.62218
-11.62243
-11.62269
-11.62294
-11.62319
-11.62345
-11.62370
-11.62395
-11.62420
-11.62446
-11.62471
-11.62496
-11.62522
-11.62547
-11.62572
-11.62598
-11.62623
-11.62648
-11.62673
-11.62699
-11.62724
-11.62749
-11.62775
-11.62800
-11.62825
-11.62851
-11.62876
-11.62901
-11.62926
-11.62952
-11.62977
-11.63002
-11.63028
-11.63053
-11.63078
-11.63104
-11.63129
-11.63154
-11.63179
-11.63205
-11.63230
-11.63255
-11.63281
-11.63306
-11.63331
-11.63357
-11.63382
-11.63407
-11.63432
-11.63458
-11.63483
-11.63508
-11.63534
-11.63559
-11.63584
-11.63610
-11.63635
-11.63660
-11.63685
-11.63711
-11.63736
-11.63761
-11.63787
-11.63812
-11.63837
-11.63863
-11.63888
-11.63913
-11.63938
-11.63964
-11.63989
-11.64014
-11.64040
-11.64065
-11.64090
-11.64116
-11.64141
-11.64166
-11.64191
-11.64217
-11.64242
-11.64267
-11.64293
-11.64318
-11.64343
-11.64369
-11.64394
-11.64419
-11.64444
-11.64470
-11.64495
-11.64520
-11.64546
-11.64571
-11.64596
-11.64622
-11.64647
-11.64672
-11.64697
-11.64723
-11.64748
-11.64773
-11.64799
-11.64824
-11.64849
-11.64875
-11.64900
-11.64925
-11.64950
-11.64976
-11.65001
-11.65026
-11.65052
-11.65077
-11.65102
-11.65128
-11.65153
-11.65178
-11.65203
-11.65229
-11.65254
-11.65279
-11.65305
-11.65330
-11.65355
-11.65381
-11.65406
-11.65431
-11.65456
-11.65482
-11.65507
-11.65532
-11.65558
-11.65583
-11.65608
-11.65634
-11.65659
-11.65684
-11.65709
-11.65735
-11.65760
-11.65785
-11.65811
-11.65836
-11.65861
-11.65887
-11.65912
-11.65937
-11.65962
-11.65988
-11.66013
-11.66038
-11.66064
-11.66089
-11.66114
-11.66140
-11.66165
-11.66190
-11.66215
-11.66241
-11.66266
-11.66291
-11.66317
-11.66342
-11.66367
-11.66393
-11.66418
-11.66443
-11.66468
-11.66494
-11.66519
-11.66544
-11.66570
-11.66595
-11.66620
-11.66646
-11.66671
-11.66696
-11.66721
-11.66747
-11.66772
-11.66797
-11.66823
-11.66848
-11.66873
-11.66898
-11.66924
-11.66949
-11.66974
-11.67000
-11.67025
-11.67050
-11.67076
-11.67101
-11.67126
-11.67151
-11.67177
-11.67202
-11.67227
-11.67253
-11.67278
-11.67303
-11.67329
-11.67354
-11.67379
-11.67404
-11.67430
-11.67455
-11.67480
-11.67506
-11.67531
-11.67556
-11.67582
-11.67607
-11.67632
-11.67657
-11.67683
-11.67708
-11.67733
-11.67759
-11.67784
-11.67809
-11.67835
-11.67860
-11.67885
-11.67910
-11.67936
-11.67961
-11.67986
-11.68012
-11.68037
-11.68062
-11.68088
-11.68113
-11.68138
-11.68163
-11.68189
-11.68214
-11.68239
-11.68265
-11.68290
-11.68315
-11.68341
-11.68366
-11.68391
-11.68416
-11.68442
-11.68467
-11.68492
-11.68518
-11.68543
-11.68568
-11.68594
-11.68619
-11.68644
-11.68669
-11.68695
-11.68720
-11.68745
-11.68771
-11.68796
-11.68821
-11.68846
-11.68872
-11.68897
-11.68922
-11.68948
-11.68973
-11.68998
-11.69024
-11.69049
-11.69074
-11.69099
-11.69125
-11.69150
-11.69175
-11.69201
-11.69226
-11.69251
-11.69277
-11.69302
-11.69327
-11.69352
-11.69378
-11.69403
-11.69428
-11.69454
-11.69479
-11.69504
-11.69530
-11.69555
-11.69580
-11.69605
-11.69631
-11.69656
-11.69681
-11.69707
-11.69732
-11.69757
-11.69783
-11.69808
-11.69833
-11.69858
-11.69884
-11.69909
-11.69934
-11.69960
-11.69985
-11.70010
-11.70036
-11.70061
-11.70086
-11.70111
-11.70137
-11.70162
-11.70187
-11.70213
-11.70238
-11.70263
-11.70288
-11.70314
-11.70339
-11.70364
-11.70390
-11.70415
-11.70440
-11.70466
-11.70491
-11.70516
-11.70541
-11.70567
-11.70592
-11.70617
-11.70643
-11.70668
-11.70693
-11.70719
-11.70744
-11.70769
-11.70794
-11.70820
-11.70845
-11.70870
-11.70896
-11.70921
-11.70946
-11.70972
-11.70997
-11.71022
-11.71047
-11.71073
-11.71098
-11.71123
-11.71149
-11.71174
-11.71199
-11.71225
-11.71250
-11.71275
-11.71300
-11.71326
-11.71351
-11.71376
-11.71402
-11.71427
-11.71452
-11.71478
-11.71503
-11.71528
-11.71553
-11.71579
-11.71604
-11.71629
-11.71655
-11.71680
-11.71705
-11.71730
-11.71756
-11.71781
-11.71806
-11.71832
-11.71857
-11.71882
-11.71908
-11.71933
-11.71958
-11.71983
-11.72009
-11.72034
-11.72059
-11.72085
-11.72110
-11.72135
-11.72161
-11.72186
-11.72211
-11.72236
-11.72262
-11.72287
-11.72312
-11.72338
-11.72363
-11.72388
-11.72414
-11.72439
-11.72464
-11.72489
-11.72515
-11.72540
-11.72565
-11.72591
-11.72616
-11.72641
-11.72666
-11.72692
-11.72717
-11.72742
-11.72768
-11.72793
-11.72818
-11.72844
-11.72869
-11.72894
-11.72919
-11.72945
-11.72970
-11.72995
-11.73021
-11.73046
-11.73071
-11.73097
-11.73122
-11.73147
-11.73172
-11.73198
-11.73223
-11.73248
-11.73274
-11.73299
-11.73324
-11.73350
-11.73375
-11.73400
-11.73425
-11.73451
-11.73476
-11.73501
-11.73527
-11.73552
-11.73577
-11.73602
-11.73628
-11.73653
-11.73678
-11.73704
-11.73729
-11.73754
-11.73780
-11.73805
-11.73830
-11.73855
-11.73881
-11.73906
-11.73931
-11.73957
-11.73982
-11.74007
-11.74033
-11.74058
-11.74083
-11.74108
-11.74134
-11.74159
-11.74184
-11.74210
-11.74235
-11.74260
-11.74286
-11.74311
-11.74336
-11.74361
-11.74387
-11.74412
-11.74437
-11.74463
-11.74488
-11.74513
-11.74538
-11.74564
-11.74589
-11.74614
-11.74640
-11.74665
-11.74690
-11.74716
-11.74741
-11.74766
-11.74791
-11.74817
-11.74842
-11.74867
-11.74893
-11.74918
-11.74943
-11.74969
-11.74994
-11.75019
-11.75044
-11.75070
-11.75095
-11.75120
-11.75146
-11.75171
-11.75196
-11.75222
-11.75247
-11.75272
-11.75297
-11.75323
-11.75348
-11.75373
-11.75399
-11.75424
-11.75449
-11.75474
-11.75500
-11.75525
-11.75550
-11.75576
-11.75601
-11.75626
-11.75652
-11.75677
-11.75702
-11.75727
-11.75753
-11.75778
-11.75803
-11.75829
-11.75854
-11.75879
-11.75905
-11.75930
-11.75955
-11.75980
-11.76006
-11.76031
-11.76056
-11.76082
-11.76107
-11.76132
-11.76157
-11.76183
-11.76208
-11.76233
-11.76259
-11.76284
-11.76309
-11.76335
-11.76360
-11.76385
-11.76410
-11.76436
-11.76461
-11.76486
-11.76512
-11.76537
-11.76562
-11.76588
-11.76613
-11.76638
-11.76663
-11.76689
-11.76714
-11.76739
-11.76765
-11.76790
-11.76815
-11.76840
-11.76866
-11.76891
-11.76916
-11.76942
-11.76967
-11.76992
-11.77018
-11.77043
-11.77068
-11.77093
-11.77119
-11.77144
-11.77169
-11.77195
-11.77220
-11.77245
-11.77271
-11.77296
-11.77321
-11.77346
-11.77372
-11.77397
-11.77422
-11.77448
-11.77473
-11.77498
-11.77523
-11.77549
-11.77574
-11.77599
-11.77625
-11.77650
-11.77675
-11.77701
-11.77726
-11.77751
-11.77776
-11.77802
-11.77827
-11.77852
-11.77878
-11.77903
-11.77928
-11.77954
-11.77979
-11.78004
-11.78029
-11.78055
-11.78080
-11.78105
-11.78131
-11.78156
-11.78181
-11.78206
-11.78232
-11.78257
-11.78282
-11.78308
-11.78333
-11.78358
-11.78384
-11.78409
-11.78434
-11.78459
-11.78485
-11.78510
-11.78535
-11.78561
-11.78586
-11.78611
-11.78637
-11.78662
-11.78687
-11.78712
-11.78738
-11.78763
-11.78788
-11.78814
-11.78839
-11.78864
-11.78889
-11.78915
-11.78940
-11.78965
-11.78991
-11.79016
-11.79041
-11.79067
-11.79092
-11.79117
-11.79142
-11.79168
-11.79193
-11.79218
-11.79244
-11.79269
-11.79294
-11.79320
-11.79345
-11.79370
-11.79395
-11.79421
-11.79446
-11.79471
-11.79497
-11.79522
-11.79547
-11.79572
-11.79598
-11.79623
-11.79648
-11.79674
-11.79699
-11.79724
-11.79750
-11.79775
-11.79800
-11.79825
-11.79851
-11.79876
-11.79901
-11.79927
-11.79952
-11.79977
-11.80003
-11.80028
-11.80053
-11.80078
-11.80104
-11.80129
-11.80154
-11.80180
-11.80205
-11.80230
-11.80255
-11.80281
-11.80306
-11.80331
-11.80357
-11.80382
-11.80407
-11.80433
-11.80458
-11.80483
-11.80508
-11.80534
-11.80559
-11.80584
-11.80610
-11.80635
-11.80660
-11.80685
-11.80711
-11.80736
-11.80761
-11.80787
-11.80812
-11.80837
-11.80863
-11.80888
-11.80913
-11.80938
-11.80964
-11.80989
-11.81014
-11.81040
-11.81065
-11.81090
-11.81116
-11.81141
-11.81166
-11.81191
-11.81217
-11.81242
-11.81267
-11.81293
-11.81318
-11.81343
-11.81368
-11.81394
-11.81419
-11.81444
-11.81470
-11.81495
-11.81520
-11.81546
-11.81571
-11.81596
-11.81621
-11.81647
-11.81672
-11.81697
-11.81723
-11.81748
-11.81773
-11.81798
-11.81824
-11.81849
-11.81874
-11.81900
-11.81925
-11.81950
-11.81976
-11.82001
-11.82026
-11.82051
-11.82077
-11.82102
-11.82127
-11.82153
-11.82178
-11.82203
-11.82228
-11.82254
-11.82279
-11.82304
-11.82330
-11.82355
-11.82380
-11.82406
-11.82431
-11.82456
-11.82481
-11.82507
-11.82532
-11.82557
-11.82583
-11.82608
-11.82633
-11.82659
-11.82684
-11.82709
-11.82734
-11.82760
-11.82785
-11.82810
-11.82836
-11.82861
-11.82886
-11.82911
-11.82937
-11.82962
-11.82987
-11.83013
-11.83038
-11.83063
-11.83089
-11.83114
-11.83139
-11.83164
-11.83190
-11.83215
-11.83240
-11.83266
-11.83291
-11.83316
-11.83341
-11.83367
-11.83392
-11.83417
-11.83443
-11.83468
-11.83493
-11.83519
-11.83544
-11.83569
-11.83594
-11.83620
-11.83645
-11.83670
-11.83696
-11.83721
-11.83746
-11.83771
-11.83797
-11.83822
-11.83847
-11.83873
-11.83898
-11.83923
-11.83949
-11.83974
-11.83999
-11.84024
-11.84050
-11.84075
-11.84100
-11.84126
-11.84151
-11.84176
-11.84201
-11.84227
-11.84252
-11.84277
-11.84303
-11.84328
-11.84353
-11.84379
-11.84404
-11.84429
-11.84454
-11.84480
-11.84505
-11.84530
-11.84556
-11.84581
-11.84606
-11.84631
-11.84657
-11.84682
-11.84707
-11.84733
-11.84758
-11.84783
-11.84809
-11.84834
-11.84859
-11.84884
-11.84910
-11.84935
-11.84960
-11.84986
-11.85011
-11.85036
-11.85061
-11.85087
-11.85112
-11.85137
-11.85163
-11.85188
-11.85213
-11.85239
-11.85264
-11.85289
-11.85314
-11.85340
-11.85365
-11.85390
-11.85416
-11.85441
-11.85466
-11.85492
-11.85517
-11.85542
-11.85567
-11.85593
-11.85618
-11.85643
-11.85669
-11.85694
-11.85719
-11.85744
-11.85770
-11.85795
-11.85820
-11.85846
-11.85871
-11.85896
-11.85922
-11.85947
-11.85972
-11.85997
-11.86023
-11.86048
-11.86073
-11.86099
-11.86124
-11.86149
-11.86174
-11.86200
-11.86225
-11.86250
-11.86276
-11.86301
-11.86326
-11.86352
-11.86377
-11.86402
-11.86427
-11.86453
-11.86478
-11.86503
-11.86529
-11.86554
-11.86579
-11.86604
-11.86630
-11.86655
-11.86680
-11.86706
-11.86731
-11.86756
-11.86781
-11.86807
-11.86832
-11.86857
-11.86883
-11.86908
-11.86933
-11.86959
-11.86984
-11.87009
-11.87034
-11.87060
-11.87085
-11.87110
-11.87136
-11.87161
-11.87186
-11.87211
-11.87237
-11.87262
-11.87287
-11.87313
-11.87338
-11.87363
-11.87389
-11.87414
-11.87439
-11.87464
-11.87490
-11.87515
-11.87540
-11.87566
-11.87591
-11.87616
-11.87641
-11.87667
-11.87692
-11.87717
-11.87743
-11.87768
-11.87793
-11.87819
-11.87844
-11.87869
-11.87894
-11.87920
-11.87945
-11.87970
-11.87996
-11.88021
-11.88046
-11.88071
-11.88097
-11.88122
-11.88147
-11.88173
-11.88198
-11.88223
-11.88249
-11.88274
-11.88299
-11.88324
-11.88350
-11.88375
-11.88400
-11.88426
-11.88451
-11.88476
-11.88501
-11.88527
-11.88552
-11.88577
-11.88603
-11.88628
-11.88653
-11.88679
-11.88704
-11.88729
-11.88754
-11.88780
-11.88805
-11.88830
-11.88856
-11.88881
-11.88906
-11.88931
-11.88957
-11.88982
-11.89007
-11.89033
-11.89058
-11.89083
-11.89109
-11.89134
-11.89159
-11.89184
-11.89210
-11.89235
-11.89260
-11.89286
-11.89311
-11.89336
-11.89361
-11.89387
-11.89412
-11.89437
-11.89463
-11.89488
-11.89513
-11.89538
-11.89564
-11.89589
-11.89614
-11.89640
-11.89665
-11.89690
-11.89716
-11.89741
-11.89766
-11.89791
-11.89817
-11.89842
-11.89867
-11.89893
-11.89918
-11.89943
-11.89968
-11.89994
-11.90019
-11.90044
-11.90070
-11.90095
-11.90120
-11.90146
-11.90171
-11.90196
-11.90221
-11.90247
-11.90272
-11.90297
-11.90323
-11.90348
-11.90373
-11.90398
-11.90424
-11.90449
-11.90474
-11.90500
-11.90525
-11.90550
-11.90576
-11.90601
-11.90626
-11.90651
-11.90677
-11.90702
-11.90727
-11.90753
-11.90778
-11.90803
-11.90828
-11.90854
-11.90879
-11.90904
-11.90930
-11.90955
-11.90980
-11.91005
-11.91031
-11.91056
-11.91081
-11.91107
-11.91132
-11.91157
-11.91183
-11.91208
-11.91233
-11.91258
-11.91284
-11.91309
-11.91334
-11.91360
-11.91385
-11.91410
-11.91435
-11.91461
-11.91486
-11.91511
-11.91537
-11.91562
-11.91587
-11.91613
-11.91638
-11.91663
-11.91688
-11.91714
-11.91739
-11.91764
-11.91790
-11.91815
-11.91840
-11.91865
-11.91891
-11.91916
-11.91941
-11.91967
-11.91992
-11.92017
-11.92042
-11.92068
-11.92093
-11.92118
-11.92144
-11.92169
-11.92194
-11.92220
-11.92245
-11.92270
-11.92295
-11.92321
-11.92346
-11.92371
-11.92397
-11.92422
-11.92447
-11.92472
-11.92498
-11.92523
-11.92548
-11.92574
-11.92599
-11.92624
-11.92650
-11.92675
-11.92700
-11.92725
-11.92751
-11.92776
-11.92801
-11.92827
-11.92852
-11.92877
-11.92902
-11.92928
-11.92953
-11.92978
-11.93004
-11.93029
-11.93054
-11.93079
-11.93105
-11.93130
-11.93155
-11.93181
-11.93206
-11.93231
-11.93257
-11.93282
-11.93307
-11.93332
-11.93358
-11.93383
-11.93408
-11.93434
-11.93459
-11.93484
-11.93509
-11.93535
-11.93560
-11.93585
-11.93611
-11.93636
-11.93661
-11.93686
-11.93712
-11.93737
-11.93762
-11.93788
-11.93813
-11.93838
-11.93864
-11.93889
-11.93914
-11.93939
-11.93965
-11.93990
-11.94015
-11.94041
-11.94066
-11.94091
-11.94116
-11.94142
-11.94167
-11.94192
-11.94218
-11.94243
-11.94268
-11.94293
-11.94319
-11.94344
-11.94369
-11.94395
-11.94420
-11.94445
-11.94471
-11.94496
-11.94521
-11.94546
-11.94572
-11.94597
-11.94622
-11.94648
-11.94673
-11.94698
-11.94723
-11.94749
-11.94774
-11.94799
-11.94825
-11.94850
-11.94875
-11.94901
-11.94926
-11.94951
-11.94976
-11.95002
-11.95027
-11.95052
-11.95078
-11.95103
-11.95128
-11.95153
-11.95179
-11.95204
-11.95229
-11.95255
-11.95280
-11.95305
-11.95330
-11.95356
-11.95381
-11.95406
-11.95432
-11.95457
-11.95482
-11.95508
-11.95533
-11.95558
-11.95583
-11.95609
-11.95634
-11.95659
-11.95685
-11.95710
-11.95735
-11.95760
-11.95786
-11.95811
-11.95836
-11.95862
-11.95887
-11.95912
-11.95937
-11.95963
-11.95988
-11.96013
-11.96039
-11.96064
-11.96089
-11.96115
-11.96140
-11.96165
-11.96190
-11.96216
-11.96241
-11.96266
-11.96292
-11.96317
-11.96342
-11.96367
-11.96393
-11.96418
-11.96443
-11.96469
-11.96494
-11.96519
-11.96544
-11.96570
-11.96595
-11.96620
-11.96646
-11.96671
-11.96696
-11.96721
-11.96747
-11.96772
-11.96797
-11.96823
-11.96848
-11.96873
-11.96899
-11.96924
-11.96949
-11.96974
-11.97000
-11.97025
-11.97050
-11.97076
-11.97101
-11.97126
-11.97151
-11.97177
-11.97202
-11.97227
-11.97253
-11.97278
-11.97303
-11.97328
-11.97354
-11.97379
-11.97404
-11.97430
-11.97455
-11.97480
-11.97506
-11.97531
-11.97556
-11.97581
-11.97607
-11.97632
-11.97657
-11.97683
-11.97708
-11.97733
-11.97758
-11.97784
-11.97809
-11.97834
-11.97860
-11.97885
-11.97910
-11.97935
-11.97961
-11.97986
-11.98011
-11.98037
-11.98062
-11.98087
-11.98113
-11.98138
-11.98163
-11.98188
-11.98214
-11.98239
-11.98264
-11.98290
-11.98315
-11.98340
-11.98365
-11.98391
-11.98416
-11.98441
-11.98467
-11.98492
-11.98517
-11.98542
-11.98568
-11.98593
-11.98618
-11.98644
-11.98669
-11.98694
-11.98719
-11.98745
-11.98770
-11.98795
-11.98821
-11.98846
-11.98871
-11.98897
-11.98922
-11.98947
-11.98972
-11.98998
-11.99023
-11.99048
-11.99074
-11.99099
-11.99124
-11.99149
-11.99175
-11.99200
-11.99225
-11.99251
-11.99276
-11.99301
-11.99326
-11.99352
-11.99377
-11.99402
-11.99428
-11.99453
-11.99478
-11.99504
-11.99529
-11.99554
-11.99579
-11.99605
-11.99630
-11.99655
-11.99681
-11.99706
-11.99731
-11.99756
-11.99782
-11.99807
-11.99832
-11.99858
-11.99883
-11.99908
-11.99933
-11.99959
-11.99984
-12.00009
-12.00035
-12.00060
-12.00085
-12.00110
-12.00136
-12.00161
-12.00186
-12.00212
-12.00237
-12.00262
-12.00288
-12.00313
-12.00338
-12.00363
-12.00389
-12.00414
-12.00439
-12.00465
-12.00490
-12.00515
-12.00540
-12.00566
-12.00591
-12.00616
-12.00642
-12.00667
-12.00692
-12.00717
-12.00743
-12.00768
-12.00793
-12.00819
-12.00844
-12.00869
-12.00894
-12.00920
-12.00945
-12.00970
-12.00996
-12.01021
-12.01046
-12.01072
-12.01097
-12.01122
-12.01147
-12.01173
-12.01198
-12.01223
-12.01249
-12.01274
-12.01299
-12.01324
-12.01350
-12.01375
-12.01400
-12.01426
-12.01451
-12.01476
-12.01501
-12.01527
-12.01552
-12.01577
-12.01603
-12.01628
-12.01653
-12.01678
-12.01704
-12.01729
-12.01754
-12.01780
-12.01805
-12.01830
-12.01856
-12.01881
-12.01906
-12.01931
-12.01957
-12.01982
-12.02007
-12.02033
-12.02058
-12.02083
-12.02108
-12.02134
-12.02159
-12.02184
-12.02210
-12.02235
-12.02260
-12.02285
-12.02311
-12.02336
-12.02361
-12.02387
-12.02412
-12.02437
-12.02462
-12.02488
-12.02513
-12.02538
-12.02564
-12.02589
-12.02614
-12.02639
-12.02665
-12.02690
-12.02715
-12.02741
-12.02766
-12.02791
-12.02817
-12.02842
-12.02867
-12.02892
-12.02918
-12.02943
-12.02968
-12.02994
-12.03019
-12.03044
-12.03069
-12.03095
-12.03120
-12.03145
-12.03171
-12.03196
-12.03221
-12.03246
-12.03272
-12.03297
-12.03322
-12.03348
-12.03373
-12.03398
-12.03423
-12.03449
-12.03474
-12.03499
-12.03525
-12.03550
-12.03575
-12.03601
-12.03626
-12.03651
-12.03676
-12.03702
-12.03727
-12.03752
-12.03778
-12.03803
-12.03828
-12.03853
-12.03879
-12.03904
-12.03929
-12.03955
-12.03980
-12.04005
-12.04030
-12.04056
-12.04081
-12.04106
-12.04132
-12.04157
-12.04182
-12.04207
-12.04233
-12.04258
-12.04283
-12.04309
-12.04334
-12.04359
-12.04384
-12.04410
-12.04435
-12.04460
-12.04486
-12.04511
-12.04536
-12.04562
-12.04587
-12.04612
-12.04637
-12.04663
-12.04688
-12.04713
-12.04739
-12.04764
-12.04789
-12.04814
-12.04840
-12.04865
-12.04890
-12.04916
-12.04941
-12.04966
-12.04991
-12.05017
-12.05042
-12.05067
-12.05093
-12.05118
-12.05143
-12.05168
-12.05194
-12.05219
-12.05244
-12.05270
-12.05295
-12.05320
-12.05345
-12.05371
-12.05396
-12.05421
-12.05447
-12.05472
-12.05497
-12.05522
-12.05548
-12.05573
-12.05598
-12.05624
-12.05649
-12.05674
-12.05700
-12.05725
-12.05750
-12.05775
-12.05801
-12.05826
-12.05851
-12.05877
-12.05902
-12.05927
-12.05952
-12.05978
-12.06003
-12.06028
-12.06054
-12.06079
-12.06104
-12.06129
-12.06155
-12.06180
-12.06205
-12.06231
-12.06256
-12.06281
-12.06306
-12.06332
-12.06357
-12.06382
-12.06408
-12.06433
-12.06458
-12.06483
-12.06509
-12.06534
-12.06559
-12.06585
-12.06610
-12.06635
-12.06660
-12.06686
-12.06711
-12.06736
-12.06762
-12.06787
-12.06812
-12.06838
-12.06863
-12.06888
-12.06913
-12.06939
-12.06964
-12.06989
-12.07015
-12.07040
-12.07065
-12.07090
-12.07116
-12.07141
-12.07166
-12.07192
-12.07217
-12.07242
-12.07267
-12.07293
-12.07318
-12.07343
-12.07369
-12.07394
-12.07419
-12.07444
-12.07470
-12.07495
-12.07520
-12.07546
-12.07571
-12.07596
-12.07621
-12.07647
-12.07672
-12.07697
-12.07723
-12.07748
-12.07773
-12.07798
-12.07824
-12.07849
-12.07874
-12.07900
-12.07925
-12.07950
-12.07976
-12.08001
-12.08026
-12.08051
-12.08077
-12.08102
-12.08127
-12.08153
-12.08178
-12.08203
-12.08228
-12.08254
-12.08279
-12.08304
-12.08330
-12.08355
-12.08380
-12.08405
-12.08431
-12.08456
-12.08481
-12.08507
-12.08532
-12.08557
-12.08582
-12.08608
-12.08633
-12.08658
-12.08684
-12.08709
-12.08734
-12.08759
-12.08785
-12.08810
-12.08835
-12.08861
-12.08886
-12.08911
-12.08936
-12.08962
-12.08987
-12.09012
-12.09038
-12.09063
-12.09088
-12.09113
-12.09139
-12.09164
-12.09189
-12.09215
-12.09240
-12.09265
-12.09290
-12.09316
-12.09341
-12.09366
-12.09392
-12.09417
-12.09442
-12.09468
-12.09493
-12.09518
-12.09543
-12.09569
-12.09594
-12.09619
-12.09645
-12.09670
-12.09695
-12.09720
-12.09746
-12.09771
-12.09796
-12.09822
-12.09847
-12.09872
-12.09897
-12.09923
-12.09948
-12.09973
-12.09999
-12.10024
-12.10049
-12.10074
-12.10100
-12.10125
-12.10150
-12.10176
-12.10201
-12.10226
-12.10251
-12.10277
-12.10302
-12.10327
-12.10353
-12.10378
-12.10403
-12.10428
-12.10454
-12.10479
-12.10504
-12.10530
-12.10555
-12.10580
-12.10605
-12.10631
-12.10656
-12.10681
-12.10707
-12.10732
-12.10757
-12.10782
-12.10808
-12.10833
-12.10858
-12.10884
-12.10909
-12.10934
-12.10960
-12.10985
-12.11010
-12.11035
-12.11061
-12.11086
-12.11111
-12.11137
-12.11162
-12.11187
-12.11212
-12.11238
-12.11263
-12.11288
-12.11314
-12.11339
-12.11364
-12.11389
-12.11415
-12.11440
-12.11465
-12.11491
-12.11516
-12.11541
-12.11566
-12.11592
-12.11617
-12.11642
-12.11668
-12.11693
-12.11718
-12.11743
-12.11769
-12.11794
-12.11819
-12.11845
-12.11870
-12.11895
-12.11920
-12.11946
-12.11971
-12.11996
-12.12022
-12.12047
-12.12072
-12.12097
-12.12123
-12.12148
-12.12173
-12.12199
-12.12224
-12.12249
-12.12274
-12.12300
-12.12325
-12.12350
-12.12376
-12.12401
-12.12426
-12.12451
-12.12477
-12.12502
-12.12527
-12.12553
-12.12578
-12.12603
-12.12628
-12.12654
-12.12679
-12.12704
-12.12730
-12.12755
-12.12780
-12.12805
-12.12831
-12.12856
-12.12881
-12.12907
-12.12932
-12.12957
-12.12982
-12.13008
-12.13033
-12.13058
-12.13084
-12.13109
-12.13134
-12.13160
-12.13185
-12.13210
-12.13235
-12.13261
-12.13286
-12.13311
-12.13337
-12.13362
-12.13387
-12.13412
-12.13438
-12.13463
-12.13488
-12.13514
-12.13539
-12.13564
-12.13589
-12.13615
-12.13640
-12.13665
-12.13691
-12.13716
-12.13741
-12.13766
-12.13792
-12.13817
-12.13842
-12.13868
-12.13893
-12.13918
-12.13943
-12.13969
-12.13994
-12.14019
-12.14045
-12.14070
-12.14095
-12.14120
-12.14146
-12.14171
-12.14196
-12.14222
-12.14247
-12.14272
-12.14297
-12.14323
-12.14348
-12.14373
-12.14399
-12.14424
-12.14449
-12.14474
-12.14500
-12.14525
-12.14550
-12.14576
-12.14601
-12.14626
-12.14651
-12.14677
-12.14702
-12.14727
-12.14753
-12.14778
-12.14803
-12.14828
-12.14854
-12.14879
-12.14904
-12.14930
-12.14955
-12.14980
-12.15005
-12.15031
-12.15056
-12.15081
-12.15107
-12.15132
-12.15157
-12.15182
-12.15208
-12.15233
-12.15258
-12.15284
-12.15309
-12.15334
-12.15359
-12.15385
-12.15410
-12.15435
-12.15461
-12.15486
-12.15511
-12.15536
-12.15562
-12.15587
-12.15612
-12.15638
-12.15663
-12.15688
-12.15713
-12.15739
-12.15764
-12.15789
-12.15815
-12.15840
-12.15865
-12.15890
-12.15916
-12.15941
-12.15966
-12.15992
-12.16017
-12.16042
-12.16067
-12.16093
-12.16118
-12.16143
-12.16169
-12.16194
-12.16219
-12.16244
-12.16270
-12.16295
-12.16320
-12.16346
-12.16371
-12.16396
-12.16421
-12.16447
-12.16472
-12.16497
-12.16523
-12.16548
-12.16573
-12.16598
-12.16624
-12.16649
-12.16674
-12.16700
-12.16725
-12.16750
-12.16776
-12.16801
-12.16826
-12.16851
-12.16877
-12.16902
-12.16927
-12.16953
-12.16978
-12.17003
-12.17028
-12.17054
-12.17079
-12.17104
-12.17130
-12.17155
-12.17180
-12.17205
-12.17231
-12.17256
-12.17281
-12.17307
-12.17332
-12.17357
-12.17382
-12.17408
-12.17433
-12.17458
-12.17484
-12.17509
-12.17534
-12.17559
-12.17585
-12.17610
-12.17635
-12.17661
-12.17686
-12.17711
-12.17736
-12.17762
-12.17787
-12.17812
-12.17838
-12.17863
-12.17888
-12.17913
-12.17939
-12.17964
-12.17989
-12.18015
-12.18040
-12.18065
-12.18090
-12.18116
-12.18141
-12.18166
-12.18192
-12.18217
-12.18242
-12.18267
-12.18293
-12.18318
-12.18343
-12.18369
-12.18394
-12.18419
-12.18444
-12.18470
-12.18495
-12.18520
-12.18546
-12.18571
-12.18596
-12.18621
-12.18647
-12.18672
-12.18697
-12.18723
-12.18748
-12.18773
-12.18798
-12.18824
-12.18849
-12.18874
-12.18900
-12.18925
-12.18950
-12.18975
-12.19001
-12.19026
-12.19051
-12.19077
-12.19102
-12.19127
-12.19152
-12.19178
-12.19203
-12.19228
-12.19254
-12.19279
-12.19304
-12.19329
-12.19355
-12.19380
-12.19405
-12.19431
-12.19456
-12.19481
-12.19506
-12.19532
-12.19557
-12.19582
-12.19608
-12.19633
-12.19658
-12.19683
-12.19709
-12.19734
-12.19759
-12.19785
-12.19810
-12.19835
-12.19860
-12.19886
-12.19911
-12.19936
-12.19962
-12.19987
-12.20012
-12.20037
-12.20063
-12.20088
-12.20113
-12.20139
-12.20164
-12.20189
-12.20214
-12.20240
-12.20265
-12.20290
-12.20316
-12.20341
-12.20366
-12.20391
-12.20417
-12.20442
-12.20467
-12.20493
-12.20518
-12.20543
-12.20568
-12.20594
-12.20619
-12.20644
-12.20670
-12.20695
-12.20720
-12.20745
-12.20771
-12.20796
-12.20821
-12.20846
-12.20872
-12.20897
-12.20922
-12.20948
-12.20973
-12.20998
-12.21023
-12.21049
-12.21074
-12.21099
-12.21125
-12.21150
-12.21175
-12.21200
-12.21226
-12.21251
-12.21276
-12.21302
-12.21327
-12.21352
-12.21377
-12.21403
-12.21428
-12.21453
-12.21479
-12.21504
-12.21529
-12.21554
-12.21580
-12.21605
-12.21630
-12.21656
-12.21681
-12.21706
-12.21731
-12.21757
-12.21782
-12.21807
-12.21833
-12.21858
-12.21883
-12.21908
-12.21934
-12.21959
-12.21984
-12.22010
-12.22035
-12.22060
-12.22085
-12.22111
-12.22136
-12.22161
-12.22187
-12.22212
-12.22237
-12.22262
-12.22288
-12.22313
-12.22338
-12.22364
-12.22389
-12.22414
-12.22439
-12.22465
-12.22490
-12.22515
-12.22541
-12.22566
-12.22591
-12.22616
-12.22642
-12.22667
-12.22692
-12.22718
-12.22743
-12.22768
-12.22793
-12.22819
-12.22844
-12.22869
-12.22895
-12.22920
-12.22945
-12.22970
-12.22996
-12.23021
-12.23046
-12.23072
-12.23097
-12.23122
-12.23147
-12.23173
-12.23198
-12.23223
-12.23249
-12.23274
-12.23299
-12.23324
-12.23350
-12.23375
-12.23400
-12.23426
-12.23451
-12.23476
-12.23501
-12.23527
-12.23552
-12.23577
-12.23603
-12.23628
-12.23653
-12.23678
-12.23704
-12.23729
-12.23754
-12.23780
-12.23805
-12.23830
-12.23855
-12.23881
-12.23906
-12.23931
-12.23957
-12.23982
-12.24007
-12.24032
-12.24058
-12.24083
-12.24108
-12.24134
-12.24159
-12.24184
-12.24209
-12.24235
-12.24260
-12.24285
-12.24311
-12.24336
-12.24361
-12.24386
-12.24412
-12.24437
-12.24462
-12.24487
-12.24513
-12.24538
-12.24563
-12.24589
-12.24614
-12.24639
-12.24664
-12.24690
-12.24715
-12.24740
-12.24766
-12.24791
-12.24816
-12.24841
-12.24867
-12.24892
-12.24917
-12.24943
-12.24968
-12.24993
-12.25018
-12.25044
-12.25069
-12.25094
-12.25120
-12.25145
-12.25170
-12.25195
-12.25221
-12.25246
-12.25271
-12.25297
-12.25322
-12.25347
-12.25372
-12.25398
-12.25423
-12.25448
-12.25474
-12.25499
-12.25524
-12.25549
-12.25575
-12.25600
-12.25625
-12.25651
-12.25676
-12.25701
-12.25726
-12.25752
-12.25777
-12.25802
-12.25828
-12.25853
-12.25878
-12.25903
-12.25929
-12.25954
-12.25979
-12.26005
-12.26030
-12.26055
-12.26080
-12.26106
-12.26131
-12.26156
-12.26182
-12.26207
-12.26232
-12.26257
-12.26283
-12.26308
-12.26333
-12.26359
-12.26384
-12.26409
-12.26434
-12.26460
-12.26485
-12.26510
-12.26535
-12.26561
-12.26586
-12.26611
-12.26637
-12.26662
-12.26687
-12.26712
-12.26738
-12.26763
-12.26788
-12.26814
-12.26839
-12.26864
-12.26889
-12.26915
-12.26940
-12.26965
-12.26991
-12.27016
-12.27041
-12.27066
-12.27092
-12.27117
-12.27142
-12.27168
-12.27193
-12.27218
-12.27243
-12.27269
-12.27294
-12.27319
-12.27345
-12.27370
-12.27395
-12.27420
-12.27446
-12.27471
-12.27496
-12.27522
-12.27547
-12.27572
-12.27597
-12.27623
-12.27648
-12.27673
-12.27699
-12.27724
-12.27749
-12.27774
-12.27800
-12.27825
-12.27850
-12.27876
-12.27901
-12.27926
-12.27951
-12.27977
-12.28002
-12.28027
-12.28053
-12.28078
-12.28103
-12.28128
-12.28154
-12.28179
-12.28204
-12.28229
-12.28255
-12.28280
-12.28305
-12.28331
-12.28356
-12.28381
-12.28406
-12.28432
-12.28457
-12.28482
-12.28508
-12.28533
-12.28558
-12.28583
-12.28609
-12.28634
-12.28659
-12.28685
-12.28710
-12.28735
-12.28760
-12.28786
-12.28811
-12.28836
-12.28862
-12.28887
-12.28912
-12.28937
-12.28963
-12.28988
-12.29013
-12.29039
-12.29064
-12.29089
-12.29114
-12.29140
-12.29165
-12.29190
-12.29216
-12.29241
-12.29266
-12.29291
-12.29317
-12.29342
-12.29367
-12.29393
-12.29418
-12.29443
-12.29468
-12.29494
-12.29519
-12.29544
-12.29569
-12.29595
-12.29620
-12.29645
-12.29671
-12.29696
-12.29721
-12.29746
-12.29772
-12.29797
-12.29822
-12.29848
-12.29873
-12.29898
-12.29923
-12.29949
-12.29974
-12.29999
-12.30025
-12.30050
-12.30075
-12.30100
-12.30126
-12.30151
-12.30176
-12.30202
-12.30227
-12.30252
-12.30277
-12.30303
-12.30328
-12.30353
-12.30379
-12.30404
-12.30429
-12.30454
-12.30480
-12.30505
-12.30530
-12.30556
-12.30581
-12.30606
-12.30631
-12.30657
-12.30682
-12.30707
-12.30733
-12.30758
-12.30783
-12.30808
-12.30834
-12.30859
-12.30884
-12.30909
-12.30935
-12.30960
-12.30985
-12.31011
-12.31036
-12.31061
-12.31086
-12.31112
-12.31137
-12.31162
-12.31188
-12.31213
-12.31238
-12.31263
-12.31289
-12.31314
-12.31339
-12.31365
-12.31390
-12.31415
-12.31440
-12.31466
-12.31491
-12.31516
-12.31542
-12.31567
-12.31592
-12.31617
-12.31643
-12.31668
-12.31693
-12.31719
-12.31744
-12.31769
-12.31794
-12.31820
-12.31845
-12.31870
-12.31896
-12.31921
-12.31946
-12.31971
-12.31997
-12.32022
-12.32047
-12.32072
-12.32098
-12.32123
-12.32148
-12.32174
-12.32199
-12.32224
-12.32249
-12.32275
-12.32300
-12.32325
-12.32351
-12.32376
-12.32401
-12.32426
-12.32452
-12.32477
-12.32502
-12.32528
-12.32553
-12.32578
-12.32603
-12.32629
-12.32654
-12.32679
-12.32705
-12.32730
-12.32755
-12.32780
-12.32806
-12.32831
-12.32856
-12.32882
-12.32907
-12.32932
-12.32957
-12.32983
-12.33008
-12.33033
-12.33058
-12.33084
-12.33109
-12.33134
-12.33160
-12.33185
-12.33210
-12.33235
-12.33261
-12.33286
-12.33311
-12.33337
-12.33362
-12.33387
-12.33412
-12.33438
-12.33463
-12.33488
-12.33514
-12.33539
-12.33564
-12.33589
-12.33615
-12.33640
-12.33665
-12.33691
-12.33716
-12.33741
-12.33766
-12.33792
-12.33817
-12.33842
-12.33868
-12.33893
-12.33918
-12.33943
-12.33969
-12.33994
-12.34019
-12.34044
-12.34070
-12.34095
-12.34120
-12.34146
-12.34171
-12.34196
-12.34221
-12.34247
-12.34272
-12.34297
-12.34323
-12.34348
-12.34373
-12.34398
-12.34424
-12.34449
-12.34474
-12.34500
-12.34525
-12.34550
-12.34575
-12.34601
-12.34626
-12.34651
-12.34677
-12.34702
-12.34727
-12.34752
-12.34778
-12.34803
-12.34828
-12.34853
-12.34879
-12.34904
-12.34929
-12.34955
-12.34980
-12.35005
-12.35030
-12.35056
-12.35081
-12.35106
-12.35132
-12.35157
-12.35182
-12.35207
-12.35233
-12.35258
-12.35283
-12.35309
-12.35334
-12.35359
-12.35384
-12.35410
-12.35435
-12.35460
-12.35486
-12.35511
-12.35536
-12.35561
-12.35587
-12.35612
-12.35637
-12.35663
-12.35688
-12.35713
-12.35738
-12.35764
-12.35789
-12.35814
-12.35839
-12.35865
-12.35890
-12.35915
-12.35941
-12.35966
-12.35991
-12.36016
-12.36042
-12.36067
-12.36092
-12.36118
-12.36143
-12.36168
-12.36193
-12.36219
-12.36244
-12.36269
-12.36295
-12.36320
-12.36345
-12.36370
-12.36396
-12.36421
-12.36446
-12.36472
-12.36497
-12.36522
-12.36547
-12.36573
-12.36598
-12.36623
-12.36648
-12.36674
-12.36699
-12.36724
-12.36750
-12.36775
-12.36800
-12.36825
-12.36851
-12.36876
-12.36901
-12.36927
-12.36952
-12.36977
-12.37002
-12.37028
-12.37053
-12.37078
-12.37104
-12.37129
-12.37154
-12.37179
-12.37205
-12.37230
-12.37255
-12.37280
-12.37306
-12.37331
-12.37356
-12.37382
-12.37407
-12.37432
-12.37457
-12.37483
-12.37508
-12.37533
-12.37559
-12.37584
-12.37609
-12.37634
-12.37660
-12.37685
-12.37710
-12.37736
-12.37761
-12.37786
-12.37811
-12.37837
-12.37862
-12.37887
-12.37913
-12.37938
-12.37963
-12.37988
-12.38014
-12.38039
-12.38064
-12.38089
-12.38115
-12.38140
-12.38165
-12.38191
-12.38216
-12.38241
-12.38266
-12.38292
-12.38317
-12.38342
-12.38368
-12.38393
-12.38418
-12.38443
-12.38469
-12.38494
-12.38519
-12.38545
-12.38570
-12.38595
-12.38620
-12.38646
-12.38671
-12.38696
-12.38722
-12.38747
-12.38772
-12.38797
-12.38823
-12.38848
-12.38873
-12.38898
-12.38924
-12.38949
-12.38974
-12.39000
-12.39025
-12.39050
-12.39075
-12.39101
-12.39126
-12.39151
-12.39177
-12.39202
-12.39227
-12.39252
-12.39278
-12.39303
-12.39328
-12.39354
-12.39379
-12.39404
-12.39429
-12.39455
-12.39480
-12.39505
-12.39530
-12.39556
-12.39581
-12.39606
-12.39632
-12.39657
-12.39682
-12.39707
-12.39733
-12.39758
-12.39783
-12.39809
-12.39834
-12.39859
-12.39884
-12.39910
-12.39935
-12.39960
-12.39986
-12.40011
-12.40036
-12.40061
-12.40087
-12.40112
-12.40137
-12.40162
-12.40188
-12.40213
-12.40238
-12.40264
-12.40289
-12.40314
-12.40339
-12.40365
-12.40390
-12.40415
-12.40441
-12.40466
-12.40491
-12.40516
-12.40542
-12.40567
-12.40592
-12.40618
-12.40643
-12.40668
-12.40693
-12.40719
-12.40744
-12.40769
-12.40794
-12.40820
-12.40845
-12.40870
-12.40896
-12.40921
-12.40946
-12.40971
-12.40997
-12.41022
-12.41047
-12.41073
-12.41098
-12.41123
-12.41148
-12.41174
-12.41199
-12.41224
-12.41250
-12.41275
-12.41300
-12.41325
-12.41351
-12.41376
-12.41401
-12.41426
-12.41452
-12.41477
-12.41502
-12.41528
-12.41553
-12.41578
-12.41603
-12.41629
-12.41654
-12.41679
-12.41705
-12.41730
-12.41755
-12.41780
-12.41806
-12.41831
-12.41856
-12.41882
-12.41907
-12.41932
-12.41957
-12.41983
-12.42008
-12.42033
-12.42058
-12.42084
-12.42109
-12.42134
-12.42160
-12.42185
-12.42210
-12.42235
-12.42261
-12.42286
-12.42311
-12.42337
-12.42362
-12.42387
-12.42412
-12.42438
-12.42463
-12.42488
-12.42514
-12.42539
-12.42564
-12.42589
-12.42615
-12.42640
-12.42665
-12.42690
-12.42716
-12.42741
-12.42766
-12.42792
-12.42817
-12.42842
-12.42867
-12.42893
-12.42918
-12.42943
-12.42969
-12.42994
-12.43019
-12.43044
-12.43070
-12.43095
-12.43120
-12.43146
-12.43171
-12.43196
-12.43221
-12.43247
-12.43272
-12.43297
-12.43322
-12.43348
-12.43373
-12.43398
-12.43424
-12.43449
-12.43474
-12.43499
-12.43525
-12.43550
-12.43575
-12.43601
-12.43626
-12.43651
-12.43676
-12.43702
-12.43727
-12.43752
-12.43777
-12.43803
-12.43828
-12.43853
-12.43879
-12.43904
-12.43929
-12.43954
-12.43980
-12.44005
-12.44030
-12.44056
-12.44081
-12.44106
-12.44131
-12.44157
-12.44182
-12.44207
-12.44233
-12.44258
-12.44283
-12.44308
-12.44334
-12.44359
-12.44384
-12.44409
-12.44435
-12.44460
-12.44485
-12.44511
-12.44536
-12.44561
-12.44586
-12.44612
-12.44637
-12.44662
-12.44688
-12.44713
-12.44738
-12.44763
-12.44789
-12.44814
-12.44839
-12.44864
-12.44890
-12.44915
-12.44940
-12.44966
-12.44991
-12.45016
-12.45041
-12.45067
-12.45092
-12.45117
-12.45143
-12.45168
-12.45193
-12.45218
-12.45244
-12.45269
-12.45294
-12.45320
-12.45345
-12.45370
-12.45395
-12.45421
-12.45446
-12.45471
-12.45496
-12.45522
-12.45547
-12.45572
-12.45598
-12.45623
-12.45648
-12.45673
-12.45699
-12.45724
-12.45749
-12.45775
-12.45800
-12.45825
-12.45850
-12.45876
-12.45901
-12.45926
-12.45951
-12.45977
-12.46002
-12.46027
-12.46053
-12.46078
-12.46103
-12.46128
-12.46154
-12.46179
-12.46204
-12.46230
-12.46255
-12.46280
-12.46305
-12.46331
-12.46356
-12.46381
-12.46407
-12.46432
-12.46457
-12.46482
-12.46508
-12.46533
-12.46558
-12.46583
-12.46609
-12.46634
-12.46659
-12.46685
-12.46710
-12.46735
-12.46760
-12.46786
-12.46811
-12.46836
-12.46862
-12.46887
-12.46912
-12.46937
-12.46963
-12.46988
-12.47013
-12.47038
-12.47064
-12.47089
-12.47114
-12.47140
-12.47165
-12.47190
-12.47215
-12.47241
-12.47266
-12.47291
-12.47317
-12.47342
-12.47367
-12.47392
-12.47418
-12.47443
-12.47468
-12.47493
-12.47519
-12.47544
-12.47569
-12.47595
-12.47620
-12.47645
-12.47670
-12.47696
-12.47721
-12.47746
-12.47772
-12.47797
-12.47822
-12.47847
-12.47873
-12.47898
-12.47923
-12.47948
-12.47974
-12.47999
-12.48024
-12.48050
-12.48075
-12.48100
-12.48125
-12.48151
-12.48176
-12.48201
-12.48227
-12.48252
-12.48277
-12.48302
-12.48328
-12.48353
-12.48378
-12.48403
-12.48429
-12.48454
-12.48479
-12.48505
-12.48530
-12.48555
-12.48580
-12.48606
-12.48631
-12.48656
-12.48682
-12.48707
-12.48732
-12.48757
-12.48783
-12.48808
-12.48833
-12.48859
-12.48884
-12.48909
-12.48934
-12.48960
-12.48985
-12.49010
-12.49035
-12.49061
-12.49086
-12.49111
-12.49137
-12.49162
-12.49187
-12.49212
-12.49238
-12.49263
-12.49288
-12.49314
-12.49339
-12.49364
-12.49389
-12.49415
-12.49440
-12.49465
-12.49490
-12.49516
-12.49541
-12.49566
-12.49592
-12.49617
-12.49642
-12.49667
-12.49693
-12.49718
-12.49743
-12.49769
-12.49794
-12.49819
-12.49844
-12.49870
-12.49895
-12.49920
-12.49945
-12.49971
-12.49996
-12.50021
-12.50047
-12.50072
-12.50097
-12.50122
-12.50148
-12.50173
-12.50198
-12.50224
-12.50249
-12.50274
-12.50299
-12.50325
-12.50350
-12.50375
-12.50400
-12.50426
-12.50451
-12.50476
-12.50502
-12.50527
-12.50552
-12.50577
-12.50603
-12.50628
-12.50653
-12.50679
-12.50704
-12.50729
-12.50754
-12.50780
-12.50805
-12.50830
-12.50855
-12.50881
-12.50906
-12.50931
-12.50957
-12.50982
-12.51007
-12.51032
-12.51058
-12.51083
-12.51108
-12.51133
-12.51159
-12.51184
-12.51209
-12.51235
-12.51260
-12.51285
-12.51310
-12.51336
-12.51361
-12.51386
-12.51412
-12.51437
-12.51462
-12.51487
-12.51513
-12.51538
-12.51563
-12.51588
-12.51614
-12.51639
-12.51664
-12.51690
-12.51715
-12.51740
-12.51765
-12.51791
-12.51816
-12.51841
-12.51867
-12.51892
-12.51917
-12.51942
-12.51968
-12.51993
-12.52018
-12.52043
-12.52069
-12.52094
-12.52119
-12.52145
-12.52170
-12.52195
-12.52220
-12.52246
-12.52271
-12.52296
-12.52322
-12.52347
-12.52372
-12.52397
-12.52423
-12.52448
-12.52473
-12.52498
-12.52524
-12.52549
-12.52574
-12.52600
-12.52625
-12.52650
-12.52675
-12.52701
-12.52726
-12.52751
-12.52777
-12.52802
-12.52827
-12.52852
-12.52878
-12.52903
-12.52928
-12.52953
-12.52979
-12.53004
-12.53029
-12.53055
-12.53080
-12.53105
-12.53130
-12.53156
-12.53181
-12.53206
-12.53232
-12.53257
-12.53282
-12.53307
-12.53333
-12.53358
-12.53383
-12.53408
-12.53434
-12.53459
-12.53484
-12.53510
-12.53535
-12.53560
-12.53585
-12.53611
-12.53636
-12.53661
-12.53686
-12.53712
-12.53737
-12.53762
-12.53788
-12.53813
-12.53838
-12.53863
-12.53889
-12.53914
-12.53939
-12.53965
-12.53990
-12.54015
-12.54040
-12.54066
-12.54091
-12.54116
-12.54141
-12.54167
-12.54192
-12.54217
-12.54243
-12.54268
-12.54293
-12.54318
-12.54344
-12.54369
-12.54394
-12.54420
-12.54445
-12.54470
-12.54495
-12.54521
-12.54546
-12.54571
-12.54596
-12.54622
-12.54647
-12.54672
-12.54698
-12.54723
-12.54748
-12.54773
-12.54799
-12.54824
-12.54849
-12.54874
-12.54900
-12.54925
-12.54950
-12.54976
-12.55001
-12.55026
-12.55051
-12.55077
-12.55102
-12.55127
-12.55153
-12.55178
-12.55203
-12.55228
-12.55254
-12.55279
-12.55304
-12.55329
-12.55355
-12.55380
-12.55405
-12.55431
-12.55456
-12.55481
-12.55506
-12.55532
-12.55557
-12.55582
-12.55607
-12.55633
-12.55658
-12.55683
-12.55709
-12.55734
-12.55759
-12.55784
-12.55810
-12.55835
-12.55860
-12.55886
-12.55911
-12.55936
-12.55961
-12.55987
-12.56012
-12.56037
-12.56062
-12.56088
-12.56113
-12.56138
-12.56164
-12.56189
-12.56214
-12.56239
-12.56265
-12.56290
-12.56315
-12.56341
-12.56366
-12.56391
-12.56416
-12.56442
-12.56467
-12.56492
-12.56517
-12.56543
-12.56568
-12.56593
-12.56619
-12.56644
-12.56669
-12.56694
-12.56720
-12.56745
-12.56770
-12.56795
-12.56821
-12.56846
-12.56871
-12.56897
-12.56922
-12.56947
-12.56972
-12.56998
-12.57023
-12.57048
-12.57074
-12.57099
-12.57124
-12.57149
-12.57175
-12.57200
-12.57225
-12.57250
-12.57276
-12.57301
-12.57326
-12.57352
-12.57377
-12.57402
-12.57427
-12.57453
-12.57478
-12.57503
-12.57528
-12.57554
-12.57579
-12.57604
-12.57630
-12.57655
-12.57680
-12.57705
-12.57731
-12.57756
-12.57781
-12.57807
-12.57832
-12.57857
-12.57882
-12.57908
-12.57933
-12.57958
-12.57983
-12.58009
-12.58034
-12.58059
-12.58085
-12.58110
-12.58135
-12.58160
-12.58186
-12.58211
-12.58236
-12.58261
-12.58287
-12.58312
-12.58337
-12.58363
-12.58388
-12.58413
-12.58438
-12.58464
-12.58489
-12.58514
-12.58540
-12.58565
-12.58590
-12.58615
-12.58641
-12.58666
-12.58691
-12.58716
-12.58742
-12.58767
-12.58792
-12.58818
-12.58843
-12.58868
-12.58893
-12.58919
-12.58944
-12.58969
-12.58994
-12.59020
-12.59045
-12.59070
-12.59096
-12.59121
-12.59146
-12.59171
-12.59197
-12.59222
-12.59247
-12.59272
-12.59298
-12.59323
-12.59348
-12.59374
-12.59399
-12.59424
-12.59449
-12.59475
-12.59500
-12.59525
-12.59551
-12.59576
-12.59601
-12.59626
-12.59652
-12.59677
-12.59702
-12.59727
-12.59753
-12.59778
-12.59803
-12.59829
-12.59854
-12.59879
-12.59904
-12.59930
-12.59955
-12.59980
-12.60005
-12.60031
-12.60056
-12.60081
-12.60107
-12.60132
-12.60157
-12.60182
-12.60208
-12.60233
-12.60258
-12.60284
-12.60309
-12.60334
-12.60359
-12.60385
-12.60410
-12.60435
-12.60460
-12.60486
-12.60511
-12.60536
-12.60562
-12.60587
-12.60612
-12.60637
-12.60663
-12.60688
-12.60713
-12.60738
-12.60764
-12.60789
-12.60814
-12.60840
-12.60865
-12.60890
-12.60915
-12.60941
-12.60966
-12.60991
-12.61016
-12.61042
-12.61067
-12.61092
-12.61118
-12.61143
-12.61168
-12.61193
-12.61219
-12.61244
-12.61269
-12.61294
-12.61320
-12.61345
-12.61370
-12.61396
-12.61421
-12.61446
-12.61471
-12.61497
-12.61522
-12.61547
-12.61573
-12.61598
-12.61623
-12.61648
-12.61674
-12.61699
-12.61724
-12.61749
-12.61775
-12.61800
-12.61825
-12.61851
-12.61876
-12.61901
-12.61926
-12.61952
-12.61977
-12.62002
-12.62027
-12.62053
-12.62078
-12.62103
-12.62129
-12.62154
-12.62179
-12.62204
-12.62230
-12.62255
-12.62280
-12.62305
-12.62331
-12.62356
-12.62381
-12.62407
-12.62432
-12.62457
-12.62482
-12.62508
-12.62533
-12.62558
-12.62584
-12.62609
-12.62634
-12.62659
-12.62685
-12.62710
-12.62735
-12.62760
-12.62786
-12.62811
-12.62836
-12.62862
-12.62887
-12.62912
-12.62937
-12.62963
-12.62988
-12.63013
-12.63038
-12.63064
-12.63089
-12.63114
-12.63140
-12.63165
-12.63190
-12.63215
-12.63241
-12.63266
-12.63291
-12.63316
-12.63342
-12.63367
-12.63392
-12.63418
-12.63443
-12.63468
-12.63493
-12.63519
-12.63544
-12.63569
-12.63594
-12.63620
-12.63645
-12.63670
-12.63696
-12.63721
-12.63746
-12.63771
-12.63797
-12.63822
-12.63847
-12.63872
-12.63898
-12.63923
-12.63948
-12.63974
-12.63999
-12.64024
-12.64049
-12.64075
-12.64100
-12.64125
-12.64151
-12.64176
-12.64201
-12.64226
-12.64252
-12.64277
-12.64302
-12.64327
-12.64353
-12.64378
-12.64403
-12.64429
-12.64454
-12.64479
-12.64504
-12.64530
-12.64555
-12.64580
-12.64605
-12.64631
-12.64656
-12.64681
-12.64707
-12.64732
-12.64757
-12.64782
-12.64808
-12.64833
-12.64858
-12.64883
-12.64909
-12.64934
-12.64959
-12.64985
-12.65010
-12.65035
-12.65060
-12.65086
-12.65111
-12.65136
-12.65161
-12.65187
-12.65212
-12.65237
-12.65263
-12.65288
-12.65313
-12.65338
-12.65364
-12.65389
-12.65414
-12.65439
-12.65465
-12.65490
-12.65515
-12.65541
-12.65566
-12.65591
-12.65616
-12.65642
-12.65667
-12.65692
-12.65717
-12.65743
-12.65768
-12.65793
-12.65819
-12.65844
-12.65869
-12.65894
-12.65920
-12.65945
-12.65970
-12.65996
-12.66021
-12.66046
-12.66071
-12.66097
-12.66122
-12.66147
-12.66172
-12.66198
-12.66223
-12.66248
-12.66274
-12.66299
-12.66324
-12.66349
-12.66375
-12.66400
-12.66425
-12.66450
-12.66476
-12.66501
-12.66526
-12.66552
-12.66577
-12.66602
-12.66627
-12.66653
-12.66678
-12.66703
-12.66728
-12.66754
-12.66779
-12.66804
-12.66830
-12.66855
-12.66880
-12.66905
-12.66931
-12.66956
-12.66981
-12.67006
-12.67032
-12.67057
-12.67082
-12.67108
-12.67133
-12.67158
-12.67183
-12.67209
-12.67234
-12.67259
-12.67284
-12.67310
-12.67335
-12.67360
-12.67386
-12.67411
-12.67436
-12.67461
-12.67487
-12.67512
-12.67537
-12.67562
-12.67588
-12.67613
-12.67638
-12.67664
-12.67689
-12.67714
-12.67739
-12.67765
-12.67790
-12.67815
-12.67840
-12.67866
-12.67891
-12.67916
-12.67942
-12.67967
-12.67992
-12.68017
-12.68043
-12.68068
-12.68093
-12.68118
-12.68144
-12.68169
-12.68194
-12.68220
-12.68245
-12.68270
-12.68295
-12.68321
-12.68346
-12.68371
-12.68396
-12.68422
-12.68447
-12.68472
-12.68498
-12.68523
-12.68548
-12.68573
-12.68599
-12.68624
-12.68649
-12.68674
-12.68700
-12.68725
-12.68750
-12.68776
-12.68801
-12.68826
-12.68851
-12.68877
-12.68902
-12.68927
-12.68952
-12.68978
-12.69003
-12.69028
-12.69054
-12.69079
-12.69104
-12.69129
-12.69155
-12.69180
-12.69205
-12.69230
-12.69256
-12.69281
-12.69306
-12.69332
-12.69357
-12.69382
-12.69407
-12.69433
-12.69458
-12.69483
-12.69508
-12.69534
-12.69559
-12.69584
-12.69610
-12.69635
-12.69660
-12.69685
-12.69711
-12.69736
-12.69761
-12.69786
-12.69812
-12.69837
-12.69862
-12.69888
-12.69913
-12.69938
-12.69963
-12.69989
-12.70014
-12.70039
-12.70064
-12.70090
-12.70115
-12.70140
-12.70166
-12.70191
-12.70216
-12.70241
-12.70267
-12.70292
-12.70317
-12.70342
-12.70368
-12.70393
-12.70418
-12.70444
-12.70469
-12.70494
-12.70519
-12.70545
-12.70570
-12.70595
-12.70620
-12.70646
-12.70671
-12.70696
-12.70722
-12.70747
-12.70772
-12.70797
-12.70823
-12.70848
-12.70873
-12.70898
-12.70924
-12.70949
-12.70974
-12.71000
-12.71025
-12.71050
-12.71075
-12.71101
-12.71126
-12.71151
-12.71176
-12.71202
-12.71227
-12.71252
-12.71278
-12.71303
-12.71328
-12.71353
-12.71379
-12.71404
-12.71429
-12.71454
-12.71480
-12.71505
-12.71530
-12.71556
-12.71581
-12.71606
-12.71631
-12.71657
-12.71682
-12.71707
-12.71732
-12.71758
-12.71783
-12.71808
-12.71834
-12.71859
-12.71884
-12.71909
-12.71935
-12.71960
-12.71985
-12.72010
-12.72036
-12.72061
-12.72086
-12.72112
-12.72137
-12.72162
-12.72187
-12.72213
-12.72238
-12.72263
-12.72288
-12.72314
-12.72339
-12.72364
-12.72390
-12.72415
-12.72440
-12.72465
-12.72491
-12.72516
-12.72541
-12.72566
-12.72592
-12.72617
-12.72642
-12.72668
-12.72693
-12.72718
-12.72743
-12.72769
-12.72794
-12.72819
-12.72844
-12.72870
-12.72895
-12.72920
-12.72946
-12.72971
-12.72996
-12.73021
-12.73047
-12.73072
-12.73097
-12.73122
-12.73148
-12.73173
-12.73198
-12.73223
-12.73249
-12.73274
-12.73299
-12.73325
-12.73350
-12.73375
-12.73400
-12.73426
-12.73451
-12.73476
-12.73501
-12.73527
-12.73552
-12.73577
-12.73603
-12.73628
-12.73653
-12.73678
-12.73704
-12.73729
-12.73754
-12.73779
-12.73805
-12.73830
-12.73855
-12.73881
-12.73906
-12.73931
-12.73956
-12.73982
-12.74007
-12.74032
-12.74057
-12.74083
-12.74108
-12.74133
-12.74159
-12.74184
-12.74209
-12.74234
-12.74260
-12.74285
-12.74310
-12.74335
-12.74361
-12.74386
-12.74411
-12.74437
-12.74462
-12.74487
-12.74512
-12.74538
-12.74563
-12.74588
-12.74613
-12.74639
-12.74664
-12.74689
-12.74715
-12.74740
-12.74765
-12.74790
-12.74816
-12.74841
-12.74866
-12.74891
-12.74917
-12.74942
-12.74967
-12.74993
-12.75018
-12.75043
-12.75068
-12.75094
-12.75119
-12.75144
-12.75169
-12.75195
-12.75220
-12.75245
-12.75270
-12.75296
-12.75321
-12.75346
-12.75372
-12.75397
-12.75422
-12.75447
-12.75473
-12.75498
-12.75523
-12.75548
-12.75574
-12.75599
-12.75624
-12.75650
-12.75675
-12.75700
-12.75725
-12.75751
-12.75776
-12.75801
-12.75826
-12.75852
-12.75877
-12.75902
-12.75928
-12.75953
-12.75978
-12.76003
-12.76029
-12.76054
-12.76079
-12.76104
-12.76130
-12.76155
-12.76180
-12.76206
-12.76231
-12.76256
-12.76281
-12.76307
-12.76332
-12.76357
-12.76382
-12.76408
-12.76433
-12.76458
-12.76484
-12.76509
-12.76534
-12.76559
-12.76585
-12.76610
-12.76635
-12.76660
-12.76686
-12.76711
-12.76736
-12.76761
-12.76787
-12.76812
-12.76837
-12.76863
-12.76888
-12.76913
-12.76938
-12.76964
-12.76989
-12.77014
-12.77039
-12.77065
-12.77090
-12.77115
-12.77141
-12.77166
-12.77191
-12.77216
-12.77242
-12.77267
-12.77292
-12.77317
-12.77343
-12.77368
-12.77393
-12.77419
-12.77444
-12.77469
-12.77494
-12.77520
-12.77545
-12.77570
-12.77595
-12.77621
-12.77646
-12.77671
-12.77697
-12.77722
-12.77747
-12.77772
-12.77798
-12.77823
-12.77848
-12.77873
-12.77899
-12.77924
-12.77949
-12.77974
-12.78000
-12.78025
-12.78050
-12.78076
-12.78101
-12.78126
-12.78151
-12.78177
-12.78202
-12.78227
-12.78252
-12.78278
-12.78303
-12.78328
-12.78354
-12.78379
-12.78404
-12.78429
-12.78455
-12.78480
-12.78505
-12.78530
-12.78556
-12.78581
-12.78606
-12.78632
-12.78657
-12.78682
-12.78707
-12.78733
-12.78758
-12.78783
-12.78808
-12.78834
-12.78859
-12.78884
-12.78909
-12.78935
-12.78960
-12.78985
-12.79011
-12.79036
-12.79061
-12.79086
-12.79112
-12.79137
-12.79162
-12.79187
-12.79213
-12.79238
-12.79263
-12.79289
-12.79314
-12.79339
-12.79364
-12.79390
-12.79415
-12.79440
-12.79465
-12.79491
-12.79516
-12.79541
-12.79567
-12.79592
-12.79617
-12.79642
-12.79668
-12.79693
-12.79718
-12.79743
-12.79769
-12.79794
-12.79819
-12.79844
-12.79870
-12.79895
-12.79920
-12.79946
-12.79971
-12.79996
-12.80021
-12.80047
-12.80072
-12.80097
-12.80122
-12.80148
-12.80173
-12.80198
-12.80224
-12.80249
-12.80274
-12.80299
-12.80325
-12.80350
-12.80375
-12.80400
-12.80426
-12.80451
-12.80476
-12.80502
-12.80527
-12.80552
-12.80577
-12.80603
-12.80628
-12.80653
-12.80678
-12.80704
-12.80729
-12.80754
-12.80779
-12.80805
-12.80830
-12.80855
-12.80881
-12.80906
-12.80931
-12.80956
-12.80982
-12.81007
-12.81032
-12.81057
-12.81083
-12.81108
-12.81133
-12.81159
-12.81184
-12.81209
-12.81234
-12.81260
-12.81285
-12.81310
-12.81335
-12.81361
-12.81386
-12.81411
-12.81436
-12.81462
-12.81487
-12.81512
-12.81538
-12.81563
-12.81588
-12.81613
-12.81639
-12.81664
-12.81689
-12.81714
-12.81740
-12.81765
-12.81790
-12.81816
-12.81841
-12.81866
-12.81891
-12.81917
-12.81942
-12.81967
-12.81992
-12.82018
-12.82043
-12.82068
-12.82093
-12.82119
-12.82144
-12.82169
-12.82195
-12.82220
-12.82245
-12.82270
-12.82296
-12.82321
-12.82346
-12.82371
-12.82397
-12.82422
-12.82447
-12.82473
-12.82498
-12.82523
-12.82548
-12.82574
-12.82599
-12.82624
-12.82649
-12.82675
-12.82700
-12.82725
-12.82751
-12.82776
-12.82801
-12.82826
-12.82852
-12.82877
-12.82902
-12.82927
-12.82953
-12.82978
-12.83003
-12.83028
-12.83054
-12.83079
-12.83104
-12.83130
-12.83155
-12.83180
-12.83205
-12.83231
-12.83256
-12.83281
-12.83306
-12.83332
-12.83357
-12.83382
-12.83408
-12.83433
-12.83458
-12.83483
-12.83509
-12.83534
-12.83559
-12.83584
-12.83610
-12.83635
-12.83660
-12.83685
-12.83711
-12.83736
-12.83761
-12.83787
-12.83812
-12.83837
-12.83862
-12.83888
-12.83913
-12.83938
-12.83963
-12.83989
-12.84014
-12.84039
-12.84065
-12.84090
-12.84115
-12.84140
-12.84166
-12.84191
-12.84216
-12.84241
-12.84267
-12.84292
-12.84317
-12.84342
-12.84368
-12.84393
-12.84418
-12.84444
-12.84469
-12.84494
-12.84519
-12.84545
-12.84570
-12.84595
-12.84620
-12.84646
-12.84671
-12.84696
-12.84721
-12.84747
-12.84772
-12.84797
-12.84823
-12.84848
-12.84873
-12.84898
-12.84924
-12.84949
-12.84974
-12.84999
-12.85025
-12.85050
-12.85075
-12.85101
-12.85126
-12.85151
-12.85176
-12.85202
-12.85227
-12.85252
-12.85277
-12.85303
-12.85328
-12.85353
-12.85378
-12.85404
-12.85429
-12.85454
-12.85480
-12.85505
-12.85530
-12.85555
-12.85581
-12.85606
-12.85631
-12.85656
-12.85682
-12.85707
-12.85732
-12.85758
-12.85783
-12.85808
-12.85833
-12.85859
-12.85884
-12.85909
-12.85934
-12.85960
-12.85985
-12.86010
-12.86035
-12.86061
-12.86086
-12.86111
-12.86137
-12.86162
-12.86187
-12.86212
-12.86238
-12.86263
-12.86288
-12.86313
-12.86339
-12.86364
-12.86389
-12.86414
-12.86440
-12.86465
-12.86490
-12.86516
-12.86541
-12.86566
-12.86591
-12.86617
-12.86642
-12.86667
-12.86692
-12.86718
-12.86743
-12.86768
-12.86794
-12.86819
-12.86844
-12.86869
-12.86895
-12.86920
-12.86945
-12.86970
-12.86996
-12.87021
-12.87046
-12.87071
-12.87097
-12.87122
-12.87147
-12.87173
-12.87198
-12.87223
-12.87248
-12.87274
-12.87299
-12.87324
-12.87349
-12.87375
-12.87400
-12.87425
-12.87450
-12.87476
-12.87501
-12.87526
-12.87552
-12.87577
-12.87602
-12.87627
-12.87653
-12.87678
-12.87703
-12.87728
-12.87754
-12.87779
-12.87804
-12.87830
-12.87855
-12.87880
-12.87905
-12.87931
-12.87956
-12.87981
-12.88006
-12.88032
-12.88057
-12.88082
-12.88107
-12.88133
-12.88158
-12.88183
-12.88209
-12.88234
-12.88259
-12.88284
-12.88310
-12.88335
-12.88360
-12.88385
-12.88411
-12.88436
-12.88461
-12.88486
-12.88512
-12.88537
-12.88562
-12.88588
-12.88613
-12.88638
-12.88663
-12.88689
-12.88714
-12.88739
-12.88764
-12.88790
-12.88815
-12.88840
-12.88865
-12.88891
-12.88916
-12.88941
-12.88967
-12.88992
-12.89017
-12.89042
-12.89068
-12.89093
-12.89118
-12.89143
-12.89169
-12.89194
-12.89219
-12.89245
-12.89270
-12.89295
-12.89320
-12.89346
-12.89371
-12.89396
-12.89421
-12.89447
-12.89472
-12.89497
-12.89522
-12.89548
-12.89573
-12.89598
-12.89624
-12.89649
-12.89674
-12.89699
-12.89725
-12.89750
-12.89775
-12.89800
-12.89826
-12.89851
-12.89876
-12.89901
-12.89927
-12.89952
-12.89977
-12.90003
-12.90028
-12.90053
-12.90078
-12.90104
-12.90129
-12.90154
-12.90179
-12.90205
-12.90230
-12.90255
-12.90280
-12.90306
-12.90331
-12.90356
-12.90382
-12.90407
-12.90432
-12.90457
-12.90483
-12.90508
-12.90533
-12.90558
-12.90584
-12.90609
-12.90634
-12.90659
-12.90685
-12.90710
-12.90735
-12.90761
-12.90786
-12.90811
-12.90836
-12.90862
-12.90887
-12.90912
-12.90937
-12.90963
-12.90988
-12.91013
-12.91039
-12.91064
-12.91089
-12.91114
-12.91140
-12.91165
-12.91190
-12.91215
-12.91241
-12.91266
-12.91291
-12.91316
-12.91342
-12.91367
-12.91392
-12.91418
-12.91443
-12.91468
-12.91493
-12.91519
-12.91544
-12.91569
-12.91594
-12.91620
-12.91645
-12.91670
-12.91695
-12.91721
-12.91746
-12.91771
-12.91797
-12.91822
-12.91847
-12.91872
-12.91898
-12.91923
-12.91948
-12.91973
-12.91999
-12.92024
-12.92049
-12.92074
-12.92100
-12.92125
-12.92150
-12.92176
-12.92201
-12.92226
-12.92251
-12.92277
-12.92302
-12.92327
-12.92352
-12.92378
-12.92403
-12.92428
-12.92453
-12.92479
-12.92504
-12.92529
-12.92555
-12.92580
-12.92605
-12.92630
-12.92656
-12.92681
-12.92706
-12.92731
-12.92757
-12.92782
-12.92807
-12.92832
-12.92858
-12.92883
-12.92908
-12.92934
-12.92959
-12.92984
-12.93009
-12.93035
-12.93060
-12.93085
-12.93110
-12.93136
-12.93161
-12.93186
-12.93211
-12.93237
-12.93262
-12.93287
-12.93313
-12.93338
-12.93363
-12.93388
-12.93414
-12.93439
-12.93464
-12.93489
-12.93515
-12.93540
-12.93565
-12.93590
-12.93616
-12.93641
-12.93666
-12.93692
-12.93717
-12.93742
-12.93767
-12.93793
-12.93818
-12.93843
-12.93868
-12.93894
-12.93919
-12.93944
-12.93969
-12.93995
-12.94020
-12.94045
-12.94071
-12.94096
-12.94121
-12.94146
-12.94172
-12.94197
-12.94222
-12.94247
-12.94273
-12.94298
-12.94323
-12.94348
-12.94374
-12.94399
-12.94424
-12.94450
-12.94475
-12.94500
-12.94525
-12.94551
-12.94576
-12.94601
-12.94626
-12.94652
-12.94677
-12.94702
-12.94727
-12.94753
-12.94778
-12.94803
-12.94829
-12.94854
-12.94879
-12.94904
-12.94930
-12.94955
-12.94980
-12.95005
-12.95031
-12.95056
-12.95081
-12.95106
-12.95132
-12.95157
-12.95182
-12.95208
-12.95233
-12.95258
-12.95283
-12.95309
-12.95334
-12.95359
-12.95384
-12.95410
-12.95435
-12.95460
-12.95485
-12.95511
-12.95536
-12.95561
-12.95587
-12.95612
-12.95637
-12.95662
-12.95688
-12.95713
-12.95738
-12.95763
-12.95789
-12.95814
-12.95839
-12.95864
-12.95890
-12.95915
-12.95940
-12.95965
-12.95991
-12.96016
-12.96041
-12.96067
-12.96092
-12.96117
-12.96142
-12.96168
-12.96193
-12.96218
-12.96243
-12.96269
-12.96294
-12.96319
-12.96344
-12.96370
-12.96395
-12.96420
-12.96446
-12.96471
-12.96496
-12.96521
-12.96547
-12.96572
-12.96597
-12.96622
-12.96648
-12.96673
-12.96698
-12.96723
-12.96749
-12.96774
-12.96799
-12.96825
-12.96850
-12.96875
-12.96900
-12.96926
-12.96951
-12.96976
-12.97001
-12.97027
-12.97052
-12.97077
-12.97102
-12.97128
-12.97153
-12.97178
-12.97204
-12.97229
-12.97254
-12.97279
-12.97305
-12.97330
-12.97355
-12.97380
-12.97406
-12.97431
-12.97456
-12.97481
-12.97507
-12.97532
-12.97557
-12.97583
-12.97608
-12.97633
-12.97658
-12.97684
-12.97709
-12.97734
-12.97759
-12.97785
-12.97810
-12.97835
-12.97860
-12.97886
-12.97911
-12.97936
-12.97961
-12.97987
-12.98012
-12.98037
-12.98063
-12.98088
-12.98113
-12.98138
-12.98164
-12.98189
-12.98214
-12.98239
-12.98265
-12.98290
-12.98315
-12.98340
-12.98366
-12.98391
-12.98416
-12.98442
-12.98467
-12.98492
-12.98517
-12.98543
-12.98568
-12.98593
-12.98618
-12.98644
-12.98669
-12.98694
-12.98719
-12.98745
-12.98770
-12.98795
-12.98821
-12.98846
-12.98871
-12.98896
-12.98922
-12.98947
-12.98972
-12.98997
-12.99023
-12.99048
-12.99073
-12.99098
-12.99124
-12.99149
-12.99174
-12.99199
-12.99225
-12.99250
-12.99275
-12.99301
-12.99326
-12.99351
-12.99376
-12.99402
-12.99427
-12.99452
-12.99477
-12.99503
-12.99528
-12.99553
-12.99578
-12.99604
-12.99629
-12.99654
-12.99680
-12.99705
-12.99730
-12.99755
-12.99781
-12.99806
-12.99831
-12.99856
-12.99882
-12.99907
-12.99932
-12.99957
-12.99983
-13.00008
-13.00033
-13.00058
-13.00084
-13.00109
-13.00134
-13.00160
-13.00185
-13.00210
-13.00235
-13.00261
-13.00286
-13.00311
-13.00336
-13.00362
-13.00387
-13.00412
-13.00437
-13.00463
-13.00488
-13.00513
-13.00539
-13.00564
-13.00589
-13.00614
-13.00640
-13.00665
-13.00690
-13.00715
-13.00741
-13.00766
-13.00791
-13.00816
-13.00842
-13.00867
-13.00892
-13.00918
-13.00943
-13.00968
-13.00993
-13.01019
-13.01044
-13.01069
-13.01094
-13.01120
-13.01145
-13.01170
-13.01195
-13.01221
-13.01246
-13.01271
-13.01296
-13.01322
-13.01347
-13.01372
-13.01398
-13.01423
-13.01448
-13.01473
-13.01499
-13.01524
-13.01549
-13.01574
-13.01600
-13.01625
-13.01650
-13.01675
-13.01701
-13.01726
-13.01751
-13.01776
-13.01802
-13.01827
-13.01852
-13.01878
-13.01903
-13.01928
-13.01953
-13.01979
-13.02004
-13.02029
-13.02054
-13.02080
-13.02105
-13.02130
-13.02155
-13.02181
-13.02206
-13.02231
-13.02257
-13.02282
-13.02307
-13.02332
-13.02358
-13.02383
-13.02408
-13.02433
-13.02459
-13.02484
-13.02509
-13.02534
-13.02560
-13.02585
-13.02610
-13.02635
-13.02661
-13.02686
-13.02711
-13.02737
-13.02762
-13.02787
-13.02812
-13.02838
-13.02863
-13.02888
-13.02913
-13.02939
-13.02964
-13.02989
-13.03014
-13.03040
-13.03065
-13.03090
-13.03116
-13.03141
-13.03166
-13.03191
-13.03217
-13.03242
-13.03267
-13.03292
-13.03318
-13.03343
-13.03368
-13.03393
-13.03419
-13.03444
-13.03469
-13.03494
-13.03520
-13.03545
-13.03570
-13.03596
-13.03621
-13.03646
-13.03671
-13.03697
-13.03722
-13.03747
-13.03772
-13.03798
-13.03823
-13.03848
-13.03873
-13.03899
-13.03924
-13.03949
-13.03974
-13.04000
-13.04025
-13.04050
-13.04076
-13.04101
-13.04126
-13.04151
-13.04177
-13.04202
-13.04227
-13.04252
-13.04278
-13.04303
-13.04328
-13.04353
-13.04379
-13.04404
-13.04429
-13.04454
-13.04480
-13.04505
-13.04530
-13.04556
-13.04581
-13.04606
-13.04631
-13.04657
-13.04682
-13.04707
-13.04732
-13.04758
-13.04783
-13.04808
-13.04833
-13.04859
-13.04884
-13.04909
-13.04935
-13.04960
-13.04985
-13.05010
-13.05036
-13.05061
-13.05086
-13.05111
-13.05137
-13.05162
-13.05187
-13.05212
-13.05238
-13.05263
-13.05288
-13.05313
-13.05339
-13.05364
-13.05389
-13.05415
-13.05440
-13.05465
-13.05490
-13.05516
-13.05541
-13.05566
-13.05591
-13.05617
-13.05642
-13.05667
-13.05692
-13.05718
-13.05743
-13.05768
-13.05793
-13.05819
-13.05844
-13.05869
-13.05895
-13.05920
-13.05945
-13.05970
-13.05996
-13.06021
-13.06046
-13.06071
-13.06097
-13.06122
-13.06147
-13.06172
-13.06198
-13.06223
-13.06248
-13.06273
-13.06299
-13.06324
-13.06349
-13.06375
-13.06400
-13.06425
-13.06450
-13.06476
-13.06501
-13.06526
-13.06551
-13.06577
-13.06602
-13.06627
-13.06652
-13.06678
-13.06703
-13.06728
-13.06753
-13.06779
-13.06804
-13.06829
-13.06855
-13.06880
-13.06905
-13.06930
-13.06956
-13.06981
-13.07006
-13.07031
-13.07057
-13.07082
-13.07107
-13.07132
-13.07158
-13.07183
-13.07208
-13.07233
-13.07259
-13.07284
-13.07309
-13.07335
-13.07360
-13.07385
-13.07410
-13.07436
-13.07461
-13.07486
-13.07511
-13.07537
-13.07562
-13.07587
-13.07612
-13.07638
-13.07663
-13.07688
-13.07713
-13.07739
-13.07764
-13.07789
-13.07815
-13.07840
-13.07865
-13.07890
-13.07916
-13.07941
-13.07966
-13.07991
-13.08017
-13.08042
-13.08067
-13.08092
-13.08118
-13.08143
-13.08168
-13.08193
-13.08219
-13.08244
-13.08269
-13.08295
-13.08320
-13.08345
-13.08370
-13.08396
-13.08421
-13.08446
-13.08471
-13.08497
-13.08522
-13.08547
-13.08572
-13.08598
-13.08623
-13.08648
-13.08673
-13.08699
-13.08724
-13.08749
-13.08775
-13.08800
-13.08825
-13.08850
-13.08876
-13.08901
-13.08926
-13.08951
-13.08977
-13.09002
-13.09027
-13.09052
-13.09078
-13.09103
-13.09128
-13.09153
-13.09179
-13.09204
-13.09229
-13.09255
-13.09280
-13.09305
-13.09330
-13.09356
-13.09381
-13.09406
-13.09431
-13.09457
-13.09482
-13.09507
-13.09532
-13.09558
-13.09583
-13.09608
-13.09633
-13.09659
-13.09684
-13.09709
-13.09734
-13.09760
-13.09785
-13.09810
-13.09836
-13.09861
-13.09886
-13.09911
-13.09937
-13.09962
-13.09987
-13.10012
-13.10038
-13.10063
-13.10088
-13.10113
-13.10139
-13.10164
-13.10189
-13.10214
-13.10240
-13.10265
-13.10290
-13.10316
-13.10341
-13.10366
-13.10391
-13.10417
-13.10442
-13.10467
-13.10492
-13.10518
-13.10543
-13.10568
-13.10593
-13.10619
-13.10644
-13.10669
-13.10694
-13.10720
-13.10745
-13.10770
-13.10796
-13.10821
-13.10846
-13.10871
-13.10897
-13.10922
-13.10947
-13.10972
-13.10998
-13.11023
-13.11048
-13.11073
-13.11099
-13.11124
-13.11149
-13.11174
-13.11200
-13.11225
-13.11250
-13.11275
-13.11301
-13.11326
-13.11351
-13.11377
-13.11402
-13.11427
-13.11452
-13.11478
-13.11503
-13.11528
-13.11553
-13.11579
-13.11604
-13.11629
-13.11654
-13.11680
-13.11705
-13.11730
-13.11755
-13.11781
-13.11806
-13.11831
-13.11857
-13.11882
-13.11907
-13.11932
-13.11958
-13.11983
-13.12008
-13.12033
-13.12059
-13.12084
-13.12109
-13.12134
-13.12160
-13.12185
-13.12210
-13.12235
-13.12261
-13.12286
-13.12311
-13.12336
-13.12362
-13.12387
-13.12412
-13.12438
-13.12463
-13.12488
-13.12513
-13.12539
-13.12564
-13.12589
-13.12614
-13.12640
-13.12665
-13.12690
-13.12715
-13.12741
-13.12766
-13.12791
-13.12816
-13.12842
-13.12867
-13.12892
-13.12918
-13.12943
-13.12968
-13.12993
-13.13019
-13.13044
-13.13069
-13.13094
-13.13120
-13.13145
-13.13170
-13.13195
-13.13221
-13.13246
-13.13271
-13.13296
-13.13322
-13.13347
-13.13372
-13.13397
-13.13423
-13.13448
-13.13473
-13.13499
-13.13524
-13.13549
-13.13574
-13.13600
-13.13625
-13.13650
-13.13675
-13.13701
-13.13726
-13.13751
-13.13776
-13.13802
-13.13827
-13.13852
-13.13877
-13.13903
-13.13928
-13.13953
-13.13978
-13.14004
-13.14029
-13.14054
-13.14080
-13.14105
-13.14130
-13.14155
-13.14181
-13.14206
-13.14231
-13.14256
-13.14282
-13.14307
-13.14332
-13.14357
-13.14383
-13.14408
-13.14433
-13.14458
-13.14484
-13.14509
-13.14534
-13.14560
-13.14585
-13.14610
-13.14635
-13.14661
-13.14686
-13.14711
-13.14736
-13.14762
-13.14787
-13.14812
-13.14837
-13.14863
-13.14888
-13.14913
-13.14938
-13.14964
-13.14989
-13.15014
-13.15039
-13.15065
-13.15090
-13.15115
-13.15141
-13.15166
-13.15191
-13.15216
-13.15242
-13.15267
-13.15292
-13.15317
-13.15343
-13.15368
-13.15393
-13.15418
-13.15444
-13.15469
-13.15494
-13.15519
-13.15545
-13.15570
-13.15595
-13.15620
-13.15646
-13.15671
-13.15696
-13.15722
-13.15747
-13.15772
-13.15797
-13.15823
-13.15848
-13.15873
-13.15898
-13.15924
-13.15949
-13.15974
-13.15999
-13.16025
-13.16050
-13.16075
-13.16100
-13.16126
-13.16151
-13.16176
-13.16201
-13.16227
-13.16252
-13.16277
-13.16303
-13.16328
-13.16353
-13.16378
-13.16404
-13.16429
-13.16454
-13.16479
-13.16505
-13.16530
-13.16555
-13.16580
-13.16606
-13.16631
-13.16656
-13.16681
-13.16707
-13.16732
-13.16757
-13.16782
-13.16808
-13.16833
-13.16858
-13.16884
-13.16909
-13.16934
-13.16959
-13.16985
-13.17010
-13.17035
-13.17060
-13.17086
-13.17111
-13.17136
-13.17161
-13.17187
-13.17212
-13.17237
-13.17262
-13.17288
-13.17313
-13.17338
-13.17363
-13.17389
-13.17414
-13.17439
-13.17464
-13.17490
-13.17515
-13.17540
-13.17566
-13.17591
-13.17616
-13.17641
-13.17667
-13.17692
-13.17717
-13.17742
-13.17768
-13.17793
-13.17818
-13.17843
-13.17869
-13.17894
-13.17919
-13.17944
-13.17970
-13.17995
-13.18020
-13.18045
-13.18071
-13.18096
-13.18121
-13.18147
-13.18172
-13.18197
-13.18222
-13.18248
-13.18273
-13.18298
-13.18323
-13.18349
-13.18374
-13.18399
-13.18424
-13.18450
-13.18475
-13.18500
-13.18525
-13.18551
-13.18576
-13.18601
-13.18626
-13.18652
-13.18677
-13.18702
-13.18728
-13.18753
-13.18778
-13.18803
-13.18829
-13.18854
-13.18879
-13.18904
-13.18930
-13.18955
-13.18980
-13.19005
-13.19031
-13.19056
-13.19081
-13.19106
-13.19132
-13.19157
-13.19182
-13.19207
-13.19233
-13.19258
-13.19283
-13.19308
-13.19334
-13.19359
-13.19384
-13.19410
-13.19435
-13.19460
-13.19485
-13.19511
-13.19536
-13.19561
-13.19586
-13.19612
-13.19637
-13.19662
-13.19687
-13.19713
-13.19738
-13.19763
-13.19788
-13.19814
-13.19839
-13.19864
-13.19889
-13.19915
-13.19940
-13.19965
-13.19991
-13.20016
-13.20041
-13.20066
-13.20092
-13.20117
-13.20142
-13.20167
-13.20193
-13.20218
-13.20243
-13.20268
-13.20294
-13.20319
-13.20344
-13.20369
-13.20395
-13.20420
-13.20445
-13.20470
-13.20496
-13.20521
-13.20546
-13.20571
-13.20597
-13.20622
-13.20647
-13.20673
-13.20698
-13.20723
-13.20748
-13.20774
-13.20799
-13.20824
-13.20849
-13.20875
-13.20900
-13.20925
-13.20950
-13.20976
-13.21001
-13.21026
-13.21051
-13.21077
-13.21102
-13.21127
-13.21152
-13.21178
-13.21203
-13.21228
-13.21253
-13.21279
-13.21304
-13.21329
-13.21355
-13.21380
-13.21405
-13.21430
-13.21456
-13.21481
-13.21506
-13.21531
-13.21557
-13.21582
-13.21607
-13.21632
-13.21658
-13.21683
-13.21708
-13.21733
-13.21759
-13.21784
-13.21809
-13.21834
-13.21860
-13.21885
-13.21910
-13.21935
-13.21961
-13.21986
-13.22011
-13.22037
-13.22062
-13.22087
-13.22112
-13.22138
-13.22163
-13.22188
-13.22213
-13.22239
-13.22264
-13.22289
-13.22314
-13.22340
-13.22365
-13.22390
-13.22415
-13.22441
-13.22466
-13.22491
-13.22516
-13.22542
-13.22567
-13.22592
-13.22617
-13.22643
-13.22668
-13.22693
-13.22719
-13.22744
-13.22769
-13.22794
-13.22820
-13.22845
-13.22870
-13.22895
-13.22921
-13.22946
-13.22971
-13.22996
-13.23022
-13.23047
-13.23072
-13.23097
-13.23123
-13.23148
-13.23173
-13.23198
-13.23224
-13.23249
-13.23274
-13.23299
-13.23325
-13.23350
-13.23375
-13.23401
-13.23426
-13.23451
-13.23476
-13.23502
-13.23527
-13.23552
-13.23577
-13.23603
-13.23628
-13.23653
-13.23678
-13.23704
-13.23729
-13.23754
-13.23779
-13.23805
-13.23830
-13.23855
-13.23880
-13.23906
-13.23931
-13.23956
-13.23981
-13.24007
-13.24032
-13.24057
-13.24083
-13.24108
-13.24133
-13.24158
-13.24184
-13.24209
-13.24234
-13.24259
-13.24285
-13.24310
-13.24335
-13.24360
-13.24386
-13.24411
-13.24436
-13.24461
-13.24487
-13.24512
-13.24537
-13.24562
-13.24588
-13.24613
-13.24638
-13.24663
-13.24689
-13.24714
-13.24739
-13.24765
-13.24790
-13.24815
-13.24840
-13.24866
-13.24891
-13.24916
-13.24941
-13.24967
-13.24992
-13.25017
-13.25042
-13.25068
-13.25093
-13.25118
-13.25143
-13.25169
-13.25194
-13.25219
-13.25244
-13.25270
-13.25295
-13.25320
-13.25345
-13.25371
-13.25396
-13.25421
-13.25446
-13.25472
-13.25497
-13.25522
-13.25548
-13.25573
-13.25598
-13.25623
-13.25649
-13.25674
-13.25699
-13.25724
-13.25750
-13.25775
-13.25800
-13.25825
-13.25851
-13.25876
-13.25901
-13.25926
-13.25952
-13.25977
-13.26002
-13.26027
-13.26053
-13.26078
-13.26103
-13.26128
-13.26154
-13.26179
-13.26204
-13.26229
-13.26255
-13.26280
-13.26305
-13.26331
-13.26356
-13.26381
-13.26406
-13.26432
-13.26457
-13.26482
-13.26507
-13.26533
-13.26558
-13.26583
-13.26608
-13.26634
-13.26659
-13.26684
-13.26709
-13.26735
-13.26760
-13.26785
-13.26810
-13.26836
-13.26861
-13.26886
-13.26911
-13.26937
-13.26962
-13.26987
-13.27012
-13.27038
-13.27063
-13.27088
-13.27114
-13.27139
-13.27164
-13.27189
-13.27215
-13.27240
-13.27265
-13.27290
-13.27316
-13.27341
-13.27366
-13.27391
-13.27417
-13.27442
-13.27467
-13.27492
-13.27518
-13.27543
-13.27568
-13.27593
-13.27619
-13.27644
-13.27669
-13.27694
-13.27720
-13.27745
-13.27770
-13.27795
-13.27821
-13.27846
-13.27871
-13.27897
-13.27922
-13.27947
-13.27972
-13.27998
-13.28023
-13.28048
-13.28073
-13.28099
-13.28124
-13.28149
-13.28174
-13.28200
-13.28225
-13.28250
-13.28275
-13.28301
-13.28326
-13.28351
-13.28376
-13.28402
-13.28427
-13.28452
-13.28477
-13.28503
-13.28528
-13.28553
-13.28578
-13.28604
-13.28629
-13.28654
-13.28680
-13.28705
-13.28730
-13.28755
-13.28781
-13.28806
-13.28831
-13.28856
-13.28882
-13.28907
-13.28932
-13.28957
-13.28983
-13.29008
-13.29033
-13.29058
-13.29084
-13.29109
-13.29134
-13.29159
-13.29185
-13.29210
-13.29235
-13.29260
-13.29286
-13.29311
-13.29336
-13.29361
-13.29387
-13.29412
-13.29437
-13.29462
-13.29488
-13.29513
-13.29538
-13.29564
-13.29589
-13.29614
-13.29639
-13.29665
-13.29690
-13.29715
-13.29740
-13.29766
-13.29791
-13.29816
-13.29841
-13.29867
-13.29892
-13.29917
-13.29942
-13.29968
-13.29993
-13.30018
-13.30043
-13.30069
-13.30094
-13.30119
-13.30144
-13.30170
-13.30195
-13.30220
-13.30245
-13.30271
-13.30296
-13.30321
-13.30346
-13.30372
-13.30397
-13.30422
-13.30448
-13.30473
-13.30498
-13.30523
-13.30549
-13.30574
-13.30599
-13.30624
-13.30650
-13.30675
-13.30700
-13.30725
-13.30751
-13.30776
-13.30801
-13.30826
-13.30852
-13.30877
-13.30902
-13.30927
-13.30953
-13.30978
-13.31003
-13.31028
-13.31054
-13.31079
-13.31104
-13.31129
-13.31155
-13.31180
-13.31205
-13.31230
-13.31256
-13.31281
-13.31306
-13.31332
-13.31357
-13.31382
-13.31407
-13.31433
-13.31458
-13.31483
-13.31508
-13.31534
-13.31559
-13.31584
-13.31609
-13.31635
-13.31660
-13.31685
-13.31710
-13.31736
-13.31761
-13.31786
-13.31811
-13.31837
-13.31862
-13.31887
-13.31912
-13.31938
-13.31963
-13.31988
-13.32013
-13.32039
-13.32064
-13.32089
-13.32114
-13.32140
-13.32165
-13.32190
-13.32216
-13.32241
-13.32266
-13.32291
-13.32317
-13.32342
-13.32367
-13.32392
-13.32418
-13.32443
-13.32468
-13.32493
-13.32519
-13.32544
-13.32569
-13.32594
-13.32620
-13.32645
-13.32670
-13.32695
-13.32721
-13.32746
-13.32771
-13.32796
-13.32822
-13.32847
-13.32872
-13.32897
-13.32923
-13.32948
-13.32973
-13.32998
-13.33024
-13.33049
-13.33074
-13.33099
-13.33125
-13.33150
-13.33175
-13.33201
-13.33226
-13.33251
-13.33276
-13.33302
-13.33327
-13.33352
-13.33377
-13.33403
-13.33428
-13.33453
-13.33478
-13.33504
-13.33529
-13.33554
-13.33579
-13.33605
-13.33630
-13.33655
-13.33680
-13.33706
-13.33731
-13.33756
-13.33781
-13.33807
-13.33832
-13.33857
-13.33882
-13.33908
-13.33933
-13.33958
-13.33983
-13.34009
-13.34034
-13.34059
-13.34084
-13.34110
-13.34135
-13.34160
-13.34186
-13.34211
-13.34236
-13.34261
-13.34287
-13.34312
-13.34337
-13.34362
-13.34388
-13.34413
-13.34438
-13.34463
-13.34489
-13.34514
-13.34539
-13.34564
-13.34590
-13.34615
-13.34640
-13.34665
-13.34691
-13.34716
-13.34741
-13.34766
-13.34792
-13.34817
-13.34842
-13.34867
-13.34893
-13.34918
-13.34943
-13.34968
-13.34994
-13.35019
-13.35044
-13.35069
-13.35095
-13.35120
-13.35145
-13.35170
-13.35196
-13.35221
-13.35246
-13.35272
-13.35297
-13.35322
-13.35347
-13.35373
-13.35398
-13.35423
-13.35448
-13.35474
-13.35499
-13.35524
-13.35549
-13.35575
-13.35600
-13.35625
-13.35650
-13.35676
-13.35701
-13.35726
-13.35751
-13.35777
-13.35802
-13.35827
-13.35852
-13.35878
-13.35903
-13.35928
-13.35953
-13.35979
-13.36004
-13.36029
-13.36054
-13.36080
-13.36105
-13.36130
-13.36155
-13.36181
-13.36206
-13.36231
-13.36256
-13.36282
-13.36307
-13.36332
-13.36358
-13.36383
-13.36408
-13.36433
-13.36459
-13.36484
-13.36509
-13.36534
-13.36560
-13.36585
-13.36610
-13.36635
-13.36661
-13.36686
-13.36711
-13.36736
-13.36762
-13.36787
-13.36812
-13.36837
-13.36863
-13.36888
-13.36913
-13.36938
-13.36964
-13.36989
-13.37014
-13.37039
-13.37065
-13.37090
-13.37115
-13.37140
-13.37166
-13.37191
-13.37216
-13.37241
-13.37267
-13.37292
-13.37317
-13.37342
-13.37368
-13.37393
-13.37418
-13.37444
-13.37469
-13.37494
-13.37519
-13.37545
-13.37570
-13.37595
-13.37620
-13.37646
-13.37671
-13.37696
-13.37721
-13.37747
-13.37772
-13.37797
-13.37822
-13.37848
-13.37873
-13.37898
-13.37923
-13.37949
-13.37974
-13.37999
-13.38024
-13.38050
-13.38075
-13.38100
-13.38125
-13.38151
-13.38176
-13.38201
-13.38226
-13.38252
-13.38277
-13.38302
-13.38327
-13.38353
-13.38378
-13.38403
-13.38428
-13.38454
-13.38479
-13.38504
-13.38529
-13.38555
-13.38580
-13.38605
-13.38630
-13.38656
-13.38681
-13.38706
-13.38732
-13.38757
-13.38782
-13.38807
-13.38833
-13.38858
-13.38883
-13.38908
-13.38934
-13.38959
-13.38984
-13.39009
-13.39035
-13.39060
-13.39085
-13.39110
-13.39136
-13.39161
-13.39186
-13.39211
-13.39237
-13.39262
-13.39287
-13.39312
-13.39338
-13.39363
-13.39388
-13.39413
-13.39439
-13.39464
-13.39489
-13.39514
-13.39540
-13.39565
-13.39590
-13.39615
-13.39641
-13.39666
-13.39691
-13.39716
-13.39742
-13.39767
-13.39792
-13.39817
-13.39843
-13.39868
-13.39893
-13.39918
-13.39944
-13.39969
-13.39994
-13.40020
-13.40045
-13.40070
-13.40095
-13.40121
-13.40146
-13.40171
-13.40196
-13.40222
-13.40247
-13.40272
-13.40297
-13.40323
-13.40348
-13.40373
-13.40398
-13.40424
-13.40449
-13.40474
-13.40499
-13.40525
-13.40550
-13.40575
-13.40600
-13.40626
-13.40651
-13.40676
-13.40701
-13.40727
-13.40752
-13.40777
-13.40802
-13.40828
-13.40853
-13.40878
-13.40903
-13.40929
-13.40954
-13.40979
-13.41004
-13.41030
-13.41055
-13.41080
-13.41105
-13.41131
-13.41156
-13.41181
-13.41206
-13.41232
-13.41257
-13.41282
-13.41307
-13.41333
-13.41358
-13.41383
-13.41409
-13.41434
-13.41459
-13.41484
-13.41510
-13.41535
-13.41560
-13.41585
-13.41611
-13.41636
-13.41661
-13.41686
-13.41712
-13.41737
-13.41762
-13.41787
-13.41813
-13.41838
-13.41863
-13.41888
-13.41914
-13.41939
-13.41964
-13.41989
-13.42015
-13.42040
-13.42065
-13.42090
-13.42116
-13.42141
-13.42166
-13.42191
-13.42217
-13.42242
-13.42267
-13.42292
-13.42318
-13.42343
-13.42368
-13.42393
-13.42419
-13.42444
-13.42469
-13.42494
-13.42520
-13.42545
-13.42570
-13.42595
-13.42621
-13.42646
-13.42671
-13.42696
-13.42722
-13.42747
-13.42772
-13.42797
-13.42823
-13.42848
-13.42873
-13.42899
-13.42924
-13.42949
-13.42974
-13.43000
-13.43025
-13.43050
-13.43075
-13.43101
-13.43126
-13.43151
-13.43176
-13.43202
-13.43227
-13.43252
-13.43277
-13.43303
-13.43328
-13.43353
-13.43378
-13.43404
-13.43429
-13.43454
-13.43479
-13.43505
-13.43530
-13.43555
-13.43580
-13.43606
-13.43631
-13.43656
-13.43681
-13.43707
-13.43732
-13.43757
-13.43782
-13.43808
-13.43833
-13.43858
-13.43883
-13.43909
-13.43934
-13.43959
-13.43984
-13.44010
-13.44035
-13.44060
-13.44085
-13.44111
-13.44136
-13.44161
-13.44186
-13.44212
-13.44237
-13.44262
-13.44287
-13.44313
-13.44338
-13.44363
-13.44388
-13.44414
-13.44439
-13.44464
-13.44489
-13.44515
-13.44540
-13.44565
-13.44591
-13.44616
-13.44641
-13.44666
-13.44692
-13.44717
-13.44742
-13.44767
-13.44793
-13.44818
-13.44843
-13.44868
-13.44894
-13.44919
-13.44944
-13.44969
-13.44995
-13.45020
-13.45045
-13.45070
-13.45096
-13.45121
-13.45146
-13.45171
-13.45197
-13.45222
-13.45247
-13.45272
-13.45298
-13.45323
-13.45348
-13.45373
-13.45399
-13.45424
-13.45449
-13.45474
-13.45500
-13.45525
-13.45550
-13.45575
-13.45601
-13.45626
-13.45651
-13.45676
-13.45702
-13.45727
-13.45752
-13.45777
-13.45803
-13.45828
-13.45853
-13.45878
-13.45904
-13.45929
-13.45954
-13.45979
-13.46005
-13.46030
-13.46055
-13.46080
-13.46106
-13.46131
-13.46156
-13.46181
-13.46207
-13.46232
-13.46257
-13.46282
-13.46308
-13.46333
-13.46358
-13.46383
-13.46409
-13.46434
-13.46459
-13.46485
-13.46510
-13.46535
-13.46560
-13.46586
-13.46611
-13.46636
-13.46661
-13.46687
-13.46712
-13.46737
-13.46762
-13.46788
-13.46813
-13.46838
-13.46863
-13.46889
-13.46914
-13.46939
-13.46964
-13.46990
-13.47015
-13.47040
-13.47065
-13.47091
-13.47116
-13.47141
-13.47166
-13.47192
-13.47217
-13.47242
-13.47267
-13.47293
-13.47318
-13.47343
-13.47368
-13.47394
-13.47419
-13.47444
-13.47469
-13.47495
-13.47520
-13.47545
-13.47570
-13.47596
-13.47621
-13.47646
-13.47671
-13.47697
-13.47722
-13.47747
-13.47772
-13.47798
-13.47823
-13.47848
-13.47873
-13.47899
-13.47924
-13.47949
-13.47974
-13.48000
-13.48025
-13.48050
-13.48075
-13.48101
-13.48126
-13.48151
-13.48176
-13.48202
-13.48227
-13.48252
-13.48277
-13.48303
-13.48328
-13.48353
-13.48378
-13.48404
-13.48429
-13.48454
-13.48479
-13.48505
-13.48530
-13.48555
-13.48580
-13.48606
-13.48631
-13.48656
-13.48681
-13.48707
-13.48732
-13.48757
-13.48783
-13.48808
-13.48833
-13.48858
-13.48884
-13.48909
-13.48934
-13.48959
-13.48985
-13.49010
-13.49035
-13.49060
-13.49086
-13.49111
-13.49136
-13.49161
-13.49187
-13.49212
-13.49237
-13.49262
-13.49288
-13.49313
-13.49338
-13.49363
-13.49389
-13.49414
-13.49439
-13.49464
-13.49490
-13.49515
-13.49540
-13.49565
-13.49591
-13.49616
-13.49641
-13.49666
-13.49692
-13.49717
-13.49742
-13.49767
-13.49793
-13.49818
-13.49843
-13.49868
-13.49894
-13.49919
-13.49944
-13.49969
-13.49995
-13.50020
-13.50045
-13.50070
-13.50096
-13.50121
-13.50146
-13.50171
-13.50197
-13.50222
-13.50247
-13.50272
-13.50298
-13.50323
-13.50348
-13.50373
-13.50399
-13.50424
-13.50449
-13.50474
-13.50500
-13.50525
-13.50550
-13.50575
-13.50601
-13.50626
-13.50651
-13.50676
-13.50702
-13.50727
-13.50752
-13.50777
-13.50803
-13.50828
-13.50853
-13.50878
-13.50904
-13.50929
-13.50954
-13.50979
-13.51005
-13.51030
-13.51055
-13.51080
-13.51106
-13.51131
-13.51156
-13.51181
-13.51207
-13.51232
-13.51257
-13.51282
-13.51308
-13.51333
-13.51358
-13.51383
-13.51409
-13.51434
-13.51459
-13.51484
-13.51510
-13.51535
-13.51560
-13.51585
-13.51611
-13.51636
-13.51661
-13.51686
-13.51712
-13.51737
-13.51762
-13.51787
-13.51813
-13.51838
-13.51863
-13.51889
-13.51914
-13.51939
-13.51964
-13.51990
-13.52015
-13.52040
-13.52065
-13.52091
-13.52116
-13.52141
-13.52166
-13.52192
-13.52217
-13.52242
-13.52267
-13.52293
-13.52318
-13.52343
-13.52368
-13.52394
-13.52419
-13.52444
-13.52469
-13.52495
-13.52520
-13.52545
-13.52570
-13.52596
-13.52621
-13.52646
-13.52671
-13.52697
-13.52722
-13.52747
-13.52772
-13.52798
-13.52823
-13.52848
-13.52873
-13.52899
-13.52924
-13.52949
-13.52974
-13.53000
-13.53025
-13.53050
-13.53075
-13.53101
-13.53126
-13.53151
-13.53176
-13.53202
-13.53227
-13.53252
-13.53277
-13.53303
-13.53328
-13.53353
-13.53378
-13.53404
-13.53429
-13.53454
-13.53479
-13.53505
-13.53530
-13.53555
-13.53580
-13.53606
-13.53631
-13.53656
-13.53681
-13.53707
-13.53732
-13.53757
-13.53782
-13.53808
-13.53833
-13.53858
-13.53883
-13.53909
-13.53934
-13.53959
-13.53984
-13.54010
-13.54035
-13.54060
-13.54085
-13.54111
-13.54136
-13.54161
-13.54186
-13.54212
-13.54237
-13.54262
-13.54287
-13.54313
-13.54338
-13.54363
-13.54388
-13.54414
-13.54439
-13.54464
-13.54489
-13.54515
-13.54540
-13.54565
-13.54590
-13.54616
-13.54641
-13.54666
-13.54691
-13.54717
-13.54742
-13.54767
-13.54792
-13.54818
-13.54843
-13.54868
-13.54893
-13.54919
-13.54944
-13.54969
-13.54994
-13.55020
-13.55045
-13.55070
-13.55095
-13.55121
-13.55146
-13.55171
-13.55196
-13.55222
-13.55247
-13.55272
-13.55297
-13.55323
-13.55348
-13.55373
-13.55398
-13.55424
-13.55449
-13.55474
-13.55499
-13.55525
-13.55550
-13.55575
-13.55600
-13.55626
-13.55651
-13.55676
-13.55701
-13.55727
-13.55752
-13.55777
-13.55802
-13.55828
-13.55853
-13.55878
-13.55903
-13.55929
-13.55954
-13.55979
-13.56004
-13.56030
-13.56055
-13.56080
-13.56105
-13.56131
-13.56156
-13.56181
-13.56206
-13.56232
-13.56257
-13.56282
-13.56307
-13.56333
-13.56358
-13.56383
-13.56408
-13.56434
-13.56459
-13.56484
-13.56509
-13.56535
-13.56560
-13.56585
-13.56610
-13.56636
-13.56661
-13.56686
-13.56711
-13.56737
-13.56762
-13.56787
-13.56812
-13.56838
-13.56863
-13.56888
-13.56913
-13.56939
-13.56964
-13.56989
-13.57014
-13.57040
-13.57065
-13.57090
-13.57115
-13.57141
-13.57166
-13.57191
-13.57216
-13.57242
-13.57267
-13.57292
-13.57317
-13.57343
-13.57368
-13.57393
-13.57418
-13.57444
-13.57469
-13.57494
-13.57519
-13.57545
-13.57570
-13.57595
-13.57620
-13.57646
-13.57671
-13.57696
-13.57721
-13.57747
-13.57772
-13.57797
-13.57822
-13.57848
-13.57873
-13.57898
-13.57923
-13.57949
-13.57974
-13.57999
-13.58024
-13.58050
-13.58075
-13.58100
-13.58125
-13.58151
-13.58176
-13.58201
-13.58226
-13.58252
-13.58277
-13.58302
-13.58327
-13.58353
-13.58378
-13.58403
-13.58428
-13.58454
-13.58479
-13.58504
-13.58529
-13.58555
-13.58580
-13.58605
-13.58630
-13.58656
-13.58681
-13.58706
-13.58731
-13.58757
-13.58782
-13.58807
-13.58832
-13.58858
-13.58883
-13.58908
-13.58933
-13.58959
-13.58984
-13.59009
-13.59034
-13.59060
-13.59085
-13.59110
-13.59135
-13.59161
-13.59186
-13.59211
-13.59236
-13.59262
-13.59287
-13.59312
-13.59337
-13.59363
-13.59388
-13.59413
-13.59438
-13.59464
-13.59489
-13.59514
-13.59539
-13.59565
-13.59590
-13.59615
-13.59640
-13.59666
-13.59691
-13.59716
-13.59741
-13.59767
-13.59792
-13.59817
-13.59842
-13.59868
-13.59893
-13.59918
-13.59943
-13.59969
-13.59994
-13.60019
-13.60044
-13.60070
-13.60095
-13.60120
-13.60145
-13.60171
-13.60196
-13.60221
-13.60246
-13.60272
-13.60297
-13.60322
-13.60347
-13.60373
-13.60398
-13.60423
-13.60448
-13.60474
-13.60499
-13.60524
-13.60549
-13.60575
-13.60600
-13.60625
-13.60650
-13.60676
-13.60701
-13.60726
-13.60751
-13.60777
-13.60802
-13.60827
-13.60852
-13.60878
-13.60903
-13.60928
-13.60953
-13.60979
-13.61004
-13.61029
-13.61054
-13.61080
-13.61105
-13.61130
-13.61155
-13.61181
-13.61206
-13.61231
-13.61256
-13.61282
-13.61307
-13.61332
-13.61357
-13.61383
-13.61408
-13.61433
-13.61458
-13.61484
-13.61509
-13.61534
-13.61559
-13.61585
-13.61610
-13.61635
-13.61660
-13.61686
-13.61711
-13.61736
-13.61761
-13.61787
-13.61812
-13.61837
-13.61862
-13.61888
-13.61913
-13.61938
-13.61963
-13.61989
-13.62014
-13.62039
-13.62064
-13.62090
-13.62115
-13.62140
-13.62165
-13.62191
-13.62216
-13.62241
-13.62266
-13.62292
-13.62317
-13.62342
-13.62367
-13.62393
-13.62418
-13.62443
-13.62468
-13.62494
-13.62519
-13.62544
-13.62569
-13.62595
-13.62620
-13.62645
-13.62670
-13.62696
-13.62721
-13.62746
-13.62771
-13.62797
-13.62822
-13.62847
-13.62872
-13.62898
-13.62923
-13.62948
-13.62973
-13.62999
-13.63024
-13.63049
-13.63074
-13.63100
-13.63125
-13.63150
-13.63175
-13.63201
-13.63226
-13.63251
-13.63276
-13.63302
-13.63327
-13.63352
-13.63377
-13.63403
-13.63428
-13.63453
-13.63478
-13.63504
-13.63529
-13.63554
-13.63579
-13.63605
-13.63630
-13.63655
-13.63680
-13.63706
-13.63731
-13.63756
-13.63781
-13.63807
-13.63832
-13.63857
-13.63882
-13.63908
-13.63933
-13.63958
-13.63983
-13.64009
-13.64034
-13.64059
-13.64084
-13.64110
-13.64135
-13.64160
-13.64185
-13.64211
-13.64236
-13.64261
-13.64286
-13.64312
-13.64337
-13.64362
-13.64387
-13.64413
-13.64438
-13.64463
-13.64488
-13.64514
-13.64539
-13.64564
-13.64589
-13.64615
-13.64640
-13.64665
-13.64690
-13.64716
-13.64741
-13.64766
-13.64791
-13.64816
-13.64842
-13.64867
-13.64892
-13.64917
-13.64943
-13.64968
-13.64993
-13.65018
-13.65044
-13.65069
-13.65094
-13.65119
-13.65145
-13.65170
-13.65195
-13.65220
-13.65246
-13.65271
-13.65296
-13.65321
-13.65347
-13.65372
-13.65397
-13.65422
-13.65448
-13.65473
-13.65498
-13.65523
-13.65549
-13.65574
-13.65599
-13.65624
-13.65650
-13.65675
-13.65700
-13.65725
-13.65751
-13.65776
-13.65801
-13.65826
-13.65852
-13.65877
-13.65902
-13.65927
-13.65953
-13.65978
-13.66003
-13.66028
-13.66054
-13.66079
-13.66104
-13.66129
-13.66155
-13.66180
-13.66205
-13.66230
-13.66256
-13.66281
-13.66306
-13.66331
-13.66357
-13.66382
-13.66407
-13.66432
-13.66458
-13.66483
-13.66508
-13.66533
-13.66559
-13.66584
-13.66609
-13.66634
-13.66660
-13.66685
-13.66710
-13.66735
-13.66761
-13.66786
-13.66811
-13.66836
-13.66862
-13.66887
-13.66912
-13.66937
-13.66963
-13.66988
-13.67013
-13.67038
-13.67064
-13.67089
-13.67114
-13.67139
-13.67165
-13.67190
-13.67215
-13.67240
-13.67266
-13.67291
-13.67316
-13.67341
-13.67367
-13.67392
-13.67417
-13.67442
-13.67468
-13.67493
-13.67518
-13.67543
-13.67569
-13.67594
-13.67619
-13.67644
-13.67670
-13.67695
-13.67720
-13.67745
-13.67771
-13.67796
-13.67821
-13.67846
-13.67871
-13.67897
-13.67922
-13.67947
-13.67972
-13.67998
-13.68023
-13.68048
-13.68073
-13.68099
-13.68124
-13.68149
-13.68174
-13.68200
-13.68225
-13.68250
-13.68275
-13.68301
-13.68326
-13.68351
-13.68376
-13.68402
-13.68427
-13.68452
-13.68477
-13.68503
-13.68528
-13.68553
-13.68578
-13.68604
-13.68629
-13.68654
-13.68679
-13.68705
-13.68730
-13.68755
-13.68780
-13.68806
-13.68831
-13.68856
-13.68881
-13.68907
-13.68932
-13.68957
-13.68982
-13.69008
-13.69033
-13.69058
-13.69083
-13.69109
-13.69134
-13.69159
-13.69184
-13.69210
-13.69235
-13.69260
-13.69285
-13.69311
-13.69336
-13.69361
-13.69386
-13.69412
-13.69437
-13.69462
-13.69487
-13.69513
-13.69538
-13.69563
-13.69588
-13.69614
-13.69639
-13.69664
-13.69689
-13.69715
-13.69740
-13.69765
-13.69790
-13.69816
-13.69841
-13.69866
-13.69891
-13.69917
-13.69942
-13.69967
-13.69992
-13.70018
-13.70043
-13.70068
-13.70093
-13.70119
-13.70144
-13.70169
-13.70194
-13.70219
-13.70245
-13.70270
-13.70295
-13.70320
-13.70346
-13.70371
-13.70396
-13.70421
-13.70447
-13.70472
-13.70497
-13.70522
-13.70548
-13.70573
-13.70598
-13.70623
-13.70649
-13.70674
-13.70699
-13.70724
-13.70750
-13.70775
-13.70800
-13.70825
-13.70851
-13.70876
-13.70901
-13.70926
-13.70952
-13.70977
-13.71002
-13.71027
-13.71053
-13.71078
-13.71103
-13.71128
-13.71154
-13.71179
-13.71204
-13.71229
-13.71255
-13.71280
-13.71305
-13.71330
-13.71356
-13.71381
-13.71406
-13.71431
-13.71457
-13.71482
-13.71507
-13.71532
-13.71558
-13.71583
-13.71608
-13.71633
-13.71659
-13.71684
-13.71709
-13.71734
-13.71760
-13.71785
-13.71810
-13.71835
-13.71861
-13.71886
-13.71911
-13.71936
-13.71962
-13.71987
-13.72012
-13.72037
-13.72062
-13.72088
-13.72113
-13.72138
-13.72163
-13.72189
-13.72214
-13.72239
-13.72264
-13.72290
-13.72315
-13.72340
-13.72365
-13.72391
-13.72416
-13.72441
-13.72466
-13.72492
-13.72517
-13.72542
-13.72567
-13.72593
-13.72618
-13.72643
-13.72668
-13.72694
-13.72719
-13.72744
-13.72769
-13.72795
-13.72820
-13.72845
-13.72870
-13.72896
-13.72921
-13.72946
-13.72971
-13.72997
-13.73022
-13.73047
-13.73072
-13.73098
-13.73123
-13.73148
-13.73173
-13.73199
-13.73224
-13.73249
-13.73274
-13.73300
-13.73325
-13.73350
-13.73375
-13.73401
-13.73426
-13.73451
-13.73476
-13.73502
-13.73527
-13.73552
-13.73577
-13.73603
-13.73628
-13.73653
-13.73678
-13.73704
-13.73729
-13.73754
-13.73779
-13.73804
-13.73830
-13.73855
-13.73880
-13.73905
-13.73931
-13.73956
-13.73981
-13.74006
-13.74032
-13.74057
-13.74082
-13.74107
-13.74133
-13.74158
-13.74183
-13.74208
-13.74234
-13.74259
-13.74284
-13.74309
-13.74335
-13.74360
-13.74385
-13.74410
-13.74436
-13.74461
-13.74486
-13.74511
-13.74537
-13.74562
-13.74587
-13.74612
-13.74638
-13.74663
-13.74688
-13.74713
-13.74739
-13.74764
-13.74789
-13.74814
-13.74840
-13.74865
-13.74890
-13.74915
-13.74941
-13.74966
-13.74991
-13.75016
-13.75042
-13.75067
-13.75092
-13.75117
-13.75143
-13.75168
-13.75193
-13.75218
-13.75244
-13.75269
-13.75294
-13.75319
-13.75344
-13.75370
-13.75395
-13.75420
-13.75445
-13.75471
-13.75496
-13.75521
-13.75546
-13.75572
-13.75597
-13.75622
-13.75647
-13.75673
-13.75698
-13.75723
-13.75748
-13.75774
-13.75799
-13.75824
-13.75849
-13.75875
-13.75900
-13.75925
-13.75950
-13.75976
-13.76001
-13.76026
-13.76051
-13.76077
-13.76102
-13.76127
-13.76152
-13.76178
-13.76203
-13.76228
-13.76253
-13.76279
-13.76304
-13.76329
-13.76354
-13.76380
-13.76405
-13.76430
-13.76455
-13.76481
-13.76506
-13.76531
-13.76556
-13.76582
-13.76607
-13.76632
-13.76657
-13.76682
-13.76708
-13.76733
-13.76758
-13.76783
-13.76809
-13.76834
-13.76859
-13.76884
-13.76910
-13.76935
-13.76960
-13.76985
-13.77011
-13.77036
-13.77061
-13.77086
-13.77112
-13.77137
-13.77162
-13.77187
-13.77213
-13.77238
-13.77263
-13.77288
-13.77314
-13.77339
-13.77364
-13.77389
-13.77415
-13.77440
-13.77465
-13.77490
-13.77516
-13.77541
-13.77566
-13.77591
-13.77617
-13.77642
-13.77667
-13.77692
-13.77718
-13.77743
-13.77768
-13.77793
-13.77819
-13.77844
-13.77869
-13.77894
-13.77920
-13.77945
-13.77970
-13.77995
-13.78020
-13.78046
-13.78071
-13.78096
-13.78121
-13.78147
-13.78172
-13.78197
-13.78222
-13.78248
-13.78273
-13.78298
-13.78323
-13.78349
-13.78374
-13.78399
-13.78424
-13.78450
-13.78475
-13.78500
-13.78525
-13.78551
-13.78576
-13.78601
-13.78626
-13.78652
-13.78677
-13.78702
-13.78727
-13.78753
-13.78778
-13.78803
-13.78828
-13.78854
-13.78879
-13.78904
-13.78929
-13.78955
-13.78980
-13.79005
-13.79030
-13.79056
-13.79081
-13.79106
-13.79131
-13.79157
-13.79182
-13.79207
-13.79232
-13.79257
-13.79283
-13.79308
-13.79333
-13.79358
-13.79384
-13.79409
-13.79434
-13.79459
-13.79485
-13.79510
-13.79535
-13.79560
-13.79586
-13.79611
-13.79636
-13.79661
-13.79687
-13.79712
-13.79737
-13.79762
-13.79788
-13.79813
-13.79838
-13.79863
-13.79889
-13.79914
-13.79939
-13.79964
-13.79990
-13.80015
-13.80040
-13.80065
-13.80091
-13.80116
-13.80141
-13.80166
-13.80192
-13.80217
-13.80242
-13.80267
-13.80293
-13.80318
-13.80343
-13.80368
-13.80393
-13.80419
-13.80444
-13.80469
-13.80494
-13.80520
-13.80545
-13.80570
-13.80595
-13.80621
-13.80646
-13.80671
-13.80696
-13.80722
-13.80747
-13.80772
-13.80797
-13.80823
-13.80848
-13.80873
-13.80898
-13.80924
-13.80949
-13.80974
-13.80999
-13.81025
-13.81050
-13.81075
-13.81100
-13.81126
-13.81151
-13.81176
-13.81201
-13.81227
-13.81252
-13.81277
-13.81302
-13.81328
-13.81353
-13.81378
-13.81403
-13.81428
-13.81454
-13.81479
-13.81504
-13.81529
-13.81555
-13.81580
-13.81605
-13.81630
-13.81656
-13.81681
-13.81706
-13.81731
-13.81757
-13.81782
-13.81807
-13.81832
-13.81858
-13.81883
-13.81908
-13.81933
-13.81959
-13.81984
-13.82009
-13.82034
-13.82060
-13.82085
-13.82110
-13.82135
-13.82161
-13.82186
-13.82211
-13.82236
-13.82262
-13.82287
-13.82312
-13.82337
-13.82363
-13.82388
-13.82413
-13.82438
-13.82463
-13.82489
-13.82514
-13.82539
-13.82564
-13.82590
-13.82615
-13.82640
-13.82665
-13.82691
-13.82716
-13.82741
-13.82766
-13.82792
-13.82817
-13.82842
-13.82867
-13.82893
-13.82918
-13.82943
-13.82968
-13.82994
-13.83019
-13.83044
-13.83069
-13.83095
-13.83120
-13.83145
-13.83170
-13.83196
-13.83221
-13.83246
-13.83271
-13.83297
-13.83322
-13.83347
-13.83372
-13.83398
-13.83423
-13.83448
-13.83473
-13.83498
-13.83524
-13.83549
-13.83574
-13.83599
-13.83625
-13.83650
-13.83675
-13.83700
-13.83726
-13.83751
-13.83776
-13.83801
-13.83827
-13.83852
-13.83877
-13.83902
-13.83928
-13.83953
-13.83978
-13.84003
-13.84029
-13.84054
-13.84079
-13.84104
-13.84130
-13.84155
-13.84180
-13.84205
-13.84231
-13.84256
-13.84281
-13.84306
-13.84332
-13.84357
-13.84382
-13.84407
-13.84432
-13.84458
-13.84483
-13.84508
-13.84533
-13.84559
-13.84584
-13.84609
-13.84634
-13.84660
-13.84685
-13.84710
-13.84735
-13.84761
-13.84786
-13.84811
-13.84836
-13.84862
-13.84887
-13.84912
-13.84937
-13.84963
-13.84988
-13.85013
-13.85038
-13.85064
-13.85089
-13.85114
-13.85139
-13.85165
-13.85190
-13.85215
-13.85240
-13.85266
-13.85291
-13.85316
-13.85341
-13.85366
-13.85392
-13.85417
-13.85442
-13.85467
-13.85493
-13.85518
-13.85543
-13.85568
-13.85594
-13.85619
-13.85644
-13.85669
-13.85695
-13.85720
-13.85745
-13.85770
-13.85796
-13.85821
-13.85846
-13.85871
-13.85897
-13.85922
-13.85947
-13.85972
-13.85998
-13.86023
-13.86048
-13.86073
-13.86099
-13.86124
-13.86149
-13.86174
-13.86200
-13.86225
-13.86250
-13.86275
-13.86300
-13.86326
-13.86351
-13.86376
-13.86401
-13.86427
-13.86452
-13.86477
-13.86502
-13.86528
-13.86553
-13.86578
-13.86603
-13.86629
-13.86654
-13.86679
-13.86704
-13.86730
-13.86755
-13.86780
-13.86805
-13.86831
-13.86856
-13.86881
-13.86906
-13.86932
-13.86957
-13.86982
-13.87007
-13.87033
-13.87058
-13.87083
-13.87108
-13.87133
-13.87159
-13.87184
-13.87209
-13.87234
-13.87260
-13.87285
-13.87310
-13.87335
-13.87361
-13.87386
-13.87411
-13.87436
-13.87462
-13.87487
-13.87512
-13.87537
-13.87563
-13.87588
-13.87613
-13.87638
-13.87664
-13.87689
-13.87714
-13.87739
-13.87765
-13.87790
-13.87815
-13.87840
-13.87866
-13.87891
-13.87916
-13.87941
-13.87966
-13.87992
-13.88017
-13.88042
-13.88067
-13.88093
-13.88118
-13.88143
-13.88168
-13.88194
-13.88219
-13.88244
-13.88269
-13.88295
-13.88320
-13.88345
-13.88370
-13.88396
-13.88421
-13.88446
-13.88471
-13.88497
-13.88522
-13.88547
-13.88572
-13.88598
-13.88623
-13.88648
-13.88673
-13.88699
-13.88724
-13.88749
-13.88774
-13.88799
-13.88825
-13.88850
-13.88875
-13.88900
-13.88926
-13.88951
-13.88976
-13.89001
-13.89027
-13.89052
-13.89077
-13.89102
-13.89128
-13.89153
-13.89178
-13.89203
-13.89229
-13.89254
-13.89279
-13.89304
-13.89330
-13.89355
-13.89380
-13.89405
-13.89431
-13.89456
-13.89481
-13.89506
-13.89532
-13.89557
-13.89582
-13.89607
-13.89632
-13.89658
-13.89683
-13.89708
-13.89733
-13.89759
-13.89784
-13.89809
-13.89834
-13.89860
-13.89885
-13.89910
-13.89935
-13.89961
-13.89986
-13.90011
-13.90036
-13.90062
-13.90087
-13.90112
-13.90137
-13.90163
-13.90188
-13.90213
-13.90238
-13.90264
-13.90289
-13.90314
-13.90339
-13.90364
-13.90390
-13.90415
-13.90440
-13.90465
-13.90491
-13.90516
-13.90541
-13.90566
-13.90592
-13.90617
-13.90642
-13.90667
-13.90693
-13.90718
-13.90743
-13.90768
-13.90794
-13.90819
-13.90844
-13.90869
-13.90895
-13.90920
-13.90945
-13.90970
-13.90996
-13.91021
-13.91046
-13.91071
-13.91096
-13.91122
-13.91147
-13.91172
-13.91197
-13.91223
-13.91248
-13.91273
-13.91298
-13.91324
-13.91349
-13.91374
-13.91399
-13.91425
-13.91450
-13.91475
-13.91500
-13.91526
-13.91551
-13.91576
-13.91601
-13.91627
-13.91652
-13.91677
-13.91702
-13.91728
-13.91753
-13.91778
-13.91803
-13.91829
-13.91854
-13.91879
-13.91904
-13.91929
-13.91955
-13.91980
-13.92005
-13.92030
-13.92056
-13.92081
-13.92106
-13.92131
-13.92157
-13.92182
-13.92207
-13.92232
-13.92258
-13.92283
-13.92308
-13.92333
-13.92359
-13.92384
-13.92409
-13.92434
-13.92460
-13.92485
-13.92510
-13.92535
-13.92560
-13.92586
-13.92611
-13.92636
-13.92661
-13.92687
-13.92712
-13.92737
-13.92762
-13.92788
-13.92813
-13.92838
-13.92863
-13.92889
-13.92914
-13.92939
-13.92964
-13.92990
-13.93015
-13.93040
-13.93065
-13.93091
-13.93116
-13.93141
-13.93166
-13.93192
-13.93217
-13.93242
-13.93267
-13.93292
-13.93318
-13.93343
-13.93368
-13.93393
-13.93419
-13.93444
-13.93469
-13.93494
-13.93520
-13.93545
-13.93570
-13.93595
-13.93621
-13.93646
-13.93671
-13.93696
-13.93722
-13.93747
-13.93772
-13.93797
-13.93823
-13.93848
-13.93873
-13.93898
-13.93924
-13.93949
-13.93974
-13.93999
-13.94024
-13.94050
-13.94075
-13.94100
-13.94125
-13.94151
-13.94176
-13.94201
-13.94226
-13.94252
-13.94277
-13.94302
-13.94327
-13.94353
-13.94378
-13.94403
-13.94428
-13.94454
-13.94479
-13.94504
-13.94529
-13.94555
-13.94580
-13.94605
-13.94630
-13.94655
-13.94681
-13.94706
-13.94731
-13.94756
-13.94782
-13.94807
-13.94832
-13.94857
-13.94883
-13.94908
-13.94933
-13.94958
-13.94984
-13.95009
-13.95034
-13.95059
-13.95085
-13.95110
-13.95135
-13.95160
-13.95186
-13.95211
-13.95236
-13.95261
-13.95287
-13.95312
-13.95337
-13.95362
-13.95387
-13.95413
-13.95438
-13.95463
-13.95488
-13.95514
-13.95539
-13.95564
-13.95589
-13.95615
-13.95640
-13.95665
-13.95690
-13.95716
-13.95741
-13.95766
-13.95791
-13.95817
-13.95842
-13.95867
-13.95892
-13.95918
-13.95943
-13.95968
-13.95993
-13.96018
-13.96044
-13.96069
-13.96094
-13.96119
-13.96145
-13.96170
-13.96195
-13.96220
-13.96246
-13.96271
-13.96296
-13.96321
-13.96347
-13.96372
-13.96397
-13.96422
-13.96448
-13.96473
-13.96498
-13.96523
-13.96549
-13.96574
-13.96599
-13.96624
-13.96649
-13.96675
-13.96700
-13.96725
-13.96750
-13.96776
-13.96801
-13.96826
-13.96851
-13.96877
-13.96902
-13.96927
-13.96952
-13.96978
-13.97003
-13.97028
-13.97053
-13.97079
-13.97104
-13.97129
-13.97154
-13.97180
-13.97205
-13.97230
-13.97255
-13.97280
-13.97306
-13.97331
-13.97356
-13.97381
-13.97407
-13.97432
-13.97457
-13.97482
-13.97508
-13.97533
-13.97558
-13.97583
-13.97609
-13.97634
-13.97659
-13.97684
-13.97710
-13.97735
-13.97760
-13.97785
-13.97811
-13.97836
-13.97861
-13.97886
-13.97911
-13.97937
-13.97962
-13.97987
-13.98012
-13.98038
-13.98063
-13.98088
-13.98113
-13.98139
-13.98164
-13.98189
-13.98214
-13.98240
-13.98265
-13.98290
-13.98315
-13.98341
-13.98366
-13.98391
-13.98416
-13.98442
-13.98467
-13.98492
-13.98517
-13.98542
-13.98568
-13.98593
-13.98618
-13.98643
-13.98669
-13.98694
-13.98719
-13.98744
-13.98770
-13.98795
-13.98820
-13.98845
-13.98871
-13.98896
-13.98921
-13.98946
-13.98972
-13.98997
-13.99022
-13.99047
-13.99073
-13.99098
-13.99123
-13.99148
-13.99173
-13.99199
-13.99224
-13.99249
-13.99274
-13.99300
-13.99325
-13.99350
-13.99375
-13.99401
-13.99426
-13.99451
-13.99476
-13.99502
-13.99527
-13.99552
-13.99577
-13.99603
-13.99628
-13.99653
-13.99678
-13.99704
-13.99729
-13.99754
-13.99779
-13.99804
-13.99830
-13.99855
-13.99880
-13.99905
-13.99931
-13.99956
-13.99981
-14.00006
-14.00032
-14.00057
-14.00082
-14.00107
-14.00133
-14.00158
-14.00183
-14.00208
-14.00234
-14.00259
-14.00284
-14.00309
-14.00334
-14.00360
-14.00385
-14.00410
-14.00435
-14.00461
-14.00486
-14.00511
-14.00536
-14.00562
-14.00587
-14.00612
-14.00637
-14.00663
-14.00688
-14.00713
-14.00738
-14.00764
-14.00789
-14.00814
-14.00839
-14.00865
-14.00890
-14.00915
-14.00940
-14.00965
-14.00991
-14.01016
-14.01041
-14.01066
-14.01092
-14.01117
-14.01142
-14.01167
-14.01193
-14.01218
-14.01243
-14.01268
-14.01294
-14.01319
-14.01344
-14.01369
-14.01395
-14.01420
-14.01445
-14.01470
-14.01495
-14.01521
-14.01546
-14.01571
-14.01596
-14.01622
-14.01647
-14.01672
-14.01697
-14.01723
-14.01748
-14.01773
-14.01798
-14.01824
-14.01849
-14.01874
-14.01899
-14.01925
-14.01950
-14.01975
-14.02000
-14.02026
-14.02051
-14.02076
-14.02101
-14.02126
-14.02152
-14.02177
-14.02202
-14.02227
-14.02253
-14.02278
-14.02303
-14.02328
-14.02354
-14.02379
-14.02404
-14.02429
-14.02455
-14.02480
-14.02505
-14.02530
-14.02556
-14.02581
-14.02606
-14.02631
-14.02656
-14.02682
-14.02707
-14.02732
-14.02757
-14.02783
-14.02808
-14.02833
-14.02858
-14.02884
-14.02909
-14.02934
-14.02959
-14.02985
-14.03010
-14.03035
-14.03060
-14.03086
-14.03111
-14.03136
-14.03161
-14.03186
-14.03212
-14.03237
-14.03262
-14.03287
-14.03313
-14.03338
-14.03363
-14.03388
-14.03414
-14.03439
-14.03464
-14.03489
-14.03515
-14.03540
-14.03565
-14.03590
-14.03616
-14.03641
-14.03666
-14.03691
-14.03716
-14.03742
-14.03767
-14.03792
-14.03817
-14.03843
-14.03868
-14.03893
-14.03918
-14.03944
-14.03969
-14.03994
-14.04019
-14.04045
-14.04070
-14.04095
-14.04120
-14.04146
-14.04171
-14.04196
-14.04221
-14.04246
-14.04272
-14.04297
-14.04322
-14.04347
-14.04373
-14.04398
-14.04423
-14.04448
-14.04474
-14.04499
-14.04524
-14.04549
-14.04575
-14.04600
-14.04625
-14.04650
-14.04676
-14.04701
-14.04726
-14.04751
-14.04776
-14.04802
-14.04827
-14.04852
-14.04877
-14.04903
-14.04928
-14.04953
-14.04978
-14.05004
-14.05029
-14.05054
-14.05079
-14.05105
-14.05130
-14.05155
-14.05180
-14.05206
-14.05231
-14.05256
-14.05281
-14.05306
-14.05332
-14.05357
-14.05382
-14.05407
-14.05433
-14.05458
-14.05483
-14.05508
-14.05534
-14.05559
-14.05584
-14.05609
-14.05635
-14.05660
-14.05685
-14.05710
-14.05736
-14.05761
-14.05786
-14.05811
-14.05836
-14.05862
-14.05887
-14.05912
-14.05937
-14.05963
-14.05988
-14.06013
-14.06038
-14.06064
-14.06089
-14.06114
-14.06139
-14.06165
-14.06190
-14.06215
-14.06240
-14.06266
-14.06291
-14.06316
-14.06341
-14.06366
-14.06392
-14.06417
-14.06442
-14.06467
-14.06493
-14.06518
-14.06543
-14.06568
-14.06594
-14.06619
-14.06644
-14.06669
-14.06695
-14.06720
-14.06745
-14.06770
-14.06796
-14.06821
-14.06846
-14.06871
-14.06896
-14.06922
-14.06947
-14.06972
-14.06997
-14.07023
-14.07048
-14.07073
-14.07098
-14.07124
-14.07149
-14.07174
-14.07199
-14.07225
-14.07250
-14.07275
-14.07300
-14.07326
-14.07351
-14.07376
-14.07401
-14.07426
-14.07452
-14.07477
-14.07502
-14.07527
-14.07553
-14.07578
-14.07603
-14.07628
-14.07654
-14.07679
-14.07704
-14.07729
-14.07755
-14.07780
-14.07805
-14.07830
-14.07855
-14.07881
-14.07906
-14.07931
-14.07956
-14.07982
-14.08007
-14.08032
-14.08057
-14.08083
-14.08108
-14.08133
-14.08158
-14.08184
-14.08209
-14.08234
-14.08259
-14.08285
-14.08310
-14.08335
-14.08360
-14.08385
-14.08411
-14.08436
-14.08461
-14.08486
-14.08512
-14.08537
-14.08562
-14.08587
-14.08613
-14.08638
-14.08663
-14.08688
-14.08714
-14.08739
-14.08764
-14.08789
-14.08815
-14.08840
-14.08865
-14.08890
-14.08915
-14.08941
-14.08966
-14.08991
-14.09016
-14.09042
-14.09067
-14.09092
-14.09117
-14.09143
-14.09168
-14.09193
-14.09218
-14.09244
-14.09269
-14.09294
-14.09319
-14.09344
-14.09370
-14.09395
-14.09420
-14.09445
-14.09471
-14.09496
-14.09521
-14.09546
-14.09572
-14.09597
-14.09622
-14.09647
-14.09673
-14.09698
-14.09723
-14.09748
-14.09774
-14.09799
-14.09824
-14.09849
-14.09874
-14.09900
-14.09925
-14.09950
-14.09975
-14.10001
-14.10026
-14.10051
-14.10076
-14.10102
-14.10127
-14.10152
-14.10177
-14.10203
-14.10228
-14.10253
-14.10278
-14.10303
-14.10329
-14.10354
-14.10379
-14.10404
-14.10430
-14.10455
-14.10480
-14.10505
-14.10531
-14.10556
-14.10581
-14.10606
-14.10632
-14.10657
-14.10682
-14.10707
-14.10733
-14.10758
-14.10783
-14.10808
-14.10833
-14.10859
-14.10884
-14.10909
-14.10934
-14.10960
-14.10985
-14.11010
-14.11035
-14.11061
-14.11086
-14.11111
-14.11136
-14.11162
-14.11187
-14.11212
-14.11237
-14.11262
-14.11288
-14.11313
-14.11338
-14.11363
-14.11389
-14.11414
-14.11439
-14.11464
-14.11490
-14.11515
-14.11540
-14.11565
-14.11591
-14.11616
-14.11641
-14.11666
-14.11691
-14.11717
-14.11742
-14.11767
-14.11792
-14.11818
-14.11843
-14.11868
-14.11893
-14.11919
-14.11944
-14.11969
-14.11994
-14.12020
-14.12045
-14.12070
-14.12095
-14.12121
-14.12146
-14.12171
-14.12196
-14.12221
-14.12247
-14.12272
-14.12297
-14.12322
-14.12348
-14.12373
-14.12398
-14.12423
-14.12449
-14.12474
-14.12499
-14.12524
-14.12550
-14.12575
-14.12600
-14.12625
-14.12650
-14.12676
-14.12701
-14.12726
-14.12751
-14.12777
-14.12802
-14.12827
-14.12852
-14.12878
-14.12903
-14.12928
-14.12953
-14.12979
-14.13004
-14.13029
-14.13054
-14.13079
-14.13105
-14.13130
-14.13155
-14.13180
-14.13206
-14.13231
-14.13256
-14.13281
-14.13307
-14.13332
-14.13357
-14.13382
-14.13408
-14.13433
-14.13458
-14.13483
-14.13508
-14.13534
-14.13559
-14.13584
-14.13609
-14.13635
-14.13660
-14.13685
-14.13710
-14.13736
-14.13761
-14.13786
-14.13811
-14.13837
-14.13862
-14.13887
-14.13912
-14.13937
-14.13963
-14.13988
-14.14013
-14.14038
-14.14064
-14.14089
-14.14114
-14.14139
-14.14165
-14.14190
-14.14215
-14.14240
-14.14266
-14.14291
-14.14316
-14.14341
-14.14367
-14.14392
-14.14417
-14.14442
-14.14467
-14.14493
-14.14518
-14.14543
-14.14568
-14.14594
-14.14619
-14.14644
-14.14669
-14.14695
-14.14720
-14.14745
-14.14770
-14.14796
-14.14821
-14.14846
-14.14871
-14.14896
-14.14922
-14.14947
-14.14972
-14.14997
-14.15023
-14.15048
-14.15073
-14.15098
-14.15124
-14.15149
-14.15174
-14.15199
-14.15225
-14.15250
-14.15275
-14.15300
-14.15325
-14.15351
-14.15376
-14.15401
-14.15426
-14.15452
-14.15477
-14.15502
-14.15527
-14.15553
-14.15578
-14.15603
-14.15628
-14.15654
-14.15679
-14.15704
-14.15729
-14.15754
-14.15780
-14.15805
-14.15830
-14.15855
-14.15881
-14.15906
-14.15931
-14.15956
-14.15982
-14.16007
-14.16032
-14.16057
-14.16083
-14.16108
-14.16133
-14.16158
-14.16183
-14.16209
-14.16234
-14.16259
-14.16284
-14.16310
-14.16335
-14.16360
-14.16385
-14.16411
-14.16436
-14.16461
-14.16486
-14.16512
-14.16537
-14.16562
-14.16587
-14.16612
-14.16638
-14.16663
-14.16688
-14.16713
-14.16739
-14.16764
-14.16789
-14.16814
-14.16840
-14.16865
-14.16890
-14.16915
-14.16941
-14.16966
-14.16991
-14.17016
-14.17041
-14.17067
-14.17092
-14.17117
-14.17142
-14.17168
-14.17193
-14.17218
-14.17243
-14.17269
-14.17294
-14.17319
-14.17344
-14.17369
-14.17395
-14.17420
-14.17445
-14.17470
-14.17496
-14.17521
-14.17546
-14.17571
-14.17597
-14.17622
-14.17647
-14.17672
-14.17698
-14.17723
-14.17748
-14.17773
-14.17798
-14.17824
-14.17849
-14.17874
-14.17899
-14.17925
-14.17950
-14.17975
-14.18000
-14.18026
-14.18051
-14.18076
-14.18101
-14.18127
-14.18152
-14.18177
-14.18202
-14.18227
-14.18253
-14.18278
-14.18303
-14.18328
-14.18354
-14.18379
-14.18404
-14.18429
-14.18455
-14.18480
-14.18505
-14.18530
-14.18556
-14.18581
-14.18606
-14.18631
-14.18656
-14.18682
-14.18707
-14.18732
-14.18757
-14.18783
-14.18808
-14.18833
-14.18858
-14.18884
-14.18909
-14.18934
-14.18959
-14.18985
-14.19010
-14.19035
-14.19060
-14.19085
-14.19111
-14.19136
-14.19161
-14.19186
-14.19212
-14.19237
-14.19262
-14.19287
-14.19313
-14.19338
-14.19363
-14.19388
-14.19413
-14.19439
-14.19464
-14.19489
-14.19514
-14.19540
-14.19565
-14.19590
-14.19615
-14.19641
-14.19666
-14.19691
-14.19716
-14.19742
-14.19767
-14.19792
-14.19817
-14.19842
-14.19868
-14.19893
-14.19918
-14.19943
-14.19969
-14.19994
-14.20019
-14.20044
-14.20070
-14.20095
-14.20120
-14.20145
-14.20171
-14.20196
-14.20221
-14.20246
-14.20271
-14.20297
-14.20322
-14.20347
-14.20372
-14.20398
-14.20423
-14.20448
-14.20473
-14.20499
-14.20524
-14.20549
-14.20574
-14.20600
-14.20625
-14.20650
-14.20675
-14.20700
-14.20726
-14.20751
-14.20776
-14.20801
-14.20827
-14.20852
-14.20877
-14.20902
-14.20928
-14.20953
-14.20978
-14.21003
-14.21028
-14.21054
-14.21079
-14.21104
-14.21129
-14.21155
-14.21180
-14.21205
-14.21230
-14.21256
-14.21281
-14.21306
-14.21331
-14.21357
-14.21382
-14.21407
-14.21432
-14.21457
-14.21483
-14.21508
-14.21533
-14.21558
-14.21584
-14.21609
-14.21634
-14.21659
-14.21685
-14.21710
-14.21735
-14.21760
-14.21785
-14.21811
-14.21836
-14.21861
-14.21886
-14.21912
-14.21937
-14.21962
-14.21987
-14.22013
-14.22038
-14.22063
-14.22088
-14.22114
-14.22139
-14.22164
-14.22189
-14.22214
-14.22240
-14.22265
-14.22290
-14.22315
-14.22341
-14.22366
-14.22391
-14.22416
-14.22442
-14.22467
-14.22492
-14.22517
-14.22543
-14.22568
-14.22593
-14.22618
-14.22643
-14.22669
-14.22694
-14.22719
-14.22744
-14.22770
-14.22795
-14.22820
-14.22845
-14.22871
-14.22896
-14.22921
-14.22946
-14.22971
-14.22997
-14.23022
-14.23047
-14.23072
-14.23098
-14.23123
-14.23148
-14.23173
-14.23199
-14.23224
-14.23249
-14.23274
-14.23300
-14.23325
-14.23350
-14.23375
-14.23400
-14.23426
-14.23451
-14.23476
-14.23501
-14.23527
-14.23552
-14.23577
-14.23602
-14.23628
-14.23653
-14.23678
-14.23703
-14.23728
-14.23754
-14.23779
-14.23804
-14.23829
-14.23855
-14.23880
-14.23905
-14.23930
-14.23956
-14.23981
-14.24006
-14.24031
-14.24057
-14.24082
-14.24107
-14.24132
-14.24157
-14.24183
-14.24208
-14.24233
-14.24258
-14.24284
-14.24309
-14.24334
-14.24359
-14.24385
-14.24410
-14.24435
-14.24460
-14.24485
-14.24511
-14.24536
-14.24561
-14.24586
-14.24612
-14.24637
-14.24662
-14.24687
-14.24713
-14.24738
-14.24763
-14.24788
-14.24814
-14.24839
-14.24864
-14.24889
-14.24914
-14.24940
-14.24965
-14.24990
-14.25015
-14.25041
-14.25066
-14.25091
-14.25116
-14.25142
-14.25167
-14.25192
-14.25217
-14.25242
-14.25268
-14.25293
-14.25318
-14.25343
-14.25369
-14.25394
-14.25419
-14.25444
-14.25470
-14.25495
-14.25520
-14.25545
-14.25570
-14.25596
-14.25621
-14.25646
-14.25671
-14.25697
-14.25722
-14.25747
-14.25772
-14.25798
-14.25823
-14.25848
-14.25873
-14.25899
-14.25924
-14.25949
-14.25974
-14.25999
-14.26025
-14.26050
-14.26075
-14.26100
-14.26126
-14.26151
-14.26176
-14.26201
-14.26227
-14.26252
-14.26277
-14.26302
-14.26327
-14.26353
-14.26378
-14.26403
-14.26428
-14.26454
-14.26479
-14.26504
-14.26529
-14.26555
-14.26580
-14.26605
-14.26630
-14.26655
-14.26681
-14.26706
-14.26731
-14.26756
-14.26782
-14.26807
-14.26832
-14.26857
-14.26883
-14.26908
-14.26933
-14.26958
-14.26984
-14.27009
-14.27034
-14.27059
-14.27084
-14.27110
-14.27135
-14.27160
-14.27185
-14.27211
-14.27236
-14.27261
-14.27286
-14.27312
-14.27337
-14.27362
-14.27387
-14.27412
-14.27438
-14.27463
-14.27488
-14.27513
-14.27539
-14.27564
-14.27589
-14.27614
-14.27640
-14.27665
-14.27690
-14.27715
-14.27740
-14.27766
-14.27791
-14.27816
-14.27841
-14.27867
-14.27892
-14.27917
-14.27942
-14.27968
-14.27993
-14.28018
-14.28043
-14.28069
-14.28094
-14.28119
-14.28144
-14.28169
-14.28195
-14.28220
-14.28245
-14.28270
-14.28296
-14.28321
-14.28346
-14.28371
-14.28397
-14.28422
-14.28447
-14.28472
-14.28497
-14.28523
-14.28548
-14.28573
-14.28598
-14.28624
-14.28649
-14.28674
-14.28699
-14.28725
-14.28750
-14.28775
-14.28800
-14.28825
-14.28851
-14.28876
-14.28901
-14.28926
-14.28952
-14.28977
-14.29002
-14.29027
-14.29053
-14.29078
-14.29103
-14.29128
-14.29153
-14.29179
-14.29204
-14.29229
-14.29254
-14.29280
-14.29305
-14.29330
-14.29355
-14.29381
-14.29406
-14.29431
-14.29456
-14.29481
-14.29507
-14.29532
-14.29557
-14.29582
-14.29608
-14.29633
-14.29658
-14.29683
-14.29709
-14.29734
-14.29759
-14.29784
-14.29810
-14.29835
-14.29860
-14.29885
-14.29910
-14.29936
-14.29961
-14.29986
-14.30011
-14.30037
-14.30062
-14.30087
-14.30112
-14.30138
-14.30163
-14.30188
-14.30213
-14.30238
-14.30264
-14.30289
-14.30314
-14.30339
-14.30365
-14.30390
-14.30415
-14.30440
-14.30466
-14.30491
-14.30516
-14.30541
-14.30566
-14.30592
-14.30617
-14.30642
-14.30667
-14.30693
-14.30718
-14.30743
-14.30768
-14.30794
-14.30819
-14.30844
-14.30869
-14.30894
-14.30920
-14.30945
-14.30970
-14.30995
-14.31021
-14.31046
-14.31071
-14.31096
-14.31122
-14.31147
-14.31172
-14.31197
-14.31222
-14.31248
-14.31273
-14.31298
-14.31323
-14.31349
-14.31374
-14.31399
-14.31424
-14.31450
-14.31475
-14.31500
-14.31525
-14.31550
-14.31576
-14.31601
-14.31626
-14.31651
-14.31677
-14.31702
-14.31727
-14.31752
-14.31778
-14.31803
-14.31828
-14.31853
-14.31878
-14.31904
-14.31929
-14.31954
-14.31979
-14.32005
-14.32030
-14.32055
-14.32080
-14.32106
-14.32131
-14.32156
-14.32181
-14.32206
-14.32232
-14.32257
-14.32282
-14.32307
-14.32333
-14.32358
-14.32383
-14.32408
-14.32434
-14.32459
-14.32484
-14.32509
-14.32534
-14.32560
-14.32585
-14.32610
-14.32635
-14.32661
-14.32686
-14.32711
-14.32736
-14.32762
-14.32787
-14.32812
-14.32837
-14.32862
-14.32888
-14.32913
-14.32938
-14.32963
-14.32989
-14.33014
-14.33039
-14.33064
-14.33090
-14.33115
-14.33140
-14.33165
-14.33190
-14.33216
-14.33241
-14.33266
-14.33291
-14.33317
-14.33342
-14.33367
-14.33392
-14.33418
-14.33443
-14.33468
-14.33493
-14.33518
-14.33544
-14.33569
-14.33594
-14.33619
-14.33645
-14.33670
-14.33695
-14.33720
-14.33746
-14.33771
-14.33796
-14.33821
-14.33846
-14.33872
-14.33897
-14.33922
-14.33947
-14.33973
-14.33998
-14.34023
-14.34048
-14.34074
-14.34099
-14.34124
-14.34149
-14.34174
-14.34200
-14.34225
-14.34250
-14.34275
-14.34301
-14.34326
-14.34351
-14.34376
-14.34402
-14.34427
-14.34452
-14.34477
-14.34502
-14.34528
-14.34553
-14.34578
-14.34603
-14.34629
-14.34654
-14.34679
-14.34704
-14.34730
-14.34755
-14.34780
-14.34805
-14.34830
-14.34856
-14.34881
-14.34906
-14.34931
-14.34957
-14.34982
-14.35007
-14.35032
-14.35058
-14.35083
-14.35108
-14.35133
-14.35158
-14.35184
-14.35209
-14.35234
-14.35259
-14.35285
-14.35310
-14.35335
-14.35360
-14.35386
-14.35411
-14.35436
-14.35461
-14.35486
-14.35512
-14.35537
-14.35562
-14.35587
-14.35613
-14.35638
-14.35663
-14.35688
-14.35714
-14.35739
-14.35764
-14.35789
-14.35814
-14.35840
-14.35865
-14.35890
-14.35915
-14.35941
-14.35966
-14.35991
-14.36016
-14.36042
-14.36067
-14.36092
-14.36117
-14.36142
-14.36168
-14.36193
-14.36218
-14.36243
-14.36269
-14.36294
-14.36319
-14.36344
-14.36370
-14.36395
-14.36420
-14.36445
-14.36470
-14.36496
-14.36521
-14.36546
-14.36571
-14.36597
-14.36622
-14.36647
-14.36672
-14.36698
-14.36723
-14.36748
-14.36773
-14.36798
-14.36824
-14.36849
-14.36874
-14.36899
-14.36925
-14.36950
-14.36975
-14.37000
-14.37026
-14.37051
-14.37076
-14.37101
-14.37126
-14.37152
-14.37177
-14.37202
-14.37227
-14.37253
-14.37278
-14.37303
-14.37328
-14.37353
-14.37379
-14.37404
-14.37429
-14.37454
-14.37480
-14.37505
-14.37530
-14.37555
-14.37581
-14.37606
-14.37631
-14.37656
-14.37681
-14.37707
-14.37732
-14.37757
-14.37782
-14.37808
-14.37833
-14.37858
-14.37883
-14.37909
-14.37934
-14.37959
-14.37984
-14.38009
-14.38035
-14.38060
-14.38085
-14.38110
-14.38136
-14.38161
-14.38186
-14.38211
-14.38237
-14.38262
-14.38287
-14.38312
-14.38337
-14.38363
-14.38388
-14.38413
-14.38438
-14.38464
-14.38489
-14.38514
-14.38539
-14.38565
-14.38590
-14.38615
-14.38640
-14.38665
-14.38691
-14.38716
-14.38741
-14.38766
-14.38792
-14.38817
-14.38842
-14.38867
-14.38892
-14.38918
-14.38943
-14.38968
-14.38993
-14.39019
-14.39044
-14.39069
-14.39094
-14.39120
-14.39145
-14.39170
-14.39195
-14.39220
-14.39246
-14.39271
-14.39296
-14.39321
-14.39347
-14.39372
-14.39397
-14.39422
-14.39448
-14.39473
-14.39498
-14.39523
-14.39548
-14.39574
-14.39599
-14.39624
-14.39649
-14.39675
-14.39700
-14.39725
-14.39750
-14.39776
-14.39801
-14.39826
-14.39851
-14.39876
-14.39902
-14.39927
-14.39952
-14.39977
-14.40003
-14.40028
-14.40053
-14.40078
-14.40103
-14.40129
-14.40154
-14.40179
-14.40204
-14.40230
-14.40255
-14.40280
-14.40305
-14.40331
-14.40356
-14.40381
-14.40406
-14.40431
-14.40457
-14.40482
-14.40507
-14.40532
-14.40558
-14.40583
-14.40608
-14.40633
-14.40659
-14.40684
-14.40709
-14.40734
-14.40759
-14.40785
-14.40810
-14.40835
-14.40860
-14.40886
-14.40911
-14.40936
-14.40961
-14.40987
-14.41012
-14.41037
-14.41062
-14.41087
-14.41113
-14.41138
-14.41163
-14.41188
-14.41214
-14.41239
-14.41264
-14.41289
-14.41314
-14.41340
-14.41365
-14.41390
-14.41415
-14.41441
-14.41466
-14.41491
-14.41516
-14.41542
-14.41567
-14.41592
-14.41617
-14.41642
-14.41668
-14.41693
-14.41718
-14.41743
-14.41769
-14.41794
-14.41819
-14.41844
-14.41870
-14.41895
-14.41920
-14.41945
-14.41970
-14.41996
-14.42021
-14.42046
-14.42071
-14.42097
-14.42122
-14.42147
-14.42172
-14.42197
-14.42223
-14.42248
-14.42273
-14.42298
-14.42324
-14.42349
-14.42374
-14.42399
-14.42425
-14.42450
-14.42475
-14.42500
-14.42525
-14.42551
-14.42576
-14.42601
-14.42626
-14.42652
-14.42677
-14.42702
-14.42727
-14.42753
-14.42778
-14.42803
-14.42828
-14.42853
-14.42879
-14.42904
-14.42929
-14.42954
-14.42980
-14.43005
-14.43030
-14.43055
-14.43080
-14.43106
-14.43131
-14.43156
-14.43181
-14.43207
-14.43232
-14.43257
-14.43282
-14.43308
-14.43333
-14.43358
-14.43383
-14.43408
-14.43434
-14.43459
-14.43484
-14.43509
-14.43535
-14.43560
-14.43585
-14.43610
-14.43635
-14.43661
-14.43686
-14.43711
-14.43736
-14.43762
-14.43787
-14.43812
-14.43837
-14.43863
-14.43888
-14.43913
-14.43938
-14.43963
-14.43989
-14.44014
-14.44039
-14.44064
-14.44090
-14.44115
-14.44140
-14.44165
-14.44191
-14.44216
-14.44241
-14.44266
-14.44291
-14.44317
-14.44342
-14.44367
-14.44392
-14.44418
-14.44443
-14.44468
-14.44493
-14.44518
-14.44544
-14.44569
-14.44594
-14.44619
-14.44645
-14.44670
-14.44695
-14.44720
-14.44746
-14.44771
-14.44796
-14.44821
-14.44846
-14.44872
-14.44897
-14.44922
-14.44947
-14.44973
-14.44998
-14.45023
-14.45048
-14.45073
-14.45099
-14.45124
-14.45149
-14.45174
-14.45200
-14.45225
-14.45250
-14.45275
-14.45301
-14.45326
-14.45351
-14.45376
-14.45401
-14.45427
-14.45452
-14.45477
-14.45502
-14.45528
-14.45553
-14.45578
-14.45603
-14.45629
-14.45654
-14.45679
-14.45704
-14.45729
-14.45755
-14.45780
-14.45805
-14.45830
-14.45856
-14.45881
-14.45906
-14.45931
-14.45956
-14.45982
-14.46007
-14.46032
-14.46057
-14.46083
-14.46108
-14.46133
-14.46158
-14.46184
-14.46209
-14.46234
-14.46259
-14.46284
-14.46310
-14.46335
-14.46360
-14.46385
-14.46411
-14.46436
-14.46461
-14.46486
-14.46511
-14.46537
-14.46562
-14.46587
-14.46612
-14.46638
-14.46663
-14.46688
-14.46713
-14.46739
-14.46764
-14.46789
-14.46814
-14.46839
-14.46865
-14.46890
-14.46915
-14.46940
-14.46966
-14.46991
-14.47016
-14.47041
-14.47066
-14.47092
-14.47117
-14.47142
-14.47167
-14.47193
-14.47218
-14.47243
-14.47268
-14.47294
-14.47319
-14.47344
-14.47369
-14.47394
-14.47420
-14.47445
-14.47470
-14.47495
-14.47521
-14.47546
-14.47571
-14.47596
-14.47621
-14.47647
-14.47672
-14.47697
-14.47722
-14.47748
-14.47773
-14.47798
-14.47823
-14.47849
-14.47874
-14.47899
-14.47924
-14.47949
-14.47975
-14.48000
-14.48025
-14.48050
-14.48076
-14.48101
-14.48126
-14.48151
-14.48176
-14.48202
-14.48227
-14.48252
-14.48277
-14.48303
-14.48328
-14.48353
-14.48378
-14.48404
-14.48429
-14.48454
-14.48479
-14.48504
-14.48530
-14.48555
-14.48580
-14.48605
-14.48631
-14.48656
-14.48681
-14.48706
-14.48731
-14.48757
-14.48782
-14.48807
-14.48832
-14.48858
-14.48883
-14.48908
-14.48933
-14.48958
-14.48984
-14.49009
-14.49034
-14.49059
-14.49085
-14.49110
-14.49135
-14.49160
-14.49186
-14.49211
-14.49236
-14.49261
-14.49286
-14.49312
-14.49337
-14.49362
-14.49387
-14.49413
-14.49438
-14.49463
-14.49488
-14.49513
-14.49539
-14.49564
-14.49589
-14.49614
-14.49640
-14.49665
-14.49690
-14.49715
-14.49741
-14.49766
-14.49791
-14.49816
-14.49841
-14.49867
-14.49892
-14.49917
-14.49942
-14.49968
-14.49993
-14.50018
-14.50043
-14.50068
-14.50094
-14.50119
-14.50144
-14.50169
-14.50195
-14.50220
-14.50245
-14.50270
-14.50296
-14.50321
-14.50346
-14.50371
-14.50396
-14.50422
-14.50447
-14.50472
-14.50497
-14.50523
-14.50548
-14.50573
-14.50598
-14.50623
-14.50649
-14.50674
-14.50699
-14.50724
-14.50750
-14.50775
-14.50800
-14.50825
-14.50850
-14.50876
-14.50901
-14.50926
-14.50951
-14.50977
-14.51002
-14.51027
-14.51052
-14.51078
-14.51103
-14.51128
-14.51153
-14.51178
-14.51204
-14.51229
-14.51254
-14.51279
-14.51305
-14.51330
-14.51355
-14.51380
-14.51405
-14.51431
-14.51456
-14.51481
-14.51506
-14.51532
-14.51557
-14.51582
-14.51607
-14.51632
-14.51658
-14.51683
-14.51708
-14.51733
-14.51759
-14.51784
-14.51809
-14.51834
-14.51860
-14.51885
-14.51910
-14.51935
-14.51960
-14.51986
-14.52011
-14.52036
-14.52061
-14.52087
-14.52112
-14.52137
-14.52162
-14.52187
-14.52213
-14.52238
-14.52263
-14.52288
-14.52314
-14.52339
-14.52364
-14.52389
-14.52415
-14.52440
-14.52465
-14.52490
-14.52515
-14.52541
-14.52566
-14.52591
-14.52616
-14.52642
-14.52667
-14.52692
-14.52717
-14.52742
-14.52768
-14.52793
-14.52818
-14.52843
-14.52869
-14.52894
-14.52919
-14.52944
-14.52969
-14.52995
-14.53020
-14.53045
-14.53070
-14.53096
-14.53121
-14.53146
-14.53171
-14.53197
-14.53222
-14.53247
-14.53272
-14.53297
-14.53323
-14.53348
-14.53373
-14.53398
-14.53424
-14.53449
-14.53474
-14.53499
-14.53524
-14.53550
-14.53575
-14.53600
-14.53625
-14.53651
-14.53676
-14.53701
-14.53726
-14.53751
-14.53777
-14.53802
-14.53827
-14.53852
-14.53878
-14.53903
-14.53928
-14.53953
-14.53978
-14.54004
-14.54029
-14.54054
-14.54079
-14.54105
-14.54130
-14.54155
-14.54180
-14.54206
-14.54231
-14.54256
-14.54281
-14.54306
-14.54332
-14.54357
-14.54382
-14.54407
-14.54433
-14.54458
-14.54483
-14.54508
-14.54533
-14.54559
-14.54584
-14.54609
-14.54634
-14.54660
-14.54685
-14.54710
-14.54735
-14.54760
-14.54786
-14.54811
-14.54836
-14.54861
-14.54887
-14.54912
-14.54937
-14.54962
-14.54988
-14.55013
-14.55038
-14.55063
-14.55088
-14.55114
-14.55139
-14.55164
-14.55189
-14.55215
-14.55240
-14.55265
-14.55290
-14.55315
-14.55341
-14.55366
-14.55391
-14.55416
-14.55442
-14.55467
-14.55492
-14.55517
-14.55542
-14.55568
-14.55593
-14.55618
-14.55643
-14.55669
-14.55694
-14.55719
-14.55744
-14.55769
-14.55795
-14.55820
-14.55845
-14.55870
-14.55896
-14.55921
-14.55946
-14.55971
-14.55997
-14.56022
-14.56047
-14.56072
-14.56097
-14.56123
-14.56148
-14.56173
-14.56198
-14.56224
-14.56249
-14.56274
-14.56299
-14.56324
-14.56350
-14.56375
-14.56400
-14.56425
-14.56451
-14.56476
-14.56501
-14.56526
-14.56551
-14.56577
-14.56602
-14.56627
-14.56652
-14.56678
-14.56703
-14.56728
-14.56753
-14.56778
-14.56804
-14.56829
-14.56854
-14.56879
-14.56905
-14.56930
-14.56955
-14.56980
-14.57006
-14.57031
-14.57056
-14.57081
-14.57106
-14.57132
-14.57157
-14.57182
-14.57207
-14.57233
-14.57258
-14.57283
-14.57308
-14.57333
-14.57359
-14.57384
-14.57409
-14.57434
-14.57460
-14.57485
-14.57510
-14.57535
-14.57560
-14.57586
-14.57611
-14.57636
-14.57661
-14.57687
-14.57712
-14.57737
-14.57762
-14.57787
-14.57813
-14.57838
-14.57863
-14.57888
-14.57914
-14.57939
-14.57964
-14.57989
-14.58014
-14.58040
-14.58065
-14.58090
-14.58115
-14.58141
-14.58166
-14.58191
-14.58216
-14.58242
-14.58267
-14.58292
-14.58317
-14.58342
-14.58368
-14.58393
-14.58418
-14.58443
-14.58469
-14.58494
-14.58519
-14.58544
-14.58569
-14.58595
-14.58620
-14.58645
-14.58670
-14.58696
-14.58721
-14.58746
-14.58771
-14.58796
-14.58822
-14.58847
-14.58872
-14.58897
-14.58923
-14.58948
-14.58973
-14.58998
-14.59023
-14.59049
-14.59074
-14.59099
-14.59124
-14.59150
-14.59175
-14.59200
-14.59225
-14.59250
-14.59276
-14.59301
-14.59326
-14.59351
-14.59377
-14.59402
-14.59427
-14.59452
-14.59478
-14.59503
-14.59528
-14.59553
-14.59578
-14.59604
-14.59629
-14.59654
-14.59679
-14.59705
-14.59730
-14.59755
-14.59780
-14.59805
-14.59831
-14.59856
-14.59881
-14.59906
-14.59932
-14.59957
-14.59982
-14.60007
-14.60032
-14.60058
-14.60083
-14.60108
-14.60133
-14.60159
-14.60184
-14.60209
-14.60234
-14.60259
-14.60285
-14.60310
-14.60335
-14.60360
-14.60386
-14.60411
-14.60436
-14.60461
-14.60486
-14.60512
-14.60537
-14.60562
-14.60587
-14.60613
-14.60638
-14.60663
-14.60688
-14.60713
-14.60739
-14.60764
-14.60789
-14.60814
-14.60840
-14.60865
-14.60890
-14.60915
-14.60940
-14.60966
-14.60991
-14.61016
-14.61041
-14.61067
-14.61092
-14.61117
-14.61142
-14.61168
-14.61193
-14.61218
-14.61243
-14.61268
-14.61294
-14.61319
-14.61344
-14.61369
-14.61395
-14.61420
-14.61445
-14.61470
-14.61495
-14.61521
-14.61546
-14.61571
-14.61596
-14.61622
-14.61647
-14.61672
-14.61697
-14.61722
-14.61748
-14.61773
-14.61798
-14.61823
-14.61849
-14.61874
-14.61899
-14.61924
-14.61949
-14.61975
-14.62000
-14.62025
-14.62050
-14.62076
-14.62101
-14.62126
-14.62151
-14.62176
-14.62202
-14.62227
-14.62252
-14.62277
-14.62303
-14.62328
-14.62353
-14.62378
-14.62403
-14.62429
-14.62454
-14.62479
-14.62504
-14.62530
-14.62555
-14.62580
-14.62605
-14.62630
-14.62656
-14.62681
-14.62706
-14.62731
-14.62757
-14.62782
-14.62807
-14.62832
-14.62857
-14.62883
-14.62908
-14.62933
-14.62958
-14.62984
-14.63009
-14.63034
-14.63059
-14.63084
-14.63110
-14.63135
-14.63160
-14.63185
-14.63211
-14.63236
-14.63261
-14.63286
-14.63311
-14.63337
-14.63362
-14.63387
-14.63412
-14.63438
-14.63463
-14.63488
-14.63513
-14.63539
-14.63564
-14.63589
-14.63614
-14.63639
-14.63665
-14.63690
-14.63715
-14.63740
-14.63766
-14.63791
-14.63816
-14.63841
-14.63866
-14.63892
-14.63917
-14.63942
-14.63967
-14.63993
-14.64018
-14.64043
-14.64068
-14.64093
-14.64119
-14.64144
-14.64169
-14.64194
-14.64220
-14.64245
-14.64270
-14.64295
-14.64320
-14.64346
-14.64371
-14.64396
-14.64421
-14.64447
-14.64472
-14.64497
-14.64522
-14.64547
-14.64573
-14.64598
-14.64623
-14.64648
-14.64674
-14.64699
-14.64724
-14.64749
-14.64774
-14.64800
-14.64825
-14.64850
-14.64875
-14.64901
-14.64926
-14.64951
-14.64976
-14.65001
-14.65027
-14.65052
-14.65077
-14.65102
-14.65128
-14.65153
-14.65178
-14.65203
-14.65228
-14.65254
-14.65279
-14.65304
-14.65329
-14.65355
-14.65380
-14.65405
-14.65430
-14.65455
-14.65481
-14.65506
-14.65531
-14.65556
-14.65582
-14.65607
-14.65632
-14.65657
-14.65682
-14.65708
-14.65733
-14.65758
-14.65783
-14.65809
-14.65834
-14.65859
-14.65884
-14.65909
-14.65935
-14.65960
-14.65985
-14.66010
-14.66036
-14.66061
-14.66086
-14.66111
-14.66136
-14.66162
-14.66187
-14.66212
-14.66237
-14.66263
-14.66288
-14.66313
-14.66338
-14.66363
-14.66389
-14.66414
-14.66439
-14.66464
-14.66490
-14.66515
-14.66540
-14.66565
-14.66590
-14.66616
-14.66641
-14.66666
-14.66691
-14.66717
-14.66742
-14.66767
-14.66792
-14.66817
-14.66843
-14.66868
-14.66893
-14.66918
-14.66944
-14.66969
-14.66994
-14.67019
-14.67044
-14.67070
-14.67095
-14.67120
-14.67145
-14.67171
-14.67196
-14.67221
-14.67246
-14.67271
-14.67297
-14.67322
-14.67347
-14.67372
-14.67398
-14.67423
-14.67448
-14.67473
-14.67498
-14.67524
-14.67549
-14.67574
-14.67599
-14.67625
-14.67650
-14.67675
-14.67700
-14.67725
-14.67751
-14.67776
-14.67801
-14.67826
-14.67852
-14.67877
-14.67902
-14.67927
-14.67952
-14.67978
-14.68003
-14.68028
-14.68053
-14.68079
-14.68104
-14.68129
-14.68154
-14.68179
-14.68205
-14.68230
-14.68255
-14.68280
-14.68306
-14.68331
-14.68356
-14.68381
-14.68406
-14.68432
-14.68457
-14.68482
-14.68507
-14.68533
-14.68558
-14.68583
-14.68608
-14.68633
-14.68659
-14.68684
-14.68709
-14.68734
-14.68760
-14.68785
-14.68810
-14.68835
-14.68860
-14.68886
-14.68911
-14.68936
-14.68961
-14.68987
-14.69012
-14.69037
-14.69062
-14.69087
-14.69113
-14.69138
-14.69163
-14.69188
-14.69214
-14.69239
-14.69264
-14.69289
-14.69314
-14.69340
-14.69365
-14.69390
-14.69415
-14.69441
-14.69466
-14.69491
-14.69516
-14.69541
-14.69567
-14.69592
-14.69617
-14.69642
-14.69668
-14.69693
-14.69718
-14.69743
-14.69768
-14.69794
-14.69819
-14.69844
-14.69869
-14.69895
-14.69920
-14.69945
-14.69970
-14.69995
-14.70021
-14.70046
-14.70071
-14.70096
-14.70122
-14.70147
-14.70172
-14.70197
-14.70222
-14.70248
-14.70273
-14.70298
-14.70323
-14.70349
-14.70374
-14.70399
-14.70424
-14.70449
-14.70475
-14.70500
-14.70525
-14.70550
-14.70575
-14.70601
-14.70626
-14.70651
-14.70676
-14.70702
-14.70727
-14.70752
-14.70777
-14.70802
-14.70828
-14.70853
-14.70878
-14.70903
-14.70929
-14.70954
-14.70979
-14.71004
-14.71029
-14.71055
-14.71080
-14.71105
-14.71130
-14.71156
-14.71181
-14.71206
-14.71231
-14.71256
-14.71282
-14.71307
-14.71332
-14.71357
-14.71383
-14.71408
-14.71433
-14.71458
-14.71483
-14.71509
-14.71534
-14.71559
-14.71584
-14.71610
-14.71635
-14.71660
-14.71685
-14.71710
-14.71736
-14.71761
-14.71786
-14.71811
-14.71837
-14.71862
-14.71887
-14.71912
-14.71937
-14.71963
-14.71988
-14.72013
-14.72038
-14.72064
-14.72089
-14.72114
-14.72139
-14.72164
-14.72190
-14.72215
-14.72240
-14.72265
-14.72291
-14.72316
-14.72341
-14.72366
-14.72391
-14.72417
-14.72442
-14.72467
-14.72492
-14.72518
-14.72543
-14.72568
-14.72593
-14.72618
-14.72644
-14.72669
-14.72694
-14.72719
-14.72744
-14.72770
-14.72795
-14.72820
-14.72845
-14.72871
-14.72896
-14.72921
-14.72946
-14.72971
-14.72997
-14.73022
-14.73047
-14.73072
-14.73098
-14.73123
-14.73148
-14.73173
-14.73198
-14.73224
-14.73249
-14.73274
-14.73299
-14.73325
-14.73350
-14.73375
-14.73400
-14.73425
-14.73451
-14.73476
-14.73501
-14.73526
-14.73552
-14.73577
-14.73602
-14.73627
-14.73652
-14.73678
-14.73703
-14.73728
-14.73753
-14.73779
-14.73804
-14.73829
-14.73854
-14.73879
-14.73905
-14.73930
-14.73955
-14.73980
-14.74006
-14.74031
-14.74056
-14.74081
-14.74106
-14.74132
-14.74157
-14.74182
-14.74207
-14.74233
-14.74258
-14.74283
-14.74308
-14.74333
-14.74359
-14.74384
-14.74409
-14.74434
-14.74459
-14.74485
-14.74510
-14.74535
-14.74560
-14.74586
-14.74611
-14.74636
-14.74661
-14.74686
-14.74712
-14.74737
-14.74762
-14.74787
-14.74813
-14.74838
-14.74863
-14.74888
-14.74913
-14.74939
-14.74964
-14.74989
-14.75014
-14.75040
-14.75065
-14.75090
-14.75115
-14.75140
-14.75166
-14.75191
-14.75216
-14.75241
-14.75267
-14.75292
-14.75317
-14.75342
-14.75367
-14.75393
-14.75418
-14.75443
-14.75468
-14.75494
-14.75519
-14.75544
-14.75569
-14.75594
-14.75620
-14.75645
-14.75670
-14.75695
-14.75720
-14.75746
-14.75771
-14.75796
-14.75821
-14.75847
-14.75872
-14.75897
-14.75922
-14.75947
-14.75973
-14.75998
-14.76023
-14.76048
-14.76074
-14.76099
-14.76124
-14.76149
-14.76174
-14.76200
-14.76225
-14.76250
-14.76275
-14.76301
-14.76326
-14.76351
-14.76376
-14.76401
-14.76427
-14.76452
-14.76477
-14.76502
-14.76528
-14.76553
-14.76578
-14.76603
-14.76628
-14.76654
-14.76679
-14.76704
-14.76729
-14.76755
-14.76780
-14.76805
-14.76830
-14.76855
-14.76881
-14.76906
-14.76931
-14.76956
-14.76981
-14.77007
-14.77032
-14.77057
-14.77082
-14.77108
-14.77133
-14.77158
-14.77183
-14.77208
-14.77234
-14.77259
-14.77284
-14.77309
-14.77335
-14.77360
-14.77385
-14.77410
-14.77435
-14.77461
-14.77486
-14.77511
-14.77536
-14.77562
-14.77587
-14.77612
-14.77637
-14.77662
-14.77688
-14.77713
-14.77738
-14.77763
-14.77789
-14.77814
-14.77839
-14.77864
-14.77889
-14.77915
-14.77940
-14.77965
-14.77990
-14.78015
-14.78041
-14.78066
-14.78091
-14.78116
-14.78142
-14.78167
-14.78192
-14.78217
-14.78242
-14.78268
-14.78293
-14.78318
-14.78343
-14.78369
-14.78394
-14.78419
-14.78444
-14.78469
-14.78495
-14.78520
-14.78545
-14.78570
-14.78596
-14.78621
-14.78646
-14.78671
-14.78696
-14.78722
-14.78747
-14.78772
-14.78797
-14.78823
-14.78848
-14.78873
-14.78898
-14.78923
-14.78949
-14.78974
-14.78999
-14.79024
-14.79049
-14.79075
-14.79100
-14.79125
-14.79150
-14.79176
-14.79201
-14.79226
-14.79251
-14.79276
-14.79302
-14.79327
-14.79352
-14.79377
-14.79403
-14.79428
-14.79453
-14.79478
-14.79503
-14.79529
-14.79554
-14.79579
-14.79604
-14.79630
-14.79655
-14.79680
-14.79705
-14.79730
-14.79756
-14.79781
-14.79806
-14.79831
-14.79856
-14.79882
-14.79907
-14.79932
-14.79957
-14.79983
-14.80008
-14.80033
-14.80058
-14.80083
-14.80109
-14.80134
-14.80159
-14.80184
-14.80210
-14.80235
-14.80260
-14.80285
-14.80310
-14.80336
-14.80361
-14.80386
-14.80411
-14.80437
-14.80462
-14.80487
-14.80512
-14.80537
-14.80563
-14.80588
-14.80613
-14.80638
-14.80663
-14.80689
-14.80714
-14.80739
-14.80764
-14.80790
-14.80815
-14.80840
-14.80865
-14.80890
-14.80916
-14.80941
-14.80966
-14.80991
-14.81017
-14.81042
-14.81067
-14.81092
-14.81117
-14.81143
-14.81168
-14.81193
-14.81218
-14.81244
-14.81269
-14.81294
-14.81319
-14.81344
-14.81370
-14.81395
-14.81420
-14.81445
-14.81470
-14.81496
-14.81521
-14.81546
-14.81571
-14.81597
-14.81622
-14.81647
-14.81672
-14.81697
-14.81723
-14.81748
-14.81773
-14.81798
-14.81824
-14.81849
-14.81874
-14.81899
-14.81924
-14.81950
-14.81975
-14.82000
-14.82025
-14.82051
-14.82076
-14.82101
-14.82126
-14.82151
-14.82177
-14.82202
-14.82227
-14.82252
-14.82277
-14.82303
-14.82328
-14.82353
-14.82378
-14.82404
-14.82429
-14.82454
-14.82479
-14.82504
-14.82530
-14.82555
-14.82580
-14.82605
-14.82631
-14.82656
-14.82681
-14.82706
-14.82731
-14.82757
-14.82782
-14.82807
-14.82832
-14.82857
-14.82883
-14.82908
-14.82933
-14.82958
-14.82984
-14.83009
-14.83034
-14.83059
-14.83084
-14.83110
-14.83135
-14.83160
-14.83185
-14.83211
-14.83236
-14.83261
-14.83286
-14.83311
-14.83337
-14.83362
-14.83387
-14.83412
-14.83438
-14.83463
-14.83488
-14.83513
-14.83538
-14.83564
-14.83589
-14.83614
-14.83639
-14.83664
-14.83690
-14.83715
-14.83740
-14.83765
-14.83791
-14.83816
-14.83841
-14.83866
-14.83891
-14.83917
-14.83942
-14.83967
-14.83992
-14.84018
-14.84043
-14.84068
-14.84093
-14.84118
-14.84144
-14.84169
-14.84194
-14.84219
-14.84244
-14.84270
-14.84295
-14.84320
-14.84345
-14.84371
-14.84396
-14.84421
-14.84446
-14.84471
-14.84497
-14.84522
-14.84547
-14.84572
-14.84598
-14.84623
-14.84648
-14.84673
-14.84698
-14.84724
-14.84749
-14.84774
-14.84799
-14.84824
-14.84850
-14.84875
-14.84900
-14.84925
-14.84951
-14.84976
-14.85001
-14.85026
-14.85051
-14.85077
-14.85102
-14.85127
-14.85152
-14.85178
-14.85203
-14.85228
-14.85253
-14.85278
-14.85304
-14.85329
-14.85354
-14.85379
-14.85404
-14.85430
-14.85455
-14.85480
-14.85505
-14.85531
-14.85556
-14.85581
-14.85606
-14.85631
-14.85657
-14.85682
-14.85707
-14.85732
-14.85758
-14.85783
-14.85808
-14.85833
-14.85858
-14.85884
-14.85909
-14.85934
-14.85959
-14.85984
-14.86010
-14.86035
-14.86060
-14.86085
-14.86111
-14.86136
-14.86161
-14.86186
-14.86211
-14.86237
-14.86262
-14.86287
-14.86312
-14.86338
-14.86363
-14.86388
-14.86413
-14.86438
-14.86464
-14.86489
-14.86514
-14.86539
-14.86564
-14.86590
-14.86615
-14.86640
-14.86665
-14.86691
-14.86716
-14.86741
-14.86766
-14.86791
-14.86817
-14.86842
-14.86867
-14.86892
-14.86918
-14.86943
-14.86968
-14.86993
-14.87018
-14.87044
-14.87069
-14.87094
-14.87119
-14.87144
-14.87170
-14.87195
-14.87220
-14.87245
-14.87271
-14.87296
-14.87321
-14.87346
-14.87371
-14.87397
-14.87422
-14.87447
-14.87472
-14.87498
-14.87523
-14.87548
-14.87573
-14.87598
-14.87624
-14.87649
-14.87674
-14.87699
-14.87724
-14.87750
-14.87775
-14.87800
-14.87825
-14.87851
-14.87876
-14.87901
-14.87926
-14.87951
-14.87977
-14.88002
-14.88027
-14.88052
-14.88078
-14.88103
-14.88128
-14.88153
-14.88178
-14.88204
-14.88229
-14.88254
-14.88279
-14.88304
-14.88330
-14.88355
-14.88380
-14.88405
-14.88431
-14.88456
-14.88481
-14.88506
-14.88531
-14.88557
-14.88582
-14.88607
-14.88632
-14.88657
-14.88683
-14.88708
-14.88733
-14.88758
-14.88784
-14.88809
-14.88834
-14.88859
-14.88884
-14.88910
-14.88935
-14.88960
-14.88985
-14.89011
-14.89036
-14.89061
-14.89086
-14.89111
-14.89137
-14.89162
-14.89187
-14.89212
-14.89237
-14.89263
-14.89288
-14.89313
-14.89338
-14.89364
-14.89389
-14.89414
-14.89439
-14.89464
-14.89490
-14.89515
-14.89540
-14.89565
-14.89591
-14.89616
-14.89641
-14.89666
-14.89691
-14.89717
-14.89742
-14.89767
-14.89792
-14.89817
-14.89843
-14.89868
-14.89893
-14.89918
-14.89944
-14.89969
-14.89994
-14.90019
-14.90044
-14.90070
-14.90095
-14.90120
-14.90145
-14.90170
-14.90196
-14.90221
-14.90246
-14.90271
-14.90297
-14.90322
-14.90347
-14.90372
-14.90397
-14.90423
-14.90448
-14.90473
-14.90498
-14.90524
-14.90549
-14.90574
-14.90599
-14.90624
-14.90650
-14.90675
-14.90700
-14.90725
-14.90750
-14.90776
-14.90801
-14.90826
-14.90851
-14.90877
-14.90902
-14.90927
-14.90952
-14.90977
-14.91003
-14.91028
-14.91053
-14.91078
-14.91103
-14.91129
-14.91154
-14.91179
-14.91204
-14.91230
-14.91255
-14.91280
-14.91305
-14.91330
-14.91356
-14.91381
-14.91406
-14.91431
-14.91456
-14.91482
-14.91507
-14.91532
-14.91557
-14.91583
-14.91608
-14.91633
-14.91658
-14.91683
-14.91709
-14.91734
-14.91759
-14.91784
-14.91810
-14.91835
-14.91860
-14.91885
-14.91910
-14.91936
-14.91961
-14.91986
-14.92011
-14.92036
-14.92062
-14.92087
-14.92112
-14.92137
-14.92163
-14.92188
-14.92213
-14.92238
-14.92263
-14.92289
-14.92314
-14.92339
-14.92364
-14.92389
-14.92415
-14.92440
-14.92465
-14.92490
-14.92516
-14.92541
-14.92566
-14.92591
-14.92616
-14.92642
-14.92667
-14.92692
-14.92717
-14.92743
-14.92768
-14.92793
-14.92818
-14.92843
-14.92869
-14.92894
-14.92919
-14.92944
-14.92969
-14.92995
-14.93020
-14.93045
-14.93070
-14.93096
-14.93121
-14.93146
-14.93171
-14.93196
-14.93222
-14.93247
-14.93272
-14.93297
-14.93322
-14.93348
-14.93373
-14.93398
-14.93423
-14.93449
-14.93474
-14.93499
-14.93524
-14.93549
-14.93575
-14.93600
-14.93625
-14.93650
-14.93675
-14.93701
-14.93726
-14.93751
-14.93776
-14.93802
-14.93827
-14.93852
-14.93877
-14.93902
-14.93928
-14.93953
-14.93978
-14.94003
-14.94028
-14.94054
-14.94079
-14.94104
-14.94129
-14.94155
-14.94180
-14.94205
-14.94230
-14.94255
-14.94281
-14.94306
-14.94331
-14.94356
-14.94382
-14.94407
-14.94432
-14.94457
-14.94482
-14.94508
-14.94533
-14.94558
-14.94583
-14.94608
-14.94634
-14.94659
-14.94684
-14.94709
-14.94735
-14.94760
-14.94785
-14.94810
-14.94835
-14.94861
-14.94886
-14.94911
-14.94936
-14.94961
-14.94987
-14.95012
-14.95037
-14.95062
-14.95088
-14.95113
-14.95138
-14.95163
-14.95188
-14.95214
-14.95239
-14.95264
-14.95289
-14.95314
-14.95340
-14.95365
-14.95390
-14.95415
-14.95441
-14.95466
-14.95491
-14.95516
-14.95541
-14.95567
-14.95592
-14.95617
-14.95642
-14.95667
-14.95693
-14.95718
-14.95743
-14.95768
-14.95794
-14.95819
-14.95844
-14.95869
-14.95894
-14.95920
-14.95945
-14.95970
-14.95995
-14.96020
-14.96046
-14.96071
-14.96096
-14.96121
-14.96147
-14.96172
-14.96197
-14.96222
-14.96247
-14.96273
-14.96298
-14.96323
-14.96348
-14.96373
-14.96399
-14.96424
-14.96449
-14.96474
-14.96500
-14.96525
-14.96550
-14.96575
-14.96600
-14.96626
-14.96651
-14.96676
-14.96701
-14.96726
-14.96752
-14.96777
-14.96802
-14.96827
-14.96853
-14.96878
-14.96903
-14.96928
-14.96953
-14.96979
-14.97004
-14.97029
-14.97054
-14.97079
-14.97105
-14.97130
-14.97155
-14.97180
-14.97206
-14.97231
-14.97256
-14.97281
-14.97306
-14.97332
-14.97357
-14.97382
-14.97407
-14.97432
-14.97458
-14.97483
-14.97508
-14.97533
-14.97559
-14.97584
-14.97609
-14.97634
-14.97659
-14.97685
-14.97710
-14.97735
-14.97760
-14.97785
-14.97811
-14.97836
-14.97861
-14.97886
-14.97912
-14.97937
-14.97962
-14.97987
-14.98012
-14.98038
-14.98063
-14.98088
-14.98113
-14.98138
-14.98164
-14.98189
-14.98214
-14.98239
-14.98265
-14.98290
-14.98315
-14.98340
-14.98365
-14.98391
-14.98416
-14.98441
-14.98466
-14.98491
-14.98517
-14.98542
-14.98567
-14.98592
-14.98618
-14.98643
-14.98668
-14.98693
-14.98718
-14.98744
-14.98769
-14.98794
-14.98819
-14.98844
-14.98870
-14.98895
-14.98920
-14.98945
-14.98971
-14.98996
-14.99021
-14.99046
-14.99071
-14.99097
-14.99122
-14.99147
-14.99172
-14.99197
-14.99223
-14.99248
-14.99273
-14.99298
-14.99324
-14.99349
-14.99374
-14.99399
-14.99424
-14.99450
-14.99475
-14.99500
-14.99525
-14.99550
-14.99576
-14.99601
-14.99626
-14.99651
-14.99677
-14.99702
-14.99727
-14.99752
-14.99777
-14.99803
-14.99828
-14.99853
-14.99878
-14.99903
-14.99929
-14.99954
-14.99979
-15.00004
-15.00030
-15.00055
-15.00080
-15.00105
-15.00130
-15.00156
-15.00181
-15.00206
-15.00231
-15.00256
-15.00282
-15.00307
-15.00332
-15.00357
-15.00383
-15.00408
-15.00433
-15.00458
-15.00483
-15.00509
-15.00534
-15.00559
-15.00584
-15.00609
-15.00635
-15.00660
-15.00685
-15.00710
-15.00736
-15.00761
-15.00786
-15.00811
-15.00836
-15.00862
-15.00887
-15.00912
-15.00937
-15.00962
-15.00988
-15.01013
-15.01038
-15.01063
-15.01089
-15.01114
-15.01139
-15.01164
-15.01189
-15.01215
-15.01240
-15.01265
-15.01290
-15.01315
-15.01341
-15.01366
-15.01391
-15.01416
-15.01442
-15.01467
-15.01492
-15.01517
-15.01542
-15.01568
-15.01593
-15.01618
-15.01643
-15.01668
-15.01694
-15.01719
-15.01744
-15.01769
-15.01794
-15.01820
-15.01845
-15.01870
-15.01895
-15.01921
-15.01946
-15.01971
-15.01996
-15.02021
-15.02047
-15.02072
-15.02097
-15.02122
-15.02147
-15.02173
-15.02198
-15.02223
-15.02248
-15.02274
-15.02299
-15.02324
-15.02349
-15.02374
-15.02400
-15.02425
-15.02450
-15.02475
-15.02500
-15.02526
-15.02551
-15.02576
-15.02601
-15.02627
-15.02652
-15.02677
-15.02702
-15.02727
-15.02753
-15.02778
-15.02803
-15.02828
-15.02853
-15.02879
-15.02904
-15.02929
-15.02954
-15.02980
-15.03005
-15.03030
-15.03055
-15.03080
-15.03106
-15.03131
-15.03156
-15.03181
-15.03206
-15.03232
-15.03257
-15.03282
-15.03307
-15.03332
-15.03358
-15.03383
-15.03408
-15.03433
-15.03459
-15.03484
-15.03509
-15.03534
-15.03559
-15.03585
-15.03610
-15.03635
-15.03660
-15.03685
-15.03711
-15.03736
-15.03761
-15.03786
-15.03812
-15.03837
-15.03862
-15.03887
-15.03912
-15.03938
-15.03963
-15.03988
-15.04013
-15.04038
-15.04064
-15.04089
-15.04114
-15.04139
-15.04165
-15.04190
-15.04215
-15.04240
-15.04265
-15.04291
-15.04316
-15.04341
-15.04366
-15.04391
-15.04417
-15.04442
-15.04467
-15.04492
-15.04517
-15.04543
-15.04568
-15.04593
-15.04618
-15.04644
-15.04669
-15.04694
-15.04719
-15.04744
-15.04770
-15.04795
-15.04820
-15.04845
-15.04870
-15.04896
-15.04921
-15.04946
-15.04971
-15.04997
-15.05022
-15.05047
-15.05072
-15.05097
-15.05123
-15.05148
-15.05173
-15.05198
-15.05223
-15.05249
-15.05274
-15.05299
-15.05324
-15.05349
-15.05375
-15.05400
-15.05425
-15.05450
-15.05476
-15.05501
-15.05526
-15.05551
-15.05576
-15.05602
-15.05627
-15.05652
-15.05677
-15.05702
-15.05728
-15.05753
-15.05778
-15.05803
-15.05829
-15.05854
-15.05879
-15.05904
-15.05929
-15.05955
-15.05980
-15.06005
-15.06030
-15.06055
-15.06081
-15.06106
-15.06131
-15.06156
-15.06182
-15.06207
-15.06232
-15.06257
-15.06282
-15.06308
-15.06333
-15.06358
-15.06383
-15.06408
-15.06434
-15.06459
-15.06484
-15.06509
-15.06534
-15.06560
-15.06585
-15.06610
-15.06635
-15.06661
-15.06686
-15.06711
-15.06736
-15.06761
-15.06787
-15.06812
-15.06837
-15.06862
-15.06887
-15.06913
-15.06938
-15.06963
-15.06988
-15.07014
-15.07039
-15.07064
-15.07089
-15.07114
-15.07140
-15.07165
-15.07190
-15.07215
-15.07240
-15.07266
-15.07291
-15.07316
-15.07341
-15.07366
-15.07392
-15.07417
-15.07442
-15.07467
-15.07493
-15.07518
-15.07543
-15.07568
-15.07593
-15.07619
-15.07644
-15.07669
-15.07694
-15.07719
-15.07745
-15.07770
-15.07795
-15.07820
-15.07845
-15.07871
-15.07896
-15.07921
-15.07946
-15.07972
-15.07997
-15.08022
-15.08047
-15.08072
-15.08098
-15.08123
-15.08148
-15.08173
-15.08198
-15.08224
-15.08249
-15.08274
-15.08299
-15.08325
-15.08350
-15.08375
-15.08400
-15.08425
-15.08451
-15.08476
-15.08501
-15.08526
-15.08551
-15.08577
-15.08602
-15.08627
-15.08652
-15.08677
-15.08703
-15.08728
-15.08753
-15.08778
-15.08804
-15.08829
-15.08854
-15.08879
-15.08904
-15.08930
-15.08955
-15.08980
-15.09005
-15.09030
-15.09056
-15.09081
-15.09106
-15.09131
-15.09156
-15.09182
-15.09207
-15.09232
-15.09257
-15.09283
-15.09308
-15.09333
-15.09358
-15.09383
-15.09409
-15.09434
-15.09459
-15.09484
-15.09509
-15.09535
-15.09560
-15.09585
-15.09610
-15.09636
-15.09661
-15.09686
-15.09711
-15.09736
-15.09762
-15.09787
-15.09812
-15.09837
-15.09862
-15.09888
-15.09913
-15.09938
-15.09963
-15.09988
-15.10014
-15.10039
-15.10064
-15.10089
-15.10115
-15.10140
-15.10165
-15.10190
-15.10215
-15.10241
-15.10266
-15.10291
-15.10316
-15.10341
-15.10367
-15.10392
-15.10417
-15.10442
-15.10467
-15.10493
-15.10518
-15.10543
-15.10568
-15.10594
-15.10619
-15.10644
-15.10669
-15.10694
-15.10720
-15.10745
-15.10770
-15.10795
-15.10820
-15.10846
-15.10871
-15.10896
-15.10921
-15.10946
-15.10972
-15.10997
-15.11022
-15.11047
-15.11073
-15.11098
-15.11123
-15.11148
-15.11173
-15.11199
-15.11224
-15.11249
-15.11274
-15.11299
-15.11325
-15.11350
-15.11375
-15.11400
-15.11425
-15.11451
-15.11476
-15.11501
-15.11526
-15.11552
-15.11577
-15.11602
-15.11627
-15.11652
-15.11678
-15.11703
-15.11728
-15.11753
-15.11778
-15.11804
-15.11829
-15.11854
-15.11879
-15.11904
-15.11930
-15.11955
-15.11980
-15.12005
-15.12031
-15.12056
-15.12081
-15.12106
-15.12131
-15.12157
-15.12182
-15.12207
-15.12232
-15.12257
-15.12283
-15.12308
-15.12333
-15.12358
-15.12384
-15.12409
-15.12434
-15.12459
-15.12484
-15.12510
-15.12535
-15.12560
-15.12585
-15.12610
-15.12636
-15.12661
-15.12686
-15.12711
-15.12736
-15.12762
-15.12787
-15.12812
-15.12837
-15.12863
-15.12888
-15.12913
-15.12938
-15.12963
-15.12989
-15.13014
-15.13039
-15.13064
-15.13089
-15.13115
-15.13140
-15.13165
-15.13190
-15.13215
-15.13241
-15.13266
-15.13291
-15.13316
-15.13341
-15.13367
-15.13392
-15.13417
-15.13442
-15.13468
-15.13493
-15.13518
-15.13543
-15.13568
-15.13594
-15.13619
-15.13644
-15.13669
-15.13694
-15.13720
-15.13745
-15.13770
-15.13795
-15.13820
-15.13846
-15.13871
-15.13896
-15.13921
-15.13947
-15.13972
-15.13997
-15.14022
-15.14047
-15.14073
-15.14098
-15.14123
-15.14148
-15.14173
-15.14199
-15.14224
-15.14249
-15.14274
-15.14299
-15.14325
-15.14350
-15.14375
-15.14400
-15.14426
-15.14451
-15.14476
-15.14501
-15.14526
-15.14552
-15.14577
-15.14602
-15.14627
-15.14652
-15.14678
-15.14703
-15.14728
-15.14753
-15.14778
-15.14804
-15.14829
-15.14854
-15.14879
-15.14905
-15.14930
-15.14955
-15.14980
-15.15005
-15.15031
-15.15056
-15.15081
-15.15106
-15.15131
-15.15157
-15.15182
-15.15207
-15.15232
-15.15257
-15.15283
-15.15308
-15.15333
-15.15358
-15.15384
-15.15409
-15.15434
-15.15459
-15.15484
-15.15510
-15.15535
-15.15560
-15.15585
-15.15610
-15.15636
-15.15661
-15.15686
-15.15711
-15.15736
-15.15762
-15.15787
-15.15812
-15.15837
-15.15862
-15.15888
-15.15913
-15.15938
-15.15963
-15.15989
-15.16014
-15.16039
-15.16064
-15.16089
-15.16115
-15.16140
-15.16165
-15.16190
-15.16215
-15.16241
-15.16266
-15.16291
-15.16316
-15.16341
-15.16367
-15.16392
-15.16417
-15.16442
-15.16468
-15.16493
-15.16518
-15.16543
-15.16568
-15.16594
-15.16619
-15.16644
-15.16669
-15.16694
-15.16720
-15.16745
-15.16770
-15.16795
-15.16820
-15.16846
-15.16871
-15.16896
-15.16921
-15.16947
-15.16972
-15.16997
-15.17022
-15.17047
-15.17073
-15.17098
-15.17123
-15.17148
-15.17173
-15.17199
-15.17224
-15.17249
-15.17274
-15.17299
-15.17325
-15.17350
-15.17375
-15.17400
-15.17425
-15.17451
-15.17476
-15.17501
-15.17526
-15.17552
-15.17577
-15.17602
-15.17627
-15.17652
-15.17678
-15.17703
-15.17728
-15.17753
-15.17778
-15.17804
-15.17829
-15.17854
-15.17879
-15.17904
-15.17930
-15.17955
-15.17980
-15.18005
-15.18031
-15.18056
-15.18081
-15.18106
-15.18131
-15.18157
-15.18182
-15.18207
-15.18232
-15.18257
-15.18283
-15.18308
-15.18333
-15.18358
-15.18383
-15.18409
-15.18434
-15.18459
-15.18484
-15.18509
-15.18535
-15.18560
-15.18585
-15.18610
-15.18636
-15.18661
-15.18686
-15.18711
-15.18736
-15.18762
-15.18787
-15.18812
-15.18837
-15.18862
-15.18888
-15.18913
-15.18938
-15.18963
-15.18988
-15.19014
-15.19039
-15.19064
-15.19089
-15.19114
-15.19140
-15.19165
-15.19190
-15.19215
-15.19241
-15.19266
-15.19291
-15.19316
-15.19341
-15.19367
-15.19392
-15.19417
-15.19442
-15.19467
-15.19493
-15.19518
-15.19543
-15.19568
-15.19593
-15.19619
-15.19644
-15.19669
-15.19694
-15.19720
-15.19745
-15.19770
-15.19795
-15.19820
-15.19846
-15.19871
-15.19896
-15.19921
-15.19946
-15.19972
-15.19997
-15.20022
-15.20047
-15.20072
-15.20098
-15.20123
-15.20148
-15.20173
-15.20198
-15.20224
-15.20249
-15.20274
-15.20299
-15.20325
-15.20350
-15.20375
-15.20400
-15.20425
-15.20451
-15.20476
-15.20501
-15.20526
-15.20551
-15.20577
-15.20602
-15.20627
-15.20652
-15.20677
-15.20703
-15.20728
-15.20753
-15.20778
-15.20803
-15.20829
-15.20854
-15.20879
-15.20904
-15.20930
-15.20955
-15.20980
-15.21005
-15.21030
-15.21056
-15.21081
-15.21106
-15.21131
-15.21156
-15.21182
-15.21207
-15.21232
-15.21257
-15.21282
-15.21308
-15.21333
-15.21358
-15.21383
-15.21408
-15.21434
-15.21459
-15.21484
-15.21509
-15.21535
-15.21560
-15.21585
-15.21610
-15.21635
-15.21661
-15.21686
-15.21711
-15.21736
-15.21761
-15.21787
-15.21812
-15.21837
-15.21862
-15.21887
-15.21913
-15.21938
-15.21963
-15.21988
-15.22013
-15.22039
-15.22064
-15.22089
-15.22114
-15.22140
-15.22165
-15.22190
-15.22215
-15.22240
-15.22266
-15.22291
-15.22316
-15.22341
-15.22366
-15.22392
-15.22417
-15.22442
-15.22467
-15.22492
-15.22518
-15.22543
-15.22568
-15.22593
-15.22618
-15.22644
-15.22669
-15.22694
-15.22719
-15.22745
-15.22770
-15.22795
-15.22820
-15.22845
-15.22871
-15.22896
-15.22921
-15.22946
-15.22971
-15.22997
-15.23022
-15.23047
-15.23072
-15.23097
-15.23123
-15.23148
-15.23173
-15.23198
-15.23223
-15.23249
-15.23274
-15.23299
-15.23324
-15.23349
-15.23375
-15.23400
-15.23425
-15.23450
-15.23476
-15.23501
-15.23526
-15.23551
-15.23576
-15.23602
-15.23627
-15.23652
-15.23677
-15.23702
-15.23728
-15.23753
-15.23778
-15.23803
-15.23828
-15.23854
-15.23879
-15.23904
-15.23929
-15.23954
-15.23980
-15.24005
-15.24030
-15.24055
-15.24081
-15.24106
-15.24131
-15.24156
-15.24181
-15.24207
-15.24232
-15.24257
-15.24282
-15.24307
-15.24333
-15.24358
-15.24383
-15.24408
-15.24433
-15.24459
-15.24484
-15.24509
-15.24534
-15.24559
-15.24585
-15.24610
-15.24635
-15.24660
-15.24685
-15.24711
-15.24736
-15.24761
-15.24786
-15.24812
-15.24837
-15.24862
-15.24887
-15.24912
-15.24938
-15.24963
-15.24988
-15.25013
-15.25038
-15.25064
-15.25089
-15.25114
-15.25139
-15.25164
-15.25190
-15.25215
-15.25240
-15.25265
-15.25290
-15.25316
-15.25341
-15.25366
-15.25391
-15.25417
-15.25442
-15.25467
-15.25492
-15.25517
-15.25543
-15.25568
-15.25593
-15.25618
-15.25643
-15.25669
-15.25694
-15.25719
-15.25744
-15.25769
-15.25795
-15.25820
-15.25845
-15.25870
-15.25895
-15.25921
-15.25946
-15.25971
-15.25996
-15.26021
-15.26047
-15.26072
-15.26097
-15.26122
-15.26148
-15.26173
-15.26198
-15.26223
-15.26248
-15.26274
-15.26299
-15.26324
-15.26349
-15.26374
-15.26400
-15.26425
-15.26450
-15.26475
-15.26500
-15.26526
-15.26551
-15.26576
-15.26601
-15.26626
-15.26652
-15.26677
-15.26702
-15.26727
-15.26752
-15.26778
-15.26803
-15.26828
-15.26853
-15.26879
-15.26904
-15.26929
-15.26954
-15.26979
-15.27005
-15.27030
-15.27055
-15.27080
-15.27105
-15.27131
-15.27156
-15.27181
-15.27206
-15.27231
-15.27257
-15.27282
-15.27307
-15.27332
-15.27357
-15.27383
-15.27408
-15.27433
-15.27458
-15.27483
-15.27509
-15.27534
-15.27559
-15.27584
-15.27610
-15.27635
-15.27660
-15.27685
-15.27710
-15.27736
-15.27761
-15.27786
-15.27811
-15.27836
-15.27862
-15.27887
-15.27912
-15.27937
-15.27962
-15.27988
-15.28013
-15.28038
-15.28063
-15.28088
-15.28114
-15.28139
-15.28164
-15.28189
-15.28214
-15.28240
-15.28265
-15.28290
-15.28315
-15.28340
-15.28366
-15.28391
-15.28416
-15.28441
-15.28467
-15.28492
-15.28517
-15.28542
-15.28567
-15.28593
-15.28618
-15.28643
-15.28668
-15.28693
-15.28719
-15.28744
-15.28769
-15.28794
-15.28819
-15.28845
-15.28870
-15.28895
-15.28920
-15.28945
-15.28971
-15.28996
-15.29021
-15.29046
-15.29071
-15.29097
-15.29122
-15.29147
-15.29172
-15.29198
-15.29223
-15.29248
-15.29273
-15.29298
-15.29324
-15.29349
-15.29374
-15.29399
-15.29424
-15.29450
-15.29475
-15.29500
-15.29525
-15.29550
-15.29576
-15.29601
-15.29626
-15.29651
-15.29676
-15.29702
-15.29727
-15.29752
-15.29777
-15.29802
-15.29828
-15.29853
-15.29878
-15.29903
-15.29928
-15.29954
-15.29979
-15.30004
-15.30029
-15.30055
-15.30080
-15.30105
-15.30130
-15.30155
-15.30181
-15.30206
-15.30231
-15.30256
-15.30281
-15.30307
-15.30332
-15.30357
-15.30382
-15.30407
-15.30433
-15.30458
-15.30483
-15.30508
-15.30533
-15.30559
-15.30584
-15.30609
-15.30634
-15.30659
-15.30685
-15.30710
-15.30735
-15.30760
-15.30785
-15.30811
-15.30836
-15.30861
-15.30886
-15.30912
-15.30937
-15.30962
-15.30987
-15.31012
-15.31038
-15.31063
-15.31088
-15.31113
-15.31138
-15.31164
-15.31189
-15.31214
-15.31239
-15.31264
-15.31290
-15.31315
-15.31340
-15.31365
-15.31390
-15.31416
-15.31441
-15.31466
-15.31491
-15.31516
-15.31542
-15.31567
-15.31592
-15.31617
-15.31642
-15.31668
-15.31693
-15.31718
-15.31743
-15.31769
-15.31794
-15.31819
-15.31844
-15.31869
-15.31895
-15.31920
-15.31945
-15.31970
-15.31995
-15.32021
-15.32046
-15.32071
-15.32096
-15.32121
-15.32147
-15.32172
-15.32197
-15.32222
-15.32247
-15.32273
-15.32298
-15.32323
-15.32348
-15.32373
-15.32399
-15.32424
-15.32449
-15.32474
-15.32499
-15.32525
-15.32550
-15.32575
-15.32600
-15.32626
-15.32651
-15.32676
-15.32701
-15.32726
-15.32752
-15.32777
-15.32802
-15.32827
-15.32852
-15.32878
-15.32903
-15.32928
-15.32953
-15.32978
-15.33004
-15.33029
-15.33054
-15.33079
-15.33104
-15.33130
-15.33155
-15.33180
-15.33205
-15.33230
-15.33256
-15.33281
-15.33306
-15.33331
-15.33356
-15.33382
-15.33407
-15.33432
-15.33457
-15.33482
-15.33508
-15.33533
-15.33558
-15.33583
-15.33609
-15.33634
-15.33659
-15.33684
-15.33709
-15.33735
-15.33760
-15.33785
-15.33810
-15.33835
-15.33861
-15.33886
-15.33911
-15.33936
-15.33961
-15.33987
-15.34012
-15.34037
-15.34062
-15.34087
-15.34113
-15.34138
-15.34163
-15.34188
-15.34213
-15.34239
-15.34264
-15.34289
-15.34314
-15.34339
-15.34365
-15.34390
-15.34415
-15.34440
-15.34465
-15.34491
-15.34516
-15.34541
-15.34566
-15.34592
-15.34617
-15.34642
-15.34667
-15.34692
-15.34718
-15.34743
-15.34768
-15.34793
-15.34818
-15.34844
-15.34869
-15.34894
-15.34919
-15.34944
-15.34970
-15.34995
-15.35020
-15.35045
-15.35070
-15.35096
-15.35121
-15.35146
-15.35171
-15.35196
-15.35222
-15.35247
-15.35272
-15.35297
-15.35322
-15.35348
-15.35373
-15.35398
-15.35423
-15.35448
-15.35474
-15.35499
-15.35524
-15.35549
-15.35574
-15.35600
-15.35625
-15.35650
-15.35675
-15.35701
-15.35726
-15.35751
-15.35776
-15.35801
-15.35827
-15.35852
-15.35877
-15.35902
-15.35927
-15.35953
-15.35978
-15.36003
-15.36028
-15.36053
-15.36079
-15.36104
-15.36129
-15.36154
-15.36179
-15.36205
-15.36230
-15.36255
-15.36280
-15.36305
-15.36331
-15.36356
-15.36381
-15.36406
-15.36431
-15.36457
-15.36482
-15.36507
-15.36532
-15.36557
-15.36583
-15.36608
-15.36633
-15.36658
-15.36683
-15.36709
-15.36734
-15.36759
-15.36784
-15.36810
-15.36835
-15.36860
-15.36885
-15.36910
-15.36936
-15.36961
-15.36986
-15.37011
-15.37036
-15.37062
-15.37087
-15.37112
-15.37137
-15.37162
-15.37188
-15.37213
-15.37238
-15.37263
-15.37288
-15.37314
-15.37339
-15.37364
-15.37389
-15.37414
-15.37440
-15.37465
-15.37490
-15.37515
-15.37540
-15.37566
-15.37591
-15.37616
-15.37641
-15.37666
-15.37692
-15.37717
-15.37742
-15.37767
-15.37792
-15.37818
-15.37843
-15.37868
-15.37893
-15.37918
-15.37944
-15.37969
-15.37994
-15.38019
-15.38045
-15.38070
-15.38095
-15.38120
-15.38145
-15.38171
-15.38196
-15.38221
-15.38246
-15.38271
-15.38297
-15.38322
-15.38347
-15.38372
-15.38397
-15.38423
-15.38448
-15.38473
-15.38498
-15.38523
-15.38549
-15.38574
-15.38599
-15.38624
-15.38649
-15.38675
-15.38700
-15.38725
-15.38750
-15.38775
-15.38801
-15.38826
-15.38851
-15.38876
-15.38901
-15.38927
-15.38952
-15.38977
-15.39002
-15.39027
-15.39053
-15.39078
-15.39103
-15.39128
-15.39153
-15.39179
-15.39204
-15.39229
-15.39254
-15.39280
-15.39305
-15.39330
-15.39355
-15.39380
-15.39406
-15.39431
-15.39456
-15.39481
-15.39506
-15.39532
-15.39557
-15.39582
-15.39607
-15.39632
-15.39658
-15.39683
-15.39708
-15.39733
-15.39758
-15.39784
-15.39809
-15.39834
-15.39859
-15.39884
-15.39910
-15.39935
-15.39960
-15.39985
-15.40010
-15.40036
-15.40061
-15.40086
-15.40111
-15.40136
-15.40162
-15.40187
-15.40212
-15.40237
-15.40262
-15.40288
-15.40313
-15.40338
-15.40363
-15.40388
-15.40414
-15.40439
-15.40464
-15.40489
-15.40514
-15.40540
-15.40565
-15.40590
-15.40615
-15.40640
-15.40666
-15.40691
-15.40716
-15.40741
-15.40767
-15.40792
-15.40817
-15.40842
-15.40867
-15.40893
-15.40918
-15.40943
-15.40968
-15.40993
-15.41019
-15.41044
-15.41069
-15.41094
-15.41119
-15.41145
-15.41170
-15.41195
-15.41220
-15.41245
-15.41271
-15.41296
-15.41321
-15.41346
-15.41371
-15.41397
-15.41422
-15.41447
-15.41472
-15.41497
-15.41523
-15.41548
-15.41573
-15.41598
-15.41623
-15.41649
-15.41674
-15.41699
-15.41724
-15.41749
-15.41775
-15.41800
-15.41825
-15.41850
-15.41875
-15.41901
-15.41926
-15.41951
-15.41976
-15.42001
-15.42027
-15.42052
-15.42077
-15.42102
-15.42127
-15.42153
-15.42178
-15.42203
-15.42228
-15.42253
-15.42279
-15.42304
-15.42329
-15.42354
-15.42380
-15.42405
-15.42430
-15.42455
-15.42480
-15.42506
-15.42531
-15.42556
-15.42581
-15.42606
-15.42632
-15.42657
-15.42682
-15.42707
-15.42732
-15.42758
-15.42783
-15.42808
-15.42833
-15.42858
-15.42884
-15.42909
-15.42934
-15.42959
-15.42984
-15.43010
-15.43035
-15.43060
-15.43085
-15.43110
-15.43136
-15.43161
-15.43186
-15.43211
-15.43236
-15.43262
-15.43287
-15.43312
-15.43337
-15.43362
-15.43388
-15.43413
-15.43438
-15.43463
-15.43488
-15.43514
-15.43539
-15.43564
-15.43589
-15.43614
-15.43640
-15.43665
-15.43690
-15.43715
-15.43740
-15.43766
-15.43791
-15.43816
-15.43841
-15.43866
-15.43892
-15.43917
-15.43942
-15.43967
-15.43992
-15.44018
-15.44043
-15.44068
-15.44093
-15.44118
-15.44144
-15.44169
-15.44194
-15.44219
-15.44244
-15.44270
-15.44295
-15.44320
-15.44345
-15.44371
-15.44396
-15.44421
-15.44446
-15.44471
-15.44497
-15.44522
-15.44547
-15.44572
-15.44597
-15.44623
-15.44648
-15.44673
-15.44698
-15.44723
-15.44749
-15.44774
-15.44799
-15.44824
-15.44849
-15.44875
-15.44900
-15.44925
-15.44950
-15.44975
-15.45001
-15.45026
-15.45051
-15.45076
-15.45101
-15.45127
-15.45152
-15.45177
-15.45202
-15.45227
-15.45253
-15.45278
-15.45303
-15.45328
-15.45353
-15.45379
-15.45404
-15.45429
-15.45454
-15.45479
-15.45505
-15.45530
-15.45555
-15.45580
-15.45605
-15.45631
-15.45656
-15.45681
-15.45706
-15.45731
-15.45757
-15.45782
-15.45807
-15.45832
-15.45857
-15.45883
-15.45908
-15.45933
-15.45958
-15.45983
-15.46009
-15.46034
-15.46059
-15.46084
-15.46109
-15.46135
-15.46160
-15.46185
-15.46210
-15.46235
-15.46261
-15.46286
-15.46311
-15.46336
-15.46361
-15.46387
-15.46412
-15.46437
-15.46462
-15.46487
-15.46513
-15.46538
-15.46563
-15.46588
-15.46613
-15.46639
-15.46664
-15.46689
-15.46714
-15.46740
-15.46765
-15.46790
-15.46815
-15.46840
-15.46866
-15.46891
-15.46916
-15.46941
-15.46966
-15.46992
-15.47017
-15.47042
-15.47067
-15.47092
-15.47118
-15.47143
-15.47168
-15.47193
-15.47218
-15.47244
-15.47269
-15.47294
-15.47319
-15.47344
-15.47370
-15.47395
-15.47420
-15.47445
-15.47470
-15.47496
-15.47521
-15.47546
-15.47571
-15.47596
-15.47622
-15.47647
-15.47672
-15.47697
-15.47722
-15.47748
-15.47773
-15.47798
-15.47823
-15.47848
-15.47874
-15.47899
-15.47924
-15.47949
-15.47974
-15.48000
-15.48025
-15.48050
-15.48075
-15.48100
-15.48126
-15.48151
-15.48176
-15.48201
-15.48226
-15.48252
-15.48277
-15.48302
-15.48327
-15.48352
-15.48378
-15.48403
-15.48428
-15.48453
-15.48478
-15.48504
-15.48529
-15.48554
-15.48579
-15.48604
-15.48630
-15.48655
-15.48680
-15.48705
-15.48730
-15.48756
-15.48781
-15.48806
-15.48831
-15.48856
-15.48882
-15.48907
-15.48932
-15.48957
-15.48982
-15.49008
-15.49033
-15.49058
-15.49083
-15.49108
-15.49134
-15.49159
-15.49184
-15.49209
-15.49234
-15.49260
-15.49285
-15.49310
-15.49335
-15.49360
-15.49386
-15.49411
-15.49436
-15.49461
-15.49486
-15.49512
-15.49537
-15.49562
-15.49587
-15.49612
-15.49638
-15.49663
-15.49688
-15.49713
-15.49738
-15.49764
-15.49789
-15.49814
-15.49839
-15.49864
-15.49890
-15.49915
-15.49940
-15.49965
-15.49990
-15.50016
-15.50041
-15.50066
-15.50091
-15.50116
-15.50142
-15.50167
-15.50192
-15.50217
-15.50242
-15.50268
-15.50293
-15.50318
-15.50343
-15.50368
-15.50394
-15.50419
-15.50444
-15.50469
-15.50494
-15.50520
-15.50545
-15.50570
-15.50595
-15.50620
-15.50646
-15.50671
-15.50696
-15.50721
-15.50747
-15.50772
-15.50797
-15.50822
-15.50847
-15.50873
-15.50898
-15.50923
-15.50948
-15.50973
-15.50999
-15.51024
-15.51049
-15.51074
-15.51099
-15.51125
-15.51150
-15.51175
-15.51200
-15.51225
-15.51251
-15.51276
-15.51301
-15.51326
-15.51351
-15.51377
-15.51402
-15.51427
-15.51452
-15.51477
-15.51503
-15.51528
-15.51553
-15.51578
-15.51603
-15.51629
-15.51654
-15.51679
-15.51704
-15.51729
-15.51755
-15.51780
-15.51805
-15.51830
-15.51855
-15.51881
-15.51906
-15.51931
-15.51956
-15.51981
-15.52007
-15.52032
-15.52057
-15.52082
-15.52107
-15.52133
-15.52158
-15.52183
-15.52208
-15.52233
-15.52259
-15.52284
-15.52309
-15.52334
-15.52359
-15.52385
-15.52410
-15.52435
-15.52460
-15.52485
-15.52511
-15.52536
-15.52561
-15.52586
-15.52611
-15.52637
-15.52662
-15.52687
-15.52712
-15.52737
-15.52763
-15.52788
-15.52813
-15.52838
-15.52863
-15.52889
-15.52914
-15.52939
-15.52964
-15.52989
-15.53015
-15.53040
-15.53065
-15.53090
-15.53115
-15.53141
-15.53166
-15.53191
-15.53216
-15.53241
-15.53267
-15.53292
-15.53317
-15.53342
-15.53367
-15.53393
-15.53418
-15.53443
-15.53468
-15.53493
-15.53519
-15.53544
-15.53569
-15.53594
-15.53619
-15.53645
-15.53670
-15.53695
-15.53720
-15.53745
-15.53771
-15.53796
-15.53821
-15.53846
-15.53871
-15.53897
-15.53922
-15.53947
-15.53972
-15.53997
-15.54023
-15.54048
-15.54073
-15.54098
-15.54123
-15.54149
-15.54174
-15.54199
-15.54224
-15.54249
-15.54275
-15.54300
-15.54325
-15.54350
-15.54375
-15.54401
-15.54426
-15.54451
-15.54476
-15.54501
-15.54527
-15.54552
-15.54577
-15.54602
-15.54627
-15.54653
-15.54678
-15.54703
-15.54728
-15.54753
-15.54779
-15.54804
-15.54829
-15.54854
-15.54879
-15.54905
-15.54930
-15.54955
-15.54980
-15.55005
-15.55031
-15.55056
-15.55081
-15.55106
-15.55131
-15.55157
-15.55182
-15.55207
-15.55232
-15.55257
-15.55283
-15.55308
-15.55333
-15.55358
-15.55383
-15.55409
-15.55434
-15.55459
-15.55484
-15.55509
-15.55535
-15.55560
-15.55585
-15.55610
-15.55635
-15.55661
-15.55686
-15.55711
-15.55736
-15.55761
-15.55787
-15.55812
-15.55837
-15.55862
-15.55887
-15.55913
-15.55938
-15.55963
-15.55988
-15.56013
-15.56039
-15.56064
-15.56089
-15.56114
-15.56139
-15.56165
-15.56190
-15.56215
-15.56240
-15.56265
-15.56291
-15.56316
-15.56341
-15.56366
-15.56391
-15.56417
-15.56442
-15.56467
-15.56492
-15.56517
-15.56543
-15.56568
-15.56593
-15.56618
-15.56643
-15.56668
-15.56694
-15.56719
-15.56744
-15.56769
-15.56794
-15.56820
-15.56845
-15.56870
-15.56895
-15.56920
-15.56946
-15.56971
-15.56996
-15.57021
-15.57046
-15.57072
-15.57097
-15.57122
-15.57147
-15.57172
-15.57198
-15.57223
-15.57248
-15.57273
-15.57298
-15.57324
-15.57349
-15.57374
-15.57399
-15.57424
-15.57450
-15.57475
-15.57500
-15.57525
-15.57550
-15.57576
-15.57601
-15.57626
-15.57651
-15.57676
-15.57702
-15.57727
-15.57752
-15.57777
-15.57802
-15.57828
-15.57853
-15.57878
-15.57903
-15.57928
-15.57954
-15.57979
-15.58004
-15.58029
-15.58054
-15.58080
-15.58105
-15.58130
-15.58155
-15.58180
-15.58206
-15.58231
-15.58256
-15.58281
-15.58306
-15.58332
-15.58357
-15.58382
-15.58407
-15.58432
-15.58458
-15.58483
-15.58508
-15.58533
-15.58558
-15.58584
-15.58609
-15.58634
-15.58659
-15.58684
-15.58710
-15.58735
-15.58760
-15.58785
-15.58810
-15.58836
-15.58861
-15.58886
-15.58911
-15.58936
-15.58962
-15.58987
-15.59012
-15.59037
-15.59062
-15.59088
-15.59113
-15.59138
-15.59163
-15.59188
-15.59214
-15.59239
-15.59264
-15.59289
-15.59314
-15.59340
-15.59365
-15.59390
-15.59415
-15.59440
-15.59466
-15.59491
-15.59516
-15.59541
-15.59566
-15.59592
-15.59617
-15.59642
-15.59667
-15.59692
-15.59718
-15.59743
-15.59768
-15.59793
-15.59818
-15.59844
-15.59869
-15.59894
-15.59919
-15.59944
-15.59970
-15.59995
-15.60020
-15.60045
-15.60070
-15.60096
-15.60121
-15.60146
-15.60171
-15.60196
-15.60222
-15.60247
-15.60272
-15.60297
-15.60322
-15.60348
-15.60373
-15.60398
-15.60423
-15.60448
-15.60474
-15.60499
-15.60524
-15.60549
-15.60574
-15.60599
-15.60625
-15.60650
-15.60675
-15.60700
-15.60725
-15.60751
-15.60776
-15.60801
-15.60826
-15.60851
-15.60877
-15.60902
-15.60927
-15.60952
-15.60977
-15.61003
-15.61028
-15.61053
-15.61078
-15.61103
-15.61129
-15.61154
-15.61179
-15.61204
-15.61229
-15.61255
-15.61280
-15.61305
-15.61330
-15.61355
-15.61381
-15.61406
-15.61431
-15.61456
-15.61481
-15.61507
-15.61532
-15.61557
-15.61582
-15.61607
-15.61633
-15.61658
-15.61683
-15.61708
-15.61733
-15.61759
-15.61784
-15.61809
-15.61834
-15.61859
-15.61885
-15.61910
-15.61935
-15.61960
-15.61985
-15.62011
-15.62036
-15.62061
-15.62086
-15.62111
-15.62137
-15.62162
-15.62187
-15.62212
-15.62237
-15.62263
-15.62288
-15.62313
-15.62338
-15.62363
-15.62389
-15.62414
-15.62439
-15.62464
-15.62489
-15.62515
-15.62540
-15.62565
-15.62590
-15.62615
-15.62641
-15.62666
-15.62691
-15.62716
-15.62741
-15.62767
-15.62792
-15.62817
-15.62842
-15.62867
-15.62893
-15.62918
-15.62943
-15.62968
-15.62993
-15.63018
-15.63044
-15.63069
-15.63094
-15.63119
-15.63144
-15.63170
-15.63195
-15.63220
-15.63245
-15.63270
-15.63296
-15.63321
-15.63346
-15.63371
-15.63396
-15.63422
-15.63447
-15.63472
-15.63497
-15.63522
-15.63548
-15.63573
-15.63598
-15.63623
-15.63648
-15.63674
-15.63699
-15.63724
-15.63749
-15.63774
-15.63800
-15.63825
-15.63850
-15.63875
-15.63900
-15.63926
-15.63951
-15.63976
-15.64001
-15.64026
-15.64052
-15.64077
-15.64102
-15.64127
-15.64152
-15.64178
-15.64203
-15.64228
-15.64253
-15.64278
-15.64304
-15.64329
-15.64354
-15.64379
-15.64404
-15.64430
-15.64455
-15.64480
-15.64505
-15.64530
-15.64556
-15.64581
-15.64606
-15.64631
-15.64656
-15.64682
-15.64707
-15.64732
-15.64757
-15.64782
-15.64808
-15.64833
-15.64858
-15.64883
-15.64908
-15.64933
-15.64959
-15.64984
-15.65009
-15.65034
-15.65059
-15.65085
-15.65110
-15.65135
-15.65160
-15.65185
-15.65211
-15.65236
-15.65261
-15.65286
-15.65311
-15.65337
-15.65362
-15.65387
-15.65412
-15.65437
-15.65463
-15.65488
-15.65513
-15.65538
-15.65563
-15.65589
-15.65614
-15.65639
-15.65664
-15.65689
-15.65715
-15.65740
-15.65765
-15.65790
-15.65815
-15.65841
-15.65866
-15.65891
-15.65916
-15.65941
-15.65967
-15.65992
-15.66017
-15.66042
-15.66067
-15.66093
-15.66118
-15.66143
-15.66168
-15.66193
-15.66219
-15.66244
-15.66269
-15.66294
-15.66319
-15.66345
-15.66370
-15.66395
-15.66420
-15.66445
-15.66471
-15.66496
-15.66521
-15.66546
-15.66571
-15.66596
-15.66622
-15.66647
-15.66672
-15.66697
-15.66722
-15.66748
-15.66773
-15.66798
-15.66823
-15.66848
-15.66874
-15.66899
-15.66924
-15.66949
-15.66974
-15.67000
-15.67025
-15.67050
-15.67075
-15.67100
-15.67126
-15.67151
-15.67176
-15.67201
-15.67226
-15.67252
-15.67277
-15.67302
-15.67327
-15.67352
-15.67378
-15.67403
-15.67428
-15.67453
-15.67478
-15.67504
-15.67529
-15.67554
-15.67579
-15.67604
-15.67630
-15.67655
-15.67680
-15.67705
-15.67730
-15.67756
-15.67781
-15.67806
-15.67831
-15.67856
-15.67882
-15.67907
-15.67932
-15.67957
-15.67982
-15.68007
-15.68033
-15.68058
-15.68083
-15.68108
-15.68133
-15.68159
-15.68184
-15.68209
-15.68234
-15.68259
-15.68285
-15.68310
-15.68335
-15.68360
-15.68385
-15.68411
-15.68436
-15.68461
-15.68486
-15.68511
-15.68537
-15.68562
-15.68587
-15.68612
-15.68637
-15.68663
-15.68688
-15.68713
-15.68738
-15.68763
-15.68789
-15.68814
-15.68839
-15.68864
-15.68889
-15.68915
-15.68940
-15.68965
-15.68990
-15.69015
-15.69041
-15.69066
-15.69091
-15.69116
-15.69141
-15.69167
-15.69192
-15.69217
-15.69242
-15.69267
-15.69292
-15.69318
-15.69343
-15.69368
-15.69393
-15.69418
-15.69444
-15.69469
-15.69494
-15.69519
-15.69544
-15.69570
-15.69595
-15.69620
-15.69645
-15.69670
-15.69696
-15.69721
-15.69746
-15.69771
-15.69796
-15.69822
-15.69847
-15.69872
-15.69897
-15.69922
-15.69948
-15.69973
-15.69998
-15.70023
-15.70048
-15.70074
-15.70099
-15.70124
-15.70149
-15.70174
-15.70200
-15.70225
-15.70250
-15.70275
-15.70300
-15.70326
-15.70351
-15.70376
-15.70401
-15.70426
-15.70452
-15.70477
-15.70502
-15.70527
-15.70552
-15.70577
-15.70603
-15.70628
-15.70653
-15.70678
-15.70703
-15.70729
-15.70754
-15.70779
-15.70804
-15.70829
-15.70855
-15.70880
-15.70905
-15.70930
-15.70955
-15.70981
-15.71006
-15.71031
-15.71056
-15.71081
-15.71107
-15.71132
-15.71157
-15.71182
-15.71207
-15.71233
-15.71258
-15.71283
-15.71308
-15.71333
-15.71359
-15.71384
-15.71409
-15.71434
-15.71459
-15.71485
-15.71510
-15.71535
-15.71560
-15.71585
-15.71610
-15.71636
-15.71661
-15.71686
-15.71711
-15.71736
-15.71762
-15.71787
-15.71812
-15.71837
-15.71862
-15.71888
-15.71913
-15.71938
-15.71963
-15.71988
-15.72014
-15.72039
-15.72064
-15.72089
-15.72114
-15.72140
-15.72165
-15.72190
-15.72215
-15.72240
-15.72266
-15.72291
-15.72316
-15.72341
-15.72366
-15.72392
-15.72417
-15.72442
-15.72467
-15.72492
-15.72518
-15.72543
-15.72568
-15.72593
-15.72618
-15.72644
-15.72669
-15.72694
-15.72719
-15.72744
-15.72769
-15.72795
-15.72820
-15.72845
-15.72870
-15.72895
-15.72921
-15.72946
-15.72971
-15.72996
-15.73021
-15.73047
-15.73072
-15.73097
-15.73122
-15.73147
-15.73173
-15.73198
-15.73223
-15.73248
-15.73273
-15.73299
-15.73324
-15.73349
-15.73374
-15.73399
-15.73425
-15.73450
-15.73475
-15.73500
-15.73525
-15.73551
-15.73576
-15.73601
-15.73626
-15.73651
-15.73676
-15.73702
-15.73727
-15.73752
-15.73777
-15.73802
-15.73828
-15.73853
-15.73878
-15.73903
-15.73928
-15.73954
-15.73979
-15.74004
-15.74029
-15.74054
-15.74080
-15.74105
-15.74130
-15.74155
-15.74180
-15.74206
-15.74231
-15.74256
-15.74281
-15.74306
-15.74332
-15.74357
-15.74382
-15.74407
-15.74432
-15.74458
-15.74483
-15.74508
-15.74533
-15.74558
-15.74584
-15.74609
-15.74634
-15.74659
-15.74684
-15.74709
-15.74735
-15.74760
-15.74785
-15.74810
-15.74835
-15.74861
-15.74886
-15.74911
-15.74936
-15.74961
-15.74987
-15.75012
-15.75037
-15.75062
-15.75087
-15.75113
-15.75138
-15.75163
-15.75188
-15.75213
-15.75239
-15.75264
-15.75289
-15.75314
-15.75339
-15.75365
-15.75390
-15.75415
-15.75440
-15.75465
-15.75491
-15.75516
-15.75541
-15.75566
-15.75591
-15.75616
-15.75642
-15.75667
-15.75692
-15.75717
-15.75742
-15.75768
-15.75793
-15.75818
-15.75843
-15.75868
-15.75894
-15.75919
-15.75944
-15.75969
-15.75994
-15.76020
-15.76045
-15.76070
-15.76095
-15.76120
-15.76146
-15.76171
-15.76196
-15.76221
-15.76246
-15.76272
-15.76297
-15.76322
-15.76347
-15.76372
-15.76398
-15.76423
-15.76448
-15.76473
-15.76498
-15.76523
-15.76549
-15.76574
-15.76599
-15.76624
-15.76649
-15.76675
-15.76700
-15.76725
-15.76750
-15.76775
-15.76801
-15.76826
-15.76851
-15.76876
-15.76901
-15.76927
-15.76952
-15.76977
-15.77002
-15.77027
-15.77053
-15.77078
-15.77103
-15.77128
-15.77153
-15.77179
-15.77204
-15.77229
-15.77254
-15.77279
-15.77304
-15.77330
-15.77355
-15.77380
-15.77405
-15.77430
-15.77456
-15.77481
-15.77506
-15.77531
-15.77556
-15.77582
-15.77607
-15.77632
-15.77657
-15.77682
-15.77708
-15.77733
-15.77758
-15.77783
-15.77808
-15.77834
-15.77859
-15.77884
-15.77909
-15.77934
-15.77960
-15.77985
-15.78010
-15.78035
-15.78060
-15.78085
-15.78111
-15.78136
-15.78161
-15.78186
-15.78211
-15.78237
-15.78262
-15.78287
-15.78312
-15.78337
-15.78363
-15.78388
-15.78413
-15.78438
-15.78463
-15.78489
-15.78514
-15.78539
-15.78564
-15.78589
-15.78615
-15.78640
-15.78665
-15.78690
-15.78715
-15.78741
-15.78766
-15.78791
-15.78816
-15.78841
-15.78866
-15.78892
-15.78917
-15.78942
-15.78967
-15.78992
-15.79018
-15.79043
-15.79068
-15.79093
-15.79118
-15.79144
-15.79169
-15.79194
-15.79219
-15.79244
-15.79270
-15.79295
-15.79320
-15.79345
-15.79370
-15.79396
-15.79421
-15.79446
-15.79471
-15.79496
-15.79522
-15.79547
-15.79572
-15.79597
-15.79622
-15.79647
-15.79673
-15.79698
-15.79723
-15.79748
-15.79773
-15.79799
-15.79824
-15.79849
-15.79874
-15.79899
-15.79925
-15.79950
-15.79975
-15.80000
-15.80025
-15.80051
-15.80076
-15.80101
-15.80126
-15.80151
-15.80177
-15.80202
-15.80227
-15.80252
-15.80277
-15.80303
-15.80328
-15.80353
-15.80378
-15.80403
-15.80428
-15.80454
-15.80479
-15.80504
-15.80529
-15.80554
-15.80580
-15.80605
-15.80630
-15.80655
-15.80680
-15.80706
-15.80731
-15.80756
-15.80781
-15.80806
-15.80832
-15.80857
-15.80882
-15.80907
-15.80932
-15.80958
-15.80983
-15.81008
-15.81033
-15.81058
-15.81084
-15.81109
-15.81134
-15.81159
-15.81184
-15.81209
-15.81235
-15.81260
-15.81285
-15.81310
-15.81335
-15.81361
-15.81386
-15.81411
-15.81436
-15.81461
-15.81487
-15.81512
-15.81537
-15.81562
-15.81587
-15.81613
-15.81638
-15.81663
-15.81688
-15.81713
-15.81739
-15.81764
-15.81789
-15.81814
-15.81839
-15.81864
-15.81890
-15.81915
-15.81940
-15.81965
-15.81990
-15.82016
-15.82041
-15.82066
-15.82091
-15.82116
-15.82142
-15.82167
-15.82192
-15.82217
-15.82242
-15.82268
-15.82293
-15.82318
-15.82343
-15.82368
-15.82394
-15.82419
-15.82444
-15.82469
-15.82494
-15.82519
-15.82545
-15.82570
-15.82595
-15.82620
-15.82645
-15.82671
-15.82696
-15.82721
-15.82746
-15.82771
-15.82797
-15.82822
-15.82847
-15.82872
-15.82897
-15.82923
-15.82948
-15.82973
-15.82998
-15.83023
-15.83049
-15.83074
-15.83099
-15.83124
-15.83149
-15.83174
-15.83200
-15.83225
-15.83250
-15.83275
-15.83300
-15.83326
-15.83351
-15.83376
-15.83401
-15.83426
-15.83452
-15.83477
-15.83502
-15.83527
-15.83552
-15.83578
-15.83603
-15.83628
-15.83653
-15.83678
-15.83704
-15.83729
-15.83754
-15.83779
-15.83804
-15.83829
-15.83855
-15.83880
-15.83905
-15.83930
-15.83955
-15.83981
-15.84006
-15.84031
-15.84056
-15.84081
-15.84107
-15.84132
-15.84157
-15.84182
-15.84207
-15.84233
-15.84258
-15.84283
-15.84308
-15.84333
-15.84359
-15.84384
-15.84409
-15.84434
-15.84459
-15.84484
-15.84510
-15.84535
-15.84560
-15.84585
-15.84610
-15.84636
-15.84661
-15.84686
-15.84711
-15.84736
-15.84762
-15.84787
-15.84812
-15.84837
-15.84862
-15.84888
-15.84913
-15.84938
-15.84963
-15.84988
-15.85014
-15.85039
-15.85064
-15.85089
-15.85114
-15.85139
-15.85165
-15.85190
-15.85215
-15.85240
-15.85265
-15.85291
-15.85316
-15.85341
-15.85366
-15.85391
-15.85417
-15.85442
-15.85467
-15.85492
-15.85517
-15.85543
-15.85568
-15.85593
-15.85618
-15.85643
-15.85669
-15.85694
-15.85719
-15.85744
-15.85769
-15.85794
-15.85820
-15.85845
-15.85870
-15.85895
-15.85920
-15.85946
-15.85971
-15.85996
-15.86021
-15.86046
-15.86072
-15.86097
-15.86122
-15.86147
-15.86172
-15.86198
-15.86223
-15.86248
-15.86273
-15.86298
-15.86324
-15.86349
-15.86374
-15.86399
-15.86424
-15.86449
-15.86475
-15.86500
-15.86525
-15.86550
-15.86575
-15.86601
-15.86626
-15.86651
-15.86676
-15.86701
-15.86727
-15.86752
-15.86777
-15.86802
-15.86827
-15.86853
-15.86878
-15.86903
-15.86928
-15.86953
-15.86978
-15.87004
-15.87029
-15.87054
-15.87079
-15.87104
-15.87130
-15.87155
-15.87180
-15.87205
-15.87230
-15.87256
-15.87281
-15.87306
-15.87331
-15.87356
-15.87382
-15.87407
-15.87432
-15.87457
-15.87482
-15.87508
-15.87533
-15.87558
-15.87583
-15.87608
-15.87633
-15.87659
-15.87684
-15.87709
-15.87734
-15.87759
-15.87785
-15.87810
-15.87835
-15.87860
-15.87885
-15.87911
-15.87936
-15.87961
-15.87986
-15.88011
-15.88037
-15.88062
-15.88087
-15.88112
-15.88137
-15.88162
-15.88188
-15.88213
-15.88238
-15.88263
-15.88288
-15.88314
-15.88339
-15.88364
-15.88389
-15.88414
-15.88440
-15.88465
-15.88490
-15.88515
-15.88540
-15.88566
-15.88591
-15.88616
-15.88641
-15.88666
-15.88691
-15.88717
-15.88742
-15.88767
-15.88792
-15.88817
-15.88843
-15.88868
-15.88893
-15.88918
-15.88943
-15.88969
-15.88994
-15.89019
-15.89044
-15.89069
-15.89095
-15.89120
-15.89145
-15.89170
-15.89195
-15.89220
-15.89246
-15.89271
-15.89296
-15.89321
-15.89346
-15.89372
-15.89397
-15.89422
-15.89447
-15.89472
-15.89498
-15.89523
-15.89548
-15.89573
-15.89598
-15.89624
-15.89649
-15.89674
-15.89699
-15.89724
-15.89750
-15.89775
-15.89800
-15.89825
-15.89850
-15.89875
-15.89901
-15.89926
-15.89951
-15.89976
-15.90001
-15.90027
-15.90052
-15.90077
-15.90102
-15.90127
-15.90153
-15.90178
-15.90203
-15.90228
-15.90253
-15.90279
-15.90304
-15.90329
-15.90354
-15.90379
-15.90404
-15.90430
-15.90455
-15.90480
-15.90505
-15.90530
-15.90556
-15.90581
-15.90606
-15.90631
-15.90656
-15.90682
-15.90707
-15.90732
-15.90757
-15.90782
-15.90808
-15.90833
-15.90858
-15.90883
-15.90908
-15.90933
-15.90959
-15.90984
-15.91009
-15.91034
-15.91059
-15.91085
-15.91110
-15.91135
-15.91160
-15.91185
-15.91211
-15.91236
-15.91261
-15.91286
-15.91311
-15.91337
-15.91362
-15.91387
-15.91412
-15.91437
-15.91462
-15.91488
-15.91513
-15.91538
-15.91563
-15.91588
-15.91614
-15.91639
-15.91664
-15.91689
-15.91714
-15.91740
-15.91765
-15.91790
-15.91815
-15.91840
-15.91866
-15.91891
-15.91916
-15.91941
-15.91966
-15.91991
-15.92017
-15.92042
-15.92067
-15.92092
-15.92117
-15.92143
-15.92168
-15.92193
-15.92218
-15.92243
-15.92269
-15.92294
-15.92319
-15.92344
-15.92369
-15.92394
-15.92420
-15.92445
-15.92470
-15.92495
-15.92520
-15.92546
-15.92571
-15.92596
-15.92621
-15.92646
-15.92672
-15.92697
-15.92722
-15.92747
-15.92772
-15.92798
-15.92823
-15.92848
-15.92873
-15.92898
-15.92923
-15.92949
-15.92974
-15.92999
-15.93024
-15.93049
-15.93075
-15.93100
-15.93125
-15.93150
-15.93175
-15.93201
-15.93226
-15.93251
-15.93276
-15.93301
-15.93327
-15.93352
-15.93377
-15.93402
-15.93427
-15.93452
-15.93478
-15.93503
-15.93528
-15.93553
-15.93578
-15.93604
-15.93629
-15.93654
-15.93679
-15.93704
-15.93730
-15.93755
-15.93780
-15.93805
-15.93830
-15.93856
-15.93881
-15.93906
-15.93931
-15.93956
-15.93981
-15.94007
-15.94032
-15.94057
-15.94082
-15.94107
-15.94133
-15.94158
-15.94183
-15.94208
-15.94233
-15.94259
-15.94284
-15.94309
-15.94334
-15.94359
-15.94384
-15.94410
-15.94435
-15.94460
-15.94485
-15.94510
-15.94536
-15.94561
-15.94586
-15.94611
-15.94636
-15.94662
-15.94687
-15.94712
-15.94737
-15.94762
-15.94788
-15.94813
-15.94838
-15.94863
-15.94888
-15.94913
-15.94939
-15.94964
-15.94989
-15.95014
-15.95039
-15.95065
-15.95090
-15.95115
-15.95140
-15.95165
-15.95191
-15.95216
-15.95241
-15.95266
-15.95291
-15.95316
-15.95342
-15.95367
-15.95392
-15.95417
-15.95442
-15.95468
-15.95493
-15.95518
-15.95543
-15.95568
-15.95594
-15.95619
-15.95644
-15.95669
-15.95694
-15.95720
-15.95745
-15.95770
-15.95795
-15.95820
-15.95845
-15.95871
-15.95896
-15.95921
-15.95946
-15.95971
-15.95997
-15.96022
-15.96047
-15.96072
-15.96097
-15.96123
-15.96148
-15.96173
-15.96198
-15.96223
-15.96248
-15.96274
-15.96299
-15.96324
-15.96349
-15.96374
-15.96400
-15.96425
-15.96450
-15.96475
-15.96500
-15.96526
-15.96551
-15.96576
-15.96601
-15.96626
-15.96652
-15.96677
-15.96702
-15.96727
-15.96752
-15.96777
-15.96803
-15.96828
-15.96853
-15.96878
-15.96903
-15.96929
-15.96954
-15.96979
-15.97004
-15.97029
-15.97055
-15.97080
-15.97105
-15.97130
-15.97155
-15.97180
-15.97206
-15.97231
-15.97256
-15.97281
-15.97306
-15.97332
-15.97357
-15.97382
-15.97407
-15.97432
-15.97458
-15.97483
-15.97508
-15.97533
-15.97558
-15.97584
-15.97609
-15.97634
-15.97659
-15.97684
-15.97709
-15.97735
-15.97760
-15.97785
-15.97810
-15.97835
-15.97861
-15.97886
-15.97911
-15.97936
-15.97961
-15.97987
-15.98012
-15.98037
-15.98062
-15.98087
-15.98112
-15.98138
-15.98163
-15.98188
-15.98213
-15.98238
-15.98264
-15.98289
-15.98314
-15.98339
-15.98364
-15.98390
-15.98415
-15.98440
-15.98465
-15.98490
-15.98515
-15.98541
-15.98566
-15.98591
-15.98616
-15.98641
-15.98667
-15.98692
-15.98717
-15.98742
-15.98767
-15.98793
-15.98818
-15.98843
-15.98868
-15.98893
-15.98919
-15.98944
-15.98969
-15.98994
-15.99019
-15.99044
-15.99070
-15.99095
-15.99120
-15.99145
-15.99170
-15.99196
-15.99221
-15.99246
-15.99271
-15.99296
-15.99322
-15.99347
-15.99372
-15.99397
-15.99422
-15.99447
-15.99473
-15.99498
-15.99523
-15.99548
-15.99573
-15.99599
-15.99624
-15.99649
-15.99674
-15.99699
-15.99725
-15.99750
-15.99775
-15.99800
-15.99825
-15.99850
-15.99876
-15.99901
-15.99926
-15.99951
-15.99976
-16.00002
-16.00027
-16.00052
-16.00077
-16.00102
-16.00128
-16.00153
-16.00178
-16.00203
-16.00228
-16.00253
-16.00279
-16.00304
-16.00329
-16.00354
-16.00379
-16.00405
-16.00430
-16.00455
-16.00480
-16.00505
-16.00531
-16.00556
-16.00581
-16.00606
-16.00631
-16.00656
-16.00682
-16.00707
-16.00732
-16.00757
-16.00782
-16.00808
-16.00833
-16.00858
-16.00883
-16.00908
-16.00934
-16.00959
-16.00984
-16.01009
-16.01034
-16.01059
-16.01085
-16.01110
-16.01135
-16.01160
-16.01185
-16.01211
-16.01236
-16.01261
-16.01286
-16.01311
-16.01337
-16.01362
-16.01387
-16.01412
-16.01437
-16.01462
-16.01488
-16.01513
-16.01538
-16.01563
-16.01588
-16.01614
-16.01639
-16.01664
-16.01689
-16.01714
-16.01740
-16.01765
-16.01790
-16.01815
-16.01840
-16.01866
-16.01891
-16.01916
-16.01941
-16.01966
-16.01991
-16.02017
-16.02042
-16.02067
-16.02092
-16.02117
-16.02143
-16.02168
-16.02193
-16.02218
-16.02243
-16.02269
-16.02294
-16.02319
-16.02344
-16.02369
-16.02394
-16.02420
-16.02445
-16.02470
-16.02495
-16.02520
-16.02546
-16.02571
-16.02596
-16.02621
-16.02646
-16.02672
-16.02697
-16.02722
-16.02747
-16.02772
-16.02797
-16.02823
-16.02848
-16.02873
-16.02898
-16.02923
-16.02949
-16.02974
-16.02999
-16.03024
-16.03049
-16.03075
-16.03100
-16.03125
-16.03150
-16.03175
-16.03200
-16.03226
-16.03251
-16.03276
-16.03301
-16.03326
-16.03352
-16.03377
-16.03402
-16.03427
-16.03452
-16.03477
-16.03503
-16.03528
-16.03553
-16.03578
-16.03603
-16.03629
-16.03654
-16.03679
-16.03704
-16.03729
-16.03755
-16.03780
-16.03805
-16.03830
-16.03855
-16.03880
-16.03906
-16.03931
-16.03956
-16.03981
-16.04006
-16.04032
-16.04057
-16.04082
-16.04107
-16.04132
-16.04158
-16.04183
-16.04208
-16.04233
-16.04258
-16.04283
-16.04309
-16.04334
-16.04359
-16.04384
-16.04409
-16.04435
-16.04460
-16.04485
-16.04510
-16.04535
-16.04561
-16.04586
-16.04611
-16.04636
-16.04661
-16.04686
-16.04712
-16.04737
-16.04762
-16.04787
-16.04812
-16.04838
-16.04863
-16.04888
-16.04913
-16.04938
-16.04964
-16.04989
-16.05014
-16.05039
-16.05064
-16.05089
-16.05115
-16.05140
-16.05165
-16.05190
-16.05215
-16.05241
-16.05266
-16.05291
-16.05316
-16.05341
-16.05367
-16.05392
-16.05417
-16.05442
-16.05467
-16.05492
-16.05518
-16.05543
-16.05568
-16.05593
-16.05618
-16.05644
-16.05669
-16.05694
-16.05719
-16.05744
-16.05770
-16.05795
-16.05820
-16.05845
-16.05870
-16.05895
-16.05921
-16.05946
-16.05971
-16.05996
-16.06021
-16.06047
-16.06072
-16.06097
-16.06122
-16.06147
-16.06172
-16.06198
-16.06223
-16.06248
-16.06273
-16.06298
-16.06324
-16.06349
-16.06374
-16.06399
-16.06424
-16.06450
-16.06475
-16.06500
-16.06525
-16.06550
-16.06575
-16.06601
-16.06626
-16.06651
-16.06676
-16.06701
-16.06727
-16.06752
-16.06777
-16.06802
-16.06827
-16.06853
-16.06878
-16.06903
-16.06928
-16.06953
-16.06978
-16.07004
-16.07029
-16.07054
-16.07079
-16.07104
-16.07130
-16.07155
-16.07180
-16.07205
-16.07230
-16.07256
-16.07281
-16.07306
-16.07331
-16.07356
-16.07381
-16.07407
-16.07432
-16.07457
-16.07482
-16.07507
-16.07533
-16.07558
-16.07583
-16.07608
-16.07633
-16.07658
-16.07684
-16.07709
-16.07734
-16.07759
-16.07784
-16.07810
-16.07835
-16.07860
-16.07885
-16.07910
-16.07936
-16.07961
-16.07986
-16.08011
-16.08036
-16.08061
-16.08087
-16.08112
-16.08137
-16.08162
-16.08187
-16.08213
-16.08238
-16.08263
-16.08288
-16.08313
-16.08339
-16.08364
-16.08389
-16.08414
-16.08439
-16.08464
-16.08490
-16.08515
-16.08540
-16.08565
-16.08590
-16.08616
-16.08641
-16.08666
-16.08691
-16.08716
-16.08741
-16.08767
-16.08792
-16.08817
-16.08842
-16.08867
-16.08893
-16.08918
-16.08943
-16.08968
-16.08993
-16.09019
-16.09044
-16.09069
-16.09094
-16.09119
-16.09144
-16.09170
-16.09195
-16.09220
-16.09245
-16.09270
-16.09296
-16.09321
-16.09346
-16.09371
-16.09396
-16.09422
-16.09447
-16.09472
-16.09497
-16.09522
-16.09547
-16.09573
-16.09598
-16.09623
-16.09648
-16.09673
-16.09699
-16.09724
-16.09749
-16.09774
-16.09799
-16.09824
-16.09850
-16.09875
-16.09900
-16.09925
-16.09950
-16.09976
-16.10001
-16.10026
-16.10051
-16.10076
-16.10102
-16.10127
-16.10152
-16.10177
-16.10202
-16.10227
-16.10253
-16.10278
-16.10303
-16.10328
-16.10353
-16.10379
-16.10404
-16.10429
-16.10454
-16.10479
-16.10504
-16.10530
-16.10555
-16.10580
-16.10605
-16.10630
-16.10656
-16.10681
-16.10706
-16.10731
-16.10756
-16.10782
-16.10807
-16.10832
-16.10857
-16.10882
-16.10907
-16.10933
-16.10958
-16.10983
-16.11008
-16.11033
-16.11059
-16.11084
-16.11109
-16.11134
-16.11159
-16.11184
-16.11210
-16.11235
-16.11260
-16.11285
-16.11310
-16.11336
-16.11361
-16.11386
-16.11411
-16.11436
-16.11462
-16.11487
-16.11512
-16.11537
-16.11562
-16.11587
-16.11613
-16.11638
-16.11663
-16.11688
-16.11713
-16.11739
-16.11764
-16.11789
-16.11814
-16.11839
-16.11864
-16.11890
-16.11915
-16.11940
-16.11965
-16.11990
-16.12016
-16.12041
-16.12066
-16.12091
-16.12116
-16.12142
-16.12167
-16.12192
-16.12217
-16.12242
-16.12267
-16.12293
-16.12318
-16.12343
-16.12368
-16.12393
-16.12419
-16.12444
-16.12469
-16.12494
-16.12519
-16.12544
-16.12570
-16.12595
-16.12620
-16.12645
-16.12670
-16.12696
-16.12721
-16.12746
-16.12771
-16.12796
-16.12822
-16.12847
-16.12872
-16.12897
-16.12922
-16.12947
-16.12973
-16.12998
-16.13023
-16.13048
-16.13073
-16.13099
-16.13124
-16.13149
-16.13174
-16.13199
-16.13224
-16.13250
-16.13275
-16.13300
-16.13325
-16.13350
-16.13376
-16.13401
-16.13426
-16.13451
-16.13476
-16.13502
-16.13527
-16.13552
-16.13577
-16.13602
-16.13627
-16.13653
-16.13678
-16.13703
-16.13728
-16.13753
-16.13779
-16.13804
-16.13829
-16.13854
-16.13879
-16.13904
-16.13930
-16.13955
-16.13980
-16.14005
-16.14030
-16.14056
-16.14081
-16.14106
-16.14131
-16.14156
-16.14181
-16.14207
-16.14232
-16.14257
-16.14282
-16.14307
-16.14333
-16.14358
-16.14383
-16.14408
-16.14433
-16.14459
-16.14484
-16.14509
-16.14534
-16.14559
-16.14584
-16.14610
-16.14635
-16.14660
-16.14685
-16.14710
-16.14736
-16.14761
-16.14786
-16.14811
-16.14836
-16.14861
-16.14887
-16.14912
-16.14937
-16.14962
-16.14987
-16.15013
-16.15038
-16.15063
-16.15088
-16.15113
-16.15138
-16.15164
-16.15189
-16.15214
-16.15239
-16.15264
-16.15290
-16.15315
-16.15340
-16.15365
-16.15390
-16.15416
-16.15441
-16.15466
-16.15491
-16.15516
-16.15541
-16.15567
-16.15592
-16.15617
-16.15642
-16.15667
-16.15693
-16.15718
-16.15743
-16.15768
-16.15793
-16.15818
-16.15844
-16.15869
-16.15894
-16.15919
-16.15944
-16.15970
-16.15995
-16.16020
-16.16045
-16.16070
-16.16095
-16.16121
-16.16146
-16.16171
-16.16196
-16.16221
-16.16247
-16.16272
-16.16297
-16.16322
-16.16347
-16.16373
-16.16398
-16.16423
-16.16448
-16.16473
-16.16498
-16.16524
-16.16549
-16.16574
-16.16599
-16.16624
-16.16650
-16.16675
-16.16700
-16.16725
-16.16750
-16.16775
-16.16801
-16.16826
-16.16851
-16.16876
-16.16901
-16.16927
-16.16952
-16.16977
-16.17002
-16.17027
-16.17052
-16.17078
-16.17103
-16.17128
-16.17153
-16.17178
-16.17204
-16.17229
-16.17254
-16.17279
-16.17304
-16.17330
-16.17355
-16.17380
-16.17405
-16.17430
-16.17455
-16.17481
-16.17506
-16.17531
-16.17556
-16.17581
-16.17607
-16.17632
-16.17657
-16.17682
-16.17707
-16.17732
-16.17758
-16.17783
-16.17808
-16.17833
-16.17858
-16.17884
-16.17909
-16.17934
-16.17959
-16.17984
-16.18009
-16.18035
-16.18060
-16.18085
-16.18110
-16.18135
-16.18161
-16.18186
-16.18211
-16.18236
-16.18261
-16.18286
-16.18312
-16.18337
-16.18362
-16.18387
-16.18412
-16.18438
-16.18463
-16.18488
-16.18513
-16.18538
-16.18563
-16.18589
-16.18614
-16.18639
-16.18664
-16.18689
-16.18715
-16.18740
-16.18765
-16.18790
-16.18815
-16.18841
-16.18866
-16.18891
-16.18916
-16.18941
-16.18966
-16.18992
-16.19017
-16.19042
-16.19067
-16.19092
-16.19118
-16.19143
-16.19168
-16.19193
-16.19218
-16.19243
-16.19269
-16.19294
-16.19319
-16.19344
-16.19369
-16.19395
-16.19420
-16.19445
-16.19470
-16.19495
-16.19520
-16.19546
-16.19571
-16.19596
-16.19621
-16.19646
-16.19672
-16.19697
-16.19722
-16.19747
-16.19772
-16.19797
-16.19823
-16.19848
-16.19873
-16.19898
-16.19923
-16.19949
-16.19974
-16.19999
-16.20024
-16.20049
-16.20074
-16.20100
-16.20125
-16.20150
-16.20175
-16.20200
-16.20226
-16.20251
-16.20276
-16.20301
-16.20326
-16.20351
-16.20377
-16.20402
-16.20427
-16.20452
-16.20477
-16.20503
-16.20528
-16.20553
-16.20578
-16.20603
-16.20629
-16.20654
-16.20679
-16.20704
-16.20729
-16.20754
-16.20780
-16.20805
-16.20830
-16.20855
-16.20880
-16.20906
-16.20931
-16.20956
-16.20981
-16.21006
-16.21031
-16.21057
-16.21082
-16.21107
-16.21132
-16.21157
-16.21183
-16.21208
-16.21233
-16.21258
-16.21283
-16.21308
-16.21334
-16.21359
-16.21384
-16.21409
-16.21434
-16.21460
-16.21485
-16.21510
-16.21535
-16.21560
-16.21585
-16.21611
-16.21636
-16.21661
-16.21686
-16.21711
-16.21737
-16.21762
-16.21787
-16.21812
-16.21837
-16.21862
-16.21888
-16.21913
-16.21938
-16.21963
-16.21988
-16.22014
-16.22039
-16.22064
-16.22089
-16.22114
-16.22139
-16.22165
-16.22190
-16.22215
-16.22240
-16.22265
-16.22291
-16.22316
-16.22341
-16.22366
-16.22391
-16.22416
-16.22442
-16.22467
-16.22492
-16.22517
-16.22542
-16.22568
-16.22593
-16.22618
-16.22643
-16.22668
-16.22693
-16.22719
-16.22744
-16.22769
-16.22794
-16.22819
-16.22845
-16.22870
-16.22895
-16.22920
-16.22945
-16.22970
-16.22996
-16.23021
-16.23046
-16.23071
-16.23096
-16.23122
-16.23147
-16.23172
-16.23197
-16.23222
-16.23247
-16.23273
-16.23298
-16.23323
-16.23348
-16.23373
-16.23399
-16.23424
-16.23449
-16.23474
-16.23499
-16.23524
-16.23550
-16.23575
-16.23600
-16.23625
-16.23650
-16.23676
-16.23701
-16.23726
-16.23751
-16.23776
-16.23801
-16.23827
-16.23852
-16.23877
-16.23902
-16.23927
-16.23953
-16.23978
-16.24003
-16.24028
-16.24053
-16.24078
-16.24104
-16.24129
-16.24154
-16.24179
-16.24204
-16.24230
-16.24255
-16.24280
-16.24305
-16.24330
-16.24356
-16.24381
-16.24406
-16.24431
-16.24456
-16.24481
-16.24507
-16.24532
-16.24557
-16.24582
-16.24607
-16.24633
-16.24658
-16.24683
-16.24708
-16.24733
-16.24758
-16.24784
-16.24809
-16.24834
-16.24859
-16.24884
-16.24910
-16.24935
-16.24960
-16.24985
-16.25010
-16.25035
-16.25061
-16.25086
-16.25111
-16.25136
-16.25161
-16.25186
-16.25212
-16.25237
-16.25262
-16.25287
-16.25312
-16.25338
-16.25363
-16.25388
-16.25413
-16.25438
-16.25463
-16.25489
-16.25514
-16.25539
-16.25564
-16.25589
-16.25615
-16.25640
-16.25665
-16.25690
-16.25715
-16.25740
-16.25766
-16.25791
-16.25816
-16.25841
-16.25866
-16.25892
-16.25917
-16.25942
-16.25967
-16.25992
-16.26017
-16.26043
-16.26068
-16.26093
-16.26118
-16.26143
-16.26169
-16.26194
-16.26219
-16.26244
-16.26269
-16.26294
-16.26320
-16.26345
-16.26370
-16.26395
-16.26420
-16.26446
-16.26471
-16.26496
-16.26521
-16.26546
-16.26571
-16.26597
-16.26622
-16.26647
-16.26672
-16.26697
-16.26723
-16.26748
-16.26773
-16.26798
-16.26823
-16.26848
-16.26874
-16.26899
-16.26924
-16.26949
-16.26974
-16.27000
-16.27025
-16.27050
-16.27075
-16.27100
-16.27125
-16.27151
-16.27176
-16.27201
-16.27226
-16.27251
-16.27277
-16.27302
-16.27327
-16.27352
-16.27377
-16.27402
-16.27428
-16.27453
-16.27478
-16.27503
-16.27528
-16.27554
-16.27579
-16.27604
-16.27629
-16.27654
-16.27679
-16.27705
-16.27730
-16.27755
-16.27780
-16.27805
-16.27831
-16.27856
-16.27881
-16.27906
-16.27931
-16.27956
-16.27982
-16.28007
-16.28032
-16.28057
-16.28082
-16.28108
-16.28133
-16.28158
-16.28183
-16.28208
-16.28233
-16.28259
-16.28284
-16.28309
-16.28334
-16.28359
-16.28385
-16.28410
-16.28435
-16.28460
-16.28485
-16.28510
-16.28536
-16.28561
-16.28586
-16.28611
-16.28636
-16.28662
-16.28687
-16.28712
-16.28737
-16.28762
-16.28787
-16.28813
-16.28838
-16.28863
-16.28888
-16.28913
-16.28938
-16.28964
-16.28989
-16.29014
-16.29039
-16.29064
-16.29090
-16.29115
-16.29140
-16.29165
-16.29190
-16.29215
-16.29241
-16.29266
-16.29291
-16.29316
-16.29341
-16.29367
-16.29392
-16.29417
-16.29442
-16.29467
-16.29492
-16.29518
-16.29543
-16.29568
-16.29593
-16.29618
-16.29644
-16.29669
-16.29694
-16.29719
-16.29744
-16.29769
-16.29795
-16.29820
-16.29845
-16.29870
-16.29895
-16.29921
-16.29946
-16.29971
-16.29996
-16.30021
-16.30046
-16.30072
-16.30097
-16.30122
-16.30147
-16.30172
-16.30198
-16.30223
-16.30248
-16.30273
-16.30298
-16.30323
-16.30349
-16.30374
-16.30399
-16.30424
-16.30449
-16.30475
-16.30500
-16.30525
-16.30550
-16.30575
-16.30600
-16.30626
-16.30651
-16.30676
-16.30701
-16.30726
-16.30751
-16.30777
-16.30802
-16.30827
-16.30852
-16.30877
-16.30903
-16.30928
-16.30953
-16.30978
-16.31003
-16.31028
-16.31054
-16.31079
-16.31104
-16.31129
-16.31154
-16.31180
-16.31205
-16.31230
-16.31255
-16.31280
-16.31305
-16.31331
-16.31356
-16.31381
-16.31406
-16.31431
-16.31457
-16.31482
-16.31507
-16.31532
-16.31557
-16.31582
-16.31608
-16.31633
-16.31658
-16.31683
-16.31708
-16.31734
-16.31759
-16.31784
-16.31809
-16.31834
-16.31859
-16.31885
-16.31910
-16.31935
-16.31960
-16.31985
-16.32010
-16.32036
-16.32061
-16.32086
-16.32111
-16.32136
-16.32162
-16.32187
-16.32212
-16.32237
-16.32262
-16.32287
-16.32313
-16.32338
-16.32363
-16.32388
-16.32413
-16.32439
-16.32464
-16.32489
-16.32514
-16.32539
-16.32564
-16.32590
-16.32615
-16.32640
-16.32665
-16.32690
-16.32716
-16.32741
-16.32766
-16.32791
-16.32816
-16.32841
-16.32867
-16.32892
-16.32917
-16.32942
-16.32967
-16.32993
-16.33018
-16.33043
-16.33068
-16.33093
-16.33118
-16.33144
-16.33169
-16.33194
-16.33219
-16.33244
-16.33269
-16.33295
-16.33320
-16.33345
-16.33370
-16.33395
-16.33421
-16.33446
-16.33471
-16.33496
-16.33521
-16.33546
-16.33572
-16.33597
-16.33622
-16.33647
-16.33672
-16.33698
-16.33723
-16.33748
-16.33773
-16.33798
-16.33823
-16.33849
-16.33874
-16.33899
-16.33924
-16.33949
-16.33975
-16.34000
-16.34025
-16.34050
-16.34075
-16.34100
-16.34126
-16.34151
-16.34176
-16.34201
-16.34226
-16.34251
-16.34277
-16.34302
-16.34327
-16.34352
-16.34377
-16.34403
-16.34428
-16.34453
-16.34478
-16.34503
-16.34528
-16.34554
-16.34579
-16.34604
-16.34629
-16.34654
-16.34680
-16.34705
-16.34730
-16.34755
-16.34780
-16.34805
-16.34831
-16.34856
-16.34881
-16.34906
-16.34931
-16.34957
-16.34982
-16.35007
-16.35032
-16.35057
-16.35082
-16.35108
-16.35133
-16.35158
-16.35183
-16.35208
-16.35233
-16.35259
-16.35284
-16.35309
-16.35334
-16.35359
-16.35385
-16.35410
-16.35435
-16.35460
-16.35485
-16.35510
-16.35536
-16.35561
-16.35586
-16.35611
-16.35636
-16.35662
-16.35687
-16.35712
-16.35737
-16.35762
-16.35787
-16.35813
-16.35838
-16.35863
-16.35888
-16.35913
-16.35938
-16.35964
-16.35989
-16.36014
-16.36039
-16.36064
-16.36090
-16.36115
-16.36140
-16.36165
-16.36190
-16.36215
-16.36241
-16.36266
-16.36291
-16.36316
-16.36341
-16.36367
-16.36392
-16.36417
-16.36442
-16.36467
-16.36492
-16.36518
-16.36543
-16.36568
-16.36593
-16.36618
-16.36643
-16.36669
-16.36694
-16.36719
-16.36744
-16.36769
-16.36795
-16.36820
-16.36845
-16.36870
-16.36895
-16.36920
-16.36946
-16.36971
-16.36996
-16.37021
-16.37046
-16.37072
-16.37097
-16.37122
-16.37147
-16.37172
-16.37197
-16.37223
-16.37248
-16.37273
-16.37298
-16.37323
-16.37348
-16.37374
-16.37399
-16.37424
-16.37449
-16.37474
-16.37500
-16.37525
-16.37550
-16.37575
-16.37600
-16.37625
-16.37651
-16.37676
-16.37701
-16.37726
-16.37751
-16.37777
-16.37802
-16.37827
-16.37852
-16.37877
-16.37902
-16.37928
-16.37953
-16.37978
-16.38003
-16.38028
-16.38053
-16.38079
-16.38104
-16.38129
-16.38154
-16.38179
-16.38205
-16.38230
-16.38255
-16.38280
-16.38305
-16.38330
-16.38356
-16.38381
-16.38406
-16.38431
-16.38456
-16.38482
-16.38507
-16.38532
-16.38557
-16.38582
-16.38607
-16.38633
-16.38658
-16.38683
-16.38708
-16.38733
-16.38758
-16.38784
-16.38809
-16.38834
-16.38859
-16.38884
-16.38910
-16.38935
-16.38960
-16.38985
-16.39010
-16.39035
-16.39061
-16.39086
-16.39111
-16.39136
-16.39161
-16.39187
-16.39212
-16.39237
-16.39262
-16.39287
-16.39312
-16.39338
-16.39363
-16.39388
-16.39413
-16.39438
-16.39463
-16.39489
-16.39514
-16.39539
-16.39564
-16.39589
-16.39615
-16.39640
-16.39665
-16.39690
-16.39715
-16.39740
-16.39766
-16.39791
-16.39816
-16.39841
-16.39866
-16.39892
-16.39917
-16.39942
-16.39967
-16.39992
-16.40017
-16.40043
-16.40068
-16.40093
-16.40118
-16.40143
-16.40168
-16.40194
-16.40219
-16.40244
-16.40269
-16.40294
-16.40320
-16.40345
-16.40370
-16.40395
-16.40420
-16.40445
-16.40471
-16.40496
-16.40521
-16.40546
-16.40571
-16.40596
-16.40622
-16.40647
-16.40672
-16.40697
-16.40722
-16.40748
-16.40773
-16.40798
-16.40823
-16.40848
-16.40873
-16.40899
-16.40924
-16.40949
-16.40974
-16.40999
-16.41025
-16.41050
-16.41075
-16.41100
-16.41125
-16.41150
-16.41176
-16.41201
-16.41226
-16.41251
-16.41276
-16.41301
-16.41327
-16.41352
-16.41377
-16.41402
-16.41427
-16.41453
-16.41478
-16.41503
-16.41528
-16.41553
-16.41578
-16.41604
-16.41629
-16.41654
-16.41679
-16.41704
-16.41729
-16.41755
-16.41780
-16.41805
-16.41830
-16.41855
-16.41881
-16.41906
-16.41931
-16.41956
-16.41981
-16.42006
-16.42032
-16.42057
-16.42082
-16.42107
-16.42132
-16.42157
-16.42183
-16.42208
-16.42233
-16.42258
-16.42283
-16.42309
-16.42334
-16.42359
-16.42384
-16.42409
-16.42434
-16.42460
-16.42485
-16.42510
-16.42535
-16.42560
-16.42586
-16.42611
-16.42636
-16.42661
-16.42686
-16.42711
-16.42737
-16.42762
-16.42787
-16.42812
-16.42837
-16.42862
-16.42888
-16.42913
-16.42938
-16.42963
-16.42988
-16.43014
-16.43039
-16.43064
-16.43089
-16.43114
-16.43139
-16.43165
-16.43190
-16.43215
-16.43240
-16.43265
-16.43290
-16.43316
-16.43341
-16.43366
-16.43391
-16.43416
-16.43442
-16.43467
-16.43492
-16.43517
-16.43542
-16.43567
-16.43593
-16.43618
-16.43643
-16.43668
-16.43693
-16.43718
-16.43744
-16.43769
-16.43794
-16.43819
-16.43844
-16.43870
-16.43895
-16.43920
-16.43945
-16.43970
-16.43995
-16.44021
-16.44046
-16.44071
-16.44096
-16.44121
-16.44146
-16.44172
-16.44197
-16.44222
-16.44247
-16.44272
-16.44298
-16.44323
-16.44348
-16.44373
-16.44398
-16.44423
-16.44449
-16.44474
-16.44499
-16.44524
-16.44549
-16.44574
-16.44600
-16.44625
-16.44650
-16.44675
-16.44700
-16.44726
-16.44751
-16.44776
-16.44801
-16.44826
-16.44851
-16.44877
-16.44902
-16.44927
-16.44952
-16.44977
-16.45002
-16.45028
-16.45053
-16.45078
-16.45103
-16.45128
-16.45154
-16.45179
-16.45204
-16.45229
-16.45254
-16.45279
-16.45305
-16.45330
-16.45355
-16.45380
-16.45405
-16.45430
-16.45456
-16.45481
-16.45506
-16.45531
-16.45556
-16.45582
-16.45607
-16.45632
-16.45657
-16.45682
-16.45707
-16.45733
-16.45758
-16.45783
-16.45808
-16.45833
-16.45858
-16.45884
-16.45909
-16.45934
-16.45959
-16.45984
-16.46010
-16.46035
-16.46060
-16.46085
-16.46110
-16.46135
-16.46161
-16.46186
-16.46211
-16.46236
-16.46261
-16.46286
-16.46312
-16.46337
-16.46362
-16.46387
-16.46412
-16.46438
-16.46463
-16.46488
-16.46513
-16.46538
-16.46563
-16.46589
-16.46614
-16.46639
-16.46664
-16.46689
-16.46714
-16.46740
-16.46765
-16.46790
-16.46815
-16.46840
-16.46866
-16.46891
-16.46916
-16.46941
-16.46966
-16.46991
-16.47017
-16.47042
-16.47067
-16.47092
-16.47117
-16.47142
-16.47168
-16.47193
-16.47218
-16.47243
-16.47268
-16.47294
-16.47319
-16.47344
-16.47369
-16.47394
-16.47419
-16.47445
-16.47470
-16.47495
-16.47520
-16.47545
-16.47570
-16.47596
-16.47621
-16.47646
-16.47671
-16.47696
-16.47722
-16.47747
-16.47772
-16.47797
-16.47822
-16.47847
-16.47873
-16.47898
-16.47923
-16.47948
-16.47973
-16.47998
-16.48024
-16.48049
-16.48074
-16.48099
-16.48124
-16.48150
-16.48175
-16.48200
-16.48225
-16.48250
-16.48275
-16.48301
-16.48326
-16.48351
-16.48376
-16.48401
-16.48426
-16.48452
-16.48477
-16.48502
-16.48527
-16.48552
-16.48578
-16.48603
-16.48628
-16.48653
-16.48678
-16.48703
-16.48729
-16.48754
-16.48779
-16.48804
-16.48829
-16.48854
-16.48880
-16.48905
-16.48930
-16.48955
-16.48980
-16.49005
-16.49031
-16.49056
-16.49081
-16.49106
-16.49131
-16.49157
-16.49182
-16.49207
-16.49232
-16.49257
-16.49282
-16.49308
-16.49333
-16.49358
-16.49383
-16.49408
-16.49433
-16.49459
-16.49484
-16.49509
-16.49534
-16.49559
-16.49585
-16.49610
-16.49635
-16.49660
-16.49685
-16.49710
-16.49736
-16.49761
-16.49786
-16.49811
-16.49836
-16.49861
-16.49887
-16.49912
-16.49937
-16.49962
-16.49987
-16.50013
-16.50038
-16.50063
-16.50088
-16.50113
-16.50138
-16.50164
-16.50189
-16.50214
-16.50239
-16.50264
-16.50289
-16.50315
-16.50340
-16.50365
-16.50390
-16.50415
-16.50440
-16.50466
-16.50491
-16.50516
-16.50541
-16.50566
-16.50592
-16.50617
-16.50642
-16.50667
-16.50692
-16.50717
-16.50743
-16.50768
-16.50793
-16.50818
-16.50843
-16.50868
-16.50894
-16.50919
-16.50944
-16.50969
-16.50994
-16.51020
-16.51045
-16.51070
-16.51095
-16.51120
-16.51145
-16.51171
-16.51196
-16.51221
-16.51246
-16.51271
-16.51296
-16.51322
-16.51347
-16.51372
-16.51397
-16.51422
-16.51447
-16.51473
-16.51498
-16.51523
-16.51548
-16.51573
-16.51599
-16.51624
-16.51649
-16.51674
-16.51699
-16.51724
-16.51750
-16.51775
-16.51800
-16.51825
-16.51850
-16.51875
-16.51901
-16.51926
-16.51951
-16.51976
-16.52001
-16.52027
-16.52052
-16.52077
-16.52102
-16.52127
-16.52152
-16.52178
-16.52203
-16.52228
-16.52253
-16.52278
-16.52303
-16.52329
-16.52354
-16.52379
-16.52404
-16.52429
-16.52454
-16.52480
-16.52505
-16.52530
-16.52555
-16.52580
-16.52606
-16.52631
-16.52656
-16.52681
-16.52706
-16.52731
-16.52757
-16.52782
-16.52807
-16.52832
-16.52857
-16.52882
-16.52908
-16.52933
-16.52958
-16.52983
-16.53008
-16.53033
-16.53059
-16.53084
-16.53109
-16.53134
-16.53159
-16.53185
-16.53210
-16.53235
-16.53260
-16.53285
-16.53310
-16.53336
-16.53361
-16.53386
-16.53411
-16.53436
-16.53461
-16.53487
-16.53512
-16.53537
-16.53562
-16.53587
-16.53613
-16.53638
-16.53663
-16.53688
-16.53713
-16.53738
-16.53764
-16.53789
-16.53814
-16.53839
-16.53864
-16.53889
-16.53915
-16.53940
-16.53965
-16.53990
-16.54015
-16.54040
-16.54066
-16.54091
-16.54116
-16.54141
-16.54166
-16.54192
-16.54217
-16.54242
-16.54267
-16.54292
-16.54317
-16.54343
-16.54368
-16.54393
-16.54418
-16.54443
-16.54468
-16.54494
-16.54519
-16.54544
-16.54569
-16.54594
-16.54619
-16.54645
-16.54670
-16.54695
-16.54720
-16.54745
-16.54771
-16.54796
-16.54821
-16.54846
-16.54871
-16.54896
-16.54922
-16.54947
-16.54972
-16.54997
-16.55022
-16.55047
-16.55073
-16.55098
-16.55123
-16.55148
-16.55173
-16.55198
-16.55224
-16.55249
-16.55274
-16.55299
-16.55324
-16.55350
-16.55375
-16.55400
-16.55425
-16.55450
-16.55475
-16.55501
-16.55526
-16.55551
-16.55576
-16.55601
-16.55626
-16.55652
-16.55677
-16.55702
-16.55727
-16.55752
-16.55777
-16.55803
-16.55828
-16.55853
-16.55878
-16.55903
-16.55929
-16.55954
-16.55979
-16.56004
-16.56029
-16.56054
-16.56080
-16.56105
-16.56130
-16.56155
-16.56180
-16.56205
-16.56231
-16.56256
-16.56281
-16.56306
-16.56331
-16.56356
-16.56382
-16.56407
-16.56432
-16.56457
-16.56482
-16.56508
-16.56533
-16.56558
-16.56583
-16.56608
-16.56633
-16.56659
-16.56684
-16.56709
-16.56734
-16.56759
-16.56784
-16.56810
-16.56835
-16.56860
-16.56885
-16.56910
-16.56935
-16.56961
-16.56986
-16.57011
-16.57036
-16.57061
-16.57087
-16.57112
-16.57137
-16.57162
-16.57187
-16.57212
-16.57238
-16.57263
-16.57288
-16.57313
-16.57338
-16.57363
-16.57389
-16.57414
-16.57439
-16.57464
-16.57489
-16.57514
-16.57540
-16.57565
-16.57590
-16.57615
-16.57640
-16.57666
-16.57691
-16.57716
-16.57741
-16.57766
-16.57791
-16.57817
-16.57842
-16.57867
-16.57892
-16.57917
-16.57942
-16.57968
-16.57993
-16.58018
-16.58043
-16.58068
-16.58093
-16.58119
-16.58144
-16.58169
-16.58194
-16.58219
-16.58244
-16.58270
-16.58295
-16.58320
-16.58345
-16.58370
-16.58396
-16.58421
-16.58446
-16.58471
-16.58496
-16.58521
-16.58547
-16.58572
-16.58597
-16.58622
-16.58647
-16.58672
-16.58698
-16.58723
-16.58748
-16.58773
-16.58798
-16.58823
-16.58849
-16.58874
-16.58899
-16.58924
-16.58949
-16.58975
-16.59000
-16.59025
-16.59050
-16.59075
-16.59100
-16.59126
-16.59151
-16.59176
-16.59201
-16.59226
-16.59251
-16.59277
-16.59302
-16.59327
-16.59352
-16.59377
-16.59402
-16.59428
-16.59453
-16.59478
-16.59503
-16.59528
-16.59553
-16.59579
-16.59604
-16.59629
-16.59654
-16.59679
-16.59705
-16.59730
-16.59755
-16.59780
-16.59805
-16.59830
-16.59856
-16.59881
-16.59906
-16.59931
-16.59956
-16.59981
-16.60007
-16.60032
-16.60057
-16.60082
-16.60107
-16.60132
-16.60158
-16.60183
-16.60208
-16.60233
-16.60258
-16.60284
-16.60309
-16.60334
-16.60359
-16.60384
-16.60409
-16.60435
-16.60460
-16.60485
-16.60510
-16.60535
-16.60560
-16.60586
-16.60611
-16.60636
-16.60661
-16.60686
-16.60711
-16.60737
-16.60762
-16.60787
-16.60812
-16.60837
-16.60862
-16.60888
-16.60913
-16.60938
-16.60963
-16.60988
-16.61014
-16.61039
-16.61064
-16.61089
-16.61114
-16.61139
-16.61165
-16.61190
-16.61215
-16.61240
-16.61265
-16.61290
-16.61316
-16.61341
-16.61366
-16.61391
-16.61416
-16.61441
-16.61467
-16.61492
-16.61517
-16.61542
-16.61567
-16.61592
-16.61618
-16.61643
-16.61668
-16.61693
-16.61718
-16.61744
-16.61769
-16.61794
-16.61819
-16.61844
-16.61869
-16.61895
-16.61920
-16.61945
-16.61970
-16.61995
-16.62020
-16.62046
-16.62071
-16.62096
-16.62121
-16.62146
-16.62171
-16.62197
-16.62222
-16.62247
-16.62272
-16.62297
-16.62322
-16.62348
-16.62373
-16.62398
-16.62423
-16.62448
-16.62474
-16.62499
-16.62524
-16.62549
-16.62574
-16.62599
-16.62625
-16.62650
-16.62675
-16.62700
-16.62725
-16.62750
-16.62776
-16.62801
-16.62826
-16.62851
-16.62876
-16.62901
-16.62927
-16.62952
-16.62977
-16.63002
-16.63027
-16.63052
-16.63078
-16.63103
-16.63128
-16.63153
-16.63178
-16.63203
-16.63229
-16.63254
-16.63279
-16.63304
-16.63329
-16.63355
-16.63380
-16.63405
-16.63430
-16.63455
-16.63480
-16.63506
-16.63531
-16.63556
-16.63581
-16.63606
-16.63631
-16.63657
-16.63682
-16.63707
-16.63732
-16.63757
-16.63782
-16.63808
-16.63833
-16.63858
-16.63883
-16.63908
-16.63933
-16.63959
-16.63984
-16.64009
-16.64034
-16.64059
-16.64085
-16.64110
-16.64135
-16.64160
-16.64185
-16.64210
-16.64236
-16.64261
-16.64286
-16.64311
-16.64336
-16.64361
-16.64387
-16.64412
-16.64437
-16.64462
-16.64487
-16.64512
-16.64538
-16.64563
-16.64588
-16.64613
-16.64638
-16.64663
-16.64689
-16.64714
-16.64739
-16.64764
-16.64789
-16.64814
-16.64840
-16.64865
-16.64890
-16.64915
-16.64940
-16.64966
-16.64991
-16.65016
-16.65041
-16.65066
-16.65091
-16.65117
-16.65142
-16.65167
-16.65192
-16.65217
-16.65242
-16.65268
-16.65293
-16.65318
-16.65343
-16.65368
-16.65393
-16.65419
-16.65444
-16.65469
-16.65494
-16.65519
-16.65544
-16.65570
-16.65595
-16.65620
-16.65645
-16.65670
-16.65695
-16.65721
-16.65746
-16.65771
-16.65796
-16.65821
-16.65847
-16.65872
-16.65897
-16.65922
-16.65947
-16.65972
-16.65998
-16.66023
-16.66048
-16.66073
-16.66098
-16.66123
-16.66149
-16.66174
-16.66199
-16.66224
-16.66249
-16.66274
-16.66300
-16.66325
-16.66350
-16.66375
-16.66400
-16.66425
-16.66451
-16.66476
-16.66501
-16.66526
-16.66551
-16.66576
-16.66602
-16.66627
-16.66652
-16.66677
-16.66702
-16.66728
-16.66753
-16.66778
-16.66803
-16.66828
-16.66853
-16.66879
-16.66904
-16.66929
-16.66954
-16.66979
-16.67004
-16.67030
-16.67055
-16.67080
-16.67105
-16.67130
-16.67155
-16.67181
-16.67206
-16.67231
-16.67256
-16.67281
-16.67306
-16.67332
-16.67357
-16.67382
-16.67407
-16.67432
-16.67457
-16.67483
-16.67508
-16.67533
-16.67558
-16.67583
-16.67608
-16.67634
-16.67659
-16.67684
-16.67709
-16.67734
-16.67760
-16.67785
-16.67810
-16.67835
-16.67860
-16.67885
-16.67911
-16.67936
-16.67961
-16.67986
-16.68011
-16.68036
-16.68062
-16.68087
-16.68112
-16.68137
-16.68162
-16.68187
-16.68213
-16.68238
-16.68263
-16.68288
-16.68313
-16.68338
-16.68364
-16.68389
-16.68414
-16.68439
-16.68464
-16.68489
-16.68515
-16.68540
-16.68565
-16.68590
-16.68615
-16.68640
-16.68666
-16.68691
-16.68716
-16.68741
-16.68766
-16.68792
-16.68817
-16.68842
-16.68867
-16.68892
-16.68917
-16.68943
-16.68968
-16.68993
-16.69018
-16.69043
-16.69068
-16.69094
-16.69119
-16.69144
-16.69169
-16.69194
-16.69219
-16.69245
-16.69270
-16.69295
-16.69320
-16.69345
-16.69370
-16.69396
-16.69421
-16.69446
-16.69471
-16.69496
-16.69521
-16.69547
-16.69572
-16.69597
-16.69622
-16.69647
-16.69672
-16.69698
-16.69723
-16.69748
-16.69773
-16.69798
-16.69823
-16.69849
-16.69874
-16.69899
-16.69924
-16.69949
-16.69975
-16.70000
-16.70025
-16.70050
-16.70075
-16.70100
-16.70126
-16.70151
-16.70176
-16.70201
-16.70226
-16.70251
-16.70277
-16.70302
-16.70327
-16.70352
-16.70377
-16.70402
-16.70428
-16.70453
-16.70478
-16.70503
-16.70528
-16.70553
-16.70579
-16.70604
-16.70629
-16.70654
-16.70679
-16.70704
-16.70730
-16.70755
-16.70780
-16.70805
-16.70830
-16.70855
-16.70881
-16.70906
-16.70931
-16.70956
-16.70981
-16.71006
-16.71032
-16.71057
-16.71082
-16.71107
-16.71132
-16.71158
-16.71183
-16.71208
-16.71233
-16.71258
-16.71283
-16.71309
-16.71334
-16.71359
-16.71384
-16.71409
-16.71434
-16.71460
-16.71485
-16.71510
-16.71535
-16.71560
-16.71585
-16.71611
-16.71636
-16.71661
-16.71686
-16.71711
-16.71736
-16.71762
-16.71787
-16.71812
-16.71837
-16.71862
-16.71887
-16.71913
-16.71938
-16.71963
-16.71988
-16.72013
-16.72038
-16.72064
-16.72089
-16.72114
-16.72139
-16.72164
-16.72189
-16.72215
-16.72240
-16.72265
-16.72290
-16.72315
-16.72340
-16.72366
-16.72391
-16.72416
-16.72441
-16.72466
-16.72492
-16.72517
-16.72542
-16.72567
-16.72592
-16.72617
-16.72643
-16.72668
-16.72693
-16.72718
-16.72743
-16.72768
-16.72794
-16.72819
-16.72844
-16.72869
-16.72894
-16.72919
-16.72945
-16.72970
-16.72995
-16.73020
-16.73045
-16.73070
-16.73096
-16.73121
-16.73146
-16.73171
-16.73196
-16.73221
-16.73247
-16.73272
-16.73297
-16.73322
-16.73347
-16.73372
-16.73398
-16.73423
-16.73448
-16.73473
-16.73498
-16.73523
-16.73549
-16.73574
-16.73599
-16.73624
-16.73649
-16.73674
-16.73700
-16.73725
-16.73750
-16.73775
-16.73800
-16.73825
-16.73851
-16.73876
-16.73901
-16.73926
-16.73951
-16.73977
-16.74002
-16.74027
-16.74052
-16.74077
-16.74102
-16.74128
-16.74153
-16.74178
-16.74203
-16.74228
-16.74253
-16.74279
-16.74304
-16.74329
-16.74354
-16.74379
-16.74404
-16.74430
-16.74455
-16.74480
-16.74505
-16.74530
-16.74555
-16.74581
-16.74606
-16.74631
-16.74656
-16.74681
-16.74706
-16.74732
-16.74757
-16.74782
-16.74807
-16.74832
-16.74857
-16.74883
-16.74908
-16.74933
-16.74958
-16.74983
-16.75008
-16.75034
-16.75059
-16.75084
-16.75109
-16.75134
-16.75159
-16.75185
-16.75210
-16.75235
-16.75260
-16.75285
-16.75310
-16.75336
-16.75361
-16.75386
-16.75411
-16.75436
-16.75461
-16.75487
-16.75512
-16.75537
-16.75562
-16.75587
-16.75612
-16.75638
-16.75663
-16.75688
-16.75713
-16.75738
-16.75763
-16.75789
-16.75814
-16.75839
-16.75864
-16.75889
-16.75915
-16.75940
-16.75965
-16.75990
-16.76015
-16.76040
-16.76066
-16.76091
-16.76116
-16.76141
-16.76166
-16.76191
-16.76217
-16.76242
-16.76267
-16.76292
-16.76317
-16.76342
-16.76368
-16.76393
-16.76418
-16.76443
-16.76468
-16.76493
-16.76519
-16.76544
-16.76569
-16.76594
-16.76619
-16.76644
-16.76670
-16.76695
-16.76720
-16.76745
-16.76770
-16.76795
-16.76821
-16.76846
-16.76871
-16.76896
-16.76921
-16.76946
-16.76972
-16.76997
-16.77022
-16.77047
-16.77072
-16.77097
-16.77123
-16.77148
-16.77173
-16.77198
-16.77223
-16.77248
-16.77274
-16.77299
-16.77324
-16.77349
-16.77374
-16.77399
-16.77425
-16.77450
-16.77475
-16.77500
-16.77525
-16.77550
-16.77576
-16.77601
-16.77626
-16.77651
-16.77676
-16.77701
-16.77727
-16.77752
-16.77777
-16.77802
-16.77827
-16.77852
-16.77878
-16.77903
-16.77928
-16.77953
-16.77978
-16.78003
-16.78029
-16.78054
-16.78079
-16.78104
-16.78129
-16.78154
-16.78180
-16.78205
-16.78230
-16.78255
-16.78280
-16.78306
-16.78331
-16.78356
-16.78381
-16.78406
-16.78431
-16.78457
-16.78482
-16.78507
-16.78532
-16.78557
-16.78582
-16.78608
-16.78633
-16.78658
-16.78683
-16.78708
-16.78733
-16.78759
-16.78784
-16.78809
-16.78834
-16.78859
-16.78884
-16.78910
-16.78935
-16.78960
-16.78985
-16.79010
-16.79035
-16.79061
-16.79086
-16.79111
-16.79136
-16.79161
-16.79186
-16.79212
-16.79237
-16.79262
-16.79287
-16.79312
-16.79337
-16.79363
-16.79388
-16.79413
-16.79438
-16.79463
-16.79488
-16.79514
-16.79539
-16.79564
-16.79589
-16.79614
-16.79639
-16.79665
-16.79690
-16.79715
-16.79740
-16.79765
-16.79790
-16.79816
-16.79841
-16.79866
-16.79891
-16.79916
-16.79941
-16.79967
-16.79992
-16.80017
-16.80042
-16.80067
-16.80092
-16.80118
-16.80143
-16.80168
-16.80193
-16.80218
-16.80243
-16.80269
-16.80294
-16.80319
-16.80344
-16.80369
-16.80394
-16.80420
-16.80445
-16.80470
-16.80495
-16.80520
-16.80545
-16.80571
-16.80596
-16.80621
-16.80646
-16.80671
-16.80696
-16.80722
-16.80747
-16.80772
-16.80797
-16.80822
-16.80847
-16.80873
-16.80898
-16.80923
-16.80948
-16.80973
-16.80998
-16.81024
-16.81049
-16.81074
-16.81099
-16.81124
-16.81149
-16.81175
-16.81200
-16.81225
-16.81250
-16.81275
-16.81300
-16.81326
-16.81351
-16.81376
-16.81401
-16.81426
-16.81451
-16.81477
-16.81502
-16.81527
-16.81552
-16.81577
-16.81602
-16.81628
-16.81653
-16.81678
-16.81703
-16.81728
-16.81753
-16.81779
-16.81804
-16.81829
-16.81854
-16.81879
-16.81904
-16.81930
-16.81955
-16.81980
-16.82005
-16.82030
-16.82055
-16.82081
-16.82106
-16.82131
-16.82156
-16.82181
-16.82206
-16.82232
-16.82257
-16.82282
-16.82307
-16.82332
-16.82357
-16.82383
-16.82408
-16.82433
-16.82458
-16.82483
-16.82508
-16.82534
-16.82559
-16.82584
-16.82609
-16.82634
-16.82659
-16.82685
-16.82710
-16.82735
-16.82760
-16.82785
-16.82810
-16.82836
-16.82861
-16.82886
-16.82911
-16.82936
-16.82961
-16.82987
-16.83012
-16.83037
-16.83062
-16.83087
-16.83112
-16.83138
-16.83163
-16.83188
-16.83213
-16.83238
-16.83263
-16.83289
-16.83314
-16.83339
-16.83364
-16.83389
-16.83414
-16.83440
-16.83465
-16.83490
-16.83515
-16.83540
-16.83565
-16.83591
-16.83616
-16.83641
-16.83666
-16.83691
-16.83716
-16.83742
-16.83767
-16.83792
-16.83817
-16.83842
-16.83867
-16.83893
-16.83918
-16.83943
-16.83968
-16.83993
-16.84018
-16.84044
-16.84069
-16.84094
-16.84119
-16.84144
-16.84169
-16.84195
-16.84220
-16.84245
-16.84270
-16.84295
-16.84320
-16.84346
-16.84371
-16.84396
-16.84421
-16.84446
-16.84471
-16.84497
-16.84522
-16.84547
-16.84572
-16.84597
-16.84622
-16.84648
-16.84673
-16.84698
-16.84723
-16.84748
-16.84773
-16.84799
-16.84824
-16.84849
-16.84874
-16.84899
-16.84924
-16.84950
-16.84975
-16.85000
-16.85025
-16.85050
-16.85075
-16.85101
-16.85126
-16.85151
-16.85176
-16.85201
-16.85226
-16.85252
-16.85277
-16.85302
-16.85327
-16.85352
-16.85377
-16.85403
-16.85428
-16.85453
-16.85478
-16.85503
-16.85528
-16.85554
-16.85579
-16.85604
-16.85629
-16.85654
-16.85679
-16.85705
-16.85730
-16.85755
-16.85780
-16.85805
-16.85830
-16.85856
-16.85881
-16.85906
-16.85931
-16.85956
-16.85981
-16.86007
-16.86032
-16.86057
-16.86082
-16.86107
-16.86132
-16.86158
-16.86183
-16.86208
-16.86233
-16.86258
-16.86283
-16.86309
-16.86334
-16.86359
-16.86384
-16.86409
-16.86434
-16.86460
-16.86485
-16.86510
-16.86535
-16.86560
-16.86585
-16.86611
-16.86636
-16.86661
-16.86686
-16.86711
-16.86736
-16.86762
-16.86787
-16.86812
-16.86837
-16.86862
-16.86887
-16.86913
-16.86938
-16.86963
-16.86988
-16.87013
-16.87038
-16.87064
-16.87089
-16.87114
-16.87139
-16.87164
-16.87189
-16.87215
-16.87240
-16.87265
-16.87290
-16.87315
-16.87340
-16.87366
-16.87391
-16.87416
-16.87441
-16.87466
-16.87491
-16.87517
-16.87542
-16.87567
-16.87592
-16.87617
-16.87642
-16.87668
-16.87693
-16.87718
-16.87743
-16.87768
-16.87793
-16.87819
-16.87844
-16.87869
-16.87894
-16.87919
-16.87944
-16.87970
-16.87995
-16.88020
-16.88045
-16.88070
-16.88095
-16.88121
-16.88146
-16.88171
-16.88196
-16.88221
-16.88246
-16.88272
-16.88297
-16.88322
-16.88347
-16.88372
-16.88397
-16.88423
-16.88448
-16.88473
-16.88498
-16.88523
-16.88548
-16.88574
-16.88599
-16.88624
-16.88649
-16.88674
-16.88699
-16.88725
-16.88750
-16.88775
-16.88800
-16.88825
-16.88850
-16.88876
-16.88901
-16.88926
-16.88951
-16.88976
-16.89001
-16.89027
-16.89052
-16.89077
-16.89102
-16.89127
-16.89152
-16.89178
-16.89203
-16.89228
-16.89253
-16.89278
-16.89303
-16.89329
-16.89354
-16.89379
-16.89404
-16.89429
-16.89454
-16.89480
-16.89505
-16.89530
-16.89555
-16.89580
-16.89605
-16.89630
-16.89656
-16.89681
-16.89706
-16.89731
-16.89756
-16.89781
-16.89807
-16.89832
-16.89857
-16.89882
-16.89907
-16.89932
-16.89958
-16.89983
-16.90008
-16.90033
-16.90058
-16.90083
-16.90109
-16.90134
-16.90159
-16.90184
-16.90209
-16.90234
-16.90260
-16.90285
-16.90310
-16.90335
-16.90360
-16.90385
-16.90411
-16.90436
-16.90461
-16.90486
-16.90511
-16.90536
-16.90562
-16.90587
-16.90612
-16.90637
-16.90662
-16.90687
-16.90713
-16.90738
-16.90763
-16.90788
-16.90813
-16.90838
-16.90864
-16.90889
-16.90914
-16.90939
-16.90964
-16.90989
-16.91015
-16.91040
-16.91065
-16.91090
-16.91115
-16.91140
-16.91166
-16.91191
-16.91216
-16.91241
-16.91266
-16.91291
-16.91317
-16.91342
-16.91367
-16.91392
-16.91417
-16.91442
-16.91468
-16.91493
-16.91518
-16.91543
-16.91568
-16.91593
-16.91619
-16.91644
-16.91669
-16.91694
-16.91719
-16.91744
-16.91770
-16.91795
-16.91820
-16.91845
-16.91870
-16.91895
-16.91921
-16.91946
-16.91971
-16.91996
-16.92021
-16.92046
-16.92071
-16.92097
-16.92122
-16.92147
-16.92172
-16.92197
-16.92222
-16.92248
-16.92273
-16.92298
-16.92323
-16.92348
-16.92373
-16.92399
-16.92424
-16.92449
-16.92474
-16.92499
-16.92524
-16.92550
-16.92575
-16.92600
-16.92625
-16.92650
-16.92675
-16.92701
-16.92726
-16.92751
-16.92776
-16.92801
-16.92826
-16.92852
-16.92877
-16.92902
-16.92927
-16.92952
-16.92977
-16.93003
-16.93028
-16.93053
-16.93078
-16.93103
-16.93128
-16.93154
-16.93179
-16.93204
-16.93229
-16.93254
-16.93279
-16.93305
-16.93330
-16.93355
-16.93380
-16.93405
-16.93430
-16.93456
-16.93481
-16.93506
-16.93531
-16.93556
-16.93581
-16.93607
-16.93632
-16.93657
-16.93682
-16.93707
-16.93732
-16.93757
-16.93783
-16.93808
-16.93833
-16.93858
-16.93883
-16.93908
-16.93934
-16.93959
-16.93984
-16.94009
-16.94034
-16.94059
-16.94085
-16.94110
-16.94135
-16.94160
-16.94185
-16.94210
-16.94236
-16.94261
-16.94286
-16.94311
-16.94336
-16.94361
-16.94387
-16.94412
-16.94437
-16.94462
-16.94487
-16.94512
-16.94538
-16.94563
-16.94588
-16.94613
-16.94638
-16.94663
-16.94689
-16.94714
-16.94739
-16.94764
-16.94789
-16.94814
-16.94840
-16.94865
-16.94890
-16.94915
-16.94940
-16.94965
-16.94991
-16.95016
-16.95041
-16.95066
-16.95091
-16.95116
-16.95142
-16.95167
-16.95192
-16.95217
-16.95242
-16.95267
-16.95293
-16.95318
-16.95343
-16.95368
-16.95393
-16.95418
-16.95443
-16.95469
-16.95494
-16.95519
-16.95544
-16.95569
-16.95594
-16.95620
-16.95645
-16.95670
-16.95695
-16.95720
-16.95745
-16.95771
-16.95796
-16.95821
-16.95846
-16.95871
-16.95896
-16.95922
-16.95947
-16.95972
-16.95997
-16.96022
-16.96047
-16.96073
-16.96098
-16.96123
-16.96148
-16.96173
-16.96198
-16.96224
-16.96249
-16.96274
-16.96299
-16.96324
-16.96349
-16.96375
-16.96400
-16.96425
-16.96450
-16.96475
-16.96500
-16.96526
-16.96551
-16.96576
-16.96601
-16.96626
-16.96651
-16.96676
-16.96702
-16.96727
-16.96752
-16.96777
-16.96802
-16.96827
-16.96853
-16.96878
-16.96903
-16.96928
-16.96953
-16.96978
-16.97004
-16.97029
-16.97054
-16.97079
-16.97104
-16.97129
-16.97155
-16.97180
-16.97205
-16.97230
-16.97255
-16.97280
-16.97306
-16.97331
-16.97356
-16.97381
-16.97406
-16.97431
-16.97457
-16.97482
-16.97507
-16.97532
-16.97557
-16.97582
-16.97608
-16.97633
-16.97658
-16.97683
-16.97708
-16.97733
-16.97759
-16.97784
-16.97809
-16.97834
-16.97859
-16.97884
-16.97909
-16.97935
-16.97960
-16.97985
-16.98010
-16.98035
-16.98060
-16.98086
-16.98111
-16.98136
-16.98161
-16.98186
-16.98211
-16.98237
-16.98262
-16.98287
-16.98312
-16.98337
-16.98362
-16.98388
-16.98413
-16.98438
-16.98463
-16.98488
-16.98513
-16.98539
-16.98564
-16.98589
-16.98614
-16.98639
-16.98664
-16.98690
-16.98715
-16.98740
-16.98765
-16.98790
-16.98815
-16.98841
-16.98866
-16.98891
-16.98916
-16.98941
-16.98966
-16.98992
-16.99017
-16.99042
-16.99067
-16.99092
-16.99117
-16.99142
-16.99168
-16.99193
-16.99218
-16.99243
-16.99268
-16.99293
-16.99319
-16.99344
-16.99369
-16.99394
-16.99419
-16.99444
-16.99470
-16.99495
-16.99520
-16.99545
-16.99570
-16.99595
-16.99621
-16.99646
-16.99671
-16.99696
-16.99721
-16.99746
-16.99772
-16.99797
-16.99822
-16.99847
-16.99872
-16.99897
-16.99923
-16.99948
-16.99973
-16.99998
-17.00023
-17.00048
-17.00073
-17.00099
-17.00124
-17.00149
-17.00174
-17.00199
-17.00224
-17.00250
-17.00275
-17.00300
-17.00325
-17.00350
-17.00375
-17.00401
-17.00426
-17.00451
-17.00476
-17.00501
-17.00526
-17.00552
-17.00577
-17.00602
-17.00627
-17.00652
-17.00677
-17.00703
-17.00728
-17.00753
-17.00778
-17.00803
-17.00828
-17.00854
-17.00879
-17.00904
-17.00929
-17.00954
-17.00979
-17.01005
-17.01030
-17.01055
-17.01080
-17.01105
-17.01130
-17.01155
-17.01181
-17.01206
-17.01231
-17.01256
-17.01281
-17.01306
-17.01332
-17.01357
-17.01382
-17.01407
-17.01432
-17.01457
-17.01483
-17.01508
-17.01533
-17.01558
-17.01583
-17.01608
-17.01634
-17.01659
-17.01684
-17.01709
-17.01734
-17.01759
-17.01785
-17.01810
-17.01835
-17.01860
-17.01885
-17.01910
-17.01936
-17.01961
-17.01986
-17.02011
-17.02036
-17.02061
-17.02086
-17.02112
-17.02137
-17.02162
-17.02187
-17.02212
-17.02237
-17.02263
-17.02288
-17.02313
-17.02338
-17.02363
-17.02388
-17.02414
-17.02439
-17.02464
-17.02489
-17.02514
-17.02539
-17.02565
-17.02590
-17.02615
-17.02640
-17.02665
-17.02690
-17.02716
-17.02741
-17.02766
-17.02791
-17.02816
-17.02841
-17.02866
-17.02892
-17.02917
-17.02942
-17.02967
-17.02992
-17.03017
-17.03043
-17.03068
-17.03093
-17.03118
-17.03143
-17.03168
-17.03194
-17.03219
-17.03244
-17.03269
-17.03294
-17.03319
-17.03345
-17.03370
-17.03395
-17.03420
-17.03445
-17.03470
-17.03496
-17.03521
-17.03546
-17.03571
-17.03596
-17.03621
-17.03647
-17.03672
-17.03697
-17.03722
-17.03747
-17.03772
-17.03797
-17.03823
-17.03848
-17.03873
-17.03898
-17.03923
-17.03948
-17.03974
-17.03999
-17.04024
-17.04049
-17.04074
-17.04099
-17.04125
-17.04150
-17.04175
-17.04200
-17.04225
-17.04250
-17.04276
-17.04301
-17.04326
-17.04351
-17.04376
-17.04401
-17.04427
-17.04452
-17.04477
-17.04502
-17.04527
-17.04552
-17.04577
-17.04603
-17.04628
-17.04653
-17.04678
-17.04703
-17.04728
-17.04754
-17.04779
-17.04804
-17.04829
-17.04854
-17.04879
-17.04905
-17.04930
-17.04955
-17.04980
-17.05005
-17.05030
-17.05056
-17.05081
-17.05106
-17.05131
-17.05156
-17.05181
-17.05207
-17.05232
-17.05257
-17.05282
-17.05307
-17.05332
-17.05357
-17.05383
-17.05408
-17.05433
-17.05458
-17.05483
-17.05508
-17.05534
-17.05559
-17.05584
-17.05609
-17.05634
-17.05659
-17.05685
-17.05710
-17.05735
-17.05760
-17.05785
-17.05810
-17.05836
-17.05861
-17.05886
-17.05911
-17.05936
-17.05961
-17.05987
-17.06012
-17.06037
-17.06062
-17.06087
-17.06112
-17.06137
-17.06163
-17.06188
-17.06213
-17.06238
-17.06263
-17.06288
-17.06314
-17.06339
-17.06364
-17.06389
-17.06414
-17.06439
-17.06465
-17.06490
-17.06515
-17.06540
-17.06565
-17.06590
-17.06616
-17.06641
-17.06666
-17.06691
-17.06716
-17.06741
-17.06766
-17.06792
-17.06817
-17.06842
-17.06867
-17.06892
-17.06917
-17.06943
-17.06968
-17.06993
-17.07018
-17.07043
-17.07068
-17.07094
-17.07119
-17.07144
-17.07169
-17.07194
-17.07219
-17.07245
-17.07270
-17.07295
-17.07320
-17.07345
-17.07370
-17.07396
-17.07421
-17.07446
-17.07471
-17.07496
-17.07521
-17.07546
-17.07572
-17.07597
-17.07622
-17.07647
-17.07672
-17.07697
-17.07723
-17.07748
-17.07773
-17.07798
-17.07823
-17.07848
-17.07874
-17.07899
-17.07924
-17.07949
-17.07974
-17.07999
-17.08025
-17.08050
-17.08075
-17.08100
-17.08125
-17.08150
-17.08175
-17.08201
-17.08226
-17.08251
-17.08276
-17.08301
-17.08326
-17.08352
-17.08377
-17.08402
-17.08427
-17.08452
-17.08477
-17.08503
-17.08528
-17.08553
-17.08578
-17.08603
-17.08628
-17.08654
-17.08679
-17.08704
-17.08729
-17.08754
-17.08779
-17.08804
-17.08830
-17.08855
-17.08880
-17.08905
-17.08930
-17.08955
-17.08981
-17.09006
-17.09031
-17.09056
-17.09081
-17.09106
-17.09132
-17.09157
-17.09182
-17.09207
-17.09232
-17.09257
-17.09283
-17.09308
-17.09333
-17.09358
-17.09383
-17.09408
-17.09434
-17.09459
-17.09484
-17.09509
-17.09534
-17.09559
-17.09584
-17.09610
-17.09635
-17.09660
-17.09685
-17.09710
-17.09735
-17.09761
-17.09786
-17.09811
-17.09836
-17.09861
-17.09886
-17.09912
-17.09937
-17.09962
-17.09987
-17.10012
-17.10037
-17.10063
-17.10088
-17.10113
-17.10138
-17.10163
-17.10188
-17.10213
-17.10239
-17.10264
-17.10289
-17.10314
-17.10339
-17.10364
-17.10390
-17.10415
-17.10440
-17.10465
-17.10490
-17.10515
-17.10541
-17.10566
-17.10591
-17.10616
-17.10641
-17.10666
-17.10692
-17.10717
-17.10742
-17.10767
-17.10792
-17.10817
-17.10842
-17.10868
-17.10893
-17.10918
-17.10943
-17.10968
-17.10993
-17.11019
-17.11044
-17.11069
-17.11094
-17.11119
-17.11144
-17.11170
-17.11195
-17.11220
-17.11245
-17.11270
-17.11295
-17.11320
-17.11346
-17.11371
-17.11396
-17.11421
-17.11446
-17.11471
-17.11497
-17.11522
-17.11547
-17.11572
-17.11597
-17.11622
-17.11648
-17.11673
-17.11698
-17.11723
-17.11748
-17.11773
-17.11799
-17.11824
-17.11849
-17.11874
-17.11899
-17.11924
-17.11949
-17.11975
-17.12000
-17.12025
-17.12050
-17.12075
-17.12100
-17.12126
-17.12151
-17.12176
-17.12201
-17.12226
-17.12251
-17.12277
-17.12302
-17.12327
-17.12352
-17.12377
-17.12402
-17.12428
-17.12453
-17.12478
-17.12503
-17.12528
-17.12553
-17.12578
-17.12604
-17.12629
-17.12654
-17.12679
-17.12704
-17.12729
-17.12755
-17.12780
-17.12805
-17.12830
-17.12855
-17.12880
-17.12906
-17.12931
-17.12956
-17.12981
-17.13006
-17.13031
-17.13056
-17.13082
-17.13107
-17.13132
-17.13157
-17.13182
-17.13207
-17.13233
-17.13258
-17.13283
-17.13308
-17.13333
-17.13358
-17.13384
-17.13409
-17.13434
-17.13459
-17.13484
-17.13509
-17.13535
-17.13560
-17.13585
-17.13610
-17.13635
-17.13660
-17.13685
-17.13711
-17.13736
-17.13761
-17.13786
-17.13811
-17.13836
-17.13862
-17.13887
-17.13912
-17.13937
-17.13962
-17.13987
-17.14013
-17.14038
-17.14063
-17.14088
-17.14113
-17.14138
-17.14163
-17.14189
-17.14214
-17.14239
-17.14264
-17.14289
-17.14314
-17.14340
-17.14365
-17.14390
-17.14415
-17.14440
-17.14465
-17.14491
-17.14516
-17.14541
-17.14566
-17.14591
-17.14616
-17.14642
-17.14667
-17.14692
-17.14717
-17.14742
-17.14767
-17.14792
-17.14818
-17.14843
-17.14868
-17.14893
-17.14918
-17.14943
-17.14969
-17.14994
-17.15019
-17.15044
-17.15069
-17.15094
-17.15120
-17.15145
-17.15170
-17.15195
-17.15220
-17.15245
-17.15270
-17.15296
-17.15321
-17.15346
-17.15371
-17.15396
-17.15421
-17.15447
-17.15472
-17.15497
-17.15522
-17.15547
-17.15572
-17.15598
-17.15623
-17.15648
-17.15673
-17.15698
-17.15723
-17.15748
-17.15774
-17.15799
-17.15824
-17.15849
-17.15874
-17.15899
-17.15925
-17.15950
-17.15975
-17.16000
-17.16025
-17.16050
-17.16076
-17.16101
-17.16126
-17.16151
-17.16176
-17.16201
-17.16227
-17.16252
-17.16277
-17.16302
-17.16327
-17.16352
-17.16377
-17.16403
-17.16428
-17.16453
-17.16478
-17.16503
-17.16528
-17.16554
-17.16579
-17.16604
-17.16629
-17.16654
-17.16679
-17.16705
-17.16730
-17.16755
-17.16780
-17.16805
-17.16830
-17.16855
-17.16881
-17.16906
-17.16931
-17.16956
-17.16981
-17.17006
-17.17032
-17.17057
-17.17082
-17.17107
-17.17132
-17.17157
-17.17183
-17.17208
-17.17233
-17.17258
-17.17283
-17.17308
-17.17333
-17.17359
-17.17384
-17.17409
-17.17434
-17.17459
-17.17484
-17.17510
-17.17535
-17.17560
-17.17585
-17.17610
-17.17635
-17.17661
-17.17686
-17.17711
-17.17736
-17.17761
-17.17786
-17.17811
-17.17837
-17.17862
-17.17887
-17.17912
-17.17937
-17.17962
-17.17988
-17.18013
-17.18038
-17.18063
-17.18088
-17.18113
-17.18139
-17.18164
-17.18189
-17.18214
-17.18239
-17.18264
-17.18289
-17.18315
-17.18340
-17.18365
-17.18390
-17.18415
-17.18440
-17.18466
-17.18491
-17.18516
-17.18541
-17.18566
-17.18591
-17.18617
-17.18642
-17.18667
-17.18692
-17.18717
-17.18742
-17.18767
-17.18793
-17.18818
-17.18843
-17.18868
-17.18893
-17.18918
-17.18944
-17.18969
-17.18994
-17.19019
-17.19044
-17.19069
-17.19095
-17.19120
-17.19145
-17.19170
-17.19195
-17.19220
-17.19245
-17.19271
-17.19296
-17.19321
-17.19346
-17.19371
-17.19396
-17.19422
-17.19447
-17.19472
-17.19497
-17.19522
-17.19547
-17.19573
-17.19598
-17.19623
-17.19648
-17.19673
-17.19698
-17.19723
-17.19749
-17.19774
-17.19799
-17.19824
-17.19849
-17.19874
-17.19900
-17.19925
-17.19950
-17.19975
-17.20000
-17.20025
-17.20051
-17.20076
-17.20101
-17.20126
-17.20151
-17.20176
-17.20201
-17.20227
-17.20252
-17.20277
-17.20302
-17.20327
-17.20352
-17.20378
-17.20403
-17.20428
-17.20453
-17.20478
-17.20503
-17.20528
-17.20554
-17.20579
-17.20604
-17.20629
-17.20654
-17.20679
-17.20705
-17.20730
-17.20755
-17.20780
-17.20805
-17.20830
-17.20856
-17.20881
-17.20906
-17.20931
-17.20956
-17.20981
-17.21006
-17.21032
-17.21057
-17.21082
-17.21107
-17.21132
-17.21157
-17.21183
-17.21208
-17.21233
-17.21258
-17.21283
-17.21308
-17.21334
-17.21359
-17.21384
-17.21409
-17.21434
-17.21459
-17.21484
-17.21510
-17.21535
-17.21560
-17.21585
-17.21610
-17.21635
-17.21661
-17.21686
-17.21711
-17.21736
-17.21761
-17.21786
-17.21812
-17.21837
-17.21862
-17.21887
-17.21912
-17.21937
-17.21962
-17.21988
-17.22013
-17.22038
-17.22063
-17.22088
-17.22113
-17.22139
-17.22164
-17.22189
-17.22214
-17.22239
-17.22264
-17.22289
-17.22315
-17.22340
-17.22365
-17.22390
-17.22415
-17.22440
-17.22466
-17.22491
-17.22516
-17.22541
-17.22566
-17.22591
-17.22617
-17.22642
-17.22667
-17.22692
-17.22717
-17.22742
-17.22767
-17.22793
-17.22818
-17.22843
-17.22868
-17.22893
-17.22918
-17.22944
-17.22969
-17.22994
-17.23019
-17.23044
-17.23069
-17.23095
-17.23120
-17.23145
-17.23170
-17.23195
-17.23220
-17.23245
-17.23271
-17.23296
-17.23321
-17.23346
-17.23371
-17.23396
-17.23422
-17.23447
-17.23472
-17.23497
-17.23522
-17.23547
-17.23572
-17.23598
-17.23623
-17.23648
-17.23673
-17.23698
-17.23723
-17.23749
-17.23774
-17.23799
-17.23824
-17.23849
-17.23874
-17.23900
-17.23925
-17.23950
-17.23975
-17.24000
-17.24025
-17.24050
-17.24076
-17.24101
-17.24126
-17.24151
-17.24176
-17.24201
-17.24227
-17.24252
-17.24277
-17.24302
-17.24327
-17.24352
-17.24377
-17.24403
-17.24428
-17.24453
-17.24478
-17.24503
-17.24528
-17.24554
-17.24579
-17.24604
-17.24629
