3.10812
3.10807
3.10801
3.10796
3.10791
3.10786
3.10781
3.10775
3.10770
3.10765
3.10760
3.10755
3.10749
3.10744
3.10739
3.10734
3.10729
3.10723
3.10718
3.10713
3.10708
3.10702
3.10697
3.10692
3.10687
3.10682
3.10676
3.10671
3.10666
3.10661
3.10656
3.10650
3.10645
3.10640
3.10635
3.10629
3.10624
3.10619
3.10614
3.10609
3.10603
3.10598
3.10593
3.10588
3.10583
3.10577
3.10572
3.10567
3.10562
3.10556
3.10551
3.10546
3.10541
3.10536
3.10530
3.10525
3.10520
3.10515
3.10509
3.10504
3.10499
3.10494
3.10489
3.10483
3.10478
3.10473
3.10468
3.10463
3.10457
3.10452
3.10447
3.10442
3.10436
3.10431
3.10426
3.10421
3.10416
3.10410
3.10405
3.10400
3.10395
3.10389
3.10384
3.10379
3.10374
3.10369
3.10363
3.10358
3.10353
3.10348
3.10343
3.10337
3.10332
3.10327
3.10322
3.10316
3.10311
3.10306
3.10301
3.10296
3.10290
3.10285
3.10280
3.10275
3.10270
3.10264
3.10259
3.10254
3.10249
3.10243
3.10238
3.10233
3.10228
3.10223
3.10217
3.10212
3.10207
3.10202
3.10197
3.10191
3.10186
3.10181
3.10176
3.10170
3.10165
3.10160
3.10155
3.10150
3.10144
3.10139
3.10134
3.10129
3.10124
3.10118
3.10113
3.10108
3.10103
3.10097
3.10092
3.10087
3.10082
3.10077
3.10071
3.10066
3.10061
3.10056
3.10050
3.10045
3.10040
3.10035
3.10030
3.10024
3.10019
3.10014
3.10009
3.10004
3.09998
3.09993
3.09988
3.09983
3.09977
3.09972
3.09967
3.09962
3.09957
3.09951
3.09946
3.09941
3.09936
3.09931
3.09925
3.09920
3.09915
3.09910
3.09904
3.09899
3.09894
3.09889
3.09884
3.09878
3.09873
3.09868
3.09863
3.09858
3.09852
3.09847
3.09842
3.09837
3.09831
3.09826
3.09821
3.09816
3.09811
3.09805
3.09800
3.09795
3.09790
3.09784
3.09779
3.09774
3.09769
3.09764
3.09758
3.09753
3.09748
3.09743
3.09738
3.09732
3.09727
3.09722
3.09717
3.09711
3.09706
3.09701
3.09696
3.09691
3.09685
3.09680
3.09675
3.09670
3.09665
3.09659
3.09654
3.09649
3.09644
3.09638
3.09633
3.09628
3.09623
3.09618
3.09612
3.09607
3.09602
3.09597
3.09592
3.09586
3.09581
3.09576
3.09571
3.09565
3.09560
3.09555
3.09550
3.09545
3.09539
3.09534
3.09529
3.09524
3.09518
3.09513
3.09508
3.09503
3.09498
3.09492
3.09487
3.09482
3.09477
3.09472
3.09466
3.09461
3.09456
3.09451
3.09445
3.09440
3.09435
3.09430
3.09425
3.09419
3.09414
3.09409
3.09404
3.09399
3.09393
3.09388
3.09383
3.09378
3.09372
3.09367
3.09362
3.09357
3.09352
3.09346
3.09341
3.09336
3.09331
3.09326
3.09320
3.09315
3.09310
3.09305
3.09299
3.09294
3.09289
3.09284
3.09279
3.09273
3.09268
3.09263
3.09258
3.09252
3.09247
3.09242
3.09237
3.09232
3.09226
3.09221
3.09216
3.09211
3.09206
3.09200
3.09195
3.09190
3.09185
3.09179
3.09174
3.09169
3.09164
3.09159
3.09153
3.09148
3.09143
3.09138
3.09133
3.09127
3.09122
3.09117
3.09112
3.09106
3.09101
3.09096
3.09091
3.09086
3.09080
3.09075
3.09070
3.09065
3.09060
3.09054
3.09049
3.09044
3.09039
3.09033
3.09028
3.09023
3.09018
3.09013
3.09007
3.09002
3.08997
3.08992
3.08986
3.08981
3.08976
3.08971
3.08966
3.08960
3.08955
3.08950
3.08945
3.08940
3.08934
3.08929
3.08924
3.08919
3.08913
3.08908
3.08903
3.08898
3.08893
3.08887
3.08882
3.08877
3.08872
3.08867
3.08861
3.08856
3.08851
3.08846
3.08840
3.08835
3.08830
3.08825
3.08820
3.08814
3.08809
3.08804
3.08799
3.08794
3.08788
3.08783
3.08778
3.08773
3.08767
3.08762
3.08757
3.08752
3.08747
3.08741
3.08736
3.08731
3.08726
3.08721
3.08715
3.08710
3.08705
3.08700
3.08694
3.08689
3.08684
3.08679
3.08674
3.08668
3.08663
3.08658
3.08653
3.08647
3.08642
3.08637
3.08632
3.08627
3.08621
3.08616
3.08611
3.08606
3.08601
3.08595
3.08590
3.08585
3.08580
3.08574
3.08569
3.08564
3.08559
3.08554
3.08548
3.08543
3.08538
3.08533
3.08528
3.08522
3.08517
3.08512
3.08507
3.08501
3.08496
3.08491
3.08486
3.08481
3.08475
3.08470
3.08465
3.08460
3.08455
3.08449
3.08444
3.08439
3.08434
3.08428
3.08423
3.08418
3.08413
3.08408
3.08402
3.08397
3.08392
3.08387
3.08381
3.08376
3.08371
3.08366
3.08361
3.08355
3.08350
3.08345
3.08340
3.08335
3.08329
3.08324
3.08319
3.08314
3.08308
3.08303
3.08298
3.08293
3.08288
3.08282
3.08277
3.08272
3.08267
3.08262
3.08256
3.08251
3.08246
3.08241
3.08235
3.08230
3.08225
3.08220
3.08215
3.08209
3.08204
3.08199
3.08194
3.08189
3.08183
3.08178
3.08173
3.08168
3.08162
3.08157
3.08152
3.08147
3.08142
3.08136
3.08131
3.08126
3.08121
3.08115
3.08110
3.08105
3.08100
3.08095
3.08089
3.08084
3.08079
3.08074
3.08069
3.08063
3.08058
3.08053
3.08048
3.08042
3.08037
3.08032
3.08027
3.08022
3.08016
3.08011
3.08006
3.08001
3.07996
3.07990
3.07985
3.07980
3.07975
3.07969
3.07964
3.07959
3.07954
3.07949
3.07943
3.07938
3.07933
3.07928
3.07923
3.07917
3.07912
3.07907
3.07902
3.07896
3.07891
3.07886
3.07881
3.07876
3.07870
3.07865
3.07860
3.07855
3.07850
3.07844
3.07839
3.07834
3.07829
3.07823
3.07818
3.07813
3.07808
3.07803
3.07797
3.07792
3.07787
3.07782
3.07776
3.07771
3.07766
3.07761
3.07756
3.07750
3.07745
3.07740
3.07735
3.07730
3.07724
3.07719
3.07714
3.07709
3.07703
3.07698
3.07693
3.07688
3.07683
3.07677
3.07672
3.07667
3.07662
3.07657
3.07651
3.07646
3.07641
3.07636
3.07630
3.07625
3.07620
3.07615
3.07610
3.07604
3.07599
3.07594
3.07589
3.07584
3.07578
3.07573
3.07568
3.07563
3.07557
3.07552
3.07547
3.07542
3.07537
3.07531
3.07526
3.07521
3.07516
3.07510
3.07505
3.07500
3.07495
3.07490
3.07484
3.07479
3.07474
3.07469
3.07464
3.07458
3.07453
3.07448
3.07443
3.07437
3.07432
3.07427
3.07422
3.07417
3.07411
3.07406
3.07401
3.07396
3.07391
3.07385
3.07380
3.07375
3.07370
3.07364
3.07359
3.07354
3.07349
3.07344
3.07338
3.07333
3.07328
3.07323
3.07318
3.07312
3.07307
3.07302
3.07297
3.07291
3.07286
3.07281
3.07276
3.07271
3.07265
3.07260
3.07255
3.07250
3.07245
3.07239
3.07234
3.07229
3.07224
3.07218
3.07213
3.07208
3.07203
3.07198
3.07192
3.07187
3.07182
3.07177
3.07171
3.07166
3.07161
3.07156
3.07151
3.07145
3.07140
3.07135
3.07130
3.07125
3.07119
3.07114
3.07109
3.07104
3.07098
3.07093
3.07088
3.07083
3.07078
3.07072
3.07067
3.07062
3.07057
3.07052
3.07046
3.07041
3.07036
3.07031
3.07025
3.07020
3.07015
3.07010
3.07005
3.06999
3.06994
3.06989
3.06984
3.06979
3.06973
3.06968
3.06963
3.06958
3.06952
3.06947
3.06942
3.06937
3.06932
3.06926
3.06921
3.06916
3.06911
3.06905
3.06900
3.06895
3.06890
3.06885
3.06879
3.06874
3.06869
3.06864
3.06859
3.06853
3.06848
3.06843
3.06838
3.06832
3.06827
3.06822
3.06817
3.06812
3.06806
3.06801
3.06796
3.06791
3.06786
3.06780
3.06775
3.06770
3.06765
3.06759
3.06754
3.06749
3.06744
3.06739
3.06733
3.06728
3.06723
3.06718
3.06713
3.06707
3.06702
3.06697
3.06692
3.06686
3.06681
3.06676
3.06671
3.06666
3.06660
3.06655
3.06650
3.06645
3.06640
3.06634
3.06629
3.06624
3.06619
3.06613
3.06608
3.06603
3.06598
3.06593
3.06587
3.06582
3.06577
3.06572
3.06566
3.06561
3.06556
3.06551
3.06546
3.06540
3.06535
3.06530
3.06525
3.06520
3.06514
3.06509
3.06504
3.06499
3.06493
3.06488
3.06483
3.06478
3.06473
3.06467
3.06462
3.06457
3.06452
3.06447
3.06441
3.06436
3.06431
3.06426
3.06420
3.06415
3.06410
3.06405
3.06400
3.06394
3.06389
3.06384
3.06379
3.06374
3.06368
3.06363
3.06358
3.06353
3.06347
3.06342
3.06337
3.06332
3.06327
3.06321
3.06316
3.06311
3.06306
3.06300
3.06295
3.06290
3.06285
3.06280
3.06274
3.06269
3.06264
3.06259
3.06254
3.06248
3.06243
3.06238
3.06233
3.06227
3.06222
3.06217
3.06212
3.06207
3.06201
3.06196
3.06191
3.06186
3.06181
3.06175
3.06170
3.06165
3.06160
3.06154
3.06149
3.06144
3.06139
3.06134
3.06128
3.06123
3.06118
3.06113
3.06108
3.06102
3.06097
3.06092
3.06087
3.06081
3.06076
3.06071
3.06066
3.06061
3.06055
3.06050
3.06045
3.06040
3.06035
3.06029
3.06024
3.06019
3.06014
3.06008
3.06003
3.05998
3.05993
3.05988
3.05982
3.05977
3.05972
3.05967
3.05961
3.05956
3.05951
3.05946
3.05941
3.05935
3.05930
3.05925
3.05920
3.05915
3.05909
3.05904
3.05899
3.05894
3.05888
3.05883
3.05878
3.05873
3.05868
3.05862
3.05857
3.05852
3.05847
3.05842
3.05836
3.05831
3.05826
3.05821
3.05815
3.05810
3.05805
3.05800
3.05795
3.05789
3.05784
3.05779
3.05774
3.05769
3.05763
3.05758
3.05753
3.05748
3.05742
3.05737
3.05732
3.05727
3.05722
3.05716
3.05711
3.05706
3.05701
3.05696
3.05690
3.05685
3.05680
3.05675
3.05669
3.05664
3.05659
3.05654
3.05649
3.05643
3.05638
3.05633
3.05628
3.05622
3.05617
3.05612
3.05607
3.05602
3.05596
3.05591
3.05586
3.05581
3.05576
3.05570
3.05565
3.05560
3.05555
3.05549
3.05544
3.05539
3.05534
3.05529
3.05523
3.05518
3.05513
3.05508
3.05503
3.05497
3.05492
3.05487
3.05482
3.05476
3.05471
3.05466
3.05461
3.05456
3.05450
3.05445
3.05440
3.05435
3.05430
3.05424
3.05419
3.05414
3.05409
3.05403
3.05398
3.05393
3.05388
3.05383
3.05377
3.05372
3.05367
3.05362
3.05357
3.05351
3.05346
3.05341
3.05336
3.05330
3.05325
3.05320
3.05315
3.05310
3.05304
3.05299
3.05294
3.05289
3.05283
3.05278
3.05273
3.05268
3.05263
3.05257
3.05252
3.05247
3.05242
3.05237
3.05231
3.05226
3.05221
3.05216
3.05210
3.05205
3.05200
3.05195
3.05190
3.05184
3.05179
3.05174
3.05169
3.05164
3.05158
3.05153
3.05148
3.05143
3.05137
3.05132
3.05127
3.05122
3.05117
3.05111
3.05106
3.05101
3.05096
3.05091
3.05085
3.05080
3.05075
3.05070
3.05064
3.05059
3.05054
3.05049
3.05044
3.05038
3.05033
3.05028
3.05023
3.05018
3.05012
3.05007
3.05002
3.04997
3.04991
3.04986
3.04981
3.04976
3.04971
3.04965
3.04960
3.04955
3.04950
3.04944
3.04939
3.04934
3.04929
3.04924
3.04918
3.04913
3.04908
3.04903
3.04898
3.04892
3.04887
3.04882
3.04877
3.04871
3.04866
3.04861
3.04856
3.04851
3.04845
3.04840
3.04835
3.04830
3.04825
3.04819
3.04814
3.04809
3.04804
3.04798
3.04793
3.04788
3.04783
3.04778
3.04772
3.04767
3.04762
3.04757
3.04752
3.04746
3.04741
3.04736
3.04731
3.04725
3.04720
3.04715
3.04710
3.04705
3.04699
3.04694
3.04689
3.04684
3.04679
3.04673
3.04668
3.04663
3.04658
3.04652
3.04647
3.04642
3.04637
3.04632
3.04626
3.04621
3.04616
3.04611
3.04605
3.04600
3.04595
3.04590
3.04585
3.04579
3.04574
3.04569
3.04564
3.04559
3.04553
3.04548
3.04543
3.04538
3.04532
3.04527
3.04522
3.04517
3.04512
3.04506
3.04501
3.04496
3.04491
3.04486
3.04480
3.04475
3.04470
3.04465
3.04459
3.04454
3.04449
3.04444
3.04439
3.04433
3.04428
3.04423
3.04418
3.04413
3.04407
3.04402
3.04397
3.04392
3.04386
3.04381
3.04376
3.04371
3.04366
3.04360
3.04355
3.04350
3.04345
3.04340
3.04334
3.04329
3.04324
3.04319
3.04313
3.04308
3.04303
3.04298
3.04293
3.04287
3.04282
3.04277
3.04272
3.04266
3.04261
3.04256
3.04251
3.04246
3.04240
3.04235
3.04230
3.04225
3.04220
3.04214
3.04209
3.04204
3.04199
3.04193
3.04188
3.04183
3.04178
3.04173
3.04167
3.04162
3.04157
3.04152
3.04147
3.04141
3.04136
3.04131
3.04126
3.04120
3.04115
3.04110
3.04105
3.04100
3.04094
3.04089
3.04084
3.04079
3.04074
3.04068
3.04063
3.04058
3.04053
3.04047
3.04042
3.04037
3.04032
3.04027
3.04021
3.04016
3.04011
3.04006
3.04001
3.03995
3.03990
3.03985
3.03980
3.03974
3.03969
3.03964
3.03959
3.03954
3.03948
3.03943
3.03938
3.03933
3.03927
3.03922
3.03917
3.03912
3.03907
3.03901
3.03896
3.03891
3.03886
3.03881
3.03875
3.03870
3.03865
3.03860
3.03854
3.03849
3.03844
3.03839
3.03834
3.03828
3.03823
3.03818
3.03813
3.03808
3.03802
3.03797
3.03792
3.03787
3.03781
3.03776
3.03771
3.03766
3.03761
3.03755
3.03750
3.03745
3.03740
3.03735
3.03729
3.03724
3.03719
3.03714
3.03708
3.03703
3.03698
3.03693
3.03688
3.03682
3.03677
3.03672
3.03667
3.03662
3.03656
3.03651
3.03646
3.03641
3.03635
3.03630
3.03625
3.03620
3.03615
3.03609
3.03604
3.03599
3.03594
3.03588
3.03583
3.03578
3.03573
3.03568
3.03562
3.03557
3.03552
3.03547
3.03542
3.03536
3.03531
3.03526
3.03521
3.03515
3.03510
3.03505
3.03500
3.03495
3.03489
3.03484
3.03479
3.03474
3.03469
3.03463
3.03458
3.03453
3.03448
3.03442
3.03437
3.03432
3.03427
3.03422
3.03416
3.03411
3.03406
3.03401
3.03396
3.03390
3.03385
3.03380
3.03375
3.03369
3.03364
3.03359
3.03354
3.03349
3.03343
3.03338
3.03333
3.03328
3.03323
3.03317
3.03312
3.03307
3.03302
3.03296
3.03291
3.03286
3.03281
3.03276
3.03270
3.03265
3.03260
3.03255
3.03250
3.03244
3.03239
3.03234
3.03229
3.03223
3.03218
3.03213
3.03208
3.03203
3.03197
3.03192
3.03187
3.03182
3.03176
3.03171
3.03166
3.03161
3.03156
3.03150
3.03145
3.03140
3.03135
3.03130
3.03124
3.03119
3.03114
3.03109
3.03103
3.03098
3.03093
3.03088
3.03083
3.03077
3.03072
3.03067
3.03062
3.03057
3.03051
3.03046
3.03041
3.03036
3.03030
3.03025
3.03020
3.03015
3.03010
3.03004
3.02999
3.02994
3.02989
3.02984
3.02978
3.02973
3.02968
3.02963
3.02957
3.02952
3.02947
3.02942
3.02937
3.02931
3.02926
3.02921
3.02916
3.02911
3.02905
3.02900
3.02895
3.02890
3.02884
3.02879
3.02874
3.02869
3.02864
3.02858
3.02853
3.02848
3.02843
3.02837
3.02832
3.02827
3.02822
3.02817
3.02811
3.02806
3.02801
3.02796
3.02791
3.02785
3.02780
3.02775
3.02770
3.02764
3.02759
3.02754
3.02749
3.02744
3.02738
3.02733
3.02728
3.02723
3.02718
3.02712
3.02707
3.02702
3.02697
3.02691
3.02686
3.02681
3.02676
3.02671
3.02665
3.02660
3.02655
3.02650
3.02645
3.02639
3.02634
3.02629
3.02624
3.02618
3.02613
3.02608
3.02603
3.02598
3.02592
3.02587
3.02582
3.02577
3.02572
3.02566
3.02561
3.02556
3.02551
3.02545
3.02540
3.02535
3.02530
3.02525
3.02519
3.02514
3.02509
3.02504
3.02499
3.02493
3.02488
3.02483
3.02478
3.02472
3.02467
3.02462
3.02457
3.02452
3.02446
3.02441
3.02436
3.02431
3.02425
3.02420
3.02415
3.02410
3.02405
3.02399
3.02394
3.02389
3.02384
3.02379
3.02373
3.02368
3.02363
3.02358
3.02352
3.02347
3.02342
3.02337
3.02332
3.02326
3.02321
3.02316
3.02311
3.02306
3.02300
3.02295
3.02290
3.02285
3.02279
3.02274
3.02269
3.02264
3.02259
3.02253
3.02248
3.02243
3.02238
3.02233
3.02227
3.02222
3.02217
3.02212
3.02206
3.02201
3.02196
3.02191
3.02186
3.02180
3.02175
3.02170
3.02165
3.02160
3.02154
3.02149
3.02144
3.02139
3.02133
3.02128
3.02123
3.02118
3.02113
3.02107
3.02102
3.02097
3.02092
3.02086
3.02081
3.02076
3.02071
3.02066
3.02060
3.02055
3.02050
3.02045
3.02040
3.02034
3.02029
3.02024
3.02019
3.02013
3.02008
3.02003
3.01998
3.01993
3.01987
3.01982
3.01977
3.01972
3.01967
3.01961
3.01956
3.01951
3.01946
3.01940
3.01935
3.01930
3.01925
3.01920
3.01914
3.01909
3.01904
3.01899
3.01894
3.01888
3.01883
3.01878
3.01873
3.01867
3.01862
3.01857
3.01852
3.01847
3.01841
3.01836
3.01831
3.01826
3.01821
3.01815
3.01810
3.01805
3.01800
3.01794
3.01789
3.01784
3.01779
3.01774
3.01768
3.01763
3.01758
3.01753
3.01748
3.01742
3.01737
3.01732
3.01727
3.01721
3.01716
3.01711
3.01706
3.01701
3.01695
3.01690
3.01685
3.01680
3.01674
3.01669
3.01664
3.01659
3.01654
3.01648
3.01643
3.01638
3.01633
3.01628
3.01622
3.01617
3.01612
3.01607
3.01601
3.01596
3.01591
3.01586
3.01581
3.01575
3.01570
3.01565
3.01560
3.01555
3.01549
3.01544
3.01539
3.01534
3.01528
3.01523
3.01518
3.01513
3.01508
3.01502
3.01497
3.01492
3.01487
3.01482
3.01476
3.01471
3.01466
3.01461
3.01455
3.01450
3.01445
3.01440
3.01435
3.01429
3.01424
3.01419
3.01414
3.01409
3.01403
3.01398
3.01393
3.01388
3.01382
3.01377
3.01372
3.01367
3.01362
3.01356
3.01351
3.01346
3.01341
3.01336
3.01330
3.01325
3.01320
3.01315
3.01309
3.01304
3.01299
3.01294
3.01289
3.01283
3.01278
3.01273
3.01268
3.01262
3.01257
3.01252
3.01247
3.01242
3.01236
3.01231
3.01226
3.01221
3.01216
3.01210
3.01205
3.01200
3.01195
3.01189
3.01184
3.01179
3.01174
3.01169
3.01163
3.01158
3.01153
3.01148
3.01143
3.01137
3.01132
3.01127
3.01122
3.01116
3.01111
3.01106
3.01101
3.01096
3.01090
3.01085
3.01080
3.01075
3.01070
3.01064
3.01059
3.01054
3.01049
3.01043
3.01038
3.01033
3.01028
3.01023
3.01017
3.01012
3.01007
3.01002
3.00997
3.00991
3.00986
3.00981
3.00976
3.00970
3.00965
3.00960
3.00955
3.00950
3.00944
3.00939
3.00934
3.00929
3.00924
3.00918
3.00913
3.00908
3.00903
3.00897
3.00892
3.00887
3.00882
3.00877
3.00871
3.00866
3.00861
3.00856
3.00850
3.00845
3.00840
3.00835
3.00830
3.00824
3.00819
3.00814
3.00809
3.00804
3.00798
3.00793
3.00788
3.00783
3.00777
3.00772
3.00767
3.00762
3.00757
3.00751
3.00746
3.00741
3.00736
3.00731
3.00725
3.00720
3.00715
3.00710
3.00704
3.00699
3.00694
3.00689
3.00684
3.00678
3.00673
3.00668
3.00663
3.00658
3.00652
3.00647
3.00642
3.00637
3.00631
3.00626
3.00621
3.00616
3.00611
3.00605
3.00600
3.00595
3.00590
3.00585
3.00579
3.00574
3.00569
3.00564
3.00558
3.00553
3.00548
3.00543
3.00538
3.00532
3.00527
3.00522
3.00517
3.00512
3.00506
3.00501
3.00496
3.00491
3.00485
3.00480
3.00475
3.00470
3.00465
3.00459
3.00454
3.00449
3.00444
3.00438
3.00433
3.00428
3.00423
3.00418
3.00412
3.00407
3.00402
3.00397
3.00392
3.00386
3.00381
3.00376
3.00371
3.00365
3.00360
3.00355
3.00350
3.00345
3.00339
3.00334
3.00329
3.00324
3.00319
3.00313
3.00308
3.00303
3.00298
3.00292
3.00287
3.00282
3.00277
3.00272
3.00266
3.00261
3.00256
3.00251
3.00246
3.00240
3.00235
3.00230
3.00225
3.00219
3.00214
3.00209
3.00204
3.00199
3.00193
3.00188
3.00183
3.00178
3.00173
3.00167
3.00162
3.00157
3.00152
3.00146
3.00141
3.00136
3.00131
3.00126
3.00120
3.00115
3.00110
3.00105
3.00100
3.00094
3.00089
3.00084
3.00079
3.00073
3.00068
3.00063
3.00058
3.00053
3.00047
3.00042
3.00037
3.00032
3.00026
3.00021
3.00016
3.00011
3.00006
3.00000
2.99995
2.99990
2.99985
2.99980
2.99974
2.99969
2.99964
2.99959
2.99953
2.99948
2.99943
2.99938
2.99933
2.99927
2.99922
2.99917
2.99912
2.99907
2.99901
2.99896
2.99891
2.99886
2.99880
2.99875
2.99870
2.99865
2.99860
2.99854
2.99849
2.99844
2.99839
2.99834
2.99828
2.99823
2.99818
2.99813
2.99807
2.99802
2.99797
2.99792
2.99787
2.99781
2.99776
2.99771
2.99766
2.99761
2.99755
2.99750
2.99745
2.99740
2.99734
2.99729
2.99724
2.99719
2.99714
2.99708
2.99703
2.99698
2.99693
2.99688
2.99682
2.99677
2.99672
2.99667
2.99661
2.99656
2.99651
2.99646
2.99641
2.99635
2.99630
2.99625
2.99620
2.99615
2.99609
2.99604
2.99599
2.99594
2.99588
2.99583
2.99578
2.99573
2.99568
2.99562
2.99557
2.99552
2.99547
2.99541
2.99536
2.99531
2.99526
2.99521
2.99515
2.99510
2.99505
2.99500
2.99495
2.99489
2.99484
2.99479
2.99474
2.99468
2.99463
2.99458
2.99453
2.99448
2.99442
2.99437
2.99432
2.99427
2.99422
2.99416
2.99411
2.99406
2.99401
2.99395
2.99390
2.99385
2.99380
2.99375
2.99369
2.99364
2.99359
2.99354
2.99349
2.99343
2.99338
2.99333
2.99328
2.99322
2.99317
2.99312
2.99307
2.99302
2.99296
2.99291
2.99286
2.99281
2.99276
2.99270
2.99265
2.99260
2.99255
2.99249
2.99244
2.99239
2.99234
2.99229
2.99223
2.99218
2.99213
2.99208
2.99203
2.99197
2.99192
2.99187
2.99182
2.99176
2.99171
2.99166
2.99161
2.99156
2.99150
2.99145
2.99140
2.99135
2.99129
2.99124
2.99119
2.99114
2.99109
2.99103
2.99098
2.99093
2.99088
2.99083
2.99077
2.99072
2.99067
2.99062
2.99056
2.99051
2.99046
2.99041
2.99036
2.99030
2.99025
2.99020
2.99015
2.99010
2.99004
2.98999
2.98994
2.98989
2.98983
2.98978
2.98973
2.98968
2.98963
2.98957
2.98952
2.98947
2.98942
2.98937
2.98931
2.98926
2.98921
2.98916
2.98910
2.98905
2.98900
2.98895
2.98890
2.98884
2.98879
2.98874
2.98869
2.98864
2.98858
2.98853
2.98848
2.98843
2.98837
2.98832
2.98827
2.98822
2.98817
2.98811
2.98806
2.98801
2.98796
2.98791
2.98785
2.98780
2.98775
2.98770
2.98764
2.98759
2.98754
2.98749
2.98744
2.98738
2.98733
2.98728
2.98723
2.98718
2.98712
2.98707
2.98702
2.98697
2.98691
2.98686
2.98681
2.98676
2.98671
2.98665
2.98660
2.98655
2.98650
2.98644
2.98639
2.98634
2.98629
2.98624
2.98618
2.98613
2.98608
2.98603
2.98598
2.98592
2.98587
2.98582
2.98577
2.98571
2.98566
2.98561
2.98556
2.98551
2.98545
2.98540
2.98535
2.98530
2.98525
2.98519
2.98514
2.98509
2.98504
2.98498
2.98493
2.98488
2.98483
2.98478
2.98472
2.98467
2.98462
2.98457
2.98452
2.98446
2.98441
2.98436
2.98431
2.98425
2.98420
2.98415
2.98410
2.98405
2.98399
2.98394
2.98389
2.98384
2.98379
2.98373
2.98368
2.98363
2.98358
2.98352
2.98347
2.98342
2.98337
2.98332
2.98326
2.98321
2.98316
2.98311
2.98306
2.98300
2.98295
2.98290
2.98285
2.98279
2.98274
2.98269
2.98264
2.98259
2.98253
2.98248
2.98243
2.98238
2.98233
2.98227
2.98222
2.98217
2.98212
2.98206
2.98201
2.98196
2.98191
2.98186
2.98180
2.98175
2.98170
2.98165
2.98159
2.98154
2.98149
2.98144
2.98139
2.98133
2.98128
2.98123
2.98118
2.98113
2.98107
2.98102
2.98097
2.98092
2.98086
2.98081
2.98076
2.98071
2.98066
2.98060
2.98055
2.98050
2.98045
2.98040
2.98034
2.98029
2.98024
2.98019
2.98013
2.98008
2.98003
2.97998
2.97993
2.97987
2.97982
2.97977
2.97972
2.97967
2.97961
2.97956
2.97951
2.97946
2.97940
2.97935
2.97930
2.97925
2.97920
2.97914
2.97909
2.97904
2.97899
2.97894
2.97888
2.97883
2.97878
2.97873
2.97867
2.97862
2.97857
2.97852
2.97847
2.97841
2.97836
2.97831
2.97826
2.97821
2.97815
2.97810
2.97805
2.97800
2.97794
2.97789
2.97784
2.97779
2.97774
2.97768
2.97763
2.97758
2.97753
2.97748
2.97742
2.97737
2.97732
2.97727
2.97721
2.97716
2.97711
2.97706
2.97701
2.97695
2.97690
2.97685
2.97680
2.97674
2.97669
2.97664
2.97659
2.97654
2.97648
2.97643
2.97638
2.97633
2.97628
2.97622
2.97617
2.97612
2.97607
2.97601
2.97596
2.97591
2.97586
2.97581
2.97575
2.97570
2.97565
2.97560
2.97555
2.97549
2.97544
2.97539
2.97534
2.97528
2.97523
2.97518
2.97513
2.97508
2.97502
2.97497
2.97492
2.97487
2.97482
2.97476
2.97471
2.97466
2.97461
2.97455
2.97450
2.97445
2.97440
2.97435
2.97429
2.97424
2.97419
2.97414
2.97409
2.97403
2.97398
2.97393
2.97388
2.97382
2.97377
2.97372
2.97367
2.97362
2.97356
2.97351
2.97346
2.97341
2.97336
2.97330
2.97325
2.97320
2.97315
2.97309
2.97304
2.97299
2.97294
2.97289
2.97283
2.97278
2.97273
2.97268
2.97263
2.97257
2.97252
2.97247
2.97242
2.97236
2.97231
2.97226
2.97221
2.97216
2.97210
2.97205
2.97200
2.97195
2.97190
2.97184
2.97179
2.97174
2.97169
2.97163
2.97158
2.97153
2.97148
2.97143
2.97137
2.97132
2.97127
2.97122
2.97116
2.97111
2.97106
2.97101
2.97096
2.97090
2.97085
2.97080
2.97075
2.97070
2.97064
2.97059
2.97054
2.97049
2.97043
2.97038
2.97033
2.97028
2.97023
2.97017
2.97012
2.97007
2.97002
2.96997
2.96991
2.96986
2.96981
2.96976
2.96970
2.96965
2.96960
2.96955
2.96950
2.96944
2.96939
2.96934
2.96929
2.96924
2.96918
2.96913
2.96908
2.96903
2.96897
2.96892
2.96887
2.96882
2.96877
2.96871
2.96866
2.96861
2.96856
2.96851
2.96845
2.96840
2.96835
2.96830
2.96824
2.96819
2.96814
2.96809
2.96804
2.96798
2.96793
2.96788
2.96783
2.96778
2.96772
2.96767
2.96762
2.96757
2.96751
2.96746
2.96741
2.96736
2.96731
2.96725
2.96720
2.96715
2.96710
2.96705
2.96699
2.96694
2.96689
2.96684
2.96678
2.96673
2.96668
2.96663
2.96658
2.96652
2.96647
2.96642
2.96637
2.96632
2.96626
2.96621
2.96616
2.96611
2.96605
2.96600
2.96595
2.96590
2.96585
2.96579
2.96574
2.96569
2.96564
2.96558
2.96553
2.96548
2.96543
2.96538
2.96532
2.96527
2.96522
2.96517
2.96512
2.96506
2.96501
2.96496
2.96491
2.96485
2.96480
2.96475
2.96470
2.96465
2.96459
2.96454
2.96449
2.96444
2.96439
2.96433
2.96428
2.96423
2.96418
2.96412
2.96407
2.96402
2.96397
2.96392
2.96386
2.96381
2.96376
2.96371
2.96366
2.96360
2.96355
2.96350
2.96345
2.96339
2.96334
2.96329
2.96324
2.96319
2.96313
2.96308
2.96303
2.96298
2.96293
2.96287
2.96282
2.96277
2.96272
2.96266
2.96261
2.96256
2.96251
2.96246
2.96240
2.96235
2.96230
2.96225
2.96220
2.96214
2.96209
2.96204
2.96199
2.96193
2.96188
2.96183
2.96178
2.96173
2.96167
2.96162
2.96157
2.96152
2.96147
2.96141
2.96136
2.96131
2.96126
2.96120
2.96115
2.96110
2.96105
2.96100
2.96094
2.96089
2.96084
2.96079
2.96074
2.96068
2.96063
2.96058
2.96053
2.96047
2.96042
2.96037
2.96032
2.96027
2.96021
2.96016
2.96011
2.96006
2.96000
2.95995
2.95990
2.95985
2.95980
2.95974
2.95969
2.95964
2.95959
2.95954
2.95948
2.95943
2.95938
2.95933
2.95927
2.95922
2.95917
2.95912
2.95907
2.95901
2.95896
2.95891
2.95886
2.95881
2.95875
2.95870
2.95865
2.95860
2.95854
2.95849
2.95844
2.95839
2.95834
2.95828
2.95823
2.95818
2.95813
2.95808
2.95802
2.95797
2.95792
2.95787
2.95781
2.95776
2.95771
2.95766
2.95761
2.95755
2.95750
2.95745
2.95740
2.95735
2.95729
2.95724
2.95719
2.95714
2.95708
2.95703
2.95698
2.95693
2.95688
2.95682
2.95677
2.95672
2.95667
2.95662
2.95656
2.95651
2.95646
2.95641
2.95635
2.95630
2.95625
2.95620
2.95615
2.95609
2.95604
2.95599
2.95594
2.95589
2.95583
2.95578
2.95573
2.95568
2.95562
2.95557
2.95552
2.95547
2.95542
2.95536
2.95531
2.95526
2.95521
2.95516
2.95510
2.95505
2.95500
2.95495
2.95489
2.95484
2.95479
2.95474
2.95469
2.95463
2.95458
2.95453
2.95448
2.95442
2.95437
2.95432
2.95427
2.95422
2.95416
2.95411
2.95406
2.95401
2.95396
2.95390
2.95385
2.95380
2.95375
2.95369
2.95364
2.95359
2.95354
2.95349
2.95343
2.95338
2.95333
2.95328
2.95323
2.95317
2.95312
2.95307
2.95302
2.95296
2.95291
2.95286
2.95281
2.95276
2.95270
2.95265
2.95260
2.95255
2.95250
2.95244
2.95239
2.95234
2.95229
2.95223
2.95218
2.95213
2.95208
2.95203
2.95197
2.95192
2.95187
2.95182
2.95177
2.95171
2.95166
2.95161
2.95156
2.95150
2.95145
2.95140
2.95135
2.95130
2.95124
2.95119
2.95114
2.95109
2.95104
2.95098
2.95093
2.95088
2.95083
2.95077
2.95072
2.95067
2.95062
2.95057
2.95051
2.95046
2.95041
2.95036
2.95031
2.95025
2.95020
2.95015
2.95010
2.95004
2.94999
2.94994
2.94989
2.94984
2.94978
2.94973
2.94968
2.94963
2.94958
2.94952
2.94947
2.94942
2.94937
2.94931
2.94926
2.94921
2.94916
2.94911
2.94905
2.94900
2.94895
2.94890
2.94885
2.94879
2.94874
2.94869
2.94864
2.94858
2.94853
2.94848
2.94843
2.94838
2.94832
2.94827
2.94822
2.94817
2.94811
2.94806
2.94801
2.94796
2.94791
2.94785
2.94780
2.94775
2.94770
2.94765
2.94759
2.94754
2.94749
2.94744
2.94738
2.94733
2.94728
2.94723
2.94718
2.94712
2.94707
2.94702
2.94697
2.94692
2.94686
2.94681
2.94676
2.94671
2.94665
2.94660
2.94655
2.94650
2.94645
2.94639
2.94634
2.94629
2.94624
2.94619
2.94613
2.94608
2.94603
2.94598
2.94592
2.94587
2.94582
2.94577
2.94572
2.94566
2.94561
2.94556
2.94551
2.94546
2.94540
2.94535
2.94530
2.94525
2.94519
2.94514
2.94509
2.94504
2.94499
2.94493
2.94488
2.94483
2.94478
2.94473
2.94467
2.94462
2.94457
2.94452
2.94446
2.94441
2.94436
2.94431
2.94426
2.94420
2.94415
2.94410
2.94405
2.94400
2.94394
2.94389
2.94384
2.94379
2.94373
2.94368
2.94363
2.94358
2.94353
2.94347
2.94342
2.94337
2.94332
2.94327
2.94321
2.94316
2.94311
2.94306
2.94300
2.94295
2.94290
2.94285
2.94280
2.94274
2.94269
2.94264
2.94259
2.94254
2.94248
2.94243
2.94238
2.94233
2.94227
2.94222
2.94217
2.94212
2.94207
2.94201
2.94196
2.94191
2.94186
2.94181
2.94175
2.94170
2.94165
2.94160
2.94154
2.94149
2.94144
2.94139
2.94134
2.94128
2.94123
2.94118
2.94113
2.94107
2.94102
2.94097
2.94092
2.94087
2.94081
2.94076
2.94071
2.94066
2.94061
2.94055
2.94050
2.94045
2.94040
2.94034
2.94029
2.94024
2.94019
2.94014
2.94008
2.94003
2.93998
2.93993
2.93988
2.93982
2.93977
2.93972
2.93967
2.93961
2.93956
2.93951
2.93946
2.93941
2.93935
2.93930
2.93925
2.93920
2.93915
2.93909
2.93904
2.93899
2.93894
2.93888
2.93883
2.93878
2.93873
2.93868
2.93862
2.93857
2.93852
2.93847
2.93842
2.93836
2.93831
2.93826
2.93821
2.93815
2.93810
2.93805
2.93800
2.93795
2.93789
2.93784
2.93779
2.93774
2.93769
2.93763
2.93758
2.93753
2.93748
2.93742
2.93737
2.93732
2.93727
2.93722
2.93716
2.93711
2.93706
2.93701
2.93696
2.93690
2.93685
2.93680
2.93675
2.93669
2.93664
2.93659
2.93654
2.93649
2.93643
2.93638
2.93633
2.93628
2.93623
2.93617
2.93612
2.93607
2.93602
2.93596
2.93591
2.93586
2.93581
2.93576
2.93570
2.93565
2.93560
2.93555
2.93550
2.93544
2.93539
2.93534
2.93529
2.93523
2.93518
2.93513
2.93508
2.93503
2.93497
2.93492
2.93487
2.93482
2.93477
2.93471
2.93466
2.93461
2.93456
2.93450
2.93445
2.93440
2.93435
2.93430
2.93424
2.93419
2.93414
2.93409
2.93403
2.93398
2.93393
2.93388
2.93383
2.93377
2.93372
2.93367
2.93362
2.93357
2.93351
2.93346
2.93341
2.93336
2.93330
2.93325
2.93320
2.93315
2.93310
2.93304
2.93299
2.93294
2.93289
2.93284
2.93278
2.93273
2.93268
2.93263
2.93257
2.93252
2.93247
2.93242
2.93237
2.93231
2.93226
2.93221
2.93216
2.93211
2.93205
2.93200
2.93195
2.93190
2.93184
2.93179
2.93174
2.93169
2.93164
2.93158
2.93153
2.93148
2.93143
2.93138
2.93132
2.93127
2.93122
2.93117
2.93111
2.93106
2.93101
2.93096
2.93091
2.93085
2.93080
2.93075
2.93070
2.93065
2.93059
2.93054
2.93049
2.93044
2.93038
2.93033
2.93028
2.93023
2.93018
2.93012
2.93007
2.93002
2.92997
2.92992
2.92986
2.92981
2.92976
2.92971
2.92965
2.92960
2.92955
2.92950
2.92945
2.92939
2.92934
2.92929
2.92924
2.92919
2.92913
2.92908
2.92903
2.92898
2.92892
2.92887
2.92882
2.92877
2.92872
2.92866
2.92861
2.92856
2.92851
2.92846
2.92840
2.92835
2.92830
2.92825
2.92819
2.92814
2.92809
2.92804
2.92799
2.92793
2.92788
2.92783
2.92778
2.92773
2.92767
2.92762
2.92757
2.92752
2.92746
2.92741
2.92736
2.92731
2.92726
2.92720
2.92715
2.92710
2.92705
2.92700
2.92694
2.92689
2.92684
2.92679
2.92673
2.92668
2.92663
2.92658
2.92653
2.92647
2.92642
2.92637
2.92632
2.92626
2.92621
2.92616
2.92611
2.92606
2.92600
2.92595
2.92590
2.92585
2.92580
2.92574
2.92569
2.92564
2.92559
2.92553
2.92548
2.92543
2.92538
2.92533
2.92527
2.92522
2.92517
2.92512
2.92507
2.92501
2.92496
2.92491
2.92486
2.92480
2.92475
2.92470
2.92465
2.92460
2.92454
2.92449
2.92444
2.92439
2.92434
2.92428
2.92423
2.92418
2.92413
2.92407
2.92402
2.92397
2.92392
2.92387
2.92381
2.92376
2.92371
2.92366
2.92361
2.92355
2.92350
2.92345
2.92340
2.92334
2.92329
2.92324
2.92319
2.92314
2.92308
2.92303
2.92298
2.92293
2.92288
2.92282
2.92277
2.92272
2.92267
2.92261
2.92256
2.92251
2.92246
2.92241
2.92235
2.92230
2.92225
2.92220
2.92215
2.92209
2.92204
2.92199
2.92194
2.92188
2.92183
2.92178
2.92173
2.92168
2.92162
2.92157
2.92152
2.92147
2.92142
2.92136
2.92131
2.92126
2.92121
2.92115
2.92110
2.92105
2.92100
2.92095
2.92089
2.92084
2.92079
2.92074
2.92069
2.92063
2.92058
2.92053
2.92048
2.92042
2.92037
2.92032
2.92027
2.92022
2.92016
2.92011
2.92006
2.92001
2.91996
2.91990
2.91985
2.91980
2.91975
2.91969
2.91964
2.91959
2.91954
2.91949
2.91943
2.91938
2.91933
2.91928
2.91923
2.91917
2.91912
2.91907
2.91902
2.91896
2.91891
2.91886
2.91881
2.91876
2.91870
2.91865
2.91860
2.91855
2.91849
2.91844
2.91839
2.91834
2.91829
2.91823
2.91818
2.91813
2.91808
2.91803
2.91797
2.91792
2.91787
2.91782
2.91776
2.91771
2.91766
2.91761
2.91756
2.91750
2.91745
2.91740
2.91735
2.91730
2.91724
2.91719
2.91714
2.91709
2.91703
2.91698
2.91693
2.91688
2.91683
2.91677
2.91672
2.91667
2.91662
2.91657
2.91651
2.91646
2.91641
2.91636
2.91630
2.91625
2.91620
2.91615
2.91610
2.91604
2.91599
2.91594
2.91589
2.91584
2.91578
2.91573
2.91568
2.91563
2.91557
2.91552
2.91547
2.91542
2.91537
2.91531
2.91526
2.91521
2.91516
2.91511
2.91505
2.91500
2.91495
2.91490
2.91484
2.91479
2.91474
2.91469
2.91464
2.91458
2.91453
2.91448
2.91443
2.91438
2.91432
2.91427
2.91422
2.91417
2.91411
2.91406
2.91401
2.91396
2.91391
2.91385
2.91380
2.91375
2.91370
2.91365
2.91359
2.91354
2.91349
2.91344
2.91338
2.91333
2.91328
2.91323
2.91318
2.91312
2.91307
2.91302
2.91297
2.91292
2.91286
2.91281
2.91276
2.91271
2.91265
2.91260
2.91255
2.91250
2.91245
2.91239
2.91234
2.91229
2.91224
2.91219
2.91213
2.91208
2.91203
2.91198
2.91192
2.91187
2.91182
2.91177
2.91172
2.91166
2.91161
2.91156
2.91151
2.91146
2.91140
2.91135
2.91130
2.91125
2.91119
2.91114
2.91109
2.91104
2.91099
2.91093
2.91088
2.91083
2.91078
2.91073
2.91067
2.91062
2.91057
2.91052
2.91046
2.91041
2.91036
2.91031
2.91026
2.91020
2.91015
2.91010
2.91005
2.91000
2.90994
2.90989
2.90984
2.90979
2.90973
2.90968
2.90963
2.90958
2.90953
2.90947
2.90942
2.90937
2.90932
2.90927
2.90921
2.90916
2.90911
2.90906
2.90900
2.90895
2.90890
2.90885
2.90880
2.90874
2.90869
2.90864
2.90859
2.90853
2.90848
2.90843
2.90838
2.90833
2.90827
2.90822
2.90817
2.90812
2.90807
2.90801
2.90796
2.90791
2.90786
2.90780
2.90775
2.90770
2.90765
2.90760
2.90754
2.90749
2.90744
2.90739
2.90734
2.90728
2.90723
2.90718
2.90713
2.90707
2.90702
2.90697
2.90692
2.90687
2.90681
2.90676
2.90671
2.90666
2.90661
2.90655
2.90650
2.90645
2.90640
2.90634
2.90629
2.90624
2.90619
2.90614
2.90608
2.90603
2.90598
2.90593
2.90588
2.90582
2.90577
2.90572
2.90567
2.90561
2.90556
2.90551
2.90546
2.90541
2.90535
2.90530
2.90525
2.90520
2.90515
2.90509
2.90504
2.90499
2.90494
2.90488
2.90483
2.90478
2.90473
2.90468
2.90462
2.90457
2.90452
2.90447
2.90442
2.90436
2.90431
2.90426
2.90421
2.90415
2.90410
2.90405
2.90400
2.90395
2.90389
2.90384
2.90379
2.90374
2.90369
2.90363
2.90358
2.90353
2.90348
2.90342
2.90337
2.90332
2.90327
2.90322
2.90316
2.90311
2.90306
2.90301
2.90296
2.90290
2.90285
2.90280
2.90275
2.90269
2.90264
2.90259
2.90254
2.90249
2.90243
2.90238
2.90233
2.90228
2.90223
2.90217
2.90212
2.90207
2.90202
2.90196
2.90191
2.90186
2.90181
2.90176
2.90170
2.90165
2.90160
2.90155
2.90150
2.90144
2.90139
2.90134
2.90129
2.90123
2.90118
2.90113
2.90108
2.90103
2.90097
2.90092
2.90087
2.90082
2.90077
2.90071
2.90066
2.90061
2.90056
2.90050
2.90045
2.90040
2.90035
2.90030
2.90024
2.90019
2.90014
2.90009
2.90004
2.89998
2.89993
2.89988
2.89983
2.89977
2.89972
2.89967
2.89962
2.89957
2.89951
2.89946
2.89941
2.89936
2.89931
2.89925
2.89920
2.89915
2.89910
2.89904
2.89899
2.89894
2.89889
2.89884
2.89878
2.89873
2.89868
2.89863
2.89858
2.89852
2.89847
2.89842
2.89837
2.89831
2.89826
2.89821
2.89816
2.89811
2.89805
2.89800
2.89795
2.89790
2.89784
2.89779
2.89774
2.89769
2.89764
2.89758
2.89753
2.89748
2.89743
2.89738
2.89732
2.89727
2.89722
2.89717
2.89711
2.89706
2.89701
2.89696
2.89691
2.89685
2.89680
2.89675
2.89670
2.89665
2.89659
2.89654
2.89649
2.89644
2.89638
2.89633
2.89628
2.89623
2.89618
2.89612
2.89607
2.89602
2.89597
2.89592
2.89586
2.89581
2.89576
2.89571
2.89565
2.89560
2.89555
2.89550
2.89545
2.89539
2.89534
2.89529
2.89524
2.89519
2.89513
2.89508
2.89503
2.89498
2.89492
2.89487
2.89482
2.89477
2.89472
2.89466
2.89461
2.89456
2.89451
2.89446
2.89440
2.89435
2.89430
2.89425
2.89419
2.89414
2.89409
2.89404
2.89399
2.89393
2.89388
2.89383
2.89378
2.89373
2.89367
2.89362
2.89357
2.89352
2.89346
2.89341
2.89336
2.89331
2.89326
2.89320
2.89315
2.89310
2.89305
2.89300
2.89294
2.89289
2.89284
2.89279
2.89273
2.89268
2.89263
2.89258
2.89253
2.89247
2.89242
2.89237
2.89232
2.89227
2.89221
2.89216
2.89211
2.89206
2.89200
2.89195
2.89190
2.89185
2.89180
2.89174
2.89169
2.89164
2.89159
2.89154
2.89148
2.89143
2.89138
2.89133
2.89127
2.89122
2.89117
2.89112
2.89107
2.89101
2.89096
2.89091
2.89086
2.89081
2.89075
2.89070
2.89065
2.89060
2.89054
2.89049
2.89044
2.89039
2.89034
2.89028
2.89023
2.89018
2.89013
2.89008
2.89002
2.88997
2.88992
2.88987
2.88981
2.88976
2.88971
2.88966
2.88961
2.88955
2.88950
2.88945
2.88940
2.88935
2.88929
2.88924
2.88919
2.88914
2.88908
2.88903
2.88898
2.88893
2.88888
2.88882
2.88877
2.88872
2.88867
2.88862
2.88856
2.88851
2.88846
2.88841
2.88835
2.88830
2.88825
2.88820
2.88815
2.88809
2.88804
2.88799
2.88794
2.88789
2.88783
2.88778
2.88773
2.88768
2.88762
2.88757
2.88752
2.88747
2.88742
2.88736
2.88731
2.88726
2.88721
2.88716
2.88710
2.88705
2.88700
2.88695
2.88689
2.88684
2.88679
2.88674
2.88669
2.88663
2.88658
2.88653
2.88648
2.88643
2.88637
2.88632
2.88627
2.88622
2.88616
2.88611
2.88606
2.88601
2.88596
2.88590
2.88585
2.88580
2.88575
2.88570
2.88564
2.88559
2.88554
2.88549
2.88543
2.88538
2.88533
2.88528
2.88523
2.88517
2.88512
2.88507
2.88502
2.88496
2.88491
2.88486
2.88481
2.88476
2.88470
2.88465
2.88460
2.88455
2.88450
2.88444
2.88439
2.88434
2.88429
2.88423
2.88418
2.88413
2.88408
2.88403
2.88397
2.88392
2.88387
2.88382
2.88377
2.88371
2.88366
2.88361
2.88356
2.88350
2.88345
2.88340
2.88335
2.88330
2.88324
2.88319
2.88314
2.88309
2.88304
2.88298
2.88293
2.88288
2.88283
2.88277
2.88272
2.88267
2.88262
2.88257
2.88251
2.88246
2.88241
2.88236
2.88231
2.88225
2.88220
2.88215
2.88210
2.88204
2.88199
2.88194
2.88189
2.88184
2.88178
2.88173
2.88168
2.88163
2.88158
2.88152
2.88147
2.88142
2.88137
2.88131
2.88126
2.88121
2.88116
2.88111
2.88105
2.88100
2.88095
2.88090
2.88085
2.88079
2.88074
2.88069
2.88064
2.88058
2.88053
2.88048
2.88043
2.88038
2.88032
2.88027
2.88022
2.88017
2.88012
2.88006
2.88001
2.87996
2.87991
2.87985
2.87980
2.87975
2.87970
2.87965
2.87959
2.87954
2.87949
2.87944
2.87939
2.87933
2.87928
2.87923
2.87918
2.87912
2.87907
2.87902
2.87897
2.87892
2.87886
2.87881
2.87876
2.87871
2.87866
2.87860
2.87855
2.87850
2.87845
2.87839
2.87834
2.87829
2.87824
2.87819
2.87813
2.87808
2.87803
2.87798
2.87793
2.87787
2.87782
2.87777
2.87772
2.87766
2.87761
2.87756
2.87751
2.87746
2.87740
2.87735
2.87730
2.87725
2.87720
2.87714
2.87709
2.87704
2.87699
2.87693
2.87688
2.87683
2.87678
2.87673
2.87667
2.87662
2.87657
2.87652
2.87647
2.87641
2.87636
2.87631
2.87626
2.87620
2.87615
2.87610
2.87605
2.87600
2.87594
2.87589
2.87584
2.87579
2.87574
2.87568
2.87563
2.87558
2.87553
2.87547
2.87542
2.87537
2.87532
2.87527
2.87521
2.87516
2.87511
2.87506
2.87501
2.87495
2.87490
2.87485
2.87480
2.87474
2.87469
2.87464
2.87459
2.87454
2.87448
2.87443
2.87438
2.87433
2.87428
2.87422
2.87417
2.87412
2.87407
2.87401
2.87396
2.87391
2.87386
2.87381
2.87375
2.87370
2.87365
2.87360
2.87355
2.87349
2.87344
2.87339
2.87334
2.87328
2.87323
2.87318
2.87313
2.87308
2.87302
2.87297
2.87292
2.87287
2.87282
2.87276
2.87271
2.87266
2.87261
2.87255
2.87250
2.87245
2.87240
2.87235
2.87229
2.87224
2.87219
2.87214
2.87209
2.87203
2.87198
2.87193
2.87188
2.87182
2.87177
2.87172
2.87167
2.87162
2.87156
2.87151
2.87146
2.87141
2.87136
2.87130
2.87125
2.87120
2.87115
2.87109
2.87104
2.87099
2.87094
2.87089
2.87083
2.87078
2.87073
2.87068
2.87063
2.87057
2.87052
2.87047
2.87042
2.87036
2.87031
2.87026
2.87021
2.87016
2.87010
2.87005
2.87000
2.86995
2.86990
2.86984
2.86979
2.86974
2.86969
2.86963
2.86958
2.86953
2.86948
2.86943
2.86937
2.86932
2.86927
2.86922
2.86917
2.86911
2.86906
2.86901
2.86896
2.86890
2.86885
2.86880
2.86875
2.86870
2.86864
2.86859
2.86854
2.86849
2.86844
2.86838
2.86833
2.86828
2.86823
2.86817
2.86812
2.86807
2.86802
2.86797
2.86791
2.86786
2.86781
2.86776
2.86771
2.86765
2.86760
2.86755
2.86750
2.86744
2.86739
2.86734
2.86729
2.86724
2.86718
2.86713
2.86708
2.86703
2.86698
2.86692
2.86687
2.86682
2.86677
2.86671
2.86666
2.86661
2.86656
2.86651
2.86645
2.86640
2.86635
2.86630
2.86624
2.86619
2.86614
2.86609
2.86604
2.86598
2.86593
2.86588
2.86583
2.86578
2.86572
2.86567
2.86562
2.86557
2.86551
2.86546
2.86541
2.86536
2.86531
2.86525
2.86520
2.86515
2.86510
2.86505
2.86499
2.86494
2.86489
2.86484
2.86478
2.86473
2.86468
2.86463
2.86458
2.86452
2.86447
2.86442
2.86437
2.86432
2.86426
2.86421
2.86416
2.86411
2.86405
2.86400
2.86395
2.86390
2.86385
2.86379
2.86374
2.86369
2.86364
2.86359
2.86353
2.86348
2.86343
2.86338
2.86332
2.86327
2.86322
2.86317
2.86312
2.86306
2.86301
2.86296
2.86291
2.86286
2.86280
2.86275
2.86270
2.86265
2.86259
2.86254
2.86249
2.86244
2.86239
2.86233
2.86228
2.86223
2.86218
2.86213
2.86207
2.86202
2.86197
2.86192
2.86186
2.86181
2.86176
2.86171
2.86166
2.86160
2.86155
2.86150
2.86145
2.86140
2.86134
2.86129
2.86124
2.86119
2.86113
2.86108
2.86103
2.86098
2.86093
2.86087
2.86082
2.86077
2.86072
2.86067
2.86061
2.86056
2.86051
2.86046
2.86040
2.86035
2.86030
2.86025
2.86020
2.86014
2.86009
2.86004
2.85999
2.85994
2.85988
2.85983
2.85978
2.85973
2.85967
2.85962
2.85957
2.85952
2.85947
2.85941
2.85936
2.85931
2.85926
2.85921
2.85915
2.85910
2.85905
2.85900
2.85894
2.85889
2.85884
2.85879
2.85874
2.85868
2.85863
2.85858
2.85853
2.85848
2.85842
2.85837
2.85832
2.85827
2.85821
2.85816
2.85811
2.85806
2.85801
2.85795
2.85790
2.85785
2.85780
2.85775
2.85769
2.85764
2.85759
2.85754
2.85748
2.85743
2.85738
2.85733
2.85728
2.85722
2.85717
2.85712
2.85707
2.85702
2.85696
2.85691
2.85686
2.85681
2.85675
2.85670
2.85665
2.85660
2.85655
2.85649
2.85644
2.85639
2.85634
2.85629
2.85623
2.85618
2.85613
2.85608
2.85602
2.85597
2.85592
2.85587
2.85582
2.85576
2.85571
2.85566
2.85561
2.85556
2.85550
2.85545
2.85540
2.85535
2.85529
2.85524
2.85519
2.85514
2.85509
2.85503
2.85498
2.85493
2.85488
2.85483
2.85477
2.85472
2.85467
2.85462
2.85456
2.85451
2.85446
2.85441
2.85436
2.85430
2.85425
2.85420
2.85415
2.85410
2.85404
2.85399
2.85394
2.85389
2.85383
2.85378
2.85373
2.85368
2.85363
2.85357
2.85352
2.85347
2.85342
2.85337
2.85331
2.85326
2.85321
2.85316
2.85310
2.85305
2.85300
2.85295
2.85290
2.85284
2.85279
2.85274
2.85269
2.85264
2.85258
2.85253
2.85248
2.85243
2.85237
2.85232
2.85227
2.85222
2.85217
2.85211
2.85206
2.85201
2.85196
2.85191
2.85185
2.85180
2.85175
2.85170
2.85164
2.85159
2.85154
2.85149
2.85144
2.85138
2.85133
2.85128
2.85123
2.85118
2.85112
2.85107
2.85102
2.85097
2.85091
2.85086
2.85081
2.85076
2.85071
2.85065
2.85060
2.85055
2.85050
2.85045
2.85039
2.85034
2.85029
2.85024
2.85018
2.85013
2.85008
2.85003
2.84998
2.84992
2.84987
2.84982
2.84977
2.84972
2.84966
2.84961
2.84956
2.84951
2.84945
2.84940
2.84935
2.84930
2.84925
2.84919
2.84914
2.84909
2.84904
2.84899
2.84893
2.84888
2.84883
2.84878
2.84872
2.84867
2.84862
2.84857
2.84852
2.84846
2.84841
2.84836
2.84831
2.84826
2.84820
2.84815
2.84810
2.84805
2.84799
2.84794
2.84789
2.84784
2.84779
2.84773
2.84768
2.84763
2.84758
2.84753
2.84747
2.84742
2.84737
2.84732
2.84726
2.84721
2.84716
2.84711
2.84706
2.84700
2.84695
2.84690
2.84685
2.84680
2.84674
2.84669
2.84664
2.84659
2.84653
2.84648
2.84643
2.84638
2.84633
2.84627
2.84622
2.84617
2.84612
2.84607
2.84601
2.84596
2.84591
2.84586
2.84580
2.84575
2.84570
2.84565
2.84560
2.84554
2.84549
2.84544
2.84539
2.84534
2.84528
2.84523
2.84518
2.84513
2.84507
2.84502
2.84497
2.84492
2.84487
2.84481
2.84476
2.84471
2.84466
2.84461
2.84455
2.84450
2.84445
2.84440
2.84434
2.84429
2.84424
2.84419
2.84414
2.84408
2.84403
2.84398
2.84393
2.84388
2.84382
2.84377
2.84372
2.84367
2.84361
2.84356
2.84351
2.84346
2.84341
2.84335
2.84330
2.84325
2.84320
2.84315
2.84309
2.84304
2.84299
2.84294
2.84288
2.84283
2.84278
2.84273
2.84268
2.84262
2.84257
2.84252
2.84247
2.84242
2.84236
2.84231
2.84226
2.84221
2.84215
2.84210
2.84205
2.84200
2.84195
2.84189
2.84184
2.84179
2.84174
2.84169
2.84163
2.84158
2.84153
2.84148
2.84142
2.84137
2.84132
2.84127
2.84122
2.84116
2.84111
2.84106
2.84101
2.84096
2.84090
2.84085
2.84080
2.84075
2.84069
2.84064
2.84059
2.84054
2.84049
2.84043
2.84038
2.84033
2.84028
2.84023
2.84017
2.84012
2.84007
2.84002
2.83996
2.83991
2.83986
2.83981
2.83976
2.83970
2.83965
2.83960
2.83955
2.83950
2.83944
2.83939
2.83934
2.83929
2.83923
2.83918
2.83913
2.83908
2.83903
2.83897
2.83892
2.83887
2.83882
2.83877
2.83871
2.83866
2.83861
2.83856
2.83850
2.83845
2.83840
2.83835
2.83830
2.83824
2.83819
2.83814
2.83809
2.83804
2.83798
2.83793
2.83788
2.83783
2.83777
2.83772
2.83767
2.83762
2.83757
2.83751
2.83746
2.83741
2.83736
2.83731
2.83725
2.83720
2.83715
2.83710
2.83704
2.83699
2.83694
2.83689
2.83684
2.83678
2.83673
2.83668
2.83663
2.83658
2.83652
2.83647
2.83642
2.83637
2.83631
2.83626
2.83621
2.83616
2.83611
2.83605
2.83600
2.83595
2.83590
2.83585
2.83579
2.83574
2.83569
2.83564
2.83558
2.83553
2.83548
2.83543
2.83538
2.83532
2.83527
2.83522
2.83517
2.83512
2.83506
2.83501
2.83496
2.83491
2.83485
2.83480
2.83475
2.83470
2.83465
2.83459
2.83454
2.83449
2.83444
2.83439
2.83433
2.83428
2.83423
2.83418
2.83412
2.83407
2.83402
2.83397
2.83392
2.83386
2.83381
2.83376
2.83371
2.83366
2.83360
2.83355
2.83350
2.83345
2.83339
2.83334
2.83329
2.83324
2.83319
2.83313
2.83308
2.83303
2.83298
2.83293
2.83287
2.83282
2.83277
2.83272
2.83266
2.83261
2.83256
2.83251
2.83246
2.83240
2.83235
2.83230
2.83225
2.83220
2.83214
2.83209
2.83204
2.83199
2.83193
2.83188
2.83183
2.83178
2.83173
2.83167
2.83162
2.83157
2.83152
2.83147
2.83141
2.83136
2.83131
2.83126
2.83120
2.83115
2.83110
2.83105
2.83100
2.83094
2.83089
2.83084
2.83079
2.83074
2.83068
2.83063
2.83058
2.83053
2.83047
2.83042
2.83037
2.83032
2.83027
2.83021
2.83016
2.83011
2.83006
2.83001
2.82995
2.82990
2.82985
2.82980
2.82974
2.82969
2.82964
2.82959
2.82954
2.82948
2.82943
2.82938
2.82933
2.82928
2.82922
2.82917
2.82912
2.82907
2.82901
2.82896
2.82891
2.82886
2.82881
2.82875
2.82870
2.82865
2.82860
2.82855
2.82849
2.82844
2.82839
2.82834
2.82828
2.82823
2.82818
2.82813
2.82808
2.82802
2.82797
2.82792
2.82787
2.82782
2.82776
2.82771
2.82766
2.82761
2.82755
2.82750
2.82745
2.82740
2.82735
2.82729
2.82724
2.82719
2.82714
2.82709
2.82703
2.82698
2.82693
2.82688
2.82682
2.82677
2.82672
2.82667
2.82662
2.82656
2.82651
2.82646
2.82641
2.82636
2.82630
2.82625
2.82620
2.82615
2.82609
2.82604
2.82599
2.82594
2.82589
2.82583
2.82578
2.82573
2.82568
2.82563
2.82557
2.82552
2.82547
2.82542
2.82536
2.82531
2.82526
2.82521
2.82516
2.82510
2.82505
2.82500
2.82495
2.82490
2.82484
2.82479
2.82474
2.82469
2.82463
2.82458
2.82453
2.82448
2.82443
2.82437
2.82432
2.82427
2.82422
2.82417
2.82411
2.82406
2.82401
2.82396
2.82390
2.82385
2.82380
2.82375
2.82370
2.82364
2.82359
2.82354
2.82349
2.82344
2.82338
2.82333
2.82328
2.82323
2.82317
2.82312
2.82307
2.82302
2.82297
2.82291
2.82286
2.82281
2.82276
2.82271
2.82265
2.82260
2.82255
2.82250
2.82244
2.82239
2.82234
2.82229
2.82224
2.82218
2.82213
2.82208
2.82203
2.82198
2.82192
2.82187
2.82182
2.82177
2.82171
2.82166
2.82161
2.82156
2.82151
2.82145
2.82140
2.82135
2.82130
2.82125
2.82119
2.82114
2.82109
2.82104
2.82098
2.82093
2.82088
2.82083
2.82078
2.82072
2.82067
2.82062
2.82057
2.82052
2.82046
2.82041
2.82036
2.82031
2.82025
2.82020
2.82015
2.82010
2.82005
2.81999
2.81994
2.81989
2.81984
2.81979
2.81973
2.81968
2.81963
2.81958
2.81952
2.81947
2.81942
2.81937
2.81932
2.81926
2.81921
2.81916
2.81911
2.81906
2.81900
2.81895
2.81890
2.81885
2.81879
2.81874
2.81869
2.81864
2.81859
2.81853
2.81848
2.81843
2.81838
2.81833
2.81827
2.81822
2.81817
2.81812
2.81806
2.81801
2.81796
2.81791
2.81786
2.81780
2.81775
2.81770
2.81765
2.81760
2.81754
2.81749
2.81744
2.81739
2.81733
2.81728
2.81723
2.81718
2.81713
2.81707
2.81702
2.81697
2.81692
2.81687
2.81681
2.81676
2.81671
2.81666
2.81660
2.81655
2.81650
2.81645
2.81640
2.81634
2.81629
2.81624
2.81619
2.81614
2.81608
2.81603
2.81598
2.81593
2.81587
2.81582
2.81577
2.81572
2.81567
2.81561
2.81556
2.81551
2.81546
2.81541
2.81535
2.81530
2.81525
2.81520
2.81514
2.81509
2.81504
2.81499
2.81494
2.81488
2.81483
2.81478
2.81473
2.81468
2.81462
2.81457
2.81452
2.81447
2.81441
2.81436
2.81431
2.81426
2.81421
2.81415
2.81410
2.81405
2.81400
2.81395
2.81389
2.81384
2.81379
2.81374
2.81368
2.81363
2.81358
2.81353
2.81348
2.81342
2.81337
2.81332
2.81327
2.81322
2.81316
2.81311
2.81306
2.81301
2.81295
2.81290
2.81285
2.81280
2.81275
2.81269
2.81264
2.81259
2.81254
2.81249
2.81243
2.81238
2.81233
2.81228
2.81222
2.81217
2.81212
2.81207
2.81202
2.81196
2.81191
2.81186
2.81181
2.81176
2.81170
2.81165
2.81160
2.81155
2.81149
2.81144
2.81139
2.81134
2.81129
2.81123
2.81118
2.81113
2.81108
2.81103
2.81097
2.81092
2.81087
2.81082
2.81076
2.81071
2.81066
2.81061
2.81056
2.81050
2.81045
2.81040
2.81035
2.81030
2.81024
2.81019
2.81014
2.81009
2.81003
2.80998
2.80993
2.80988
2.80983
2.80977
2.80972
2.80967
2.80962
2.80957
2.80951
2.80946
2.80941
2.80936
2.80930
2.80925
2.80920
2.80915
2.80910
2.80904
2.80899
2.80894
2.80889
2.80884
2.80878
2.80873
2.80868
2.80863
2.80858
2.80852
2.80847
2.80842
2.80837
2.80831
2.80826
2.80821
2.80816
2.80811
2.80805
2.80800
2.80795
2.80790
2.80785
2.80779
2.80774
2.80769
2.80764
2.80758
2.80753
2.80748
2.80743
2.80738
2.80732
2.80727
2.80722
2.80717
2.80712
2.80706
2.80701
2.80696
2.80691
2.80685
2.80680
2.80675
2.80670
2.80665
2.80659
2.80654
2.80649
2.80644
2.80639
2.80633
2.80628
2.80623
2.80618
2.80612
2.80607
2.80602
2.80597
2.80592
2.80586
2.80581
2.80576
2.80571
2.80566
2.80560
2.80555
2.80550
2.80545
2.80539
2.80534
2.80529
2.80524
2.80519
2.80513
2.80508
2.80503
2.80498
2.80493
2.80487
2.80482
2.80477
2.80472
2.80466
2.80461
2.80456
2.80451
2.80446
2.80440
2.80435
2.80430
2.80425
2.80420
2.80414
2.80409
2.80404
2.80399
2.80393
2.80388
2.80383
2.80378
2.80373
2.80367
2.80362
2.80357
2.80352
2.80347
2.80341
2.80336
2.80331
2.80326
2.80320
2.80315
2.80310
2.80305
2.80300
2.80294
2.80289
2.80284
2.80279
2.80274
2.80268
2.80263
2.80258
2.80253
2.80247
2.80242
2.80237
2.80232
2.80227
2.80221
2.80216
2.80211
2.80206
2.80201
2.80195
2.80190
2.80185
2.80180
2.80174
2.80169
2.80164
2.80159
2.80154
2.80148
2.80143
2.80138
2.80133
2.80128
2.80122
2.80117
2.80112
2.80107
2.80101
2.80096
2.80091
2.80086
2.80081
2.80075
2.80070
2.80065
2.80060
2.80055
2.80049
2.80044
2.80039
2.80034
2.80028
2.80023
2.80018
2.80013
2.80008
2.80002
2.79997
2.79992
2.79987
2.79982
2.79976
2.79971
2.79966
2.79961
2.79955
2.79950
2.79945
2.79940
2.79935
2.79929
2.79924
2.79919
2.79914
2.79909
2.79903
2.79898
2.79893
2.79888
2.79882
2.79877
2.79872
2.79867
2.79862
2.79856
2.79851
2.79846
2.79841
2.79836
2.79830
2.79825
2.79820
2.79815
2.79809
2.79804
2.79799
2.79794
2.79789
2.79783
2.79778
2.79773
2.79768
2.79763
2.79757
2.79752
2.79747
2.79742
2.79736
2.79731
2.79726
2.79721
2.79716
2.79710
2.79705
2.79700
2.79695
2.79690
2.79684
2.79679
2.79674
2.79669
2.79663
2.79658
2.79653
2.79648
2.79643
2.79637
2.79632
2.79627
2.79622
2.79617
2.79611
2.79606
2.79601
2.79596
2.79590
2.79585
2.79580
2.79575
2.79570
2.79564
2.79559
2.79554
2.79549
2.79544
2.79538
2.79533
2.79528
2.79523
2.79517
2.79512
2.79507
2.79502
2.79497
2.79491
2.79486
2.79481
2.79476
2.79471
2.79465
2.79460
2.79455
2.79450
2.79444
2.79439
2.79434
2.79429
2.79424
2.79418
2.79413
2.79408
2.79403
2.79398
2.79392
2.79387
2.79382
2.79377
2.79371
2.79366
2.79361
2.79356
2.79351
2.79345
2.79340
2.79335
2.79330
2.79325
2.79319
2.79314
2.79309
2.79304
2.79298
2.79293
2.79288
2.79283
2.79278
2.79272
2.79267
2.79262
2.79257
2.79252
2.79246
2.79241
2.79236
2.79231
2.79225
2.79220
2.79215
2.79210
2.79205
2.79199
2.79194
2.79189
2.79184
2.79179
2.79173
2.79168
2.79163
2.79158
2.79152
2.79147
2.79142
2.79137
2.79132
2.79126
2.79121
2.79116
2.79111
2.79106
2.79100
2.79095
2.79090
2.79085
2.79079
2.79074
2.79069
2.79064
2.79059
2.79053
2.79048
2.79043
2.79038
2.79033
2.79027
2.79022
2.79017
2.79012
2.79007
2.79001
2.78996
2.78991
2.78986
2.78980
2.78975
2.78970
2.78965
2.78960
2.78954
2.78949
2.78944
2.78939
2.78934
2.78928
2.78923
2.78918
2.78913
2.78907
2.78902
2.78897
2.78892
2.78887
2.78881
2.78876
2.78871
2.78866
2.78861
2.78855
2.78850
2.78845
2.78840
2.78834
2.78829
2.78824
2.78819
2.78814
2.78808
2.78803
2.78798
2.78793
2.78788
2.78782
2.78777
2.78772
2.78767
2.78761
2.78756
2.78751
2.78746
2.78741
2.78735
2.78730
2.78725
2.78720
2.78715
2.78709
2.78704
2.78699
2.78694
2.78688
2.78683
2.78678
2.78673
2.78668
2.78662
2.78657
2.78652
2.78647
2.78642
2.78636
2.78631
2.78626
2.78621
2.78615
2.78610
2.78605
2.78600
2.78595
2.78589
2.78584
2.78579
2.78574
2.78569
2.78563
2.78558
2.78553
2.78548
2.78542
2.78537
2.78532
2.78527
2.78522
2.78516
2.78511
2.78506
2.78501
2.78496
2.78490
2.78485
2.78480
2.78475
2.78469
2.78464
2.78459
2.78454
2.78449
2.78443
2.78438
2.78433
2.78428
2.78423
2.78417
2.78412
2.78407
2.78402
2.78396
2.78391
2.78386
2.78381
2.78376
2.78370
2.78365
2.78360
2.78355
2.78350
2.78344
2.78339
2.78334
2.78329
2.78323
2.78318
2.78313
2.78308
2.78303
2.78297
2.78292
2.78287
2.78282
2.78277
2.78271
2.78266
2.78261
2.78256
2.78250
2.78245
2.78240
2.78235
2.78230
2.78224
2.78219
2.78214
2.78209
2.78204
2.78198
2.78193
2.78188
2.78183
2.78177
2.78172
2.78167
2.78162
2.78157
2.78151
2.78146
2.78141
2.78136
2.78131
2.78125
2.78120
2.78115
2.78110
2.78104
2.78099
2.78094
2.78089
2.78084
2.78078
2.78073
2.78068
2.78063
2.78058
2.78052
2.78047
2.78042
2.78037
2.78031
2.78026
2.78021
2.78016
2.78011
2.78005
2.78000
2.77995
2.77990
2.77985
2.77979
2.77974
2.77969
2.77964
2.77958
2.77953
2.77948
2.77943
2.77938
2.77932
2.77927
2.77922
2.77917
2.77912
2.77906
2.77901
2.77896
2.77891
2.77885
2.77880
2.77875
2.77870
2.77865
2.77859
2.77854
2.77849
2.77844
2.77839
2.77833
2.77828
2.77823
2.77818
2.77812
2.77807
2.77802
2.77797
2.77792
2.77786
2.77781
2.77776
2.77771
2.77766
2.77760
2.77755
2.77750
2.77745
2.77739
2.77734
2.77729
2.77724
2.77719
2.77713
2.77708
2.77703
2.77698
2.77693
2.77687
2.77682
2.77677
2.77672
2.77667
2.77661
2.77656
2.77651
2.77646
2.77640
2.77635
2.77630
2.77625
2.77620
2.77614
2.77609
2.77604
2.77599
2.77594
2.77588
2.77583
2.77578
2.77573
2.77567
2.77562
2.77557
2.77552
2.77547
2.77541
2.77536
2.77531
2.77526
2.77521
2.77515
2.77510
2.77505
2.77500
2.77494
2.77489
2.77484
2.77479
2.77474
2.77468
2.77463
2.77458
2.77453
2.77448
2.77442
2.77437
2.77432
2.77427
2.77421
2.77416
2.77411
2.77406
2.77401
2.77395
2.77390
2.77385
2.77380
2.77375
2.77369
2.77364
2.77359
2.77354
2.77348
2.77343
2.77338
2.77333
2.77328
2.77322
2.77317
2.77312
2.77307
2.77302
2.77296
2.77291
2.77286
2.77281
2.77275
2.77270
2.77265
2.77260
2.77255
2.77249
2.77244
2.77239
2.77234
2.77229
2.77223
2.77218
2.77213
2.77208
2.77202
2.77197
2.77192
2.77187
2.77182
2.77176
2.77171
2.77166
2.77161
2.77156
2.77150
2.77145
2.77140
2.77135
2.77129
2.77124
2.77119
2.77114
2.77109
2.77103
2.77098
2.77093
2.77088
2.77083
2.77077
2.77072
2.77067
2.77062
2.77056
2.77051
2.77046
2.77041
2.77036
2.77030
2.77025
2.77020
2.77015
2.77010
2.77004
2.76999
2.76994
2.76989
2.76983
2.76978
2.76973
2.76968
2.76963
2.76957
2.76952
2.76947
2.76942
2.76937
2.76931
2.76926
2.76921
2.76916
2.76910
2.76905
2.76900
2.76895
2.76890
2.76884
2.76879
2.76874
2.76869
2.76864
2.76858
2.76853
2.76848
2.76843
2.76837
2.76832
2.76827
2.76822
2.76817
2.76811
2.76806
2.76801
2.76796
2.76791
2.76785
2.76780
2.76775
2.76770
2.76764
2.76759
2.76754
2.76749
2.76744
2.76738
2.76733
2.76728
2.76723
2.76718
2.76712
2.76707
2.76702
2.76697
2.76691
2.76686
2.76681
2.76676
2.76671
2.76665
2.76660
2.76655
2.76650
2.76645
2.76639
2.76634
2.76629
2.76624
2.76619
2.76613
2.76608
2.76603
2.76598
2.76592
2.76587
2.76582
2.76577
2.76572
2.76566
2.76561
2.76556
2.76551
2.76546
2.76540
2.76535
2.76530
2.76525
2.76519
2.76514
2.76509
2.76504
2.76499
2.76493
2.76488
2.76483
2.76478
2.76473
2.76467
2.76462
2.76457
2.76452
2.76446
2.76441
2.76436
2.76431
2.76426
2.76420
2.76415
2.76410
2.76405
2.76400
2.76394
2.76389
2.76384
2.76379
2.76373
2.76368
2.76363
2.76358
2.76353
2.76347
2.76342
2.76337
2.76332
2.76327
2.76321
2.76316
2.76311
2.76306
2.76300
2.76295
2.76290
2.76285
2.76280
2.76274
2.76269
2.76264
2.76259
2.76254
2.76248
2.76243
2.76238
2.76233
2.76227
2.76222
2.76217
2.76212
2.76207
2.76201
2.76196
2.76191
2.76186
2.76181
2.76175
2.76170
2.76165
2.76160
2.76154
2.76149
2.76144
2.76139
2.76134
2.76128
2.76123
2.76118
2.76113
2.76108
2.76102
2.76097
2.76092
2.76087
2.76081
2.76076
2.76071
2.76066
2.76061
2.76055
2.76050
2.76045
2.76040
2.76035
2.76029
2.76024
2.76019
2.76014
2.76008
2.76003
2.75998
2.75993
2.75988
2.75982
2.75977
2.75972
2.75967
2.75962
2.75956
2.75951
2.75946
2.75941
2.75935
2.75930
2.75925
2.75920
2.75915
2.75909
2.75904
2.75899
2.75894
2.75889
2.75883
2.75878
2.75873
2.75868
2.75862
2.75857
2.75852
2.75847
2.75842
2.75836
2.75831
2.75826
2.75821
2.75816
2.75810
2.75805
2.75800
2.75795
2.75789
2.75784
2.75779
2.75774
2.75769
2.75763
2.75758
2.75753
2.75748
2.75743
2.75737
2.75732
2.75727
2.75722
2.75716
2.75711
2.75706
2.75701
2.75696
2.75690
2.75685
2.75680
2.75675
2.75670
2.75664
2.75659
2.75654
2.75649
2.75644
2.75638
2.75633
2.75628
2.75623
2.75617
2.75612
2.75607
2.75602
2.75597
2.75591
2.75586
2.75581
2.75576
2.75571
2.75565
2.75560
2.75555
2.75550
2.75544
2.75539
2.75534
2.75529
2.75524
2.75518
2.75513
2.75508
2.75503
2.75498
2.75492
2.75487
2.75482
2.75477
2.75471
2.75466
2.75461
2.75456
2.75451
2.75445
2.75440
2.75435
2.75430
2.75425
2.75419
2.75414
2.75409
2.75404
2.75398
2.75393
2.75388
2.75383
2.75378
2.75372
2.75367
2.75362
2.75357
2.75352
2.75346
2.75341
2.75336
2.75331
2.75325
2.75320
2.75315
2.75310
2.75305
2.75299
2.75294
2.75289
2.75284
2.75279
2.75273
2.75268
2.75263
2.75258
2.75252
2.75247
2.75242
2.75237
2.75232
2.75226
2.75221
2.75216
2.75211
2.75206
2.75200
2.75195
2.75190
2.75185
2.75179
2.75174
2.75169
2.75164
2.75159
2.75153
2.75148
2.75143
2.75138
2.75133
2.75127
2.75122
2.75117
2.75112
2.75106
2.75101
2.75096
2.75091
2.75086
2.75080
2.75075
2.75070
2.75065
2.75060
2.75054
2.75049
2.75044
2.75039
2.75033
2.75028
2.75023
2.75018
2.75013
2.75007
2.75002
2.74997
2.74992
2.74987
2.74981
2.74976
2.74971
2.74966
2.74960
2.74955
2.74950
2.74945
2.74940
2.74934
2.74929
2.74924
2.74919
2.74914
2.74908
2.74903
2.74898
2.74893
2.74887
2.74882
2.74877
2.74872
2.74867
2.74861
2.74856
2.74851
2.74846
2.74841
2.74835
2.74830
2.74825
2.74820
2.74815
2.74809
2.74804
2.74799
2.74794
2.74788
2.74783
2.74778
2.74773
2.74768
2.74762
2.74757
2.74752
2.74747
2.74742
2.74736
2.74731
2.74726
2.74721
2.74715
2.74710
2.74705
2.74700
2.74695
2.74689
2.74684
2.74679
2.74674
2.74669
2.74663
2.74658
2.74653
2.74648
2.74642
2.74637
2.74632
2.74627
2.74622
2.74616
2.74611
2.74606
2.74601
2.74596
2.74590
2.74585
2.74580
2.74575
2.74569
2.74564
2.74559
2.74554
2.74549
2.74543
2.74538
2.74533
2.74528
2.74523
2.74517
2.74512
2.74507
2.74502
2.74496
2.74491
2.74486
2.74481
2.74476
2.74470
2.74465
2.74460
2.74455
2.74450
2.74444
2.74439
2.74434
2.74429
2.74423
2.74418
2.74413
2.74408
2.74403
2.74397
2.74392
2.74387
2.74382
2.74377
2.74371
2.74366
2.74361
2.74356
2.74350
2.74345
2.74340
2.74335
2.74330
2.74324
2.74319
2.74314
2.74309
2.74304
2.74298
2.74293
2.74288
2.74283
2.74277
2.74272
2.74267
2.74262
2.74257
2.74251
2.74246
2.74241
2.74236
2.74231
2.74225
2.74220
2.74215
2.74210
2.74204
2.74199
2.74194
2.74189
2.74184
2.74178
2.74173
2.74168
2.74163
2.74158
2.74152
2.74147
2.74142
2.74137
2.74131
2.74126
2.74121
2.74116
2.74111
2.74105
2.74100
2.74095
2.74090
2.74085
2.74079
2.74074
2.74069
2.74064
2.74059
2.74053
2.74048
2.74043
2.74038
2.74032
2.74027
2.74022
2.74017
2.74012
2.74006
2.74001
2.73996
2.73991
2.73986
2.73980
2.73975
2.73970
2.73965
2.73959
2.73954
2.73949
2.73944
2.73939
2.73933
2.73928
2.73923
2.73918
2.73913
2.73907
2.73902
2.73897
2.73892
2.73886
2.73881
2.73876
2.73871
2.73866
2.73860
2.73855
2.73850
2.73845
2.73840
2.73834
2.73829
2.73824
2.73819
2.73813
2.73808
2.73803
2.73798
2.73793
2.73787
2.73782
2.73777
2.73772
2.73767
2.73761
2.73756
2.73751
2.73746
2.73740
2.73735
2.73730
2.73725
2.73720
2.73714
2.73709
2.73704
2.73699
2.73694
2.73688
2.73683
2.73678
2.73673
2.73667
2.73662
2.73657
2.73652
2.73647
2.73641
2.73636
2.73631
2.73626
2.73621
2.73615
2.73610
2.73605
2.73600
2.73594
2.73589
2.73584
2.73579
2.73574
2.73568
2.73563
2.73558
2.73553
2.73548
2.73542
2.73537
2.73532
2.73527
2.73521
2.73516
2.73511
2.73506
2.73501
2.73495
2.73490
2.73485
2.73480
2.73475
2.73469
2.73464
2.73459
2.73454
2.73448
2.73443
2.73438
2.73433
2.73428
2.73422
2.73417
2.73412
2.73407
2.73402
2.73396
2.73391
2.73386
2.73381
2.73375
2.73370
2.73365
2.73360
2.73355
2.73349
2.73344
2.73339
2.73334
2.73329
2.73323
2.73318
2.73313
2.73308
2.73303
2.73297
2.73292
2.73287
2.73282
2.73276
2.73271
2.73266
2.73261
2.73256
2.73250
2.73245
2.73240
2.73235
2.73230
2.73224
2.73219
2.73214
2.73209
2.73203
2.73198
2.73193
2.73188
2.73183
2.73177
2.73172
2.73167
2.73162
2.73157
2.73151
2.73146
2.73141
2.73136
2.73130
2.73125
2.73120
2.73115
2.73110
2.73104
2.73099
2.73094
2.73089
2.73084
2.73078
2.73073
2.73068
2.73063
2.73057
2.73052
2.73047
2.73042
2.73037
2.73031
2.73026
2.73021
2.73016
2.73011
2.73005
2.73000
2.72995
2.72990
2.72984
2.72979
2.72974
2.72969
2.72964
2.72958
2.72953
2.72948
2.72943
2.72938
2.72932
2.72927
2.72922
2.72917
2.72911
2.72906
2.72901
2.72896
2.72891
2.72885
2.72880
2.72875
2.72870
2.72865
2.72859
2.72854
2.72849
2.72844
2.72838
2.72833
2.72828
2.72823
2.72818
2.72812
2.72807
2.72802
2.72797
2.72792
2.72786
2.72781
2.72776
2.72771
2.72765
2.72760
2.72755
2.72750
2.72745
2.72739
2.72734
2.72729
2.72724
2.72719
2.72713
2.72708
2.72703
2.72698
2.72693
2.72687
2.72682
2.72677
2.72672
2.72666
2.72661
2.72656
2.72651
2.72646
2.72640
2.72635
2.72630
2.72625
2.72620
2.72614
2.72609
2.72604
2.72599
2.72593
2.72588
2.72583
2.72578
2.72573
2.72567
2.72562
2.72557
2.72552
2.72547
2.72541
2.72536
2.72531
2.72526
2.72520
2.72515
2.72510
2.72505
2.72500
2.72494
2.72489
2.72484
2.72479
2.72474
2.72468
2.72463
2.72458
2.72453
2.72447
2.72442
2.72437
2.72432
2.72427
2.72421
2.72416
2.72411
2.72406
2.72401
2.72395
2.72390
2.72385
2.72380
2.72374
2.72369
2.72364
2.72359
2.72354
2.72348
2.72343
2.72338
2.72333
2.72328
2.72322
2.72317
2.72312
2.72307
2.72301
2.72296
2.72291
2.72286
2.72281
2.72275
2.72270
2.72265
2.72260
2.72255
2.72249
2.72244
2.72239
2.72234
2.72228
2.72223
2.72218
2.72213
2.72208
2.72202
2.72197
2.72192
2.72187
2.72182
2.72176
2.72171
2.72166
2.72161
2.72155
2.72150
2.72145
2.72140
2.72135
2.72129
2.72124
2.72119
2.72114
2.72109
2.72103
2.72098
2.72093
2.72088
2.72082
2.72077
2.72072
2.72067
2.72062
2.72056
2.72051
2.72046
2.72041
2.72036
2.72030
2.72025
2.72020
2.72015
2.72010
2.72004
2.71999
2.71994
2.71989
2.71983
2.71978
2.71973
2.71968
2.71963
2.71957
2.71952
2.71947
2.71942
2.71937
2.71931
2.71926
2.71921
2.71916
2.71910
2.71905
2.71900
2.71895
2.71890
2.71884
2.71879
2.71874
2.71869
2.71864
2.71858
2.71853
2.71848
2.71843
2.71837
2.71832
2.71827
2.71822
2.71817
2.71811
2.71806
2.71801
2.71796
2.71791
2.71785
2.71780
2.71775
2.71770
2.71764
2.71759
2.71754
2.71749
2.71744
2.71738
2.71733
2.71728
2.71723
2.71718
2.71712
2.71707
2.71702
2.71697
2.71691
2.71686
2.71681
2.71676
2.71671
2.71665
2.71660
2.71655
2.71650
2.71645
2.71639
2.71634
2.71629
2.71624
2.71618
2.71613
2.71608
2.71603
2.71598
2.71592
2.71587
2.71582
2.71577
2.71572
2.71566
2.71561
2.71556
2.71551
2.71545
2.71540
2.71535
2.71530
2.71525
2.71519
2.71514
2.71509
2.71504
2.71499
2.71493
2.71488
2.71483
2.71478
2.71473
2.71467
2.71462
2.71457
2.71452
2.71446
2.71441
2.71436
2.71431
2.71426
2.71420
2.71415
2.71410
2.71405
2.71400
2.71394
2.71389
2.71384
2.71379
2.71373
2.71368
2.71363
2.71358
2.71353
2.71347
2.71342
2.71337
2.71332
2.71327
2.71321
2.71316
2.71311
2.71306
2.71300
2.71295
2.71290
2.71285
2.71280
2.71274
2.71269
2.71264
2.71259
2.71254
2.71248
2.71243
2.71238
2.71233
2.71227
2.71222
2.71217
2.71212
2.71207
2.71201
2.71196
2.71191
2.71186
2.71181
2.71175
2.71170
2.71165
2.71160
2.71154
2.71149
2.71144
2.71139
2.71134
2.71128
2.71123
2.71118
2.71113
2.71108
2.71102
2.71097
2.71092
2.71087
2.71081
2.71076
2.71071
2.71066
2.71061
2.71055
2.71050
2.71045
2.71040
2.71035
2.71029
2.71024
2.71019
2.71014
2.71008
2.71003
2.70998
2.70993
2.70988
2.70982
2.70977
2.70972
2.70967
2.70962
2.70956
2.70951
2.70946
2.70941
2.70935
2.70930
2.70925
2.70920
2.70915
2.70909
2.70904
2.70899
2.70894
2.70889
2.70883
2.70878
2.70873
2.70868
2.70863
2.70857
2.70852
2.70847
2.70842
2.70836
2.70831
2.70826
2.70821
2.70816
2.70810
2.70805
2.70800
2.70795
2.70790
2.70784
2.70779
2.70774
2.70769
2.70763
2.70758
2.70753
2.70748
2.70743
2.70737
2.70732
2.70727
2.70722
2.70717
2.70711
2.70706
2.70701
2.70696
2.70690
2.70685
2.70680
2.70675
2.70670
2.70664
2.70659
2.70654
2.70649
2.70644
2.70638
2.70633
2.70628
2.70623
2.70617
2.70612
2.70607
2.70602
2.70597
2.70591
2.70586
2.70581
2.70576
2.70571
2.70565
2.70560
2.70555
2.70550
2.70544
2.70539
2.70534
2.70529
2.70524
2.70518
2.70513
2.70508
2.70503
2.70498
2.70492
2.70487
2.70482
2.70477
2.70471
2.70466
2.70461
2.70456
2.70451
2.70445
2.70440
2.70435
2.70430
2.70425
2.70419
2.70414
2.70409
2.70404
2.70398
2.70393
2.70388
2.70383
2.70378
2.70372
2.70367
2.70362
2.70357
2.70352
2.70346
2.70341
2.70336
2.70331
2.70326
2.70320
2.70315
2.70310
2.70305
2.70299
2.70294
2.70289
2.70284
2.70279
2.70273
2.70268
2.70263
2.70258
2.70253
2.70247
2.70242
2.70237
2.70232
2.70226
2.70221
2.70216
2.70211
2.70206
2.70200
2.70195
2.70190
2.70185
2.70180
2.70174
2.70169
2.70164
2.70159
2.70153
2.70148
2.70143
2.70138
2.70133
2.70127
2.70122
2.70117
2.70112
2.70107
2.70101
2.70096
2.70091
2.70086
2.70080
2.70075
2.70070
2.70065
2.70060
2.70054
2.70049
2.70044
2.70039
2.70034
2.70028
2.70023
2.70018
2.70013
2.70007
2.70002
2.69997
2.69992
2.69987
2.69981
2.69976
2.69971
2.69966
2.69961
2.69955
2.69950
2.69945
2.69940
2.69934
2.69929
2.69924
2.69919
2.69914
2.69908
2.69903
2.69898
2.69893
2.69888
2.69882
2.69877
2.69872
2.69867
2.69861
2.69856
2.69851
2.69846
2.69841
2.69835
2.69830
2.69825
2.69820
2.69815
2.69809
2.69804
2.69799
2.69794
2.69789
2.69783
2.69778
2.69773
2.69768
2.69762
2.69757
2.69752
2.69747
2.69742
2.69736
2.69731
2.69726
2.69721
2.69716
2.69710
2.69705
2.69700
2.69695
2.69689
2.69684
2.69679
2.69674
2.69669
2.69663
2.69658
2.69653
2.69648
2.69643
2.69637
2.69632
2.69627
2.69622
2.69616
2.69611
2.69606
2.69601
2.69596
2.69590
2.69585
2.69580
2.69575
2.69570
2.69564
2.69559
2.69554
2.69549
2.69543
2.69538
2.69533
2.69528
2.69523
2.69517
2.69512
2.69507
2.69502
2.69497
2.69491
2.69486
2.69481
2.69476
2.69470
2.69465
2.69460
2.69455
2.69450
2.69444
2.69439
2.69434
2.69429
2.69424
2.69418
2.69413
2.69408
2.69403
2.69397
2.69392
2.69387
2.69382
2.69377
2.69371
2.69366
2.69361
2.69356
2.69351
2.69345
2.69340
2.69335
2.69330
2.69325
2.69319
2.69314
2.69309
2.69304
2.69298
2.69293
2.69288
2.69283
2.69278
2.69272
2.69267
2.69262
2.69257
2.69252
2.69246
2.69241
2.69236
2.69231
2.69225
2.69220
2.69215
2.69210
2.69205
2.69199
2.69194
2.69189
2.69184
2.69179
2.69173
2.69168
2.69163
2.69158
2.69152
2.69147
2.69142
2.69137
2.69132
2.69126
2.69121
2.69116
2.69111
2.69106
2.69100
2.69095
2.69090
2.69085
2.69079
2.69074
2.69069
2.69064
2.69059
2.69053
2.69048
2.69043
2.69038
2.69033
2.69027
2.69022
2.69017
2.69012
2.69006
2.69001
2.68996
2.68991
2.68986
2.68980
2.68975
2.68970
2.68965
2.68960
2.68954
2.68949
2.68944
2.68939
2.68933
2.68928
2.68923
2.68918
2.68913
2.68907
2.68902
2.68897
2.68892
2.68887
2.68881
2.68876
2.68871
2.68866
2.68860
2.68855
2.68850
2.68845
2.68840
2.68834
2.68829
2.68824
2.68819
2.68814
2.68808
2.68803
2.68798
2.68793
2.68788
2.68782
2.68777
2.68772
2.68767
2.68761
2.68756
2.68751
2.68746
2.68741
2.68735
2.68730
2.68725
2.68720
2.68715
2.68709
2.68704
2.68699
2.68694
2.68688
2.68683
2.68678
2.68673
2.68668
2.68662
2.68657
2.68652
2.68647
2.68642
2.68636
2.68631
2.68626
2.68621
2.68615
2.68610
2.68605
2.68600
2.68595
2.68589
2.68584
2.68579
2.68574
2.68569
2.68563
2.68558
2.68553
2.68548
2.68542
2.68537
2.68532
2.68527
2.68522
2.68516
2.68511
2.68506
2.68501
2.68496
2.68490
2.68485
2.68480
2.68475
2.68469
2.68464
2.68459
2.68454
2.68449
2.68443
2.68438
2.68433
2.68428
2.68423
2.68417
2.68412
2.68407
2.68402
2.68396
2.68391
2.68386
2.68381
2.68376
2.68370
2.68365
2.68360
2.68355
2.68350
2.68344
2.68339
2.68334
2.68329
2.68324
2.68318
2.68313
2.68308
2.68303
2.68297
2.68292
2.68287
2.68282
2.68277
2.68271
2.68266
2.68261
2.68256
2.68251
2.68245
2.68240
2.68235
2.68230
2.68224
2.68219
2.68214
2.68209
2.68204
2.68198
2.68193
2.68188
2.68183
2.68178
2.68172
2.68167
2.68162
2.68157
2.68151
2.68146
2.68141
2.68136
2.68131
2.68125
2.68120
2.68115
2.68110
2.68105
2.68099
2.68094
2.68089
2.68084
2.68078
2.68073
2.68068
2.68063
2.68058
2.68052
2.68047
2.68042
2.68037
2.68032
2.68026
2.68021
2.68016
2.68011
2.68005
2.68000
2.67995
2.67990
2.67985
2.67979
2.67974
2.67969
2.67964
2.67959
2.67953
2.67948
2.67943
2.67938
2.67932
2.67927
2.67922
2.67917
2.67912
2.67906
2.67901
2.67896
2.67891
2.67886
2.67880
2.67875
2.67870
2.67865
2.67860
2.67854
2.67849
2.67844
2.67839
2.67833
2.67828
2.67823
2.67818
2.67813
2.67807
2.67802
2.67797
2.67792
2.67787
2.67781
2.67776
2.67771
2.67766
2.67760
2.67755
2.67750
2.67745
2.67740
2.67734
2.67729
2.67724
2.67719
2.67714
2.67708
2.67703
2.67698
2.67693
2.67687
2.67682
2.67677
2.67672
2.67667
2.67661
2.67656
2.67651
2.67646
2.67641
2.67635
2.67630
2.67625
2.67620
2.67614
2.67609
2.67604
2.67599
2.67594
2.67588
2.67583
2.67578
2.67573
2.67568
2.67562
2.67557
2.67552
2.67547
2.67541
2.67536
2.67531
2.67526
2.67521
2.67515
2.67510
2.67505
2.67500
2.67495
2.67489
2.67484
2.67479
2.67474
2.67469
2.67463
2.67458
2.67453
2.67448
2.67442
2.67437
2.67432
2.67427
2.67422
2.67416
2.67411
2.67406
2.67401
2.67396
2.67390
2.67385
2.67380
2.67375
2.67369
2.67364
2.67359
2.67354
2.67349
2.67343
2.67338
2.67333
2.67328
2.67323
2.67317
2.67312
2.67307
2.67302
2.67296
2.67291
2.67286
2.67281
2.67276
2.67270
2.67265
2.67260
2.67255
2.67250
2.67244
2.67239
2.67234
2.67229
2.67223
2.67218
2.67213
2.67208
2.67203
2.67197
2.67192
2.67187
2.67182
2.67177
2.67171
2.67166
2.67161
2.67156
2.67150
2.67145
2.67140
2.67135
2.67130
2.67124
2.67119
2.67114
2.67109
2.67104
2.67098
2.67093
2.67088
2.67083
2.67077
2.67072
2.67067
2.67062
2.67057
2.67051
2.67046
2.67041
2.67036
2.67031
2.67025
2.67020
2.67015
2.67010
2.67005
2.66999
2.66994
2.66989
2.66984
2.66978
2.66973
2.66968
2.66963
2.66958
2.66952
2.66947
2.66942
2.66937
2.66932
2.66926
2.66921
2.66916
2.66911
2.66905
2.66900
2.66895
2.66890
2.66885
2.66879
2.66874
2.66869
2.66864
2.66859
2.66853
2.66848
2.66843
2.66838
2.66832
2.66827
2.66822
2.66817
2.66812
2.66806
2.66801
2.66796
2.66791
2.66786
2.66780
2.66775
2.66770
2.66765
2.66759
2.66754
2.66749
2.66744
2.66739
2.66733
2.66728
2.66723
2.66718
2.66713
2.66707
2.66702
2.66697
2.66692
2.66686
2.66681
2.66676
2.66671
2.66666
2.66660
2.66655
2.66650
2.66645
2.66640
2.66634
2.66629
2.66624
2.66619
2.66614
2.66608
2.66603
2.66598
2.66593
2.66587
2.66582
2.66577
2.66572
2.66567
2.66561
2.66556
2.66551
2.66546
2.66541
2.66535
2.66530
2.66525
2.66520
2.66514
2.66509
2.66504
2.66499
2.66494
2.66488
2.66483
2.66478
2.66473
2.66468
2.66462
2.66457
2.66452
2.66447
2.66441
2.66436
2.66431
2.66426
2.66421
2.66415
2.66410
2.66405
2.66400
2.66395
2.66389
2.66384
2.66379
2.66374
2.66368
2.66363
2.66358
2.66353
2.66348
2.66342
2.66337
2.66332
2.66327
2.66322
2.66316
2.66311
2.66306
2.66301
2.66295
2.66290
2.66285
2.66280
2.66275
2.66269
2.66264
2.66259
2.66254
2.66249
2.66243
2.66238
2.66233
2.66228
2.66222
2.66217
2.66212
2.66207
2.66202
2.66196
2.66191
2.66186
2.66181
2.66176
2.66170
2.66165
2.66160
2.66155
2.66150
2.66144
2.66139
2.66134
2.66129
2.66123
2.66118
2.66113
2.66108
2.66103
2.66097
2.66092
2.66087
2.66082
2.66077
2.66071
2.66066
2.66061
2.66056
2.66050
2.66045
2.66040
2.66035
2.66030
2.66024
2.66019
2.66014
2.66009
2.66004
2.65998
2.65993
2.65988
2.65983
2.65977
2.65972
2.65967
2.65962
2.65957
2.65951
2.65946
2.65941
2.65936
2.65931
2.65925
2.65920
2.65915
2.65910
2.65904
2.65899
2.65894
2.65889
2.65884
2.65878
2.65873
2.65868
2.65863
2.65858
2.65852
2.65847
2.65842
2.65837
2.65831
2.65826
2.65821
2.65816
2.65811
2.65805
2.65800
2.65795
2.65790
2.65785
2.65779
2.65774
2.65769
2.65764
2.65759
2.65753
2.65748
2.65743
2.65738
2.65732
2.65727
2.65722
2.65717
2.65712
2.65706
2.65701
2.65696
2.65691
2.65686
2.65680
2.65675
2.65670
2.65665
2.65659
2.65654
2.65649
2.65644
2.65639
2.65633
2.65628
2.65623
2.65618
2.65613
2.65607
2.65602
2.65597
2.65592
2.65586
2.65581
2.65576
2.65571
2.65566
2.65560
2.65555
2.65550
2.65545
2.65540
2.65534
2.65529
2.65524
2.65519
2.65513
2.65508
2.65503
2.65498
2.65493
2.65487
2.65482
2.65477
2.65472
2.65467
2.65461
2.65456
2.65451
2.65446
2.65440
2.65435
2.65430
2.65425
2.65420
2.65414
2.65409
2.65404
2.65399
2.65394
2.65388
2.65383
2.65378
2.65373
2.65368
2.65362
2.65357
2.65352
2.65347
2.65341
2.65336
2.65331
2.65326
2.65321
2.65315
2.65310
2.65305
2.65300
2.65295
2.65289
2.65284
2.65279
2.65274
2.65268
2.65263
2.65258
2.65253
2.65248
2.65242
2.65237
2.65232
2.65227
2.65222
2.65216
2.65211
2.65206
2.65201
2.65195
2.65190
2.65185
2.65180
2.65175
2.65169
2.65164
2.65159
2.65154
2.65149
2.65143
2.65138
2.65133
2.65128
2.65122
2.65117
2.65112
2.65107
2.65102
2.65096
2.65091
2.65086
2.65081
2.65076
2.65070
2.65065
2.65060
2.65055
2.65049
2.65044
2.65039
2.65034
2.65029
2.65023
2.65018
2.65013
2.65008
2.65003
2.64997
2.64992
2.64987
2.64982
2.64977
2.64971
2.64966
2.64961
2.64956
2.64950
2.64945
2.64940
2.64935
2.64930
2.64924
2.64919
2.64914
2.64909
2.64904
2.64898
2.64893
2.64888
2.64883
2.64877
2.64872
2.64867
2.64862
2.64857
2.64851
2.64846
2.64841
2.64836
2.64831
2.64825
2.64820
2.64815
2.64810
2.64804
2.64799
2.64794
2.64789
2.64784
2.64778
2.64773
2.64768
2.64763
2.64758
2.64752
2.64747
2.64742
2.64737
2.64731
2.64726
2.64721
2.64716
2.64711
2.64705
2.64700
2.64695
2.64690
2.64685
2.64679
2.64674
2.64669
2.64664
2.64658
2.64653
2.64648
2.64643
2.64638
2.64632
2.64627
2.64622
2.64617
2.64612
2.64606
2.64601
2.64596
2.64591
2.64586
2.64580
2.64575
2.64570
2.64565
2.64559
2.64554
2.64549
2.64544
2.64539
2.64533
2.64528
2.64523
2.64518
2.64513
2.64507
2.64502
2.64497
2.64492
2.64486
2.64481
2.64476
2.64471
2.64466
2.64460
2.64455
2.64450
2.64445
2.64440
2.64434
2.64429
2.64424
2.64419
2.64413
2.64408
2.64403
2.64398
2.64393
2.64387
2.64382
2.64377
2.64372
2.64367
2.64361
2.64356
2.64351
2.64346
2.64340
2.64335
2.64330
2.64325
2.64320
2.64314
2.64309
2.64304
2.64299
2.64294
2.64288
2.64283
2.64278
2.64273
2.64268
2.64262
2.64257
2.64252
2.64247
2.64241
2.64236
2.64231
2.64226
2.64221
2.64215
2.64210
2.64205
2.64200
2.64195
2.64189
2.64184
2.64179
2.64174
2.64168
2.64163
2.64158
2.64153
2.64148
2.64142
2.64137
2.64132
2.64127
2.64122
2.64116
2.64111
2.64106
2.64101
2.64095
2.64090
2.64085
2.64080
2.64075
2.64069
2.64064
2.64059
2.64054
2.64049
2.64043
2.64038
2.64033
2.64028
2.64022
2.64017
2.64012
2.64007
2.64002
2.63996
2.63991
2.63986
2.63981
2.63976
2.63970
2.63965
2.63960
2.63955
2.63949
2.63944
2.63939
2.63934
2.63929
2.63923
2.63918
2.63913
2.63908
2.63903
2.63897
2.63892
2.63887
2.63882
2.63877
2.63871
2.63866
2.63861
2.63856
2.63850
2.63845
2.63840
2.63835
2.63830
2.63824
2.63819
2.63814
2.63809
2.63804
2.63798
2.63793
2.63788
2.63783
2.63777
2.63772
2.63767
2.63762
2.63757
2.63751
2.63746
2.63741
2.63736
2.63731
2.63725
2.63720
2.63715
2.63710
2.63704
2.63699
2.63694
2.63689
2.63684
2.63678
2.63673
2.63668
2.63663
2.63658
2.63652
2.63647
2.63642
2.63637
2.63631
2.63626
2.63621
2.63616
2.63611
2.63605
2.63600
2.63595
2.63590
2.63585
2.63579
2.63574
2.63569
2.63564
2.63558
2.63553
2.63548
2.63543
2.63538
2.63532
2.63527
2.63522
2.63517
2.63512
2.63506
2.63501
2.63496
2.63491
2.63486
2.63480
2.63475
2.63470
2.63465
2.63459
2.63454
2.63449
2.63444
2.63439
2.63433
2.63428
2.63423
2.63418
2.63413
2.63407
2.63402
2.63397
2.63392
2.63386
2.63381
2.63376
2.63371
2.63366
2.63360
2.63355
2.63350
2.63345
2.63340
2.63334
2.63329
2.63324
2.63319
2.63313
2.63308
2.63303
2.63298
2.63293
2.63287
2.63282
2.63277
2.63272
2.63267
2.63261
2.63256
2.63251
2.63246
2.63240
2.63235
2.63230
2.63225
2.63220
2.63214
2.63209
2.63204
2.63199
2.63194
2.63188
2.63183
2.63178
2.63173
2.63168
2.63162
2.63157
2.63152
2.63147
2.63141
2.63136
2.63131
2.63126
2.63121
2.63115
2.63110
2.63105
2.63100
2.63095
2.63089
2.63084
2.63079
2.63074
2.63068
2.63063
2.63058
2.63053
2.63048
2.63042
2.63037
2.63032
2.63027
2.63022
2.63016
2.63011
2.63006
2.63001
2.62995
2.62990
2.62985
2.62980
2.62975
2.62969
2.62964
2.62959
2.62954
2.62949
2.62943
2.62938
2.62933
2.62928
2.62922
2.62917
2.62912
2.62907
2.62902
2.62896
2.62891
2.62886
2.62881
2.62876
2.62870
2.62865
2.62860
2.62855
2.62849
2.62844
2.62839
2.62834
2.62829
2.62823
2.62818
2.62813
2.62808
2.62803
2.62797
2.62792
2.62787
2.62782
2.62777
2.62771
2.62766
2.62761
2.62756
2.62750
2.62745
2.62740
2.62735
2.62730
2.62724
2.62719
2.62714
2.62709
2.62704
2.62698
2.62693
2.62688
2.62683
2.62677
2.62672
2.62667
2.62662
2.62657
2.62651
2.62646
2.62641
2.62636
2.62631
2.62625
2.62620
2.62615
2.62610
2.62604
2.62599
2.62594
2.62589
2.62584
2.62578
2.62573
2.62568
2.62563
2.62558
2.62552
2.62547
2.62542
2.62537
2.62531
2.62526
2.62521
2.62516
2.62511
2.62505
2.62500
2.62495
2.62490
2.62485
2.62479
2.62474
2.62469
2.62464
2.62459
2.62453
2.62448
2.62443
2.62438
2.62432
2.62427
2.62422
2.62417
2.62412
2.62406
2.62401
2.62396
2.62391
2.62386
2.62380
2.62375
2.62370
2.62365
2.62359
2.62354
2.62349
2.62344
2.62339
2.62333
2.62328
2.62323
2.62318
2.62313
2.62307
2.62302
2.62297
2.62292
2.62286
2.62281
2.62276
2.62271
2.62266
2.62260
2.62255
2.62250
2.62245
2.62240
2.62234
2.62229
2.62224
2.62219
2.62213
2.62208
2.62203
2.62198
2.62193
2.62187
2.62182
2.62177
2.62172
2.62167
2.62161
2.62156
2.62151
2.62146
2.62141
2.62135
2.62130
2.62125
2.62120
2.62114
2.62109
2.62104
2.62099
2.62094
2.62088
2.62083
2.62078
2.62073
2.62068
2.62062
2.62057
2.62052
2.62047
2.62041
2.62036
2.62031
2.62026
2.62021
2.62015
2.62010
2.62005
2.62000
2.61995
2.61989
2.61984
2.61979
2.61974
2.61968
2.61963
2.61958
2.61953
2.61948
2.61942
2.61937
2.61932
2.61927
2.61922
2.61916
2.61911
2.61906
2.61901
2.61895
2.61890
2.61885
2.61880
2.61875
2.61869
2.61864
2.61859
2.61854
2.61849
2.61843
2.61838
2.61833
2.61828
2.61823
2.61817
2.61812
2.61807
2.61802
2.61796
2.61791
2.61786
2.61781
2.61776
2.61770
2.61765
2.61760
2.61755
2.61750
2.61744
2.61739
2.61734
2.61729
2.61723
2.61718
2.61713
2.61708
2.61703
2.61697
2.61692
2.61687
2.61682
2.61677
2.61671
2.61666
2.61661
2.61656
2.61650
2.61645
2.61640
2.61635
2.61630
2.61624
2.61619
2.61614
2.61609
2.61604
2.61598
2.61593
2.61588
2.61583
2.61577
2.61572
2.61567
2.61562
2.61557
2.61551
2.61546
2.61541
2.61536
2.61531
2.61525
2.61520
2.61515
2.61510
2.61505
2.61499
2.61494
2.61489
2.61484
2.61478
2.61473
2.61468
2.61463
2.61458
2.61452
2.61447
2.61442
2.61437
2.61432
2.61426
2.61421
2.61416
2.61411
2.61405
2.61400
2.61395
2.61390
2.61385
2.61379
2.61374
2.61369
2.61364
2.61359
2.61353
2.61348
2.61343
2.61338
2.61332
2.61327
2.61322
2.61317
2.61312
2.61306
2.61301
2.61296
2.61291
2.61286
2.61280
2.61275
2.61270
2.61265
2.61259
2.61254
2.61249
2.61244
2.61239
2.61233
2.61228
2.61223
2.61218
2.61213
2.61207
2.61202
2.61197
2.61192
2.61187
2.61181
2.61176
2.61171
2.61166
2.61160
2.61155
2.61150
2.61145
2.61140
2.61134
2.61129
2.61124
2.61119
2.61114
2.61108
2.61103
2.61098
2.61093
2.61087
2.61082
2.61077
2.61072
2.61067
2.61061
2.61056
2.61051
2.61046
2.61041
2.61035
2.61030
2.61025
2.61020
2.61014
2.61009
2.61004
2.60999
2.60994
2.60988
2.60983
2.60978
2.60973
2.60968
2.60962
2.60957
2.60952
2.60947
2.60941
2.60936
2.60931
2.60926
2.60921
2.60915
2.60910
2.60905
2.60900
2.60895
2.60889
2.60884
2.60879
2.60874
2.60869
2.60863
2.60858
2.60853
2.60848
2.60842
2.60837
2.60832
2.60827
2.60822
2.60816
2.60811
2.60806
2.60801
2.60796
2.60790
2.60785
2.60780
2.60775
2.60769
2.60764
2.60759
2.60754
2.60749
2.60743
2.60738
2.60733
2.60728
2.60723
2.60717
2.60712
2.60707
2.60702
2.60696
2.60691
2.60686
2.60681
2.60676
2.60670
2.60665
2.60660
2.60655
2.60650
2.60644
2.60639
2.60634
2.60629
2.60623
2.60618
2.60613
2.60608
2.60603
2.60597
2.60592
2.60587
2.60582
2.60577
2.60571
2.60566
2.60561
2.60556
2.60551
2.60545
2.60540
2.60535
2.60530
2.60524
2.60519
2.60514
2.60509
2.60504
2.60498
2.60493
2.60488
2.60483
2.60478
2.60472
2.60467
2.60462
2.60457
2.60451
2.60446
2.60441
2.60436
2.60431
2.60425
2.60420
2.60415
2.60410
2.60405
2.60399
2.60394
2.60389
2.60384
2.60378
2.60373
2.60368
2.60363
2.60358
2.60352
2.60347
2.60342
2.60337
2.60332
2.60326
2.60321
2.60316
2.60311
2.60305
2.60300
2.60295
2.60290
2.60285
2.60279
2.60274
2.60269
2.60264
2.60259
2.60253
2.60248
2.60243
2.60238
2.60233
2.60227
2.60222
2.60217
2.60212
2.60206
2.60201
2.60196
2.60191
2.60186
2.60180
2.60175
2.60170
2.60165
2.60160
2.60154
2.60149
2.60144
2.60139
2.60133
2.60128
2.60123
2.60118
2.60113
2.60107
2.60102
2.60097
2.60092
2.60087
2.60081
2.60076
2.60071
2.60066
2.60060
2.60055
2.60050
2.60045
2.60040
2.60034
2.60029
2.60024
2.60019
2.60014
2.60008
2.60003
2.59998
2.59993
2.59987
2.59982
2.59977
2.59972
2.59967
2.59961
2.59956
2.59951
2.59946
2.59941
2.59935
2.59930
2.59925
2.59920
2.59915
2.59909
2.59904
2.59899
2.59894
2.59888
2.59883
2.59878
2.59873
2.59868
2.59862
2.59857
2.59852
2.59847
2.59842
2.59836
2.59831
2.59826
2.59821
2.59815
2.59810
2.59805
2.59800
2.59795
2.59789
2.59784
2.59779
2.59774
2.59769
2.59763
2.59758
2.59753
2.59748
2.59742
2.59737
2.59732
2.59727
2.59722
2.59716
2.59711
2.59706
2.59701
2.59696
2.59690
2.59685
2.59680
2.59675
2.59669
2.59664
2.59659
2.59654
2.59649
2.59643
2.59638
2.59633
2.59628
2.59623
2.59617
2.59612
2.59607
2.59602
2.59597
2.59591
2.59586
2.59581
2.59576
2.59570
2.59565
2.59560
2.59555
2.59550
2.59544
2.59539
2.59534
2.59529
2.59524
2.59518
2.59513
2.59508
2.59503
2.59497
2.59492
2.59487
2.59482
2.59477
2.59471
2.59466
2.59461
2.59456
2.59451
2.59445
2.59440
2.59435
2.59430
2.59424
2.59419
2.59414
2.59409
2.59404
2.59398
2.59393
2.59388
2.59383
2.59378
2.59372
2.59367
2.59362
2.59357
2.59352
2.59346
2.59341
2.59336
2.59331
2.59325
2.59320
2.59315
2.59310
2.59305
2.59299
2.59294
2.59289
2.59284
2.59279
2.59273
2.59268
2.59263
2.59258
2.59252
2.59247
2.59242
2.59237
2.59232
2.59226
2.59221
2.59216
2.59211
2.59206
2.59200
2.59195
2.59190
2.59185
2.59179
2.59174
2.59169
2.59164
2.59159
2.59153
2.59148
2.59143
2.59138
2.59133
2.59127
2.59122
2.59117
2.59112
2.59106
2.59101
2.59096
2.59091
2.59086
2.59080
2.59075
2.59070
2.59065
2.59060
2.59054
2.59049
2.59044
2.59039
2.59034
2.59028
2.59023
2.59018
2.59013
2.59007
2.59002
2.58997
2.58992
2.58987
2.58981
2.58976
2.58971
2.58966
2.58961
2.58955
2.58950
2.58945
2.58940
2.58934
2.58929
2.58924
2.58919
2.58914
2.58908
2.58903
2.58898
2.58893
2.58888
2.58882
2.58877
2.58872
2.58867
2.58861
2.58856
2.58851
2.58846
2.58841
2.58835
2.58830
2.58825
2.58820
2.58815
2.58809
2.58804
2.58799
2.58794
2.58788
2.58783
2.58778
2.58773
2.58768
2.58762
2.58757
2.58752
2.58747
2.58742
2.58736
2.58731
2.58726
2.58721
2.58716
2.58710
2.58705
2.58700
2.58695
2.58689
2.58684
2.58679
2.58674
2.58669
2.58663
2.58658
2.58653
2.58648
2.58643
2.58637
2.58632
2.58627
2.58622
2.58616
2.58611
2.58606
2.58601
2.58596
2.58590
2.58585
2.58580
2.58575
2.58570
2.58564
2.58559
2.58554
2.58549
2.58543
2.58538
2.58533
2.58528
2.58523
2.58517
2.58512
2.58507
2.58502
2.58497
2.58491
2.58486
2.58481
2.58476
2.58471
2.58465
2.58460
2.58455
2.58450
2.58444
2.58439
2.58434
2.58429
2.58424
2.58418
2.58413
2.58408
2.58403
2.58398
2.58392
2.58387
2.58382
2.58377
2.58371
2.58366
2.58361
2.58356
2.58351
2.58345
2.58340
2.58335
2.58330
2.58325
2.58319
2.58314
2.58309
2.58304
2.58298
2.58293
2.58288
2.58283
2.58278
2.58272
2.58267
2.58262
2.58257
2.58252
2.58246
2.58241
2.58236
2.58231
2.58225
2.58220
2.58215
2.58210
2.58205
2.58199
2.58194
2.58189
2.58184
2.58179
2.58173
2.58168
2.58163
2.58158
2.58153
2.58147
2.58142
2.58137
2.58132
2.58126
2.58121
2.58116
2.58111
2.58106
2.58100
2.58095
2.58090
2.58085
2.58080
2.58074
2.58069
2.58064
2.58059
2.58053
2.58048
2.58043
2.58038
2.58033
2.58027
2.58022
2.58017
2.58012
2.58007
2.58001
2.57996
2.57991
2.57986
2.57980
2.57975
2.57970
2.57965
2.57960
2.57954
2.57949
2.57944
2.57939
2.57934
2.57928
2.57923
2.57918
2.57913
2.57908
2.57902
2.57897
2.57892
2.57887
2.57881
2.57876
2.57871
2.57866
2.57861
2.57855
2.57850
2.57845
2.57840
2.57835
2.57829
2.57824
2.57819
2.57814
2.57808
2.57803
2.57798
2.57793
2.57788
2.57782
2.57777
2.57772
2.57767
2.57762
2.57756
2.57751
2.57746
2.57741
2.57735
2.57730
2.57725
2.57720
2.57715
2.57709
2.57704
2.57699
2.57694
2.57689
2.57683
2.57678
2.57673
2.57668
2.57662
2.57657
2.57652
2.57647
2.57642
2.57636
2.57631
2.57626
2.57621
2.57616
2.57610
2.57605
2.57600
2.57595
2.57590
2.57584
2.57579
2.57574
2.57569
2.57563
2.57558
2.57553
2.57548
2.57543
2.57537
2.57532
2.57527
2.57522
2.57517
2.57511
2.57506
2.57501
2.57496
2.57490
2.57485
2.57480
2.57475
2.57470
2.57464
2.57459
2.57454
2.57449
2.57444
2.57438
2.57433
2.57428
2.57423
2.57417
2.57412
2.57407
2.57402
2.57397
2.57391
2.57386
2.57381
2.57376
2.57371
2.57365
2.57360
2.57355
2.57350
2.57345
2.57339
2.57334
2.57329
2.57324
2.57318
2.57313
2.57308
2.57303
2.57298
2.57292
2.57287
2.57282
2.57277
2.57272
2.57266
2.57261
2.57256
2.57251
2.57245
2.57240
2.57235
2.57230
2.57225
2.57219
2.57214
2.57209
2.57204
2.57199
2.57193
2.57188
2.57183
2.57178
2.57172
2.57167
2.57162
2.57157
2.57152
2.57146
2.57141
2.57136
2.57131
2.57126
2.57120
2.57115
2.57110
2.57105
2.57100
2.57094
2.57089
2.57084
2.57079
2.57073
2.57068
2.57063
2.57058
2.57053
2.57047
2.57042
2.57037
2.57032
2.57027
2.57021
2.57016
2.57011
2.57006
2.57000
2.56995
2.56990
2.56985
2.56980
2.56974
2.56969
2.56964
2.56959
2.56954
2.56948
2.56943
2.56938
2.56933
2.56927
2.56922
2.56917
2.56912
2.56907
2.56901
2.56896
2.56891
2.56886
2.56881
2.56875
2.56870
2.56865
2.56860
2.56854
2.56849
2.56844
2.56839
2.56834
2.56828
2.56823
2.56818
2.56813
2.56808
2.56802
2.56797
2.56792
2.56787
2.56782
2.56776
2.56771
2.56766
2.56761
2.56755
2.56750
2.56745
2.56740
2.56735
2.56729
2.56724
2.56719
2.56714
2.56709
2.56703
2.56698
2.56693
2.56688
2.56682
2.56677
2.56672
2.56667
2.56662
2.56656
2.56651
2.56646
2.56641
2.56636
2.56630
2.56625
2.56620
2.56615
2.56609
2.56604
2.56599
2.56594
2.56589
2.56583
2.56578
2.56573
2.56568
2.56563
2.56557
2.56552
2.56547
2.56542
2.56537
2.56531
2.56526
2.56521
2.56516
2.56510
2.56505
2.56500
2.56495
2.56490
2.56484
2.56479
2.56474
2.56469
2.56464
2.56458
2.56453
2.56448
2.56443
2.56437
2.56432
2.56427
2.56422
2.56417
2.56411
2.56406
2.56401
2.56396
2.56391
2.56385
2.56380
2.56375
2.56370
2.56364
2.56359
2.56354
2.56349
2.56344
2.56338
2.56333
2.56328
2.56323
2.56318
2.56312
2.56307
2.56302
2.56297
2.56292
2.56286
2.56281
2.56276
2.56271
2.56265
2.56260
2.56255
2.56250
2.56245
2.56239
2.56234
2.56229
2.56224
2.56219
2.56213
2.56208
2.56203
2.56198
2.56192
2.56187
2.56182
2.56177
2.56172
2.56166
2.56161
2.56156
2.56151
2.56146
2.56140
2.56135
2.56130
2.56125
2.56119
2.56114
2.56109
2.56104
2.56099
2.56093
2.56088
2.56083
2.56078
2.56073
2.56067
2.56062
2.56057
2.56052
2.56047
2.56041
2.56036
2.56031
2.56026
2.56020
2.56015
2.56010
2.56005
2.56000
2.55994
2.55989
2.55984
2.55979
2.55974
2.55968
2.55963
2.55958
2.55953
2.55947
2.55942
2.55937
2.55932
2.55927
2.55921
2.55916
2.55911
2.55906
2.55901
2.55895
2.55890
2.55885
2.55880
2.55874
2.55869
2.55864
2.55859
2.55854
2.55848
2.55843
2.55838
2.55833
2.55828
2.55822
2.55817
2.55812
2.55807
2.55801
2.55796
2.55791
2.55786
2.55781
2.55775
2.55770
2.55765
2.55760
2.55755
2.55749
2.55744
2.55739
2.55734
2.55729
2.55723
2.55718
2.55713
2.55708
2.55702
2.55697
2.55692
2.55687
2.55682
2.55676
2.55671
2.55666
2.55661
2.55656
2.55650
2.55645
2.55640
2.55635
2.55629
2.55624
2.55619
2.55614
2.55609
2.55603
2.55598
2.55593
2.55588
2.55583
2.55577
2.55572
2.55567
2.55562
2.55556
2.55551
2.55546
2.55541
2.55536
2.55530
2.55525
2.55520
2.55515
2.55510
2.55504
2.55499
2.55494
2.55489
2.55484
2.55478
2.55473
2.55468
2.55463
2.55457
2.55452
2.55447
2.55442
2.55437
2.55431
2.55426
2.55421
2.55416
2.55411
2.55405
2.55400
2.55395
2.55390
2.55384
2.55379
2.55374
2.55369
2.55364
2.55358
2.55353
2.55348
2.55343
2.55338
2.55332
2.55327
2.55322
2.55317
2.55311
2.55306
2.55301
2.55296
2.55291
2.55285
2.55280
2.55275
2.55270
2.55265
2.55259
2.55254
2.55249
2.55244
2.55239
2.55233
2.55228
2.55223
2.55218
2.55212
2.55207
2.55202
2.55197
2.55192
2.55186
2.55181
2.55176
2.55171
2.55166
2.55160
2.55155
2.55150
2.55145
2.55139
2.55134
2.55129
2.55124
2.55119
2.55113
2.55108
2.55103
2.55098
2.55093
2.55087
2.55082
2.55077
2.55072
2.55066
2.55061
2.55056
2.55051
2.55046
2.55040
2.55035
2.55030
2.55025
2.55020
2.55014
2.55009
2.55004
2.54999
2.54994
2.54988
2.54983
2.54978
2.54973
2.54967
2.54962
2.54957
2.54952
2.54947
2.54941
2.54936
2.54931
2.54926
2.54921
2.54915
2.54910
2.54905
2.54900
2.54894
2.54889
2.54884
2.54879
2.54874
2.54868
2.54863
2.54858
2.54853
2.54848
2.54842
2.54837
2.54832
2.54827
2.54821
2.54816
2.54811
2.54806
2.54801
2.54795
2.54790
2.54785
2.54780
2.54775
2.54769
2.54764
2.54759
2.54754
2.54749
2.54743
2.54738
2.54733
2.54728
2.54722
2.54717
2.54712
2.54707
2.54702
2.54696
2.54691
2.54686
2.54681
2.54676
2.54670
2.54665
2.54660
2.54655
2.54649
2.54644
2.54639
2.54634
2.54629
2.54623
2.54618
2.54613
2.54608
2.54603
2.54597
2.54592
2.54587
2.54582
2.54576
2.54571
2.54566
2.54561
2.54556
2.54550
2.54545
2.54540
2.54535
2.54530
2.54524
2.54519
2.54514
2.54509
2.54504
2.54498
2.54493
2.54488
2.54483
2.54477
2.54472
2.54467
2.54462
2.54457
2.54451
2.54446
2.54441
2.54436
2.54431
2.54425
2.54420
2.54415
2.54410
2.54404
2.54399
2.54394
2.54389
2.54384
2.54378
2.54373
2.54368
2.54363
2.54358
2.54352
2.54347
2.54342
2.54337
2.54331
2.54326
2.54321
2.54316
2.54311
2.54305
2.54300
2.54295
2.54290
2.54285
2.54279
2.54274
2.54269
2.54264
2.54259
2.54253
2.54248
2.54243
2.54238
2.54232
2.54227
2.54222
2.54217
2.54212
2.54206
2.54201
2.54196
2.54191
2.54186
2.54180
2.54175
2.54170
2.54165
2.54159
2.54154
2.54149
2.54144
2.54139
2.54133
2.54128
2.54123
2.54118
2.54113
2.54107
2.54102
2.54097
2.54092
2.54086
2.54081
2.54076
2.54071
2.54066
2.54060
2.54055
2.54050
2.54045
2.54040
2.54034
2.54029
2.54024
2.54019
2.54014
2.54008
2.54003
2.53998
2.53993
2.53987
2.53982
2.53977
2.53972
2.53967
2.53961
2.53956
2.53951
2.53946
2.53941
2.53935
2.53930
2.53925
2.53920
2.53914
2.53909
2.53904
2.53899
2.53894
2.53888
2.53883
2.53878
2.53873
2.53868
2.53862
2.53857
2.53852
2.53847
2.53841
2.53836
2.53831
2.53826
2.53821
2.53815
2.53810
2.53805
2.53800
2.53795
2.53789
2.53784
2.53779
2.53774
2.53769
2.53763
2.53758
2.53753
2.53748
2.53742
2.53737
2.53732
2.53727
2.53722
2.53716
2.53711
2.53706
2.53701
2.53696
2.53690
2.53685
2.53680
2.53675
2.53669
2.53664
2.53659
2.53654
2.53649
2.53643
2.53638
2.53633
2.53628
2.53623
2.53617
2.53612
2.53607
2.53602
2.53596
2.53591
2.53586
2.53581
2.53576
2.53570
2.53565
2.53560
2.53555
2.53550
2.53544
2.53539
2.53534
2.53529
2.53524
2.53518
2.53513
2.53508
2.53503
2.53497
2.53492
2.53487
2.53482
2.53477
2.53471
2.53466
2.53461
2.53456
2.53451
2.53445
2.53440
2.53435
2.53430
2.53424
2.53419
2.53414
2.53409
2.53404
2.53398
2.53393
2.53388
2.53383
2.53378
2.53372
2.53367
2.53362
2.53357
2.53351
2.53346
2.53341
2.53336
2.53331
2.53325
2.53320
2.53315
2.53310
2.53305
2.53299
2.53294
2.53289
2.53284
2.53279
2.53273
2.53268
2.53263
2.53258
2.53252
2.53247
2.53242
2.53237
2.53232
2.53226
2.53221
2.53216
2.53211
2.53206
2.53200
2.53195
2.53190
2.53185
2.53179
2.53174
2.53169
2.53164
2.53159
2.53153
2.53148
2.53143
2.53138
2.53133
2.53127
2.53122
2.53117
2.53112
2.53106
2.53101
2.53096
2.53091
2.53086
2.53080
2.53075
2.53070
2.53065
2.53060
2.53054
2.53049
2.53044
2.53039
2.53034
2.53028
2.53023
2.53018
2.53013
2.53007
2.53002
2.52997
2.52992
2.52987
2.52981
2.52976
2.52971
2.52966
2.52961
2.52955
2.52950
2.52945
2.52940
2.52934
2.52929
2.52924
2.52919
2.52914
2.52908
2.52903
2.52898
2.52893
2.52888
2.52882
2.52877
2.52872
2.52867
2.52862
2.52856
2.52851
2.52846
2.52841
2.52835
2.52830
2.52825
2.52820
2.52815
2.52809
2.52804
2.52799
2.52794
2.52789
2.52783
2.52778
2.52773
2.52768
2.52762
2.52757
2.52752
2.52747
2.52742
2.52736
2.52731
2.52726
2.52721
2.52716
2.52710
2.52705
2.52700
2.52695
2.52689
2.52684
2.52679
2.52674
2.52669
2.52663
2.52658
2.52653
2.52648
2.52643
2.52637
2.52632
2.52627
2.52622
2.52617
2.52611
2.52606
2.52601
2.52596
2.52590
2.52585
2.52580
2.52575
2.52570
2.52564
2.52559
2.52554
2.52549
2.52544
2.52538
2.52533
2.52528
2.52523
2.52517
2.52512
2.52507
2.52502
2.52497
2.52491
2.52486
2.52481
2.52476
2.52471
2.52465
2.52460
2.52455
2.52450
2.52444
2.52439
2.52434
2.52429
2.52424
2.52418
2.52413
2.52408
2.52403
2.52398
2.52392
2.52387
2.52382
2.52377
2.52372
2.52366
2.52361
2.52356
2.52351
2.52345
2.52340
2.52335
2.52330
2.52325
2.52319
2.52314
2.52309
2.52304
2.52299
2.52293
2.52288
2.52283
2.52278
2.52272
2.52267
2.52262
2.52257
2.52252
2.52246
2.52241
2.52236
2.52231
2.52226
2.52220
2.52215
2.52210
2.52205
2.52199
2.52194
2.52189
2.52184
2.52179
2.52173
2.52168
2.52163
2.52158
2.52153
2.52147
2.52142
2.52137
2.52132
2.52127
2.52121
2.52116
2.52111
2.52106
2.52100
2.52095
2.52090
2.52085
2.52080
2.52074
2.52069
2.52064
2.52059
2.52054
2.52048
2.52043
2.52038
2.52033
2.52027
2.52022
2.52017
2.52012
2.52007
2.52001
2.51996
2.51991
2.51986
2.51981
2.51975
2.51970
2.51965
2.51960
2.51955
2.51949
2.51944
2.51939
2.51934
2.51928
2.51923
2.51918
2.51913
2.51908
2.51902
2.51897
2.51892
2.51887
2.51882
2.51876
2.51871
2.51866
2.51861
2.51855
2.51850
2.51845
2.51840
2.51835
2.51829
2.51824
2.51819
2.51814
2.51809
2.51803
2.51798
2.51793
2.51788
2.51782
2.51777
2.51772
2.51767
2.51762
2.51756
2.51751
2.51746
2.51741
2.51736
2.51730
2.51725
2.51720
2.51715
2.51710
2.51704
2.51699
2.51694
2.51689
2.51683
2.51678
2.51673
2.51668
2.51663
2.51657
2.51652
2.51647
2.51642
2.51637
2.51631
2.51626
2.51621
2.51616
2.51610
2.51605
2.51600
2.51595
2.51590
2.51584
2.51579
2.51574
2.51569
2.51564
2.51558
2.51553
2.51548
2.51543
2.51537
2.51532
2.51527
2.51522
2.51517
2.51511
2.51506
2.51501
2.51496
2.51491
2.51485
2.51480
2.51475
2.51470
2.51465
2.51459
2.51454
2.51449
2.51444
2.51438
2.51433
2.51428
2.51423
2.51418
2.51412
2.51407
2.51402
2.51397
2.51392
2.51386
2.51381
2.51376
2.51371
2.51365
2.51360
2.51355
2.51350
2.51345
2.51339
2.51334
2.51329
2.51324
2.51319
2.51313
2.51308
2.51303
2.51298
2.51292
2.51287
2.51282
2.51277
2.51272
2.51266
2.51261
2.51256
2.51251
2.51246
2.51240
2.51235
2.51230
2.51225
2.51220
2.51214
2.51209
2.51204
2.51199
2.51193
2.51188
2.51183
2.51178
2.51173
2.51167
2.51162
2.51157
2.51152
2.51147
2.51141
2.51136
2.51131
2.51126
2.51120
2.51115
2.51110
2.51105
2.51100
2.51094
2.51089
2.51084
2.51079
2.51074
2.51068
2.51063
2.51058
2.51053
2.51048
2.51042
2.51037
2.51032
2.51027
2.51021
2.51016
2.51011
2.51006
2.51001
2.50995
2.50990
2.50985
2.50980
2.50975
2.50969
2.50964
2.50959
2.50954
2.50948
2.50943
2.50938
2.50933
2.50928
2.50922
2.50917
2.50912
2.50907
2.50902
2.50896
2.50891
2.50886
2.50881
2.50875
2.50870
2.50865
2.50860
2.50855
2.50849
2.50844
2.50839
2.50834
2.50829
2.50823
2.50818
2.50813
2.50808
2.50803
2.50797
2.50792
2.50787
2.50782
2.50776
2.50771
2.50766
2.50761
2.50756
2.50750
2.50745
2.50740
2.50735
2.50730
2.50724
2.50719
2.50714
2.50709
2.50703
2.50698
2.50693
2.50688
2.50683
2.50677
2.50672
2.50667
2.50662
2.50657
2.50651
2.50646
2.50641
2.50636
2.50631
2.50625
2.50620
2.50615
2.50610
2.50604
2.50599
2.50594
2.50589
2.50584
2.50578
2.50573
2.50568
2.50563
2.50558
2.50552
2.50547
2.50542
2.50537
2.50531
2.50526
2.50521
2.50516
2.50511
2.50505
2.50500
2.50495
2.50490
2.50485
2.50479
2.50474
2.50469
2.50464
2.50458
2.50453
2.50448
2.50443
2.50438
2.50432
2.50427
2.50422
2.50417
2.50412
2.50406
2.50401
2.50396
2.50391
2.50386
2.50380
2.50375
2.50370
2.50365
2.50359
2.50354
2.50349
2.50344
2.50339
2.50333
2.50328
2.50323
2.50318
2.50313
2.50307
2.50302
2.50297
2.50292
2.50286
2.50281
2.50276
2.50271
2.50266
2.50260
2.50255
2.50250
2.50245
2.50240
2.50234
2.50229
2.50224
2.50219
2.50213
2.50208
2.50203
2.50198
2.50193
2.50187
2.50182
2.50177
2.50172
2.50167
2.50161
2.50156
2.50151
2.50146
2.50141
2.50135
2.50130
2.50125
2.50120
2.50114
2.50109
2.50104
2.50099
2.50094
2.50088
2.50083
2.50078
2.50073
2.50068
2.50062
2.50057
2.50052
2.50047
2.50041
2.50036
2.50031
2.50026
2.50021
2.50015
2.50010
2.50005
2.50000
2.49995
2.49989
2.49984
2.49979
2.49974
2.49969
2.49963
2.49958
2.49953
2.49948
2.49942
2.49937
2.49932
2.49927
2.49922
2.49916
2.49911
2.49906
2.49901
2.49896
2.49890
2.49885
2.49880
2.49875
2.49869
2.49864
2.49859
2.49854
2.49849
2.49843
2.49838
2.49833
2.49828
2.49823
2.49817
2.49812
2.49807
2.49802
2.49796
2.49791
2.49786
2.49781
2.49776
2.49770
2.49765
2.49760
2.49755
2.49750
2.49744
2.49739
2.49734
2.49729
2.49724
2.49718
2.49713
2.49708
2.49703
2.49697
2.49692
2.49687
2.49682
2.49677
2.49671
2.49666
2.49661
2.49656
2.49651
2.49645
2.49640
2.49635
2.49630
2.49624
2.49619
2.49614
2.49609
2.49604
2.49598
2.49593
2.49588
2.49583
2.49578
2.49572
2.49567
2.49562
2.49557
2.49552
2.49546
2.49541
2.49536
2.49531
2.49525
2.49520
2.49515
2.49510
2.49505
2.49499
2.49494
2.49489
2.49484
2.49479
2.49473
2.49468
2.49463
2.49458
2.49452
2.49447
2.49442
2.49437
2.49432
2.49426
2.49421
2.49416
2.49411
2.49406
2.49400
2.49395
2.49390
2.49385
2.49379
2.49374
2.49369
2.49364
2.49359
2.49353
2.49348
2.49343
2.49338
2.49333
2.49327
2.49322
2.49317
2.49312
2.49307
2.49301
2.49296
2.49291
2.49286
2.49280
2.49275
2.49270
2.49265
2.49260
2.49254
2.49249
2.49244
2.49239
2.49234
2.49228
2.49223
2.49218
2.49213
2.49207
2.49202
2.49197
2.49192
2.49187
2.49181
2.49176
2.49171
2.49166
2.49161
2.49155
2.49150
2.49145
2.49140
2.49135
2.49129
2.49124
2.49119
2.49114
2.49108
2.49103
2.49098
2.49093
2.49088
2.49082
2.49077
2.49072
2.49067
2.49062
2.49056
2.49051
2.49046
2.49041
2.49035
2.49030
2.49025
2.49020
2.49015
2.49009
2.49004
2.48999
2.48994
2.48989
2.48983
2.48978
2.48973
2.48968
2.48962
2.48957
2.48952
2.48947
2.48942
2.48936
2.48931
2.48926
2.48921
2.48916
2.48910
2.48905
2.48900
2.48895
2.48890
2.48884
2.48879
2.48874
2.48869
2.48863
2.48858
2.48853
2.48848
2.48843
2.48837
2.48832
2.48827
2.48822
2.48817
2.48811
2.48806
2.48801
2.48796
2.48790
2.48785
2.48780
2.48775
2.48770
2.48764
2.48759
2.48754
2.48749
2.48744
2.48738
2.48733
2.48728
2.48723
2.48718
2.48712
2.48707
2.48702
2.48697
2.48691
2.48686
2.48681
2.48676
2.48671
2.48665
2.48660
2.48655
2.48650
2.48645
2.48639
2.48634
2.48629
2.48624
2.48618
2.48613
2.48608
2.48603
2.48598
2.48592
2.48587
2.48582
2.48577
2.48572
2.48566
2.48561
2.48556
2.48551
2.48545
2.48540
2.48535
2.48530
2.48525
2.48519
2.48514
2.48509
2.48504
2.48499
2.48493
2.48488
2.48483
2.48478
2.48473
2.48467
2.48462
2.48457
2.48452
2.48446
2.48441
2.48436
2.48431
2.48426
2.48420
2.48415
2.48410
2.48405
2.48400
2.48394
2.48389
2.48384
2.48379
2.48373
2.48368
2.48363
2.48358
2.48353
2.48347
2.48342
2.48337
2.48332
2.48327
2.48321
2.48316
2.48311
2.48306
2.48301
2.48295
2.48290
2.48285
2.48280
2.48274
2.48269
2.48264
2.48259
2.48254
2.48248
2.48243
2.48238
2.48233
2.48228
2.48222
2.48217
2.48212
2.48207
2.48201
2.48196
2.48191
2.48186
2.48181
2.48175
2.48170
2.48165
2.48160
2.48155
2.48149
2.48144
2.48139
2.48134
2.48129
2.48123
2.48118
2.48113
2.48108
2.48102
2.48097
2.48092
2.48087
2.48082
2.48076
2.48071
2.48066
2.48061
2.48056
2.48050
2.48045
2.48040
2.48035
2.48029
2.48024
2.48019
2.48014
2.48009
2.48003
2.47998
2.47993
2.47988
2.47983
2.47977
2.47972
2.47967
2.47962
2.47956
2.47951
2.47946
2.47941
2.47936
2.47930
2.47925
2.47920
2.47915
2.47910
2.47904
2.47899
2.47894
2.47889
2.47884
2.47878
2.47873
2.47868
2.47863
2.47857
2.47852
2.47847
2.47842
2.47837
2.47831
2.47826
2.47821
2.47816
2.47811
2.47805
2.47800
2.47795
2.47790
2.47784
2.47779
2.47774
2.47769
2.47764
2.47758
2.47753
2.47748
2.47743
2.47738
2.47732
2.47727
2.47722
2.47717
2.47712
2.47706
2.47701
2.47696
2.47691
2.47685
2.47680
2.47675
2.47670
2.47665
2.47659
2.47654
2.47649
2.47644
2.47639
2.47633
2.47628
2.47623
2.47618
2.47612
2.47607
2.47602
2.47597
2.47592
2.47586
2.47581
2.47576
2.47571
2.47566
2.47560
2.47555
2.47550
2.47545
2.47539
2.47534
2.47529
2.47524
2.47519
2.47513
2.47508
2.47503
2.47498
2.47493
2.47487
2.47482
2.47477
2.47472
2.47467
2.47461
2.47456
2.47451
2.47446
2.47440
2.47435
2.47430
2.47425
2.47420
2.47414
2.47409
2.47404
2.47399
2.47394
2.47388
2.47383
2.47378
2.47373
2.47367
2.47362
2.47357
2.47352
2.47347
2.47341
2.47336
2.47331
2.47326
2.47321
2.47315
2.47310
2.47305
2.47300
2.47295
2.47289
2.47284
2.47279
2.47274
2.47268
2.47263
2.47258
2.47253
2.47248
2.47242
2.47237
2.47232
2.47227
2.47222
2.47216
2.47211
2.47206
2.47201
2.47195
2.47190
2.47185
2.47180
2.47175
2.47169
2.47164
2.47159
2.47154
2.47149
2.47143
2.47138
2.47133
2.47128
2.47123
2.47117
2.47112
2.47107
2.47102
2.47096
2.47091
2.47086
2.47081
2.47076
2.47070
2.47065
2.47060
2.47055
2.47050
2.47044
2.47039
2.47034
2.47029
2.47023
2.47018
2.47013
2.47008
2.47003
2.46997
2.46992
2.46987
2.46982
2.46977
2.46971
2.46966
2.46961
2.46956
2.46950
2.46945
2.46940
2.46935
2.46930
2.46924
2.46919
2.46914
2.46909
2.46904
2.46898
2.46893
2.46888
2.46883
2.46878
2.46872
2.46867
2.46862
2.46857
2.46851
2.46846
2.46841
2.46836
2.46831
2.46825
2.46820
2.46815
2.46810
2.46805
2.46799
2.46794
2.46789
2.46784
2.46778
2.46773
2.46768
2.46763
2.46758
2.46752
2.46747
2.46742
2.46737
2.46732
2.46726
2.46721
2.46716
2.46711
2.46706
2.46700
2.46695
2.46690
2.46685
2.46679
2.46674
2.46669
2.46664
2.46659
2.46653
2.46648
2.46643
2.46638
2.46633
2.46627
2.46622
2.46617
2.46612
2.46606
2.46601
2.46596
2.46591
2.46586
2.46580
2.46575
2.46570
2.46565
2.46560
2.46554
2.46549
2.46544
2.46539
2.46534
2.46528
2.46523
2.46518
2.46513
2.46507
2.46502
2.46497
2.46492
2.46487
2.46481
2.46476
2.46471
2.46466
2.46461
2.46455
2.46450
2.46445
2.46440
2.46434
2.46429
2.46424
2.46419
2.46414
2.46408
2.46403
2.46398
2.46393
2.46388
2.46382
2.46377
2.46372
2.46367
2.46362
2.46356
2.46351
2.46346
2.46341
2.46335
2.46330
2.46325
2.46320
2.46315
2.46309
2.46304
2.46299
2.46294
2.46289
2.46283
2.46278
2.46273
2.46268
2.46262
2.46257
2.46252
2.46247
2.46242
2.46236
2.46231
2.46226
2.46221
2.46216
2.46210
2.46205
2.46200
2.46195
2.46189
2.46184
2.46179
2.46174
2.46169
2.46163
2.46158
2.46153
2.46148
2.46143
2.46137
2.46132
2.46127
2.46122
2.46117
2.46111
2.46106
2.46101
2.46096
2.46090
2.46085
2.46080
2.46075
2.46070
2.46064
2.46059
2.46054
2.46049
2.46044
2.46038
2.46033
2.46028
2.46023
2.46017
2.46012
2.46007
2.46002
2.45997
2.45991
2.45986
2.45981
2.45976
2.45971
2.45965
2.45960
2.45955
2.45950
2.45945
2.45939
2.45934
2.45929
2.45924
2.45918
2.45913
2.45908
2.45903
2.45898
2.45892
2.45887
2.45882
2.45877
2.45872
2.45866
2.45861
2.45856
2.45851
2.45845
2.45840
2.45835
2.45830
2.45825
2.45819
2.45814
2.45809
2.45804
2.45799
2.45793
2.45788
2.45783
2.45778
2.45773
2.45767
2.45762
2.45757
2.45752
2.45746
2.45741
2.45736
2.45731
2.45726
2.45720
2.45715
2.45710
2.45705
2.45700
2.45694
2.45689
2.45684
2.45679
2.45673
2.45668
2.45663
2.45658
2.45653
2.45647
2.45642
2.45637
2.45632
2.45627
2.45621
2.45616
2.45611
2.45606
2.45601
2.45595
2.45590
2.45585
2.45580
2.45574
2.45569
2.45564
2.45559
2.45554
2.45548
2.45543
2.45538
2.45533
2.45528
2.45522
2.45517
2.45512
2.45507
2.45501
2.45496
2.45491
2.45486
2.45481
2.45475
2.45470
2.45465
2.45460
2.45455
2.45449
2.45444
2.45439
2.45434
2.45428
2.45423
2.45418
2.45413
2.45408
2.45402
2.45397
2.45392
2.45387
2.45382
2.45376
2.45371
2.45366
2.45361
2.45356
2.45350
2.45345
2.45340
2.45335
2.45329
2.45324
2.45319
2.45314
2.45309
2.45303
2.45298
2.45293
2.45288
2.45283
2.45277
2.45272
2.45267
2.45262
2.45256
2.45251
2.45246
2.45241
2.45236
2.45230
2.45225
2.45220
2.45215
2.45210
2.45204
2.45199
2.45194
2.45189
2.45184
2.45178
2.45173
2.45168
2.45163
2.45157
2.45152
2.45147
2.45142
2.45137
2.45131
2.45126
2.45121
2.45116
2.45111
2.45105
2.45100
2.45095
2.45090
2.45084
2.45079
2.45074
2.45069
2.45064
2.45058
2.45053
2.45048
2.45043
2.45038
2.45032
2.45027
2.45022
2.45017
2.45012
2.45006
2.45001
2.44996
2.44991
2.44985
2.44980
2.44975
2.44970
2.44965
2.44959
2.44954
2.44949
2.44944
2.44939
2.44933
2.44928
2.44923
2.44918
2.44912
2.44907
2.44902
2.44897
2.44892
2.44886
2.44881
2.44876
2.44871
2.44866
2.44860
2.44855
2.44850
2.44845
2.44840
2.44834
2.44829
2.44824
2.44819
2.44813
2.44808
2.44803
2.44798
2.44793
2.44787
2.44782
2.44777
2.44772
2.44767
2.44761
2.44756
2.44751
2.44746
2.44740
2.44735
2.44730
2.44725
2.44720
2.44714
2.44709
2.44704
2.44699
2.44694
2.44688
2.44683
2.44678
2.44673
2.44668
2.44662
2.44657
2.44652
2.44647
2.44641
2.44636
2.44631
2.44626
2.44621
2.44615
2.44610
2.44605
2.44600
2.44595
2.44589
2.44584
2.44579
2.44574
2.44568
2.44563
2.44558
2.44553
2.44548
2.44542
2.44537
2.44532
2.44527
2.44522
2.44516
2.44511
2.44506
2.44501
2.44496
2.44490
2.44485
2.44480
2.44475
2.44469
2.44464
2.44459
2.44454
2.44449
2.44443
2.44438
2.44433
2.44428
2.44423
2.44417
2.44412
2.44407
2.44402
2.44396
2.44391
2.44386
2.44381
2.44376
2.44370
2.44365
2.44360
2.44355
2.44350
2.44344
2.44339
2.44334
2.44329
2.44323
2.44318
2.44313
2.44308
2.44303
2.44297
2.44292
2.44287
2.44282
2.44277
2.44271
2.44266
2.44261
2.44256
2.44251
2.44245
2.44240
2.44235
2.44230
2.44224
2.44219
2.44214
2.44209
2.44204
2.44198
2.44193
2.44188
2.44183
2.44178
2.44172
2.44167
2.44162
2.44157
2.44151
2.44146
2.44141
2.44136
2.44131
2.44125
2.44120
2.44115
2.44110
2.44105
2.44099
2.44094
2.44089
2.44084
2.44079
2.44073
2.44068
2.44063
2.44058
2.44052
2.44047
2.44042
2.44037
2.44032
2.44026
2.44021
2.44016
2.44011
2.44006
2.44000
2.43995
2.43990
2.43985
2.43979
2.43974
2.43969
2.43964
2.43959
2.43953
2.43948
2.43943
2.43938
2.43933
2.43927
2.43922
2.43917
2.43912
2.43907
2.43901
2.43896
2.43891
2.43886
2.43880
2.43875
2.43870
2.43865
2.43860
2.43854
2.43849
2.43844
2.43839
2.43834
2.43828
2.43823
2.43818
2.43813
2.43807
2.43802
2.43797
2.43792
2.43787
2.43781
2.43776
2.43771
2.43766
2.43761
2.43755
2.43750
2.43745
2.43740
2.43735
2.43729
2.43724
2.43719
2.43714
2.43708
2.43703
2.43698
2.43693
2.43688
2.43682
2.43677
2.43672
2.43667
2.43662
2.43656
2.43651
2.43646
2.43641
2.43635
2.43630
2.43625
2.43620
2.43615
2.43609
2.43604
2.43599
2.43594
2.43589
2.43583
2.43578
2.43573
2.43568
2.43563
2.43557
2.43552
2.43547
2.43542
2.43536
2.43531
2.43526
2.43521
2.43516
2.43510
2.43505
2.43500
2.43495
2.43490
2.43484
2.43479
2.43474
2.43469
2.43463
2.43458
2.43453
2.43448
2.43443
2.43437
2.43432
2.43427
2.43422
2.43417
2.43411
2.43406
2.43401
2.43396
2.43391
2.43385
2.43380
2.43375
2.43370
2.43364
2.43359
2.43354
2.43349
2.43344
2.43338
2.43333
2.43328
2.43323
2.43318
2.43312
2.43307
2.43302
2.43297
2.43291
2.43286
2.43281
2.43276
2.43271
2.43265
2.43260
2.43255
2.43250
2.43245
2.43239
2.43234
2.43229
2.43224
2.43219
2.43213
2.43208
2.43203
2.43198
2.43192
2.43187
2.43182
2.43177
2.43172
2.43166
2.43161
2.43156
2.43151
2.43146
2.43140
2.43135
2.43130
2.43125
2.43119
2.43114
2.43109
2.43104
2.43099
2.43093
2.43088
2.43083
2.43078
2.43073
2.43067
2.43062
2.43057
2.43052
2.43047
2.43041
2.43036
2.43031
2.43026
2.43020
2.43015
2.43010
2.43005
2.43000
2.42994
2.42989
2.42984
2.42979
2.42974
2.42968
2.42963
2.42958
2.42953
2.42947
2.42942
2.42937
2.42932
2.42927
2.42921
2.42916
2.42911
2.42906
2.42901
2.42895
2.42890
2.42885
2.42880
2.42875
2.42869
2.42864
2.42859
2.42854
2.42848
2.42843
2.42838
2.42833
2.42828
2.42822
2.42817
2.42812
2.42807
2.42802
2.42796
2.42791
2.42786
2.42781
2.42775
2.42770
2.42765
2.42760
2.42755
2.42749
2.42744
2.42739
2.42734
2.42729
2.42723
2.42718
2.42713
2.42708
2.42703
2.42697
2.42692
2.42687
2.42682
2.42676
2.42671
2.42666
2.42661
2.42656
2.42650
2.42645
2.42640
2.42635
2.42630
2.42624
2.42619
2.42614
2.42609
2.42603
2.42598
2.42593
2.42588
2.42583
2.42577
2.42572
2.42567
2.42562
2.42557
2.42551
2.42546
2.42541
2.42536
2.42531
2.42525
2.42520
2.42515
2.42510
2.42504
2.42499
2.42494
2.42489
2.42484
2.42478
2.42473
2.42468
2.42463
2.42458
2.42452
2.42447
2.42442
2.42437
2.42431
2.42426
2.42421
2.42416
2.42411
2.42405
2.42400
2.42395
2.42390
2.42385
2.42379
2.42374
2.42369
2.42364
2.42359
2.42353
2.42348
2.42343
2.42338
2.42332
2.42327
2.42322
2.42317
2.42312
2.42306
2.42301
2.42296
2.42291
2.42286
2.42280
2.42275
2.42270
2.42265
2.42259
2.42254
2.42249
2.42244
2.42239
2.42233
2.42228
2.42223
2.42218
2.42213
2.42207
2.42202
2.42197
2.42192
2.42187
2.42181
2.42176
2.42171
2.42166
2.42160
2.42155
2.42150
2.42145
2.42140
2.42134
2.42129
2.42124
2.42119
2.42114
2.42108
2.42103
2.42098
2.42093
2.42087
2.42082
2.42077
2.42072
2.42067
2.42061
2.42056
2.42051
2.42046
2.42041
2.42035
2.42030
2.42025
2.42020
2.42015
2.42009
2.42004
2.41999
2.41994
2.41988
2.41983
2.41978
2.41973
2.41968
2.41962
2.41957
2.41952
2.41947
2.41942
2.41936
2.41931
2.41926
2.41921
2.41915
2.41910
2.41905
2.41900
2.41895
2.41889
2.41884
2.41879
2.41874
2.41869
2.41863
2.41858
2.41853
2.41848
2.41843
2.41837
2.41832
2.41827
2.41822
2.41816
2.41811
2.41806
2.41801
2.41796
2.41790
2.41785
2.41780
2.41775
2.41770
2.41764
2.41759
2.41754
2.41749
2.41743
2.41738
2.41733
2.41728
2.41723
2.41717
2.41712
2.41707
2.41702
2.41697
2.41691
2.41686
2.41681
2.41676
2.41671
2.41665
2.41660
2.41655
2.41650
2.41644
2.41639
2.41634
2.41629
2.41624
2.41618
2.41613
2.41608
2.41603
2.41598
2.41592
2.41587
2.41582
2.41577
2.41571
2.41566
2.41561
2.41556
2.41551
2.41545
2.41540
2.41535
2.41530
2.41525
2.41519
2.41514
2.41509
2.41504
2.41499
2.41493
2.41488
2.41483
2.41478
2.41472
2.41467
2.41462
2.41457
2.41452
2.41446
2.41441
2.41436
2.41431
2.41426
2.41420
2.41415
2.41410
2.41405
2.41399
2.41394
2.41389
2.41384
2.41379
2.41373
2.41368
2.41363
2.41358
2.41353
2.41347
2.41342
2.41337
2.41332
2.41327
2.41321
2.41316
2.41311
2.41306
2.41300
2.41295
2.41290
2.41285
2.41280
2.41274
2.41269
2.41264
2.41259
2.41254
2.41248
2.41243
2.41238
2.41233
2.41227
2.41222
2.41217
2.41212
2.41207
2.41201
2.41196
2.41191
2.41186
2.41181
2.41175
2.41170
2.41165
2.41160
2.41155
2.41149
2.41144
2.41139
2.41134
2.41128
2.41123
2.41118
2.41113
2.41108
2.41102
2.41097
2.41092
2.41087
2.41082
2.41076
2.41071
2.41066
2.41061
2.41055
2.41050
2.41045
2.41040
2.41035
2.41029
2.41024
2.41019
2.41014
2.41009
2.41003
2.40998
2.40993
2.40988
2.40983
2.40977
2.40972
2.40967
2.40962
2.40956
2.40951
2.40946
2.40941
2.40936
2.40930
2.40925
2.40920
2.40915
2.40910
2.40904
2.40899
2.40894
2.40889
2.40883
2.40878
2.40873
2.40868
2.40863
2.40857
2.40852
2.40847
2.40842
2.40837
2.40831
2.40826
2.40821
2.40816
2.40811
2.40805
2.40800
2.40795
2.40790
2.40784
2.40779
2.40774
2.40769
2.40764
2.40758
2.40753
2.40748
2.40743
2.40738
2.40732
2.40727
2.40722
2.40717
2.40711
2.40706
2.40701
2.40696
2.40691
2.40685
2.40680
2.40675
2.40670
2.40665
2.40659
2.40654
2.40649
2.40644
2.40639
2.40633
2.40628
2.40623
2.40618
2.40612
2.40607
2.40602
2.40597
2.40592
2.40586
2.40581
2.40576
2.40571
2.40566
2.40560
2.40555
2.40550
2.40545
2.40539
2.40534
2.40529
2.40524
2.40519
2.40513
2.40508
2.40503
2.40498
2.40493
2.40487
2.40482
2.40477
2.40472
2.40467
2.40461
2.40456
2.40451
2.40446
2.40440
2.40435
2.40430
2.40425
2.40420
2.40414
2.40409
2.40404
2.40399
2.40394
2.40388
2.40383
2.40378
2.40373
2.40367
2.40362
2.40357
2.40352
2.40347
2.40341
2.40336
2.40331
2.40326
2.40321
2.40315
2.40310
2.40305
2.40300
2.40295
2.40289
2.40284
2.40279
2.40274
2.40268
2.40263
2.40258
2.40253
2.40248
2.40242
2.40237
2.40232
2.40227
2.40222
2.40216
2.40211
2.40206
2.40201
2.40195
2.40190
2.40185
2.40180
2.40175
2.40169
2.40164
2.40159
2.40154
2.40149
2.40143
2.40138
2.40133
2.40128
2.40123
2.40117
2.40112
2.40107
2.40102
2.40096
2.40091
2.40086
2.40081
2.40076
2.40070
2.40065
2.40060
2.40055
2.40050
2.40044
2.40039
2.40034
2.40029
2.40023
2.40018
2.40013
2.40008
2.40003
2.39997
2.39992
2.39987
2.39982
2.39977
2.39971
2.39966
2.39961
2.39956
2.39951
2.39945
2.39940
2.39935
2.39930
2.39924
2.39919
2.39914
2.39909
2.39904
2.39898
2.39893
2.39888
2.39883
2.39878
2.39872
2.39867
2.39862
2.39857
2.39852
2.39846
2.39841
2.39836
2.39831
2.39825
2.39820
2.39815
2.39810
2.39805
2.39799
2.39794
2.39789
2.39784
2.39779
2.39773
2.39768
2.39763
2.39758
2.39752
2.39747
2.39742
2.39737
2.39732
2.39726
2.39721
2.39716
2.39711
2.39706
2.39700
2.39695
2.39690
2.39685
2.39680
2.39674
2.39669
2.39664
2.39659
2.39653
2.39648
2.39643
2.39638
2.39633
2.39627
2.39622
2.39617
2.39612
2.39607
2.39601
2.39596
2.39591
2.39586
2.39580
2.39575
2.39570
2.39565
2.39560
2.39554
2.39549
2.39544
2.39539
2.39534
2.39528
2.39523
2.39518
2.39513
2.39508
2.39502
2.39497
2.39492
2.39487
2.39481
2.39476
2.39471
2.39466
2.39461
2.39455
2.39450
2.39445
2.39440
2.39435
2.39429
2.39424
2.39419
2.39414
2.39408
2.39403
2.39398
2.39393
2.39388
2.39382
2.39377
2.39372
2.39367
2.39362
2.39356
2.39351
2.39346
2.39341
2.39336
2.39330
2.39325
2.39320
2.39315
2.39309
2.39304
2.39299
2.39294
2.39289
2.39283
2.39278
2.39273
2.39268
2.39263
2.39257
2.39252
2.39247
2.39242
2.39236
2.39231
2.39226
2.39221
2.39216
2.39210
2.39205
2.39200
2.39195
2.39190
2.39184
2.39179
2.39174
2.39169
2.39164
2.39158
2.39153
2.39148
2.39143
2.39137
2.39132
2.39127
2.39122
2.39117
2.39111
2.39106
2.39101
2.39096
2.39091
2.39085
2.39080
2.39075
2.39070
2.39064
2.39059
2.39054
2.39049
2.39044
2.39038
2.39033
2.39028
2.39023
2.39018
2.39012
2.39007
2.39002
2.38997
2.38992
2.38986
2.38981
2.38976
2.38971
2.38965
2.38960
2.38955
2.38950
2.38945
2.38939
2.38934
2.38929
2.38924
2.38919
2.38913
2.38908
2.38903
2.38898
2.38892
2.38887
2.38882
2.38877
2.38872
2.38866
2.38861
2.38856
2.38851
2.38846
2.38840
2.38835
2.38830
2.38825
2.38820
2.38814
2.38809
2.38804
2.38799
2.38793
2.38788
2.38783
2.38778
2.38773
2.38767
2.38762
2.38757
2.38752
2.38747
2.38741
2.38736
2.38731
2.38726
2.38721
2.38715
2.38710
2.38705
2.38700
2.38694
2.38689
2.38684
2.38679
2.38674
2.38668
2.38663
2.38658
2.38653
2.38648
2.38642
2.38637
2.38632
2.38627
2.38621
2.38616
2.38611
2.38606
2.38601
2.38595
2.38590
2.38585
2.38580
2.38575
2.38569
2.38564
2.38559
2.38554
2.38549
2.38543
2.38538
2.38533
2.38528
2.38522
2.38517
2.38512
2.38507
2.38502
2.38496
2.38491
2.38486
2.38481
2.38476
2.38470
2.38465
2.38460
2.38455
2.38449
2.38444
2.38439
2.38434
2.38429
2.38423
2.38418
2.38413
2.38408
2.38403
2.38397
2.38392
2.38387
2.38382
2.38377
2.38371
2.38366
2.38361
2.38356
2.38350
2.38345
2.38340
2.38335
2.38330
2.38324
2.38319
2.38314
2.38309
2.38304
2.38298
2.38293
2.38288
2.38283
2.38277
2.38272
2.38267
2.38262
2.38257
2.38251
2.38246
2.38241
2.38236
2.38231
2.38225
2.38220
2.38215
2.38210
2.38205
2.38199
2.38194
2.38189
2.38184
2.38178
2.38173
2.38168
2.38163
2.38158
2.38152
2.38147
2.38142
2.38137
2.38132
2.38126
2.38121
2.38116
2.38111
2.38105
2.38100
2.38095
2.38090
2.38085
2.38079
2.38074
2.38069
2.38064
2.38059
2.38053
2.38048
2.38043
2.38038
2.38033
2.38027
2.38022
2.38017
2.38012
2.38006
2.38001
2.37996
2.37991
2.37986
2.37980
2.37975
2.37970
2.37965
2.37960
2.37954
2.37949
2.37944
2.37939
2.37934
2.37928
2.37923
2.37918
2.37913
2.37907
2.37902
2.37897
2.37892
2.37887
2.37881
2.37876
2.37871
2.37866
2.37861
2.37855
2.37850
2.37845
2.37840
2.37834
2.37829
2.37824
2.37819
2.37814
2.37808
2.37803
2.37798
2.37793
2.37788
2.37782
2.37777
2.37772
2.37767
2.37762
2.37756
2.37751
2.37746
2.37741
2.37735
2.37730
2.37725
2.37720
2.37715
2.37709
2.37704
2.37699
2.37694
2.37689
2.37683
2.37678
2.37673
2.37668
2.37662
2.37657
2.37652
2.37647
2.37642
2.37636
2.37631
2.37626
2.37621
2.37616
2.37610
2.37605
2.37600
2.37595
2.37590
2.37584
2.37579
2.37574
2.37569
2.37563
2.37558
2.37553
2.37548
2.37543
2.37537
2.37532
2.37527
2.37522
2.37517
2.37511
2.37506
2.37501
2.37496
2.37490
2.37485
2.37480
2.37475
2.37470
2.37464
2.37459
2.37454
2.37449
2.37444
2.37438
2.37433
2.37428
2.37423
2.37418
2.37412
2.37407
2.37402
2.37397
2.37391
2.37386
2.37381
2.37376
2.37371
2.37365
2.37360
2.37355
2.37350
2.37345
2.37339
2.37334
2.37329
2.37324
2.37319
2.37313
2.37308
2.37303
2.37298
2.37292
2.37287
2.37282
2.37277
2.37272
2.37266
2.37261
2.37256
2.37251
2.37246
2.37240
2.37235
2.37230
2.37225
2.37219
2.37214
2.37209
2.37204
2.37199
2.37193
2.37188
2.37183
2.37178
2.37173
2.37167
2.37162
2.37157
2.37152
2.37147
2.37141
2.37136
2.37131
2.37126
2.37120
2.37115
2.37110
2.37105
2.37100
2.37094
2.37089
2.37084
2.37079
2.37074
2.37068
2.37063
2.37058
2.37053
2.37047
2.37042
2.37037
2.37032
2.37027
2.37021
2.37016
2.37011
2.37006
2.37001
2.36995
2.36990
2.36985
2.36980
2.36975
2.36969
2.36964
2.36959
2.36954
2.36948
2.36943
2.36938
2.36933
2.36928
2.36922
2.36917
2.36912
2.36907
2.36902
2.36896
2.36891
2.36886
2.36881
2.36875
2.36870
2.36865
2.36860
2.36855
2.36849
2.36844
2.36839
2.36834
2.36829
2.36823
2.36818
2.36813
2.36808
2.36803
2.36797
2.36792
2.36787
2.36782
2.36776
2.36771
2.36766
2.36761
2.36756
2.36750
2.36745
2.36740
2.36735
2.36730
2.36724
2.36719
2.36714
2.36709
2.36704
2.36698
2.36693
2.36688
2.36683
2.36677
2.36672
2.36667
2.36662
2.36657
2.36651
2.36646
2.36641
2.36636
2.36631
2.36625
2.36620
2.36615
2.36610
2.36604
2.36599
2.36594
2.36589
2.36584
2.36578
2.36573
2.36568
2.36563
2.36558
2.36552
2.36547
2.36542
2.36537
2.36532
2.36526
2.36521
2.36516
2.36511
2.36505
2.36500
2.36495
2.36490
2.36485
2.36479
2.36474
2.36469
2.36464
2.36459
2.36453
2.36448
2.36443
2.36438
2.36432
2.36427
2.36422
2.36417
2.36412
2.36406
2.36401
2.36396
2.36391
2.36386
2.36380
2.36375
2.36370
2.36365
2.36360
2.36354
2.36349
2.36344
2.36339
2.36333
2.36328
2.36323
2.36318
2.36313
2.36307
2.36302
2.36297
2.36292
2.36287
2.36281
2.36276
2.36271
2.36266
2.36260
2.36255
2.36250
2.36245
2.36240
2.36234
2.36229
2.36224
2.36219
2.36214
2.36208
2.36203
2.36198
2.36193
2.36188
2.36182
2.36177
2.36172
2.36167
2.36161
2.36156
2.36151
2.36146
2.36141
2.36135
2.36130
2.36125
2.36120
2.36115
2.36109
2.36104
2.36099
2.36094
2.36089
2.36083
2.36078
2.36073
2.36068
2.36062
2.36057
2.36052
2.36047
2.36042
2.36036
2.36031
2.36026
2.36021
2.36016
2.36010
2.36005
2.36000
2.35995
2.35989
2.35984
2.35979
2.35974
2.35969
2.35963
2.35958
2.35953
2.35948
2.35943
2.35937
2.35932
2.35927
2.35922
2.35917
2.35911
2.35906
2.35901
2.35896
2.35890
2.35885
2.35880
2.35875
2.35870
2.35864
2.35859
2.35854
2.35849
2.35844
2.35838
2.35833
2.35828
2.35823
2.35817
2.35812
2.35807
2.35802
2.35797
2.35791
2.35786
2.35781
2.35776
2.35771
2.35765
2.35760
2.35755
2.35750
2.35745
2.35739
2.35734
2.35729
2.35724
2.35718
2.35713
2.35708
2.35703
2.35698
2.35692
2.35687
2.35682
2.35677
2.35672
2.35666
2.35661
2.35656
2.35651
2.35646
2.35640
2.35635
2.35630
2.35625
2.35619
2.35614
2.35609
2.35604
2.35599
2.35593
2.35588
2.35583
2.35578
2.35573
2.35567
2.35562
2.35557
2.35552
2.35546
2.35541
2.35536
2.35531
2.35526
2.35520
2.35515
2.35510
2.35505
2.35500
2.35494
2.35489
2.35484
2.35479
2.35474
2.35468
2.35463
2.35458
2.35453
2.35447
2.35442
2.35437
2.35432
2.35427
2.35421
2.35416
2.35411
2.35406
2.35401
2.35395
2.35390
2.35385
2.35380
2.35374
2.35369
2.35364
2.35359
2.35354
2.35348
2.35343
2.35338
2.35333
2.35328
2.35322
2.35317
2.35312
2.35307
2.35302
2.35296
2.35291
2.35286
2.35281
2.35275
2.35270
2.35265
2.35260
2.35255
2.35249
2.35244
2.35239
2.35234
2.35229
2.35223
2.35218
2.35213
2.35208
2.35203
2.35197
2.35192
2.35187
2.35182
2.35176
2.35171
2.35166
2.35161
2.35156
2.35150
2.35145
2.35140
2.35135
2.35130
2.35124
2.35119
2.35114
2.35109
2.35103
2.35098
2.35093
2.35088
2.35083
2.35077
2.35072
2.35067
2.35062
2.35057
2.35051
2.35046
2.35041
2.35036
2.35031
2.35025
2.35020
2.35015
2.35010
2.35004
2.34999
2.34994
2.34989
2.34984
2.34978
2.34973
2.34968
2.34963
2.34958
2.34952
2.34947
2.34942
2.34937
2.34931
2.34926
2.34921
2.34916
2.34911
2.34905
2.34900
2.34895
2.34890
2.34885
2.34879
2.34874
2.34869
2.34864
2.34859
2.34853
2.34848
2.34843
2.34838
2.34832
2.34827
2.34822
2.34817
2.34812
2.34806
2.34801
2.34796
2.34791
2.34786
2.34780
2.34775
2.34770
2.34765
2.34760
2.34754
2.34749
2.34744
2.34739
2.34733
2.34728
2.34723
2.34718
2.34713
2.34707
2.34702
2.34697
2.34692
2.34687
2.34681
2.34676
2.34671
2.34666
2.34660
2.34655
2.34650
2.34645
2.34640
2.34634
2.34629
2.34624
2.34619
2.34614
2.34608
2.34603
2.34598
2.34593
2.34588
2.34582
2.34577
2.34572
2.34567
2.34561
2.34556
2.34551
2.34546
2.34541
2.34535
2.34530
2.34525
2.34520
2.34515
2.34509
2.34504
2.34499
2.34494
2.34488
2.34483
2.34478
2.34473
2.34468
2.34462
2.34457
2.34452
2.34447
2.34442
2.34436
2.34431
2.34426
2.34421
2.34416
2.34410
2.34405
2.34400
2.34395
2.34389
2.34384
2.34379
2.34374
2.34369
2.34363
2.34358
2.34353
2.34348
2.34343
2.34337
2.34332
2.34327
2.34322
2.34317
2.34311
2.34306
2.34301
2.34296
2.34290
2.34285
2.34280
2.34275
2.34270
2.34264
2.34259
2.34254
2.34249
2.34244
2.34238
2.34233
2.34228
2.34223
2.34217
2.34212
2.34207
2.34202
2.34197
2.34191
2.34186
2.34181
2.34176
2.34171
2.34165
2.34160
2.34155
2.34150
2.34145
2.34139
2.34134
2.34129
2.34124
2.34118
2.34113
2.34108
2.34103
2.34098
2.34092
2.34087
2.34082
2.34077
2.34072
2.34066
2.34061
2.34056
2.34051
2.34046
2.34040
2.34035
2.34030
2.34025
2.34019
2.34014
2.34009
2.34004
2.33999
2.33993
2.33988
2.33983
2.33978
2.33973
2.33967
2.33962
2.33957
2.33952
2.33946
2.33941
2.33936
2.33931
2.33926
2.33920
2.33915
2.33910
2.33905
2.33900
2.33894
2.33889
2.33884
2.33879
2.33874
2.33868
2.33863
2.33858
2.33853
2.33847
2.33842
2.33837
2.33832
2.33827
2.33821
2.33816
2.33811
2.33806
2.33801
2.33795
2.33790
2.33785
2.33780
2.33774
2.33769
2.33764
2.33759
2.33754
2.33748
2.33743
2.33738
2.33733
2.33728
2.33722
2.33717
2.33712
2.33707
2.33702
2.33696
2.33691
2.33686
2.33681
2.33675
2.33670
2.33665
2.33660
2.33655
2.33649
2.33644
2.33639
2.33634
2.33629
2.33623
2.33618
2.33613
2.33608
2.33603
2.33597
2.33592
2.33587
2.33582
2.33576
2.33571
2.33566
2.33561
2.33556
2.33550
2.33545
2.33540
2.33535
2.33530
2.33524
2.33519
2.33514
2.33509
2.33503
2.33498
2.33493
2.33488
2.33483
2.33477
2.33472
2.33467
2.33462
2.33457
2.33451
2.33446
2.33441
2.33436
2.33431
2.33425
2.33420
2.33415
2.33410
2.33404
2.33399
2.33394
2.33389
2.33384
2.33378
2.33373
2.33368
2.33363
2.33358
2.33352
2.33347
2.33342
2.33337
2.33332
2.33326
2.33321
2.33316
2.33311
2.33305
2.33300
2.33295
2.33290
2.33285
2.33279
2.33274
2.33269
2.33264
2.33259
2.33253
2.33248
2.33243
2.33238
2.33232
2.33227
2.33222
2.33217
2.33212
2.33206
2.33201
2.33196
2.33191
2.33186
2.33180
2.33175
2.33170
2.33165
2.33160
2.33154
2.33149
2.33144
2.33139
2.33133
2.33128
2.33123
2.33118
2.33113
2.33107
2.33102
2.33097
2.33092
2.33087
2.33081
2.33076
2.33071
2.33066
2.33060
2.33055
2.33050
2.33045
2.33040
2.33034
2.33029
2.33024
2.33019
2.33014
2.33008
2.33003
2.32998
2.32993
2.32988
2.32982
2.32977
2.32972
2.32967
2.32961
2.32956
2.32951
2.32946
2.32941
2.32935
2.32930
2.32925
2.32920
2.32915
2.32909
2.32904
2.32899
2.32894
2.32889
2.32883
2.32878
2.32873
2.32868
2.32862
2.32857
2.32852
2.32847
2.32842
2.32836
2.32831
2.32826
2.32821
2.32816
2.32810
2.32805
2.32800
2.32795
2.32789
2.32784
2.32779
2.32774
2.32769
2.32763
2.32758
2.32753
2.32748
2.32743
2.32737
2.32732
2.32727
2.32722
2.32717
2.32711
2.32706
2.32701
2.32696
2.32690
2.32685
2.32680
2.32675
2.32670
2.32664
2.32659
2.32654
2.32649
2.32644
2.32638
2.32633
2.32628
2.32623
2.32618
2.32612
2.32607
2.32602
2.32597
2.32591
2.32586
2.32581
2.32576
2.32571
2.32565
2.32560
2.32555
2.32550
2.32545
2.32539
2.32534
2.32529
2.32524
2.32518
2.32513
2.32508
2.32503
2.32498
2.32492
2.32487
2.32482
2.32477
2.32472
2.32466
2.32461
2.32456
2.32451
2.32446
2.32440
2.32435
2.32430
2.32425
2.32419
2.32414
2.32409
2.32404
2.32399
2.32393
2.32388
2.32383
2.32378
2.32373
2.32367
2.32362
2.32357
2.32352
2.32347
2.32341
2.32336
2.32331
2.32326
2.32320
2.32315
2.32310
2.32305
2.32300
2.32294
2.32289
2.32284
2.32279
2.32274
2.32268
2.32263
2.32258
2.32253
2.32247
2.32242
2.32237
2.32232
2.32227
2.32221
2.32216
2.32211
2.32206
2.32201
2.32195
2.32190
2.32185
2.32180
2.32175
2.32169
2.32164
2.32159
2.32154
2.32148
2.32143
2.32138
2.32133
2.32128
2.32122
2.32117
2.32112
2.32107
2.32102
2.32096
2.32091
2.32086
2.32081
2.32075
2.32070
2.32065
2.32060
2.32055
2.32049
2.32044
2.32039
2.32034
2.32029
2.32023
2.32018
2.32013
2.32008
2.32003
2.31997
2.31992
2.31987
2.31982
2.31976
2.31971
2.31966
2.31961
2.31956
2.31950
2.31945
2.31940
2.31935
2.31930
2.31924
2.31919
2.31914
2.31909
2.31904
2.31898
2.31893
2.31888
2.31883
2.31877
2.31872
2.31867
2.31862
2.31857
2.31851
2.31846
2.31841
2.31836
2.31831
2.31825
2.31820
2.31815
2.31810
2.31804
2.31799
2.31794
2.31789
2.31784
2.31778
2.31773
2.31768
2.31763
2.31758
2.31752
2.31747
2.31742
2.31737
2.31732
2.31726
2.31721
2.31716
2.31711
2.31705
2.31700
2.31695
2.31690
2.31685
2.31679
2.31674
2.31669
2.31664
2.31659
2.31653
2.31648
2.31643
2.31638
2.31633
2.31627
2.31622
2.31617
2.31612
2.31606
2.31601
2.31596
2.31591
2.31586
2.31580
2.31575
2.31570
2.31565
2.31560
2.31554
2.31549
2.31544
2.31539
2.31533
2.31528
2.31523
2.31518
2.31513
2.31507
2.31502
2.31497
2.31492
2.31487
2.31481
2.31476
2.31471
2.31466
2.31461
2.31455
2.31450
2.31445
2.31440
2.31434
2.31429
2.31424
2.31419
2.31414
2.31408
2.31403
2.31398
2.31393
2.31388
2.31382
2.31377
2.31372
2.31367
2.31362
2.31356
2.31351
2.31346
2.31341
2.31335
2.31330
2.31325
2.31320
2.31315
2.31309
2.31304
2.31299
2.31294
2.31289
2.31283
2.31278
2.31273
2.31268
2.31262
2.31257
2.31252
2.31247
2.31242
2.31236
2.31231
2.31226
2.31221
2.31216
2.31210
2.31205
2.31200
2.31195
2.31190
2.31184
2.31179
2.31174
2.31169
2.31163
2.31158
2.31153
2.31148
2.31143
2.31137
2.31132
2.31127
2.31122
2.31117
2.31111
2.31106
2.31101
2.31096
2.31091
2.31085
2.31080
2.31075
2.31070
2.31064
2.31059
2.31054
2.31049
2.31044
2.31038
2.31033
2.31028
2.31023
2.31018
2.31012
2.31007
2.31002
2.30997
2.30991
2.30986
2.30981
2.30976
2.30971
2.30965
2.30960
2.30955
2.30950
2.30945
2.30939
2.30934
2.30929
2.30924
2.30919
2.30913
2.30908
2.30903
2.30898
2.30892
2.30887
2.30882
2.30877
2.30872
2.30866
2.30861
2.30856
2.30851
2.30846
2.30840
2.30835
2.30830
2.30825
2.30820
2.30814
2.30809
2.30804
2.30799
2.30793
2.30788
2.30783
2.30778
2.30773
2.30767
2.30762
2.30757
2.30752
2.30747
2.30741
2.30736
2.30731
2.30726
2.30720
2.30715
2.30710
2.30705
2.30700
2.30694
2.30689
2.30684
2.30679
2.30674
2.30668
2.30663
2.30658
2.30653
2.30648
2.30642
2.30637
2.30632
2.30627
2.30621
2.30616
2.30611
2.30606
2.30601
2.30595
2.30590
2.30585
2.30580
2.30575
2.30569
2.30564
2.30559
2.30554
2.30549
2.30543
2.30538
2.30533
2.30528
2.30522
2.30517
2.30512
2.30507
2.30502
2.30496
2.30491
2.30486
2.30481
2.30476
2.30470
2.30465
2.30460
2.30455
2.30449
2.30444
2.30439
2.30434
2.30429
2.30423
2.30418
2.30413
2.30408
2.30403
2.30397
2.30392
2.30387
2.30382
2.30377
2.30371
2.30366
2.30361
2.30356
2.30350
2.30345
2.30340
2.30335
2.30330
2.30324
2.30319
2.30314
2.30309
2.30304
2.30298
2.30293
2.30288
2.30283
2.30278
2.30272
2.30267
2.30262
2.30257
2.30251
2.30246
2.30241
2.30236
2.30231
2.30225
2.30220
2.30215
2.30210
2.30205
2.30199
2.30194
2.30189
2.30184
2.30178
2.30173
2.30168
2.30163
2.30158
2.30152
2.30147
2.30142
2.30137
2.30132
2.30126
2.30121
2.30116
2.30111
2.30106
2.30100
2.30095
2.30090
2.30085
2.30079
2.30074
2.30069
2.30064
2.30059
2.30053
2.30048
2.30043
2.30038
2.30033
2.30027
2.30022
2.30017
2.30012
2.30007
2.30001
2.29996
2.29991
2.29986
2.29980
2.29975
2.29970
2.29965
2.29960
2.29954
2.29949
2.29944
2.29939
2.29934
2.29928
2.29923
2.29918
2.29913
2.29907
2.29902
2.29897
2.29892
2.29887
2.29881
2.29876
2.29871
2.29866
2.29861
2.29855
2.29850
2.29845
2.29840
2.29835
2.29829
2.29824
2.29819
2.29814
2.29808
2.29803
2.29798
2.29793
2.29788
2.29782
2.29777
2.29772
2.29767
2.29762
2.29756
2.29751
2.29746
2.29741
2.29736
2.29730
2.29725
2.29720
2.29715
2.29709
2.29704
2.29699
2.29694
2.29689
2.29683
2.29678
2.29673
2.29668
2.29663
2.29657
2.29652
2.29647
2.29642
2.29636
2.29631
2.29626
2.29621
2.29616
2.29610
2.29605
2.29600
2.29595
2.29590
2.29584
2.29579
2.29574
2.29569
2.29564
2.29558
2.29553
2.29548
2.29543
2.29537
2.29532
2.29527
2.29522
2.29517
2.29511
2.29506
2.29501
2.29496
2.29491
2.29485
2.29480
2.29475
2.29470
2.29465
2.29459
2.29454
2.29449
2.29444
2.29438
2.29433
2.29428
2.29423
2.29418
2.29412
2.29407
2.29402
2.29397
2.29392
2.29386
2.29381
2.29376
2.29371
2.29366
2.29360
2.29355
2.29350
2.29345
2.29339
2.29334
2.29329
2.29324
2.29319
2.29313
2.29308
2.29303
2.29298
2.29293
2.29287
2.29282
2.29277
2.29272
2.29266
2.29261
2.29256
2.29251
2.29246
2.29240
2.29235
2.29230
2.29225
2.29220
2.29214
2.29209
2.29204
2.29199
2.29194
2.29188
2.29183
2.29178
2.29173
2.29167
2.29162
2.29157
2.29152
2.29147
2.29141
2.29136
2.29131
2.29126
2.29121
2.29115
2.29110
2.29105
2.29100
2.29095
2.29089
2.29084
2.29079
2.29074
2.29068
2.29063
2.29058
2.29053
2.29048
2.29042
2.29037
2.29032
2.29027
2.29022
2.29016
2.29011
2.29006
2.29001
2.28995
2.28990
2.28985
2.28980
2.28975
2.28969
2.28964
2.28959
2.28954
2.28949
2.28943
2.28938
2.28933
2.28928
2.28923
2.28917
2.28912
2.28907
2.28902
2.28896
2.28891
2.28886
2.28881
2.28876
2.28870
2.28865
2.28860
2.28855
2.28850
2.28844
2.28839
2.28834
2.28829
2.28824
2.28818
2.28813
2.28808
2.28803
2.28797
2.28792
2.28787
2.28782
2.28777
2.28771
2.28766
2.28761
2.28756
2.28751
2.28745
2.28740
2.28735
2.28730
2.28724
2.28719
2.28714
2.28709
2.28704
2.28698
2.28693
2.28688
2.28683
2.28678
2.28672
2.28667
2.28662
2.28657
2.28652
2.28646
2.28641
2.28636
2.28631
2.28625
2.28620
2.28615
2.28610
2.28605
2.28599
2.28594
2.28589
2.28584
2.28579
2.28573
2.28568
2.28563
2.28558
2.28553
2.28547
2.28542
2.28537
2.28532
2.28526
2.28521
2.28516
2.28511
2.28506
2.28500
2.28495
2.28490
2.28485
2.28480
2.28474
2.28469
2.28464
2.28459
2.28454
2.28448
2.28443
2.28438
2.28433
2.28427
2.28422
2.28417
2.28412
2.28407
2.28401
2.28396
2.28391
2.28386
2.28381
2.28375
2.28370
2.28365
2.28360
2.28354
2.28349
2.28344
2.28339
2.28334
2.28328
2.28323
2.28318
2.28313
2.28308
2.28302
2.28297
2.28292
2.28287
2.28282
2.28276
2.28271
2.28266
2.28261
2.28255
2.28250
2.28245
2.28240
2.28235
2.28229
2.28224
2.28219
2.28214
2.28209
2.28203
2.28198
2.28193
2.28188
2.28183
2.28177
2.28172
2.28167
2.28162
2.28156
2.28151
2.28146
2.28141
2.28136
2.28130
2.28125
2.28120
2.28115
2.28110
2.28104
2.28099
2.28094
2.28089
2.28083
2.28078
2.28073
2.28068
2.28063
2.28057
2.28052
2.28047
2.28042
2.28037
2.28031
2.28026
2.28021
2.28016
2.28011
2.28005
2.28000
2.27995
2.27990
2.27984
2.27979
2.27974
2.27969
2.27964
2.27958
2.27953
2.27948
2.27943
2.27938
2.27932
2.27927
2.27922
2.27917
2.27912
2.27906
2.27901
2.27896
2.27891
2.27885
2.27880
2.27875
2.27870
2.27865
2.27859
2.27854
2.27849
2.27844
2.27839
2.27833
2.27828
2.27823
2.27818
2.27813
2.27807
2.27802
2.27797
2.27792
2.27786
2.27781
2.27776
2.27771
2.27766
2.27760
2.27755
2.27750
2.27745
2.27740
2.27734
2.27729
2.27724
2.27719
2.27713
2.27708
2.27703
2.27698
2.27693
2.27687
2.27682
2.27677
2.27672
2.27667
2.27661
2.27656
2.27651
2.27646
2.27641
2.27635
2.27630
2.27625
2.27620
2.27614
2.27609
2.27604
2.27599
2.27594
2.27588
2.27583
2.27578
2.27573
2.27568
2.27562
2.27557
2.27552
2.27547
2.27542
2.27536
2.27531
2.27526
2.27521
2.27515
2.27510
2.27505
2.27500
2.27495
2.27489
2.27484
2.27479
2.27474
2.27469
2.27463
2.27458
2.27453
2.27448
2.27442
2.27437
2.27432
2.27427
2.27422
2.27416
2.27411
2.27406
2.27401
2.27396
2.27390
2.27385
2.27380
2.27375
2.27370
2.27364
2.27359
2.27354
2.27349
2.27343
2.27338
2.27333
2.27328
2.27323
2.27317
2.27312
2.27307
2.27302
2.27297
2.27291
2.27286
2.27281
2.27276
2.27271
2.27265
2.27260
2.27255
2.27250
2.27244
2.27239
2.27234
2.27229
2.27224
2.27218
2.27213
2.27208
2.27203
2.27198
2.27192
2.27187
2.27182
2.27177
2.27172
2.27166
2.27161
2.27156
2.27151
2.27145
2.27140
2.27135
2.27130
2.27125
2.27119
2.27114
2.27109
2.27104
2.27099
2.27093
2.27088
2.27083
2.27078
2.27072
2.27067
2.27062
2.27057
2.27052
2.27046
2.27041
2.27036
2.27031
2.27026
2.27020
2.27015
2.27010
2.27005
2.27000
2.26994
2.26989
2.26984
2.26979
2.26973
2.26968
2.26963
2.26958
2.26953
2.26947
2.26942
2.26937
2.26932
2.26927
2.26921
2.26916
2.26911
2.26906
2.26901
2.26895
2.26890
2.26885
2.26880
2.26874
2.26869
2.26864
2.26859
2.26854
2.26848
2.26843
2.26838
2.26833
2.26828
2.26822
2.26817
2.26812
2.26807
2.26801
2.26796
2.26791
2.26786
2.26781
2.26775
2.26770
2.26765
2.26760
2.26755
2.26749
2.26744
2.26739
2.26734
2.26729
2.26723
2.26718
2.26713
2.26708
2.26702
2.26697
2.26692
2.26687
2.26682
2.26676
2.26671
2.26666
2.26661
2.26656
2.26650
2.26645
2.26640
2.26635
2.26630
2.26624
2.26619
2.26614
2.26609
2.26603
2.26598
2.26593
2.26588
2.26583
2.26577
2.26572
2.26567
2.26562
2.26557
2.26551
2.26546
2.26541
2.26536
2.26531
2.26525
2.26520
2.26515
2.26510
2.26504
2.26499
2.26494
2.26489
2.26484
2.26478
2.26473
2.26468
2.26463
2.26458
2.26452
2.26447
2.26442
2.26437
2.26431
2.26426
2.26421
2.26416
2.26411
2.26405
2.26400
2.26395
2.26390
2.26385
2.26379
2.26374
2.26369
2.26364
2.26359
2.26353
2.26348
2.26343
2.26338
2.26332
2.26327
2.26322
2.26317
2.26312
2.26306
2.26301
2.26296
2.26291
2.26286
2.26280
2.26275
2.26270
2.26265
2.26260
2.26254
2.26249
2.26244
2.26239
2.26233
2.26228
2.26223
2.26218
2.26213
2.26207
2.26202
2.26197
2.26192
2.26187
2.26181
2.26176
2.26171
2.26166
2.26161
2.26155
2.26150
2.26145
2.26140
2.26134
2.26129
2.26124
2.26119
2.26114
2.26108
2.26103
2.26098
2.26093
2.26088
2.26082
2.26077
2.26072
2.26067
2.26061
2.26056
2.26051
2.26046
2.26041
2.26035
2.26030
2.26025
2.26020
2.26015
2.26009
2.26004
2.25999
2.25994
2.25989
2.25983
2.25978
2.25973
2.25968
2.25962
2.25957
2.25952
2.25947
2.25942
2.25936
2.25931
2.25926
2.25921
2.25916
2.25910
2.25905
2.25900
2.25895
2.25890
2.25884
2.25879
2.25874
2.25869
2.25863
2.25858
2.25853
2.25848
2.25843
2.25837
2.25832
2.25827
2.25822
2.25817
2.25811
2.25806
2.25801
2.25796
2.25791
2.25785
2.25780
2.25775
2.25770
2.25764
2.25759
2.25754
2.25749
2.25744
2.25738
2.25733
2.25728
2.25723
2.25718
2.25712
2.25707
2.25702
2.25697
2.25691
2.25686
2.25681
2.25676
2.25671
2.25665
2.25660
2.25655
2.25650
2.25645
2.25639
2.25634
2.25629
2.25624
2.25619
2.25613
2.25608
2.25603
2.25598
2.25592
2.25587
2.25582
2.25577
2.25572
2.25566
2.25561
2.25556
2.25551
2.25546
2.25540
2.25535
2.25530
2.25525
2.25520
2.25514
2.25509
2.25504
2.25499
2.25493
2.25488
2.25483
2.25478
2.25473
2.25467
2.25462
2.25457
2.25452
2.25447
2.25441
2.25436
2.25431
2.25426
2.25421
2.25415
2.25410
2.25405
2.25400
2.25394
2.25389
2.25384
2.25379
2.25374
2.25368
2.25363
2.25358
2.25353
2.25348
2.25342
2.25337
2.25332
2.25327
2.25321
2.25316
2.25311
2.25306
2.25301
2.25295
2.25290
2.25285
2.25280
2.25275
2.25269
2.25264
2.25259
2.25254
2.25249
2.25243
2.25238
2.25233
2.25228
2.25222
2.25217
2.25212
2.25207
2.25202
2.25196
2.25191
2.25186
2.25181
2.25176
2.25170
2.25165
2.25160
2.25155
2.25150
2.25144
2.25139
2.25134
2.25129
2.25123
2.25118
2.25113
2.25108
2.25103
2.25097
2.25092
2.25087
2.25082
2.25077
2.25071
2.25066
2.25061
2.25056
2.25051
2.25045
2.25040
2.25035
2.25030
2.25024
2.25019
2.25014
2.25009
2.25004
2.24998
2.24993
2.24988
2.24983
2.24978
2.24972
2.24967
2.24962
2.24957
2.24951
2.24946
2.24941
2.24936
2.24931
2.24925
2.24920
2.24915
2.24910
2.24905
2.24899
2.24894
2.24889
2.24884
2.24879
2.24873
2.24868
2.24863
2.24858
2.24852
2.24847
2.24842
2.24837
2.24832
2.24826
2.24821
2.24816
2.24811
2.24806
2.24800
2.24795
2.24790
2.24785
2.24780
2.24774
2.24769
2.24764
2.24759
2.24753
2.24748
2.24743
2.24738
2.24733
2.24727
2.24722
2.24717
2.24712
2.24707
2.24701
2.24696
2.24691
2.24686
2.24681
2.24675
2.24670
2.24665
2.24660
2.24654
2.24649
2.24644
2.24639
2.24634
2.24628
2.24623
2.24618
2.24613
2.24608
2.24602
2.24597
2.24592
2.24587
2.24581
2.24576
2.24571
2.24566
2.24561
2.24555
2.24550
2.24545
2.24540
2.24535
2.24529
2.24524
2.24519
2.24514
2.24509
2.24503
2.24498
2.24493
2.24488
2.24482
2.24477
2.24472
2.24467
2.24462
2.24456
2.24451
2.24446
2.24441
2.24436
2.24430
2.24425
2.24420
2.24415
2.24410
2.24404
2.24399
2.24394
2.24389
2.24383
2.24378
2.24373
2.24368
2.24363
2.24357
2.24352
2.24347
2.24342
2.24337
2.24331
2.24326
2.24321
2.24316
2.24311
2.24305
2.24300
2.24295
2.24290
2.24284
2.24279
2.24274
2.24269
2.24264
2.24258
2.24253
2.24248
2.24243
2.24238
2.24232
2.24227
2.24222
2.24217
2.24212
2.24206
2.24201
2.24196
2.24191
2.24185
2.24180
2.24175
2.24170
2.24165
2.24159
2.24154
2.24149
2.24144
2.24139
2.24133
2.24128
2.24123
2.24118
2.24112
2.24107
2.24102
2.24097
2.24092
2.24086
2.24081
2.24076
2.24071
2.24066
2.24060
2.24055
2.24050
2.24045
2.24040
2.24034
2.24029
2.24024
2.24019
2.24013
2.24008
2.24003
2.23998
2.23993
2.23987
2.23982
2.23977
2.23972
2.23967
2.23961
2.23956
2.23951
2.23946
2.23941
2.23935
2.23930
2.23925
2.23920
2.23914
2.23909
2.23904
2.23899
2.23894
2.23888
2.23883
2.23878
2.23873
2.23868
2.23862
2.23857
2.23852
2.23847
2.23842
2.23836
2.23831
2.23826
2.23821
2.23815
2.23810
2.23805
2.23800
2.23795
2.23789
2.23784
2.23779
2.23774
2.23769
2.23763
2.23758
2.23753
2.23748
2.23742
2.23737
2.23732
2.23727
2.23722
2.23716
2.23711
2.23706
2.23701
2.23696
2.23690
2.23685
2.23680
2.23675
2.23670
2.23664
2.23659
2.23654
2.23649
2.23643
2.23638
2.23633
2.23628
2.23623
2.23617
2.23612
2.23607
2.23602
2.23597
2.23591
2.23586
2.23581
2.23576
2.23571
2.23565
2.23560
2.23555
2.23550
2.23544
2.23539
2.23534
2.23529
2.23524
2.23518
2.23513
2.23508
2.23503
2.23498
2.23492
2.23487
2.23482
2.23477
2.23472
2.23466
2.23461
2.23456
2.23451
2.23445
2.23440
2.23435
2.23430
2.23425
2.23419
2.23414
2.23409
2.23404
2.23399
2.23393
2.23388
2.23383
2.23378
2.23373
2.23367
2.23362
2.23357
2.23352
2.23346
2.23341
2.23336
2.23331
2.23326
2.23320
2.23315
2.23310
2.23305
2.23300
2.23294
2.23289
2.23284
2.23279
2.23273
2.23268
2.23263
2.23258
2.23253
2.23247
2.23242
2.23237
2.23232
2.23227
2.23221
2.23216
2.23211
2.23206
2.23201
2.23195
2.23190
2.23185
2.23180
2.23174
2.23169
2.23164
2.23159
2.23154
2.23148
2.23143
2.23138
2.23133
2.23128
2.23122
2.23117
2.23112
2.23107
2.23102
2.23096
2.23091
2.23086
2.23081
2.23075
2.23070
2.23065
2.23060
2.23055
2.23049
2.23044
2.23039
2.23034
2.23029
2.23023
2.23018
2.23013
2.23008
2.23003
2.22997
2.22992
2.22987
2.22982
2.22976
2.22971
2.22966
2.22961
2.22956
2.22950
2.22945
2.22940
2.22935
2.22930
2.22924
2.22919
2.22914
2.22909
2.22904
2.22898
2.22893
2.22888
2.22883
2.22877
2.22872
2.22867
2.22862
2.22857
2.22851
2.22846
2.22841
2.22836
2.22831
2.22825
2.22820
2.22815
2.22810
2.22804
2.22799
2.22794
2.22789
2.22784
2.22778
2.22773
2.22768
2.22763
2.22758
2.22752
2.22747
2.22742
2.22737
2.22732
2.22726
2.22721
2.22716
2.22711
2.22705
2.22700
2.22695
2.22690
2.22685
2.22679
2.22674
2.22669
2.22664
2.22659
2.22653
2.22648
2.22643
2.22638
2.22633
2.22627
2.22622
2.22617
2.22612
2.22606
2.22601
2.22596
2.22591
2.22586
2.22580
2.22575
2.22570
2.22565
2.22560
2.22554
2.22549
2.22544
2.22539
2.22534
2.22528
2.22523
2.22518
2.22513
2.22507
2.22502
2.22497
2.22492
2.22487
2.22481
2.22476
2.22471
2.22466
2.22461
2.22455
2.22450
2.22445
2.22440
2.22435
2.22429
2.22424
2.22419
2.22414
2.22408
2.22403
2.22398
2.22393
2.22388
2.22382
2.22377
2.22372
2.22367
2.22362
2.22356
2.22351
2.22346
2.22341
2.22335
2.22330
2.22325
2.22320
2.22315
2.22309
2.22304
2.22299
2.22294
2.22289
2.22283
2.22278
2.22273
2.22268
2.22263
2.22257
2.22252
2.22247
2.22242
2.22236
2.22231
2.22226
2.22221
2.22216
2.22210
2.22205
2.22200
2.22195
2.22190
2.22184
2.22179
2.22174
2.22169
2.22164
2.22158
2.22153
2.22148
2.22143
2.22137
2.22132
2.22127
2.22122
2.22117
2.22111
2.22106
2.22101
2.22096
2.22091
2.22085
2.22080
2.22075
2.22070
2.22065
2.22059
2.22054
2.22049
2.22044
2.22038
2.22033
2.22028
2.22023
2.22018
2.22012
2.22007
2.22002
2.21997
2.21992
2.21986
2.21981
2.21976
2.21971
2.21966
2.21960
2.21955
2.21950
2.21945
2.21939
2.21934
2.21929
2.21924
2.21919
2.21913
2.21908
2.21903
2.21898
2.21893
2.21887
2.21882
2.21877
2.21872
2.21866
2.21861
2.21856
2.21851
2.21846
2.21840
2.21835
2.21830
2.21825
2.21820
2.21814
2.21809
2.21804
2.21799
2.21794
2.21788
2.21783
2.21778
2.21773
2.21767
2.21762
2.21757
2.21752
2.21747
2.21741
2.21736
2.21731
2.21726
2.21721
2.21715
2.21710
2.21705
2.21700
2.21695
2.21689
2.21684
2.21679
2.21674
2.21668
2.21663
2.21658
2.21653
2.21648
2.21642
2.21637
2.21632
2.21627
2.21622
2.21616
2.21611
2.21606
2.21601
2.21596
2.21590
2.21585
2.21580
2.21575
2.21569
2.21564
2.21559
2.21554
2.21549
2.21543
2.21538
2.21533
2.21528
2.21523
2.21517
2.21512
2.21507
2.21502
2.21497
2.21491
2.21486
2.21481
2.21476
2.21470
2.21465
2.21460
2.21455
2.21450
2.21444
2.21439
2.21434
2.21429
2.21424
2.21418
2.21413
2.21408
2.21403
2.21397
2.21392
2.21387
2.21382
2.21377
2.21371
2.21366
2.21361
2.21356
2.21351
2.21345
2.21340
2.21335
2.21330
2.21325
2.21319
2.21314
2.21309
2.21304
2.21298
2.21293
2.21288
2.21283
2.21278
2.21272
2.21267
2.21262
2.21257
2.21252
2.21246
2.21241
2.21236
2.21231
2.21226
2.21220
2.21215
2.21210
2.21205
2.21199
2.21194
2.21189
2.21184
2.21179
2.21173
2.21168
2.21163
2.21158
2.21153
2.21147
2.21142
2.21137
2.21132
2.21127
2.21121
2.21116
2.21111
2.21106
2.21100
2.21095
2.21090
2.21085
2.21080
2.21074
2.21069
2.21064
2.21059
2.21054
2.21048
2.21043
2.21038
2.21033
2.21028
2.21022
2.21017
2.21012
2.21007
2.21001
2.20996
2.20991
2.20986
2.20981
2.20975
2.20970
2.20965
2.20960
2.20955
2.20949
2.20944
2.20939
2.20934
2.20929
2.20923
2.20918
2.20913
2.20908
2.20902
2.20897
2.20892
2.20887
2.20882
2.20876
2.20871
2.20866
2.20861
2.20856
2.20850
2.20845
2.20840
2.20835
2.20829
2.20824
2.20819
2.20814
2.20809
2.20803
2.20798
2.20793
2.20788
2.20783
2.20777
2.20772
2.20767
2.20762
2.20757
2.20751
2.20746
2.20741
2.20736
2.20730
2.20725
2.20720
2.20715
2.20710
2.20704
2.20699
2.20694
2.20689
2.20684
2.20678
2.20673
2.20668
2.20663
2.20658
2.20652
2.20647
2.20642
2.20637
2.20631
2.20626
2.20621
2.20616
2.20611
2.20605
2.20600
2.20595
2.20590
2.20585
2.20579
2.20574
2.20569
2.20564
2.20559
2.20553
2.20548
2.20543
2.20538
2.20532
2.20527
2.20522
2.20517
2.20512
2.20506
2.20501
2.20496
2.20491
2.20486
2.20480
2.20475
2.20470
2.20465
2.20460
2.20454
2.20449
2.20444
2.20439
2.20433
2.20428
2.20423
2.20418
2.20413
2.20407
2.20402
2.20397
2.20392
2.20387
2.20381
2.20376
2.20371
2.20366
2.20361
2.20355
2.20350
2.20345
2.20340
2.20334
2.20329
2.20324
2.20319
2.20314
2.20308
2.20303
2.20298
2.20293
2.20288
2.20282
2.20277
2.20272
2.20267
2.20261
2.20256
2.20251
2.20246
2.20241
2.20235
2.20230
2.20225
2.20220
2.20215
2.20209
2.20204
2.20199
2.20194
2.20189
2.20183
2.20178
2.20173
2.20168
2.20162
2.20157
2.20152
2.20147
2.20142
2.20136
2.20131
2.20126
2.20121
2.20116
2.20110
2.20105
2.20100
2.20095
2.20090
2.20084
2.20079
2.20074
2.20069
2.20063
2.20058
2.20053
2.20048
2.20043
2.20037
2.20032
2.20027
2.20022
2.20017
2.20011
2.20006
2.20001
2.19996
2.19991
2.19985
2.19980
2.19975
2.19970
2.19964
2.19959
2.19954
2.19949
2.19944
2.19938
2.19933
2.19928
2.19923
2.19918
2.19912
2.19907
2.19902
2.19897
2.19892
2.19886
2.19881
2.19876
2.19871
2.19865
2.19860
2.19855
2.19850
2.19845
2.19839
2.19834
2.19829
2.19824
2.19819
2.19813
2.19808
2.19803
2.19798
2.19793
2.19787
2.19782
2.19777
2.19772
2.19766
2.19761
2.19756
2.19751
2.19746
2.19740
2.19735
2.19730
2.19725
2.19720
2.19714
2.19709
2.19704
2.19699
2.19694
2.19688
2.19683
2.19678
2.19673
2.19667
2.19662
2.19657
2.19652
2.19647
2.19641
2.19636
2.19631
2.19626
2.19621
2.19615
2.19610
2.19605
2.19600
2.19594
2.19589
2.19584
2.19579
2.19574
2.19568
2.19563
2.19558
2.19553
2.19548
2.19542
2.19537
2.19532
2.19527
2.19522
2.19516
2.19511
2.19506
2.19501
2.19495
2.19490
2.19485
2.19480
2.19475
2.19469
2.19464
2.19459
2.19454
2.19449
2.19443
2.19438
2.19433
2.19428
2.19423
2.19417
2.19412
2.19407
2.19402
2.19396
2.19391
2.19386
2.19381
2.19376
2.19370
2.19365
2.19360
2.19355
2.19350
2.19344
2.19339
2.19334
2.19329
2.19324
2.19318
2.19313
2.19308
2.19303
2.19297
2.19292
2.19287
2.19282
2.19277
2.19271
2.19266
2.19261
2.19256
2.19251
2.19245
2.19240
2.19235
2.19230
2.19225
2.19219
2.19214
2.19209
2.19204
2.19198
2.19193
2.19188
2.19183
2.19178
2.19172
2.19167
2.19162
2.19157
2.19152
2.19146
2.19141
2.19136
2.19131
2.19126
2.19120
2.19115
2.19110
2.19105
2.19099
2.19094
2.19089
2.19084
2.19079
2.19073
2.19068
2.19063
2.19058
2.19053
2.19047
2.19042
2.19037
2.19032
2.19027
2.19021
2.19016
2.19011
2.19006
2.19000
2.18995
2.18990
2.18985
2.18980
2.18974
2.18969
2.18964
2.18959
2.18954
2.18948
2.18943
2.18938
2.18933
2.18927
2.18922
2.18917
2.18912
2.18907
2.18901
2.18896
2.18891
2.18886
2.18881
2.18875
2.18870
2.18865
2.18860
2.18855
2.18849
2.18844
2.18839
2.18834
2.18828
2.18823
2.18818
2.18813
2.18808
2.18802
2.18797
2.18792
2.18787
2.18782
2.18776
2.18771
2.18766
2.18761
2.18756
2.18750
2.18745
2.18740
2.18735
2.18729
2.18724
2.18719
2.18714
2.18709
2.18703
2.18698
2.18693
2.18688
2.18683
2.18677
2.18672
2.18667
2.18662
2.18657
2.18651
2.18646
2.18641
2.18636
2.18630
2.18625
2.18620
2.18615
2.18610
2.18604
2.18599
2.18594
2.18589
2.18584
2.18578
2.18573
2.18568
2.18563
2.18558
2.18552
2.18547
2.18542
2.18537
2.18531
2.18526
2.18521
2.18516
2.18511
2.18505
2.18500
2.18495
2.18490
2.18485
2.18479
2.18474
2.18469
2.18464
2.18459
2.18453
2.18448
2.18443
2.18438
2.18432
2.18427
2.18422
2.18417
2.18412
2.18406
2.18401
2.18396
2.18391
2.18386
2.18380
2.18375
2.18370
2.18365
2.18360
2.18354
2.18349
2.18344
2.18339
2.18333
2.18328
2.18323
2.18318
2.18313
2.18307
2.18302
2.18297
2.18292
2.18287
2.18281
2.18276
2.18271
2.18266
2.18260
2.18255
2.18250
2.18245
2.18240
2.18234
2.18229
2.18224
2.18219
2.18214
2.18208
2.18203
2.18198
2.18193
2.18188
2.18182
2.18177
2.18172
2.18167
2.18161
2.18156
2.18151
2.18146
2.18141
2.18135
2.18130
2.18125
2.18120
2.18115
2.18109
2.18104
2.18099
2.18094
2.18089
2.18083
2.18078
2.18073
2.18068
2.18062
2.18057
2.18052
2.18047
2.18042
2.18036
2.18031
2.18026
2.18021
2.18016
2.18010
2.18005
2.18000
2.17995
2.17990
2.17984
2.17979
2.17974
2.17969
2.17963
2.17958
2.17953
2.17948
2.17943
2.17937
2.17932
2.17927
2.17922
2.17917
2.17911
2.17906
2.17901
2.17896
2.17891
2.17885
2.17880
2.17875
2.17870
2.17864
2.17859
2.17854
2.17849
2.17844
2.17838
2.17833
2.17828
2.17823
2.17818
2.17812
2.17807
2.17802
2.17797
2.17792
2.17786
2.17781
2.17776
2.17771
2.17765
2.17760
2.17755
2.17750
2.17745
2.17739
2.17734
2.17729
2.17724
2.17719
2.17713
2.17708
2.17703
2.17698
2.17693
2.17687
2.17682
2.17677
2.17672
2.17666
2.17661
2.17656
2.17651
2.17646
2.17640
2.17635
2.17630
2.17625
2.17620
2.17614
2.17609
2.17604
2.17599
2.17594
2.17588
2.17583
2.17578
2.17573
2.17567
2.17562
2.17557
2.17552
2.17547
2.17541
2.17536
2.17531
2.17526
2.17521
2.17515
2.17510
2.17505
2.17500
2.17495
2.17489
2.17484
2.17479
2.17474
2.17468
2.17463
2.17458
2.17453
2.17448
2.17442
2.17437
2.17432
2.17427
2.17422
2.17416
2.17411
2.17406
2.17401
2.17395
2.17390
2.17385
2.17380
2.17375
2.17369
2.17364
2.17359
2.17354
2.17349
2.17343
2.17338
2.17333
2.17328
2.17323
2.17317
2.17312
2.17307
2.17302
2.17296
2.17291
2.17286
2.17281
2.17276
2.17270
2.17265
2.17260
2.17255
2.17250
2.17244
2.17239
2.17234
2.17229
2.17224
2.17218
2.17213
2.17208
2.17203
2.17197
2.17192
2.17187
2.17182
2.17177
2.17171
2.17166
2.17161
2.17156
2.17151
2.17145
2.17140
2.17135
2.17130
2.17125
2.17119
2.17114
2.17109
2.17104
2.17098
2.17093
2.17088
2.17083
2.17078
2.17072
2.17067
2.17062
2.17057
2.17052
2.17046
2.17041
2.17036
2.17031
2.17026
2.17020
2.17015
2.17010
2.17005
2.16999
2.16994
2.16989
2.16984
2.16979
2.16973
2.16968
2.16963
2.16958
2.16953
2.16947
2.16942
2.16937
2.16932
2.16927
2.16921
2.16916
2.16911
2.16906
2.16900
2.16895
2.16890
2.16885
2.16880
2.16874
2.16869
2.16864
2.16859
2.16854
2.16848
2.16843
2.16838
2.16833
2.16828
2.16822
2.16817
2.16812
2.16807
2.16801
2.16796
2.16791
2.16786
2.16781
2.16775
2.16770
2.16765
2.16760
2.16755
2.16749
2.16744
2.16739
2.16734
2.16729
2.16723
2.16718
2.16713
2.16708
2.16702
2.16697
2.16692
2.16687
2.16682
2.16676
2.16671
2.16666
2.16661
2.16656
2.16650
2.16645
2.16640
2.16635
2.16630
2.16624
2.16619
2.16614
2.16609
2.16603
2.16598
2.16593
2.16588
2.16583
2.16577
2.16572
2.16567
2.16562
2.16557
2.16551
2.16546
2.16541
2.16536
2.16530
2.16525
2.16520
2.16515
2.16510
2.16504
2.16499
2.16494
2.16489
2.16484
2.16478
2.16473
2.16468
2.16463
2.16458
2.16452
2.16447
2.16442
2.16437
2.16431
2.16426
2.16421
2.16416
2.16411
2.16405
2.16400
2.16395
2.16390
2.16385
2.16379
2.16374
2.16369
2.16364
2.16359
2.16353
2.16348
2.16343
2.16338
2.16332
2.16327
2.16322
2.16317
2.16312
2.16306
2.16301
2.16296
2.16291
2.16286
2.16280
2.16275
2.16270
2.16265
2.16260
2.16254
2.16249
2.16244
2.16239
2.16233
2.16228
2.16223
2.16218
2.16213
2.16207
2.16202
2.16197
2.16192
2.16187
2.16181
2.16176
2.16171
2.16166
2.16161
2.16155
2.16150
2.16145
2.16140
2.16134
2.16129
2.16124
2.16119
2.16114
2.16108
2.16103
2.16098
2.16093
2.16088
2.16082
2.16077
2.16072
2.16067
2.16062
2.16056
2.16051
2.16046
2.16041
2.16035
2.16030
2.16025
2.16020
2.16015
2.16009
2.16004
2.15999
2.15994
2.15989
2.15983
2.15978
2.15973
2.15968
2.15963
2.15957
2.15952
2.15947
2.15942
2.15936
2.15931
2.15926
2.15921
2.15916
2.15910
2.15905
2.15900
2.15895
2.15890
2.15884
2.15879
2.15874
2.15869
2.15864
2.15858
2.15853
2.15848
2.15843
2.15837
2.15832
2.15827
2.15822
2.15817
2.15811
2.15806
2.15801
2.15796
2.15791
2.15785
2.15780
2.15775
2.15770
2.15765
2.15759
2.15754
2.15749
2.15744
2.15738
2.15733
2.15728
2.15723
2.15718
2.15712
2.15707
2.15702
2.15697
2.15692
2.15686
2.15681
2.15676
2.15671
2.15666
2.15660
2.15655
2.15650
2.15645
2.15639
2.15634
2.15629
2.15624
2.15619
2.15613
2.15608
2.15603
2.15598
2.15593
2.15587
2.15582
2.15577
2.15572
2.15567
2.15561
2.15556
2.15551
2.15546
2.15540
2.15535
2.15530
2.15525
2.15520
2.15514
2.15509
2.15504
2.15499
2.15494
2.15488
2.15483
2.15478
2.15473
2.15468
2.15462
2.15457
2.15452
2.15447
2.15441
2.15436
2.15431
2.15426
2.15421
2.15415
2.15410
2.15405
2.15400
2.15395
2.15389
2.15384
2.15379
2.15374
2.15368
2.15363
2.15358
2.15353
2.15348
2.15342
2.15337
2.15332
2.15327
2.15322
2.15316
2.15311
2.15306
2.15301
2.15296
2.15290
2.15285
2.15280
2.15275
2.15269
2.15264
2.15259
2.15254
2.15249
2.15243
2.15238
2.15233
2.15228
2.15223
2.15217
2.15212
2.15207
2.15202
2.15197
2.15191
2.15186
2.15181
2.15176
2.15170
2.15165
2.15160
2.15155
2.15150
2.15144
2.15139
2.15134
2.15129
2.15124
2.15118
2.15113
2.15108
2.15103
2.15098
2.15092
2.15087
2.15082
2.15077
2.15071
2.15066
2.15061
2.15056
2.15051
2.15045
2.15040
2.15035
2.15030
2.15025
2.15019
2.15014
2.15009
2.15004
2.14999
2.14993
2.14988
2.14983
2.14978
2.14972
2.14967
2.14962
2.14957
2.14952
2.14946
2.14941
2.14936
2.14931
2.14926
2.14920
2.14915
2.14910
2.14905
2.14900
2.14894
2.14889
2.14884
2.14879
2.14873
2.14868
2.14863
2.14858
2.14853
2.14847
2.14842
2.14837
2.14832
2.14827
2.14821
2.14816
2.14811
2.14806
2.14801
2.14795
2.14790
2.14785
2.14780
2.14774
2.14769
2.14764
2.14759
2.14754
2.14748
2.14743
2.14738
2.14733
2.14728
2.14722
2.14717
2.14712
2.14707
2.14702
2.14696
2.14691
2.14686
2.14681
2.14675
2.14670
2.14665
2.14660
2.14655
2.14649
2.14644
2.14639
2.14634
2.14629
2.14623
2.14618
2.14613
2.14608
2.14603
2.14597
2.14592
2.14587
2.14582
2.14576
2.14571
2.14566
2.14561
2.14556
2.14550
2.14545
2.14540
2.14535
2.14530
2.14524
2.14519
2.14514
2.14509
2.14504
2.14498
2.14493
2.14488
2.14483
2.14477
2.14472
2.14467
2.14462
2.14457
2.14451
2.14446
2.14441
2.14436
2.14431
2.14425
2.14420
2.14415
2.14410
2.14405
2.14399
2.14394
2.14389
2.14384
2.14378
2.14373
2.14368
2.14363
2.14358
2.14352
2.14347
2.14342
2.14337
2.14332
2.14326
2.14321
2.14316
2.14311
2.14306
2.14300
2.14295
2.14290
2.14285
2.14279
2.14274
2.14269
2.14264
2.14259
2.14253
2.14248
2.14243
2.14238
2.14233
2.14227
2.14222
2.14217
2.14212
2.14207
2.14201
2.14196
2.14191
2.14186
2.14180
2.14175
2.14170
2.14165
2.14160
2.14154
2.14149
2.14144
2.14139
2.14134
2.14128
2.14123
2.14118
2.14113
2.14108
2.14102
2.14097
2.14092
2.14087
2.14081
2.14076
2.14071
2.14066
2.14061
2.14055
2.14050
2.14045
2.14040
2.14035
2.14029
2.14024
2.14019
2.14014
2.14009
2.14003
2.13998
2.13993
2.13988
2.13982
2.13977
2.13972
2.13967
2.13962
2.13956
2.13951
2.13946
2.13941
2.13936
2.13930
2.13925
2.13920
2.13915
2.13910
2.13904
2.13899
2.13894
2.13889
2.13883
2.13878
2.13873
2.13868
2.13863
2.13857
2.13852
2.13847
2.13842
2.13837
2.13831
2.13826
2.13821
2.13816
2.13811
2.13805
2.13800
2.13795
2.13790
2.13784
2.13779
2.13774
2.13769
2.13764
2.13758
2.13753
2.13748
2.13743
2.13738
2.13732
2.13727
2.13722
2.13717
2.13712
2.13706
2.13701
2.13696
2.13691
2.13685
2.13680
2.13675
2.13670
2.13665
2.13659
2.13654
2.13649
2.13644
2.13639
2.13633
2.13628
2.13623
2.13618
2.13612
2.13607
2.13602
2.13597
2.13592
2.13586
2.13581
2.13576
2.13571
2.13566
2.13560
2.13555
2.13550
2.13545
2.13540
2.13534
2.13529
2.13524
2.13519
2.13513
2.13508
2.13503
2.13498
2.13493
2.13487
2.13482
2.13477
2.13472
2.13467
2.13461
2.13456
2.13451
2.13446
2.13441
2.13435
2.13430
2.13425
2.13420
2.13414
2.13409
2.13404
2.13399
2.13394
2.13388
2.13383
2.13378
2.13373
2.13368
2.13362
2.13357
2.13352
2.13347
2.13342
2.13336
2.13331
2.13326
2.13321
2.13315
2.13310
2.13305
2.13300
2.13295
2.13289
2.13284
2.13279
2.13274
2.13269
2.13263
2.13258
2.13253
2.13248
2.13243
2.13237
2.13232
2.13227
2.13222
2.13216
2.13211
2.13206
2.13201
2.13196
2.13190
2.13185
2.13180
2.13175
2.13170
2.13164
2.13159
2.13154
2.13149
2.13144
2.13138
2.13133
2.13128
2.13123
2.13117
2.13112
2.13107
2.13102
2.13097
2.13091
2.13086
2.13081
2.13076
2.13071
2.13065
2.13060
2.13055
2.13050
2.13045
2.13039
2.13034
2.13029
2.13024
2.13018
2.13013
2.13008
2.13003
2.12998
2.12992
2.12987
2.12982
2.12977
2.12972
2.12966
2.12961
2.12956
2.12951
2.12946
2.12940
2.12935
2.12930
2.12925
2.12919
2.12914
2.12909
2.12904
2.12899
2.12893
2.12888
2.12883
2.12878
2.12873
2.12867
2.12862
2.12857
2.12852
2.12847
2.12841
2.12836
2.12831
2.12826
2.12820
2.12815
2.12810
2.12805
2.12800
2.12794
2.12789
2.12784
2.12779
2.12774
2.12768
2.12763
2.12758
2.12753
2.12748
2.12742
2.12737
2.12732
2.12727
2.12721
2.12716
2.12711
2.12706
2.12701
2.12695
2.12690
2.12685
2.12680
2.12675
2.12669
2.12664
2.12659
2.12654
2.12649
2.12643
2.12638
2.12633
2.12628
2.12622
2.12617
2.12612
2.12607
2.12602
2.12596
2.12591
2.12586
2.12581
2.12576
2.12570
2.12565
2.12560
2.12555
2.12550
2.12544
2.12539
2.12534
2.12529
2.12523
2.12518
2.12513
2.12508
2.12503
2.12497
2.12492
2.12487
2.12482
2.12477
2.12471
2.12466
2.12461
2.12456
2.12451
2.12445
2.12440
2.12435
2.12430
2.12424
2.12419
2.12414
2.12409
2.12404
2.12398
2.12393
2.12388
2.12383
2.12378
2.12372
2.12367
2.12362
2.12357
2.12352
2.12346
2.12341
2.12336
2.12331
2.12325
2.12320
2.12315
2.12310
2.12305
2.12299
2.12294
2.12289
2.12284
2.12279
2.12273
2.12268
2.12263
2.12258
2.12253
2.12247
2.12242
2.12237
2.12232
2.12226
2.12221
2.12216
2.12211
2.12206
2.12200
2.12195
2.12190
2.12185
2.12180
2.12174
2.12169
2.12164
2.12159
2.12154
2.12148
2.12143
2.12138
2.12133
2.12127
2.12122
2.12117
2.12112
2.12107
2.12101
2.12096
2.12091
2.12086
2.12081
2.12075
2.12070
2.12065
2.12060
2.12055
2.12049
2.12044
2.12039
2.12034
2.12028
2.12023
2.12018
2.12013
2.12008
2.12002
2.11997
2.11992
2.11987
2.11982
2.11976
2.11971
2.11966
2.11961
2.11956
2.11950
2.11945
2.11940
2.11935
2.11929
2.11924
2.11919
2.11914
2.11909
2.11903
2.11898
2.11893
2.11888
2.11883
2.11877
2.11872
2.11867
2.11862
2.11857
2.11851
2.11846
2.11841
2.11836
2.11830
2.11825
2.11820
2.11815
2.11810
2.11804
2.11799
2.11794
2.11789
2.11784
2.11778
2.11773
2.11768
2.11763
2.11758
2.11752
2.11747
2.11742
2.11737
2.11731
2.11726
2.11721
2.11716
2.11711
2.11705
2.11700
2.11695
2.11690
2.11685
2.11679
2.11674
2.11669
2.11664
2.11659
2.11653
2.11648
2.11643
2.11638
2.11632
2.11627
2.11622
2.11617
2.11612
2.11606
2.11601
2.11596
2.11591
2.11586
2.11580
2.11575
2.11570
2.11565
2.11560
2.11554
2.11549
2.11544
2.11539
2.11533
2.11528
2.11523
2.11518
2.11513
2.11507
2.11502
2.11497
2.11492
2.11487
2.11481
2.11476
2.11471
2.11466
2.11461
2.11455
2.11450
2.11445
2.11440
2.11434
2.11429
2.11424
2.11419
2.11414
2.11408
2.11403
2.11398
2.11393
2.11388
2.11382
2.11377
2.11372
2.11367
2.11362
2.11356
2.11351
2.11346
2.11341
2.11335
2.11330
2.11325
2.11320
2.11315
2.11309
2.11304
2.11299
2.11294
2.11289
2.11283
2.11278
2.11273
2.11268
2.11263
2.11257
2.11252
2.11247
2.11242
2.11236
2.11231
2.11226
2.11221
2.11216
2.11210
2.11205
2.11200
2.11195
2.11190
2.11184
2.11179
2.11174
2.11169
2.11164
2.11158
2.11153
2.11148
2.11143
2.11137
2.11132
2.11127
2.11122
2.11117
2.11111
2.11106
2.11101
2.11096
2.11091
2.11085
2.11080
2.11075
2.11070
2.11065
2.11059
2.11054
2.11049
2.11044
2.11038
2.11033
2.11028
2.11023
2.11018
2.11012
2.11007
2.11002
2.10997
2.10992
2.10986
2.10981
2.10976
2.10971
2.10966
2.10960
2.10955
2.10950
2.10945
2.10939
2.10934
2.10929
2.10924
2.10919
2.10913
2.10908
2.10903
2.10898
2.10893
2.10887
2.10882
2.10877
2.10872
2.10867
2.10861
2.10856
2.10851
2.10846
2.10840
2.10835
2.10830
2.10825
2.10820
2.10814
2.10809
2.10804
2.10799
2.10794
2.10788
2.10783
2.10778
2.10773
2.10768
2.10762
2.10757
2.10752
2.10747
2.10741
2.10736
2.10731
2.10726
2.10721
2.10715
2.10710
2.10705
2.10700
2.10695
2.10689
2.10684
2.10679
2.10674
2.10669
2.10663
2.10658
2.10653
2.10648
2.10642
2.10637
2.10632
2.10627
2.10622
2.10616
2.10611
2.10606
2.10601
2.10596
2.10590
2.10585
2.10580
2.10575
2.10570
2.10564
2.10559
2.10554
2.10549
2.10543
2.10538
2.10533
2.10528
2.10523
2.10517
2.10512
2.10507
2.10502
2.10497
2.10491
2.10486
2.10481
2.10476
2.10471
2.10465
2.10460
2.10455
2.10450
2.10444
2.10439
2.10434
2.10429
2.10424
2.10418
2.10413
2.10408
2.10403
2.10398
2.10392
2.10387
2.10382
2.10377
2.10372
2.10366
2.10361
2.10356
2.10351
2.10345
2.10340
2.10335
2.10330
2.10325
2.10319
2.10314
2.10309
2.10304
2.10299
2.10293
2.10288
2.10283
2.10278
2.10273
2.10267
2.10262
2.10257
2.10252
2.10246
2.10241
2.10236
2.10231
2.10226
2.10220
2.10215
2.10210
2.10205
2.10200
2.10194
2.10189
2.10184
2.10179
2.10174
2.10168
2.10163
2.10158
2.10153
2.10147
2.10142
2.10137
2.10132
2.10127
2.10121
2.10116
2.10111
2.10106
2.10101
2.10095
2.10090
2.10085
2.10080
2.10075
2.10069
2.10064
2.10059
2.10054
2.10048
2.10043
2.10038
2.10033
2.10028
2.10022
2.10017
2.10012
2.10007
2.10002
2.09996
2.09991
2.09986
2.09981
2.09976
2.09970
2.09965
2.09960
2.09955
2.09949
2.09944
2.09939
2.09934
2.09929
2.09923
2.09918
2.09913
2.09908
2.09903
2.09897
2.09892
2.09887
2.09882
2.09877
2.09871
2.09866
2.09861
2.09856
2.09850
2.09845
2.09840
2.09835
2.09830
2.09824
2.09819
2.09814
2.09809
2.09804
2.09798
2.09793
2.09788
2.09783
2.09778
2.09772
2.09767
2.09762
2.09757
2.09751
2.09746
2.09741
2.09736
2.09731
2.09725
2.09720
2.09715
2.09710
2.09705
2.09699
2.09694
2.09689
2.09684
2.09679
2.09673
2.09668
2.09663
2.09658
2.09652
2.09647
2.09642
2.09637
2.09632
2.09626
2.09621
2.09616
2.09611
2.09606
2.09600
2.09595
2.09590
2.09585
2.09580
2.09574
2.09569
2.09564
2.09559
2.09553
2.09548
2.09543
2.09538
2.09533
2.09527
2.09522
2.09517
2.09512
2.09507
2.09501
2.09496
2.09491
2.09486
2.09481
2.09475
2.09470
2.09465
2.09460
2.09454
2.09449
2.09444
2.09439
2.09434
2.09428
2.09423
2.09418
2.09413
2.09408
2.09402
2.09397
2.09392
2.09387
2.09382
2.09376
2.09371
2.09366
2.09361
2.09355
2.09350
2.09345
2.09340
2.09335
2.09329
2.09324
2.09319
2.09314
2.09309
2.09303
2.09298
2.09293
2.09288
2.09283
2.09277
2.09272
2.09267
2.09262
2.09256
2.09251
2.09246
2.09241
2.09236
2.09230
2.09225
2.09220
2.09215
2.09210
2.09204
2.09199
2.09194
2.09189
2.09184
2.09178
2.09173
2.09168
2.09163
2.09158
2.09152
2.09147
2.09142
2.09137
2.09131
2.09126
2.09121
2.09116
2.09111
2.09105
2.09100
2.09095
2.09090
2.09085
2.09079
2.09074
2.09069
2.09064
2.09059
2.09053
2.09048
2.09043
2.09038
2.09032
2.09027
2.09022
2.09017
2.09012
2.09006
2.09001
2.08996
2.08991
2.08986
2.08980
2.08975
2.08970
2.08965
2.08960
2.08954
2.08949
2.08944
2.08939
2.08933
2.08928
2.08923
2.08918
2.08913
2.08907
2.08902
2.08897
2.08892
2.08887
2.08881
2.08876
2.08871
2.08866
2.08861
2.08855
2.08850
2.08845
2.08840
2.08834
2.08829
2.08824
2.08819
2.08814
2.08808
2.08803
2.08798
2.08793
2.08788
2.08782
2.08777
2.08772
2.08767
2.08762
2.08756
2.08751
2.08746
2.08741
2.08735
2.08730
2.08725
2.08720
2.08715
2.08709
2.08704
2.08699
2.08694
2.08689
2.08683
2.08678
2.08673
2.08668
2.08663
2.08657
2.08652
2.08647
2.08642
2.08636
2.08631
2.08626
2.08621
2.08616
2.08610
2.08605
2.08600
2.08595
2.08590
2.08584
2.08579
2.08574
2.08569
2.08564
2.08558
2.08553
2.08548
2.08543
2.08537
2.08532
2.08527
2.08522
2.08517
2.08511
2.08506
2.08501
2.08496
2.08491
2.08485
2.08480
2.08475
2.08470
2.08465
2.08459
2.08454
2.08449
2.08444
2.08438
2.08433
2.08428
2.08423
2.08418
2.08412
2.08407
2.08402
2.08397
2.08392
2.08386
2.08381
2.08376
2.08371
2.08366
2.08360
2.08355
2.08350
2.08345
2.08339
2.08334
2.08329
2.08324
2.08319
2.08313
2.08308
2.08303
2.08298
2.08293
2.08287
2.08282
2.08277
2.08272
2.08267
2.08261
2.08256
2.08251
2.08246
2.08240
2.08235
2.08230
2.08225
2.08220
2.08214
2.08209
2.08204
2.08199
2.08194
2.08188
2.08183
2.08178
2.08173
2.08168
2.08162
2.08157
2.08152
2.08147
2.08141
2.08136
2.08131
2.08126
2.08121
2.08115
2.08110
2.08105
2.08100
2.08095
2.08089
2.08084
2.08079
2.08074
2.08069
2.08063
2.08058
2.08053
2.08048
2.08042
2.08037
2.08032
2.08027
2.08022
2.08016
2.08011
2.08006
2.08001
2.07996
2.07990
2.07985
2.07980
2.07975
2.07970
2.07964
2.07959
2.07954
2.07949
2.07943
2.07938
2.07933
2.07928
2.07923
2.07917
2.07912
2.07907
2.07902
2.07897
2.07891
2.07886
2.07881
2.07876
2.07871
2.07865
2.07860
2.07855
2.07850
2.07844
2.07839
2.07834
2.07829
2.07824
2.07818
2.07813
2.07808
2.07803
2.07798
2.07792
2.07787
2.07782
2.07777
2.07772
2.07766
2.07761
2.07756
2.07751
2.07745
2.07740
2.07735
2.07730
2.07725
2.07719
2.07714
2.07709
2.07704
2.07699
2.07693
2.07688
2.07683
2.07678
2.07673
2.07667
2.07662
2.07657
2.07652
2.07646
2.07641
2.07636
2.07631
2.07626
2.07620
2.07615
2.07610
2.07605
2.07600
2.07594
2.07589
2.07584
2.07579
2.07574
2.07568
2.07563
2.07558
2.07553
2.07547
2.07542
2.07537
2.07532
2.07527
2.07521
2.07516
2.07511
2.07506
2.07501
2.07495
2.07490
2.07485
2.07480
2.07475
2.07469
2.07464
2.07459
2.07454
2.07449
2.07443
2.07438
2.07433
2.07428
2.07422
2.07417
2.07412
2.07407
2.07402
2.07396
2.07391
2.07386
2.07381
2.07376
2.07370
2.07365
2.07360
2.07355
2.07350
2.07344
2.07339
2.07334
2.07329
2.07323
2.07318
2.07313
2.07308
2.07303
2.07297
2.07292
2.07287
2.07282
2.07277
2.07271
2.07266
2.07261
2.07256
2.07251
2.07245
2.07240
2.07235
2.07230
2.07224
2.07219
2.07214
2.07209
2.07204
2.07198
2.07193
2.07188
2.07183
2.07178
2.07172
2.07167
2.07162
2.07157
2.07152
2.07146
2.07141
2.07136
2.07131
2.07125
2.07120
2.07115
2.07110
2.07105
2.07099
2.07094
2.07089
2.07084
2.07079
2.07073
2.07068
2.07063
2.07058
2.07053
2.07047
2.07042
2.07037
2.07032
2.07026
2.07021
2.07016
2.07011
2.07006
2.07000
2.06995
2.06990
2.06985
2.06980
2.06974
2.06969
2.06964
2.06959
2.06954
2.06948
2.06943
2.06938
2.06933
2.06927
2.06922
2.06917
2.06912
2.06907
2.06901
2.06896
2.06891
2.06886
2.06881
2.06875
2.06870
2.06865
2.06860
2.06855
2.06849
2.06844
2.06839
2.06834
2.06828
2.06823
2.06818
2.06813
2.06808
2.06802
2.06797
2.06792
2.06787
2.06782
2.06776
2.06771
2.06766
2.06761
2.06756
2.06750
2.06745
2.06740
2.06735
2.06729
2.06724
2.06719
2.06714
2.06709
2.06703
2.06698
2.06693
2.06688
2.06683
2.06677
2.06672
2.06667
2.06662
2.06657
2.06651
2.06646
2.06641
2.06636
2.06630
2.06625
2.06620
2.06615
2.06610
2.06604
2.06599
2.06594
2.06589
2.06584
2.06578
2.06573
2.06568
2.06563
2.06558
2.06552
2.06547
2.06542
2.06537
2.06531
2.06526
2.06521
2.06516
2.06511
2.06505
2.06500
2.06495
2.06490
2.06485
2.06479
2.06474
2.06469
2.06464
2.06459
2.06453
2.06448
2.06443
2.06438
2.06432
2.06427
2.06422
2.06417
2.06412
2.06406
2.06401
2.06396
2.06391
2.06386
2.06380
2.06375
2.06370
2.06365
2.06360
2.06354
2.06349
2.06344
2.06339
2.06334
2.06328
2.06323
2.06318
2.06313
2.06307
2.06302
2.06297
2.06292
2.06287
2.06281
2.06276
2.06271
2.06266
2.06261
2.06255
2.06250
2.06245
2.06240
2.06235
2.06229
2.06224
2.06219
2.06214
2.06208
2.06203
2.06198
2.06193
2.06188
2.06182
2.06177
2.06172
2.06167
2.06162
2.06156
2.06151
2.06146
2.06141
2.06136
2.06130
2.06125
2.06120
2.06115
2.06109
2.06104
2.06099
2.06094
2.06089
2.06083
2.06078
2.06073
2.06068
2.06063
2.06057
2.06052
2.06047
2.06042
2.06037
2.06031
2.06026
2.06021
2.06016
2.06010
2.06005
2.06000
2.05995
2.05990
2.05984
2.05979
2.05974
2.05969
2.05964
2.05958
2.05953
2.05948
2.05943
2.05938
2.05932
2.05927
2.05922
2.05917
2.05911
2.05906
2.05901
2.05896
2.05891
2.05885
2.05880
2.05875
2.05870
2.05865
2.05859
2.05854
2.05849
2.05844
2.05839
2.05833
2.05828
2.05823
2.05818
2.05812
2.05807
2.05802
2.05797
2.05792
2.05786
2.05781
2.05776
2.05771
2.05766
2.05760
2.05755
2.05750
2.05745
2.05740
2.05734
2.05729
2.05724
2.05719
2.05713
2.05708
2.05703
2.05698
2.05693
2.05687
2.05682
2.05677
2.05672
2.05667
2.05661
2.05656
2.05651
2.05646
2.05641
2.05635
2.05630
2.05625
2.05620
2.05614
2.05609
2.05604
2.05599
2.05594
2.05588
2.05583
2.05578
2.05573
2.05568
2.05562
2.05557
2.05552
2.05547
2.05542
2.05536
2.05531
2.05526
2.05521
2.05515
2.05510
2.05505
2.05500
2.05495
2.05489
2.05484
2.05479
2.05474
2.05469
2.05463
2.05458
2.05453
2.05448
2.05443
2.05437
2.05432
2.05427
2.05422
2.05416
2.05411
2.05406
2.05401
2.05396
2.05390
2.05385
2.05380
2.05375
2.05370
2.05364
2.05359
2.05354
2.05349
2.05344
2.05338
2.05333
2.05328
2.05323
2.05318
2.05312
2.05307
2.05302
2.05297
2.05291
2.05286
2.05281
2.05276
2.05271
2.05265
2.05260
2.05255
2.05250
2.05245
2.05239
2.05234
2.05229
2.05224
2.05219
2.05213
2.05208
2.05203
2.05198
2.05192
2.05187
2.05182
2.05177
2.05172
2.05166
2.05161
2.05156
2.05151
2.05146
2.05140
2.05135
2.05130
2.05125
2.05120
2.05114
2.05109
2.05104
2.05099
2.05093
2.05088
2.05083
2.05078
2.05073
2.05067
2.05062
2.05057
2.05052
2.05047
2.05041
2.05036
2.05031
2.05026
2.05021
2.05015
2.05010
2.05005
2.05000
2.04994
2.04989
2.04984
2.04979
2.04974
2.04968
2.04963
2.04958
2.04953
2.04948
2.04942
2.04937
2.04932
2.04927
2.04922
2.04916
2.04911
2.04906
2.04901
2.04895
2.04890
2.04885
2.04880
2.04875
2.04869
2.04864
2.04859
2.04854
2.04849
2.04843
2.04838
2.04833
2.04828
2.04823
2.04817
2.04812
2.04807
2.04802
2.04796
2.04791
2.04786
2.04781
2.04776
2.04770
2.04765
2.04760
2.04755
2.04750
2.04744
2.04739
2.04734
2.04729
2.04724
2.04718
2.04713
2.04708
2.04703
2.04697
2.04692
2.04687
2.04682
2.04677
2.04671
2.04666
2.04661
2.04656
2.04651
2.04645
2.04640
2.04635
2.04630
2.04625
2.04619
2.04614
2.04609
2.04604
2.04598
2.04593
2.04588
2.04583
2.04578
2.04572
2.04567
2.04562
2.04557
2.04552
2.04546
2.04541
2.04536
2.04531
2.04526
2.04520
2.04515
2.04510
2.04505
2.04500
2.04494
2.04489
2.04484
2.04479
2.04473
2.04468
2.04463
2.04458
2.04453
2.04447
2.04442
2.04437
2.04432
2.04427
2.04421
2.04416
2.04411
2.04406
2.04401
2.04395
2.04390
2.04385
2.04380
2.04374
2.04369
2.04364
2.04359
2.04354
2.04348
2.04343
2.04338
2.04333
2.04328
2.04322
2.04317
2.04312
2.04307
2.04302
2.04296
2.04291
2.04286
2.04281
2.04275
2.04270
2.04265
2.04260
2.04255
2.04249
2.04244
2.04239
2.04234
2.04229
2.04223
2.04218
2.04213
2.04208
2.04203
2.04197
2.04192
2.04187
2.04182
2.04176
2.04171
2.04166
2.04161
2.04156
2.04150
2.04145
2.04140
2.04135
2.04130
2.04124
2.04119
2.04114
2.04109
2.04104
2.04098
2.04093
2.04088
2.04083
2.04077
2.04072
2.04067
2.04062
2.04057
2.04051
2.04046
2.04041
2.04036
2.04031
2.04025
2.04020
2.04015
2.04010
2.04005
2.03999
2.03994
2.03989
2.03984
2.03978
2.03973
2.03968
2.03963
2.03958
2.03952
2.03947
2.03942
2.03937
2.03932
2.03926
2.03921
2.03916
2.03911
2.03906
2.03900
2.03895
2.03890
2.03885
2.03879
2.03874
2.03869
2.03864
2.03859
2.03853
2.03848
2.03843
2.03838
2.03833
2.03827
2.03822
2.03817
2.03812
2.03807
2.03801
2.03796
2.03791
2.03786
2.03781
2.03775
2.03770
2.03765
2.03760
2.03754
2.03749
2.03744
2.03739
2.03734
2.03728
2.03723
2.03718
2.03713
2.03708
2.03702
2.03697
2.03692
2.03687
2.03682
2.03676
2.03671
2.03666
2.03661
2.03655
2.03650
2.03645
2.03640
2.03635
2.03629
2.03624
2.03619
2.03614
2.03609
2.03603
2.03598
2.03593
2.03588
2.03583
2.03577
2.03572
2.03567
2.03562
2.03556
2.03551
2.03546
2.03541
2.03536
2.03530
2.03525
2.03520
2.03515
2.03510
2.03504
2.03499
2.03494
2.03489
2.03484
2.03478
2.03473
2.03468
2.03463
2.03457
2.03452
2.03447
2.03442
2.03437
2.03431
2.03426
2.03421
2.03416
2.03411
2.03405
2.03400
2.03395
2.03390
2.03385
2.03379
2.03374
2.03369
2.03364
2.03358
2.03353
2.03348
2.03343
2.03338
2.03332
2.03327
2.03322
2.03317
2.03312
2.03306
2.03301
2.03296
2.03291
2.03286
2.03280
2.03275
2.03270
2.03265
2.03259
2.03254
2.03249
2.03244
2.03239
2.03233
2.03228
2.03223
2.03218
2.03213
2.03207
2.03202
2.03197
2.03192
2.03187
2.03181
2.03176
2.03171
2.03166
2.03161
2.03155
2.03150
2.03145
2.03140
2.03134
2.03129
2.03124
2.03119
2.03114
2.03108
2.03103
2.03098
2.03093
2.03088
2.03082
2.03077
2.03072
2.03067
2.03062
2.03056
2.03051
2.03046
2.03041
2.03035
2.03030
2.03025
2.03020
2.03015
2.03009
2.03004
2.02999
2.02994
2.02989
2.02983
2.02978
2.02973
2.02968
2.02963
2.02957
2.02952
2.02947
2.02942
2.02936
2.02931
2.02926
2.02921
2.02916
2.02910
2.02905
2.02900
2.02895
2.02890
2.02884
2.02879
2.02874
2.02869
2.02864
2.02858
2.02853
2.02848
2.02843
2.02837
2.02832
2.02827
2.02822
2.02817
2.02811
2.02806
2.02801
2.02796
2.02791
2.02785
2.02780
2.02775
2.02770
2.02765
2.02759
2.02754
2.02749
2.02744
2.02738
2.02733
2.02728
2.02723
2.02718
2.02712
2.02707
2.02702
2.02697
2.02692
2.02686
2.02681
2.02676
2.02671
2.02666
2.02660
2.02655
2.02650
2.02645
2.02639
2.02634
2.02629
2.02624
2.02619
2.02613
2.02608
2.02603
2.02598
2.02593
2.02587
2.02582
2.02577
2.02572
2.02567
2.02561
2.02556
2.02551
2.02546
2.02541
2.02535
2.02530
2.02525
2.02520
2.02514
2.02509
2.02504
2.02499
2.02494
2.02488
2.02483
2.02478
2.02473
2.02468
2.02462
2.02457
2.02452
2.02447
2.02442
2.02436
2.02431
2.02426
2.02421
2.02415
2.02410
2.02405
2.02400
2.02395
2.02389
2.02384
2.02379
2.02374
2.02369
2.02363
2.02358
2.02353
2.02348
2.02343
2.02337
2.02332
2.02327
2.02322
2.02316
2.02311
2.02306
2.02301
2.02296
2.02290
2.02285
2.02280
2.02275
2.02270
2.02264
2.02259
2.02254
2.02249
2.02244
2.02238
2.02233
2.02228
2.02223
2.02217
2.02212
2.02207
2.02202
2.02197
2.02191
2.02186
2.02181
2.02176
2.02171
2.02165
2.02160
2.02155
2.02150
2.02145
2.02139
2.02134
2.02129
2.02124
2.02118
2.02113
2.02108
2.02103
2.02098
2.02092
2.02087
2.02082
2.02077
2.02072
2.02066
2.02061
2.02056
2.02051
2.02046
2.02040
2.02035
2.02030
2.02025
2.02019
2.02014
2.02009
2.02004
2.01999
2.01993
2.01988
2.01983
2.01978
2.01973
2.01967
2.01962
2.01957
2.01952
2.01947
2.01941
2.01936
2.01931
2.01926
2.01921
2.01915
2.01910
2.01905
2.01900
2.01894
2.01889
2.01884
2.01879
2.01874
2.01868
2.01863
2.01858
2.01853
2.01848
2.01842
2.01837
2.01832
2.01827
2.01822
2.01816
2.01811
2.01806
2.01801
2.01795
2.01790
2.01785
2.01780
2.01775
2.01769
2.01764
2.01759
2.01754
2.01749
2.01743
2.01738
2.01733
2.01728
2.01723
2.01717
2.01712
2.01707
2.01702
2.01696
2.01691
2.01686
2.01681
2.01676
2.01670
2.01665
2.01660
2.01655
2.01650
2.01644
2.01639
2.01634
2.01629
2.01624
2.01618
2.01613
2.01608
2.01603
2.01597
2.01592
2.01587
2.01582
2.01577
2.01571
2.01566
2.01561
2.01556
2.01551
2.01545
2.01540
2.01535
2.01530
2.01525
2.01519
2.01514
2.01509
2.01504
2.01498
2.01493
2.01488
2.01483
2.01478
2.01472
2.01467
2.01462
2.01457
2.01452
2.01446
2.01441
2.01436
2.01431
2.01426
2.01420
2.01415
2.01410
2.01405
2.01400
2.01394
2.01389
2.01384
2.01379
2.01373
2.01368
2.01363
2.01358
2.01353
2.01347
2.01342
2.01337
2.01332
2.01327
2.01321
2.01316
2.01311
2.01306
2.01301
2.01295
2.01290
2.01285
2.01280
2.01274
2.01269
2.01264
2.01259
2.01254
2.01248
2.01243
2.01238
2.01233
2.01228
2.01222
2.01217
2.01212
2.01207
2.01202
2.01196
2.01191
2.01186
2.01181
2.01175
2.01170
2.01165
2.01160
2.01155
2.01149
2.01144
2.01139
2.01134
2.01129
2.01123
2.01118
2.01113
2.01108
2.01103
2.01097
2.01092
2.01087
2.01082
2.01076
2.01071
2.01066
2.01061
2.01056
2.01050
2.01045
2.01040
2.01035
2.01030
2.01024
2.01019
2.01014
2.01009
2.01004
2.00998
2.00993
2.00988
2.00983
2.00977
2.00972
2.00967
2.00962
2.00957
2.00951
2.00946
2.00941
2.00936
2.00931
2.00925
2.00920
2.00915
2.00910
2.00905
2.00899
2.00894
2.00889
2.00884
2.00879
2.00873
2.00868
2.00863
2.00858
2.00852
2.00847
2.00842
2.00837
2.00832
2.00826
2.00821
2.00816
2.00811
2.00806
2.00800
2.00795
2.00790
2.00785
2.00780
2.00774
2.00769
2.00764
2.00759
2.00753
2.00748
2.00743
2.00738
2.00733
2.00727
2.00722
2.00717
2.00712
2.00707
2.00701
2.00696
2.00691
2.00686
2.00681
2.00675
2.00670
2.00665
2.00660
2.00654
2.00649
2.00644
2.00639
2.00634
2.00628
2.00623
2.00618
2.00613
2.00608
2.00602
2.00597
2.00592
2.00587
2.00582
2.00576
2.00571
2.00566
2.00561
2.00555
2.00550
2.00545
2.00540
2.00535
2.00529
2.00524
2.00519
2.00514
2.00509
2.00503
2.00498
2.00493
2.00488
2.00483
2.00477
2.00472
2.00467
2.00462
2.00457
2.00451
2.00446
2.00441
2.00436
2.00430
2.00425
2.00420
2.00415
2.00410
2.00404
2.00399
2.00394
2.00389
2.00384
2.00378
2.00373
2.00368
2.00363
2.00358
2.00352
2.00347
2.00342
2.00337
2.00331
2.00326
2.00321
2.00316
2.00311
2.00305
2.00300
2.00295
2.00290
2.00285
2.00279
2.00274
2.00269
2.00264
2.00259
2.00253
2.00248
2.00243
2.00238
2.00232
2.00227
2.00222
2.00217
2.00212
2.00206
2.00201
2.00196
2.00191
2.00186
2.00180
2.00175
2.00170
2.00165
2.00160
2.00154
2.00149
2.00144
2.00139
2.00133
2.00128
2.00123
2.00118
2.00113
2.00107
2.00102
2.00097
2.00092
2.00087
2.00081
2.00076
2.00071
2.00066
2.00061
2.00055
2.00050
2.00045
2.00040
2.00034
2.00029
2.00024
2.00019
2.00014
2.00008
2.00003
1.99998
1.99993
1.99988
1.99982
1.99977
1.99972
1.99967
1.99962
1.99956
1.99951
1.99946
1.99941
1.99936
1.99930
1.99925
1.99920
1.99915
1.99909
1.99904
1.99899
1.99894
1.99889
1.99883
1.99878
1.99873
1.99868
1.99863
1.99857
1.99852
1.99847
1.99842
1.99837
1.99831
1.99826
1.99821
1.99816
1.99810
1.99805
1.99800
1.99795
1.99790
1.99784
1.99779
1.99774
1.99769
1.99764
1.99758
1.99753
1.99748
1.99743
1.99738
1.99732
1.99727
1.99722
1.99717
1.99711
1.99706
1.99701
1.99696
1.99691
1.99685
1.99680
1.99675
1.99670
1.99665
1.99659
1.99654
1.99649
1.99644
1.99639
1.99633
1.99628
1.99623
1.99618
1.99612
1.99607
1.99602
1.99597
1.99592
1.99586
1.99581
1.99576
1.99571
1.99566
1.99560
1.99555
1.99550
1.99545
1.99540
1.99534
1.99529
1.99524
1.99519
1.99514
1.99508
1.99503
1.99498
1.99493
1.99487
1.99482
1.99477
1.99472
1.99467
1.99461
1.99456
1.99451
1.99446
1.99441
1.99435
1.99430
1.99425
1.99420
1.99415
1.99409
1.99404
1.99399
1.99394
1.99388
1.99383
1.99378
1.99373
1.99368
1.99362
1.99357
1.99352
1.99347
1.99342
1.99336
1.99331
1.99326
1.99321
1.99316
1.99310
1.99305
1.99300
1.99295
1.99289
1.99284
1.99279
1.99274
1.99269
1.99263
1.99258
1.99253
1.99248
1.99243
1.99237
1.99232
1.99227
1.99222
1.99217
1.99211
1.99206
1.99201
1.99196
1.99190
1.99185
1.99180
1.99175
1.99170
1.99164
1.99159
1.99154
1.99149
1.99144
1.99138
1.99133
1.99128
1.99123
1.99118
1.99112
1.99107
1.99102
1.99097
1.99092
1.99086
1.99081
1.99076
1.99071
1.99065
1.99060
1.99055
1.99050
1.99045
1.99039
1.99034
1.99029
1.99024
1.99019
1.99013
1.99008
1.99003
1.98998
1.98993
1.98987
1.98982
1.98977
1.98972
1.98966
1.98961
1.98956
1.98951
1.98946
1.98940
1.98935
1.98930
1.98925
1.98920
1.98914
1.98909
1.98904
1.98899
1.98894
1.98888
1.98883
1.98878
1.98873
1.98867
1.98862
1.98857
1.98852
1.98847
1.98841
1.98836
1.98831
1.98826
1.98821
1.98815
1.98810
1.98805
1.98800
1.98795
1.98789
1.98784
1.98779
1.98774
1.98768
1.98763
1.98758
1.98753
1.98748
1.98742
1.98737
1.98732
1.98727
1.98722
1.98716
1.98711
1.98706
1.98701
1.98696
1.98690
1.98685
1.98680
1.98675
1.98670
1.98664
1.98659
1.98654
1.98649
1.98643
1.98638
1.98633
1.98628
1.98623
1.98617
1.98612
1.98607
1.98602
1.98597
1.98591
1.98586
1.98581
1.98576
1.98571
1.98565
1.98560
1.98555
1.98550
1.98544
1.98539
1.98534
1.98529
1.98524
1.98518
1.98513
1.98508
1.98503
1.98498
1.98492
1.98487
1.98482
1.98477
1.98472
1.98466
1.98461
1.98456
1.98451
1.98445
1.98440
1.98435
1.98430
1.98425
1.98419
1.98414
1.98409
1.98404
1.98399
1.98393
1.98388
1.98383
1.98378
1.98373
1.98367
1.98362
1.98357
1.98352
1.98346
1.98341
1.98336
1.98331
1.98326
1.98320
1.98315
1.98310
1.98305
1.98300
1.98294
1.98289
1.98284
1.98279
1.98274
1.98268
1.98263
1.98258
1.98253
1.98248
1.98242
1.98237
1.98232
1.98227
1.98221
1.98216
1.98211
1.98206
1.98201
1.98195
1.98190
1.98185
1.98180
1.98175
1.98169
1.98164
1.98159
1.98154
1.98149
1.98143
1.98138
1.98133
1.98128
1.98122
1.98117
1.98112
1.98107
1.98102
1.98096
1.98091
1.98086
1.98081
1.98076
1.98070
1.98065
1.98060
1.98055
1.98050
1.98044
1.98039
1.98034
1.98029
1.98023
1.98018
1.98013
1.98008
1.98003
1.97997
1.97992
1.97987
1.97982
1.97977
1.97971
1.97966
1.97961
1.97956
1.97951
1.97945
1.97940
1.97935
1.97930
1.97924
1.97919
1.97914
1.97909
1.97904
1.97898
1.97893
1.97888
1.97883
1.97878
1.97872
1.97867
1.97862
1.97857
1.97852
1.97846
1.97841
1.97836
1.97831
1.97826
1.97820
1.97815
1.97810
1.97805
1.97799
1.97794
1.97789
1.97784
1.97779
1.97773
1.97768
1.97763
1.97758
1.97753
1.97747
1.97742
1.97737
1.97732
1.97727
1.97721
1.97716
1.97711
1.97706
1.97700
1.97695
1.97690
1.97685
1.97680
1.97674
1.97669
1.97664
1.97659
1.97654
1.97648
1.97643
1.97638
1.97633
1.97628
1.97622
1.97617
1.97612
1.97607
1.97601
1.97596
1.97591
1.97586
1.97581
1.97575
1.97570
1.97565
1.97560
1.97555
1.97549
1.97544
1.97539
1.97534
1.97529
1.97523
1.97518
1.97513
1.97508
1.97503
1.97497
1.97492
1.97487
1.97482
1.97476
1.97471
1.97466
1.97461
1.97456
1.97450
1.97445
1.97440
1.97435
1.97430
1.97424
1.97419
1.97414
1.97409
1.97404
1.97398
1.97393
1.97388
1.97383
1.97377
1.97372
1.97367
1.97362
1.97357
1.97351
1.97346
1.97341
1.97336
1.97331
1.97325
1.97320
1.97315
1.97310
1.97305
1.97299
1.97294
1.97289
1.97284
1.97278
1.97273
1.97268
1.97263
1.97258
1.97252
1.97247
1.97242
1.97237
1.97232
1.97226
1.97221
1.97216
1.97211
1.97206
1.97200
1.97195
1.97190
1.97185
1.97179
1.97174
1.97169
1.97164
1.97159
1.97153
1.97148
1.97143
1.97138
1.97133
1.97127
1.97122
1.97117
1.97112
1.97107
1.97101
1.97096
1.97091
1.97086
1.97081
1.97075
1.97070
1.97065
1.97060
1.97054
1.97049
1.97044
1.97039
1.97034
1.97028
1.97023
1.97018
1.97013
1.97008
1.97002
1.96997
1.96992
1.96987
1.96982
1.96976
1.96971
1.96966
1.96961
1.96955
1.96950
1.96945
1.96940
1.96935
1.96929
1.96924
1.96919
1.96914
1.96909
1.96903
1.96898
1.96893
1.96888
1.96883
1.96877
1.96872
1.96867
1.96862
1.96856
1.96851
1.96846
1.96841
1.96836
1.96830
1.96825
1.96820
1.96815
1.96810
1.96804
1.96799
1.96794
1.96789
1.96784
1.96778
1.96773
1.96768
1.96763
1.96758
1.96752
1.96747
1.96742
1.96737
1.96731
1.96726
1.96721
1.96716
1.96711
1.96705
1.96700
1.96695
1.96690
1.96685
1.96679
1.96674
1.96669
1.96664
1.96659
1.96653
1.96648
1.96643
1.96638
1.96632
1.96627
1.96622
1.96617
1.96612
1.96606
1.96601
1.96596
1.96591
1.96586
1.96580
1.96575
1.96570
1.96565
1.96560
1.96554
1.96549
1.96544
1.96539
1.96533
1.96528
1.96523
1.96518
1.96513
1.96507
1.96502
1.96497
1.96492
1.96487
1.96481
1.96476
1.96471
1.96466
1.96461
1.96455
1.96450
1.96445
1.96440
1.96434
1.96429
1.96424
1.96419
1.96414
1.96408
1.96403
1.96398
1.96393
1.96388
1.96382
1.96377
1.96372
1.96367
1.96362
1.96356
1.96351
1.96346
1.96341
1.96336
1.96330
1.96325
1.96320
1.96315
1.96309
1.96304
1.96299
1.96294
1.96289
1.96283
1.96278
1.96273
1.96268
1.96263
1.96257
1.96252
1.96247
1.96242
1.96237
1.96231
1.96226
1.96221
1.96216
1.96210
1.96205
1.96200
1.96195
1.96190
1.96184
1.96179
1.96174
1.96169
1.96164
1.96158
1.96153
1.96148
1.96143
1.96138
1.96132
1.96127
1.96122
1.96117
1.96111
1.96106
1.96101
1.96096
1.96091
1.96085
1.96080
1.96075
1.96070
1.96065
1.96059
1.96054
1.96049
1.96044
1.96039
1.96033
1.96028
1.96023
1.96018
1.96013
1.96007
1.96002
1.95997
1.95992
1.95986
1.95981
1.95976
1.95971
1.95966
1.95960
1.95955
1.95950
1.95945
1.95940
1.95934
1.95929
1.95924
1.95919
1.95914
1.95908
1.95903
1.95898
1.95893
1.95887
1.95882
1.95877
1.95872
1.95867
1.95861
1.95856
1.95851
1.95846
1.95841
1.95835
1.95830
1.95825
1.95820
1.95815
1.95809
1.95804
1.95799
1.95794
1.95788
1.95783
1.95778
1.95773
1.95768
1.95762
1.95757
1.95752
1.95747
1.95742
1.95736
1.95731
1.95726
1.95721
1.95716
1.95710
1.95705
1.95700
1.95695
1.95690
1.95684
1.95679
1.95674
1.95669
1.95663
1.95658
1.95653
1.95648
1.95643
1.95637
1.95632
1.95627
1.95622
1.95617
1.95611
1.95606
1.95601
1.95596
1.95591
1.95585
1.95580
1.95575
1.95570
1.95564
1.95559
1.95554
1.95549
1.95544
1.95538
1.95533
1.95528
1.95523
1.95518
1.95512
1.95507
1.95502
1.95497
1.95492
1.95486
1.95481
1.95476
1.95471
1.95465
1.95460
1.95455
1.95450
1.95445
1.95439
1.95434
1.95429
1.95424
1.95419
1.95413
1.95408
1.95403
1.95398
1.95393
1.95387
1.95382
1.95377
1.95372
1.95367
1.95361
1.95356
1.95351
1.95346
1.95340
1.95335
1.95330
1.95325
1.95320
1.95314
1.95309
1.95304
1.95299
1.95294
1.95288
1.95283
1.95278
1.95273
1.95268
1.95262
1.95257
1.95252
1.95247
1.95241
1.95236
1.95231
1.95226
1.95221
1.95215
1.95210
1.95205
1.95200
1.95195
1.95189
1.95184
1.95179
1.95174
1.95169
1.95163
1.95158
1.95153
1.95148
1.95142
1.95137
1.95132
1.95127
1.95122
1.95116
1.95111
1.95106
1.95101
1.95096
1.95090
1.95085
1.95080
1.95075
1.95070
1.95064
1.95059
1.95054
1.95049
1.95044
1.95038
1.95033
1.95028
1.95023
1.95017
1.95012
1.95007
1.95002
1.94997
1.94991
1.94986
1.94981
1.94976
1.94971
1.94965
1.94960
1.94955
1.94950
1.94945
1.94939
1.94934
1.94929
1.94924
1.94918
1.94913
1.94908
1.94903
1.94898
1.94892
1.94887
1.94882
1.94877
1.94872
1.94866
1.94861
1.94856
1.94851
1.94846
1.94840
1.94835
1.94830
1.94825
1.94819
1.94814
1.94809
1.94804
1.94799
1.94793
1.94788
1.94783
1.94778
1.94773
1.94767
1.94762
1.94757
1.94752
1.94747
1.94741
1.94736
1.94731
1.94726
1.94721
1.94715
1.94710
1.94705
1.94700
1.94694
1.94689
1.94684
1.94679
1.94674
1.94668
1.94663
1.94658
1.94653
1.94648
1.94642
1.94637
1.94632
1.94627
1.94622
1.94616
1.94611
1.94606
1.94601
1.94595
1.94590
1.94585
1.94580
1.94575
1.94569
1.94564
1.94559
1.94554
1.94549
1.94543
1.94538
1.94533
1.94528
1.94523
1.94517
1.94512
1.94507
1.94502
1.94496
1.94491
1.94486
1.94481
1.94476
1.94470
1.94465
1.94460
1.94455
1.94450
1.94444
1.94439
1.94434
1.94429
1.94424
1.94418
1.94413
1.94408
1.94403
1.94398
1.94392
1.94387
1.94382
1.94377
1.94371
1.94366
1.94361
1.94356
1.94351
1.94345
1.94340
1.94335
1.94330
1.94325
1.94319
1.94314
1.94309
1.94304
1.94299
1.94293
1.94288
1.94283
1.94278
1.94272
1.94267
1.94262
1.94257
1.94252
1.94246
1.94241
1.94236
1.94231
1.94226
1.94220
1.94215
1.94210
1.94205
1.94200
1.94194
1.94189
1.94184
1.94179
1.94173
1.94168
1.94163
1.94158
1.94153
1.94147
1.94142
1.94137
1.94132
1.94127
1.94121
1.94116
1.94111
1.94106
1.94101
1.94095
1.94090
1.94085
1.94080
1.94075
1.94069
1.94064
1.94059
1.94054
1.94048
1.94043
1.94038
1.94033
1.94028
1.94022
1.94017
1.94012
1.94007
1.94002
1.93996
1.93991
1.93986
1.93981
1.93976
1.93970
1.93965
1.93960
1.93955
1.93949
1.93944
1.93939
1.93934
1.93929
1.93923
1.93918
1.93913
1.93908
1.93903
1.93897
1.93892
1.93887
1.93882
1.93877
1.93871
1.93866
1.93861
1.93856
1.93850
1.93845
1.93840
1.93835
1.93830
1.93824
1.93819
1.93814
1.93809
1.93804
1.93798
1.93793
1.93788
1.93783
1.93778
1.93772
1.93767
1.93762
1.93757
1.93752
1.93746
1.93741
1.93736
1.93731
1.93725
1.93720
1.93715
1.93710
1.93705
1.93699
1.93694
1.93689
1.93684
1.93679
1.93673
1.93668
1.93663
1.93658
1.93653
1.93647
1.93642
1.93637
1.93632
1.93626
1.93621
1.93616
1.93611
1.93606
1.93600
1.93595
1.93590
1.93585
1.93580
1.93574
1.93569
1.93564
1.93559
1.93554
1.93548
1.93543
1.93538
1.93533
1.93528
1.93522
1.93517
1.93512
1.93507
1.93501
1.93496
1.93491
1.93486
1.93481
1.93475
1.93470
1.93465
1.93460
1.93455
1.93449
1.93444
1.93439
1.93434
1.93429
1.93423
1.93418
1.93413
1.93408
1.93402
1.93397
1.93392
1.93387
1.93382
1.93376
1.93371
1.93366
1.93361
1.93356
1.93350
1.93345
1.93340
1.93335
1.93330
1.93324
1.93319
1.93314
1.93309
1.93303
1.93298
1.93293
1.93288
1.93283
1.93277
1.93272
1.93267
1.93262
1.93257
1.93251
1.93246
1.93241
1.93236
1.93231
1.93225
1.93220
1.93215
1.93210
1.93205
1.93199
1.93194
1.93189
1.93184
1.93178
1.93173
1.93168
1.93163
1.93158
1.93152
1.93147
1.93142
1.93137
1.93132
1.93126
1.93121
1.93116
1.93111
1.93106
1.93100
1.93095
1.93090
1.93085
1.93079
1.93074
1.93069
1.93064
1.93059
1.93053
1.93048
1.93043
1.93038
1.93033
1.93027
1.93022
1.93017
1.93012
1.93007
1.93001
1.92996
1.92991
1.92986
1.92980
1.92975
1.92970
1.92965
1.92960
1.92954
1.92949
1.92944
1.92939
1.92934
1.92928
1.92923
1.92918
1.92913
1.92908
1.92902
1.92897
1.92892
1.92887
1.92882
1.92876
1.92871
1.92866
1.92861
1.92855
1.92850
1.92845
1.92840
1.92835
1.92829
1.92824
1.92819
1.92814
1.92809
1.92803
1.92798
1.92793
1.92788
1.92783
1.92777
1.92772
1.92767
1.92762
1.92756
1.92751
1.92746
1.92741
1.92736
1.92730
1.92725
1.92720
1.92715
1.92710
1.92704
1.92699
1.92694
1.92689
1.92684
1.92678
1.92673
1.92668
1.92663
1.92658
1.92652
1.92647
1.92642
1.92637
1.92631
1.92626
1.92621
1.92616
1.92611
1.92605
1.92600
1.92595
1.92590
1.92585
1.92579
1.92574
1.92569
1.92564
1.92559
1.92553
1.92548
1.92543
1.92538
1.92532
1.92527
1.92522
1.92517
1.92512
1.92506
1.92501
1.92496
1.92491
1.92486
1.92480
1.92475
1.92470
1.92465
1.92460
1.92454
1.92449
1.92444
1.92439
1.92433
1.92428
1.92423
1.92418
1.92413
1.92407
1.92402
1.92397
1.92392
1.92387
1.92381
1.92376
1.92371
1.92366
1.92361
1.92355
1.92350
1.92345
1.92340
1.92335
1.92329
1.92324
1.92319
1.92314
1.92308
1.92303
1.92298
1.92293
1.92288
1.92282
1.92277
1.92272
1.92267
1.92262
1.92256
1.92251
1.92246
1.92241
1.92236
1.92230
1.92225
1.92220
1.92215
1.92209
1.92204
1.92199
1.92194
1.92189
1.92183
1.92178
1.92173
1.92168
1.92163
1.92157
1.92152
1.92147
1.92142
1.92137
1.92131
1.92126
1.92121
1.92116
1.92111
1.92105
1.92100
1.92095
1.92090
1.92084
1.92079
1.92074
1.92069
1.92064
1.92058
1.92053
1.92048
1.92043
1.92038
1.92032
1.92027
1.92022
1.92017
1.92012
1.92006
1.92001
1.91996
1.91991
1.91985
1.91980
1.91975
1.91970
1.91965
1.91959
1.91954
1.91949
1.91944
1.91939
1.91933
1.91928
1.91923
1.91918
1.91913
1.91907
1.91902
1.91897
1.91892
1.91886
1.91881
1.91876
1.91871
1.91866
1.91860
1.91855
1.91850
1.91845
1.91840
1.91834
1.91829
1.91824
1.91819
1.91814
1.91808
1.91803
1.91798
1.91793
1.91788
1.91782
1.91777
1.91772
1.91767
1.91761
1.91756
1.91751
1.91746
1.91741
1.91735
1.91730
1.91725
1.91720
1.91715
1.91709
1.91704
1.91699
1.91694
1.91689
1.91683
1.91678
1.91673
1.91668
1.91662
1.91657
1.91652
1.91647
1.91642
1.91636
1.91631
1.91626
1.91621
1.91616
1.91610
1.91605
1.91600
1.91595
1.91590
1.91584
1.91579
1.91574
1.91569
1.91564
1.91558
1.91553
1.91548
1.91543
1.91537
1.91532
1.91527
1.91522
1.91517
1.91511
1.91506
1.91501
1.91496
1.91491
1.91485
1.91480
1.91475
1.91470
1.91465
1.91459
1.91454
1.91449
1.91444
1.91438
1.91433
1.91428
1.91423
1.91418
1.91412
1.91407
1.91402
1.91397
1.91392
1.91386
1.91381
1.91376
1.91371
1.91366
1.91360
1.91355
1.91350
1.91345
1.91339
1.91334
1.91329
1.91324
1.91319
1.91313
1.91308
1.91303
1.91298
1.91293
1.91287
1.91282
1.91277
1.91272
1.91267
1.91261
1.91256
1.91251
1.91246
1.91241
1.91235
1.91230
1.91225
1.91220
1.91214
1.91209
1.91204
1.91199
1.91194
1.91188
1.91183
1.91178
1.91173
1.91168
1.91162
1.91157
1.91152
1.91147
1.91142
1.91136
1.91131
1.91126
1.91121
1.91115
1.91110
1.91105
1.91100
1.91095
1.91089
1.91084
1.91079
1.91074
1.91069
1.91063
1.91058
1.91053
1.91048
1.91043
1.91037
1.91032
1.91027
1.91022
1.91017
1.91011
1.91006
1.91001
1.90996
1.90990
1.90985
1.90980
1.90975
1.90970
1.90964
1.90959
1.90954
1.90949
1.90944
1.90938
1.90933
1.90928
1.90923
1.90918
1.90912
1.90907
1.90902
1.90897
1.90891
1.90886
1.90881
1.90876
1.90871
1.90865
1.90860
1.90855
1.90850
1.90845
1.90839
1.90834
1.90829
1.90824
1.90819
1.90813
1.90808
1.90803
1.90798
1.90793
1.90787
1.90782
1.90777
1.90772
1.90766
1.90761
1.90756
1.90751
1.90746
1.90740
1.90735
1.90730
1.90725
1.90720
1.90714
1.90709
1.90704
1.90699
1.90694
1.90688
1.90683
1.90678
1.90673
1.90667
1.90662
1.90657
1.90652
1.90647
1.90641
1.90636
1.90631
1.90626
1.90621
1.90615
1.90610
1.90605
1.90600
1.90595
1.90589
1.90584
1.90579
1.90574
1.90568
1.90563
1.90558
1.90553
1.90548
1.90542
1.90537
1.90532
1.90527
1.90522
1.90516
1.90511
1.90506
1.90501
1.90496
1.90490
1.90485
1.90480
1.90475
1.90470
1.90464
1.90459
1.90454
1.90449
1.90443
1.90438
1.90433
1.90428
1.90423
1.90417
1.90412
1.90407
1.90402
1.90397
1.90391
1.90386
1.90381
1.90376
1.90371
1.90365
1.90360
1.90355
1.90350
1.90344
1.90339
1.90334
1.90329
1.90324
1.90318
1.90313
1.90308
1.90303
1.90298
1.90292
1.90287
1.90282
1.90277
1.90272
1.90266
1.90261
1.90256
1.90251
1.90246
1.90240
1.90235
1.90230
1.90225
1.90219
1.90214
1.90209
1.90204
1.90199
1.90193
1.90188
1.90183
1.90178
1.90173
1.90167
1.90162
1.90157
1.90152
1.90147
1.90141
1.90136
1.90131
1.90126
1.90120
1.90115
1.90110
1.90105
1.90100
1.90094
1.90089
1.90084
1.90079
1.90074
1.90068
1.90063
1.90058
1.90053
1.90048
1.90042
1.90037
1.90032
1.90027
1.90022
1.90016
1.90011
1.90006
1.90001
1.89995
1.89990
1.89985
1.89980
1.89975
1.89969
1.89964
1.89959
1.89954
1.89949
1.89943
1.89938
1.89933
1.89928
1.89923
1.89917
1.89912
1.89907
1.89902
1.89896
1.89891
1.89886
1.89881
1.89876
1.89870
1.89865
1.89860
1.89855
1.89850
1.89844
1.89839
1.89834
1.89829
1.89824
1.89818
1.89813
1.89808
1.89803
1.89798
1.89792
1.89787
1.89782
1.89777
1.89771
1.89766
1.89761
1.89756
1.89751
1.89745
1.89740
1.89735
1.89730
1.89725
1.89719
1.89714
1.89709
1.89704
1.89699
1.89693
1.89688
1.89683
1.89678
1.89672
1.89667
1.89662
1.89657
1.89652
1.89646
1.89641
1.89636
1.89631
1.89626
1.89620
1.89615
1.89610
1.89605
1.89600
1.89594
1.89589
1.89584
1.89579
1.89574
1.89568
1.89563
1.89558
1.89553
1.89547
1.89542
1.89537
1.89532
1.89527
1.89521
1.89516
1.89511
1.89506
1.89501
1.89495
1.89490
1.89485
1.89480
1.89475
1.89469
1.89464
1.89459
1.89454
1.89448
1.89443
1.89438
1.89433
1.89428
1.89422
1.89417
1.89412
1.89407
1.89402
1.89396
1.89391
1.89386
1.89381
1.89376
1.89370
1.89365
1.89360
1.89355
1.89349
1.89344
1.89339
1.89334
1.89329
1.89323
1.89318
1.89313
1.89308
1.89303
1.89297
1.89292
1.89287
1.89282
1.89277
1.89271
1.89266
1.89261
1.89256
1.89251
1.89245
1.89240
1.89235
1.89230
1.89224
1.89219
1.89214
1.89209
1.89204
1.89198
1.89193
1.89188
1.89183
1.89178
1.89172
1.89167
1.89162
1.89157
1.89152
1.89146
1.89141
1.89136
1.89131
1.89125
1.89120
1.89115
1.89110
1.89105
1.89099
1.89094
1.89089
1.89084
1.89079
1.89073
1.89068
1.89063
1.89058
1.89053
1.89047
1.89042
1.89037
1.89032
1.89027
1.89021
1.89016
1.89011
1.89006
1.89000
1.88995
1.88990
1.88985
1.88980
1.88974
1.88969
1.88964
1.88959
1.88954
1.88948
1.88943
1.88938
1.88933
1.88928
1.88922
1.88917
1.88912
1.88907
1.88901
1.88896
1.88891
1.88886
1.88881
1.88875
1.88870
1.88865
1.88860
1.88855
1.88849
1.88844
1.88839
1.88834
1.88829
1.88823
1.88818
1.88813
1.88808
1.88803
1.88797
1.88792
1.88787
1.88782
1.88776
1.88771
1.88766
1.88761
1.88756
1.88750
1.88745
1.88740
1.88735
1.88730
1.88724
1.88719
1.88714
1.88709
1.88704
1.88698
1.88693
1.88688
1.88683
1.88677
1.88672
1.88667
1.88662
1.88657
1.88651
1.88646
1.88641
1.88636
1.88631
1.88625
1.88620
1.88615
1.88610
1.88605
1.88599
1.88594
1.88589
1.88584
1.88579
1.88573
1.88568
1.88563
1.88558
1.88552
1.88547
1.88542
1.88537
1.88532
1.88526
1.88521
1.88516
1.88511
1.88506
1.88500
1.88495
1.88490
1.88485
1.88480
1.88474
1.88469
1.88464
1.88459
1.88453
1.88448
1.88443
1.88438
1.88433
1.88427
1.88422
1.88417
1.88412
1.88407
1.88401
1.88396
1.88391
1.88386
1.88381
1.88375
1.88370
1.88365
1.88360
1.88355
1.88349
1.88344
1.88339
1.88334
1.88328
1.88323
1.88318
1.88313
1.88308
1.88302
1.88297
1.88292
1.88287
1.88282
1.88276
1.88271
1.88266
1.88261
1.88256
1.88250
1.88245
1.88240
1.88235
1.88229
1.88224
1.88219
1.88214
1.88209
1.88203
1.88198
1.88193
1.88188
1.88183
1.88177
1.88172
1.88167
1.88162
1.88157
1.88151
1.88146
1.88141
1.88136
1.88131
1.88125
1.88120
1.88115
1.88110
1.88104
1.88099
1.88094
1.88089
1.88084
1.88078
1.88073
1.88068
1.88063
1.88058
1.88052
1.88047
1.88042
1.88037
1.88032
1.88026
1.88021
1.88016
1.88011
1.88005
1.88000
1.87995
1.87990
1.87985
1.87979
1.87974
1.87969
1.87964
1.87959
1.87953
1.87948
1.87943
1.87938
1.87933
1.87927
1.87922
1.87917
1.87912
1.87907
1.87901
1.87896
1.87891
1.87886
1.87880
1.87875
1.87870
1.87865
1.87860
1.87854
1.87849
1.87844
1.87839
1.87834
1.87828
1.87823
1.87818
1.87813
1.87808
1.87802
1.87797
1.87792
1.87787
1.87781
1.87776
1.87771
1.87766
1.87761
1.87755
1.87750
1.87745
1.87740
1.87735
1.87729
1.87724
1.87719
1.87714
1.87709
1.87703
1.87698
1.87693
1.87688
1.87683
1.87677
1.87672
1.87667
1.87662
1.87656
1.87651
1.87646
1.87641
1.87636
1.87630
1.87625
1.87620
1.87615
1.87610
1.87604
1.87599
1.87594
1.87589
1.87584
1.87578
1.87573
1.87568
1.87563
1.87557
1.87552
1.87547
1.87542
1.87537
1.87531
1.87526
1.87521
1.87516
1.87511
1.87505
1.87500
1.87495
1.87490
1.87485
1.87479
1.87474
1.87469
1.87464
1.87459
1.87453
1.87448
1.87443
1.87438
1.87432
1.87427
1.87422
1.87417
1.87412
1.87406
1.87401
1.87396
1.87391
1.87386
1.87380
1.87375
1.87370
1.87365
1.87360
1.87354
1.87349
1.87344
1.87339
1.87333
1.87328
1.87323
1.87318
1.87313
1.87307
1.87302
1.87297
1.87292
1.87287
1.87281
1.87276
1.87271
1.87266
1.87261
1.87255
1.87250
1.87245
1.87240
1.87235
1.87229
1.87224
1.87219
1.87214
1.87208
1.87203
1.87198
1.87193
1.87188
1.87182
1.87177
1.87172
1.87167
1.87162
1.87156
1.87151
1.87146
1.87141
1.87136
1.87130
1.87125
1.87120
1.87115
1.87109
1.87104
1.87099
1.87094
1.87089
1.87083
1.87078
1.87073
1.87068
1.87063
1.87057
1.87052
1.87047
1.87042
1.87037
1.87031
1.87026
1.87021
1.87016
1.87011
1.87005
1.87000
1.86995
1.86990
1.86984
1.86979
1.86974
1.86969
1.86964
1.86958
1.86953
1.86948
1.86943
1.86938
1.86932
1.86927
1.86922
1.86917
1.86912
1.86906
1.86901
1.86896
1.86891
1.86885
1.86880
1.86875
1.86870
1.86865
1.86859
1.86854
1.86849
1.86844
1.86839
1.86833
1.86828
1.86823
1.86818
1.86813
1.86807
1.86802
1.86797
1.86792
1.86787
1.86781
1.86776
1.86771
1.86766
1.86760
1.86755
1.86750
1.86745
1.86740
1.86734
1.86729
1.86724
1.86719
1.86714
1.86708
1.86703
1.86698
1.86693
1.86688
1.86682
1.86677
1.86672
1.86667
1.86661
1.86656
1.86651
1.86646
1.86641
1.86635
1.86630
1.86625
1.86620
1.86615
1.86609
1.86604
1.86599
1.86594
1.86589
1.86583
1.86578
1.86573
1.86568
1.86563
1.86557
1.86552
1.86547
1.86542
1.86536
1.86531
1.86526
1.86521
1.86516
1.86510
1.86505
1.86500
1.86495
1.86490
1.86484
1.86479
1.86474
1.86469
1.86464
1.86458
1.86453
1.86448
1.86443
1.86437
1.86432
1.86427
1.86422
1.86417
1.86411
1.86406
1.86401
1.86396
1.86391
1.86385
1.86380
1.86375
1.86370
1.86365
1.86359
1.86354
1.86349
1.86344
1.86339
1.86333
1.86328
1.86323
1.86318
1.86312
1.86307
1.86302
1.86297
1.86292
1.86286
1.86281
1.86276
1.86271
1.86266
1.86260
1.86255
1.86250
1.86245
1.86240
1.86234
1.86229
1.86224
1.86219
1.86214
1.86208
1.86203
1.86198
1.86193
1.86187
1.86182
1.86177
1.86172
1.86167
1.86161
1.86156
1.86151
1.86146
1.86141
1.86135
1.86130
1.86125
1.86120
1.86115
1.86109
1.86104
1.86099
1.86094
1.86088
1.86083
1.86078
1.86073
1.86068
1.86062
1.86057
1.86052
1.86047
1.86042
1.86036
1.86031
1.86026
1.86021
1.86016
1.86010
1.86005
1.86000
1.85995
1.85990
1.85984
1.85979
1.85974
1.85969
1.85963
1.85958
1.85953
1.85948
1.85943
1.85937
1.85932
1.85927
1.85922
1.85917
1.85911
1.85906
1.85901
1.85896
1.85891
1.85885
1.85880
1.85875
1.85870
1.85864
1.85859
1.85854
1.85849
1.85844
1.85838
1.85833
1.85828
1.85823
1.85818
1.85812
1.85807
1.85802
1.85797
1.85792
1.85786
1.85781
1.85776
1.85771
1.85766
1.85760
1.85755
1.85750
1.85745
1.85739
1.85734
1.85729
1.85724
1.85719
1.85713
1.85708
1.85703
1.85698
1.85693
1.85687
1.85682
1.85677
1.85672
1.85667
1.85661
1.85656
1.85651
1.85646
1.85640
1.85635
1.85630
1.85625
1.85620
1.85614
1.85609
1.85604
1.85599
1.85594
1.85588
1.85583
1.85578
1.85573
1.85568
1.85562
1.85557
1.85552
1.85547
1.85542
1.85536
1.85531
1.85526
1.85521
1.85515
1.85510
1.85505
1.85500
1.85495
1.85489
1.85484
1.85479
1.85474
1.85469
1.85463
1.85458
1.85453
1.85448
1.85443
1.85437
1.85432
1.85427
1.85422
1.85416
1.85411
1.85406
1.85401
1.85396
1.85390
1.85385
1.85380
1.85375
1.85370
1.85364
1.85359
1.85354
1.85349
1.85344
1.85338
1.85333
1.85328
1.85323
1.85318
1.85312
1.85307
1.85302
1.85297
1.85291
1.85286
1.85281
1.85276
1.85271
1.85265
1.85260
1.85255
1.85250
1.85245
1.85239
1.85234
1.85229
1.85224
1.85219
1.85213
1.85208
1.85203
1.85198
1.85192
1.85187
1.85182
1.85177
1.85172
1.85166
1.85161
1.85156
1.85151
1.85146
1.85140
1.85135
1.85130
1.85125
1.85120
1.85114
1.85109
1.85104
1.85099
1.85094
1.85088
1.85083
1.85078
1.85073
1.85067
1.85062
1.85057
1.85052
1.85047
1.85041
1.85036
1.85031
1.85026
1.85021
1.85015
1.85010
1.85005
1.85000
1.84995
1.84989
1.84984
1.84979
1.84974
1.84969
1.84963
1.84958
1.84953
1.84948
1.84942
1.84937
1.84932
1.84927
1.84922
1.84916
1.84911
1.84906
1.84901
1.84896
1.84890
1.84885
1.84880
1.84875
1.84870
1.84864
1.84859
1.84854
1.84849
1.84843
1.84838
1.84833
1.84828
1.84823
1.84817
1.84812
1.84807
1.84802
1.84797
1.84791
1.84786
1.84781
1.84776
1.84771
1.84765
1.84760
1.84755
1.84750
1.84745
1.84739
1.84734
1.84729
1.84724
1.84718
1.84713
1.84708
1.84703
1.84698
1.84692
1.84687
1.84682
1.84677
1.84672
1.84666
1.84661
1.84656
1.84651
1.84646
1.84640
1.84635
1.84630
1.84625
1.84619
1.84614
1.84609
1.84604
1.84599
1.84593
1.84588
1.84583
1.84578
1.84573
1.84567
1.84562
1.84557
1.84552
1.84547
1.84541
1.84536
1.84531
1.84526
1.84521
1.84515
1.84510
1.84505
1.84500
1.84494
1.84489
1.84484
1.84479
1.84474
1.84468
1.84463
1.84458
1.84453
1.84448
1.84442
1.84437
1.84432
1.84427
1.84422
1.84416
1.84411
1.84406
1.84401
1.84396
1.84390
1.84385
1.84380
1.84375
1.84369
1.84364
1.84359
1.84354
1.84349
1.84343
1.84338
1.84333
1.84328
1.84323
1.84317
1.84312
1.84307
1.84302
1.84297
1.84291
1.84286
1.84281
1.84276
1.84270
1.84265
1.84260
1.84255
1.84250
1.84244
1.84239
1.84234
1.84229
1.84224
1.84218
1.84213
1.84208
1.84203
1.84198
1.84192
1.84187
1.84182
1.84177
1.84172
1.84166
1.84161
1.84156
1.84151
1.84145
1.84140
1.84135
1.84130
1.84125
1.84119
1.84114
1.84109
1.84104
1.84099
1.84093
1.84088
1.84083
1.84078
1.84073
1.84067
1.84062
1.84057
1.84052
1.84046
1.84041
1.84036
1.84031
1.84026
1.84020
1.84015
1.84010
1.84005
1.84000
1.83994
1.83989
1.83984
1.83979
1.83974
1.83968
1.83963
1.83958
1.83953
1.83948
1.83942
1.83937
1.83932
1.83927
1.83921
1.83916
1.83911
1.83906
1.83901
1.83895
1.83890
1.83885
1.83880
1.83875
1.83869
1.83864
1.83859
1.83854
1.83849
1.83843
1.83838
1.83833
1.83828
1.83822
1.83817
1.83812
1.83807
1.83802
1.83796
1.83791
1.83786
1.83781
1.83776
1.83770
1.83765
1.83760
1.83755
1.83750
1.83744
1.83739
1.83734
1.83729
1.83724
1.83718
1.83713
1.83708
1.83703
1.83697
1.83692
1.83687
1.83682
1.83677
1.83671
1.83666
1.83661
1.83656
1.83651
1.83645
1.83640
1.83635
1.83630
1.83625
1.83619
1.83614
1.83609
1.83604
1.83599
1.83593
1.83588
1.83583
1.83578
1.83572
1.83567
1.83562
1.83557
1.83552
1.83546
1.83541
1.83536
1.83531
1.83526
1.83520
1.83515
1.83510
1.83505
1.83500
1.83494
1.83489
1.83484
1.83479
1.83473
1.83468
1.83463
1.83458
1.83453
1.83447
1.83442
1.83437
1.83432
1.83427
1.83421
1.83416
1.83411
1.83406
1.83401
1.83395
1.83390
1.83385
1.83380
1.83375
1.83369
1.83364
1.83359
1.83354
1.83348
1.83343
1.83338
1.83333
1.83328
1.83322
1.83317
1.83312
1.83307
1.83302
1.83296
1.83291
1.83286
1.83281
1.83276
1.83270
1.83265
1.83260
1.83255
1.83249
1.83244
1.83239
1.83234
1.83229
1.83223
1.83218
1.83213
1.83208
1.83203
1.83197
1.83192
1.83187
1.83182
1.83177
1.83171
1.83166
1.83161
1.83156
1.83151
1.83145
1.83140
1.83135
1.83130
1.83124
1.83119
1.83114
1.83109
1.83104
1.83098
1.83093
1.83088
1.83083
1.83078
1.83072
1.83067
1.83062
1.83057
1.83052
1.83046
1.83041
1.83036
1.83031
1.83026
1.83020
1.83015
1.83010
1.83005
1.82999
1.82994
1.82989
1.82984
1.82979
1.82973
1.82968
1.82963
1.82958
1.82953
1.82947
1.82942
1.82937
1.82932
1.82927
1.82921
1.82916
1.82911
1.82906
1.82900
1.82895
1.82890
1.82885
1.82880
1.82874
1.82869
1.82864
1.82859
1.82854
1.82848
1.82843
1.82838
1.82833
1.82828
1.82822
1.82817
1.82812
1.82807
1.82802
1.82796
1.82791
1.82786
1.82781
1.82775
1.82770
1.82765
1.82760
1.82755
1.82749
1.82744
1.82739
1.82734
1.82729
1.82723
1.82718
1.82713
1.82708
1.82703
1.82697
1.82692
1.82687
1.82682
1.82677
1.82671
1.82666
1.82661
1.82656
1.82650
1.82645
1.82640
1.82635
1.82630
1.82624
1.82619
1.82614
1.82609
1.82604
1.82598
1.82593
1.82588
1.82583
1.82578
1.82572
1.82567
1.82562
1.82557
1.82551
1.82546
1.82541
1.82536
1.82531
1.82525
1.82520
1.82515
1.82510
1.82505
1.82499
1.82494
1.82489
1.82484
1.82479
1.82473
1.82468
1.82463
1.82458
1.82453
1.82447
1.82442
1.82437
1.82432
1.82426
1.82421
1.82416
1.82411
1.82406
1.82400
1.82395
1.82390
1.82385
1.82380
1.82374
1.82369
1.82364
1.82359
1.82354
1.82348
1.82343
1.82338
1.82333
1.82327
1.82322
1.82317
1.82312
1.82307
1.82301
1.82296
1.82291
1.82286
1.82281
1.82275
1.82270
1.82265
1.82260
1.82255
1.82249
1.82244
1.82239
1.82234
1.82229
1.82223
1.82218
1.82213
1.82208
1.82202
1.82197
1.82192
1.82187
1.82182
1.82176
1.82171
1.82166
1.82161
1.82156
1.82150
1.82145
1.82140
1.82135
1.82130
1.82124
1.82119
1.82114
1.82109
1.82104
1.82098
1.82093
1.82088
1.82083
1.82077
1.82072
1.82067
1.82062
1.82057
1.82051
1.82046
1.82041
1.82036
1.82031
1.82025
1.82020
1.82015
1.82010
1.82005
1.81999
1.81994
1.81989
1.81984
1.81978
1.81973
1.81968
1.81963
1.81958
1.81952
1.81947
1.81942
1.81937
1.81932
1.81926
1.81921
1.81916
1.81911
1.81906
1.81900
1.81895
1.81890
1.81885
1.81880
1.81874
1.81869
1.81864
1.81859
1.81853
1.81848
1.81843
1.81838
1.81833
1.81827
1.81822
1.81817
1.81812
1.81807
1.81801
1.81796
1.81791
1.81786
1.81781
1.81775
1.81770
1.81765
1.81760
1.81755
1.81749
1.81744
1.81739
1.81734
1.81728
1.81723
1.81718
1.81713
1.81708
1.81702
1.81697
1.81692
1.81687
1.81682
1.81676
1.81671
1.81666
1.81661
1.81656
1.81650
1.81645
1.81640
1.81635
1.81629
1.81624
1.81619
1.81614
1.81609
1.81603
1.81598
1.81593
1.81588
1.81583
1.81577
1.81572
1.81567
1.81562
1.81557
1.81551
1.81546
1.81541
1.81536
1.81531
1.81525
1.81520
1.81515
1.81510
1.81504
1.81499
1.81494
1.81489
1.81484
1.81478
1.81473
1.81468
1.81463
1.81458
1.81452
1.81447
1.81442
1.81437
1.81432
1.81426
1.81421
1.81416
1.81411
1.81406
1.81400
1.81395
1.81390
1.81385
1.81379
1.81374
1.81369
1.81364
1.81359
1.81353
1.81348
1.81343
1.81338
1.81333
1.81327
1.81322
1.81317
1.81312
1.81307
1.81301
1.81296
1.81291
1.81286
1.81280
1.81275
1.81270
1.81265
1.81260
1.81254
1.81249
1.81244
1.81239
1.81234
1.81228
1.81223
1.81218
1.81213
1.81208
1.81202
1.81197
1.81192
1.81187
1.81182
1.81176
1.81171
1.81166
1.81161
1.81155
1.81150
1.81145
1.81140
1.81135
1.81129
1.81124
1.81119
1.81114
1.81109
1.81103
1.81098
1.81093
1.81088
1.81083
1.81077
1.81072
1.81067
1.81062
1.81057
1.81051
1.81046
1.81041
1.81036
1.81030
1.81025
1.81020
1.81015
1.81010
1.81004
1.80999
1.80994
1.80989
1.80984
1.80978
1.80973
1.80968
1.80963
1.80958
1.80952
1.80947
1.80942
1.80937
1.80931
1.80926
1.80921
1.80916
1.80911
1.80905
1.80900
1.80895
1.80890
1.80885
1.80879
1.80874
1.80869
1.80864
1.80859
1.80853
1.80848
1.80843
1.80838
1.80833
1.80827
1.80822
1.80817
1.80812
1.80806
1.80801
1.80796
1.80791
1.80786
1.80780
1.80775
1.80770
1.80765
1.80760
1.80754
1.80749
1.80744
1.80739
1.80734
1.80728
1.80723
1.80718
1.80713
1.80708
1.80702
1.80697
1.80692
1.80687
1.80681
1.80676
1.80671
1.80666
1.80661
1.80655
1.80650
1.80645
1.80640
1.80635
1.80629
1.80624
1.80619
1.80614
1.80609
1.80603
1.80598
1.80593
1.80588
1.80582
1.80577
1.80572
1.80567
1.80562
1.80556
1.80551
1.80546
1.80541
1.80536
1.80530
1.80525
1.80520
1.80515
1.80510
1.80504
1.80499
1.80494
1.80489
1.80484
1.80478
1.80473
1.80468
1.80463
1.80457
1.80452
1.80447
1.80442
1.80437
1.80431
1.80426
1.80421
1.80416
1.80411
1.80405
1.80400
1.80395
1.80390
1.80385
1.80379
1.80374
1.80369
1.80364
1.80359
1.80353
1.80348
1.80343
1.80338
1.80332
1.80327
1.80322
1.80317
1.80312
1.80306
1.80301
1.80296
1.80291
1.80286
1.80280
1.80275
1.80270
1.80265
1.80260
1.80254
1.80249
1.80244
1.80239
1.80233
1.80228
1.80223
1.80218
1.80213
1.80207
1.80202
1.80197
1.80192
1.80187
1.80181
1.80176
1.80171
1.80166
1.80161
1.80155
1.80150
1.80145
1.80140
1.80135
1.80129
1.80124
1.80119
1.80114
1.80108
1.80103
1.80098
1.80093
1.80088
1.80082
1.80077
1.80072
1.80067
1.80062
1.80056
1.80051
1.80046
1.80041
1.80036
1.80030
1.80025
1.80020
1.80015
1.80010
1.80004
1.79999
1.79994
1.79989
1.79983
1.79978
1.79973
1.79968
1.79963
1.79957
1.79952
1.79947
1.79942
1.79937
1.79931
1.79926
1.79921
1.79916
1.79911
1.79905
1.79900
1.79895
1.79890
1.79885
1.79879
1.79874
1.79869
1.79864
1.79858
1.79853
1.79848
1.79843
1.79838
1.79832
1.79827
1.79822
1.79817
1.79812
1.79806
1.79801
1.79796
1.79791
1.79786
1.79780
1.79775
1.79770
1.79765
1.79759
1.79754
1.79749
1.79744
1.79739
1.79733
1.79728
1.79723
1.79718
1.79713
1.79707
1.79702
1.79697
1.79692
1.79687
1.79681
1.79676
1.79671
1.79666
1.79661
1.79655
1.79650
1.79645
1.79640
1.79634
1.79629
1.79624
1.79619
1.79614
1.79608
1.79603
1.79598
1.79593
1.79588
1.79582
1.79577
1.79572
1.79567
1.79562
1.79556
1.79551
1.79546
1.79541
1.79536
1.79530
1.79525
1.79520
1.79515
1.79509
1.79504
1.79499
1.79494
1.79489
1.79483
1.79478
1.79473
1.79468
1.79463
1.79457
1.79452
1.79447
1.79442
1.79437
1.79431
1.79426
1.79421
1.79416
1.79410
1.79405
1.79400
1.79395
1.79390
1.79384
1.79379
1.79374
1.79369
1.79364
1.79358
1.79353
1.79348
1.79343
1.79338
1.79332
1.79327
1.79322
1.79317
1.79312
1.79306
1.79301
1.79296
1.79291
1.79285
1.79280
1.79275
1.79270
1.79265
1.79259
1.79254
1.79249
1.79244
1.79239
1.79233
1.79228
1.79223
1.79218
1.79213
1.79207
1.79202
1.79197
1.79192
1.79187
1.79181
1.79176
1.79171
1.79166
1.79160
1.79155
1.79150
1.79145
1.79140
1.79134
1.79129
1.79124
1.79119
1.79114
1.79108
1.79103
1.79098
1.79093
1.79088
1.79082
1.79077
1.79072
1.79067
1.79062
1.79056
1.79051
1.79046
1.79041
1.79035
1.79030
1.79025
1.79020
1.79015
1.79009
1.79004
1.78999
1.78994
1.78989
1.78983
1.78978
1.78973
1.78968
1.78963
1.78957
1.78952
1.78947
1.78942
1.78936
1.78931
1.78926
1.78921
1.78916
1.78910
1.78905
1.78900
1.78895
1.78890
1.78884
1.78879
1.78874
1.78869
1.78864
1.78858
1.78853
1.78848
1.78843
1.78838
1.78832
1.78827
1.78822
1.78817
1.78811
1.78806
1.78801
1.78796
1.78791
1.78785
1.78780
1.78775
1.78770
1.78765
1.78759
1.78754
1.78749
1.78744
1.78739
1.78733
1.78728
1.78723
1.78718
1.78713
1.78707
1.78702
1.78697
1.78692
1.78686
1.78681
1.78676
1.78671
1.78666
1.78660
1.78655
1.78650
1.78645
1.78640
1.78634
1.78629
1.78624
1.78619
1.78614
1.78608
1.78603
1.78598
1.78593
1.78587
1.78582
1.78577
1.78572
1.78567
1.78561
1.78556
1.78551
1.78546
1.78541
1.78535
1.78530
1.78525
1.78520
1.78515
1.78509
1.78504
1.78499
1.78494
1.78489
1.78483
1.78478
1.78473
1.78468
1.78462
1.78457
1.78452
1.78447
1.78442
1.78436
1.78431
1.78426
1.78421
1.78416
1.78410
1.78405
1.78400
1.78395
1.78390
1.78384
1.78379
1.78374
1.78369
1.78364
1.78358
1.78353
1.78348
1.78343
1.78337
1.78332
1.78327
1.78322
1.78317
1.78311
1.78306
1.78301
1.78296
1.78291
1.78285
1.78280
1.78275
1.78270
1.78265
1.78259
1.78254
1.78249
1.78244
1.78239
1.78233
1.78228
1.78223
1.78218
1.78212
1.78207
1.78202
1.78197
1.78192
1.78186
1.78181
1.78176
1.78171
1.78166
1.78160
1.78155
1.78150
1.78145
1.78140
1.78134
1.78129
1.78124
1.78119
1.78113
1.78108
1.78103
1.78098
1.78093
1.78087
1.78082
1.78077
1.78072
1.78067
1.78061
1.78056
1.78051
1.78046
1.78041
1.78035
1.78030
1.78025
1.78020
1.78015
1.78009
1.78004
1.77999
1.77994
1.77988
1.77983
1.77978
1.77973
1.77968
1.77962
1.77957
1.77952
1.77947
1.77942
1.77936
1.77931
1.77926
1.77921
1.77916
1.77910
1.77905
1.77900
1.77895
1.77890
1.77884
1.77879
1.77874
1.77869
1.77863
1.77858
1.77853
1.77848
1.77843
1.77837
1.77832
1.77827
1.77822
1.77817
1.77811
1.77806
1.77801
1.77796
1.77791
1.77785
1.77780
1.77775
1.77770
1.77765
1.77759
1.77754
1.77749
1.77744
1.77738
1.77733
1.77728
1.77723
1.77718
1.77712
1.77707
1.77702
1.77697
1.77692
1.77686
1.77681
1.77676
1.77671
1.77666
1.77660
1.77655
1.77650
1.77645
1.77639
1.77634
1.77629
1.77624
1.77619
1.77613
1.77608
1.77603
1.77598
1.77593
1.77587
1.77582
1.77577
1.77572
1.77567
1.77561
1.77556
1.77551
1.77546
1.77541
1.77535
1.77530
1.77525
1.77520
1.77514
1.77509
1.77504
1.77499
1.77494
1.77488
1.77483
1.77478
1.77473
1.77468
1.77462
1.77457
1.77452
1.77447
1.77442
1.77436
1.77431
1.77426
1.77421
1.77416
1.77410
1.77405
1.77400
1.77395
1.77389
1.77384
1.77379
1.77374
1.77369
1.77363
1.77358
1.77353
1.77348
1.77343
1.77337
1.77332
1.77327
1.77322
1.77317
1.77311
1.77306
1.77301
1.77296
1.77291
1.77285
1.77280
1.77275
1.77270
1.77264
1.77259
1.77254
1.77249
1.77244
1.77238
1.77233
1.77228
1.77223
1.77218
1.77212
1.77207
1.77202
1.77197
1.77192
1.77186
1.77181
1.77176
1.77171
1.77165
1.77160
1.77155
1.77150
1.77145
1.77139
1.77134
1.77129
1.77124
1.77119
1.77113
1.77108
1.77103
1.77098
1.77093
1.77087
1.77082
1.77077
1.77072
1.77067
1.77061
1.77056
1.77051
1.77046
1.77040
1.77035
1.77030
1.77025
1.77020
1.77014
1.77009
1.77004
1.76999
1.76994
1.76988
1.76983
1.76978
1.76973
1.76968
1.76962
1.76957
1.76952
1.76947
1.76942
1.76936
1.76931
1.76926
1.76921
1.76915
1.76910
1.76905
1.76900
1.76895
1.76889
1.76884
1.76879
1.76874
1.76869
1.76863
1.76858
1.76853
1.76848
1.76843
1.76837
1.76832
1.76827
1.76822
1.76817
1.76811
1.76806
1.76801
1.76796
1.76790
1.76785
1.76780
1.76775
1.76770
1.76764
1.76759
1.76754
1.76749
1.76744
1.76738
1.76733
1.76728
1.76723
1.76718
1.76712
1.76707
1.76702
1.76697
1.76692
1.76686
1.76681
1.76676
1.76671
1.76665
1.76660
1.76655
1.76650
1.76645
1.76639
1.76634
1.76629
1.76624
1.76619
1.76613
1.76608
1.76603
1.76598
1.76593
1.76587
1.76582
1.76577
1.76572
1.76566
1.76561
1.76556
1.76551
1.76546
1.76540
1.76535
1.76530
1.76525
1.76520
1.76514
1.76509
1.76504
1.76499
1.76494
1.76488
1.76483
1.76478
1.76473
1.76468
1.76462
1.76457
1.76452
1.76447
1.76441
1.76436
1.76431
1.76426
1.76421
1.76415
1.76410
1.76405
1.76400
1.76395
1.76389
1.76384
1.76379
1.76374
1.76369
1.76363
1.76358
1.76353
1.76348
1.76343
1.76337
1.76332
1.76327
1.76322
1.76316
1.76311
1.76306
1.76301
1.76296
1.76290
1.76285
1.76280
1.76275
1.76270
1.76264
1.76259
1.76254
1.76249
1.76244
1.76238
1.76233
1.76228
1.76223
1.76218
1.76212
1.76207
1.76202
1.76197
1.76191
1.76186
1.76181
1.76176
1.76171
1.76165
1.76160
1.76155
1.76150
1.76145
1.76139
1.76134
1.76129
1.76124
1.76119
1.76113
1.76108
1.76103
1.76098
1.76093
1.76087
1.76082
1.76077
1.76072
1.76066
1.76061
1.76056
1.76051
1.76046
1.76040
1.76035
1.76030
1.76025
1.76020
1.76014
1.76009
1.76004
1.75999
1.75994
1.75988
1.75983
1.75978
1.75973
1.75967
1.75962
1.75957
1.75952
1.75947
1.75941
1.75936
1.75931
1.75926
1.75921
1.75915
1.75910
1.75905
1.75900
1.75895
1.75889
1.75884
1.75879
1.75874
1.75869
1.75863
1.75858
1.75853
1.75848
1.75842
1.75837
1.75832
1.75827
1.75822
1.75816
1.75811
1.75806
1.75801
1.75796
1.75790
1.75785
1.75780
1.75775
1.75770
1.75764
1.75759
1.75754
1.75749
1.75744
1.75738
1.75733
1.75728
1.75723
1.75717
1.75712
1.75707
1.75702
1.75697
1.75691
1.75686
1.75681
1.75676
1.75671
1.75665
1.75660
1.75655
1.75650
1.75645
1.75639
1.75634
1.75629
1.75624
1.75619
1.75613
1.75608
1.75603
1.75598
1.75592
1.75587
1.75582
1.75577
1.75572
1.75566
1.75561
1.75556
1.75551
1.75546
1.75540
1.75535
1.75530
1.75525
1.75520
1.75514
1.75509
1.75504
1.75499
1.75494
1.75488
1.75483
1.75478
1.75473
1.75467
1.75462
1.75457
1.75452
1.75447
1.75441
1.75436
1.75431
1.75426
1.75421
1.75415
1.75410
1.75405
1.75400
1.75395
1.75389
1.75384
1.75379
1.75374
1.75368
1.75363
1.75358
1.75353
1.75348
1.75342
1.75337
1.75332
1.75327
1.75322
1.75316
1.75311
1.75306
1.75301
1.75296
1.75290
1.75285
1.75280
1.75275
1.75270
1.75264
1.75259
1.75254
1.75249
1.75243
1.75238
1.75233
1.75228
1.75223
1.75217
1.75212
1.75207
1.75202
1.75197
1.75191
1.75186
1.75181
1.75176
1.75171
1.75165
1.75160
1.75155
1.75150
1.75145
1.75139
1.75134
1.75129
1.75124
1.75118
1.75113
1.75108
1.75103
1.75098
1.75092
1.75087
1.75082
1.75077
1.75072
1.75066
1.75061
1.75056
1.75051
1.75046
1.75040
1.75035
1.75030
1.75025
1.75020
1.75014
1.75009
1.75004
1.74999
1.74993
1.74988
1.74983
1.74978
1.74973
1.74967
1.74962
1.74957
1.74952
1.74947
1.74941
1.74936
1.74931
1.74926
1.74921
1.74915
1.74910
1.74905
1.74900
1.74895
1.74889
1.74884
1.74879
1.74874
1.74868
1.74863
1.74858
1.74853
1.74848
1.74842
1.74837
1.74832
1.74827
1.74822
1.74816
1.74811
1.74806
1.74801
1.74796
1.74790
1.74785
1.74780
1.74775
1.74770
1.74764
1.74759
1.74754
1.74749
1.74743
1.74738
1.74733
1.74728
1.74723
1.74717
1.74712
1.74707
1.74702
1.74697
1.74691
1.74686
1.74681
1.74676
1.74671
1.74665
1.74660
1.74655
1.74650
1.74644
1.74639
1.74634
1.74629
1.74624
1.74618
1.74613
1.74608
1.74603
1.74598
1.74592
1.74587
1.74582
1.74577
1.74572
1.74566
1.74561
1.74556
1.74551
1.74546
1.74540
1.74535
1.74530
1.74525
1.74519
1.74514
1.74509
1.74504
1.74499
1.74493
1.74488
1.74483
1.74478
1.74473
1.74467
1.74462
1.74457
1.74452
1.74447
1.74441
1.74436
1.74431
1.74426
1.74421
1.74415
1.74410
1.74405
1.74400
1.74394
1.74389
1.74384
1.74379
1.74374
1.74368
1.74363
1.74358
1.74353
1.74348
1.74342
1.74337
1.74332
1.74327
1.74322
1.74316
1.74311
1.74306
1.74301
1.74296
1.74290
1.74285
1.74280
1.74275
1.74269
1.74264
1.74259
1.74254
1.74249
1.74243
1.74238
1.74233
1.74228
1.74223
1.74217
1.74212
1.74207
1.74202
1.74197
1.74191
1.74186
1.74181
1.74176
1.74171
1.74165
1.74160
1.74155
1.74150
1.74144
1.74139
1.74134
1.74129
1.74124
1.74118
1.74113
1.74108
1.74103
1.74098
1.74092
1.74087
1.74082
1.74077
1.74072
1.74066
1.74061
1.74056
1.74051
1.74046
1.74040
1.74035
1.74030
1.74025
1.74019
1.74014
1.74009
1.74004
1.73999
1.73993
1.73988
1.73983
1.73978
1.73973
1.73967
1.73962
1.73957
1.73952
1.73947
1.73941
1.73936
1.73931
1.73926
1.73921
1.73915
1.73910
1.73905
1.73900
1.73894
1.73889
1.73884
1.73879
1.73874
1.73868
1.73863
1.73858
1.73853
1.73848
1.73842
1.73837
1.73832
1.73827
1.73822
1.73816
1.73811
1.73806
1.73801
1.73795
1.73790
1.73785
1.73780
1.73775
1.73769
1.73764
1.73759
1.73754
1.73749
1.73743
1.73738
1.73733
1.73728
1.73723
1.73717
1.73712
1.73707
1.73702
1.73697
1.73691
1.73686
1.73681
1.73676
1.73670
1.73665
1.73660
1.73655
1.73650
1.73644
1.73639
1.73634
1.73629
1.73624
1.73618
1.73613
1.73608
1.73603
1.73598
1.73592
1.73587
1.73582
1.73577
1.73572
1.73566
1.73561
1.73556
1.73551
1.73545
1.73540
1.73535
1.73530
1.73525
1.73519
1.73514
1.73509
1.73504
1.73499
1.73493
1.73488
1.73483
1.73478
1.73473
1.73467
1.73462
1.73457
1.73452
1.73447
1.73441
1.73436
1.73431
1.73426
1.73420
1.73415
1.73410
1.73405
1.73400
1.73394
1.73389
1.73384
1.73379
1.73374
1.73368
1.73363
1.73358
1.73353
1.73348
1.73342
1.73337
1.73332
1.73327
1.73322
1.73316
1.73311
1.73306
1.73301
1.73295
1.73290
1.73285
1.73280
1.73275
1.73269
1.73264
1.73259
1.73254
1.73249
1.73243
1.73238
1.73233
1.73228
1.73223
1.73217
1.73212
1.73207
1.73202
1.73197
1.73191
1.73186
1.73181
1.73176
1.73170
1.73165
1.73160
1.73155
1.73150
1.73144
1.73139
1.73134
1.73129
1.73124
1.73118
1.73113
1.73108
1.73103
1.73098
1.73092
1.73087
1.73082
1.73077
1.73072
1.73066
1.73061
1.73056
1.73051
1.73045
1.73040
1.73035
1.73030
1.73025
1.73019
1.73014
1.73009
1.73004
1.72999
1.72993
1.72988
1.72983
1.72978
1.72973
1.72967
1.72962
1.72957
1.72952
1.72947
1.72941
1.72936
1.72931
1.72926
1.72920
1.72915
1.72910
1.72905
1.72900
1.72894
1.72889
1.72884
1.72879
1.72874
1.72868
1.72863
1.72858
1.72853
1.72848
1.72842
1.72837
1.72832
1.72827
1.72822
1.72816
1.72811
1.72806
1.72801
1.72795
1.72790
1.72785
1.72780
1.72775
1.72769
1.72764
1.72759
1.72754
1.72749
1.72743
1.72738
1.72733
1.72728
1.72723
1.72717
1.72712
1.72707
1.72702
1.72696
1.72691
1.72686
1.72681
1.72676
1.72670
1.72665
1.72660
1.72655
1.72650
1.72644
1.72639
1.72634
1.72629
1.72624
1.72618
1.72613
1.72608
1.72603
1.72598
1.72592
1.72587
1.72582
1.72577
1.72571
1.72566
1.72561
1.72556
1.72551
1.72545
1.72540
1.72535
1.72530
1.72525
1.72519
1.72514
1.72509
1.72504
1.72499
1.72493
1.72488
1.72483
1.72478
1.72473
1.72467
1.72462
1.72457
1.72452
1.72446
1.72441
1.72436
1.72431
1.72426
1.72420
1.72415
1.72410
1.72405
1.72400
1.72394
1.72389
1.72384
1.72379
1.72374
1.72368
1.72363
1.72358
1.72353
1.72348
1.72342
1.72337
1.72332
1.72327
1.72321
1.72316
1.72311
1.72306
1.72301
1.72295
1.72290
1.72285
1.72280
1.72275
1.72269
1.72264
1.72259
1.72254
1.72249
1.72243
1.72238
1.72233
1.72228
1.72223
1.72217
1.72212
1.72207
1.72202
1.72196
1.72191
1.72186
1.72181
1.72176
1.72170
1.72165
1.72160
1.72155
1.72150
1.72144
1.72139
1.72134
1.72129
1.72124
1.72118
1.72113
1.72108
1.72103
1.72098
1.72092
1.72087
1.72082
1.72077
1.72071
1.72066
1.72061
1.72056
1.72051
1.72045
1.72040
1.72035
1.72030
1.72025
1.72019
1.72014
1.72009
1.72004
1.71999
1.71993
1.71988
1.71983
1.71978
1.71973
1.71967
1.71962
1.71957
1.71952
1.71946
1.71941
1.71936
1.71931
1.71926
1.71920
1.71915
1.71910
1.71905
1.71900
1.71894
1.71889
1.71884
1.71879
1.71874
1.71868
1.71863
1.71858
1.71853
1.71848
1.71842
1.71837
1.71832
1.71827
1.71821
1.71816
1.71811
1.71806
1.71801
1.71795
1.71790
1.71785
1.71780
1.71775
1.71769
1.71764
1.71759
1.71754
1.71749
1.71743
1.71738
1.71733
1.71728
1.71723
1.71717
1.71712
1.71707
1.71702
1.71696
1.71691
1.71686
1.71681
1.71676
1.71670
1.71665
1.71660
1.71655
1.71650
1.71644
1.71639
1.71634
1.71629
1.71624
1.71618
1.71613
1.71608
1.71603
1.71598
1.71592
1.71587
1.71582
1.71577
1.71571
1.71566
1.71561
1.71556
1.71551
1.71545
1.71540
1.71535
1.71530
1.71525
1.71519
1.71514
1.71509
1.71504
1.71499
1.71493
1.71488
1.71483
1.71478
1.71473
1.71467
1.71462
1.71457
1.71452
1.71446
1.71441
1.71436
1.71431
1.71426
1.71420
1.71415
1.71410
1.71405
1.71400
1.71394
1.71389
1.71384
1.71379
1.71374
1.71368
1.71363
1.71358
1.71353
1.71348
1.71342
1.71337
1.71332
1.71327
1.71321
1.71316
1.71311
1.71306
1.71301
1.71295
1.71290
1.71285
1.71280
1.71275
1.71269
1.71264
1.71259
1.71254
1.71249
1.71243
1.71238
1.71233
1.71228
1.71222
1.71217
1.71212
1.71207
1.71202
1.71196
1.71191
1.71186
1.71181
1.71176
1.71170
1.71165
1.71160
1.71155
1.71150
1.71144
1.71139
1.71134
1.71129
1.71124
1.71118
1.71113
1.71108
1.71103
1.71097
1.71092
1.71087
1.71082
1.71077
1.71071
1.71066
1.71061
1.71056
1.71051
1.71045
1.71040
1.71035
1.71030
1.71025
1.71019
1.71014
1.71009
1.71004
1.70999
1.70993
1.70988
1.70983
1.70978
1.70972
1.70967
1.70962
1.70957
1.70952
1.70946
1.70941
1.70936
1.70931
1.70926
1.70920
1.70915
1.70910
1.70905
1.70900
1.70894
1.70889
1.70884
1.70879
1.70874
1.70868
1.70863
1.70858
1.70853
1.70847
1.70842
1.70837
1.70832
1.70827
1.70821
1.70816
1.70811
1.70806
1.70801
1.70795
1.70790
1.70785
1.70780
1.70775
1.70769
1.70764
1.70759
1.70754
1.70749
1.70743
1.70738
1.70733
1.70728
1.70722
1.70717
1.70712
1.70707
1.70702
1.70696
1.70691
1.70686
1.70681
1.70676
1.70670
1.70665
1.70660
1.70655
1.70650
1.70644
1.70639
1.70634
1.70629
1.70624
1.70618
1.70613
1.70608
1.70603
1.70597
1.70592
1.70587
1.70582
1.70577
1.70571
1.70566
1.70561
1.70556
1.70551
1.70545
1.70540
1.70535
1.70530
1.70525
1.70519
1.70514
1.70509
1.70504
1.70499
1.70493
1.70488
1.70483
1.70478
1.70472
1.70467
1.70462
1.70457
1.70452
1.70446
1.70441
1.70436
1.70431
1.70426
1.70420
1.70415
1.70410
1.70405
1.70400
1.70394
1.70389
1.70384
1.70379
1.70374
1.70368
1.70363
1.70358
1.70353
1.70347
1.70342
1.70337
1.70332
1.70327
1.70321
1.70316
1.70311
1.70306
1.70301
1.70295
1.70290
1.70285
1.70280
1.70275
1.70269
1.70264
1.70259
1.70254
1.70249
1.70243
1.70238
1.70233
1.70228
1.70222
1.70217
1.70212
1.70207
1.70202
1.70196
1.70191
1.70186
1.70181
1.70176
1.70170
1.70165
1.70160
1.70155
1.70150
1.70144
1.70139
1.70134
1.70129
1.70124
1.70118
1.70113
1.70108
1.70103
1.70097
1.70092
1.70087
1.70082
1.70077
1.70071
1.70066
1.70061
1.70056
1.70051
1.70045
1.70040
1.70035
1.70030
1.70025
1.70019
1.70014
1.70009
1.70004
1.69999
1.69993
1.69988
1.69983
1.69978
1.69972
1.69967
1.69962
1.69957
1.69952
1.69946
1.69941
1.69936
1.69931
1.69926
1.69920
1.69915
1.69910
1.69905
1.69900
1.69894
1.69889
1.69884
1.69879
1.69874
1.69868
1.69863
1.69858
1.69853
1.69847
1.69842
1.69837
1.69832
1.69827
1.69821
1.69816
1.69811
1.69806
1.69801
1.69795
1.69790
1.69785
1.69780
1.69775
1.69769
1.69764
1.69759
1.69754
1.69749
1.69743
1.69738
1.69733
1.69728
1.69722
1.69717
1.69712
1.69707
1.69702
1.69696
1.69691
1.69686
1.69681
1.69676
1.69670
1.69665
1.69660
1.69655
1.69650
1.69644
1.69639
1.69634
1.69629
1.69624
1.69618
1.69613
1.69608
1.69603
1.69597
1.69592
1.69587
1.69582
1.69577
1.69571
1.69566
1.69561
1.69556
1.69551
1.69545
1.69540
1.69535
1.69530
1.69525
1.69519
1.69514
1.69509
1.69504
1.69499
1.69493
1.69488
1.69483
1.69478
1.69472
1.69467
1.69462
1.69457
1.69452
1.69446
1.69441
1.69436
1.69431
1.69426
1.69420
1.69415
1.69410
1.69405
1.69400
1.69394
1.69389
1.69384
1.69379
1.69374
1.69368
1.69363
1.69358
1.69353
1.69347
1.69342
1.69337
1.69332
1.69327
1.69321
1.69316
1.69311
1.69306
1.69301
1.69295
1.69290
1.69285
1.69280
1.69275
1.69269
1.69264
1.69259
1.69254
1.69249
1.69243
1.69238
1.69233
1.69228
1.69222
1.69217
1.69212
1.69207
1.69202
1.69196
1.69191
1.69186
1.69181
1.69176
1.69170
1.69165
1.69160
1.69155
1.69150
1.69144
1.69139
1.69134
1.69129
1.69124
1.69118
1.69113
1.69108
1.69103
1.69097
1.69092
1.69087
1.69082
1.69077
1.69071
1.69066
1.69061
1.69056
1.69051
1.69045
1.69040
1.69035
1.69030
1.69025
1.69019
1.69014
1.69009
1.69004
1.68999
1.68993
1.68988
1.68983
1.68978
1.68972
1.68967
1.68962
1.68957
1.68952
1.68946
1.68941
1.68936
1.68931
1.68926
1.68920
1.68915
1.68910
1.68905
1.68900
1.68894
1.68889
1.68884
1.68879
1.68874
1.68868
1.68863
1.68858
1.68853
1.68847
1.68842
1.68837
1.68832
1.68827
1.68821
1.68816
1.68811
1.68806
1.68801
1.68795
1.68790
1.68785
1.68780
1.68775
1.68769
1.68764
1.68759
1.68754
1.68749
1.68743
1.68738
1.68733
1.68728
1.68722
1.68717
1.68712
1.68707
1.68702
1.68696
1.68691
1.68686
1.68681
1.68676
1.68670
1.68665
1.68660
1.68655
1.68650
1.68644
1.68639
1.68634
1.68629
1.68624
1.68618
1.68613
1.68608
1.68603
1.68597
1.68592
1.68587
1.68582
1.68577
1.68571
1.68566
1.68561
1.68556
1.68551
1.68545
1.68540
1.68535
1.68530
1.68525
1.68519
1.68514
1.68509
1.68504
1.68499
1.68493
1.68488
1.68483
1.68478
1.68472
1.68467
1.68462
1.68457
1.68452
1.68446
1.68441
1.68436
1.68431
1.68426
1.68420
1.68415
1.68410
1.68405
1.68400
1.68394
1.68389
1.68384
1.68379
1.68374
1.68368
1.68363
1.68358
1.68353
1.68347
1.68342
1.68337
1.68332
1.68327
1.68321
1.68316
1.68311
1.68306
1.68301
1.68295
1.68290
1.68285
1.68280
1.68275
1.68269
1.68264
1.68259
1.68254
1.68249
1.68243
1.68238
1.68233
1.68228
1.68222
1.68217
1.68212
1.68207
1.68202
1.68196
1.68191
1.68186
1.68181
1.68176
1.68170
1.68165
1.68160
1.68155
1.68150
1.68144
1.68139
1.68134
1.68129
1.68124
1.68118
1.68113
1.68108
1.68103
1.68097
1.68092
1.68087
1.68082
1.68077
1.68071
1.68066
1.68061
1.68056
1.68051
1.68045
1.68040
1.68035
1.68030
1.68025
1.68019
1.68014
1.68009
1.68004
1.67999
1.67993
1.67988
1.67983
1.67978
1.67972
1.67967
1.67962
1.67957
1.67952
1.67946
1.67941
1.67936
1.67931
1.67926
1.67920
1.67915
1.67910
1.67905
1.67900
1.67894
1.67889
1.67884
1.67879
1.67874
1.67868
1.67863
1.67858
1.67853
1.67847
1.67842
1.67837
1.67832
1.67827
1.67821
1.67816
1.67811
1.67806
1.67801
1.67795
1.67790
1.67785
1.67780
1.67775
1.67769
1.67764
1.67759
1.67754
1.67749
1.67743
1.67738
1.67733
1.67728
1.67722
1.67717
1.67712
1.67707
1.67702
1.67696
1.67691
1.67686
1.67681
1.67676
1.67670
1.67665
1.67660
1.67655
1.67650
1.67644
1.67639
1.67634
1.67629
1.67624
1.67618
1.67613
1.67608
1.67603
1.67597
1.67592
1.67587
1.67582
1.67577
1.67571
1.67566
1.67561
1.67556
1.67551
1.67545
1.67540
1.67535
1.67530
1.67525
1.67519
1.67514
1.67509
1.67504
1.67499
1.67493
1.67488
1.67483
1.67478
1.67472
1.67467
1.67462
1.67457
1.67452
1.67446
1.67441
1.67436
1.67431
1.67426
1.67420
1.67415
1.67410
1.67405
1.67400
1.67394
1.67389
1.67384
1.67379
1.67374
1.67368
1.67363
1.67358
1.67353
1.67347
1.67342
1.67337
1.67332
1.67327
1.67321
1.67316
1.67311
1.67306
1.67301
1.67295
1.67290
1.67285
1.67280
1.67275
1.67269
1.67264
1.67259
1.67254
1.67249
1.67243
1.67238
1.67233
1.67228
1.67223
1.67217
1.67212
1.67207
1.67202
1.67196
1.67191
1.67186
1.67181
1.67176
1.67170
1.67165
1.67160
1.67155
1.67150
1.67144
1.67139
1.67134
1.67129
1.67124
1.67118
1.67113
1.67108
1.67103
1.67098
1.67092
1.67087
1.67082
1.67077
1.67071
1.67066
1.67061
1.67056
1.67051
1.67045
1.67040
1.67035
1.67030
1.67025
1.67019
1.67014
1.67009
1.67004
1.66999
1.66993
1.66988
1.66983
1.66978
1.66973
1.66967
1.66962
1.66957
1.66952
1.66946
1.66941
1.66936
1.66931
1.66926
1.66920
1.66915
1.66910
1.66905
1.66900
1.66894
1.66889
1.66884
1.66879
1.66874
1.66868
1.66863
1.66858
1.66853
1.66848
1.66842
1.66837
1.66832
1.66827
1.66821
1.66816
1.66811
1.66806
1.66801
1.66795
1.66790
1.66785
1.66780
1.66775
1.66769
1.66764
1.66759
1.66754
1.66749
1.66743
1.66738
1.66733
1.66728
1.66723
1.66717
1.66712
1.66707
1.66702
1.66696
1.66691
1.66686
1.66681
1.66676
1.66670
1.66665
1.66660
1.66655
1.66650
1.66644
1.66639
1.66634
1.66629
1.66624
1.66618
1.66613
1.66608
1.66603
1.66598
1.66592
1.66587
1.66582
1.66577
1.66571
1.66566
1.66561
1.66556
1.66551
1.66545
1.66540
1.66535
1.66530
1.66525
1.66519
1.66514
1.66509
1.66504
1.66499
1.66493
1.66488
1.66483
1.66478
1.66473
1.66467
1.66462
1.66457
1.66452
1.66446
1.66441
1.66436
1.66431
1.66426
1.66420
1.66415
1.66410
1.66405
1.66400
1.66394
1.66389
1.66384
1.66379
1.66374
1.66368
1.66363
1.66358
1.66353
1.66348
1.66342
1.66337
1.66332
1.66327
1.66321
1.66316
1.66311
1.66306
1.66301
1.66295
1.66290
1.66285
1.66280
1.66275
1.66269
1.66264
1.66259
1.66254
1.66249
1.66243
1.66238
1.66233
1.66228
1.66223
1.66217
1.66212
1.66207
1.66202
1.66196
1.66191
1.66186
1.66181
1.66176
1.66170
1.66165
1.66160
1.66155
1.66150
1.66144
1.66139
1.66134
1.66129
1.66124
1.66118
1.66113
1.66108
1.66103
1.66098
1.66092
1.66087
1.66082
1.66077
1.66071
1.66066
1.66061
1.66056
1.66051
1.66045
1.66040
1.66035
1.66030
1.66025
1.66019
1.66014
1.66009
1.66004
1.65999
1.65993
1.65988
1.65983
1.65978
1.65973
1.65967
1.65962
1.65957
1.65952
1.65946
1.65941
1.65936
1.65931
1.65926
1.65920
1.65915
1.65910
1.65905
1.65900
1.65894
1.65889
1.65884
1.65879
1.65874
1.65868
1.65863
1.65858
1.65853
1.65848
1.65842
1.65837
1.65832
1.65827
1.65821
1.65816
1.65811
1.65806
1.65801
1.65795
1.65790
1.65785
1.65780
1.65775
1.65769
1.65764
1.65759
1.65754
1.65749
1.65743
1.65738
1.65733
1.65728
1.65723
1.65717
1.65712
1.65707
1.65702
1.65697
1.65691
1.65686
1.65681
1.65676
1.65670
1.65665
1.65660
1.65655
1.65650
1.65644
1.65639
1.65634
1.65629
1.65624
1.65618
1.65613
1.65608
1.65603
1.65598
1.65592
1.65587
1.65582
1.65577
1.65572
1.65566
1.65561
1.65556
1.65551
1.65545
1.65540
1.65535
1.65530
1.65525
1.65519
1.65514
1.65509
1.65504
1.65499
1.65493
1.65488
1.65483
1.65478
1.65473
1.65467
1.65462
1.65457
1.65452
1.65447
1.65441
1.65436
1.65431
1.65426
1.65420
1.65415
1.65410
1.65405
1.65400
1.65394
1.65389
1.65384
1.65379
1.65374
1.65368
1.65363
1.65358
1.65353
1.65348
1.65342
1.65337
1.65332
1.65327
1.65322
1.65316
1.65311
1.65306
1.65301
1.65295
1.65290
1.65285
1.65280
1.65275
1.65269
1.65264
1.65259
1.65254
1.65249
1.65243
1.65238
1.65233
1.65228
1.65223
1.65217
1.65212
1.65207
1.65202
1.65197
1.65191
1.65186
1.65181
1.65176
1.65170
1.65165
1.65160
1.65155
1.65150
1.65144
1.65139
1.65134
1.65129
1.65124
1.65118
1.65113
1.65108
1.65103
1.65098
1.65092
1.65087
1.65082
1.65077
1.65072
1.65066
1.65061
1.65056
1.65051
1.65045
1.65040
1.65035
1.65030
1.65025
1.65019
1.65014
1.65009
1.65004
1.64999
1.64993
1.64988
1.64983
1.64978
1.64973
1.64967
1.64962
1.64957
1.64952
1.64947
1.64941
1.64936
1.64931
1.64926
1.64920
1.64915
1.64910
1.64905
1.64900
1.64894
1.64889
1.64884
1.64879
1.64874
1.64868
1.64863
1.64858
1.64853
1.64848
1.64842
1.64837
1.64832
1.64827
1.64822
1.64816
1.64811
1.64806
1.64801
1.64795
1.64790
1.64785
1.64780
1.64775
1.64769
1.64764
1.64759
1.64754
1.64749
1.64743
1.64738
1.64733
1.64728
1.64723
1.64717
1.64712
1.64707
1.64702
1.64697
1.64691
1.64686
1.64681
1.64676
1.64671
1.64665
1.64660
1.64655
1.64650
1.64644
1.64639
1.64634
1.64629
1.64624
1.64618
1.64613
1.64608
1.64603
1.64598
1.64592
1.64587
1.64582
1.64577
1.64572
1.64566
1.64561
1.64556
1.64551
1.64546
1.64540
1.64535
1.64530
1.64525
1.64519
1.64514
1.64509
1.64504
1.64499
1.64493
1.64488
1.64483
1.64478
1.64473
1.64467
1.64462
1.64457
1.64452
1.64447
1.64441
1.64436
1.64431
1.64426
1.64421
1.64415
1.64410
1.64405
1.64400
1.64394
1.64389
1.64384
1.64379
1.64374
1.64368
1.64363
1.64358
1.64353
1.64348
1.64342
1.64337
1.64332
1.64327
1.64322
1.64316
1.64311
1.64306
1.64301
1.64296
1.64290
1.64285
1.64280
1.64275
1.64269
1.64264
1.64259
1.64254
1.64249
1.64243
1.64238
1.64233
1.64228
1.64223
1.64217
1.64212
1.64207
1.64202
1.64197
1.64191
1.64186
1.64181
1.64176
1.64171
1.64165
1.64160
1.64155
1.64150
1.64144
1.64139
1.64134
1.64129
1.64124
1.64118
1.64113
1.64108
1.64103
1.64098
1.64092
1.64087
1.64082
1.64077
1.64072
1.64066
1.64061
1.64056
1.64051
1.64046
1.64040
1.64035
1.64030
1.64025
1.64019
1.64014
1.64009
1.64004
1.63999
1.63993
1.63988
1.63983
1.63978
1.63973
1.63967
1.63962
1.63957
1.63952
1.63947
1.63941
1.63936
1.63931
1.63926
1.63921
1.63915
1.63910
1.63905
1.63900
1.63895
1.63889
1.63884
1.63879
1.63874
1.63868
1.63863
1.63858
1.63853
1.63848
1.63842
1.63837
1.63832
1.63827
1.63822
1.63816
1.63811
1.63806
1.63801
1.63796
1.63790
1.63785
1.63780
1.63775
1.63770
1.63764
1.63759
1.63754
1.63749
1.63743
1.63738
1.63733
1.63728
1.63723
1.63717
1.63712
1.63707
1.63702
1.63697
1.63691
1.63686
1.63681
1.63676
1.63671
1.63665
1.63660
1.63655
1.63650
1.63645
1.63639
1.63634
1.63629
1.63624
1.63618
1.63613
1.63608
1.63603
1.63598
1.63592
1.63587
1.63582
1.63577
1.63572
1.63566
1.63561
1.63556
1.63551
1.63546
1.63540
1.63535
1.63530
1.63525
1.63520
1.63514
1.63509
1.63504
1.63499
1.63493
1.63488
1.63483
1.63478
1.63473
1.63467
1.63462
1.63457
1.63452
1.63447
1.63441
1.63436
1.63431
1.63426
1.63421
1.63415
1.63410
1.63405
1.63400
1.63395
1.63389
1.63384
1.63379
1.63374
1.63368
1.63363
1.63358
1.63353
1.63348
1.63342
1.63337
1.63332
1.63327
1.63322
1.63316
1.63311
1.63306
1.63301
1.63296
1.63290
1.63285
1.63280
1.63275
1.63270
1.63264
1.63259
1.63254
1.63249
1.63243
1.63238
1.63233
1.63228
1.63223
1.63217
1.63212
1.63207
1.63202
1.63197
1.63191
1.63186
1.63181
1.63176
1.63171
1.63165
1.63160
1.63155
1.63150
1.63145
1.63139
1.63134
1.63129
1.63124
1.63119
1.63113
1.63108
1.63103
1.63098
1.63092
1.63087
1.63082
1.63077
1.63072
1.63066
1.63061
1.63056
1.63051
1.63046
1.63040
1.63035
1.63030
1.63025
1.63020
1.63014
1.63009
1.63004
1.62999
1.62994
1.62988
1.62983
1.62978
1.62973
1.62967
1.62962
1.62957
1.62952
1.62947
1.62941
1.62936
1.62931
1.62926
1.62921
1.62915
1.62910
1.62905
1.62900
1.62895
1.62889
1.62884
1.62879
1.62874
1.62869
1.62863
1.62858
1.62853
1.62848
1.62842
1.62837
1.62832
1.62827
1.62822
1.62816
1.62811
1.62806
1.62801
1.62796
1.62790
1.62785
1.62780
1.62775
1.62770
1.62764
1.62759
1.62754
1.62749
1.62744
1.62738
1.62733
1.62728
1.62723
1.62717
1.62712
1.62707
1.62702
1.62697
1.62691
1.62686
1.62681
1.62676
1.62671
1.62665
1.62660
1.62655
1.62650
1.62645
1.62639
1.62634
1.62629
1.62624
1.62619
1.62613
1.62608
1.62603
1.62598
1.62592
1.62587
1.62582
1.62577
1.62572
1.62566
1.62561
1.62556
1.62551
1.62546
1.62540
1.62535
1.62530
1.62525
1.62520
1.62514
1.62509
1.62504
1.62499
1.62494
1.62488
1.62483
1.62478
1.62473
1.62468
1.62462
1.62457
1.62452
1.62447
1.62441
1.62436
1.62431
1.62426
1.62421
1.62415
1.62410
1.62405
1.62400
1.62395
1.62389
1.62384
1.62379
1.62374
1.62369
1.62363
1.62358
1.62353
1.62348
1.62343
1.62337
1.62332
1.62327
1.62322
1.62316
1.62311
1.62306
1.62301
1.62296
1.62290
1.62285
1.62280
1.62275
1.62270
1.62264
1.62259
1.62254
1.62249
1.62244
1.62238
1.62233
1.62228
1.62223
1.62218
1.62212
1.62207
1.62202
1.62197
1.62191
1.62186
1.62181
1.62176
1.62171
1.62165
1.62160
1.62155
1.62150
1.62145
1.62139
1.62134
1.62129
1.62124
1.62119
1.62113
1.62108
1.62103
1.62098
1.62093
1.62087
1.62082
1.62077
1.62072
1.62066
1.62061
1.62056
1.62051
1.62046
1.62040
1.62035
1.62030
1.62025
1.62020
1.62014
1.62009
1.62004
1.61999
1.61994
1.61988
1.61983
1.61978
1.61973
1.61968
1.61962
1.61957
1.61952
1.61947
1.61942
1.61936
1.61931
1.61926
1.61921
1.61915
1.61910
1.61905
1.61900
1.61895
1.61889
1.61884
1.61879
1.61874
1.61869
1.61863
1.61858
1.61853
1.61848
1.61843
1.61837
1.61832
1.61827
1.61822
1.61817
1.61811
1.61806
1.61801
1.61796
1.61790
1.61785
1.61780
1.61775
1.61770
1.61764
1.61759
1.61754
1.61749
1.61744
1.61738
1.61733
1.61728
1.61723
1.61718
1.61712
1.61707
1.61702
1.61697
1.61692
1.61686
1.61681
1.61676
1.61671
1.61665
1.61660
1.61655
1.61650
1.61645
1.61639
1.61634
1.61629
1.61624
1.61619
1.61613
1.61608
1.61603
1.61598
1.61593
1.61587
1.61582
1.61577
1.61572
1.61567
1.61561
1.61556
1.61551
1.61546
1.61540
1.61535
1.61530
1.61525
1.61520
1.61514
1.61509
1.61504
1.61499
1.61494
1.61488
1.61483
1.61478
1.61473
1.61468
1.61462
1.61457
1.61452
1.61447
1.61442
1.61436
1.61431
1.61426
1.61421
1.61415
1.61410
1.61405
1.61400
1.61395
1.61389
1.61384
1.61379
1.61374
1.61369
1.61363
1.61358
1.61353
1.61348
1.61343
1.61337
1.61332
1.61327
1.61322
1.61317
1.61311
1.61306
1.61301
1.61296
1.61291
1.61285
1.61280
1.61275
1.61270
1.61264
1.61259
1.61254
1.61249
1.61244
1.61238
1.61233
1.61228
1.61223
1.61218
1.61212
1.61207
1.61202
1.61197
1.61192
1.61186
1.61181
1.61176
1.61171
1.61166
1.61160
1.61155
1.61150
1.61145
1.61139
1.61134
1.61129
1.61124
1.61119
1.61113
1.61108
1.61103
1.61098
1.61093
1.61087
1.61082
1.61077
1.61072
1.61067
1.61061
1.61056
1.61051
1.61046
1.61041
1.61035
1.61030
1.61025
1.61020
1.61014
1.61009
1.61004
1.60999
1.60994
1.60988
1.60983
1.60978
1.60973
1.60968
1.60962
1.60957
1.60952
1.60947
1.60942
1.60936
1.60931
1.60926
1.60921
1.60916
1.60910
1.60905
1.60900
1.60895
1.60890
1.60884
1.60879
1.60874
1.60869
1.60863
1.60858
1.60853
1.60848
1.60843
1.60837
1.60832
1.60827
1.60822
1.60817
1.60811
1.60806
1.60801
1.60796
1.60791
1.60785
1.60780
1.60775
1.60770
1.60765
1.60759
1.60754
1.60749
1.60744
1.60738
1.60733
1.60728
1.60723
1.60718
1.60712
1.60707
1.60702
1.60697
1.60692
1.60686
1.60681
1.60676
1.60671
1.60666
1.60660
1.60655
1.60650
1.60645
1.60640
1.60634
1.60629
1.60624
1.60619
1.60613
1.60608
1.60603
1.60598
1.60593
1.60587
1.60582
1.60577
1.60572
1.60567
1.60561
1.60556
1.60551
1.60546
1.60541
1.60535
1.60530
1.60525
1.60520
1.60515
1.60509
1.60504
1.60499
1.60494
1.60488
1.60483
1.60478
1.60473
1.60468
1.60462
1.60457
1.60452
1.60447
1.60442
1.60436
1.60431
1.60426
1.60421
1.60416
1.60410
1.60405
1.60400
1.60395
1.60390
1.60384
1.60379
1.60374
1.60369
1.60364
1.60358
1.60353
1.60348
1.60343
1.60337
1.60332
1.60327
1.60322
1.60317
1.60311
1.60306
1.60301
1.60296
1.60291
1.60285
1.60280
1.60275
1.60270
1.60265
1.60259
1.60254
1.60249
1.60244
1.60239
1.60233
1.60228
1.60223
1.60218
1.60212
1.60207
1.60202
1.60197
1.60192
1.60186
1.60181
1.60176
1.60171
1.60166
1.60160
1.60155
1.60150
1.60145
1.60140
1.60134
1.60129
1.60124
1.60119
1.60114
1.60108
1.60103
1.60098
1.60093
1.60087
1.60082
1.60077
1.60072
1.60067
1.60061
1.60056
1.60051
1.60046
1.60041
1.60035
1.60030
1.60025
1.60020
1.60015
1.60009
1.60004
1.59999
1.59994
1.59989
1.59983
1.59978
1.59973
1.59968
1.59962
1.59957
1.59952
1.59947
1.59942
1.59936
1.59931
1.59926
1.59921
1.59916
1.59910
1.59905
1.59900
1.59895
1.59890
1.59884
1.59879
1.59874
1.59869
1.59864
1.59858
1.59853
1.59848
1.59843
1.59838
1.59832
1.59827
1.59822
1.59817
1.59811
1.59806
1.59801
1.59796
1.59791
1.59785
1.59780
1.59775
1.59770
1.59765
1.59759
1.59754
1.59749
1.59744
1.59739
1.59733
1.59728
1.59723
1.59718
1.59713
1.59707
1.59702
1.59697
1.59692
1.59686
1.59681
1.59676
1.59671
1.59666
1.59660
1.59655
1.59650
1.59645
1.59640
1.59634
1.59629
1.59624
1.59619
1.59614
1.59608
1.59603
1.59598
1.59593
1.59588
1.59582
1.59577
1.59572
1.59567
1.59561
1.59556
1.59551
1.59546
1.59541
1.59535
1.59530
1.59525
1.59520
1.59515
1.59509
1.59504
1.59499
1.59494
1.59489
1.59483
1.59478
1.59473
1.59468
1.59463
1.59457
1.59452
1.59447
1.59442
1.59437
1.59431
1.59426
1.59421
1.59416
1.59410
1.59405
1.59400
1.59395
1.59390
1.59384
1.59379
1.59374
1.59369
1.59364
1.59358
1.59353
1.59348
1.59343
1.59338
1.59332
1.59327
1.59322
1.59317
1.59312
1.59306
1.59301
1.59296
1.59291
1.59285
1.59280
1.59275
1.59270
1.59265
1.59259
1.59254
1.59249
1.59244
1.59239
1.59233
1.59228
1.59223
1.59218
1.59213
1.59207
1.59202
1.59197
1.59192
1.59187
1.59181
1.59176
1.59171
1.59166
1.59160
1.59155
1.59150
1.59145
1.59140
1.59134
1.59129
1.59124
1.59119
1.59114
1.59108
1.59103
1.59098
1.59093
1.59088
1.59082
1.59077
1.59072
1.59067
1.59062
1.59056
1.59051
1.59046
1.59041
1.59036
1.59030
1.59025
1.59020
1.59015
1.59009
1.59004
1.58999
1.58994
1.58989
1.58983
1.58978
1.58973
1.58968
1.58963
1.58957
1.58952
1.58947
1.58942
1.58937
1.58931
1.58926
1.58921
1.58916
1.58911
1.58905
1.58900
1.58895
1.58890
1.58884
1.58879
1.58874
1.58869
1.58864
1.58858
1.58853
1.58848
1.58843
1.58838
1.58832
1.58827
1.58822
1.58817
1.58812
1.58806
1.58801
1.58796
1.58791
1.58786
1.58780
1.58775
1.58770
1.58765
1.58759
1.58754
1.58749
1.58744
1.58739
1.58733
1.58728
1.58723
1.58718
1.58713
1.58707
1.58702
1.58697
1.58692
1.58687
1.58681
1.58676
1.58671
1.58666
1.58661
1.58655
1.58650
1.58645
1.58640
1.58635
1.58629
1.58624
1.58619
1.58614
1.58608
1.58603
1.58598
1.58593
1.58588
1.58582
1.58577
1.58572
1.58567
1.58562
1.58556
1.58551
1.58546
1.58541
1.58536
1.58530
1.58525
1.58520
1.58515
1.58510
1.58504
1.58499
1.58494
1.58489
1.58483
1.58478
1.58473
1.58468
1.58463
1.58457
1.58452
1.58447
1.58442
1.58437
1.58431
1.58426
1.58421
1.58416
1.58411
1.58405
1.58400
1.58395
1.58390
1.58385
1.58379
1.58374
1.58369
1.58364
1.58358
1.58353
1.58348
1.58343
1.58338
1.58332
1.58327
1.58322
1.58317
1.58312
1.58306
1.58301
1.58296
1.58291
1.58286
1.58280
1.58275
1.58270
1.58265
1.58260
1.58254
1.58249
1.58244
1.58239
1.58234
1.58228
1.58223
1.58218
1.58213
1.58207
1.58202
1.58197
1.58192
1.58187
1.58181
1.58176
1.58171
1.58166
1.58161
1.58155
1.58150
1.58145
1.58140
1.58135
1.58129
1.58124
1.58119
1.58114
1.58109
1.58103
1.58098
1.58093
1.58088
1.58082
1.58077
1.58072
1.58067
1.58062
1.58056
1.58051
1.58046
1.58041
1.58036
1.58030
1.58025
1.58020
1.58015
1.58010
1.58004
1.57999
1.57994
1.57989
1.57984
1.57978
1.57973
1.57968
1.57963
1.57957
1.57952
1.57947
1.57942
1.57937
1.57931
1.57926
1.57921
1.57916
1.57911
1.57905
1.57900
1.57895
1.57890
1.57885
1.57879
1.57874
1.57869
1.57864
1.57859
1.57853
1.57848
1.57843
1.57838
1.57833
1.57827
1.57822
1.57817
1.57812
1.57806
1.57801
1.57796
1.57791
1.57786
1.57780
1.57775
1.57770
1.57765
1.57760
1.57754
1.57749
1.57744
1.57739
1.57734
1.57728
1.57723
1.57718
1.57713
1.57708
1.57702
1.57697
1.57692
1.57687
1.57681
1.57676
1.57671
1.57666
1.57661
1.57655
1.57650
1.57645
1.57640
1.57635
1.57629
1.57624
1.57619
1.57614
1.57609
1.57603
1.57598
1.57593
1.57588
1.57583
1.57577
1.57572
1.57567
1.57562
1.57557
1.57551
1.57546
1.57541
1.57536
1.57530
1.57525
1.57520
1.57515
1.57510
1.57504
1.57499
1.57494
1.57489
1.57484
1.57478
1.57473
1.57468
1.57463
1.57458
1.57452
1.57447
1.57442
1.57437
1.57432
1.57426
1.57421
1.57416
1.57411
1.57405
1.57400
1.57395
1.57390
1.57385
1.57379
1.57374
1.57369
1.57364
1.57359
1.57353
1.57348
1.57343
1.57338
1.57333
1.57327
1.57322
1.57317
1.57312
1.57307
1.57301
1.57296
1.57291
1.57286
1.57280
1.57275
1.57270
1.57265
1.57260
1.57254
1.57249
1.57244
1.57239
1.57234
1.57228
1.57223
1.57218
1.57213
1.57208
1.57202
1.57197
1.57192
1.57187
1.57182
1.57176
1.57171
1.57166
1.57161
1.57156
1.57150
1.57145
1.57140
1.57135
1.57129
1.57124
1.57119
1.57114
1.57109
1.57103
1.57098
1.57093
1.57088
1.57083
1.57077
1.57072
1.57067
1.57062
1.57057
1.57051
1.57046
1.57041
1.57036
1.57031
1.57025
1.57020
1.57015
1.57010
1.57004
1.56999
1.56994
1.56989
1.56984
1.56978
1.56973
1.56968
1.56963
1.56958
1.56952
1.56947
1.56942
1.56937
1.56932
1.56926
1.56921
1.56916
1.56911
1.56906
1.56900
1.56895
1.56890
1.56885
1.56880
1.56874
1.56869
1.56864
1.56859
1.56853
1.56848
1.56843
1.56838
1.56833
1.56827
1.56822
1.56817
1.56812
1.56807
1.56801
1.56796
1.56791
1.56786
1.56781
1.56775
1.56770
1.56765
1.56760
1.56755
1.56749
1.56744
1.56739
1.56734
1.56728
1.56723
1.56718
1.56713
1.56708
1.56702
1.56697
1.56692
1.56687
1.56682
1.56676
1.56671
1.56666
1.56661
1.56656
1.56650
1.56645
1.56640
1.56635
1.56630
1.56624
1.56619
1.56614
1.56609
1.56603
1.56598
1.56593
1.56588
1.56583
1.56577
1.56572
1.56567
1.56562
1.56557
1.56551
1.56546
1.56541
1.56536
1.56531
1.56525
1.56520
1.56515
1.56510
1.56505
1.56499
1.56494
1.56489
1.56484
1.56479
1.56473
1.56468
1.56463
1.56458
1.56452
1.56447
1.56442
1.56437
1.56432
1.56426
1.56421
1.56416
1.56411
1.56406
1.56400
1.56395
1.56390
1.56385
1.56380
1.56374
1.56369
1.56364
1.56359
1.56354
1.56348
1.56343
1.56338
1.56333
1.56327
1.56322
1.56317
1.56312
1.56307
1.56301
1.56296
1.56291
1.56286
1.56281
1.56275
1.56270
1.56265
1.56260
1.56255
1.56249
1.56244
1.56239
1.56234
1.56229
1.56223
1.56218
1.56213
1.56208
1.56203
1.56197
1.56192
1.56187
1.56182
1.56176
1.56171
1.56166
1.56161
1.56156
1.56150
1.56145
1.56140
1.56135
1.56130
1.56124
1.56119
1.56114
1.56109
1.56104
1.56098
1.56093
1.56088
1.56083
1.56078
1.56072
1.56067
1.56062
1.56057
1.56051
1.56046
1.56041
1.56036
1.56031
1.56025
1.56020
1.56015
1.56010
1.56005
1.55999
1.55994
1.55989
1.55984
1.55979
1.55973
1.55968
1.55963
1.55958
1.55953
1.55947
1.55942
1.55937
1.55932
1.55926
1.55921
1.55916
1.55911
1.55906
1.55900
1.55895
1.55890
1.55885
1.55880
1.55874
1.55869
1.55864
1.55859
1.55854
1.55848
1.55843
1.55838
1.55833
1.55828
1.55822
1.55817
1.55812
1.55807
1.55802
1.55796
1.55791
1.55786
1.55781
1.55775
1.55770
1.55765
1.55760
1.55755
1.55749
1.55744
1.55739
1.55734
1.55729
1.55723
1.55718
1.55713
1.55708
1.55703
1.55697
1.55692
1.55687
1.55682
1.55677
1.55671
1.55666
1.55661
1.55656
1.55650
1.55645
1.55640
1.55635
1.55630
1.55624
1.55619
1.55614
1.55609
1.55604
1.55598
1.55593
1.55588
1.55583
1.55578
1.55572
1.55567
1.55562
1.55557
1.55552
1.55546
1.55541
1.55536
1.55531
1.55526
1.55520
1.55515
1.55510
1.55505
1.55499
1.55494
1.55489
1.55484
1.55479
1.55473
1.55468
1.55463
1.55458
1.55453
1.55447
1.55442
1.55437
1.55432
1.55427
1.55421
1.55416
1.55411
1.55406
1.55401
1.55395
1.55390
1.55385
1.55380
1.55374
1.55369
1.55364
1.55359
1.55354
1.55348
1.55343
1.55338
1.55333
1.55328
1.55322
1.55317
1.55312
1.55307
1.55302
1.55296
1.55291
1.55286
1.55281
1.55276
1.55270
1.55265
1.55260
1.55255
1.55250
1.55244
1.55239
1.55234
1.55229
1.55223
1.55218
1.55213
1.55208
1.55203
1.55197
1.55192
1.55187
1.55182
1.55177
1.55171
1.55166
1.55161
1.55156
1.55151
1.55145
1.55140
1.55135
1.55130
1.55125
1.55119
1.55114
1.55109
1.55104
1.55098
1.55093
1.55088
1.55083
1.55078
1.55072
1.55067
1.55062
1.55057
1.55052
1.55046
1.55041
1.55036
1.55031
1.55026
1.55020
1.55015
1.55010
1.55005
1.55000
1.54994
1.54989
1.54984
1.54979
1.54974
1.54968
1.54963
1.54958
1.54953
1.54947
1.54942
1.54937
1.54932
1.54927
1.54921
1.54916
1.54911
1.54906
1.54901
1.54895
1.54890
1.54885
1.54880
1.54875
1.54869
1.54864
1.54859
1.54854
1.54849
1.54843
1.54838
1.54833
1.54828
1.54822
1.54817
1.54812
1.54807
1.54802
1.54796
1.54791
1.54786
1.54781
1.54776
1.54770
1.54765
1.54760
1.54755
1.54750
1.54744
1.54739
1.54734
1.54729
1.54724
1.54718
1.54713
1.54708
1.54703
1.54698
1.54692
1.54687
1.54682
1.54677
1.54671
1.54666
1.54661
1.54656
1.54651
1.54645
1.54640
1.54635
1.54630
1.54625
1.54619
1.54614
1.54609
1.54604
1.54599
1.54593
1.54588
1.54583
1.54578
1.54573
1.54567
1.54562
1.54557
1.54552
1.54546
1.54541
1.54536
1.54531
1.54526
1.54520
1.54515
1.54510
1.54505
1.54500
1.54494
1.54489
1.54484
1.54479
1.54474
1.54468
1.54463
1.54458
1.54453
1.54448
1.54442
1.54437
1.54432
1.54427
1.54422
1.54416
1.54411
1.54406
1.54401
1.54395
1.54390
1.54385
1.54380
1.54375
1.54369
1.54364
1.54359
1.54354
1.54349
1.54343
1.54338
1.54333
1.54328
1.54323
1.54317
1.54312
1.54307
1.54302
1.54297
1.54291
1.54286
1.54281
1.54276
1.54270
1.54265
1.54260
1.54255
1.54250
1.54244
1.54239
1.54234
1.54229
1.54224
1.54218
1.54213
1.54208
1.54203
1.54198
1.54192
1.54187
1.54182
1.54177
1.54172
1.54166
1.54161
1.54156
1.54151
1.54146
1.54140
1.54135
1.54130
1.54125
1.54119
1.54114
1.54109
1.54104
1.54099
1.54093
1.54088
1.54083
1.54078
1.54073
1.54067
1.54062
1.54057
1.54052
1.54047
1.54041
1.54036
1.54031
1.54026
1.54021
1.54015
1.54010
1.54005
1.54000
1.53994
1.53989
1.53984
1.53979
1.53974
1.53968
1.53963
1.53958
1.53953
1.53948
1.53942
1.53937
1.53932
1.53927
1.53922
1.53916
1.53911
1.53906
1.53901
1.53896
1.53890
1.53885
1.53880
1.53875
1.53870
1.53864
1.53859
1.53854
1.53849
1.53843
1.53838
1.53833
1.53828
1.53823
1.53817
1.53812
1.53807
1.53802
1.53797
1.53791
1.53786
1.53781
1.53776
1.53771
1.53765
1.53760
1.53755
1.53750
1.53745
1.53739
1.53734
1.53729
1.53724
1.53718
1.53713
1.53708
1.53703
1.53698
1.53692
1.53687
1.53682
1.53677
1.53672
1.53666
1.53661
1.53656
1.53651
1.53646
1.53640
1.53635
1.53630
1.53625
1.53620
1.53614
1.53609
1.53604
1.53599
1.53594
1.53588
1.53583
1.53578
1.53573
1.53567
1.53562
1.53557
1.53552
1.53547
1.53541
1.53536
1.53531
1.53526
1.53521
1.53515
1.53510
1.53505
1.53500
1.53495
1.53489
1.53484
1.53479
1.53474
1.53469
1.53463
1.53458
1.53453
1.53448
1.53442
1.53437
1.53432
1.53427
1.53422
1.53416
1.53411
1.53406
1.53401
1.53396
1.53390
1.53385
1.53380
1.53375
1.53370
1.53364
1.53359
1.53354
1.53349
1.53344
1.53338
1.53333
1.53328
1.53323
1.53318
1.53312
1.53307
1.53302
1.53297
1.53291
1.53286
1.53281
1.53276
1.53271
1.53265
1.53260
1.53255
1.53250
1.53245
1.53239
1.53234
1.53229
1.53224
1.53219
1.53213
1.53208
1.53203
1.53198
1.53193
1.53187
1.53182
1.53177
1.53172
1.53166
1.53161
1.53156
1.53151
1.53146
1.53140
1.53135
1.53130
1.53125
1.53120
1.53114
1.53109
1.53104
1.53099
1.53094
1.53088
1.53083
1.53078
1.53073
1.53068
1.53062
1.53057
1.53052
1.53047
1.53042
1.53036
1.53031
1.53026
1.53021
1.53015
1.53010
1.53005
1.53000
1.52995
1.52989
1.52984
1.52979
1.52974
1.52969
1.52963
1.52958
1.52953
1.52948
1.52943
1.52937
1.52932
1.52927
1.52922
1.52917
1.52911
1.52906
1.52901
1.52896
1.52890
1.52885
1.52880
1.52875
1.52870
1.52864
1.52859
1.52854
1.52849
1.52844
1.52838
1.52833
1.52828
1.52823
1.52818
1.52812
1.52807
1.52802
1.52797
1.52792
1.52786
1.52781
1.52776
1.52771
1.52766
1.52760
1.52755
1.52750
1.52745
1.52739
1.52734
1.52729
1.52724
1.52719
1.52713
1.52708
1.52703
1.52698
1.52693
1.52687
1.52682
1.52677
1.52672
1.52667
1.52661
1.52656
1.52651
1.52646
1.52641
1.52635
1.52630
1.52625
1.52620
1.52614
1.52609
1.52604
1.52599
1.52594
1.52588
1.52583
1.52578
1.52573
1.52568
1.52562
1.52557
1.52552
1.52547
1.52542
1.52536
1.52531
1.52526
1.52521
1.52516
1.52510
1.52505
1.52500
1.52495
1.52490
1.52484
1.52479
1.52474
1.52469
1.52463
1.52458
1.52453
1.52448
1.52443
1.52437
1.52432
1.52427
1.52422
1.52417
1.52411
1.52406
1.52401
1.52396
1.52391
1.52385
1.52380
1.52375
1.52370
1.52365
1.52359
1.52354
1.52349
1.52344
1.52339
1.52333
1.52328
1.52323
1.52318
1.52312
1.52307
1.52302
1.52297
1.52292
1.52286
1.52281
1.52276
1.52271
1.52266
1.52260
1.52255
1.52250
1.52245
1.52240
1.52234
1.52229
1.52224
1.52219
1.52214
1.52208
1.52203
1.52198
1.52193
1.52187
1.52182
1.52177
1.52172
1.52167
1.52161
1.52156
1.52151
1.52146
1.52141
1.52135
1.52130
1.52125
1.52120
1.52115
1.52109
1.52104
1.52099
1.52094
1.52089
1.52083
1.52078
1.52073
1.52068
1.52063
1.52057
1.52052
1.52047
1.52042
1.52036
1.52031
1.52026
1.52021
1.52016
1.52010
1.52005
1.52000
1.51995
1.51990
1.51984
1.51979
1.51974
1.51969
1.51964
1.51958
1.51953
1.51948
1.51943
1.51938
1.51932
1.51927
1.51922
1.51917
1.51911
1.51906
1.51901
1.51896
1.51891
1.51885
1.51880
1.51875
1.51870
1.51865
1.51859
1.51854
1.51849
1.51844
1.51839
1.51833
1.51828
1.51823
1.51818
1.51813
1.51807
1.51802
1.51797
1.51792
1.51787
1.51781
1.51776
1.51771
1.51766
1.51760
1.51755
1.51750
1.51745
1.51740
1.51734
1.51729
1.51724
1.51719
1.51714
1.51708
1.51703
1.51698
1.51693
1.51688
1.51682
1.51677
1.51672
1.51667
1.51662
1.51656
1.51651
1.51646
1.51641
1.51635
1.51630
1.51625
1.51620
1.51615
1.51609
1.51604
1.51599
1.51594
1.51589
1.51583
1.51578
1.51573
1.51568
1.51563
1.51557
1.51552
1.51547
1.51542
1.51537
1.51531
1.51526
1.51521
1.51516
1.51511
1.51505
1.51500
1.51495
1.51490
1.51484
1.51479
1.51474
1.51469
1.51464
1.51458
1.51453
1.51448
1.51443
1.51438
1.51432
1.51427
1.51422
1.51417
1.51412
1.51406
1.51401
1.51396
1.51391
1.51386
1.51380
1.51375
1.51370
1.51365
1.51360
1.51354
1.51349
1.51344
1.51339
1.51333
1.51328
1.51323
1.51318
1.51313
1.51307
1.51302
1.51297
1.51292
1.51287
1.51281
1.51276
1.51271
1.51266
1.51261
1.51255
1.51250
1.51245
1.51240
1.51235
1.51229
1.51224
1.51219
1.51214
1.51208
1.51203
1.51198
1.51193
1.51188
1.51182
1.51177
1.51172
1.51167
1.51162
1.51156
1.51151
1.51146
1.51141
1.51136
1.51130
1.51125
1.51120
1.51115
1.51110
1.51104
1.51099
1.51094
1.51089
1.51084
1.51078
1.51073
1.51068
1.51063
1.51057
1.51052
1.51047
1.51042
1.51037
1.51031
1.51026
1.51021
1.51016
1.51011
1.51005
1.51000
1.50995
1.50990
1.50985
1.50979
1.50974
1.50969
1.50964
1.50959
1.50953
1.50948
1.50943
1.50938
1.50932
1.50927
1.50922
1.50917
1.50912
1.50906
1.50901
1.50896
1.50891
1.50886
1.50880
1.50875
1.50870
1.50865
1.50860
1.50854
1.50849
1.50844
1.50839
1.50834
1.50828
1.50823
1.50818
1.50813
1.50808
1.50802
1.50797
1.50792
1.50787
1.50781
1.50776
1.50771
1.50766
1.50761
1.50755
1.50750
1.50745
1.50740
1.50735
1.50729
1.50724
1.50719
1.50714
1.50709
1.50703
1.50698
1.50693
1.50688
1.50683
1.50677
1.50672
1.50667
1.50662
1.50657
1.50651
1.50646
1.50641
1.50636
1.50630
1.50625
1.50620
1.50615
1.50610
1.50604
1.50599
1.50594
1.50589
1.50584
1.50578
1.50573
1.50568
1.50563
1.50558
1.50552
1.50547
1.50542
1.50537
1.50532
1.50526
1.50521
1.50516
1.50511
1.50505
1.50500
1.50495
1.50490
1.50485
1.50479
1.50474
1.50469
1.50464
1.50459
1.50453
1.50448
1.50443
1.50438
1.50433
1.50427
1.50422
1.50417
1.50412
1.50407
1.50401
1.50396
1.50391
1.50386
1.50381
1.50375
1.50370
1.50365
1.50360
1.50354
1.50349
1.50344
1.50339
1.50334
1.50328
1.50323
1.50318
1.50313
1.50308
1.50302
1.50297
1.50292
1.50287
1.50282
1.50276
1.50271
1.50266
1.50261
1.50256
1.50250
1.50245
1.50240
1.50235
1.50230
1.50224
1.50219
1.50214
1.50209
1.50203
1.50198
1.50193
1.50188
1.50183
1.50177
1.50172
1.50167
1.50162
1.50157
1.50151
1.50146
1.50141
1.50136
1.50131
1.50125
1.50120
1.50115
1.50110
1.50105
1.50099
1.50094
1.50089
1.50084
1.50078
1.50073
1.50068
1.50063
1.50058
1.50052
1.50047
1.50042
1.50037
1.50032
1.50026
1.50021
1.50016
1.50011
1.50006
1.50000
1.49995
1.49990
1.49985
1.49980
1.49974
1.49969
1.49964
1.49959
1.49954
1.49948
1.49943
1.49938
1.49933
1.49927
1.49922
1.49917
1.49912
1.49907
1.49901
1.49896
1.49891
1.49886
1.49881
1.49875
1.49870
1.49865
1.49860
1.49855
1.49849
1.49844
1.49839
1.49834
1.49829
1.49823
1.49818
1.49813
1.49808
1.49803
1.49797
1.49792
1.49787
1.49782
1.49776
1.49771
1.49766
1.49761
1.49756
1.49750
1.49745
1.49740
1.49735
1.49730
1.49724
1.49719
1.49714
1.49709
1.49704
1.49698
1.49693
1.49688
1.49683
1.49678
1.49672
1.49667
1.49662
1.49657
1.49651
1.49646
1.49641
1.49636
1.49631
1.49625
1.49620
1.49615
1.49610
1.49605
1.49599
1.49594
1.49589
1.49584
1.49579
1.49573
1.49568
1.49563
1.49558
1.49553
1.49547
1.49542
1.49537
1.49532
1.49527
1.49521
1.49516
1.49511
1.49506
1.49500
1.49495
1.49490
1.49485
1.49480
1.49474
1.49469
1.49464
1.49459
1.49454
1.49448
1.49443
1.49438
1.49433
1.49428
1.49422
1.49417
1.49412
1.49407
1.49402
1.49396
1.49391
1.49386
1.49381
1.49376
1.49370
1.49365
1.49360
1.49355
1.49349
1.49344
1.49339
1.49334
1.49329
1.49323
1.49318
1.49313
1.49308
1.49303
1.49297
1.49292
1.49287
1.49282
1.49277
1.49271
1.49266
1.49261
1.49256
1.49251
1.49245
1.49240
1.49235
1.49230
1.49224
1.49219
1.49214
1.49209
1.49204
1.49198
1.49193
1.49188
1.49183
1.49178
1.49172
1.49167
1.49162
1.49157
1.49152
1.49146
1.49141
1.49136
1.49131
1.49126
1.49120
1.49115
1.49110
1.49105
1.49100
1.49094
1.49089
1.49084
1.49079
1.49073
1.49068
1.49063
1.49058
1.49053
1.49047
1.49042
1.49037
1.49032
1.49027
1.49021
1.49016
1.49011
1.49006
1.49001
1.48995
1.48990
1.48985
1.48980
1.48975
1.48969
1.48964
1.48959
1.48954
1.48949
1.48943
1.48938
1.48933
1.48928
1.48922
1.48917
1.48912
1.48907
1.48902
1.48896
1.48891
1.48886
1.48881
1.48876
1.48870
1.48865
1.48860
1.48855
1.48850
1.48844
1.48839
1.48834
1.48829
1.48824
1.48818
1.48813
1.48808
1.48803
1.48797
1.48792
1.48787
1.48782
1.48777
1.48771
1.48766
1.48761
1.48756
1.48751
1.48745
1.48740
1.48735
1.48730
1.48725
1.48719
1.48714
1.48709
1.48704
1.48699
1.48693
1.48688
1.48683
1.48678
1.48673
1.48667
1.48662
1.48657
1.48652
1.48646
1.48641
1.48636
1.48631
1.48626
1.48620
1.48615
1.48610
1.48605
1.48600
1.48594
1.48589
1.48584
1.48579
1.48574
1.48568
1.48563
1.48558
1.48553
1.48548
1.48542
1.48537
1.48532
1.48527
1.48522
1.48516
1.48511
1.48506
1.48501
1.48495
1.48490
1.48485
1.48480
1.48475
1.48469
1.48464
1.48459
1.48454
1.48449
1.48443
1.48438
1.48433
1.48428
1.48423
1.48417
1.48412
1.48407
1.48402
1.48397
1.48391
1.48386
1.48381
1.48376
1.48370
1.48365
1.48360
1.48355
1.48350
1.48344
1.48339
1.48334
1.48329
1.48324
1.48318
1.48313
1.48308
1.48303
1.48298
1.48292
1.48287
1.48282
1.48277
1.48272
1.48266
1.48261
1.48256
1.48251
1.48246
1.48240
1.48235
1.48230
1.48225
1.48219
1.48214
1.48209
1.48204
1.48199
1.48193
1.48188
1.48183
1.48178
1.48173
1.48167
1.48162
1.48157
1.48152
1.48147
1.48141
1.48136
1.48131
1.48126
1.48121
1.48115
1.48110
1.48105
1.48100
1.48095
1.48089
1.48084
1.48079
1.48074
1.48068
1.48063
1.48058
1.48053
1.48048
1.48042
1.48037
1.48032
1.48027
1.48022
1.48016
1.48011
1.48006
1.48001
1.47996
1.47990
1.47985
1.47980
1.47975
1.47970
1.47964
1.47959
1.47954
1.47949
1.47944
1.47938
1.47933
1.47928
1.47923
1.47917
1.47912
1.47907
1.47902
1.47897
1.47891
1.47886
1.47881
1.47876
1.47871
1.47865
1.47860
1.47855
1.47850
1.47845
1.47839
1.47834
1.47829
1.47824
1.47819
1.47813
1.47808
1.47803
1.47798
1.47792
1.47787
1.47782
1.47777
1.47772
1.47766
1.47761
1.47756
1.47751
1.47746
1.47740
1.47735
1.47730
1.47725
1.47720
1.47714
1.47709
1.47704
1.47699
1.47694
1.47688
1.47683
1.47678
1.47673
1.47668
1.47662
1.47657
1.47652
1.47647
1.47641
1.47636
1.47631
1.47626
1.47621
1.47615
1.47610
1.47605
1.47600
1.47595
1.47589
1.47584
1.47579
1.47574
1.47569
1.47563
1.47558
1.47553
1.47548
1.47543
1.47537
1.47532
1.47527
1.47522
1.47517
1.47511
1.47506
1.47501
1.47496
1.47490
1.47485
1.47480
1.47475
1.47470
1.47464
1.47459
1.47454
1.47449
1.47444
1.47438
1.47433
1.47428
1.47423
1.47418
1.47412
1.47407
1.47402
1.47397
1.47392
1.47386
1.47381
1.47376
1.47371
1.47366
1.47360
1.47355
1.47350
1.47345
1.47339
1.47334
1.47329
1.47324
1.47319
1.47313
1.47308
1.47303
1.47298
1.47293
1.47287
1.47282
1.47277
1.47272
1.47267
1.47261
1.47256
1.47251
1.47246
1.47241
1.47235
1.47230
1.47225
1.47220
1.47214
1.47209
1.47204
1.47199
1.47194
1.47188
1.47183
1.47178
1.47173
1.47168
1.47162
1.47157
1.47152
1.47147
1.47142
1.47136
1.47131
1.47126
1.47121
1.47116
1.47110
1.47105
1.47100
1.47095
1.47090
1.47084
1.47079
1.47074
1.47069
1.47063
1.47058
1.47053
1.47048
1.47043
1.47037
1.47032
1.47027
1.47022
1.47017
1.47011
1.47006
1.47001
1.46996
1.46991
1.46985
1.46980
1.46975
1.46970
1.46965
1.46959
1.46954
1.46949
1.46944
1.46939
1.46933
1.46928
1.46923
1.46918
1.46912
1.46907
1.46902
1.46897
1.46892
1.46886
1.46881
1.46876
1.46871
1.46866
1.46860
1.46855
1.46850
1.46845
1.46840
1.46834
1.46829
1.46824
1.46819
1.46814
1.46808
1.46803
1.46798
1.46793
1.46788
1.46782
1.46777
1.46772
1.46767
1.46761
1.46756
1.46751
1.46746
1.46741
1.46735
1.46730
1.46725
1.46720
1.46715
1.46709
1.46704
1.46699
1.46694
1.46689
1.46683
1.46678
1.46673
1.46668
1.46663
1.46657
1.46652
1.46647
1.46642
1.46637
1.46631
1.46626
1.46621
1.46616
1.46610
1.46605
1.46600
1.46595
1.46590
1.46584
1.46579
1.46574
1.46569
1.46564
1.46558
1.46553
1.46548
1.46543
1.46538
1.46532
1.46527
1.46522
1.46517
1.46512
1.46506
1.46501
1.46496
1.46491
1.46485
1.46480
1.46475
1.46470
1.46465
1.46459
1.46454
1.46449
1.46444
1.46439
1.46433
1.46428
1.46423
1.46418
1.46413
1.46407
1.46402
1.46397
1.46392
1.46387
1.46381
1.46376
1.46371
1.46366
1.46361
1.46355
1.46350
1.46345
1.46340
1.46334
1.46329
1.46324
1.46319
1.46314
1.46308
1.46303
1.46298
1.46293
1.46288
1.46282
1.46277
1.46272
1.46267
1.46262
1.46256
1.46251
1.46246
1.46241
1.46236
1.46230
1.46225
1.46220
1.46215
1.46210
1.46204
1.46199
1.46194
1.46189
1.46183
1.46178
1.46173
1.46168
1.46163
1.46157
1.46152
1.46147
1.46142
1.46137
1.46131
1.46126
1.46121
1.46116
1.46111
1.46105
1.46100
1.46095
1.46090
1.46085
1.46079
1.46074
1.46069
1.46064
1.46059
1.46053
1.46048
1.46043
1.46038
1.46032
1.46027
1.46022
1.46017
1.46012
1.46006
1.46001
1.45996
1.45991
1.45986
1.45980
1.45975
1.45970
1.45965
1.45960
1.45954
1.45949
1.45944
1.45939
1.45934
1.45928
1.45923
1.45918
1.45913
1.45908
1.45902
1.45897
1.45892
1.45887
1.45881
1.45876
1.45871
1.45866
1.45861
1.45855
1.45850
1.45845
1.45840
1.45835
1.45829
1.45824
1.45819
1.45814
1.45809
1.45803
1.45798
1.45793
1.45788
1.45783
1.45777
1.45772
1.45767
1.45762
1.45756
1.45751
1.45746
1.45741
1.45736
1.45730
1.45725
1.45720
1.45715
1.45710
1.45704
1.45699
1.45694
1.45689
1.45684
1.45678
1.45673
1.45668
1.45663
1.45658
1.45652
1.45647
1.45642
1.45637
1.45632
1.45626
1.45621
1.45616
1.45611
1.45605
1.45600
1.45595
1.45590
1.45585
1.45579
1.45574
1.45569
1.45564
1.45559
1.45553
1.45548
1.45543
1.45538
1.45533
1.45527
1.45522
1.45517
1.45512
1.45507
1.45501
1.45496
1.45491
1.45486
1.45481
1.45475
1.45470
1.45465
1.45460
1.45454
1.45449
1.45444
1.45439
1.45434
1.45428
1.45423
1.45418
1.45413
1.45408
1.45402
1.45397
1.45392
1.45387
1.45382
1.45376
1.45371
1.45366
1.45361
1.45356
1.45350
1.45345
1.45340
1.45335
1.45330
1.45324
1.45319
1.45314
1.45309
1.45303
1.45298
1.45293
1.45288
1.45283
1.45277
1.45272
1.45267
1.45262
1.45257
1.45251
1.45246
1.45241
1.45236
1.45231
1.45225
1.45220
1.45215
1.45210
1.45205
1.45199
1.45194
1.45189
1.45184
1.45179
1.45173
1.45168
1.45163
1.45158
1.45152
1.45147
1.45142
1.45137
1.45132
1.45126
1.45121
1.45116
1.45111
1.45106
1.45100
1.45095
1.45090
1.45085
1.45080
1.45074
1.45069
1.45064
1.45059
1.45054
1.45048
1.45043
1.45038
1.45033
1.45028
1.45022
1.45017
1.45012
1.45007
1.45001
1.44996
1.44991
1.44986
1.44981
1.44975
1.44970
1.44965
1.44960
1.44955
1.44949
1.44944
1.44939
1.44934
1.44929
1.44923
1.44918
1.44913
1.44908
1.44903
1.44897
1.44892
1.44887
1.44882
1.44876
1.44871
1.44866
1.44861
1.44856
1.44850
1.44845
1.44840
1.44835
1.44830
1.44824
1.44819
1.44814
1.44809
1.44804
1.44798
1.44793
1.44788
1.44783
1.44778
1.44772
1.44767
1.44762
1.44757
1.44752
1.44746
1.44741
1.44736
1.44731
1.44725
1.44720
1.44715
1.44710
1.44705
1.44699
1.44694
1.44689
1.44684
1.44679
1.44673
1.44668
1.44663
1.44658
1.44653
1.44647
1.44642
1.44637
1.44632
1.44627
1.44621
1.44616
1.44611
1.44606
1.44601
1.44595
1.44590
1.44585
1.44580
1.44574
1.44569
1.44564
1.44559
1.44554
1.44548
1.44543
1.44538
1.44533
1.44528
1.44522
1.44517
1.44512
1.44507
1.44502
1.44496
1.44491
1.44486
1.44481
1.44476
1.44470
1.44465
1.44460
1.44455
1.44450
1.44444
1.44439
1.44434
1.44429
1.44423
1.44418
1.44413
1.44408
1.44403
1.44397
1.44392
1.44387
1.44382
1.44377
1.44371
1.44366
1.44361
1.44356
1.44351
1.44345
1.44340
1.44335
1.44330
1.44325
1.44319
1.44314
1.44309
1.44304
1.44299
1.44293
1.44288
1.44283
1.44278
1.44272
1.44267
1.44262
1.44257
1.44252
1.44246
1.44241
1.44236
1.44231
1.44226
1.44220
1.44215
1.44210
1.44205
1.44200
1.44194
1.44189
1.44184
1.44179
1.44174
1.44168
1.44163
1.44158
1.44153
1.44148
1.44142
1.44137
1.44132
1.44127
1.44121
1.44116
1.44111
1.44106
1.44101
1.44095
1.44090
1.44085
1.44080
1.44075
1.44069
1.44064
1.44059
1.44054
1.44049
1.44043
1.44038
1.44033
1.44028
1.44023
1.44017
1.44012
1.44007
1.44002
1.43997
1.43991
1.43986
1.43981
1.43976
1.43970
1.43965
1.43960
1.43955
1.43950
1.43944
1.43939
1.43934
1.43929
1.43924
1.43918
1.43913
1.43908
1.43903
1.43898
1.43892
1.43887
1.43882
1.43877
1.43872
1.43866
1.43861
1.43856
1.43851
1.43846
1.43840
1.43835
1.43830
1.43825
1.43819
1.43814
1.43809
1.43804
1.43799
1.43793
1.43788
1.43783
1.43778
1.43773
1.43767
1.43762
1.43757
1.43752
1.43747
1.43741
1.43736
1.43731
1.43726
1.43721
1.43715
1.43710
1.43705
1.43700
1.43694
1.43689
1.43684
1.43679
1.43674
1.43668
1.43663
1.43658
1.43653
1.43648
1.43642
1.43637
1.43632
1.43627
1.43622
1.43616
1.43611
1.43606
1.43601
1.43596
1.43590
1.43585
1.43580
1.43575
1.43570
1.43564
1.43559
1.43554
1.43549
1.43543
1.43538
1.43533
1.43528
1.43523
1.43517
1.43512
1.43507
1.43502
1.43497
1.43491
1.43486
1.43481
1.43476
1.43471
1.43465
1.43460
1.43455
1.43450
1.43445
1.43439
1.43434
1.43429
1.43424
1.43419
1.43413
1.43408
1.43403
1.43398
1.43392
1.43387
1.43382
1.43377
1.43372
1.43366
1.43361
1.43356
1.43351
1.43346
1.43340
1.43335
1.43330
1.43325
1.43320
1.43314
1.43309
1.43304
1.43299
1.43294
1.43288
1.43283
1.43278
1.43273
1.43268
1.43262
1.43257
1.43252
1.43247
1.43241
1.43236
1.43231
1.43226
1.43221
1.43215
1.43210
1.43205
1.43200
1.43195
1.43189
1.43184
1.43179
1.43174
1.43169
1.43163
1.43158
1.43153
1.43148
1.43143
1.43137
1.43132
1.43127
1.43122
1.43117
1.43111
1.43106
1.43101
1.43096
1.43090
1.43085
1.43080
1.43075
1.43070
1.43064
1.43059
1.43054
1.43049
1.43044
1.43038
1.43033
1.43028
1.43023
1.43018
1.43012
1.43007
1.43002
1.42997
1.42992
1.42986
1.42981
1.42976
1.42971
1.42966
1.42960
1.42955
1.42950
1.42945
1.42939
1.42934
1.42929
1.42924
1.42919
1.42913
1.42908
1.42903
1.42898
1.42893
1.42887
1.42882
1.42877
1.42872
1.42867
1.42861
1.42856
1.42851
1.42846
1.42841
1.42835
1.42830
1.42825
1.42820
1.42815
1.42809
1.42804
1.42799
1.42794
1.42788
1.42783
1.42778
1.42773
1.42768
1.42762
1.42757
1.42752
1.42747
1.42742
1.42736
1.42731
1.42726
1.42721
1.42716
1.42710
1.42705
1.42700
1.42695
1.42690
1.42684
1.42679
1.42674
1.42669
1.42664
1.42658
1.42653
1.42648
1.42643
1.42637
1.42632
1.42627
1.42622
1.42617
1.42611
1.42606
1.42601
1.42596
1.42591
1.42585
1.42580
1.42575
1.42570
1.42565
1.42559
1.42554
1.42549
1.42544
1.42539
1.42533
1.42528
1.42523
1.42518
1.42513
1.42507
1.42502
1.42497
1.42492
1.42486
1.42481
1.42476
1.42471
1.42466
1.42460
1.42455
1.42450
1.42445
1.42440
1.42434
1.42429
1.42424
1.42419
1.42414
1.42408
1.42403
1.42398
1.42393
1.42388
1.42382
1.42377
1.42372
1.42367
1.42362
1.42356
1.42351
1.42346
1.42341
1.42335
1.42330
1.42325
1.42320
1.42315
1.42309
1.42304
1.42299
1.42294
1.42289
1.42283
1.42278
1.42273
1.42268
1.42263
1.42257
1.42252
1.42247
1.42242
1.42237
1.42231
1.42226
1.42221
1.42216
1.42211
1.42205
1.42200
1.42195
1.42190
1.42184
1.42179
1.42174
1.42169
1.42164
1.42158
1.42153
1.42148
1.42143
1.42138
1.42132
1.42127
1.42122
1.42117
1.42112
1.42106
1.42101
1.42096
1.42091
1.42086
1.42080
1.42075
1.42070
1.42065
1.42060
1.42054
1.42049
1.42044
1.42039
1.42033
1.42028
1.42023
1.42018
1.42013
1.42007
1.42002
1.41997
1.41992
1.41987
1.41981
1.41976
1.41971
1.41966
1.41961
1.41955
1.41950
1.41945
1.41940
1.41935
1.41929
1.41924
1.41919
1.41914
1.41909
1.41903
1.41898
1.41893
1.41888
1.41882
1.41877
1.41872
1.41867
1.41862
1.41856
1.41851
1.41846
1.41841
1.41836
1.41830
1.41825
1.41820
1.41815
1.41810
1.41804
1.41799
1.41794
1.41789
1.41784
1.41778
1.41773
1.41768
1.41763
1.41758
1.41752
1.41747
1.41742
1.41737
1.41731
1.41726
1.41721
1.41716
1.41711
1.41705
1.41700
1.41695
1.41690
1.41685
1.41679
1.41674
1.41669
1.41664
1.41659
1.41653
1.41648
1.41643
1.41638
1.41633
1.41627
1.41622
1.41617
1.41612
1.41607
1.41601
1.41596
1.41591
1.41586
1.41580
1.41575
1.41570
1.41565
1.41560
1.41554
1.41549
1.41544
1.41539
1.41534
1.41528
1.41523
1.41518
1.41513
1.41508
1.41502
1.41497
1.41492
1.41487
1.41482
1.41476
1.41471
1.41466
1.41461
1.41456
1.41450
1.41445
1.41440
1.41435
1.41429
1.41424
1.41419
1.41414
1.41409
1.41403
1.41398
1.41393
1.41388
1.41383
1.41377
1.41372
1.41367
1.41362
1.41357
1.41351
1.41346
1.41341
1.41336
1.41331
1.41325
1.41320
1.41315
1.41310
1.41305
1.41299
1.41294
1.41289
1.41284
1.41278
1.41273
1.41268
1.41263
1.41258
1.41252
1.41247
1.41242
1.41237
1.41232
1.41226
1.41221
1.41216
1.41211
1.41206
1.41200
1.41195
1.41190
1.41185
1.41180
1.41174
1.41169
1.41164
1.41159
1.41154
1.41148
1.41143
1.41138
1.41133
1.41127
1.41122
1.41117
1.41112
1.41107
1.41101
1.41096
1.41091
1.41086
1.41081
1.41075
1.41070
1.41065
1.41060
1.41055
1.41049
1.41044
1.41039
1.41034
1.41029
1.41023
1.41018
1.41013
1.41008
1.41003
1.40997
1.40992
1.40987
1.40982
1.40976
1.40971
1.40966
1.40961
1.40956
1.40950
1.40945
1.40940
1.40935
1.40930
1.40924
1.40919
1.40914
1.40909
1.40904
1.40898
1.40893
1.40888
1.40883
1.40878
1.40872
1.40867
1.40862
1.40857
1.40852
1.40846
1.40841
1.40836
1.40831
1.40825
1.40820
1.40815
1.40810
1.40805
1.40799
1.40794
1.40789
1.40784
1.40779
1.40773
1.40768
1.40763
1.40758
1.40753
1.40747
1.40742
1.40737
1.40732
1.40727
1.40721
1.40716
1.40711
1.40706
1.40701
1.40695
1.40690
1.40685
1.40680
1.40674
1.40669
1.40664
1.40659
1.40654
1.40648
1.40643
1.40638
1.40633
1.40628
1.40622
1.40617
1.40612
1.40607
1.40602
1.40596
1.40591
1.40586
1.40581
1.40576
1.40570
1.40565
1.40560
1.40555
1.40550
1.40544
1.40539
1.40534
1.40529
1.40523
1.40518
1.40513
1.40508
1.40503
1.40497
1.40492
1.40487
1.40482
1.40477
1.40471
1.40466
1.40461
1.40456
1.40451
1.40445
1.40440
1.40435
1.40430
1.40425
1.40419
1.40414
1.40409
1.40404
1.40399
1.40393
1.40388
1.40383
1.40378
1.40372
1.40367
1.40362
1.40357
1.40352
1.40346
1.40341
1.40336
1.40331
1.40326
1.40320
1.40315
1.40310
1.40305
1.40300
1.40294
1.40289
1.40284
1.40279
1.40274
1.40268
1.40263
1.40258
1.40253
1.40248
1.40242
1.40237
1.40232
1.40227
1.40221
1.40216
1.40211
1.40206
1.40201
1.40195
1.40190
1.40185
1.40180
1.40175
1.40169
1.40164
1.40159
1.40154
1.40149
1.40143
1.40138
1.40133
1.40128
1.40123
1.40117
1.40112
1.40107
1.40102
1.40097
1.40091
1.40086
1.40081
1.40076
1.40070
1.40065
1.40060
1.40055
1.40050
1.40044
1.40039
1.40034
1.40029
1.40024
1.40018
1.40013
1.40008
1.40003
1.39998
1.39992
1.39987
1.39982
1.39977
1.39972
1.39966
1.39961
1.39956
1.39951
1.39946
1.39940
1.39935
1.39930
1.39925
1.39919
1.39914
1.39909
1.39904
1.39899
1.39893
1.39888
1.39883
1.39878
1.39873
1.39867
1.39862
1.39857
1.39852
1.39847
1.39841
1.39836
1.39831
1.39826
1.39821
1.39815
1.39810
1.39805
1.39800
1.39795
1.39789
1.39784
1.39779
1.39774
1.39768
1.39763
1.39758
1.39753
1.39748
1.39742
1.39737
1.39732
1.39727
1.39722
1.39716
1.39711
1.39706
1.39701
1.39696
1.39690
1.39685
1.39680
1.39675
1.39670
1.39664
1.39659
1.39654
1.39649
1.39644
1.39638
1.39633
1.39628
1.39623
1.39617
1.39612
1.39607
1.39602
1.39597
1.39591
1.39586
1.39581
1.39576
1.39571
1.39565
1.39560
1.39555
1.39550
1.39545
1.39539
1.39534
1.39529
1.39524
1.39519
1.39513
1.39508
1.39503
1.39498
1.39493
1.39487
1.39482
1.39477
1.39472
1.39466
1.39461
1.39456
1.39451
1.39446
1.39440
1.39435
1.39430
1.39425
1.39420
1.39414
1.39409
1.39404
1.39399
1.39394
1.39388
1.39383
1.39378
1.39373
1.39368
1.39362
1.39357
1.39352
1.39347
1.39342
1.39336
1.39331
1.39326
1.39321
1.39316
1.39310
1.39305
1.39300
1.39295
1.39289
1.39284
1.39279
1.39274
1.39269
1.39263
1.39258
1.39253
1.39248
1.39243
1.39237
1.39232
1.39227
1.39222
1.39217
1.39211
1.39206
1.39201
1.39196
1.39191
1.39185
1.39180
1.39175
1.39170
1.39165
1.39159
1.39154
1.39149
1.39144
1.39138
1.39133
1.39128
1.39123
1.39118
1.39112
1.39107
1.39102
1.39097
1.39092
1.39086
1.39081
1.39076
1.39071
1.39066
1.39060
1.39055
1.39050
1.39045
1.39040
1.39034
1.39029
1.39024
1.39019
1.39014
1.39008
1.39003
1.38998
1.38993
1.38987
1.38982
1.38977
1.38972
1.38967
1.38961
1.38956
1.38951
1.38946
1.38941
1.38935
1.38930
1.38925
1.38920
1.38915
1.38909
1.38904
1.38899
1.38894
1.38889
1.38883
1.38878
1.38873
1.38868
1.38863
1.38857
1.38852
1.38847
1.38842
1.38836
1.38831
1.38826
1.38821
1.38816
1.38810
1.38805
1.38800
1.38795
1.38790
1.38784
1.38779
1.38774
1.38769
1.38764
1.38758
1.38753
1.38748
1.38743
1.38738
1.38732
1.38727
1.38722
1.38717
1.38712
1.38706
1.38701
1.38696
1.38691
1.38685
1.38680
1.38675
1.38670
1.38665
1.38659
1.38654
1.38649
1.38644
1.38639
1.38633
1.38628
1.38623
1.38618
1.38613
1.38607
1.38602
1.38597
1.38592
1.38587
1.38581
1.38576
1.38571
1.38566
1.38561
1.38555
1.38550
1.38545
1.38540
1.38534
1.38529
1.38524
1.38519
1.38514
1.38508
1.38503
1.38498
1.38493
1.38488
1.38482
1.38477
1.38472
1.38467
1.38462
1.38456
1.38451
1.38446
1.38441
1.38436
1.38430
1.38425
1.38420
1.38415
1.38410
1.38404
1.38399
1.38394
1.38389
1.38383
1.38378
1.38373
1.38368
1.38363
1.38357
1.38352
1.38347
1.38342
1.38337
1.38331
1.38326
1.38321
1.38316
1.38311
1.38305
1.38300
1.38295
1.38290
1.38285
1.38279
1.38274
1.38269
1.38264
1.38259
1.38253
1.38248
1.38243
1.38238
1.38232
1.38227
1.38222
1.38217
1.38212
1.38206
1.38201
1.38196
1.38191
1.38186
1.38180
1.38175
1.38170
1.38165
1.38160
1.38154
1.38149
1.38144
1.38139
1.38134
1.38128
1.38123
1.38118
1.38113
1.38108
1.38102
1.38097
1.38092
1.38087
1.38082
1.38076
1.38071
1.38066
1.38061
1.38055
1.38050
1.38045
1.38040
1.38035
1.38029
1.38024
1.38019
1.38014
1.38009
1.38003
1.37998
1.37993
1.37988
1.37983
1.37977
1.37972
1.37967
1.37962
1.37957
1.37951
1.37946
1.37941
1.37936
1.37931
1.37925
1.37920
1.37915
1.37910
1.37904
1.37899
1.37894
1.37889
1.37884
1.37878
1.37873
1.37868
1.37863
1.37858
1.37852
1.37847
1.37842
1.37837
1.37832
1.37826
1.37821
1.37816
1.37811
1.37806
1.37800
1.37795
1.37790
1.37785
1.37780
1.37774
1.37769
1.37764
1.37759
1.37753
1.37748
1.37743
1.37738
1.37733
1.37727
1.37722
1.37717
1.37712
1.37707
1.37701
1.37696
1.37691
1.37686
1.37681
1.37675
1.37670
1.37665
1.37660
1.37655
1.37649
1.37644
1.37639
1.37634
1.37629
1.37623
1.37618
1.37613
1.37608
1.37602
1.37597
1.37592
1.37587
1.37582
1.37576
1.37571
1.37566
1.37561
1.37556
1.37550
1.37545
1.37540
1.37535
1.37530
1.37524
1.37519
1.37514
1.37509
1.37504
1.37498
1.37493
1.37488
1.37483
1.37478
1.37472
1.37467
1.37462
1.37457
1.37451
1.37446
1.37441
1.37436
1.37431
1.37425
1.37420
1.37415
1.37410
1.37405
1.37399
1.37394
1.37389
1.37384
1.37379
1.37373
1.37368
1.37363
1.37358
1.37353
1.37347
1.37342
1.37337
1.37332
1.37327
1.37321
1.37316
1.37311
1.37306
1.37300
1.37295
1.37290
1.37285
1.37280
1.37274
1.37269
1.37264
1.37259
1.37254
1.37248
1.37243
1.37238
1.37233
1.37228
1.37222
1.37217
1.37212
1.37207
1.37202
1.37196
1.37191
1.37186
1.37181
1.37176
1.37170
1.37165
1.37160
1.37155
1.37150
1.37144
1.37139
1.37134
1.37129
1.37123
1.37118
1.37113
1.37108
1.37103
1.37097
1.37092
1.37087
1.37082
1.37077
1.37071
1.37066
1.37061
1.37056
1.37051
1.37045
1.37040
1.37035
1.37030
1.37025
1.37019
1.37014
1.37009
1.37004
1.36999
1.36993
1.36988
1.36983
1.36978
1.36972
1.36967
1.36962
1.36957
1.36952
1.36946
1.36941
1.36936
1.36931
1.36926
1.36920
1.36915
1.36910
1.36905
1.36900
1.36894
1.36889
1.36884
1.36879
1.36874
1.36868
1.36863
1.36858
1.36853
1.36848
1.36842
1.36837
1.36832
1.36827
1.36821
1.36816
1.36811
1.36806
1.36801
1.36795
1.36790
1.36785
1.36780
1.36775
1.36769
1.36764
1.36759
1.36754
1.36749
1.36743
1.36738
1.36733
1.36728
1.36723
1.36717
1.36712
1.36707
1.36702
1.36697
1.36691
1.36686
1.36681
1.36676
1.36670
1.36665
1.36660
1.36655
1.36650
1.36644
1.36639
1.36634
1.36629
1.36624
1.36618
1.36613
1.36608
1.36603
1.36598
1.36592
1.36587
1.36582
1.36577
1.36572
1.36566
1.36561
1.36556
1.36551
1.36546
1.36540
1.36535
1.36530
1.36525
1.36520
1.36514
1.36509
1.36504
1.36499
1.36493
1.36488
1.36483
1.36478
1.36473
1.36467
1.36462
1.36457
1.36452
1.36447
1.36441
1.36436
1.36431
1.36426
1.36421
1.36415
1.36410
1.36405
1.36400
1.36395
1.36389
1.36384
1.36379
1.36374
1.36369
1.36363
1.36358
1.36353
1.36348
1.36342
1.36337
1.36332
1.36327
1.36322
1.36316
1.36311
1.36306
1.36301
1.36296
1.36290
1.36285
1.36280
1.36275
1.36270
1.36264
1.36259
1.36254
1.36249
1.36244
1.36238
1.36233
1.36228
1.36223
1.36218
1.36212
1.36207
1.36202
1.36197
1.36191
1.36186
1.36181
1.36176
1.36171
1.36165
1.36160
1.36155
1.36150
1.36145
1.36139
1.36134
1.36129
1.36124
1.36119
1.36113
1.36108
1.36103
1.36098
1.36093
1.36087
1.36082
1.36077
1.36072
1.36067
1.36061
1.36056
1.36051
1.36046
1.36040
1.36035
1.36030
1.36025
1.36020
1.36014
1.36009
1.36004
1.35999
1.35994
1.35988
1.35983
1.35978
1.35973
1.35968
1.35962
1.35957
1.35952
1.35947
1.35942
1.35936
1.35931
1.35926
1.35921
1.35916
1.35910
1.35905
1.35900
1.35895
1.35890
1.35884
1.35879
1.35874
1.35869
1.35863
1.35858
1.35853
1.35848
1.35843
1.35837
1.35832
1.35827
1.35822
1.35817
1.35811
1.35806
1.35801
1.35796
1.35791
1.35785
1.35780
1.35775
1.35770
1.35765
1.35759
1.35754
1.35749
1.35744
1.35739
1.35733
1.35728
1.35723
1.35718
1.35712
1.35707
1.35702
1.35697
1.35692
1.35686
1.35681
1.35676
1.35671
1.35666
1.35660
1.35655
1.35650
1.35645
1.35640
1.35634
1.35629
1.35624
1.35619
1.35614
1.35608
1.35603
1.35598
1.35593
1.35588
1.35582
1.35577
1.35572
1.35567
1.35561
1.35556
1.35551
1.35546
1.35541
1.35535
1.35530
1.35525
1.35520
1.35515
1.35509
1.35504
1.35499
1.35494
1.35489
1.35483
1.35478
1.35473
1.35468
1.35463
1.35457
1.35452
1.35447
1.35442
1.35437
1.35431
1.35426
1.35421
1.35416
1.35410
1.35405
1.35400
1.35395
1.35390
1.35384
1.35379
1.35374
1.35369
1.35364
1.35358
1.35353
1.35348
1.35343
1.35338
1.35332
1.35327
1.35322
1.35317
1.35312
1.35306
1.35301
1.35296
1.35291
1.35286
1.35280
1.35275
1.35270
1.35265
1.35260
1.35254
1.35249
1.35244
1.35239
1.35233
1.35228
1.35223
1.35218
1.35213
1.35207
1.35202
1.35197
1.35192
1.35187
1.35181
1.35176
1.35171
1.35166
1.35161
1.35155
1.35150
1.35145
1.35140
1.35135
1.35129
1.35124
1.35119
1.35114
1.35109
1.35103
1.35098
1.35093
1.35088
1.35082
1.35077
1.35072
1.35067
1.35062
1.35056
1.35051
1.35046
1.35041
1.35036
1.35030
1.35025
1.35020
1.35015
1.35010
1.35004
1.34999
1.34994
1.34989
1.34984
1.34978
1.34973
1.34968
1.34963
1.34958
1.34952
1.34947
1.34942
1.34937
1.34931
1.34926
1.34921
1.34916
1.34911
1.34905
1.34900
1.34895
1.34890
1.34885
1.34879
1.34874
1.34869
1.34864
1.34859
1.34853
1.34848
1.34843
1.34838
1.34833
1.34827
1.34822
1.34817
1.34812
1.34807
1.34801
1.34796
1.34791
1.34786
1.34781
1.34775
1.34770
1.34765
1.34760
1.34754
1.34749
1.34744
1.34739
1.34734
1.34728
1.34723
1.34718
1.34713
1.34708
1.34702
1.34697
1.34692
1.34687
1.34682
1.34676
1.34671
1.34666
1.34661
1.34656
1.34650
1.34645
1.34640
1.34635
1.34630
1.34624
1.34619
1.34614
1.34609
1.34603
1.34598
1.34593
1.34588
1.34583
1.34577
1.34572
1.34567
1.34562
1.34557
1.34551
1.34546
1.34541
1.34536
1.34531
1.34525
1.34520
1.34515
1.34510
1.34505
1.34499
1.34494
1.34489
1.34484
1.34479
1.34473
1.34468
1.34463
1.34458
1.34452
1.34447
1.34442
1.34437
1.34432
1.34426
1.34421
1.34416
1.34411
1.34406
1.34400
1.34395
1.34390
1.34385
1.34380
1.34374
1.34369
1.34364
1.34359
1.34354
1.34348
1.34343
1.34338
1.34333
1.34328
1.34322
1.34317
1.34312
1.34307
1.34302
1.34296
1.34291
1.34286
1.34281
1.34275
1.34270
1.34265
1.34260
1.34255
1.34249
1.34244
1.34239
1.34234
1.34229
1.34223
1.34218
1.34213
1.34208
1.34203
1.34197
1.34192
1.34187
1.34182
1.34177
1.34171
1.34166
1.34161
1.34156
1.34151
1.34145
1.34140
1.34135
1.34130
1.34124
1.34119
1.34114
1.34109
1.34104
1.34098
1.34093
1.34088
1.34083
1.34078
1.34072
1.34067
1.34062
1.34057
1.34052
1.34046
1.34041
1.34036
1.34031
1.34026
1.34020
1.34015
1.34010
1.34005
1.34000
1.33994
1.33989
1.33984
1.33979
1.33973
1.33968
1.33963
1.33958
1.33953
1.33947
1.33942
1.33937
1.33932
1.33927
1.33921
1.33916
1.33911
1.33906
1.33901
1.33895
1.33890
1.33885
1.33880
1.33875
1.33869
1.33864
1.33859
1.33854
1.33849
1.33843
1.33838
1.33833
1.33828
1.33823
1.33817
1.33812
1.33807
1.33802
1.33796
1.33791
1.33786
1.33781
1.33776
1.33770
1.33765
1.33760
1.33755
1.33750
1.33744
1.33739
1.33734
1.33729
1.33724
1.33718
1.33713
1.33708
1.33703
1.33698
1.33692
1.33687
1.33682
1.33677
1.33672
1.33666
1.33661
1.33656
1.33651
1.33645
1.33640
1.33635
1.33630
1.33625
1.33619
1.33614
1.33609
1.33604
1.33599
1.33593
1.33588
1.33583
1.33578
1.33573
1.33567
1.33562
1.33557
1.33552
1.33547
1.33541
1.33536
1.33531
1.33526
1.33521
1.33515
1.33510
1.33505
1.33500
1.33494
1.33489
1.33484
1.33479
1.33474
1.33468
1.33463
1.33458
1.33453
1.33448
1.33442
1.33437
1.33432
1.33427
1.33422
1.33416
1.33411
1.33406
1.33401
1.33396
1.33390
1.33385
1.33380
1.33375
1.33370
1.33364
1.33359
1.33354
1.33349
1.33344
1.33338
1.33333
1.33328
1.33323
1.33317
1.33312
1.33307
1.33302
1.33297
1.33291
1.33286
1.33281
1.33276
1.33271
1.33265
1.33260
1.33255
1.33250
1.33245
1.33239
1.33234
1.33229
1.33224
1.33219
1.33213
1.33208
1.33203
1.33198
1.33193
1.33187
1.33182
1.33177
1.33172
1.33166
1.33161
1.33156
1.33151
1.33146
1.33140
1.33135
1.33130
1.33125
1.33120
1.33114
1.33109
1.33104
1.33099
1.33094
1.33088
1.33083
1.33078
1.33073
1.33068
1.33062
1.33057
1.33052
1.33047
1.33042
1.33036
1.33031
1.33026
1.33021
1.33016
1.33010
1.33005
1.33000
1.32995
1.32989
1.32984
1.32979
1.32974
1.32969
1.32963
1.32958
1.32953
1.32948
1.32943
1.32937
1.32932
1.32927
1.32922
1.32917
1.32911
1.32906
1.32901
1.32896
1.32891
1.32885
1.32880
1.32875
1.32870
1.32865
1.32859
1.32854
1.32849
1.32844
1.32838
1.32833
1.32828
1.32823
1.32818
1.32812
1.32807
1.32802
1.32797
1.32792
1.32786
1.32781
1.32776
1.32771
1.32766
1.32760
1.32755
1.32750
1.32745
1.32740
1.32734
1.32729
1.32724
1.32719
1.32714
1.32708
1.32703
1.32698
1.32693
1.32687
1.32682
1.32677
1.32672
1.32667
1.32661
1.32656
1.32651
1.32646
1.32641
1.32635
1.32630
1.32625
1.32620
1.32615
1.32609
1.32604
1.32599
1.32594
1.32589
1.32583
1.32578
1.32573
1.32568
1.32563
1.32557
1.32552
1.32547
1.32542
1.32537
1.32531
1.32526
1.32521
1.32516
1.32510
1.32505
1.32500
1.32495
1.32490
1.32484
1.32479
1.32474
1.32469
1.32464
1.32458
1.32453
1.32448
1.32443
1.32438
1.32432
1.32427
1.32422
1.32417
1.32412
1.32406
1.32401
1.32396
1.32391
1.32386
1.32380
1.32375
1.32370
1.32365
1.32359
1.32354
1.32349
1.32344
1.32339
1.32333
1.32328
1.32323
1.32318
1.32313
1.32307
1.32302
1.32297
1.32292
1.32287
1.32281
1.32276
1.32271
1.32266
1.32261
1.32255
1.32250
1.32245
1.32240
1.32235
1.32229
1.32224
1.32219
1.32214
1.32209
1.32203
1.32198
1.32193
1.32188
1.32182
1.32177
1.32172
1.32167
1.32162
1.32156
1.32151
1.32146
1.32141
1.32136
1.32130
1.32125
1.32120
1.32115
1.32110
1.32104
1.32099
1.32094
1.32089
1.32084
1.32078
1.32073
1.32068
1.32063
1.32058
1.32052
1.32047
1.32042
1.32037
1.32031
1.32026
1.32021
1.32016
1.32011
1.32005
1.32000
1.31995
1.31990
1.31985
1.31979
1.31974
1.31969
1.31964
1.31959
1.31953
1.31948
1.31943
1.31938
1.31933
1.31927
1.31922
1.31917
1.31912
1.31907
1.31901
1.31896
1.31891
1.31886
1.31881
1.31875
1.31870
1.31865
1.31860
1.31854
1.31849
1.31844
1.31839
1.31834
1.31828
1.31823
1.31818
1.31813
1.31808
1.31802
1.31797
1.31792
1.31787
1.31782
1.31776
1.31771
1.31766
1.31761
1.31756
1.31750
1.31745
1.31740
1.31735
1.31730
1.31724
1.31719
1.31714
1.31709
1.31703
1.31698
1.31693
1.31688
1.31683
1.31677
1.31672
1.31667
1.31662
1.31657
1.31651
1.31646
1.31641
1.31636
1.31631
1.31625
1.31620
1.31615
1.31610
1.31605
1.31599
1.31594
1.31589
1.31584
1.31579
1.31573
1.31568
1.31563
1.31558
1.31553
1.31547
1.31542
1.31537
1.31532
1.31526
1.31521
1.31516
1.31511
1.31506
1.31500
1.31495
1.31490
1.31485
1.31480
1.31474
1.31469
1.31464
1.31459
1.31454
1.31448
1.31443
1.31438
1.31433
1.31428
1.31422
1.31417
1.31412
1.31407
1.31402
1.31396
1.31391
1.31386
1.31381
1.31375
1.31370
1.31365
1.31360
1.31355
1.31349
1.31344
1.31339
1.31334
1.31329
1.31323
1.31318
1.31313
1.31308
1.31303
1.31297
1.31292
1.31287
1.31282
1.31277
1.31271
1.31266
1.31261
1.31256
1.31251
1.31245
1.31240
1.31235
1.31230
1.31224
1.31219
1.31214
1.31209
1.31204
1.31198
1.31193
1.31188
1.31183
1.31178
1.31172
1.31167
1.31162
1.31157
1.31152
1.31146
1.31141
1.31136
1.31131
1.31126
1.31120
1.31115
1.31110
1.31105
1.31100
1.31094
1.31089
1.31084
1.31079
1.31074
1.31068
1.31063
1.31058
1.31053
1.31047
1.31042
1.31037
1.31032
1.31027
1.31021
1.31016
1.31011
1.31006
1.31001
1.30995
1.30990
1.30985
1.30980
1.30975
1.30969
1.30964
1.30959
1.30954
1.30949
1.30943
1.30938
1.30933
1.30928
1.30923
1.30917
1.30912
1.30907
1.30902
1.30896
1.30891
1.30886
1.30881
1.30876
1.30870
1.30865
1.30860
1.30855
1.30850
1.30844
1.30839
1.30834
1.30829
1.30824
1.30818
1.30813
1.30808
1.30803
1.30798
1.30792
1.30787
1.30782
1.30777
1.30772
1.30766
1.30761
1.30756
1.30751
1.30746
1.30740
1.30735
1.30730
1.30725
1.30719
1.30714
1.30709
1.30704
1.30699
1.30693
1.30688
1.30683
1.30678
1.30673
1.30667
1.30662
1.30657
1.30652
1.30647
1.30641
1.30636
1.30631
1.30626
1.30621
1.30615
1.30610
1.30605
1.30600
1.30595
1.30589
1.30584
1.30579
1.30574
1.30569
1.30563
1.30558
1.30553
1.30548
1.30542
1.30537
1.30532
1.30527
1.30522
1.30516
1.30511
1.30506
1.30501
1.30496
1.30490
1.30485
1.30480
1.30475
1.30470
1.30464
1.30459
1.30454
1.30449
1.30444
1.30438
1.30433
1.30428
1.30423
1.30418
1.30412
1.30407
1.30402
1.30397
1.30391
1.30386
1.30381
1.30376
1.30371
1.30365
1.30360
1.30355
1.30350
1.30345
1.30339
1.30334
1.30329
1.30324
1.30319
1.30313
1.30308
1.30303
1.30298
1.30293
1.30287
1.30282
1.30277
1.30272
1.30267
1.30261
1.30256
1.30251
1.30246
1.30241
1.30235
1.30230
1.30225
1.30220
1.30214
1.30209
1.30204
1.30199
1.30194
1.30188
1.30183
1.30178
1.30173
1.30168
1.30162
1.30157
1.30152
1.30147
1.30142
1.30136
1.30131
1.30126
1.30121
1.30116
1.30110
1.30105
1.30100
1.30095
1.30090
1.30084
1.30079
1.30074
1.30069
1.30063
1.30058
1.30053
1.30048
1.30043
1.30037
1.30032
1.30027
1.30022
1.30017
1.30011
1.30006
1.30001
1.29996
1.29991
1.29985
1.29980
1.29975
1.29970
1.29965
1.29959
1.29954
1.29949
1.29944
1.29939
1.29933
1.29928
1.29923
1.29918
1.29913
1.29907
1.29902
1.29897
1.29892
1.29886
1.29881
1.29876
1.29871
1.29866
1.29860
1.29855
1.29850
1.29845
1.29840
1.29834
1.29829
1.29824
1.29819
1.29814
1.29808
1.29803
1.29798
1.29793
1.29788
1.29782
1.29777
1.29772
1.29767
1.29762
1.29756
1.29751
1.29746
1.29741
1.29735
1.29730
1.29725
1.29720
1.29715
1.29709
1.29704
1.29699
1.29694
1.29689
1.29683
1.29678
1.29673
1.29668
1.29663
1.29657
1.29652
1.29647
1.29642
1.29637
1.29631
1.29626
1.29621
1.29616
1.29611
1.29605
1.29600
1.29595
1.29590
1.29585
1.29579
1.29574
1.29569
1.29564
1.29558
1.29553
1.29548
1.29543
1.29538
1.29532
1.29527
1.29522
1.29517
1.29512
1.29506
1.29501
1.29496
1.29491
1.29486
1.29480
1.29475
1.29470
1.29465
1.29460
1.29454
1.29449
1.29444
1.29439
1.29434
1.29428
1.29423
1.29418
1.29413
1.29407
1.29402
1.29397
1.29392
1.29387
1.29381
1.29376
1.29371
1.29366
1.29361
1.29355
1.29350
1.29345
1.29340
1.29335
1.29329
1.29324
1.29319
1.29314
1.29309
1.29303
1.29298
1.29293
1.29288
1.29283
1.29277
1.29272
1.29267
1.29262
1.29257
1.29251
1.29246
1.29241
1.29236
1.29230
1.29225
1.29220
1.29215
1.29210
1.29204
1.29199
1.29194
1.29189
1.29184
1.29178
1.29173
1.29168
1.29163
1.29158
1.29152
1.29147
1.29142
1.29137
1.29132
1.29126
1.29121
1.29116
1.29111
1.29106
1.29100
1.29095
1.29090
1.29085
1.29080
1.29074
1.29069
1.29064
1.29059
1.29053
1.29048
1.29043
1.29038
1.29033
1.29027
1.29022
1.29017
1.29012
1.29007
1.29001
1.28996
1.28991
1.28986
1.28981
1.28975
1.28970
1.28965
1.28960
1.28955
1.28949
1.28944
1.28939
1.28934
1.28929
1.28923
1.28918
1.28913
1.28908
1.28902
1.28897
1.28892
1.28887
1.28882
1.28876
1.28871
1.28866
1.28861
1.28856
1.28850
1.28845
1.28840
1.28835
1.28830
1.28824
1.28819
1.28814
1.28809
1.28804
1.28798
1.28793
1.28788
1.28783
1.28778
1.28772
1.28767
1.28762
1.28757
1.28752
1.28746
1.28741
1.28736
1.28731
1.28725
1.28720
1.28715
1.28710
1.28705
1.28699
1.28694
1.28689
1.28684
1.28679
1.28673
1.28668
1.28663
1.28658
1.28653
1.28647
1.28642
1.28637
1.28632
1.28627
1.28621
1.28616
1.28611
1.28606
1.28601
1.28595
1.28590
1.28585
1.28580
1.28575
1.28569
1.28564
1.28559
1.28554
1.28548
1.28543
1.28538
1.28533
1.28528
1.28522
1.28517
1.28512
1.28507
1.28502
1.28496
1.28491
1.28486
1.28481
1.28476
1.28470
1.28465
1.28460
1.28455
1.28450
1.28444
1.28439
1.28434
1.28429
1.28424
1.28418
1.28413
1.28408
1.28403
1.28397
1.28392
1.28387
1.28382
1.28377
1.28371
1.28366
1.28361
1.28356
1.28351
1.28345
1.28340
1.28335
1.28330
1.28325
1.28319
1.28314
1.28309
1.28304
1.28299
1.28293
1.28288
1.28283
1.28278
1.28273
1.28267
1.28262
1.28257
1.28252
1.28247
1.28241
1.28236
1.28231
1.28226
1.28220
1.28215
1.28210
1.28205
1.28200
1.28194
1.28189
1.28184
1.28179
1.28174
1.28168
1.28163
1.28158
1.28153
1.28148
1.28142
1.28137
1.28132
1.28127
1.28122
1.28116
1.28111
1.28106
1.28101
1.28096
1.28090
1.28085
1.28080
1.28075
1.28069
1.28064
1.28059
1.28054
1.28049
1.28043
1.28038
1.28033
1.28028
1.28023
1.28017
1.28012
1.28007
1.28002
1.27997
1.27991
1.27986
1.27981
1.27976
1.27971
1.27965
1.27960
1.27955
1.27950
1.27945
1.27939
1.27934
1.27929
1.27924
1.27919
1.27913
1.27908
1.27903
1.27898
1.27892
1.27887
1.27882
1.27877
1.27872
1.27866
1.27861
1.27856
1.27851
1.27846
1.27840
1.27835
1.27830
1.27825
1.27820
1.27814
1.27809
1.27804
1.27799
1.27794
1.27788
1.27783
1.27778
1.27773
1.27768
1.27762
1.27757
1.27752
1.27747
1.27742
1.27736
1.27731
1.27726
1.27721
1.27715
1.27710
1.27705
1.27700
1.27695
1.27689
1.27684
1.27679
1.27674
1.27669
1.27663
1.27658
1.27653
1.27648
1.27643
1.27637
1.27632
1.27627
1.27622
1.27617
1.27611
1.27606
1.27601
1.27596
1.27591
1.27585
1.27580
1.27575
1.27570
1.27564
1.27559
1.27554
1.27549
1.27544
1.27538
1.27533
1.27528
1.27523
1.27518
1.27512
1.27507
1.27502
1.27497
1.27492
1.27486
1.27481
1.27476
1.27471
1.27466
1.27460
1.27455
1.27450
1.27445
1.27440
1.27434
1.27429
1.27424
1.27419
1.27414
1.27408
1.27403
1.27398
1.27393
1.27387
1.27382
1.27377
1.27372
1.27367
1.27361
1.27356
1.27351
1.27346
1.27341
1.27335
1.27330
1.27325
1.27320
1.27315
1.27309
1.27304
1.27299
1.27294
1.27289
1.27283
1.27278
1.27273
1.27268
1.27263
1.27257
1.27252
1.27247
1.27242
1.27237
1.27231
1.27226
1.27221
1.27216
1.27210
1.27205
1.27200
1.27195
1.27190
1.27184
1.27179
1.27174
1.27169
1.27164
1.27158
1.27153
1.27148
1.27143
1.27138
1.27132
1.27127
1.27122
1.27117
1.27112
1.27106
1.27101
1.27096
1.27091
1.27086
1.27080
1.27075
1.27070
1.27065
1.27060
1.27054
1.27049
1.27044
1.27039
1.27033
1.27028
1.27023
1.27018
1.27013
1.27007
1.27002
1.26997
1.26992
1.26987
1.26981
1.26976
1.26971
1.26966
1.26961
1.26955
1.26950
1.26945
1.26940
1.26935
1.26929
1.26924
1.26919
1.26914
1.26909
1.26903
1.26898
1.26893
1.26888
1.26882
1.26877
1.26872
1.26867
1.26862
1.26856
1.26851
1.26846
1.26841
1.26836
1.26830
1.26825
1.26820
1.26815
1.26810
1.26804
1.26799
1.26794
1.26789
1.26784
1.26778
1.26773
1.26768
1.26763
1.26758
1.26752
1.26747
1.26742
1.26737
1.26732
1.26726
1.26721
1.26716
1.26711
1.26705
1.26700
1.26695
1.26690
1.26685
1.26679
1.26674
1.26669
1.26664
1.26659
1.26653
1.26648
1.26643
1.26638
1.26633
1.26627
1.26622
1.26617
1.26612
1.26607
1.26601
1.26596
1.26591
1.26586
1.26581
1.26575
1.26570
1.26565
1.26560
1.26555
1.26549
1.26544
1.26539
1.26534
1.26528
1.26523
1.26518
1.26513
1.26508
1.26502
1.26497
1.26492
1.26487
1.26482
1.26476
1.26471
1.26466
1.26461
1.26456
1.26450
1.26445
1.26440
1.26435
1.26430
1.26424
1.26419
1.26414
1.26409
1.26404
1.26398
1.26393
1.26388
1.26383
1.26378
1.26372
1.26367
1.26362
1.26357
1.26351
1.26346
1.26341
1.26336
1.26331
1.26325
1.26320
1.26315
1.26310
1.26305
1.26299
1.26294
1.26289
1.26284
1.26279
1.26273
1.26268
1.26263
1.26258
1.26253
1.26247
1.26242
1.26237
1.26232
1.26227
1.26221
1.26216
1.26211
1.26206
1.26200
1.26195
1.26190
1.26185
1.26180
1.26174
1.26169
1.26164
1.26159
1.26154
1.26148
1.26143
1.26138
1.26133
1.26128
1.26122
1.26117
1.26112
1.26107
1.26102
1.26096
1.26091
1.26086
1.26081
1.26076
1.26070
1.26065
1.26060
1.26055
1.26050
1.26044
1.26039
1.26034
1.26029
1.26023
1.26018
1.26013
1.26008
1.26003
1.25997
1.25992
1.25987
1.25982
1.25977
1.25971
1.25966
1.25961
1.25956
1.25951
1.25945
1.25940
1.25935
1.25930
1.25925
1.25919
1.25914
1.25909
1.25904
1.25899
1.25893
1.25888
1.25883
1.25878
1.25873
1.25867
1.25862
1.25857
1.25852
1.25846
1.25841
1.25836
1.25831
1.25826
1.25820
1.25815
1.25810
1.25805
1.25800
1.25794
1.25789
1.25784
1.25779
1.25774
1.25768
1.25763
1.25758
1.25753
1.25748
1.25742
1.25737
1.25732
1.25727
1.25722
1.25716
1.25711
1.25706
1.25701
1.25696
1.25690
1.25685
1.25680
1.25675
1.25669
1.25664
1.25659
1.25654
1.25649
1.25643
1.25638
1.25633
1.25628
1.25623
1.25617
1.25612
1.25607
1.25602
1.25597
1.25591
1.25586
1.25581
1.25576
1.25571
1.25565
1.25560
1.25555
1.25550
1.25545
1.25539
1.25534
1.25529
1.25524
1.25518
1.25513
1.25508
1.25503
1.25498
1.25492
1.25487
1.25482
1.25477
1.25472
1.25466
1.25461
1.25456
1.25451
1.25446
1.25440
1.25435
1.25430
1.25425
1.25420
1.25414
1.25409
1.25404
1.25399
1.25394
1.25388
1.25383
1.25378
1.25373
1.25368
1.25362
1.25357
1.25352
1.25347
1.25341
1.25336
1.25331
1.25326
1.25321
1.25315
1.25310
1.25305
1.25300
1.25295
1.25289
1.25284
1.25279
1.25274
1.25269
1.25263
1.25258
1.25253
1.25248
1.25243
1.25237
1.25232
1.25227
1.25222
1.25217
1.25211
1.25206
1.25201
1.25196
1.25191
1.25185
1.25180
1.25175
1.25170
1.25164
1.25159
1.25154
1.25149
1.25144
1.25138
1.25133
1.25128
1.25123
1.25118
1.25112
1.25107
1.25102
1.25097
1.25092
1.25086
1.25081
1.25076
1.25071
1.25066
1.25060
1.25055
1.25050
1.25045
1.25040
1.25034
1.25029
1.25024
1.25019
1.25014
1.25008
1.25003
1.24998
1.24993
1.24987
1.24982
1.24977
1.24972
1.24967
1.24961
1.24956
1.24951
1.24946
1.24941
1.24935
1.24930
1.24925
1.24920
1.24915
1.24909
1.24904
1.24899
1.24894
1.24889
1.24883
1.24878
1.24873
1.24868
1.24863
1.24857
1.24852
1.24847
1.24842
1.24837
1.24831
1.24826
1.24821
1.24816
1.24810
1.24805
1.24800
1.24795
1.24790
1.24784
1.24779
1.24774
1.24769
1.24764
1.24758
1.24753
1.24748
1.24743
1.24738
1.24732
1.24727
1.24722
1.24717
1.24712
1.24706
1.24701
1.24696
1.24691
1.24686
1.24680
1.24675
1.24670
1.24665
1.24660
1.24654
1.24649
1.24644
1.24639
1.24633
1.24628
1.24623
1.24618
1.24613
1.24607
1.24602
1.24597
1.24592
1.24587
1.24581
1.24576
1.24571
1.24566
1.24561
1.24555
1.24550
1.24545
1.24540
1.24535
1.24529
1.24524
1.24519
1.24514
1.24509
1.24503
1.24498
1.24493
1.24488
1.24482
1.24477
1.24472
1.24467
1.24462
1.24456
1.24451
1.24446
1.24441
1.24436
1.24430
1.24425
1.24420
1.24415
1.24410
1.24404
1.24399
1.24394
1.24389
1.24384
1.24378
1.24373
1.24368
1.24363
1.24358
1.24352
1.24347
1.24342
1.24337
1.24332
1.24326
1.24321
1.24316
1.24311
1.24305
1.24300
1.24295
1.24290
1.24285
1.24279
1.24274
1.24269
1.24264
1.24259
1.24253
1.24248
1.24243
1.24238
1.24233
1.24227
1.24222
1.24217
1.24212
1.24207
1.24201
1.24196
1.24191
1.24186
1.24181
1.24175
1.24170
1.24165
1.24160
1.24155
1.24149
1.24144
1.24139
1.24134
1.24128
1.24123
1.24118
1.24113
1.24108
1.24102
1.24097
1.24092
1.24087
1.24082
1.24076
1.24071
1.24066
1.24061
1.24056
1.24050
1.24045
1.24040
1.24035
1.24030
1.24024
1.24019
1.24014
1.24009
1.24004
1.23998
1.23993
1.23988
1.23983
1.23978
1.23972
1.23967
1.23962
1.23957
1.23951
1.23946
1.23941
1.23936
1.23931
1.23925
1.23920
1.23915
1.23910
1.23905
1.23899
1.23894
1.23889
1.23884
1.23879
1.23873
1.23868
1.23863
1.23858
1.23853
1.23847
1.23842
1.23837
1.23832
1.23827
1.23821
1.23816
1.23811
1.23806
1.23801
1.23795
1.23790
1.23785
1.23780
1.23774
1.23769
1.23764
1.23759
1.23754
1.23748
1.23743
1.23738
1.23733
1.23728
1.23722
1.23717
1.23712
1.23707
1.23702
1.23696
1.23691
1.23686
1.23681
1.23676
1.23670
1.23665
1.23660
1.23655
1.23650
1.23644
1.23639
1.23634
1.23629
1.23624
1.23618
1.23613
1.23608
1.23603
1.23597
1.23592
1.23587
1.23582
1.23577
1.23571
1.23566
1.23561
1.23556
1.23551
1.23545
1.23540
1.23535
1.23530
1.23525
1.23519
1.23514
1.23509
1.23504
1.23499
1.23493
1.23488
1.23483
1.23478
1.23473
1.23467
1.23462
1.23457
1.23452
1.23447
1.23441
1.23436
1.23431
1.23426
1.23420
1.23415
1.23410
1.23405
1.23400
1.23394
1.23389
1.23384
1.23379
1.23374
1.23368
1.23363
1.23358
1.23353
1.23348
1.23342
1.23337
1.23332
1.23327
1.23322
1.23316
1.23311
1.23306
1.23301
1.23296
1.23290
1.23285
1.23280
1.23275
1.23270
1.23264
1.23259
1.23254
1.23249
1.23243
1.23238
1.23233
1.23228
1.23223
1.23217
1.23212
1.23207
1.23202
1.23197
1.23191
1.23186
1.23181
1.23176
1.23171
1.23165
1.23160
1.23155
1.23150
1.23145
1.23139
1.23134
1.23129
1.23124
1.23119
1.23113
1.23108
1.23103
1.23098
1.23093
1.23087
1.23082
1.23077
1.23072
1.23066
1.23061
1.23056
1.23051
1.23046
1.23040
1.23035
1.23030
1.23025
1.23020
1.23014
1.23009
1.23004
1.22999
1.22994
1.22988
1.22983
1.22978
1.22973
1.22968
1.22962
1.22957
1.22952
1.22947
1.22942
1.22936
1.22931
1.22926
1.22921
1.22916
1.22910
1.22905
1.22900
1.22895
1.22889
1.22884
1.22879
1.22874
1.22869
1.22863
1.22858
1.22853
1.22848
1.22843
1.22837
1.22832
1.22827
1.22822
1.22817
1.22811
1.22806
1.22801
1.22796
1.22791
1.22785
1.22780
1.22775
1.22770
1.22765
1.22759
1.22754
1.22749
1.22744
1.22739
1.22733
1.22728
1.22723
1.22718
1.22712
1.22707
1.22702
1.22697
1.22692
1.22686
1.22681
1.22676
1.22671
1.22666
1.22660
1.22655
1.22650
1.22645
1.22640
1.22634
1.22629
1.22624
1.22619
1.22614
1.22608
1.22603
1.22598
1.22593
1.22588
1.22582
1.22577
1.22572
1.22567
1.22562
1.22556
1.22551
1.22546
1.22541
1.22535
1.22530
1.22525
1.22520
1.22515
1.22509
1.22504
1.22499
1.22494
1.22489
1.22483
1.22478
1.22473
1.22468
1.22463
1.22457
1.22452
1.22447
1.22442
1.22437
1.22431
1.22426
1.22421
1.22416
1.22411
1.22405
1.22400
1.22395
1.22390
1.22385
1.22379
1.22374
1.22369
1.22364
1.22358
1.22353
1.22348
1.22343
1.22338
1.22332
1.22327
1.22322
1.22317
1.22312
1.22306
1.22301
1.22296
1.22291
1.22286
1.22280
1.22275
1.22270
1.22265
1.22260
1.22254
1.22249
1.22244
1.22239
1.22234
1.22228
1.22223
1.22218
1.22213
1.22208
1.22202
1.22197
1.22192
1.22187
1.22181
1.22176
1.22171
1.22166
1.22161
1.22155
1.22150
1.22145
1.22140
1.22135
1.22129
1.22124
1.22119
1.22114
1.22109
1.22103
1.22098
1.22093
1.22088
1.22083
1.22077
1.22072
1.22067
1.22062
1.22057
1.22051
1.22046
1.22041
1.22036
1.22031
1.22025
1.22020
1.22015
1.22010
1.22004
1.21999
1.21994
1.21989
1.21984
1.21978
1.21973
1.21968
1.21963
1.21958
1.21952
1.21947
1.21942
1.21937
1.21932
1.21926
1.21921
1.21916
1.21911
1.21906
1.21900
1.21895
1.21890
1.21885
1.21880
1.21874
1.21869
1.21864
1.21859
1.21854
1.21848
1.21843
1.21838
1.21833
1.21827
1.21822
1.21817
1.21812
1.21807
1.21801
1.21796
1.21791
1.21786
1.21781
1.21775
1.21770
1.21765
1.21760
1.21755
1.21749
1.21744
1.21739
1.21734
1.21729
1.21723
1.21718
1.21713
1.21708
1.21703
1.21697
1.21692
1.21687
1.21682
1.21677
1.21671
1.21666
1.21661
1.21656
1.21650
1.21645
1.21640
1.21635
1.21630
1.21624
1.21619
1.21614
1.21609
1.21604
1.21598
1.21593
1.21588
1.21583
1.21578
1.21572
1.21567
1.21562
1.21557
1.21552
1.21546
1.21541
1.21536
1.21531
1.21526
1.21520
1.21515
1.21510
1.21505
1.21500
1.21494
1.21489
1.21484
1.21479
1.21473
1.21468
1.21463
1.21458
1.21453
1.21447
1.21442
1.21437
1.21432
1.21427
1.21421
1.21416
1.21411
1.21406
1.21401
1.21395
1.21390
1.21385
1.21380
1.21375
1.21369
1.21364
1.21359
1.21354
1.21349
1.21343
1.21338
1.21333
1.21328
1.21323
1.21317
1.21312
1.21307
1.21302
1.21296
1.21291
1.21286
1.21281
1.21276
1.21270
1.21265
1.21260
1.21255
1.21250
1.21244
1.21239
1.21234
1.21229
1.21224
1.21218
1.21213
1.21208
1.21203
1.21198
1.21192
1.21187
1.21182
1.21177
1.21172
1.21166
1.21161
1.21156
1.21151
1.21146
1.21140
1.21135
1.21130
1.21125
1.21119
1.21114
1.21109
1.21104
1.21099
1.21093
1.21088
1.21083
1.21078
1.21073
1.21067
1.21062
1.21057
1.21052
1.21047
1.21041
1.21036
1.21031
1.21026
1.21021
1.21015
1.21010
1.21005
1.21000
1.20995
1.20989
1.20984
1.20979
1.20974
1.20969
1.20963
1.20958
1.20953
1.20948
1.20942
1.20937
1.20932
1.20927
1.20922
1.20916
1.20911
1.20906
1.20901
1.20896
1.20890
1.20885
1.20880
1.20875
1.20870
1.20864
1.20859
1.20854
1.20849
1.20844
1.20838
1.20833
1.20828
1.20823
1.20818
1.20812
1.20807
1.20802
1.20797
1.20792
1.20786
1.20781
1.20776
1.20771
1.20765
1.20760
1.20755
1.20750
1.20745
1.20739
1.20734
1.20729
1.20724
1.20719
1.20713
1.20708
1.20703
1.20698
1.20693
1.20687
1.20682
1.20677
1.20672
1.20667
1.20661
1.20656
1.20651
1.20646
1.20641
1.20635
1.20630
1.20625
1.20620
1.20615
1.20609
1.20604
1.20599
1.20594
1.20588
1.20583
1.20578
1.20573
1.20568
1.20562
1.20557
1.20552
1.20547
1.20542
1.20536
1.20531
1.20526
1.20521
1.20516
1.20510
1.20505
1.20500
1.20495
1.20490
1.20484
1.20479
1.20474
1.20469
1.20464
1.20458
1.20453
1.20448
1.20443
1.20438
1.20432
1.20427
1.20422
1.20417
1.20411
1.20406
1.20401
1.20396
1.20391
1.20385
1.20380
1.20375
1.20370
1.20365
1.20359
1.20354
1.20349
1.20344
1.20339
1.20333
1.20328
1.20323
1.20318
1.20313
1.20307
1.20302
1.20297
1.20292
1.20287
1.20281
1.20276
1.20271
1.20266
1.20261
1.20255
1.20250
1.20245
1.20240
1.20234
1.20229
1.20224
1.20219
1.20214
1.20208
1.20203
1.20198
1.20193
1.20188
1.20182
1.20177
1.20172
1.20167
1.20162
1.20156
1.20151
1.20146
1.20141
1.20136
1.20130
1.20125
1.20120
1.20115
1.20110
1.20104
1.20099
1.20094
1.20089
1.20084
1.20078
1.20073
1.20068
1.20063
1.20057
1.20052
1.20047
1.20042
1.20037
1.20031
1.20026
1.20021
1.20016
1.20011
1.20005
1.20000
1.19995
1.19990
1.19985
1.19979
1.19974
1.19969
1.19964
1.19959
1.19953
1.19948
1.19943
1.19938
1.19933
1.19927
1.19922
1.19917
1.19912
1.19907
1.19901
1.19896
1.19891
1.19886
1.19880
1.19875
1.19870
1.19865
1.19860
1.19854
1.19849
1.19844
1.19839
1.19834
1.19828
1.19823
1.19818
1.19813
1.19808
1.19802
1.19797
1.19792
1.19787
1.19782
1.19776
1.19771
1.19766
1.19761
1.19756
1.19750
1.19745
1.19740
1.19735
1.19730
1.19724
1.19719
1.19714
1.19709
1.19704
1.19698
1.19693
1.19688
1.19683
1.19677
1.19672
1.19667
1.19662
1.19657
1.19651
1.19646
1.19641
1.19636
1.19631
1.19625
1.19620
1.19615
1.19610
1.19605
1.19599
1.19594
1.19589
1.19584
1.19579
1.19573
1.19568
1.19563
1.19558
1.19553
1.19547
1.19542
1.19537
1.19532
1.19527
1.19521
1.19516
1.19511
1.19506
1.19500
1.19495
1.19490
1.19485
1.19480
1.19474
1.19469
1.19464
1.19459
1.19454
1.19448
1.19443
1.19438
1.19433
1.19428
1.19422
1.19417
1.19412
1.19407
1.19402
1.19396
1.19391
1.19386
1.19381
1.19376
1.19370
1.19365
1.19360
1.19355
1.19350
1.19344
1.19339
1.19334
1.19329
1.19323
1.19318
1.19313
1.19308
1.19303
1.19297
1.19292
1.19287
1.19282
1.19277
1.19271
1.19266
1.19261
1.19256
1.19251
1.19245
1.19240
1.19235
1.19230
1.19225
1.19219
1.19214
1.19209
1.19204
1.19199
1.19193
1.19188
1.19183
1.19178
1.19173
1.19167
1.19162
1.19157
1.19152
1.19146
1.19141
1.19136
1.19131
1.19126
1.19120
1.19115
1.19110
1.19105
1.19100
1.19094
1.19089
1.19084
1.19079
1.19074
1.19068
1.19063
1.19058
1.19053
1.19048
1.19042
1.19037
1.19032
1.19027
1.19022
1.19016
1.19011
1.19006
1.19001
1.18996
1.18990
1.18985
1.18980
1.18975
1.18969
1.18964
1.18959
1.18954
1.18949
1.18943
1.18938
1.18933
1.18928
1.18923
1.18917
1.18912
1.18907
1.18902
1.18897
1.18891
1.18886
1.18881
1.18876
1.18871
1.18865
1.18860
1.18855
1.18850
1.18845
1.18839
1.18834
1.18829
1.18824
1.18819
1.18813
1.18808
1.18803
1.18798
1.18793
1.18787
1.18782
1.18777
1.18772
1.18766
1.18761
1.18756
1.18751
1.18746
1.18740
1.18735
1.18730
1.18725
1.18720
1.18714
1.18709
1.18704
1.18699
1.18694
1.18688
1.18683
1.18678
1.18673
1.18668
1.18662
1.18657
1.18652
1.18647
1.18642
1.18636
1.18631
1.18626
1.18621
1.18616
1.18610
1.18605
1.18600
1.18595
1.18589
1.18584
1.18579
1.18574
1.18569
1.18563
1.18558
1.18553
1.18548
1.18543
1.18537
1.18532
1.18527
1.18522
1.18517
1.18511
1.18506
1.18501
1.18496
1.18491
1.18485
1.18480
1.18475
1.18470
1.18465
1.18459
1.18454
1.18449
1.18444
1.18439
1.18433
1.18428
1.18423
1.18418
1.18412
1.18407
1.18402
1.18397
1.18392
1.18386
1.18381
1.18376
1.18371
1.18366
1.18360
1.18355
1.18350
1.18345
1.18340
1.18334
1.18329
1.18324
1.18319
1.18314
1.18308
1.18303
1.18298
1.18293
1.18288
1.18282
1.18277
1.18272
1.18267
1.18262
1.18256
1.18251
1.18246
1.18241
1.18235
1.18230
1.18225
1.18220
1.18215
1.18209
1.18204
1.18199
1.18194
1.18189
1.18183
1.18178
1.18173
1.18168
1.18163
1.18157
1.18152
1.18147
1.18142
1.18137
1.18131
1.18126
1.18121
1.18116
1.18111
1.18105
1.18100
1.18095
1.18090
1.18085
1.18079
1.18074
1.18069
1.18064
1.18058
1.18053
1.18048
1.18043
1.18038
1.18032
1.18027
1.18022
1.18017
1.18012
1.18006
1.18001
1.17996
1.17991
1.17986
1.17980
1.17975
1.17970
1.17965
1.17960
1.17954
1.17949
1.17944
1.17939
1.17934
1.17928
1.17923
1.17918
1.17913
1.17908
1.17902
1.17897
1.17892
1.17887
1.17882
1.17876
1.17871
1.17866
1.17861
1.17855
1.17850
1.17845
1.17840
1.17835
1.17829
1.17824
1.17819
1.17814
1.17809
1.17803
1.17798
1.17793
1.17788
1.17783
1.17777
1.17772
1.17767
1.17762
1.17757
1.17751
1.17746
1.17741
1.17736
1.17731
1.17725
1.17720
1.17715
1.17710
1.17705
1.17699
1.17694
1.17689
1.17684
1.17678
1.17673
1.17668
1.17663
1.17658
1.17652
1.17647
1.17642
1.17637
1.17632
1.17626
1.17621
1.17616
1.17611
1.17606
1.17600
1.17595
1.17590
1.17585
1.17580
1.17574
1.17569
1.17564
1.17559
1.17554
1.17548
1.17543
1.17538
1.17533
1.17528
1.17522
1.17517
1.17512
1.17507
1.17501
1.17496
1.17491
1.17486
1.17481
1.17475
1.17470
1.17465
1.17460
1.17455
1.17449
1.17444
1.17439
1.17434
1.17429
1.17423
1.17418
1.17413
1.17408
1.17403
1.17397
1.17392
1.17387
1.17382
1.17377
1.17371
1.17366
1.17361
1.17356
1.17351
1.17345
1.17340
1.17335
1.17330
1.17325
1.17319
1.17314
1.17309
1.17304
1.17298
1.17293
1.17288
1.17283
1.17278
1.17272
1.17267
1.17262
1.17257
1.17252
1.17246
1.17241
1.17236
1.17231
1.17226
1.17220
1.17215
1.17210
1.17205
1.17200
1.17194
1.17189
1.17184
1.17179
1.17174
1.17168
1.17163
1.17158
1.17153
1.17148
1.17142
1.17137
1.17132
1.17127
1.17121
1.17116
1.17111
1.17106
1.17101
1.17095
1.17090
1.17085
1.17080
1.17075
1.17069
1.17064
1.17059
1.17054
1.17049
1.17043
1.17038
1.17033
1.17028
1.17023
1.17017
1.17012
1.17007
1.17002
1.16997
1.16991
1.16986
1.16981
1.16976
1.16971
1.16965
1.16960
1.16955
1.16950
1.16944
1.16939
1.16934
1.16929
1.16924
1.16918
1.16913
1.16908
1.16903
1.16898
1.16892
1.16887
1.16882
1.16877
1.16872
1.16866
1.16861
1.16856
1.16851
1.16846
1.16840
1.16835
1.16830
1.16825
1.16820
1.16814
1.16809
1.16804
1.16799
1.16794
1.16788
1.16783
1.16778
1.16773
1.16768
1.16762
1.16757
1.16752
1.16747
1.16741
1.16736
1.16731
1.16726
1.16721
1.16715
1.16710
1.16705
1.16700
1.16695
1.16689
1.16684
1.16679
1.16674
1.16669
1.16663
1.16658
1.16653
1.16648
1.16643
1.16637
1.16632
1.16627
1.16622
1.16617
1.16611
1.16606
1.16601
1.16596
1.16591
1.16585
1.16580
1.16575
1.16570
1.16564
1.16559
1.16554
1.16549
1.16544
1.16538
1.16533
1.16528
1.16523
1.16518
1.16512
1.16507
1.16502
1.16497
1.16492
1.16486
1.16481
1.16476
1.16471
1.16466
1.16460
1.16455
1.16450
1.16445
1.16440
1.16434
1.16429
1.16424
1.16419
1.16414
1.16408
1.16403
1.16398
1.16393
1.16387
1.16382
1.16377
1.16372
1.16367
1.16361
1.16356
1.16351
1.16346
1.16341
1.16335
1.16330
1.16325
1.16320
1.16315
1.16309
1.16304
1.16299
1.16294
1.16289
1.16283
1.16278
1.16273
1.16268
1.16263
1.16257
1.16252
1.16247
1.16242
1.16237
1.16231
1.16226
1.16221
1.16216
1.16211
1.16205
1.16200
1.16195
1.16190
1.16184
1.16179
1.16174
1.16169
1.16164
1.16158
1.16153
1.16148
1.16143
1.16138
1.16132
1.16127
1.16122
1.16117
1.16112
1.16106
1.16101
1.16096
1.16091
1.16086
1.16080
1.16075
1.16070
1.16065
1.16060
1.16054
1.16049
1.16044
1.16039
1.16034
1.16028
1.16023
1.16018
1.16013
1.16007
1.16002
1.15997
1.15992
1.15987
1.15981
1.15976
1.15971
1.15966
1.15961
1.15955
1.15950
1.15945
1.15940
1.15935
1.15929
1.15924
1.15919
1.15914
1.15909
1.15903
1.15898
1.15893
1.15888
1.15883
1.15877
1.15872
1.15867
1.15862
1.15857
1.15851
1.15846
1.15841
1.15836
1.15830
1.15825
1.15820
1.15815
1.15810
1.15804
1.15799
1.15794
1.15789
1.15784
1.15778
1.15773
1.15768
1.15763
1.15758
1.15752
1.15747
1.15742
1.15737
1.15732
1.15726
1.15721
1.15716
1.15711
1.15706
1.15700
1.15695
1.15690
1.15685
1.15680
1.15674
1.15669
1.15664
1.15659
1.15654
1.15648
1.15643
1.15638
1.15633
1.15627
1.15622
1.15617
1.15612
1.15607
1.15601
1.15596
1.15591
1.15586
1.15581
1.15575
1.15570
1.15565
1.15560
1.15555
1.15549
1.15544
1.15539
1.15534
1.15529
1.15523
1.15518
1.15513
1.15508
1.15503
1.15497
1.15492
1.15487
1.15482
1.15477
1.15471
1.15466
1.15461
1.15456
1.15450
1.15445
1.15440
1.15435
1.15430
1.15424
1.15419
1.15414
1.15409
1.15404
1.15398
1.15393
1.15388
1.15383
1.15378
1.15372
1.15367
1.15362
1.15357
1.15352
1.15346
1.15341
1.15336
1.15331
1.15326
1.15320
1.15315
1.15310
1.15305
1.15300
1.15294
1.15289
1.15284
1.15279
1.15274
1.15268
1.15263
1.15258
1.15253
1.15247
1.15242
1.15237
1.15232
1.15227
1.15221
1.15216
1.15211
1.15206
1.15201
1.15195
1.15190
1.15185
1.15180
1.15175
1.15169
1.15164
1.15159
1.15154
1.15149
1.15143
1.15138
1.15133
1.15128
1.15123
1.15117
1.15112
1.15107
1.15102
1.15097
1.15091
1.15086
1.15081
1.15076
1.15070
1.15065
1.15060
1.15055
1.15050
1.15044
1.15039
1.15034
1.15029
1.15024
1.15018
1.15013
1.15008
1.15003
1.14998
1.14992
1.14987
1.14982
1.14977
1.14972
1.14966
1.14961
1.14956
1.14951
1.14946
1.14940
1.14935
1.14930
1.14925
1.14920
1.14914
1.14909
1.14904
1.14899
1.14894
1.14888
1.14883
1.14878
1.14873
1.14867
1.14862
1.14857
1.14852
1.14847
1.14841
1.14836
1.14831
1.14826
1.14821
1.14815
1.14810
1.14805
1.14800
1.14795
1.14789
1.14784
1.14779
1.14774
1.14769
1.14763
1.14758
1.14753
1.14748
1.14743
1.14737
1.14732
1.14727
1.14722
1.14717
1.14711
1.14706
1.14701
1.14696
1.14690
1.14685
1.14680
1.14675
1.14670
1.14664
1.14659
1.14654
1.14649
1.14644
1.14638
1.14633
1.14628
1.14623
1.14618
1.14612
1.14607
1.14602
1.14597
1.14592
1.14586
1.14581
1.14576
1.14571
1.14566
1.14560
1.14555
1.14550
1.14545
1.14540
1.14534
1.14529
1.14524
1.14519
1.14514
1.14508
1.14503
1.14498
1.14493
1.14487
1.14482
1.14477
1.14472
1.14467
1.14461
1.14456
1.14451
1.14446
1.14441
1.14435
1.14430
1.14425
1.14420
1.14415
1.14409
1.14404
1.14399
1.14394
1.14389
1.14383
1.14378
1.14373
1.14368
1.14363
1.14357
1.14352
1.14347
1.14342
1.14337
1.14331
1.14326
1.14321
1.14316
1.14310
1.14305
1.14300
1.14295
1.14290
1.14284
1.14279
1.14274
1.14269
1.14264
1.14258
1.14253
1.14248
1.14243
1.14238
1.14232
1.14227
1.14222
1.14217
1.14212
1.14206
1.14201
1.14196
1.14191
1.14186
1.14180
1.14175
1.14170
1.14165
1.14160
1.14154
1.14149
1.14144
1.14139
1.14134
1.14128
1.14123
1.14118
1.14113
1.14107
1.14102
1.14097
1.14092
1.14087
1.14081
1.14076
1.14071
1.14066
1.14061
1.14055
1.14050
1.14045
1.14040
1.14035
1.14029
1.14024
1.14019
1.14014
1.14009
1.14003
1.13998
1.13993
1.13988
1.13983
1.13977
1.13972
1.13967
1.13962
1.13957
1.13951
1.13946
1.13941
1.13936
1.13930
1.13925
1.13920
1.13915
1.13910
1.13904
1.13899
1.13894
1.13889
1.13884
1.13878
1.13873
1.13868
1.13863
1.13858
1.13852
1.13847
1.13842
1.13837
1.13832
1.13826
1.13821
1.13816
1.13811
1.13806
1.13800
1.13795
1.13790
1.13785
1.13780
1.13774
1.13769
1.13764
1.13759
1.13754
1.13748
1.13743
1.13738
1.13733
1.13727
1.13722
1.13717
1.13712
1.13707
1.13701
1.13696
1.13691
1.13686
1.13681
1.13675
1.13670
1.13665
1.13660
1.13655
1.13649
1.13644
1.13639
1.13634
1.13629
1.13623
1.13618
1.13613
1.13608
1.13603
1.13597
1.13592
1.13587
1.13582
1.13577
1.13571
1.13566
1.13561
1.13556
1.13550
1.13545
1.13540
1.13535
1.13530
1.13524
1.13519
1.13514
1.13509
1.13504
1.13498
1.13493
1.13488
1.13483
1.13478
1.13472
1.13467
1.13462
1.13457
1.13452
1.13446
1.13441
1.13436
1.13431
1.13426
1.13420
1.13415
1.13410
1.13405
1.13400
1.13394
1.13389
1.13384
1.13379
1.13374
1.13368
1.13363
1.13358
1.13353
1.13347
1.13342
1.13337
1.13332
1.13327
1.13321
1.13316
1.13311
1.13306
1.13301
1.13295
1.13290
1.13285
1.13280
1.13275
1.13269
1.13264
1.13259
1.13254
1.13249
1.13243
1.13238
1.13233
1.13228
1.13223
1.13217
1.13212
1.13207
1.13202
1.13197
1.13191
1.13186
1.13181
1.13176
1.13170
1.13165
1.13160
1.13155
1.13150
1.13144
1.13139
1.13134
1.13129
1.13124
1.13118
1.13113
1.13108
1.13103
1.13098
1.13092
1.13087
1.13082
1.13077
1.13072
1.13066
1.13061
1.13056
1.13051
1.13046
1.13040
1.13035
1.13030
1.13025
1.13020
1.13014
1.13009
1.13004
1.12999
1.12994
1.12988
1.12983
1.12978
1.12973
1.12967
1.12962
1.12957
1.12952
1.12947
1.12941
1.12936
1.12931
1.12926
1.12921
1.12915
1.12910
1.12905
1.12900
1.12895
1.12889
1.12884
1.12879
1.12874
1.12869
1.12863
1.12858
1.12853
1.12848
1.12843
1.12837
1.12832
1.12827
1.12822
1.12817
1.12811
1.12806
1.12801
1.12796
1.12790
1.12785
1.12780
1.12775
1.12770
1.12764
1.12759
1.12754
1.12749
1.12744
1.12738
1.12733
1.12728
1.12723
1.12718
1.12712
1.12707
1.12702
1.12697
1.12692
1.12686
1.12681
1.12676
1.12671
1.12666
1.12660
1.12655
1.12650
1.12645
1.12640
1.12634
1.12629
1.12624
1.12619
1.12614
1.12608
1.12603
1.12598
1.12593
1.12587
1.12582
1.12577
1.12572
1.12567
1.12561
1.12556
1.12551
1.12546
1.12541
1.12535
1.12530
1.12525
1.12520
1.12515
1.12509
1.12504
1.12499
1.12494
1.12489
1.12483
1.12478
1.12473
1.12468
1.12463
1.12457
1.12452
1.12447
1.12442
1.12437
1.12431
1.12426
1.12421
1.12416
1.12411
1.12405
1.12400
1.12395
1.12390
1.12384
1.12379
1.12374
1.12369
1.12364
1.12358
1.12353
1.12348
1.12343
1.12338
1.12332
1.12327
1.12322
1.12317
1.12312
1.12306
1.12301
1.12296
1.12291
1.12286
1.12280
1.12275
1.12270
1.12265
1.12260
1.12254
1.12249
1.12244
1.12239
1.12234
1.12228
1.12223
1.12218
1.12213
1.12207
1.12202
1.12197
1.12192
1.12187
1.12181
1.12176
1.12171
1.12166
1.12161
1.12155
1.12150
1.12145
1.12140
1.12135
1.12129
1.12124
1.12119
1.12114
1.12109
1.12103
1.12098
1.12093
1.12088
1.12083
1.12077
1.12072
1.12067
1.12062
1.12057
1.12051
1.12046
1.12041
1.12036
1.12031
1.12025
1.12020
1.12015
1.12010
1.12004
1.11999
1.11994
1.11989
1.11984
1.11978
1.11973
1.11968
1.11963
1.11958
1.11952
1.11947
1.11942
1.11937
1.11932
1.11926
1.11921
1.11916
1.11911
1.11906
1.11900
1.11895
1.11890
1.11885
1.11880
1.11874
1.11869
1.11864
1.11859
1.11854
1.11848
1.11843
1.11838
1.11833
1.11828
1.11822
1.11817
1.11812
1.11807
1.11801
1.11796
1.11791
1.11786
1.11781
1.11775
1.11770
1.11765
1.11760
1.11755
1.11749
1.11744
1.11739
1.11734
1.11729
1.11723
1.11718
1.11713
1.11708
1.11703
1.11697
1.11692
1.11687
1.11682
1.11677
1.11671
1.11666
1.11661
1.11656
1.11651
1.11645
1.11640
1.11635
1.11630
1.11624
1.11619
1.11614
1.11609
1.11604
1.11598
1.11593
1.11588
1.11583
1.11578
1.11572
1.11567
1.11562
1.11557
1.11552
1.11546
1.11541
1.11536
1.11531
1.11526
1.11520
1.11515
1.11510
1.11505
1.11500
1.11494
1.11489
1.11484
1.11479
1.11474
1.11468
1.11463
1.11458
1.11453
1.11448
1.11442
1.11437
1.11432
1.11427
1.11421
1.11416
1.11411
1.11406
1.11401
1.11395
1.11390
1.11385
1.11380
1.11375
1.11369
1.11364
1.11359
1.11354
1.11349
1.11343
1.11338
1.11333
1.11328
1.11323
1.11317
1.11312
1.11307
1.11302
1.11297
1.11291
1.11286
1.11281
1.11276
1.11271
1.11265
1.11260
1.11255
1.11250
1.11245
1.11239
1.11234
1.11229
1.11224
1.11218
1.11213
1.11208
1.11203
1.11198
1.11192
1.11187
1.11182
1.11177
1.11172
1.11166
1.11161
1.11156
1.11151
1.11146
1.11140
1.11135
1.11130
1.11125
1.11120
1.11114
1.11109
1.11104
1.11099
1.11094
1.11088
1.11083
1.11078
1.11073
1.11068
1.11062
1.11057
1.11052
1.11047
1.11042
1.11036
1.11031
1.11026
1.11021
1.11015
1.11010
1.11005
1.11000
1.10995
1.10989
1.10984
1.10979
1.10974
1.10969
1.10963
1.10958
1.10953
1.10948
1.10943
1.10937
1.10932
1.10927
1.10922
1.10917
1.10911
1.10906
1.10901
1.10896
1.10891
1.10885
1.10880
1.10875
1.10870
1.10865
1.10859
1.10854
1.10849
1.10844
1.10838
1.10833
1.10828
1.10823
1.10818
1.10812
1.10807
1.10802
1.10797
1.10792
1.10786
1.10781
1.10776
1.10771
1.10766
1.10760
1.10755
1.10750
1.10745
1.10740
1.10734
1.10729
1.10724
1.10719
1.10714
1.10708
1.10703
1.10698
1.10693
1.10688
1.10682
1.10677
1.10672
1.10667
1.10662
1.10656
1.10651
1.10646
1.10641
1.10635
1.10630
1.10625
1.10620
1.10615
1.10609
1.10604
1.10599
1.10594
1.10589
1.10583
1.10578
1.10573
1.10568
1.10563
1.10557
1.10552
1.10547
1.10542
1.10537
1.10531
1.10526
1.10521
1.10516
1.10511
1.10505
1.10500
1.10495
1.10490
1.10485
1.10479
1.10474
1.10469
1.10464
1.10459
1.10453
1.10448
1.10443
1.10438
1.10432
1.10427
1.10422
1.10417
1.10412
1.10406
1.10401
1.10396
1.10391
1.10386
1.10380
1.10375
1.10370
1.10365
1.10360
1.10354
1.10349
1.10344
1.10339
1.10334
1.10328
1.10323
1.10318
1.10313
1.10308
1.10302
1.10297
1.10292
1.10287
1.10282
1.10276
1.10271
1.10266
1.10261
1.10256
1.10250
1.10245
1.10240
1.10235
1.10229
1.10224
1.10219
1.10214
1.10209
1.10203
1.10198
1.10193
1.10188
1.10183
1.10177
1.10172
1.10167
1.10162
1.10157
1.10151
1.10146
1.10141
1.10136
1.10131
1.10125
1.10120
1.10115
1.10110
1.10105
1.10099
1.10094
1.10089
1.10084
1.10079
1.10073
1.10068
1.10063
1.10058
1.10052
1.10047
1.10042
1.10037
1.10032
1.10026
1.10021
1.10016
1.10011
1.10006
1.10000
1.09995
1.09990
1.09985
1.09980
1.09974
1.09969
1.09964
1.09959
1.09954
1.09948
1.09943
1.09938
1.09933
1.09928
1.09922
1.09917
1.09912
1.09907
1.09902
1.09896
1.09891
1.09886
1.09881
1.09876
1.09870
1.09865
1.09860
1.09855
1.09849
1.09844
1.09839
1.09834
1.09829
1.09823
1.09818
1.09813
1.09808
1.09803
1.09797
1.09792
1.09787
1.09782
1.09777
1.09771
1.09766
1.09761
1.09756
1.09751
1.09745
1.09740
1.09735
1.09730
1.09725
1.09719
1.09714
1.09709
1.09704
1.09699
1.09693
1.09688
1.09683
1.09678
1.09673
1.09667
1.09662
1.09657
1.09652
1.09646
1.09641
1.09636
1.09631
1.09626
1.09620
1.09615
1.09610
1.09605
1.09600
1.09594
1.09589
1.09584
1.09579
1.09574
1.09568
1.09563
1.09558
1.09553
1.09548
1.09542
1.09537
1.09532
1.09527
1.09522
1.09516
1.09511
1.09506
1.09501
1.09496
1.09490
1.09485
1.09480
1.09475
1.09470
1.09464
1.09459
1.09454
1.09449
1.09443
1.09438
1.09433
1.09428
1.09423
1.09417
1.09412
1.09407
1.09402
1.09397
1.09391
1.09386
1.09381
1.09376
1.09371
1.09365
1.09360
1.09355
1.09350
1.09345
1.09339
1.09334
1.09329
1.09324
1.09319
1.09313
1.09308
1.09303
1.09298
1.09293
1.09287
1.09282
1.09277
1.09272
1.09267
1.09261
1.09256
1.09251
1.09246
1.09240
1.09235
1.09230
1.09225
1.09220
1.09214
1.09209
1.09204
1.09199
1.09194
1.09188
1.09183
1.09178
1.09173
1.09168
1.09162
1.09157
1.09152
1.09147
1.09142
1.09136
1.09131
1.09126
1.09121
1.09116
1.09110
1.09105
1.09100
1.09095
1.09090
1.09084
1.09079
1.09074
1.09069
1.09064
1.09058
1.09053
1.09048
1.09043
1.09037
1.09032
1.09027
1.09022
1.09017
1.09011
1.09006
1.09001
1.08996
1.08991
1.08985
1.08980
1.08975
1.08970
1.08965
1.08959
1.08954
1.08949
1.08944
1.08939
1.08933
1.08928
1.08923
1.08918
1.08913
1.08907
1.08902
1.08897
1.08892
1.08887
1.08881
1.08876
1.08871
1.08866
1.08861
1.08855
1.08850
1.08845
1.08840
1.08834
1.08829
1.08824
1.08819
1.08814
1.08808
1.08803
1.08798
1.08793
1.08788
1.08782
1.08777
1.08772
1.08767
1.08762
1.08756
1.08751
1.08746
1.08741
1.08736
1.08730
1.08725
1.08720
1.08715
1.08710
1.08704
1.08699
1.08694
1.08689
1.08684
1.08678
1.08673
1.08668
1.08663
1.08657
1.08652
1.08647
1.08642
1.08637
1.08631
1.08626
1.08621
1.08616
1.08611
1.08605
1.08600
1.08595
1.08590
1.08585
1.08579
1.08574
1.08569
1.08564
1.08559
1.08553
1.08548
1.08543
1.08538
1.08533
1.08527
1.08522
1.08517
1.08512
1.08507
1.08501
1.08496
1.08491
1.08486
1.08481
1.08475
1.08470
1.08465
1.08460
1.08454
1.08449
1.08444
1.08439
1.08434
1.08428
1.08423
1.08418
1.08413
1.08408
1.08402
1.08397
1.08392
1.08387
1.08382
1.08376
1.08371
1.08366
1.08361
1.08356
1.08350
1.08345
1.08340
1.08335
1.08330
1.08324
1.08319
1.08314
1.08309
1.08304
1.08298
1.08293
1.08288
1.08283
1.08278
1.08272
1.08267
1.08262
1.08257
1.08251
1.08246
1.08241
1.08236
1.08231
1.08225
1.08220
1.08215
1.08210
1.08205
1.08199
1.08194
1.08189
1.08184
1.08179
1.08173
1.08168
1.08163
1.08158
1.08153
1.08147
1.08142
1.08137
1.08132
1.08127
1.08121
1.08116
1.08111
1.08106
1.08101
1.08095
1.08090
1.08085
1.08080
1.08075
1.08069
1.08064
1.08059
1.08054
1.08048
1.08043
1.08038
1.08033
1.08028
1.08022
1.08017
1.08012
1.08007
1.08002
1.07996
1.07991
1.07986
1.07981
1.07976
1.07970
1.07965
1.07960
1.07955
1.07950
1.07944
1.07939
1.07934
1.07929
1.07924
1.07918
1.07913
1.07908
1.07903
1.07898
1.07892
1.07887
1.07882
1.07877
1.07872
1.07866
1.07861
1.07856
1.07851
1.07845
1.07840
1.07835
1.07830
1.07825
1.07819
1.07814
1.07809
1.07804
1.07799
1.07793
1.07788
1.07783
1.07778
1.07773
1.07767
1.07762
1.07757
1.07752
1.07747
1.07741
1.07736
1.07731
1.07726
1.07721
1.07715
1.07710
1.07705
1.07700
1.07695
1.07689
1.07684
1.07679
1.07674
1.07669
1.07663
1.07658
1.07653
1.07648
1.07642
1.07637
1.07632
1.07627
1.07622
1.07616
1.07611
1.07606
1.07601
1.07596
1.07590
1.07585
1.07580
1.07575
1.07570
1.07564
1.07559
1.07554
1.07549
1.07544
1.07538
1.07533
1.07528
1.07523
1.07518
1.07512
1.07507
1.07502
1.07497
1.07492
1.07486
1.07481
1.07476
1.07471
1.07466
1.07460
1.07455
1.07450
1.07445
1.07439
1.07434
1.07429
1.07424
1.07419
1.07413
1.07408
1.07403
1.07398
1.07393
1.07387
1.07382
1.07377
1.07372
1.07367
1.07361
1.07356
1.07351
1.07346
1.07341
1.07335
1.07330
1.07325
1.07320
1.07315
1.07309
1.07304
1.07299
1.07294
1.07289
1.07283
1.07278
1.07273
1.07268
1.07263
1.07257
1.07252
1.07247
1.07242
1.07236
1.07231
1.07226
1.07221
1.07216
1.07210
1.07205
1.07200
1.07195
1.07190
1.07184
1.07179
1.07174
1.07169
1.07164
1.07158
1.07153
1.07148
1.07143
1.07138
1.07132
1.07127
1.07122
1.07117
1.07112
1.07106
1.07101
1.07096
1.07091
1.07086
1.07080
1.07075
1.07070
1.07065
1.07060
1.07054
1.07049
1.07044
1.07039
1.07033
1.07028
1.07023
1.07018
1.07013
1.07007
1.07002
1.06997
1.06992
1.06987
1.06981
1.06976
1.06971
1.06966
1.06961
1.06955
1.06950
1.06945
1.06940
1.06935
1.06929
1.06924
1.06919
1.06914
1.06909
1.06903
1.06898
1.06893
1.06888
1.06883
1.06877
1.06872
1.06867
1.06862
1.06857
1.06851
1.06846
1.06841
1.06836
1.06830
1.06825
1.06820
1.06815
1.06810
1.06804
1.06799
1.06794
1.06789
1.06784
1.06778
1.06773
1.06768
1.06763
1.06758
1.06752
1.06747
1.06742
1.06737
1.06732
1.06726
1.06721
1.06716
1.06711
1.06706
1.06700
1.06695
1.06690
1.06685
1.06680
1.06674
1.06669
1.06664
1.06659
1.06654
1.06648
1.06643
1.06638
1.06633
1.06627
1.06622
1.06617
1.06612
1.06607
1.06601
1.06596
1.06591
1.06586
1.06581
1.06575
1.06570
1.06565
1.06560
1.06555
1.06549
1.06544
1.06539
1.06534
1.06529
1.06523
1.06518
1.06513
1.06508
1.06503
1.06497
1.06492
1.06487
1.06482
1.06477
1.06471
1.06466
1.06461
1.06456
1.06451
1.06445
1.06440
1.06435
1.06430
1.06424
1.06419
1.06414
1.06409
1.06404
1.06398
1.06393
1.06388
1.06383
1.06378
1.06372
1.06367
1.06362
1.06357
1.06352
1.06346
1.06341
1.06336
1.06331
1.06326
1.06320
1.06315
1.06310
1.06305
1.06300
1.06294
1.06289
1.06284
1.06279
1.06274
1.06268
1.06263
1.06258
1.06253
1.06248
1.06242
1.06237
1.06232
1.06227
1.06222
1.06216
1.06211
1.06206
1.06201
1.06195
1.06190
1.06185
1.06180
1.06175
1.06169
1.06164
1.06159
1.06154
1.06149
1.06143
1.06138
1.06133
1.06128
1.06123
1.06117
1.06112
1.06107
1.06102
1.06097
1.06091
1.06086
1.06081
1.06076
1.06071
1.06065
1.06060
1.06055
1.06050
1.06045
1.06039
1.06034
1.06029
1.06024
1.06019
1.06013
1.06008
1.06003
1.05998
1.05992
1.05987
1.05982
1.05977
1.05972
1.05966
1.05961
1.05956
1.05951
1.05946
1.05940
1.05935
1.05930
1.05925
1.05920
1.05914
1.05909
1.05904
1.05899
1.05894
1.05888
1.05883
1.05878
1.05873
1.05868
1.05862
1.05857
1.05852
1.05847
1.05842
1.05836
1.05831
1.05826
1.05821
1.05816
1.05810
1.05805
1.05800
1.05795
1.05789
1.05784
1.05779
1.05774
1.05769
1.05763
1.05758
1.05753
1.05748
1.05743
1.05737
1.05732
1.05727
1.05722
1.05717
1.05711
1.05706
1.05701
1.05696
1.05691
1.05685
1.05680
1.05675
1.05670
1.05665
1.05659
1.05654
1.05649
1.05644
1.05639
1.05633
1.05628
1.05623
1.05618
1.05613
1.05607
1.05602
1.05597
1.05592
1.05586
1.05581
1.05576
1.05571
1.05566
1.05560
1.05555
1.05550
1.05545
1.05540
1.05534
1.05529
1.05524
1.05519
1.05514
1.05508
1.05503
1.05498
1.05493
1.05488
1.05482
1.05477
1.05472
1.05467
1.05462
1.05456
1.05451
1.05446
1.05441
1.05436
1.05430
1.05425
1.05420
1.05415
1.05410
1.05404
1.05399
1.05394
1.05389
1.05383
1.05378
1.05373
1.05368
1.05363
1.05357
1.05352
1.05347
1.05342
1.05337
1.05331
1.05326
1.05321
1.05316
1.05311
1.05305
1.05300
1.05295
1.05290
1.05285
1.05279
1.05274
1.05269
1.05264
1.05259
1.05253
1.05248
1.05243
1.05238
1.05233
1.05227
1.05222
1.05217
1.05212
1.05207
1.05201
1.05196
1.05191
1.05186
1.05180
1.05175
1.05170
1.05165
1.05160
1.05154
1.05149
1.05144
1.05139
1.05134
1.05128
1.05123
1.05118
1.05113
1.05108
1.05102
1.05097
1.05092
1.05087
1.05082
1.05076
1.05071
1.05066
1.05061
1.05056
1.05050
1.05045
1.05040
1.05035
1.05030
1.05024
1.05019
1.05014
1.05009
1.05004
1.04998
1.04993
1.04988
1.04983
1.04978
1.04972
1.04967
1.04962
1.04957
1.04951
1.04946
1.04941
1.04936
1.04931
1.04925
1.04920
1.04915
1.04910
1.04905
1.04899
1.04894
1.04889
1.04884
1.04879
1.04873
1.04868
1.04863
1.04858
1.04853
1.04847
1.04842
1.04837
1.04832
1.04827
1.04821
1.04816
1.04811
1.04806
1.04801
1.04795
1.04790
1.04785
1.04780
1.04775
1.04769
1.04764
1.04759
1.04754
1.04748
1.04743
1.04738
1.04733
1.04728
1.04722
1.04717
1.04712
1.04707
1.04702
1.04696
1.04691
1.04686
1.04681
1.04676
1.04670
1.04665
1.04660
1.04655
1.04650
1.04644
1.04639
1.04634
1.04629
1.04624
1.04618
1.04613
1.04608
1.04603
1.04598
1.04592
1.04587
1.04582
1.04577
1.04572
1.04566
1.04561
1.04556
1.04551
1.04545
1.04540
1.04535
1.04530
1.04525
1.04519
1.04514
1.04509
1.04504
1.04499
1.04493
1.04488
1.04483
1.04478
1.04473
1.04467
1.04462
1.04457
1.04452
1.04447
1.04441
1.04436
1.04431
1.04426
1.04421
1.04415
1.04410
1.04405
1.04400
1.04395
1.04389
1.04384
1.04379
1.04374
1.04369
1.04363
1.04358
1.04353
1.04348
1.04342
1.04337
1.04332
1.04327
1.04322
1.04316
1.04311
1.04306
1.04301
1.04296
1.04290
1.04285
1.04280
1.04275
1.04270
1.04264
1.04259
1.04254
1.04249
1.04244
1.04238
1.04233
1.04228
1.04223
1.04218
1.04212
1.04207
1.04202
1.04197
1.04192
1.04186
1.04181
1.04176
1.04171
1.04166
1.04160
1.04155
1.04150
1.04145
1.04140
1.04134
1.04129
1.04124
1.04119
1.04113
1.04108
1.04103
1.04098
1.04093
1.04087
1.04082
1.04077
1.04072
1.04067
1.04061
1.04056
1.04051
1.04046
1.04041
1.04035
1.04030
1.04025
1.04020
1.04015
1.04009
1.04004
1.03999
1.03994
1.03989
1.03983
1.03978
1.03973
1.03968
1.03963
1.03957
1.03952
1.03947
1.03942
1.03937
1.03931
1.03926
1.03921
1.03916
1.03910
1.03905
1.03900
1.03895
1.03890
1.03884
1.03879
1.03874
1.03869
1.03864
1.03858
1.03853
1.03848
1.03843
1.03838
1.03832
1.03827
1.03822
1.03817
1.03812
1.03806
1.03801
1.03796
1.03791
1.03786
1.03780
1.03775
1.03770
1.03765
1.03760
1.03754
1.03749
1.03744
1.03739
1.03734
1.03728
1.03723
1.03718
1.03713
1.03707
1.03702
1.03697
1.03692
1.03687
1.03681
1.03676
1.03671
1.03666
1.03661
1.03655
1.03650
1.03645
1.03640
1.03635
1.03629
1.03624
1.03619
1.03614
1.03609
1.03603
1.03598
1.03593
1.03588
1.03583
1.03577
1.03572
1.03567
1.03562
1.03557
1.03551
1.03546
1.03541
1.03536
1.03531
1.03525
1.03520
1.03515
1.03510
1.03504
1.03499
1.03494
1.03489
1.03484
1.03478
1.03473
1.03468
1.03463
1.03458
1.03452
1.03447
1.03442
1.03437
1.03432
1.03426
1.03421
1.03416
1.03411
1.03406
1.03400
1.03395
1.03390
1.03385
1.03380
1.03374
1.03369
1.03364
1.03359
1.03354
1.03348
1.03343
1.03338
1.03333
1.03328
1.03322
1.03317
1.03312
1.03307
1.03302
1.03296
1.03291
1.03286
1.03281
1.03275
1.03270
1.03265
1.03260
1.03255
1.03249
1.03244
1.03239
1.03234
1.03229
1.03223
1.03218
1.03213
1.03208
1.03203
1.03197
1.03192
1.03187
1.03182
1.03177
1.03171
1.03166
1.03161
1.03156
1.03151
1.03145
1.03140
1.03135
1.03130
1.03125
1.03119
1.03114
1.03109
1.03104
1.03099
1.03093
1.03088
1.03083
1.03078
1.03072
1.03067
1.03062
1.03057
1.03052
1.03046
1.03041
1.03036
1.03031
1.03026
1.03020
1.03015
1.03010
1.03005
1.03000
1.02994
1.02989
1.02984
1.02979
1.02974
1.02968
1.02963
1.02958
1.02953
1.02948
1.02942
1.02937
1.02932
1.02927
1.02922
1.02916
1.02911
1.02906
1.02901
1.02896
1.02890
1.02885
1.02880
1.02875
1.02870
1.02864
1.02859
1.02854
1.02849
1.02843
1.02838
1.02833
1.02828
1.02823
1.02817
1.02812
1.02807
1.02802
1.02797
1.02791
1.02786
1.02781
1.02776
1.02771
1.02765
1.02760
1.02755
1.02750
1.02745
1.02739
1.02734
1.02729
1.02724
1.02719
1.02713
1.02708
1.02703
1.02698
1.02693
1.02687
1.02682
1.02677
1.02672
1.02667
1.02661
1.02656
1.02651
1.02646
1.02640
1.02635
1.02630
1.02625
1.02620
1.02614
1.02609
1.02604
1.02599
1.02594
1.02588
1.02583
1.02578
1.02573
1.02568
1.02562
1.02557
1.02552
1.02547
1.02542
1.02536
1.02531
1.02526
1.02521
1.02516
1.02510
1.02505
1.02500
1.02495
1.02490
1.02484
1.02479
1.02474
1.02469
1.02464
1.02458
1.02453
1.02448
1.02443
1.02437
1.02432
1.02427
1.02422
1.02417
1.02411
1.02406
1.02401
1.02396
1.02391
1.02385
1.02380
1.02375
1.02370
1.02365
1.02359
1.02354
1.02349
1.02344
1.02339
1.02333
1.02328
1.02323
1.02318
1.02313
1.02307
1.02302
1.02297
1.02292
1.02287
1.02281
1.02276
1.02271
1.02266
1.02261
1.02255
1.02250
1.02245
1.02240
1.02235
1.02229
1.02224
1.02219
1.02214
1.02208
1.02203
1.02198
1.02193
1.02188
1.02182
1.02177
1.02172
1.02167
1.02162
1.02156
1.02151
1.02146
1.02141
1.02136
1.02130
1.02125
1.02120
1.02115
1.02110
1.02104
1.02099
1.02094
1.02089
1.02084
1.02078
1.02073
1.02068
1.02063
1.02058
1.02052
1.02047
1.02042
1.02037
1.02032
1.02026
1.02021
1.02016
1.02011
1.02005
1.02000
1.01995
1.01990
1.01985
1.01979
1.01974
1.01969
1.01964
1.01959
1.01953
1.01948
1.01943
1.01938
1.01933
1.01927
1.01922
1.01917
1.01912
1.01907
1.01901
1.01896
1.01891
1.01886
1.01881
1.01875
1.01870
1.01865
1.01860
1.01855
1.01849
1.01844
1.01839
1.01834
1.01829
1.01823
1.01818
1.01813
1.01808
1.01803
1.01797
1.01792
1.01787
1.01782
1.01776
1.01771
1.01766
1.01761
1.01756
1.01750
1.01745
1.01740
1.01735
1.01730
1.01724
1.01719
1.01714
1.01709
1.01704
1.01698
1.01693
1.01688
1.01683
1.01678
1.01672
1.01667
1.01662
1.01657
1.01652
1.01646
1.01641
1.01636
1.01631
1.01626
1.01620
1.01615
1.01610
1.01605
1.01600
1.01594
1.01589
1.01584
1.01579
1.01573
1.01568
1.01563
1.01558
1.01553
1.01547
1.01542
1.01537
1.01532
1.01527
1.01521
1.01516
1.01511
1.01506
1.01501
1.01495
1.01490
1.01485
1.01480
1.01475
1.01469
1.01464
1.01459
1.01454
1.01449
1.01443
1.01438
1.01433
1.01428
1.01423
1.01417
1.01412
1.01407
1.01402
1.01397
1.01391
1.01386
1.01381
1.01376
1.01371
1.01365
1.01360
1.01355
1.01350
1.01344
1.01339
1.01334
1.01329
1.01324
1.01318
1.01313
1.01308
1.01303
1.01298
1.01292
1.01287
1.01282
1.01277
1.01272
1.01266
1.01261
1.01256
1.01251
1.01246
1.01240
1.01235
1.01230
1.01225
1.01220
1.01214
1.01209
1.01204
1.01199
1.01194
1.01188
1.01183
1.01178
1.01173
1.01168
1.01162
1.01157
1.01152
1.01147
1.01141
1.01136
1.01131
1.01126
1.01121
1.01115
1.01110
1.01105
1.01100
1.01095
1.01089
1.01084
1.01079
1.01074
1.01069
1.01063
1.01058
1.01053
1.01048
1.01043
1.01037
1.01032
1.01027
1.01022
1.01017
1.01011
1.01006
1.01001
1.00996
1.00991
1.00985
1.00980
1.00975
1.00970
1.00965
1.00959
1.00954
1.00949
1.00944
1.00939
1.00933
1.00928
1.00923
1.00918
1.00912
1.00907
1.00902
1.00897
1.00892
1.00886
1.00881
1.00876
1.00871
1.00866
1.00860
1.00855
1.00850
1.00845
1.00840
1.00834
1.00829
1.00824
1.00819
1.00814
1.00808
1.00803
1.00798
1.00793
1.00788
1.00782
1.00777
1.00772
1.00767
1.00762
1.00756
1.00751
1.00746
1.00741
1.00736
1.00730
1.00725
1.00720
1.00715
1.00709
1.00704
1.00699
1.00694
1.00689
1.00683
1.00678
1.00673
1.00668
1.00663
1.00657
1.00652
1.00647
1.00642
1.00637
1.00631
1.00626
1.00621
1.00616
1.00611
1.00605
1.00600
1.00595
1.00590
1.00585
1.00579
1.00574
1.00569
1.00564
1.00559
1.00553
1.00548
1.00543
1.00538
1.00533
1.00527
1.00522
1.00517
1.00512
1.00507
1.00501
1.00496
1.00491
1.00486
1.00480
1.00475
1.00470
1.00465
1.00460
1.00454
1.00449
1.00444
1.00439
1.00434
1.00428
1.00423
1.00418
1.00413
1.00408
1.00402
1.00397
1.00392
1.00387
1.00382
1.00376
1.00371
1.00366
1.00361
1.00356
1.00350
1.00345
1.00340
1.00335
1.00330
1.00324
1.00319
1.00314
1.00309
1.00304
1.00298
1.00293
1.00288
1.00283
1.00278
1.00272
1.00267
1.00262
1.00257
1.00251
1.00246
1.00241
1.00236
1.00231
1.00225
1.00220
1.00215
1.00210
1.00205
1.00199
1.00194
1.00189
1.00184
1.00179
1.00173
1.00168
1.00163
1.00158
1.00153
1.00147
1.00142
1.00137
1.00132
1.00127
1.00121
1.00116
1.00111
1.00106
1.00101
1.00095
1.00090
1.00085
1.00080
1.00075
1.00069
1.00064
1.00059
1.00054
1.00048
1.00043
1.00038
1.00033
1.00028
1.00022
1.00017
1.00012
1.00007
1.00002
0.99996
0.99991
0.99986
0.99981
0.99976
0.99970
0.99965
0.99960
0.99955
0.99950
0.99944
0.99939
0.99934
0.99929
0.99924
0.99918
0.99913
0.99908
0.99903
0.99898
0.99892
0.99887
0.99882
0.99877
0.99872
0.99866
0.99861
0.99856
0.99851
0.99846
0.99840
0.99835
0.99830
0.99825
0.99819
0.99814
0.99809
0.99804
0.99799
0.99793
0.99788
0.99783
0.99778
0.99773
0.99767
0.99762
0.99757
0.99752
0.99747
0.99741
0.99736
0.99731
0.99726
0.99721
0.99715
0.99710
0.99705
0.99700
0.99695
0.99689
0.99684
0.99679
0.99674
0.99669
0.99663
0.99658
0.99653
0.99648
0.99643
0.99637
0.99632
0.99627
0.99622
0.99617
0.99611
0.99606
0.99601
0.99596
0.99590
0.99585
0.99580
0.99575
0.99570
0.99564
0.99559
0.99554
0.99549
0.99544
0.99538
0.99533
0.99528
0.99523
0.99518
0.99512
0.99507
0.99502
0.99497
0.99492
0.99486
0.99481
0.99476
0.99471
0.99466
0.99460
0.99455
0.99450
0.99445
0.99440
0.99434
0.99429
0.99424
0.99419
0.99414
0.99408
0.99403
0.99398
0.99393
0.99387
0.99382
0.99377
0.99372
0.99367
0.99361
0.99356
0.99351
0.99346
0.99341
0.99335
0.99330
0.99325
0.99320
0.99315
0.99309
0.99304
0.99299
0.99294
0.99289
0.99283
0.99278
0.99273
0.99268
0.99263
0.99257
0.99252
0.99247
0.99242
0.99237
0.99231
0.99226
0.99221
0.99216
0.99211
0.99205
0.99200
0.99195
0.99190
0.99185
0.99179
0.99174
0.99169
0.99164
0.99158
0.99153
0.99148
0.99143
0.99138
0.99132
0.99127
0.99122
0.99117
0.99112
0.99106
0.99101
0.99096
0.99091
0.99086
0.99080
0.99075
0.99070
0.99065
0.99060
0.99054
0.99049
0.99044
0.99039
0.99034
0.99028
0.99023
0.99018
0.99013
0.99008
0.99002
0.98997
0.98992
0.98987
0.98982
0.98976
0.98971
0.98966
0.98961
0.98956
0.98950
0.98945
0.98940
0.98935
0.98929
0.98924
0.98919
0.98914
0.98909
0.98903
0.98898
0.98893
0.98888
0.98883
0.98877
0.98872
0.98867
0.98862
0.98857
0.98851
0.98846
0.98841
0.98836
0.98831
0.98825
0.98820
0.98815
0.98810
0.98805
0.98799
0.98794
0.98789
0.98784
0.98779
0.98773
0.98768
0.98763
0.98758
0.98753
0.98747
0.98742
0.98737
0.98732
0.98726
0.98721
0.98716
0.98711
0.98706
0.98700
0.98695
0.98690
0.98685
0.98680
0.98674
0.98669
0.98664
0.98659
0.98654
0.98648
0.98643
0.98638
0.98633
0.98628
0.98622
0.98617
0.98612
0.98607
0.98602
0.98596
0.98591
0.98586
0.98581
0.98576
0.98570
0.98565
0.98560
0.98555
0.98550
0.98544
0.98539
0.98534
0.98529
0.98524
0.98518
0.98513
0.98508
0.98503
0.98497
0.98492
0.98487
0.98482
0.98477
0.98471
0.98466
0.98461
0.98456
0.98451
0.98445
0.98440
0.98435
0.98430
0.98425
0.98419
0.98414
0.98409
0.98404
0.98399
0.98393
0.98388
0.98383
0.98378
0.98373
0.98367
0.98362
0.98357
0.98352
0.98347
0.98341
0.98336
0.98331
0.98326
0.98321
0.98315
0.98310
0.98305
0.98300
0.98295
0.98289
0.98284
0.98279
0.98274
0.98268
0.98263
0.98258
0.98253
0.98248
0.98242
0.98237
0.98232
0.98227
0.98222
0.98216
0.98211
0.98206
0.98201
0.98196
0.98190
0.98185
0.98180
0.98175
0.98170
0.98164
0.98159
0.98154
0.98149
0.98144
0.98138
0.98133
0.98128
0.98123
0.98118
0.98112
0.98107
0.98102
0.98097
0.98092
0.98086
0.98081
0.98076
0.98071
0.98066
0.98060
0.98055
0.98050
0.98045
0.98039
0.98034
0.98029
0.98024
0.98019
0.98013
0.98008
0.98003
0.97998
0.97993
0.97987
0.97982
0.97977
0.97972
0.97967
0.97961
0.97956
0.97951
0.97946
0.97941
0.97935
0.97930
0.97925
0.97920
0.97915
0.97909
0.97904
0.97899
0.97894
0.97889
0.97883
0.97878
0.97873
0.97868
0.97863
0.97857
0.97852
0.97847
0.97842
0.97837
0.97831
0.97826
0.97821
0.97816
0.97810
0.97805
0.97800
0.97795
0.97790
0.97784
0.97779
0.97774
0.97769
0.97764
0.97758
0.97753
0.97748
0.97743
0.97738
0.97732
0.97727
0.97722
0.97717
0.97712
0.97706
0.97701
0.97696
0.97691
0.97686
0.97680
0.97675
0.97670
0.97665
0.97660
0.97654
0.97649
0.97644
0.97639
0.97634
0.97628
0.97623
0.97618
0.97613
0.97608
0.97602
0.97597
0.97592
0.97587
0.97581
0.97576
0.97571
0.97566
0.97561
0.97555
0.97550
0.97545
0.97540
0.97535
0.97529
0.97524
0.97519
0.97514
0.97509
0.97503
0.97498
0.97493
0.97488
0.97483
0.97477
0.97472
0.97467
0.97462
0.97457
0.97451
0.97446
0.97441
0.97436
0.97431
0.97425
0.97420
0.97415
0.97410
0.97405
0.97399
0.97394
0.97389
0.97384
0.97379
0.97373
0.97368
0.97363
0.97358
0.97352
0.97347
0.97342
0.97337
0.97332
0.97326
0.97321
0.97316
0.97311
0.97306
0.97300
0.97295
0.97290
0.97285
0.97280
0.97274
0.97269
0.97264
0.97259
0.97254
0.97248
0.97243
0.97238
0.97233
0.97228
0.97222
0.97217
0.97212
0.97207
0.97202
0.97196
0.97191
0.97186
0.97181
0.97176
0.97170
0.97165
0.97160
0.97155
0.97149
0.97144
0.97139
0.97134
0.97129
0.97123
0.97118
0.97113
0.97108
0.97103
0.97097
0.97092
0.97087
0.97082
0.97077
0.97071
0.97066
0.97061
0.97056
0.97051
0.97045
0.97040
0.97035
0.97030
0.97025
0.97019
0.97014
0.97009
0.97004
0.96999
0.96993
0.96988
0.96983
0.96978
0.96973
0.96967
0.96962
0.96957
0.96952
0.96947
0.96941
0.96936
0.96931
0.96926
0.96920
0.96915
0.96910
0.96905
0.96900
0.96894
0.96889
0.96884
0.96879
0.96874
0.96868
0.96863
0.96858
0.96853
0.96848
0.96842
0.96837
0.96832
0.96827
0.96822
0.96816
0.96811
0.96806
0.96801
0.96796
0.96790
0.96785
0.96780
0.96775
0.96770
0.96764
0.96759
0.96754
0.96749
0.96744
0.96738
0.96733
0.96728
0.96723
0.96718
0.96712
0.96707
0.96702
0.96697
0.96691
0.96686
0.96681
0.96676
0.96671
0.96665
0.96660
0.96655
0.96650
0.96645
0.96639
0.96634
0.96629
0.96624
0.96619
0.96613
0.96608
0.96603
0.96598
0.96593
0.96587
0.96582
0.96577
0.96572
0.96567
0.96561
0.96556
0.96551
0.96546
0.96541
0.96535
0.96530
0.96525
0.96520
0.96515
0.96509
0.96504
0.96499
0.96494
0.96489
0.96483
0.96478
0.96473
0.96468
0.96462
0.96457
0.96452
0.96447
0.96442
0.96436
0.96431
0.96426
0.96421
0.96416
0.96410
0.96405
0.96400
0.96395
0.96390
0.96384
0.96379
0.96374
0.96369
0.96364
0.96358
0.96353
0.96348
0.96343
0.96338
0.96332
0.96327
0.96322
0.96317
0.96312
0.96306
0.96301
0.96296
0.96291
0.96286
0.96280
0.96275
0.96270
0.96265
0.96260
0.96254
0.96249
0.96244
0.96239
0.96233
0.96228
0.96223
0.96218
0.96213
0.96207
0.96202
0.96197
0.96192
0.96187
0.96181
0.96176
0.96171
0.96166
0.96161
0.96155
0.96150
0.96145
0.96140
0.96135
0.96129
0.96124
0.96119
0.96114
0.96109
0.96103
0.96098
0.96093
0.96088
0.96083
0.96077
0.96072
0.96067
0.96062
0.96057
0.96051
0.96046
0.96041
0.96036
0.96031
0.96025
0.96020
0.96015
0.96010
0.96004
0.95999
0.95994
0.95989
0.95984
0.95978
0.95973
0.95968
0.95963
0.95958
0.95952
0.95947
0.95942
0.95937
0.95932
0.95926
0.95921
0.95916
0.95911
0.95906
0.95900
0.95895
0.95890
0.95885
0.95880
0.95874
0.95869
0.95864
0.95859
0.95854
0.95848
0.95843
0.95838
0.95833
0.95828
0.95822
0.95817
0.95812
0.95807
0.95802
0.95796
0.95791
0.95786
0.95781
0.95775
0.95770
0.95765
0.95760
0.95755
0.95749
0.95744
0.95739
0.95734
0.95729
0.95723
0.95718
0.95713
0.95708
0.95703
0.95697
0.95692
0.95687
0.95682
0.95677
0.95671
0.95666
0.95661
0.95656
0.95651
0.95645
0.95640
0.95635
0.95630
0.95625
0.95619
0.95614
0.95609
0.95604
0.95599
0.95593
0.95588
0.95583
0.95578
0.95573
0.95567
0.95562
0.95557
0.95552
0.95546
0.95541
0.95536
0.95531
0.95526
0.95520
0.95515
0.95510
0.95505
0.95500
0.95494
0.95489
0.95484
0.95479
0.95474
0.95468
0.95463
0.95458
0.95453
0.95448
0.95442
0.95437
0.95432
0.95427
0.95422
0.95416
0.95411
0.95406
0.95401
0.95396
0.95390
0.95385
0.95380
0.95375
0.95370
0.95364
0.95359
0.95354
0.95349
0.95344
0.95338
0.95333
0.95328
0.95323
0.95318
0.95312
0.95307
0.95302
0.95297
0.95291
0.95286
0.95281
0.95276
0.95271
0.95265
0.95260
0.95255
0.95250
0.95245
0.95239
0.95234
0.95229
0.95224
0.95219
0.95213
0.95208
0.95203
0.95198
0.95193
0.95187
0.95182
0.95177
0.95172
0.95167
0.95161
0.95156
0.95151
0.95146
0.95141
0.95135
0.95130
0.95125
0.95120
0.95115
0.95109
0.95104
0.95099
0.95094
0.95089
0.95083
0.95078
0.95073
0.95068
0.95062
0.95057
0.95052
0.95047
0.95042
0.95036
0.95031
0.95026
0.95021
0.95016
0.95010
0.95005
0.95000
0.94995
0.94990
0.94984
0.94979
0.94974
0.94969
0.94964
0.94958
0.94953
0.94948
0.94943
0.94938
0.94932
0.94927
0.94922
0.94917
0.94912
0.94906
0.94901
0.94896
0.94891
0.94886
0.94880
0.94875
0.94870
0.94865
0.94860
0.94854
0.94849
0.94844
0.94839
0.94833
0.94828
0.94823
0.94818
0.94813
0.94807
0.94802
0.94797
0.94792
0.94787
0.94781
0.94776
0.94771
0.94766
0.94761
0.94755
0.94750
0.94745
0.94740
0.94735
0.94729
0.94724
0.94719
0.94714
0.94709
0.94703
0.94698
0.94693
0.94688
0.94683
0.94677
0.94672
0.94667
0.94662
0.94657
0.94651
0.94646
0.94641
0.94636
0.94631
0.94625
0.94620
0.94615
0.94610
0.94604
0.94599
0.94594
0.94589
0.94584
0.94578
0.94573
0.94568
0.94563
0.94558
0.94552
0.94547
0.94542
0.94537
0.94532
0.94526
0.94521
0.94516
0.94511
0.94506
0.94500
0.94495
0.94490
0.94485
0.94480
0.94474
0.94469
0.94464
0.94459
0.94454
0.94448
0.94443
0.94438
0.94433
0.94428
0.94422
0.94417
0.94412
0.94407
0.94402
0.94396
0.94391
0.94386
0.94381
0.94375
0.94370
0.94365
0.94360
0.94355
0.94349
0.94344
0.94339
0.94334
0.94329
0.94323
0.94318
0.94313
0.94308
0.94303
0.94297
0.94292
0.94287
0.94282
0.94277
0.94271
0.94266
0.94261
0.94256
0.94251
0.94245
0.94240
0.94235
0.94230
0.94225
0.94219
0.94214
0.94209
0.94204
0.94199
0.94193
0.94188
0.94183
0.94178
0.94173
0.94167
0.94162
0.94157
0.94152
0.94146
0.94141
0.94136
0.94131
0.94126
0.94120
0.94115
0.94110
0.94105
0.94100
0.94094
0.94089
0.94084
0.94079
0.94074
0.94068
0.94063
0.94058
0.94053
0.94048
0.94042
0.94037
0.94032
0.94027
0.94022
0.94016
0.94011
0.94006
0.94001
0.93996
0.93990
0.93985
0.93980
0.93975
0.93970
0.93964
0.93959
0.93954
0.93949
0.93944
0.93938
0.93933
0.93928
0.93923
0.93918
0.93912
0.93907
0.93902
0.93897
0.93891
0.93886
0.93881
0.93876
0.93871
0.93865
0.93860
0.93855
0.93850
0.93845
0.93839
0.93834
0.93829
0.93824
0.93819
0.93813
0.93808
0.93803
0.93798
0.93793
0.93787
0.93782
0.93777
0.93772
0.93767
0.93761
0.93756
0.93751
0.93746
0.93741
0.93735
0.93730
0.93725
0.93720
0.93715
0.93709
0.93704
0.93699
0.93694
0.93689
0.93683
0.93678
0.93673
0.93668
0.93662
0.93657
0.93652
0.93647
0.93642
0.93636
0.93631
0.93626
0.93621
0.93616
0.93610
0.93605
0.93600
0.93595
0.93590
0.93584
0.93579
0.93574
0.93569
0.93564
0.93558
0.93553
0.93548
0.93543
0.93538
0.93532
0.93527
0.93522
0.93517
0.93512
0.93506
0.93501
0.93496
0.93491
0.93486
0.93480
0.93475
0.93470
0.93465
0.93460
0.93454
0.93449
0.93444
0.93439
0.93433
0.93428
0.93423
0.93418
0.93413
0.93407
0.93402
0.93397
0.93392
0.93387
0.93381
0.93376
0.93371
0.93366
0.93361
0.93355
0.93350
0.93345
0.93340
0.93335
0.93329
0.93324
0.93319
0.93314
0.93309
0.93303
0.93298
0.93293
0.93288
0.93283
0.93277
0.93272
0.93267
0.93262
0.93257
0.93251
0.93246
0.93241
0.93236
0.93231
0.93225
0.93220
0.93215
0.93210
0.93205
0.93199
0.93194
0.93189
0.93184
0.93178
0.93173
0.93168
0.93163
0.93158
0.93152
0.93147
0.93142
0.93137
0.93132
0.93126
0.93121
0.93116
0.93111
0.93106
0.93100
0.93095
0.93090
0.93085
0.93080
0.93074
0.93069
0.93064
0.93059
0.93054
0.93048
0.93043
0.93038
0.93033
0.93028
0.93022
0.93017
0.93012
0.93007
0.93002
0.92996
0.92991
0.92986
0.92981
0.92976
0.92970
0.92965
0.92960
0.92955
0.92949
0.92944
0.92939
0.92934
0.92929
0.92923
0.92918
0.92913
0.92908
0.92903
0.92897
0.92892
0.92887
0.92882
0.92877
0.92871
0.92866
0.92861
0.92856
0.92851
0.92845
0.92840
0.92835
0.92830
0.92825
0.92819
0.92814
0.92809
0.92804
0.92799
0.92793
0.92788
0.92783
0.92778
0.92773
0.92767
0.92762
0.92757
0.92752
0.92747
0.92741
0.92736
0.92731
0.92726
0.92720
0.92715
0.92710
0.92705
0.92700
0.92694
0.92689
0.92684
0.92679
0.92674
0.92668
0.92663
0.92658
0.92653
0.92648
0.92642
0.92637
0.92632
0.92627
0.92622
0.92616
0.92611
0.92606
0.92601
0.92596
0.92590
0.92585
0.92580
0.92575
0.92570
0.92564
0.92559
0.92554
0.92549
0.92544
0.92538
0.92533
0.92528
0.92523
0.92518
0.92512
0.92507
0.92502
0.92497
0.92492
0.92486
0.92481
0.92476
0.92471
0.92465
0.92460
0.92455
0.92450
0.92445
0.92439
0.92434
0.92429
0.92424
0.92419
0.92413
0.92408
0.92403
0.92398
0.92393
0.92387
0.92382
0.92377
0.92372
0.92367
0.92361
0.92356
0.92351
0.92346
0.92341
0.92335
0.92330
0.92325
0.92320
0.92315
0.92309
0.92304
0.92299
0.92294
0.92289
0.92283
0.92278
0.92273
0.92268
0.92263
0.92257
0.92252
0.92247
0.92242
0.92236
0.92231
0.92226
0.92221
0.92216
0.92210
0.92205
0.92200
0.92195
0.92190
0.92184
0.92179
0.92174
0.92169
0.92164
0.92158
0.92153
0.92148
0.92143
0.92138
0.92132
0.92127
0.92122
0.92117
0.92112
0.92106
0.92101
0.92096
0.92091
0.92086
0.92080
0.92075
0.92070
0.92065
0.92060
0.92054
0.92049
0.92044
0.92039
0.92034
0.92028
0.92023
0.92018
0.92013
0.92008
0.92002
0.91997
0.91992
0.91987
0.91981
0.91976
0.91971
0.91966
0.91961
0.91955
0.91950
0.91945
0.91940
0.91935
0.91929
0.91924
0.91919
0.91914
0.91909
0.91903
0.91898
0.91893
0.91888
0.91883
0.91877
0.91872
0.91867
0.91862
0.91857
0.91851
0.91846
0.91841
0.91836
0.91831
0.91825
0.91820
0.91815
0.91810
0.91805
0.91799
0.91794
0.91789
0.91784
0.91779
0.91773
0.91768
0.91763
0.91758
0.91752
0.91747
0.91742
0.91737
0.91732
0.91726
0.91721
0.91716
0.91711
0.91706
0.91700
0.91695
0.91690
0.91685
0.91680
0.91674
0.91669
0.91664
0.91659
0.91654
0.91648
0.91643
0.91638
0.91633
0.91628
0.91622
0.91617
0.91612
0.91607
0.91602
0.91596
0.91591
0.91586
0.91581
0.91576
0.91570
0.91565
0.91560
0.91555
0.91550
0.91544
0.91539
0.91534
0.91529
0.91524
0.91518
0.91513
0.91508
0.91503
0.91497
0.91492
0.91487
0.91482
0.91477
0.91471
0.91466
0.91461
0.91456
0.91451
0.91445
0.91440
0.91435
0.91430
0.91425
0.91419
0.91414
0.91409
0.91404
0.91399
0.91393
0.91388
0.91383
0.91378
0.91373
0.91367
0.91362
0.91357
0.91352
0.91347
0.91341
0.91336
0.91331
0.91326
0.91321
0.91315
0.91310
0.91305
0.91300
0.91295
0.91289
0.91284
0.91279
0.91274
0.91268
0.91263
0.91258
0.91253
0.91248
0.91242
0.91237
0.91232
0.91227
0.91222
0.91216
0.91211
0.91206
0.91201
0.91196
0.91190
0.91185
0.91180
0.91175
0.91170
0.91164
0.91159
0.91154
0.91149
0.91144
0.91138
0.91133
0.91128
0.91123
0.91118
0.91112
0.91107
0.91102
0.91097
0.91092
0.91086
0.91081
0.91076
0.91071
0.91066
0.91060
0.91055
0.91050
0.91045
0.91040
0.91034
0.91029
0.91024
0.91019
0.91013
0.91008
0.91003
0.90998
0.90993
0.90987
0.90982
0.90977
0.90972
0.90967
0.90961
0.90956
0.90951
0.90946
0.90941
0.90935
0.90930
0.90925
0.90920
0.90915
0.90909
0.90904
0.90899
0.90894
0.90889
0.90883
0.90878
0.90873
0.90868
0.90863
0.90857
0.90852
0.90847
0.90842
0.90837
0.90831
0.90826
0.90821
0.90816
0.90811
0.90805
0.90800
0.90795
0.90790
0.90784
0.90779
0.90774
0.90769
0.90764
0.90758
0.90753
0.90748
0.90743
0.90738
0.90732
0.90727
0.90722
0.90717
0.90712
0.90706
0.90701
0.90696
0.90691
0.90686
0.90680
0.90675
0.90670
0.90665
0.90660
0.90654
0.90649
0.90644
0.90639
0.90634
0.90628
0.90623
0.90618
0.90613
0.90608
0.90602
0.90597
0.90592
0.90587
0.90582
0.90576
0.90571
0.90566
0.90561
0.90556
0.90550
0.90545
0.90540
0.90535
0.90529
0.90524
0.90519
0.90514
0.90509
0.90503
0.90498
0.90493
0.90488
0.90483
0.90477
0.90472
0.90467
0.90462
0.90457
0.90451
0.90446
0.90441
0.90436
0.90431
0.90425
0.90420
0.90415
0.90410
0.90405
0.90399
0.90394
0.90389
0.90384
0.90379
0.90373
0.90368
0.90363
0.90358
0.90353
0.90347
0.90342
0.90337
0.90332
0.90327
0.90321
0.90316
0.90311
0.90306
0.90301
0.90295
0.90290
0.90285
0.90280
0.90274
0.90269
0.90264
0.90259
0.90254
0.90248
0.90243
0.90238
0.90233
0.90228
0.90222
0.90217
0.90212
0.90207
0.90202
0.90196
0.90191
0.90186
0.90181
0.90176
0.90170
0.90165
0.90160
0.90155
0.90150
0.90144
0.90139
0.90134
0.90129
0.90124
0.90118
0.90113
0.90108
0.90103
0.90098
0.90092
0.90087
0.90082
0.90077
0.90072
0.90066
0.90061
0.90056
0.90051
0.90045
0.90040
0.90035
0.90030
0.90025
0.90019
0.90014
0.90009
0.90004
0.89999
0.89993
0.89988
0.89983
0.89978
0.89973
0.89967
0.89962
0.89957
0.89952
0.89947
0.89941
0.89936
0.89931
0.89926
0.89921
0.89915
0.89910
0.89905
0.89900
0.89895
0.89889
0.89884
0.89879
0.89874
0.89869
0.89863
0.89858
0.89853
0.89848
0.89843
0.89837
0.89832
0.89827
0.89822
0.89817
0.89811
0.89806
0.89801
0.89796
0.89790
0.89785
0.89780
0.89775
0.89770
0.89764
0.89759
0.89754
0.89749
0.89744
0.89738
0.89733
0.89728
0.89723
0.89718
0.89712
0.89707
0.89702
0.89697
0.89692
0.89686
0.89681
0.89676
0.89671
0.89666
0.89660
0.89655
0.89650
0.89645
0.89640
0.89634
0.89629
0.89624
0.89619
0.89614
0.89608
0.89603
0.89598
0.89593
0.89588
0.89582
0.89577
0.89572
0.89567
0.89562
0.89556
0.89551
0.89546
0.89541
0.89535
0.89530
0.89525
0.89520
0.89515
0.89509
0.89504
0.89499
0.89494
0.89489
0.89483
0.89478
0.89473
0.89468
0.89463
0.89457
0.89452
0.89447
0.89442
0.89437
0.89431
0.89426
0.89421
0.89416
0.89411
0.89405
0.89400
0.89395
0.89390
0.89385
0.89379
0.89374
0.89369
0.89364
0.89359
0.89353
0.89348
0.89343
0.89338
0.89333
0.89327
0.89322
0.89317
0.89312
0.89307
0.89301
0.89296
0.89291
0.89286
0.89280
0.89275
0.89270
0.89265
0.89260
0.89254
0.89249
0.89244
0.89239
0.89234
0.89228
0.89223
0.89218
0.89213
0.89208
0.89202
0.89197
0.89192
0.89187
0.89182
0.89176
0.89171
0.89166
0.89161
0.89156
0.89150
0.89145
0.89140
0.89135
0.89130
0.89124
0.89119
0.89114
0.89109
0.89104
0.89098
0.89093
0.89088
0.89083
0.89078
0.89072
0.89067
0.89062
0.89057
0.89051
0.89046
0.89041
0.89036
0.89031
0.89025
0.89020
0.89015
0.89010
0.89005
0.88999
0.88994
0.88989
0.88984
0.88979
0.88973
0.88968
0.88963
0.88958
0.88953
0.88947
0.88942
0.88937
0.88932
0.88927
0.88921
0.88916
0.88911
0.88906
0.88901
0.88895
0.88890
0.88885
0.88880
0.88875
0.88869
0.88864
0.88859
0.88854
0.88849
0.88843
0.88838
0.88833
0.88828
0.88823
0.88817
0.88812
0.88807
0.88802
0.88796
0.88791
0.88786
0.88781
0.88776
0.88770
0.88765
0.88760
0.88755
0.88750
0.88744
0.88739
0.88734
0.88729
0.88724
0.88718
0.88713
0.88708
0.88703
0.88698
0.88692
0.88687
0.88682
0.88677
0.88672
0.88666
0.88661
0.88656
0.88651
0.88646
0.88640
0.88635
0.88630
0.88625
0.88620
0.88614
0.88609
0.88604
0.88599
0.88594
0.88588
0.88583
0.88578
0.88573
0.88568
0.88562
0.88557
0.88552
0.88547
0.88541
0.88536
0.88531
0.88526
0.88521
0.88515
0.88510
0.88505
0.88500
0.88495
0.88489
0.88484
0.88479
0.88474
0.88469
0.88463
0.88458
0.88453
0.88448
0.88443
0.88437
0.88432
0.88427
0.88422
0.88417
0.88411
0.88406
0.88401
0.88396
0.88391
0.88385
0.88380
0.88375
0.88370
0.88365
0.88359
0.88354
0.88349
0.88344
0.88339
0.88333
0.88328
0.88323
0.88318
0.88313
0.88307
0.88302
0.88297
0.88292
0.88286
0.88281
0.88276
0.88271
0.88266
0.88260
0.88255
0.88250
0.88245
0.88240
0.88234
0.88229
0.88224
0.88219
0.88214
0.88208
0.88203
0.88198
0.88193
0.88188
0.88182
0.88177
0.88172
0.88167
0.88162
0.88156
0.88151
0.88146
0.88141
0.88136
0.88130
0.88125
0.88120
0.88115
0.88110
0.88104
0.88099
0.88094
0.88089
0.88084
0.88078
0.88073
0.88068
0.88063
0.88058
0.88052
0.88047
0.88042
0.88037
0.88031
0.88026
0.88021
0.88016
0.88011
0.88005
0.88000
0.87995
0.87990
0.87985
0.87979
0.87974
0.87969
0.87964
0.87959
0.87953
0.87948
0.87943
0.87938
0.87933
0.87927
0.87922
0.87917
0.87912
0.87907
0.87901
0.87896
0.87891
0.87886
0.87881
0.87875
0.87870
0.87865
0.87860
0.87855
0.87849
0.87844
0.87839
0.87834
0.87829
0.87823
0.87818
0.87813
0.87808
0.87803
0.87797
0.87792
0.87787
0.87782
0.87776
0.87771
0.87766
0.87761
0.87756
0.87750
0.87745
0.87740
0.87735
0.87730
0.87724
0.87719
0.87714
0.87709
0.87704
0.87698
0.87693
0.87688
0.87683
0.87678
0.87672
0.87667
0.87662
0.87657
0.87652
0.87646
0.87641
0.87636
0.87631
0.87626
0.87620
0.87615
0.87610
0.87605
0.87600
0.87594
0.87589
0.87584
0.87579
0.87574
0.87568
0.87563
0.87558
0.87553
0.87548
0.87542
0.87537
0.87532
0.87527
0.87521
0.87516
0.87511
0.87506
0.87501
0.87495
0.87490
0.87485
0.87480
0.87475
0.87469
0.87464
0.87459
0.87454
0.87449
0.87443
0.87438
0.87433
0.87428
0.87423
0.87417
0.87412
0.87407
0.87402
0.87397
0.87391
0.87386
0.87381
0.87376
0.87371
0.87365
0.87360
0.87355
0.87350
0.87345
0.87339
0.87334
0.87329
0.87324
0.87319
0.87313
0.87308
0.87303
0.87298
0.87293
0.87287
0.87282
0.87277
0.87272
0.87266
0.87261
0.87256
0.87251
0.87246
0.87240
0.87235
0.87230
0.87225
0.87220
0.87214
0.87209
0.87204
0.87199
0.87194
0.87188
0.87183
0.87178
0.87173
0.87168
0.87162
0.87157
0.87152
0.87147
0.87142
0.87136
0.87131
0.87126
0.87121
0.87116
0.87110
0.87105
0.87100
0.87095
0.87090
0.87084
0.87079
0.87074
0.87069
0.87064
0.87058
0.87053
0.87048
0.87043
0.87038
0.87032
0.87027
0.87022
0.87017
0.87011
0.87006
0.87001
0.86996
0.86991
0.86985
0.86980
0.86975
0.86970
0.86965
0.86959
0.86954
0.86949
0.86944
0.86939
0.86933
0.86928
0.86923
0.86918
0.86913
0.86907
0.86902
0.86897
0.86892
0.86887
0.86881
0.86876
0.86871
0.86866
0.86861
0.86855
0.86850
0.86845
0.86840
0.86835
0.86829
0.86824
0.86819
0.86814
0.86809
0.86803
0.86798
0.86793
0.86788
0.86783
0.86777
0.86772
0.86767
0.86762
0.86756
0.86751
0.86746
0.86741
0.86736
0.86730
0.86725
0.86720
0.86715
0.86710
0.86704
0.86699
0.86694
0.86689
0.86684
0.86678
0.86673
0.86668
0.86663
0.86658
0.86652
0.86647
0.86642
0.86637
0.86632
0.86626
0.86621
0.86616
0.86611
0.86606
0.86600
0.86595
0.86590
0.86585
0.86580
0.86574
0.86569
0.86564
0.86559
0.86554
0.86548
0.86543
0.86538
0.86533
0.86528
0.86522
0.86517
0.86512
0.86507
0.86501
0.86496
0.86491
0.86486
0.86481
0.86475
0.86470
0.86465
0.86460
0.86455
0.86449
0.86444
0.86439
0.86434
0.86429
0.86423
0.86418
0.86413
0.86408
0.86403
0.86397
0.86392
0.86387
0.86382
0.86377
0.86371
0.86366
0.86361
0.86356
0.86351
0.86345
0.86340
0.86335
0.86330
0.86325
0.86319
0.86314
0.86309
0.86304
0.86299
0.86293
0.86288
0.86283
0.86278
0.86273
0.86267
0.86262
0.86257
0.86252
0.86246
0.86241
0.86236
0.86231
0.86226
0.86220
0.86215
0.86210
0.86205
0.86200
0.86194
0.86189
0.86184
0.86179
0.86174
0.86168
0.86163
0.86158
0.86153
0.86148
0.86142
0.86137
0.86132
0.86127
0.86122
0.86116
0.86111
0.86106
0.86101
0.86096
0.86090
0.86085
0.86080
0.86075
0.86070
0.86064
0.86059
0.86054
0.86049
0.86044
0.86038
0.86033
0.86028
0.86023
0.86018
0.86012
0.86007
0.86002
0.85997
0.85991
0.85986
0.85981
0.85976
0.85971
0.85965
0.85960
0.85955
0.85950
0.85945
0.85939
0.85934
0.85929
0.85924
0.85919
0.85913
0.85908
0.85903
0.85898
0.85893
0.85887
0.85882
0.85877
0.85872
0.85867
0.85861
0.85856
0.85851
0.85846
0.85841
0.85835
0.85830
0.85825
0.85820
0.85815
0.85809
0.85804
0.85799
0.85794
0.85789
0.85783
0.85778
0.85773
0.85768
0.85763
0.85757
0.85752
0.85747
0.85742
0.85737
0.85731
0.85726
0.85721
0.85716
0.85710
0.85705
0.85700
0.85695
0.85690
0.85684
0.85679
0.85674
0.85669
0.85664
0.85658
0.85653
0.85648
0.85643
0.85638
0.85632
0.85627
0.85622
0.85617
0.85612
0.85606
0.85601
0.85596
0.85591
0.85586
0.85580
0.85575
0.85570
0.85565
0.85560
0.85554
0.85549
0.85544
0.85539
0.85534
0.85528
0.85523
0.85518
0.85513
0.85508
0.85502
0.85497
0.85492
0.85487
0.85482
0.85476
0.85471
0.85466
0.85461
0.85455
0.85450
0.85445
0.85440
0.85435
0.85429
0.85424
0.85419
0.85414
0.85409
0.85403
0.85398
0.85393
0.85388
0.85383
0.85377
0.85372
0.85367
0.85362
0.85357
0.85351
0.85346
0.85341
0.85336
0.85331
0.85325
0.85320
0.85315
0.85310
0.85305
0.85299
0.85294
0.85289
0.85284
0.85279
0.85273
0.85268
0.85263
0.85258
0.85253
0.85247
0.85242
0.85237
0.85232
0.85227
0.85221
0.85216
0.85211
0.85206
0.85200
0.85195
0.85190
0.85185
0.85180
0.85174
0.85169
0.85164
0.85159
0.85154
0.85148
0.85143
0.85138
0.85133
0.85128
0.85122
0.85117
0.85112
0.85107
0.85102
0.85096
0.85091
0.85086
0.85081
0.85076
0.85070
0.85065
0.85060
0.85055
0.85050
0.85044
0.85039
0.85034
0.85029
0.85024
0.85018
0.85013
0.85008
0.85003
0.84998
0.84992
0.84987
0.84982
0.84977
0.84972
0.84966
0.84961
0.84956
0.84951
0.84945
0.84940
0.84935
0.84930
0.84925
0.84919
0.84914
0.84909
0.84904
0.84899
0.84893
0.84888
0.84883
0.84878
0.84873
0.84867
0.84862
0.84857
0.84852
0.84847
0.84841
0.84836
0.84831
0.84826
0.84821
0.84815
0.84810
0.84805
0.84800
0.84795
0.84789
0.84784
0.84779
0.84774
0.84769
0.84763
0.84758
0.84753
0.84748
0.84743
0.84737
0.84732
0.84727
0.84722
0.84717
0.84711
0.84706
0.84701
0.84696
0.84691
0.84685
0.84680
0.84675
0.84670
0.84664
0.84659
0.84654
0.84649
0.84644
0.84638
0.84633
0.84628
0.84623
0.84618
0.84612
0.84607
0.84602
0.84597
0.84592
0.84586
0.84581
0.84576
0.84571
0.84566
0.84560
0.84555
0.84550
0.84545
0.84540
0.84534
0.84529
0.84524
0.84519
0.84514
0.84508
0.84503
0.84498
0.84493
0.84488
0.84482
0.84477
0.84472
0.84467
0.84462
0.84456
0.84451
0.84446
0.84441
0.84436
0.84430
0.84425
0.84420
0.84415
0.84409
0.84404
0.84399
0.84394
0.84389
0.84383
0.84378
0.84373
0.84368
0.84363
0.84357
0.84352
0.84347
0.84342
0.84337
0.84331
0.84326
0.84321
0.84316
0.84311
0.84305
0.84300
0.84295
0.84290
0.84285
0.84279
0.84274
0.84269
0.84264
0.84259
0.84253
0.84248
0.84243
0.84238
0.84233
0.84227
0.84222
0.84217
0.84212
0.84207
0.84201
0.84196
0.84191
0.84186
0.84181
0.84175
0.84170
0.84165
0.84160
0.84155
0.84149
0.84144
0.84139
0.84134
0.84128
0.84123
0.84118
0.84113
0.84108
0.84102
0.84097
0.84092
0.84087
0.84082
0.84076
0.84071
0.84066
0.84061
0.84056
0.84050
0.84045
0.84040
0.84035
0.84030
0.84024
0.84019
0.84014
0.84009
0.84004
0.83998
0.83993
0.83988
0.83983
0.83978
0.83972
0.83967
0.83962
0.83957
0.83952
0.83946
0.83941
0.83936
0.83931
0.83926
0.83920
0.83915
0.83910
0.83905
0.83900
0.83894
0.83889
0.83884
0.83879
0.83873
0.83868
0.83863
0.83858
0.83853
0.83847
0.83842
0.83837
0.83832
0.83827
0.83821
0.83816
0.83811
0.83806
0.83801
0.83795
0.83790
0.83785
0.83780
0.83775
0.83769
0.83764
0.83759
0.83754
0.83749
0.83743
0.83738
0.83733
0.83728
0.83723
0.83717
0.83712
0.83707
0.83702
0.83697
0.83691
0.83686
0.83681
0.83676
0.83671
0.83665
0.83660
0.83655
0.83650
0.83645
0.83639
0.83634
0.83629
0.83624
0.83619
0.83613
0.83608
0.83603
0.83598
0.83592
0.83587
0.83582
0.83577
0.83572
0.83566
0.83561
0.83556
0.83551
0.83546
0.83540
0.83535
0.83530
0.83525
0.83520
0.83514
0.83509
0.83504
0.83499
0.83494
0.83488
0.83483
0.83478
0.83473
0.83468
0.83462
0.83457
0.83452
0.83447
0.83442
0.83436
0.83431
0.83426
0.83421
0.83416
0.83410
0.83405
0.83400
0.83395
0.83390
0.83384
0.83379
0.83374
0.83369
0.83364
0.83358
0.83353
0.83348
0.83343
0.83337
0.83332
0.83327
0.83322
0.83317
0.83311
0.83306
0.83301
0.83296
0.83291
0.83285
0.83280
0.83275
0.83270
0.83265
0.83259
0.83254
0.83249
0.83244
0.83239
0.83233
0.83228
0.83223
0.83218
0.83213
0.83207
0.83202
0.83197
0.83192
0.83187
0.83181
0.83176
0.83171
0.83166
0.83161
0.83155
0.83150
0.83145
0.83140
0.83135
0.83129
0.83124
0.83119
0.83114
0.83109
0.83103
0.83098
0.83093
0.83088
0.83083
0.83077
0.83072
0.83067
0.83062
0.83056
0.83051
0.83046
0.83041
0.83036
0.83030
0.83025
0.83020
0.83015
0.83010
0.83004
0.82999
0.82994
0.82989
0.82984
0.82978
0.82973
0.82968
0.82963
0.82958
0.82952
0.82947
0.82942
0.82937
0.82932
0.82926
0.82921
0.82916
0.82911
0.82906
0.82900
0.82895
0.82890
0.82885
0.82880
0.82874
0.82869
0.82864
0.82859
0.82854
0.82848
0.82843
0.82838
0.82833
0.82828
0.82822
0.82817
0.82812
0.82807
0.82801
0.82796
0.82791
0.82786
0.82781
0.82775
0.82770
0.82765
0.82760
0.82755
0.82749
0.82744
0.82739
0.82734
0.82729
0.82723
0.82718
0.82713
0.82708
0.82703
0.82697
0.82692
0.82687
0.82682
0.82677
0.82671
0.82666
0.82661
0.82656
0.82651
0.82645
0.82640
0.82635
0.82630
0.82625
0.82619
0.82614
0.82609
0.82604
0.82599
0.82593
0.82588
0.82583
0.82578
0.82573
0.82567
0.82562
0.82557
0.82552
0.82547
0.82541
0.82536
0.82531
0.82526
0.82520
0.82515
0.82510
0.82505
0.82500
0.82494
0.82489
0.82484
0.82479
0.82474
0.82468
0.82463
0.82458
0.82453
0.82448
0.82442
0.82437
0.82432
0.82427
0.82422
0.82416
0.82411
0.82406
0.82401
0.82396
0.82390
0.82385
0.82380
0.82375
0.82370
0.82364
0.82359
0.82354
0.82349
0.82344
0.82338
0.82333
0.82328
0.82323
0.82318
0.82312
0.82307
0.82302
0.82297
0.82292
0.82286
0.82281
0.82276
0.82271
0.82266
0.82260
0.82255
0.82250
0.82245
0.82239
0.82234
0.82229
0.82224
0.82219
0.82213
0.82208
0.82203
0.82198
0.82193
0.82187
0.82182
0.82177
0.82172
0.82167
0.82161
0.82156
0.82151
0.82146
0.82141
0.82135
0.82130
0.82125
0.82120
0.82115
0.82109
0.82104
0.82099
0.82094
0.82089
0.82083
0.82078
0.82073
0.82068
0.82063
0.82057
0.82052
0.82047
0.82042
0.82037
0.82031
0.82026
0.82021
0.82016
0.82011
0.82005
0.82000
0.81995
0.81990
0.81984
0.81979
0.81974
0.81969
0.81964
0.81958
0.81953
0.81948
0.81943
0.81938
0.81932
0.81927
0.81922
0.81917
0.81912
0.81906
0.81901
0.81896
0.81891
0.81886
0.81880
0.81875
0.81870
0.81865
0.81860
0.81854
0.81849
0.81844
0.81839
0.81834
0.81828
0.81823
0.81818
0.81813
0.81808
0.81802
0.81797
0.81792
0.81787
0.81782
0.81776
0.81771
0.81766
0.81761
0.81756
0.81750
0.81745
0.81740
0.81735
0.81730
0.81724
0.81719
0.81714
0.81709
0.81703
0.81698
0.81693
0.81688
0.81683
0.81677
0.81672
0.81667
0.81662
0.81657
0.81651
0.81646
0.81641
0.81636
0.81631
0.81625
0.81620
0.81615
0.81610
0.81605
0.81599
0.81594
0.81589
0.81584
0.81579
0.81573
0.81568
0.81563
0.81558
0.81553
0.81547
0.81542
0.81537
0.81532
0.81527
0.81521
0.81516
0.81511
0.81506
0.81501
0.81495
0.81490
0.81485
0.81480
0.81475
0.81469
0.81464
0.81459
0.81454
0.81449
0.81443
0.81438
0.81433
0.81428
0.81422
0.81417
0.81412
0.81407
0.81402
0.81396
0.81391
0.81386
0.81381
0.81376
0.81370
0.81365
0.81360
0.81355
0.81350
0.81344
0.81339
0.81334
0.81329
0.81324
0.81318
0.81313
0.81308
0.81303
0.81298
0.81292
0.81287
0.81282
0.81277
0.81272
0.81266
0.81261
0.81256
0.81251
0.81246
0.81240
0.81235
0.81230
0.81225
0.81220
0.81214
0.81209
0.81204
0.81199
0.81194
0.81188
0.81183
0.81178
0.81173
0.81168
0.81162
0.81157
0.81152
0.81147
0.81141
0.81136
0.81131
0.81126
0.81121
0.81115
0.81110
0.81105
0.81100
0.81095
0.81089
0.81084
0.81079
0.81074
0.81069
0.81063
0.81058
0.81053
0.81048
0.81043
0.81037
0.81032
0.81027
0.81022
0.81017
0.81011
0.81006
0.81001
0.80996
0.80991
0.80985
0.80980
0.80975
0.80970
0.80965
0.80959
0.80954
0.80949
0.80944
0.80939
0.80933
0.80928
0.80923
0.80918
0.80913
0.80907
0.80902
0.80897
0.80892
0.80887
0.80881
0.80876
0.80871
0.80866
0.80860
0.80855
0.80850
0.80845
0.80840
0.80834
0.80829
0.80824
0.80819
0.80814
0.80808
0.80803
0.80798
0.80793
0.80788
0.80782
0.80777
0.80772
0.80767
0.80762
0.80756
0.80751
0.80746
0.80741
0.80736
0.80730
0.80725
0.80720
0.80715
0.80710
0.80704
0.80699
0.80694
0.80689
0.80684
0.80678
0.80673
0.80668
0.80663
0.80658
0.80652
0.80647
0.80642
0.80637
0.80632
0.80626
0.80621
0.80616
0.80611
0.80606
0.80600
0.80595
0.80590
0.80585
0.80579
0.80574
0.80569
0.80564
0.80559
0.80553
0.80548
0.80543
0.80538
0.80533
0.80527
0.80522
0.80517
0.80512
0.80507
0.80501
0.80496
0.80491
0.80486
0.80481
0.80475
0.80470
0.80465
0.80460
0.80455
0.80449
0.80444
0.80439
0.80434
0.80429
0.80423
0.80418
0.80413
0.80408
0.80403
0.80397
0.80392
0.80387
0.80382
0.80377
0.80371
0.80366
0.80361
0.80356
0.80351
0.80345
0.80340
0.80335
0.80330
0.80325
0.80319
0.80314
0.80309
0.80304
0.80298
0.80293
0.80288
0.80283
0.80278
0.80272
0.80267
0.80262
0.80257
0.80252
0.80246
0.80241
0.80236
0.80231
0.80226
0.80220
0.80215
0.80210
0.80205
0.80200
0.80194
0.80189
0.80184
0.80179
0.80174
0.80168
0.80163
0.80158
0.80153
0.80148
0.80142
0.80137
0.80132
0.80127
0.80122
0.80116
0.80111
0.80106
0.80101
0.80096
0.80090
0.80085
0.80080
0.80075
0.80070
0.80064
0.80059
0.80054
0.80049
0.80044
0.80038
0.80033
0.80028
0.80023
0.80017
0.80012
0.80007
0.80002
0.79997
0.79991
0.79986
0.79981
0.79976
0.79971
0.79965
0.79960
0.79955
0.79950
0.79945
0.79939
0.79934
0.79929
0.79924
0.79919
0.79913
0.79908
0.79903
0.79898
0.79893
0.79887
0.79882
0.79877
0.79872
0.79867
0.79861
0.79856
0.79851
0.79846
0.79841
0.79835
0.79830
0.79825
0.79820
0.79815
0.79809
0.79804
0.79799
0.79794
0.79789
0.79783
0.79778
0.79773
0.79768
0.79763
0.79757
0.79752
0.79747
0.79742
0.79736
0.79731
0.79726
0.79721
0.79716
0.79710
0.79705
0.79700
0.79695
0.79690
0.79684
0.79679
0.79674
0.79669
0.79664
0.79658
0.79653
0.79648
0.79643
0.79638
0.79632
0.79627
0.79622
0.79617
0.79612
0.79606
0.79601
0.79596
0.79591
0.79586
0.79580
0.79575
0.79570
0.79565
0.79560
0.79554
0.79549
0.79544
0.79539
0.79534
0.79528
0.79523
0.79518
0.79513
0.79508
0.79502
0.79497
0.79492
0.79487
0.79482
0.79476
0.79471
0.79466
0.79461
0.79455
0.79450
0.79445
0.79440
0.79435
0.79429
0.79424
0.79419
0.79414
0.79409
0.79403
0.79398
0.79393
0.79388
0.79383
0.79377
0.79372
0.79367
0.79362
0.79357
0.79351
0.79346
0.79341
0.79336
0.79331
0.79325
0.79320
0.79315
0.79310
0.79305
0.79299
0.79294
0.79289
0.79284
0.79279
0.79273
0.79268
0.79263
0.79258
0.79253
0.79247
0.79242
0.79237
0.79232
0.79227
0.79221
0.79216
0.79211
0.79206
0.79201
0.79195
0.79190
0.79185
0.79180
0.79174
0.79169
0.79164
0.79159
0.79154
0.79148
0.79143
0.79138
0.79133
0.79128
0.79122
0.79117
0.79112
0.79107
0.79102
0.79096
0.79091
0.79086
0.79081
0.79076
0.79070
0.79065
0.79060
0.79055
0.79050
0.79044
0.79039
0.79034
0.79029
0.79024
0.79018
0.79013
0.79008
0.79003
0.78998
0.78992
0.78987
0.78982
0.78977
0.78972
0.78966
0.78961
0.78956
0.78951
0.78946
0.78940
0.78935
0.78930
0.78925
0.78920
0.78914
0.78909
0.78904
0.78899
0.78893
0.78888
0.78883
0.78878
0.78873
0.78867
0.78862
0.78857
0.78852
0.78847
0.78841
0.78836
0.78831
0.78826
0.78821
0.78815
0.78810
0.78805
0.78800
0.78795
0.78789
0.78784
0.78779
0.78774
0.78769
0.78763
0.78758
0.78753
0.78748
0.78743
0.78737
0.78732
0.78727
0.78722
0.78717
0.78711
0.78706
0.78701
0.78696
0.78691
0.78685
0.78680
0.78675
0.78670
0.78665
0.78659
0.78654
0.78649
0.78644
0.78639
0.78633
0.78628
0.78623
0.78618
0.78612
0.78607
0.78602
0.78597
0.78592
0.78586
0.78581
0.78576
0.78571
0.78566
0.78560
0.78555
0.78550
0.78545
0.78540
0.78534
0.78529
0.78524
0.78519
0.78514
0.78508
0.78503
0.78498
0.78493
0.78488
0.78482
0.78477
0.78472
0.78467
0.78462
0.78456
0.78451
0.78446
0.78441
0.78436
0.78430
0.78425
0.78420
0.78415
0.78410
0.78404
0.78399
0.78394
0.78389
0.78384
0.78378
0.78373
0.78368
0.78363
0.78358
0.78352
0.78347
0.78342
0.78337
0.78332
0.78326
0.78321
0.78316
0.78311
0.78305
0.78300
0.78295
0.78290
0.78285
0.78279
0.78274
0.78269
0.78264
0.78259
0.78253
0.78248
0.78243
0.78238
0.78233
0.78227
0.78222
0.78217
0.78212
0.78207
0.78201
0.78196
0.78191
0.78186
0.78181
0.78175
0.78170
0.78165
0.78160
0.78155
0.78149
0.78144
0.78139
0.78134
0.78129
0.78123
0.78118
0.78113
0.78108
0.78103
0.78097
0.78092
0.78087
0.78082
0.78077
0.78071
0.78066
0.78061
0.78056
0.78051
0.78045
0.78040
0.78035
0.78030
0.78024
0.78019
0.78014
0.78009
0.78004
0.77998
0.77993
0.77988
0.77983
0.77978
0.77972
0.77967
0.77962
0.77957
0.77952
0.77946
0.77941
0.77936
0.77931
0.77926
0.77920
0.77915
0.77910
0.77905
0.77900
0.77894
0.77889
0.77884
0.77879
0.77874
0.77868
0.77863
0.77858
0.77853
0.77848
0.77842
0.77837
0.77832
0.77827
0.77822
0.77816
0.77811
0.77806
0.77801
0.77796
0.77790
0.77785
0.77780
0.77775
0.77770
0.77764
0.77759
0.77754
0.77749
0.77743
0.77738
0.77733
0.77728
0.77723
0.77717
0.77712
0.77707
0.77702
0.77697
0.77691
0.77686
0.77681
0.77676
0.77671
0.77665
0.77660
0.77655
0.77650
0.77645
0.77639
0.77634
0.77629
0.77624
0.77619
0.77613
0.77608
0.77603
0.77598
0.77593
0.77587
0.77582
0.77577
0.77572
0.77567
0.77561
0.77556
0.77551
0.77546
0.77541
0.77535
0.77530
0.77525
0.77520
0.77515
0.77509
0.77504
0.77499
0.77494
0.77489
0.77483
0.77478
0.77473
0.77468
0.77463
0.77457
0.77452
0.77447
0.77442
0.77436
0.77431
0.77426
0.77421
0.77416
0.77410
0.77405
0.77400
0.77395
0.77390
0.77384
0.77379
0.77374
0.77369
0.77364
0.77358
0.77353
0.77348
0.77343
0.77338
0.77332
0.77327
0.77322
0.77317
0.77312
0.77306
0.77301
0.77296
0.77291
0.77286
0.77280
0.77275
0.77270
0.77265
0.77260
0.77254
0.77249
0.77244
0.77239
0.77234
0.77228
0.77223
0.77218
0.77213
0.77208
0.77202
0.77197
0.77192
0.77187
0.77182
0.77176
0.77171
0.77166
0.77161
0.77155
0.77150
0.77145
0.77140
0.77135
0.77129
0.77124
0.77119
0.77114
0.77109
0.77103
0.77098
0.77093
0.77088
0.77083
0.77077
0.77072
0.77067
0.77062
0.77057
0.77051
0.77046
0.77041
0.77036
0.77031
0.77025
0.77020
0.77015
0.77010
0.77005
0.76999
0.76994
0.76989
0.76984
0.76979
0.76973
0.76968
0.76963
0.76958
0.76953
0.76947
0.76942
0.76937
0.76932
0.76927
0.76921
0.76916
0.76911
0.76906
0.76901
0.76895
0.76890
0.76885
0.76880
0.76875
0.76869
0.76864
0.76859
0.76854
0.76848
0.76843
0.76838
0.76833
0.76828
0.76822
0.76817
0.76812
0.76807
0.76802
0.76796
0.76791
0.76786
0.76781
0.76776
0.76770
0.76765
0.76760
0.76755
0.76750
0.76744
0.76739
0.76734
0.76729
0.76724
0.76718
0.76713
0.76708
0.76703
0.76698
0.76692
0.76687
0.76682
0.76677
0.76672
0.76666
0.76661
0.76656
0.76651
0.76646
0.76640
0.76635
0.76630
0.76625
0.76620
0.76614
0.76609
0.76604
0.76599
0.76594
0.76588
0.76583
0.76578
0.76573
0.76567
0.76562
0.76557
0.76552
0.76547
0.76541
0.76536
0.76531
0.76526
0.76521
0.76515
0.76510
0.76505
0.76500
0.76495
0.76489
0.76484
0.76479
0.76474
0.76469
0.76463
0.76458
0.76453
0.76448
0.76443
0.76437
0.76432
0.76427
0.76422
0.76417
0.76411
0.76406
0.76401
0.76396
0.76391
0.76385
0.76380
0.76375
0.76370
0.76365
0.76359
0.76354
0.76349
0.76344
0.76339
0.76333
0.76328
0.76323
0.76318
0.76313
0.76307
0.76302
0.76297
0.76292
0.76287
0.76281
0.76276
0.76271
0.76266
0.76260
0.76255
0.76250
0.76245
0.76240
0.76234
0.76229
0.76224
0.76219
0.76214
0.76208
0.76203
0.76198
0.76193
0.76188
0.76182
0.76177
0.76172
0.76167
0.76162
0.76156
0.76151
0.76146
0.76141
0.76136
0.76130
0.76125
0.76120
0.76115
0.76110
0.76104
0.76099
0.76094
0.76089
0.76084
0.76078
0.76073
0.76068
0.76063
0.76058
0.76052
0.76047
0.76042
0.76037
0.76032
0.76026
0.76021
0.76016
0.76011
0.76006
0.76000
0.75995
0.75990
0.75985
0.75979
0.75974
0.75969
0.75964
0.75959
0.75953
0.75948
0.75943
0.75938
0.75933
0.75927
0.75922
0.75917
0.75912
0.75907
0.75901
0.75896
0.75891
0.75886
0.75881
0.75875
0.75870
0.75865
0.75860
0.75855
0.75849
0.75844
0.75839
0.75834
0.75829
0.75823
0.75818
0.75813
0.75808
0.75803
0.75797
0.75792
0.75787
0.75782
0.75777
0.75771
0.75766
0.75761
0.75756
0.75751
0.75745
0.75740
0.75735
0.75730
0.75725
0.75719
0.75714
0.75709
0.75704
0.75699
0.75693
0.75688
0.75683
0.75678
0.75672
0.75667
0.75662
0.75657
0.75652
0.75646
0.75641
0.75636
0.75631
0.75626
0.75620
0.75615
0.75610
0.75605
0.75600
0.75594
0.75589
0.75584
0.75579
0.75574
0.75568
0.75563
0.75558
0.75553
0.75548
0.75542
0.75537
0.75532
0.75527
0.75522
0.75516
0.75511
0.75506
0.75501
0.75496
0.75490
0.75485
0.75480
0.75475
0.75470
0.75464
0.75459
0.75454
0.75449
0.75444
0.75438
0.75433
0.75428
0.75423
0.75418
0.75412
0.75407
0.75402
0.75397
0.75392
0.75386
0.75381
0.75376
0.75371
0.75365
0.75360
0.75355
0.75350
0.75345
0.75339
0.75334
0.75329
0.75324
0.75319
0.75313
0.75308
0.75303
0.75298
0.75293
0.75287
0.75282
0.75277
0.75272
0.75267
0.75261
0.75256
0.75251
0.75246
0.75241
0.75235
0.75230
0.75225
0.75220
0.75215
0.75209
0.75204
0.75199
0.75194
0.75189
0.75183
0.75178
0.75173
0.75168
0.75163
0.75157
0.75152
0.75147
0.75142
0.75137
0.75131
0.75126
0.75121
0.75116
0.75111
0.75105
0.75100
0.75095
0.75090
0.75085
0.75079
0.75074
0.75069
0.75064
0.75058
0.75053
0.75048
0.75043
0.75038
0.75032
0.75027
0.75022
0.75017
0.75012
0.75006
0.75001
0.74996
0.74991
0.74986
0.74980
0.74975
0.74970
0.74965
0.74960
0.74954
0.74949
0.74944
0.74939
0.74934
0.74928
0.74923
0.74918
0.74913
0.74908
0.74902
0.74897
0.74892
0.74887
0.74882
0.74876
0.74871
0.74866
0.74861
0.74856
0.74850
0.74845
0.74840
0.74835
0.74830
0.74824
0.74819
0.74814
0.74809
0.74804
0.74798
0.74793
0.74788
0.74783
0.74778
0.74772
0.74767
0.74762
0.74757
0.74751
0.74746
0.74741
0.74736
0.74731
0.74725
0.74720
0.74715
0.74710
0.74705
0.74699
0.74694
0.74689
0.74684
0.74679
0.74673
0.74668
0.74663
0.74658
0.74653
0.74647
0.74642
0.74637
0.74632
0.74627
0.74621
0.74616
0.74611
0.74606
0.74601
0.74595
0.74590
0.74585
0.74580
0.74575
0.74569
0.74564
0.74559
0.74554
0.74549
0.74543
0.74538
0.74533
0.74528
0.74523
0.74517
0.74512
0.74507
0.74502
0.74497
0.74491
0.74486
0.74481
0.74476
0.74471
0.74465
0.74460
0.74455
0.74450
0.74444
0.74439
0.74434
0.74429
0.74424
0.74418
0.74413
0.74408
0.74403
0.74398
0.74392
0.74387
0.74382
0.74377
0.74372
0.74366
0.74361
0.74356
0.74351
0.74346
0.74340
0.74335
0.74330
0.74325
0.74320
0.74314
0.74309
0.74304
0.74299
0.74294
0.74288
0.74283
0.74278
0.74273
0.74268
0.74262
0.74257
0.74252
0.74247
0.74242
0.74236
0.74231
0.74226
0.74221
0.74216
0.74210
0.74205
0.74200
0.74195
0.74190
0.74184
0.74179
0.74174
0.74169
0.74164
0.74158
0.74153
0.74148
0.74143
0.74137
0.74132
0.74127
0.74122
0.74117
0.74111
0.74106
0.74101
0.74096
0.74091
0.74085
0.74080
0.74075
0.74070
0.74065
0.74059
0.74054
0.74049
0.74044
0.74039
0.74033
0.74028
0.74023
0.74018
0.74013
0.74007
0.74002
0.73997
0.73992
0.73987
0.73981
0.73976
0.73971
0.73966
0.73961
0.73955
0.73950
0.73945
0.73940
0.73935
0.73929
0.73924
0.73919
0.73914
0.73909
0.73903
0.73898
0.73893
0.73888
0.73883
0.73877
0.73872
0.73867
0.73862
0.73857
0.73851
0.73846
0.73841
0.73836
0.73830
0.73825
0.73820
0.73815
0.73810
0.73804
0.73799
0.73794
0.73789
0.73784
0.73778
0.73773
0.73768
0.73763
0.73758
0.73752
0.73747
0.73742
0.73737
0.73732
0.73726
0.73721
0.73716
0.73711
0.73706
0.73700
0.73695
0.73690
0.73685
0.73680
0.73674
0.73669
0.73664
0.73659
0.73654
0.73648
0.73643
0.73638
0.73633
0.73628
0.73622
0.73617
0.73612
0.73607
0.73602
0.73596
0.73591
0.73586
0.73581
0.73576
0.73570
0.73565
0.73560
0.73555
0.73550
0.73544
0.73539
0.73534
0.73529
0.73523
0.73518
0.73513
0.73508
0.73503
0.73497
0.73492
0.73487
0.73482
0.73477
0.73471
0.73466
0.73461
0.73456
0.73451
0.73445
0.73440
0.73435
0.73430
0.73425
0.73419
0.73414
0.73409
0.73404
0.73399
0.73393
0.73388
0.73383
0.73378
0.73373
0.73367
0.73362
0.73357
0.73352
0.73347
0.73341
0.73336
0.73331
0.73326
0.73321
0.73315
0.73310
0.73305
0.73300
0.73295
0.73289
0.73284
0.73279
0.73274
0.73269
0.73263
0.73258
0.73253
0.73248
0.73243
0.73237
0.73232
0.73227
0.73222
0.73216
0.73211
0.73206
0.73201
0.73196
0.73190
0.73185
0.73180
0.73175
0.73170
0.73164
0.73159
0.73154
0.73149
0.73144
0.73138
0.73133
0.73128
0.73123
0.73118
0.73112
0.73107
0.73102
0.73097
0.73092
0.73086
0.73081
0.73076
0.73071
0.73066
0.73060
0.73055
0.73050
0.73045
0.73040
0.73034
0.73029
0.73024
0.73019
0.73014
0.73008
0.73003
0.72998
0.72993
0.72988
0.72982
0.72977
0.72972
0.72967
0.72962
0.72956
0.72951
0.72946
0.72941
0.72936
0.72930
0.72925
0.72920
0.72915
0.72909
0.72904
0.72899
0.72894
0.72889
0.72883
0.72878
0.72873
0.72868
0.72863
0.72857
0.72852
0.72847
0.72842
0.72837
0.72831
0.72826
0.72821
0.72816
0.72811
0.72805
0.72800
0.72795
0.72790
0.72785
0.72779
0.72774
0.72769
0.72764
0.72759
0.72753
0.72748
0.72743
0.72738
0.72733
0.72727
0.72722
0.72717
0.72712
0.72707
0.72701
0.72696
0.72691
0.72686
0.72681
0.72675
0.72670
0.72665
0.72660
0.72655
0.72649
0.72644
0.72639
0.72634
0.72629
0.72623
0.72618
0.72613
0.72608
0.72602
0.72597
0.72592
0.72587
0.72582
0.72576
0.72571
0.72566
0.72561
0.72556
0.72550
0.72545
0.72540
0.72535
0.72530
0.72524
0.72519
0.72514
0.72509
0.72504
0.72498
0.72493
0.72488
0.72483
0.72478
0.72472
0.72467
0.72462
0.72457
0.72452
0.72446
0.72441
0.72436
0.72431
0.72426
0.72420
0.72415
0.72410
0.72405
0.72400
0.72394
0.72389
0.72384
0.72379
0.72374
0.72368
0.72363
0.72358
0.72353
0.72348
0.72342
0.72337
0.72332
0.72327
0.72322
0.72316
0.72311
0.72306
0.72301
0.72296
0.72290
0.72285
0.72280
0.72275
0.72269
0.72264
0.72259
0.72254
0.72249
0.72243
0.72238
0.72233
0.72228
0.72223
0.72217
0.72212
0.72207
0.72202
0.72197
0.72191
0.72186
0.72181
0.72176
0.72171
0.72165
0.72160
0.72155
0.72150
0.72145
0.72139
0.72134
0.72129
0.72124
0.72119
0.72113
0.72108
0.72103
0.72098
0.72093
0.72087
0.72082
0.72077
0.72072
0.72067
0.72061
0.72056
0.72051
0.72046
0.72041
0.72035
0.72030
0.72025
0.72020
0.72015
0.72009
0.72004
0.71999
0.71994
0.71989
0.71983
0.71978
0.71973
0.71968
0.71962
0.71957
0.71952
0.71947
0.71942
0.71936
0.71931
0.71926
0.71921
0.71916
0.71910
0.71905
0.71900
0.71895
0.71890
0.71884
0.71879
0.71874
0.71869
0.71864
0.71858
0.71853
0.71848
0.71843
0.71838
0.71832
0.71827
0.71822
0.71817
0.71812
0.71806
0.71801
0.71796
0.71791
0.71786
0.71780
0.71775
0.71770
0.71765
0.71760
0.71754
0.71749
0.71744
0.71739
0.71734
0.71728
0.71723
0.71718
0.71713
0.71708
0.71702
0.71697
0.71692
0.71687
0.71682
0.71676
0.71671
0.71666
0.71661
0.71655
0.71650
0.71645
0.71640
0.71635
0.71629
0.71624
0.71619
0.71614
0.71609
0.71603
0.71598
0.71593
0.71588
0.71583
0.71577
0.71572
0.71567
0.71562
0.71557
0.71551
0.71546
0.71541
0.71536
0.71531
0.71525
0.71520
0.71515
0.71510
0.71505
0.71499
0.71494
0.71489
0.71484
0.71479
0.71473
0.71468
0.71463
0.71458
0.71453
0.71447
0.71442
0.71437
0.71432
0.71427
0.71421
0.71416
0.71411
0.71406
0.71401
0.71395
0.71390
0.71385
0.71380
0.71375
0.71369
0.71364
0.71359
0.71354
0.71349
0.71343
0.71338
0.71333
0.71328
0.71322
0.71317
0.71312
0.71307
0.71302
0.71296
0.71291
0.71286
0.71281
0.71276
0.71270
0.71265
0.71260
0.71255
0.71250
0.71244
0.71239
0.71234
0.71229
0.71224
0.71218
0.71213
0.71208
0.71203
0.71198
0.71192
0.71187
0.71182
0.71177
0.71172
0.71166
0.71161
0.71156
0.71151
0.71146
0.71140
0.71135
0.71130
0.71125
0.71120
0.71114
0.71109
0.71104
0.71099
0.71094
0.71088
0.71083
0.71078
0.71073
0.71068
0.71062
0.71057
0.71052
0.71047
0.71042
0.71036
0.71031
0.71026
0.71021
0.71015
0.71010
0.71005
0.71000
0.70995
0.70989
0.70984
0.70979
0.70974
0.70969
0.70963
0.70958
0.70953
0.70948
0.70943
0.70937
0.70932
0.70927
0.70922
0.70917
0.70911
0.70906
0.70901
0.70896
0.70891
0.70885
0.70880
0.70875
0.70870
0.70865
0.70859
0.70854
0.70849
0.70844
0.70839
0.70833
0.70828
0.70823
0.70818
0.70813
0.70807
0.70802
0.70797
0.70792
0.70787
0.70781
0.70776
0.70771
0.70766
0.70761
0.70755
0.70750
0.70745
0.70740
0.70735
0.70729
0.70724
0.70719
0.70714
0.70709
0.70703
0.70698
0.70693
0.70688
0.70682
0.70677
0.70672
0.70667
0.70662
0.70656
0.70651
0.70646
0.70641
0.70636
0.70630
0.70625
0.70620
0.70615
0.70610
0.70604
0.70599
0.70594
0.70589
0.70584
0.70578
0.70573
0.70568
0.70563
0.70558
0.70552
0.70547
0.70542
0.70537
0.70532
0.70526
0.70521
0.70516
0.70511
0.70506
0.70500
0.70495
0.70490
0.70485
0.70480
0.70474
0.70469
0.70464
0.70459
0.70454
0.70448
0.70443
0.70438
0.70433
0.70428
0.70422
0.70417
0.70412
0.70407
0.70402
0.70396
0.70391
0.70386
0.70381
0.70376
0.70370
0.70365
0.70360
0.70355
0.70349
0.70344
0.70339
0.70334
0.70329
0.70323
0.70318
0.70313
0.70308
0.70303
0.70297
0.70292
0.70287
0.70282
0.70277
0.70271
0.70266
0.70261
0.70256
0.70251
0.70245
0.70240
0.70235
0.70230
0.70225
0.70219
0.70214
0.70209
0.70204
0.70199
0.70193
0.70188
0.70183
0.70178
0.70173
0.70167
0.70162
0.70157
0.70152
0.70147
0.70141
0.70136
0.70131
0.70126
0.70121
0.70115
0.70110
0.70105
0.70100
0.70095
0.70089
0.70084
0.70079
0.70074
0.70069
0.70063
0.70058
0.70053
0.70048
0.70043
0.70037
0.70032
0.70027
0.70022
0.70016
0.70011
0.70006
0.70001
0.69996
0.69990
0.69985
0.69980
0.69975
0.69970
0.69964
0.69959
0.69954
0.69949
0.69944
0.69938
0.69933
0.69928
0.69923
0.69918
0.69912
0.69907
0.69902
0.69897
0.69892
0.69886
0.69881
0.69876
0.69871
0.69866
0.69860
0.69855
0.69850
0.69845
0.69840
0.69834
0.69829
0.69824
0.69819
0.69814
0.69808
0.69803
0.69798
0.69793
0.69788
0.69782
0.69777
0.69772
0.69767
0.69762
0.69756
0.69751
0.69746
0.69741
0.69736
0.69730
0.69725
0.69720
0.69715
0.69709
0.69704
0.69699
0.69694
0.69689
0.69683
0.69678
0.69673
0.69668
0.69663
0.69657
0.69652
0.69647
0.69642
0.69637
0.69631
0.69626
0.69621
0.69616
0.69611
0.69605
0.69600
0.69595
0.69590
0.69585
0.69579
0.69574
0.69569
0.69564
0.69559
0.69553
0.69548
0.69543
0.69538
0.69533
0.69527
0.69522
0.69517
0.69512
0.69507
0.69501
0.69496
0.69491
0.69486
0.69481
0.69475
0.69470
0.69465
0.69460
0.69455
0.69449
0.69444
0.69439
0.69434
0.69429
0.69423
0.69418
0.69413
0.69408
0.69403
0.69397
0.69392
0.69387
0.69382
0.69376
0.69371
0.69366
0.69361
0.69356
0.69350
0.69345
0.69340
0.69335
0.69330
0.69324
0.69319
0.69314
0.69309
0.69304
0.69298
0.69293
0.69288
0.69283
0.69278
0.69272
0.69267
0.69262
0.69257
0.69252
0.69246
0.69241
0.69236
0.69231
0.69226
0.69220
0.69215
0.69210
0.69205
0.69200
0.69194
0.69189
0.69184
0.69179
0.69174
0.69168
0.69163
0.69158
0.69153
0.69148
0.69142
0.69137
0.69132
0.69127
0.69122
0.69116
0.69111
0.69106
0.69101
0.69096
0.69090
0.69085
0.69080
0.69075
0.69070
0.69064
0.69059
0.69054
0.69049
0.69043
0.69038
0.69033
0.69028
0.69023
0.69017
0.69012
0.69007
0.69002
0.68997
0.68991
0.68986
0.68981
0.68976
0.68971
0.68965
0.68960
0.68955
0.68950
0.68945
0.68939
0.68934
0.68929
0.68924
0.68919
0.68913
0.68908
0.68903
0.68898
0.68893
0.68887
0.68882
0.68877
0.68872
0.68867
0.68861
0.68856
0.68851
0.68846
0.68841
0.68835
0.68830
0.68825
0.68820
0.68815
0.68809
0.68804
0.68799
0.68794
0.68789
0.68783
0.68778
0.68773
0.68768
0.68763
0.68757
0.68752
0.68747
0.68742
0.68737
0.68731
0.68726
0.68721
0.68716
0.68710
0.68705
0.68700
0.68695
0.68690
0.68684
0.68679
0.68674
0.68669
0.68664
0.68658
0.68653
0.68648
0.68643
0.68638
0.68632
0.68627
0.68622
0.68617
0.68612
0.68606
0.68601
0.68596
0.68591
0.68586
0.68580
0.68575
0.68570
0.68565
0.68560
0.68554
0.68549
0.68544
0.68539
0.68534
0.68528
0.68523
0.68518
0.68513
0.68508
0.68502
0.68497
0.68492
0.68487
0.68482
0.68476
0.68471
0.68466
0.68461
0.68456
0.68450
0.68445
0.68440
0.68435
0.68430
0.68424
0.68419
0.68414
0.68409
0.68404
0.68398
0.68393
0.68388
0.68383
0.68377
0.68372
0.68367
0.68362
0.68357
0.68351
0.68346
0.68341
0.68336
0.68331
0.68325
0.68320
0.68315
0.68310
0.68305
0.68299
0.68294
0.68289
0.68284
0.68279
0.68273
0.68268
0.68263
0.68258
0.68253
0.68247
0.68242
0.68237
0.68232
0.68227
0.68221
0.68216
0.68211
0.68206
0.68201
0.68195
0.68190
0.68185
0.68180
0.68175
0.68169
0.68164
0.68159
0.68154
0.68149
0.68143
0.68138
0.68133
0.68128
0.68123
0.68117
0.68112
0.68107
0.68102
0.68097
0.68091
0.68086
0.68081
0.68076
0.68071
0.68065
0.68060
0.68055
0.68050
0.68045
0.68039
0.68034
0.68029
0.68024
0.68018
0.68013
0.68008
0.68003
0.67998
0.67992
0.67987
0.67982
0.67977
0.67972
0.67966
0.67961
0.67956
0.67951
0.67946
0.67940
0.67935
0.67930
0.67925
0.67920
0.67914
0.67909
0.67904
0.67899
0.67894
0.67888
0.67883
0.67878
0.67873
0.67868
0.67862
0.67857
0.67852
0.67847
0.67842
0.67836
0.67831
0.67826
0.67821
0.67816
0.67810
0.67805
0.67800
0.67795
0.67790
0.67784
0.67779
0.67774
0.67769
0.67764
0.67758
0.67753
0.67748
0.67743
0.67738
0.67732
0.67727
0.67722
0.67717
0.67712
0.67706
0.67701
0.67696
0.67691
0.67685
0.67680
0.67675
0.67670
0.67665
0.67659
0.67654
0.67649
0.67644
0.67639
0.67633
0.67628
0.67623
0.67618
0.67613
0.67607
0.67602
0.67597
0.67592
0.67587
0.67581
0.67576
0.67571
0.67566
0.67561
0.67555
0.67550
0.67545
0.67540
0.67535
0.67529
0.67524
0.67519
0.67514
0.67509
0.67503
0.67498
0.67493
0.67488
0.67483
0.67477
0.67472
0.67467
0.67462
0.67457
0.67451
0.67446
0.67441
0.67436
0.67431
0.67425
0.67420
0.67415
0.67410
0.67405
0.67399
0.67394
0.67389
0.67384
0.67379
0.67373
0.67368
0.67363
0.67358
0.67352
0.67347
0.67342
0.67337
0.67332
0.67326
0.67321
0.67316
0.67311
0.67306
0.67300
0.67295
0.67290
0.67285
0.67280
0.67274
0.67269
0.67264
0.67259
0.67254
0.67248
0.67243
0.67238
0.67233
0.67228
0.67222
0.67217
0.67212
0.67207
0.67202
0.67196
0.67191
0.67186
0.67181
0.67176
0.67170
0.67165
0.67160
0.67155
0.67150
0.67144
0.67139
0.67134
0.67129
0.67124
0.67118
0.67113
0.67108
0.67103
0.67098
0.67092
0.67087
0.67082
0.67077
0.67072
0.67066
0.67061
0.67056
0.67051
0.67046
0.67040
0.67035
0.67030
0.67025
0.67019
0.67014
0.67009
0.67004
0.66999
0.66993
0.66988
0.66983
0.66978
0.66973
0.66967
0.66962
0.66957
0.66952
0.66947
0.66941
0.66936
0.66931
0.66926
0.66921
0.66915
0.66910
0.66905
0.66900
0.66895
0.66889
0.66884
0.66879
0.66874
0.66869
0.66863
0.66858
0.66853
0.66848
0.66843
0.66837
0.66832
0.66827
0.66822
0.66817
0.66811
0.66806
0.66801
0.66796
0.66791
0.66785
0.66780
0.66775
0.66770
0.66765
0.66759
0.66754
0.66749
0.66744
0.66739
0.66733
0.66728
0.66723
0.66718
0.66713
0.66707
0.66702
0.66697
0.66692
0.66687
0.66681
0.66676
0.66671
0.66666
0.66660
0.66655
0.66650
0.66645
0.66640
0.66634
0.66629
0.66624
0.66619
0.66614
0.66608
0.66603
0.66598
0.66593
0.66588
0.66582
0.66577
0.66572
0.66567
0.66562
0.66556
0.66551
0.66546
0.66541
0.66536
0.66530
0.66525
0.66520
0.66515
0.66510
0.66504
0.66499
0.66494
0.66489
0.66484
0.66478
0.66473
0.66468
0.66463
0.66458
0.66452
0.66447
0.66442
0.66437
0.66432
0.66426
0.66421
0.66416
0.66411
0.66406
0.66400
0.66395
0.66390
0.66385
0.66380
0.66374
0.66369
0.66364
0.66359
0.66354
0.66348
0.66343
0.66338
0.66333
0.66328
0.66322
0.66317
0.66312
0.66307
0.66301
0.66296
0.66291
0.66286
0.66281
0.66275
0.66270
0.66265
0.66260
0.66255
0.66249
0.66244
0.66239
0.66234
0.66229
0.66223
0.66218
0.66213
0.66208
0.66203
0.66197
0.66192
0.66187
0.66182
0.66177
0.66171
0.66166
0.66161
0.66156
0.66151
0.66145
0.66140
0.66135
0.66130
0.66125
0.66119
0.66114
0.66109
0.66104
0.66099
0.66093
0.66088
0.66083
0.66078
0.66073
0.66067
0.66062
0.66057
0.66052
0.66047
0.66041
0.66036
0.66031
0.66026
0.66021
0.66015
0.66010
0.66005
0.66000
0.65995
0.65989
0.65984
0.65979
0.65974
0.65968
0.65963
0.65958
0.65953
0.65948
0.65942
0.65937
0.65932
0.65927
0.65922
0.65916
0.65911
0.65906
0.65901
0.65896
0.65890
0.65885
0.65880
0.65875
0.65870
0.65864
0.65859
0.65854
0.65849
0.65844
0.65838
0.65833
0.65828
0.65823
0.65818
0.65812
0.65807
0.65802
0.65797
0.65792
0.65786
0.65781
0.65776
0.65771
0.65766
0.65760
0.65755
0.65750
0.65745
0.65740
0.65734
0.65729
0.65724
0.65719
0.65714
0.65708
0.65703
0.65698
0.65693
0.65688
0.65682
0.65677
0.65672
0.65667
0.65662
0.65656
0.65651
0.65646
0.65641
0.65636
0.65630
0.65625
0.65620
0.65615
0.65609
0.65604
0.65599
0.65594
0.65589
0.65583
0.65578
0.65573
0.65568
0.65563
0.65557
0.65552
0.65547
0.65542
0.65537
0.65531
0.65526
0.65521
0.65516
0.65511
0.65505
0.65500
0.65495
0.65490
0.65485
0.65479
0.65474
0.65469
0.65464
0.65459
0.65453
0.65448
0.65443
0.65438
0.65433
0.65427
0.65422
0.65417
0.65412
0.65407
0.65401
0.65396
0.65391
0.65386
0.65381
0.65375
0.65370
0.65365
0.65360
0.65355
0.65349
0.65344
0.65339
0.65334
0.65329
0.65323
0.65318
0.65313
0.65308
0.65303
0.65297
0.65292
0.65287
0.65282
0.65277
0.65271
0.65266
0.65261
0.65256
0.65250
0.65245
0.65240
0.65235
0.65230
0.65224
0.65219
0.65214
0.65209
0.65204
0.65198
0.65193
0.65188
0.65183
0.65178
0.65172
0.65167
0.65162
0.65157
0.65152
0.65146
0.65141
0.65136
0.65131
0.65126
0.65120
0.65115
0.65110
0.65105
0.65100
0.65094
0.65089
0.65084
0.65079
0.65074
0.65068
0.65063
0.65058
0.65053
0.65048
0.65042
0.65037
0.65032
0.65027
0.65022
0.65016
0.65011
0.65006
0.65001
0.64996
0.64990
0.64985
0.64980
0.64975
0.64970
0.64964
0.64959
0.64954
0.64949
0.64944
0.64938
0.64933
0.64928
0.64923
0.64918
0.64912
0.64907
0.64902
0.64897
0.64891
0.64886
0.64881
0.64876
0.64871
0.64865
0.64860
0.64855
0.64850
0.64845
0.64839
0.64834
0.64829
0.64824
0.64819
0.64813
0.64808
0.64803
0.64798
0.64793
0.64787
0.64782
0.64777
0.64772
0.64767
0.64761
0.64756
0.64751
0.64746
0.64741
0.64735
0.64730
0.64725
0.64720
0.64715
0.64709
0.64704
0.64699
0.64694
0.64689
0.64683
0.64678
0.64673
0.64668
0.64663
0.64657
0.64652
0.64647
0.64642
0.64637
0.64631
0.64626
0.64621
0.64616
0.64611
0.64605
0.64600
0.64595
0.64590
0.64585
0.64579
0.64574
0.64569
0.64564
0.64559
0.64553
0.64548
0.64543
0.64538
0.64532
0.64527
0.64522
0.64517
0.64512
0.64506
0.64501
0.64496
0.64491
0.64486
0.64480
0.64475
0.64470
0.64465
0.64460
0.64454
0.64449
0.64444
0.64439
0.64434
0.64428
0.64423
0.64418
0.64413
0.64408
0.64402
0.64397
0.64392
0.64387
0.64382
0.64376
0.64371
0.64366
0.64361
0.64356
0.64350
0.64345
0.64340
0.64335
0.64330
0.64324
0.64319
0.64314
0.64309
0.64304
0.64298
0.64293
0.64288
0.64283
0.64278
0.64272
0.64267
0.64262
0.64257
0.64252
0.64246
0.64241
0.64236
0.64231
0.64226
0.64220
0.64215
0.64210
0.64205
0.64200
0.64194
0.64189
0.64184
0.64179
0.64173
0.64168
0.64163
0.64158
0.64153
0.64147
0.64142
0.64137
0.64132
0.64127
0.64121
0.64116
0.64111
0.64106
0.64101
0.64095
0.64090
0.64085
0.64080
0.64075
0.64069
0.64064
0.64059
0.64054
0.64049
0.64043
0.64038
0.64033
0.64028
0.64023
0.64017
0.64012
0.64007
0.64002
0.63997
0.63991
0.63986
0.63981
0.63976
0.63971
0.63965
0.63960
0.63955
0.63950
0.63945
0.63939
0.63934
0.63929
0.63924
0.63919
0.63913
0.63908
0.63903
0.63898
0.63893
0.63887
0.63882
0.63877
0.63872
0.63867
0.63861
0.63856
0.63851
0.63846
0.63841
0.63835
0.63830
0.63825
0.63820
0.63814
0.63809
0.63804
0.63799
0.63794
0.63788
0.63783
0.63778
0.63773
0.63768
0.63762
0.63757
0.63752
0.63747
0.63742
0.63736
0.63731
0.63726
0.63721
0.63716
0.63710
0.63705
0.63700
0.63695
0.63690
0.63684
0.63679
0.63674
0.63669
0.63664
0.63658
0.63653
0.63648
0.63643
0.63638
0.63632
0.63627
0.63622
0.63617
0.63612
0.63606
0.63601
0.63596
0.63591
0.63586
0.63580
0.63575
0.63570
0.63565
0.63560
0.63554
0.63549
0.63544
0.63539
0.63534
0.63528
0.63523
0.63518
0.63513
0.63508
0.63502
0.63497
0.63492
0.63487
0.63482
0.63476
0.63471
0.63466
0.63461
0.63455
0.63450
0.63445
0.63440
0.63435
0.63429
0.63424
0.63419
0.63414
0.63409
0.63403
0.63398
0.63393
0.63388
0.63383
0.63377
0.63372
0.63367
0.63362
0.63357
0.63351
0.63346
0.63341
0.63336
0.63331
0.63325
0.63320
0.63315
0.63310
0.63305
0.63299
0.63294
0.63289
0.63284
0.63279
0.63273
0.63268
0.63263
0.63258
0.63253
0.63247
0.63242
0.63237
0.63232
0.63227
0.63221
0.63216
0.63211
0.63206
0.63201
0.63195
0.63190
0.63185
0.63180
0.63175
0.63169
0.63164
0.63159
0.63154
0.63149
0.63143
0.63138
0.63133
0.63128
0.63123
0.63117
0.63112
0.63107
0.63102
0.63097
0.63091
0.63086
0.63081
0.63076
0.63070
0.63065
0.63060
0.63055
0.63050
0.63044
0.63039
0.63034
0.63029
0.63024
0.63018
0.63013
0.63008
0.63003
0.62998
0.62992
0.62987
0.62982
0.62977
0.62972
0.62966
0.62961
0.62956
0.62951
0.62946
0.62940
0.62935
0.62930
0.62925
0.62920
0.62914
0.62909
0.62904
0.62899
0.62894
0.62888
0.62883
0.62878
0.62873
0.62868
0.62862
0.62857
0.62852
0.62847
0.62842
0.62836
0.62831
0.62826
0.62821
0.62816
0.62810
0.62805
0.62800
0.62795
0.62790
0.62784
0.62779
0.62774
0.62769
0.62764
0.62758
0.62753
0.62748
0.62743
0.62738
0.62732
0.62727
0.62722
0.62717
0.62711
0.62706
0.62701
0.62696
0.62691
0.62685
0.62680
0.62675
0.62670
0.62665
0.62659
0.62654
0.62649
0.62644
0.62639
0.62633
0.62628
0.62623
0.62618
0.62613
0.62607
0.62602
0.62597
0.62592
0.62587
0.62581
0.62576
0.62571
0.62566
0.62561
0.62555
0.62550
0.62545
0.62540
0.62535
0.62529
0.62524
0.62519
0.62514
0.62509
0.62503
0.62498
0.62493
0.62488
0.62483
0.62477
0.62472
0.62467
0.62462
0.62457
0.62451
0.62446
0.62441
0.62436
0.62431
0.62425
0.62420
0.62415
0.62410
0.62405
0.62399
0.62394
0.62389
0.62384
0.62379
0.62373
0.62368
0.62363
0.62358
0.62353
0.62347
0.62342
0.62337
0.62332
0.62326
0.62321
0.62316
0.62311
0.62306
0.62300
0.62295
0.62290
0.62285
0.62280
0.62274
0.62269
0.62264
0.62259
0.62254
0.62248
0.62243
0.62238
0.62233
0.62228
0.62222
0.62217
0.62212
0.62207
0.62202
0.62196
0.62191
0.62186
0.62181
0.62176
0.62170
0.62165
0.62160
0.62155
0.62150
0.62144
0.62139
0.62134
0.62129
0.62124
0.62118
0.62113
0.62108
0.62103
0.62098
0.62092
0.62087
0.62082
0.62077
0.62072
0.62066
0.62061
0.62056
0.62051
0.62046
0.62040
0.62035
0.62030
0.62025
0.62020
0.62014
0.62009
0.62004
0.61999
0.61994
0.61988
0.61983
0.61978
0.61973
0.61967
0.61962
0.61957
0.61952
0.61947
0.61941
0.61936
0.61931
0.61926
0.61921
0.61915
0.61910
0.61905
0.61900
0.61895
0.61889
0.61884
0.61879
0.61874
0.61869
0.61863
0.61858
0.61853
0.61848
0.61843
0.61837
0.61832
0.61827
0.61822
0.61817
0.61811
0.61806
0.61801
0.61796
0.61791
0.61785
0.61780
0.61775
0.61770
0.61765
0.61759
0.61754
0.61749
0.61744
0.61739
0.61733
0.61728
0.61723
0.61718
0.61713
0.61707
0.61702
0.61697
0.61692
0.61687
0.61681
0.61676
0.61671
0.61666
0.61661
0.61655
0.61650
0.61645
0.61640
0.61635
0.61629
0.61624
0.61619
0.61614
0.61609
0.61603
0.61598
0.61593
0.61588
0.61582
0.61577
0.61572
0.61567
0.61562
0.61556
0.61551
0.61546
0.61541
0.61536
0.61530
0.61525
0.61520
0.61515
0.61510
0.61504
0.61499
0.61494
0.61489
0.61484
0.61478
0.61473
0.61468
0.61463
0.61458
0.61452
0.61447
0.61442
0.61437
0.61432
0.61426
0.61421
0.61416
0.61411
0.61406
0.61400
0.61395
0.61390
0.61385
0.61380
0.61374
0.61369
0.61364
0.61359
0.61354
0.61348
0.61343
0.61338
0.61333
0.61328
0.61322
0.61317
0.61312
0.61307
0.61302
0.61296
0.61291
0.61286
0.61281
0.61276
0.61270
0.61265
0.61260
0.61255
0.61250
0.61244
0.61239
0.61234
0.61229
0.61224
0.61218
0.61213
0.61208
0.61203
0.61197
0.61192
0.61187
0.61182
0.61177
0.61171
0.61166
0.61161
0.61156
0.61151
0.61145
0.61140
0.61135
0.61130
0.61125
0.61119
0.61114
0.61109
0.61104
0.61099
0.61093
0.61088
0.61083
0.61078
0.61073
0.61067
0.61062
0.61057
0.61052
0.61047
0.61041
0.61036
0.61031
0.61026
0.61021
0.61015
0.61010
0.61005
0.61000
0.60995
0.60989
0.60984
0.60979
0.60974
0.60969
0.60963
0.60958
0.60953
0.60948
0.60943
0.60937
0.60932
0.60927
0.60922
0.60917
0.60911
0.60906
0.60901
0.60896
0.60891
0.60885
0.60880
0.60875
0.60870
0.60865
0.60859
0.60854
0.60849
0.60844
0.60839
0.60833
0.60828
0.60823
0.60818
0.60812
0.60807
0.60802
0.60797
0.60792
0.60786
0.60781
0.60776
0.60771
0.60766
0.60760
0.60755
0.60750
0.60745
0.60740
0.60734
0.60729
0.60724
0.60719
0.60714
0.60708
0.60703
0.60698
0.60693
0.60688
0.60682
0.60677
0.60672
0.60667
0.60662
0.60656
0.60651
0.60646
0.60641
0.60636
0.60630
0.60625
0.60620
0.60615
0.60610
0.60604
0.60599
0.60594
0.60589
0.60584
0.60578
0.60573
0.60568
0.60563
0.60558
0.60552
0.60547
0.60542
0.60537
0.60532
0.60526
0.60521
0.60516
0.60511
0.60506
0.60500
0.60495
0.60490
0.60485
0.60480
0.60474
0.60469
0.60464
0.60459
0.60454
0.60448
0.60443
0.60438
0.60433
0.60427
0.60422
0.60417
0.60412
0.60407
0.60401
0.60396
0.60391
0.60386
0.60381
0.60375
0.60370
0.60365
0.60360
0.60355
0.60349
0.60344
0.60339
0.60334
0.60329
0.60323
0.60318
0.60313
0.60308
0.60303
0.60297
0.60292
0.60287
0.60282
0.60277
0.60271
0.60266
0.60261
0.60256
0.60251
0.60245
0.60240
0.60235
0.60230
0.60225
0.60219
0.60214
0.60209
0.60204
0.60199
0.60193
0.60188
0.60183
0.60178
0.60173
0.60167
0.60162
0.60157
0.60152
0.60147
0.60141
0.60136
0.60131
0.60126
0.60121
0.60115
0.60110
0.60105
0.60100
0.60095
0.60089
0.60084
0.60079
0.60074
0.60069
0.60063
0.60058
0.60053
0.60048
0.60042
0.60037
0.60032
0.60027
0.60022
0.60016
0.60011
0.60006
0.60001
0.59996
0.59990
0.59985
0.59980
0.59975
0.59970
0.59964
0.59959
0.59954
0.59949
0.59944
0.59938
0.59933
0.59928
0.59923
0.59918
0.59912
0.59907
0.59902
0.59897
0.59892
0.59886
0.59881
0.59876
0.59871
0.59866
0.59860
0.59855
0.59850
0.59845
0.59840
0.59834
0.59829
0.59824
0.59819
0.59814
0.59808
0.59803
0.59798
0.59793
0.59788
0.59782
0.59777
0.59772
0.59767
0.59762
0.59756
0.59751
0.59746
0.59741
0.59736
0.59730
0.59725
0.59720
0.59715
0.59710
0.59704
0.59699
0.59694
0.59689
0.59684
0.59678
0.59673
0.59668
0.59663
0.59657
0.59652
0.59647
0.59642
0.59637
0.59631
0.59626
0.59621
0.59616
0.59611
0.59605
0.59600
0.59595
0.59590
0.59585
0.59579
0.59574
0.59569
0.59564
0.59559
0.59553
0.59548
0.59543
0.59538
0.59533
0.59527
0.59522
0.59517
0.59512
0.59507
0.59501
0.59496
0.59491
0.59486
0.59481
0.59475
0.59470
0.59465
0.59460
0.59455
0.59449
0.59444
0.59439
0.59434
0.59429
0.59423
0.59418
0.59413
0.59408
0.59403
0.59397
0.59392
0.59387
0.59382
0.59377
0.59371
0.59366
0.59361
0.59356
0.59351
0.59345
0.59340
0.59335
0.59330
0.59325
0.59319
0.59314
0.59309
0.59304
0.59299
0.59293
0.59288
0.59283
0.59278
0.59273
0.59267
0.59262
0.59257
0.59252
0.59246
0.59241
0.59236
0.59231
0.59226
0.59220
0.59215
0.59210
0.59205
0.59200
0.59194
0.59189
0.59184
0.59179
0.59174
0.59168
0.59163
0.59158
0.59153
0.59148
0.59142
0.59137
0.59132
0.59127
0.59122
0.59116
0.59111
0.59106
0.59101
0.59096
0.59090
0.59085
0.59080
0.59075
0.59070
0.59064
0.59059
0.59054
0.59049
0.59044
0.59038
0.59033
0.59028
0.59023
0.59018
0.59012
0.59007
0.59002
0.58997
0.58992
0.58986
0.58981
0.58976
0.58971
0.58966
0.58960
0.58955
0.58950
0.58945
0.58940
0.58934
0.58929
0.58924
0.58919
0.58914
0.58908
0.58903
0.58898
0.58893
0.58888
0.58882
0.58877
0.58872
0.58867
0.58861
0.58856
0.58851
0.58846
0.58841
0.58835
0.58830
0.58825
0.58820
0.58815
0.58809
0.58804
0.58799
0.58794
0.58789
0.58783
0.58778
0.58773
0.58768
0.58763
0.58757
0.58752
0.58747
0.58742
0.58737
0.58731
0.58726
0.58721
0.58716
0.58711
0.58705
0.58700
0.58695
0.58690
0.58685
0.58679
0.58674
0.58669
0.58664
0.58659
0.58653
0.58648
0.58643
0.58638
0.58633
0.58627
0.58622
0.58617
0.58612
0.58607
0.58601
0.58596
0.58591
0.58586
0.58581
0.58575
0.58570
0.58565
0.58560
0.58555
0.58549
0.58544
0.58539
0.58534
0.58529
0.58523
0.58518
0.58513
0.58508
0.58503
0.58497
0.58492
0.58487
0.58482
0.58477
0.58471
0.58466
0.58461
0.58456
0.58450
0.58445
0.58440
0.58435
0.58430
0.58424
0.58419
0.58414
0.58409
0.58404
0.58398
0.58393
0.58388
0.58383
0.58378
0.58372
0.58367
0.58362
0.58357
0.58352
0.58346
0.58341
0.58336
0.58331
0.58326
0.58320
0.58315
0.58310
0.58305
0.58300
0.58294
0.58289
0.58284
0.58279
0.58274
0.58268
0.58263
0.58258
0.58253
0.58248
0.58242
0.58237
0.58232
0.58227
0.58222
0.58216
0.58211
0.58206
0.58201
0.58196
0.58190
0.58185
0.58180
0.58175
0.58170
0.58164
0.58159
0.58154
0.58149
0.58144
0.58138
0.58133
0.58128
0.58123
0.58118
0.58112
0.58107
0.58102
0.58097
0.58092
0.58086
0.58081
0.58076
0.58071
0.58066
0.58060
0.58055
0.58050
0.58045
0.58039
0.58034
0.58029
0.58024
0.58019
0.58013
0.58008
0.58003
0.57998
0.57993
0.57987
0.57982
0.57977
0.57972
0.57967
0.57961
0.57956
0.57951
0.57946
0.57941
0.57935
0.57930
0.57925
0.57920
0.57915
0.57909
0.57904
0.57899
0.57894
0.57889
0.57883
0.57878
0.57873
0.57868
0.57863
0.57857
0.57852
0.57847
0.57842
0.57837
0.57831
0.57826
0.57821
0.57816
0.57811
0.57805
0.57800
0.57795
0.57790
0.57785
0.57779
0.57774
0.57769
0.57764
0.57759
0.57753
0.57748
0.57743
0.57738
0.57733
0.57727
0.57722
0.57717
0.57712
0.57707
0.57701
0.57696
0.57691
0.57686
0.57681
0.57675
0.57670
0.57665
0.57660
0.57655
0.57649
0.57644
0.57639
0.57634
0.57628
0.57623
0.57618
0.57613
0.57608
0.57602
0.57597
0.57592
0.57587
0.57582
0.57576
0.57571
0.57566
0.57561
0.57556
0.57550
0.57545
0.57540
0.57535
0.57530
0.57524
0.57519
0.57514
0.57509
0.57504
0.57498
0.57493
0.57488
0.57483
0.57478
0.57472
0.57467
0.57462
0.57457
0.57452
0.57446
0.57441
0.57436
0.57431
0.57426
0.57420
0.57415
0.57410
0.57405
0.57400
0.57394
0.57389
0.57384
0.57379
0.57374
0.57368
0.57363
0.57358
0.57353
0.57348
0.57342
0.57337
0.57332
0.57327
0.57322
0.57316
0.57311
0.57306
0.57301
0.57296
0.57290
0.57285
0.57280
0.57275
0.57270
0.57264
0.57259
0.57254
0.57249
0.57244
0.57238
0.57233
0.57228
0.57223
0.57217
0.57212
0.57207
0.57202
0.57197
0.57191
0.57186
0.57181
0.57176
0.57171
0.57165
0.57160
0.57155
0.57150
0.57145
0.57139
0.57134
0.57129
0.57124
0.57119
0.57113
0.57108
0.57103
0.57098
0.57093
0.57087
0.57082
0.57077
0.57072
0.57067
0.57061
0.57056
0.57051
0.57046
0.57041
0.57035
0.57030
0.57025
0.57020
0.57015
0.57009
0.57004
0.56999
0.56994
0.56989
0.56983
0.56978
0.56973
0.56968
0.56963
0.56957
0.56952
0.56947
0.56942
0.56937
0.56931
0.56926
0.56921
0.56916
0.56911
0.56905
0.56900
0.56895
0.56890
0.56885
0.56879
0.56874
0.56869
0.56864
0.56859
0.56853
0.56848
0.56843
0.56838
0.56833
0.56827
0.56822
0.56817
0.56812
0.56806
0.56801
0.56796
0.56791
0.56786
0.56780
0.56775
0.56770
0.56765
0.56760
0.56754
0.56749
0.56744
0.56739
0.56734
0.56728
0.56723
0.56718
0.56713
0.56708
0.56702
0.56697
0.56692
0.56687
0.56682
0.56676
0.56671
0.56666
0.56661
0.56656
0.56650
0.56645
0.56640
0.56635
0.56630
0.56624
0.56619
0.56614
0.56609
0.56604
0.56598
0.56593
0.56588
0.56583
0.56578
0.56572
0.56567
0.56562
0.56557
0.56552
0.56546
0.56541
0.56536
0.56531
0.56526
0.56520
0.56515
0.56510
0.56505
0.56500
0.56494
0.56489
0.56484
0.56479
0.56474
0.56468
0.56463
0.56458
0.56453
0.56448
0.56442
0.56437
0.56432
0.56427
0.56422
0.56416
0.56411
0.56406
0.56401
0.56396
0.56390
0.56385
0.56380
0.56375
0.56369
0.56364
0.56359
0.56354
0.56349
0.56343
0.56338
0.56333
0.56328
0.56323
0.56317
0.56312
0.56307
0.56302
0.56297
0.56291
0.56286
0.56281
0.56276
0.56271
0.56265
0.56260
0.56255
0.56250
0.56245
0.56239
0.56234
0.56229
0.56224
0.56219
0.56213
0.56208
0.56203
0.56198
0.56193
0.56187
0.56182
0.56177
0.56172
0.56167
0.56161
0.56156
0.56151
0.56146
0.56141
0.56135
0.56130
0.56125
0.56120
0.56115
0.56109
0.56104
0.56099
0.56094
0.56089
0.56083
0.56078
0.56073
0.56068
0.56063
0.56057
0.56052
0.56047
0.56042
0.56037
0.56031
0.56026
0.56021
0.56016
0.56011
0.56005
0.56000
0.55995
0.55990
0.55985
0.55979
0.55974
0.55969
0.55964
0.55958
0.55953
0.55948
0.55943
0.55938
0.55932
0.55927
0.55922
0.55917
0.55912
0.55906
0.55901
0.55896
0.55891
0.55886
0.55880
0.55875
0.55870
0.55865
0.55860
0.55854
0.55849
0.55844
0.55839
0.55834
0.55828
0.55823
0.55818
0.55813
0.55808
0.55802
0.55797
0.55792
0.55787
0.55782
0.55776
0.55771
0.55766
0.55761
0.55756
0.55750
0.55745
0.55740
0.55735
0.55730
0.55724
0.55719
0.55714
0.55709
0.55704
0.55698
0.55693
0.55688
0.55683
0.55678
0.55672
0.55667
0.55662
0.55657
0.55652
0.55646
0.55641
0.55636
0.55631
0.55626
0.55620
0.55615
0.55610
0.55605
0.55600
0.55594
0.55589
0.55584
0.55579
0.55574
0.55568
0.55563
0.55558
0.55553
0.55548
0.55542
0.55537
0.55532
0.55527
0.55521
0.55516
0.55511
0.55506
0.55501
0.55495
0.55490
0.55485
0.55480
0.55475
0.55469
0.55464
0.55459
0.55454
0.55449
0.55443
0.55438
0.55433
0.55428
0.55423
0.55417
0.55412
0.55407
0.55402
0.55397
0.55391
0.55386
0.55381
0.55376
0.55371
0.55365
0.55360
0.55355
0.55350
0.55345
0.55339
0.55334
0.55329
0.55324
0.55319
0.55313
0.55308
0.55303
0.55298
0.55293
0.55287
0.55282
0.55277
0.55272
0.55267
0.55261
0.55256
0.55251
0.55246
0.55241
0.55235
0.55230
0.55225
0.55220
0.55215
0.55209
0.55204
0.55199
0.55194
0.55189
0.55183
0.55178
0.55173
0.55168
0.55163
0.55157
0.55152
0.55147
0.55142
0.55137
0.55131
0.55126
0.55121
0.55116
0.55111
0.55105
0.55100
0.55095
0.55090
0.55084
0.55079
0.55074
0.55069
0.55064
0.55058
0.55053
0.55048
0.55043
0.55038
0.55032
0.55027
0.55022
0.55017
0.55012
0.55006
0.55001
0.54996
0.54991
0.54986
0.54980
0.54975
0.54970
0.54965
0.54960
0.54954
0.54949
0.54944
0.54939
0.54934
0.54928
0.54923
0.54918
0.54913
0.54908
0.54902
0.54897
0.54892
0.54887
0.54882
0.54876
0.54871
0.54866
0.54861
0.54856
0.54850
0.54845
0.54840
0.54835
0.54830
0.54824
0.54819
0.54814
0.54809
0.54804
0.54798
0.54793
0.54788
0.54783
0.54778
0.54772
0.54767
0.54762
0.54757
0.54752
0.54746
0.54741
0.54736
0.54731
0.54726
0.54720
0.54715
0.54710
0.54705
0.54700
0.54694
0.54689
0.54684
0.54679
0.54674
0.54668
0.54663
0.54658
0.54653
0.54647
0.54642
0.54637
0.54632
0.54627
0.54621
0.54616
0.54611
0.54606
0.54601
0.54595
0.54590
0.54585
0.54580
0.54575
0.54569
0.54564
0.54559
0.54554
0.54549
0.54543
0.54538
0.54533
0.54528
0.54523
0.54517
0.54512
0.54507
0.54502
0.54497
0.54491
0.54486
0.54481
0.54476
0.54471
0.54465
0.54460
0.54455
0.54450
0.54445
0.54439
0.54434
0.54429
0.54424
0.54419
0.54413
0.54408
0.54403
0.54398
0.54393
0.54387
0.54382
0.54377
0.54372
0.54367
0.54361
0.54356
0.54351
0.54346
0.54341
0.54335
0.54330
0.54325
0.54320
0.54315
0.54309
0.54304
0.54299
0.54294
0.54289
0.54283
0.54278
0.54273
0.54268
0.54263
0.54257
0.54252
0.54247
0.54242
0.54237
0.54231
0.54226
0.54221
0.54216
0.54210
0.54205
0.54200
0.54195
0.54190
0.54184
0.54179
0.54174
0.54169
0.54164
0.54158
0.54153
0.54148
0.54143
0.54138
0.54132
0.54127
0.54122
0.54117
0.54112
0.54106
0.54101
0.54096
0.54091
0.54086
0.54080
0.54075
0.54070
0.54065
0.54060
0.54054
0.54049
0.54044
0.54039
0.54034
0.54028
0.54023
0.54018
0.54013
0.54008
0.54002
0.53997
0.53992
0.53987
0.53982
0.53976
0.53971
0.53966
0.53961
0.53956
0.53950
0.53945
0.53940
0.53935
0.53930
0.53924
0.53919
0.53914
0.53909
0.53904
0.53898
0.53893
0.53888
0.53883
0.53878
0.53872
0.53867
0.53862
0.53857
0.53852
0.53846
0.53841
0.53836
0.53831
0.53826
0.53820
0.53815
0.53810
0.53805
0.53800
0.53794
0.53789
0.53784
0.53779
0.53773
0.53768
0.53763
0.53758
0.53753
0.53747
0.53742
0.53737
0.53732
0.53727
0.53721
0.53716
0.53711
0.53706
0.53701
0.53695
0.53690
0.53685
0.53680
0.53675
0.53669
0.53664
0.53659
0.53654
0.53649
0.53643
0.53638
0.53633
0.53628
0.53623
0.53617
0.53612
0.53607
0.53602
0.53597
0.53591
0.53586
0.53581
0.53576
0.53571
0.53565
0.53560
0.53555
0.53550
0.53545
0.53539
0.53534
0.53529
0.53524
0.53519
0.53513
0.53508
0.53503
0.53498
0.53493
0.53487
0.53482
0.53477
0.53472
0.53467
0.53461
0.53456
0.53451
0.53446
0.53441
0.53435
0.53430
0.53425
0.53420
0.53415
0.53409
0.53404
0.53399
0.53394
0.53389
0.53383
0.53378
0.53373
0.53368
0.53363
0.53357
0.53352
0.53347
0.53342
0.53336
0.53331
0.53326
0.53321
0.53316
0.53310
0.53305
0.53300
0.53295
0.53290
0.53284
0.53279
0.53274
0.53269
0.53264
0.53258
0.53253
0.53248
0.53243
0.53238
0.53232
0.53227
0.53222
0.53217
0.53212
0.53206
0.53201
0.53196
0.53191
0.53186
0.53180
0.53175
0.53170
0.53165
0.53160
0.53154
0.53149
0.53144
0.53139
0.53134
0.53128
0.53123
0.53118
0.53113
0.53108
0.53102
0.53097
0.53092
0.53087
0.53082
0.53076
0.53071
0.53066
0.53061
0.53056
0.53050
0.53045
0.53040
0.53035
0.53030
0.53024
0.53019
0.53014
0.53009
0.53004
0.52998
0.52993
0.52988
0.52983
0.52978
0.52972
0.52967
0.52962
0.52957
0.52952
0.52946
0.52941
0.52936
0.52931
0.52926
0.52920
0.52915
0.52910
0.52905
0.52900
0.52894
0.52889
0.52884
0.52879
0.52873
0.52868
0.52863
0.52858
0.52853
0.52847
0.52842
0.52837
0.52832
0.52827
0.52821
0.52816
0.52811
0.52806
0.52801
0.52795
0.52790
0.52785
0.52780
0.52775
0.52769
0.52764
0.52759
0.52754
0.52749
0.52743
0.52738
0.52733
0.52728
0.52723
0.52717
0.52712
0.52707
0.52702
0.52697
0.52691
0.52686
0.52681
0.52676
0.52671
0.52665
0.52660
0.52655
0.52650
0.52645
0.52639
0.52634
0.52629
0.52624
0.52619
0.52613
0.52608
0.52603
0.52598
0.52593
0.52587
0.52582
0.52577
0.52572
0.52567
0.52561
0.52556
0.52551
0.52546
0.52541
0.52535
0.52530
0.52525
0.52520
0.52515
0.52509
0.52504
0.52499
0.52494
0.52489
0.52483
0.52478
0.52473
0.52468
0.52463
0.52457
0.52452
0.52447
0.52442
0.52437
0.52431
0.52426
0.52421
0.52416
0.52410
0.52405
0.52400
0.52395
0.52390
0.52384
0.52379
0.52374
0.52369
0.52364
0.52358
0.52353
0.52348
0.52343
0.52338
0.52332
0.52327
0.52322
0.52317
0.52312
0.52306
0.52301
0.52296
0.52291
0.52286
0.52280
0.52275
0.52270
0.52265
0.52260
0.52254
0.52249
0.52244
0.52239
0.52234
0.52228
0.52223
0.52218
0.52213
0.52208
0.52202
0.52197
0.52192
0.52187
0.52182
0.52176
0.52171
0.52166
0.52161
0.52156
0.52150
0.52145
0.52140
0.52135
0.52130
0.52124
0.52119
0.52114
0.52109
0.52104
0.52098
0.52093
0.52088
0.52083
0.52078
0.52072
0.52067
0.52062
0.52057
0.52052
0.52046
0.52041
0.52036
0.52031
0.52026
0.52020
0.52015
0.52010
0.52005
0.52000
0.51994
0.51989
0.51984
0.51979
0.51974
0.51968
0.51963
0.51958
0.51953
0.51947
0.51942
0.51937
0.51932
0.51927
0.51921
0.51916
0.51911
0.51906
0.51901
0.51895
0.51890
0.51885
0.51880
0.51875
0.51869
0.51864
0.51859
0.51854
0.51849
0.51843
0.51838
0.51833
0.51828
0.51823
0.51817
0.51812
0.51807
0.51802
0.51797
0.51791
0.51786
0.51781
0.51776
0.51771
0.51765
0.51760
0.51755
0.51750
0.51745
0.51739
0.51734
0.51729
0.51724
0.51719
0.51713
0.51708
0.51703
0.51698
0.51693
0.51687
0.51682
0.51677
0.51672
0.51667
0.51661
0.51656
0.51651
0.51646
0.51641
0.51635
0.51630
0.51625
0.51620
0.51615
0.51609
0.51604
0.51599
0.51594
0.51589
0.51583
0.51578
0.51573
0.51568
0.51563
0.51557
0.51552
0.51547
0.51542
0.51537
0.51531
0.51526
0.51521
0.51516
0.51511
0.51505
0.51500
0.51495
0.51490
0.51484
0.51479
0.51474
0.51469
0.51464
0.51458
0.51453
0.51448
0.51443
0.51438
0.51432
0.51427
0.51422
0.51417
0.51412
0.51406
0.51401
0.51396
0.51391
0.51386
0.51380
0.51375
0.51370
0.51365
0.51360
0.51354
0.51349
0.51344
0.51339
0.51334
0.51328
0.51323
0.51318
0.51313
0.51308
0.51302
0.51297
0.51292
0.51287
0.51282
0.51276
0.51271
0.51266
0.51261
0.51256
0.51250
0.51245
0.51240
0.51235
0.51230
0.51224
0.51219
0.51214
0.51209
0.51204
0.51198
0.51193
0.51188
0.51183
0.51178
0.51172
0.51167
0.51162
0.51157
0.51152
0.51146
0.51141
0.51136
0.51131
0.51126
0.51120
0.51115
0.51110
0.51105
0.51100
0.51094
0.51089
0.51084
0.51079
0.51074
0.51068
0.51063
0.51058
0.51053
0.51048
0.51042
0.51037
0.51032
0.51027
0.51022
0.51016
0.51011
0.51006
0.51001
0.50995
0.50990
0.50985
0.50980
0.50975
0.50969
0.50964
0.50959
0.50954
0.50949
0.50943
0.50938
0.50933
0.50928
0.50923
0.50917
0.50912
0.50907
0.50902
0.50897
0.50891
0.50886
0.50881
0.50876
0.50871
0.50865
0.50860
0.50855
0.50850
0.50845
0.50839
0.50834
0.50829
0.50824
0.50819
0.50813
0.50808
0.50803
0.50798
0.50793
0.50787
0.50782
0.50777
0.50772
0.50767
0.50761
0.50756
0.50751
0.50746
0.50741
0.50735
0.50730
0.50725
0.50720
0.50715
0.50709
0.50704
0.50699
0.50694
0.50689
0.50683
0.50678
0.50673
0.50668
0.50663
0.50657
0.50652
0.50647
0.50642
0.50637
0.50631
0.50626
0.50621
0.50616
0.50611
0.50605
0.50600
0.50595
0.50590
0.50585
0.50579
0.50574
0.50569
0.50564
0.50559
0.50553
0.50548
0.50543
0.50538
0.50532
0.50527
0.50522
0.50517
0.50512
0.50506
0.50501
0.50496
0.50491
0.50486
0.50480
0.50475
0.50470
0.50465
0.50460
0.50454
0.50449
0.50444
0.50439
0.50434
0.50428
0.50423
0.50418
0.50413
0.50408
0.50402
0.50397
0.50392
0.50387
0.50382
0.50376
0.50371
0.50366
0.50361
0.50356
0.50350
0.50345
0.50340
0.50335
0.50330
0.50324
0.50319
0.50314
0.50309
0.50304
0.50298
0.50293
0.50288
0.50283
0.50278
0.50272
0.50267
0.50262
0.50257
0.50252
0.50246
0.50241
0.50236
0.50231
0.50226
0.50220
0.50215
0.50210
0.50205
0.50200
0.50194
0.50189
0.50184
0.50179
0.50174
0.50168
0.50163
0.50158
0.50153
0.50148
0.50142
0.50137
0.50132
0.50127
0.50122
0.50116
0.50111
0.50106
0.50101
0.50096
0.50090
0.50085
0.50080
0.50075
0.50070
0.50064
0.50059
0.50054
0.50049
0.50043
0.50038
0.50033
0.50028
0.50023
0.50017
0.50012
0.50007
0.50002
0.49997
0.49991
0.49986
0.49981
0.49976
0.49971
0.49965
0.49960
0.49955
0.49950
0.49945
0.49939
0.49934
0.49929
0.49924
0.49919
0.49913
0.49908
0.49903
0.49898
0.49893
0.49887
0.49882
0.49877
0.49872
0.49867
0.49861
0.49856
0.49851
0.49846
0.49841
0.49835
0.49830
0.49825
0.49820
0.49815
0.49809
0.49804
0.49799
0.49794
0.49789
0.49783
0.49778
0.49773
0.49768
0.49763
0.49757
0.49752
0.49747
0.49742
0.49737
0.49731
0.49726
0.49721
0.49716
0.49711
0.49705
0.49700
0.49695
0.49690
0.49685
0.49679
0.49674
0.49669
0.49664
0.49659
0.49653
0.49648
0.49643
0.49638
0.49633
0.49627
0.49622
0.49617
0.49612
0.49607
0.49601
0.49596
0.49591
0.49586
0.49581
0.49575
0.49570
0.49565
0.49560
0.49554
0.49549
0.49544
0.49539
0.49534
0.49528
0.49523
0.49518
0.49513
0.49508
0.49502
0.49497
0.49492
0.49487
0.49482
0.49476
0.49471
0.49466
0.49461
0.49456
0.49450
0.49445
0.49440
0.49435
0.49430
0.49424
0.49419
0.49414
0.49409
0.49404
0.49398
0.49393
0.49388
0.49383
0.49378
0.49372
0.49367
0.49362
0.49357
0.49352
0.49346
0.49341
0.49336
0.49331
0.49326
0.49320
0.49315
0.49310
0.49305
0.49300
0.49294
0.49289
0.49284
0.49279
0.49274
0.49268
0.49263
0.49258
0.49253
0.49248
0.49242
0.49237
0.49232
0.49227
0.49222
0.49216
0.49211
0.49206
0.49201
0.49196
0.49190
0.49185
0.49180
0.49175
0.49170
0.49164
0.49159
0.49154
0.49149
0.49144
0.49138
0.49133
0.49128
0.49123
0.49118
0.49112
0.49107
0.49102
0.49097
0.49092
0.49086
0.49081
0.49076
0.49071
0.49066
0.49060
0.49055
0.49050
0.49045
0.49039
0.49034
0.49029
0.49024
0.49019
0.49013
0.49008
0.49003
0.48998
0.48993
0.48987
0.48982
0.48977
0.48972
0.48967
0.48961
0.48956
0.48951
0.48946
0.48941
0.48935
0.48930
0.48925
0.48920
0.48915
0.48909
0.48904
0.48899
0.48894
0.48889
0.48883
0.48878
0.48873
0.48868
0.48863
0.48857
0.48852
0.48847
0.48842
0.48837
0.48831
0.48826
0.48821
0.48816
0.48811
0.48805
0.48800
0.48795
0.48790
0.48785
0.48779
0.48774
0.48769
0.48764
0.48759
0.48753
0.48748
0.48743
0.48738
0.48733
0.48727
0.48722
0.48717
0.48712
0.48707
0.48701
0.48696
0.48691
0.48686
0.48681
0.48675
0.48670
0.48665
0.48660
0.48655
0.48649
0.48644
0.48639
0.48634
0.48629
0.48623
0.48618
0.48613
0.48608
0.48603
0.48597
0.48592
0.48587
0.48582
0.48577
0.48571
0.48566
0.48561
0.48556
0.48550
0.48545
0.48540
0.48535
0.48530
0.48524
0.48519
0.48514
0.48509
0.48504
0.48498
0.48493
0.48488
0.48483
0.48478
0.48472
0.48467
0.48462
0.48457
0.48452
0.48446
0.48441
0.48436
0.48431
0.48426
0.48420
0.48415
0.48410
0.48405
0.48400
0.48394
0.48389
0.48384
0.48379
0.48374
0.48368
0.48363
0.48358
0.48353
0.48348
0.48342
0.48337
0.48332
0.48327
0.48322
0.48316
0.48311
0.48306
0.48301
0.48296
0.48290
0.48285
0.48280
0.48275
0.48270
0.48264
0.48259
0.48254
0.48249
0.48244
0.48238
0.48233
0.48228
0.48223
0.48218
0.48212
0.48207
0.48202
0.48197
0.48192
0.48186
0.48181
0.48176
0.48171
0.48166
0.48160
0.48155
0.48150
0.48145
0.48140
0.48134
0.48129
0.48124
0.48119
0.48114
0.48108
0.48103
0.48098
0.48093
0.48088
0.48082
0.48077
0.48072
0.48067
0.48062
0.48056
0.48051
0.48046
0.48041
0.48035
0.48030
0.48025
0.48020
0.48015
0.48009
0.48004
0.47999
0.47994
0.47989
0.47983
0.47978
0.47973
0.47968
0.47963
0.47957
0.47952
0.47947
0.47942
0.47937
0.47931
0.47926
0.47921
0.47916
0.47911
0.47905
0.47900
0.47895
0.47890
0.47885
0.47879
0.47874
0.47869
0.47864
0.47859
0.47853
0.47848
0.47843
0.47838
0.47833
0.47827
0.47822
0.47817
0.47812
0.47807
0.47801
0.47796
0.47791
0.47786
0.47781
0.47775
0.47770
0.47765
0.47760
0.47755
0.47749
0.47744
0.47739
0.47734
0.47729
0.47723
0.47718
0.47713
0.47708
0.47703
0.47697
0.47692
0.47687
0.47682
0.47677
0.47671
0.47666
0.47661
0.47656
0.47651
0.47645
0.47640
0.47635
0.47630
0.47625
0.47619
0.47614
0.47609
0.47604
0.47599
0.47593
0.47588
0.47583
0.47578
0.47573
0.47567
0.47562
0.47557
0.47552
0.47547
0.47541
0.47536
0.47531
0.47526
0.47520
0.47515
0.47510
0.47505
0.47500
0.47494
0.47489
0.47484
0.47479
0.47474
0.47468
0.47463
0.47458
0.47453
0.47448
0.47442
0.47437
0.47432
0.47427
0.47422
0.47416
0.47411
0.47406
0.47401
0.47396
0.47390
0.47385
0.47380
0.47375
0.47370
0.47364
0.47359
0.47354
0.47349
0.47344
0.47338
0.47333
0.47328
0.47323
0.47318
0.47312
0.47307
0.47302
0.47297
0.47292
0.47286
0.47281
0.47276
0.47271
0.47266
0.47260
0.47255
0.47250
0.47245
0.47240
0.47234
0.47229
0.47224
0.47219
0.47214
0.47208
0.47203
0.47198
0.47193
0.47188
0.47182
0.47177
0.47172
0.47167
0.47162
0.47156
0.47151
0.47146
0.47141
0.47136
0.47130
0.47125
0.47120
0.47115
0.47110
0.47104
0.47099
0.47094
0.47089
0.47084
0.47078
0.47073
0.47068
0.47063
0.47058
0.47052
0.47047
0.47042
0.47037
0.47032
0.47026
0.47021
0.47016
0.47011
0.47005
0.47000
0.46995
0.46990
0.46985
0.46979
0.46974
0.46969
0.46964
0.46959
0.46953
0.46948
0.46943
0.46938
0.46933
0.46927
0.46922
0.46917
0.46912
0.46907
0.46901
0.46896
0.46891
0.46886
0.46881
0.46875
0.46870
0.46865
0.46860
0.46855
0.46849
0.46844
0.46839
0.46834
0.46829
0.46823
0.46818
0.46813
0.46808
0.46803
0.46797
0.46792
0.46787
0.46782
0.46777
0.46771
0.46766
0.46761
0.46756
0.46751
0.46745
0.46740
0.46735
0.46730
0.46725
0.46719
0.46714
0.46709
0.46704
0.46699
0.46693
0.46688
0.46683
0.46678
0.46673
0.46667
0.46662
0.46657
0.46652
0.46647
0.46641
0.46636
0.46631
0.46626
0.46621
0.46615
0.46610
0.46605
0.46600
0.46595
0.46589
0.46584
0.46579
0.46574
0.46569
0.46563
0.46558
0.46553
0.46548
0.46543
0.46537
0.46532
0.46527
0.46522
0.46517
0.46511
0.46506
0.46501
0.46496
0.46491
0.46485
0.46480
0.46475
0.46470
0.46464
0.46459
0.46454
0.46449
0.46444
0.46438
0.46433
0.46428
0.46423
0.46418
0.46412
0.46407
0.46402
0.46397
0.46392
0.46386
0.46381
0.46376
0.46371
0.46366
0.46360
0.46355
0.46350
0.46345
0.46340
0.46334
0.46329
0.46324
0.46319
0.46314
0.46308
0.46303
0.46298
0.46293
0.46288
0.46282
0.46277
0.46272
0.46267
0.46262
0.46256
0.46251
0.46246
0.46241
0.46236
0.46230
0.46225
0.46220
0.46215
0.46210
0.46204
0.46199
0.46194
0.46189
0.46184
0.46178
0.46173
0.46168
0.46163
0.46158
0.46152
0.46147
0.46142
0.46137
0.46132
0.46126
0.46121
0.46116
0.46111
0.46106
0.46100
0.46095
0.46090
0.46085
0.46080
0.46074
0.46069
0.46064
0.46059
0.46054
0.46048
0.46043
0.46038
0.46033
0.46028
0.46022
0.46017
0.46012
0.46007
0.46002
0.45996
0.45991
0.45986
0.45981
0.45976
0.45970
0.45965
0.45960
0.45955
0.45950
0.45944
0.45939
0.45934
0.45929
0.45923
0.45918
0.45913
0.45908
0.45903
0.45897
0.45892
0.45887
0.45882
0.45877
0.45871
0.45866
0.45861
0.45856
0.45851
0.45845
0.45840
0.45835
0.45830
0.45825
0.45819
0.45814
0.45809
0.45804
0.45799
0.45793
0.45788
0.45783
0.45778
0.45773
0.45767
0.45762
0.45757
0.45752
0.45747
0.45741
0.45736
0.45731
0.45726
0.45721
0.45715
0.45710
0.45705
0.45700
0.45695
0.45689
0.45684
0.45679
0.45674
0.45669
0.45663
0.45658
0.45653
0.45648
0.45643
0.45637
0.45632
0.45627
0.45622
0.45617
0.45611
0.45606
0.45601
0.45596
0.45591
0.45585
0.45580
0.45575
0.45570
0.45565
0.45559
0.45554
0.45549
0.45544
0.45539
0.45533
0.45528
0.45523
0.45518
0.45513
0.45507
0.45502
0.45497
0.45492
0.45487
0.45481
0.45476
0.45471
0.45466
0.45461
0.45455
0.45450
0.45445
0.45440
0.45435
0.45429
0.45424
0.45419
0.45414
0.45409
0.45403
0.45398
0.45393
0.45388
0.45382
0.45377
0.45372
0.45367
0.45362
0.45356
0.45351
0.45346
0.45341
0.45336
0.45330
0.45325
0.45320
0.45315
0.45310
0.45304
0.45299
0.45294
0.45289
0.45284
0.45278
0.45273
0.45268
0.45263
0.45258
0.45252
0.45247
0.45242
0.45237
0.45232
0.45226
0.45221
0.45216
0.45211
0.45206
0.45200
0.45195
0.45190
0.45185
0.45180
0.45174
0.45169
0.45164
0.45159
0.45154
0.45148
0.45143
0.45138
0.45133
0.45128
0.45122
0.45117
0.45112
0.45107
0.45102
0.45096
0.45091
0.45086
0.45081
0.45076
0.45070
0.45065
0.45060
0.45055
0.45050
0.45044
0.45039
0.45034
0.45029
0.45024
0.45018
0.45013
0.45008
0.45003
0.44998
0.44992
0.44987
0.44982
0.44977
0.44972
0.44966
0.44961
0.44956
0.44951
0.44946
0.44940
0.44935
0.44930
0.44925
0.44920
0.44914
0.44909
0.44904
0.44899
0.44894
0.44888
0.44883
0.44878
0.44873
0.44868
0.44862
0.44857
0.44852
0.44847
0.44841
0.44836
0.44831
0.44826
0.44821
0.44815
0.44810
0.44805
0.44800
0.44795
0.44789
0.44784
0.44779
0.44774
0.44769
0.44763
0.44758
0.44753
0.44748
0.44743
0.44737
0.44732
0.44727
0.44722
0.44717
0.44711
0.44706
0.44701
0.44696
0.44691
0.44685
0.44680
0.44675
0.44670
0.44665
0.44659
0.44654
0.44649
0.44644
0.44639
0.44633
0.44628
0.44623
0.44618
0.44613
0.44607
0.44602
0.44597
0.44592
0.44587
0.44581
0.44576
0.44571
0.44566
0.44561
0.44555
0.44550
0.44545
0.44540
0.44535
0.44529
0.44524
0.44519
0.44514
0.44509
0.44503
0.44498
0.44493
0.44488
0.44483
0.44477
0.44472
0.44467
0.44462
0.44457
0.44451
0.44446
0.44441
0.44436
0.44431
0.44425
0.44420
0.44415
0.44410
0.44405
0.44399
0.44394
0.44389
0.44384
0.44379
0.44373
0.44368
0.44363
0.44358
0.44353
0.44347
0.44342
0.44337
0.44332
0.44327
0.44321
0.44316
0.44311
0.44306
0.44301
0.44295
0.44290
0.44285
0.44280
0.44274
0.44269
0.44264
0.44259
0.44254
0.44248
0.44243
0.44238
0.44233
0.44228
0.44222
0.44217
0.44212
0.44207
0.44202
0.44196
0.44191
0.44186
0.44181
0.44176
0.44170
0.44165
0.44160
0.44155
0.44150
0.44144
0.44139
0.44134
0.44129
0.44124
0.44118
0.44113
0.44108
0.44103
0.44098
0.44092
0.44087
0.44082
0.44077
0.44072
0.44066
0.44061
0.44056
0.44051
0.44046
0.44040
0.44035
0.44030
0.44025
0.44020
0.44014
0.44009
0.44004
0.43999
0.43994
0.43988
0.43983
0.43978
0.43973
0.43968
0.43962
0.43957
0.43952
0.43947
0.43942
0.43936
0.43931
0.43926
0.43921
0.43916
0.43910
0.43905
0.43900
0.43895
0.43890
0.43884
0.43879
0.43874
0.43869
0.43864
0.43858
0.43853
0.43848
0.43843
0.43838
0.43832
0.43827
0.43822
0.43817
0.43812
0.43806
0.43801
0.43796
0.43791
0.43786
0.43780
0.43775
0.43770
0.43765
0.43760
0.43754
0.43749
0.43744
0.43739
0.43734
0.43728
0.43723
0.43718
0.43713
0.43708
0.43702
0.43697
0.43692
0.43687
0.43681
0.43676
0.43671
0.43666
0.43661
0.43655
0.43650
0.43645
0.43640
0.43635
0.43629
0.43624
0.43619
0.43614
0.43609
0.43603
0.43598
0.43593
0.43588
0.43583
0.43577
0.43572
0.43567
0.43562
0.43557
0.43551
0.43546
0.43541
0.43536
0.43531
0.43525
0.43520
0.43515
0.43510
0.43505
0.43499
0.43494
0.43489
0.43484
0.43479
0.43473
0.43468
0.43463
0.43458
0.43453
0.43447
0.43442
0.43437
0.43432
0.43427
0.43421
0.43416
0.43411
0.43406
0.43401
0.43395
0.43390
0.43385
0.43380
0.43375
0.43369
0.43364
0.43359
0.43354
0.43349
0.43343
0.43338
0.43333
0.43328
0.43323
0.43317
0.43312
0.43307
0.43302
0.43297
0.43291
0.43286
0.43281
0.43276
0.43271
0.43265
0.43260
0.43255
0.43250
0.43245
0.43239
0.43234
0.43229
0.43224
0.43219
0.43213
0.43208
0.43203
0.43198
0.43193
0.43187
0.43182
0.43177
0.43172
0.43167
0.43161
0.43156
0.43151
0.43146
0.43141
0.43135
0.43130
0.43125
0.43120
0.43114
0.43109
0.43104
0.43099
0.43094
0.43088
0.43083
0.43078
0.43073
0.43068
0.43062
0.43057
0.43052
0.43047
0.43042
0.43036
0.43031
0.43026
0.43021
0.43016
0.43010
0.43005
0.43000
0.42995
0.42990
0.42984
0.42979
0.42974
0.42969
0.42964
0.42958
0.42953
0.42948
0.42943
0.42938
0.42932
0.42927
0.42922
0.42917
0.42912
0.42906
0.42901
0.42896
0.42891
0.42886
0.42880
0.42875
0.42870
0.42865
0.42860
0.42854
0.42849
0.42844
0.42839
0.42834
0.42828
0.42823
0.42818
0.42813
0.42808
0.42802
0.42797
0.42792
0.42787
0.42782
0.42776
0.42771
0.42766
0.42761
0.42756
0.42750
0.42745
0.42740
0.42735
0.42730
0.42724
0.42719
0.42714
0.42709
0.42704
0.42698
0.42693
0.42688
0.42683
0.42678
0.42672
0.42667
0.42662
0.42657
0.42652
0.42646
0.42641
0.42636
0.42631
0.42626
0.42620
0.42615
0.42610
0.42605
0.42600
0.42594
0.42589
0.42584
0.42579
0.42574
0.42568
0.42563
0.42558
0.42553
0.42548
0.42542
0.42537
0.42532
0.42527
0.42521
0.42516
0.42511
0.42506
0.42501
0.42495
0.42490
0.42485
0.42480
0.42475
0.42469
0.42464
0.42459
0.42454
0.42449
0.42443
0.42438
0.42433
0.42428
0.42423
0.42417
0.42412
0.42407
0.42402
0.42397
0.42391
0.42386
0.42381
0.42376
0.42371
0.42365
0.42360
0.42355
0.42350
0.42345
0.42339
0.42334
0.42329
0.42324
0.42319
0.42313
0.42308
0.42303
0.42298
0.42293
0.42287
0.42282
0.42277
0.42272
0.42267
0.42261
0.42256
0.42251
0.42246
0.42241
0.42235
0.42230
0.42225
0.42220
0.42215
0.42209
0.42204
0.42199
0.42194
0.42189
0.42183
0.42178
0.42173
0.42168
0.42163
0.42157
0.42152
0.42147
0.42142
0.42137
0.42131
0.42126
0.42121
0.42116
0.42111
0.42105
0.42100
0.42095
0.42090
0.42085
0.42079
0.42074
0.42069
0.42064
0.42059
0.42053
0.42048
0.42043
0.42038
0.42033
0.42027
0.42022
0.42017
0.42012
0.42007
0.42001
0.41996
0.41991
0.41986
0.41981
0.41975
0.41970
0.41965
0.41960
0.41955
0.41949
0.41944
0.41939
0.41934
0.41928
0.41923
0.41918
0.41913
0.41908
0.41902
0.41897
0.41892
0.41887
0.41882
0.41876
0.41871
0.41866
0.41861
0.41856
0.41850
0.41845
0.41840
0.41835
0.41830
0.41824
0.41819
0.41814
0.41809
0.41804
0.41798
0.41793
0.41788
0.41783
0.41778
0.41772
0.41767
0.41762
0.41757
0.41752
0.41746
0.41741
0.41736
0.41731
0.41726
0.41720
0.41715
0.41710
0.41705
0.41700
0.41694
0.41689
0.41684
0.41679
0.41674
0.41668
0.41663
0.41658
0.41653
0.41648
0.41642
0.41637
0.41632
0.41627
0.41622
0.41616
0.41611
0.41606
0.41601
0.41596
0.41590
0.41585
0.41580
0.41575
0.41570
0.41564
0.41559
0.41554
0.41549
0.41544
0.41538
0.41533
0.41528
0.41523
0.41518
0.41512
0.41507
0.41502
0.41497
0.41492
0.41486
0.41481
0.41476
0.41471
0.41466
0.41460
0.41455
0.41450
0.41445
0.41440
0.41434
0.41429
0.41424
0.41419
0.41414
0.41408
0.41403
0.41398
0.41393
0.41388
0.41382
0.41377
0.41372
0.41367
0.41362
0.41356
0.41351
0.41346
0.41341
0.41336
0.41330
0.41325
0.41320
0.41315
0.41309
0.41304
0.41299
0.41294
0.41289
0.41283
0.41278
0.41273
0.41268
0.41263
0.41257
0.41252
0.41247
0.41242
0.41237
0.41231
0.41226
0.41221
0.41216
0.41211
0.41205
0.41200
0.41195
0.41190
0.41185
0.41179
0.41174
0.41169
0.41164
0.41159
0.41153
0.41148
0.41143
0.41138
0.41133
0.41127
0.41122
0.41117
0.41112
0.41107
0.41101
0.41096
0.41091
0.41086
0.41081
0.41075
0.41070
0.41065
0.41060
0.41055
0.41049
0.41044
0.41039
0.41034
0.41029
0.41023
0.41018
0.41013
0.41008
0.41003
0.40997
0.40992
0.40987
0.40982
0.40977
0.40971
0.40966
0.40961
0.40956
0.40951
0.40945
0.40940
0.40935
0.40930
0.40925
0.40919
0.40914
0.40909
0.40904
0.40899
0.40893
0.40888
0.40883
0.40878
0.40873
0.40867
0.40862
0.40857
0.40852
0.40847
0.40841
0.40836
0.40831
0.40826
0.40821
0.40815
0.40810
0.40805
0.40800
0.40795
0.40789
0.40784
0.40779
0.40774
0.40769
0.40763
0.40758
0.40753
0.40748
0.40743
0.40737
0.40732
0.40727
0.40722
0.40717
0.40711
0.40706
0.40701
0.40696
0.40691
0.40685
0.40680
0.40675
0.40670
0.40664
0.40659
0.40654
0.40649
0.40644
0.40638
0.40633
0.40628
0.40623
0.40618
0.40612
0.40607
0.40602
0.40597
0.40592
0.40586
0.40581
0.40576
0.40571
0.40566
0.40560
0.40555
0.40550
0.40545
0.40540
0.40534
0.40529
0.40524
0.40519
0.40514
0.40508
0.40503
0.40498
0.40493
0.40488
0.40482
0.40477
0.40472
0.40467
0.40462
0.40456
0.40451
0.40446
0.40441
0.40436
0.40430
0.40425
0.40420
0.40415
0.40410
0.40404
0.40399
0.40394
0.40389
0.40384
0.40378
0.40373
0.40368
0.40363
0.40358
0.40352
0.40347
0.40342
0.40337
0.40332
0.40326
0.40321
0.40316
0.40311
0.40306
0.40300
0.40295
0.40290
0.40285
0.40280
0.40274
0.40269
0.40264
0.40259
0.40254
0.40248
0.40243
0.40238
0.40233
0.40228
0.40222
0.40217
0.40212
0.40207
0.40202
0.40196
0.40191
0.40186
0.40181
0.40176
0.40170
0.40165
0.40160
0.40155
0.40150
0.40144
0.40139
0.40134
0.40129
0.40124
0.40118
0.40113
0.40108
0.40103
0.40098
0.40092
0.40087
0.40082
0.40077
0.40072
0.40066
0.40061
0.40056
0.40051
0.40045
0.40040
0.40035
0.40030
0.40025
0.40019
0.40014
0.40009
0.40004
0.39999
0.39993
0.39988
0.39983
0.39978
0.39973
0.39967
0.39962
0.39957
0.39952
0.39947
0.39941
0.39936
0.39931
0.39926
0.39921
0.39915
0.39910
0.39905
0.39900
0.39895
0.39889
0.39884
0.39879
0.39874
0.39869
0.39863
0.39858
0.39853
0.39848
0.39843
0.39837
0.39832
0.39827
0.39822
0.39817
0.39811
0.39806
0.39801
0.39796
0.39791
0.39785
0.39780
0.39775
0.39770
0.39765
0.39759
0.39754
0.39749
0.39744
0.39739
0.39733
0.39728
0.39723
0.39718
0.39713
0.39707
0.39702
0.39697
0.39692
0.39687
0.39681
0.39676
0.39671
0.39666
0.39661
0.39655
0.39650
0.39645
0.39640
0.39635
0.39629
0.39624
0.39619
0.39614
0.39609
0.39603
0.39598
0.39593
0.39588
0.39583
0.39577
0.39572
0.39567
0.39562
0.39557
0.39551
0.39546
0.39541
0.39536
0.39531
0.39525
0.39520
0.39515
0.39510
0.39505
0.39499
0.39494
0.39489
0.39484
0.39479
0.39473
0.39468
0.39463
0.39458
0.39453
0.39447
0.39442
0.39437
0.39432
0.39427
0.39421
0.39416
0.39411
0.39406
0.39401
0.39395
0.39390
0.39385
0.39380
0.39374
0.39369
0.39364
0.39359
0.39354
0.39348
0.39343
0.39338
0.39333
0.39328
0.39322
0.39317
0.39312
0.39307
0.39302
0.39296
0.39291
0.39286
0.39281
0.39276
0.39270
0.39265
0.39260
0.39255
0.39250
0.39244
0.39239
0.39234
0.39229
0.39224
0.39218
0.39213
0.39208
0.39203
0.39198
0.39192
0.39187
0.39182
0.39177
0.39172
0.39166
0.39161
0.39156
0.39151
0.39146
0.39140
0.39135
0.39130
0.39125
0.39120
0.39114
0.39109
0.39104
0.39099
0.39094
0.39088
0.39083
0.39078
0.39073
0.39068
0.39062
0.39057
0.39052
0.39047
0.39042
0.39036
0.39031
0.39026
0.39021
0.39016
0.39010
0.39005
0.39000
0.38995
0.38990
0.38984
0.38979
0.38974
0.38969
0.38964
0.38958
0.38953
0.38948
0.38943
0.38938
0.38932
0.38927
0.38922
0.38917
0.38912
0.38906
0.38901
0.38896
0.38891
0.38886
0.38880
0.38875
0.38870
0.38865
0.38860
0.38854
0.38849
0.38844
0.38839
0.38834
0.38828
0.38823
0.38818
0.38813
0.38808
0.38802
0.38797
0.38792
0.38787
0.38782
0.38776
0.38771
0.38766
0.38761
0.38756
0.38750
0.38745
0.38740
0.38735
0.38729
0.38724
0.38719
0.38714
0.38709
0.38703
0.38698
0.38693
0.38688
0.38683
0.38677
0.38672
0.38667
0.38662
0.38657
0.38651
0.38646
0.38641
0.38636
0.38631
0.38625
0.38620
0.38615
0.38610
0.38605
0.38599
0.38594
0.38589
0.38584
0.38579
0.38573
0.38568
0.38563
0.38558
0.38553
0.38547
0.38542
0.38537
0.38532
0.38527
0.38521
0.38516
0.38511
0.38506
0.38501
0.38495
0.38490
0.38485
0.38480
0.38475
0.38469
0.38464
0.38459
0.38454
0.38449
0.38443
0.38438
0.38433
0.38428
0.38423
0.38417
0.38412
0.38407
0.38402
0.38397
0.38391
0.38386
0.38381
0.38376
0.38371
0.38365
0.38360
0.38355
0.38350
0.38345
0.38339
0.38334
0.38329
0.38324
0.38319
0.38313
0.38308
0.38303
0.38298
0.38293
0.38287
0.38282
0.38277
0.38272
0.38267
0.38261
0.38256
0.38251
0.38246
0.38241
0.38235
0.38230
0.38225
0.38220
0.38215
0.38209
0.38204
0.38199
0.38194
0.38189
0.38183
0.38178
0.38173
0.38168
0.38163
0.38157
0.38152
0.38147
0.38142
0.38137
0.38131
0.38126
0.38121
0.38116
0.38111
0.38105
0.38100
0.38095
0.38090
0.38085
0.38079
0.38074
0.38069
0.38064
0.38059
0.38053
0.38048
0.38043
0.38038
0.38032
0.38027
0.38022
0.38017
0.38012
0.38006
0.38001
0.37996
0.37991
0.37986
0.37980
0.37975
0.37970
0.37965
0.37960
0.37954
0.37949
0.37944
0.37939
0.37934
0.37928
0.37923
0.37918
0.37913
0.37908
0.37902
0.37897
0.37892
0.37887
0.37882
0.37876
0.37871
0.37866
0.37861
0.37856
0.37850
0.37845
0.37840
0.37835
0.37830
0.37824
0.37819
0.37814
0.37809
0.37804
0.37798
0.37793
0.37788
0.37783
0.37778
0.37772
0.37767
0.37762
0.37757
0.37752
0.37746
0.37741
0.37736
0.37731
0.37726
0.37720
0.37715
0.37710
0.37705
0.37700
0.37694
0.37689
0.37684
0.37679
0.37674
0.37668
0.37663
0.37658
0.37653
0.37648
0.37642
0.37637
0.37632
0.37627
0.37622
0.37616
0.37611
0.37606
0.37601
0.37596
0.37590
0.37585
0.37580
0.37575
0.37570
0.37564
0.37559
0.37554
0.37549
0.37544
0.37538
0.37533
0.37528
0.37523
0.37518
0.37512
0.37507
0.37502
0.37497
0.37492
0.37486
0.37481
0.37476
0.37471
0.37466
0.37460
0.37455
0.37450
0.37445
0.37440
0.37434
0.37429
0.37424
0.37419
0.37414
0.37408
0.37403
0.37398
0.37393
0.37388
0.37382
0.37377
0.37372
0.37367
0.37362
0.37356
0.37351
0.37346
0.37341
0.37335
0.37330
0.37325
0.37320
0.37315
0.37309
0.37304
0.37299
0.37294
0.37289
0.37283
0.37278
0.37273
0.37268
0.37263
0.37257
0.37252
0.37247
0.37242
0.37237
0.37231
0.37226
0.37221
0.37216
0.37211
0.37205
0.37200
0.37195
0.37190
0.37185
0.37179
0.37174
0.37169
0.37164
0.37159
0.37153
0.37148
0.37143
0.37138
0.37133
0.37127
0.37122
0.37117
0.37112
0.37107
0.37101
0.37096
0.37091
0.37086
0.37081
0.37075
0.37070
0.37065
0.37060
0.37055
0.37049
0.37044
0.37039
0.37034
0.37029
0.37023
0.37018
0.37013
0.37008
0.37003
0.36997
0.36992
0.36987
0.36982
0.36977
0.36971
0.36966
0.36961
0.36956
0.36951
0.36945
0.36940
0.36935
0.36930
0.36925
0.36919
0.36914
0.36909
0.36904
0.36899
0.36893
0.36888
0.36883
0.36878
0.36873
0.36867
0.36862
0.36857
0.36852
0.36847
0.36841
0.36836
0.36831
0.36826
0.36821
0.36815
0.36810
0.36805
0.36800
0.36795
0.36789
0.36784
0.36779
0.36774
0.36769
0.36763
0.36758
0.36753
0.36748
0.36743
0.36737
0.36732
0.36727
0.36722
0.36717
0.36711
0.36706
0.36701
0.36696
0.36691
0.36685
0.36680
0.36675
0.36670
0.36665
0.36659
0.36654
0.36649
0.36644
0.36638
0.36633
0.36628
0.36623
0.36618
0.36612
0.36607
0.36602
0.36597
0.36592
0.36586
0.36581
0.36576
0.36571
0.36566
0.36560
0.36555
0.36550
0.36545
0.36540
0.36534
0.36529
0.36524
0.36519
0.36514
0.36508
0.36503
0.36498
0.36493
0.36488
0.36482
0.36477
0.36472
0.36467
0.36462
0.36456
0.36451
0.36446
0.36441
0.36436
0.36430
0.36425
0.36420
0.36415
0.36410
0.36404
0.36399
0.36394
0.36389
0.36384
0.36378
0.36373
0.36368
0.36363
0.36358
0.36352
0.36347
0.36342
0.36337
0.36332
0.36326
0.36321
0.36316
0.36311
0.36306
0.36300
0.36295
0.36290
0.36285
0.36280
0.36274
0.36269
0.36264
0.36259
0.36254
0.36248
0.36243
0.36238
0.36233
0.36228
0.36222
0.36217
0.36212
0.36207
0.36202
0.36196
0.36191
0.36186
0.36181
0.36176
0.36170
0.36165
0.36160
0.36155
0.36150
0.36144
0.36139
0.36134
0.36129
0.36124
0.36118
0.36113
0.36108
0.36103
0.36098
0.36092
0.36087
0.36082
0.36077
0.36072
0.36066
0.36061
0.36056
0.36051
0.36046
0.36040
0.36035
0.36030
0.36025
0.36020
0.36014
0.36009
0.36004
0.35999
0.35994
0.35988
0.35983
0.35978
0.35973
0.35968
0.35962
0.35957
0.35952
0.35947
0.35942
0.35936
0.35931
0.35926
0.35921
0.35916
0.35910
0.35905
0.35900
0.35895
0.35889
0.35884
0.35879
0.35874
0.35869
0.35863
0.35858
0.35853
0.35848
0.35843
0.35837
0.35832
0.35827
0.35822
0.35817
0.35811
0.35806
0.35801
0.35796
0.35791
0.35785
0.35780
0.35775
0.35770
0.35765
0.35759
0.35754
0.35749
0.35744
0.35739
0.35733
0.35728
0.35723
0.35718
0.35713
0.35707
0.35702
0.35697
0.35692
0.35687
0.35681
0.35676
0.35671
0.35666
0.35661
0.35655
0.35650
0.35645
0.35640
0.35635
0.35629
0.35624
0.35619
0.35614
0.35609
0.35603
0.35598
0.35593
0.35588
0.35583
0.35577
0.35572
0.35567
0.35562
0.35557
0.35551
0.35546
0.35541
0.35536
0.35531
0.35525
0.35520
0.35515
0.35510
0.35505
0.35499
0.35494
0.35489
0.35484
0.35479
0.35473
0.35468
0.35463
0.35458
0.35453
0.35447
0.35442
0.35437
0.35432
0.35427
0.35421
0.35416
0.35411
0.35406
0.35401
0.35395
0.35390
0.35385
0.35380
0.35375
0.35369
0.35364
0.35359
0.35354
0.35349
0.35343
0.35338
0.35333
0.35328
0.35323
0.35317
0.35312
0.35307
0.35302
0.35297
0.35291
0.35286
0.35281
0.35276
0.35271
0.35265
0.35260
0.35255
0.35250
0.35245
0.35239
0.35234
0.35229
0.35224
0.35219
0.35213
0.35208
0.35203
0.35198
0.35193
0.35187
0.35182
0.35177
0.35172
0.35167
0.35161
0.35156
0.35151
0.35146
0.35140
0.35135
0.35130
0.35125
0.35120
0.35114
0.35109
0.35104
0.35099
0.35094
0.35088
0.35083
0.35078
0.35073
0.35068
0.35062
0.35057
0.35052
0.35047
0.35042
0.35036
0.35031
0.35026
0.35021
0.35016
0.35010
0.35005
0.35000
0.34995
0.34990
0.34984
0.34979
0.34974
0.34969
0.34964
0.34958
0.34953
0.34948
0.34943
0.34938
0.34932
0.34927
0.34922
0.34917
0.34912
0.34906
0.34901
0.34896
0.34891
0.34886
0.34880
0.34875
0.34870
0.34865
0.34860
0.34854
0.34849
0.34844
0.34839
0.34834
0.34828
0.34823
0.34818
0.34813
0.34808
0.34802
0.34797
0.34792
0.34787
0.34782
0.34776
0.34771
0.34766
0.34761
0.34756
0.34750
0.34745
0.34740
0.34735
0.34730
0.34724
0.34719
0.34714
0.34709
0.34704
0.34698
0.34693
0.34688
0.34683
0.34678
0.34672
0.34667
0.34662
0.34657
0.34652
0.34646
0.34641
0.34636
0.34631
0.34626
0.34620
0.34615
0.34610
0.34605
0.34600
0.34594
0.34589
0.34584
0.34579
0.34574
0.34568
0.34563
0.34558
0.34553
0.34548
0.34542
0.34537
0.34532
0.34527
0.34522
0.34516
0.34511
0.34506
0.34501
0.34496
0.34490
0.34485
0.34480
0.34475
0.34470
0.34464
0.34459
0.34454
0.34449
0.34444
0.34438
0.34433
0.34428
0.34423
0.34418
0.34412
0.34407
0.34402
0.34397
0.34392
0.34386
0.34381
0.34376
0.34371
0.34365
0.34360
0.34355
0.34350
0.34345
0.34339
0.34334
0.34329
0.34324
0.34319
0.34313
0.34308
0.34303
0.34298
0.34293
0.34287
0.34282
0.34277
0.34272
0.34267
0.34261
0.34256
0.34251
0.34246
0.34241
0.34235
0.34230
0.34225
0.34220
0.34215
0.34209
0.34204
0.34199
0.34194
0.34189
0.34183
0.34178
0.34173
0.34168
0.34163
0.34157
0.34152
0.34147
0.34142
0.34137
0.34131
0.34126
0.34121
0.34116
0.34111
0.34105
0.34100
0.34095
0.34090
0.34085
0.34079
0.34074
0.34069
0.34064
0.34059
0.34053
0.34048
0.34043
0.34038
0.34033
0.34027
0.34022
0.34017
0.34012
0.34007
0.34001
0.33996
0.33991
0.33986
0.33981
0.33975
0.33970
0.33965
0.33960
0.33955
0.33949
0.33944
0.33939
0.33934
0.33929
0.33923
0.33918
0.33913
0.33908
0.33903
0.33897
0.33892
0.33887
0.33882
0.33877
0.33871
0.33866
0.33861
0.33856
0.33851
0.33845
0.33840
0.33835
0.33830
0.33825
0.33819
0.33814
0.33809
0.33804
0.33799
0.33793
0.33788
0.33783
0.33778
0.33773
0.33767
0.33762
0.33757
0.33752
0.33747
0.33741
0.33736
0.33731
0.33726
0.33721
0.33715
0.33710
0.33705
0.33700
0.33695
0.33689
0.33684
0.33679
0.33674
0.33669
0.33663
0.33658
0.33653
0.33648
0.33643
0.33637
0.33632
0.33627
0.33622
0.33617
0.33611
0.33606
0.33601
0.33596
0.33591
0.33585
0.33580
0.33575
0.33570
0.33564
0.33559
0.33554
0.33549
0.33544
0.33538
0.33533
0.33528
0.33523
0.33518
0.33512
0.33507
0.33502
0.33497
0.33492
0.33486
0.33481
0.33476
0.33471
0.33466
0.33460
0.33455
0.33450
0.33445
0.33440
0.33434
0.33429
0.33424
0.33419
0.33414
0.33408
0.33403
0.33398
0.33393
0.33388
0.33382
0.33377
0.33372
0.33367
0.33362
0.33356
0.33351
0.33346
0.33341
0.33336
0.33330
0.33325
0.33320
0.33315
0.33310
0.33304
0.33299
0.33294
0.33289
0.33284
0.33278
0.33273
0.33268
0.33263
0.33258
0.33252
0.33247
0.33242
0.33237
0.33232
0.33226
0.33221
0.33216
0.33211
0.33206
0.33200
0.33195
0.33190
0.33185
0.33180
0.33174
0.33169
0.33164
0.33159
0.33154
0.33148
0.33143
0.33138
0.33133
0.33128
0.33122
0.33117
0.33112
0.33107
0.33102
0.33096
0.33091
0.33086
0.33081
0.33076
0.33070
0.33065
0.33060
0.33055
0.33050
0.33044
0.33039
0.33034
0.33029
0.33024
0.33018
0.33013
0.33008
0.33003
0.32998
0.32992
0.32987
0.32982
0.32977
0.32972
0.32966
0.32961
0.32956
0.32951
0.32946
0.32940
0.32935
0.32930
0.32925
0.32920
0.32914
0.32909
0.32904
0.32899
0.32894
0.32888
0.32883
0.32878
0.32873
0.32868
0.32862
0.32857
0.32852
0.32847
0.32842
0.32836
0.32831
0.32826
0.32821
0.32816
0.32810
0.32805
0.32800
0.32795
0.32790
0.32784
0.32779
0.32774
0.32769
0.32764
0.32758
0.32753
0.32748
0.32743
0.32737
0.32732
0.32727
0.32722
0.32717
0.32711
0.32706
0.32701
0.32696
0.32691
0.32685
0.32680
0.32675
0.32670
0.32665
0.32659
0.32654
0.32649
0.32644
0.32639
0.32633
0.32628
0.32623
0.32618
0.32613
0.32607
0.32602
0.32597
0.32592
0.32587
0.32581
0.32576
0.32571
0.32566
0.32561
0.32555
0.32550
0.32545
0.32540
0.32535
0.32529
0.32524
0.32519
0.32514
0.32509
0.32503
0.32498
0.32493
0.32488
0.32483
0.32477
0.32472
0.32467
0.32462
0.32457
0.32451
0.32446
0.32441
0.32436
0.32431
0.32425
0.32420
0.32415
0.32410
0.32405
0.32399
0.32394
0.32389
0.32384
0.32379
0.32373
0.32368
0.32363
0.32358
0.32353
0.32347
0.32342
0.32337
0.32332
0.32327
0.32321
0.32316
0.32311
0.32306
0.32301
0.32295
0.32290
0.32285
0.32280
0.32275
0.32269
0.32264
0.32259
0.32254
0.32249
0.32243
0.32238
0.32233
0.32228
0.32223
0.32217
0.32212
0.32207
0.32202
0.32197
0.32191
0.32186
0.32181
0.32176
0.32171
0.32165
0.32160
0.32155
0.32150
0.32145
0.32139
0.32134
0.32129
0.32124
0.32119
0.32113
0.32108
0.32103
0.32098
0.32093
0.32087
0.32082
0.32077
0.32072
0.32067
0.32061
0.32056
0.32051
0.32046
0.32041
0.32035
0.32030
0.32025
0.32020
0.32015
0.32009
0.32004
0.31999
0.31994
0.31989
0.31983
0.31978
0.31973
0.31968
0.31963
0.31957
0.31952
0.31947
0.31942
0.31937
0.31931
0.31926
0.31921
0.31916
0.31911
0.31905
0.31900
0.31895
0.31890
0.31884
0.31879
0.31874
0.31869
0.31864
0.31858
0.31853
0.31848
0.31843
0.31838
0.31832
0.31827
0.31822
0.31817
0.31812
0.31806
0.31801
0.31796
0.31791
0.31786
0.31780
0.31775
0.31770
0.31765
0.31760
0.31754
0.31749
0.31744
0.31739
0.31734
0.31728
0.31723
0.31718
0.31713
0.31708
0.31702
0.31697
0.31692
0.31687
0.31682
0.31676
0.31671
0.31666
0.31661
0.31656
0.31650
0.31645
0.31640
0.31635
0.31630
0.31624
0.31619
0.31614
0.31609
0.31604
0.31598
0.31593
0.31588
0.31583
0.31578
0.31572
0.31567
0.31562
0.31557
0.31552
0.31546
0.31541
0.31536
0.31531
0.31526
0.31520
0.31515
0.31510
0.31505
0.31500
0.31494
0.31489
0.31484
0.31479
0.31474
0.31468
0.31463
0.31458
0.31453
0.31448
0.31442
0.31437
0.31432
0.31427
0.31422
0.31416
0.31411
0.31406
0.31401
0.31396
0.31390
0.31385
0.31380
0.31375
0.31370
0.31364
0.31359
0.31354
0.31349
0.31344
0.31338
0.31333
0.31328
0.31323
0.31318
0.31312
0.31307
0.31302
0.31297
0.31292
0.31286
0.31281
0.31276
0.31271
0.31266
0.31260
0.31255
0.31250
0.31245
0.31240
0.31234
0.31229
0.31224
0.31219
0.31214
0.31208
0.31203
0.31198
0.31193
0.31188
0.31182
0.31177
0.31172
0.31167
0.31162
0.31156
0.31151
0.31146
0.31141
0.31136
0.31130
0.31125
0.31120
0.31115
0.31110
0.31104
0.31099
0.31094
0.31089
0.31084
0.31078
0.31073
0.31068
0.31063
0.31058
0.31052
0.31047
0.31042
0.31037
0.31032
0.31026
0.31021
0.31016
0.31011
0.31005
0.31000
0.30995
0.30990
0.30985
0.30979
0.30974
0.30969
0.30964
0.30959
0.30953
0.30948
0.30943
0.30938
0.30933
0.30927
0.30922
0.30917
0.30912
0.30907
0.30901
0.30896
0.30891
0.30886
0.30881
0.30875
0.30870
0.30865
0.30860
0.30855
0.30849
0.30844
0.30839
0.30834
0.30829
0.30823
0.30818
0.30813
0.30808
0.30803
0.30797
0.30792
0.30787
0.30782
0.30777
0.30771
0.30766
0.30761
0.30756
0.30751
0.30745
0.30740
0.30735
0.30730
0.30725
0.30719
0.30714
0.30709
0.30704
0.30699
0.30693
0.30688
0.30683
0.30678
0.30673
0.30667
0.30662
0.30657
0.30652
0.30647
0.30641
0.30636
0.30631
0.30626
0.30621
0.30615
0.30610
0.30605
0.30600
0.30595
0.30589
0.30584
0.30579
0.30574
0.30569
0.30563
0.30558
0.30553
0.30548
0.30543
0.30537
0.30532
0.30527
0.30522
0.30517
0.30511
0.30506
0.30501
0.30496
0.30491
0.30485
0.30480
0.30475
0.30470
0.30465
0.30459
0.30454
0.30449
0.30444
0.30439
0.30433
0.30428
0.30423
0.30418
0.30413
0.30407
0.30402
0.30397
0.30392
0.30387
0.30381
0.30376
0.30371
0.30366
0.30361
0.30355
0.30350
0.30345
0.30340
0.30335
0.30329
0.30324
0.30319
0.30314
0.30309
0.30303
0.30298
0.30293
0.30288
0.30283
0.30277
0.30272
0.30267
0.30262
0.30257
0.30251
0.30246
0.30241
0.30236
0.30231
0.30225
0.30220
0.30215
0.30210
0.30205
0.30199
0.30194
0.30189
0.30184
0.30179
0.30173
0.30168
0.30163
0.30158
0.30153
0.30147
0.30142
0.30137
0.30132
0.30127
0.30121
0.30116
0.30111
0.30106
0.30101
0.30095
0.30090
0.30085
0.30080
0.30074
0.30069
0.30064
0.30059
0.30054
0.30048
0.30043
0.30038
0.30033
0.30028
0.30022
0.30017
0.30012
0.30007
0.30002
0.29996
0.29991
0.29986
0.29981
0.29976
0.29970
0.29965
0.29960
0.29955
0.29950
0.29944
0.29939
0.29934
0.29929
0.29924
0.29918
0.29913
0.29908
0.29903
0.29898
0.29892
0.29887
0.29882
0.29877
0.29872
0.29866
0.29861
0.29856
0.29851
0.29846
0.29840
0.29835
0.29830
0.29825
0.29820
0.29814
0.29809
0.29804
0.29799
0.29794
0.29788
0.29783
0.29778
0.29773
0.29768
0.29762
0.29757
0.29752
0.29747
0.29742
0.29736
0.29731
0.29726
0.29721
0.29716
0.29710
0.29705
0.29700
0.29695
0.29690
0.29684
0.29679
0.29674
0.29669
0.29664
0.29658
0.29653
0.29648
0.29643
0.29638
0.29632
0.29627
0.29622
0.29617
0.29612
0.29606
0.29601
0.29596
0.29591
0.29586
0.29580
0.29575
0.29570
0.29565
0.29560
0.29554
0.29549
0.29544
0.29539
0.29534
0.29528
0.29523
0.29518
0.29513
0.29508
0.29502
0.29497
0.29492
0.29487
0.29482
0.29476
0.29471
0.29466
0.29461
0.29456
0.29450
0.29445
0.29440
0.29435
0.29430
0.29424
0.29419
0.29414
0.29409
0.29404
0.29398
0.29393
0.29388
0.29383
0.29378
0.29372
0.29367
0.29362
0.29357
0.29352
0.29346
0.29341
0.29336
0.29331
0.29326
0.29320
0.29315
0.29310
0.29305
0.29300
0.29294
0.29289
0.29284
0.29279
0.29274
0.29268
0.29263
0.29258
0.29253
0.29248
0.29242
0.29237
0.29232
0.29227
0.29222
0.29216
0.29211
0.29206
0.29201
0.29196
0.29190
0.29185
0.29180
0.29175
0.29170
0.29164
0.29159
0.29154
0.29149
0.29144
0.29138
0.29133
0.29128
0.29123
0.29118
0.29112
0.29107
0.29102
0.29097
0.29091
0.29086
0.29081
0.29076
0.29071
0.29065
0.29060
0.29055
0.29050
0.29045
0.29039
0.29034
0.29029
0.29024
0.29019
0.29013
0.29008
0.29003
0.28998
0.28993
0.28987
0.28982
0.28977
0.28972
0.28967
0.28961
0.28956
0.28951
0.28946
0.28941
0.28935
0.28930
0.28925
0.28920
0.28915
0.28909
0.28904
0.28899
0.28894
0.28889
0.28883
0.28878
0.28873
0.28868
0.28863
0.28857
0.28852
0.28847
0.28842
0.28837
0.28831
0.28826
0.28821
0.28816
0.28811
0.28805
0.28800
0.28795
0.28790
0.28785
0.28779
0.28774
0.28769
0.28764
0.28759
0.28753
0.28748
0.28743
0.28738
0.28733
0.28727
0.28722
0.28717
0.28712
0.28707
0.28701
0.28696
0.28691
0.28686
0.28681
0.28675
0.28670
0.28665
0.28660
0.28655
0.28649
0.28644
0.28639
0.28634
0.28629
0.28623
0.28618
0.28613
0.28608
0.28603
0.28597
0.28592
0.28587
0.28582
0.28577
0.28571
0.28566
0.28561
0.28556
0.28551
0.28545
0.28540
0.28535
0.28530
0.28525
0.28519
0.28514
0.28509
0.28504
0.28499
0.28493
0.28488
0.28483
0.28478
0.28473
0.28467
0.28462
0.28457
0.28452
0.28447
0.28441
0.28436
0.28431
0.28426
0.28421
0.28415
0.28410
0.28405
0.28400
0.28395
0.28389
0.28384
0.28379
0.28374
0.28369
0.28363
0.28358
0.28353
0.28348
0.28343
0.28337
0.28332
0.28327
0.28322
0.28317
0.28311
0.28306
0.28301
0.28296
0.28291
0.28285
0.28280
0.28275
0.28270
0.28265
0.28259
0.28254
0.28249
0.28244
0.28239
0.28233
0.28228
0.28223
0.28218
0.28213
0.28207
0.28202
0.28197
0.28192
0.28187
0.28181
0.28176
0.28171
0.28166
0.28161
0.28155
0.28150
0.28145
0.28140
0.28135
0.28129
0.28124
0.28119
0.28114
0.28109
0.28103
0.28098
0.28093
0.28088
0.28082
0.28077
0.28072
0.28067
0.28062
0.28056
0.28051
0.28046
0.28041
0.28036
0.28030
0.28025
0.28020
0.28015
0.28010
0.28004
0.27999
0.27994
0.27989
0.27984
0.27978
0.27973
0.27968
0.27963
0.27958
0.27952
0.27947
0.27942
0.27937
0.27932
0.27926
0.27921
0.27916
0.27911
0.27906
0.27900
0.27895
0.27890
0.27885
0.27880
0.27874
0.27869
0.27864
0.27859
0.27854
0.27848
0.27843
0.27838
0.27833
0.27828
0.27822
0.27817
0.27812
0.27807
0.27802
0.27796
0.27791
0.27786
0.27781
0.27776
0.27770
0.27765
0.27760
0.27755
0.27750
0.27744
0.27739
0.27734
0.27729
0.27724
0.27718
0.27713
0.27708
0.27703
0.27698
0.27692
0.27687
0.27682
0.27677
0.27672
0.27666
0.27661
0.27656
0.27651
0.27646
0.27640
0.27635
0.27630
0.27625
0.27620
0.27614
0.27609
0.27604
0.27599
0.27594
0.27588
0.27583
0.27578
0.27573
0.27568
0.27562
0.27557
0.27552
0.27547
0.27542
0.27536
0.27531
0.27526
0.27521
0.27516
0.27510
0.27505
0.27500
0.27495
0.27490
0.27484
0.27479
0.27474
0.27469
0.27464
0.27458
0.27453
0.27448
0.27443
0.27438
0.27432
0.27427
0.27422
0.27417
0.27412
0.27406
0.27401
0.27396
0.27391
0.27386
0.27380
0.27375
0.27370
0.27365
0.27360
0.27354
0.27349
0.27344
0.27339
0.27334
0.27328
0.27323
0.27318
0.27313
0.27308
0.27302
0.27297
0.27292
0.27287
0.27282
0.27276
0.27271
0.27266
0.27261
0.27256
0.27250
0.27245
0.27240
0.27235
0.27230
0.27224
0.27219
0.27214
0.27209
0.27204
0.27198
0.27193
0.27188
0.27183
0.27178
0.27172
0.27167
0.27162
0.27157
0.27152
0.27146
0.27141
0.27136
0.27131
0.27126
0.27120
0.27115
0.27110
0.27105
0.27100
0.27094
0.27089
0.27084
0.27079
0.27074
0.27068
0.27063
0.27058
0.27053
0.27048
0.27042
0.27037
0.27032
0.27027
0.27022
0.27016
0.27011
0.27006
0.27001
0.26995
0.26990
0.26985
0.26980
0.26975
0.26969
0.26964
0.26959
0.26954
0.26949
0.26943
0.26938
0.26933
0.26928
0.26923
0.26917
0.26912
0.26907
0.26902
0.26897
0.26891
0.26886
0.26881
0.26876
0.26871
0.26865
0.26860
0.26855
0.26850
0.26845
0.26839
0.26834
0.26829
0.26824
0.26819
0.26813
0.26808
0.26803
0.26798
0.26793
0.26787
0.26782
0.26777
0.26772
0.26767
0.26761
0.26756
0.26751
0.26746
0.26741
0.26735
0.26730
0.26725
0.26720
0.26715
0.26709
0.26704
0.26699
0.26694
0.26689
0.26683
0.26678
0.26673
0.26668
0.26663
0.26657
0.26652
0.26647
0.26642
0.26637
0.26631
0.26626
0.26621
0.26616
0.26611
0.26605
0.26600
0.26595
0.26590
0.26585
0.26579
0.26574
0.26569
0.26564
0.26559
0.26553
0.26548
0.26543
0.26538
0.26533
0.26527
0.26522
0.26517
0.26512
0.26507
0.26501
0.26496
0.26491
0.26486
0.26481
0.26475
0.26470
0.26465
0.26460
0.26455
0.26449
0.26444
0.26439
0.26434
0.26429
0.26423
0.26418
0.26413
0.26408
0.26403
0.26397
0.26392
0.26387
0.26382
0.26377
0.26371
0.26366
0.26361
0.26356
0.26351
0.26345
0.26340
0.26335
0.26330
0.26325
0.26319
0.26314
0.26309
0.26304
0.26299
0.26293
0.26288
0.26283
0.26278
0.26273
0.26267
0.26262
0.26257
0.26252
0.26247
0.26241
0.26236
0.26231
0.26226
0.26221
0.26215
0.26210
0.26205
0.26200
0.26195
0.26189
0.26184
0.26179
0.26174
0.26169
0.26163
0.26158
0.26153
0.26148
0.26143
0.26137
0.26132
0.26127
0.26122
0.26117
0.26111
0.26106
0.26101
0.26096
0.26091
0.26085
0.26080
0.26075
0.26070
0.26065
0.26059
0.26054
0.26049
0.26044
0.26039
0.26033
0.26028
0.26023
0.26018
0.26013
0.26007
0.26002
0.25997
0.25992
0.25987
0.25981
0.25976
0.25971
0.25966
0.25961
0.25955
0.25950
0.25945
0.25940
0.25935
0.25929
0.25924
0.25919
0.25914
0.25909
0.25903
0.25898
0.25893
0.25888
0.25883
0.25877
0.25872
0.25867
0.25862
0.25856
0.25851
0.25846
0.25841
0.25836
0.25830
0.25825
0.25820
0.25815
0.25810
0.25804
0.25799
0.25794
0.25789
0.25784
0.25778
0.25773
0.25768
0.25763
0.25758
0.25752
0.25747
0.25742
0.25737
0.25732
0.25726
0.25721
0.25716
0.25711
0.25706
0.25700
0.25695
0.25690
0.25685
0.25680
0.25674
0.25669
0.25664
0.25659
0.25654
0.25648
0.25643
0.25638
0.25633
0.25628
0.25622
0.25617
0.25612
0.25607
0.25602
0.25596
0.25591
0.25586
0.25581
0.25576
0.25570
0.25565
0.25560
0.25555
0.25550
0.25544
0.25539
0.25534
0.25529
0.25524
0.25518
0.25513
0.25508
0.25503
0.25498
0.25492
0.25487
0.25482
0.25477
0.25472
0.25466
0.25461
0.25456
0.25451
0.25446
0.25440
0.25435
0.25430
0.25425
0.25420
0.25414
0.25409
0.25404
0.25399
0.25394
0.25388
0.25383
0.25378
0.25373
0.25368
0.25362
0.25357
0.25352
0.25347
0.25342
0.25336
0.25331
0.25326
0.25321
0.25316
0.25310
0.25305
0.25300
0.25295
0.25290
0.25284
0.25279
0.25274
0.25269
0.25264
0.25258
0.25253
0.25248
0.25243
0.25238
0.25232
0.25227
0.25222
0.25217
0.25212
0.25206
0.25201
0.25196
0.25191
0.25186
0.25180
0.25175
0.25170
0.25165
0.25160
0.25154
0.25149
0.25144
0.25139
0.25134
0.25128
0.25123
0.25118
0.25113
0.25108
0.25102
0.25097
0.25092
0.25087
0.25082
0.25076
0.25071
0.25066
0.25061
0.25056
0.25050
0.25045
0.25040
0.25035
0.25030
0.25024
0.25019
0.25014
0.25009
0.25004
0.24998
0.24993
0.24988
0.24983
0.24978
0.24972
0.24967
0.24962
0.24957
0.24952
0.24946
0.24941
0.24936
0.24931
0.24926
0.24920
0.24915
0.24910
0.24905
0.24900
0.24894
0.24889
0.24884
0.24879
0.24874
0.24868
0.24863
0.24858
0.24853
0.24848
0.24842
0.24837
0.24832
0.24827
0.24822
0.24816
0.24811
0.24806
0.24801
0.24796
0.24790
0.24785
0.24780
0.24775
0.24770
0.24764
0.24759
0.24754
0.24749
0.24744
0.24738
0.24733
0.24728
0.24723
0.24718
0.24712
0.24707
0.24702
0.24697
0.24692
0.24686
0.24681
0.24676
0.24671
0.24666
0.24660
0.24655
0.24650
0.24645
0.24639
0.24634
0.24629
0.24624
0.24619
0.24613
0.24608
0.24603
0.24598
0.24593
0.24587
0.24582
0.24577
0.24572
0.24567
0.24561
0.24556
0.24551
0.24546
0.24541
0.24535
0.24530
0.24525
0.24520
0.24515
0.24509
0.24504
0.24499
0.24494
0.24489
0.24483
0.24478
0.24473
0.24468
0.24463
0.24457
0.24452
0.24447
0.24442
0.24437
0.24431
0.24426
0.24421
0.24416
0.24411
0.24405
0.24400
0.24395
0.24390
0.24385
0.24379
0.24374
0.24369
0.24364
0.24359
0.24353
0.24348
0.24343
0.24338
0.24333
0.24327
0.24322
0.24317
0.24312
0.24307
0.24301
0.24296
0.24291
0.24286
0.24281
0.24275
0.24270
0.24265
0.24260
0.24255
0.24249
0.24244
0.24239
0.24234
0.24229
0.24223
0.24218
0.24213
0.24208
0.24203
0.24197
0.24192
0.24187
0.24182
0.24177
0.24171
0.24166
0.24161
0.24156
0.24151
0.24145
0.24140
0.24135
0.24130
0.24125
0.24119
0.24114
0.24109
0.24104
0.24099
0.24093
0.24088
0.24083
0.24078
0.24073
0.24067
0.24062
0.24057
0.24052
0.24047
0.24041
0.24036
0.24031
0.24026
0.24021
0.24015
0.24010
0.24005
0.24000
0.23995
0.23989
0.23984
0.23979
0.23974
0.23969
0.23963
0.23958
0.23953
0.23948
0.23943
0.23937
0.23932
0.23927
0.23922
0.23917
0.23911
0.23906
0.23901
0.23896
0.23891
0.23885
0.23880
0.23875
0.23870
0.23865
0.23859
0.23854
0.23849
0.23844
0.23839
0.23833
0.23828
0.23823
0.23818
0.23813
0.23807
0.23802
0.23797
0.23792
0.23787
0.23781
0.23776
0.23771
0.23766
0.23761
0.23755
0.23750
0.23745
0.23740
0.23735
0.23729
0.23724
0.23719
0.23714
0.23709
0.23703
0.23698
0.23693
0.23688
0.23683
0.23677
0.23672
0.23667
0.23662
0.23657
0.23651
0.23646
0.23641
0.23636
0.23631
0.23625
0.23620
0.23615
0.23610
0.23605
0.23599
0.23594
0.23589
0.23584
0.23579
0.23573
0.23568
0.23563
0.23558
0.23553
0.23547
0.23542
0.23537
0.23532
0.23527
0.23521
0.23516
0.23511
0.23506
0.23501
0.23495
0.23490
0.23485
0.23480
0.23475
0.23469
0.23464
0.23459
0.23454
0.23449
0.23443
0.23438
0.23433
0.23428
0.23423
0.23417
0.23412
0.23407
0.23402
0.23397
0.23391
0.23386
0.23381
0.23376
0.23371
0.23365
0.23360
0.23355
0.23350
0.23345
0.23339
0.23334
0.23329
0.23324
0.23318
0.23313
0.23308
0.23303
0.23298
0.23292
0.23287
0.23282
0.23277
0.23272
0.23266
0.23261
0.23256
0.23251
0.23246
0.23240
0.23235
0.23230
0.23225
0.23220
0.23214
0.23209
0.23204
0.23199
0.23194
0.23188
0.23183
0.23178
0.23173
0.23168
0.23162
0.23157
0.23152
0.23147
0.23142
0.23136
0.23131
0.23126
0.23121
0.23116
0.23110
0.23105
0.23100
0.23095
0.23090
0.23084
0.23079
0.23074
0.23069
0.23064
0.23058
0.23053
0.23048
0.23043
0.23038
0.23032
0.23027
0.23022
0.23017
0.23012
0.23006
0.23001
0.22996
0.22991
0.22986
0.22980
0.22975
0.22970
0.22965
0.22960
0.22954
0.22949
0.22944
0.22939
0.22934
0.22928
0.22923
0.22918
0.22913
0.22908
0.22902
0.22897
0.22892
0.22887
0.22882
0.22876
0.22871
0.22866
0.22861
0.22856
0.22850
0.22845
0.22840
0.22835
0.22830
0.22824
0.22819
0.22814
0.22809
0.22804
0.22798
0.22793
0.22788
0.22783
0.22778
0.22772
0.22767
0.22762
0.22757
0.22752
0.22746
0.22741
0.22736
0.22731
0.22726
0.22720
0.22715
0.22710
0.22705
0.22700
0.22694
0.22689
0.22684
0.22679
0.22674
0.22668
0.22663
0.22658
0.22653
0.22648
0.22642
0.22637
0.22632
0.22627
0.22622
0.22616
0.22611
0.22606
0.22601
0.22596
0.22590
0.22585
0.22580
0.22575
0.22570
0.22564
0.22559
0.22554
0.22549
0.22544
0.22538
0.22533
0.22528
0.22523
0.22518
0.22512
0.22507
0.22502
0.22497
0.22492
0.22486
0.22481
0.22476
0.22471
0.22466
0.22460
0.22455
0.22450
0.22445
0.22440
0.22434
0.22429
0.22424
0.22419
0.22414
0.22408
0.22403
0.22398
0.22393
0.22388
0.22382
0.22377
0.22372
0.22367
0.22362
0.22356
0.22351
0.22346
0.22341
0.22336
0.22330
0.22325
0.22320
0.22315
0.22310
0.22304
0.22299
0.22294
0.22289
0.22284
0.22278
0.22273
0.22268
0.22263
0.22258
0.22252
0.22247
0.22242
0.22237
0.22232
0.22226
0.22221
0.22216
0.22211
0.22206
0.22200
0.22195
0.22190
0.22185
0.22180
0.22174
0.22169
0.22164
0.22159
0.22154
0.22148
0.22143
0.22138
0.22133
0.22128
0.22122
0.22117
0.22112
0.22107
0.22102
0.22096
0.22091
0.22086
0.22081
0.22076
0.22070
0.22065
0.22060
0.22055
0.22050
0.22044
0.22039
0.22034
0.22029
0.22024
0.22018
0.22013
0.22008
0.22003
0.21998
0.21992
0.21987
0.21982
0.21977
0.21972
0.21966
0.21961
0.21956
0.21951
0.21946
0.21940
0.21935
0.21930
0.21925
0.21920
0.21914
0.21909
0.21904
0.21899
0.21894
0.21888
0.21883
0.21878
0.21873
0.21868
0.21862
0.21857
0.21852
0.21847
0.21841
0.21836
0.21831
0.21826
0.21821
0.21815
0.21810
0.21805
0.21800
0.21795
0.21789
0.21784
0.21779
0.21774
0.21769
0.21763
0.21758
0.21753
0.21748
0.21743
0.21737
0.21732
0.21727
0.21722
0.21717
0.21711
0.21706
0.21701
0.21696
0.21691
0.21685
0.21680
0.21675
0.21670
0.21665
0.21659
0.21654
0.21649
0.21644
0.21639
0.21633
0.21628
0.21623
0.21618
0.21613
0.21607
0.21602
0.21597
0.21592
0.21587
0.21581
0.21576
0.21571
0.21566
0.21561
0.21555
0.21550
0.21545
0.21540
0.21535
0.21529
0.21524
0.21519
0.21514
0.21509
0.21503
0.21498
0.21493
0.21488
0.21483
0.21477
0.21472
0.21467
0.21462
0.21457
0.21451
0.21446
0.21441
0.21436
0.21431
0.21425
0.21420
0.21415
0.21410
0.21405
0.21399
0.21394
0.21389
0.21384
0.21379
0.21373
0.21368
0.21363
0.21358
0.21353
0.21347
0.21342
0.21337
0.21332
0.21327
0.21321
0.21316
0.21311
0.21306
0.21301
0.21295
0.21290
0.21285
0.21280
0.21275
0.21269
0.21264
0.21259
0.21254
0.21249
0.21243
0.21238
0.21233
0.21228
0.21223
0.21217
0.21212
0.21207
0.21202
0.21197
0.21191
0.21186
0.21181
0.21176
0.21171
0.21165
0.21160
0.21155
0.21150
0.21145
0.21139
0.21134
0.21129
0.21124
0.21119
0.21113
0.21108
0.21103
0.21098
0.21093
0.21087
0.21082
0.21077
0.21072
0.21067
0.21061
0.21056
0.21051
0.21046
0.21041
0.21035
0.21030
0.21025
0.21020
0.21015
0.21009
0.21004
0.20999
0.20994
0.20989
0.20983
0.20978
0.20973
0.20968
0.20963
0.20957
0.20952
0.20947
0.20942
0.20937
0.20931
0.20926
0.20921
0.20916
0.20911
0.20905
0.20900
0.20895
0.20890
0.20885
0.20879
0.20874
0.20869
0.20864
0.20859
0.20853
0.20848
0.20843
0.20838
0.20833
0.20827
0.20822
0.20817
0.20812
0.20807
0.20801
0.20796
0.20791
0.20786
0.20781
0.20775
0.20770
0.20765
0.20760
0.20755
0.20749
0.20744
0.20739
0.20734
0.20729
0.20723
0.20718
0.20713
0.20708
0.20703
0.20697
0.20692
0.20687
0.20682
0.20677
0.20671
0.20666
0.20661
0.20656
0.20651
0.20645
0.20640
0.20635
0.20630
0.20625
0.20619
0.20614
0.20609
0.20604
0.20599
0.20593
0.20588
0.20583
0.20578
0.20573
0.20567
0.20562
0.20557
0.20552
0.20547
0.20541
0.20536
0.20531
0.20526
0.20521
0.20515
0.20510
0.20505
0.20500
0.20495
0.20489
0.20484
0.20479
0.20474
0.20469
0.20463
0.20458
0.20453
0.20448
0.20443
0.20437
0.20432
0.20427
0.20422
0.20417
0.20411
0.20406
0.20401
0.20396
0.20391
0.20385
0.20380
0.20375
0.20370
0.20365
0.20359
0.20354
0.20349
0.20344
0.20339
0.20333
0.20328
0.20323
0.20318
0.20313
0.20307
0.20302
0.20297
0.20292
0.20287
0.20281
0.20276
0.20271
0.20266
0.20261
0.20255
0.20250
0.20245
0.20240
0.20235
0.20229
0.20224
0.20219
0.20214
0.20209
0.20203
0.20198
0.20193
0.20188
0.20182
0.20177
0.20172
0.20167
0.20162
0.20156
0.20151
0.20146
0.20141
0.20136
0.20130
0.20125
0.20120
0.20115
0.20110
0.20104
0.20099
0.20094
0.20089
0.20084
0.20078
0.20073
0.20068
0.20063
0.20058
0.20052
0.20047
0.20042
0.20037
0.20032
0.20026
0.20021
0.20016
0.20011
0.20006
0.20000
0.19995
0.19990
0.19985
0.19980
0.19974
0.19969
0.19964
0.19959
0.19954
0.19948
0.19943
0.19938
0.19933
0.19928
0.19922
0.19917
0.19912
0.19907
0.19902
0.19896
0.19891
0.19886
0.19881
0.19876
0.19870
0.19865
0.19860
0.19855
0.19850
0.19844
0.19839
0.19834
0.19829
0.19824
0.19818
0.19813
0.19808
0.19803
0.19798
0.19792
0.19787
0.19782
0.19777
0.19772
0.19766
0.19761
0.19756
0.19751
0.19746
0.19740
0.19735
0.19730
0.19725
0.19720
0.19714
0.19709
0.19704
0.19699
0.19694
0.19688
0.19683
0.19678
0.19673
0.19668
0.19662
0.19657
0.19652
0.19647
0.19642
0.19636
0.19631
0.19626
0.19621
0.19616
0.19610
0.19605
0.19600
0.19595
0.19590
0.19584
0.19579
0.19574
0.19569
0.19564
0.19558
0.19553
0.19548
0.19543
0.19538
0.19532
0.19527
0.19522
0.19517
0.19512
0.19506
0.19501
0.19496
0.19491
0.19486
0.19480
0.19475
0.19470
0.19465
0.19460
0.19454
0.19449
0.19444
0.19439
0.19434
0.19428
0.19423
0.19418
0.19413
0.19408
0.19402
0.19397
0.19392
0.19387
0.19382
0.19376
0.19371
0.19366
0.19361
0.19356
0.19350
0.19345
0.19340
0.19335
0.19330
0.19324
0.19319
0.19314
0.19309
0.19304
0.19298
0.19293
0.19288
0.19283
0.19278
0.19272
0.19267
0.19262
0.19257
0.19252
0.19246
0.19241
0.19236
0.19231
0.19226
0.19220
0.19215
0.19210
0.19205
0.19200
0.19194
0.19189
0.19184
0.19179
0.19174
0.19168
0.19163
0.19158
0.19153
0.19148
0.19142
0.19137
0.19132
0.19127
0.19122
0.19116
0.19111
0.19106
0.19101
0.19096
0.19090
0.19085
0.19080
0.19075
0.19070
0.19064
0.19059
0.19054
0.19049
0.19044
0.19038
0.19033
0.19028
0.19023
0.19018
0.19012
0.19007
0.19002
0.18997
0.18992
0.18986
0.18981
0.18976
0.18971
0.18966
0.18960
0.18955
0.18950
0.18945
0.18940
0.18934
0.18929
0.18924
0.18919
0.18914
0.18908
0.18903
0.18898
0.18893
0.18888
0.18882
0.18877
0.18872
0.18867
0.18862
0.18856
0.18851
0.18846
0.18841
0.18836
0.18830
0.18825
0.18820
0.18815
0.18810
0.18804
0.18799
0.18794
0.18789
0.18784
0.18778
0.18773
0.18768
0.18763
0.18758
0.18752
0.18747
0.18742
0.18737
0.18732
0.18726
0.18721
0.18716
0.18711
0.18706
0.18700
0.18695
0.18690
0.18685
0.18680
0.18674
0.18669
0.18664
0.18659
0.18654
0.18648
0.18643
0.18638
0.18633
0.18628
0.18622
0.18617
0.18612
0.18607
0.18602
0.18596
0.18591
0.18586
0.18581
0.18576
0.18570
0.18565
0.18560
0.18555
0.18550
0.18544
0.18539
0.18534
0.18529
0.18524
0.18518
0.18513
0.18508
0.18503
0.18498
0.18492
0.18487
0.18482
0.18477
0.18472
0.18466
0.18461
0.18456
0.18451
0.18446
0.18440
0.18435
0.18430
0.18425
0.18420
0.18414
0.18409
0.18404
0.18399
0.18394
0.18388
0.18383
0.18378
0.18373
0.18368
0.18362
0.18357
0.18352
0.18347
0.18342
0.18336
0.18331
0.18326
0.18321
0.18316
0.18310
0.18305
0.18300
0.18295
0.18290
0.18284
0.18279
0.18274
0.18269
0.18264
0.18258
0.18253
0.18248
0.18243
0.18238
0.18232
0.18227
0.18222
0.18217
0.18211
0.18206
0.18201
0.18196
0.18191
0.18185
0.18180
0.18175
0.18170
0.18165
0.18159
0.18154
0.18149
0.18144
0.18139
0.18133
0.18128
0.18123
0.18118
0.18113
0.18107
0.18102
0.18097
0.18092
0.18087
0.18081
0.18076
0.18071
0.18066
0.18061
0.18055
0.18050
0.18045
0.18040
0.18035
0.18029
0.18024
0.18019
0.18014
0.18009
0.18003
0.17998
0.17993
0.17988
0.17983
0.17977
0.17972
0.17967
0.17962
0.17957
0.17951
0.17946
0.17941
0.17936
0.17931
0.17925
0.17920
0.17915
0.17910
0.17905
0.17899
0.17894
0.17889
0.17884
0.17879
0.17873
0.17868
0.17863
0.17858
0.17853
0.17847
0.17842
0.17837
0.17832
0.17827
0.17821
0.17816
0.17811
0.17806
0.17801
0.17795
0.17790
0.17785
0.17780
0.17775
0.17769
0.17764
0.17759
0.17754
0.17749
0.17743
0.17738
0.17733
0.17728
0.17723
0.17717
0.17712
0.17707
0.17702
0.17697
0.17691
0.17686
0.17681
0.17676
0.17671
0.17665
0.17660
0.17655
0.17650
0.17645
0.17639
0.17634
0.17629
0.17624
0.17619
0.17613
0.17608
0.17603
0.17598
0.17593
0.17587
0.17582
0.17577
0.17572
0.17567
0.17561
0.17556
0.17551
0.17546
0.17541
0.17535
0.17530
0.17525
0.17520
0.17515
0.17509
0.17504
0.17499
0.17494
0.17489
0.17483
0.17478
0.17473
0.17468
0.17463
0.17457
0.17452
0.17447
0.17442
0.17437
0.17431
0.17426
0.17421
0.17416
0.17411
0.17405
0.17400
0.17395
0.17390
0.17385
0.17379
0.17374
0.17369
0.17364
0.17359
0.17353
0.17348
0.17343
0.17338
0.17333
0.17327
0.17322
0.17317
0.17312
0.17307
0.17301
0.17296
0.17291
0.17286
0.17281
0.17275
0.17270
0.17265
0.17260
0.17255
0.17249
0.17244
0.17239
0.17234
0.17229
0.17223
0.17218
0.17213
0.17208
0.17203
0.17197
0.17192
0.17187
0.17182
0.17177
0.17171
0.17166
0.17161
0.17156
0.17151
0.17145
0.17140
0.17135
0.17130
0.17125
0.17119
0.17114
0.17109
0.17104
0.17099
0.17093
0.17088
0.17083
0.17078
0.17073
0.17067
0.17062
0.17057
0.17052
0.17047
0.17041
0.17036
0.17031
0.17026
0.17021
0.17015
0.17010
0.17005
0.17000
0.16995
0.16989
0.16984
0.16979
0.16974
0.16969
0.16963
0.16958
0.16953
0.16948
0.16943
0.16937
0.16932
0.16927
0.16922
0.16917
0.16911
0.16906
0.16901
0.16896
0.16891
0.16885
0.16880
0.16875
0.16870
0.16865
0.16859
0.16854
0.16849
0.16844
0.16839
0.16833
0.16828
0.16823
0.16818
0.16813
0.16807
0.16802
0.16797
0.16792
0.16787
0.16781
0.16776
0.16771
0.16766
0.16761
0.16755
0.16750
0.16745
0.16740
0.16735
0.16729
0.16724
0.16719
0.16714
0.16709
0.16703
0.16698
0.16693
0.16688
0.16683
0.16677
0.16672
0.16667
0.16662
0.16657
0.16651
0.16646
0.16641
0.16636
0.16631
0.16625
0.16620
0.16615
0.16610
0.16605
0.16599
0.16594
0.16589
0.16584
0.16579
0.16573
0.16568
0.16563
0.16558
0.16553
0.16547
0.16542
0.16537
0.16532
0.16527
0.16521
0.16516
0.16511
0.16506
0.16501
0.16495
0.16490
0.16485
0.16480
0.16475
0.16469
0.16464
0.16459
0.16454
0.16449
0.16443
0.16438
0.16433
0.16428
0.16423
0.16417
0.16412
0.16407
0.16402
0.16397
0.16391
0.16386
0.16381
0.16376
0.16371
0.16365
0.16360
0.16355
0.16350
0.16345
0.16339
0.16334
0.16329
0.16324
0.16319
0.16313
0.16308
0.16303
0.16298
0.16293
0.16287
0.16282
0.16277
0.16272
0.16267
0.16261
0.16256
0.16251
0.16246
0.16241
0.16235
0.16230
0.16225
0.16220
0.16215
0.16209
0.16204
0.16199
0.16194
0.16189
0.16183
0.16178
0.16173
0.16168
0.16163
0.16157
0.16152
0.16147
0.16142
0.16137
0.16131
0.16126
0.16121
0.16116
0.16111
0.16105
0.16100
0.16095
0.16090
0.16085
0.16079
0.16074
0.16069
0.16064
0.16059
0.16053
0.16048
0.16043
0.16038
0.16033
0.16027
0.16022
0.16017
0.16012
0.16007
0.16001
0.15996
0.15991
0.15986
0.15981
0.15975
0.15970
0.15965
0.15960
0.15955
0.15949
0.15944
0.15939
0.15934
0.15929
0.15923
0.15918
0.15913
0.15908
0.15903
0.15897
0.15892
0.15887
0.15882
0.15877
0.15871
0.15866
0.15861
0.15856
0.15851
0.15845
0.15840
0.15835
0.15830
0.15825
0.15819
0.15814
0.15809
0.15804
0.15799
0.15793
0.15788
0.15783
0.15778
0.15773
0.15767
0.15762
0.15757
0.15752
0.15747
0.15741
0.15736
0.15731
0.15726
0.15721
0.15715
0.15710
0.15705
0.15700
0.15694
0.15689
0.15684
0.15679
0.15674
0.15668
0.15663
0.15658
0.15653
0.15648
0.15642
0.15637
0.15632
0.15627
0.15622
0.15616
0.15611
0.15606
0.15601
0.15596
0.15590
0.15585
0.15580
0.15575
0.15570
0.15564
0.15559
0.15554
0.15549
0.15544
0.15538
0.15533
0.15528
0.15523
0.15518
0.15512
0.15507
0.15502
0.15497
0.15492
0.15486
0.15481
0.15476
0.15471
0.15466
0.15460
0.15455
0.15450
0.15445
0.15440
0.15434
0.15429
0.15424
0.15419
0.15414
0.15408
0.15403
0.15398
0.15393
0.15388
0.15382
0.15377
0.15372
0.15367
0.15362
0.15356
0.15351
0.15346
0.15341
0.15336
0.15330
0.15325
0.15320
0.15315
0.15310
0.15304
0.15299
0.15294
0.15289
0.15284
0.15278
0.15273
0.15268
0.15263
0.15258
0.15252
0.15247
0.15242
0.15237
0.15232
0.15226
0.15221
0.15216
0.15211
0.15206
0.15200
0.15195
0.15190
0.15185
0.15180
0.15174
0.15169
0.15164
0.15159
0.15154
0.15148
0.15143
0.15138
0.15133
0.15128
0.15122
0.15117
0.15112
0.15107
0.15102
0.15096
0.15091
0.15086
0.15081
0.15076
0.15070
0.15065
0.15060
0.15055
0.15050
0.15044
0.15039
0.15034
0.15029
0.15024
0.15018
0.15013
0.15008
0.15003
0.14998
0.14992
0.14987
0.14982
0.14977
0.14972
0.14966
0.14961
0.14956
0.14951
0.14946
0.14940
0.14935
0.14930
0.14925
0.14920
0.14914
0.14909
0.14904
0.14899
0.14894
0.14888
0.14883
0.14878
0.14873
0.14868
0.14862
0.14857
0.14852
0.14847
0.14842
0.14836
0.14831
0.14826
0.14821
0.14816
0.14810
0.14805
0.14800
0.14795
0.14790
0.14784
0.14779
0.14774
0.14769
0.14764
0.14758
0.14753
0.14748
0.14743
0.14738
0.14732
0.14727
0.14722
0.14717
0.14712
0.14706
0.14701
0.14696
0.14691
0.14686
0.14680
0.14675
0.14670
0.14665
0.14660
0.14654
0.14649
0.14644
0.14639
0.14634
0.14628
0.14623
0.14618
0.14613
0.14608
0.14602
0.14597
0.14592
0.14587
0.14582
0.14576
0.14571
0.14566
0.14561
0.14556
0.14550
0.14545
0.14540
0.14535
0.14530
0.14524
0.14519
0.14514
0.14509
0.14504
0.14498
0.14493
0.14488
0.14483
0.14478
0.14472
0.14467
0.14462
0.14457
0.14452
0.14446
0.14441
0.14436
0.14431
0.14426
0.14420
0.14415
0.14410
0.14405
0.14400
0.14394
0.14389
0.14384
0.14379
0.14374
0.14368
0.14363
0.14358
0.14353
0.14348
0.14342
0.14337
0.14332
0.14327
0.14322
0.14316
0.14311
0.14306
0.14301
0.14296
0.14290
0.14285
0.14280
0.14275
0.14270
0.14264
0.14259
0.14254
0.14249
0.14244
0.14238
0.14233
0.14228
0.14223
0.14218
0.14212
0.14207
0.14202
0.14197
0.14192
0.14186
0.14181
0.14176
0.14171
0.14166
0.14160
0.14155
0.14150
0.14145
0.14140
0.14134
0.14129
0.14124
0.14119
0.14114
0.14108
0.14103
0.14098
0.14093
0.14088
0.14082
0.14077
0.14072
0.14067
0.14062
0.14056
0.14051
0.14046
0.14041
0.14036
0.14030
0.14025
0.14020
0.14015
0.14010
0.14004
0.13999
0.13994
0.13989
0.13984
0.13978
0.13973
0.13968
0.13963
0.13958
0.13952
0.13947
0.13942
0.13937
0.13932
0.13926
0.13921
0.13916
0.13911
0.13906
0.13900
0.13895
0.13890
0.13885
0.13880
0.13874
0.13869
0.13864
0.13859
0.13854
0.13848
0.13843
0.13838
0.13833
0.13828
0.13822
0.13817
0.13812
0.13807
0.13802
0.13796
0.13791
0.13786
0.13781
0.13776
0.13770
0.13765
0.13760
0.13755
0.13750
0.13744
0.13739
0.13734
0.13729
0.13724
0.13718
0.13713
0.13708
0.13703
0.13698
0.13692
0.13687
0.13682
0.13677
0.13672
0.13666
0.13661
0.13656
0.13651
0.13646
0.13640
0.13635
0.13630
0.13625
0.13620
0.13614
0.13609
0.13604
0.13599
0.13594
0.13588
0.13583
0.13578
0.13573
0.13568
0.13562
0.13557
0.13552
0.13547
0.13542
0.13536
0.13531
0.13526
0.13521
0.13516
0.13510
0.13505
0.13500
0.13495
0.13490
0.13484
0.13479
0.13474
0.13469
0.13464
0.13458
0.13453
0.13448
0.13443
0.13438
0.13432
0.13427
0.13422
0.13417
0.13412
0.13406
0.13401
0.13396
0.13391
0.13386
0.13380
0.13375
0.13370
0.13365
0.13360
0.13354
0.13349
0.13344
0.13339
0.13334
0.13328
0.13323
0.13318
0.13313
0.13308
0.13302
0.13297
0.13292
0.13287
0.13282
0.13276
0.13271
0.13266
0.13261
0.13256
0.13250
0.13245
0.13240
0.13235
0.13230
0.13224
0.13219
0.13214
0.13209
0.13204
0.13198
0.13193
0.13188
0.13183
0.13178
0.13172
0.13167
0.13162
0.13157
0.13152
0.13146
0.13141
0.13136
0.13131
0.13126
0.13120
0.13115
0.13110
0.13105
0.13100
0.13094
0.13089
0.13084
0.13079
0.13074
0.13068
0.13063
0.13058
0.13053
0.13048
0.13042
0.13037
0.13032
0.13027
0.13022
0.13016
0.13011
0.13006
0.13001
0.12996
0.12990
0.12985
0.12980
0.12975
0.12970
0.12964
0.12959
0.12954
0.12949
0.12944
0.12938
0.12933
0.12928
0.12923
0.12918
0.12912
0.12907
0.12902
0.12897
0.12892
0.12886
0.12881
0.12876
0.12871
0.12866
0.12860
0.12855
0.12850
0.12845
0.12840
0.12834
0.12829
0.12824
0.12819
0.12814
0.12808
0.12803
0.12798
0.12793
0.12788
0.12782
0.12777
0.12772
0.12767
0.12762
0.12756
0.12751
0.12746
0.12741
0.12736
0.12730
0.12725
0.12720
0.12715
0.12710
0.12704
0.12699
0.12694
0.12689
0.12684
0.12678
0.12673
0.12668
0.12663
0.12658
0.12652
0.12647
0.12642
0.12637
0.12632
0.12626
0.12621
0.12616
0.12611
0.12606
0.12600
0.12595
0.12590
0.12585
0.12580
0.12574
0.12569
0.12564
0.12559
0.12554
0.12548
0.12543
0.12538
0.12533
0.12528
0.12522
0.12517
0.12512
0.12507
0.12502
0.12496
0.12491
0.12486
0.12481
0.12476
0.12470
0.12465
0.12460
0.12455
0.12450
0.12444
0.12439
0.12434
0.12429
0.12424
0.12418
0.12413
0.12408
0.12403
0.12398
0.12392
0.12387
0.12382
0.12377
0.12372
0.12366
0.12361
0.12356
0.12351
0.12346
0.12340
0.12335
0.12330
0.12325
0.12320
0.12314
0.12309
0.12304
0.12299
0.12294
0.12288
0.12283
0.12278
0.12273
0.12268
0.12262
0.12257
0.12252
0.12247
0.12242
0.12236
0.12231
0.12226
0.12221
0.12216
0.12210
0.12205
0.12200
0.12195
0.12190
0.12184
0.12179
0.12174
0.12169
0.12164
0.12158
0.12153
0.12148
0.12143
0.12138
0.12132
0.12127
0.12122
0.12117
0.12112
0.12106
0.12101
0.12096
0.12091
0.12086
0.12080
0.12075
0.12070
0.12065
0.12060
0.12054
0.12049
0.12044
0.12039
0.12034
0.12028
0.12023
0.12018
0.12013
0.12008
0.12002
0.11997
0.11992
0.11987
0.11982
0.11976
0.11971
0.11966
0.11961
0.11956
0.11950
0.11945
0.11940
0.11935
0.11930
0.11924
0.11919
0.11914
0.11909
0.11904
0.11898
0.11893
0.11888
0.11883
0.11878
0.11872
0.11867
0.11862
0.11857
0.11852
0.11846
0.11841
0.11836
0.11831
0.11826
0.11820
0.11815
0.11810
0.11805
0.11800
0.11794
0.11789
0.11784
0.11779
0.11774
0.11768
0.11763
0.11758
0.11753
0.11748
0.11742
0.11737
0.11732
0.11727
0.11722
0.11716
0.11711
0.11706
0.11701
0.11696
0.11690
0.11685
0.11680
0.11675
0.11670
0.11664
0.11659
0.11654
0.11649
0.11644
0.11638
0.11633
0.11628
0.11623
0.11618
0.11612
0.11607
0.11602
0.11597
0.11592
0.11586
0.11581
0.11576
0.11571
0.11566
0.11560
0.11555
0.11550
0.11545
0.11540
0.11534
0.11529
0.11524
0.11519
0.11514
0.11508
0.11503
0.11498
0.11493
0.11488
0.11482
0.11477
0.11472
0.11467
0.11462
0.11456
0.11451
0.11446
0.11441
0.11436
0.11430
0.11425
0.11420
0.11415
0.11410
0.11404
0.11399
0.11394
0.11389
0.11384
0.11378
0.11373
0.11368
0.11363
0.11358
0.11352
0.11347
0.11342
0.11337
0.11332
0.11326
0.11321
0.11316
0.11311
0.11306
0.11300
0.11295
0.11290
0.11285
0.11280
0.11274
0.11269
0.11264
0.11259
0.11254
0.11248
0.11243
0.11238
0.11233
0.11228
0.11222
0.11217
0.11212
0.11207
0.11202
0.11196
0.11191
0.11186
0.11181
0.11176
0.11170
0.11165
0.11160
0.11155
0.11150
0.11144
0.11139
0.11134
0.11129
0.11124
0.11118
0.11113
0.11108
0.11103
0.11097
0.11092
0.11087
0.11082
0.11077
0.11071
0.11066
0.11061
0.11056
0.11051
0.11045
0.11040
0.11035
0.11030
0.11025
0.11019
0.11014
0.11009
0.11004
0.10999
0.10993
0.10988
0.10983
0.10978
0.10973
0.10967
0.10962
0.10957
0.10952
0.10947
0.10941
0.10936
0.10931
0.10926
0.10921
0.10915
0.10910
0.10905
0.10900
0.10895
0.10889
0.10884
0.10879
0.10874
0.10869
0.10863
0.10858
0.10853
0.10848
0.10843
0.10837
0.10832
0.10827
0.10822
0.10817
0.10811
0.10806
0.10801
0.10796
0.10791
0.10785
0.10780
0.10775
0.10770
0.10765
0.10759
0.10754
0.10749
0.10744
0.10739
0.10733
0.10728
0.10723
0.10718
0.10713
0.10707
0.10702
0.10697
0.10692
0.10687
0.10681
0.10676
0.10671
0.10666
0.10661
0.10655
0.10650
0.10645
0.10640
0.10635
0.10629
0.10624
0.10619
0.10614
0.10609
0.10603
0.10598
0.10593
0.10588
0.10583
0.10577
0.10572
0.10567
0.10562
0.10557
0.10551
0.10546
0.10541
0.10536
0.10531
0.10525
0.10520
0.10515
0.10510
0.10505
0.10499
0.10494
0.10489
0.10484
0.10479
0.10473
0.10468
0.10463
0.10458
0.10453
0.10447
0.10442
0.10437
0.10432
0.10427
0.10421
0.10416
0.10411
0.10406
0.10401
0.10395
0.10390
0.10385
0.10380
0.10375
0.10369
0.10364
0.10359
0.10354
0.10349
0.10343
0.10338
0.10333
0.10328
0.10323
0.10317
0.10312
0.10307
0.10302
0.10297
0.10291
0.10286
0.10281
0.10276
0.10271
0.10265
0.10260
0.10255
0.10250
0.10245
0.10239
0.10234
0.10229
0.10224
0.10219
0.10213
0.10208
0.10203
0.10198
0.10193
0.10187
0.10182
0.10177
0.10172
0.10167
0.10161
0.10156
0.10151
0.10146
0.10141
0.10135
0.10130
0.10125
0.10120
0.10115
0.10109
0.10104
0.10099
0.10094
0.10089
0.10083
0.10078
0.10073
0.10068
0.10063
0.10057
0.10052
0.10047
0.10042
0.10037
0.10031
0.10026
0.10021
0.10016
0.10011
0.10005
0.10000
0.09995
0.09990
0.09985
0.09979
0.09974
0.09969
0.09964
0.09959
0.09953
0.09948
0.09943
0.09938
0.09933
0.09927
0.09922
0.09917
0.09912
0.09907
0.09901
0.09896
0.09891
0.09886
0.09881
0.09875
0.09870
0.09865
0.09860
0.09855
0.09849
0.09844
0.09839
0.09834
0.09829
0.09823
0.09818
0.09813
0.09808
0.09803
0.09797
0.09792
0.09787
0.09782
0.09777
0.09771
0.09766
0.09761
0.09756
0.09751
0.09745
0.09740
0.09735
0.09730
0.09725
0.09719
0.09714
0.09709
0.09704
0.09699
0.09693
0.09688
0.09683
0.09678
0.09673
0.09667
0.09662
0.09657
0.09652
0.09647
0.09641
0.09636
0.09631
0.09626
0.09621
0.09615
0.09610
0.09605
0.09600
0.09595
0.09589
0.09584
0.09579
0.09574
0.09569
0.09563
0.09558
0.09553
0.09548
0.09543
0.09537
0.09532
0.09527
0.09522
0.09517
0.09511
0.09506
0.09501
0.09496
0.09491
0.09485
0.09480
0.09475
0.09470
0.09465
0.09459
0.09454
0.09449
0.09444
0.09439
0.09433
0.09428
0.09423
0.09418
0.09413
0.09407
0.09402
0.09397
0.09392
0.09387
0.09381
0.09376
0.09371
0.09366
0.09361
0.09355
0.09350
0.09345
0.09340
0.09335
0.09329
0.09324
0.09319
0.09314
0.09309
0.09303
0.09298
0.09293
0.09288
0.09283
0.09277
0.09272
0.09267
0.09262
0.09257
0.09251
0.09246
0.09241
0.09236
0.09231
0.09225
0.09220
0.09215
0.09210
0.09205
0.09199
0.09194
0.09189
0.09184
0.09179
0.09173
0.09168
0.09163
0.09158
0.09153
0.09147
0.09142
0.09137
0.09132
0.09127
0.09121
0.09116
0.09111
0.09106
0.09101
0.09095
0.09090
0.09085
0.09080
0.09075
0.09069
0.09064
0.09059
0.09054
0.09049
0.09043
0.09038
0.09033
0.09028
0.09023
0.09017
0.09012
0.09007
0.09002
0.08997
0.08991
0.08986
0.08981
0.08976
0.08971
0.08965
0.08960
0.08955
0.08950
0.08945
0.08939
0.08934
0.08929
0.08924
0.08919
0.08913
0.08908
0.08903
0.08898
0.08893
0.08887
0.08882
0.08877
0.08872
0.08867
0.08861
0.08856
0.08851
0.08846
0.08841
0.08835
0.08830
0.08825
0.08820
0.08815
0.08809
0.08804
0.08799
0.08794
0.08789
0.08783
0.08778
0.08773
0.08768
0.08763
0.08757
0.08752
0.08747
0.08742
0.08737
0.08731
0.08726
0.08721
0.08716
0.08711
0.08705
0.08700
0.08695
0.08690
0.08685
0.08679
0.08674
0.08669
0.08664
0.08659
0.08653
0.08648
0.08643
0.08638
0.08633
0.08627
0.08622
0.08617
0.08612
0.08607
0.08601
0.08596
0.08591
0.08586
0.08581
0.08575
0.08570
0.08565
0.08560
0.08555
0.08549
0.08544
0.08539
0.08534
0.08529
0.08523
0.08518
0.08513
0.08508
0.08503
0.08497
0.08492
0.08487
0.08482
0.08477
0.08471
0.08466
0.08461
0.08456
0.08451
0.08445
0.08440
0.08435
0.08430
0.08425
0.08419
0.08414
0.08409
0.08404
0.08399
0.08393
0.08388
0.08383
0.08378
0.08373
0.08367
0.08362
0.08357
0.08352
0.08347
0.08341
0.08336
0.08331
0.08326
0.08321
0.08315
0.08310
0.08305
0.08300
0.08295
0.08289
0.08284
0.08279
0.08274
0.08269
0.08263
0.08258
0.08253
0.08248
0.08243
0.08237
0.08232
0.08227
0.08222
0.08217
0.08211
0.08206
0.08201
0.08196
0.08191
0.08185
0.08180
0.08175
0.08170
0.08165
0.08159
0.08154
0.08149
0.08144
0.08139
0.08133
0.08128
0.08123
0.08118
0.08113
0.08107
0.08102
0.08097
0.08092
0.08087
0.08081
0.08076
0.08071
0.08066
0.08061
0.08055
0.08050
0.08045
0.08040
0.08035
0.08029
0.08024
0.08019
0.08014
0.08009
0.08003
0.07998
0.07993
0.07988
0.07983
0.07977
0.07972
0.07967
0.07962
0.07957
0.07951
0.07946
0.07941
0.07936
0.07931
0.07925
0.07920
0.07915
0.07910
0.07905
0.07899
0.07894
0.07889
0.07884
0.07879
0.07873
0.07868
0.07863
0.07858
0.07853
0.07847
0.07842
0.07837
0.07832
0.07827
0.07821
0.07816
0.07811
0.07806
0.07801
0.07795
0.07790
0.07785
0.07780
0.07775
0.07769
0.07764
0.07759
0.07754
0.07749
0.07743
0.07738
0.07733
0.07728
0.07723
0.07717
0.07712
0.07707
0.07702
0.07697
0.07691
0.07686
0.07681
0.07676
0.07671
0.07665
0.07660
0.07655
0.07650
0.07645
0.07639
0.07634
0.07629
0.07624
0.07619
0.07613
0.07608
0.07603
0.07598
0.07593
0.07587
0.07582
0.07577
0.07572
0.07567
0.07561
0.07556
0.07551
0.07546
0.07541
0.07535
0.07530
0.07525
0.07520
0.07515
0.07509
0.07504
0.07499
0.07494
0.07489
0.07483
0.07478
0.07473
0.07468
0.07463
0.07457
0.07452
0.07447
0.07442
0.07437
0.07431
0.07426
0.07421
0.07416
0.07411
0.07405
0.07400
0.07395
0.07390
0.07385
0.07379
0.07374
0.07369
0.07364
0.07359
0.07353
0.07348
0.07343
0.07338
0.07333
0.07327
0.07322
0.07317
0.07312
0.07307
0.07301
0.07296
0.07291
0.07286
0.07281
0.07275
0.07270
0.07265
0.07260
0.07255
0.07249
0.07244
0.07239
0.07234
0.07229
0.07223
0.07218
0.07213
0.07208
0.07203
0.07197
0.07192
0.07187
0.07182
0.07177
0.07171
0.07166
0.07161
0.07156
0.07151
0.07145
0.07140
0.07135
0.07130
0.07125
0.07119
0.07114
0.07109
0.07104
0.07099
0.07093
0.07088
0.07083
0.07078
0.07073
0.07067
0.07062
0.07057
0.07052
0.07047
0.07041
0.07036
0.07031
0.07026
0.07021
0.07015
0.07010
0.07005
0.07000
0.06995
0.06989
0.06984
0.06979
0.06974
0.06969
0.06964
0.06958
0.06953
0.06948
0.06943
0.06938
0.06932
0.06927
0.06922
0.06917
0.06912
0.06906
0.06901
0.06896
0.06891
0.06886
0.06880
0.06875
0.06870
0.06865
0.06860
0.06854
0.06849
0.06844
0.06839
0.06834
0.06828
0.06823
0.06818
0.06813
0.06808
0.06802
0.06797
0.06792
0.06787
0.06782
0.06776
0.06771
0.06766
0.06761
0.06756
0.06750
0.06745
0.06740
0.06735
0.06730
0.06724
0.06719
0.06714
0.06709
0.06704
0.06698
0.06693
0.06688
0.06683
0.06678
0.06672
0.06667
0.06662
0.06657
0.06652
0.06646
0.06641
0.06636
0.06631
0.06626
0.06620
0.06615
0.06610
0.06605
0.06600
0.06594
0.06589
0.06584
0.06579
0.06574
0.06568
0.06563
0.06558
0.06553
0.06548
0.06542
0.06537
0.06532
0.06527
0.06522
0.06516
0.06511
0.06506
0.06501
0.06496
0.06490
0.06485
0.06480
0.06475
0.06470
0.06464
0.06459
0.06454
0.06449
0.06444
0.06438
0.06433
0.06428
0.06423
0.06418
0.06412
0.06407
0.06402
0.06397
0.06392
0.06386
0.06381
0.06376
0.06371
0.06366
0.06360
0.06355
0.06350
0.06345
0.06340
0.06334
0.06329
0.06324
0.06319
0.06314
0.06308
0.06303
0.06298
0.06293
0.06288
0.06282
0.06277
0.06272
0.06267
0.06262
0.06256
0.06251
0.06246
0.06241
0.06236
0.06230
0.06225
0.06220
0.06215
0.06210
0.06204
0.06199
0.06194
0.06189
0.06184
0.06178
0.06173
0.06168
0.06163
0.06158
0.06152
0.06147
0.06142
0.06137
0.06132
0.06126
0.06121
0.06116
0.06111
0.06106
0.06100
0.06095
0.06090
0.06085
0.06080
0.06074
0.06069
0.06064
0.06059
0.06054
0.06048
0.06043
0.06038
0.06033
0.06028
0.06022
0.06017
0.06012
0.06007
0.06002
0.05996
0.05991
0.05986
0.05981
0.05976
0.05970
0.05965
0.05960
0.05955
0.05950
0.05944
0.05939
0.05934
0.05929
0.05924
0.05918
0.05913
0.05908
0.05903
0.05898
0.05892
0.05887
0.05882
0.05877
0.05872
0.05866
0.05861
0.05856
0.05851
0.05846
0.05840
0.05835
0.05830
0.05825
0.05820
0.05814
0.05809
0.05804
0.05799
0.05794
0.05788
0.05783
0.05778
0.05773
0.05768
0.05762
0.05757
0.05752
0.05747
0.05742
0.05736
0.05731
0.05726
0.05721
0.05716
0.05710
0.05705
0.05700
0.05695
0.05690
0.05684
0.05679
0.05674
0.05669
0.05664
0.05658
0.05653
0.05648
0.05643
0.05638
0.05632
0.05627
0.05622
0.05617
0.05612
0.05606
0.05601
0.05596
0.05591
0.05586
0.05580
0.05575
0.05570
0.05565
0.05560
0.05554
0.05549
0.05544
0.05539
0.05534
0.05528
0.05523
0.05518
0.05513
0.05508
0.05502
0.05497
0.05492
0.05487
0.05482
0.05476
0.05471
0.05466
0.05461
0.05456
0.05450
0.05445
0.05440
0.05435
0.05430
0.05424
0.05419
0.05414
0.05409
0.05404
0.05398
0.05393
0.05388
0.05383
0.05378
0.05372
0.05367
0.05362
0.05357
0.05352
0.05346
0.05341
0.05336
0.05331
0.05326
0.05320
0.05315
0.05310
0.05305
0.05300
0.05294
0.05289
0.05284
0.05279
0.05274
0.05268
0.05263
0.05258
0.05253
0.05248
0.05242
0.05237
0.05232
0.05227
0.05222
0.05216
0.05211
0.05206
0.05201
0.05196
0.05190
0.05185
0.05180
0.05175
0.05170
0.05164
0.05159
0.05154
0.05149
0.05144
0.05138
0.05133
0.05128
0.05123
0.05118
0.05112
0.05107
0.05102
0.05097
0.05092
0.05086
0.05081
0.05076
0.05071
0.05066
0.05060
0.05055
0.05050
0.05045
0.05040
0.05034
0.05029
0.05024
0.05019
0.05014
0.05008
0.05003
0.04998
0.04993
0.04988
0.04982
0.04977
0.04972
0.04967
0.04962
0.04956
0.04951
0.04946
0.04941
0.04936
0.04930
0.04925
0.04920
0.04915
0.04910
0.04904
0.04899
0.04894
0.04889
0.04884
0.04878
0.04873
0.04868
0.04863
0.04858
0.04852
0.04847
0.04842
0.04837
0.04832
0.04826
0.04821
0.04816
0.04811
0.04806
0.04800
0.04795
0.04790
0.04785
0.04780
0.04774
0.04769
0.04764
0.04759
0.04754
0.04748
0.04743
0.04738
0.04733
0.04728
0.04722
0.04717
0.04712
0.04707
0.04702
0.04696
0.04691
0.04686
0.04681
0.04676
0.04670
0.04665
0.04660
0.04655
0.04650
0.04644
0.04639
0.04634
0.04629
0.04624
0.04618
0.04613
0.04608
0.04603
0.04598
0.04592
0.04587
0.04582
0.04577
0.04572
0.04566
0.04561
0.04556
0.04551
0.04546
0.04540
0.04535
0.04530
0.04525
0.04520
0.04514
0.04509
0.04504
0.04499
0.04494
0.04488
0.04483
0.04478
0.04473
0.04468
0.04462
0.04457
0.04452
0.04447
0.04442
0.04436
0.04431
0.04426
0.04421
0.04416
0.04410
0.04405
0.04400
0.04395
0.04390
0.04384
0.04379
0.04374
0.04369
0.04364
0.04358
0.04353
0.04348
0.04343
0.04338
0.04332
0.04327
0.04322
0.04317
0.04312
0.04306
0.04301
0.04296
0.04291
0.04286
0.04280
0.04275
0.04270
0.04265
0.04260
0.04254
0.04249
0.04244
0.04239
0.04234
0.04228
0.04223
0.04218
0.04213
0.04208
0.04202
0.04197
0.04192
0.04187
0.04182
0.04176
0.04171
0.04166
0.04161
0.04156
0.04150
0.04145
0.04140
0.04135
0.04130
0.04124
0.04119
0.04114
0.04109
0.04104
0.04098
0.04093
0.04088
0.04083
0.04078
0.04072
0.04067
0.04062
0.04057
0.04052
0.04046
0.04041
0.04036
0.04031
0.04026
0.04020
0.04015
0.04010
0.04005
0.04000
0.03994
0.03989
0.03984
0.03979
0.03974
0.03968
0.03963
0.03958
0.03953
0.03948
0.03942
0.03937
0.03932
0.03927
0.03922
0.03916
0.03911
0.03906
0.03901
0.03896
0.03890
0.03885
0.03880
0.03875
0.03870
0.03864
0.03859
0.03854
0.03849
0.03844
0.03838
0.03833
0.03828
0.03823
0.03818
0.03812
0.03807
0.03802
0.03797
0.03792
0.03786
0.03781
0.03776
0.03771
0.03766
0.03760
0.03755
0.03750
0.03745
0.03740
0.03734
0.03729
0.03724
0.03719
0.03714
0.03708
0.03703
0.03698
0.03693
0.03688
0.03682
0.03677
0.03672
0.03667
0.03662
0.03656
0.03651
0.03646
0.03641
0.03636
0.03630
0.03625
0.03620
0.03615
0.03610
0.03604
0.03599
0.03594
0.03589
0.03584
0.03578
0.03573
0.03568
0.03563
0.03558
0.03552
0.03547
0.03542
0.03537
0.03532
0.03526
0.03521
0.03516
0.03511
0.03506
0.03500
0.03495
0.03490
0.03485
0.03480
0.03474
0.03469
0.03464
0.03459
0.03454
0.03448
0.03443
0.03438
0.03433
0.03428
0.03422
0.03417
0.03412
0.03407
0.03402
0.03396
0.03391
0.03386
0.03381
0.03376
0.03370
0.03365
0.03360
0.03355
0.03350
0.03344
0.03339
0.03334
0.03329
0.03324
0.03318
0.03313
0.03308
0.03303
0.03298
0.03292
0.03287
0.03282
0.03277
0.03272
0.03266
0.03261
0.03256
0.03251
0.03246
0.03240
0.03235
0.03230
0.03225
0.03220
0.03214
0.03209
0.03204
0.03199
0.03194
0.03188
0.03183
0.03178
0.03173
0.03168
0.03162
0.03157
0.03152
0.03147
0.03142
0.03136
0.03131
0.03126
0.03121
0.03116
0.03110
0.03105
0.03100
0.03095
0.03090
0.03084
0.03079
0.03074
0.03069
0.03064
0.03058
0.03053
0.03048
0.03043
0.03038
0.03032
0.03027
0.03022
0.03017
0.03012
0.03006
0.03001
0.02996
0.02991
0.02986
0.02980
0.02975
0.02970
0.02965
0.02960
0.02954
0.02949
0.02944
0.02939
0.02934
0.02928
0.02923
0.02918
0.02913
0.02908
0.02902
0.02897
0.02892
0.02887
0.02882
0.02876
0.02871
0.02866
0.02861
0.02856
0.02850
0.02845
0.02840
0.02835
0.02830
0.02824
0.02819
0.02814
0.02809
0.02804
0.02798
0.02793
0.02788
0.02783
0.02778
0.02772
0.02767
0.02762
0.02757
0.02752
0.02746
0.02741
0.02736
0.02731
0.02726
0.02720
0.02715
0.02710
0.02705
0.02700
0.02694
0.02689
0.02684
0.02679
0.02674
0.02668
0.02663
0.02658
0.02653
0.02648
0.02642
0.02637
0.02632
0.02627
0.02622
0.02616
0.02611
0.02606
0.02601
0.02596
0.02590
0.02585
0.02580
0.02575
0.02570
0.02564
0.02559
0.02554
0.02549
0.02544
0.02538
0.02533
0.02528
0.02523
0.02518
0.02512
0.02507
0.02502
0.02497
0.02492
0.02486
0.02481
0.02476
0.02471
0.02466
0.02460
0.02455
0.02450
0.02445
0.02440
0.02434
0.02429
0.02424
0.02419
0.02414
0.02408
0.02403
0.02398
0.02393
0.02388
0.02383
0.02377
0.02372
0.02367
0.02362
0.02357
0.02351
0.02346
0.02341
0.02336
0.02331
0.02325
0.02320
0.02315
0.02310
0.02305
0.02299
0.02294
0.02289
0.02284
0.02279
0.02273
0.02268
0.02263
0.02258
0.02253
0.02247
0.02242
0.02237
0.02232
0.02227
0.02221
0.02216
0.02211
0.02206
0.02201
0.02195
0.02190
0.02185
0.02180
0.02175
0.02169
0.02164
0.02159
0.02154
0.02149
0.02143
0.02138
0.02133
0.02128
0.02123
0.02117
0.02112
0.02107
0.02102
0.02097
0.02091
0.02086
0.02081
0.02076
0.02071
0.02065
0.02060
0.02055
0.02050
0.02045
0.02039
0.02034
0.02029
0.02024
0.02019
0.02013
0.02008
0.02003
0.01998
0.01993
0.01987
0.01982
0.01977
0.01972
0.01967
0.01961
0.01956
0.01951
0.01946
0.01941
0.01935
0.01930
0.01925
0.01920
0.01915
0.01909
0.01904
0.01899
0.01894
0.01889
0.01883
0.01878
0.01873
0.01868
0.01863
0.01857
0.01852
0.01847
0.01842
0.01837
0.01831
0.01826
0.01821
0.01816
0.01811
0.01805
0.01800
0.01795
0.01790
0.01785
0.01779
0.01774
0.01769
0.01764
0.01759
0.01753
0.01748
0.01743
0.01738
0.01733
0.01727
0.01722
0.01717
0.01712
0.01707
0.01701
0.01696
0.01691
0.01686
0.01681
0.01675
0.01670
0.01665
0.01660
0.01655
0.01649
0.01644
0.01639
0.01634
0.01629
0.01623
0.01618
0.01613
0.01608
0.01603
0.01597
0.01592
0.01587
0.01582
0.01577
0.01571
0.01566
0.01561
0.01556
0.01551
0.01545
0.01540
0.01535
0.01530
0.01525
0.01519
0.01514
0.01509
0.01504
0.01499
0.01493
0.01488
0.01483
0.01478
0.01473
0.01467
0.01462
0.01457
0.01452
0.01447
0.01441
0.01436
0.01431
0.01426
0.01421
0.01415
0.01410
0.01405
0.01400
0.01395
0.01389
0.01384
0.01379
0.01374
0.01369
0.01363
0.01358
0.01353
0.01348
0.01343
0.01337
0.01332
0.01327
0.01322
0.01317
0.01311
0.01306
0.01301
0.01296
0.01291
0.01285
0.01280
0.01275
0.01270
0.01265
0.01259
0.01254
0.01249
0.01244
0.01239
0.01233
0.01228
0.01223
0.01218
0.01213
0.01207
0.01202
0.01197
0.01192
0.01187
0.01181
0.01176
0.01171
0.01166
0.01161
0.01155
0.01150
0.01145
0.01140
0.01135
0.01129
0.01124
0.01119
0.01114
0.01109
0.01103
0.01098
0.01093
0.01088
0.01083
0.01077
0.01072
0.01067
0.01062
0.01057
0.01051
0.01046
0.01041
0.01036
0.01031
0.01025
0.01020
0.01015
0.01010
0.01005
0.00999
0.00994
0.00989
0.00984
0.00979
0.00973
0.00968
0.00963
0.00958
0.00953
0.00947
0.00942
0.00937
0.00932
0.00927
0.00921
0.00916
0.00911
0.00906
0.00901
0.00895
0.00890
0.00885
0.00880
0.00875
0.00869
0.00864
0.00859
0.00854
0.00849
0.00843
0.00838
0.00833
0.00828
0.00823
0.00817
0.00812
0.00807
0.00802
0.00797
0.00791
0.00786
0.00781
0.00776
0.00771
0.00765
0.00760
0.00755
0.00750
0.00745
0.00739
0.00734
0.00729
0.00724
0.00719
0.00713
0.00708
0.00703
0.00698
0.00693
0.00687
0.00682
0.00677
0.00672
0.00667
0.00661
0.00656
0.00651
0.00646
0.00641
0.00635
0.00630
0.00625
0.00620
0.00615
0.00609
0.00604
0.00599
0.00594
0.00589
0.00583
0.00578
0.00573
0.00568
0.00563
0.00557
0.00552
0.00547
0.00542
0.00537
0.00531
0.00526
0.00521
0.00516
0.00511
0.00505
0.00500
0.00495
0.00490
0.00485
0.00479
0.00474
0.00469
0.00464
0.00459
0.00453
0.00448
0.00443
0.00438
0.00433
0.00427
0.00422
0.00417
0.00412
0.00407
0.00401
0.00396
0.00391
0.00386
0.00381
0.00375
0.00370
0.00365
0.00360
0.00355
0.00349
0.00344
0.00339
0.00334
0.00329
0.00323
0.00318
0.00313
0.00308
0.00303
0.00297
0.00292
0.00287
0.00282
0.00277
0.00271
0.00266
0.00261
0.00256
0.00251
0.00245
0.00240
0.00235
0.00230
0.00225
0.00219
0.00214
0.00209
0.00204
0.00199
0.00193
0.00188
0.00183
0.00178
0.00173
0.00167
0.00162
0.00157
0.00152
0.00147
0.00141
0.00136
0.00131
0.00126
0.00121
0.00115
0.00110
0.00105
0.00100
0.00095
0.00089
0.00084
0.00079
0.00074
0.00069
0.00063
0.00058
0.00053
0.00048
0.00043
0.00037
0.00032
0.00027
0.00022
0.00017
0.00011
0.00006
0.00001
-0.00004
-0.00009
-0.00015
-0.00020
-0.00025
-0.00030
-0.00035
-0.00041
-0.00046
-0.00051
-0.00056
-0.00061
-0.00067
-0.00072
-0.00077
-0.00082
-0.00087
-0.00093
-0.00098
-0.00103
-0.00108
-0.00113
-0.00119
-0.00124
-0.00129
-0.00134
-0.00139
-0.00145
-0.00150
-0.00155
-0.00160
-0.00165
-0.00170
-0.00176
-0.00181
-0.00186
-0.00191
-0.00196
-0.00202
-0.00207
-0.00212
-0.00217
-0.00222
-0.00228
-0.00233
-0.00238
-0.00243
-0.00248
-0.00254
-0.00259
-0.00264
-0.00269
-0.00274
-0.00280
-0.00285
-0.00290
-0.00295
-0.00300
-0.00306
-0.00311
-0.00316
-0.00321
-0.00326
-0.00332
-0.00337
-0.00342
-0.00347
-0.00352
-0.00358
-0.00363
-0.00368
-0.00373
-0.00378
-0.00384
-0.00389
-0.00394
-0.00399
-0.00404
-0.00410
-0.00415
-0.00420
-0.00425
-0.00430
-0.00436
-0.00441
-0.00446
-0.00451
-0.00456
-0.00462
-0.00467
-0.00472
-0.00477
-0.00482
-0.00488
-0.00493
-0.00498
-0.00503
-0.00508
-0.00514
-0.00519
-0.00524
-0.00529
-0.00534
-0.00540
-0.00545
-0.00550
-0.00555
-0.00560
-0.00566
-0.00571
-0.00576
-0.00581
-0.00586
-0.00592
-0.00597
-0.00602
-0.00607
-0.00612
-0.00618
-0.00623
-0.00628
-0.00633
-0.00638
-0.00644
-0.00649
-0.00654
-0.00659
-0.00664
-0.00670
-0.00675
-0.00680
-0.00685
-0.00690
-0.00696
-0.00701
-0.00706
-0.00711
-0.00716
-0.00722
-0.00727
-0.00732
-0.00737
-0.00742
-0.00748
-0.00753
-0.00758
-0.00763
-0.00768
-0.00774
-0.00779
-0.00784
-0.00789
-0.00794
-0.00800
-0.00805
-0.00810
-0.00815
-0.00820
-0.00826
-0.00831
-0.00836
-0.00841
-0.00846
-0.00852
-0.00857
-0.00862
-0.00867
-0.00872
-0.00878
-0.00883
-0.00888
-0.00893
-0.00898
-0.00904
-0.00909
-0.00914
-0.00919
-0.00924
-0.00930
-0.00935
-0.00940
-0.00945
-0.00950
-0.00956
-0.00961
-0.00966
-0.00971
-0.00976
-0.00982
-0.00987
-0.00992
-0.00997
-0.01002
-0.01008
-0.01013
-0.01018
-0.01023
-0.01028
-0.01034
-0.01039
-0.01044
-0.01049
-0.01054
-0.01060
-0.01065
-0.01070
-0.01075
-0.01080
-0.01086
-0.01091
-0.01096
-0.01101
-0.01106
-0.01112
-0.01117
-0.01122
-0.01127
-0.01132
-0.01138
-0.01143
-0.01148
-0.01153
-0.01158
-0.01164
-0.01169
-0.01174
-0.01179
-0.01184
-0.01190
-0.01195
-0.01200
-0.01205
-0.01210
-0.01216
-0.01221
-0.01226
-0.01231
-0.01236
-0.01242
-0.01247
-0.01252
-0.01257
-0.01262
-0.01268
-0.01273
-0.01278
-0.01283
-0.01288
-0.01294
-0.01299
-0.01304
-0.01309
-0.01314
-0.01320
-0.01325
-0.01330
-0.01335
-0.01340
-0.01346
-0.01351
-0.01356
-0.01361
-0.01366
-0.01372
-0.01377
-0.01382
-0.01387
-0.01392
-0.01398
-0.01403
-0.01408
-0.01413
-0.01418
-0.01424
-0.01429
-0.01434
-0.01439
-0.01444
-0.01450
-0.01455
-0.01460
-0.01465
-0.01470
-0.01476
-0.01481
-0.01486
-0.01491
-0.01496
-0.01502
-0.01507
-0.01512
-0.01517
-0.01522
-0.01528
-0.01533
-0.01538
-0.01543
-0.01548
-0.01554
-0.01559
-0.01564
-0.01569
-0.01574
-0.01580
-0.01585
-0.01590
-0.01595
-0.01600
-0.01606
-0.01611
-0.01616
-0.01621
-0.01626
-0.01632
-0.01637
-0.01642
-0.01647
-0.01652
-0.01658
-0.01663
-0.01668
-0.01673
-0.01678
-0.01684
-0.01689
-0.01694
-0.01699
-0.01704
-0.01710
-0.01715
-0.01720
-0.01725
-0.01730
-0.01736
-0.01741
-0.01746
-0.01751
-0.01756
-0.01762
-0.01767
-0.01772
-0.01777
-0.01782
-0.01788
-0.01793
-0.01798
-0.01803
-0.01808
-0.01814
-0.01819
-0.01824
-0.01829
-0.01834
-0.01840
-0.01845
-0.01850
-0.01855
-0.01860
-0.01866
-0.01871
-0.01876
-0.01881
-0.01886
-0.01892
-0.01897
-0.01902
-0.01907
-0.01912
-0.01918
-0.01923
-0.01928
-0.01933
-0.01938
-0.01944
-0.01949
-0.01954
-0.01959
-0.01964
-0.01970
-0.01975
-0.01980
-0.01985
-0.01990
-0.01996
-0.02001
-0.02006
-0.02011
-0.02016
-0.02022
-0.02027
-0.02032
-0.02037
-0.02042
-0.02048
-0.02053
-0.02058
-0.02063
-0.02068
-0.02074
-0.02079
-0.02084
-0.02089
-0.02094
-0.02100
-0.02105
-0.02110
-0.02115
-0.02120
-0.02125
-0.02131
-0.02136
-0.02141
-0.02146
-0.02151
-0.02157
-0.02162
-0.02167
-0.02172
-0.02177
-0.02183
-0.02188
-0.02193
-0.02198
-0.02203
-0.02209
-0.02214
-0.02219
-0.02224
-0.02229
-0.02235
-0.02240
-0.02245
-0.02250
-0.02255
-0.02261
-0.02266
-0.02271
-0.02276
-0.02281
-0.02287
-0.02292
-0.02297
-0.02302
-0.02307
-0.02313
-0.02318
-0.02323
-0.02328
-0.02333
-0.02339
-0.02344
-0.02349
-0.02354
-0.02359
-0.02365
-0.02370
-0.02375
-0.02380
-0.02385
-0.02391
-0.02396
-0.02401
-0.02406
-0.02411
-0.02417
-0.02422
-0.02427
-0.02432
-0.02437
-0.02443
-0.02448
-0.02453
-0.02458
-0.02463
-0.02469
-0.02474
-0.02479
-0.02484
-0.02489
-0.02495
-0.02500
-0.02505
-0.02510
-0.02515
-0.02521
-0.02526
-0.02531
-0.02536
-0.02541
-0.02547
-0.02552
-0.02557
-0.02562
-0.02567
-0.02573
-0.02578
-0.02583
-0.02588
-0.02593
-0.02599
-0.02604
-0.02609
-0.02614
-0.02619
-0.02625
-0.02630
-0.02635
-0.02640
-0.02645
-0.02651
-0.02656
-0.02661
-0.02666
-0.02671
-0.02677
-0.02682
-0.02687
-0.02692
-0.02697
-0.02703
-0.02708
-0.02713
-0.02718
-0.02723
-0.02729
-0.02734
-0.02739
-0.02744
-0.02749
-0.02755
-0.02760
-0.02765
-0.02770
-0.02775
-0.02781
-0.02786
-0.02791
-0.02796
-0.02801
-0.02807
-0.02812
-0.02817
-0.02822
-0.02827
-0.02833
-0.02838
-0.02843
-0.02848
-0.02853
-0.02859
-0.02864
-0.02869
-0.02874
-0.02879
-0.02885
-0.02890
-0.02895
-0.02900
-0.02905
-0.02911
-0.02916
-0.02921
-0.02926
-0.02931
-0.02937
-0.02942
-0.02947
-0.02952
-0.02957
-0.02963
-0.02968
-0.02973
-0.02978
-0.02983
-0.02989
-0.02994
-0.02999
-0.03004
-0.03009
-0.03015
-0.03020
-0.03025
-0.03030
-0.03035
-0.03041
-0.03046
-0.03051
-0.03056
-0.03061
-0.03067
-0.03072
-0.03077
-0.03082
-0.03087
-0.03093
-0.03098
-0.03103
-0.03108
-0.03113
-0.03119
-0.03124
-0.03129
-0.03134
-0.03139
-0.03145
-0.03150
-0.03155
-0.03160
-0.03165
-0.03171
-0.03176
-0.03181
-0.03186
-0.03191
-0.03197
-0.03202
-0.03207
-0.03212
-0.03217
-0.03223
-0.03228
-0.03233
-0.03238
-0.03243
-0.03249
-0.03254
-0.03259
-0.03264
-0.03269
-0.03275
-0.03280
-0.03285
-0.03290
-0.03295
-0.03301
-0.03306
-0.03311
-0.03316
-0.03321
-0.03327
-0.03332
-0.03337
-0.03342
-0.03347
-0.03353
-0.03358
-0.03363
-0.03368
-0.03373
-0.03379
-0.03384
-0.03389
-0.03394
-0.03399
-0.03405
-0.03410
-0.03415
-0.03420
-0.03425
-0.03431
-0.03436
-0.03441
-0.03446
-0.03451
-0.03457
-0.03462
-0.03467
-0.03472
-0.03477
-0.03483
-0.03488
-0.03493
-0.03498
-0.03503
-0.03509
-0.03514
-0.03519
-0.03524
-0.03529
-0.03535
-0.03540
-0.03545
-0.03550
-0.03555
-0.03561
-0.03566
-0.03571
-0.03576
-0.03581
-0.03587
-0.03592
-0.03597
-0.03602
-0.03607
-0.03613
-0.03618
-0.03623
-0.03628
-0.03633
-0.03639
-0.03644
-0.03649
-0.03654
-0.03659
-0.03665
-0.03670
-0.03675
-0.03680
-0.03685
-0.03691
-0.03696
-0.03701
-0.03706
-0.03711
-0.03717
-0.03722
-0.03727
-0.03732
-0.03737
-0.03743
-0.03748
-0.03753
-0.03758
-0.03763
-0.03769
-0.03774
-0.03779
-0.03784
-0.03789
-0.03795
-0.03800
-0.03805
-0.03810
-0.03815
-0.03820
-0.03826
-0.03831
-0.03836
-0.03841
-0.03846
-0.03852
-0.03857
-0.03862
-0.03867
-0.03872
-0.03878
-0.03883
-0.03888
-0.03893
-0.03898
-0.03904
-0.03909
-0.03914
-0.03919
-0.03924
-0.03930
-0.03935
-0.03940
-0.03945
-0.03950
-0.03956
-0.03961
-0.03966
-0.03971
-0.03976
-0.03982
-0.03987
-0.03992
-0.03997
-0.04002
-0.04008
-0.04013
-0.04018
-0.04023
-0.04028
-0.04034
-0.04039
-0.04044
-0.04049
-0.04054
-0.04060
-0.04065
-0.04070
-0.04075
-0.04080
-0.04086
-0.04091
-0.04096
-0.04101
-0.04106
-0.04112
-0.04117
-0.04122
-0.04127
-0.04132
-0.04138
-0.04143
-0.04148
-0.04153
-0.04158
-0.04164
-0.04169
-0.04174
-0.04179
-0.04184
-0.04190
-0.04195
-0.04200
-0.04205
-0.04210
-0.04216
-0.04221
-0.04226
-0.04231
-0.04236
-0.04242
-0.04247
-0.04252
-0.04257
-0.04262
-0.04268
-0.04273
-0.04278
-0.04283
-0.04288
-0.04294
-0.04299
-0.04304
-0.04309
-0.04314
-0.04320
-0.04325
-0.04330
-0.04335
-0.04340
-0.04346
-0.04351
-0.04356
-0.04361
-0.04366
-0.04372
-0.04377
-0.04382
-0.04387
-0.04392
-0.04398
-0.04403
-0.04408
-0.04413
-0.04418
-0.04424
-0.04429
-0.04434
-0.04439
-0.04444
-0.04450
-0.04455
-0.04460
-0.04465
-0.04470
-0.04476
-0.04481
-0.04486
-0.04491
-0.04496
-0.04502
-0.04507
-0.04512
-0.04517
-0.04522
-0.04528
-0.04533
-0.04538
-0.04543
-0.04548
-0.04554
-0.04559
-0.04564
-0.04569
-0.04574
-0.04580
-0.04585
-0.04590
-0.04595
-0.04600
-0.04606
-0.04611
-0.04616
-0.04621
-0.04626
-0.04632
-0.04637
-0.04642
-0.04647
-0.04652
-0.04658
-0.04663
-0.04668
-0.04673
-0.04678
-0.04684
-0.04689
-0.04694
-0.04699
-0.04704
-0.04710
-0.04715
-0.04720
-0.04725
-0.04730
-0.04736
-0.04741
-0.04746
-0.04751
-0.04756
-0.04762
-0.04767
-0.04772
-0.04777
-0.04782
-0.04788
-0.04793
-0.04798
-0.04803
-0.04808
-0.04814
-0.04819
-0.04824
-0.04829
-0.04834
-0.04840
-0.04845
-0.04850
-0.04855
-0.04860
-0.04866
-0.04871
-0.04876
-0.04881
-0.04886
-0.04892
-0.04897
-0.04902
-0.04907
-0.04912
-0.04918
-0.04923
-0.04928
-0.04933
-0.04938
-0.04944
-0.04949
-0.04954
-0.04959
-0.04964
-0.04970
-0.04975
-0.04980
-0.04985
-0.04990
-0.04996
-0.05001
-0.05006
-0.05011
-0.05016
-0.05022
-0.05027
-0.05032
-0.05037
-0.05042
-0.05048
-0.05053
-0.05058
-0.05063
-0.05068
-0.05074
-0.05079
-0.05084
-0.05089
-0.05094
-0.05100
-0.05105
-0.05110
-0.05115
-0.05120
-0.05126
-0.05131
-0.05136
-0.05141
-0.05146
-0.05152
-0.05157
-0.05162
-0.05167
-0.05172
-0.05178
-0.05183
-0.05188
-0.05193
-0.05198
-0.05204
-0.05209
-0.05214
-0.05219
-0.05224
-0.05230
-0.05235
-0.05240
-0.05245
-0.05250
-0.05256
-0.05261
-0.05266
-0.05271
-0.05276
-0.05281
-0.05287
-0.05292
-0.05297
-0.05302
-0.05307
-0.05313
-0.05318
-0.05323
-0.05328
-0.05333
-0.05339
-0.05344
-0.05349
-0.05354
-0.05359
-0.05365
-0.05370
-0.05375
-0.05380
-0.05385
-0.05391
-0.05396
-0.05401
-0.05406
-0.05411
-0.05417
-0.05422
-0.05427
-0.05432
-0.05437
-0.05443
-0.05448
-0.05453
-0.05458
-0.05463
-0.05469
-0.05474
-0.05479
-0.05484
-0.05489
-0.05495
-0.05500
-0.05505
-0.05510
-0.05515
-0.05521
-0.05526
-0.05531
-0.05536
-0.05541
-0.05547
-0.05552
-0.05557
-0.05562
-0.05567
-0.05573
-0.05578
-0.05583
-0.05588
-0.05593
-0.05599
-0.05604
-0.05609
-0.05614
-0.05619
-0.05625
-0.05630
-0.05635
-0.05640
-0.05645
-0.05651
-0.05656
-0.05661
-0.05666
-0.05671
-0.05677
-0.05682
-0.05687
-0.05692
-0.05697
-0.05703
-0.05708
-0.05713
-0.05718
-0.05723
-0.05729
-0.05734
-0.05739
-0.05744
-0.05749
-0.05755
-0.05760
-0.05765
-0.05770
-0.05775
-0.05781
-0.05786
-0.05791
-0.05796
-0.05801
-0.05807
-0.05812
-0.05817
-0.05822
-0.05827
-0.05833
-0.05838
-0.05843
-0.05848
-0.05853
-0.05859
-0.05864
-0.05869
-0.05874
-0.05879
-0.05885
-0.05890
-0.05895
-0.05900
-0.05905
-0.05911
-0.05916
-0.05921
-0.05926
-0.05931
-0.05937
-0.05942
-0.05947
-0.05952
-0.05957
-0.05963
-0.05968
-0.05973
-0.05978
-0.05983
-0.05989
-0.05994
-0.05999
-0.06004
-0.06009
-0.06015
-0.06020
-0.06025
-0.06030
-0.06035
-0.06041
-0.06046
-0.06051
-0.06056
-0.06061
-0.06067
-0.06072
-0.06077
-0.06082
-0.06087
-0.06093
-0.06098
-0.06103
-0.06108
-0.06113
-0.06119
-0.06124
-0.06129
-0.06134
-0.06139
-0.06145
-0.06150
-0.06155
-0.06160
-0.06165
-0.06171
-0.06176
-0.06181
-0.06186
-0.06191
-0.06197
-0.06202
-0.06207
-0.06212
-0.06217
-0.06223
-0.06228
-0.06233
-0.06238
-0.06243
-0.06249
-0.06254
-0.06259
-0.06264
-0.06269
-0.06275
-0.06280
-0.06285
-0.06290
-0.06295
-0.06301
-0.06306
-0.06311
-0.06316
-0.06321
-0.06327
-0.06332
-0.06337
-0.06342
-0.06347
-0.06353
-0.06358
-0.06363
-0.06368
-0.06373
-0.06379
-0.06384
-0.06389
-0.06394
-0.06399
-0.06405
-0.06410
-0.06415
-0.06420
-0.06425
-0.06431
-0.06436
-0.06441
-0.06446
-0.06451
-0.06457
-0.06462
-0.06467
-0.06472
-0.06477
-0.06483
-0.06488
-0.06493
-0.06498
-0.06503
-0.06509
-0.06514
-0.06519
-0.06524
-0.06529
-0.06535
-0.06540
-0.06545
-0.06550
-0.06555
-0.06561
-0.06566
-0.06571
-0.06576
-0.06581
-0.06587
-0.06592
-0.06597
-0.06602
-0.06607
-0.06613
-0.06618
-0.06623
-0.06628
-0.06633
-0.06638
-0.06644
-0.06649
-0.06654
-0.06659
-0.06664
-0.06670
-0.06675
-0.06680
-0.06685
-0.06690
-0.06696
-0.06701
-0.06706
-0.06711
-0.06716
-0.06722
-0.06727
-0.06732
-0.06737
-0.06742
-0.06748
-0.06753
-0.06758
-0.06763
-0.06768
-0.06774
-0.06779
-0.06784
-0.06789
-0.06794
-0.06800
-0.06805
-0.06810
-0.06815
-0.06820
-0.06826
-0.06831
-0.06836
-0.06841
-0.06846
-0.06852
-0.06857
-0.06862
-0.06867
-0.06872
-0.06878
-0.06883
-0.06888
-0.06893
-0.06898
-0.06904
-0.06909
-0.06914
-0.06919
-0.06924
-0.06930
-0.06935
-0.06940
-0.06945
-0.06950
-0.06956
-0.06961
-0.06966
-0.06971
-0.06976
-0.06982
-0.06987
-0.06992
-0.06997
-0.07002
-0.07008
-0.07013
-0.07018
-0.07023
-0.07028
-0.07034
-0.07039
-0.07044
-0.07049
-0.07054
-0.07060
-0.07065
-0.07070
-0.07075
-0.07080
-0.07086
-0.07091
-0.07096
-0.07101
-0.07106
-0.07112
-0.07117
-0.07122
-0.07127
-0.07132
-0.07138
-0.07143
-0.07148
-0.07153
-0.07158
-0.07164
-0.07169
-0.07174
-0.07179
-0.07184
-0.07190
-0.07195
-0.07200
-0.07205
-0.07210
-0.07216
-0.07221
-0.07226
-0.07231
-0.07236
-0.07242
-0.07247
-0.07252
-0.07257
-0.07262
-0.07268
-0.07273
-0.07278
-0.07283
-0.07288
-0.07294
-0.07299
-0.07304
-0.07309
-0.07314
-0.07320
-0.07325
-0.07330
-0.07335
-0.07340
-0.07346
-0.07351
-0.07356
-0.07361
-0.07366
-0.07372
-0.07377
-0.07382
-0.07387
-0.07392
-0.07398
-0.07403
-0.07408
-0.07413
-0.07418
-0.07424
-0.07429
-0.07434
-0.07439
-0.07444
-0.07450
-0.07455
-0.07460
-0.07465
-0.07470
-0.07476
-0.07481
-0.07486
-0.07491
-0.07496
-0.07502
-0.07507
-0.07512
-0.07517
-0.07522
-0.07528
-0.07533
-0.07538
-0.07543
-0.07548
-0.07554
-0.07559
-0.07564
-0.07569
-0.07574
-0.07580
-0.07585
-0.07590
-0.07595
-0.07600
-0.07606
-0.07611
-0.07616
-0.07621
-0.07626
-0.07632
-0.07637
-0.07642
-0.07647
-0.07652
-0.07658
-0.07663
-0.07668
-0.07673
-0.07678
-0.07684
-0.07689
-0.07694
-0.07699
-0.07704
-0.07710
-0.07715
-0.07720
-0.07725
-0.07730
-0.07736
-0.07741
-0.07746
-0.07751
-0.07756
-0.07762
-0.07767
-0.07772
-0.07777
-0.07782
-0.07788
-0.07793
-0.07798
-0.07803
-0.07808
-0.07814
-0.07819
-0.07824
-0.07829
-0.07834
-0.07840
-0.07845
-0.07850
-0.07855
-0.07860
-0.07865
-0.07871
-0.07876
-0.07881
-0.07886
-0.07891
-0.07897
-0.07902
-0.07907
-0.07912
-0.07917
-0.07923
-0.07928
-0.07933
-0.07938
-0.07943
-0.07949
-0.07954
-0.07959
-0.07964
-0.07969
-0.07975
-0.07980
-0.07985
-0.07990
-0.07995
-0.08001
-0.08006
-0.08011
-0.08016
-0.08021
-0.08027
-0.08032
-0.08037
-0.08042
-0.08047
-0.08053
-0.08058
-0.08063
-0.08068
-0.08073
-0.08079
-0.08084
-0.08089
-0.08094
-0.08099
-0.08105
-0.08110
-0.08115
-0.08120
-0.08125
-0.08131
-0.08136
-0.08141
-0.08146
-0.08151
-0.08157
-0.08162
-0.08167
-0.08172
-0.08177
-0.08183
-0.08188
-0.08193
-0.08198
-0.08203
-0.08209
-0.08214
-0.08219
-0.08224
-0.08229
-0.08235
-0.08240
-0.08245
-0.08250
-0.08255
-0.08261
-0.08266
-0.08271
-0.08276
-0.08281
-0.08287
-0.08292
-0.08297
-0.08302
-0.08307
-0.08313
-0.08318
-0.08323
-0.08328
-0.08333
-0.08339
-0.08344
-0.08349
-0.08354
-0.08359
-0.08365
-0.08370
-0.08375
-0.08380
-0.08385
-0.08391
-0.08396
-0.08401
-0.08406
-0.08411
-0.08417
-0.08422
-0.08427
-0.08432
-0.08437
-0.08443
-0.08448
-0.08453
-0.08458
-0.08463
-0.08469
-0.08474
-0.08479
-0.08484
-0.08489
-0.08495
-0.08500
-0.08505
-0.08510
-0.08515
-0.08521
-0.08526
-0.08531
-0.08536
-0.08541
-0.08547
-0.08552
-0.08557
-0.08562
-0.08567
-0.08573
-0.08578
-0.08583
-0.08588
-0.08593
-0.08599
-0.08604
-0.08609
-0.08614
-0.08619
-0.08625
-0.08630
-0.08635
-0.08640
-0.08645
-0.08651
-0.08656
-0.08661
-0.08666
-0.08671
-0.08677
-0.08682
-0.08687
-0.08692
-0.08697
-0.08703
-0.08708
-0.08713
-0.08718
-0.08723
-0.08729
-0.08734
-0.08739
-0.08744
-0.08749
-0.08755
-0.08760
-0.08765
-0.08770
-0.08775
-0.08781
-0.08786
-0.08791
-0.08796
-0.08801
-0.08807
-0.08812
-0.08817
-0.08822
-0.08827
-0.08833
-0.08838
-0.08843
-0.08848
-0.08853
-0.08859
-0.08864
-0.08869
-0.08874
-0.08879
-0.08885
-0.08890
-0.08895
-0.08900
-0.08905
-0.08911
-0.08916
-0.08921
-0.08926
-0.08931
-0.08937
-0.08942
-0.08947
-0.08952
-0.08957
-0.08963
-0.08968
-0.08973
-0.08978
-0.08983
-0.08989
-0.08994
-0.08999
-0.09004
-0.09009
-0.09014
-0.09020
-0.09025
-0.09030
-0.09035
-0.09040
-0.09046
-0.09051
-0.09056
-0.09061
-0.09066
-0.09072
-0.09077
-0.09082
-0.09087
-0.09092
-0.09098
-0.09103
-0.09108
-0.09113
-0.09118
-0.09124
-0.09129
-0.09134
-0.09139
-0.09144
-0.09150
-0.09155
-0.09160
-0.09165
-0.09170
-0.09176
-0.09181
-0.09186
-0.09191
-0.09196
-0.09202
-0.09207
-0.09212
-0.09217
-0.09222
-0.09228
-0.09233
-0.09238
-0.09243
-0.09248
-0.09254
-0.09259
-0.09264
-0.09269
-0.09274
-0.09280
-0.09285
-0.09290
-0.09295
-0.09300
-0.09306
-0.09311
-0.09316
-0.09321
-0.09326
-0.09332
-0.09337
-0.09342
-0.09347
-0.09352
-0.09358
-0.09363
-0.09368
-0.09373
-0.09378
-0.09384
-0.09389
-0.09394
-0.09399
-0.09404
-0.09410
-0.09415
-0.09420
-0.09425
-0.09430
-0.09436
-0.09441
-0.09446
-0.09451
-0.09456
-0.09462
-0.09467
-0.09472
-0.09477
-0.09482
-0.09488
-0.09493
-0.09498
-0.09503
-0.09508
-0.09514
-0.09519
-0.09524
-0.09529
-0.09534
-0.09540
-0.09545
-0.09550
-0.09555
-0.09560
-0.09566
-0.09571
-0.09576
-0.09581
-0.09586
-0.09592
-0.09597
-0.09602
-0.09607
-0.09612
-0.09618
-0.09623
-0.09628
-0.09633
-0.09638
-0.09644
-0.09649
-0.09654
-0.09659
-0.09664
-0.09670
-0.09675
-0.09680
-0.09685
-0.09690
-0.09696
-0.09701
-0.09706
-0.09711
-0.09716
-0.09722
-0.09727
-0.09732
-0.09737
-0.09742
-0.09748
-0.09753
-0.09758
-0.09763
-0.09768
-0.09774
-0.09779
-0.09784
-0.09789
-0.09794
-0.09800
-0.09805
-0.09810
-0.09815
-0.09820
-0.09826
-0.09831
-0.09836
-0.09841
-0.09846
-0.09852
-0.09857
-0.09862
-0.09867
-0.09872
-0.09878
-0.09883
-0.09888
-0.09893
-0.09898
-0.09904
-0.09909
-0.09914
-0.09919
-0.09924
-0.09930
-0.09935
-0.09940
-0.09945
-0.09950
-0.09956
-0.09961
-0.09966
-0.09971
-0.09976
-0.09982
-0.09987
-0.09992
-0.09997
-0.10002
-0.10008
-0.10013
-0.10018
-0.10023
-0.10028
-0.10034
-0.10039
-0.10044
-0.10049
-0.10054
-0.10060
-0.10065
-0.10070
-0.10075
-0.10080
-0.10086
-0.10091
-0.10096
-0.10101
-0.10106
-0.10111
-0.10117
-0.10122
-0.10127
-0.10132
-0.10137
-0.10143
-0.10148
-0.10153
-0.10158
-0.10163
-0.10169
-0.10174
-0.10179
-0.10184
-0.10189
-0.10195
-0.10200
-0.10205
-0.10210
-0.10215
-0.10221
-0.10226
-0.10231
-0.10236
-0.10241
-0.10247
-0.10252
-0.10257
-0.10262
-0.10267
-0.10273
-0.10278
-0.10283
-0.10288
-0.10293
-0.10299
-0.10304
-0.10309
-0.10314
-0.10319
-0.10325
-0.10330
-0.10335
-0.10340
-0.10345
-0.10351
-0.10356
-0.10361
-0.10366
-0.10371
-0.10377
-0.10382
-0.10387
-0.10392
-0.10397
-0.10403
-0.10408
-0.10413
-0.10418
-0.10423
-0.10429
-0.10434
-0.10439
-0.10444
-0.10449
-0.10455
-0.10460
-0.10465
-0.10470
-0.10475
-0.10481
-0.10486
-0.10491
-0.10496
-0.10501
-0.10507
-0.10512
-0.10517
-0.10522
-0.10527
-0.10533
-0.10538
-0.10543
-0.10548
-0.10553
-0.10559
-0.10564
-0.10569
-0.10574
-0.10579
-0.10585
-0.10590
-0.10595
-0.10600
-0.10605
-0.10611
-0.10616
-0.10621
-0.10626
-0.10631
-0.10637
-0.10642
-0.10647
-0.10652
-0.10657
-0.10663
-0.10668
-0.10673
-0.10678
-0.10683
-0.10689
-0.10694
-0.10699
-0.10704
-0.10709
-0.10715
-0.10720
-0.10725
-0.10730
-0.10735
-0.10741
-0.10746
-0.10751
-0.10756
-0.10761
-0.10767
-0.10772
-0.10777
-0.10782
-0.10787
-0.10793
-0.10798
-0.10803
-0.10808
-0.10813
-0.10819
-0.10824
-0.10829
-0.10834
-0.10839
-0.10845
-0.10850
-0.10855
-0.10860
-0.10865
-0.10871
-0.10876
-0.10881
-0.10886
-0.10891
-0.10897
-0.10902
-0.10907
-0.10912
-0.10917
-0.10923
-0.10928
-0.10933
-0.10938
-0.10943
-0.10949
-0.10954
-0.10959
-0.10964
-0.10969
-0.10975
-0.10980
-0.10985
-0.10990
-0.10995
-0.11001
-0.11006
-0.11011
-0.11016
-0.11021
-0.11027
-0.11032
-0.11037
-0.11042
-0.11047
-0.11053
-0.11058
-0.11063
-0.11068
-0.11073
-0.11079
-0.11084
-0.11089
-0.11094
-0.11099
-0.11105
-0.11110
-0.11115
-0.11120
-0.11125
-0.11130
-0.11136
-0.11141
-0.11146
-0.11151
-0.11156
-0.11162
-0.11167
-0.11172
-0.11177
-0.11182
-0.11188
-0.11193
-0.11198
-0.11203
-0.11208
-0.11214
-0.11219
-0.11224
-0.11229
-0.11234
-0.11240
-0.11245
-0.11250
-0.11255
-0.11260
-0.11266
-0.11271
-0.11276
-0.11281
-0.11286
-0.11292
-0.11297
-0.11302
-0.11307
-0.11312
-0.11318
-0.11323
-0.11328
-0.11333
-0.11338
-0.11344
-0.11349
-0.11354
-0.11359
-0.11364
-0.11370
-0.11375
-0.11380
-0.11385
-0.11390
-0.11396
-0.11401
-0.11406
-0.11411
-0.11416
-0.11422
-0.11427
-0.11432
-0.11437
-0.11442
-0.11448
-0.11453
-0.11458
-0.11463
-0.11468
-0.11474
-0.11479
-0.11484
-0.11489
-0.11494
-0.11500
-0.11505
-0.11510
-0.11515
-0.11520
-0.11526
-0.11531
-0.11536
-0.11541
-0.11546
-0.11552
-0.11557
-0.11562
-0.11567
-0.11572
-0.11578
-0.11583
-0.11588
-0.11593
-0.11598
-0.11604
-0.11609
-0.11614
-0.11619
-0.11624
-0.11630
-0.11635
-0.11640
-0.11645
-0.11650
-0.11656
-0.11661
-0.11666
-0.11671
-0.11676
-0.11682
-0.11687
-0.11692
-0.11697
-0.11702
-0.11708
-0.11713
-0.11718
-0.11723
-0.11728
-0.11734
-0.11739
-0.11744
-0.11749
-0.11754
-0.11760
-0.11765
-0.11770
-0.11775
-0.11780
-0.11786
-0.11791
-0.11796
-0.11801
-0.11806
-0.11812
-0.11817
-0.11822
-0.11827
-0.11832
-0.11838
-0.11843
-0.11848
-0.11853
-0.11858
-0.11864
-0.11869
-0.11874
-0.11879
-0.11884
-0.11890
-0.11895
-0.11900
-0.11905
-0.11910
-0.11916
-0.11921
-0.11926
-0.11931
-0.11936
-0.11942
-0.11947
-0.11952
-0.11957
-0.11962
-0.11968
-0.11973
-0.11978
-0.11983
-0.11988
-0.11994
-0.11999
-0.12004
-0.12009
-0.12014
-0.12020
-0.12025
-0.12030
-0.12035
-0.12040
-0.12046
-0.12051
-0.12056
-0.12061
-0.12066
-0.12072
-0.12077
-0.12082
-0.12087
-0.12092
-0.12097
-0.12103
-0.12108
-0.12113
-0.12118
-0.12123
-0.12129
-0.12134
-0.12139
-0.12144
-0.12149
-0.12155
-0.12160
-0.12165
-0.12170
-0.12175
-0.12181
-0.12186
-0.12191
-0.12196
-0.12201
-0.12207
-0.12212
-0.12217
-0.12222
-0.12227
-0.12233
-0.12238
-0.12243
-0.12248
-0.12253
-0.12259
-0.12264
-0.12269
-0.12274
-0.12279
-0.12285
-0.12290
-0.12295
-0.12300
-0.12305
-0.12311
-0.12316
-0.12321
-0.12326
-0.12331
-0.12337
-0.12342
-0.12347
-0.12352
-0.12357
-0.12363
-0.12368
-0.12373
-0.12378
-0.12383
-0.12389
-0.12394
-0.12399
-0.12404
-0.12409
-0.12415
-0.12420
-0.12425
-0.12430
-0.12435
-0.12441
-0.12446
-0.12451
-0.12456
-0.12461
-0.12467
-0.12472
-0.12477
-0.12482
-0.12487
-0.12493
-0.12498
-0.12503
-0.12508
-0.12513
-0.12519
-0.12524
-0.12529
-0.12534
-0.12539
-0.12545
-0.12550
-0.12555
-0.12560
-0.12565
-0.12571
-0.12576
-0.12581
-0.12586
-0.12591
-0.12597
-0.12602
-0.12607
-0.12612
-0.12617
-0.12623
-0.12628
-0.12633
-0.12638
-0.12643
-0.12649
-0.12654
-0.12659
-0.12664
-0.12669
-0.12675
-0.12680
-0.12685
-0.12690
-0.12695
-0.12701
-0.12706
-0.12711
-0.12716
-0.12721
-0.12727
-0.12732
-0.12737
-0.12742
-0.12747
-0.12753
-0.12758
-0.12763
-0.12768
-0.12773
-0.12779
-0.12784
-0.12789
-0.12794
-0.12799
-0.12805
-0.12810
-0.12815
-0.12820
-0.12825
-0.12831
-0.12836
-0.12841
-0.12846
-0.12851
-0.12857
-0.12862
-0.12867
-0.12872
-0.12877
-0.12883
-0.12888
-0.12893
-0.12898
-0.12903
-0.12909
-0.12914
-0.12919
-0.12924
-0.12929
-0.12935
-0.12940
-0.12945
-0.12950
-0.12955
-0.12961
-0.12966
-0.12971
-0.12976
-0.12981
-0.12987
-0.12992
-0.12997
-0.13002
-0.13007
-0.13013
-0.13018
-0.13023
-0.13028
-0.13033
-0.13038
-0.13044
-0.13049
-0.13054
-0.13059
-0.13064
-0.13070
-0.13075
-0.13080
-0.13085
-0.13090
-0.13096
-0.13101
-0.13106
-0.13111
-0.13116
-0.13122
-0.13127
-0.13132
-0.13137
-0.13142
-0.13148
-0.13153
-0.13158
-0.13163
-0.13168
-0.13174
-0.13179
-0.13184
-0.13189
-0.13194
-0.13200
-0.13205
-0.13210
-0.13215
-0.13220
-0.13226
-0.13231
-0.13236
-0.13241
-0.13246
-0.13252
-0.13257
-0.13262
-0.13267
-0.13272
-0.13278
-0.13283
-0.13288
-0.13293
-0.13298
-0.13304
-0.13309
-0.13314
-0.13319
-0.13324
-0.13330
-0.13335
-0.13340
-0.13345
-0.13350
-0.13356
-0.13361
-0.13366
-0.13371
-0.13376
-0.13382
-0.13387
-0.13392
-0.13397
-0.13402
-0.13408
-0.13413
-0.13418
-0.13423
-0.13428
-0.13434
-0.13439
-0.13444
-0.13449
-0.13454
-0.13460
-0.13465
-0.13470
-0.13475
-0.13480
-0.13486
-0.13491
-0.13496
-0.13501
-0.13506
-0.13512
-0.13517
-0.13522
-0.13527
-0.13532
-0.13538
-0.13543
-0.13548
-0.13553
-0.13558
-0.13564
-0.13569
-0.13574
-0.13579
-0.13584
-0.13590
-0.13595
-0.13600
-0.13605
-0.13610
-0.13616
-0.13621
-0.13626
-0.13631
-0.13636
-0.13642
-0.13647
-0.13652
-0.13657
-0.13662
-0.13668
-0.13673
-0.13678
-0.13683
-0.13688
-0.13694
-0.13699
-0.13704
-0.13709
-0.13714
-0.13720
-0.13725
-0.13730
-0.13735
-0.13740
-0.13746
-0.13751
-0.13756
-0.13761
-0.13766
-0.13772
-0.13777
-0.13782
-0.13787
-0.13792
-0.13798
-0.13803
-0.13808
-0.13813
-0.13818
-0.13824
-0.13829
-0.13834
-0.13839
-0.13844
-0.13850
-0.13855
-0.13860
-0.13865
-0.13870
-0.13876
-0.13881
-0.13886
-0.13891
-0.13896
-0.13902
-0.13907
-0.13912
-0.13917
-0.13922
-0.13927
-0.13933
-0.13938
-0.13943
-0.13948
-0.13953
-0.13959
-0.13964
-0.13969
-0.13974
-0.13979
-0.13985
-0.13990
-0.13995
-0.14000
-0.14005
-0.14011
-0.14016
-0.14021
-0.14026
-0.14031
-0.14037
-0.14042
-0.14047
-0.14052
-0.14057
-0.14063
-0.14068
-0.14073
-0.14078
-0.14083
-0.14089
-0.14094
-0.14099
-0.14104
-0.14109
-0.14115
-0.14120
-0.14125
-0.14130
-0.14135
-0.14141
-0.14146
-0.14151
-0.14156
-0.14161
-0.14167
-0.14172
-0.14177
-0.14182
-0.14187
-0.14193
-0.14198
-0.14203
-0.14208
-0.14213
-0.14219
-0.14224
-0.14229
-0.14234
-0.14239
-0.14245
-0.14250
-0.14255
-0.14260
-0.14265
-0.14271
-0.14276
-0.14281
-0.14286
-0.14291
-0.14297
-0.14302
-0.14307
-0.14312
-0.14317
-0.14323
-0.14328
-0.14333
-0.14338
-0.14343
-0.14349
-0.14354
-0.14359
-0.14364
-0.14369
-0.14375
-0.14380
-0.14385
-0.14390
-0.14395
-0.14401
-0.14406
-0.14411
-0.14416
-0.14421
-0.14427
-0.14432
-0.14437
-0.14442
-0.14447
-0.14453
-0.14458
-0.14463
-0.14468
-0.14473
-0.14479
-0.14484
-0.14489
-0.14494
-0.14499
-0.14505
-0.14510
-0.14515
-0.14520
-0.14525
-0.14531
-0.14536
-0.14541
-0.14546
-0.14551
-0.14557
-0.14562
-0.14567
-0.14572
-0.14577
-0.14583
-0.14588
-0.14593
-0.14598
-0.14603
-0.14609
-0.14614
-0.14619
-0.14624
-0.14629
-0.14635
-0.14640
-0.14645
-0.14650
-0.14655
-0.14661
-0.14666
-0.14671
-0.14676
-0.14681
-0.14687
-0.14692
-0.14697
-0.14702
-0.14707
-0.14713
-0.14718
-0.14723
-0.14728
-0.14733
-0.14739
-0.14744
-0.14749
-0.14754
-0.14759
-0.14765
-0.14770
-0.14775
-0.14780
-0.14785
-0.14790
-0.14796
-0.14801
-0.14806
-0.14811
-0.14816
-0.14822
-0.14827
-0.14832
-0.14837
-0.14842
-0.14848
-0.14853
-0.14858
-0.14863
-0.14868
-0.14874
-0.14879
-0.14884
-0.14889
-0.14894
-0.14900
-0.14905
-0.14910
-0.14915
-0.14920
-0.14926
-0.14931
-0.14936
-0.14941
-0.14946
-0.14952
-0.14957
-0.14962
-0.14967
-0.14972
-0.14978
-0.14983
-0.14988
-0.14993
-0.14998
-0.15004
-0.15009
-0.15014
-0.15019
-0.15024
-0.15030
-0.15035
-0.15040
-0.15045
-0.15050
-0.15056
-0.15061
-0.15066
-0.15071
-0.15076
-0.15082
-0.15087
-0.15092
-0.15097
-0.15102
-0.15108
-0.15113
-0.15118
-0.15123
-0.15128
-0.15134
-0.15139
-0.15144
-0.15149
-0.15154
-0.15160
-0.15165
-0.15170
-0.15175
-0.15180
-0.15186
-0.15191
-0.15196
-0.15201
-0.15206
-0.15212
-0.15217
-0.15222
-0.15227
-0.15232
-0.15238
-0.15243
-0.15248
-0.15253
-0.15258
-0.15264
-0.15269
-0.15274
-0.15279
-0.15284
-0.15290
-0.15295
-0.15300
-0.15305
-0.15310
-0.15316
-0.15321
-0.15326
-0.15331
-0.15336
-0.15342
-0.15347
-0.15352
-0.15357
-0.15362
-0.15368
-0.15373
-0.15378
-0.15383
-0.15388
-0.15394
-0.15399
-0.15404
-0.15409
-0.15414
-0.15420
-0.15425
-0.15430
-0.15435
-0.15440
-0.15446
-0.15451
-0.15456
-0.15461
-0.15466
-0.15472
-0.15477
-0.15482
-0.15487
-0.15492
-0.15498
-0.15503
-0.15508
-0.15513
-0.15518
-0.15524
-0.15529
-0.15534
-0.15539
-0.15544
-0.15550
-0.15555
-0.15560
-0.15565
-0.15570
-0.15576
-0.15581
-0.15586
-0.15591
-0.15596
-0.15601
-0.15607
-0.15612
-0.15617
-0.15622
-0.15627
-0.15633
-0.15638
-0.15643
-0.15648
-0.15653
-0.15659
-0.15664
-0.15669
-0.15674
-0.15679
-0.15685
-0.15690
-0.15695
-0.15700
-0.15705
-0.15711
-0.15716
-0.15721
-0.15726
-0.15731
-0.15737
-0.15742
-0.15747
-0.15752
-0.15757
-0.15763
-0.15768
-0.15773
-0.15778
-0.15783
-0.15789
-0.15794
-0.15799
-0.15804
-0.15809
-0.15815
-0.15820
-0.15825
-0.15830
-0.15835
-0.15841
-0.15846
-0.15851
-0.15856
-0.15861
-0.15867
-0.15872
-0.15877
-0.15882
-0.15887
-0.15893
-0.15898
-0.15903
-0.15908
-0.15913
-0.15919
-0.15924
-0.15929
-0.15934
-0.15939
-0.15945
-0.15950
-0.15955
-0.15960
-0.15965
-0.15971
-0.15976
-0.15981
-0.15986
-0.15991
-0.15997
-0.16002
-0.16007
-0.16012
-0.16017
-0.16023
-0.16028
-0.16033
-0.16038
-0.16043
-0.16049
-0.16054
-0.16059
-0.16064
-0.16069
-0.16075
-0.16080
-0.16085
-0.16090
-0.16095
-0.16101
-0.16106
-0.16111
-0.16116
-0.16121
-0.16127
-0.16132
-0.16137
-0.16142
-0.16147
-0.16153
-0.16158
-0.16163
-0.16168
-0.16173
-0.16179
-0.16184
-0.16189
-0.16194
-0.16199
-0.16205
-0.16210
-0.16215
-0.16220
-0.16225
-0.16231
-0.16236
-0.16241
-0.16246
-0.16251
-0.16257
-0.16262
-0.16267
-0.16272
-0.16277
-0.16283
-0.16288
-0.16293
-0.16298
-0.16303
-0.16309
-0.16314
-0.16319
-0.16324
-0.16329
-0.16335
-0.16340
-0.16345
-0.16350
-0.16355
-0.16361
-0.16366
-0.16371
-0.16376
-0.16381
-0.16387
-0.16392
-0.16397
-0.16402
-0.16407
-0.16412
-0.16418
-0.16423
-0.16428
-0.16433
-0.16438
-0.16444
-0.16449
-0.16454
-0.16459
-0.16464
-0.16470
-0.16475
-0.16480
-0.16485
-0.16490
-0.16496
-0.16501
-0.16506
-0.16511
-0.16516
-0.16522
-0.16527
-0.16532
-0.16537
-0.16542
-0.16548
-0.16553
-0.16558
-0.16563
-0.16568
-0.16574
-0.16579
-0.16584
-0.16589
-0.16594
-0.16600
-0.16605
-0.16610
-0.16615
-0.16620
-0.16626
-0.16631
-0.16636
-0.16641
-0.16646
-0.16652
-0.16657
-0.16662
-0.16667
-0.16672
-0.16678
-0.16683
-0.16688
-0.16693
-0.16698
-0.16704
-0.16709
-0.16714
-0.16719
-0.16724
-0.16730
-0.16735
-0.16740
-0.16745
-0.16750
-0.16756
-0.16761
-0.16766
-0.16771
-0.16776
-0.16782
-0.16787
-0.16792
-0.16797
-0.16802
-0.16808
-0.16813
-0.16818
-0.16823
-0.16828
-0.16834
-0.16839
-0.16844
-0.16849
-0.16854
-0.16860
-0.16865
-0.16870
-0.16875
-0.16880
-0.16886
-0.16891
-0.16896
-0.16901
-0.16906
-0.16912
-0.16917
-0.16922
-0.16927
-0.16932
-0.16938
-0.16943
-0.16948
-0.16953
-0.16958
-0.16964
-0.16969
-0.16974
-0.16979
-0.16984
-0.16990
-0.16995
-0.17000
-0.17005
-0.17010
-0.17016
-0.17021
-0.17026
-0.17031
-0.17036
-0.17042
-0.17047
-0.17052
-0.17057
-0.17062
-0.17068
-0.17073
-0.17078
-0.17083
-0.17088
-0.17094
-0.17099
-0.17104
-0.17109
-0.17114
-0.17120
-0.17125
-0.17130
-0.17135
-0.17140
-0.17146
-0.17151
-0.17156
-0.17161
-0.17166
-0.17171
-0.17177
-0.17182
-0.17187
-0.17192
-0.17197
-0.17203
-0.17208
-0.17213
-0.17218
-0.17223
-0.17229
-0.17234
-0.17239
-0.17244
-0.17249
-0.17255
-0.17260
-0.17265
-0.17270
-0.17275
-0.17281
-0.17286
-0.17291
-0.17296
-0.17301
-0.17307
-0.17312
-0.17317
-0.17322
-0.17327
-0.17333
-0.17338
-0.17343
-0.17348
-0.17353
-0.17359
-0.17364
-0.17369
-0.17374
-0.17379
-0.17385
-0.17390
-0.17395
-0.17400
-0.17405
-0.17411
-0.17416
-0.17421
-0.17426
-0.17431
-0.17437
-0.17442
-0.17447
-0.17452
-0.17457
-0.17463
-0.17468
-0.17473
-0.17478
-0.17483
-0.17489
-0.17494
-0.17499
-0.17504
-0.17509
-0.17515
-0.17520
-0.17525
-0.17530
-0.17535
-0.17541
-0.17546
-0.17551
-0.17556
-0.17561
-0.17567
-0.17572
-0.17577
-0.17582
-0.17587
-0.17593
-0.17598
-0.17603
-0.17608
-0.17613
-0.17619
-0.17624
-0.17629
-0.17634
-0.17639
-0.17645
-0.17650
-0.17655
-0.17660
-0.17665
-0.17671
-0.17676
-0.17681
-0.17686
-0.17691
-0.17697
-0.17702
-0.17707
-0.17712
-0.17717
-0.17723
-0.17728
-0.17733
-0.17738
-0.17743
-0.17749
-0.17754
-0.17759
-0.17764
-0.17769
-0.17775
-0.17780
-0.17785
-0.17790
-0.17795
-0.17801
-0.17806
-0.17811
-0.17816
-0.17821
-0.17827
-0.17832
-0.17837
-0.17842
-0.17847
-0.17853
-0.17858
-0.17863
-0.17868
-0.17873
-0.17879
-0.17884
-0.17889
-0.17894
-0.17899
-0.17905
-0.17910
-0.17915
-0.17920
-0.17925
-0.17930
-0.17936
-0.17941
-0.17946
-0.17951
-0.17956
-0.17962
-0.17967
-0.17972
-0.17977
-0.17982
-0.17988
-0.17993
-0.17998
-0.18003
-0.18008
-0.18014
-0.18019
-0.18024
-0.18029
-0.18034
-0.18040
-0.18045
-0.18050
-0.18055
-0.18060
-0.18066
-0.18071
-0.18076
-0.18081
-0.18086
-0.18092
-0.18097
-0.18102
-0.18107
-0.18112
-0.18118
-0.18123
-0.18128
-0.18133
-0.18138
-0.18144
-0.18149
-0.18154
-0.18159
-0.18164
-0.18170
-0.18175
-0.18180
-0.18185
-0.18190
-0.18196
-0.18201
-0.18206
-0.18211
-0.18216
-0.18222
-0.18227
-0.18232
-0.18237
-0.18242
-0.18248
-0.18253
-0.18258
-0.18263
-0.18268
-0.18274
-0.18279
-0.18284
-0.18289
-0.18294
-0.18300
-0.18305
-0.18310
-0.18315
-0.18320
-0.18326
-0.18331
-0.18336
-0.18341
-0.18346
-0.18352
-0.18357
-0.18362
-0.18367
-0.18372
-0.18378
-0.18383
-0.18388
-0.18393
-0.18398
-0.18404
-0.18409
-0.18414
-0.18419
-0.18424
-0.18430
-0.18435
-0.18440
-0.18445
-0.18450
-0.18456
-0.18461
-0.18466
-0.18471
-0.18476
-0.18482
-0.18487
-0.18492
-0.18497
-0.18502
-0.18508
-0.18513
-0.18518
-0.18523
-0.18528
-0.18534
-0.18539
-0.18544
-0.18549
-0.18554
-0.18560
-0.18565
-0.18570
-0.18575
-0.18580
-0.18586
-0.18591
-0.18596
-0.18601
-0.18606
-0.18612
-0.18617
-0.18622
-0.18627
-0.18632
-0.18638
-0.18643
-0.18648
-0.18653
-0.18658
-0.18663
-0.18669
-0.18674
-0.18679
-0.18684
-0.18689
-0.18695
-0.18700
-0.18705
-0.18710
-0.18715
-0.18721
-0.18726
-0.18731
-0.18736
-0.18741
-0.18747
-0.18752
-0.18757
-0.18762
-0.18767
-0.18773
-0.18778
-0.18783
-0.18788
-0.18793
-0.18799
-0.18804
-0.18809
-0.18814
-0.18819
-0.18825
-0.18830
-0.18835
-0.18840
-0.18845
-0.18851
-0.18856
-0.18861
-0.18866
-0.18871
-0.18877
-0.18882
-0.18887
-0.18892
-0.18897
-0.18903
-0.18908
-0.18913
-0.18918
-0.18923
-0.18929
-0.18934
-0.18939
-0.18944
-0.18949
-0.18955
-0.18960
-0.18965
-0.18970
-0.18975
-0.18981
-0.18986
-0.18991
-0.18996
-0.19001
-0.19007
-0.19012
-0.19017
-0.19022
-0.19027
-0.19033
-0.19038
-0.19043
-0.19048
-0.19053
-0.19059
-0.19064
-0.19069
-0.19074
-0.19079
-0.19085
-0.19090
-0.19095
-0.19100
-0.19105
-0.19111
-0.19116
-0.19121
-0.19126
-0.19131
-0.19137
-0.19142
-0.19147
-0.19152
-0.19157
-0.19163
-0.19168
-0.19173
-0.19178
-0.19183
-0.19189
-0.19194
-0.19199
-0.19204
-0.19209
-0.19215
-0.19220
-0.19225
-0.19230
-0.19235
-0.19241
-0.19246
-0.19251
-0.19256
-0.19261
-0.19267
-0.19272
-0.19277
-0.19282
-0.19287
-0.19293
-0.19298
-0.19303
-0.19308
-0.19313
-0.19319
-0.19324
-0.19329
-0.19334
-0.19339
-0.19345
-0.19350
-0.19355
-0.19360
-0.19365
-0.19370
-0.19376
-0.19381
-0.19386
-0.19391
-0.19396
-0.19402
-0.19407
-0.19412
-0.19417
-0.19422
-0.19428
-0.19433
-0.19438
-0.19443
-0.19448
-0.19454
-0.19459
-0.19464
-0.19469
-0.19474
-0.19480
-0.19485
-0.19490
-0.19495
-0.19500
-0.19506
-0.19511
-0.19516
-0.19521
-0.19526
-0.19532
-0.19537
-0.19542
-0.19547
-0.19552
-0.19558
-0.19563
-0.19568
-0.19573
-0.19578
-0.19584
-0.19589
-0.19594
-0.19599
-0.19604
-0.19610
-0.19615
-0.19620
-0.19625
-0.19630
-0.19636
-0.19641
-0.19646
-0.19651
-0.19656
-0.19662
-0.19667
-0.19672
-0.19677
-0.19682
-0.19688
-0.19693
-0.19698
-0.19703
-0.19708
-0.19714
-0.19719
-0.19724
-0.19729
-0.19734
-0.19740
-0.19745
-0.19750
-0.19755
-0.19760
-0.19766
-0.19771
-0.19776
-0.19781
-0.19786
-0.19792
-0.19797
-0.19802
-0.19807
-0.19812
-0.19818
-0.19823
-0.19828
-0.19833
-0.19838
-0.19844
-0.19849
-0.19854
-0.19859
-0.19864
-0.19870
-0.19875
-0.19880
-0.19885
-0.19890
-0.19896
-0.19901
-0.19906
-0.19911
-0.19916
-0.19922
-0.19927
-0.19932
-0.19937
-0.19942
-0.19948
-0.19953
-0.19958
-0.19963
-0.19968
-0.19974
-0.19979
-0.19984
-0.19989
-0.19994
-0.20000
-0.20005
-0.20010
-0.20015
-0.20020
-0.20026
-0.20031
-0.20036
-0.20041
-0.20046
-0.20052
-0.20057
-0.20062
-0.20067
-0.20072
-0.20077
-0.20083
-0.20088
-0.20093
-0.20098
-0.20103
-0.20109
-0.20114
-0.20119
-0.20124
-0.20129
-0.20135
-0.20140
-0.20145
-0.20150
-0.20155
-0.20161
-0.20166
-0.20171
-0.20176
-0.20181
-0.20187
-0.20192
-0.20197
-0.20202
-0.20207
-0.20213
-0.20218
-0.20223
-0.20228
-0.20233
-0.20239
-0.20244
-0.20249
-0.20254
-0.20259
-0.20265
-0.20270
-0.20275
-0.20280
-0.20285
-0.20291
-0.20296
-0.20301
-0.20306
-0.20311
-0.20317
-0.20322
-0.20327
-0.20332
-0.20337
-0.20343
-0.20348
-0.20353
-0.20358
-0.20363
-0.20369
-0.20374
-0.20379
-0.20384
-0.20389
-0.20395
-0.20400
-0.20405
-0.20410
-0.20415
-0.20421
-0.20426
-0.20431
-0.20436
-0.20441
-0.20447
-0.20452
-0.20457
-0.20462
-0.20467
-0.20473
-0.20478
-0.20483
-0.20488
-0.20493
-0.20499
-0.20504
-0.20509
-0.20514
-0.20519
-0.20525
-0.20530
-0.20535
-0.20540
-0.20545
-0.20551
-0.20556
-0.20561
-0.20566
-0.20571
-0.20577
-0.20582
-0.20587
-0.20592
-0.20597
-0.20603
-0.20608
-0.20613
-0.20618
-0.20623
-0.20629
-0.20634
-0.20639
-0.20644
-0.20649
-0.20655
-0.20660
-0.20665
-0.20670
-0.20675
-0.20681
-0.20686
-0.20691
-0.20696
-0.20701
-0.20707
-0.20712
-0.20717
-0.20722
-0.20727
-0.20733
-0.20738
-0.20743
-0.20748
-0.20753
-0.20758
-0.20764
-0.20769
-0.20774
-0.20779
-0.20784
-0.20790
-0.20795
-0.20800
-0.20805
-0.20810
-0.20816
-0.20821
-0.20826
-0.20831
-0.20836
-0.20842
-0.20847
-0.20852
-0.20857
-0.20862
-0.20868
-0.20873
-0.20878
-0.20883
-0.20888
-0.20894
-0.20899
-0.20904
-0.20909
-0.20914
-0.20920
-0.20925
-0.20930
-0.20935
-0.20940
-0.20946
-0.20951
-0.20956
-0.20961
-0.20966
-0.20972
-0.20977
-0.20982
-0.20987
-0.20992
-0.20998
-0.21003
-0.21008
-0.21013
-0.21018
-0.21024
-0.21029
-0.21034
-0.21039
-0.21044
-0.21050
-0.21055
-0.21060
-0.21065
-0.21070
-0.21076
-0.21081
-0.21086
-0.21091
-0.21096
-0.21102
-0.21107
-0.21112
-0.21117
-0.21122
-0.21128
-0.21133
-0.21138
-0.21143
-0.21148
-0.21154
-0.21159
-0.21164
-0.21169
-0.21174
-0.21180
-0.21185
-0.21190
-0.21195
-0.21200
-0.21206
-0.21211
-0.21216
-0.21221
-0.21226
-0.21232
-0.21237
-0.21242
-0.21247
-0.21252
-0.21258
-0.21263
-0.21268
-0.21273
-0.21278
-0.21284
-0.21289
-0.21294
-0.21299
-0.21304
-0.21310
-0.21315
-0.21320
-0.21325
-0.21330
-0.21336
-0.21341
-0.21346
-0.21351
-0.21356
-0.21362
-0.21367
-0.21372
-0.21377
-0.21382
-0.21388
-0.21393
-0.21398
-0.21403
-0.21408
-0.21413
-0.21419
-0.21424
-0.21429
-0.21434
-0.21439
-0.21445
-0.21450
-0.21455
-0.21460
-0.21465
-0.21471
-0.21476
-0.21481
-0.21486
-0.21491
-0.21497
-0.21502
-0.21507
-0.21512
-0.21517
-0.21523
-0.21528
-0.21533
-0.21538
-0.21543
-0.21549
-0.21554
-0.21559
-0.21564
-0.21569
-0.21575
-0.21580
-0.21585
-0.21590
-0.21595
-0.21601
-0.21606
-0.21611
-0.21616
-0.21621
-0.21627
-0.21632
-0.21637
-0.21642
-0.21647
-0.21653
-0.21658
-0.21663
-0.21668
-0.21673
-0.21679
-0.21684
-0.21689
-0.21694
-0.21699
-0.21705
-0.21710
-0.21715
-0.21720
-0.21725
-0.21731
-0.21736
-0.21741
-0.21746
-0.21751
-0.21757
-0.21762
-0.21767
-0.21772
-0.21777
-0.21783
-0.21788
-0.21793
-0.21798
-0.21803
-0.21809
-0.21814
-0.21819
-0.21824
-0.21829
-0.21835
-0.21840
-0.21845
-0.21850
-0.21855
-0.21861
-0.21866
-0.21871
-0.21876
-0.21881
-0.21887
-0.21892
-0.21897
-0.21902
-0.21907
-0.21913
-0.21918
-0.21923
-0.21928
-0.21933
-0.21939
-0.21944
-0.21949
-0.21954
-0.21959
-0.21965
-0.21970
-0.21975
-0.21980
-0.21985
-0.21991
-0.21996
-0.22001
-0.22006
-0.22011
-0.22017
-0.22022
-0.22027
-0.22032
-0.22037
-0.22043
-0.22048
-0.22053
-0.22058
-0.22063
-0.22068
-0.22074
-0.22079
-0.22084
-0.22089
-0.22094
-0.22100
-0.22105
-0.22110
-0.22115
-0.22120
-0.22126
-0.22131
-0.22136
-0.22141
-0.22146
-0.22152
-0.22157
-0.22162
-0.22167
-0.22172
-0.22178
-0.22183
-0.22188
-0.22193
-0.22198
-0.22204
-0.22209
-0.22214
-0.22219
-0.22224
-0.22230
-0.22235
-0.22240
-0.22245
-0.22250
-0.22256
-0.22261
-0.22266
-0.22271
-0.22276
-0.22282
-0.22287
-0.22292
-0.22297
-0.22302
-0.22308
-0.22313
-0.22318
-0.22323
-0.22328
-0.22334
-0.22339
-0.22344
-0.22349
-0.22354
-0.22360
-0.22365
-0.22370
-0.22375
-0.22380
-0.22386
-0.22391
-0.22396
-0.22401
-0.22406
-0.22412
-0.22417
-0.22422
-0.22427
-0.22432
-0.22438
-0.22443
-0.22448
-0.22453
-0.22458
-0.22464
-0.22469
-0.22474
-0.22479
-0.22484
-0.22490
-0.22495
-0.22500
-0.22505
-0.22510
-0.22516
-0.22521
-0.22526
-0.22531
-0.22536
-0.22542
-0.22547
-0.22552
-0.22557
-0.22562
-0.22568
-0.22573
-0.22578
-0.22583
-0.22588
-0.22594
-0.22599
-0.22604
-0.22609
-0.22614
-0.22620
-0.22625
-0.22630
-0.22635
-0.22640
-0.22646
-0.22651
-0.22656
-0.22661
-0.22666
-0.22672
-0.22677
-0.22682
-0.22687
-0.22692
-0.22697
-0.22703
-0.22708
-0.22713
-0.22718
-0.22723
-0.22729
-0.22734
-0.22739
-0.22744
-0.22749
-0.22755
-0.22760
-0.22765
-0.22770
-0.22775
-0.22781
-0.22786
-0.22791
-0.22796
-0.22801
-0.22807
-0.22812
-0.22817
-0.22822
-0.22827
-0.22833
-0.22838
-0.22843
-0.22848
-0.22853
-0.22859
-0.22864
-0.22869
-0.22874
-0.22879
-0.22885
-0.22890
-0.22895
-0.22900
-0.22905
-0.22911
-0.22916
-0.22921
-0.22926
-0.22931
-0.22937
-0.22942
-0.22947
-0.22952
-0.22957
-0.22963
-0.22968
-0.22973
-0.22978
-0.22983
-0.22989
-0.22994
-0.22999
-0.23004
-0.23009
-0.23015
-0.23020
-0.23025
-0.23030
-0.23035
-0.23041
-0.23046
-0.23051
-0.23056
-0.23061
-0.23067
-0.23072
-0.23077
-0.23082
-0.23087
-0.23093
-0.23098
-0.23103
-0.23108
-0.23113
-0.23119
-0.23124
-0.23129
-0.23134
-0.23139
-0.23145
-0.23150
-0.23155
-0.23160
-0.23165
-0.23171
-0.23176
-0.23181
-0.23186
-0.23191
-0.23197
-0.23202
-0.23207
-0.23212
-0.23217
-0.23223
-0.23228
-0.23233
-0.23238
-0.23243
-0.23249
-0.23254
-0.23259
-0.23264
-0.23269
-0.23275
-0.23280
-0.23285
-0.23290
-0.23295
-0.23301
-0.23306
-0.23311
-0.23316
-0.23321
-0.23326
-0.23332
-0.23337
-0.23342
-0.23347
-0.23352
-0.23358
-0.23363
-0.23368
-0.23373
-0.23378
-0.23384
-0.23389
-0.23394
-0.23399
-0.23404
-0.23410
-0.23415
-0.23420
-0.23425
-0.23430
-0.23436
-0.23441
-0.23446
-0.23451
-0.23456
-0.23462
-0.23467
-0.23472
-0.23477
-0.23482
-0.23488
-0.23493
-0.23498
-0.23503
-0.23508
-0.23514
-0.23519
-0.23524
-0.23529
-0.23534
-0.23540
-0.23545
-0.23550
-0.23555
-0.23560
-0.23566
-0.23571
-0.23576
-0.23581
-0.23586
-0.23592
-0.23597
-0.23602
-0.23607
-0.23612
-0.23618
-0.23623
-0.23628
-0.23633
-0.23638
-0.23644
-0.23649
-0.23654
-0.23659
-0.23664
-0.23670
-0.23675
-0.23680
-0.23685
-0.23690
-0.23696
-0.23701
-0.23706
-0.23711
-0.23716
-0.23722
-0.23727
-0.23732
-0.23737
-0.23742
-0.23748
-0.23753
-0.23758
-0.23763
-0.23768
-0.23774
-0.23779
-0.23784
-0.23789
-0.23794
-0.23800
-0.23805
-0.23810
-0.23815
-0.23820
-0.23826
-0.23831
-0.23836
-0.23841
-0.23846
-0.23852
-0.23857
-0.23862
-0.23867
-0.23872
-0.23878
-0.23883
-0.23888
-0.23893
-0.23898
-0.23904
-0.23909
-0.23914
-0.23919
-0.23924
-0.23930
-0.23935
-0.23940
-0.23945
-0.23950
-0.23955
-0.23961
-0.23966
-0.23971
-0.23976
-0.23981
-0.23987
-0.23992
-0.23997
-0.24002
-0.24007
-0.24013
-0.24018
-0.24023
-0.24028
-0.24033
-0.24039
-0.24044
-0.24049
-0.24054
-0.24059
-0.24065
-0.24070
-0.24075
-0.24080
-0.24085
-0.24091
-0.24096
-0.24101
-0.24106
-0.24111
-0.24117
-0.24122
-0.24127
-0.24132
-0.24137
-0.24143
-0.24148
-0.24153
-0.24158
-0.24163
-0.24169
-0.24174
-0.24179
-0.24184
-0.24189
-0.24195
-0.24200
-0.24205
-0.24210
-0.24215
-0.24221
-0.24226
-0.24231
-0.24236
-0.24241
-0.24247
-0.24252
-0.24257
-0.24262
-0.24267
-0.24273
-0.24278
-0.24283
-0.24288
-0.24293
-0.24299
-0.24304
-0.24309
-0.24314
-0.24319
-0.24325
-0.24330
-0.24335
-0.24340
-0.24345
-0.24351
-0.24356
-0.24361
-0.24366
-0.24371
-0.24377
-0.24382
-0.24387
-0.24392
-0.24397
-0.24403
-0.24408
-0.24413
-0.24418
-0.24423
-0.24429
-0.24434
-0.24439
-0.24444
-0.24449
-0.24455
-0.24460
-0.24465
-0.24470
-0.24475
-0.24481
-0.24486
-0.24491
-0.24496
-0.24501
-0.24507
-0.24512
-0.24517
-0.24522
-0.24527
-0.24532
-0.24538
-0.24543
-0.24548
-0.24553
-0.24558
-0.24564
-0.24569
-0.24574
-0.24579
-0.24584
-0.24590
-0.24595
-0.24600
-0.24605
-0.24610
-0.24616
-0.24621
-0.24626
-0.24631
-0.24636
-0.24642
-0.24647
-0.24652
-0.24657
-0.24662
-0.24668
-0.24673
-0.24678
-0.24683
-0.24688
-0.24694
-0.24699
-0.24704
-0.24709
-0.24714
-0.24720
-0.24725
-0.24730
-0.24735
-0.24740
-0.24746
-0.24751
-0.24756
-0.24761
-0.24766
-0.24772
-0.24777
-0.24782
-0.24787
-0.24792
-0.24798
-0.24803
-0.24808
-0.24813
-0.24818
-0.24824
-0.24829
-0.24834
-0.24839
-0.24844
-0.24850
-0.24855
-0.24860
-0.24865
-0.24870
-0.24876
-0.24881
-0.24886
-0.24891
-0.24896
-0.24902
-0.24907
-0.24912
-0.24917
-0.24922
-0.24928
-0.24933
-0.24938
-0.24943
-0.24948
-0.24954
-0.24959
-0.24964
-0.24969
-0.24974
-0.24980
-0.24985
-0.24990
-0.24995
-0.25000
-0.25006
-0.25011
-0.25016
-0.25021
-0.25026
-0.25032
-0.25037
-0.25042
-0.25047
-0.25052
-0.25058
-0.25063
-0.25068
-0.25073
-0.25078
-0.25084
-0.25089
-0.25094
-0.25099
-0.25104
-0.25110
-0.25115
-0.25120
-0.25125
-0.25130
-0.25135
-0.25141
-0.25146
-0.25151
-0.25156
-0.25161
-0.25167
-0.25172
-0.25177
-0.25182
-0.25187
-0.25193
-0.25198
-0.25203
-0.25208
-0.25213
-0.25219
-0.25224
-0.25229
-0.25234
-0.25239
-0.25245
-0.25250
-0.25255
-0.25260
-0.25265
-0.25271
-0.25276
-0.25281
-0.25286
-0.25291
-0.25297
-0.25302
-0.25307
-0.25312
-0.25317
-0.25323
-0.25328
-0.25333
-0.25338
-0.25343
-0.25349
-0.25354
-0.25359
-0.25364
-0.25369
-0.25375
-0.25380
-0.25385
-0.25390
-0.25395
-0.25401
-0.25406
-0.25411
-0.25416
-0.25421
-0.25427
-0.25432
-0.25437
-0.25442
-0.25447
-0.25453
-0.25458
-0.25463
-0.25468
-0.25473
-0.25479
-0.25484
-0.25489
-0.25494
-0.25499
-0.25505
-0.25510
-0.25515
-0.25520
-0.25525
-0.25531
-0.25536
-0.25541
-0.25546
-0.25551
-0.25557
-0.25562
-0.25567
-0.25572
-0.25577
-0.25583
-0.25588
-0.25593
-0.25598
-0.25603
-0.25609
-0.25614
-0.25619
-0.25624
-0.25629
-0.25635
-0.25640
-0.25645
-0.25650
-0.25655
-0.25661
-0.25666
-0.25671
-0.25676
-0.25681
-0.25687
-0.25692
-0.25697
-0.25702
-0.25707
-0.25712
-0.25718
-0.25723
-0.25728
-0.25733
-0.25738
-0.25744
-0.25749
-0.25754
-0.25759
-0.25764
-0.25770
-0.25775
-0.25780
-0.25785
-0.25790
-0.25796
-0.25801
-0.25806
-0.25811
-0.25816
-0.25822
-0.25827
-0.25832
-0.25837
-0.25842
-0.25848
-0.25853
-0.25858
-0.25863
-0.25868
-0.25874
-0.25879
-0.25884
-0.25889
-0.25894
-0.25900
-0.25905
-0.25910
-0.25915
-0.25920
-0.25926
-0.25931
-0.25936
-0.25941
-0.25946
-0.25952
-0.25957
-0.25962
-0.25967
-0.25972
-0.25978
-0.25983
-0.25988
-0.25993
-0.25998
-0.26004
-0.26009
-0.26014
-0.26019
-0.26024
-0.26030
-0.26035
-0.26040
-0.26045
-0.26050
-0.26056
-0.26061
-0.26066
-0.26071
-0.26076
-0.26082
-0.26087
-0.26092
-0.26097
-0.26102
-0.26108
-0.26113
-0.26118
-0.26123
-0.26128
-0.26134
-0.26139
-0.26144
-0.26149
-0.26154
-0.26160
-0.26165
-0.26170
-0.26175
-0.26180
-0.26186
-0.26191
-0.26196
-0.26201
-0.26206
-0.26212
-0.26217
-0.26222
-0.26227
-0.26232
-0.26238
-0.26243
-0.26248
-0.26253
-0.26258
-0.26264
-0.26269
-0.26274
-0.26279
-0.26284
-0.26289
-0.26295
-0.26300
-0.26305
-0.26310
-0.26315
-0.26321
-0.26326
-0.26331
-0.26336
-0.26341
-0.26347
-0.26352
-0.26357
-0.26362
-0.26367
-0.26373
-0.26378
-0.26383
-0.26388
-0.26393
-0.26399
-0.26404
-0.26409
-0.26414
-0.26419
-0.26425
-0.26430
-0.26435
-0.26440
-0.26445
-0.26451
-0.26456
-0.26461
-0.26466
-0.26471
-0.26477
-0.26482
-0.26487
-0.26492
-0.26497
-0.26503
-0.26508
-0.26513
-0.26518
-0.26523
-0.26529
-0.26534
-0.26539
-0.26544
-0.26549
-0.26555
-0.26560
-0.26565
-0.26570
-0.26575
-0.26581
-0.26586
-0.26591
-0.26596
-0.26601
-0.26607
-0.26612
-0.26617
-0.26622
-0.26627
-0.26633
-0.26638
-0.26643
-0.26648
-0.26653
-0.26659
-0.26664
-0.26669
-0.26674
-0.26679
-0.26685
-0.26690
-0.26695
-0.26700
-0.26705
-0.26711
-0.26716
-0.26721
-0.26726
-0.26731
-0.26737
-0.26742
-0.26747
-0.26752
-0.26757
-0.26763
-0.26768
-0.26773
-0.26778
-0.26783
-0.26789
-0.26794
-0.26799
-0.26804
-0.26809
-0.26815
-0.26820
-0.26825
-0.26830
-0.26835
-0.26840
-0.26846
-0.26851
-0.26856
-0.26861
-0.26866
-0.26872
-0.26877
-0.26882
-0.26887
-0.26892
-0.26898
-0.26903
-0.26908
-0.26913
-0.26918
-0.26924
-0.26929
-0.26934
-0.26939
-0.26944
-0.26950
-0.26955
-0.26960
-0.26965
-0.26970
-0.26976
-0.26981
-0.26986
-0.26991
-0.26996
-0.27002
-0.27007
-0.27012
-0.27017
-0.27022
-0.27028
-0.27033
-0.27038
-0.27043
-0.27048
-0.27054
-0.27059
-0.27064
-0.27069
-0.27074
-0.27080
-0.27085
-0.27090
-0.27095
-0.27100
-0.27106
-0.27111
-0.27116
-0.27121
-0.27126
-0.27132
-0.27137
-0.27142
-0.27147
-0.27152
-0.27158
-0.27163
-0.27168
-0.27173
-0.27178
-0.27184
-0.27189
-0.27194
-0.27199
-0.27204
-0.27210
-0.27215
-0.27220
-0.27225
-0.27230
-0.27236
-0.27241
-0.27246
-0.27251
-0.27256
-0.27262
-0.27267
-0.27272
-0.27277
-0.27282
-0.27288
-0.27293
-0.27298
-0.27303
-0.27308
-0.27314
-0.27319
-0.27324
-0.27329
-0.27334
-0.27340
-0.27345
-0.27350
-0.27355
-0.27360
-0.27366
-0.27371
-0.27376
-0.27381
-0.27386
-0.27391
-0.27397
-0.27402
-0.27407
-0.27412
-0.27417
-0.27423
-0.27428
-0.27433
-0.27438
-0.27443
-0.27449
-0.27454
-0.27459
-0.27464
-0.27469
-0.27475
-0.27480
-0.27485
-0.27490
-0.27495
-0.27501
-0.27506
-0.27511
-0.27516
-0.27521
-0.27527
-0.27532
-0.27537
-0.27542
-0.27547
-0.27553
-0.27558
-0.27563
-0.27568
-0.27573
-0.27579
-0.27584
-0.27589
-0.27594
-0.27599
-0.27605
-0.27610
-0.27615
-0.27620
-0.27625
-0.27631
-0.27636
-0.27641
-0.27646
-0.27651
-0.27657
-0.27662
-0.27667
-0.27672
-0.27677
-0.27683
-0.27688
-0.27693
-0.27698
-0.27703
-0.27709
-0.27714
-0.27719
-0.27724
-0.27729
-0.27735
-0.27740
-0.27745
-0.27750
-0.27755
-0.27761
-0.27766
-0.27771
-0.27776
-0.27781
-0.27787
-0.27792
-0.27797
-0.27802
-0.27807
-0.27813
-0.27818
-0.27823
-0.27828
-0.27833
-0.27839
-0.27844
-0.27849
-0.27854
-0.27859
-0.27865
-0.27870
-0.27875
-0.27880
-0.27885
-0.27891
-0.27896
-0.27901
-0.27906
-0.27911
-0.27917
-0.27922
-0.27927
-0.27932
-0.27937
-0.27942
-0.27948
-0.27953
-0.27958
-0.27963
-0.27968
-0.27974
-0.27979
-0.27984
-0.27989
-0.27994
-0.28000
-0.28005
-0.28010
-0.28015
-0.28020
-0.28026
-0.28031
-0.28036
-0.28041
-0.28046
-0.28052
-0.28057
-0.28062
-0.28067
-0.28072
-0.28078
-0.28083
-0.28088
-0.28093
-0.28098
-0.28104
-0.28109
-0.28114
-0.28119
-0.28124
-0.28130
-0.28135
-0.28140
-0.28145
-0.28150
-0.28156
-0.28161
-0.28166
-0.28171
-0.28176
-0.28182
-0.28187
-0.28192
-0.28197
-0.28202
-0.28208
-0.28213
-0.28218
-0.28223
-0.28228
-0.28234
-0.28239
-0.28244
-0.28249
-0.28254
-0.28260
-0.28265
-0.28270
-0.28275
-0.28280
-0.28286
-0.28291
-0.28296
-0.28301
-0.28306
-0.28312
-0.28317
-0.28322
-0.28327
-0.28332
-0.28338
-0.28343
-0.28348
-0.28353
-0.28358
-0.28364
-0.28369
-0.28374
-0.28379
-0.28384
-0.28390
-0.28395
-0.28400
-0.28405
-0.28410
-0.28416
-0.28421
-0.28426
-0.28431
-0.28436
-0.28442
-0.28447
-0.28452
-0.28457
-0.28462
-0.28468
-0.28473
-0.28478
-0.28483
-0.28488
-0.28493
-0.28499
-0.28504
-0.28509
-0.28514
-0.28519
-0.28525
-0.28530
-0.28535
-0.28540
-0.28545
-0.28551
-0.28556
-0.28561
-0.28566
-0.28571
-0.28577
-0.28582
-0.28587
-0.28592
-0.28597
-0.28603
-0.28608
-0.28613
-0.28618
-0.28623
-0.28629
-0.28634
-0.28639
-0.28644
-0.28649
-0.28655
-0.28660
-0.28665
-0.28670
-0.28675
-0.28681
-0.28686
-0.28691
-0.28696
-0.28701
-0.28707
-0.28712
-0.28717
-0.28722
-0.28727
-0.28733
-0.28738
-0.28743
-0.28748
-0.28753
-0.28759
-0.28764
-0.28769
-0.28774
-0.28779
-0.28785
-0.28790
-0.28795
-0.28800
-0.28805
-0.28811
-0.28816
-0.28821
-0.28826
-0.28831
-0.28837
-0.28842
-0.28847
-0.28852
-0.28857
-0.28863
-0.28868
-0.28873
-0.28878
-0.28883
-0.28889
-0.28894
-0.28899
-0.28904
-0.28909
-0.28915
-0.28920
-0.28925
-0.28930
-0.28935
-0.28941
-0.28946
-0.28951
-0.28956
-0.28961
-0.28967
-0.28972
-0.28977
-0.28982
-0.28987
-0.28993
-0.28998
-0.29003
-0.29008
-0.29013
-0.29018
-0.29024
-0.29029
-0.29034
-0.29039
-0.29044
-0.29050
-0.29055
-0.29060
-0.29065
-0.29070
-0.29076
-0.29081
-0.29086
-0.29091
-0.29096
-0.29102
-0.29107
-0.29112
-0.29117
-0.29122
-0.29128
-0.29133
-0.29138
-0.29143
-0.29148
-0.29154
-0.29159
-0.29164
-0.29169
-0.29174
-0.29180
-0.29185
-0.29190
-0.29195
-0.29200
-0.29206
-0.29211
-0.29216
-0.29221
-0.29226
-0.29232
-0.29237
-0.29242
-0.29247
-0.29252
-0.29258
-0.29263
-0.29268
-0.29273
-0.29278
-0.29284
-0.29289
-0.29294
-0.29299
-0.29304
-0.29310
-0.29315
-0.29320
-0.29325
-0.29330
-0.29336
-0.29341
-0.29346
-0.29351
-0.29356
-0.29362
-0.29367
-0.29372
-0.29377
-0.29382
-0.29388
-0.29393
-0.29398
-0.29403
-0.29408
-0.29414
-0.29419
-0.29424
-0.29429
-0.29434
-0.29440
-0.29445
-0.29450
-0.29455
-0.29460
-0.29466
-0.29471
-0.29476
-0.29481
-0.29486
-0.29492
-0.29497
-0.29502
-0.29507
-0.29512
-0.29518
-0.29523
-0.29528
-0.29533
-0.29538
-0.29543
-0.29549
-0.29554
-0.29559
-0.29564
-0.29569
-0.29575
-0.29580
-0.29585
-0.29590
-0.29595
-0.29601
-0.29606
-0.29611
-0.29616
-0.29621
-0.29627
-0.29632
-0.29637
-0.29642
-0.29647
-0.29653
-0.29658
-0.29663
-0.29668
-0.29673
-0.29679
-0.29684
-0.29689
-0.29694
-0.29699
-0.29705
-0.29710
-0.29715
-0.29720
-0.29725
-0.29731
-0.29736
-0.29741
-0.29746
-0.29751
-0.29757
-0.29762
-0.29767
-0.29772
-0.29777
-0.29783
-0.29788
-0.29793
-0.29798
-0.29803
-0.29809
-0.29814
-0.29819
-0.29824
-0.29829
-0.29835
-0.29840
-0.29845
-0.29850
-0.29855
-0.29861
-0.29866
-0.29871
-0.29876
-0.29881
-0.29887
-0.29892
-0.29897
-0.29902
-0.29907
-0.29913
-0.29918
-0.29923
-0.29928
-0.29933
-0.29939
-0.29944
-0.29949
-0.29954
-0.29959
-0.29965
-0.29970
-0.29975
-0.29980
-0.29985
-0.29991
-0.29996
-0.30001
-0.30006
-0.30011
-0.30017
-0.30022
-0.30027
-0.30032
-0.30037
-0.30042
-0.30048
-0.30053
-0.30058
-0.30063
-0.30068
-0.30074
-0.30079
-0.30084
-0.30089
-0.30094
-0.30100
-0.30105
-0.30110
-0.30115
-0.30120
-0.30126
-0.30131
-0.30136
-0.30141
-0.30146
-0.30152
-0.30157
-0.30162
-0.30167
-0.30172
-0.30178
-0.30183
-0.30188
-0.30193
-0.30198
-0.30204
-0.30209
-0.30214
-0.30219
-0.30224
-0.30230
-0.30235
-0.30240
-0.30245
-0.30250
-0.30256
-0.30261
-0.30266
-0.30271
-0.30276
-0.30282
-0.30287
-0.30292
-0.30297
-0.30302
-0.30308
-0.30313
-0.30318
-0.30323
-0.30328
-0.30334
-0.30339
-0.30344
-0.30349
-0.30354
-0.30360
-0.30365
-0.30370
-0.30375
-0.30380
-0.30386
-0.30391
-0.30396
-0.30401
-0.30406
-0.30412
-0.30417
-0.30422
-0.30427
-0.30432
-0.30438
-0.30443
-0.30448
-0.30453
-0.30458
-0.30464
-0.30469
-0.30474
-0.30479
-0.30484
-0.30490
-0.30495
-0.30500
-0.30505
-0.30510
-0.30516
-0.30521
-0.30526
-0.30531
-0.30536
-0.30542
-0.30547
-0.30552
-0.30557
-0.30562
-0.30567
-0.30573
-0.30578
-0.30583
-0.30588
-0.30593
-0.30599
-0.30604
-0.30609
-0.30614
-0.30619
-0.30625
-0.30630
-0.30635
-0.30640
-0.30645
-0.30651
-0.30656
-0.30661
-0.30666
-0.30671
-0.30677
-0.30682
-0.30687
-0.30692
-0.30697
-0.30703
-0.30708
-0.30713
-0.30718
-0.30723
-0.30729
-0.30734
-0.30739
-0.30744
-0.30749
-0.30755
-0.30760
-0.30765
-0.30770
-0.30775
-0.30781
-0.30786
-0.30791
-0.30796
-0.30801
-0.30807
-0.30812
-0.30817
-0.30822
-0.30827
-0.30833
-0.30838
-0.30843
-0.30848
-0.30853
-0.30859
-0.30864
-0.30869
-0.30874
-0.30879
-0.30885
-0.30890
-0.30895
-0.30900
-0.30905
-0.30911
-0.30916
-0.30921
-0.30926
-0.30931
-0.30937
-0.30942
-0.30947
-0.30952
-0.30957
-0.30963
-0.30968
-0.30973
-0.30978
-0.30983
-0.30989
-0.30994
-0.30999
-0.31004
-0.31009
-0.31015
-0.31020
-0.31025
-0.31030
-0.31035
-0.31041
-0.31046
-0.31051
-0.31056
-0.31061
-0.31066
-0.31072
-0.31077
-0.31082
-0.31087
-0.31092
-0.31098
-0.31103
-0.31108
-0.31113
-0.31118
-0.31124
-0.31129
-0.31134
-0.31139
-0.31144
-0.31150
-0.31155
-0.31160
-0.31165
-0.31170
-0.31176
-0.31181
-0.31186
-0.31191
-0.31196
-0.31202
-0.31207
-0.31212
-0.31217
-0.31222
-0.31228
-0.31233
-0.31238
-0.31243
-0.31248
-0.31254
-0.31259
-0.31264
-0.31269
-0.31274
-0.31280
-0.31285
-0.31290
-0.31295
-0.31300
-0.31306
-0.31311
-0.31316
-0.31321
-0.31326
-0.31332
-0.31337
-0.31342
-0.31347
-0.31352
-0.31358
-0.31363
-0.31368
-0.31373
-0.31378
-0.31384
-0.31389
-0.31394
-0.31399
-0.31404
-0.31410
-0.31415
-0.31420
-0.31425
-0.31430
-0.31436
-0.31441
-0.31446
-0.31451
-0.31456
-0.31462
-0.31467
-0.31472
-0.31477
-0.31482
-0.31488
-0.31493
-0.31498
-0.31503
-0.31508
-0.31514
-0.31519
-0.31524
-0.31529
-0.31534
-0.31540
-0.31545
-0.31550
-0.31555
-0.31560
-0.31565
-0.31571
-0.31576
-0.31581
-0.31586
-0.31591
-0.31597
-0.31602
-0.31607
-0.31612
-0.31617
-0.31623
-0.31628
-0.31633
-0.31638
-0.31643
-0.31649
-0.31654
-0.31659
-0.31664
-0.31669
-0.31675
-0.31680
-0.31685
-0.31690
-0.31695
-0.31701
-0.31706
-0.31711
-0.31716
-0.31721
-0.31727
-0.31732
-0.31737
-0.31742
-0.31747
-0.31753
-0.31758
-0.31763
-0.31768
-0.31773
-0.31779
-0.31784
-0.31789
-0.31794
-0.31799
-0.31805
-0.31810
-0.31815
-0.31820
-0.31825
-0.31831
-0.31836
-0.31841
-0.31846
-0.31851
-0.31857
-0.31862
-0.31867
-0.31872
-0.31877
-0.31883
-0.31888
-0.31893
-0.31898
-0.31903
-0.31909
-0.31914
-0.31919
-0.31924
-0.31929
-0.31935
-0.31940
-0.31945
-0.31950
-0.31955
-0.31961
-0.31966
-0.31971
-0.31976
-0.31981
-0.31987
-0.31992
-0.31997
-0.32002
-0.32007
-0.32013
-0.32018
-0.32023
-0.32028
-0.32033
-0.32038
-0.32044
-0.32049
-0.32054
-0.32059
-0.32064
-0.32070
-0.32075
-0.32080
-0.32085
-0.32090
-0.32096
-0.32101
-0.32106
-0.32111
-0.32116
-0.32122
-0.32127
-0.32132
-0.32137
-0.32142
-0.32148
-0.32153
-0.32158
-0.32163
-0.32168
-0.32174
-0.32179
-0.32184
-0.32189
-0.32194
-0.32200
-0.32205
-0.32210
-0.32215
-0.32220
-0.32226
-0.32231
-0.32236
-0.32241
-0.32246
-0.32252
-0.32257
-0.32262
-0.32267
-0.32272
-0.32278
-0.32283
-0.32288
-0.32293
-0.32298
-0.32304
-0.32309
-0.32314
-0.32319
-0.32324
-0.32330
-0.32335
-0.32340
-0.32345
-0.32350
-0.32356
-0.32361
-0.32366
-0.32371
-0.32376
-0.32382
-0.32387
-0.32392
-0.32397
-0.32402
-0.32408
-0.32413
-0.32418
-0.32423
-0.32428
-0.32434
-0.32439
-0.32444
-0.32449
-0.32454
-0.32460
-0.32465
-0.32470
-0.32475
-0.32480
-0.32486
-0.32491
-0.32496
-0.32501
-0.32506
-0.32512
-0.32517
-0.32522
-0.32527
-0.32532
-0.32537
-0.32543
-0.32548
-0.32553
-0.32558
-0.32563
-0.32569
-0.32574
-0.32579
-0.32584
-0.32589
-0.32595
-0.32600
-0.32605
-0.32610
-0.32615
-0.32621
-0.32626
-0.32631
-0.32636
-0.32641
-0.32647
-0.32652
-0.32657
-0.32662
-0.32667
-0.32673
-0.32678
-0.32683
-0.32688
-0.32693
-0.32699
-0.32704
-0.32709
-0.32714
-0.32719
-0.32725
-0.32730
-0.32735
-0.32740
-0.32745
-0.32751
-0.32756
-0.32761
-0.32766
-0.32771
-0.32777
-0.32782
-0.32787
-0.32792
-0.32797
-0.32803
-0.32808
-0.32813
-0.32818
-0.32823
-0.32829
-0.32834
-0.32839
-0.32844
-0.32849
-0.32855
-0.32860
-0.32865
-0.32870
-0.32875
-0.32881
-0.32886
-0.32891
-0.32896
-0.32901
-0.32907
-0.32912
-0.32917
-0.32922
-0.32927
-0.32933
-0.32938
-0.32943
-0.32948
-0.32953
-0.32959
-0.32964
-0.32969
-0.32974
-0.32979
-0.32985
-0.32990
-0.32995
-0.33000
-0.33005
-0.33010
-0.33016
-0.33021
-0.33026
-0.33031
-0.33036
-0.33042
-0.33047
-0.33052
-0.33057
-0.33062
-0.33068
-0.33073
-0.33078
-0.33083
-0.33088
-0.33094
-0.33099
-0.33104
-0.33109
-0.33114
-0.33120
-0.33125
-0.33130
-0.33135
-0.33140
-0.33146
-0.33151
-0.33156
-0.33161
-0.33166
-0.33172
-0.33177
-0.33182
-0.33187
-0.33192
-0.33198
-0.33203
-0.33208
-0.33213
-0.33218
-0.33224
-0.33229
-0.33234
-0.33239
-0.33244
-0.33250
-0.33255
-0.33260
-0.33265
-0.33270
-0.33276
-0.33281
-0.33286
-0.33291
-0.33296
-0.33302
-0.33307
-0.33312
-0.33317
-0.33322
-0.33328
-0.33333
-0.33338
-0.33343
-0.33348
-0.33354
-0.33359
-0.33364
-0.33369
-0.33374
-0.33380
-0.33385
-0.33390
-0.33395
-0.33400
-0.33406
-0.33411
-0.33416
-0.33421
-0.33426
-0.33432
-0.33437
-0.33442
-0.33447
-0.33452
-0.33458
-0.33463
-0.33468
-0.33473
-0.33478
-0.33483
-0.33489
-0.33494
-0.33499
-0.33504
-0.33509
-0.33515
-0.33520
-0.33525
-0.33530
-0.33535
-0.33541
-0.33546
-0.33551
-0.33556
-0.33561
-0.33567
-0.33572
-0.33577
-0.33582
-0.33587
-0.33593
-0.33598
-0.33603
-0.33608
-0.33613
-0.33619
-0.33624
-0.33629
-0.33634
-0.33639
-0.33645
-0.33650
-0.33655
-0.33660
-0.33665
-0.33671
-0.33676
-0.33681
-0.33686
-0.33691
-0.33697
-0.33702
-0.33707
-0.33712
-0.33717
-0.33723
-0.33728
-0.33733
-0.33738
-0.33743
-0.33749
-0.33754
-0.33759
-0.33764
-0.33769
-0.33775
-0.33780
-0.33785
-0.33790
-0.33795
-0.33801
-0.33806
-0.33811
-0.33816
-0.33821
-0.33827
-0.33832
-0.33837
-0.33842
-0.33847
-0.33853
-0.33858
-0.33863
-0.33868
-0.33873
-0.33879
-0.33884
-0.33889
-0.33894
-0.33899
-0.33905
-0.33910
-0.33915
-0.33920
-0.33925
-0.33931
-0.33936
-0.33941
-0.33946
-0.33951
-0.33956
-0.33962
-0.33967
-0.33972
-0.33977
-0.33982
-0.33988
-0.33993
-0.33998
-0.34003
-0.34008
-0.34014
-0.34019
-0.34024
-0.34029
-0.34034
-0.34040
-0.34045
-0.34050
-0.34055
-0.34060
-0.34066
-0.34071
-0.34076
-0.34081
-0.34086
-0.34092
-0.34097
-0.34102
-0.34107
-0.34112
-0.34118
-0.34123
-0.34128
-0.34133
-0.34138
-0.34144
-0.34149
-0.34154
-0.34159
-0.34164
-0.34170
-0.34175
-0.34180
-0.34185
-0.34190
-0.34196
-0.34201
-0.34206
-0.34211
-0.34216
-0.34222
-0.34227
-0.34232
-0.34237
-0.34242
-0.34248
-0.34253
-0.34258
-0.34263
-0.34268
-0.34274
-0.34279
-0.34284
-0.34289
-0.34294
-0.34300
-0.34305
-0.34310
-0.34315
-0.34320
-0.34326
-0.34331
-0.34336
-0.34341
-0.34346
-0.34352
-0.34357
-0.34362
-0.34367
-0.34372
-0.34378
-0.34383
-0.34388
-0.34393
-0.34398
-0.34403
-0.34409
-0.34414
-0.34419
-0.34424
-0.34429
-0.34435
-0.34440
-0.34445
-0.34450
-0.34455
-0.34461
-0.34466
-0.34471
-0.34476
-0.34481
-0.34487
-0.34492
-0.34497
-0.34502
-0.34507
-0.34513
-0.34518
-0.34523
-0.34528
-0.34533
-0.34539
-0.34544
-0.34549
-0.34554
-0.34559
-0.34565
-0.34570
-0.34575
-0.34580
-0.34585
-0.34591
-0.34596
-0.34601
-0.34606
-0.34611
-0.34617
-0.34622
-0.34627
-0.34632
-0.34637
-0.34643
-0.34648
-0.34653
-0.34658
-0.34663
-0.34669
-0.34674
-0.34679
-0.34684
-0.34689
-0.34695
-0.34700
-0.34705
-0.34710
-0.34715
-0.34721
-0.34726
-0.34731
-0.34736
-0.34741
-0.34747
-0.34752
-0.34757
-0.34762
-0.34767
-0.34773
-0.34778
-0.34783
-0.34788
-0.34793
-0.34799
-0.34804
-0.34809
-0.34814
-0.34819
-0.34825
-0.34830
-0.34835
-0.34840
-0.34845
-0.34851
-0.34856
-0.34861
-0.34866
-0.34871
-0.34876
-0.34882
-0.34887
-0.34892
-0.34897
-0.34902
-0.34908
-0.34913
-0.34918
-0.34923
-0.34928
-0.34934
-0.34939
-0.34944
-0.34949
-0.34954
-0.34960
-0.34965
-0.34970
-0.34975
-0.34980
-0.34986
-0.34991
-0.34996
-0.35001
-0.35006
-0.35012
-0.35017
-0.35022
-0.35027
-0.35032
-0.35038
-0.35043
-0.35048
-0.35053
-0.35058
-0.35064
-0.35069
-0.35074
-0.35079
-0.35084
-0.35090
-0.35095
-0.35100
-0.35105
-0.35110
-0.35116
-0.35121
-0.35126
-0.35131
-0.35136
-0.35142
-0.35147
-0.35152
-0.35157
-0.35162
-0.35168
-0.35173
-0.35178
-0.35183
-0.35188
-0.35194
-0.35199
-0.35204
-0.35209
-0.35214
-0.35220
-0.35225
-0.35230
-0.35235
-0.35240
-0.35246
-0.35251
-0.35256
-0.35261
-0.35266
-0.35272
-0.35277
-0.35282
-0.35287
-0.35292
-0.35298
-0.35303
-0.35308
-0.35313
-0.35318
-0.35323
-0.35329
-0.35334
-0.35339
-0.35344
-0.35349
-0.35355
-0.35360
-0.35365
-0.35370
-0.35375
-0.35381
-0.35386
-0.35391
-0.35396
-0.35401
-0.35407
-0.35412
-0.35417
-0.35422
-0.35427
-0.35433
-0.35438
-0.35443
-0.35448
-0.35453
-0.35459
-0.35464
-0.35469
-0.35474
-0.35479
-0.35485
-0.35490
-0.35495
-0.35500
-0.35505
-0.35511
-0.35516
-0.35521
-0.35526
-0.35531
-0.35537
-0.35542
-0.35547
-0.35552
-0.35557
-0.35563
-0.35568
-0.35573
-0.35578
-0.35583
-0.35589
-0.35594
-0.35599
-0.35604
-0.35609
-0.35615
-0.35620
-0.35625
-0.35630
-0.35635
-0.35641
-0.35646
-0.35651
-0.35656
-0.35661
-0.35667
-0.35672
-0.35677
-0.35682
-0.35687
-0.35693
-0.35698
-0.35703
-0.35708
-0.35713
-0.35719
-0.35724
-0.35729
-0.35734
-0.35739
-0.35745
-0.35750
-0.35755
-0.35760
-0.35765
-0.35770
-0.35776
-0.35781
-0.35786
-0.35791
-0.35796
-0.35802
-0.35807
-0.35812
-0.35817
-0.35822
-0.35828
-0.35833
-0.35838
-0.35843
-0.35848
-0.35854
-0.35859
-0.35864
-0.35869
-0.35874
-0.35880
-0.35885
-0.35890
-0.35895
-0.35900
-0.35906
-0.35911
-0.35916
-0.35921
-0.35926
-0.35932
-0.35937
-0.35942
-0.35947
-0.35952
-0.35958
-0.35963
-0.35968
-0.35973
-0.35978
-0.35984
-0.35989
-0.35994
-0.35999
-0.36004
-0.36010
-0.36015
-0.36020
-0.36025
-0.36030
-0.36036
-0.36041
-0.36046
-0.36051
-0.36056
-0.36062
-0.36067
-0.36072
-0.36077
-0.36082
-0.36088
-0.36093
-0.36098
-0.36103
-0.36108
-0.36114
-0.36119
-0.36124
-0.36129
-0.36134
-0.36140
-0.36145
-0.36150
-0.36155
-0.36160
-0.36166
-0.36171
-0.36176
-0.36181
-0.36186
-0.36192
-0.36197
-0.36202
-0.36207
-0.36212
-0.36217
-0.36223
-0.36228
-0.36233
-0.36238
-0.36243
-0.36249
-0.36254
-0.36259
-0.36264
-0.36269
-0.36275
-0.36280
-0.36285
-0.36290
-0.36295
-0.36301
-0.36306
-0.36311
-0.36316
-0.36321
-0.36327
-0.36332
-0.36337
-0.36342
-0.36347
-0.36353
-0.36358
-0.36363
-0.36368
-0.36373
-0.36379
-0.36384
-0.36389
-0.36394
-0.36399
-0.36405
-0.36410
-0.36415
-0.36420
-0.36425
-0.36431
-0.36436
-0.36441
-0.36446
-0.36451
-0.36457
-0.36462
-0.36467
-0.36472
-0.36477
-0.36483
-0.36488
-0.36493
-0.36498
-0.36503
-0.36509
-0.36514
-0.36519
-0.36524
-0.36529
-0.36535
-0.36540
-0.36545
-0.36550
-0.36555
-0.36561
-0.36566
-0.36571
-0.36576
-0.36581
-0.36587
-0.36592
-0.36597
-0.36602
-0.36607
-0.36613
-0.36618
-0.36623
-0.36628
-0.36633
-0.36639
-0.36644
-0.36649
-0.36654
-0.36659
-0.36664
-0.36670
-0.36675
-0.36680
-0.36685
-0.36690
-0.36696
-0.36701
-0.36706
-0.36711
-0.36716
-0.36722
-0.36727
-0.36732
-0.36737
-0.36742
-0.36748
-0.36753
-0.36758
-0.36763
-0.36768
-0.36774
-0.36779
-0.36784
-0.36789
-0.36794
-0.36800
-0.36805
-0.36810
-0.36815
-0.36820
-0.36826
-0.36831
-0.36836
-0.36841
-0.36846
-0.36852
-0.36857
-0.36862
-0.36867
-0.36872
-0.36878
-0.36883
-0.36888
-0.36893
-0.36898
-0.36904
-0.36909
-0.36914
-0.36919
-0.36924
-0.36930
-0.36935
-0.36940
-0.36945
-0.36950
-0.36956
-0.36961
-0.36966
-0.36971
-0.36976
-0.36982
-0.36987
-0.36992
-0.36997
-0.37002
-0.37008
-0.37013
-0.37018
-0.37023
-0.37028
-0.37034
-0.37039
-0.37044
-0.37049
-0.37054
-0.37060
-0.37065
-0.37070
-0.37075
-0.37080
-0.37085
-0.37091
-0.37096
-0.37101
-0.37106
-0.37111
-0.37117
-0.37122
-0.37127
-0.37132
-0.37137
-0.37143
-0.37148
-0.37153
-0.37158
-0.37163
-0.37169
-0.37174
-0.37179
-0.37184
-0.37189
-0.37195
-0.37200
-0.37205
-0.37210
-0.37215
-0.37221
-0.37226
-0.37231
-0.37236
-0.37241
-0.37247
-0.37252
-0.37257
-0.37262
-0.37267
-0.37273
-0.37278
-0.37283
-0.37288
-0.37293
-0.37299
-0.37304
-0.37309
-0.37314
-0.37319
-0.37325
-0.37330
-0.37335
-0.37340
-0.37345
-0.37351
-0.37356
-0.37361
-0.37366
-0.37371
-0.37377
-0.37382
-0.37387
-0.37392
-0.37397
-0.37403
-0.37408
-0.37413
-0.37418
-0.37423
-0.37429
-0.37434
-0.37439
-0.37444
-0.37449
-0.37455
-0.37460
-0.37465
-0.37470
-0.37475
-0.37481
-0.37486
-0.37491
-0.37496
-0.37501
-0.37507
-0.37512
-0.37517
-0.37522
-0.37527
-0.37532
-0.37538
-0.37543
-0.37548
-0.37553
-0.37558
-0.37564
-0.37569
-0.37574
-0.37579
-0.37584
-0.37590
-0.37595
-0.37600
-0.37605
-0.37610
-0.37616
-0.37621
-0.37626
-0.37631
-0.37636
-0.37642
-0.37647
-0.37652
-0.37657
-0.37662
-0.37668
-0.37673
-0.37678
-0.37683
-0.37688
-0.37694
-0.37699
-0.37704
-0.37709
-0.37714
-0.37720
-0.37725
-0.37730
-0.37735
-0.37740
-0.37746
-0.37751
-0.37756
-0.37761
-0.37766
-0.37772
-0.37777
-0.37782
-0.37787
-0.37792
-0.37798
-0.37803
-0.37808
-0.37813
-0.37818
-0.37824
-0.37829
-0.37834
-0.37839
-0.37844
-0.37850
-0.37855
-0.37860
-0.37865
-0.37870
-0.37876
-0.37881
-0.37886
-0.37891
-0.37896
-0.37902
-0.37907
-0.37912
-0.37917
-0.37922
-0.37928
-0.37933
-0.37938
-0.37943
-0.37948
-0.37953
-0.37959
-0.37964
-0.37969
-0.37974
-0.37979
-0.37985
-0.37990
-0.37995
-0.38000
-0.38005
-0.38011
-0.38016
-0.38021
-0.38026
-0.38031
-0.38037
-0.38042
-0.38047
-0.38052
-0.38057
-0.38063
-0.38068
-0.38073
-0.38078
-0.38083
-0.38089
-0.38094
-0.38099
-0.38104
-0.38109
-0.38115
-0.38120
-0.38125
-0.38130
-0.38135
-0.38141
-0.38146
-0.38151
-0.38156
-0.38161
-0.38167
-0.38172
-0.38177
-0.38182
-0.38187
-0.38193
-0.38198
-0.38203
-0.38208
-0.38213
-0.38219
-0.38224
-0.38229
-0.38234
-0.38239
-0.38245
-0.38250
-0.38255
-0.38260
-0.38265
-0.38271
-0.38276
-0.38281
-0.38286
-0.38291
-0.38297
-0.38302
-0.38307
-0.38312
-0.38317
-0.38323
-0.38328
-0.38333
-0.38338
-0.38343
-0.38349
-0.38354
-0.38359
-0.38364
-0.38369
-0.38374
-0.38380
-0.38385
-0.38390
-0.38395
-0.38400
-0.38406
-0.38411
-0.38416
-0.38421
-0.38426
-0.38432
-0.38437
-0.38442
-0.38447
-0.38452
-0.38458
-0.38463
-0.38468
-0.38473
-0.38478
-0.38484
-0.38489
-0.38494
-0.38499
-0.38504
-0.38510
-0.38515
-0.38520
-0.38525
-0.38530
-0.38536
-0.38541
-0.38546
-0.38551
-0.38556
-0.38562
-0.38567
-0.38572
-0.38577
-0.38582
-0.38588
-0.38593
-0.38598
-0.38603
-0.38608
-0.38614
-0.38619
-0.38624
-0.38629
-0.38634
-0.38640
-0.38645
-0.38650
-0.38655
-0.38660
-0.38666
-0.38671
-0.38676
-0.38681
-0.38686
-0.38692
-0.38697
-0.38702
-0.38707
-0.38712
-0.38718
-0.38723
-0.38728
-0.38733
-0.38738
-0.38744
-0.38749
-0.38754
-0.38759
-0.38764
-0.38770
-0.38775
-0.38780
-0.38785
-0.38790
-0.38795
-0.38801
-0.38806
-0.38811
-0.38816
-0.38821
-0.38827
-0.38832
-0.38837
-0.38842
-0.38847
-0.38853
-0.38858
-0.38863
-0.38868
-0.38873
-0.38879
-0.38884
-0.38889
-0.38894
-0.38899
-0.38905
-0.38910
-0.38915
-0.38920
-0.38925
-0.38931
-0.38936
-0.38941
-0.38946
-0.38951
-0.38957
-0.38962
-0.38967
-0.38972
-0.38977
-0.38983
-0.38988
-0.38993
-0.38998
-0.39003
-0.39009
-0.39014
-0.39019
-0.39024
-0.39029
-0.39035
-0.39040
-0.39045
-0.39050
-0.39055
-0.39061
-0.39066
-0.39071
-0.39076
-0.39081
-0.39087
-0.39092
-0.39097
-0.39102
-0.39107
-0.39113
-0.39118
-0.39123
-0.39128
-0.39133
-0.39139
-0.39144
-0.39149
-0.39154
-0.39159
-0.39165
-0.39170
-0.39175
-0.39180
-0.39185
-0.39191
-0.39196
-0.39201
-0.39206
-0.39211
-0.39216
-0.39222
-0.39227
-0.39232
-0.39237
-0.39242
-0.39248
-0.39253
-0.39258
-0.39263
-0.39268
-0.39274
-0.39279
-0.39284
-0.39289
-0.39294
-0.39300
-0.39305
-0.39310
-0.39315
-0.39320
-0.39326
-0.39331
-0.39336
-0.39341
-0.39346
-0.39352
-0.39357
-0.39362
-0.39367
-0.39372
-0.39378
-0.39383
-0.39388
-0.39393
-0.39398
-0.39404
-0.39409
-0.39414
-0.39419
-0.39424
-0.39430
-0.39435
-0.39440
-0.39445
-0.39450
-0.39456
-0.39461
-0.39466
-0.39471
-0.39476
-0.39482
-0.39487
-0.39492
-0.39497
-0.39502
-0.39508
-0.39513
-0.39518
-0.39523
-0.39528
-0.39534
-0.39539
-0.39544
-0.39549
-0.39554
-0.39560
-0.39565
-0.39570
-0.39575
-0.39580
-0.39586
-0.39591
-0.39596
-0.39601
-0.39606
-0.39611
-0.39617
-0.39622
-0.39627
-0.39632
-0.39637
-0.39643
-0.39648
-0.39653
-0.39658
-0.39663
-0.39669
-0.39674
-0.39679
-0.39684
-0.39689
-0.39695
-0.39700
-0.39705
-0.39710
-0.39715
-0.39721
-0.39726
-0.39731
-0.39736
-0.39741
-0.39747
-0.39752
-0.39757
-0.39762
-0.39767
-0.39773
-0.39778
-0.39783
-0.39788
-0.39793
-0.39799
-0.39804
-0.39809
-0.39814
-0.39819
-0.39825
-0.39830
-0.39835
-0.39840
-0.39845
-0.39851
-0.39856
-0.39861
-0.39866
-0.39871
-0.39877
-0.39882
-0.39887
-0.39892
-0.39897
-0.39903
-0.39908
-0.39913
-0.39918
-0.39923
-0.39929
-0.39934
-0.39939
-0.39944
-0.39949
-0.39955
-0.39960
-0.39965
-0.39970
-0.39975
-0.39981
-0.39986
-0.39991
-0.39996
-0.40001
-0.40007
-0.40012
-0.40017
-0.40022
-0.40027
-0.40032
-0.40038
-0.40043
-0.40048
-0.40053
-0.40058
-0.40064
-0.40069
-0.40074
-0.40079
-0.40084
-0.40090
-0.40095
-0.40100
-0.40105
-0.40110
-0.40116
-0.40121
-0.40126
-0.40131
-0.40136
-0.40142
-0.40147
-0.40152
-0.40157
-0.40162
-0.40168
-0.40173
-0.40178
-0.40183
-0.40188
-0.40194
-0.40199
-0.40204
-0.40209
-0.40214
-0.40220
-0.40225
-0.40230
-0.40235
-0.40240
-0.40246
-0.40251
-0.40256
-0.40261
-0.40266
-0.40272
-0.40277
-0.40282
-0.40287
-0.40292
-0.40298
-0.40303
-0.40308
-0.40313
-0.40318
-0.40324
-0.40329
-0.40334
-0.40339
-0.40344
-0.40350
-0.40355
-0.40360
-0.40365
-0.40370
-0.40376
-0.40381
-0.40386
-0.40391
-0.40396
-0.40402
-0.40407
-0.40412
-0.40417
-0.40422
-0.40427
-0.40433
-0.40438
-0.40443
-0.40448
-0.40453
-0.40459
-0.40464
-0.40469
-0.40474
-0.40479
-0.40485
-0.40490
-0.40495
-0.40500
-0.40505
-0.40511
-0.40516
-0.40521
-0.40526
-0.40531
-0.40537
-0.40542
-0.40547
-0.40552
-0.40557
-0.40563
-0.40568
-0.40573
-0.40578
-0.40583
-0.40589
-0.40594
-0.40599
-0.40604
-0.40609
-0.40615
-0.40620
-0.40625
-0.40630
-0.40635
-0.40641
-0.40646
-0.40651
-0.40656
-0.40661
-0.40667
-0.40672
-0.40677
-0.40682
-0.40687
-0.40693
-0.40698
-0.40703
-0.40708
-0.40713
-0.40719
-0.40724
-0.40729
-0.40734
-0.40739
-0.40745
-0.40750
-0.40755
-0.40760
-0.40765
-0.40771
-0.40776
-0.40781
-0.40786
-0.40791
-0.40797
-0.40802
-0.40807
-0.40812
-0.40817
-0.40823
-0.40828
-0.40833
-0.40838
-0.40843
-0.40848
-0.40854
-0.40859
-0.40864
-0.40869
-0.40874
-0.40880
-0.40885
-0.40890
-0.40895
-0.40900
-0.40906
-0.40911
-0.40916
-0.40921
-0.40926
-0.40932
-0.40937
-0.40942
-0.40947
-0.40952
-0.40958
-0.40963
-0.40968
-0.40973
-0.40978
-0.40984
-0.40989
-0.40994
-0.40999
-0.41004
-0.41010
-0.41015
-0.41020
-0.41025
-0.41030
-0.41036
-0.41041
-0.41046
-0.41051
-0.41056
-0.41062
-0.41067
-0.41072
-0.41077
-0.41082
-0.41088
-0.41093
-0.41098
-0.41103
-0.41108
-0.41114
-0.41119
-0.41124
-0.41129
-0.41134
-0.41140
-0.41145
-0.41150
-0.41155
-0.41160
-0.41166
-0.41171
-0.41176
-0.41181
-0.41186
-0.41192
-0.41197
-0.41202
-0.41207
-0.41212
-0.41218
-0.41223
-0.41228
-0.41233
-0.41238
-0.41243
-0.41249
-0.41254
-0.41259
-0.41264
-0.41269
-0.41275
-0.41280
-0.41285
-0.41290
-0.41295
-0.41301
-0.41306
-0.41311
-0.41316
-0.41321
-0.41327
-0.41332
-0.41337
-0.41342
-0.41347
-0.41353
-0.41358
-0.41363
-0.41368
-0.41373
-0.41379
-0.41384
-0.41389
-0.41394
-0.41399
-0.41405
-0.41410
-0.41415
-0.41420
-0.41425
-0.41431
-0.41436
-0.41441
-0.41446
-0.41451
-0.41457
-0.41462
-0.41467
-0.41472
-0.41477
-0.41483
-0.41488
-0.41493
-0.41498
-0.41503
-0.41509
-0.41514
-0.41519
-0.41524
-0.41529
-0.41535
-0.41540
-0.41545
-0.41550
-0.41555
-0.41561
-0.41566
-0.41571
-0.41576
-0.41581
-0.41587
-0.41592
-0.41597
-0.41602
-0.41607
-0.41613
-0.41618
-0.41623
-0.41628
-0.41633
-0.41638
-0.41644
-0.41649
-0.41654
-0.41659
-0.41664
-0.41670
-0.41675
-0.41680
-0.41685
-0.41690
-0.41696
-0.41701
-0.41706
-0.41711
-0.41716
-0.41722
-0.41727
-0.41732
-0.41737
-0.41742
-0.41748
-0.41753
-0.41758
-0.41763
-0.41768
-0.41774
-0.41779
-0.41784
-0.41789
-0.41794
-0.41800
-0.41805
-0.41810
-0.41815
-0.41820
-0.41826
-0.41831
-0.41836
-0.41841
-0.41846
-0.41852
-0.41857
-0.41862
-0.41867
-0.41872
-0.41878
-0.41883
-0.41888
-0.41893
-0.41898
-0.41904
-0.41909
-0.41914
-0.41919
-0.41924
-0.41930
-0.41935
-0.41940
-0.41945
-0.41950
-0.41956
-0.41961
-0.41966
-0.41971
-0.41976
-0.41982
-0.41987
-0.41992
-0.41997
-0.42002
-0.42008
-0.42013
-0.42018
-0.42023
-0.42028
-0.42033
-0.42039
-0.42044
-0.42049
-0.42054
-0.42059
-0.42065
-0.42070
-0.42075
-0.42080
-0.42085
-0.42091
-0.42096
-0.42101
-0.42106
-0.42111
-0.42117
-0.42122
-0.42127
-0.42132
-0.42137
-0.42143
-0.42148
-0.42153
-0.42158
-0.42163
-0.42169
-0.42174
-0.42179
-0.42184
-0.42189
-0.42195
-0.42200
-0.42205
-0.42210
-0.42215
-0.42221
-0.42226
-0.42231
-0.42236
-0.42241
-0.42247
-0.42252
-0.42257
-0.42262
-0.42267
-0.42273
-0.42278
-0.42283
-0.42288
-0.42293
-0.42299
-0.42304
-0.42309
-0.42314
-0.42319
-0.42325
-0.42330
-0.42335
-0.42340
-0.42345
-0.42351
-0.42356
-0.42361
-0.42366
-0.42371
-0.42377
-0.42382
-0.42387
-0.42392
-0.42397
-0.42403
-0.42408
-0.42413
-0.42418
-0.42423
-0.42428
-0.42434
-0.42439
-0.42444
-0.42449
-0.42454
-0.42460
-0.42465
-0.42470
-0.42475
-0.42480
-0.42486
-0.42491
-0.42496
-0.42501
-0.42506
-0.42512
-0.42517
-0.42522
-0.42527
-0.42532
-0.42538
-0.42543
-0.42548
-0.42553
-0.42558
-0.42564
-0.42569
-0.42574
-0.42579
-0.42584
-0.42590
-0.42595
-0.42600
-0.42605
-0.42610
-0.42616
-0.42621
-0.42626
-0.42631
-0.42636
-0.42642
-0.42647
-0.42652
-0.42657
-0.42662
-0.42668
-0.42673
-0.42678
-0.42683
-0.42688
-0.42694
-0.42699
-0.42704
-0.42709
-0.42714
-0.42720
-0.42725
-0.42730
-0.42735
-0.42740
-0.42746
-0.42751
-0.42756
-0.42761
-0.42766
-0.42772
-0.42777
-0.42782
-0.42787
-0.42792
-0.42797
-0.42803
-0.42808
-0.42813
-0.42818
-0.42823
-0.42829
-0.42834
-0.42839
-0.42844
-0.42849
-0.42855
-0.42860
-0.42865
-0.42870
-0.42875
-0.42881
-0.42886
-0.42891
-0.42896
-0.42901
-0.42907
-0.42912
-0.42917
-0.42922
-0.42927
-0.42933
-0.42938
-0.42943
-0.42948
-0.42953
-0.42959
-0.42964
-0.42969
-0.42974
-0.42979
-0.42985
-0.42990
-0.42995
-0.43000
-0.43005
-0.43011
-0.43016
-0.43021
-0.43026
-0.43031
-0.43037
-0.43042
-0.43047
-0.43052
-0.43057
-0.43063
-0.43068
-0.43073
-0.43078
-0.43083
-0.43089
-0.43094
-0.43099
-0.43104
-0.43109
-0.43115
-0.43120
-0.43125
-0.43130
-0.43135
-0.43141
-0.43146
-0.43151
-0.43156
-0.43161
-0.43167
-0.43172
-0.43177
-0.43182
-0.43187
-0.43192
-0.43198
-0.43203
-0.43208
-0.43213
-0.43218
-0.43224
-0.43229
-0.43234
-0.43239
-0.43244
-0.43250
-0.43255
-0.43260
-0.43265
-0.43270
-0.43276
-0.43281
-0.43286
-0.43291
-0.43296
-0.43302
-0.43307
-0.43312
-0.43317
-0.43322
-0.43328
-0.43333
-0.43338
-0.43343
-0.43348
-0.43354
-0.43359
-0.43364
-0.43369
-0.43374
-0.43380
-0.43385
-0.43390
-0.43395
-0.43400
-0.43406
-0.43411
-0.43416
-0.43421
-0.43426
-0.43432
-0.43437
-0.43442
-0.43447
-0.43452
-0.43458
-0.43463
-0.43468
-0.43473
-0.43478
-0.43484
-0.43489
-0.43494
-0.43499
-0.43504
-0.43510
-0.43515
-0.43520
-0.43525
-0.43530
-0.43536
-0.43541
-0.43546
-0.43551
-0.43556
-0.43562
-0.43567
-0.43572
-0.43577
-0.43582
-0.43587
-0.43593
-0.43598
-0.43603
-0.43608
-0.43613
-0.43619
-0.43624
-0.43629
-0.43634
-0.43639
-0.43645
-0.43650
-0.43655
-0.43660
-0.43665
-0.43671
-0.43676
-0.43681
-0.43686
-0.43691
-0.43697
-0.43702
-0.43707
-0.43712
-0.43717
-0.43723
-0.43728
-0.43733
-0.43738
-0.43743
-0.43749
-0.43754
-0.43759
-0.43764
-0.43769
-0.43775
-0.43780
-0.43785
-0.43790
-0.43795
-0.43801
-0.43806
-0.43811
-0.43816
-0.43821
-0.43827
-0.43832
-0.43837
-0.43842
-0.43847
-0.43853
-0.43858
-0.43863
-0.43868
-0.43873
-0.43879
-0.43884
-0.43889
-0.43894
-0.43899
-0.43905
-0.43910
-0.43915
-0.43920
-0.43925
-0.43931
-0.43936
-0.43941
-0.43946
-0.43951
-0.43956
-0.43962
-0.43967
-0.43972
-0.43977
-0.43982
-0.43988
-0.43993
-0.43998
-0.44003
-0.44008
-0.44014
-0.44019
-0.44024
-0.44029
-0.44034
-0.44040
-0.44045
-0.44050
-0.44055
-0.44060
-0.44066
-0.44071
-0.44076
-0.44081
-0.44086
-0.44092
-0.44097
-0.44102
-0.44107
-0.44112
-0.44118
-0.44123
-0.44128
-0.44133
-0.44138
-0.44144
-0.44149
-0.44154
-0.44159
-0.44164
-0.44170
-0.44175
-0.44180
-0.44185
-0.44190
-0.44196
-0.44201
-0.44206
-0.44211
-0.44216
-0.44222
-0.44227
-0.44232
-0.44237
-0.44242
-0.44248
-0.44253
-0.44258
-0.44263
-0.44268
-0.44274
-0.44279
-0.44284
-0.44289
-0.44294
-0.44300
-0.44305
-0.44310
-0.44315
-0.44320
-0.44325
-0.44331
-0.44336
-0.44341
-0.44346
-0.44351
-0.44357
-0.44362
-0.44367
-0.44372
-0.44377
-0.44383
-0.44388
-0.44393
-0.44398
-0.44403
-0.44409
-0.44414
-0.44419
-0.44424
-0.44429
-0.44435
-0.44440
-0.44445
-0.44450
-0.44455
-0.44461
-0.44466
-0.44471
-0.44476
-0.44481
-0.44487
-0.44492
-0.44497
-0.44502
-0.44507
-0.44513
-0.44518
-0.44523
-0.44528
-0.44533
-0.44539
-0.44544
-0.44549
-0.44554
-0.44559
-0.44565
-0.44570
-0.44575
-0.44580
-0.44585
-0.44591
-0.44596
-0.44601
-0.44606
-0.44611
-0.44617
-0.44622
-0.44627
-0.44632
-0.44637
-0.44643
-0.44648
-0.44653
-0.44658
-0.44663
-0.44669
-0.44674
-0.44679
-0.44684
-0.44689
-0.44694
-0.44700
-0.44705
-0.44710
-0.44715
-0.44720
-0.44726
-0.44731
-0.44736
-0.44741
-0.44746
-0.44752
-0.44757
-0.44762
-0.44767
-0.44772
-0.44778
-0.44783
-0.44788
-0.44793
-0.44798
-0.44804
-0.44809
-0.44814
-0.44819
-0.44824
-0.44830
-0.44835
-0.44840
-0.44845
-0.44850
-0.44856
-0.44861
-0.44866
-0.44871
-0.44876
-0.44882
-0.44887
-0.44892
-0.44897
-0.44902
-0.44908
-0.44913
-0.44918
-0.44923
-0.44928
-0.44934
-0.44939
-0.44944
-0.44949
-0.44954
-0.44960
-0.44965
-0.44970
-0.44975
-0.44980
-0.44986
-0.44991
-0.44996
-0.45001
-0.45006
-0.45012
-0.45017
-0.45022
-0.45027
-0.45032
-0.45038
-0.45043
-0.45048
-0.45053
-0.45058
-0.45064
-0.45069
-0.45074
-0.45079
-0.45084
-0.45089
-0.45095
-0.45100
-0.45105
-0.45110
-0.45115
-0.45121
-0.45126
-0.45131
-0.45136
-0.45141
-0.45147
-0.45152
-0.45157
-0.45162
-0.45167
-0.45173
-0.45178
-0.45183
-0.45188
-0.45193
-0.45199
-0.45204
-0.45209
-0.45214
-0.45219
-0.45225
-0.45230
-0.45235
-0.45240
-0.45245
-0.45251
-0.45256
-0.45261
-0.45266
-0.45271
-0.45277
-0.45282
-0.45287
-0.45292
-0.45297
-0.45303
-0.45308
-0.45313
-0.45318
-0.45323
-0.45329
-0.45334
-0.45339
-0.45344
-0.45349
-0.45355
-0.45360
-0.45365
-0.45370
-0.45375
-0.45381
-0.45386
-0.45391
-0.45396
-0.45401
-0.45407
-0.45412
-0.45417
-0.45422
-0.45427
-0.45433
-0.45438
-0.45443
-0.45448
-0.45453
-0.45458
-0.45464
-0.45469
-0.45474
-0.45479
-0.45484
-0.45490
-0.45495
-0.45500
-0.45505
-0.45510
-0.45516
-0.45521
-0.45526
-0.45531
-0.45536
-0.45542
-0.45547
-0.45552
-0.45557
-0.45562
-0.45568
-0.45573
-0.45578
-0.45583
-0.45588
-0.45594
-0.45599
-0.45604
-0.45609
-0.45614
-0.45620
-0.45625
-0.45630
-0.45635
-0.45640
-0.45646
-0.45651
-0.45656
-0.45661
-0.45666
-0.45672
-0.45677
-0.45682
-0.45687
-0.45692
-0.45698
-0.45703
-0.45708
-0.45713
-0.45718
-0.45724
-0.45729
-0.45734
-0.45739
-0.45744
-0.45750
-0.45755
-0.45760
-0.45765
-0.45770
-0.45776
-0.45781
-0.45786
-0.45791
-0.45796
-0.45801
-0.45807
-0.45812
-0.45817
-0.45822
-0.45827
-0.45833
-0.45838
-0.45843
-0.45848
-0.45853
-0.45859
-0.45864
-0.45869
-0.45874
-0.45879
-0.45885
-0.45890
-0.45895
-0.45900
-0.45905
-0.45911
-0.45916
-0.45921
-0.45926
-0.45931
-0.45937
-0.45942
-0.45947
-0.45952
-0.45957
-0.45963
-0.45968
-0.45973
-0.45978
-0.45983
-0.45989
-0.45994
-0.45999
-0.46004
-0.46009
-0.46015
-0.46020
-0.46025
-0.46030
-0.46035
-0.46041
-0.46046
-0.46051
-0.46056
-0.46061
-0.46067
-0.46072
-0.46077
-0.46082
-0.46087
-0.46093
-0.46098
-0.46103
-0.46108
-0.46113
-0.46119
-0.46124
-0.46129
-0.46134
-0.46139
-0.46145
-0.46150
-0.46155
-0.46160
-0.46165
-0.46170
-0.46176
-0.46181
-0.46186
-0.46191
-0.46196
-0.46202
-0.46207
-0.46212
-0.46217
-0.46222
-0.46228
-0.46233
-0.46238
-0.46243
-0.46248
-0.46254
-0.46259
-0.46264
-0.46269
-0.46274
-0.46280
-0.46285
-0.46290
-0.46295
-0.46300
-0.46306
-0.46311
-0.46316
-0.46321
-0.46326
-0.46332
-0.46337
-0.46342
-0.46347
-0.46352
-0.46358
-0.46363
-0.46368
-0.46373
-0.46378
-0.46384
-0.46389
-0.46394
-0.46399
-0.46404
-0.46410
-0.46415
-0.46420
-0.46425
-0.46430
-0.46436
-0.46441
-0.46446
-0.46451
-0.46456
-0.46462
-0.46467
-0.46472
-0.46477
-0.46482
-0.46488
-0.46493
-0.46498
-0.46503
-0.46508
-0.46514
-0.46519
-0.46524
-0.46529
-0.46534
-0.46539
-0.46545
-0.46550
-0.46555
-0.46560
-0.46565
-0.46571
-0.46576
-0.46581
-0.46586
-0.46591
-0.46597
-0.46602
-0.46607
-0.46612
-0.46617
-0.46623
-0.46628
-0.46633
-0.46638
-0.46643
-0.46649
-0.46654
-0.46659
-0.46664
-0.46669
-0.46675
-0.46680
-0.46685
-0.46690
-0.46695
-0.46701
-0.46706
-0.46711
-0.46716
-0.46721
-0.46727
-0.46732
-0.46737
-0.46742
-0.46747
-0.46753
-0.46758
-0.46763
-0.46768
-0.46773
-0.46779
-0.46784
-0.46789
-0.46794
-0.46799
-0.46805
-0.46810
-0.46815
-0.46820
-0.46825
-0.46831
-0.46836
-0.46841
-0.46846
-0.46851
-0.46857
-0.46862
-0.46867
-0.46872
-0.46877
-0.46883
-0.46888
-0.46893
-0.46898
-0.46903
-0.46908
-0.46914
-0.46919
-0.46924
-0.46929
-0.46934
-0.46940
-0.46945
-0.46950
-0.46955
-0.46960
-0.46966
-0.46971
-0.46976
-0.46981
-0.46986
-0.46992
-0.46997
-0.47002
-0.47007
-0.47012
-0.47018
-0.47023
-0.47028
-0.47033
-0.47038
-0.47044
-0.47049
-0.47054
-0.47059
-0.47064
-0.47070
-0.47075
-0.47080
-0.47085
-0.47090
-0.47096
-0.47101
-0.47106
-0.47111
-0.47116
-0.47122
-0.47127
-0.47132
-0.47137
-0.47142
-0.47148
-0.47153
-0.47158
-0.47163
-0.47168
-0.47174
-0.47179
-0.47184
-0.47189
-0.47194
-0.47200
-0.47205
-0.47210
-0.47215
-0.47220
-0.47226
-0.47231
-0.47236
-0.47241
-0.47246
-0.47251
-0.47257
-0.47262
-0.47267
-0.47272
-0.47277
-0.47283
-0.47288
-0.47293
-0.47298
-0.47303
-0.47309
-0.47314
-0.47319
-0.47324
-0.47329
-0.47335
-0.47340
-0.47345
-0.47350
-0.47355
-0.47361
-0.47366
-0.47371
-0.47376
-0.47381
-0.47387
-0.47392
-0.47397
-0.47402
-0.47407
-0.47413
-0.47418
-0.47423
-0.47428
-0.47433
-0.47439
-0.47444
-0.47449
-0.47454
-0.47459
-0.47465
-0.47470
-0.47475
-0.47480
-0.47485
-0.47491
-0.47496
-0.47501
-0.47506
-0.47511
-0.47517
-0.47522
-0.47527
-0.47532
-0.47537
-0.47543
-0.47548
-0.47553
-0.47558
-0.47563
-0.47569
-0.47574
-0.47579
-0.47584
-0.47589
-0.47595
-0.47600
-0.47605
-0.47610
-0.47615
-0.47620
-0.47626
-0.47631
-0.47636
-0.47641
-0.47646
-0.47652
-0.47657
-0.47662
-0.47667
-0.47672
-0.47678
-0.47683
-0.47688
-0.47693
-0.47698
-0.47704
-0.47709
-0.47714
-0.47719
-0.47724
-0.47730
-0.47735
-0.47740
-0.47745
-0.47750
-0.47756
-0.47761
-0.47766
-0.47771
-0.47776
-0.47782
-0.47787
-0.47792
-0.47797
-0.47802
-0.47808
-0.47813
-0.47818
-0.47823
-0.47828
-0.47834
-0.47839
-0.47844
-0.47849
-0.47854
-0.47860
-0.47865
-0.47870
-0.47875
-0.47880
-0.47886
-0.47891
-0.47896
-0.47901
-0.47906
-0.47912
-0.47917
-0.47922
-0.47927
-0.47932
-0.47938
-0.47943
-0.47948
-0.47953
-0.47958
-0.47963
-0.47969
-0.47974
-0.47979
-0.47984
-0.47989
-0.47995
-0.48000
-0.48005
-0.48010
-0.48015
-0.48021
-0.48026
-0.48031
-0.48036
-0.48041
-0.48047
-0.48052
-0.48057
-0.48062
-0.48067
-0.48073
-0.48078
-0.48083
-0.48088
-0.48093
-0.48099
-0.48104
-0.48109
-0.48114
-0.48119
-0.48125
-0.48130
-0.48135
-0.48140
-0.48145
-0.48151
-0.48156
-0.48161
-0.48166
-0.48171
-0.48177
-0.48182
-0.48187
-0.48192
-0.48197
-0.48203
-0.48208
-0.48213
-0.48218
-0.48223
-0.48229
-0.48234
-0.48239
-0.48244
-0.48249
-0.48255
-0.48260
-0.48265
-0.48270
-0.48275
-0.48281
-0.48286
-0.48291
-0.48296
-0.48301
-0.48306
-0.48312
-0.48317
-0.48322
-0.48327
-0.48332
-0.48338
-0.48343
-0.48348
-0.48353
-0.48358
-0.48364
-0.48369
-0.48374
-0.48379
-0.48384
-0.48390
-0.48395
-0.48400
-0.48405
-0.48410
-0.48416
-0.48421
-0.48426
-0.48431
-0.48436
-0.48442
-0.48447
-0.48452
-0.48457
-0.48462
-0.48468
-0.48473
-0.48478
-0.48483
-0.48488
-0.48494
-0.48499
-0.48504
-0.48509
-0.48514
-0.48520
-0.48525
-0.48530
-0.48535
-0.48540
-0.48546
-0.48551
-0.48556
-0.48561
-0.48566
-0.48572
-0.48577
-0.48582
-0.48587
-0.48592
-0.48598
-0.48603
-0.48608
-0.48613
-0.48618
-0.48624
-0.48629
-0.48634
-0.48639
-0.48644
-0.48649
-0.48655
-0.48660
-0.48665
-0.48670
-0.48675
-0.48681
-0.48686
-0.48691
-0.48696
-0.48701
-0.48707
-0.48712
-0.48717
-0.48722
-0.48727
-0.48733
-0.48738
-0.48743
-0.48748
-0.48753
-0.48759
-0.48764
-0.48769
-0.48774
-0.48779
-0.48785
-0.48790
-0.48795
-0.48800
-0.48805
-0.48811
-0.48816
-0.48821
-0.48826
-0.48831
-0.48837
-0.48842
-0.48847
-0.48852
-0.48857
-0.48863
-0.48868
-0.48873
-0.48878
-0.48883
-0.48889
-0.48894
-0.48899
-0.48904
-0.48909
-0.48915
-0.48920
-0.48925
-0.48930
-0.48935
-0.48941
-0.48946
-0.48951
-0.48956
-0.48961
-0.48967
-0.48972
-0.48977
-0.48982
-0.48987
-0.48993
-0.48998
-0.49003
-0.49008
-0.49013
-0.49018
-0.49024
-0.49029
-0.49034
-0.49039
-0.49044
-0.49050
-0.49055
-0.49060
-0.49065
-0.49070
-0.49076
-0.49081
-0.49086
-0.49091
-0.49096
-0.49102
-0.49107
-0.49112
-0.49117
-0.49122
-0.49128
-0.49133
-0.49138
-0.49143
-0.49148
-0.49154
-0.49159
-0.49164
-0.49169
-0.49174
-0.49180
-0.49185
-0.49190
-0.49195
-0.49200
-0.49206
-0.49211
-0.49216
-0.49221
-0.49226
-0.49232
-0.49237
-0.49242
-0.49247
-0.49252
-0.49258
-0.49263
-0.49268
-0.49273
-0.49278
-0.49284
-0.49289
-0.49294
-0.49299
-0.49304
-0.49310
-0.49315
-0.49320
-0.49325
-0.49330
-0.49336
-0.49341
-0.49346
-0.49351
-0.49356
-0.49361
-0.49367
-0.49372
-0.49377
-0.49382
-0.49387
-0.49393
-0.49398
-0.49403
-0.49408
-0.49413
-0.49419
-0.49424
-0.49429
-0.49434
-0.49439
-0.49445
-0.49450
-0.49455
-0.49460
-0.49465
-0.49471
-0.49476
-0.49481
-0.49486
-0.49491
-0.49497
-0.49502
-0.49507
-0.49512
-0.49517
-0.49523
-0.49528
-0.49533
-0.49538
-0.49543
-0.49549
-0.49554
-0.49559
-0.49564
-0.49569
-0.49575
-0.49580
-0.49585
-0.49590
-0.49595
-0.49601
-0.49606
-0.49611
-0.49616
-0.49621
-0.49627
-0.49632
-0.49637
-0.49642
-0.49647
-0.49653
-0.49658
-0.49663
-0.49668
-0.49673
-0.49679
-0.49684
-0.49689
-0.49694
-0.49699
-0.49704
-0.49710
-0.49715
-0.49720
-0.49725
-0.49730
-0.49736
-0.49741
-0.49746
-0.49751
-0.49756
-0.49762
-0.49767
-0.49772
-0.49777
-0.49782
-0.49788
-0.49793
-0.49798
-0.49803
-0.49808
-0.49814
-0.49819
-0.49824
-0.49829
-0.49834
-0.49840
-0.49845
-0.49850
-0.49855
-0.49860
-0.49866
-0.49871
-0.49876
-0.49881
-0.49886
-0.49892
-0.49897
-0.49902
-0.49907
-0.49912
-0.49918
-0.49923
-0.49928
-0.49933
-0.49938
-0.49944
-0.49949
-0.49954
-0.49959
-0.49964
-0.49970
-0.49975
-0.49980
-0.49985
-0.49990
-0.49996
-0.50001
-0.50006
-0.50011
-0.50016
-0.50021
-0.50027
-0.50032
-0.50037
-0.50042
-0.50047
-0.50053
-0.50058
-0.50063
-0.50068
-0.50073
-0.50079
-0.50084
-0.50089
-0.50094
-0.50099
-0.50105
-0.50110
-0.50115
-0.50120
-0.50125
-0.50131
-0.50136
-0.50141
-0.50146
-0.50151
-0.50157
-0.50162
-0.50167
-0.50172
-0.50177
-0.50183
-0.50188
-0.50193
-0.50198
-0.50203
-0.50209
-0.50214
-0.50219
-0.50224
-0.50229
-0.50235
-0.50240
-0.50245
-0.50250
-0.50255
-0.50261
-0.50266
-0.50271
-0.50276
-0.50281
-0.50287
-0.50292
-0.50297
-0.50302
-0.50307
-0.50313
-0.50318
-0.50323
-0.50328
-0.50333
-0.50339
-0.50344
-0.50349
-0.50354
-0.50359
-0.50364
-0.50370
-0.50375
-0.50380
-0.50385
-0.50390
-0.50396
-0.50401
-0.50406
-0.50411
-0.50416
-0.50422
-0.50427
-0.50432
-0.50437
-0.50442
-0.50448
-0.50453
-0.50458
-0.50463
-0.50468
-0.50474
-0.50479
-0.50484
-0.50489
-0.50494
-0.50500
-0.50505
-0.50510
-0.50515
-0.50520
-0.50526
-0.50531
-0.50536
-0.50541
-0.50546
-0.50552
-0.50557
-0.50562
-0.50567
-0.50572
-0.50578
-0.50583
-0.50588
-0.50593
-0.50598
-0.50604
-0.50609
-0.50614
-0.50619
-0.50624
-0.50630
-0.50635
-0.50640
-0.50645
-0.50650
-0.50656
-0.50661
-0.50666
-0.50671
-0.50676
-0.50682
-0.50687
-0.50692
-0.50697
-0.50702
-0.50707
-0.50713
-0.50718
-0.50723
-0.50728
-0.50733
-0.50739
-0.50744
-0.50749
-0.50754
-0.50759
-0.50765
-0.50770
-0.50775
-0.50780
-0.50785
-0.50791
-0.50796
-0.50801
-0.50806
-0.50811
-0.50817
-0.50822
-0.50827
-0.50832
-0.50837
-0.50843
-0.50848
-0.50853
-0.50858
-0.50863
-0.50869
-0.50874
-0.50879
-0.50884
-0.50889
-0.50895
-0.50900
-0.50905
-0.50910
-0.50915
-0.50921
-0.50926
-0.50931
-0.50936
-0.50941
-0.50947
-0.50952
-0.50957
-0.50962
-0.50967
-0.50973
-0.50978
-0.50983
-0.50988
-0.50993
-0.50999
-0.51004
-0.51009
-0.51014
-0.51019
-0.51025
-0.51030
-0.51035
-0.51040
-0.51045
-0.51050
-0.51056
-0.51061
-0.51066
-0.51071
-0.51076
-0.51082
-0.51087
-0.51092
-0.51097
-0.51102
-0.51108
-0.51113
-0.51118
-0.51123
-0.51128
-0.51134
-0.51139
-0.51144
-0.51149
-0.51154
-0.51160
-0.51165
-0.51170
-0.51175
-0.51180
-0.51186
-0.51191
-0.51196
-0.51201
-0.51206
-0.51212
-0.51217
-0.51222
-0.51227
-0.51232
-0.51238
-0.51243
-0.51248
-0.51253
-0.51258
-0.51264
-0.51269
-0.51274
-0.51279
-0.51284
-0.51290
-0.51295
-0.51300
-0.51305
-0.51310
-0.51316
-0.51321
-0.51326
-0.51331
-0.51336
-0.51342
-0.51347
-0.51352
-0.51357
-0.51362
-0.51367
-0.51373
-0.51378
-0.51383
-0.51388
-0.51393
-0.51399
-0.51404
-0.51409
-0.51414
-0.51419
-0.51425
-0.51430
-0.51435
-0.51440
-0.51445
-0.51451
-0.51456
-0.51461
-0.51466
-0.51471
-0.51477
-0.51482
-0.51487
-0.51492
-0.51497
-0.51503
-0.51508
-0.51513
-0.51518
-0.51523
-0.51529
-0.51534
-0.51539
-0.51544
-0.51549
-0.51555
-0.51560
-0.51565
-0.51570
-0.51575
-0.51581
-0.51586
-0.51591
-0.51596
-0.51601
-0.51607
-0.51612
-0.51617
-0.51622
-0.51627
-0.51633
-0.51638
-0.51643
-0.51648
-0.51653
-0.51659
-0.51664
-0.51669
-0.51674
-0.51679
-0.51685
-0.51690
-0.51695
-0.51700
-0.51705
-0.51710
-0.51716
-0.51721
-0.51726
-0.51731
-0.51736
-0.51742
-0.51747
-0.51752
-0.51757
-0.51762
-0.51768
-0.51773
-0.51778
-0.51783
-0.51788
-0.51794
-0.51799
-0.51804
-0.51809
-0.51814
-0.51820
-0.51825
-0.51830
-0.51835
-0.51840
-0.51846
-0.51851
-0.51856
-0.51861
-0.51866
-0.51872
-0.51877
-0.51882
-0.51887
-0.51892
-0.51898
-0.51903
-0.51908
-0.51913
-0.51918
-0.51924
-0.51929
-0.51934
-0.51939
-0.51944
-0.51950
-0.51955
-0.51960
-0.51965
-0.51970
-0.51976
-0.51981
-0.51986
-0.51991
-0.51996
-0.52002
-0.52007
-0.52012
-0.52017
-0.52022
-0.52027
-0.52033
-0.52038
-0.52043
-0.52048
-0.52053
-0.52059
-0.52064
-0.52069
-0.52074
-0.52079
-0.52085
-0.52090
-0.52095
-0.52100
-0.52105
-0.52111
-0.52116
-0.52121
-0.52126
-0.52131
-0.52137
-0.52142
-0.52147
-0.52152
-0.52157
-0.52163
-0.52168
-0.52173
-0.52178
-0.52183
-0.52189
-0.52194
-0.52199
-0.52204
-0.52209
-0.52215
-0.52220
-0.52225
-0.52230
-0.52235
-0.52241
-0.52246
-0.52251
-0.52256
-0.52261
-0.52267
-0.52272
-0.52277
-0.52282
-0.52287
-0.52293
-0.52298
-0.52303
-0.52308
-0.52313
-0.52319
-0.52324
-0.52329
-0.52334
-0.52339
-0.52345
-0.52350
-0.52355
-0.52360
-0.52365
-0.52370
-0.52376
-0.52381
-0.52386
-0.52391
-0.52396
-0.52402
-0.52407
-0.52412
-0.52417
-0.52422
-0.52428
-0.52433
-0.52438
-0.52443
-0.52448
-0.52454
-0.52459
-0.52464
-0.52469
-0.52474
-0.52480
-0.52485
-0.52490
-0.52495
-0.52500
-0.52506
-0.52511
-0.52516
-0.52521
-0.52526
-0.52532
-0.52537
-0.52542
-0.52547
-0.52552
-0.52558
-0.52563
-0.52568
-0.52573
-0.52578
-0.52584
-0.52589
-0.52594
-0.52599
-0.52604
-0.52610
-0.52615
-0.52620
-0.52625
-0.52630
-0.52636
-0.52641
-0.52646
-0.52651
-0.52656
-0.52662
-0.52667
-0.52672
-0.52677
-0.52682
-0.52687
-0.52693
-0.52698
-0.52703
-0.52708
-0.52713
-0.52719
-0.52724
-0.52729
-0.52734
-0.52739
-0.52745
-0.52750
-0.52755
-0.52760
-0.52765
-0.52771
-0.52776
-0.52781
-0.52786
-0.52791
-0.52797
-0.52802
-0.52807
-0.52812
-0.52817
-0.52823
-0.52828
-0.52833
-0.52838
-0.52843
-0.52849
-0.52854
-0.52859
-0.52864
-0.52869
-0.52875
-0.52880
-0.52885
-0.52890
-0.52895
-0.52901
-0.52906
-0.52911
-0.52916
-0.52921
-0.52927
-0.52932
-0.52937
-0.52942
-0.52947
-0.52953
-0.52958
-0.52963
-0.52968
-0.52973
-0.52979
-0.52984
-0.52989
-0.52994
-0.52999
-0.53004
-0.53010
-0.53015
-0.53020
-0.53025
-0.53030
-0.53036
-0.53041
-0.53046
-0.53051
-0.53056
-0.53062
-0.53067
-0.53072
-0.53077
-0.53082
-0.53088
-0.53093
-0.53098
-0.53103
-0.53108
-0.53114
-0.53119
-0.53124
-0.53129
-0.53134
-0.53140
-0.53145
-0.53150
-0.53155
-0.53160
-0.53166
-0.53171
-0.53176
-0.53181
-0.53186
-0.53192
-0.53197
-0.53202
-0.53207
-0.53212
-0.53218
-0.53223
-0.53228
-0.53233
-0.53238
-0.53244
-0.53249
-0.53254
-0.53259
-0.53264
-0.53270
-0.53275
-0.53280
-0.53285
-0.53290
-0.53296
-0.53301
-0.53306
-0.53311
-0.53316
-0.53321
-0.53327
-0.53332
-0.53337
-0.53342
-0.53347
-0.53353
-0.53358
-0.53363
-0.53368
-0.53373
-0.53379
-0.53384
-0.53389
-0.53394
-0.53399
-0.53405
-0.53410
-0.53415
-0.53420
-0.53425
-0.53431
-0.53436
-0.53441
-0.53446
-0.53451
-0.53457
-0.53462
-0.53467
-0.53472
-0.53477
-0.53483
-0.53488
-0.53493
-0.53498
-0.53503
-0.53509
-0.53514
-0.53519
-0.53524
-0.53529
-0.53535
-0.53540
-0.53545
-0.53550
-0.53555
-0.53561
-0.53566
-0.53571
-0.53576
-0.53581
-0.53587
-0.53592
-0.53597
-0.53602
-0.53607
-0.53613
-0.53618
-0.53623
-0.53628
-0.53633
-0.53638
-0.53644
-0.53649
-0.53654
-0.53659
-0.53664
-0.53670
-0.53675
-0.53680
-0.53685
-0.53690
-0.53696
-0.53701
-0.53706
-0.53711
-0.53716
-0.53722
-0.53727
-0.53732
-0.53737
-0.53742
-0.53748
-0.53753
-0.53758
-0.53763
-0.53768
-0.53774
-0.53779
-0.53784
-0.53789
-0.53794
-0.53800
-0.53805
-0.53810
-0.53815
-0.53820
-0.53826
-0.53831
-0.53836
-0.53841
-0.53846
-0.53852
-0.53857
-0.53862
-0.53867
-0.53872
-0.53878
-0.53883
-0.53888
-0.53893
-0.53898
-0.53904
-0.53909
-0.53914
-0.53919
-0.53924
-0.53930
-0.53935
-0.53940
-0.53945
-0.53950
-0.53955
-0.53961
-0.53966
-0.53971
-0.53976
-0.53981
-0.53987
-0.53992
-0.53997
-0.54002
-0.54007
-0.54013
-0.54018
-0.54023
-0.54028
-0.54033
-0.54039
-0.54044
-0.54049
-0.54054
-0.54059
-0.54065
-0.54070
-0.54075
-0.54080
-0.54085
-0.54091
-0.54096
-0.54101
-0.54106
-0.54111
-0.54117
-0.54122
-0.54127
-0.54132
-0.54137
-0.54143
-0.54148
-0.54153
-0.54158
-0.54163
-0.54169
-0.54174
-0.54179
-0.54184
-0.54189
-0.54195
-0.54200
-0.54205
-0.54210
-0.54215
-0.54221
-0.54226
-0.54231
-0.54236
-0.54241
-0.54247
-0.54252
-0.54257
-0.54262
-0.54267
-0.54272
-0.54278
-0.54283
-0.54288
-0.54293
-0.54298
-0.54304
-0.54309
-0.54314
-0.54319
-0.54324
-0.54330
-0.54335
-0.54340
-0.54345
-0.54350
-0.54356
-0.54361
-0.54366
-0.54371
-0.54376
-0.54382
-0.54387
-0.54392
-0.54397
-0.54402
-0.54408
-0.54413
-0.54418
-0.54423
-0.54428
-0.54434
-0.54439
-0.54444
-0.54449
-0.54454
-0.54460
-0.54465
-0.54470
-0.54475
-0.54480
-0.54486
-0.54491
-0.54496
-0.54501
-0.54506
-0.54512
-0.54517
-0.54522
-0.54527
-0.54532
-0.54538
-0.54543
-0.54548
-0.54553
-0.54558
-0.54564
-0.54569
-0.54574
-0.54579
-0.54584
-0.54589
-0.54595
-0.54600
-0.54605
-0.54610
-0.54615
-0.54621
-0.54626
-0.54631
-0.54636
-0.54641
-0.54647
-0.54652
-0.54657
-0.54662
-0.54667
-0.54673
-0.54678
-0.54683
-0.54688
-0.54693
-0.54699
-0.54704
-0.54709
-0.54714
-0.54719
-0.54725
-0.54730
-0.54735
-0.54740
-0.54745
-0.54751
-0.54756
-0.54761
-0.54766
-0.54771
-0.54777
-0.54782
-0.54787
-0.54792
-0.54797
-0.54803
-0.54808
-0.54813
-0.54818
-0.54823
-0.54829
-0.54834
-0.54839
-0.54844
-0.54849
-0.54855
-0.54860
-0.54865
-0.54870
-0.54875
-0.54881
-0.54886
-0.54891
-0.54896
-0.54901
-0.54906
-0.54912
-0.54917
-0.54922
-0.54927
-0.54932
-0.54938
-0.54943
-0.54948
-0.54953
-0.54958
-0.54964
-0.54969
-0.54974
-0.54979
-0.54984
-0.54990
-0.54995
-0.55000
-0.55005
-0.55010
-0.55016
-0.55021
-0.55026
-0.55031
-0.55036
-0.55042
-0.55047
-0.55052
-0.55057
-0.55062
-0.55068
-0.55073
-0.55078
-0.55083
-0.55088
-0.55094
-0.55099
-0.55104
-0.55109
-0.55114
-0.55120
-0.55125
-0.55130
-0.55135
-0.55140
-0.55146
-0.55151
-0.55156
-0.55161
-0.55166
-0.55172
-0.55177
-0.55182
-0.55187
-0.55192
-0.55198
-0.55203
-0.55208
-0.55213
-0.55218
-0.55223
-0.55229
-0.55234
-0.55239
-0.55244
-0.55249
-0.55255
-0.55260
-0.55265
-0.55270
-0.55275
-0.55281
-0.55286
-0.55291
-0.55296
-0.55301
-0.55307
-0.55312
-0.55317
-0.55322
-0.55327
-0.55333
-0.55338
-0.55343
-0.55348
-0.55353
-0.55359
-0.55364
-0.55369
-0.55374
-0.55379
-0.55385
-0.55390
-0.55395
-0.55400
-0.55405
-0.55411
-0.55416
-0.55421
-0.55426
-0.55431
-0.55437
-0.55442
-0.55447
-0.55452
-0.55457
-0.55463
-0.55468
-0.55473
-0.55478
-0.55483
-0.55489
-0.55494
-0.55499
-0.55504
-0.55509
-0.55515
-0.55520
-0.55525
-0.55530
-0.55535
-0.55540
-0.55546
-0.55551
-0.55556
-0.55561
-0.55566
-0.55572
-0.55577
-0.55582
-0.55587
-0.55592
-0.55598
-0.55603
-0.55608
-0.55613
-0.55618
-0.55624
-0.55629
-0.55634
-0.55639
-0.55644
-0.55650
-0.55655
-0.55660
-0.55665
-0.55670
-0.55676
-0.55681
-0.55686
-0.55691
-0.55696
-0.55702
-0.55707
-0.55712
-0.55717
-0.55722
-0.55728
-0.55733
-0.55738
-0.55743
-0.55748
-0.55754
-0.55759
-0.55764
-0.55769
-0.55774
-0.55780
-0.55785
-0.55790
-0.55795
-0.55800
-0.55806
-0.55811
-0.55816
-0.55821
-0.55826
-0.55832
-0.55837
-0.55842
-0.55847
-0.55852
-0.55857
-0.55863
-0.55868
-0.55873
-0.55878
-0.55883
-0.55889
-0.55894
-0.55899
-0.55904
-0.55909
-0.55915
-0.55920
-0.55925
-0.55930
-0.55935
-0.55941
-0.55946
-0.55951
-0.55956
-0.55961
-0.55967
-0.55972
-0.55977
-0.55982
-0.55987
-0.55993
-0.55998
-0.56003
-0.56008
-0.56013
-0.56019
-0.56024
-0.56029
-0.56034
-0.56039
-0.56045
-0.56050
-0.56055
-0.56060
-0.56065
-0.56071
-0.56076
-0.56081
-0.56086
-0.56091
-0.56097
-0.56102
-0.56107
-0.56112
-0.56117
-0.56123
-0.56128
-0.56133
-0.56138
-0.56143
-0.56148
-0.56154
-0.56159
-0.56164
-0.56169
-0.56174
-0.56180
-0.56185
-0.56190
-0.56195
-0.56200
-0.56206
-0.56211
-0.56216
-0.56221
-0.56226
-0.56232
-0.56237
-0.56242
-0.56247
-0.56252
-0.56258
-0.56263
-0.56268
-0.56273
-0.56278
-0.56284
-0.56289
-0.56294
-0.56299
-0.56304
-0.56310
-0.56315
-0.56320
-0.56325
-0.56330
-0.56336
-0.56341
-0.56346
-0.56351
-0.56356
-0.56362
-0.56367
-0.56372
-0.56377
-0.56382
-0.56388
-0.56393
-0.56398
-0.56403
-0.56408
-0.56414
-0.56419
-0.56424
-0.56429
-0.56434
-0.56440
-0.56445
-0.56450
-0.56455
-0.56460
-0.56465
-0.56471
-0.56476
-0.56481
-0.56486
-0.56491
-0.56497
-0.56502
-0.56507
-0.56512
-0.56517
-0.56523
-0.56528
-0.56533
-0.56538
-0.56543
-0.56549
-0.56554
-0.56559
-0.56564
-0.56569
-0.56575
-0.56580
-0.56585
-0.56590
-0.56595
-0.56601
-0.56606
-0.56611
-0.56616
-0.56621
-0.56627
-0.56632
-0.56637
-0.56642
-0.56647
-0.56653
-0.56658
-0.56663
-0.56668
-0.56673
-0.56679
-0.56684
-0.56689
-0.56694
-0.56699
-0.56705
-0.56710
-0.56715
-0.56720
-0.56725
-0.56731
-0.56736
-0.56741
-0.56746
-0.56751
-0.56756
-0.56762
-0.56767
-0.56772
-0.56777
-0.56782
-0.56788
-0.56793
-0.56798
-0.56803
-0.56808
-0.56814
-0.56819
-0.56824
-0.56829
-0.56834
-0.56840
-0.56845
-0.56850
-0.56855
-0.56860
-0.56866
-0.56871
-0.56876
-0.56881
-0.56886
-0.56892
-0.56897
-0.56902
-0.56907
-0.56912
-0.56918
-0.56923
-0.56928
-0.56933
-0.56938
-0.56944
-0.56949
-0.56954
-0.56959
-0.56964
-0.56970
-0.56975
-0.56980
-0.56985
-0.56990
-0.56996
-0.57001
-0.57006
-0.57011
-0.57016
-0.57022
-0.57027
-0.57032
-0.57037
-0.57042
-0.57048
-0.57053
-0.57058
-0.57063
-0.57068
-0.57073
-0.57079
-0.57084
-0.57089
-0.57094
-0.57099
-0.57105
-0.57110
-0.57115
-0.57120
-0.57125
-0.57131
-0.57136
-0.57141
-0.57146
-0.57151
-0.57157
-0.57162
-0.57167
-0.57172
-0.57177
-0.57183
-0.57188
-0.57193
-0.57198
-0.57203
-0.57209
-0.57214
-0.57219
-0.57224
-0.57229
-0.57235
-0.57240
-0.57245
-0.57250
-0.57255
-0.57261
-0.57266
-0.57271
-0.57276
-0.57281
-0.57287
-0.57292
-0.57297
-0.57302
-0.57307
-0.57313
-0.57318
-0.57323
-0.57328
-0.57333
-0.57339
-0.57344
-0.57349
-0.57354
-0.57359
-0.57364
-0.57370
-0.57375
-0.57380
-0.57385
-0.57390
-0.57396
-0.57401
-0.57406
-0.57411
-0.57416
-0.57422
-0.57427
-0.57432
-0.57437
-0.57442
-0.57448
-0.57453
-0.57458
-0.57463
-0.57468
-0.57474
-0.57479
-0.57484
-0.57489
-0.57494
-0.57500
-0.57505
-0.57510
-0.57515
-0.57520
-0.57526
-0.57531
-0.57536
-0.57541
-0.57546
-0.57552
-0.57557
-0.57562
-0.57567
-0.57572
-0.57578
-0.57583
-0.57588
-0.57593
-0.57598
-0.57604
-0.57609
-0.57614
-0.57619
-0.57624
-0.57630
-0.57635
-0.57640
-0.57645
-0.57650
-0.57656
-0.57661
-0.57666
-0.57671
-0.57676
-0.57681
-0.57687
-0.57692
-0.57697
-0.57702
-0.57707
-0.57713
-0.57718
-0.57723
-0.57728
-0.57733
-0.57739
-0.57744
-0.57749
-0.57754
-0.57759
-0.57765
-0.57770
-0.57775
-0.57780
-0.57785
-0.57791
-0.57796
-0.57801
-0.57806
-0.57811
-0.57817
-0.57822
-0.57827
-0.57832
-0.57837
-0.57843
-0.57848
-0.57853
-0.57858
-0.57863
-0.57869
-0.57874
-0.57879
-0.57884
-0.57889
-0.57895
-0.57900
-0.57905
-0.57910
-0.57915
-0.57921
-0.57926
-0.57931
-0.57936
-0.57941
-0.57947
-0.57952
-0.57957
-0.57962
-0.57967
-0.57972
-0.57978
-0.57983
-0.57988
-0.57993
-0.57998
-0.58004
-0.58009
-0.58014
-0.58019
-0.58024
-0.58030
-0.58035
-0.58040
-0.58045
-0.58050
-0.58056
-0.58061
-0.58066
-0.58071
-0.58076
-0.58082
-0.58087
-0.58092
-0.58097
-0.58102
-0.58108
-0.58113
-0.58118
-0.58123
-0.58128
-0.58134
-0.58139
-0.58144
-0.58149
-0.58154
-0.58160
-0.58165
-0.58170
-0.58175
-0.58180
-0.58186
-0.58191
-0.58196
-0.58201
-0.58206
-0.58212
-0.58217
-0.58222
-0.58227
-0.58232
-0.58238
-0.58243
-0.58248
-0.58253
-0.58258
-0.58263
-0.58269
-0.58274
-0.58279
-0.58284
-0.58289
-0.58295
-0.58300
-0.58305
-0.58310
-0.58315
-0.58321
-0.58326
-0.58331
-0.58336
-0.58341
-0.58347
-0.58352
-0.58357
-0.58362
-0.58367
-0.58373
-0.58378
-0.58383
-0.58388
-0.58393
-0.58399
-0.58404
-0.58409
-0.58414
-0.58419
-0.58425
-0.58430
-0.58435
-0.58440
-0.58445
-0.58451
-0.58456
-0.58461
-0.58466
-0.58471
-0.58477
-0.58482
-0.58487
-0.58492
-0.58497
-0.58503
-0.58508
-0.58513
-0.58518
-0.58523
-0.58529
-0.58534
-0.58539
-0.58544
-0.58549
-0.58554
-0.58560
-0.58565
-0.58570
-0.58575
-0.58580
-0.58586
-0.58591
-0.58596
-0.58601
-0.58606
-0.58612
-0.58617
-0.58622
-0.58627
-0.58632
-0.58638
-0.58643
-0.58648
-0.58653
-0.58658
-0.58664
-0.58669
-0.58674
-0.58679
-0.58684
-0.58690
-0.58695
-0.58700
-0.58705
-0.58710
-0.58716
-0.58721
-0.58726
-0.58731
-0.58736
-0.58742
-0.58747
-0.58752
-0.58757
-0.58762
-0.58768
-0.58773
-0.58778
-0.58783
-0.58788
-0.58794
-0.58799
-0.58804
-0.58809
-0.58814
-0.58820
-0.58825
-0.58830
-0.58835
-0.58840
-0.58845
-0.58851
-0.58856
-0.58861
-0.58866
-0.58871
-0.58877
-0.58882
-0.58887
-0.58892
-0.58897
-0.58903
-0.58908
-0.58913
-0.58918
-0.58923
-0.58929
-0.58934
-0.58939
-0.58944
-0.58949
-0.58955
-0.58960
-0.58965
-0.58970
-0.58975
-0.58981
-0.58986
-0.58991
-0.58996
-0.59001
-0.59007
-0.59012
-0.59017
-0.59022
-0.59027
-0.59033
-0.59038
-0.59043
-0.59048
-0.59053
-0.59059
-0.59064
-0.59069
-0.59074
-0.59079
-0.59085
-0.59090
-0.59095
-0.59100
-0.59105
-0.59111
-0.59116
-0.59121
-0.59126
-0.59131
-0.59137
-0.59142
-0.59147
-0.59152
-0.59157
-0.59162
-0.59168
-0.59173
-0.59178
-0.59183
-0.59188
-0.59194
-0.59199
-0.59204
-0.59209
-0.59214
-0.59220
-0.59225
-0.59230
-0.59235
-0.59240
-0.59246
-0.59251
-0.59256
-0.59261
-0.59266
-0.59272
-0.59277
-0.59282
-0.59287
-0.59292
-0.59298
-0.59303
-0.59308
-0.59313
-0.59318
-0.59324
-0.59329
-0.59334
-0.59339
-0.59344
-0.59350
-0.59355
-0.59360
-0.59365
-0.59370
-0.59376
-0.59381
-0.59386
-0.59391
-0.59396
-0.59402
-0.59407
-0.59412
-0.59417
-0.59422
-0.59428
-0.59433
-0.59438
-0.59443
-0.59448
-0.59453
-0.59459
-0.59464
-0.59469
-0.59474
-0.59479
-0.59485
-0.59490
-0.59495
-0.59500
-0.59505
-0.59511
-0.59516
-0.59521
-0.59526
-0.59531
-0.59537
-0.59542
-0.59547
-0.59552
-0.59557
-0.59563
-0.59568
-0.59573
-0.59578
-0.59583
-0.59589
-0.59594
-0.59599
-0.59604
-0.59609
-0.59615
-0.59620
-0.59625
-0.59630
-0.59635
-0.59641
-0.59646
-0.59651
-0.59656
-0.59661
-0.59667
-0.59672
-0.59677
-0.59682
-0.59687
-0.59693
-0.59698
-0.59703
-0.59708
-0.59713
-0.59719
-0.59724
-0.59729
-0.59734
-0.59739
-0.59744
-0.59750
-0.59755
-0.59760
-0.59765
-0.59770
-0.59776
-0.59781
-0.59786
-0.59791
-0.59796
-0.59802
-0.59807
-0.59812
-0.59817
-0.59822
-0.59828
-0.59833
-0.59838
-0.59843
-0.59848
-0.59854
-0.59859
-0.59864
-0.59869
-0.59874
-0.59880
-0.59885
-0.59890
-0.59895
-0.59900
-0.59906
-0.59911
-0.59916
-0.59921
-0.59926
-0.59932
-0.59937
-0.59942
-0.59947
-0.59952
-0.59958
-0.59963
-0.59968
-0.59973
-0.59978
-0.59984
-0.59989
-0.59994
-0.59999
-0.60004
-0.60010
-0.60015
-0.60020
-0.60025
-0.60030
-0.60035
-0.60041
-0.60046
-0.60051
-0.60056
-0.60061
-0.60067
-0.60072
-0.60077
-0.60082
-0.60087
-0.60093
-0.60098
-0.60103
-0.60108
-0.60113
-0.60119
-0.60124
-0.60129
-0.60134
-0.60139
-0.60145
-0.60150
-0.60155
-0.60160
-0.60165
-0.60171
-0.60176
-0.60181
-0.60186
-0.60191
-0.60197
-0.60202
-0.60207
-0.60212
-0.60217
-0.60223
-0.60228
-0.60233
-0.60238
-0.60243
-0.60249
-0.60254
-0.60259
-0.60264
-0.60269
-0.60275
-0.60280
-0.60285
-0.60290
-0.60295
-0.60301
-0.60306
-0.60311
-0.60316
-0.60321
-0.60326
-0.60332
-0.60337
-0.60342
-0.60347
-0.60352
-0.60358
-0.60363
-0.60368
-0.60373
-0.60378
-0.60384
-0.60389
-0.60394
-0.60399
-0.60404
-0.60410
-0.60415
-0.60420
-0.60425
-0.60430
-0.60436
-0.60441
-0.60446
-0.60451
-0.60456
-0.60462
-0.60467
-0.60472
-0.60477
-0.60482
-0.60488
-0.60493
-0.60498
-0.60503
-0.60508
-0.60514
-0.60519
-0.60524
-0.60529
-0.60534
-0.60540
-0.60545
-0.60550
-0.60555
-0.60560
-0.60566
-0.60571
-0.60576
-0.60581
-0.60586
-0.60591
-0.60597
-0.60602
-0.60607
-0.60612
-0.60617
-0.60623
-0.60628
-0.60633
-0.60638
-0.60643
-0.60649
-0.60654
-0.60659
-0.60664
-0.60669
-0.60675
-0.60680
-0.60685
-0.60690
-0.60695
-0.60701
-0.60706
-0.60711
-0.60716
-0.60721
-0.60727
-0.60732
-0.60737
-0.60742
-0.60747
-0.60753
-0.60758
-0.60763
-0.60768
-0.60773
-0.60779
-0.60784
-0.60789
-0.60794
-0.60799
-0.60805
-0.60810
-0.60815
-0.60820
-0.60825
-0.60831
-0.60836
-0.60841
-0.60846
-0.60851
-0.60857
-0.60862
-0.60867
-0.60872
-0.60877
-0.60882
-0.60888
-0.60893
-0.60898
-0.60903
-0.60908
-0.60914
-0.60919
-0.60924
-0.60929
-0.60934
-0.60940
-0.60945
-0.60950
-0.60955
-0.60960
-0.60966
-0.60971
-0.60976
-0.60981
-0.60986
-0.60992
-0.60997
-0.61002
-0.61007
-0.61012
-0.61018
-0.61023
-0.61028
-0.61033
-0.61038
-0.61044
-0.61049
-0.61054
-0.61059
-0.61064
-0.61070
-0.61075
-0.61080
-0.61085
-0.61090
-0.61096
-0.61101
-0.61106
-0.61111
-0.61116
-0.61122
-0.61127
-0.61132
-0.61137
-0.61142
-0.61148
-0.61153
-0.61158
-0.61163
-0.61168
-0.61173
-0.61179
-0.61184
-0.61189
-0.61194
-0.61199
-0.61205
-0.61210
-0.61215
-0.61220
-0.61225
-0.61231
-0.61236
-0.61241
-0.61246
-0.61251
-0.61257
-0.61262
-0.61267
-0.61272
-0.61277
-0.61283
-0.61288
-0.61293
-0.61298
-0.61303
-0.61309
-0.61314
-0.61319
-0.61324
-0.61329
-0.61335
-0.61340
-0.61345
-0.61350
-0.61355
-0.61361
-0.61366
-0.61371
-0.61376
-0.61381
-0.61387
-0.61392
-0.61397
-0.61402
-0.61407
-0.61413
-0.61418
-0.61423
-0.61428
-0.61433
-0.61439
-0.61444
-0.61449
-0.61454
-0.61459
-0.61464
-0.61470
-0.61475
-0.61480
-0.61485
-0.61490
-0.61496
-0.61501
-0.61506
-0.61511
-0.61516
-0.61522
-0.61527
-0.61532
-0.61537
-0.61542
-0.61548
-0.61553
-0.61558
-0.61563
-0.61568
-0.61574
-0.61579
-0.61584
-0.61589
-0.61594
-0.61600
-0.61605
-0.61610
-0.61615
-0.61620
-0.61626
-0.61631
-0.61636
-0.61641
-0.61646
-0.61652
-0.61657
-0.61662
-0.61667
-0.61672
-0.61678
-0.61683
-0.61688
-0.61693
-0.61698
-0.61704
-0.61709
-0.61714
-0.61719
-0.61724
-0.61729
-0.61735
-0.61740
-0.61745
-0.61750
-0.61755
-0.61761
-0.61766
-0.61771
-0.61776
-0.61781
-0.61787
-0.61792
-0.61797
-0.61802
-0.61807
-0.61813
-0.61818
-0.61823
-0.61828
-0.61833
-0.61839
-0.61844
-0.61849
-0.61854
-0.61859
-0.61865
-0.61870
-0.61875
-0.61880
-0.61885
-0.61891
-0.61896
-0.61901
-0.61906
-0.61911
-0.61917
-0.61922
-0.61927
-0.61932
-0.61937
-0.61943
-0.61948
-0.61953
-0.61958
-0.61963
-0.61969
-0.61974
-0.61979
-0.61984
-0.61989
-0.61995
-0.62000
-0.62005
-0.62010
-0.62015
-0.62020
-0.62026
-0.62031
-0.62036
-0.62041
-0.62046
-0.62052
-0.62057
-0.62062
-0.62067
-0.62072
-0.62078
-0.62083
-0.62088
-0.62093
-0.62098
-0.62104
-0.62109
-0.62114
-0.62119
-0.62124
-0.62130
-0.62135
-0.62140
-0.62145
-0.62150
-0.62156
-0.62161
-0.62166
-0.62171
-0.62176
-0.62182
-0.62187
-0.62192
-0.62197
-0.62202
-0.62208
-0.62213
-0.62218
-0.62223
-0.62228
-0.62234
-0.62239
-0.62244
-0.62249
-0.62254
-0.62260
-0.62265
-0.62270
-0.62275
-0.62280
-0.62286
-0.62291
-0.62296
-0.62301
-0.62306
-0.62311
-0.62317
-0.62322
-0.62327
-0.62332
-0.62337
-0.62343
-0.62348
-0.62353
-0.62358
-0.62363
-0.62369
-0.62374
-0.62379
-0.62384
-0.62389
-0.62395
-0.62400
-0.62405
-0.62410
-0.62415
-0.62421
-0.62426
-0.62431
-0.62436
-0.62441
-0.62447
-0.62452
-0.62457
-0.62462
-0.62467
-0.62473
-0.62478
-0.62483
-0.62488
-0.62493
-0.62499
-0.62504
-0.62509
-0.62514
-0.62519
-0.62525
-0.62530
-0.62535
-0.62540
-0.62545
-0.62551
-0.62556
-0.62561
-0.62566
-0.62571
-0.62576
-0.62582
-0.62587
-0.62592
-0.62597
-0.62602
-0.62608
-0.62613
-0.62618
-0.62623
-0.62628
-0.62634
-0.62639
-0.62644
-0.62649
-0.62654
-0.62660
-0.62665
-0.62670
-0.62675
-0.62680
-0.62686
-0.62691
-0.62696
-0.62701
-0.62706
-0.62712
-0.62717
-0.62722
-0.62727
-0.62732
-0.62738
-0.62743
-0.62748
-0.62753
-0.62758
-0.62764
-0.62769
-0.62774
-0.62779
-0.62784
-0.62790
-0.62795
-0.62800
-0.62805
-0.62810
-0.62816
-0.62821
-0.62826
-0.62831
-0.62836
-0.62842
-0.62847
-0.62852
-0.62857
-0.62862
-0.62867
-0.62873
-0.62878
-0.62883
-0.62888
-0.62893
-0.62899
-0.62904
-0.62909
-0.62914
-0.62919
-0.62925
-0.62930
-0.62935
-0.62940
-0.62945
-0.62951
-0.62956
-0.62961
-0.62966
-0.62971
-0.62977
-0.62982
-0.62987
-0.62992
-0.62997
-0.63003
-0.63008
-0.63013
-0.63018
-0.63023
-0.63029
-0.63034
-0.63039
-0.63044
-0.63049
-0.63055
-0.63060
-0.63065
-0.63070
-0.63075
-0.63081
-0.63086
-0.63091
-0.63096
-0.63101
-0.63107
-0.63112
-0.63117
-0.63122
-0.63127
-0.63132
-0.63138
-0.63143
-0.63148
-0.63153
-0.63158
-0.63164
-0.63169
-0.63174
-0.63179
-0.63184
-0.63190
-0.63195
-0.63200
-0.63205
-0.63210
-0.63216
-0.63221
-0.63226
-0.63231
-0.63236
-0.63242
-0.63247
-0.63252
-0.63257
-0.63262
-0.63268
-0.63273
-0.63278
-0.63283
-0.63288
-0.63294
-0.63299
-0.63304
-0.63309
-0.63314
-0.63320
-0.63325
-0.63330
-0.63335
-0.63340
-0.63346
-0.63351
-0.63356
-0.63361
-0.63366
-0.63372
-0.63377
-0.63382
-0.63387
-0.63392
-0.63398
-0.63403
-0.63408
-0.63413
-0.63418
-0.63423
-0.63429
-0.63434
-0.63439
-0.63444
-0.63449
-0.63455
-0.63460
-0.63465
-0.63470
-0.63475
-0.63481
-0.63486
-0.63491
-0.63496
-0.63501
-0.63507
-0.63512
-0.63517
-0.63522
-0.63527
-0.63533
-0.63538
-0.63543
-0.63548
-0.63553
-0.63559
-0.63564
-0.63569
-0.63574
-0.63579
-0.63585
-0.63590
-0.63595
-0.63600
-0.63605
-0.63611
-0.63616
-0.63621
-0.63626
-0.63631
-0.63637
-0.63642
-0.63647
-0.63652
-0.63657
-0.63663
-0.63668
-0.63673
-0.63678
-0.63683
-0.63688
-0.63694
-0.63699
-0.63704
-0.63709
-0.63714
-0.63720
-0.63725
-0.63730
-0.63735
-0.63740
-0.63746
-0.63751
-0.63756
-0.63761
-0.63766
-0.63772
-0.63777
-0.63782
-0.63787
-0.63792
-0.63798
-0.63803
-0.63808
-0.63813
-0.63818
-0.63824
-0.63829
-0.63834
-0.63839
-0.63844
-0.63850
-0.63855
-0.63860
-0.63865
-0.63870
-0.63876
-0.63881
-0.63886
-0.63891
-0.63896
-0.63902
-0.63907
-0.63912
-0.63917
-0.63922
-0.63928
-0.63933
-0.63938
-0.63943
-0.63948
-0.63953
-0.63959
-0.63964
-0.63969
-0.63974
-0.63979
-0.63985
-0.63990
-0.63995
-0.64000
-0.64005
-0.64011
-0.64016
-0.64021
-0.64026
-0.64031
-0.64037
-0.64042
-0.64047
-0.64052
-0.64057
-0.64063
-0.64068
-0.64073
-0.64078
-0.64083
-0.64089
-0.64094
-0.64099
-0.64104
-0.64109
-0.64115
-0.64120
-0.64125
-0.64130
-0.64135
-0.64141
-0.64146
-0.64151
-0.64156
-0.64161
-0.64167
-0.64172
-0.64177
-0.64182
-0.64187
-0.64193
-0.64198
-0.64203
-0.64208
-0.64213
-0.64219
-0.64224
-0.64229
-0.64234
-0.64239
-0.64244
-0.64250
-0.64255
-0.64260
-0.64265
-0.64270
-0.64276
-0.64281
-0.64286
-0.64291
-0.64296
-0.64302
-0.64307
-0.64312
-0.64317
-0.64322
-0.64328
-0.64333
-0.64338
-0.64343
-0.64348
-0.64354
-0.64359
-0.64364
-0.64369
-0.64374
-0.64380
-0.64385
-0.64390
-0.64395
-0.64400
-0.64406
-0.64411
-0.64416
-0.64421
-0.64426
-0.64432
-0.64437
-0.64442
-0.64447
-0.64452
-0.64458
-0.64463
-0.64468
-0.64473
-0.64478
-0.64484
-0.64489
-0.64494
-0.64499
-0.64504
-0.64509
-0.64515
-0.64520
-0.64525
-0.64530
-0.64535
-0.64541
-0.64546
-0.64551
-0.64556
-0.64561
-0.64567
-0.64572
-0.64577
-0.64582
-0.64587
-0.64593
-0.64598
-0.64603
-0.64608
-0.64613
-0.64619
-0.64624
-0.64629
-0.64634
-0.64639
-0.64645
-0.64650
-0.64655
-0.64660
-0.64665
-0.64671
-0.64676
-0.64681
-0.64686
-0.64691
-0.64697
-0.64702
-0.64707
-0.64712
-0.64717
-0.64723
-0.64728
-0.64733
-0.64738
-0.64743
-0.64749
-0.64754
-0.64759
-0.64764
-0.64769
-0.64774
-0.64780
-0.64785
-0.64790
-0.64795
-0.64800
-0.64806
-0.64811
-0.64816
-0.64821
-0.64826
-0.64832
-0.64837
-0.64842
-0.64847
-0.64852
-0.64858
-0.64863
-0.64868
-0.64873
-0.64878
-0.64884
-0.64889
-0.64894
-0.64899
-0.64904
-0.64910
-0.64915
-0.64920
-0.64925
-0.64930
-0.64936
-0.64941
-0.64946
-0.64951
-0.64956
-0.64962
-0.64967
-0.64972
-0.64977
-0.64982
-0.64988
-0.64993
-0.64998
-0.65003
-0.65008
-0.65014
-0.65019
-0.65024
-0.65029
-0.65034
-0.65040
-0.65045
-0.65050
-0.65055
-0.65060
-0.65065
-0.65071
-0.65076
-0.65081
-0.65086
-0.65091
-0.65097
-0.65102
-0.65107
-0.65112
-0.65117
-0.65123
-0.65128
-0.65133
-0.65138
-0.65143
-0.65149
-0.65154
-0.65159
-0.65164
-0.65169
-0.65175
-0.65180
-0.65185
-0.65190
-0.65195
-0.65201
-0.65206
-0.65211
-0.65216
-0.65221
-0.65227
-0.65232
-0.65237
-0.65242
-0.65247
-0.65253
-0.65258
-0.65263
-0.65268
-0.65273
-0.65279
-0.65284
-0.65289
-0.65294
-0.65299
-0.65305
-0.65310
-0.65315
-0.65320
-0.65325
-0.65330
-0.65336
-0.65341
-0.65346
-0.65351
-0.65356
-0.65362
-0.65367
-0.65372
-0.65377
-0.65382
-0.65388
-0.65393
-0.65398
-0.65403
-0.65408
-0.65414
-0.65419
-0.65424
-0.65429
-0.65434
-0.65440
-0.65445
-0.65450
-0.65455
-0.65460
-0.65466
-0.65471
-0.65476
-0.65481
-0.65486
-0.65492
-0.65497
-0.65502
-0.65507
-0.65512
-0.65518
-0.65523
-0.65528
-0.65533
-0.65538
-0.65544
-0.65549
-0.65554
-0.65559
-0.65564
-0.65570
-0.65575
-0.65580
-0.65585
-0.65590
-0.65595
-0.65601
-0.65606
-0.65611
-0.65616
-0.65621
-0.65627
-0.65632
-0.65637
-0.65642
-0.65647
-0.65653
-0.65658
-0.65663
-0.65668
-0.65673
-0.65679
-0.65684
-0.65689
-0.65694
-0.65699
-0.65705
-0.65710
-0.65715
-0.65720
-0.65725
-0.65731
-0.65736
-0.65741
-0.65746
-0.65751
-0.65757
-0.65762
-0.65767
-0.65772
-0.65777
-0.65783
-0.65788
-0.65793
-0.65798
-0.65803
-0.65809
-0.65814
-0.65819
-0.65824
-0.65829
-0.65835
-0.65840
-0.65845
-0.65850
-0.65855
-0.65860
-0.65866
-0.65871
-0.65876
-0.65881
-0.65886
-0.65892
-0.65897
-0.65902
-0.65907
-0.65912
-0.65918
-0.65923
-0.65928
-0.65933
-0.65938
-0.65944
-0.65949
-0.65954
-0.65959
-0.65964
-0.65970
-0.65975
-0.65980
-0.65985
-0.65990
-0.65996
-0.66001
-0.66006
-0.66011
-0.66016
-0.66022
-0.66027
-0.66032
-0.66037
-0.66042
-0.66048
-0.66053
-0.66058
-0.66063
-0.66068
-0.66074
-0.66079
-0.66084
-0.66089
-0.66094
-0.66100
-0.66105
-0.66110
-0.66115
-0.66120
-0.66125
-0.66131
-0.66136
-0.66141
-0.66146
-0.66151
-0.66157
-0.66162
-0.66167
-0.66172
-0.66177
-0.66183
-0.66188
-0.66193
-0.66198
-0.66203
-0.66209
-0.66214
-0.66219
-0.66224
-0.66229
-0.66235
-0.66240
-0.66245
-0.66250
-0.66255
-0.66261
-0.66266
-0.66271
-0.66276
-0.66281
-0.66287
-0.66292
-0.66297
-0.66302
-0.66307
-0.66313
-0.66318
-0.66323
-0.66328
-0.66333
-0.66339
-0.66344
-0.66349
-0.66354
-0.66359
-0.66365
-0.66370
-0.66375
-0.66380
-0.66385
-0.66390
-0.66396
-0.66401
-0.66406
-0.66411
-0.66416
-0.66422
-0.66427
-0.66432
-0.66437
-0.66442
-0.66448
-0.66453
-0.66458
-0.66463
-0.66468
-0.66474
-0.66479
-0.66484
-0.66489
-0.66494
-0.66500
-0.66505
-0.66510
-0.66515
-0.66520
-0.66526
-0.66531
-0.66536
-0.66541
-0.66546
-0.66552
-0.66557
-0.66562
-0.66567
-0.66572
-0.66578
-0.66583
-0.66588
-0.66593
-0.66598
-0.66604
-0.66609
-0.66614
-0.66619
-0.66624
-0.66630
-0.66635
-0.66640
-0.66645
-0.66650
-0.66655
-0.66661
-0.66666
-0.66671
-0.66676
-0.66681
-0.66687
-0.66692
-0.66697
-0.66702
-0.66707
-0.66713
-0.66718
-0.66723
-0.66728
-0.66733
-0.66739
-0.66744
-0.66749
-0.66754
-0.66759
-0.66765
-0.66770
-0.66775
-0.66780
-0.66785
-0.66791
-0.66796
-0.66801
-0.66806
-0.66811
-0.66817
-0.66822
-0.66827
-0.66832
-0.66837
-0.66843
-0.66848
-0.66853
-0.66858
-0.66863
-0.66869
-0.66874
-0.66879
-0.66884
-0.66889
-0.66895
-0.66900
-0.66905
-0.66910
-0.66915
-0.66920
-0.66926
-0.66931
-0.66936
-0.66941
-0.66946
-0.66952
-0.66957
-0.66962
-0.66967
-0.66972
-0.66978
-0.66983
-0.66988
-0.66993
-0.66998
-0.67004
-0.67009
-0.67014
-0.67019
-0.67024
-0.67030
-0.67035
-0.67040
-0.67045
-0.67050
-0.67056
-0.67061
-0.67066
-0.67071
-0.67076
-0.67082
-0.67087
-0.67092
-0.67097
-0.67102
-0.67108
-0.67113
-0.67118
-0.67123
-0.67128
-0.67134
-0.67139
-0.67144
-0.67149
-0.67154
-0.67160
-0.67165
-0.67170
-0.67175
-0.67180
-0.67185
-0.67191
-0.67196
-0.67201
-0.67206
-0.67211
-0.67217
-0.67222
-0.67227
-0.67232
-0.67237
-0.67243
-0.67248
-0.67253
-0.67258
-0.67263
-0.67269
-0.67274
-0.67279
-0.67284
-0.67289
-0.67295
-0.67300
-0.67305
-0.67310
-0.67315
-0.67321
-0.67326
-0.67331
-0.67336
-0.67341
-0.67347
-0.67352
-0.67357
-0.67362
-0.67367
-0.67373
-0.67378
-0.67383
-0.67388
-0.67393
-0.67399
-0.67404
-0.67409
-0.67414
-0.67419
-0.67425
-0.67430
-0.67435
-0.67440
-0.67445
-0.67450
-0.67456
-0.67461
-0.67466
-0.67471
-0.67476
-0.67482
-0.67487
-0.67492
-0.67497
-0.67502
-0.67508
-0.67513
-0.67518
-0.67523
-0.67528
-0.67534
-0.67539
-0.67544
-0.67549
-0.67554
-0.67560
-0.67565
-0.67570
-0.67575
-0.67580
-0.67586
-0.67591
-0.67596
-0.67601
-0.67606
-0.67612
-0.67617
-0.67622
-0.67627
-0.67632
-0.67638
-0.67643
-0.67648
-0.67653
-0.67658
-0.67664
-0.67669
-0.67674
-0.67679
-0.67684
-0.67690
-0.67695
-0.67700
-0.67705
-0.67710
-0.67715
-0.67721
-0.67726
-0.67731
-0.67736
-0.67741
-0.67747
-0.67752
-0.67757
-0.67762
-0.67767
-0.67773
-0.67778
-0.67783
-0.67788
-0.67793
-0.67799
-0.67804
-0.67809
-0.67814
-0.67819
-0.67825
-0.67830
-0.67835
-0.67840
-0.67845
-0.67851
-0.67856
-0.67861
-0.67866
-0.67871
-0.67877
-0.67882
-0.67887
-0.67892
-0.67897
-0.67903
-0.67908
-0.67913
-0.67918
-0.67923
-0.67929
-0.67934
-0.67939
-0.67944
-0.67949
-0.67954
-0.67960
-0.67965
-0.67970
-0.67975
-0.67980
-0.67986
-0.67991
-0.67996
-0.68001
-0.68006
-0.68012
-0.68017
-0.68022
-0.68027
-0.68032
-0.68038
-0.68043
-0.68048
-0.68053
-0.68058
-0.68064
-0.68069
-0.68074
-0.68079
-0.68084
-0.68090
-0.68095
-0.68100
-0.68105
-0.68110
-0.68116
-0.68121
-0.68126
-0.68131
-0.68136
-0.68142
-0.68147
-0.68152
-0.68157
-0.68162
-0.68168
-0.68173
-0.68178
-0.68183
-0.68188
-0.68194
-0.68199
-0.68204
-0.68209
-0.68214
-0.68219
-0.68225
-0.68230
-0.68235
-0.68240
-0.68245
-0.68251
-0.68256
-0.68261
-0.68266
-0.68271
-0.68277
-0.68282
-0.68287
-0.68292
-0.68297
-0.68303
-0.68308
-0.68313
-0.68318
-0.68323
-0.68329
-0.68334
-0.68339
-0.68344
-0.68349
-0.68355
-0.68360
-0.68365
-0.68370
-0.68375
-0.68381
-0.68386
-0.68391
-0.68396
-0.68401
-0.68407
-0.68412
-0.68417
-0.68422
-0.68427
-0.68433
-0.68438
-0.68443
-0.68448
-0.68453
-0.68459
-0.68464
-0.68469
-0.68474
-0.68479
-0.68484
-0.68490
-0.68495
-0.68500
-0.68505
-0.68510
-0.68516
-0.68521
-0.68526
-0.68531
-0.68536
-0.68542
-0.68547
-0.68552
-0.68557
-0.68562
-0.68568
-0.68573
-0.68578
-0.68583
-0.68588
-0.68594
-0.68599
-0.68604
-0.68609
-0.68614
-0.68620
-0.68625
-0.68630
-0.68635
-0.68640
-0.68646
-0.68651
-0.68656
-0.68661
-0.68666
-0.68672
-0.68677
-0.68682
-0.68687
-0.68692
-0.68698
-0.68703
-0.68708
-0.68713
-0.68718
-0.68724
-0.68729
-0.68734
-0.68739
-0.68744
-0.68749
-0.68755
-0.68760
-0.68765
-0.68770
-0.68775
-0.68781
-0.68786
-0.68791
-0.68796
-0.68801
-0.68807
-0.68812
-0.68817
-0.68822
-0.68827
-0.68833
-0.68838
-0.68843
-0.68848
-0.68853
-0.68859
-0.68864
-0.68869
-0.68874
-0.68879
-0.68885
-0.68890
-0.68895
-0.68900
-0.68905
-0.68911
-0.68916
-0.68921
-0.68926
-0.68931
-0.68937
-0.68942
-0.68947
-0.68952
-0.68957
-0.68963
-0.68968
-0.68973
-0.68978
-0.68983
-0.68988
-0.68994
-0.68999
-0.69004
-0.69009
-0.69014
-0.69020
-0.69025
-0.69030
-0.69035
-0.69040
-0.69046
-0.69051
-0.69056
-0.69061
-0.69066
-0.69072
-0.69077
-0.69082
-0.69087
-0.69092
-0.69098
-0.69103
-0.69108
-0.69113
-0.69118
-0.69124
-0.69129
-0.69134
-0.69139
-0.69144
-0.69150
-0.69155
-0.69160
-0.69165
-0.69170
-0.69176
-0.69181
-0.69186
-0.69191
-0.69196
-0.69202
-0.69207
-0.69212
-0.69217
-0.69222
-0.69228
-0.69233
-0.69238
-0.69243
-0.69248
-0.69253
-0.69259
-0.69264
-0.69269
-0.69274
-0.69279
-0.69285
-0.69290
-0.69295
-0.69300
-0.69305
-0.69311
-0.69316
-0.69321
-0.69326
-0.69331
-0.69337
-0.69342
-0.69347
-0.69352
-0.69357
-0.69363
-0.69368
-0.69373
-0.69378
-0.69383
-0.69389
-0.69394
-0.69399
-0.69404
-0.69409
-0.69415
-0.69420
-0.69425
-0.69430
-0.69435
-0.69441
-0.69446
-0.69451
-0.69456
-0.69461
-0.69467
-0.69472
-0.69477
-0.69482
-0.69487
-0.69492
-0.69498
-0.69503
-0.69508
-0.69513
-0.69518
-0.69524
-0.69529
-0.69534
-0.69539
-0.69544
-0.69550
-0.69555
-0.69560
-0.69565
-0.69570
-0.69576
-0.69581
-0.69586
-0.69591
-0.69596
-0.69602
-0.69607
-0.69612
-0.69617
-0.69622
-0.69628
-0.69633
-0.69638
-0.69643
-0.69648
-0.69654
-0.69659
-0.69664
-0.69669
-0.69674
-0.69680
-0.69685
-0.69690
-0.69695
-0.69700
-0.69706
-0.69711
-0.69716
-0.69721
-0.69726
-0.69732
-0.69737
-0.69742
-0.69747
-0.69752
-0.69757
-0.69763
-0.69768
-0.69773
-0.69778
-0.69783
-0.69789
-0.69794
-0.69799
-0.69804
-0.69809
-0.69815
-0.69820
-0.69825
-0.69830
-0.69835
-0.69841
-0.69846
-0.69851
-0.69856
-0.69861
-0.69867
-0.69872
-0.69877
-0.69882
-0.69887
-0.69893
-0.69898
-0.69903
-0.69908
-0.69913
-0.69919
-0.69924
-0.69929
-0.69934
-0.69939
-0.69945
-0.69950
-0.69955
-0.69960
-0.69965
-0.69971
-0.69976
-0.69981
-0.69986
-0.69991
-0.69997
-0.70002
-0.70007
-0.70012
-0.70017
-0.70022
-0.70028
-0.70033
-0.70038
-0.70043
-0.70048
-0.70054
-0.70059
-0.70064
-0.70069
-0.70074
-0.70080
-0.70085
-0.70090
-0.70095
-0.70100
-0.70106
-0.70111
-0.70116
-0.70121
-0.70126
-0.70132
-0.70137
-0.70142
-0.70147
-0.70152
-0.70158
-0.70163
-0.70168
-0.70173
-0.70178
-0.70184
-0.70189
-0.70194
-0.70199
-0.70204
-0.70210
-0.70215
-0.70220
-0.70225
-0.70230
-0.70236
-0.70241
-0.70246
-0.70251
-0.70256
-0.70261
-0.70267
-0.70272
-0.70277
-0.70282
-0.70287
-0.70293
-0.70298
-0.70303
-0.70308
-0.70313
-0.70319
-0.70324
-0.70329
-0.70334
-0.70339
-0.70345
-0.70350
-0.70355
-0.70360
-0.70365
-0.70371
-0.70376
-0.70381
-0.70386
-0.70391
-0.70397
-0.70402
-0.70407
-0.70412
-0.70417
-0.70423
-0.70428
-0.70433
-0.70438
-0.70443
-0.70449
-0.70454
-0.70459
-0.70464
-0.70469
-0.70475
-0.70480
-0.70485
-0.70490
-0.70495
-0.70501
-0.70506
-0.70511
-0.70516
-0.70521
-0.70526
-0.70532
-0.70537
-0.70542
-0.70547
-0.70552
-0.70558
-0.70563
-0.70568
-0.70573
-0.70578
-0.70584
-0.70589
-0.70594
-0.70599
-0.70604
-0.70610
-0.70615
-0.70620
-0.70625
-0.70630
-0.70636
-0.70641
-0.70646
-0.70651
-0.70656
-0.70662
-0.70667
-0.70672
-0.70677
-0.70682
-0.70688
-0.70693
-0.70698
-0.70703
-0.70708
-0.70714
-0.70719
-0.70724
-0.70729
-0.70734
-0.70740
-0.70745
-0.70750
-0.70755
-0.70760
-0.70765
-0.70771
-0.70776
-0.70781
-0.70786
-0.70791
-0.70797
-0.70802
-0.70807
-0.70812
-0.70817
-0.70823
-0.70828
-0.70833
-0.70838
-0.70843
-0.70849
-0.70854
-0.70859
-0.70864
-0.70869
-0.70875
-0.70880
-0.70885
-0.70890
-0.70895
-0.70901
-0.70906
-0.70911
-0.70916
-0.70921
-0.70927
-0.70932
-0.70937
-0.70942
-0.70947
-0.70953
-0.70958
-0.70963
-0.70968
-0.70973
-0.70979
-0.70984
-0.70989
-0.70994
-0.70999
-0.71005
-0.71010
-0.71015
-0.71020
-0.71025
-0.71030
-0.71036
-0.71041
-0.71046
-0.71051
-0.71056
-0.71062
-0.71067
-0.71072
-0.71077
-0.71082
-0.71088
-0.71093
-0.71098
-0.71103
-0.71108
-0.71114
-0.71119
-0.71124
-0.71129
-0.71134
-0.71140
-0.71145
-0.71150
-0.71155
-0.71160
-0.71166
-0.71171
-0.71176
-0.71181
-0.71186
-0.71192
-0.71197
-0.71202
-0.71207
-0.71212
-0.71218
-0.71223
-0.71228
-0.71233
-0.71238
-0.71244
-0.71249
-0.71254
-0.71259
-0.71264
-0.71269
-0.71275
-0.71280
-0.71285
-0.71290
-0.71295
-0.71301
-0.71306
-0.71311
-0.71316
-0.71321
-0.71327
-0.71332
-0.71337
-0.71342
-0.71347
-0.71353
-0.71358
-0.71363
-0.71368
-0.71373
-0.71379
-0.71384
-0.71389
-0.71394
-0.71399
-0.71405
-0.71410
-0.71415
-0.71420
-0.71425
-0.71431
-0.71436
-0.71441
-0.71446
-0.71451
-0.71457
-0.71462
-0.71467
-0.71472
-0.71477
-0.71483
-0.71488
-0.71493
-0.71498
-0.71503
-0.71508
-0.71514
-0.71519
-0.71524
-0.71529
-0.71534
-0.71540
-0.71545
-0.71550
-0.71555
-0.71560
-0.71566
-0.71571
-0.71576
-0.71581
-0.71586
-0.71592
-0.71597
-0.71602
-0.71607
-0.71612
-0.71618
-0.71623
-0.71628
-0.71633
-0.71638
-0.71644
-0.71649
-0.71654
-0.71659
-0.71664
-0.71670
-0.71675
-0.71680
-0.71685
-0.71690
-0.71696
-0.71701
-0.71706
-0.71711
-0.71716
-0.71722
-0.71727
-0.71732
-0.71737
-0.71742
-0.71748
-0.71753
-0.71758
-0.71763
-0.71768
-0.71773
-0.71779
-0.71784
-0.71789
-0.71794
-0.71799
-0.71805
-0.71810
-0.71815
-0.71820
-0.71825
-0.71831
-0.71836
-0.71841
-0.71846
-0.71851
-0.71857
-0.71862
-0.71867
-0.71872
-0.71877
-0.71883
-0.71888
-0.71893
-0.71898
-0.71903
-0.71909
-0.71914
-0.71919
-0.71924
-0.71929
-0.71935
-0.71940
-0.71945
-0.71950
-0.71955
-0.71961
-0.71966
-0.71971
-0.71976
-0.71981
-0.71987
-0.71992
-0.71997
-0.72002
-0.72007
-0.72012
-0.72018
-0.72023
-0.72028
-0.72033
-0.72038
-0.72044
-0.72049
-0.72054
-0.72059
-0.72064
-0.72070
-0.72075
-0.72080
-0.72085
-0.72090
-0.72096
-0.72101
-0.72106
-0.72111
-0.72116
-0.72122
-0.72127
-0.72132
-0.72137
-0.72142
-0.72148
-0.72153
-0.72158
-0.72163
-0.72168
-0.72174
-0.72179
-0.72184
-0.72189
-0.72194
-0.72200
-0.72205
-0.72210
-0.72215
-0.72220
-0.72226
-0.72231
-0.72236
-0.72241
-0.72246
-0.72251
-0.72257
-0.72262
-0.72267
-0.72272
-0.72277
-0.72283
-0.72288
-0.72293
-0.72298
-0.72303
-0.72309
-0.72314
-0.72319
-0.72324
-0.72329
-0.72335
-0.72340
-0.72345
-0.72350
-0.72355
-0.72361
-0.72366
-0.72371
-0.72376
-0.72381
-0.72387
-0.72392
-0.72397
-0.72402
-0.72407
-0.72413
-0.72418
-0.72423
-0.72428
-0.72433
-0.72439
-0.72444
-0.72449
-0.72454
-0.72459
-0.72465
-0.72470
-0.72475
-0.72480
-0.72485
-0.72490
-0.72496
-0.72501
-0.72506
-0.72511
-0.72516
-0.72522
-0.72527
-0.72532
-0.72537
-0.72542
-0.72548
-0.72553
-0.72558
-0.72563
-0.72568
-0.72574
-0.72579
-0.72584
-0.72589
-0.72594
-0.72600
-0.72605
-0.72610
-0.72615
-0.72620
-0.72626
-0.72631
-0.72636
-0.72641
-0.72646
-0.72652
-0.72657
-0.72662
-0.72667
-0.72672
-0.72678
-0.72683
-0.72688
-0.72693
-0.72698
-0.72704
-0.72709
-0.72714
-0.72719
-0.72724
-0.72730
-0.72735
-0.72740
-0.72745
-0.72750
-0.72755
-0.72761
-0.72766
-0.72771
-0.72776
-0.72781
-0.72787
-0.72792
-0.72797
-0.72802
-0.72807
-0.72813
-0.72818
-0.72823
-0.72828
-0.72833
-0.72839
-0.72844
-0.72849
-0.72854
-0.72859
-0.72865
-0.72870
-0.72875
-0.72880
-0.72885
-0.72891
-0.72896
-0.72901
-0.72906
-0.72911
-0.72917
-0.72922
-0.72927
-0.72932
-0.72937
-0.72943
-0.72948
-0.72953
-0.72958
-0.72963
-0.72969
-0.72974
-0.72979
-0.72984
-0.72989
-0.72994
-0.73000
-0.73005
-0.73010
-0.73015
-0.73020
-0.73026
-0.73031
-0.73036
-0.73041
-0.73046
-0.73052
-0.73057
-0.73062
-0.73067
-0.73072
-0.73078
-0.73083
-0.73088
-0.73093
-0.73098
-0.73104
-0.73109
-0.73114
-0.73119
-0.73124
-0.73130
-0.73135
-0.73140
-0.73145
-0.73150
-0.73156
-0.73161
-0.73166
-0.73171
-0.73176
-0.73182
-0.73187
-0.73192
-0.73197
-0.73202
-0.73208
-0.73213
-0.73218
-0.73223
-0.73228
-0.73233
-0.73239
-0.73244
-0.73249
-0.73254
-0.73259
-0.73265
-0.73270
-0.73275
-0.73280
-0.73285
-0.73291
-0.73296
-0.73301
-0.73306
-0.73311
-0.73317
-0.73322
-0.73327
-0.73332
-0.73337
-0.73343
-0.73348
-0.73353
-0.73358
-0.73363
-0.73369
-0.73374
-0.73379
-0.73384
-0.73389
-0.73395
-0.73400
-0.73405
-0.73410
-0.73415
-0.73421
-0.73426
-0.73431
-0.73436
-0.73441
-0.73447
-0.73452
-0.73457
-0.73462
-0.73467
-0.73472
-0.73478
-0.73483
-0.73488
-0.73493
-0.73498
-0.73504
-0.73509
-0.73514
-0.73519
-0.73524
-0.73530
-0.73535
-0.73540
-0.73545
-0.73550
-0.73556
-0.73561
-0.73566
-0.73571
-0.73576
-0.73582
-0.73587
-0.73592
-0.73597
-0.73602
-0.73608
-0.73613
-0.73618
-0.73623
-0.73628
-0.73634
-0.73639
-0.73644
-0.73649
-0.73654
-0.73660
-0.73665
-0.73670
-0.73675
-0.73680
-0.73686
-0.73691
-0.73696
-0.73701
-0.73706
-0.73711
-0.73717
-0.73722
-0.73727
-0.73732
-0.73737
-0.73743
-0.73748
-0.73753
-0.73758
-0.73763
-0.73769
-0.73774
-0.73779
-0.73784
-0.73789
-0.73795
-0.73800
-0.73805
-0.73810
-0.73815
-0.73821
-0.73826
-0.73831
-0.73836
-0.73841
-0.73847
-0.73852
-0.73857
-0.73862
-0.73867
-0.73873
-0.73878
-0.73883
-0.73888
-0.73893
-0.73899
-0.73904
-0.73909
-0.73914
-0.73919
-0.73925
-0.73930
-0.73935
-0.73940
-0.73945
-0.73950
-0.73956
-0.73961
-0.73966
-0.73971
-0.73976
-0.73982
-0.73987
-0.73992
-0.73997
-0.74002
-0.74008
-0.74013
-0.74018
-0.74023
-0.74028
-0.74034
-0.74039
-0.74044
-0.74049
-0.74054
-0.74060
-0.74065
-0.74070
-0.74075
-0.74080
-0.74086
-0.74091
-0.74096
-0.74101
-0.74106
-0.74112
-0.74117
-0.74122
-0.74127
-0.74132
-0.74138
-0.74143
-0.74148
-0.74153
-0.74158
-0.74164
-0.74169
-0.74174
-0.74179
-0.74184
-0.74189
-0.74195
-0.74200
-0.74205
-0.74210
-0.74215
-0.74221
-0.74226
-0.74231
-0.74236
-0.74241
-0.74247
-0.74252
-0.74257
-0.74262
-0.74267
-0.74273
-0.74278
-0.74283
-0.74288
-0.74293
-0.74299
-0.74304
-0.74309
-0.74314
-0.74319
-0.74325
-0.74330
-0.74335
-0.74340
-0.74345
-0.74351
-0.74356
-0.74361
-0.74366
-0.74371
-0.74377
-0.74382
-0.74387
-0.74392
-0.74397
-0.74403
-0.74408
-0.74413
-0.74418
-0.74423
-0.74428
-0.74434
-0.74439
-0.74444
-0.74449
-0.74454
-0.74460
-0.74465
-0.74470
-0.74475
-0.74480
-0.74486
-0.74491
-0.74496
-0.74501
-0.74506
-0.74512
-0.74517
-0.74522
-0.74527
-0.74532
-0.74538
-0.74543
-0.74548
-0.74553
-0.74558
-0.74564
-0.74569
-0.74574
-0.74579
-0.74584
-0.74590
-0.74595
-0.74600
-0.74605
-0.74610
-0.74616
-0.74621
-0.74626
-0.74631
-0.74636
-0.74642
-0.74647
-0.74652
-0.74657
-0.74662
-0.74667
-0.74673
-0.74678
-0.74683
-0.74688
-0.74693
-0.74699
-0.74704
-0.74709
-0.74714
-0.74719
-0.74725
-0.74730
-0.74735
-0.74740
-0.74745
-0.74751
-0.74756
-0.74761
-0.74766
-0.74771
-0.74777
-0.74782
-0.74787
-0.74792
-0.74797
-0.74803
-0.74808
-0.74813
-0.74818
-0.74823
-0.74829
-0.74834
-0.74839
-0.74844
-0.74849
-0.74855
-0.74860
-0.74865
-0.74870
-0.74875
-0.74881
-0.74886
-0.74891
-0.74896
-0.74901
-0.74906
-0.74912
-0.74917
-0.74922
-0.74927
-0.74932
-0.74938
-0.74943
-0.74948
-0.74953
-0.74958
-0.74964
-0.74969
-0.74974
-0.74979
-0.74984
-0.74990
-0.74995
-0.75000
-0.75005
-0.75010
-0.75016
-0.75021
-0.75026
-0.75031
-0.75036
-0.75042
-0.75047
-0.75052
-0.75057
-0.75062
-0.75068
-0.75073
-0.75078
-0.75083
-0.75088
-0.75094
-0.75099
-0.75104
-0.75109
-0.75114
-0.75120
-0.75125
-0.75130
-0.75135
-0.75140
-0.75145
-0.75151
-0.75156
-0.75161
-0.75166
-0.75171
-0.75177
-0.75182
-0.75187
-0.75192
-0.75197
-0.75203
-0.75208
-0.75213
-0.75218
-0.75223
-0.75229
-0.75234
-0.75239
-0.75244
-0.75249
-0.75255
-0.75260
-0.75265
-0.75270
-0.75275
-0.75281
-0.75286
-0.75291
-0.75296
-0.75301
-0.75307
-0.75312
-0.75317
-0.75322
-0.75327
-0.75333
-0.75338
-0.75343
-0.75348
-0.75353
-0.75359
-0.75364
-0.75369
-0.75374
-0.75379
-0.75384
-0.75390
-0.75395
-0.75400
-0.75405
-0.75410
-0.75416
-0.75421
-0.75426
-0.75431
-0.75436
-0.75442
-0.75447
-0.75452
-0.75457
-0.75462
-0.75468
-0.75473
-0.75478
-0.75483
-0.75488
-0.75494
-0.75499
-0.75504
-0.75509
-0.75514
-0.75520
-0.75525
-0.75530
-0.75535
-0.75540
-0.75546
-0.75551
-0.75556
-0.75561
-0.75566
-0.75572
-0.75577
-0.75582
-0.75587
-0.75592
-0.75598
-0.75603
-0.75608
-0.75613
-0.75618
-0.75623
-0.75629
-0.75634
-0.75639
-0.75644
-0.75649
-0.75655
-0.75660
-0.75665
-0.75670
-0.75675
-0.75681
-0.75686
-0.75691
-0.75696
-0.75701
-0.75707
-0.75712
-0.75717
-0.75722
-0.75727
-0.75733
-0.75738
-0.75743
-0.75748
-0.75753
-0.75759
-0.75764
-0.75769
-0.75774
-0.75779
-0.75785
-0.75790
-0.75795
-0.75800
-0.75805
-0.75811
-0.75816
-0.75821
-0.75826
-0.75831
-0.75837
-0.75842
-0.75847
-0.75852
-0.75857
-0.75862
-0.75868
-0.75873
-0.75878
-0.75883
-0.75888
-0.75894
-0.75899
-0.75904
-0.75909
-0.75914
-0.75920
-0.75925
-0.75930
-0.75935
-0.75940
-0.75946
-0.75951
-0.75956
-0.75961
-0.75966
-0.75972
-0.75977
-0.75982
-0.75987
-0.75992
-0.75998
-0.76003
-0.76008
-0.76013
-0.76018
-0.76024
-0.76029
-0.76034
-0.76039
-0.76044
-0.76050
-0.76055
-0.76060
-0.76065
-0.76070
-0.76076
-0.76081
-0.76086
-0.76091
-0.76096
-0.76101
-0.76107
-0.76112
-0.76117
-0.76122
-0.76127
-0.76133
-0.76138
-0.76143
-0.76148
-0.76153
-0.76159
-0.76164
-0.76169
-0.76174
-0.76179
-0.76185
-0.76190
-0.76195
-0.76200
-0.76205
-0.76211
-0.76216
-0.76221
-0.76226
-0.76231
-0.76237
-0.76242
-0.76247
-0.76252
-0.76257
-0.76263
-0.76268
-0.76273
-0.76278
-0.76283
-0.76289
-0.76294
-0.76299
-0.76304
-0.76309
-0.76315
-0.76320
-0.76325
-0.76330
-0.76335
-0.76340
-0.76346
-0.76351
-0.76356
-0.76361
-0.76366
-0.76372
-0.76377
-0.76382
-0.76387
-0.76392
-0.76398
-0.76403
-0.76408
-0.76413
-0.76418
-0.76424
-0.76429
-0.76434
-0.76439
-0.76444
-0.76450
-0.76455
-0.76460
-0.76465
-0.76470
-0.76476
-0.76481
-0.76486
-0.76491
-0.76496
-0.76502
-0.76507
-0.76512
-0.76517
-0.76522
-0.76528
-0.76533
-0.76538
-0.76543
-0.76548
-0.76554
-0.76559
-0.76564
-0.76569
-0.76574
-0.76579
-0.76585
-0.76590
-0.76595
-0.76600
-0.76605
-0.76611
-0.76616
-0.76621
-0.76626
-0.76631
-0.76637
-0.76642
-0.76647
-0.76652
-0.76657
-0.76663
-0.76668
-0.76673
-0.76678
-0.76683
-0.76689
-0.76694
-0.76699
-0.76704
-0.76709
-0.76715
-0.76720
-0.76725
-0.76730
-0.76735
-0.76741
-0.76746
-0.76751
-0.76756
-0.76761
-0.76767
-0.76772
-0.76777
-0.76782
-0.76787
-0.76792
-0.76798
-0.76803
-0.76808
-0.76813
-0.76818
-0.76824
-0.76829
-0.76834
-0.76839
-0.76844
-0.76850
-0.76855
-0.76860
-0.76865
-0.76870
-0.76876
-0.76881
-0.76886
-0.76891
-0.76896
-0.76902
-0.76907
-0.76912
-0.76917
-0.76922
-0.76928
-0.76933
-0.76938
-0.76943
-0.76948
-0.76954
-0.76959
-0.76964
-0.76969
-0.76974
-0.76980
-0.76985
-0.76990
-0.76995
-0.77000
-0.77006
-0.77011
-0.77016
-0.77021
-0.77026
-0.77031
-0.77037
-0.77042
-0.77047
-0.77052
-0.77057
-0.77063
-0.77068
-0.77073
-0.77078
-0.77083
-0.77089
-0.77094
-0.77099
-0.77104
-0.77109
-0.77115
-0.77120
-0.77125
-0.77130
-0.77135
-0.77141
-0.77146
-0.77151
-0.77156
-0.77161
-0.77167
-0.77172
-0.77177
-0.77182
-0.77187
-0.77193
-0.77198
-0.77203
-0.77208
-0.77213
-0.77219
-0.77224
-0.77229
-0.77234
-0.77239
-0.77245
-0.77250
-0.77255
-0.77260
-0.77265
-0.77270
-0.77276
-0.77281
-0.77286
-0.77291
-0.77296
-0.77302
-0.77307
-0.77312
-0.77317
-0.77322
-0.77328
-0.77333
-0.77338
-0.77343
-0.77348
-0.77354
-0.77359
-0.77364
-0.77369
-0.77374
-0.77380
-0.77385
-0.77390
-0.77395
-0.77400
-0.77406
-0.77411
-0.77416
-0.77421
-0.77426
-0.77432
-0.77437
-0.77442
-0.77447
-0.77452
-0.77458
-0.77463
-0.77468
-0.77473
-0.77478
-0.77484
-0.77489
-0.77494
-0.77499
-0.77504
-0.77509
-0.77515
-0.77520
-0.77525
-0.77530
-0.77535
-0.77541
-0.77546
-0.77551
-0.77556
-0.77561
-0.77567
-0.77572
-0.77577
-0.77582
-0.77587
-0.77593
-0.77598
-0.77603
-0.77608
-0.77613
-0.77619
-0.77624
-0.77629
-0.77634
-0.77639
-0.77645
-0.77650
-0.77655
-0.77660
-0.77665
-0.77671
-0.77676
-0.77681
-0.77686
-0.77691
-0.77697
-0.77702
-0.77707
-0.77712
-0.77717
-0.77722
-0.77728
-0.77733
-0.77738
-0.77743
-0.77748
-0.77754
-0.77759
-0.77764
-0.77769
-0.77774
-0.77780
-0.77785
-0.77790
-0.77795
-0.77800
-0.77806
-0.77811
-0.77816
-0.77821
-0.77826
-0.77832
-0.77837
-0.77842
-0.77847
-0.77852
-0.77858
-0.77863
-0.77868
-0.77873
-0.77878
-0.77884
-0.77889
-0.77894
-0.77899
-0.77904
-0.77910
-0.77915
-0.77920
-0.77925
-0.77930
-0.77936
-0.77941
-0.77946
-0.77951
-0.77956
-0.77961
-0.77967
-0.77972
-0.77977
-0.77982
-0.77987
-0.77993
-0.77998
-0.78003
-0.78008
-0.78013
-0.78019
-0.78024
-0.78029
-0.78034
-0.78039
-0.78045
-0.78050
-0.78055
-0.78060
-0.78065
-0.78071
-0.78076
-0.78081
-0.78086
-0.78091
-0.78097
-0.78102
-0.78107
-0.78112
-0.78117
-0.78123
-0.78128
-0.78133
-0.78138
-0.78143
-0.78149
-0.78154
-0.78159
-0.78164
-0.78169
-0.78175
-0.78180
-0.78185
-0.78190
-0.78195
-0.78200
-0.78206
-0.78211
-0.78216
-0.78221
-0.78226
-0.78232
-0.78237
-0.78242
-0.78247
-0.78252
-0.78258
-0.78263
-0.78268
-0.78273
-0.78278
-0.78284
-0.78289
-0.78294
-0.78299
-0.78304
-0.78310
-0.78315
-0.78320
-0.78325
-0.78330
-0.78336
-0.78341
-0.78346
-0.78351
-0.78356
-0.78362
-0.78367
-0.78372
-0.78377
-0.78382
-0.78388
-0.78393
-0.78398
-0.78403
-0.78408
-0.78413
-0.78419
-0.78424
-0.78429
-0.78434
-0.78439
-0.78445
-0.78450
-0.78455
-0.78460
-0.78465
-0.78471
-0.78476
-0.78481
-0.78486
-0.78491
-0.78497
-0.78502
-0.78507
-0.78512
-0.78517
-0.78523
-0.78528
-0.78533
-0.78538
-0.78543
-0.78549
-0.78554
-0.78559
-0.78564
-0.78569
-0.78575
-0.78580
-0.78585
-0.78590
-0.78595
-0.78601
-0.78606
-0.78611
-0.78616
-0.78621
-0.78627
-0.78632
-0.78637
-0.78642
-0.78647
-0.78652
-0.78658
-0.78663
-0.78668
-0.78673
-0.78678
-0.78684
-0.78689
-0.78694
-0.78699
-0.78704
-0.78710
-0.78715
-0.78720
-0.78725
-0.78730
-0.78736
-0.78741
-0.78746
-0.78751
-0.78756
-0.78762
-0.78767
-0.78772
-0.78777
-0.78782
-0.78788
-0.78793
-0.78798
-0.78803
-0.78808
-0.78814
-0.78819
-0.78824
-0.78829
-0.78834
-0.78840
-0.78845
-0.78850
-0.78855
-0.78860
-0.78865
-0.78871
-0.78876
-0.78881
-0.78886
-0.78891
-0.78897
-0.78902
-0.78907
-0.78912
-0.78917
-0.78923
-0.78928
-0.78933
-0.78938
-0.78943
-0.78949
-0.78954
-0.78959
-0.78964
-0.78969
-0.78975
-0.78980
-0.78985
-0.78990
-0.78995
-0.79001
-0.79006
-0.79011
-0.79016
-0.79021
-0.79027
-0.79032
-0.79037
-0.79042
-0.79047
-0.79053
-0.79058
-0.79063
-0.79068
-0.79073
-0.79079
-0.79084
-0.79089
-0.79094
-0.79099
-0.79104
-0.79110
-0.79115
-0.79120
-0.79125
-0.79130
-0.79136
-0.79141
-0.79146
-0.79151
-0.79156
-0.79162
-0.79167
-0.79172
-0.79177
-0.79182
-0.79188
-0.79193
-0.79198
-0.79203
-0.79208
-0.79214
-0.79219
-0.79224
-0.79229
-0.79234
-0.79240
-0.79245
-0.79250
-0.79255
-0.79260
-0.79266
-0.79271
-0.79276
-0.79281
-0.79286
-0.79292
-0.79297
-0.79302
-0.79307
-0.79312
-0.79317
-0.79323
-0.79328
-0.79333
-0.79338
-0.79343
-0.79349
-0.79354
-0.79359
-0.79364
-0.79369
-0.79375
-0.79380
-0.79385
-0.79390
-0.79395
-0.79401
-0.79406
-0.79411
-0.79416
-0.79421
-0.79427
-0.79432
-0.79437
-0.79442
-0.79447
-0.79453
-0.79458
-0.79463
-0.79468
-0.79473
-0.79479
-0.79484
-0.79489
-0.79494
-0.79499
-0.79505
-0.79510
-0.79515
-0.79520
-0.79525
-0.79531
-0.79536
-0.79541
-0.79546
-0.79551
-0.79556
-0.79562
-0.79567
-0.79572
-0.79577
-0.79582
-0.79588
-0.79593
-0.79598
-0.79603
-0.79608
-0.79614
-0.79619
-0.79624
-0.79629
-0.79634
-0.79640
-0.79645
-0.79650
-0.79655
-0.79660
-0.79666
-0.79671
-0.79676
-0.79681
-0.79686
-0.79692
-0.79697
-0.79702
-0.79707
-0.79712
-0.79718
-0.79723
-0.79728
-0.79733
-0.79738
-0.79744
-0.79749
-0.79754
-0.79759
-0.79764
-0.79769
-0.79775
-0.79780
-0.79785
-0.79790
-0.79795
-0.79801
-0.79806
-0.79811
-0.79816
-0.79821
-0.79827
-0.79832
-0.79837
-0.79842
-0.79847
-0.79853
-0.79858
-0.79863
-0.79868
-0.79873
-0.79879
-0.79884
-0.79889
-0.79894
-0.79899
-0.79905
-0.79910
-0.79915
-0.79920
-0.79925
-0.79931
-0.79936
-0.79941
-0.79946
-0.79951
-0.79957
-0.79962
-0.79967
-0.79972
-0.79977
-0.79983
-0.79988
-0.79993
-0.79998
-0.80003
-0.80008
-0.80014
-0.80019
-0.80024
-0.80029
-0.80034
-0.80040
-0.80045
-0.80050
-0.80055
-0.80060
-0.80066
-0.80071
-0.80076
-0.80081
-0.80086
-0.80092
-0.80097
-0.80102
-0.80107
-0.80112
-0.80118
-0.80123
-0.80128
-0.80133
-0.80138
-0.80144
-0.80149
-0.80154
-0.80159
-0.80164
-0.80170
-0.80175
-0.80180
-0.80185
-0.80190
-0.80196
-0.80201
-0.80206
-0.80211
-0.80216
-0.80221
-0.80227
-0.80232
-0.80237
-0.80242
-0.80247
-0.80253
-0.80258
-0.80263
-0.80268
-0.80273
-0.80279
-0.80284
-0.80289
-0.80294
-0.80299
-0.80305
-0.80310
-0.80315
-0.80320
-0.80325
-0.80331
-0.80336
-0.80341
-0.80346
-0.80351
-0.80357
-0.80362
-0.80367
-0.80372
-0.80377
-0.80383
-0.80388
-0.80393
-0.80398
-0.80403
-0.80409
-0.80414
-0.80419
-0.80424
-0.80429
-0.80435
-0.80440
-0.80445
-0.80450
-0.80455
-0.80460
-0.80466
-0.80471
-0.80476
-0.80481
-0.80486
-0.80492
-0.80497
-0.80502
-0.80507
-0.80512
-0.80518
-0.80523
-0.80528
-0.80533
-0.80538
-0.80544
-0.80549
-0.80554
-0.80559
-0.80564
-0.80570
-0.80575
-0.80580
-0.80585
-0.80590
-0.80596
-0.80601
-0.80606
-0.80611
-0.80616
-0.80622
-0.80627
-0.80632
-0.80637
-0.80642
-0.80648
-0.80653
-0.80658
-0.80663
-0.80668
-0.80673
-0.80679
-0.80684
-0.80689
-0.80694
-0.80699
-0.80705
-0.80710
-0.80715
-0.80720
-0.80725
-0.80731
-0.80736
-0.80741
-0.80746
-0.80751
-0.80757
-0.80762
-0.80767
-0.80772
-0.80777
-0.80783
-0.80788
-0.80793
-0.80798
-0.80803
-0.80809
-0.80814
-0.80819
-0.80824
-0.80829
-0.80835
-0.80840
-0.80845
-0.80850
-0.80855
-0.80861
-0.80866
-0.80871
-0.80876
-0.80881
-0.80886
-0.80892
-0.80897
-0.80902
-0.80907
-0.80912
-0.80918
-0.80923
-0.80928
-0.80933
-0.80938
-0.80944
-0.80949
-0.80954
-0.80959
-0.80964
-0.80970
-0.80975
-0.80980
-0.80985
-0.80990
-0.80996
-0.81001
-0.81006
-0.81011
-0.81016
-0.81022
-0.81027
-0.81032
-0.81037
-0.81042
-0.81048
-0.81053
-0.81058
-0.81063
-0.81068
-0.81074
-0.81079
-0.81084
-0.81089
-0.81094
-0.81100
-0.81105
-0.81110
-0.81115
-0.81120
-0.81125
-0.81131
-0.81136
-0.81141
-0.81146
-0.81151
-0.81157
-0.81162
-0.81167
-0.81172
-0.81177
-0.81183
-0.81188
-0.81193
-0.81198
-0.81203
-0.81209
-0.81214
-0.81219
-0.81224
-0.81229
-0.81235
-0.81240
-0.81245
-0.81250
-0.81255
-0.81261
-0.81266
-0.81271
-0.81276
-0.81281
-0.81287
-0.81292
-0.81297
-0.81302
-0.81307
-0.81313
-0.81318
-0.81323
-0.81328
-0.81333
-0.81338
-0.81344
-0.81349
-0.81354
-0.81359
-0.81364
-0.81370
-0.81375
-0.81380
-0.81385
-0.81390
-0.81396
-0.81401
-0.81406
-0.81411
-0.81416
-0.81422
-0.81427
-0.81432
-0.81437
-0.81442
-0.81448
-0.81453
-0.81458
-0.81463
-0.81468
-0.81474
-0.81479
-0.81484
-0.81489
-0.81494
-0.81500
-0.81505
-0.81510
-0.81515
-0.81520
-0.81526
-0.81531
-0.81536
-0.81541
-0.81546
-0.81551
-0.81557
-0.81562
-0.81567
-0.81572
-0.81577
-0.81583
-0.81588
-0.81593
-0.81598
-0.81603
-0.81609
-0.81614
-0.81619
-0.81624
-0.81629
-0.81635
-0.81640
-0.81645
-0.81650
-0.81655
-0.81661
-0.81666
-0.81671
-0.81676
-0.81681
-0.81687
-0.81692
-0.81697
-0.81702
-0.81707
-0.81713
-0.81718
-0.81723
-0.81728
-0.81733
-0.81739
-0.81744
-0.81749
-0.81754
-0.81759
-0.81765
-0.81770
-0.81775
-0.81780
-0.81785
-0.81790
-0.81796
-0.81801
-0.81806
-0.81811
-0.81816
-0.81822
-0.81827
-0.81832
-0.81837
-0.81842
-0.81848
-0.81853
-0.81858
-0.81863
-0.81868
-0.81874
-0.81879
-0.81884
-0.81889
-0.81894
-0.81900
-0.81905
-0.81910
-0.81915
-0.81920
-0.81926
-0.81931
-0.81936
-0.81941
-0.81946
-0.81952
-0.81957
-0.81962
-0.81967
-0.81972
-0.81978
-0.81983
-0.81988
-0.81993
-0.81998
-0.82003
-0.82009
-0.82014
-0.82019
-0.82024
-0.82029
-0.82035
-0.82040
-0.82045
-0.82050
-0.82055
-0.82061
-0.82066
-0.82071
-0.82076
-0.82081
-0.82087
-0.82092
-0.82097
-0.82102
-0.82107
-0.82113
-0.82118
-0.82123
-0.82128
-0.82133
-0.82139
-0.82144
-0.82149
-0.82154
-0.82159
-0.82165
-0.82170
-0.82175
-0.82180
-0.82185
-0.82191
-0.82196
-0.82201
-0.82206
-0.82211
-0.82216
-0.82222
-0.82227
-0.82232
-0.82237
-0.82242
-0.82248
-0.82253
-0.82258
-0.82263
-0.82268
-0.82274
-0.82279
-0.82284
-0.82289
-0.82294
-0.82300
-0.82305
-0.82310
-0.82315
-0.82320
-0.82326
-0.82331
-0.82336
-0.82341
-0.82346
-0.82352
-0.82357
-0.82362
-0.82367
-0.82372
-0.82378
-0.82383
-0.82388
-0.82393
-0.82398
-0.82404
-0.82409
-0.82414
-0.82419
-0.82424
-0.82429
-0.82435
-0.82440
-0.82445
-0.82450
-0.82455
-0.82461
-0.82466
-0.82471
-0.82476
-0.82481
-0.82487
-0.82492
-0.82497
-0.82502
-0.82507
-0.82513
-0.82518
-0.82523
-0.82528
-0.82533
-0.82539
-0.82544
-0.82549
-0.82554
-0.82559
-0.82565
-0.82570
-0.82575
-0.82580
-0.82585
-0.82591
-0.82596
-0.82601
-0.82606
-0.82611
-0.82617
-0.82622
-0.82627
-0.82632
-0.82637
-0.82643
-0.82648
-0.82653
-0.82658
-0.82663
-0.82668
-0.82674
-0.82679
-0.82684
-0.82689
-0.82694
-0.82700
-0.82705
-0.82710
-0.82715
-0.82720
-0.82726
-0.82731
-0.82736
-0.82741
-0.82746
-0.82752
-0.82757
-0.82762
-0.82767
-0.82772
-0.82778
-0.82783
-0.82788
-0.82793
-0.82798
-0.82804
-0.82809
-0.82814
-0.82819
-0.82824
-0.82830
-0.82835
-0.82840
-0.82845
-0.82850
-0.82856
-0.82861
-0.82866
-0.82871
-0.82876
-0.82881
-0.82887
-0.82892
-0.82897
-0.82902
-0.82907
-0.82913
-0.82918
-0.82923
-0.82928
-0.82933
-0.82939
-0.82944
-0.82949
-0.82954
-0.82959
-0.82965
-0.82970
-0.82975
-0.82980
-0.82985
-0.82991
-0.82996
-0.83001
-0.83006
-0.83011
-0.83017
-0.83022
-0.83027
-0.83032
-0.83037
-0.83043
-0.83048
-0.83053
-0.83058
-0.83063
-0.83069
-0.83074
-0.83079
-0.83084
-0.83089
-0.83094
-0.83100
-0.83105
-0.83110
-0.83115
-0.83120
-0.83126
-0.83131
-0.83136
-0.83141
-0.83146
-0.83152
-0.83157
-0.83162
-0.83167
-0.83172
-0.83178
-0.83183
-0.83188
-0.83193
-0.83198
-0.83204
-0.83209
-0.83214
-0.83219
-0.83224
-0.83230
-0.83235
-0.83240
-0.83245
-0.83250
-0.83256
-0.83261
-0.83266
-0.83271
-0.83276
-0.83282
-0.83287
-0.83292
-0.83297
-0.83302
-0.83307
-0.83313
-0.83318
-0.83323
-0.83328
-0.83333
-0.83339
-0.83344
-0.83349
-0.83354
-0.83359
-0.83365
-0.83370
-0.83375
-0.83380
-0.83385
-0.83391
-0.83396
-0.83401
-0.83406
-0.83411
-0.83417
-0.83422
-0.83427
-0.83432
-0.83437
-0.83443
-0.83448
-0.83453
-0.83458
-0.83463
-0.83469
-0.83474
-0.83479
-0.83484
-0.83489
-0.83495
-0.83500
-0.83505
-0.83510
-0.83515
-0.83520
-0.83526
-0.83531
-0.83536
-0.83541
-0.83546
-0.83552
-0.83557
-0.83562
-0.83567
-0.83572
-0.83578
-0.83583
-0.83588
-0.83593
-0.83598
-0.83604
-0.83609
-0.83614
-0.83619
-0.83624
-0.83630
-0.83635
-0.83640
-0.83645
-0.83650
-0.83656
-0.83661
-0.83666
-0.83671
-0.83676
-0.83682
-0.83687
-0.83692
-0.83697
-0.83702
-0.83708
-0.83713
-0.83718
-0.83723
-0.83728
-0.83733
-0.83739
-0.83744
-0.83749
-0.83754
-0.83759
-0.83765
-0.83770
-0.83775
-0.83780
-0.83785
-0.83791
-0.83796
-0.83801
-0.83806
-0.83811
-0.83817
-0.83822
-0.83827
-0.83832
-0.83837
-0.83843
-0.83848
-0.83853
-0.83858
-0.83863
-0.83869
-0.83874
-0.83879
-0.83884
-0.83889
-0.83895
-0.83900
-0.83905
-0.83910
-0.83915
-0.83921
-0.83926
-0.83931
-0.83936
-0.83941
-0.83947
-0.83952
-0.83957
-0.83962
-0.83967
-0.83972
-0.83978
-0.83983
-0.83988
-0.83993
-0.83998
-0.84004
-0.84009
-0.84014
-0.84019
-0.84024
-0.84030
-0.84035
-0.84040
-0.84045
-0.84050
-0.84056
-0.84061
-0.84066
-0.84071
-0.84076
-0.84082
-0.84087
-0.84092
-0.84097
-0.84102
-0.84108
-0.84113
-0.84118
-0.84123
-0.84128
-0.84134
-0.84139
-0.84144
-0.84149
-0.84154
-0.84160
-0.84165
-0.84170
-0.84175
-0.84180
-0.84185
-0.84191
-0.84196
-0.84201
-0.84206
-0.84211
-0.84217
-0.84222
-0.84227
-0.84232
-0.84237
-0.84243
-0.84248
-0.84253
-0.84258
-0.84263
-0.84269
-0.84274
-0.84279
-0.84284
-0.84289
-0.84295
-0.84300
-0.84305
-0.84310
-0.84315
-0.84321
-0.84326
-0.84331
-0.84336
-0.84341
-0.84347
-0.84352
-0.84357
-0.84362
-0.84367
-0.84373
-0.84378
-0.84383
-0.84388
-0.84393
-0.84398
-0.84404
-0.84409
-0.84414
-0.84419
-0.84424
-0.84430
-0.84435
-0.84440
-0.84445
-0.84450
-0.84456
-0.84461
-0.84466
-0.84471
-0.84476
-0.84482
-0.84487
-0.84492
-0.84497
-0.84502
-0.84508
-0.84513
-0.84518
-0.84523
-0.84528
-0.84534
-0.84539
-0.84544
-0.84549
-0.84554
-0.84560
-0.84565
-0.84570
-0.84575
-0.84580
-0.84586
-0.84591
-0.84596
-0.84601
-0.84606
-0.84611
-0.84617
-0.84622
-0.84627
-0.84632
-0.84637
-0.84643
-0.84648
-0.84653
-0.84658
-0.84663
-0.84669
-0.84674
-0.84679
-0.84684
-0.84689
-0.84695
-0.84700
-0.84705
-0.84710
-0.84715
-0.84721
-0.84726
-0.84731
-0.84736
-0.84741
-0.84747
-0.84752
-0.84757
-0.84762
-0.84767
-0.84773
-0.84778
-0.84783
-0.84788
-0.84793
-0.84799
-0.84804
-0.84809
-0.84814
-0.84819
-0.84824
-0.84830
-0.84835
-0.84840
-0.84845
-0.84850
-0.84856
-0.84861
-0.84866
-0.84871
-0.84876
-0.84882
-0.84887
-0.84892
-0.84897
-0.84902
-0.84908
-0.84913
-0.84918
-0.84923
-0.84928
-0.84934
-0.84939
-0.84944
-0.84949
-0.84954
-0.84960
-0.84965
-0.84970
-0.84975
-0.84980
-0.84986
-0.84991
-0.84996
-0.85001
-0.85006
-0.85012
-0.85017
-0.85022
-0.85027
-0.85032
-0.85037
-0.85043
-0.85048
-0.85053
-0.85058
-0.85063
-0.85069
-0.85074
-0.85079
-0.85084
-0.85089
-0.85095
-0.85100
-0.85105
-0.85110
-0.85115
-0.85121
-0.85126
-0.85131
-0.85136
-0.85141
-0.85147
-0.85152
-0.85157
-0.85162
-0.85167
-0.85173
-0.85178
-0.85183
-0.85188
-0.85193
-0.85199
-0.85204
-0.85209
-0.85214
-0.85219
-0.85225
-0.85230
-0.85235
-0.85240
-0.85245
-0.85250
-0.85256
-0.85261
-0.85266
-0.85271
-0.85276
-0.85282
-0.85287
-0.85292
-0.85297
-0.85302
-0.85308
-0.85313
-0.85318
-0.85323
-0.85328
-0.85334
-0.85339
-0.85344
-0.85349
-0.85354
-0.85360
-0.85365
-0.85370
-0.85375
-0.85380
-0.85386
-0.85391
-0.85396
-0.85401
-0.85406
-0.85412
-0.85417
-0.85422
-0.85427
-0.85432
-0.85438
-0.85443
-0.85448
-0.85453
-0.85458
-0.85463
-0.85469
-0.85474
-0.85479
-0.85484
-0.85489
-0.85495
-0.85500
-0.85505
-0.85510
-0.85515
-0.85521
-0.85526
-0.85531
-0.85536
-0.85541
-0.85547
-0.85552
-0.85557
-0.85562
-0.85567
-0.85573
-0.85578
-0.85583
-0.85588
-0.85593
-0.85599
-0.85604
-0.85609
-0.85614
-0.85619
-0.85625
-0.85630
-0.85635
-0.85640
-0.85645
-0.85651
-0.85656
-0.85661
-0.85666
-0.85671
-0.85676
-0.85682
-0.85687
-0.85692
-0.85697
-0.85702
-0.85708
-0.85713
-0.85718
-0.85723
-0.85728
-0.85734
-0.85739
-0.85744
-0.85749
-0.85754
-0.85760
-0.85765
-0.85770
-0.85775
-0.85780
-0.85786
-0.85791
-0.85796
-0.85801
-0.85806
-0.85812
-0.85817
-0.85822
-0.85827
-0.85832
-0.85838
-0.85843
-0.85848
-0.85853
-0.85858
-0.85864
-0.85869
-0.85874
-0.85879
-0.85884
-0.85889
-0.85895
-0.85900
-0.85905
-0.85910
-0.85915
-0.85921
-0.85926
-0.85931
-0.85936
-0.85941
-0.85947
-0.85952
-0.85957
-0.85962
-0.85967
-0.85973
-0.85978
-0.85983
-0.85988
-0.85993
-0.85999
-0.86004
-0.86009
-0.86014
-0.86019
-0.86025
-0.86030
-0.86035
-0.86040
-0.86045
-0.86051
-0.86056
-0.86061
-0.86066
-0.86071
-0.86076
-0.86082
-0.86087
-0.86092
-0.86097
-0.86102
-0.86108
-0.86113
-0.86118
-0.86123
-0.86128
-0.86134
-0.86139
-0.86144
-0.86149
-0.86154
-0.86160
-0.86165
-0.86170
-0.86175
-0.86180
-0.86186
-0.86191
-0.86196
-0.86201
-0.86206
-0.86212
-0.86217
-0.86222
-0.86227
-0.86232
-0.86238
-0.86243
-0.86248
-0.86253
-0.86258
-0.86264
-0.86269
-0.86274
-0.86279
-0.86284
-0.86289
-0.86295
-0.86300
-0.86305
-0.86310
-0.86315
-0.86321
-0.86326
-0.86331
-0.86336
-0.86341
-0.86347
-0.86352
-0.86357
-0.86362
-0.86367
-0.86373
-0.86378
-0.86383
-0.86388
-0.86393
-0.86399
-0.86404
-0.86409
-0.86414
-0.86419
-0.86425
-0.86430
-0.86435
-0.86440
-0.86445
-0.86451
-0.86456
-0.86461
-0.86466
-0.86471
-0.86477
-0.86482
-0.86487
-0.86492
-0.86497
-0.86502
-0.86508
-0.86513
-0.86518
-0.86523
-0.86528
-0.86534
-0.86539
-0.86544
-0.86549
-0.86554
-0.86560
-0.86565
-0.86570
-0.86575
-0.86580
-0.86586
-0.86591
-0.86596
-0.86601
-0.86606
-0.86612
-0.86617
-0.86622
-0.86627
-0.86632
-0.86638
-0.86643
-0.86648
-0.86653
-0.86658
-0.86664
-0.86669
-0.86674
-0.86679
-0.86684
-0.86690
-0.86695
-0.86700
-0.86705
-0.86710
-0.86715
-0.86721
-0.86726
-0.86731
-0.86736
-0.86741
-0.86747
-0.86752
-0.86757
-0.86762
-0.86767
-0.86773
-0.86778
-0.86783
-0.86788
-0.86793
-0.86799
-0.86804
-0.86809
-0.86814
-0.86819
-0.86825
-0.86830
-0.86835
-0.86840
-0.86845
-0.86851
-0.86856
-0.86861
-0.86866
-0.86871
-0.86877
-0.86882
-0.86887
-0.86892
-0.86897
-0.86903
-0.86908
-0.86913
-0.86918
-0.86923
-0.86928
-0.86934
-0.86939
-0.86944
-0.86949
-0.86954
-0.86960
-0.86965
-0.86970
-0.86975
-0.86980
-0.86986
-0.86991
-0.86996
-0.87001
-0.87006
-0.87012
-0.87017
-0.87022
-0.87027
-0.87032
-0.87038
-0.87043
-0.87048
-0.87053
-0.87058
-0.87064
-0.87069
-0.87074
-0.87079
-0.87084
-0.87090
-0.87095
-0.87100
-0.87105
-0.87110
-0.87116
-0.87121
-0.87126
-0.87131
-0.87136
-0.87141
-0.87147
-0.87152
-0.87157
-0.87162
-0.87167
-0.87173
-0.87178
-0.87183
-0.87188
-0.87193
-0.87199
-0.87204
-0.87209
-0.87214
-0.87219
-0.87225
-0.87230
-0.87235
-0.87240
-0.87245
-0.87251
-0.87256
-0.87261
-0.87266
-0.87271
-0.87277
-0.87282
-0.87287
-0.87292
-0.87297
-0.87303
-0.87308
-0.87313
-0.87318
-0.87323
-0.87328
-0.87334
-0.87339
-0.87344
-0.87349
-0.87354
-0.87360
-0.87365
-0.87370
-0.87375
-0.87380
-0.87386
-0.87391
-0.87396
-0.87401
-0.87406
-0.87412
-0.87417
-0.87422
-0.87427
-0.87432
-0.87438
-0.87443
-0.87448
-0.87453
-0.87458
-0.87464
-0.87469
-0.87474
-0.87479
-0.87484
-0.87490
-0.87495
-0.87500
-0.87505
-0.87510
-0.87516
-0.87521
-0.87526
-0.87531
-0.87536
-0.87541
-0.87547
-0.87552
-0.87557
-0.87562
-0.87567
-0.87573
-0.87578
-0.87583
-0.87588
-0.87593
-0.87599
-0.87604
-0.87609
-0.87614
-0.87619
-0.87625
-0.87630
-0.87635
-0.87640
-0.87645
-0.87651
-0.87656
-0.87661
-0.87666
-0.87671
-0.87677
-0.87682
-0.87687
-0.87692
-0.87697
-0.87703
-0.87708
-0.87713
-0.87718
-0.87723
-0.87729
-0.87734
-0.87739
-0.87744
-0.87749
-0.87754
-0.87760
-0.87765
-0.87770
-0.87775
-0.87780
-0.87786
-0.87791
-0.87796
-0.87801
-0.87806
-0.87812
-0.87817
-0.87822
-0.87827
-0.87832
-0.87838
-0.87843
-0.87848
-0.87853
-0.87858
-0.87864
-0.87869
-0.87874
-0.87879
-0.87884
-0.87890
-0.87895
-0.87900
-0.87905
-0.87910
-0.87916
-0.87921
-0.87926
-0.87931
-0.87936
-0.87942
-0.87947
-0.87952
-0.87957
-0.87962
-0.87967
-0.87973
-0.87978
-0.87983
-0.87988
-0.87993
-0.87999
-0.88004
-0.88009
-0.88014
-0.88019
-0.88025
-0.88030
-0.88035
-0.88040
-0.88045
-0.88051
-0.88056
-0.88061
-0.88066
-0.88071
-0.88077
-0.88082
-0.88087
-0.88092
-0.88097
-0.88103
-0.88108
-0.88113
-0.88118
-0.88123
-0.88129
-0.88134
-0.88139
-0.88144
-0.88149
-0.88154
-0.88160
-0.88165
-0.88170
-0.88175
-0.88180
-0.88186
-0.88191
-0.88196
-0.88201
-0.88206
-0.88212
-0.88217
-0.88222
-0.88227
-0.88232
-0.88238
-0.88243
-0.88248
-0.88253
-0.88258
-0.88264
-0.88269
-0.88274
-0.88279
-0.88284
-0.88290
-0.88295
-0.88300
-0.88305
-0.88310
-0.88316
-0.88321
-0.88326
-0.88331
-0.88336
-0.88342
-0.88347
-0.88352
-0.88357
-0.88362
-0.88367
-0.88373
-0.88378
-0.88383
-0.88388
-0.88393
-0.88399
-0.88404
-0.88409
-0.88414
-0.88419
-0.88425
-0.88430
-0.88435
-0.88440
-0.88445
-0.88451
-0.88456
-0.88461
-0.88466
-0.88471
-0.88477
-0.88482
-0.88487
-0.88492
-0.88497
-0.88503
-0.88508
-0.88513
-0.88518
-0.88523
-0.88529
-0.88534
-0.88539
-0.88544
-0.88549
-0.88555
-0.88560
-0.88565
-0.88570
-0.88575
-0.88580
-0.88586
-0.88591
-0.88596
-0.88601
-0.88606
-0.88612
-0.88617
-0.88622
-0.88627
-0.88632
-0.88638
-0.88643
-0.88648
-0.88653
-0.88658
-0.88664
-0.88669
-0.88674
-0.88679
-0.88684
-0.88690
-0.88695
-0.88700
-0.88705
-0.88710
-0.88716
-0.88721
-0.88726
-0.88731
-0.88736
-0.88742
-0.88747
-0.88752
-0.88757
-0.88762
-0.88768
-0.88773
-0.88778
-0.88783
-0.88788
-0.88793
-0.88799
-0.88804
-0.88809
-0.88814
-0.88819
-0.88825
-0.88830
-0.88835
-0.88840
-0.88845
-0.88851
-0.88856
-0.88861
-0.88866
-0.88871
-0.88877
-0.88882
-0.88887
-0.88892
-0.88897
-0.88903
-0.88908
-0.88913
-0.88918
-0.88923
-0.88929
-0.88934
-0.88939
-0.88944
-0.88949
-0.88955
-0.88960
-0.88965
-0.88970
-0.88975
-0.88980
-0.88986
-0.88991
-0.88996
-0.89001
-0.89006
-0.89012
-0.89017
-0.89022
-0.89027
-0.89032
-0.89038
-0.89043
-0.89048
-0.89053
-0.89058
-0.89064
-0.89069
-0.89074
-0.89079
-0.89084
-0.89090
-0.89095
-0.89100
-0.89105
-0.89110
-0.89116
-0.89121
-0.89126
-0.89131
-0.89136
-0.89142
-0.89147
-0.89152
-0.89157
-0.89162
-0.89168
-0.89173
-0.89178
-0.89183
-0.89188
-0.89193
-0.89199
-0.89204
-0.89209
-0.89214
-0.89219
-0.89225
-0.89230
-0.89235
-0.89240
-0.89245
-0.89251
-0.89256
-0.89261
-0.89266
-0.89271
-0.89277
-0.89282
-0.89287
-0.89292
-0.89297
-0.89303
-0.89308
-0.89313
-0.89318
-0.89323
-0.89329
-0.89334
-0.89339
-0.89344
-0.89349
-0.89355
-0.89360
-0.89365
-0.89370
-0.89375
-0.89381
-0.89386
-0.89391
-0.89396
-0.89401
-0.89406
-0.89412
-0.89417
-0.89422
-0.89427
-0.89432
-0.89438
-0.89443
-0.89448
-0.89453
-0.89458
-0.89464
-0.89469
-0.89474
-0.89479
-0.89484
-0.89490
-0.89495
-0.89500
-0.89505
-0.89510
-0.89516
-0.89521
-0.89526
-0.89531
-0.89536
-0.89542
-0.89547
-0.89552
-0.89557
-0.89562
-0.89568
-0.89573
-0.89578
-0.89583
-0.89588
-0.89593
-0.89599
-0.89604
-0.89609
-0.89614
-0.89619
-0.89625
-0.89630
-0.89635
-0.89640
-0.89645
-0.89651
-0.89656
-0.89661
-0.89666
-0.89671
-0.89677
-0.89682
-0.89687
-0.89692
-0.89697
-0.89703
-0.89708
-0.89713
-0.89718
-0.89723
-0.89729
-0.89734
-0.89739
-0.89744
-0.89749
-0.89755
-0.89760
-0.89765
-0.89770
-0.89775
-0.89781
-0.89786
-0.89791
-0.89796
-0.89801
-0.89806
-0.89812
-0.89817
-0.89822
-0.89827
-0.89832
-0.89838
-0.89843
-0.89848
-0.89853
-0.89858
-0.89864
-0.89869
-0.89874
-0.89879
-0.89884
-0.89890
-0.89895
-0.89900
-0.89905
-0.89910
-0.89916
-0.89921
-0.89926
-0.89931
-0.89936
-0.89942
-0.89947
-0.89952
-0.89957
-0.89962
-0.89968
-0.89973
-0.89978
-0.89983
-0.89988
-0.89993
-0.89999
-0.90004
-0.90009
-0.90014
-0.90019
-0.90025
-0.90030
-0.90035
-0.90040
-0.90045
-0.90051
-0.90056
-0.90061
-0.90066
-0.90071
-0.90077
-0.90082
-0.90087
-0.90092
-0.90097
-0.90103
-0.90108
-0.90113
-0.90118
-0.90123
-0.90129
-0.90134
-0.90139
-0.90144
-0.90149
-0.90155
-0.90160
-0.90165
-0.90170
-0.90175
-0.90181
-0.90186
-0.90191
-0.90196
-0.90201
-0.90206
-0.90212
-0.90217
-0.90222
-0.90227
-0.90232
-0.90238
-0.90243
-0.90248
-0.90253
-0.90258
-0.90264
-0.90269
-0.90274
-0.90279
-0.90284
-0.90290
-0.90295
-0.90300
-0.90305
-0.90310
-0.90316
-0.90321
-0.90326
-0.90331
-0.90336
-0.90342
-0.90347
-0.90352
-0.90357
-0.90362
-0.90368
-0.90373
-0.90378
-0.90383
-0.90388
-0.90393
-0.90399
-0.90404
-0.90409
-0.90414
-0.90419
-0.90425
-0.90430
-0.90435
-0.90440
-0.90445
-0.90451
-0.90456
-0.90461
-0.90466
-0.90471
-0.90477
-0.90482
-0.90487
-0.90492
-0.90497
-0.90503
-0.90508
-0.90513
-0.90518
-0.90523
-0.90529
-0.90534
-0.90539
-0.90544
-0.90549
-0.90555
-0.90560
-0.90565
-0.90570
-0.90575
-0.90581
-0.90586
-0.90591
-0.90596
-0.90601
-0.90606
-0.90612
-0.90617
-0.90622
-0.90627
-0.90632
-0.90638
-0.90643
-0.90648
-0.90653
-0.90658
-0.90664
-0.90669
-0.90674
-0.90679
-0.90684
-0.90690
-0.90695
-0.90700
-0.90705
-0.90710
-0.90716
-0.90721
-0.90726
-0.90731
-0.90736
-0.90742
-0.90747
-0.90752
-0.90757
-0.90762
-0.90768
-0.90773
-0.90778
-0.90783
-0.90788
-0.90793
-0.90799
-0.90804
-0.90809
-0.90814
-0.90819
-0.90825
-0.90830
-0.90835
-0.90840
-0.90845
-0.90851
-0.90856
-0.90861
-0.90866
-0.90871
-0.90877
-0.90882
-0.90887
-0.90892
-0.90897
-0.90903
-0.90908
-0.90913
-0.90918
-0.90923
-0.90929
-0.90934
-0.90939
-0.90944
-0.90949
-0.90955
-0.90960
-0.90965
-0.90970
-0.90975
-0.90981
-0.90986
-0.90991
-0.90996
-0.91001
-0.91006
-0.91012
-0.91017
-0.91022
-0.91027
-0.91032
-0.91038
-0.91043
-0.91048
-0.91053
-0.91058
-0.91064
-0.91069
-0.91074
-0.91079
-0.91084
-0.91090
-0.91095
-0.91100
-0.91105
-0.91110
-0.91116
-0.91121
-0.91126
-0.91131
-0.91136
-0.91142
-0.91147
-0.91152
-0.91157
-0.91162
-0.91168
-0.91173
-0.91178
-0.91183
-0.91188
-0.91193
-0.91199
-0.91204
-0.91209
-0.91214
-0.91219
-0.91225
-0.91230
-0.91235
-0.91240
-0.91245
-0.91251
-0.91256
-0.91261
-0.91266
-0.91271
-0.91277
-0.91282
-0.91287
-0.91292
-0.91297
-0.91303
-0.91308
-0.91313
-0.91318
-0.91323
-0.91329
-0.91334
-0.91339
-0.91344
-0.91349
-0.91355
-0.91360
-0.91365
-0.91370
-0.91375
-0.91381
-0.91386
-0.91391
-0.91396
-0.91401
-0.91406
-0.91412
-0.91417
-0.91422
-0.91427
-0.91432
-0.91438
-0.91443
-0.91448
-0.91453
-0.91458
-0.91464
-0.91469
-0.91474
-0.91479
-0.91484
-0.91490
-0.91495
-0.91500
-0.91505
-0.91510
-0.91516
-0.91521
-0.91526
-0.91531
-0.91536
-0.91542
-0.91547
-0.91552
-0.91557
-0.91562
-0.91568
-0.91573
-0.91578
-0.91583
-0.91588
-0.91593
-0.91599
-0.91604
-0.91609
-0.91614
-0.91619
-0.91625
-0.91630
-0.91635
-0.91640
-0.91645
-0.91651
-0.91656
-0.91661
-0.91666
-0.91671
-0.91677
-0.91682
-0.91687
-0.91692
-0.91697
-0.91703
-0.91708
-0.91713
-0.91718
-0.91723
-0.91729
-0.91734
-0.91739
-0.91744
-0.91749
-0.91755
-0.91760
-0.91765
-0.91770
-0.91775
-0.91781
-0.91786
-0.91791
-0.91796
-0.91801
-0.91806
-0.91812
-0.91817
-0.91822
-0.91827
-0.91832
-0.91838
-0.91843
-0.91848
-0.91853
-0.91858
-0.91864
-0.91869
-0.91874
-0.91879
-0.91884
-0.91890
-0.91895
-0.91900
-0.91905
-0.91910
-0.91916
-0.91921
-0.91926
-0.91931
-0.91936
-0.91942
-0.91947
-0.91952
-0.91957
-0.91962
-0.91968
-0.91973
-0.91978
-0.91983
-0.91988
-0.91993
-0.91999
-0.92004
-0.92009
-0.92014
-0.92019
-0.92025
-0.92030
-0.92035
-0.92040
-0.92045
-0.92051
-0.92056
-0.92061
-0.92066
-0.92071
-0.92077
-0.92082
-0.92087
-0.92092
-0.92097
-0.92103
-0.92108
-0.92113
-0.92118
-0.92123
-0.92129
-0.92134
-0.92139
-0.92144
-0.92149
-0.92155
-0.92160
-0.92165
-0.92170
-0.92175
-0.92181
-0.92186
-0.92191
-0.92196
-0.92201
-0.92206
-0.92212
-0.92217
-0.92222
-0.92227
-0.92232
-0.92238
-0.92243
-0.92248
-0.92253
-0.92258
-0.92264
-0.92269
-0.92274
-0.92279
-0.92284
-0.92290
-0.92295
-0.92300
-0.92305
-0.92310
-0.92316
-0.92321
-0.92326
-0.92331
-0.92336
-0.92342
-0.92347
-0.92352
-0.92357
-0.92362
-0.92368
-0.92373
-0.92378
-0.92383
-0.92388
-0.92393
-0.92399
-0.92404
-0.92409
-0.92414
-0.92419
-0.92425
-0.92430
-0.92435
-0.92440
-0.92445
-0.92451
-0.92456
-0.92461
-0.92466
-0.92471
-0.92477
-0.92482
-0.92487
-0.92492
-0.92497
-0.92503
-0.92508
-0.92513
-0.92518
-0.92523
-0.92529
-0.92534
-0.92539
-0.92544
-0.92549
-0.92555
-0.92560
-0.92565
-0.92570
-0.92575
-0.92580
-0.92586
-0.92591
-0.92596
-0.92601
-0.92606
-0.92612
-0.92617
-0.92622
-0.92627
-0.92632
-0.92638
-0.92643
-0.92648
-0.92653
-0.92658
-0.92664
-0.92669
-0.92674
-0.92679
-0.92684
-0.92690
-0.92695
-0.92700
-0.92705
-0.92710
-0.92716
-0.92721
-0.92726
-0.92731
-0.92736
-0.92742
-0.92747
-0.92752
-0.92757
-0.92762
-0.92768
-0.92773
-0.92778
-0.92783
-0.92788
-0.92793
-0.92799
-0.92804
-0.92809
-0.92814
-0.92819
-0.92825
-0.92830
-0.92835
-0.92840
-0.92845
-0.92851
-0.92856
-0.92861
-0.92866
-0.92871
-0.92877
-0.92882
-0.92887
-0.92892
-0.92897
-0.92903
-0.92908
-0.92913
-0.92918
-0.92923
-0.92929
-0.92934
-0.92939
-0.92944
-0.92949
-0.92955
-0.92960
-0.92965
-0.92970
-0.92975
-0.92980
-0.92986
-0.92991
-0.92996
-0.93001
-0.93006
-0.93012
-0.93017
-0.93022
-0.93027
-0.93032
-0.93038
-0.93043
-0.93048
-0.93053
-0.93058
-0.93064
-0.93069
-0.93074
-0.93079
-0.93084
-0.93090
-0.93095
-0.93100
-0.93105
-0.93110
-0.93116
-0.93121
-0.93126
-0.93131
-0.93136
-0.93142
-0.93147
-0.93152
-0.93157
-0.93162
-0.93168
-0.93173
-0.93178
-0.93183
-0.93188
-0.93193
-0.93199
-0.93204
-0.93209
-0.93214
-0.93219
-0.93225
-0.93230
-0.93235
-0.93240
-0.93245
-0.93251
-0.93256
-0.93261
-0.93266
-0.93271
-0.93277
-0.93282
-0.93287
-0.93292
-0.93297
-0.93303
-0.93308
-0.93313
-0.93318
-0.93323
-0.93329
-0.93334
-0.93339
-0.93344
-0.93349
-0.93355
-0.93360
-0.93365
-0.93370
-0.93375
-0.93380
-0.93386
-0.93391
-0.93396
-0.93401
-0.93406
-0.93412
-0.93417
-0.93422
-0.93427
-0.93432
-0.93438
-0.93443
-0.93448
-0.93453
-0.93458
-0.93464
-0.93469
-0.93474
-0.93479
-0.93484
-0.93490
-0.93495
-0.93500
-0.93505
-0.93510
-0.93516
-0.93521
-0.93526
-0.93531
-0.93536
-0.93542
-0.93547
-0.93552
-0.93557
-0.93562
-0.93567
-0.93573
-0.93578
-0.93583
-0.93588
-0.93593
-0.93599
-0.93604
-0.93609
-0.93614
-0.93619
-0.93625
-0.93630
-0.93635
-0.93640
-0.93645
-0.93651
-0.93656
-0.93661
-0.93666
-0.93671
-0.93677
-0.93682
-0.93687
-0.93692
-0.93697
-0.93703
-0.93708
-0.93713
-0.93718
-0.93723
-0.93729
-0.93734
-0.93739
-0.93744
-0.93749
-0.93754
-0.93760
-0.93765
-0.93770
-0.93775
-0.93780
-0.93786
-0.93791
-0.93796
-0.93801
-0.93806
-0.93812
-0.93817
-0.93822
-0.93827
-0.93832
-0.93838
-0.93843
-0.93848
-0.93853
-0.93858
-0.93864
-0.93869
-0.93874
-0.93879
-0.93884
-0.93890
-0.93895
-0.93900
-0.93905
-0.93910
-0.93916
-0.93921
-0.93926
-0.93931
-0.93936
-0.93942
-0.93947
-0.93952
-0.93957
-0.93962
-0.93967
-0.93973
-0.93978
-0.93983
-0.93988
-0.93993
-0.93999
-0.94004
-0.94009
-0.94014
-0.94019
-0.94025
-0.94030
-0.94035
-0.94040
-0.94045
-0.94051
-0.94056
-0.94061
-0.94066
-0.94071
-0.94077
-0.94082
-0.94087
-0.94092
-0.94097
-0.94103
-0.94108
-0.94113
-0.94118
-0.94123
-0.94129
-0.94134
-0.94139
-0.94144
-0.94149
-0.94154
-0.94160
-0.94165
-0.94170
-0.94175
-0.94180
-0.94186
-0.94191
-0.94196
-0.94201
-0.94206
-0.94212
-0.94217
-0.94222
-0.94227
-0.94232
-0.94238
-0.94243
-0.94248
-0.94253
-0.94258
-0.94264
-0.94269
-0.94274
-0.94279
-0.94284
-0.94290
-0.94295
-0.94300
-0.94305
-0.94310
-0.94316
-0.94321
-0.94326
-0.94331
-0.94336
-0.94341
-0.94347
-0.94352
-0.94357
-0.94362
-0.94367
-0.94373
-0.94378
-0.94383
-0.94388
-0.94393
-0.94399
-0.94404
-0.94409
-0.94414
-0.94419
-0.94425
-0.94430
-0.94435
-0.94440
-0.94445
-0.94451
-0.94456
-0.94461
-0.94466
-0.94471
-0.94477
-0.94482
-0.94487
-0.94492
-0.94497
-0.94503
-0.94508
-0.94513
-0.94518
-0.94523
-0.94528
-0.94534
-0.94539
-0.94544
-0.94549
-0.94554
-0.94560
-0.94565
-0.94570
-0.94575
-0.94580
-0.94586
-0.94591
-0.94596
-0.94601
-0.94606
-0.94612
-0.94617
-0.94622
-0.94627
-0.94632
-0.94638
-0.94643
-0.94648
-0.94653
-0.94658
-0.94664
-0.94669
-0.94674
-0.94679
-0.94684
-0.94690
-0.94695
-0.94700
-0.94705
-0.94710
-0.94716
-0.94721
-0.94726
-0.94731
-0.94736
-0.94741
-0.94747
-0.94752
-0.94757
-0.94762
-0.94767
-0.94773
-0.94778
-0.94783
-0.94788
-0.94793
-0.94799
-0.94804
-0.94809
-0.94814
-0.94819
-0.94825
-0.94830
-0.94835
-0.94840
-0.94845
-0.94851
-0.94856
-0.94861
-0.94866
-0.94871
-0.94877
-0.94882
-0.94887
-0.94892
-0.94897
-0.94903
-0.94908
-0.94913
-0.94918
-0.94923
-0.94928
-0.94934
-0.94939
-0.94944
-0.94949
-0.94954
-0.94960
-0.94965
-0.94970
-0.94975
-0.94980
-0.94986
-0.94991
-0.94996
-0.95001
-0.95006
-0.95012
-0.95017
-0.95022
-0.95027
-0.95032
-0.95038
-0.95043
-0.95048
-0.95053
-0.95058
-0.95064
-0.95069
-0.95074
-0.95079
-0.95084
-0.95090
-0.95095
-0.95100
-0.95105
-0.95110
-0.95115
-0.95121
-0.95126
-0.95131
-0.95136
-0.95141
-0.95147
-0.95152
-0.95157
-0.95162
-0.95167
-0.95173
-0.95178
-0.95183
-0.95188
-0.95193
-0.95199
-0.95204
-0.95209
-0.95214
-0.95219
-0.95225
-0.95230
-0.95235
-0.95240
-0.95245
-0.95251
-0.95256
-0.95261
-0.95266
-0.95271
-0.95277
-0.95282
-0.95287
-0.95292
-0.95297
-0.95302
-0.95308
-0.95313
-0.95318
-0.95323
-0.95328
-0.95334
-0.95339
-0.95344
-0.95349
-0.95354
-0.95360
-0.95365
-0.95370
-0.95375
-0.95380
-0.95386
-0.95391
-0.95396
-0.95401
-0.95406
-0.95412
-0.95417
-0.95422
-0.95427
-0.95432
-0.95438
-0.95443
-0.95448
-0.95453
-0.95458
-0.95464
-0.95469
-0.95474
-0.95479
-0.95484
-0.95489
-0.95495
-0.95500
-0.95505
-0.95510
-0.95515
-0.95521
-0.95526
-0.95531
-0.95536
-0.95541
-0.95547
-0.95552
-0.95557
-0.95562
-0.95567
-0.95573
-0.95578
-0.95583
-0.95588
-0.95593
-0.95599
-0.95604
-0.95609
-0.95614
-0.95619
-0.95625
-0.95630
-0.95635
-0.95640
-0.95645
-0.95651
-0.95656
-0.95661
-0.95666
-0.95671
-0.95677
-0.95682
-0.95687
-0.95692
-0.95697
-0.95702
-0.95708
-0.95713
-0.95718
-0.95723
-0.95728
-0.95734
-0.95739
-0.95744
-0.95749
-0.95754
-0.95760
-0.95765
-0.95770
-0.95775
-0.95780
-0.95786
-0.95791
-0.95796
-0.95801
-0.95806
-0.95812
-0.95817
-0.95822
-0.95827
-0.95832
-0.95838
-0.95843
-0.95848
-0.95853
-0.95858
-0.95864
-0.95869
-0.95874
-0.95879
-0.95884
-0.95889
-0.95895
-0.95900
-0.95905
-0.95910
-0.95915
-0.95921
-0.95926
-0.95931
-0.95936
-0.95941
-0.95947
-0.95952
-0.95957
-0.95962
-0.95967
-0.95973
-0.95978
-0.95983
-0.95988
-0.95993
-0.95999
-0.96004
-0.96009
-0.96014
-0.96019
-0.96025
-0.96030
-0.96035
-0.96040
-0.96045
-0.96051
-0.96056
-0.96061
-0.96066
-0.96071
-0.96076
-0.96082
-0.96087
-0.96092
-0.96097
-0.96102
-0.96108
-0.96113
-0.96118
-0.96123
-0.96128
-0.96134
-0.96139
-0.96144
-0.96149
-0.96154
-0.96160
-0.96165
-0.96170
-0.96175
-0.96180
-0.96186
-0.96191
-0.96196
-0.96201
-0.96206
-0.96212
-0.96217
-0.96222
-0.96227
-0.96232
-0.96238
-0.96243
-0.96248
-0.96253
-0.96258
-0.96263
-0.96269
-0.96274
-0.96279
-0.96284
-0.96289
-0.96295
-0.96300
-0.96305
-0.96310
-0.96315
-0.96321
-0.96326
-0.96331
-0.96336
-0.96341
-0.96347
-0.96352
-0.96357
-0.96362
-0.96367
-0.96373
-0.96378
-0.96383
-0.96388
-0.96393
-0.96399
-0.96404
-0.96409
-0.96414
-0.96419
-0.96425
-0.96430
-0.96435
-0.96440
-0.96445
-0.96450
-0.96456
-0.96461
-0.96466
-0.96471
-0.96476
-0.96482
-0.96487
-0.96492
-0.96497
-0.96502
-0.96508
-0.96513
-0.96518
-0.96523
-0.96528
-0.96534
-0.96539
-0.96544
-0.96549
-0.96554
-0.96560
-0.96565
-0.96570
-0.96575
-0.96580
-0.96586
-0.96591
-0.96596
-0.96601
-0.96606
-0.96612
-0.96617
-0.96622
-0.96627
-0.96632
-0.96637
-0.96643
-0.96648
-0.96653
-0.96658
-0.96663
-0.96669
-0.96674
-0.96679
-0.96684
-0.96689
-0.96695
-0.96700
-0.96705
-0.96710
-0.96715
-0.96721
-0.96726
-0.96731
-0.96736
-0.96741
-0.96747
-0.96752
-0.96757
-0.96762
-0.96767
-0.96773
-0.96778
-0.96783
-0.96788
-0.96793
-0.96799
-0.96804
-0.96809
-0.96814
-0.96819
-0.96824
-0.96830
-0.96835
-0.96840
-0.96845
-0.96850
-0.96856
-0.96861
-0.96866
-0.96871
-0.96876
-0.96882
-0.96887
-0.96892
-0.96897
-0.96902
-0.96908
-0.96913
-0.96918
-0.96923
-0.96928
-0.96934
-0.96939
-0.96944
-0.96949
-0.96954
-0.96960
-0.96965
-0.96970
-0.96975
-0.96980
-0.96986
-0.96991
-0.96996
-0.97001
-0.97006
-0.97011
-0.97017
-0.97022
-0.97027
-0.97032
-0.97037
-0.97043
-0.97048
-0.97053
-0.97058
-0.97063
-0.97069
-0.97074
-0.97079
-0.97084
-0.97089
-0.97095
-0.97100
-0.97105
-0.97110
-0.97115
-0.97121
-0.97126
-0.97131
-0.97136
-0.97141
-0.97147
-0.97152
-0.97157
-0.97162
-0.97167
-0.97173
-0.97178
-0.97183
-0.97188
-0.97193
-0.97198
-0.97204
-0.97209
-0.97214
-0.97219
-0.97224
-0.97230
-0.97235
-0.97240
-0.97245
-0.97250
-0.97256
-0.97261
-0.97266
-0.97271
-0.97276
-0.97282
-0.97287
-0.97292
-0.97297
-0.97302
-0.97308
-0.97313
-0.97318
-0.97323
-0.97328
-0.97334
-0.97339
-0.97344
-0.97349
-0.97354
-0.97360
-0.97365
-0.97370
-0.97375
-0.97380
-0.97385
-0.97391
-0.97396
-0.97401
-0.97406
-0.97411
-0.97417
-0.97422
-0.97427
-0.97432
-0.97437
-0.97443
-0.97448
-0.97453
-0.97458
-0.97463
-0.97469
-0.97474
-0.97479
-0.97484
-0.97489
-0.97495
-0.97500
-0.97505
-0.97510
-0.97515
-0.97521
-0.97526
-0.97531
-0.97536
-0.97541
-0.97547
-0.97552
-0.97557
-0.97562
-0.97567
-0.97572
-0.97578
-0.97583
-0.97588
-0.97593
-0.97598
-0.97604
-0.97609
-0.97614
-0.97619
-0.97624
-0.97630
-0.97635
-0.97640
-0.97645
-0.97650
-0.97656
-0.97661
-0.97666
-0.97671
-0.97676
-0.97682
-0.97687
-0.97692
-0.97697
-0.97702
-0.97708
-0.97713
-0.97718
-0.97723
-0.97728
-0.97734
-0.97739
-0.97744
-0.97749
-0.97754
-0.97759
-0.97765
-0.97770
-0.97775
-0.97780
-0.97785
-0.97791
-0.97796
-0.97801
-0.97806
-0.97811
-0.97817
-0.97822
-0.97827
-0.97832
-0.97837
-0.97843
-0.97848
-0.97853
-0.97858
-0.97863
-0.97869
-0.97874
-0.97879
-0.97884
-0.97889
-0.97895
-0.97900
-0.97905
-0.97910
-0.97915
-0.97921
-0.97926
-0.97931
-0.97936
-0.97941
-0.97946
-0.97952
-0.97957
-0.97962
-0.97967
-0.97972
-0.97978
-0.97983
-0.97988
-0.97993
-0.97998
-0.98004
-0.98009
-0.98014
-0.98019
-0.98024
-0.98030
-0.98035
-0.98040
-0.98045
-0.98050
-0.98056
-0.98061
-0.98066
-0.98071
-0.98076
-0.98082
-0.98087
-0.98092
-0.98097
-0.98102
-0.98108
-0.98113
-0.98118
-0.98123
-0.98128
-0.98133
-0.98139
-0.98144
-0.98149
-0.98154
-0.98159
-0.98165
-0.98170
-0.98175
-0.98180
-0.98185
-0.98191
-0.98196
-0.98201
-0.98206
-0.98211
-0.98217
-0.98222
-0.98227
-0.98232
-0.98237
-0.98243
-0.98248
-0.98253
-0.98258
-0.98263
-0.98269
-0.98274
-0.98279
-0.98284
-0.98289
-0.98295
-0.98300
-0.98305
-0.98310
-0.98315
-0.98320
-0.98326
-0.98331
-0.98336
-0.98341
-0.98346
-0.98352
-0.98357
-0.98362
-0.98367
-0.98372
-0.98378
-0.98383
-0.98388
-0.98393
-0.98398
-0.98404
-0.98409
-0.98414
-0.98419
-0.98424
-0.98430
-0.98435
-0.98440
-0.98445
-0.98450
-0.98456
-0.98461
-0.98466
-0.98471
-0.98476
-0.98482
-0.98487
-0.98492
-0.98497
-0.98502
-0.98507
-0.98513
-0.98518
-0.98523
-0.98528
-0.98533
-0.98539
-0.98544
-0.98549
-0.98554
-0.98559
-0.98565
-0.98570
-0.98575
-0.98580
-0.98585
-0.98591
-0.98596
-0.98601
-0.98606
-0.98611
-0.98617
-0.98622
-0.98627
-0.98632
-0.98637
-0.98643
-0.98648
-0.98653
-0.98658
-0.98663
-0.98669
-0.98674
-0.98679
-0.98684
-0.98689
-0.98694
-0.98700
-0.98705
-0.98710
-0.98715
-0.98720
-0.98726
-0.98731
-0.98736
-0.98741
-0.98746
-0.98752
-0.98757
-0.98762
-0.98767
-0.98772
-0.98778
-0.98783
-0.98788
-0.98793
-0.98798
-0.98804
-0.98809
-0.98814
-0.98819
-0.98824
-0.98830
-0.98835
-0.98840
-0.98845
-0.98850
-0.98856
-0.98861
-0.98866
-0.98871
-0.98876
-0.98881
-0.98887
-0.98892
-0.98897
-0.98902
-0.98907
-0.98913
-0.98918
-0.98923
-0.98928
-0.98933
-0.98939
-0.98944
-0.98949
-0.98954
-0.98959
-0.98965
-0.98970
-0.98975
-0.98980
-0.98985
-0.98991
-0.98996
-0.99001
-0.99006
-0.99011
-0.99017
-0.99022
-0.99027
-0.99032
-0.99037
-0.99043
-0.99048
-0.99053
-0.99058
-0.99063
-0.99068
-0.99074
-0.99079
-0.99084
-0.99089
-0.99094
-0.99100
-0.99105
-0.99110
-0.99115
-0.99120
-0.99126
-0.99131
-0.99136
-0.99141
-0.99146
-0.99152
-0.99157
-0.99162
-0.99167
-0.99172
-0.99178
-0.99183
-0.99188
-0.99193
-0.99198
-0.99204
-0.99209
-0.99214
-0.99219
-0.99224
-0.99230
-0.99235
-0.99240
-0.99245
-0.99250
-0.99255
-0.99261
-0.99266
-0.99271
-0.99276
-0.99281
-0.99287
-0.99292
-0.99297
-0.99302
-0.99307
-0.99313
-0.99318
-0.99323
-0.99328
-0.99333
-0.99339
-0.99344
-0.99349
-0.99354
-0.99359
-0.99365
-0.99370
-0.99375
-0.99380
-0.99385
-0.99391
-0.99396
-0.99401
-0.99406
-0.99411
-0.99417
-0.99422
-0.99427
-0.99432
-0.99437
-0.99442
-0.99448
-0.99453
-0.99458
-0.99463
-0.99468
-0.99474
-0.99479
-0.99484
-0.99489
-0.99494
-0.99500
-0.99505
-0.99510
-0.99515
-0.99520
-0.99526
-0.99531
-0.99536
-0.99541
-0.99546
-0.99552
-0.99557
-0.99562
-0.99567
-0.99572
-0.99578
-0.99583
-0.99588
-0.99593
-0.99598
-0.99604
-0.99609
-0.99614
-0.99619
-0.99624
-0.99629
-0.99635
-0.99640
-0.99645
-0.99650
-0.99655
-0.99661
-0.99666
-0.99671
-0.99676
-0.99681
-0.99687
-0.99692
-0.99697
-0.99702
-0.99707
-0.99713
-0.99718
-0.99723
-0.99728
-0.99733
-0.99739
-0.99744
-0.99749
-0.99754
-0.99759
-0.99765
-0.99770
-0.99775
-0.99780
-0.99785
-0.99791
-0.99796
-0.99801
-0.99806
-0.99811
-0.99816
-0.99822
-0.99827
-0.99832
-0.99837
-0.99842
-0.99848
-0.99853
-0.99858
-0.99863
-0.99868
-0.99874
-0.99879
-0.99884
-0.99889
-0.99894
-0.99900
-0.99905
-0.99910
-0.99915
-0.99920
-0.99926
-0.99931
-0.99936
-0.99941
-0.99946
-0.99952
-0.99957
-0.99962
-0.99967
-0.99972
-0.99978
-0.99983
-0.99988
-0.99993
-0.99998
-1.00003
-1.00009
-1.00014
-1.00019
-1.00024
-1.00029
-1.00035
-1.00040
-1.00045
-1.00050
-1.00055
-1.00061
-1.00066
-1.00071
-1.00076
-1.00081
-1.00087
-1.00092
-1.00097
-1.00102
-1.00107
-1.00113
-1.00118
-1.00123
-1.00128
-1.00133
-1.00139
-1.00144
-1.00149
-1.00154
-1.00159
-1.00164
-1.00170
-1.00175
-1.00180
-1.00185
-1.00190
-1.00196
-1.00201
-1.00206
-1.00211
-1.00216
-1.00222
-1.00227
-1.00232
-1.00237
-1.00242
-1.00248
-1.00253
-1.00258
-1.00263
-1.00268
-1.00274
-1.00279
-1.00284
-1.00289
-1.00294
-1.00300
-1.00305
-1.00310
-1.00315
-1.00320
-1.00326
-1.00331
-1.00336
-1.00341
-1.00346
-1.00351
-1.00357
-1.00362
-1.00367
-1.00372
-1.00377
-1.00383
-1.00388
-1.00393
-1.00398
-1.00403
-1.00409
-1.00414
-1.00419
-1.00424
-1.00429
-1.00435
-1.00440
-1.00445
-1.00450
-1.00455
-1.00461
-1.00466
-1.00471
-1.00476
-1.00481
-1.00487
-1.00492
-1.00497
-1.00502
-1.00507
-1.00513
-1.00518
-1.00523
-1.00528
-1.00533
-1.00538
-1.00544
-1.00549
-1.00554
-1.00559
-1.00564
-1.00570
-1.00575
-1.00580
-1.00585
-1.00590
-1.00596
-1.00601
-1.00606
-1.00611
-1.00616
-1.00622
-1.00627
-1.00632
-1.00637
-1.00642
-1.00648
-1.00653
-1.00658
-1.00663
-1.00668
-1.00674
-1.00679
-1.00684
-1.00689
-1.00694
-1.00700
-1.00705
-1.00710
-1.00715
-1.00720
-1.00725
-1.00731
-1.00736
-1.00741
-1.00746
-1.00751
-1.00757
-1.00762
-1.00767
-1.00772
-1.00777
-1.00783
-1.00788
-1.00793
-1.00798
-1.00803
-1.00809
-1.00814
-1.00819
-1.00824
-1.00829
-1.00835
-1.00840
-1.00845
-1.00850
-1.00855
-1.00861
-1.00866
-1.00871
-1.00876
-1.00881
-1.00887
-1.00892
-1.00897
-1.00902
-1.00907
-1.00912
-1.00918
-1.00923
-1.00928
-1.00933
-1.00938
-1.00944
-1.00949
-1.00954
-1.00959
-1.00964
-1.00970
-1.00975
-1.00980
-1.00985
-1.00990
-1.00996
-1.01001
-1.01006
-1.01011
-1.01016
-1.01022
-1.01027
-1.01032
-1.01037
-1.01042
-1.01048
-1.01053
-1.01058
-1.01063
-1.01068
-1.01074
-1.01079
-1.01084
-1.01089
-1.01094
-1.01099
-1.01105
-1.01110
-1.01115
-1.01120
-1.01125
-1.01131
-1.01136
-1.01141
-1.01146
-1.01151
-1.01157
-1.01162
-1.01167
-1.01172
-1.01177
-1.01183
-1.01188
-1.01193
-1.01198
-1.01203
-1.01209
-1.01214
-1.01219
-1.01224
-1.01229
-1.01235
-1.01240
-1.01245
-1.01250
-1.01255
-1.01260
-1.01266
-1.01271
-1.01276
-1.01281
-1.01286
-1.01292
-1.01297
-1.01302
-1.01307
-1.01312
-1.01318
-1.01323
-1.01328
-1.01333
-1.01338
-1.01344
-1.01349
-1.01354
-1.01359
-1.01364
-1.01370
-1.01375
-1.01380
-1.01385
-1.01390
-1.01396
-1.01401
-1.01406
-1.01411
-1.01416
-1.01422
-1.01427
-1.01432
-1.01437
-1.01442
-1.01447
-1.01453
-1.01458
-1.01463
-1.01468
-1.01473
-1.01479
-1.01484
-1.01489
-1.01494
-1.01499
-1.01505
-1.01510
-1.01515
-1.01520
-1.01525
-1.01531
-1.01536
-1.01541
-1.01546
-1.01551
-1.01557
-1.01562
-1.01567
-1.01572
-1.01577
-1.01583
-1.01588
-1.01593
-1.01598
-1.01603
-1.01609
-1.01614
-1.01619
-1.01624
-1.01629
-1.01634
-1.01640
-1.01645
-1.01650
-1.01655
-1.01660
-1.01666
-1.01671
-1.01676
-1.01681
-1.01686
-1.01692
-1.01697
-1.01702
-1.01707
-1.01712
-1.01718
-1.01723
-1.01728
-1.01733
-1.01738
-1.01744
-1.01749
-1.01754
-1.01759
-1.01764
-1.01770
-1.01775
-1.01780
-1.01785
-1.01790
-1.01796
-1.01801
-1.01806
-1.01811
-1.01816
-1.01821
-1.01827
-1.01832
-1.01837
-1.01842
-1.01847
-1.01853
-1.01858
-1.01863
-1.01868
-1.01873
-1.01879
-1.01884
-1.01889
-1.01894
-1.01899
-1.01905
-1.01910
-1.01915
-1.01920
-1.01925
-1.01931
-1.01936
-1.01941
-1.01946
-1.01951
-1.01957
-1.01962
-1.01967
-1.01972
-1.01977
-1.01982
-1.01988
-1.01993
-1.01998
-1.02003
-1.02008
-1.02014
-1.02019
-1.02024
-1.02029
-1.02034
-1.02040
-1.02045
-1.02050
-1.02055
-1.02060
-1.02066
-1.02071
-1.02076
-1.02081
-1.02086
-1.02092
-1.02097
-1.02102
-1.02107
-1.02112
-1.02118
-1.02123
-1.02128
-1.02133
-1.02138
-1.02144
-1.02149
-1.02154
-1.02159
-1.02164
-1.02169
-1.02175
-1.02180
-1.02185
-1.02190
-1.02195
-1.02201
-1.02206
-1.02211
-1.02216
-1.02221
-1.02227
-1.02232
-1.02237
-1.02242
-1.02247
-1.02253
-1.02258
-1.02263
-1.02268
-1.02273
-1.02279
-1.02284
-1.02289
-1.02294
-1.02299
-1.02305
-1.02310
-1.02315
-1.02320
-1.02325
-1.02331
-1.02336
-1.02341
-1.02346
-1.02351
-1.02356
-1.02362
-1.02367
-1.02372
-1.02377
-1.02382
-1.02388
-1.02393
-1.02398
-1.02403
-1.02408
-1.02414
-1.02419
-1.02424
-1.02429
-1.02434
-1.02440
-1.02445
-1.02450
-1.02455
-1.02460
-1.02466
-1.02471
-1.02476
-1.02481
-1.02486
-1.02492
-1.02497
-1.02502
-1.02507
-1.02512
-1.02517
-1.02523
-1.02528
-1.02533
-1.02538
-1.02543
-1.02549
-1.02554
-1.02559
-1.02564
-1.02569
-1.02575
-1.02580
-1.02585
-1.02590
-1.02595
-1.02601
-1.02606
-1.02611
-1.02616
-1.02621
-1.02627
-1.02632
-1.02637
-1.02642
-1.02647
-1.02653
-1.02658
-1.02663
-1.02668
-1.02673
-1.02679
-1.02684
-1.02689
-1.02694
-1.02699
-1.02704
-1.02710
-1.02715
-1.02720
-1.02725
-1.02730
-1.02736
-1.02741
-1.02746
-1.02751
-1.02756
-1.02762
-1.02767
-1.02772
-1.02777
-1.02782
-1.02788
-1.02793
-1.02798
-1.02803
-1.02808
-1.02814
-1.02819
-1.02824
-1.02829
-1.02834
-1.02840
-1.02845
-1.02850
-1.02855
-1.02860
-1.02866
-1.02871
-1.02876
-1.02881
-1.02886
-1.02891
-1.02897
-1.02902
-1.02907
-1.02912
-1.02917
-1.02923
-1.02928
-1.02933
-1.02938
-1.02943
-1.02949
-1.02954
-1.02959
-1.02964
-1.02969
-1.02975
-1.02980
-1.02985
-1.02990
-1.02995
-1.03001
-1.03006
-1.03011
-1.03016
-1.03021
-1.03027
-1.03032
-1.03037
-1.03042
-1.03047
-1.03052
-1.03058
-1.03063
-1.03068
-1.03073
-1.03078
-1.03084
-1.03089
-1.03094
-1.03099
-1.03104
-1.03110
-1.03115
-1.03120
-1.03125
-1.03130
-1.03136
-1.03141
-1.03146
-1.03151
-1.03156
-1.03162
-1.03167
-1.03172
-1.03177
-1.03182
-1.03188
-1.03193
-1.03198
-1.03203
-1.03208
-1.03214
-1.03219
-1.03224
-1.03229
-1.03234
-1.03239
-1.03245
-1.03250
-1.03255
-1.03260
-1.03265
-1.03271
-1.03276
-1.03281
-1.03286
-1.03291
-1.03297
-1.03302
-1.03307
-1.03312
-1.03317
-1.03323
-1.03328
-1.03333
-1.03338
-1.03343
-1.03349
-1.03354
-1.03359
-1.03364
-1.03369
-1.03375
-1.03380
-1.03385
-1.03390
-1.03395
-1.03401
-1.03406
-1.03411
-1.03416
-1.03421
-1.03426
-1.03432
-1.03437
-1.03442
-1.03447
-1.03452
-1.03458
-1.03463
-1.03468
-1.03473
-1.03478
-1.03484
-1.03489
-1.03494
-1.03499
-1.03504
-1.03510
-1.03515
-1.03520
-1.03525
-1.03530
-1.03536
-1.03541
-1.03546
-1.03551
-1.03556
-1.03562
-1.03567
-1.03572
-1.03577
-1.03582
-1.03587
-1.03593
-1.03598
-1.03603
-1.03608
-1.03613
-1.03619
-1.03624
-1.03629
-1.03634
-1.03639
-1.03645
-1.03650
-1.03655
-1.03660
-1.03665
-1.03671
-1.03676
-1.03681
-1.03686
-1.03691
-1.03697
-1.03702
-1.03707
-1.03712
-1.03717
-1.03723
-1.03728
-1.03733
-1.03738
-1.03743
-1.03749
-1.03754
-1.03759
-1.03764
-1.03769
-1.03774
-1.03780
-1.03785
-1.03790
-1.03795
-1.03800
-1.03806
-1.03811
-1.03816
-1.03821
-1.03826
-1.03832
-1.03837
-1.03842
-1.03847
-1.03852
-1.03858
-1.03863
-1.03868
-1.03873
-1.03878
-1.03884
-1.03889
-1.03894
-1.03899
-1.03904
-1.03910
-1.03915
-1.03920
-1.03925
-1.03930
-1.03936
-1.03941
-1.03946
-1.03951
-1.03956
-1.03961
-1.03967
-1.03972
-1.03977
-1.03982
-1.03987
-1.03993
-1.03998
-1.04003
-1.04008
-1.04013
-1.04019
-1.04024
-1.04029
-1.04034
-1.04039
-1.04045
-1.04050
-1.04055
-1.04060
-1.04065
-1.04071
-1.04076
-1.04081
-1.04086
-1.04091
-1.04097
-1.04102
-1.04107
-1.04112
-1.04117
-1.04122
-1.04128
-1.04133
-1.04138
-1.04143
-1.04148
-1.04154
-1.04159
-1.04164
-1.04169
-1.04174
-1.04180
-1.04185
-1.04190
-1.04195
-1.04200
-1.04206
-1.04211
-1.04216
-1.04221
-1.04226
-1.04232
-1.04237
-1.04242
-1.04247
-1.04252
-1.04258
-1.04263
-1.04268
-1.04273
-1.04278
-1.04284
-1.04289
-1.04294
-1.04299
-1.04304
-1.04309
-1.04315
-1.04320
-1.04325
-1.04330
-1.04335
-1.04341
-1.04346
-1.04351
-1.04356
-1.04361
-1.04367
-1.04372
-1.04377
-1.04382
-1.04387
-1.04393
-1.04398
-1.04403
-1.04408
-1.04413
-1.04419
-1.04424
-1.04429
-1.04434
-1.04439
-1.04445
-1.04450
-1.04455
-1.04460
-1.04465
-1.04470
-1.04476
-1.04481
-1.04486
-1.04491
-1.04496
-1.04502
-1.04507
-1.04512
-1.04517
-1.04522
-1.04528
-1.04533
-1.04538
-1.04543
-1.04548
-1.04554
-1.04559
-1.04564
-1.04569
-1.04574
-1.04580
-1.04585
-1.04590
-1.04595
-1.04600
-1.04606
-1.04611
-1.04616
-1.04621
-1.04626
-1.04632
-1.04637
-1.04642
-1.04647
-1.04652
-1.04657
-1.04663
-1.04668
-1.04673
-1.04678
-1.04683
-1.04689
-1.04694
-1.04699
-1.04704
-1.04709
-1.04715
-1.04720
-1.04725
-1.04730
-1.04735
-1.04741
-1.04746
-1.04751
-1.04756
-1.04761
-1.04767
-1.04772
-1.04777
-1.04782
-1.04787
-1.04793
-1.04798
-1.04803
-1.04808
-1.04813
-1.04819
-1.04824
-1.04829
-1.04834
-1.04839
-1.04844
-1.04850
-1.04855
-1.04860
-1.04865
-1.04870
-1.04876
-1.04881
-1.04886
-1.04891
-1.04896
-1.04902
-1.04907
-1.04912
-1.04917
-1.04922
-1.04928
-1.04933
-1.04938
-1.04943
-1.04948
-1.04954
-1.04959
-1.04964
-1.04969
-1.04974
-1.04980
-1.04985
-1.04990
-1.04995
-1.05000
-1.05005
-1.05011
-1.05016
-1.05021
-1.05026
-1.05031
-1.05037
-1.05042
-1.05047
-1.05052
-1.05057
-1.05063
-1.05068
-1.05073
-1.05078
-1.05083
-1.05089
-1.05094
-1.05099
-1.05104
-1.05109
-1.05115
-1.05120
-1.05125
-1.05130
-1.05135
-1.05141
-1.05146
-1.05151
-1.05156
-1.05161
-1.05167
-1.05172
-1.05177
-1.05182
-1.05187
-1.05192
-1.05198
-1.05203
-1.05208
-1.05213
-1.05218
-1.05224
-1.05229
-1.05234
-1.05239
-1.05244
-1.05250
-1.05255
-1.05260
-1.05265
-1.05270
-1.05276
-1.05281
-1.05286
-1.05291
-1.05296
-1.05302
-1.05307
-1.05312
-1.05317
-1.05322
-1.05328
-1.05333
-1.05338
-1.05343
-1.05348
-1.05353
-1.05359
-1.05364
-1.05369
-1.05374
-1.05379
-1.05385
-1.05390
-1.05395
-1.05400
-1.05405
-1.05411
-1.05416
-1.05421
-1.05426
-1.05431
-1.05437
-1.05442
-1.05447
-1.05452
-1.05457
-1.05463
-1.05468
-1.05473
-1.05478
-1.05483
-1.05489
-1.05494
-1.05499
-1.05504
-1.05509
-1.05515
-1.05520
-1.05525
-1.05530
-1.05535
-1.05540
-1.05546
-1.05551
-1.05556
-1.05561
-1.05566
-1.05572
-1.05577
-1.05582
-1.05587
-1.05592
-1.05598
-1.05603
-1.05608
-1.05613
-1.05618
-1.05624
-1.05629
-1.05634
-1.05639
-1.05644
-1.05650
-1.05655
-1.05660
-1.05665
-1.05670
-1.05676
-1.05681
-1.05686
-1.05691
-1.05696
-1.05701
-1.05707
-1.05712
-1.05717
-1.05722
-1.05727
-1.05733
-1.05738
-1.05743
-1.05748
-1.05753
-1.05759
-1.05764
-1.05769
-1.05774
-1.05779
-1.05785
-1.05790
-1.05795
-1.05800
-1.05805
-1.05811
-1.05816
-1.05821
-1.05826
-1.05831
-1.05837
-1.05842
-1.05847
-1.05852
-1.05857
-1.05863
-1.05868
-1.05873
-1.05878
-1.05883
-1.05888
-1.05894
-1.05899
-1.05904
-1.05909
-1.05914
-1.05920
-1.05925
-1.05930
-1.05935
-1.05940
-1.05946
-1.05951
-1.05956
-1.05961
-1.05966
-1.05972
-1.05977
-1.05982
-1.05987
-1.05992
-1.05998
-1.06003
-1.06008
-1.06013
-1.06018
-1.06024
-1.06029
-1.06034
-1.06039
-1.06044
-1.06049
-1.06055
-1.06060
-1.06065
-1.06070
-1.06075
-1.06081
-1.06086
-1.06091
-1.06096
-1.06101
-1.06107
-1.06112
-1.06117
-1.06122
-1.06127
-1.06133
-1.06138
-1.06143
-1.06148
-1.06153
-1.06159
-1.06164
-1.06169
-1.06174
-1.06179
-1.06185
-1.06190
-1.06195
-1.06200
-1.06205
-1.06211
-1.06216
-1.06221
-1.06226
-1.06231
-1.06236
-1.06242
-1.06247
-1.06252
-1.06257
-1.06262
-1.06268
-1.06273
-1.06278
-1.06283
-1.06288
-1.06294
-1.06299
-1.06304
-1.06309
-1.06314
-1.06320
-1.06325
-1.06330
-1.06335
-1.06340
-1.06346
-1.06351
-1.06356
-1.06361
-1.06366
-1.06372
-1.06377
-1.06382
-1.06387
-1.06392
-1.06397
-1.06403
-1.06408
-1.06413
-1.06418
-1.06423
-1.06429
-1.06434
-1.06439
-1.06444
-1.06449
-1.06455
-1.06460
-1.06465
-1.06470
-1.06475
-1.06481
-1.06486
-1.06491
-1.06496
-1.06501
-1.06507
-1.06512
-1.06517
-1.06522
-1.06527
-1.06533
-1.06538
-1.06543
-1.06548
-1.06553
-1.06559
-1.06564
-1.06569
-1.06574
-1.06579
-1.06584
-1.06590
-1.06595
-1.06600
-1.06605
-1.06610
-1.06616
-1.06621
-1.06626
-1.06631
-1.06636
-1.06642
-1.06647
-1.06652
-1.06657
-1.06662
-1.06668
-1.06673
-1.06678
-1.06683
-1.06688
-1.06694
-1.06699
-1.06704
-1.06709
-1.06714
-1.06720
-1.06725
-1.06730
-1.06735
-1.06740
-1.06745
-1.06751
-1.06756
-1.06761
-1.06766
-1.06771
-1.06777
-1.06782
-1.06787
-1.06792
-1.06797
-1.06803
-1.06808
-1.06813
-1.06818
-1.06823
-1.06829
-1.06834
-1.06839
-1.06844
-1.06849
-1.06855
-1.06860
-1.06865
-1.06870
-1.06875
-1.06881
-1.06886
-1.06891
-1.06896
-1.06901
-1.06907
-1.06912
-1.06917
-1.06922
-1.06927
-1.06932
-1.06938
-1.06943
-1.06948
-1.06953
-1.06958
-1.06964
-1.06969
-1.06974
-1.06979
-1.06984
-1.06990
-1.06995
-1.07000
-1.07005
-1.07010
-1.07016
-1.07021
-1.07026
-1.07031
-1.07036
-1.07042
-1.07047
-1.07052
-1.07057
-1.07062
-1.07068
-1.07073
-1.07078
-1.07083
-1.07088
-1.07093
-1.07099
-1.07104
-1.07109
-1.07114
-1.07119
-1.07125
-1.07130
-1.07135
-1.07140
-1.07145
-1.07151
-1.07156
-1.07161
-1.07166
-1.07171
-1.07177
-1.07182
-1.07187
-1.07192
-1.07197
-1.07203
-1.07208
-1.07213
-1.07218
-1.07223
-1.07229
-1.07234
-1.07239
-1.07244
-1.07249
-1.07254
-1.07260
-1.07265
-1.07270
-1.07275
-1.07280
-1.07286
-1.07291
-1.07296
-1.07301
-1.07306
-1.07312
-1.07317
-1.07322
-1.07327
-1.07332
-1.07338
-1.07343
-1.07348
-1.07353
-1.07358
-1.07364
-1.07369
-1.07374
-1.07379
-1.07384
-1.07390
-1.07395
-1.07400
-1.07405
-1.07410
-1.07416
-1.07421
-1.07426
-1.07431
-1.07436
-1.07441
-1.07447
-1.07452
-1.07457
-1.07462
-1.07467
-1.07473
-1.07478
-1.07483
-1.07488
-1.07493
-1.07499
-1.07504
-1.07509
-1.07514
-1.07519
-1.07525
-1.07530
-1.07535
-1.07540
-1.07545
-1.07551
-1.07556
-1.07561
-1.07566
-1.07571
-1.07577
-1.07582
-1.07587
-1.07592
-1.07597
-1.07602
-1.07608
-1.07613
-1.07618
-1.07623
-1.07628
-1.07634
-1.07639
-1.07644
-1.07649
-1.07654
-1.07660
-1.07665
-1.07670
-1.07675
-1.07680
-1.07686
-1.07691
-1.07696
-1.07701
-1.07706
-1.07712
-1.07717
-1.07722
-1.07727
-1.07732
-1.07738
-1.07743
-1.07748
-1.07753
-1.07758
-1.07764
-1.07769
-1.07774
-1.07779
-1.07784
-1.07789
-1.07795
-1.07800
-1.07805
-1.07810
-1.07815
-1.07821
-1.07826
-1.07831
-1.07836
-1.07841
-1.07847
-1.07852
-1.07857
-1.07862
-1.07867
-1.07873
-1.07878
-1.07883
-1.07888
-1.07893
-1.07899
-1.07904
-1.07909
-1.07914
-1.07919
-1.07925
-1.07930
-1.07935
-1.07940
-1.07945
-1.07950
-1.07956
-1.07961
-1.07966
-1.07971
-1.07976
-1.07982
-1.07987
-1.07992
-1.07997
-1.08002
-1.08008
-1.08013
-1.08018
-1.08023
-1.08028
-1.08034
-1.08039
-1.08044
-1.08049
-1.08054
-1.08060
-1.08065
-1.08070
-1.08075
-1.08080
-1.08086
-1.08091
-1.08096
-1.08101
-1.08106
-1.08111
-1.08117
-1.08122
-1.08127
-1.08132
-1.08137
-1.08143
-1.08148
-1.08153
-1.08158
-1.08163
-1.08169
-1.08174
-1.08179
-1.08184
-1.08189
-1.08195
-1.08200
-1.08205
-1.08210
-1.08215
-1.08221
-1.08226
-1.08231
-1.08236
-1.08241
-1.08247
-1.08252
-1.08257
-1.08262
-1.08267
-1.08273
-1.08278
-1.08283
-1.08288
-1.08293
-1.08298
-1.08304
-1.08309
-1.08314
-1.08319
-1.08324
-1.08330
-1.08335
-1.08340
-1.08345
-1.08350
-1.08356
-1.08361
-1.08366
-1.08371
-1.08376
-1.08382
-1.08387
-1.08392
-1.08397
-1.08402
-1.08408
-1.08413
-1.08418
-1.08423
-1.08428
-1.08434
-1.08439
-1.08444
-1.08449
-1.08454
-1.08459
-1.08465
-1.08470
-1.08475
-1.08480
-1.08485
-1.08491
-1.08496
-1.08501
-1.08506
-1.08511
-1.08517
-1.08522
-1.08527
-1.08532
-1.08537
-1.08543
-1.08548
-1.08553
-1.08558
-1.08563
-1.08569
-1.08574
-1.08579
-1.08584
-1.08589
-1.08595
-1.08600
-1.08605
-1.08610
-1.08615
-1.08620
-1.08626
-1.08631
-1.08636
-1.08641
-1.08646
-1.08652
-1.08657
-1.08662
-1.08667
-1.08672
-1.08678
-1.08683
-1.08688
-1.08693
-1.08698
-1.08704
-1.08709
-1.08714
-1.08719
-1.08724
-1.08730
-1.08735
-1.08740
-1.08745
-1.08750
-1.08756
-1.08761
-1.08766
-1.08771
-1.08776
-1.08782
-1.08787
-1.08792
-1.08797
-1.08802
-1.08807
-1.08813
-1.08818
-1.08823
-1.08828
-1.08833
-1.08839
-1.08844
-1.08849
-1.08854
-1.08859
-1.08865
-1.08870
-1.08875
-1.08880
-1.08885
-1.08891
-1.08896
-1.08901
-1.08906
-1.08911
-1.08917
-1.08922
-1.08927
-1.08932
-1.08937
-1.08943
-1.08948
-1.08953
-1.08958
-1.08963
-1.08968
-1.08974
-1.08979
-1.08984
-1.08989
-1.08994
-1.09000
-1.09005
-1.09010
-1.09015
-1.09020
-1.09026
-1.09031
-1.09036
-1.09041
-1.09046
-1.09052
-1.09057
-1.09062
-1.09067
-1.09072
-1.09078
-1.09083
-1.09088
-1.09093
-1.09098
-1.09104
-1.09109
-1.09114
-1.09119
-1.09124
-1.09129
-1.09135
-1.09140
-1.09145
-1.09150
-1.09155
-1.09161
-1.09166
-1.09171
-1.09176
-1.09181
-1.09187
-1.09192
-1.09197
-1.09202
-1.09207
-1.09213
-1.09218
-1.09223
-1.09228
-1.09233
-1.09239
-1.09244
-1.09249
-1.09254
-1.09259
-1.09265
-1.09270
-1.09275
-1.09280
-1.09285
-1.09291
-1.09296
-1.09301
-1.09306
-1.09311
-1.09316
-1.09322
-1.09327
-1.09332
-1.09337
-1.09342
-1.09348
-1.09353
-1.09358
-1.09363
-1.09368
-1.09374
-1.09379
-1.09384
-1.09389
-1.09394
-1.09400
-1.09405
-1.09410
-1.09415
-1.09420
-1.09426
-1.09431
-1.09436
-1.09441
-1.09446
-1.09452
-1.09457
-1.09462
-1.09467
-1.09472
-1.09477
-1.09483
-1.09488
-1.09493
-1.09498
-1.09503
-1.09509
-1.09514
-1.09519
-1.09524
-1.09529
-1.09535
-1.09540
-1.09545
-1.09550
-1.09555
-1.09561
-1.09566
-1.09571
-1.09576
-1.09581
-1.09587
-1.09592
-1.09597
-1.09602
-1.09607
-1.09613
-1.09618
-1.09623
-1.09628
-1.09633
-1.09638
-1.09644
-1.09649
-1.09654
-1.09659
-1.09664
-1.09670
-1.09675
-1.09680
-1.09685
-1.09690
-1.09696
-1.09701
-1.09706
-1.09711
-1.09716
-1.09722
-1.09727
-1.09732
-1.09737
-1.09742
-1.09748
-1.09753
-1.09758
-1.09763
-1.09768
-1.09774
-1.09779
-1.09784
-1.09789
-1.09794
-1.09800
-1.09805
-1.09810
-1.09815
-1.09820
-1.09825
-1.09831
-1.09836
-1.09841
-1.09846
-1.09851
-1.09857
-1.09862
-1.09867
-1.09872
-1.09877
-1.09883
-1.09888
-1.09893
-1.09898
-1.09903
-1.09909
-1.09914
-1.09919
-1.09924
-1.09929
-1.09935
-1.09940
-1.09945
-1.09950
-1.09955
-1.09961
-1.09966
-1.09971
-1.09976
-1.09981
-1.09986
-1.09992
-1.09997
-1.10002
-1.10007
-1.10012
-1.10018
-1.10023
-1.10028
-1.10033
-1.10038
-1.10044
-1.10049
-1.10054
-1.10059
-1.10064
-1.10070
-1.10075
-1.10080
-1.10085
-1.10090
-1.10096
-1.10101
-1.10106
-1.10111
-1.10116
-1.10122
-1.10127
-1.10132
-1.10137
-1.10142
-1.10147
-1.10153
-1.10158
-1.10163
-1.10168
-1.10173
-1.10179
-1.10184
-1.10189
-1.10194
-1.10199
-1.10205
-1.10210
-1.10215
-1.10220
-1.10225
-1.10231
-1.10236
-1.10241
-1.10246
-1.10251
-1.10257
-1.10262
-1.10267
-1.10272
-1.10277
-1.10283
-1.10288
-1.10293
-1.10298
-1.10303
-1.10308
-1.10314
-1.10319
-1.10324
-1.10329
-1.10334
-1.10340
-1.10345
-1.10350
-1.10355
-1.10360
-1.10366
-1.10371
-1.10376
-1.10381
-1.10386
-1.10392
-1.10397
-1.10402
-1.10407
-1.10412
-1.10418
-1.10423
-1.10428
-1.10433
-1.10438
-1.10444
-1.10449
-1.10454
-1.10459
-1.10464
-1.10470
-1.10475
-1.10480
-1.10485
-1.10490
-1.10495
-1.10501
-1.10506
-1.10511
-1.10516
-1.10521
-1.10527
-1.10532
-1.10537
-1.10542
-1.10547
-1.10553
-1.10558
-1.10563
-1.10568
-1.10573
-1.10579
-1.10584
-1.10589
-1.10594
-1.10599
-1.10605
-1.10610
-1.10615
-1.10620
-1.10625
-1.10631
-1.10636
-1.10641
-1.10646
-1.10651
-1.10656
-1.10662
-1.10667
-1.10672
-1.10677
-1.10682
-1.10688
-1.10693
-1.10698
-1.10703
-1.10708
-1.10714
-1.10719
-1.10724
-1.10729
-1.10734
-1.10740
-1.10745
-1.10750
-1.10755
-1.10760
-1.10766
-1.10771
-1.10776
-1.10781
-1.10786
-1.10792
-1.10797
-1.10802
-1.10807
-1.10812
-1.10817
-1.10823
-1.10828
-1.10833
-1.10838
-1.10843
-1.10849
-1.10854
-1.10859
-1.10864
-1.10869
-1.10875
-1.10880
-1.10885
-1.10890
-1.10895
-1.10901
-1.10906
-1.10911
-1.10916
-1.10921
-1.10927
-1.10932
-1.10937
-1.10942
-1.10947
-1.10953
-1.10958
-1.10963
-1.10968
-1.10973
-1.10978
-1.10984
-1.10989
-1.10994
-1.10999
-1.11004
-1.11010
-1.11015
-1.11020
-1.11025
-1.11030
-1.11036
-1.11041
-1.11046
-1.11051
-1.11056
-1.11062
-1.11067
-1.11072
-1.11077
-1.11082
-1.11088
-1.11093
-1.11098
-1.11103
-1.11108
-1.11114
-1.11119
-1.11124
-1.11129
-1.11134
-1.11139
-1.11145
-1.11150
-1.11155
-1.11160
-1.11165
-1.11171
-1.11176
-1.11181
-1.11186
-1.11191
-1.11197
-1.11202
-1.11207
-1.11212
-1.11217
-1.11223
-1.11228
-1.11233
-1.11238
-1.11243
-1.11249
-1.11254
-1.11259
-1.11264
-1.11269
-1.11275
-1.11280
-1.11285
-1.11290
-1.11295
-1.11301
-1.11306
-1.11311
-1.11316
-1.11321
-1.11326
-1.11332
-1.11337
-1.11342
-1.11347
-1.11352
-1.11358
-1.11363
-1.11368
-1.11373
-1.11378
-1.11384
-1.11389
-1.11394
-1.11399
-1.11404
-1.11410
-1.11415
-1.11420
-1.11425
-1.11430
-1.11436
-1.11441
-1.11446
-1.11451
-1.11456
-1.11462
-1.11467
-1.11472
-1.11477
-1.11482
-1.11487
-1.11493
-1.11498
-1.11503
-1.11508
-1.11513
-1.11519
-1.11524
-1.11529
-1.11534
-1.11539
-1.11545
-1.11550
-1.11555
-1.11560
-1.11565
-1.11571
-1.11576
-1.11581
-1.11586
-1.11591
-1.11597
-1.11602
-1.11607
-1.11612
-1.11617
-1.11623
-1.11628
-1.11633
-1.11638
-1.11643
-1.11648
-1.11654
-1.11659
-1.11664
-1.11669
-1.11674
-1.11680
-1.11685
-1.11690
-1.11695
-1.11700
-1.11706
-1.11711
-1.11716
-1.11721
-1.11726
-1.11732
-1.11737
-1.11742
-1.11747
-1.11752
-1.11758
-1.11763
-1.11768
-1.11773
-1.11778
-1.11784
-1.11789
-1.11794
-1.11799
-1.11804
-1.11809
-1.11815
-1.11820
-1.11825
-1.11830
-1.11835
-1.11841
-1.11846
-1.11851
-1.11856
-1.11861
-1.11867
-1.11872
-1.11877
-1.11882
-1.11887
-1.11893
-1.11898
-1.11903
-1.11908
-1.11913
-1.11919
-1.11924
-1.11929
-1.11934
-1.11939
-1.11945
-1.11950
-1.11955
-1.11960
-1.11965
-1.11970
-1.11976
-1.11981
-1.11986
-1.11991
-1.11996
-1.12002
-1.12007
-1.12012
-1.12017
-1.12022
-1.12028
-1.12033
-1.12038
-1.12043
-1.12048
-1.12054
-1.12059
-1.12064
-1.12069
-1.12074
-1.12080
-1.12085
-1.12090
-1.12095
-1.12100
-1.12106
-1.12111
-1.12116
-1.12121
-1.12126
-1.12131
-1.12137
-1.12142
-1.12147
-1.12152
-1.12157
-1.12163
-1.12168
-1.12173
-1.12178
-1.12183
-1.12189
-1.12194
-1.12199
-1.12204
-1.12209
-1.12215
-1.12220
-1.12225
-1.12230
-1.12235
-1.12241
-1.12246
-1.12251
-1.12256
-1.12261
-1.12267
-1.12272
-1.12277
-1.12282
-1.12287
-1.12293
-1.12298
-1.12303
-1.12308
-1.12313
-1.12318
-1.12324
-1.12329
-1.12334
-1.12339
-1.12344
-1.12350
-1.12355
-1.12360
-1.12365
-1.12370
-1.12376
-1.12381
-1.12386
-1.12391
-1.12396
-1.12402
-1.12407
-1.12412
-1.12417
-1.12422
-1.12428
-1.12433
-1.12438
-1.12443
-1.12448
-1.12454
-1.12459
-1.12464
-1.12469
-1.12474
-1.12479
-1.12485
-1.12490
-1.12495
-1.12500
-1.12505
-1.12511
-1.12516
-1.12521
-1.12526
-1.12531
-1.12537
-1.12542
-1.12547
-1.12552
-1.12557
-1.12563
-1.12568
-1.12573
-1.12578
-1.12583
-1.12589
-1.12594
-1.12599
-1.12604
-1.12609
-1.12615
-1.12620
-1.12625
-1.12630
-1.12635
-1.12640
-1.12646
-1.12651
-1.12656
-1.12661
-1.12666
-1.12672
-1.12677
-1.12682
-1.12687
-1.12692
-1.12698
-1.12703
-1.12708
-1.12713
-1.12718
-1.12724
-1.12729
-1.12734
-1.12739
-1.12744
-1.12750
-1.12755
-1.12760
-1.12765
-1.12770
-1.12776
-1.12781
-1.12786
-1.12791
-1.12796
-1.12801
-1.12807
-1.12812
-1.12817
-1.12822
-1.12827
-1.12833
-1.12838
-1.12843
-1.12848
-1.12853
-1.12859
-1.12864
-1.12869
-1.12874
-1.12879
-1.12885
-1.12890
-1.12895
-1.12900
-1.12905
-1.12911
-1.12916
-1.12921
-1.12926
-1.12931
-1.12937
-1.12942
-1.12947
-1.12952
-1.12957
-1.12962
-1.12968
-1.12973
-1.12978
-1.12983
-1.12988
-1.12994
-1.12999
-1.13004
-1.13009
-1.13014
-1.13020
-1.13025
-1.13030
-1.13035
-1.13040
-1.13046
-1.13051
-1.13056
-1.13061
-1.13066
-1.13072
-1.13077
-1.13082
-1.13087
-1.13092
-1.13098
-1.13103
-1.13108
-1.13113
-1.13118
-1.13123
-1.13129
-1.13134
-1.13139
-1.13144
-1.13149
-1.13155
-1.13160
-1.13165
-1.13170
-1.13175
-1.13181
-1.13186
-1.13191
-1.13196
-1.13201
-1.13207
-1.13212
-1.13217
-1.13222
-1.13227
-1.13233
-1.13238
-1.13243
-1.13248
-1.13253
-1.13259
-1.13264
-1.13269
-1.13274
-1.13279
-1.13284
-1.13290
-1.13295
-1.13300
-1.13305
-1.13310
-1.13316
-1.13321
-1.13326
-1.13331
-1.13336
-1.13342
-1.13347
-1.13352
-1.13357
-1.13362
-1.13368
-1.13373
-1.13378
-1.13383
-1.13388
-1.13394
-1.13399
-1.13404
-1.13409
-1.13414
-1.13420
-1.13425
-1.13430
-1.13435
-1.13440
-1.13445
-1.13451
-1.13456
-1.13461
-1.13466
-1.13471
-1.13477
-1.13482
-1.13487
-1.13492
-1.13497
-1.13503
-1.13508
-1.13513
-1.13518
-1.13523
-1.13529
-1.13534
-1.13539
-1.13544
-1.13549
-1.13555
-1.13560
-1.13565
-1.13570
-1.13575
-1.13581
-1.13586
-1.13591
-1.13596
-1.13601
-1.13606
-1.13612
-1.13617
-1.13622
-1.13627
-1.13632
-1.13638
-1.13643
-1.13648
-1.13653
-1.13658
-1.13664
-1.13669
-1.13674
-1.13679
-1.13684
-1.13690
-1.13695
-1.13700
-1.13705
-1.13710
-1.13716
-1.13721
-1.13726
-1.13731
-1.13736
-1.13742
-1.13747
-1.13752
-1.13757
-1.13762
-1.13768
-1.13773
-1.13778
-1.13783
-1.13788
-1.13793
-1.13799
-1.13804
-1.13809
-1.13814
-1.13819
-1.13825
-1.13830
-1.13835
-1.13840
-1.13845
-1.13851
-1.13856
-1.13861
-1.13866
-1.13871
-1.13877
-1.13882
-1.13887
-1.13892
-1.13897
-1.13903
-1.13908
-1.13913
-1.13918
-1.13923
-1.13929
-1.13934
-1.13939
-1.13944
-1.13949
-1.13954
-1.13960
-1.13965
-1.13970
-1.13975
-1.13980
-1.13986
-1.13991
-1.13996
-1.14001
-1.14006
-1.14012
-1.14017
-1.14022
-1.14027
-1.14032
-1.14038
-1.14043
-1.14048
-1.14053
-1.14058
-1.14064
-1.14069
-1.14074
-1.14079
-1.14084
-1.14090
-1.14095
-1.14100
-1.14105
-1.14110
-1.14115
-1.14121
-1.14126
-1.14131
-1.14136
-1.14141
-1.14147
-1.14152
-1.14157
-1.14162
-1.14167
-1.14173
-1.14178
-1.14183
-1.14188
-1.14193
-1.14199
-1.14204
-1.14209
-1.14214
-1.14219
-1.14225
-1.14230
-1.14235
-1.14240
-1.14245
-1.14251
-1.14256
-1.14261
-1.14266
-1.14271
-1.14276
-1.14282
-1.14287
-1.14292
-1.14297
-1.14302
-1.14308
-1.14313
-1.14318
-1.14323
-1.14328
-1.14334
-1.14339
-1.14344
-1.14349
-1.14354
-1.14360
-1.14365
-1.14370
-1.14375
-1.14380
-1.14386
-1.14391
-1.14396
-1.14401
-1.14406
-1.14412
-1.14417
-1.14422
-1.14427
-1.14432
-1.14437
-1.14443
-1.14448
-1.14453
-1.14458
-1.14463
-1.14469
-1.14474
-1.14479
-1.14484
-1.14489
-1.14495
-1.14500
-1.14505
-1.14510
-1.14515
-1.14521
-1.14526
-1.14531
-1.14536
-1.14541
-1.14547
-1.14552
-1.14557
-1.14562
-1.14567
-1.14573
-1.14578
-1.14583
-1.14588
-1.14593
-1.14598
-1.14604
-1.14609
-1.14614
-1.14619
-1.14624
-1.14630
-1.14635
-1.14640
-1.14645
-1.14650
-1.14656
-1.14661
-1.14666
-1.14671
-1.14676
-1.14682
-1.14687
-1.14692
-1.14697
-1.14702
-1.14708
-1.14713
-1.14718
-1.14723
-1.14728
-1.14734
-1.14739
-1.14744
-1.14749
-1.14754
-1.14759
-1.14765
-1.14770
-1.14775
-1.14780
-1.14785
-1.14791
-1.14796
-1.14801
-1.14806
-1.14811
-1.14817
-1.14822
-1.14827
-1.14832
-1.14837
-1.14843
-1.14848
-1.14853
-1.14858
-1.14863
-1.14869
-1.14874
-1.14879
-1.14884
-1.14889
-1.14895
-1.14900
-1.14905
-1.14910
-1.14915
-1.14920
-1.14926
-1.14931
-1.14936
-1.14941
-1.14946
-1.14952
-1.14957
-1.14962
-1.14967
-1.14972
-1.14978
-1.14983
-1.14988
-1.14993
-1.14998
-1.15004
-1.15009
-1.15014
-1.15019
-1.15024
-1.15030
-1.15035
-1.15040
-1.15045
-1.15050
-1.15056
-1.15061
-1.15066
-1.15071
-1.15076
-1.15081
-1.15087
-1.15092
-1.15097
-1.15102
-1.15107
-1.15113
-1.15118
-1.15123
-1.15128
-1.15133
-1.15139
-1.15144
-1.15149
-1.15154
-1.15159
-1.15165
-1.15170
-1.15175
-1.15180
-1.15185
-1.15191
-1.15196
-1.15201
-1.15206
-1.15211
-1.15217
-1.15222
-1.15227
-1.15232
-1.15237
-1.15242
-1.15248
-1.15253
-1.15258
-1.15263
-1.15268
-1.15274
-1.15279
-1.15284
-1.15289
-1.15294
-1.15300
-1.15305
-1.15310
-1.15315
-1.15320
-1.15326
-1.15331
-1.15336
-1.15341
-1.15346
-1.15352
-1.15357
-1.15362
-1.15367
-1.15372
-1.15378
-1.15383
-1.15388
-1.15393
-1.15398
-1.15403
-1.15409
-1.15414
-1.15419
-1.15424
-1.15429
-1.15435
-1.15440
-1.15445
-1.15450
-1.15455
-1.15461
-1.15466
-1.15471
-1.15476
-1.15481
-1.15487
-1.15492
-1.15497
-1.15502
-1.15507
-1.15513
-1.15518
-1.15523
-1.15528
-1.15533
-1.15539
-1.15544
-1.15549
-1.15554
-1.15559
-1.15564
-1.15570
-1.15575
-1.15580
-1.15585
-1.15590
-1.15596
-1.15601
-1.15606
-1.15611
-1.15616
-1.15622
-1.15627
-1.15632
-1.15637
-1.15642
-1.15648
-1.15653
-1.15658
-1.15663
-1.15668
-1.15674
-1.15679
-1.15684
-1.15689
-1.15694
-1.15700
-1.15705
-1.15710
-1.15715
-1.15720
-1.15725
-1.15731
-1.15736
-1.15741
-1.15746
-1.15751
-1.15757
-1.15762
-1.15767
-1.15772
-1.15777
-1.15783
-1.15788
-1.15793
-1.15798
-1.15803
-1.15809
-1.15814
-1.15819
-1.15824
-1.15829
-1.15835
-1.15840
-1.15845
-1.15850
-1.15855
-1.15861
-1.15866
-1.15871
-1.15876
-1.15881
-1.15886
-1.15892
-1.15897
-1.15902
-1.15907
-1.15912
-1.15918
-1.15923
-1.15928
-1.15933
-1.15938
-1.15944
-1.15949
-1.15954
-1.15959
-1.15964
-1.15970
-1.15975
-1.15980
-1.15985
-1.15990
-1.15996
-1.16001
-1.16006
-1.16011
-1.16016
-1.16022
-1.16027
-1.16032
-1.16037
-1.16042
-1.16047
-1.16053
-1.16058
-1.16063
-1.16068
-1.16073
-1.16079
-1.16084
-1.16089
-1.16094
-1.16099
-1.16105
-1.16110
-1.16115
-1.16120
-1.16125
-1.16131
-1.16136
-1.16141
-1.16146
-1.16151
-1.16157
-1.16162
-1.16167
-1.16172
-1.16177
-1.16183
-1.16188
-1.16193
-1.16198
-1.16203
-1.16208
-1.16214
-1.16219
-1.16224
-1.16229
-1.16234
-1.16240
-1.16245
-1.16250
-1.16255
-1.16260
-1.16266
-1.16271
-1.16276
-1.16281
-1.16286
-1.16292
-1.16297
-1.16302
-1.16307
-1.16312
-1.16318
-1.16323
-1.16328
-1.16333
-1.16338
-1.16344
-1.16349
-1.16354
-1.16359
-1.16364
-1.16369
-1.16375
-1.16380
-1.16385
-1.16390
-1.16395
-1.16401
-1.16406
-1.16411
-1.16416
-1.16421
-1.16427
-1.16432
-1.16437
-1.16442
-1.16447
-1.16453
-1.16458
-1.16463
-1.16468
-1.16473
-1.16479
-1.16484
-1.16489
-1.16494
-1.16499
-1.16504
-1.16510
-1.16515
-1.16520
-1.16525
-1.16530
-1.16536
-1.16541
-1.16546
-1.16551
-1.16556
-1.16562
-1.16567
-1.16572
-1.16577
-1.16582
-1.16588
-1.16593
-1.16598
-1.16603
-1.16608
-1.16614
-1.16619
-1.16624
-1.16629
-1.16634
-1.16640
-1.16645
-1.16650
-1.16655
-1.16660
-1.16665
-1.16671
-1.16676
-1.16681
-1.16686
-1.16691
-1.16697
-1.16702
-1.16707
-1.16712
-1.16717
-1.16723
-1.16728
-1.16733
-1.16738
-1.16743
-1.16749
-1.16754
-1.16759
-1.16764
-1.16769
-1.16775
-1.16780
-1.16785
-1.16790
-1.16795
-1.16801
-1.16806
-1.16811
-1.16816
-1.16821
-1.16826
-1.16832
-1.16837
-1.16842
-1.16847
-1.16852
-1.16858
-1.16863
-1.16868
-1.16873
-1.16878
-1.16884
-1.16889
-1.16894
-1.16899
-1.16904
-1.16910
-1.16915
-1.16920
-1.16925
-1.16930
-1.16936
-1.16941
-1.16946
-1.16951
-1.16956
-1.16962
-1.16967
-1.16972
-1.16977
-1.16982
-1.16987
-1.16993
-1.16998
-1.17003
-1.17008
-1.17013
-1.17019
-1.17024
-1.17029
-1.17034
-1.17039
-1.17045
-1.17050
-1.17055
-1.17060
-1.17065
-1.17071
-1.17076
-1.17081
-1.17086
-1.17091
-1.17097
-1.17102
-1.17107
-1.17112
-1.17117
-1.17123
-1.17128
-1.17133
-1.17138
-1.17143
-1.17148
-1.17154
-1.17159
-1.17164
-1.17169
-1.17174
-1.17180
-1.17185
-1.17190
-1.17195
-1.17200
-1.17206
-1.17211
-1.17216
-1.17221
-1.17226
-1.17232
-1.17237
-1.17242
-1.17247
-1.17252
-1.17258
-1.17263
-1.17268
-1.17273
-1.17278
-1.17284
-1.17289
-1.17294
-1.17299
-1.17304
-1.17309
-1.17315
-1.17320
-1.17325
-1.17330
-1.17335
-1.17341
-1.17346
-1.17351
-1.17356
-1.17361
-1.17367
-1.17372
-1.17377
-1.17382
-1.17387
-1.17393
-1.17398
-1.17403
-1.17408
-1.17413
-1.17419
-1.17424
-1.17429
-1.17434
-1.17439
-1.17445
-1.17450
-1.17455
-1.17460
-1.17465
-1.17470
-1.17476
-1.17481
-1.17486
-1.17491
-1.17496
-1.17502
-1.17507
-1.17512
-1.17517
-1.17522
-1.17528
-1.17533
-1.17538
-1.17543
-1.17548
-1.17554
-1.17559
-1.17564
-1.17569
-1.17574
-1.17580
-1.17585
-1.17590
-1.17595
-1.17600
-1.17606
-1.17611
-1.17616
-1.17621
-1.17626
-1.17631
-1.17637
-1.17642
-1.17647
-1.17652
-1.17657
-1.17663
-1.17668
-1.17673
-1.17678
-1.17683
-1.17689
-1.17694
-1.17699
-1.17704
-1.17709
-1.17715
-1.17720
-1.17725
-1.17730
-1.17735
-1.17741
-1.17746
-1.17751
-1.17756
-1.17761
-1.17767
-1.17772
-1.17777
-1.17782
-1.17787
-1.17792
-1.17798
-1.17803
-1.17808
-1.17813
-1.17818
-1.17824
-1.17829
-1.17834
-1.17839
-1.17844
-1.17850
-1.17855
-1.17860
-1.17865
-1.17870
-1.17876
-1.17881
-1.17886
-1.17891
-1.17896
-1.17902
-1.17907
-1.17912
-1.17917
-1.17922
-1.17928
-1.17933
-1.17938
-1.17943
-1.17948
-1.17953
-1.17959
-1.17964
-1.17969
-1.17974
-1.17979
-1.17985
-1.17990
-1.17995
-1.18000
-1.18005
-1.18011
-1.18016
-1.18021
-1.18026
-1.18031
-1.18037
-1.18042
-1.18047
-1.18052
-1.18057
-1.18063
-1.18068
-1.18073
-1.18078
-1.18083
-1.18088
-1.18094
-1.18099
-1.18104
-1.18109
-1.18114
-1.18120
-1.18125
-1.18130
-1.18135
-1.18140
-1.18146
-1.18151
-1.18156
-1.18161
-1.18166
-1.18172
-1.18177
-1.18182
-1.18187
-1.18192
-1.18198
-1.18203
-1.18208
-1.18213
-1.18218
-1.18224
-1.18229
-1.18234
-1.18239
-1.18244
-1.18249
-1.18255
-1.18260
-1.18265
-1.18270
-1.18275
-1.18281
-1.18286
-1.18291
-1.18296
-1.18301
-1.18307
-1.18312
-1.18317
-1.18322
-1.18327
-1.18333
-1.18338
-1.18343
-1.18348
-1.18353
-1.18359
-1.18364
-1.18369
-1.18374
-1.18379
-1.18385
-1.18390
-1.18395
-1.18400
-1.18405
-1.18410
-1.18416
-1.18421
-1.18426
-1.18431
-1.18436
-1.18442
-1.18447
-1.18452
-1.18457
-1.18462
-1.18468
-1.18473
-1.18478
-1.18483
-1.18488
-1.18494
-1.18499
-1.18504
-1.18509
-1.18514
-1.18520
-1.18525
-1.18530
-1.18535
-1.18540
-1.18546
-1.18551
-1.18556
-1.18561
-1.18566
-1.18571
-1.18577
-1.18582
-1.18587
-1.18592
-1.18597
-1.18603
-1.18608
-1.18613
-1.18618
-1.18623
-1.18629
-1.18634
-1.18639
-1.18644
-1.18649
-1.18655
-1.18660
-1.18665
-1.18670
-1.18675
-1.18681
-1.18686
-1.18691
-1.18696
-1.18701
-1.18707
-1.18712
-1.18717
-1.18722
-1.18727
-1.18732
-1.18738
-1.18743
-1.18748
-1.18753
-1.18758
-1.18764
-1.18769
-1.18774
-1.18779
-1.18784
-1.18790
-1.18795
-1.18800
-1.18805
-1.18810
-1.18816
-1.18821
-1.18826
-1.18831
-1.18836
-1.18842
-1.18847
-1.18852
-1.18857
-1.18862
-1.18868
-1.18873
-1.18878
-1.18883
-1.18888
-1.18893
-1.18899
-1.18904
-1.18909
-1.18914
-1.18919
-1.18925
-1.18930
-1.18935
-1.18940
-1.18945
-1.18951
-1.18956
-1.18961
-1.18966
-1.18971
-1.18977
-1.18982
-1.18987
-1.18992
-1.18997
-1.19003
-1.19008
-1.19013
-1.19018
-1.19023
-1.19028
-1.19034
-1.19039
-1.19044
-1.19049
-1.19054
-1.19060
-1.19065
-1.19070
-1.19075
-1.19080
-1.19086
-1.19091
-1.19096
-1.19101
-1.19106
-1.19112
-1.19117
-1.19122
-1.19127
-1.19132
-1.19138
-1.19143
-1.19148
-1.19153
-1.19158
-1.19164
-1.19169
-1.19174
-1.19179
-1.19184
-1.19189
-1.19195
-1.19200
-1.19205
-1.19210
-1.19215
-1.19221
-1.19226
-1.19231
-1.19236
-1.19241
-1.19247
-1.19252
-1.19257
-1.19262
-1.19267
-1.19273
-1.19278
-1.19283
-1.19288
-1.19293
-1.19299
-1.19304
-1.19309
-1.19314
-1.19319
-1.19325
-1.19330
-1.19335
-1.19340
-1.19345
-1.19350
-1.19356
-1.19361
-1.19366
-1.19371
-1.19376
-1.19382
-1.19387
-1.19392
-1.19397
-1.19402
-1.19408
-1.19413
-1.19418
-1.19423
-1.19428
-1.19434
-1.19439
-1.19444
-1.19449
-1.19454
-1.19460
-1.19465
-1.19470
-1.19475
-1.19480
-1.19486
-1.19491
-1.19496
-1.19501
-1.19506
-1.19511
-1.19517
-1.19522
-1.19527
-1.19532
-1.19537
-1.19543
-1.19548
-1.19553
-1.19558
-1.19563
-1.19569
-1.19574
-1.19579
-1.19584
-1.19589
-1.19595
-1.19600
-1.19605
-1.19610
-1.19615
-1.19621
-1.19626
-1.19631
-1.19636
-1.19641
-1.19647
-1.19652
-1.19657
-1.19662
-1.19667
-1.19672
-1.19678
-1.19683
-1.19688
-1.19693
-1.19698
-1.19704
-1.19709
-1.19714
-1.19719
-1.19724
-1.19730
-1.19735
-1.19740
-1.19745
-1.19750
-1.19756
-1.19761
-1.19766
-1.19771
-1.19776
-1.19782
-1.19787
-1.19792
-1.19797
-1.19802
-1.19807
-1.19813
-1.19818
-1.19823
-1.19828
-1.19833
-1.19839
-1.19844
-1.19849
-1.19854
-1.19859
-1.19865
-1.19870
-1.19875
-1.19880
-1.19885
-1.19891
-1.19896
-1.19901
-1.19906
-1.19911
-1.19917
-1.19922
-1.19927
-1.19932
-1.19937
-1.19943
-1.19948
-1.19953
-1.19958
-1.19963
-1.19968
-1.19974
-1.19979
-1.19984
-1.19989
-1.19994
-1.20000
-1.20005
-1.20010
-1.20015
-1.20020
-1.20026
-1.20031
-1.20036
-1.20041
-1.20046
-1.20052
-1.20057
-1.20062
-1.20067
-1.20072
-1.20078
-1.20083
-1.20088
-1.20093
-1.20098
-1.20104
-1.20109
-1.20114
-1.20119
-1.20124
-1.20129
-1.20135
-1.20140
-1.20145
-1.20150
-1.20155
-1.20161
-1.20166
-1.20171
-1.20176
-1.20181
-1.20187
-1.20192
-1.20197
-1.20202
-1.20207
-1.20213
-1.20218
-1.20223
-1.20228
-1.20233
-1.20239
-1.20244
-1.20249
-1.20254
-1.20259
-1.20265
-1.20270
-1.20275
-1.20280
-1.20285
-1.20290
-1.20296
-1.20301
-1.20306
-1.20311
-1.20316
-1.20322
-1.20327
-1.20332
-1.20337
-1.20342
-1.20348
-1.20353
-1.20358
-1.20363
-1.20368
-1.20374
-1.20379
-1.20384
-1.20389
-1.20394
-1.20400
-1.20405
-1.20410
-1.20415
-1.20420
-1.20425
-1.20431
-1.20436
-1.20441
-1.20446
-1.20451
-1.20457
-1.20462
-1.20467
-1.20472
-1.20477
-1.20483
-1.20488
-1.20493
-1.20498
-1.20503
-1.20509
-1.20514
-1.20519
-1.20524
-1.20529
-1.20535
-1.20540
-1.20545
-1.20550
-1.20555
-1.20561
-1.20566
-1.20571
-1.20576
-1.20581
-1.20586
-1.20592
-1.20597
-1.20602
-1.20607
-1.20612
-1.20618
-1.20623
-1.20628
-1.20633
-1.20638
-1.20644
-1.20649
-1.20654
-1.20659
-1.20664
-1.20670
-1.20675
-1.20680
-1.20685
-1.20690
-1.20696
-1.20701
-1.20706
-1.20711
-1.20716
-1.20722
-1.20727
-1.20732
-1.20737
-1.20742
-1.20747
-1.20753
-1.20758
-1.20763
-1.20768
-1.20773
-1.20779
-1.20784
-1.20789
-1.20794
-1.20799
-1.20805
-1.20810
-1.20815
-1.20820
-1.20825
-1.20831
-1.20836
-1.20841
-1.20846
-1.20851
-1.20857
-1.20862
-1.20867
-1.20872
-1.20877
-1.20883
-1.20888
-1.20893
-1.20898
-1.20903
-1.20908
-1.20914
-1.20919
-1.20924
-1.20929
-1.20934
-1.20940
-1.20945
-1.20950
-1.20955
-1.20960
-1.20966
-1.20971
-1.20976
-1.20981
-1.20986
-1.20992
-1.20997
-1.21002
-1.21007
-1.21012
-1.21018
-1.21023
-1.21028
-1.21033
-1.21038
-1.21043
-1.21049
-1.21054
-1.21059
-1.21064
-1.21069
-1.21075
-1.21080
-1.21085
-1.21090
-1.21095
-1.21101
-1.21106
-1.21111
-1.21116
-1.21121
-1.21127
-1.21132
-1.21137
-1.21142
-1.21147
-1.21153
-1.21158
-1.21163
-1.21168
-1.21173
-1.21179
-1.21184
-1.21189
-1.21194
-1.21199
-1.21204
-1.21210
-1.21215
-1.21220
-1.21225
-1.21230
-1.21236
-1.21241
-1.21246
-1.21251
-1.21256
-1.21262
-1.21267
-1.21272
-1.21277
-1.21282
-1.21288
-1.21293
-1.21298
-1.21303
-1.21308
-1.21314
-1.21319
-1.21324
-1.21329
-1.21334
-1.21340
-1.21345
-1.21350
-1.21355
-1.21360
-1.21365
-1.21371
-1.21376
-1.21381
-1.21386
-1.21391
-1.21397
-1.21402
-1.21407
-1.21412
-1.21417
-1.21423
-1.21428
-1.21433
-1.21438
-1.21443
-1.21449
-1.21454
-1.21459
-1.21464
-1.21469
-1.21475
-1.21480
-1.21485
-1.21490
-1.21495
-1.21500
-1.21506
-1.21511
-1.21516
-1.21521
-1.21526
-1.21532
-1.21537
-1.21542
-1.21547
-1.21552
-1.21558
-1.21563
-1.21568
-1.21573
-1.21578
-1.21584
-1.21589
-1.21594
-1.21599
-1.21604
-1.21610
-1.21615
-1.21620
-1.21625
-1.21630
-1.21636
-1.21641
-1.21646
-1.21651
-1.21656
-1.21661
-1.21667
-1.21672
-1.21677
-1.21682
-1.21687
-1.21693
-1.21698
-1.21703
-1.21708
-1.21713
-1.21719
-1.21724
-1.21729
-1.21734
-1.21739
-1.21745
-1.21750
-1.21755
-1.21760
-1.21765
-1.21771
-1.21776
-1.21781
-1.21786
-1.21791
-1.21797
-1.21802
-1.21807
-1.21812
-1.21817
-1.21822
-1.21828
-1.21833
-1.21838
-1.21843
-1.21848
-1.21854
-1.21859
-1.21864
-1.21869
-1.21874
-1.21880
-1.21885
-1.21890
-1.21895
-1.21900
-1.21906
-1.21911
-1.21916
-1.21921
-1.21926
-1.21932
-1.21937
-1.21942
-1.21947
-1.21952
-1.21958
-1.21963
-1.21968
-1.21973
-1.21978
-1.21983
-1.21989
-1.21994
-1.21999
-1.22004
-1.22009
-1.22015
-1.22020
-1.22025
-1.22030
-1.22035
-1.22041
-1.22046
-1.22051
-1.22056
-1.22061
-1.22067
-1.22072
-1.22077
-1.22082
-1.22087
-1.22093
-1.22098
-1.22103
-1.22108
-1.22113
-1.22118
-1.22124
-1.22129
-1.22134
-1.22139
-1.22144
-1.22150
-1.22155
-1.22160
-1.22165
-1.22170
-1.22176
-1.22181
-1.22186
-1.22191
-1.22196
-1.22202
-1.22207
-1.22212
-1.22217
-1.22222
-1.22228
-1.22233
-1.22238
-1.22243
-1.22248
-1.22254
-1.22259
-1.22264
-1.22269
-1.22274
-1.22279
-1.22285
-1.22290
-1.22295
-1.22300
-1.22305
-1.22311
-1.22316
-1.22321
-1.22326
-1.22331
-1.22337
-1.22342
-1.22347
-1.22352
-1.22357
-1.22363
-1.22368
-1.22373
-1.22378
-1.22383
-1.22389
-1.22394
-1.22399
-1.22404
-1.22409
-1.22415
-1.22420
-1.22425
-1.22430
-1.22435
-1.22440
-1.22446
-1.22451
-1.22456
-1.22461
-1.22466
-1.22472
-1.22477
-1.22482
-1.22487
-1.22492
-1.22498
-1.22503
-1.22508
-1.22513
-1.22518
-1.22524
-1.22529
-1.22534
-1.22539
-1.22544
-1.22550
-1.22555
-1.22560
-1.22565
-1.22570
-1.22575
-1.22581
-1.22586
-1.22591
-1.22596
-1.22601
-1.22607
-1.22612
-1.22617
-1.22622
-1.22627
-1.22633
-1.22638
-1.22643
-1.22648
-1.22653
-1.22659
-1.22664
-1.22669
-1.22674
-1.22679
-1.22685
-1.22690
-1.22695
-1.22700
-1.22705
-1.22711
-1.22716
-1.22721
-1.22726
-1.22731
-1.22736
-1.22742
-1.22747
-1.22752
-1.22757
-1.22762
-1.22768
-1.22773
-1.22778
-1.22783
-1.22788
-1.22794
-1.22799
-1.22804
-1.22809
-1.22814
-1.22820
-1.22825
-1.22830
-1.22835
-1.22840
-1.22846
-1.22851
-1.22856
-1.22861
-1.22866
-1.22871
-1.22877
-1.22882
-1.22887
-1.22892
-1.22897
-1.22903
-1.22908
-1.22913
-1.22918
-1.22923
-1.22929
-1.22934
-1.22939
-1.22944
-1.22949
-1.22955
-1.22960
-1.22965
-1.22970
-1.22975
-1.22981
-1.22986
-1.22991
-1.22996
-1.23001
-1.23007
-1.23012
-1.23017
-1.23022
-1.23027
-1.23032
-1.23038
-1.23043
-1.23048
-1.23053
-1.23058
-1.23064
-1.23069
-1.23074
-1.23079
-1.23084
-1.23090
-1.23095
-1.23100
-1.23105
-1.23110
-1.23116
-1.23121
-1.23126
-1.23131
-1.23136
-1.23142
-1.23147
-1.23152
-1.23157
-1.23162
-1.23168
-1.23173
-1.23178
-1.23183
-1.23188
-1.23193
-1.23199
-1.23204
-1.23209
-1.23214
-1.23219
-1.23225
-1.23230
-1.23235
-1.23240
-1.23245
-1.23251
-1.23256
-1.23261
-1.23266
-1.23271
-1.23277
-1.23282
-1.23287
-1.23292
-1.23297
-1.23303
-1.23308
-1.23313
-1.23318
-1.23323
-1.23328
-1.23334
-1.23339
-1.23344
-1.23349
-1.23354
-1.23360
-1.23365
-1.23370
-1.23375
-1.23380
-1.23386
-1.23391
-1.23396
-1.23401
-1.23406
-1.23412
-1.23417
-1.23422
-1.23427
-1.23432
-1.23438
-1.23443
-1.23448
-1.23453
-1.23458
-1.23464
-1.23469
-1.23474
-1.23479
-1.23484
-1.23489
-1.23495
-1.23500
-1.23505
-1.23510
-1.23515
-1.23521
-1.23526
-1.23531
-1.23536
-1.23541
-1.23547
-1.23552
-1.23557
-1.23562
-1.23567
-1.23573
-1.23578
-1.23583
-1.23588
-1.23593
-1.23599
-1.23604
-1.23609
-1.23614
-1.23619
-1.23625
-1.23630
-1.23635
-1.23640
-1.23645
-1.23650
-1.23656
-1.23661
-1.23666
-1.23671
-1.23676
-1.23682
-1.23687
-1.23692
-1.23697
-1.23702
-1.23708
-1.23713
-1.23718
-1.23723
-1.23728
-1.23734
-1.23739
-1.23744
-1.23749
-1.23754
-1.23760
-1.23765
-1.23770
-1.23775
-1.23780
-1.23785
-1.23791
-1.23796
-1.23801
-1.23806
-1.23811
-1.23817
-1.23822
-1.23827
-1.23832
-1.23837
-1.23843
-1.23848
-1.23853
-1.23858
-1.23863
-1.23869
-1.23874
-1.23879
-1.23884
-1.23889
-1.23895
-1.23900
-1.23905
-1.23910
-1.23915
-1.23921
-1.23926
-1.23931
-1.23936
-1.23941
-1.23946
-1.23952
-1.23957
-1.23962
-1.23967
-1.23972
-1.23978
-1.23983
-1.23988
-1.23993
-1.23998
-1.24004
-1.24009
-1.24014
-1.24019
-1.24024
-1.24030
-1.24035
-1.24040
-1.24045
-1.24050
-1.24056
-1.24061
-1.24066
-1.24071
-1.24076
-1.24081
-1.24087
-1.24092
-1.24097
-1.24102
-1.24107
-1.24113
-1.24118
-1.24123
-1.24128
-1.24133
-1.24139
-1.24144
-1.24149
-1.24154
-1.24159
-1.24165
-1.24170
-1.24175
-1.24180
-1.24185
-1.24191
-1.24196
-1.24201
-1.24206
-1.24211
-1.24217
-1.24222
-1.24227
-1.24232
-1.24237
-1.24242
-1.24248
-1.24253
-1.24258
-1.24263
-1.24268
-1.24274
-1.24279
-1.24284
-1.24289
-1.24294
-1.24300
-1.24305
-1.24310
-1.24315
-1.24320
-1.24326
-1.24331
-1.24336
-1.24341
-1.24346
-1.24352
-1.24357
-1.24362
-1.24367
-1.24372
-1.24378
-1.24383
-1.24388
-1.24393
-1.24398
-1.24403
-1.24409
-1.24414
-1.24419
-1.24424
-1.24429
-1.24435
-1.24440
-1.24445
-1.24450
-1.24455
-1.24461
-1.24466
-1.24471
-1.24476
-1.24481
-1.24487
-1.24492
-1.24497
-1.24502
-1.24507
-1.24513
-1.24518
-1.24523
-1.24528
-1.24533
-1.24538
-1.24544
-1.24549
-1.24554
-1.24559
-1.24564
-1.24570
-1.24575
-1.24580
-1.24585
-1.24590
-1.24596
-1.24601
-1.24606
-1.24611
-1.24616
-1.24622
-1.24627
-1.24632
-1.24637
-1.24642
-1.24648
-1.24653
-1.24658
-1.24663
-1.24668
-1.24674
-1.24679
-1.24684
-1.24689
-1.24694
-1.24699
-1.24705
-1.24710
-1.24715
-1.24720
-1.24725
-1.24731
-1.24736
-1.24741
-1.24746
-1.24751
-1.24757
-1.24762
-1.24767
-1.24772
-1.24777
-1.24783
-1.24788
-1.24793
-1.24798
-1.24803
-1.24809
-1.24814
-1.24819
-1.24824
-1.24829
-1.24834
-1.24840
-1.24845
-1.24850
-1.24855
-1.24860
-1.24866
-1.24871
-1.24876
-1.24881
-1.24886
-1.24892
-1.24897
-1.24902
-1.24907
-1.24912
-1.24918
-1.24923
-1.24928
-1.24933
-1.24938
-1.24944
-1.24949
-1.24954
-1.24959
-1.24964
-1.24970
-1.24975
-1.24980
-1.24985
-1.24990
-1.24995
-1.25001
-1.25006
-1.25011
-1.25016
-1.25021
-1.25027
-1.25032
-1.25037
-1.25042
-1.25047
-1.25053
-1.25058
-1.25063
-1.25068
-1.25073
-1.25079
-1.25084
-1.25089
-1.25094
-1.25099
-1.25105
-1.25110
-1.25115
-1.25120
-1.25125
-1.25130
-1.25136
-1.25141
-1.25146
-1.25151
-1.25156
-1.25162
-1.25167
-1.25172
-1.25177
-1.25182
-1.25188
-1.25193
-1.25198
-1.25203
-1.25208
-1.25214
-1.25219
-1.25224
-1.25229
-1.25234
-1.25240
-1.25245
-1.25250
-1.25255
-1.25260
-1.25266
-1.25271
-1.25276
-1.25281
-1.25286
-1.25291
-1.25297
-1.25302
-1.25307
-1.25312
-1.25317
-1.25323
-1.25328
-1.25333
-1.25338
-1.25343
-1.25349
-1.25354
-1.25359
-1.25364
-1.25369
-1.25375
-1.25380
-1.25385
-1.25390
-1.25395
-1.25401
-1.25406
-1.25411
-1.25416
-1.25421
-1.25426
-1.25432
-1.25437
-1.25442
-1.25447
-1.25452
-1.25458
-1.25463
-1.25468
-1.25473
-1.25478
-1.25484
-1.25489
-1.25494
-1.25499
-1.25504
-1.25510
-1.25515
-1.25520
-1.25525
-1.25530
-1.25536
-1.25541
-1.25546
-1.25551
-1.25556
-1.25562
-1.25567
-1.25572
-1.25577
-1.25582
-1.25587
-1.25593
-1.25598
-1.25603
-1.25608
-1.25613
-1.25619
-1.25624
-1.25629
-1.25634
-1.25639
-1.25645
-1.25650
-1.25655
-1.25660
-1.25665
-1.25671
-1.25676
-1.25681
-1.25686
-1.25691
-1.25697
-1.25702
-1.25707
-1.25712
-1.25717
-1.25722
-1.25728
-1.25733
-1.25738
-1.25743
-1.25748
-1.25754
-1.25759
-1.25764
-1.25769
-1.25774
-1.25780
-1.25785
-1.25790
-1.25795
-1.25800
-1.25806
-1.25811
-1.25816
-1.25821
-1.25826
-1.25832
-1.25837
-1.25842
-1.25847
-1.25852
-1.25858
-1.25863
-1.25868
-1.25873
-1.25878
-1.25883
-1.25889
-1.25894
-1.25899
-1.25904
-1.25909
-1.25915
-1.25920
-1.25925
-1.25930
-1.25935
-1.25941
-1.25946
-1.25951
-1.25956
-1.25961
-1.25967
-1.25972
-1.25977
-1.25982
-1.25987
-1.25993
-1.25998
-1.26003
-1.26008
-1.26013
-1.26018
-1.26024
-1.26029
-1.26034
-1.26039
-1.26044
-1.26050
-1.26055
-1.26060
-1.26065
-1.26070
-1.26076
-1.26081
-1.26086
-1.26091
-1.26096
-1.26102
-1.26107
-1.26112
-1.26117
-1.26122
-1.26128
-1.26133
-1.26138
-1.26143
-1.26148
-1.26154
-1.26159
-1.26164
-1.26169
-1.26174
-1.26179
-1.26185
-1.26190
-1.26195
-1.26200
-1.26205
-1.26211
-1.26216
-1.26221
-1.26226
-1.26231
-1.26237
-1.26242
-1.26247
-1.26252
-1.26257
-1.26263
-1.26268
-1.26273
-1.26278
-1.26283
-1.26289
-1.26294
-1.26299
-1.26304
-1.26309
-1.26314
-1.26320
-1.26325
-1.26330
-1.26335
-1.26340
-1.26346
-1.26351
-1.26356
-1.26361
-1.26366
-1.26372
-1.26377
-1.26382
-1.26387
-1.26392
-1.26398
-1.26403
-1.26408
-1.26413
-1.26418
-1.26424
-1.26429
-1.26434
-1.26439
-1.26444
-1.26450
-1.26455
-1.26460
-1.26465
-1.26470
-1.26475
-1.26481
-1.26486
-1.26491
-1.26496
-1.26501
-1.26507
-1.26512
-1.26517
-1.26522
-1.26527
-1.26533
-1.26538
-1.26543
-1.26548
-1.26553
-1.26559
-1.26564
-1.26569
-1.26574
-1.26579
-1.26585
-1.26590
-1.26595
-1.26600
-1.26605
-1.26610
-1.26616
-1.26621
-1.26626
-1.26631
-1.26636
-1.26642
-1.26647
-1.26652
-1.26657
-1.26662
-1.26668
-1.26673
-1.26678
-1.26683
-1.26688
-1.26694
-1.26699
-1.26704
-1.26709
-1.26714
-1.26720
-1.26725
-1.26730
-1.26735
-1.26740
-1.26746
-1.26751
-1.26756
-1.26761
-1.26766
-1.26771
-1.26777
-1.26782
-1.26787
-1.26792
-1.26797
-1.26803
-1.26808
-1.26813
-1.26818
-1.26823
-1.26829
-1.26834
-1.26839
-1.26844
-1.26849
-1.26855
-1.26860
-1.26865
-1.26870
-1.26875
-1.26881
-1.26886
-1.26891
-1.26896
-1.26901
-1.26906
-1.26912
-1.26917
-1.26922
-1.26927
-1.26932
-1.26938
-1.26943
-1.26948
-1.26953
-1.26958
-1.26964
-1.26969
-1.26974
-1.26979
-1.26984
-1.26990
-1.26995
-1.27000
-1.27005
-1.27010
-1.27016
-1.27021
-1.27026
-1.27031
-1.27036
-1.27042
-1.27047
-1.27052
-1.27057
-1.27062
-1.27067
-1.27073
-1.27078
-1.27083
-1.27088
-1.27093
-1.27099
-1.27104
-1.27109
-1.27114
-1.27119
-1.27125
-1.27130
-1.27135
-1.27140
-1.27145
-1.27151
-1.27156
-1.27161
-1.27166
-1.27171
-1.27177
-1.27182
-1.27187
-1.27192
-1.27197
-1.27202
-1.27208
-1.27213
-1.27218
-1.27223
-1.27228
-1.27234
-1.27239
-1.27244
-1.27249
-1.27254
-1.27260
-1.27265
-1.27270
-1.27275
-1.27280
-1.27286
-1.27291
-1.27296
-1.27301
-1.27306
-1.27312
-1.27317
-1.27322
-1.27327
-1.27332
-1.27338
-1.27343
-1.27348
-1.27353
-1.27358
-1.27363
-1.27369
-1.27374
-1.27379
-1.27384
-1.27389
-1.27395
-1.27400
-1.27405
-1.27410
-1.27415
-1.27421
-1.27426
-1.27431
-1.27436
-1.27441
-1.27447
-1.27452
-1.27457
-1.27462
-1.27467
-1.27473
-1.27478
-1.27483
-1.27488
-1.27493
-1.27498
-1.27504
-1.27509
-1.27514
-1.27519
-1.27524
-1.27530
-1.27535
-1.27540
-1.27545
-1.27550
-1.27556
-1.27561
-1.27566
-1.27571
-1.27576
-1.27582
-1.27587
-1.27592
-1.27597
-1.27602
-1.27608
-1.27613
-1.27618
-1.27623
-1.27628
-1.27634
-1.27639
-1.27644
-1.27649
-1.27654
-1.27659
-1.27665
-1.27670
-1.27675
-1.27680
-1.27685
-1.27691
-1.27696
-1.27701
-1.27706
-1.27711
-1.27717
-1.27722
-1.27727
-1.27732
-1.27737
-1.27743
-1.27748
-1.27753
-1.27758
-1.27763
-1.27769
-1.27774
-1.27779
-1.27784
-1.27789
-1.27794
-1.27800
-1.27805
-1.27810
-1.27815
-1.27820
-1.27826
-1.27831
-1.27836
-1.27841
-1.27846
-1.27852
-1.27857
-1.27862
-1.27867
-1.27872
-1.27878
-1.27883
-1.27888
-1.27893
-1.27898
-1.27904
-1.27909
-1.27914
-1.27919
-1.27924
-1.27929
-1.27935
-1.27940
-1.27945
-1.27950
-1.27955
-1.27961
-1.27966
-1.27971
-1.27976
-1.27981
-1.27987
-1.27992
-1.27997
-1.28002
-1.28007
-1.28013
-1.28018
-1.28023
-1.28028
-1.28033
-1.28039
-1.28044
-1.28049
-1.28054
-1.28059
-1.28065
-1.28070
-1.28075
-1.28080
-1.28085
-1.28090
-1.28096
-1.28101
-1.28106
-1.28111
-1.28116
-1.28122
-1.28127
-1.28132
-1.28137
-1.28142
-1.28148
-1.28153
-1.28158
-1.28163
-1.28168
-1.28174
-1.28179
-1.28184
-1.28189
-1.28194
-1.28200
-1.28205
-1.28210
-1.28215
-1.28220
-1.28225
-1.28231
-1.28236
-1.28241
-1.28246
-1.28251
-1.28257
-1.28262
-1.28267
-1.28272
-1.28277
-1.28283
-1.28288
-1.28293
-1.28298
-1.28303
-1.28309
-1.28314
-1.28319
-1.28324
-1.28329
-1.28335
-1.28340
-1.28345
-1.28350
-1.28355
-1.28361
-1.28366
-1.28371
-1.28376
-1.28381
-1.28386
-1.28392
-1.28397
-1.28402
-1.28407
-1.28412
-1.28418
-1.28423
-1.28428
-1.28433
-1.28438
-1.28444
-1.28449
-1.28454
-1.28459
-1.28464
-1.28470
-1.28475
-1.28480
-1.28485
-1.28490
-1.28496
-1.28501
-1.28506
-1.28511
-1.28516
-1.28521
-1.28527
-1.28532
-1.28537
-1.28542
-1.28547
-1.28553
-1.28558
-1.28563
-1.28568
-1.28573
-1.28579
-1.28584
-1.28589
-1.28594
-1.28599
-1.28605
-1.28610
-1.28615
-1.28620
-1.28625
-1.28631
-1.28636
-1.28641
-1.28646
-1.28651
-1.28656
-1.28662
-1.28667
-1.28672
-1.28677
-1.28682
-1.28688
-1.28693
-1.28698
-1.28703
-1.28708
-1.28714
-1.28719
-1.28724
-1.28729
-1.28734
-1.28740
-1.28745
-1.28750
-1.28755
-1.28760
-1.28766
-1.28771
-1.28776
-1.28781
-1.28786
-1.28792
-1.28797
-1.28802
-1.28807
-1.28812
-1.28817
-1.28823
-1.28828
-1.28833
-1.28838
-1.28843
-1.28849
-1.28854
-1.28859
-1.28864
-1.28869
-1.28875
-1.28880
-1.28885
-1.28890
-1.28895
-1.28901
-1.28906
-1.28911
-1.28916
-1.28921
-1.28927
-1.28932
-1.28937
-1.28942
-1.28947
-1.28952
-1.28958
-1.28963
-1.28968
-1.28973
-1.28978
-1.28984
-1.28989
-1.28994
-1.28999
-1.29004
-1.29010
-1.29015
-1.29020
-1.29025
-1.29030
-1.29036
-1.29041
-1.29046
-1.29051
-1.29056
-1.29062
-1.29067
-1.29072
-1.29077
-1.29082
-1.29088
-1.29093
-1.29098
-1.29103
-1.29108
-1.29113
-1.29119
-1.29124
-1.29129
-1.29134
-1.29139
-1.29145
-1.29150
-1.29155
-1.29160
-1.29165
-1.29171
-1.29176
-1.29181
-1.29186
-1.29191
-1.29197
-1.29202
-1.29207
-1.29212
-1.29217
-1.29223
-1.29228
-1.29233
-1.29238
-1.29243
-1.29248
-1.29254
-1.29259
-1.29264
-1.29269
-1.29274
-1.29280
-1.29285
-1.29290
-1.29295
-1.29300
-1.29306
-1.29311
-1.29316
-1.29321
-1.29326
-1.29332
-1.29337
-1.29342
-1.29347
-1.29352
-1.29358
-1.29363
-1.29368
-1.29373
-1.29378
-1.29383
-1.29389
-1.29394
-1.29399
-1.29404
-1.29409
-1.29415
-1.29420
-1.29425
-1.29430
-1.29435
-1.29441
-1.29446
-1.29451
-1.29456
-1.29461
-1.29467
-1.29472
-1.29477
-1.29482
-1.29487
-1.29493
-1.29498
-1.29503
-1.29508
-1.29513
-1.29519
-1.29524
-1.29529
-1.29534
-1.29539
-1.29544
-1.29550
-1.29555
-1.29560
-1.29565
-1.29570
-1.29576
-1.29581
-1.29586
-1.29591
-1.29596
-1.29602
-1.29607
-1.29612
-1.29617
-1.29622
-1.29628
-1.29633
-1.29638
-1.29643
-1.29648
-1.29654
-1.29659
-1.29664
-1.29669
-1.29674
-1.29679
-1.29685
-1.29690
-1.29695
-1.29700
-1.29705
-1.29711
-1.29716
-1.29721
-1.29726
-1.29731
-1.29737
-1.29742
-1.29747
-1.29752
-1.29757
-1.29763
-1.29768
-1.29773
-1.29778
-1.29783
-1.29789
-1.29794
-1.29799
-1.29804
-1.29809
-1.29814
-1.29820
-1.29825
-1.29830
-1.29835
-1.29840
-1.29846
-1.29851
-1.29856
-1.29861
-1.29866
-1.29872
-1.29877
-1.29882
-1.29887
-1.29892
-1.29898
-1.29903
-1.29908
-1.29913
-1.29918
-1.29924
-1.29929
-1.29934
-1.29939
-1.29944
-1.29950
-1.29955
-1.29960
-1.29965
-1.29970
-1.29975
-1.29981
-1.29986
-1.29991
-1.29996
-1.30001
-1.30007
-1.30012
-1.30017
-1.30022
-1.30027
-1.30033
-1.30038
-1.30043
-1.30048
-1.30053
-1.30059
-1.30064
-1.30069
-1.30074
-1.30079
-1.30085
-1.30090
-1.30095
-1.30100
-1.30105
-1.30110
-1.30116
-1.30121
-1.30126
-1.30131
-1.30136
-1.30142
-1.30147
-1.30152
-1.30157
-1.30162
-1.30168
-1.30173
-1.30178
-1.30183
-1.30188
-1.30194
-1.30199
-1.30204
-1.30209
-1.30214
-1.30220
-1.30225
-1.30230
-1.30235
-1.30240
-1.30245
-1.30251
-1.30256
-1.30261
-1.30266
-1.30271
-1.30277
-1.30282
-1.30287
-1.30292
-1.30297
-1.30303
-1.30308
-1.30313
-1.30318
-1.30323
-1.30329
-1.30334
-1.30339
-1.30344
-1.30349
-1.30355
-1.30360
-1.30365
-1.30370
-1.30375
-1.30381
-1.30386
-1.30391
-1.30396
-1.30401
-1.30406
-1.30412
-1.30417
-1.30422
-1.30427
-1.30432
-1.30438
-1.30443
-1.30448
-1.30453
-1.30458
-1.30464
-1.30469
-1.30474
-1.30479
-1.30484
-1.30490
-1.30495
-1.30500
-1.30505
-1.30510
-1.30516
-1.30521
-1.30526
-1.30531
-1.30536
-1.30541
-1.30547
-1.30552
-1.30557
-1.30562
-1.30567
-1.30573
-1.30578
-1.30583
-1.30588
-1.30593
-1.30599
-1.30604
-1.30609
-1.30614
-1.30619
-1.30625
-1.30630
-1.30635
-1.30640
-1.30645
-1.30651
-1.30656
-1.30661
-1.30666
-1.30671
-1.30676
-1.30682
-1.30687
-1.30692
-1.30697
-1.30702
-1.30708
-1.30713
-1.30718
-1.30723
-1.30728
-1.30734
-1.30739
-1.30744
-1.30749
-1.30754
-1.30760
-1.30765
-1.30770
-1.30775
-1.30780
-1.30786
-1.30791
-1.30796
-1.30801
-1.30806
-1.30812
-1.30817
-1.30822
-1.30827
-1.30832
-1.30837
-1.30843
-1.30848
-1.30853
-1.30858
-1.30863
-1.30869
-1.30874
-1.30879
-1.30884
-1.30889
-1.30895
-1.30900
-1.30905
-1.30910
-1.30915
-1.30921
-1.30926
-1.30931
-1.30936
-1.30941
-1.30947
-1.30952
-1.30957
-1.30962
-1.30967
-1.30972
-1.30978
-1.30983
-1.30988
-1.30993
-1.30998
-1.31004
-1.31009
-1.31014
-1.31019
-1.31024
-1.31030
-1.31035
-1.31040
-1.31045
-1.31050
-1.31056
-1.31061
-1.31066
-1.31071
-1.31076
-1.31082
-1.31087
-1.31092
-1.31097
-1.31102
-1.31107
-1.31113
-1.31118
-1.31123
-1.31128
-1.31133
-1.31139
-1.31144
-1.31149
-1.31154
-1.31159
-1.31165
-1.31170
-1.31175
-1.31180
-1.31185
-1.31191
-1.31196
-1.31201
-1.31206
-1.31211
-1.31217
-1.31222
-1.31227
-1.31232
-1.31237
-1.31242
-1.31248
-1.31253
-1.31258
-1.31263
-1.31268
-1.31274
-1.31279
-1.31284
-1.31289
-1.31294
-1.31300
-1.31305
-1.31310
-1.31315
-1.31320
-1.31326
-1.31331
-1.31336
-1.31341
-1.31346
-1.31352
-1.31357
-1.31362
-1.31367
-1.31372
-1.31378
-1.31383
-1.31388
-1.31393
-1.31398
-1.31403
-1.31409
-1.31414
-1.31419
-1.31424
-1.31429
-1.31435
-1.31440
-1.31445
-1.31450
-1.31455
-1.31461
-1.31466
-1.31471
-1.31476
-1.31481
-1.31487
-1.31492
-1.31497
-1.31502
-1.31507
-1.31513
-1.31518
-1.31523
-1.31528
-1.31533
-1.31538
-1.31544
-1.31549
-1.31554
-1.31559
-1.31564
-1.31570
-1.31575
-1.31580
-1.31585
-1.31590
-1.31596
-1.31601
-1.31606
-1.31611
-1.31616
-1.31622
-1.31627
-1.31632
-1.31637
-1.31642
-1.31648
-1.31653
-1.31658
-1.31663
-1.31668
-1.31673
-1.31679
-1.31684
-1.31689
-1.31694
-1.31699
-1.31705
-1.31710
-1.31715
-1.31720
-1.31725
-1.31731
-1.31736
-1.31741
-1.31746
-1.31751
-1.31757
-1.31762
-1.31767
-1.31772
-1.31777
-1.31783
-1.31788
-1.31793
-1.31798
-1.31803
-1.31809
-1.31814
-1.31819
-1.31824
-1.31829
-1.31834
-1.31840
-1.31845
-1.31850
-1.31855
-1.31860
-1.31866
-1.31871
-1.31876
-1.31881
-1.31886
-1.31892
-1.31897
-1.31902
-1.31907
-1.31912
-1.31918
-1.31923
-1.31928
-1.31933
-1.31938
-1.31944
-1.31949
-1.31954
-1.31959
-1.31964
-1.31969
-1.31975
-1.31980
-1.31985
-1.31990
-1.31995
-1.32001
-1.32006
-1.32011
-1.32016
-1.32021
-1.32027
-1.32032
-1.32037
-1.32042
-1.32047
-1.32053
-1.32058
-1.32063
-1.32068
-1.32073
-1.32079
-1.32084
-1.32089
-1.32094
-1.32099
-1.32104
-1.32110
-1.32115
-1.32120
-1.32125
-1.32130
-1.32136
-1.32141
-1.32146
-1.32151
-1.32156
-1.32162
-1.32167
-1.32172
-1.32177
-1.32182
-1.32188
-1.32193
-1.32198
-1.32203
-1.32208
-1.32214
-1.32219
-1.32224
-1.32229
-1.32234
-1.32239
-1.32245
-1.32250
-1.32255
-1.32260
-1.32265
-1.32271
-1.32276
-1.32281
-1.32286
-1.32291
-1.32297
-1.32302
-1.32307
-1.32312
-1.32317
-1.32323
-1.32328
-1.32333
-1.32338
-1.32343
-1.32349
-1.32354
-1.32359
-1.32364
-1.32369
-1.32375
-1.32380
-1.32385
-1.32390
-1.32395
-1.32400
-1.32406
-1.32411
-1.32416
-1.32421
-1.32426
-1.32432
-1.32437
-1.32442
-1.32447
-1.32452
-1.32458
-1.32463
-1.32468
-1.32473
-1.32478
-1.32484
-1.32489
-1.32494
-1.32499
-1.32504
-1.32510
-1.32515
-1.32520
-1.32525
-1.32530
-1.32535
-1.32541
-1.32546
-1.32551
-1.32556
-1.32561
-1.32567
-1.32572
-1.32577
-1.32582
-1.32587
-1.32593
-1.32598
-1.32603
-1.32608
-1.32613
-1.32619
-1.32624
-1.32629
-1.32634
-1.32639
-1.32645
-1.32650
-1.32655
-1.32660
-1.32665
-1.32670
-1.32676
-1.32681
-1.32686
-1.32691
-1.32696
-1.32702
-1.32707
-1.32712
-1.32717
-1.32722
-1.32728
-1.32733
-1.32738
-1.32743
-1.32748
-1.32754
-1.32759
-1.32764
-1.32769
-1.32774
-1.32780
-1.32785
-1.32790
-1.32795
-1.32800
-1.32805
-1.32811
-1.32816
-1.32821
-1.32826
-1.32831
-1.32837
-1.32842
-1.32847
-1.32852
-1.32857
-1.32863
-1.32868
-1.32873
-1.32878
-1.32883
-1.32889
-1.32894
-1.32899
-1.32904
-1.32909
-1.32915
-1.32920
-1.32925
-1.32930
-1.32935
-1.32940
-1.32946
-1.32951
-1.32956
-1.32961
-1.32966
-1.32972
-1.32977
-1.32982
-1.32987
-1.32992
-1.32998
-1.33003
-1.33008
-1.33013
-1.33018
-1.33024
-1.33029
-1.33034
-1.33039
-1.33044
-1.33050
-1.33055
-1.33060
-1.33065
-1.33070
-1.33076
-1.33081
-1.33086
-1.33091
-1.33096
-1.33101
-1.33107
-1.33112
-1.33117
-1.33122
-1.33127
-1.33133
-1.33138
-1.33143
-1.33148
-1.33153
-1.33159
-1.33164
-1.33169
-1.33174
-1.33179
-1.33185
-1.33190
-1.33195
-1.33200
-1.33205
-1.33211
-1.33216
-1.33221
-1.33226
-1.33231
-1.33236
-1.33242
-1.33247
-1.33252
-1.33257
-1.33262
-1.33268
-1.33273
-1.33278
-1.33283
-1.33288
-1.33294
-1.33299
-1.33304
-1.33309
-1.33314
-1.33320
-1.33325
-1.33330
-1.33335
-1.33340
-1.33346
-1.33351
-1.33356
-1.33361
-1.33366
-1.33371
-1.33377
-1.33382
-1.33387
-1.33392
-1.33397
-1.33403
-1.33408
-1.33413
-1.33418
-1.33423
-1.33429
-1.33434
-1.33439
-1.33444
-1.33449
-1.33455
-1.33460
-1.33465
-1.33470
-1.33475
-1.33481
-1.33486
-1.33491
-1.33496
-1.33501
-1.33506
-1.33512
-1.33517
-1.33522
-1.33527
-1.33532
-1.33538
-1.33543
-1.33548
-1.33553
-1.33558
-1.33564
-1.33569
-1.33574
-1.33579
-1.33584
-1.33590
-1.33595
-1.33600
-1.33605
-1.33610
-1.33616
-1.33621
-1.33626
-1.33631
-1.33636
-1.33642
-1.33647
-1.33652
-1.33657
-1.33662
-1.33667
-1.33673
-1.33678
-1.33683
-1.33688
-1.33693
-1.33699
-1.33704
-1.33709
-1.33714
-1.33719
-1.33725
-1.33730
-1.33735
-1.33740
-1.33745
-1.33751
-1.33756
-1.33761
-1.33766
-1.33771
-1.33777
-1.33782
-1.33787
-1.33792
-1.33797
-1.33802
-1.33808
-1.33813
-1.33818
-1.33823
-1.33828
-1.33834
-1.33839
-1.33844
-1.33849
-1.33854
-1.33860
-1.33865
-1.33870
-1.33875
-1.33880
-1.33886
-1.33891
-1.33896
-1.33901
-1.33906
-1.33912
-1.33917
-1.33922
-1.33927
-1.33932
-1.33937
-1.33943
-1.33948
-1.33953
-1.33958
-1.33963
-1.33969
-1.33974
-1.33979
-1.33984
-1.33989
-1.33995
-1.34000
-1.34005
-1.34010
-1.34015
-1.34021
-1.34026
-1.34031
-1.34036
-1.34041
-1.34047
-1.34052
-1.34057
-1.34062
-1.34067
-1.34072
-1.34078
-1.34083
-1.34088
-1.34093
-1.34098
-1.34104
-1.34109
-1.34114
-1.34119
-1.34124
-1.34130
-1.34135
-1.34140
-1.34145
-1.34150
-1.34156
-1.34161
-1.34166
-1.34171
-1.34176
-1.34182
-1.34187
-1.34192
-1.34197
-1.34202
-1.34207
-1.34213
-1.34218
-1.34223
-1.34228
-1.34233
-1.34239
-1.34244
-1.34249
-1.34254
-1.34259
-1.34265
-1.34270
-1.34275
-1.34280
-1.34285
-1.34291
-1.34296
-1.34301
-1.34306
-1.34311
-1.34317
-1.34322
-1.34327
-1.34332
-1.34337
-1.34342
-1.34348
-1.34353
-1.34358
-1.34363
-1.34368
-1.34374
-1.34379
-1.34384
-1.34389
-1.34394
-1.34400
-1.34405
-1.34410
-1.34415
-1.34420
-1.34426
-1.34431
-1.34436
-1.34441
-1.34446
-1.34452
-1.34457
-1.34462
-1.34467
-1.34472
-1.34478
-1.34483
-1.34488
-1.34493
-1.34498
-1.34503
-1.34509
-1.34514
-1.34519
-1.34524
-1.34529
-1.34535
-1.34540
-1.34545
-1.34550
-1.34555
-1.34561
-1.34566
-1.34571
-1.34576
-1.34581
-1.34587
-1.34592
-1.34597
-1.34602
-1.34607
-1.34613
-1.34618
-1.34623
-1.34628
-1.34633
-1.34638
-1.34644
-1.34649
-1.34654
-1.34659
-1.34664
-1.34670
-1.34675
-1.34680
-1.34685
-1.34690
-1.34696
-1.34701
-1.34706
-1.34711
-1.34716
-1.34722
-1.34727
-1.34732
-1.34737
-1.34742
-1.34748
-1.34753
-1.34758
-1.34763
-1.34768
-1.34773
-1.34779
-1.34784
-1.34789
-1.34794
-1.34799
-1.34805
-1.34810
-1.34815
-1.34820
-1.34825
-1.34831
-1.34836
-1.34841
-1.34846
-1.34851
-1.34857
-1.34862
-1.34867
-1.34872
-1.34877
-1.34883
-1.34888
-1.34893
-1.34898
-1.34903
-1.34908
-1.34914
-1.34919
-1.34924
-1.34929
-1.34934
-1.34940
-1.34945
-1.34950
-1.34955
-1.34960
-1.34966
-1.34971
-1.34976
-1.34981
-1.34986
-1.34992
-1.34997
-1.35002
-1.35007
-1.35012
-1.35018
-1.35023
-1.35028
-1.35033
-1.35038
-1.35043
-1.35049
-1.35054
-1.35059
-1.35064
-1.35069
-1.35075
-1.35080
-1.35085
-1.35090
-1.35095
-1.35101
-1.35106
-1.35111
-1.35116
-1.35121
-1.35127
-1.35132
-1.35137
-1.35142
-1.35147
-1.35153
-1.35158
-1.35163
-1.35168
-1.35173
-1.35178
-1.35184
-1.35189
-1.35194
-1.35199
-1.35204
-1.35210
-1.35215
-1.35220
-1.35225
-1.35230
-1.35236
-1.35241
-1.35246
-1.35251
-1.35256
-1.35262
-1.35267
-1.35272
-1.35277
-1.35282
-1.35288
-1.35293
-1.35298
-1.35303
-1.35308
-1.35313
-1.35319
-1.35324
-1.35329
-1.35334
-1.35339
-1.35345
-1.35350
-1.35355
-1.35360
-1.35365
-1.35371
-1.35376
-1.35381
-1.35386
-1.35391
-1.35397
-1.35402
-1.35407
-1.35412
-1.35417
-1.35423
-1.35428
-1.35433
-1.35438
-1.35443
-1.35449
-1.35454
-1.35459
-1.35464
-1.35469
-1.35474
-1.35480
-1.35485
-1.35490
-1.35495
-1.35500
-1.35506
-1.35511
-1.35516
-1.35521
-1.35526
-1.35532
-1.35537
-1.35542
-1.35547
-1.35552
-1.35558
-1.35563
-1.35568
-1.35573
-1.35578
-1.35584
-1.35589
-1.35594
-1.35599
-1.35604
-1.35609
-1.35615
-1.35620
-1.35625
-1.35630
-1.35635
-1.35641
-1.35646
-1.35651
-1.35656
-1.35661
-1.35667
-1.35672
-1.35677
-1.35682
-1.35687
-1.35693
-1.35698
-1.35703
-1.35708
-1.35713
-1.35719
-1.35724
-1.35729
-1.35734
-1.35739
-1.35744
-1.35750
-1.35755
-1.35760
-1.35765
-1.35770
-1.35776
-1.35781
-1.35786
-1.35791
-1.35796
-1.35802
-1.35807
-1.35812
-1.35817
-1.35822
-1.35828
-1.35833
-1.35838
-1.35843
-1.35848
-1.35854
-1.35859
-1.35864
-1.35869
-1.35874
-1.35879
-1.35885
-1.35890
-1.35895
-1.35900
-1.35905
-1.35911
-1.35916
-1.35921
-1.35926
-1.35931
-1.35937
-1.35942
-1.35947
-1.35952
-1.35957
-1.35963
-1.35968
-1.35973
-1.35978
-1.35983
-1.35989
-1.35994
-1.35999
-1.36004
-1.36009
-1.36014
-1.36020
-1.36025
-1.36030
-1.36035
-1.36040
-1.36046
-1.36051
-1.36056
-1.36061
-1.36066
-1.36072
-1.36077
-1.36082
-1.36087
-1.36092
-1.36098
-1.36103
-1.36108
-1.36113
-1.36118
-1.36124
-1.36129
-1.36134
-1.36139
-1.36144
-1.36149
-1.36155
-1.36160
-1.36165
-1.36170
-1.36175
-1.36181
-1.36186
-1.36191
-1.36196
-1.36201
-1.36207
-1.36212
-1.36217
-1.36222
-1.36227
-1.36233
-1.36238
-1.36243
-1.36248
-1.36253
-1.36259
-1.36264
-1.36269
-1.36274
-1.36279
-1.36284
-1.36290
-1.36295
-1.36300
-1.36305
-1.36310
-1.36316
-1.36321
-1.36326
-1.36331
-1.36336
-1.36342
-1.36347
-1.36352
-1.36357
-1.36362
-1.36368
-1.36373
-1.36378
-1.36383
-1.36388
-1.36394
-1.36399
-1.36404
-1.36409
-1.36414
-1.36419
-1.36425
-1.36430
-1.36435
-1.36440
-1.36445
-1.36451
-1.36456
-1.36461
-1.36466
-1.36471
-1.36477
-1.36482
-1.36487
-1.36492
-1.36497
-1.36503
-1.36508
-1.36513
-1.36518
-1.36523
-1.36529
-1.36534
-1.36539
-1.36544
-1.36549
-1.36554
-1.36560
-1.36565
-1.36570
-1.36575
-1.36580
-1.36586
-1.36591
-1.36596
-1.36601
-1.36606
-1.36612
-1.36617
-1.36622
-1.36627
-1.36632
-1.36638
-1.36643
-1.36648
-1.36653
-1.36658
-1.36664
-1.36669
-1.36674
-1.36679
-1.36684
-1.36690
-1.36695
-1.36700
-1.36705
-1.36710
-1.36715
-1.36721
-1.36726
-1.36731
-1.36736
-1.36741
-1.36747
-1.36752
-1.36757
-1.36762
-1.36767
-1.36773
-1.36778
-1.36783
-1.36788
-1.36793
-1.36799
-1.36804
-1.36809
-1.36814
-1.36819
-1.36825
-1.36830
-1.36835
-1.36840
-1.36845
-1.36850
-1.36856
-1.36861
-1.36866
-1.36871
-1.36876
-1.36882
-1.36887
-1.36892
-1.36897
-1.36902
-1.36908
-1.36913
-1.36918
-1.36923
-1.36928
-1.36934
-1.36939
-1.36944
-1.36949
-1.36954
-1.36960
-1.36965
-1.36970
-1.36975
-1.36980
-1.36985
-1.36991
-1.36996
-1.37001
-1.37006
-1.37011
-1.37017
-1.37022
-1.37027
-1.37032
-1.37037
-1.37043
-1.37048
-1.37053
-1.37058
-1.37063
-1.37069
-1.37074
-1.37079
-1.37084
-1.37089
-1.37095
-1.37100
-1.37105
-1.37110
-1.37115
-1.37120
-1.37126
-1.37131
-1.37136
-1.37141
-1.37146
-1.37152
-1.37157
-1.37162
-1.37167
-1.37172
-1.37178
-1.37183
-1.37188
-1.37193
-1.37198
-1.37204
-1.37209
-1.37214
-1.37219
-1.37224
-1.37230
-1.37235
-1.37240
-1.37245
-1.37250
-1.37255
-1.37261
-1.37266
-1.37271
-1.37276
-1.37281
-1.37287
-1.37292
-1.37297
-1.37302
-1.37307
-1.37313
-1.37318
-1.37323
-1.37328
-1.37333
-1.37339
-1.37344
-1.37349
-1.37354
-1.37359
-1.37365
-1.37370
-1.37375
-1.37380
-1.37385
-1.37390
-1.37396
-1.37401
-1.37406
-1.37411
-1.37416
-1.37422
-1.37427
-1.37432
-1.37437
-1.37442
-1.37448
-1.37453
-1.37458
-1.37463
-1.37468
-1.37474
-1.37479
-1.37484
-1.37489
-1.37494
-1.37500
-1.37505
-1.37510
-1.37515
-1.37520
-1.37525
-1.37531
-1.37536
-1.37541
-1.37546
-1.37551
-1.37557
-1.37562
-1.37567
-1.37572
-1.37577
-1.37583
-1.37588
-1.37593
-1.37598
-1.37603
-1.37609
-1.37614
-1.37619
-1.37624
-1.37629
-1.37635
-1.37640
-1.37645
-1.37650
-1.37655
-1.37660
-1.37666
-1.37671
-1.37676
-1.37681
-1.37686
-1.37692
-1.37697
-1.37702
-1.37707
-1.37712
-1.37718
-1.37723
-1.37728
-1.37733
-1.37738
-1.37744
-1.37749
-1.37754
-1.37759
-1.37764
-1.37770
-1.37775
-1.37780
-1.37785
-1.37790
-1.37795
-1.37801
-1.37806
-1.37811
-1.37816
-1.37821
-1.37827
-1.37832
-1.37837
-1.37842
-1.37847
-1.37853
-1.37858
-1.37863
-1.37868
-1.37873
-1.37879
-1.37884
-1.37889
-1.37894
-1.37899
-1.37905
-1.37910
-1.37915
-1.37920
-1.37925
-1.37930
-1.37936
-1.37941
-1.37946
-1.37951
-1.37956
-1.37962
-1.37967
-1.37972
-1.37977
-1.37982
-1.37988
-1.37993
-1.37998
-1.38003
-1.38008
-1.38014
-1.38019
-1.38024
-1.38029
-1.38034
-1.38040
-1.38045
-1.38050
-1.38055
-1.38060
-1.38065
-1.38071
-1.38076
-1.38081
-1.38086
-1.38091
-1.38097
-1.38102
-1.38107
-1.38112
-1.38117
-1.38123
-1.38128
-1.38133
-1.38138
-1.38143
-1.38149
-1.38154
-1.38159
-1.38164
-1.38169
-1.38175
-1.38180
-1.38185
-1.38190
-1.38195
-1.38200
-1.38206
-1.38211
-1.38216
-1.38221
-1.38226
-1.38232
-1.38237
-1.38242
-1.38247
-1.38252
-1.38258
-1.38263
-1.38268
-1.38273
-1.38278
-1.38284
-1.38289
-1.38294
-1.38299
-1.38304
-1.38310
-1.38315
-1.38320
-1.38325
-1.38330
-1.38335
-1.38341
-1.38346
-1.38351
-1.38356
-1.38361
-1.38367
-1.38372
-1.38377
-1.38382
-1.38387
-1.38393
-1.38398
-1.38403
-1.38408
-1.38413
-1.38419
-1.38424
-1.38429
-1.38434
-1.38439
-1.38445
-1.38450
-1.38455
-1.38460
-1.38465
-1.38470
-1.38476
-1.38481
-1.38486
-1.38491
-1.38496
-1.38502
-1.38507
-1.38512
-1.38517
-1.38522
-1.38528
-1.38533
-1.38538
-1.38543
-1.38548
-1.38554
-1.38559
-1.38564
-1.38569
-1.38574
-1.38580
-1.38585
-1.38590
-1.38595
-1.38600
-1.38605
-1.38611
-1.38616
-1.38621
-1.38626
-1.38631
-1.38637
-1.38642
-1.38647
-1.38652
-1.38657
-1.38663
-1.38668
-1.38673
-1.38678
-1.38683
-1.38689
-1.38694
-1.38699
-1.38704
-1.38709
-1.38715
-1.38720
-1.38725
-1.38730
-1.38735
-1.38740
-1.38746
-1.38751
-1.38756
-1.38761
-1.38766
-1.38772
-1.38777
-1.38782
-1.38787
-1.38792
-1.38798
-1.38803
-1.38808
-1.38813
-1.38818
-1.38824
-1.38829
-1.38834
-1.38839
-1.38844
-1.38850
-1.38855
-1.38860
-1.38865
-1.38870
-1.38875
-1.38881
-1.38886
-1.38891
-1.38896
-1.38901
-1.38907
-1.38912
-1.38917
-1.38922
-1.38927
-1.38933
-1.38938
-1.38943
-1.38948
-1.38953
-1.38959
-1.38964
-1.38969
-1.38974
-1.38979
-1.38985
-1.38990
-1.38995
-1.39000
-1.39005
-1.39010
-1.39016
-1.39021
-1.39026
-1.39031
-1.39036
-1.39042
-1.39047
-1.39052
-1.39057
-1.39062
-1.39068
-1.39073
-1.39078
-1.39083
-1.39088
-1.39094
-1.39099
-1.39104
-1.39109
-1.39114
-1.39120
-1.39125
-1.39130
-1.39135
-1.39140
-1.39145
-1.39151
-1.39156
-1.39161
-1.39166
-1.39171
-1.39177
-1.39182
-1.39187
-1.39192
-1.39197
-1.39203
-1.39208
-1.39213
-1.39218
-1.39223
-1.39229
-1.39234
-1.39239
-1.39244
-1.39249
-1.39255
-1.39260
-1.39265
-1.39270
-1.39275
-1.39280
-1.39286
-1.39291
-1.39296
-1.39301
-1.39306
-1.39312
-1.39317
-1.39322
-1.39327
-1.39332
-1.39338
-1.39343
-1.39348
-1.39353
-1.39358
-1.39364
-1.39369
-1.39374
-1.39379
-1.39384
-1.39390
-1.39395
-1.39400
-1.39405
-1.39410
-1.39415
-1.39421
-1.39426
-1.39431
-1.39436
-1.39441
-1.39447
-1.39452
-1.39457
-1.39462
-1.39467
-1.39473
-1.39478
-1.39483
-1.39488
-1.39493
-1.39499
-1.39504
-1.39509
-1.39514
-1.39519
-1.39525
-1.39530
-1.39535
-1.39540
-1.39545
-1.39550
-1.39556
-1.39561
-1.39566
-1.39571
-1.39576
-1.39582
-1.39587
-1.39592
-1.39597
-1.39602
-1.39608
-1.39613
-1.39618
-1.39623
-1.39628
-1.39634
-1.39639
-1.39644
-1.39649
-1.39654
-1.39660
-1.39665
-1.39670
-1.39675
-1.39680
-1.39685
-1.39691
-1.39696
-1.39701
-1.39706
-1.39711
-1.39717
-1.39722
-1.39727
-1.39732
-1.39737
-1.39743
-1.39748
-1.39753
-1.39758
-1.39763
-1.39769
-1.39774
-1.39779
-1.39784
-1.39789
-1.39795
-1.39800
-1.39805
-1.39810
-1.39815
-1.39820
-1.39826
-1.39831
-1.39836
-1.39841
-1.39846
-1.39852
-1.39857
-1.39862
-1.39867
-1.39872
-1.39878
-1.39883
-1.39888
-1.39893
-1.39898
-1.39904
-1.39909
-1.39914
-1.39919
-1.39924
-1.39930
-1.39935
-1.39940
-1.39945
-1.39950
-1.39955
-1.39961
-1.39966
-1.39971
-1.39976
-1.39981
-1.39987
-1.39992
-1.39997
-1.40002
-1.40007
-1.40013
-1.40018
-1.40023
-1.40028
-1.40033
-1.40039
-1.40044
-1.40049
-1.40054
-1.40059
-1.40065
-1.40070
-1.40075
-1.40080
-1.40085
-1.40090
-1.40096
-1.40101
-1.40106
-1.40111
-1.40116
-1.40122
-1.40127
-1.40132
-1.40137
-1.40142
-1.40148
-1.40153
-1.40158
-1.40163
-1.40168
-1.40174
-1.40179
-1.40184
-1.40189
-1.40194
-1.40200
-1.40205
-1.40210
-1.40215
-1.40220
-1.40225
-1.40231
-1.40236
-1.40241
-1.40246
-1.40251
-1.40257
-1.40262
-1.40267
-1.40272
-1.40277
-1.40283
-1.40288
-1.40293
-1.40298
-1.40303
-1.40309
-1.40314
-1.40319
-1.40324
-1.40329
-1.40335
-1.40340
-1.40345
-1.40350
-1.40355
-1.40360
-1.40366
-1.40371
-1.40376
-1.40381
-1.40386
-1.40392
-1.40397
-1.40402
-1.40407
-1.40412
-1.40418
-1.40423
-1.40428
-1.40433
-1.40438
-1.40444
-1.40449
-1.40454
-1.40459
-1.40464
-1.40470
-1.40475
-1.40480
-1.40485
-1.40490
-1.40495
-1.40501
-1.40506
-1.40511
-1.40516
-1.40521
-1.40527
-1.40532
-1.40537
-1.40542
-1.40547
-1.40553
-1.40558
-1.40563
-1.40568
-1.40573
-1.40579
-1.40584
-1.40589
-1.40594
-1.40599
-1.40605
-1.40610
-1.40615
-1.40620
-1.40625
-1.40630
-1.40636
-1.40641
-1.40646
-1.40651
-1.40656
-1.40662
-1.40667
-1.40672
-1.40677
-1.40682
-1.40688
-1.40693
-1.40698
-1.40703
-1.40708
-1.40714
-1.40719
-1.40724
-1.40729
-1.40734
-1.40740
-1.40745
-1.40750
-1.40755
-1.40760
-1.40765
-1.40771
-1.40776
-1.40781
-1.40786
-1.40791
-1.40797
-1.40802
-1.40807
-1.40812
-1.40817
-1.40823
-1.40828
-1.40833
-1.40838
-1.40843
-1.40849
-1.40854
-1.40859
-1.40864
-1.40869
-1.40875
-1.40880
-1.40885
-1.40890
-1.40895
-1.40900
-1.40906
-1.40911
-1.40916
-1.40921
-1.40926
-1.40932
-1.40937
-1.40942
-1.40947
-1.40952
-1.40958
-1.40963
-1.40968
-1.40973
-1.40978
-1.40984
-1.40989
-1.40994
-1.40999
-1.41004
-1.41010
-1.41015
-1.41020
-1.41025
-1.41030
-1.41035
-1.41041
-1.41046
-1.41051
-1.41056
-1.41061
-1.41067
-1.41072
-1.41077
-1.41082
-1.41087
-1.41093
-1.41098
-1.41103
-1.41108
-1.41113
-1.41119
-1.41124
-1.41129
-1.41134
-1.41139
-1.41144
-1.41150
-1.41155
-1.41160
-1.41165
-1.41170
-1.41176
-1.41181
-1.41186
-1.41191
-1.41196
-1.41202
-1.41207
-1.41212
-1.41217
-1.41222
-1.41228
-1.41233
-1.41238
-1.41243
-1.41248
-1.41254
-1.41259
-1.41264
-1.41269
-1.41274
-1.41279
-1.41285
-1.41290
-1.41295
-1.41300
-1.41305
-1.41311
-1.41316
-1.41321
-1.41326
-1.41331
-1.41337
-1.41342
-1.41347
-1.41352
-1.41357
-1.41363
-1.41368
-1.41373
-1.41378
-1.41383
-1.41389
-1.41394
-1.41399
-1.41404
-1.41409
-1.41414
-1.41420
-1.41425
-1.41430
-1.41435
-1.41440
-1.41446
-1.41451
-1.41456
-1.41461
-1.41466
-1.41472
-1.41477
-1.41482
-1.41487
-1.41492
-1.41498
-1.41503
-1.41508
-1.41513
-1.41518
-1.41524
-1.41529
-1.41534
-1.41539
-1.41544
-1.41549
-1.41555
-1.41560
-1.41565
-1.41570
-1.41575
-1.41581
-1.41586
-1.41591
-1.41596
-1.41601
-1.41607
-1.41612
-1.41617
-1.41622
-1.41627
-1.41633
-1.41638
-1.41643
-1.41648
-1.41653
-1.41659
-1.41664
-1.41669
-1.41674
-1.41679
-1.41684
-1.41690
-1.41695
-1.41700
-1.41705
-1.41710
-1.41716
-1.41721
-1.41726
-1.41731
-1.41736
-1.41742
-1.41747
-1.41752
-1.41757
-1.41762
-1.41768
-1.41773
-1.41778
-1.41783
-1.41788
-1.41794
-1.41799
-1.41804
-1.41809
-1.41814
-1.41819
-1.41825
-1.41830
-1.41835
-1.41840
-1.41845
-1.41851
-1.41856
-1.41861
-1.41866
-1.41871
-1.41877
-1.41882
-1.41887
-1.41892
-1.41897
-1.41903
-1.41908
-1.41913
-1.41918
-1.41923
-1.41929
-1.41934
-1.41939
-1.41944
-1.41949
-1.41954
-1.41960
-1.41965
-1.41970
-1.41975
-1.41980
-1.41986
-1.41991
-1.41996
-1.42001
-1.42006
-1.42012
-1.42017
-1.42022
-1.42027
-1.42032
-1.42038
-1.42043
-1.42048
-1.42053
-1.42058
-1.42064
-1.42069
-1.42074
-1.42079
-1.42084
-1.42089
-1.42095
-1.42100
-1.42105
-1.42110
-1.42115
-1.42121
-1.42126
-1.42131
-1.42136
-1.42141
-1.42147
-1.42152
-1.42157
-1.42162
-1.42167
-1.42173
-1.42178
-1.42183
-1.42188
-1.42193
-1.42199
-1.42204
-1.42209
-1.42214
-1.42219
-1.42224
-1.42230
-1.42235
-1.42240
-1.42245
-1.42250
-1.42256
-1.42261
-1.42266
-1.42271
-1.42276
-1.42282
-1.42287
-1.42292
-1.42297
-1.42302
-1.42308
-1.42313
-1.42318
-1.42323
-1.42328
-1.42334
-1.42339
-1.42344
-1.42349
-1.42354
-1.42359
-1.42365
-1.42370
-1.42375
-1.42380
-1.42385
-1.42391
-1.42396
-1.42401
-1.42406
-1.42411
-1.42417
-1.42422
-1.42427
-1.42432
-1.42437
-1.42443
-1.42448
-1.42453
-1.42458
-1.42463
-1.42468
-1.42474
-1.42479
-1.42484
-1.42489
-1.42494
-1.42500
-1.42505
-1.42510
-1.42515
-1.42520
-1.42526
-1.42531
-1.42536
-1.42541
-1.42546
-1.42552
-1.42557
-1.42562
-1.42567
-1.42572
-1.42578
-1.42583
-1.42588
-1.42593
-1.42598
-1.42603
-1.42609
-1.42614
-1.42619
-1.42624
-1.42629
-1.42635
-1.42640
-1.42645
-1.42650
-1.42655
-1.42661
-1.42666
-1.42671
-1.42676
-1.42681
-1.42687
-1.42692
-1.42697
-1.42702
-1.42707
-1.42713
-1.42718
-1.42723
-1.42728
-1.42733
-1.42738
-1.42744
-1.42749
-1.42754
-1.42759
-1.42764
-1.42770
-1.42775
-1.42780
-1.42785
-1.42790
-1.42796
-1.42801
-1.42806
-1.42811
-1.42816
-1.42822
-1.42827
-1.42832
-1.42837
-1.42842
-1.42848
-1.42853
-1.42858
-1.42863
-1.42868
-1.42873
-1.42879
-1.42884
-1.42889
-1.42894
-1.42899
-1.42905
-1.42910
-1.42915
-1.42920
-1.42925
-1.42931
-1.42936
-1.42941
-1.42946
-1.42951
-1.42957
-1.42962
-1.42967
-1.42972
-1.42977
-1.42983
-1.42988
-1.42993
-1.42998
-1.43003
-1.43008
-1.43014
-1.43019
-1.43024
-1.43029
-1.43034
-1.43040
-1.43045
-1.43050
-1.43055
-1.43060
-1.43066
-1.43071
-1.43076
-1.43081
-1.43086
-1.43092
-1.43097
-1.43102
-1.43107
-1.43112
-1.43118
-1.43123
-1.43128
-1.43133
-1.43138
-1.43143
-1.43149
-1.43154
-1.43159
-1.43164
-1.43169
-1.43175
-1.43180
-1.43185
-1.43190
-1.43195
-1.43201
-1.43206
-1.43211
-1.43216
-1.43221
-1.43227
-1.43232
-1.43237
-1.43242
-1.43247
-1.43253
-1.43258
-1.43263
-1.43268
-1.43273
-1.43278
-1.43284
-1.43289
-1.43294
-1.43299
-1.43304
-1.43310
-1.43315
-1.43320
-1.43325
-1.43330
-1.43336
-1.43341
-1.43346
-1.43351
-1.43356
-1.43362
-1.43367
-1.43372
-1.43377
-1.43382
-1.43388
-1.43393
-1.43398
-1.43403
-1.43408
-1.43413
-1.43419
-1.43424
-1.43429
-1.43434
-1.43439
-1.43445
-1.43450
-1.43455
-1.43460
-1.43465
-1.43471
-1.43476
-1.43481
-1.43486
-1.43491
-1.43497
-1.43502
-1.43507
-1.43512
-1.43517
-1.43522
-1.43528
-1.43533
-1.43538
-1.43543
-1.43548
-1.43554
-1.43559
-1.43564
-1.43569
-1.43574
-1.43580
-1.43585
-1.43590
-1.43595
-1.43600
-1.43606
-1.43611
-1.43616
-1.43621
-1.43626
-1.43632
-1.43637
-1.43642
-1.43647
-1.43652
-1.43657
-1.43663
-1.43668
-1.43673
-1.43678
-1.43683
-1.43689
-1.43694
-1.43699
-1.43704
-1.43709
-1.43715
-1.43720
-1.43725
-1.43730
-1.43735
-1.43741
-1.43746
-1.43751
-1.43756
-1.43761
-1.43767
-1.43772
-1.43777
-1.43782
-1.43787
-1.43792
-1.43798
-1.43803
-1.43808
-1.43813
-1.43818
-1.43824
-1.43829
-1.43834
-1.43839
-1.43844
-1.43850
-1.43855
-1.43860
-1.43865
-1.43870
-1.43876
-1.43881
-1.43886
-1.43891
-1.43896
-1.43902
-1.43907
-1.43912
-1.43917
-1.43922
-1.43927
-1.43933
-1.43938
-1.43943
-1.43948
-1.43953
-1.43959
-1.43964
-1.43969
-1.43974
-1.43979
-1.43985
-1.43990
-1.43995
-1.44000
-1.44005
-1.44011
-1.44016
-1.44021
-1.44026
-1.44031
-1.44037
-1.44042
-1.44047
-1.44052
-1.44057
-1.44062
-1.44068
-1.44073
-1.44078
-1.44083
-1.44088
-1.44094
-1.44099
-1.44104
-1.44109
-1.44114
-1.44120
-1.44125
-1.44130
-1.44135
-1.44140
-1.44146
-1.44151
-1.44156
-1.44161
-1.44166
-1.44172
-1.44177
-1.44182
-1.44187
-1.44192
-1.44197
-1.44203
-1.44208
-1.44213
-1.44218
-1.44223
-1.44229
-1.44234
-1.44239
-1.44244
-1.44249
-1.44255
-1.44260
-1.44265
-1.44270
-1.44275
-1.44281
-1.44286
-1.44291
-1.44296
-1.44301
-1.44306
-1.44312
-1.44317
-1.44322
-1.44327
-1.44332
-1.44338
-1.44343
-1.44348
-1.44353
-1.44358
-1.44364
-1.44369
-1.44374
-1.44379
-1.44384
-1.44390
-1.44395
-1.44400
-1.44405
-1.44410
-1.44416
-1.44421
-1.44426
-1.44431
-1.44436
-1.44441
-1.44447
-1.44452
-1.44457
-1.44462
-1.44467
-1.44473
-1.44478
-1.44483
-1.44488
-1.44493
-1.44499
-1.44504
-1.44509
-1.44514
-1.44519
-1.44525
-1.44530
-1.44535
-1.44540
-1.44545
-1.44551
-1.44556
-1.44561
-1.44566
-1.44571
-1.44576
-1.44582
-1.44587
-1.44592
-1.44597
-1.44602
-1.44608
-1.44613
-1.44618
-1.44623
-1.44628
-1.44634
-1.44639
-1.44644
-1.44649
-1.44654
-1.44660
-1.44665
-1.44670
-1.44675
-1.44680
-1.44686
-1.44691
-1.44696
-1.44701
-1.44706
-1.44711
-1.44717
-1.44722
-1.44727
-1.44732
-1.44737
-1.44743
-1.44748
-1.44753
-1.44758
-1.44763
-1.44769
-1.44774
-1.44779
-1.44784
-1.44789
-1.44795
-1.44800
-1.44805
-1.44810
-1.44815
-1.44821
-1.44826
-1.44831
-1.44836
-1.44841
-1.44846
-1.44852
-1.44857
-1.44862
-1.44867
-1.44872
-1.44878
-1.44883
-1.44888
-1.44893
-1.44898
-1.44904
-1.44909
-1.44914
-1.44919
-1.44924
-1.44930
-1.44935
-1.44940
-1.44945
-1.44950
-1.44955
-1.44961
-1.44966
-1.44971
-1.44976
-1.44981
-1.44987
-1.44992
-1.44997
-1.45002
-1.45007
-1.45013
-1.45018
-1.45023
-1.45028
-1.45033
-1.45039
-1.45044
-1.45049
-1.45054
-1.45059
-1.45065
-1.45070
-1.45075
-1.45080
-1.45085
-1.45090
-1.45096
-1.45101
-1.45106
-1.45111
-1.45116
-1.45122
-1.45127
-1.45132
-1.45137
-1.45142
-1.45148
-1.45153
-1.45158
-1.45163
-1.45168
-1.45174
-1.45179
-1.45184
-1.45189
-1.45194
-1.45200
-1.45205
-1.45210
-1.45215
-1.45220
-1.45225
-1.45231
-1.45236
-1.45241
-1.45246
-1.45251
-1.45257
-1.45262
-1.45267
-1.45272
-1.45277
-1.45283
-1.45288
-1.45293
-1.45298
-1.45303
-1.45309
-1.45314
-1.45319
-1.45324
-1.45329
-1.45335
-1.45340
-1.45345
-1.45350
-1.45355
-1.45360
-1.45366
-1.45371
-1.45376
-1.45381
-1.45386
-1.45392
-1.45397
-1.45402
-1.45407
-1.45412
-1.45418
-1.45423
-1.45428
-1.45433
-1.45438
-1.45444
-1.45449
-1.45454
-1.45459
-1.45464
-1.45470
-1.45475
-1.45480
-1.45485
-1.45490
-1.45495
-1.45501
-1.45506
-1.45511
-1.45516
-1.45521
-1.45527
-1.45532
-1.45537
-1.45542
-1.45547
-1.45553
-1.45558
-1.45563
-1.45568
-1.45573
-1.45579
-1.45584
-1.45589
-1.45594
-1.45599
-1.45604
-1.45610
-1.45615
-1.45620
-1.45625
-1.45630
-1.45636
-1.45641
-1.45646
-1.45651
-1.45656
-1.45662
-1.45667
-1.45672
-1.45677
-1.45682
-1.45688
-1.45693
-1.45698
-1.45703
-1.45708
-1.45714
-1.45719
-1.45724
-1.45729
-1.45734
-1.45739
-1.45745
-1.45750
-1.45755
-1.45760
-1.45765
-1.45771
-1.45776
-1.45781
-1.45786
-1.45791
-1.45797
-1.45802
-1.45807
-1.45812
-1.45817
-1.45823
-1.45828
-1.45833
-1.45838
-1.45843
-1.45849
-1.45854
-1.45859
-1.45864
-1.45869
-1.45874
-1.45880
-1.45885
-1.45890
-1.45895
-1.45900
-1.45906
-1.45911
-1.45916
-1.45921
-1.45926
-1.45932
-1.45937
-1.45942
-1.45947
-1.45952
-1.45958
-1.45963
-1.45968
-1.45973
-1.45978
-1.45984
-1.45989
-1.45994
-1.45999
-1.46004
-1.46009
-1.46015
-1.46020
-1.46025
-1.46030
-1.46035
-1.46041
-1.46046
-1.46051
-1.46056
-1.46061
-1.46067
-1.46072
-1.46077
-1.46082
-1.46087
-1.46093
-1.46098
-1.46103
-1.46108
-1.46113
-1.46118
-1.46124
-1.46129
-1.46134
-1.46139
-1.46144
-1.46150
-1.46155
-1.46160
-1.46165
-1.46170
-1.46176
-1.46181
-1.46186
-1.46191
-1.46196
-1.46202
-1.46207
-1.46212
-1.46217
-1.46222
-1.46228
-1.46233
-1.46238
-1.46243
-1.46248
-1.46253
-1.46259
-1.46264
-1.46269
-1.46274
-1.46279
-1.46285
-1.46290
-1.46295
-1.46300
-1.46305
-1.46311
-1.46316
-1.46321
-1.46326
-1.46331
-1.46337
-1.46342
-1.46347
-1.46352
-1.46357
-1.46363
-1.46368
-1.46373
-1.46378
-1.46383
-1.46388
-1.46394
-1.46399
-1.46404
-1.46409
-1.46414
-1.46420
-1.46425
-1.46430
-1.46435
-1.46440
-1.46446
-1.46451
-1.46456
-1.46461
-1.46466
-1.46472
-1.46477
-1.46482
-1.46487
-1.46492
-1.46498
-1.46503
-1.46508
-1.46513
-1.46518
-1.46523
-1.46529
-1.46534
-1.46539
-1.46544
-1.46549
-1.46555
-1.46560
-1.46565
-1.46570
-1.46575
-1.46581
-1.46586
-1.46591
-1.46596
-1.46601
-1.46607
-1.46612
-1.46617
-1.46622
-1.46627
-1.46632
-1.46638
-1.46643
-1.46648
-1.46653
-1.46658
-1.46664
-1.46669
-1.46674
-1.46679
-1.46684
-1.46690
-1.46695
-1.46700
-1.46705
-1.46710
-1.46716
-1.46721
-1.46726
-1.46731
-1.46736
-1.46742
-1.46747
-1.46752
-1.46757
-1.46762
-1.46767
-1.46773
-1.46778
-1.46783
-1.46788
-1.46793
-1.46799
-1.46804
-1.46809
-1.46814
-1.46819
-1.46825
-1.46830
-1.46835
-1.46840
-1.46845
-1.46851
-1.46856
-1.46861
-1.46866
-1.46871
-1.46877
-1.46882
-1.46887
-1.46892
-1.46897
-1.46902
-1.46908
-1.46913
-1.46918
-1.46923
-1.46928
-1.46934
-1.46939
-1.46944
-1.46949
-1.46954
-1.46960
-1.46965
-1.46970
-1.46975
-1.46980
-1.46986
-1.46991
-1.46996
-1.47001
-1.47006
-1.47012
-1.47017
-1.47022
-1.47027
-1.47032
-1.47037
-1.47043
-1.47048
-1.47053
-1.47058
-1.47063
-1.47069
-1.47074
-1.47079
-1.47084
-1.47089
-1.47095
-1.47100
-1.47105
-1.47110
-1.47115
-1.47121
-1.47126
-1.47131
-1.47136
-1.47141
-1.47146
-1.47152
-1.47157
-1.47162
-1.47167
-1.47172
-1.47178
-1.47183
-1.47188
-1.47193
-1.47198
-1.47204
-1.47209
-1.47214
-1.47219
-1.47224
-1.47230
-1.47235
-1.47240
-1.47245
-1.47250
-1.47256
-1.47261
-1.47266
-1.47271
-1.47276
-1.47281
-1.47287
-1.47292
-1.47297
-1.47302
-1.47307
-1.47313
-1.47318
-1.47323
-1.47328
-1.47333
-1.47339
-1.47344
-1.47349
-1.47354
-1.47359
-1.47365
-1.47370
-1.47375
-1.47380
-1.47385
-1.47391
-1.47396
-1.47401
-1.47406
-1.47411
-1.47416
-1.47422
-1.47427
-1.47432
-1.47437
-1.47442
-1.47448
-1.47453
-1.47458
-1.47463
-1.47468
-1.47474
-1.47479
-1.47484
-1.47489
-1.47494
-1.47500
-1.47505
-1.47510
-1.47515
-1.47520
-1.47525
-1.47531
-1.47536
-1.47541
-1.47546
-1.47551
-1.47557
-1.47562
-1.47567
-1.47572
-1.47577
-1.47583
-1.47588
-1.47593
-1.47598
-1.47603
-1.47609
-1.47614
-1.47619
-1.47624
-1.47629
-1.47635
-1.47640
-1.47645
-1.47650
-1.47655
-1.47660
-1.47666
-1.47671
-1.47676
-1.47681
-1.47686
-1.47692
-1.47697
-1.47702
-1.47707
-1.47712
-1.47718
-1.47723
-1.47728
-1.47733
-1.47738
-1.47744
-1.47749
-1.47754
-1.47759
-1.47764
-1.47770
-1.47775
-1.47780
-1.47785
-1.47790
-1.47795
-1.47801
-1.47806
-1.47811
-1.47816
-1.47821
-1.47827
-1.47832
-1.47837
-1.47842
-1.47847
-1.47853
-1.47858
-1.47863
-1.47868
-1.47873
-1.47879
-1.47884
-1.47889
-1.47894
-1.47899
-1.47905
-1.47910
-1.47915
-1.47920
-1.47925
-1.47930
-1.47936
-1.47941
-1.47946
-1.47951
-1.47956
-1.47962
-1.47967
-1.47972
-1.47977
-1.47982
-1.47988
-1.47993
-1.47998
-1.48003
-1.48008
-1.48014
-1.48019
-1.48024
-1.48029
-1.48034
-1.48039
-1.48045
-1.48050
-1.48055
-1.48060
-1.48065
-1.48071
-1.48076
-1.48081
-1.48086
-1.48091
-1.48097
-1.48102
-1.48107
-1.48112
-1.48117
-1.48123
-1.48128
-1.48133
-1.48138
-1.48143
-1.48149
-1.48154
-1.48159
-1.48164
-1.48169
-1.48174
-1.48180
-1.48185
-1.48190
-1.48195
-1.48200
-1.48206
-1.48211
-1.48216
-1.48221
-1.48226
-1.48232
-1.48237
-1.48242
-1.48247
-1.48252
-1.48258
-1.48263
-1.48268
-1.48273
-1.48278
-1.48284
-1.48289
-1.48294
-1.48299
-1.48304
-1.48309
-1.48315
-1.48320
-1.48325
-1.48330
-1.48335
-1.48341
-1.48346
-1.48351
-1.48356
-1.48361
-1.48367
-1.48372
-1.48377
-1.48382
-1.48387
-1.48393
-1.48398
-1.48403
-1.48408
-1.48413
-1.48418
-1.48424
-1.48429
-1.48434
-1.48439
-1.48444
-1.48450
-1.48455
-1.48460
-1.48465
-1.48470
-1.48476
-1.48481
-1.48486
-1.48491
-1.48496
-1.48502
-1.48507
-1.48512
-1.48517
-1.48522
-1.48528
-1.48533
-1.48538
-1.48543
-1.48548
-1.48553
-1.48559
-1.48564
-1.48569
-1.48574
-1.48579
-1.48585
-1.48590
-1.48595
-1.48600
-1.48605
-1.48611
-1.48616
-1.48621
-1.48626
-1.48631
-1.48637
-1.48642
-1.48647
-1.48652
-1.48657
-1.48663
-1.48668
-1.48673
-1.48678
-1.48683
-1.48688
-1.48694
-1.48699
-1.48704
-1.48709
-1.48714
-1.48720
-1.48725
-1.48730
-1.48735
-1.48740
-1.48746
-1.48751
-1.48756
-1.48761
-1.48766
-1.48772
-1.48777
-1.48782
-1.48787
-1.48792
-1.48797
-1.48803
-1.48808
-1.48813
-1.48818
-1.48823
-1.48829
-1.48834
-1.48839
-1.48844
-1.48849
-1.48855
-1.48860
-1.48865
-1.48870
-1.48875
-1.48881
-1.48886
-1.48891
-1.48896
-1.48901
-1.48907
-1.48912
-1.48917
-1.48922
-1.48927
-1.48932
-1.48938
-1.48943
-1.48948
-1.48953
-1.48958
-1.48964
-1.48969
-1.48974
-1.48979
-1.48984
-1.48990
-1.48995
-1.49000
-1.49005
-1.49010
-1.49016
-1.49021
-1.49026
-1.49031
-1.49036
-1.49042
-1.49047
-1.49052
-1.49057
-1.49062
-1.49067
-1.49073
-1.49078
-1.49083
-1.49088
-1.49093
-1.49099
-1.49104
-1.49109
-1.49114
-1.49119
-1.49125
-1.49130
-1.49135
-1.49140
-1.49145
-1.49151
-1.49156
-1.49161
-1.49166
-1.49171
-1.49176
-1.49182
-1.49187
-1.49192
-1.49197
-1.49202
-1.49208
-1.49213
-1.49218
-1.49223
-1.49228
-1.49234
-1.49239
-1.49244
-1.49249
-1.49254
-1.49260
-1.49265
-1.49270
-1.49275
-1.49280
-1.49286
-1.49291
-1.49296
-1.49301
-1.49306
-1.49311
-1.49317
-1.49322
-1.49327
-1.49332
-1.49337
-1.49343
-1.49348
-1.49353
-1.49358
-1.49363
-1.49369
-1.49374
-1.49379
-1.49384
-1.49389
-1.49395
-1.49400
-1.49405
-1.49410
-1.49415
-1.49421
-1.49426
-1.49431
-1.49436
-1.49441
-1.49446
-1.49452
-1.49457
-1.49462
-1.49467
-1.49472
-1.49478
-1.49483
-1.49488
-1.49493
-1.49498
-1.49504
-1.49509
-1.49514
-1.49519
-1.49524
-1.49530
-1.49535
-1.49540
-1.49545
-1.49550
-1.49555
-1.49561
-1.49566
-1.49571
-1.49576
-1.49581
-1.49587
-1.49592
-1.49597
-1.49602
-1.49607
-1.49613
-1.49618
-1.49623
-1.49628
-1.49633
-1.49639
-1.49644
-1.49649
-1.49654
-1.49659
-1.49665
-1.49670
-1.49675
-1.49680
-1.49685
-1.49690
-1.49696
-1.49701
-1.49706
-1.49711
-1.49716
-1.49722
-1.49727
-1.49732
-1.49737
-1.49742
-1.49748
-1.49753
-1.49758
-1.49763
-1.49768
-1.49774
-1.49779
-1.49784
-1.49789
-1.49794
-1.49800
-1.49805
-1.49810
-1.49815
-1.49820
-1.49825
-1.49831
-1.49836
-1.49841
-1.49846
-1.49851
-1.49857
-1.49862
-1.49867
-1.49872
-1.49877
-1.49883
-1.49888
-1.49893
-1.49898
-1.49903
-1.49909
-1.49914
-1.49919
-1.49924
-1.49929
-1.49934
-1.49940
-1.49945
-1.49950
-1.49955
-1.49960
-1.49966
-1.49971
-1.49976
-1.49981
-1.49986
-1.49992
-1.49997
-1.50002
-1.50007
-1.50012
-1.50018
-1.50023
-1.50028
-1.50033
-1.50038
-1.50044
-1.50049
-1.50054
-1.50059
-1.50064
-1.50069
-1.50075
-1.50080
-1.50085
-1.50090
-1.50095
-1.50101
-1.50106
-1.50111
-1.50116
-1.50121
-1.50127
-1.50132
-1.50137
-1.50142
-1.50147
-1.50153
-1.50158
-1.50163
-1.50168
-1.50173
-1.50179
-1.50184
-1.50189
-1.50194
-1.50199
-1.50204
-1.50210
-1.50215
-1.50220
-1.50225
-1.50230
-1.50236
-1.50241
-1.50246
-1.50251
-1.50256
-1.50262
-1.50267
-1.50272
-1.50277
-1.50282
-1.50288
-1.50293
-1.50298
-1.50303
-1.50308
-1.50313
-1.50319
-1.50324
-1.50329
-1.50334
-1.50339
-1.50345
-1.50350
-1.50355
-1.50360
-1.50365
-1.50371
-1.50376
-1.50381
-1.50386
-1.50391
-1.50397
-1.50402
-1.50407
-1.50412
-1.50417
-1.50423
-1.50428
-1.50433
-1.50438
-1.50443
-1.50448
-1.50454
-1.50459
-1.50464
-1.50469
-1.50474
-1.50480
-1.50485
-1.50490
-1.50495
-1.50500
-1.50506
-1.50511
-1.50516
-1.50521
-1.50526
-1.50532
-1.50537
-1.50542
-1.50547
-1.50552
-1.50557
-1.50563
-1.50568
-1.50573
-1.50578
-1.50583
-1.50589
-1.50594
-1.50599
-1.50604
-1.50609
-1.50615
-1.50620
-1.50625
-1.50630
-1.50635
-1.50641
-1.50646
-1.50651
-1.50656
-1.50661
-1.50667
-1.50672
-1.50677
-1.50682
-1.50687
-1.50692
-1.50698
-1.50703
-1.50708
-1.50713
-1.50718
-1.50724
-1.50729
-1.50734
-1.50739
-1.50744
-1.50750
-1.50755
-1.50760
-1.50765
-1.50770
-1.50776
-1.50781
-1.50786
-1.50791
-1.50796
-1.50802
-1.50807
-1.50812
-1.50817
-1.50822
-1.50827
-1.50833
-1.50838
-1.50843
-1.50848
-1.50853
-1.50859
-1.50864
-1.50869
-1.50874
-1.50879
-1.50885
-1.50890
-1.50895
-1.50900
-1.50905
-1.50911
-1.50916
-1.50921
-1.50926
-1.50931
-1.50936
-1.50942
-1.50947
-1.50952
-1.50957
-1.50962
-1.50968
-1.50973
-1.50978
-1.50983
-1.50988
-1.50994
-1.50999
-1.51004
-1.51009
-1.51014
-1.51020
-1.51025
-1.51030
-1.51035
-1.51040
-1.51046
-1.51051
-1.51056
-1.51061
-1.51066
-1.51071
-1.51077
-1.51082
-1.51087
-1.51092
-1.51097
-1.51103
-1.51108
-1.51113
-1.51118
-1.51123
-1.51129
-1.51134
-1.51139
-1.51144
-1.51149
-1.51155
-1.51160
-1.51165
-1.51170
-1.51175
-1.51181
-1.51186
-1.51191
-1.51196
-1.51201
-1.51206
-1.51212
-1.51217
-1.51222
-1.51227
-1.51232
-1.51238
-1.51243
-1.51248
-1.51253
-1.51258
-1.51264
-1.51269
-1.51274
-1.51279
-1.51284
-1.51290
-1.51295
-1.51300
-1.51305
-1.51310
-1.51315
-1.51321
-1.51326
-1.51331
-1.51336
-1.51341
-1.51347
-1.51352
-1.51357
-1.51362
-1.51367
-1.51373
-1.51378
-1.51383
-1.51388
-1.51393
-1.51399
-1.51404
-1.51409
-1.51414
-1.51419
-1.51425
-1.51430
-1.51435
-1.51440
-1.51445
-1.51450
-1.51456
-1.51461
-1.51466
-1.51471
-1.51476
-1.51482
-1.51487
-1.51492
-1.51497
-1.51502
-1.51508
-1.51513
-1.51518
-1.51523
-1.51528
-1.51534
-1.51539
-1.51544
-1.51549
-1.51554
-1.51559
-1.51565
-1.51570
-1.51575
-1.51580
-1.51585
-1.51591
-1.51596
-1.51601
-1.51606
-1.51611
-1.51617
-1.51622
-1.51627
-1.51632
-1.51637
-1.51643
-1.51648
-1.51653
-1.51658
-1.51663
-1.51669
-1.51674
-1.51679
-1.51684
-1.51689
-1.51694
-1.51700
-1.51705
-1.51710
-1.51715
-1.51720
-1.51726
-1.51731
-1.51736
-1.51741
-1.51746
-1.51752
-1.51757
-1.51762
-1.51767
-1.51772
-1.51778
-1.51783
-1.51788
-1.51793
-1.51798
-1.51803
-1.51809
-1.51814
-1.51819
-1.51824
-1.51829
-1.51835
-1.51840
-1.51845
-1.51850
-1.51855
-1.51861
-1.51866
-1.51871
-1.51876
-1.51881
-1.51887
-1.51892
-1.51897
-1.51902
-1.51907
-1.51913
-1.51918
-1.51923
-1.51928
-1.51933
-1.51938
-1.51944
-1.51949
-1.51954
-1.51959
-1.51964
-1.51970
-1.51975
-1.51980
-1.51985
-1.51990
-1.51996
-1.52001
-1.52006
-1.52011
-1.52016
-1.52022
-1.52027
-1.52032
-1.52037
-1.52042
-1.52048
-1.52053
-1.52058
-1.52063
-1.52068
-1.52073
-1.52079
-1.52084
-1.52089
-1.52094
-1.52099
-1.52105
-1.52110
-1.52115
-1.52120
-1.52125
-1.52131
-1.52136
-1.52141
-1.52146
-1.52151
-1.52157
-1.52162
-1.52167
-1.52172
-1.52177
-1.52182
-1.52188
-1.52193
-1.52198
-1.52203
-1.52208
-1.52214
-1.52219
-1.52224
-1.52229
-1.52234
-1.52240
-1.52245
-1.52250
-1.52255
-1.52260
-1.52266
-1.52271
-1.52276
-1.52281
-1.52286
-1.52292
-1.52297
-1.52302
-1.52307
-1.52312
-1.52317
-1.52323
-1.52328
-1.52333
-1.52338
-1.52343
-1.52349
-1.52354
-1.52359
-1.52364
-1.52369
-1.52375
-1.52380
-1.52385
-1.52390
-1.52395
-1.52401
-1.52406
-1.52411
-1.52416
-1.52421
-1.52426
-1.52432
-1.52437
-1.52442
-1.52447
-1.52452
-1.52458
-1.52463
-1.52468
-1.52473
-1.52478
-1.52484
-1.52489
-1.52494
-1.52499
-1.52504
-1.52510
-1.52515
-1.52520
-1.52525
-1.52530
-1.52536
-1.52541
-1.52546
-1.52551
-1.52556
-1.52561
-1.52567
-1.52572
-1.52577
-1.52582
-1.52587
-1.52593
-1.52598
-1.52603
-1.52608
-1.52613
-1.52619
-1.52624
-1.52629
-1.52634
-1.52639
-1.52645
-1.52650
-1.52655
-1.52660
-1.52665
-1.52670
-1.52676
-1.52681
-1.52686
-1.52691
-1.52696
-1.52702
-1.52707
-1.52712
-1.52717
-1.52722
-1.52728
-1.52733
-1.52738
-1.52743
-1.52748
-1.52754
-1.52759
-1.52764
-1.52769
-1.52774
-1.52780
-1.52785
-1.52790
-1.52795
-1.52800
-1.52805
-1.52811
-1.52816
-1.52821
-1.52826
-1.52831
-1.52837
-1.52842
-1.52847
-1.52852
-1.52857
-1.52863
-1.52868
-1.52873
-1.52878
-1.52883
-1.52889
-1.52894
-1.52899
-1.52904
-1.52909
-1.52915
-1.52920
-1.52925
-1.52930
-1.52935
-1.52940
-1.52946
-1.52951
-1.52956
-1.52961
-1.52966
-1.52972
-1.52977
-1.52982
-1.52987
-1.52992
-1.52998
-1.53003
-1.53008
-1.53013
-1.53018
-1.53024
-1.53029
-1.53034
-1.53039
-1.53044
-1.53049
-1.53055
-1.53060
-1.53065
-1.53070
-1.53075
-1.53081
-1.53086
-1.53091
-1.53096
-1.53101
-1.53107
-1.53112
-1.53117
-1.53122
-1.53127
-1.53133
-1.53138
-1.53143
-1.53148
-1.53153
-1.53159
-1.53164
-1.53169
-1.53174
-1.53179
-1.53184
-1.53190
-1.53195
-1.53200
-1.53205
-1.53210
-1.53216
-1.53221
-1.53226
-1.53231
-1.53236
-1.53242
-1.53247
-1.53252
-1.53257
-1.53262
-1.53268
-1.53273
-1.53278
-1.53283
-1.53288
-1.53293
-1.53299
-1.53304
-1.53309
-1.53314
-1.53319
-1.53325
-1.53330
-1.53335
-1.53340
-1.53345
-1.53351
-1.53356
-1.53361
-1.53366
-1.53371
-1.53377
-1.53382
-1.53387
-1.53392
-1.53397
-1.53403
-1.53408
-1.53413
-1.53418
-1.53423
-1.53428
-1.53434
-1.53439
-1.53444
-1.53449
-1.53454
-1.53460
-1.53465
-1.53470
-1.53475
-1.53480
-1.53486
-1.53491
-1.53496
-1.53501
-1.53506
-1.53512
-1.53517
-1.53522
-1.53527
-1.53532
-1.53537
-1.53543
-1.53548
-1.53553
-1.53558
-1.53563
-1.53569
-1.53574
-1.53579
-1.53584
-1.53589
-1.53595
-1.53600
-1.53605
-1.53610
-1.53615
-1.53621
-1.53626
-1.53631
-1.53636
-1.53641
-1.53647
-1.53652
-1.53657
-1.53662
-1.53667
-1.53672
-1.53678
-1.53683
-1.53688
-1.53693
-1.53698
-1.53704
-1.53709
-1.53714
-1.53719
-1.53724
-1.53730
-1.53735
-1.53740
-1.53745
-1.53750
-1.53756
-1.53761
-1.53766
-1.53771
-1.53776
-1.53781
-1.53787
-1.53792
-1.53797
-1.53802
-1.53807
-1.53813
-1.53818
-1.53823
-1.53828
-1.53833
-1.53839
-1.53844
-1.53849
-1.53854
-1.53859
-1.53865
-1.53870
-1.53875
-1.53880
-1.53885
-1.53891
-1.53896
-1.53901
-1.53906
-1.53911
-1.53916
-1.53922
-1.53927
-1.53932
-1.53937
-1.53942
-1.53948
-1.53953
-1.53958
-1.53963
-1.53968
-1.53974
-1.53979
-1.53984
-1.53989
-1.53994
-1.54000
-1.54005
-1.54010
-1.54015
-1.54020
-1.54025
-1.54031
-1.54036
-1.54041
-1.54046
-1.54051
-1.54057
-1.54062
-1.54067
-1.54072
-1.54077
-1.54083
-1.54088
-1.54093
-1.54098
-1.54103
-1.54109
-1.54114
-1.54119
-1.54124
-1.54129
-1.54135
-1.54140
-1.54145
-1.54150
-1.54155
-1.54160
-1.54166
-1.54171
-1.54176
-1.54181
-1.54186
-1.54192
-1.54197
-1.54202
-1.54207
-1.54212
-1.54218
-1.54223
-1.54228
-1.54233
-1.54238
-1.54244
-1.54249
-1.54254
-1.54259
-1.54264
-1.54269
-1.54275
-1.54280
-1.54285
-1.54290
-1.54295
-1.54301
-1.54306
-1.54311
-1.54316
-1.54321
-1.54327
-1.54332
-1.54337
-1.54342
-1.54347
-1.54353
-1.54358
-1.54363
-1.54368
-1.54373
-1.54379
-1.54384
-1.54389
-1.54394
-1.54399
-1.54404
-1.54410
-1.54415
-1.54420
-1.54425
-1.54430
-1.54436
-1.54441
-1.54446
-1.54451
-1.54456
-1.54462
-1.54467
-1.54472
-1.54477
-1.54482
-1.54488
-1.54493
-1.54498
-1.54503
-1.54508
-1.54513
-1.54519
-1.54524
-1.54529
-1.54534
-1.54539
-1.54545
-1.54550
-1.54555
-1.54560
-1.54565
-1.54571
-1.54576
-1.54581
-1.54586
-1.54591
-1.54597
-1.54602
-1.54607
-1.54612
-1.54617
-1.54623
-1.54628
-1.54633
-1.54638
-1.54643
-1.54648
-1.54654
-1.54659
-1.54664
-1.54669
-1.54674
-1.54680
-1.54685
-1.54690
-1.54695
-1.54700
-1.54706
-1.54711
-1.54716
-1.54721
-1.54726
-1.54732
-1.54737
-1.54742
-1.54747
-1.54752
-1.54757
-1.54763
-1.54768
-1.54773
-1.54778
-1.54783
-1.54789
-1.54794
-1.54799
-1.54804
-1.54809
-1.54815
-1.54820
-1.54825
-1.54830
-1.54835
-1.54841
-1.54846
-1.54851
-1.54856
-1.54861
-1.54867
-1.54872
-1.54877
-1.54882
-1.54887
-1.54892
-1.54898
-1.54903
-1.54908
-1.54913
-1.54918
-1.54924
-1.54929
-1.54934
-1.54939
-1.54944
-1.54950
-1.54955
-1.54960
-1.54965
-1.54970
-1.54976
-1.54981
-1.54986
-1.54991
-1.54996
-1.55001
-1.55007
-1.55012
-1.55017
-1.55022
-1.55027
-1.55033
-1.55038
-1.55043
-1.55048
-1.55053
-1.55059
-1.55064
-1.55069
-1.55074
-1.55079
-1.55085
-1.55090
-1.55095
-1.55100
-1.55105
-1.55111
-1.55116
-1.55121
-1.55126
-1.55131
-1.55136
-1.55142
-1.55147
-1.55152
-1.55157
-1.55162
-1.55168
-1.55173
-1.55178
-1.55183
-1.55188
-1.55194
-1.55199
-1.55204
-1.55209
-1.55214
-1.55220
-1.55225
-1.55230
-1.55235
-1.55240
-1.55245
-1.55251
-1.55256
-1.55261
-1.55266
-1.55271
-1.55277
-1.55282
-1.55287
-1.55292
-1.55297
-1.55303
-1.55308
-1.55313
-1.55318
-1.55323
-1.55329
-1.55334
-1.55339
-1.55344
-1.55349
-1.55355
-1.55360
-1.55365
-1.55370
-1.55375
-1.55380
-1.55386
-1.55391
-1.55396
-1.55401
-1.55406
-1.55412
-1.55417
-1.55422
-1.55427
-1.55432
-1.55438
-1.55443
-1.55448
-1.55453
-1.55458
-1.55464
-1.55469
-1.55474
-1.55479
-1.55484
-1.55489
-1.55495
-1.55500
-1.55505
-1.55510
-1.55515
-1.55521
-1.55526
-1.55531
-1.55536
-1.55541
-1.55547
-1.55552
-1.55557
-1.55562
-1.55567
-1.55573
-1.55578
-1.55583
-1.55588
-1.55593
-1.55599
-1.55604
-1.55609
-1.55614
-1.55619
-1.55624
-1.55630
-1.55635
-1.55640
-1.55645
-1.55650
-1.55656
-1.55661
-1.55666
-1.55671
-1.55676
-1.55682
-1.55687
-1.55692
-1.55697
-1.55702
-1.55708
-1.55713
-1.55718
-1.55723
-1.55728
-1.55733
-1.55739
-1.55744
-1.55749
-1.55754
-1.55759
-1.55765
-1.55770
-1.55775
-1.55780
-1.55785
-1.55791
-1.55796
-1.55801
-1.55806
-1.55811
-1.55817
-1.55822
-1.55827
-1.55832
-1.55837
-1.55843
-1.55848
-1.55853
-1.55858
-1.55863
-1.55868
-1.55874
-1.55879
-1.55884
-1.55889
-1.55894
-1.55900
-1.55905
-1.55910
-1.55915
-1.55920
-1.55926
-1.55931
-1.55936
-1.55941
-1.55946
-1.55952
-1.55957
-1.55962
-1.55967
-1.55972
-1.55977
-1.55983
-1.55988
-1.55993
-1.55998
-1.56003
-1.56009
-1.56014
-1.56019
-1.56024
-1.56029
-1.56035
-1.56040
-1.56045
-1.56050
-1.56055
-1.56061
-1.56066
-1.56071
-1.56076
-1.56081
-1.56087
-1.56092
-1.56097
-1.56102
-1.56107
-1.56112
-1.56118
-1.56123
-1.56128
-1.56133
-1.56138
-1.56144
-1.56149
-1.56154
-1.56159
-1.56164
-1.56170
-1.56175
-1.56180
-1.56185
-1.56190
-1.56196
-1.56201
-1.56206
-1.56211
-1.56216
-1.56221
-1.56227
-1.56232
-1.56237
-1.56242
-1.56247
-1.56253
-1.56258
-1.56263
-1.56268
-1.56273
-1.56279
-1.56284
-1.56289
-1.56294
-1.56299
-1.56305
-1.56310
-1.56315
-1.56320
-1.56325
-1.56331
-1.56336
-1.56341
-1.56346
-1.56351
-1.56356
-1.56362
-1.56367
-1.56372
-1.56377
-1.56382
-1.56388
-1.56393
-1.56398
-1.56403
-1.56408
-1.56414
-1.56419
-1.56424
-1.56429
-1.56434
-1.56440
-1.56445
-1.56450
-1.56455
-1.56460
-1.56465
-1.56471
-1.56476
-1.56481
-1.56486
-1.56491
-1.56497
-1.56502
-1.56507
-1.56512
-1.56517
-1.56523
-1.56528
-1.56533
-1.56538
-1.56543
-1.56549
-1.56554
-1.56559
-1.56564
-1.56569
-1.56575
-1.56580
-1.56585
-1.56590
-1.56595
-1.56600
-1.56606
-1.56611
-1.56616
-1.56621
-1.56626
-1.56632
-1.56637
-1.56642
-1.56647
-1.56652
-1.56658
-1.56663
-1.56668
-1.56673
-1.56678
-1.56684
-1.56689
-1.56694
-1.56699
-1.56704
-1.56709
-1.56715
-1.56720
-1.56725
-1.56730
-1.56735
-1.56741
-1.56746
-1.56751
-1.56756
-1.56761
-1.56767
-1.56772
-1.56777
-1.56782
-1.56787
-1.56793
-1.56798
-1.56803
-1.56808
-1.56813
-1.56818
-1.56824
-1.56829
-1.56834
-1.56839
-1.56844
-1.56850
-1.56855
-1.56860
-1.56865
-1.56870
-1.56876
-1.56881
-1.56886
-1.56891
-1.56896
-1.56902
-1.56907
-1.56912
-1.56917
-1.56922
-1.56928
-1.56933
-1.56938
-1.56943
-1.56948
-1.56953
-1.56959
-1.56964
-1.56969
-1.56974
-1.56979
-1.56985
-1.56990
-1.56995
-1.57000
-1.57005
-1.57011
-1.57016
-1.57021
-1.57026
-1.57031
-1.57037
-1.57042
-1.57047
-1.57052
-1.57057
-1.57062
-1.57068
-1.57073
-1.57078
-1.57083
-1.57088
-1.57094
-1.57099
-1.57104
-1.57109
-1.57114
-1.57120
-1.57125
-1.57130
-1.57135
-1.57140
-1.57146
-1.57151
-1.57156
-1.57161
-1.57166
-1.57172
-1.57177
-1.57182
-1.57187
-1.57192
-1.57197
-1.57203
-1.57208
-1.57213
-1.57218
-1.57223
-1.57229
-1.57234
-1.57239
-1.57244
-1.57249
-1.57255
-1.57260
-1.57265
-1.57270
-1.57275
-1.57281
-1.57286
-1.57291
-1.57296
-1.57301
-1.57306
-1.57312
-1.57317
-1.57322
-1.57327
-1.57332
-1.57338
-1.57343
-1.57348
-1.57353
-1.57358
-1.57364
-1.57369
-1.57374
-1.57379
-1.57384
-1.57390
-1.57395
-1.57400
-1.57405
-1.57410
-1.57416
-1.57421
-1.57426
-1.57431
-1.57436
-1.57441
-1.57447
-1.57452
-1.57457
-1.57462
-1.57467
-1.57473
-1.57478
-1.57483
-1.57488
-1.57493
-1.57499
-1.57504
-1.57509
-1.57514
-1.57519
-1.57525
-1.57530
-1.57535
-1.57540
-1.57545
-1.57550
-1.57556
-1.57561
-1.57566
-1.57571
-1.57576
-1.57582
-1.57587
-1.57592
-1.57597
-1.57602
-1.57608
-1.57613
-1.57618
-1.57623
-1.57628
-1.57634
-1.57639
-1.57644
-1.57649
-1.57654
-1.57659
-1.57665
-1.57670
-1.57675
-1.57680
-1.57685
-1.57691
-1.57696
-1.57701
-1.57706
-1.57711
-1.57717
-1.57722
-1.57727
-1.57732
-1.57737
-1.57743
-1.57748
-1.57753
-1.57758
-1.57763
-1.57769
-1.57774
-1.57779
-1.57784
-1.57789
-1.57794
-1.57800
-1.57805
-1.57810
-1.57815
-1.57820
-1.57826
-1.57831
-1.57836
-1.57841
-1.57846
-1.57852
-1.57857
-1.57862
-1.57867
-1.57872
-1.57878
-1.57883
-1.57888
-1.57893
-1.57898
-1.57903
-1.57909
-1.57914
-1.57919
-1.57924
-1.57929
-1.57935
-1.57940
-1.57945
-1.57950
-1.57955
-1.57961
-1.57966
-1.57971
-1.57976
-1.57981
-1.57987
-1.57992
-1.57997
-1.58002
-1.58007
-1.58013
-1.58018
-1.58023
-1.58028
-1.58033
-1.58038
-1.58044
-1.58049
-1.58054
-1.58059
-1.58064
-1.58070
-1.58075
-1.58080
-1.58085
-1.58090
-1.58096
-1.58101
-1.58106
-1.58111
-1.58116
-1.58122
-1.58127
-1.58132
-1.58137
-1.58142
-1.58147
-1.58153
-1.58158
-1.58163
-1.58168
-1.58173
-1.58179
-1.58184
-1.58189
-1.58194
-1.58199
-1.58205
-1.58210
-1.58215
-1.58220
-1.58225
-1.58231
-1.58236
-1.58241
-1.58246
-1.58251
-1.58256
-1.58262
-1.58267
-1.58272
-1.58277
-1.58282
-1.58288
-1.58293
-1.58298
-1.58303
-1.58308
-1.58314
-1.58319
-1.58324
-1.58329
-1.58334
-1.58340
-1.58345
-1.58350
-1.58355
-1.58360
-1.58366
-1.58371
-1.58376
-1.58381
-1.58386
-1.58391
-1.58397
-1.58402
-1.58407
-1.58412
-1.58417
-1.58423
-1.58428
-1.58433
-1.58438
-1.58443
-1.58449
-1.58454
-1.58459
-1.58464
-1.58469
-1.58475
-1.58480
-1.58485
-1.58490
-1.58495
-1.58500
-1.58506
-1.58511
-1.58516
-1.58521
-1.58526
-1.58532
-1.58537
-1.58542
-1.58547
-1.58552
-1.58558
-1.58563
-1.58568
-1.58573
-1.58578
-1.58584
-1.58589
-1.58594
-1.58599
-1.58604
-1.58610
-1.58615
-1.58620
-1.58625
-1.58630
-1.58635
-1.58641
-1.58646
-1.58651
-1.58656
-1.58661
-1.58667
-1.58672
-1.58677
-1.58682
-1.58687
-1.58693
-1.58698
-1.58703
-1.58708
-1.58713
-1.58719
-1.58724
-1.58729
-1.58734
-1.58739
-1.58744
-1.58750
-1.58755
-1.58760
-1.58765
-1.58770
-1.58776
-1.58781
-1.58786
-1.58791
-1.58796
-1.58802
-1.58807
-1.58812
-1.58817
-1.58822
-1.58828
-1.58833
-1.58838
-1.58843
-1.58848
-1.58853
-1.58859
-1.58864
-1.58869
-1.58874
-1.58879
-1.58885
-1.58890
-1.58895
-1.58900
-1.58905
-1.58911
-1.58916
-1.58921
-1.58926
-1.58931
-1.58937
-1.58942
-1.58947
-1.58952
-1.58957
-1.58963
-1.58968
-1.58973
-1.58978
-1.58983
-1.58988
-1.58994
-1.58999
-1.59004
-1.59009
-1.59014
-1.59020
-1.59025
-1.59030
-1.59035
-1.59040
-1.59046
-1.59051
-1.59056
-1.59061
-1.59066
-1.59072
-1.59077
-1.59082
-1.59087
-1.59092
-1.59097
-1.59103
-1.59108
-1.59113
-1.59118
-1.59123
-1.59129
-1.59134
-1.59139
-1.59144
-1.59149
-1.59155
-1.59160
-1.59165
-1.59170
-1.59175
-1.59181
-1.59186
-1.59191
-1.59196
-1.59201
-1.59207
-1.59212
-1.59217
-1.59222
-1.59227
-1.59232
-1.59238
-1.59243
-1.59248
-1.59253
-1.59258
-1.59264
-1.59269
-1.59274
-1.59279
-1.59284
-1.59290
-1.59295
-1.59300
-1.59305
-1.59310
-1.59316
-1.59321
-1.59326
-1.59331
-1.59336
-1.59341
-1.59347
-1.59352
-1.59357
-1.59362
-1.59367
-1.59373
-1.59378
-1.59383
-1.59388
-1.59393
-1.59399
-1.59404
-1.59409
-1.59414
-1.59419
-1.59425
-1.59430
-1.59435
-1.59440
-1.59445
-1.59450
-1.59456
-1.59461
-1.59466
-1.59471
-1.59476
-1.59482
-1.59487
-1.59492
-1.59497
-1.59502
-1.59508
-1.59513
-1.59518
-1.59523
-1.59528
-1.59534
-1.59539
-1.59544
-1.59549
-1.59554
-1.59560
-1.59565
-1.59570
-1.59575
-1.59580
-1.59585
-1.59591
-1.59596
-1.59601
-1.59606
-1.59611
-1.59617
-1.59622
-1.59627
-1.59632
-1.59637
-1.59643
-1.59648
-1.59653
-1.59658
-1.59663
-1.59669
-1.59674
-1.59679
-1.59684
-1.59689
-1.59694
-1.59700
-1.59705
-1.59710
-1.59715
-1.59720
-1.59726
-1.59731
-1.59736
-1.59741
-1.59746
-1.59752
-1.59757
-1.59762
-1.59767
-1.59772
-1.59778
-1.59783
-1.59788
-1.59793
-1.59798
-1.59803
-1.59809
-1.59814
-1.59819
-1.59824
-1.59829
-1.59835
-1.59840
-1.59845
-1.59850
-1.59855
-1.59861
-1.59866
-1.59871
-1.59876
-1.59881
-1.59887
-1.59892
-1.59897
-1.59902
-1.59907
-1.59913
-1.59918
-1.59923
-1.59928
-1.59933
-1.59938
-1.59944
-1.59949
-1.59954
-1.59959
-1.59964
-1.59970
-1.59975
-1.59980
-1.59985
-1.59990
-1.59996
-1.60001
-1.60006
-1.60011
-1.60016
-1.60022
-1.60027
-1.60032
-1.60037
-1.60042
-1.60047
-1.60053
-1.60058
-1.60063
-1.60068
-1.60073
-1.60079
-1.60084
-1.60089
-1.60094
-1.60099
-1.60105
-1.60110
-1.60115
-1.60120
-1.60125
-1.60131
-1.60136
-1.60141
-1.60146
-1.60151
-1.60156
-1.60162
-1.60167
-1.60172
-1.60177
-1.60182
-1.60188
-1.60193
-1.60198
-1.60203
-1.60208
-1.60214
-1.60219
-1.60224
-1.60229
-1.60234
-1.60240
-1.60245
-1.60250
-1.60255
-1.60260
-1.60266
-1.60271
-1.60276
-1.60281
-1.60286
-1.60291
-1.60297
-1.60302
-1.60307
-1.60312
-1.60317
-1.60323
-1.60328
-1.60333
-1.60338
-1.60343
-1.60349
-1.60354
-1.60359
-1.60364
-1.60369
-1.60375
-1.60380
-1.60385
-1.60390
-1.60395
-1.60400
-1.60406
-1.60411
-1.60416
-1.60421
-1.60426
-1.60432
-1.60437
-1.60442
-1.60447
-1.60452
-1.60458
-1.60463
-1.60468
-1.60473
-1.60478
-1.60484
-1.60489
-1.60494
-1.60499
-1.60504
-1.60510
-1.60515
-1.60520
-1.60525
-1.60530
-1.60535
-1.60541
-1.60546
-1.60551
-1.60556
-1.60561
-1.60567
-1.60572
-1.60577
-1.60582
-1.60587
-1.60593
-1.60598
-1.60603
-1.60608
-1.60613
-1.60619
-1.60624
-1.60629
-1.60634
-1.60639
-1.60644
-1.60650
-1.60655
-1.60660
-1.60665
-1.60670
-1.60676
-1.60681
-1.60686
-1.60691
-1.60696
-1.60702
-1.60707
-1.60712
-1.60717
-1.60722
-1.60728
-1.60733
-1.60738
-1.60743
-1.60748
-1.60753
-1.60759
-1.60764
-1.60769
-1.60774
-1.60779
-1.60785
-1.60790
-1.60795
-1.60800
-1.60805
-1.60811
-1.60816
-1.60821
-1.60826
-1.60831
-1.60837
-1.60842
-1.60847
-1.60852
-1.60857
-1.60863
-1.60868
-1.60873
-1.60878
-1.60883
-1.60888
-1.60894
-1.60899
-1.60904
-1.60909
-1.60914
-1.60920
-1.60925
-1.60930
-1.60935
-1.60940
-1.60946
-1.60951
-1.60956
-1.60961
-1.60966
-1.60972
-1.60977
-1.60982
-1.60987
-1.60992
-1.60997
-1.61003
-1.61008
-1.61013
-1.61018
-1.61023
-1.61029
-1.61034
-1.61039
-1.61044
-1.61049
-1.61055
-1.61060
-1.61065
-1.61070
-1.61075
-1.61081
-1.61086
-1.61091
-1.61096
-1.61101
-1.61106
-1.61112
-1.61117
-1.61122
-1.61127
-1.61132
-1.61138
-1.61143
-1.61148
-1.61153
-1.61158
-1.61164
-1.61169
-1.61174
-1.61179
-1.61184
-1.61190
-1.61195
-1.61200
-1.61205
-1.61210
-1.61215
-1.61221
-1.61226
-1.61231
-1.61236
-1.61241
-1.61247
-1.61252
-1.61257
-1.61262
-1.61267
-1.61273
-1.61278
-1.61283
-1.61288
-1.61293
-1.61299
-1.61304
-1.61309
-1.61314
-1.61319
-1.61325
-1.61330
-1.61335
-1.61340
-1.61345
-1.61350
-1.61356
-1.61361
-1.61366
-1.61371
-1.61376
-1.61382
-1.61387
-1.61392
-1.61397
-1.61402
-1.61408
-1.61413
-1.61418
-1.61423
-1.61428
-1.61434
-1.61439
-1.61444
-1.61449
-1.61454
-1.61459
-1.61465
-1.61470
-1.61475
-1.61480
-1.61485
-1.61491
-1.61496
-1.61501
-1.61506
-1.61511
-1.61517
-1.61522
-1.61527
-1.61532
-1.61537
-1.61543
-1.61548
-1.61553
-1.61558
-1.61563
-1.61568
-1.61574
-1.61579
-1.61584
-1.61589
-1.61594
-1.61600
-1.61605
-1.61610
-1.61615
-1.61620
-1.61626
-1.61631
-1.61636
-1.61641
-1.61646
-1.61652
-1.61657
-1.61662
-1.61667
-1.61672
-1.61678
-1.61683
-1.61688
-1.61693
-1.61698
-1.61703
-1.61709
-1.61714
-1.61719
-1.61724
-1.61729
-1.61735
-1.61740
-1.61745
-1.61750
-1.61755
-1.61761
-1.61766
-1.61771
-1.61776
-1.61781
-1.61787
-1.61792
-1.61797
-1.61802
-1.61807
-1.61812
-1.61818
-1.61823
-1.61828
-1.61833
-1.61838
-1.61844
-1.61849
-1.61854
-1.61859
-1.61864
-1.61870
-1.61875
-1.61880
-1.61885
-1.61890
-1.61896
-1.61901
-1.61906
-1.61911
-1.61916
-1.61921
-1.61927
-1.61932
-1.61937
-1.61942
-1.61947
-1.61953
-1.61958
-1.61963
-1.61968
-1.61973
-1.61979
-1.61984
-1.61989
-1.61994
-1.61999
-1.62005
-1.62010
-1.62015
-1.62020
-1.62025
-1.62031
-1.62036
-1.62041
-1.62046
-1.62051
-1.62056
-1.62062
-1.62067
-1.62072
-1.62077
-1.62082
-1.62088
-1.62093
-1.62098
-1.62103
-1.62108
-1.62114
-1.62119
-1.62124
-1.62129
-1.62134
-1.62140
-1.62145
-1.62150
-1.62155
-1.62160
-1.62165
-1.62171
-1.62176
-1.62181
-1.62186
-1.62191
-1.62197
-1.62202
-1.62207
-1.62212
-1.62217
-1.62223
-1.62228
-1.62233
-1.62238
-1.62243
-1.62249
-1.62254
-1.62259
-1.62264
-1.62269
-1.62274
-1.62280
-1.62285
-1.62290
-1.62295
-1.62300
-1.62306
-1.62311
-1.62316
-1.62321
-1.62326
-1.62332
-1.62337
-1.62342
-1.62347
-1.62352
-1.62358
-1.62363
-1.62368
-1.62373
-1.62378
-1.62384
-1.62389
-1.62394
-1.62399
-1.62404
-1.62409
-1.62415
-1.62420
-1.62425
-1.62430
-1.62435
-1.62441
-1.62446
-1.62451
-1.62456
-1.62461
-1.62467
-1.62472
-1.62477
-1.62482
-1.62487
-1.62493
-1.62498
-1.62503
-1.62508
-1.62513
-1.62518
-1.62524
-1.62529
-1.62534
-1.62539
-1.62544
-1.62550
-1.62555
-1.62560
-1.62565
-1.62570
-1.62576
-1.62581
-1.62586
-1.62591
-1.62596
-1.62602
-1.62607
-1.62612
-1.62617
-1.62622
-1.62627
-1.62633
-1.62638
-1.62643
-1.62648
-1.62653
-1.62659
-1.62664
-1.62669
-1.62674
-1.62679
-1.62685
-1.62690
-1.62695
-1.62700
-1.62705
-1.62711
-1.62716
-1.62721
-1.62726
-1.62731
-1.62736
-1.62742
-1.62747
-1.62752
-1.62757
-1.62762
-1.62768
-1.62773
-1.62778
-1.62783
-1.62788
-1.62794
-1.62799
-1.62804
-1.62809
-1.62814
-1.62820
-1.62825
-1.62830
-1.62835
-1.62840
-1.62846
-1.62851
-1.62856
-1.62861
-1.62866
-1.62871
-1.62877
-1.62882
-1.62887
-1.62892
-1.62897
-1.62903
-1.62908
-1.62913
-1.62918
-1.62923
-1.62929
-1.62934
-1.62939
-1.62944
-1.62949
-1.62955
-1.62960
-1.62965
-1.62970
-1.62975
-1.62980
-1.62986
-1.62991
-1.62996
-1.63001
-1.63006
-1.63012
-1.63017
-1.63022
-1.63027
-1.63032
-1.63038
-1.63043
-1.63048
-1.63053
-1.63058
-1.63064
-1.63069
-1.63074
-1.63079
-1.63084
-1.63089
-1.63095
-1.63100
-1.63105
-1.63110
-1.63115
-1.63121
-1.63126
-1.63131
-1.63136
-1.63141
-1.63147
-1.63152
-1.63157
-1.63162
-1.63167
-1.63173
-1.63178
-1.63183
-1.63188
-1.63193
-1.63199
-1.63204
-1.63209
-1.63214
-1.63219
-1.63224
-1.63230
-1.63235
-1.63240
-1.63245
-1.63250
-1.63256
-1.63261
-1.63266
-1.63271
-1.63276
-1.63282
-1.63287
-1.63292
-1.63297
-1.63302
-1.63308
-1.63313
-1.63318
-1.63323
-1.63328
-1.63333
-1.63339
-1.63344
-1.63349
-1.63354
-1.63359
-1.63365
-1.63370
-1.63375
-1.63380
-1.63385
-1.63391
-1.63396
-1.63401
-1.63406
-1.63411
-1.63417
-1.63422
-1.63427
-1.63432
-1.63437
-1.63442
-1.63448
-1.63453
-1.63458
-1.63463
-1.63468
-1.63474
-1.63479
-1.63484
-1.63489
-1.63494
-1.63500
-1.63505
-1.63510
-1.63515
-1.63520
-1.63526
-1.63531
-1.63536
-1.63541
-1.63546
-1.63551
-1.63557
-1.63562
-1.63567
-1.63572
-1.63577
-1.63583
-1.63588
-1.63593
-1.63598
-1.63603
-1.63609
-1.63614
-1.63619
-1.63624
-1.63629
-1.63635
-1.63640
-1.63645
-1.63650
-1.63655
-1.63661
-1.63666
-1.63671
-1.63676
-1.63681
-1.63686
-1.63692
-1.63697
-1.63702
-1.63707
-1.63712
-1.63718
-1.63723
-1.63728
-1.63733
-1.63738
-1.63744
-1.63749
-1.63754
-1.63759
-1.63764
-1.63770
-1.63775
-1.63780
-1.63785
-1.63790
-1.63795
-1.63801
-1.63806
-1.63811
-1.63816
-1.63821
-1.63827
-1.63832
-1.63837
-1.63842
-1.63847
-1.63853
-1.63858
-1.63863
-1.63868
-1.63873
-1.63879
-1.63884
-1.63889
-1.63894
-1.63899
-1.63904
-1.63910
-1.63915
-1.63920
-1.63925
-1.63930
-1.63936
-1.63941
-1.63946
-1.63951
-1.63956
-1.63962
-1.63967
-1.63972
-1.63977
-1.63982
-1.63988
-1.63993
-1.63998
-1.64003
-1.64008
-1.64013
-1.64019
-1.64024
-1.64029
-1.64034
-1.64039
-1.64045
-1.64050
-1.64055
-1.64060
-1.64065
-1.64071
-1.64076
-1.64081
-1.64086
-1.64091
-1.64097
-1.64102
-1.64107
-1.64112
-1.64117
-1.64123
-1.64128
-1.64133
-1.64138
-1.64143
-1.64148
-1.64154
-1.64159
-1.64164
-1.64169
-1.64174
-1.64180
-1.64185
-1.64190
-1.64195
-1.64200
-1.64206
-1.64211
-1.64216
-1.64221
-1.64226
-1.64232
-1.64237
-1.64242
-1.64247
-1.64252
-1.64257
-1.64263
-1.64268
-1.64273
-1.64278
-1.64283
-1.64289
-1.64294
-1.64299
-1.64304
-1.64309
-1.64315
-1.64320
-1.64325
-1.64330
-1.64335
-1.64341
-1.64346
-1.64351
-1.64356
-1.64361
-1.64366
-1.64372
-1.64377
-1.64382
-1.64387
-1.64392
-1.64398
-1.64403
-1.64408
-1.64413
-1.64418
-1.64424
-1.64429
-1.64434
-1.64439
-1.64444
-1.64450
-1.64455
-1.64460
-1.64465
-1.64470
-1.64475
-1.64481
-1.64486
-1.64491
-1.64496
-1.64501
-1.64507
-1.64512
-1.64517
-1.64522
-1.64527
-1.64533
-1.64538
-1.64543
-1.64548
-1.64553
-1.64559
-1.64564
-1.64569
-1.64574
-1.64579
-1.64585
-1.64590
-1.64595
-1.64600
-1.64605
-1.64610
-1.64616
-1.64621
-1.64626
-1.64631
-1.64636
-1.64642
-1.64647
-1.64652
-1.64657
-1.64662
-1.64668
-1.64673
-1.64678
-1.64683
-1.64688
-1.64694
-1.64699
-1.64704
-1.64709
-1.64714
-1.64719
-1.64725
-1.64730
-1.64735
-1.64740
-1.64745
-1.64751
-1.64756
-1.64761
-1.64766
-1.64771
-1.64777
-1.64782
-1.64787
-1.64792
-1.64797
-1.64803
-1.64808
-1.64813
-1.64818
-1.64823
-1.64828
-1.64834
-1.64839
-1.64844
-1.64849
-1.64854
-1.64860
-1.64865
-1.64870
-1.64875
-1.64880
-1.64886
-1.64891
-1.64896
-1.64901
-1.64906
-1.64912
-1.64917
-1.64922
-1.64927
-1.64932
-1.64937
-1.64943
-1.64948
-1.64953
-1.64958
-1.64963
-1.64969
-1.64974
-1.64979
-1.64984
-1.64989
-1.64995
-1.65000
-1.65005
-1.65010
-1.65015
-1.65021
-1.65026
-1.65031
-1.65036
-1.65041
-1.65046
-1.65052
-1.65057
-1.65062
-1.65067
-1.65072
-1.65078
-1.65083
-1.65088
-1.65093
-1.65098
-1.65104
-1.65109
-1.65114
-1.65119
-1.65124
-1.65130
-1.65135
-1.65140
-1.65145
-1.65150
-1.65156
-1.65161
-1.65166
-1.65171
-1.65176
-1.65181
-1.65187
-1.65192
-1.65197
-1.65202
-1.65207
-1.65213
-1.65218
-1.65223
-1.65228
-1.65233
-1.65239
-1.65244
-1.65249
-1.65254
-1.65259
-1.65265
-1.65270
-1.65275
-1.65280
-1.65285
-1.65290
-1.65296
-1.65301
-1.65306
-1.65311
-1.65316
-1.65322
-1.65327
-1.65332
-1.65337
-1.65342
-1.65348
-1.65353
-1.65358
-1.65363
-1.65368
-1.65374
-1.65379
-1.65384
-1.65389
-1.65394
-1.65399
-1.65405
-1.65410
-1.65415
-1.65420
-1.65425
-1.65431
-1.65436
-1.65441
-1.65446
-1.65451
-1.65457
-1.65462
-1.65467
-1.65472
-1.65477
-1.65483
-1.65488
-1.65493
-1.65498
-1.65503
-1.65508
-1.65514
-1.65519
-1.65524
-1.65529
-1.65534
-1.65540
-1.65545
-1.65550
-1.65555
-1.65560
-1.65566
-1.65571
-1.65576
-1.65581
-1.65586
-1.65592
-1.65597
-1.65602
-1.65607
-1.65612
-1.65617
-1.65623
-1.65628
-1.65633
-1.65638
-1.65643
-1.65649
-1.65654
-1.65659
-1.65664
-1.65669
-1.65675
-1.65680
-1.65685
-1.65690
-1.65695
-1.65701
-1.65706
-1.65711
-1.65716
-1.65721
-1.65727
-1.65732
-1.65737
-1.65742
-1.65747
-1.65752
-1.65758
-1.65763
-1.65768
-1.65773
-1.65778
-1.65784
-1.65789
-1.65794
-1.65799
-1.65804
-1.65810
-1.65815
-1.65820
-1.65825
-1.65830
-1.65836
-1.65841
-1.65846
-1.65851
-1.65856
-1.65861
-1.65867
-1.65872
-1.65877
-1.65882
-1.65887
-1.65893
-1.65898
-1.65903
-1.65908
-1.65913
-1.65919
-1.65924
-1.65929
-1.65934
-1.65939
-1.65945
-1.65950
-1.65955
-1.65960
-1.65965
-1.65970
-1.65976
-1.65981
-1.65986
-1.65991
-1.65996
-1.66002
-1.66007
-1.66012
-1.66017
-1.66022
-1.66028
-1.66033
-1.66038
-1.66043
-1.66048
-1.66054
-1.66059
-1.66064
-1.66069
-1.66074
-1.66079
-1.66085
-1.66090
-1.66095
-1.66100
-1.66105
-1.66111
-1.66116
-1.66121
-1.66126
-1.66131
-1.66137
-1.66142
-1.66147
-1.66152
-1.66157
-1.66163
-1.66168
-1.66173
-1.66178
-1.66183
-1.66188
-1.66194
-1.66199
-1.66204
-1.66209
-1.66214
-1.66220
-1.66225
-1.66230
-1.66235
-1.66240
-1.66246
-1.66251
-1.66256
-1.66261
-1.66266
-1.66272
-1.66277
-1.66282
-1.66287
-1.66292
-1.66298
-1.66303
-1.66308
-1.66313
-1.66318
-1.66323
-1.66329
-1.66334
-1.66339
-1.66344
-1.66349
-1.66355
-1.66360
-1.66365
-1.66370
-1.66375
-1.66381
-1.66386
-1.66391
-1.66396
-1.66401
-1.66407
-1.66412
-1.66417
-1.66422
-1.66427
-1.66432
-1.66438
-1.66443
-1.66448
-1.66453
-1.66458
-1.66464
-1.66469
-1.66474
-1.66479
-1.66484
-1.66490
-1.66495
-1.66500
-1.66505
-1.66510
-1.66516
-1.66521
-1.66526
-1.66531
-1.66536
-1.66541
-1.66547
-1.66552
-1.66557
-1.66562
-1.66567
-1.66573
-1.66578
-1.66583
-1.66588
-1.66593
-1.66599
-1.66604
-1.66609
-1.66614
-1.66619
-1.66625
-1.66630
-1.66635
-1.66640
-1.66645
-1.66650
-1.66656
-1.66661
-1.66666
-1.66671
-1.66676
-1.66682
-1.66687
-1.66692
-1.66697
-1.66702
-1.66708
-1.66713
-1.66718
-1.66723
-1.66728
-1.66734
-1.66739
-1.66744
-1.66749
-1.66754
-1.66759
-1.66765
-1.66770
-1.66775
-1.66780
-1.66785
-1.66791
-1.66796
-1.66801
-1.66806
-1.66811
-1.66817
-1.66822
-1.66827
-1.66832
-1.66837
-1.66843
-1.66848
-1.66853
-1.66858
-1.66863
-1.66869
-1.66874
-1.66879
-1.66884
-1.66889
-1.66894
-1.66900
-1.66905
-1.66910
-1.66915
-1.66920
-1.66926
-1.66931
-1.66936
-1.66941
-1.66946
-1.66952
-1.66957
-1.66962
-1.66967
-1.66972
-1.66978
-1.66983
-1.66988
-1.66993
-1.66998
-1.67003
-1.67009
-1.67014
-1.67019
-1.67024
-1.67029
-1.67035
-1.67040
-1.67045
-1.67050
-1.67055
-1.67061
-1.67066
-1.67071
-1.67076
-1.67081
-1.67087
-1.67092
-1.67097
-1.67102
-1.67107
-1.67112
-1.67118
-1.67123
-1.67128
-1.67133
-1.67138
-1.67144
-1.67149
-1.67154
-1.67159
-1.67164
-1.67170
-1.67175
-1.67180
-1.67185
-1.67190
-1.67196
-1.67201
-1.67206
-1.67211
-1.67216
-1.67221
-1.67227
-1.67232
-1.67237
-1.67242
-1.67247
-1.67253
-1.67258
-1.67263
-1.67268
-1.67273
-1.67279
-1.67284
-1.67289
-1.67294
-1.67299
-1.67305
-1.67310
-1.67315
-1.67320
-1.67325
-1.67330
-1.67336
-1.67341
-1.67346
-1.67351
-1.67356
-1.67362
-1.67367
-1.67372
-1.67377
-1.67382
-1.67388
-1.67393
-1.67398
-1.67403
-1.67408
-1.67414
-1.67419
-1.67424
-1.67429
-1.67434
-1.67439
-1.67445
-1.67450
-1.67455
-1.67460
-1.67465
-1.67471
-1.67476
-1.67481
-1.67486
-1.67491
-1.67497
-1.67502
-1.67507
-1.67512
-1.67517
-1.67523
-1.67528
-1.67533
-1.67538
-1.67543
-1.67549
-1.67554
-1.67559
-1.67564
-1.67569
-1.67574
-1.67580
-1.67585
-1.67590
-1.67595
-1.67600
-1.67606
-1.67611
-1.67616
-1.67621
-1.67626
-1.67632
-1.67637
-1.67642
-1.67647
-1.67652
-1.67658
-1.67663
-1.67668
-1.67673
-1.67678
-1.67683
-1.67689
-1.67694
-1.67699
-1.67704
-1.67709
-1.67715
-1.67720
-1.67725
-1.67730
-1.67735
-1.67741
-1.67746
-1.67751
-1.67756
-1.67761
-1.67767
-1.67772
-1.67777
-1.67782
-1.67787
-1.67792
-1.67798
-1.67803
-1.67808
-1.67813
-1.67818
-1.67824
-1.67829
-1.67834
-1.67839
-1.67844
-1.67850
-1.67855
-1.67860
-1.67865
-1.67870
-1.67876
-1.67881
-1.67886
-1.67891
-1.67896
-1.67901
-1.67907
-1.67912
-1.67917
-1.67922
-1.67927
-1.67933
-1.67938
-1.67943
-1.67948
-1.67953
-1.67959
-1.67964
-1.67969
-1.67974
-1.67979
-1.67985
-1.67990
-1.67995
-1.68000
-1.68005
-1.68010
-1.68016
-1.68021
-1.68026
-1.68031
-1.68036
-1.68042
-1.68047
-1.68052
-1.68057
-1.68062
-1.68068
-1.68073
-1.68078
-1.68083
-1.68088
-1.68094
-1.68099
-1.68104
-1.68109
-1.68114
-1.68119
-1.68125
-1.68130
-1.68135
-1.68140
-1.68145
-1.68151
-1.68156
-1.68161
-1.68166
-1.68171
-1.68177
-1.68182
-1.68187
-1.68192
-1.68197
-1.68203
-1.68208
-1.68213
-1.68218
-1.68223
-1.68228
-1.68234
-1.68239
-1.68244
-1.68249
-1.68254
-1.68260
-1.68265
-1.68270
-1.68275
-1.68280
-1.68286
-1.68291
-1.68296
-1.68301
-1.68306
-1.68312
-1.68317
-1.68322
-1.68327
-1.68332
-1.68338
-1.68343
-1.68348
-1.68353
-1.68358
-1.68363
-1.68369
-1.68374
-1.68379
-1.68384
-1.68389
-1.68395
-1.68400
-1.68405
-1.68410
-1.68415
-1.68421
-1.68426
-1.68431
-1.68436
-1.68441
-1.68447
-1.68452
-1.68457
-1.68462
-1.68467
-1.68472
-1.68478
-1.68483
-1.68488
-1.68493
-1.68498
-1.68504
-1.68509
-1.68514
-1.68519
-1.68524
-1.68530
-1.68535
-1.68540
-1.68545
-1.68550
-1.68556
-1.68561
-1.68566
-1.68571
-1.68576
-1.68581
-1.68587
-1.68592
-1.68597
-1.68602
-1.68607
-1.68613
-1.68618
-1.68623
-1.68628
-1.68633
-1.68639
-1.68644
-1.68649
-1.68654
-1.68659
-1.68665
-1.68670
-1.68675
-1.68680
-1.68685
-1.68690
-1.68696
-1.68701
-1.68706
-1.68711
-1.68716
-1.68722
-1.68727
-1.68732
-1.68737
-1.68742
-1.68748
-1.68753
-1.68758
-1.68763
-1.68768
-1.68774
-1.68779
-1.68784
-1.68789
-1.68794
-1.68799
-1.68805
-1.68810
-1.68815
-1.68820
-1.68825
-1.68831
-1.68836
-1.68841
-1.68846
-1.68851
-1.68857
-1.68862
-1.68867
-1.68872
-1.68877
-1.68883
-1.68888
-1.68893
-1.68898
-1.68903
-1.68908
-1.68914
-1.68919
-1.68924
-1.68929
-1.68934
-1.68940
-1.68945
-1.68950
-1.68955
-1.68960
-1.68966
-1.68971
-1.68976
-1.68981
-1.68986
-1.68992
-1.68997
-1.69002
-1.69007
-1.69012
-1.69017
-1.69023
-1.69028
-1.69033
-1.69038
-1.69043
-1.69049
-1.69054
-1.69059
-1.69064
-1.69069
-1.69075
-1.69080
-1.69085
-1.69090
-1.69095
-1.69101
-1.69106
-1.69111
-1.69116
-1.69121
-1.69127
-1.69132
-1.69137
-1.69142
-1.69147
-1.69152
-1.69158
-1.69163
-1.69168
-1.69173
-1.69178
-1.69184
-1.69189
-1.69194
-1.69199
-1.69204
-1.69210
-1.69215
-1.69220
-1.69225
-1.69230
-1.69236
-1.69241
-1.69246
-1.69251
-1.69256
-1.69261
-1.69267
-1.69272
-1.69277
-1.69282
-1.69287
-1.69293
-1.69298
-1.69303
-1.69308
-1.69313
-1.69319
-1.69324
-1.69329
-1.69334
-1.69339
-1.69345
-1.69350
-1.69355
-1.69360
-1.69365
-1.69370
-1.69376
-1.69381
-1.69386
-1.69391
-1.69396
-1.69402
-1.69407
-1.69412
-1.69417
-1.69422
-1.69428
-1.69433
-1.69438
-1.69443
-1.69448
-1.69454
-1.69459
-1.69464
-1.69469
-1.69474
-1.69479
-1.69485
-1.69490
-1.69495
-1.69500
-1.69505
-1.69511
-1.69516
-1.69521
-1.69526
-1.69531
-1.69537
-1.69542
-1.69547
-1.69552
-1.69557
-1.69563
-1.69568
-1.69573
-1.69578
-1.69583
-1.69588
-1.69594
-1.69599
-1.69604
-1.69609
-1.69614
-1.69620
-1.69625
-1.69630
-1.69635
-1.69640
-1.69646
-1.69651
-1.69656
-1.69661
-1.69666
-1.69672
-1.69677
-1.69682
-1.69687
-1.69692
-1.69697
-1.69703
-1.69708
-1.69713
-1.69718
-1.69723
-1.69729
-1.69734
-1.69739
-1.69744
-1.69749
-1.69755
-1.69760
-1.69765
-1.69770
-1.69775
-1.69781
-1.69786
-1.69791
-1.69796
-1.69801
-1.69806
-1.69812
-1.69817
-1.69822
-1.69827
-1.69832
-1.69838
-1.69843
-1.69848
-1.69853
-1.69858
-1.69864
-1.69869
-1.69874
-1.69879
-1.69884
-1.69890
-1.69895
-1.69900
-1.69905
-1.69910
-1.69915
-1.69921
-1.69926
-1.69931
-1.69936
-1.69941
-1.69947
-1.69952
-1.69957
-1.69962
-1.69967
-1.69973
-1.69978
-1.69983
-1.69988
-1.69993
-1.69999
-1.70004
-1.70009
-1.70014
-1.70019
-1.70024
-1.70030
-1.70035
-1.70040
-1.70045
-1.70050
-1.70056
-1.70061
-1.70066
-1.70071
-1.70076
-1.70082
-1.70087
-1.70092
-1.70097
-1.70102
-1.70108
-1.70113
-1.70118
-1.70123
-1.70128
-1.70133
-1.70139
-1.70144
-1.70149
-1.70154
-1.70159
-1.70165
-1.70170
-1.70175
-1.70180
-1.70185
-1.70191
-1.70196
-1.70201
-1.70206
-1.70211
-1.70217
-1.70222
-1.70227
-1.70232
-1.70237
-1.70243
-1.70248
-1.70253
-1.70258
-1.70263
-1.70268
-1.70274
-1.70279
-1.70284
-1.70289
-1.70294
-1.70300
-1.70305
-1.70310
-1.70315
-1.70320
-1.70326
-1.70331
-1.70336
-1.70341
-1.70346
-1.70352
-1.70357
-1.70362
-1.70367
-1.70372
-1.70377
-1.70383
-1.70388
-1.70393
-1.70398
-1.70403
-1.70409
-1.70414
-1.70419
-1.70424
-1.70429
-1.70435
-1.70440
-1.70445
-1.70450
-1.70455
-1.70461
-1.70466
-1.70471
-1.70476
-1.70481
-1.70486
-1.70492
-1.70497
-1.70502
-1.70507
-1.70512
-1.70518
-1.70523
-1.70528
-1.70533
-1.70538
-1.70544
-1.70549
-1.70554
-1.70559
-1.70564
-1.70570
-1.70575
-1.70580
-1.70585
-1.70590
-1.70595
-1.70601
-1.70606
-1.70611
-1.70616
-1.70621
-1.70627
-1.70632
-1.70637
-1.70642
-1.70647
-1.70653
-1.70658
-1.70663
-1.70668
-1.70673
-1.70679
-1.70684
-1.70689
-1.70694
-1.70699
-1.70704
-1.70710
-1.70715
-1.70720
-1.70725
-1.70730
-1.70736
-1.70741
-1.70746
-1.70751
-1.70756
-1.70762
-1.70767
-1.70772
-1.70777
-1.70782
-1.70788
-1.70793
-1.70798
-1.70803
-1.70808
-1.70813
-1.70819
-1.70824
-1.70829
-1.70834
-1.70839
-1.70845
-1.70850
-1.70855
-1.70860
-1.70865
-1.70871
-1.70876
-1.70881
-1.70886
-1.70891
-1.70897
-1.70902
-1.70907
-1.70912
-1.70917
-1.70922
-1.70928
-1.70933
-1.70938
-1.70943
-1.70948
-1.70954
-1.70959
-1.70964
-1.70969
-1.70974
-1.70980
-1.70985
-1.70990
-1.70995
-1.71000
-1.71006
-1.71011
-1.71016
-1.71021
-1.71026
-1.71031
-1.71037
-1.71042
-1.71047
-1.71052
-1.71057
-1.71063
-1.71068
-1.71073
-1.71078
-1.71083
-1.71089
-1.71094
-1.71099
-1.71104
-1.71109
-1.71115
-1.71120
-1.71125
-1.71130
-1.71135
-1.71140
-1.71146
-1.71151
-1.71156
-1.71161
-1.71166
-1.71172
-1.71177
-1.71182
-1.71187
-1.71192
-1.71198
-1.71203
-1.71208
-1.71213
-1.71218
-1.71224
-1.71229
-1.71234
-1.71239
-1.71244
-1.71249
-1.71255
-1.71260
-1.71265
-1.71270
-1.71275
-1.71281
-1.71286
-1.71291
-1.71296
-1.71301
-1.71307
-1.71312
-1.71317
-1.71322
-1.71327
-1.71333
-1.71338
-1.71343
-1.71348
-1.71353
-1.71358
-1.71364
-1.71369
-1.71374
-1.71379
-1.71384
-1.71390
-1.71395
-1.71400
-1.71405
-1.71410
-1.71416
-1.71421
-1.71426
-1.71431
-1.71436
-1.71442
-1.71447
-1.71452
-1.71457
-1.71462
-1.71467
-1.71473
-1.71478
-1.71483
-1.71488
-1.71493
-1.71499
-1.71504
-1.71509
-1.71514
-1.71519
-1.71525
-1.71530
-1.71535
-1.71540
-1.71545
-1.71551
-1.71556
-1.71561
-1.71566
-1.71571
-1.71576
-1.71582
-1.71587
-1.71592
-1.71597
-1.71602
-1.71608
-1.71613
-1.71618
-1.71623
-1.71628
-1.71634
-1.71639
-1.71644
-1.71649
-1.71654
-1.71660
-1.71665
-1.71670
-1.71675
-1.71680
-1.71686
-1.71691
-1.71696
-1.71701
-1.71706
-1.71711
-1.71717
-1.71722
-1.71727
-1.71732
-1.71737
-1.71743
-1.71748
-1.71753
-1.71758
-1.71763
-1.71769
-1.71774
-1.71779
-1.71784
-1.71789
-1.71795
-1.71800
-1.71805
-1.71810
-1.71815
-1.71820
-1.71826
-1.71831
-1.71836
-1.71841
-1.71846
-1.71852
-1.71857
-1.71862
-1.71867
-1.71872
-1.71878
-1.71883
-1.71888
-1.71893
-1.71898
-1.71904
-1.71909
-1.71914
-1.71919
-1.71924
-1.71929
-1.71935
-1.71940
-1.71945
-1.71950
-1.71955
-1.71961
-1.71966
-1.71971
-1.71976
-1.71981
-1.71987
-1.71992
-1.71997
-1.72002
-1.72007
-1.72013
-1.72018
-1.72023
-1.72028
-1.72033
-1.72038
-1.72044
-1.72049
-1.72054
-1.72059
-1.72064
-1.72070
-1.72075
-1.72080
-1.72085
-1.72090
-1.72096
-1.72101
-1.72106
-1.72111
-1.72116
-1.72122
-1.72127
-1.72132
-1.72137
-1.72142
-1.72147
-1.72153
-1.72158
-1.72163
-1.72168
-1.72173
-1.72179
-1.72184
-1.72189
-1.72194
-1.72199
-1.72205
-1.72210
-1.72215
-1.72220
-1.72225
-1.72231
-1.72236
-1.72241
-1.72246
-1.72251
-1.72256
-1.72262
-1.72267
-1.72272
-1.72277
-1.72282
-1.72288
-1.72293
-1.72298
-1.72303
-1.72308
-1.72314
-1.72319
-1.72324
-1.72329
-1.72334
-1.72340
-1.72345
-1.72350
-1.72355
-1.72360
-1.72365
-1.72371
-1.72376
-1.72381
-1.72386
-1.72391
-1.72397
-1.72402
-1.72407
-1.72412
-1.72417
-1.72423
-1.72428
-1.72433
-1.72438
-1.72443
-1.72449
-1.72454
-1.72459
-1.72464
-1.72469
-1.72474
-1.72480
-1.72485
-1.72490
-1.72495
-1.72500
-1.72506
-1.72511
-1.72516
-1.72521
-1.72526
-1.72532
-1.72537
-1.72542
-1.72547
-1.72552
-1.72558
-1.72563
-1.72568
-1.72573
-1.72578
-1.72583
-1.72589
-1.72594
-1.72599
-1.72604
-1.72609
-1.72615
-1.72620
-1.72625
-1.72630
-1.72635
-1.72641
-1.72646
-1.72651
-1.72656
-1.72661
-1.72667
-1.72672
-1.72677
-1.72682
-1.72687
-1.72692
-1.72698
-1.72703
-1.72708
-1.72713
-1.72718
-1.72724
-1.72729
-1.72734
-1.72739
-1.72744
-1.72750
-1.72755
-1.72760
-1.72765
-1.72770
-1.72776
-1.72781
-1.72786
-1.72791
-1.72796
-1.72801
-1.72807
-1.72812
-1.72817
-1.72822
-1.72827
-1.72833
-1.72838
-1.72843
-1.72848
-1.72853
-1.72859
-1.72864
-1.72869
-1.72874
-1.72879
-1.72885
-1.72890
-1.72895
-1.72900
-1.72905
-1.72910
-1.72916
-1.72921
-1.72926
-1.72931
-1.72936
-1.72942
-1.72947
-1.72952
-1.72957
-1.72962
-1.72968
-1.72973
-1.72978
-1.72983
-1.72988
-1.72994
-1.72999
-1.73004
-1.73009
-1.73014
-1.73019
-1.73025
-1.73030
-1.73035
-1.73040
-1.73045
-1.73051
-1.73056
-1.73061
-1.73066
-1.73071
-1.73077
-1.73082
-1.73087
-1.73092
-1.73097
-1.73103
-1.73108
-1.73113
-1.73118
-1.73123
-1.73128
-1.73134
-1.73139
-1.73144
-1.73149
-1.73154
-1.73160
-1.73165
-1.73170
-1.73175
-1.73180
-1.73186
-1.73191
-1.73196
-1.73201
-1.73206
-1.73212
-1.73217
-1.73222
-1.73227
-1.73232
-1.73237
-1.73243
-1.73248
-1.73253
-1.73258
-1.73263
-1.73269
-1.73274
-1.73279
-1.73284
-1.73289
-1.73295
-1.73300
-1.73305
-1.73310
-1.73315
-1.73321
-1.73326
-1.73331
-1.73336
-1.73341
-1.73346
-1.73352
-1.73357
-1.73362
-1.73367
-1.73372
-1.73378
-1.73383
-1.73388
-1.73393
-1.73398
-1.73404
-1.73409
-1.73414
-1.73419
-1.73424
-1.73430
-1.73435
-1.73440
-1.73445
-1.73450
-1.73455
-1.73461
-1.73466
-1.73471
-1.73476
-1.73481
-1.73487
-1.73492
-1.73497
-1.73502
-1.73507
-1.73513
-1.73518
-1.73523
-1.73528
-1.73533
-1.73539
-1.73544
-1.73549
-1.73554
-1.73559
-1.73564
-1.73570
-1.73575
-1.73580
-1.73585
-1.73590
-1.73596
-1.73601
-1.73606
-1.73611
-1.73616
-1.73622
-1.73627
-1.73632
-1.73637
-1.73642
-1.73648
-1.73653
-1.73658
-1.73663
-1.73668
-1.73673
-1.73679
-1.73684
-1.73689
-1.73694
-1.73699
-1.73705
-1.73710
-1.73715
-1.73720
-1.73725
-1.73731
-1.73736
-1.73741
-1.73746
-1.73751
-1.73757
-1.73762
-1.73767
-1.73772
-1.73777
-1.73782
-1.73788
-1.73793
-1.73798
-1.73803
-1.73808
-1.73814
-1.73819
-1.73824
-1.73829
-1.73834
-1.73840
-1.73845
-1.73850
-1.73855
-1.73860
-1.73866
-1.73871
-1.73876
-1.73881
-1.73886
-1.73891
-1.73897
-1.73902
-1.73907
-1.73912
-1.73917
-1.73923
-1.73928
-1.73933
-1.73938
-1.73943
-1.73949
-1.73954
-1.73959
-1.73964
-1.73969
-1.73975
-1.73980
-1.73985
-1.73990
-1.73995
-1.74000
-1.74006
-1.74011
-1.74016
-1.74021
-1.74026
-1.74032
-1.74037
-1.74042
-1.74047
-1.74052
-1.74058
-1.74063
-1.74068
-1.74073
-1.74078
-1.74084
-1.74089
-1.74094
-1.74099
-1.74104
-1.74109
-1.74115
-1.74120
-1.74125
-1.74130
-1.74135
-1.74141
-1.74146
-1.74151
-1.74156
-1.74161
-1.74167
-1.74172
-1.74177
-1.74182
-1.74187
-1.74193
-1.74198
-1.74203
-1.74208
-1.74213
-1.74218
-1.74224
-1.74229
-1.74234
-1.74239
-1.74244
-1.74250
-1.74255
-1.74260
-1.74265
-1.74270
-1.74276
-1.74281
-1.74286
-1.74291
-1.74296
-1.74302
-1.74307
-1.74312
-1.74317
-1.74322
-1.74327
-1.74333
-1.74338
-1.74343
-1.74348
-1.74353
-1.74359
-1.74364
-1.74369
-1.74374
-1.74379
-1.74385
-1.74390
-1.74395
-1.74400
-1.74405
-1.74411
-1.74416
-1.74421
-1.74426
-1.74431
-1.74436
-1.74442
-1.74447
-1.74452
-1.74457
-1.74462
-1.74468
-1.74473
-1.74478
-1.74483
-1.74488
-1.74494
-1.74499
-1.74504
-1.74509
-1.74514
-1.74520
-1.74525
-1.74530
-1.74535
-1.74540
-1.74545
-1.74551
-1.74556
-1.74561
-1.74566
-1.74571
-1.74577
-1.74582
-1.74587
-1.74592
-1.74597
-1.74603
-1.74608
-1.74613
-1.74618
-1.74623
-1.74629
-1.74634
-1.74639
-1.74644
-1.74649
-1.74654
-1.74660
-1.74665
-1.74670
-1.74675
-1.74680
-1.74686
-1.74691
-1.74696
-1.74701
-1.74706
-1.74712
-1.74717
-1.74722
-1.74727
-1.74732
-1.74738
-1.74743
-1.74748
-1.74753
-1.74758
-1.74763
-1.74769
-1.74774
-1.74779
-1.74784
-1.74789
-1.74795
-1.74800
-1.74805
-1.74810
-1.74815
-1.74821
-1.74826
-1.74831
-1.74836
-1.74841
-1.74847
-1.74852
-1.74857
-1.74862
-1.74867
-1.74872
-1.74878
-1.74883
-1.74888
-1.74893
-1.74898
-1.74904
-1.74909
-1.74914
-1.74919
-1.74924
-1.74930
-1.74935
-1.74940
-1.74945
-1.74950
-1.74956
-1.74961
-1.74966
-1.74971
-1.74976
-1.74981
-1.74987
-1.74992
-1.74997
-1.75002
-1.75007
-1.75013
-1.75018
-1.75023
-1.75028
-1.75033
-1.75039
-1.75044
-1.75049
-1.75054
-1.75059
-1.75065
-1.75070
-1.75075
-1.75080
-1.75085
-1.75090
-1.75096
-1.75101
-1.75106
-1.75111
-1.75116
-1.75122
-1.75127
-1.75132
-1.75137
-1.75142
-1.75148
-1.75153
-1.75158
-1.75163
-1.75168
-1.75174
-1.75179
-1.75184
-1.75189
-1.75194
-1.75199
-1.75205
-1.75210
-1.75215
-1.75220
-1.75225
-1.75231
-1.75236
-1.75241
-1.75246
-1.75251
-1.75257
-1.75262
-1.75267
-1.75272
-1.75277
-1.75283
-1.75288
-1.75293
-1.75298
-1.75303
-1.75308
-1.75314
-1.75319
-1.75324
-1.75329
-1.75334
-1.75340
-1.75345
-1.75350
-1.75355
-1.75360
-1.75366
-1.75371
-1.75376
-1.75381
-1.75386
-1.75392
-1.75397
-1.75402
-1.75407
-1.75412
-1.75417
-1.75423
-1.75428
-1.75433
-1.75438
-1.75443
-1.75449
-1.75454
-1.75459
-1.75464
-1.75469
-1.75475
-1.75480
-1.75485
-1.75490
-1.75495
-1.75501
-1.75506
-1.75511
-1.75516
-1.75521
-1.75526
-1.75532
-1.75537
-1.75542
-1.75547
-1.75552
-1.75558
-1.75563
-1.75568
-1.75573
-1.75578
-1.75584
-1.75589
-1.75594
-1.75599
-1.75604
-1.75610
-1.75615
-1.75620
-1.75625
-1.75630
-1.75635
-1.75641
-1.75646
-1.75651
-1.75656
-1.75661
-1.75667
-1.75672
-1.75677
-1.75682
-1.75687
-1.75693
-1.75698
-1.75703
-1.75708
-1.75713
-1.75719
-1.75724
-1.75729
-1.75734
-1.75739
-1.75744
-1.75750
-1.75755
-1.75760
-1.75765
-1.75770
-1.75776
-1.75781
-1.75786
-1.75791
-1.75796
-1.75802
-1.75807
-1.75812
-1.75817
-1.75822
-1.75828
-1.75833
-1.75838
-1.75843
-1.75848
-1.75853
-1.75859
-1.75864
-1.75869
-1.75874
-1.75879
-1.75885
-1.75890
-1.75895
-1.75900
-1.75905
-1.75911
-1.75916
-1.75921
-1.75926
-1.75931
-1.75937
-1.75942
-1.75947
-1.75952
-1.75957
-1.75962
-1.75968
-1.75973
-1.75978
-1.75983
-1.75988
-1.75994
-1.75999
-1.76004
-1.76009
-1.76014
-1.76020
-1.76025
-1.76030
-1.76035
-1.76040
-1.76046
-1.76051
-1.76056
-1.76061
-1.76066
-1.76071
-1.76077
-1.76082
-1.76087
-1.76092
-1.76097
-1.76103
-1.76108
-1.76113
-1.76118
-1.76123
-1.76129
-1.76134
-1.76139
-1.76144
-1.76149
-1.76155
-1.76160
-1.76165
-1.76170
-1.76175
-1.76180
-1.76186
-1.76191
-1.76196
-1.76201
-1.76206
-1.76212
-1.76217
-1.76222
-1.76227
-1.76232
-1.76238
-1.76243
-1.76248
-1.76253
-1.76258
-1.76264
-1.76269
-1.76274
-1.76279
-1.76284
-1.76289
-1.76295
-1.76300
-1.76305
-1.76310
-1.76315
-1.76321
-1.76326
-1.76331
-1.76336
-1.76341
-1.76347
-1.76352
-1.76357
-1.76362
-1.76367
-1.76373
-1.76378
-1.76383
-1.76388
-1.76393
-1.76398
-1.76404
-1.76409
-1.76414
-1.76419
-1.76424
-1.76430
-1.76435
-1.76440
-1.76445
-1.76450
-1.76456
-1.76461
-1.76466
-1.76471
-1.76476
-1.76482
-1.76487
-1.76492
-1.76497
-1.76502
-1.76507
-1.76513
-1.76518
-1.76523
-1.76528
-1.76533
-1.76539
-1.76544
-1.76549
-1.76554
-1.76559
-1.76565
-1.76570
-1.76575
-1.76580
-1.76585
-1.76591
-1.76596
-1.76601
-1.76606
-1.76611
-1.76616
-1.76622
-1.76627
-1.76632
-1.76637
-1.76642
-1.76648
-1.76653
-1.76658
-1.76663
-1.76668
-1.76674
-1.76679
-1.76684
-1.76689
-1.76694
-1.76699
-1.76705
-1.76710
-1.76715
-1.76720
-1.76725
-1.76731
-1.76736
-1.76741
-1.76746
-1.76751
-1.76757
-1.76762
-1.76767
-1.76772
-1.76777
-1.76783
-1.76788
-1.76793
-1.76798
-1.76803
-1.76808
-1.76814
-1.76819
-1.76824
-1.76829
-1.76834
-1.76840
-1.76845
-1.76850
-1.76855
-1.76860
-1.76866
-1.76871
-1.76876
-1.76881
-1.76886
-1.76892
-1.76897
-1.76902
-1.76907
-1.76912
-1.76917
-1.76923
-1.76928
-1.76933
-1.76938
-1.76943
-1.76949
-1.76954
-1.76959
-1.76964
-1.76969
-1.76975
-1.76980
-1.76985
-1.76990
-1.76995
-1.77001
-1.77006
-1.77011
-1.77016
-1.77021
-1.77026
-1.77032
-1.77037
-1.77042
-1.77047
-1.77052
-1.77058
-1.77063
-1.77068
-1.77073
-1.77078
-1.77084
-1.77089
-1.77094
-1.77099
-1.77104
-1.77110
-1.77115
-1.77120
-1.77125
-1.77130
-1.77135
-1.77141
-1.77146
-1.77151
-1.77156
-1.77161
-1.77167
-1.77172
-1.77177
-1.77182
-1.77187
-1.77193
-1.77198
-1.77203
-1.77208
-1.77213
-1.77219
-1.77224
-1.77229
-1.77234
-1.77239
-1.77244
-1.77250
-1.77255
-1.77260
-1.77265
-1.77270
-1.77276
-1.77281
-1.77286
-1.77291
-1.77296
-1.77302
-1.77307
-1.77312
-1.77317
-1.77322
-1.77328
-1.77333
-1.77338
-1.77343
-1.77348
-1.77353
-1.77359
-1.77364
-1.77369
-1.77374
-1.77379
-1.77385
-1.77390
-1.77395
-1.77400
-1.77405
-1.77411
-1.77416
-1.77421
-1.77426
-1.77431
-1.77437
-1.77442
-1.77447
-1.77452
-1.77457
-1.77462
-1.77468
-1.77473
-1.77478
-1.77483
-1.77488
-1.77494
-1.77499
-1.77504
-1.77509
-1.77514
-1.77520
-1.77525
-1.77530
-1.77535
-1.77540
-1.77546
-1.77551
-1.77556
-1.77561
-1.77566
-1.77571
-1.77577
-1.77582
-1.77587
-1.77592
-1.77597
-1.77603
-1.77608
-1.77613
-1.77618
-1.77623
-1.77629
-1.77634
-1.77639
-1.77644
-1.77649
-1.77655
-1.77660
-1.77665
-1.77670
-1.77675
-1.77680
-1.77686
-1.77691
-1.77696
-1.77701
-1.77706
-1.77712
-1.77717
-1.77722
-1.77727
-1.77732
-1.77738
-1.77743
-1.77748
-1.77753
-1.77758
-1.77764
-1.77769
-1.77774
-1.77779
-1.77784
-1.77789
-1.77795
-1.77800
-1.77805
-1.77810
-1.77815
-1.77821
-1.77826
-1.77831
-1.77836
-1.77841
-1.77847
-1.77852
-1.77857
-1.77862
-1.77867
-1.77873
-1.77878
-1.77883
-1.77888
-1.77893
-1.77898
-1.77904
-1.77909
-1.77914
-1.77919
-1.77924
-1.77930
-1.77935
-1.77940
-1.77945
-1.77950
-1.77956
-1.77961
-1.77966
-1.77971
-1.77976
-1.77982
-1.77987
-1.77992
-1.77997
-1.78002
-1.78007
-1.78013
-1.78018
-1.78023
-1.78028
-1.78033
-1.78039
-1.78044
-1.78049
-1.78054
-1.78059
-1.78065
-1.78070
-1.78075
-1.78080
-1.78085
-1.78091
-1.78096
-1.78101
-1.78106
-1.78111
-1.78116
-1.78122
-1.78127
-1.78132
-1.78137
-1.78142
-1.78148
-1.78153
-1.78158
-1.78163
-1.78168
-1.78174
-1.78179
-1.78184
-1.78189
-1.78194
-1.78199
-1.78205
-1.78210
-1.78215
-1.78220
-1.78225
-1.78231
-1.78236
-1.78241
-1.78246
-1.78251
-1.78257
-1.78262
-1.78267
-1.78272
-1.78277
-1.78283
-1.78288
-1.78293
-1.78298
-1.78303
-1.78308
-1.78314
-1.78319
-1.78324
-1.78329
-1.78334
-1.78340
-1.78345
-1.78350
-1.78355
-1.78360
-1.78366
-1.78371
-1.78376
-1.78381
-1.78386
-1.78392
-1.78397
-1.78402
-1.78407
-1.78412
-1.78417
-1.78423
-1.78428
-1.78433
-1.78438
-1.78443
-1.78449
-1.78454
-1.78459
-1.78464
-1.78469
-1.78475
-1.78480
-1.78485
-1.78490
-1.78495
-1.78501
-1.78506
-1.78511
-1.78516
-1.78521
-1.78526
-1.78532
-1.78537
-1.78542
-1.78547
-1.78552
-1.78558
-1.78563
-1.78568
-1.78573
-1.78578
-1.78584
-1.78589
-1.78594
-1.78599
-1.78604
-1.78610
-1.78615
-1.78620
-1.78625
-1.78630
-1.78635
-1.78641
-1.78646
-1.78651
-1.78656
-1.78661
-1.78667
-1.78672
-1.78677
-1.78682
-1.78687
-1.78693
-1.78698
-1.78703
-1.78708
-1.78713
-1.78719
-1.78724
-1.78729
-1.78734
-1.78739
-1.78744
-1.78750
-1.78755
-1.78760
-1.78765
-1.78770
-1.78776
-1.78781
-1.78786
-1.78791
-1.78796
-1.78802
-1.78807
-1.78812
-1.78817
-1.78822
-1.78828
-1.78833
-1.78838
-1.78843
-1.78848
-1.78853
-1.78859
-1.78864
-1.78869
-1.78874
-1.78879
-1.78885
-1.78890
-1.78895
-1.78900
-1.78905
-1.78911
-1.78916
-1.78921
-1.78926
-1.78931
-1.78937
-1.78942
-1.78947
-1.78952
-1.78957
-1.78962
-1.78968
-1.78973
-1.78978
-1.78983
-1.78988
-1.78994
-1.78999
-1.79004
-1.79009
-1.79014
-1.79020
-1.79025
-1.79030
-1.79035
-1.79040
-1.79046
-1.79051
-1.79056
-1.79061
-1.79066
-1.79071
-1.79077
-1.79082
-1.79087
-1.79092
-1.79097
-1.79103
-1.79108
-1.79113
-1.79118
-1.79123
-1.79129
-1.79134
-1.79139
-1.79144
-1.79149
-1.79155
-1.79160
-1.79165
-1.79170
-1.79175
-1.79180
-1.79186
-1.79191
-1.79196
-1.79201
-1.79206
-1.79212
-1.79217
-1.79222
-1.79227
-1.79232
-1.79238
-1.79243
-1.79248
-1.79253
-1.79258
-1.79263
-1.79269
-1.79274
-1.79279
-1.79284
-1.79289
-1.79295
-1.79300
-1.79305
-1.79310
-1.79315
-1.79321
-1.79326
-1.79331
-1.79336
-1.79341
-1.79347
-1.79352
-1.79357
-1.79362
-1.79367
-1.79372
-1.79378
-1.79383
-1.79388
-1.79393
-1.79398
-1.79404
-1.79409
-1.79414
-1.79419
-1.79424
-1.79430
-1.79435
-1.79440
-1.79445
-1.79450
-1.79456
-1.79461
-1.79466
-1.79471
-1.79476
-1.79481
-1.79487
-1.79492
-1.79497
-1.79502
-1.79507
-1.79513
-1.79518
-1.79523
-1.79528
-1.79533
-1.79539
-1.79544
-1.79549
-1.79554
-1.79559
-1.79565
-1.79570
-1.79575
-1.79580
-1.79585
-1.79590
-1.79596
-1.79601
-1.79606
-1.79611
-1.79616
-1.79622
-1.79627
-1.79632
-1.79637
-1.79642
-1.79648
-1.79653
-1.79658
-1.79663
-1.79668
-1.79674
-1.79679
-1.79684
-1.79689
-1.79694
-1.79699
-1.79705
-1.79710
-1.79715
-1.79720
-1.79725
-1.79731
-1.79736
-1.79741
-1.79746
-1.79751
-1.79757
-1.79762
-1.79767
-1.79772
-1.79777
-1.79783
-1.79788
-1.79793
-1.79798
-1.79803
-1.79808
-1.79814
-1.79819
-1.79824
-1.79829
-1.79834
-1.79840
-1.79845
-1.79850
-1.79855
-1.79860
-1.79866
-1.79871
-1.79876
-1.79881
-1.79886
-1.79892
-1.79897
-1.79902
-1.79907
-1.79912
-1.79917
-1.79923
-1.79928
-1.79933
-1.79938
-1.79943
-1.79949
-1.79954
-1.79959
-1.79964
-1.79969
-1.79975
-1.79980
-1.79985
-1.79990
-1.79995
-1.80001
-1.80006
-1.80011
-1.80016
-1.80021
-1.80026
-1.80032
-1.80037
-1.80042
-1.80047
-1.80052
-1.80058
-1.80063
-1.80068
-1.80073
-1.80078
-1.80084
-1.80089
-1.80094
-1.80099
-1.80104
-1.80109
-1.80115
-1.80120
-1.80125
-1.80130
-1.80135
-1.80141
-1.80146
-1.80151
-1.80156
-1.80161
-1.80167
-1.80172
-1.80177
-1.80182
-1.80187
-1.80193
-1.80198
-1.80203
-1.80208
-1.80213
-1.80218
-1.80224
-1.80229
-1.80234
-1.80239
-1.80244
-1.80250
-1.80255
-1.80260
-1.80265
-1.80270
-1.80276
-1.80281
-1.80286
-1.80291
-1.80296
-1.80302
-1.80307
-1.80312
-1.80317
-1.80322
-1.80327
-1.80333
-1.80338
-1.80343
-1.80348
-1.80353
-1.80359
-1.80364
-1.80369
-1.80374
-1.80379
-1.80385
-1.80390
-1.80395
-1.80400
-1.80405
-1.80411
-1.80416
-1.80421
-1.80426
-1.80431
-1.80436
-1.80442
-1.80447
-1.80452
-1.80457
-1.80462
-1.80468
-1.80473
-1.80478
-1.80483
-1.80488
-1.80494
-1.80499
-1.80504
-1.80509
-1.80514
-1.80520
-1.80525
-1.80530
-1.80535
-1.80540
-1.80545
-1.80551
-1.80556
-1.80561
-1.80566
-1.80571
-1.80577
-1.80582
-1.80587
-1.80592
-1.80597
-1.80603
-1.80608
-1.80613
-1.80618
-1.80623
-1.80629
-1.80634
-1.80639
-1.80644
-1.80649
-1.80654
-1.80660
-1.80665
-1.80670
-1.80675
-1.80680
-1.80686
-1.80691
-1.80696
-1.80701
-1.80706
-1.80712
-1.80717
-1.80722
-1.80727
-1.80732
-1.80738
-1.80743
-1.80748
-1.80753
-1.80758
-1.80763
-1.80769
-1.80774
-1.80779
-1.80784
-1.80789
-1.80795
-1.80800
-1.80805
-1.80810
-1.80815
-1.80821
-1.80826
-1.80831
-1.80836
-1.80841
-1.80846
-1.80852
-1.80857
-1.80862
-1.80867
-1.80872
-1.80878
-1.80883
-1.80888
-1.80893
-1.80898
-1.80904
-1.80909
-1.80914
-1.80919
-1.80924
-1.80930
-1.80935
-1.80940
-1.80945
-1.80950
-1.80955
-1.80961
-1.80966
-1.80971
-1.80976
-1.80981
-1.80987
-1.80992
-1.80997
-1.81002
-1.81007
-1.81013
-1.81018
-1.81023
-1.81028
-1.81033
-1.81039
-1.81044
-1.81049
-1.81054
-1.81059
-1.81064
-1.81070
-1.81075
-1.81080
-1.81085
-1.81090
-1.81096
-1.81101
-1.81106
-1.81111
-1.81116
-1.81122
-1.81127
-1.81132
-1.81137
-1.81142
-1.81148
-1.81153
-1.81158
-1.81163
-1.81168
-1.81173
-1.81179
-1.81184
-1.81189
-1.81194
-1.81199
-1.81205
-1.81210
-1.81215
-1.81220
-1.81225
-1.81231
-1.81236
-1.81241
-1.81246
-1.81251
-1.81257
-1.81262
-1.81267
-1.81272
-1.81277
-1.81282
-1.81288
-1.81293
-1.81298
-1.81303
-1.81308
-1.81314
-1.81319
-1.81324
-1.81329
-1.81334
-1.81340
-1.81345
-1.81350
-1.81355
-1.81360
-1.81366
-1.81371
-1.81376
-1.81381
-1.81386
-1.81391
-1.81397
-1.81402
-1.81407
-1.81412
-1.81417
-1.81423
-1.81428
-1.81433
-1.81438
-1.81443
-1.81449
-1.81454
-1.81459
-1.81464
-1.81469
-1.81475
-1.81480
-1.81485
-1.81490
-1.81495
-1.81500
-1.81506
-1.81511
-1.81516
-1.81521
-1.81526
-1.81532
-1.81537
-1.81542
-1.81547
-1.81552
-1.81558
-1.81563
-1.81568
-1.81573
-1.81578
-1.81583
-1.81589
-1.81594
-1.81599
-1.81604
-1.81609
-1.81615
-1.81620
-1.81625
-1.81630
-1.81635
-1.81641
-1.81646
-1.81651
-1.81656
-1.81661
-1.81667
-1.81672
-1.81677
-1.81682
-1.81687
-1.81692
-1.81698
-1.81703
-1.81708
-1.81713
-1.81718
-1.81724
-1.81729
-1.81734
-1.81739
-1.81744
-1.81750
-1.81755
-1.81760
-1.81765
-1.81770
-1.81776
-1.81781
-1.81786
-1.81791
-1.81796
-1.81801
-1.81807
-1.81812
-1.81817
-1.81822
-1.81827
-1.81833
-1.81838
-1.81843
-1.81848
-1.81853
-1.81859
-1.81864
-1.81869
-1.81874
-1.81879
-1.81885
-1.81890
-1.81895
-1.81900
-1.81905
-1.81910
-1.81916
-1.81921
-1.81926
-1.81931
-1.81936
-1.81942
-1.81947
-1.81952
-1.81957
-1.81962
-1.81968
-1.81973
-1.81978
-1.81983
-1.81988
-1.81994
-1.81999
-1.82004
-1.82009
-1.82014
-1.82019
-1.82025
-1.82030
-1.82035
-1.82040
-1.82045
-1.82051
-1.82056
-1.82061
-1.82066
-1.82071
-1.82077
-1.82082
-1.82087
-1.82092
-1.82097
-1.82102
-1.82108
-1.82113
-1.82118
-1.82123
-1.82128
-1.82134
-1.82139
-1.82144
-1.82149
-1.82154
-1.82160
-1.82165
-1.82170
-1.82175
-1.82180
-1.82186
-1.82191
-1.82196
-1.82201
-1.82206
-1.82211
-1.82217
-1.82222
-1.82227
-1.82232
-1.82237
-1.82243
-1.82248
-1.82253
-1.82258
-1.82263
-1.82269
-1.82274
-1.82279
-1.82284
-1.82289
-1.82295
-1.82300
-1.82305
-1.82310
-1.82315
-1.82320
-1.82326
-1.82331
-1.82336
-1.82341
-1.82346
-1.82352
-1.82357
-1.82362
-1.82367
-1.82372
-1.82378
-1.82383
-1.82388
-1.82393
-1.82398
-1.82404
-1.82409
-1.82414
-1.82419
-1.82424
-1.82429
-1.82435
-1.82440
-1.82445
-1.82450
-1.82455
-1.82461
-1.82466
-1.82471
-1.82476
-1.82481
-1.82487
-1.82492
-1.82497
-1.82502
-1.82507
-1.82513
-1.82518
-1.82523
-1.82528
-1.82533
-1.82538
-1.82544
-1.82549
-1.82554
-1.82559
-1.82564
-1.82570
-1.82575
-1.82580
-1.82585
-1.82590
-1.82596
-1.82601
-1.82606
-1.82611
-1.82616
-1.82622
-1.82627
-1.82632
-1.82637
-1.82642
-1.82647
-1.82653
-1.82658
-1.82663
-1.82668
-1.82673
-1.82679
-1.82684
-1.82689
-1.82694
-1.82699
-1.82705
-1.82710
-1.82715
-1.82720
-1.82725
-1.82730
-1.82736
-1.82741
-1.82746
-1.82751
-1.82756
-1.82762
-1.82767
-1.82772
-1.82777
-1.82782
-1.82788
-1.82793
-1.82798
-1.82803
-1.82808
-1.82814
-1.82819
-1.82824
-1.82829
-1.82834
-1.82839
-1.82845
-1.82850
-1.82855
-1.82860
-1.82865
-1.82871
-1.82876
-1.82881
-1.82886
-1.82891
-1.82897
-1.82902
-1.82907
-1.82912
-1.82917
-1.82923
-1.82928
-1.82933
-1.82938
-1.82943
-1.82948
-1.82954
-1.82959
-1.82964
-1.82969
-1.82974
-1.82980
-1.82985
-1.82990
-1.82995
-1.83000
-1.83006
-1.83011
-1.83016
-1.83021
-1.83026
-1.83032
-1.83037
-1.83042
-1.83047
-1.83052
-1.83057
-1.83063
-1.83068
-1.83073
-1.83078
-1.83083
-1.83089
-1.83094
-1.83099
-1.83104
-1.83109
-1.83115
-1.83120
-1.83125
-1.83130
-1.83135
-1.83141
-1.83146
-1.83151
-1.83156
-1.83161
-1.83166
-1.83172
-1.83177
-1.83182
-1.83187
-1.83192
-1.83198
-1.83203
-1.83208
-1.83213
-1.83218
-1.83224
-1.83229
-1.83234
-1.83239
-1.83244
-1.83249
-1.83255
-1.83260
-1.83265
-1.83270
-1.83275
-1.83281
-1.83286
-1.83291
-1.83296
-1.83301
-1.83307
-1.83312
-1.83317
-1.83322
-1.83327
-1.83333
-1.83338
-1.83343
-1.83348
-1.83353
-1.83358
-1.83364
-1.83369
-1.83374
-1.83379
-1.83384
-1.83390
-1.83395
-1.83400
-1.83405
-1.83410
-1.83416
-1.83421
-1.83426
-1.83431
-1.83436
-1.83442
-1.83447
-1.83452
-1.83457
-1.83462
-1.83467
-1.83473
-1.83478
-1.83483
-1.83488
-1.83493
-1.83499
-1.83504
-1.83509
-1.83514
-1.83519
-1.83525
-1.83530
-1.83535
-1.83540
-1.83545
-1.83551
-1.83556
-1.83561
-1.83566
-1.83571
-1.83576
-1.83582
-1.83587
-1.83592
-1.83597
-1.83602
-1.83608
-1.83613
-1.83618
-1.83623
-1.83628
-1.83634
-1.83639
-1.83644
-1.83649
-1.83654
-1.83660
-1.83665
-1.83670
-1.83675
-1.83680
-1.83685
-1.83691
-1.83696
-1.83701
-1.83706
-1.83711
-1.83717
-1.83722
-1.83727
-1.83732
-1.83737
-1.83743
-1.83748
-1.83753
-1.83758
-1.83763
-1.83768
-1.83774
-1.83779
-1.83784
-1.83789
-1.83794
-1.83800
-1.83805
-1.83810
-1.83815
-1.83820
-1.83826
-1.83831
-1.83836
-1.83841
-1.83846
-1.83852
-1.83857
-1.83862
-1.83867
-1.83872
-1.83877
-1.83883
-1.83888
-1.83893
-1.83898
-1.83903
-1.83909
-1.83914
-1.83919
-1.83924
-1.83929
-1.83935
-1.83940
-1.83945
-1.83950
-1.83955
-1.83961
-1.83966
-1.83971
-1.83976
-1.83981
-1.83986
-1.83992
-1.83997
-1.84002
-1.84007
-1.84012
-1.84018
-1.84023
-1.84028
-1.84033
-1.84038
-1.84044
-1.84049
-1.84054
-1.84059
-1.84064
-1.84070
-1.84075
-1.84080
-1.84085
-1.84090
-1.84095
-1.84101
-1.84106
-1.84111
-1.84116
-1.84121
-1.84127
-1.84132
-1.84137
-1.84142
-1.84147
-1.84153
-1.84158
-1.84163
-1.84168
-1.84173
-1.84179
-1.84184
-1.84189
-1.84194
-1.84199
-1.84204
-1.84210
-1.84215
-1.84220
-1.84225
-1.84230
-1.84236
-1.84241
-1.84246
-1.84251
-1.84256
-1.84262
-1.84267
-1.84272
-1.84277
-1.84282
-1.84287
-1.84293
-1.84298
-1.84303
-1.84308
-1.84313
-1.84319
-1.84324
-1.84329
-1.84334
-1.84339
-1.84345
-1.84350
-1.84355
-1.84360
-1.84365
-1.84371
-1.84376
-1.84381
-1.84386
-1.84391
-1.84396
-1.84402
-1.84407
-1.84412
-1.84417
-1.84422
-1.84428
-1.84433
-1.84438
-1.84443
-1.84448
-1.84454
-1.84459
-1.84464
-1.84469
-1.84474
-1.84480
-1.84485
-1.84490
-1.84495
-1.84500
-1.84505
-1.84511
-1.84516
-1.84521
-1.84526
-1.84531
-1.84537
-1.84542
-1.84547
-1.84552
-1.84557
-1.84563
-1.84568
-1.84573
-1.84578
-1.84583
-1.84589
-1.84594
-1.84599
-1.84604
-1.84609
-1.84614
-1.84620
-1.84625
-1.84630
-1.84635
-1.84640
-1.84646
-1.84651
-1.84656
-1.84661
-1.84666
-1.84672
-1.84677
-1.84682
-1.84687
-1.84692
-1.84697
-1.84703
-1.84708
-1.84713
-1.84718
-1.84723
-1.84729
-1.84734
-1.84739
-1.84744
-1.84749
-1.84755
-1.84760
-1.84765
-1.84770
-1.84775
-1.84781
-1.84786
-1.84791
-1.84796
-1.84801
-1.84806
-1.84812
-1.84817
-1.84822
-1.84827
-1.84832
-1.84838
-1.84843
-1.84848
-1.84853
-1.84858
-1.84864
-1.84869
-1.84874
-1.84879
-1.84884
-1.84890
-1.84895
-1.84900
-1.84905
-1.84910
-1.84915
-1.84921
-1.84926
-1.84931
-1.84936
-1.84941
-1.84947
-1.84952
-1.84957
-1.84962
-1.84967
-1.84973
-1.84978
-1.84983
-1.84988
-1.84993
-1.84999
-1.85004
-1.85009
-1.85014
-1.85019
-1.85024
-1.85030
-1.85035
-1.85040
-1.85045
-1.85050
-1.85056
-1.85061
-1.85066
-1.85071
-1.85076
-1.85082
-1.85087
-1.85092
-1.85097
-1.85102
-1.85107
-1.85113
-1.85118
-1.85123
-1.85128
-1.85133
-1.85139
-1.85144
-1.85149
-1.85154
-1.85159
-1.85165
-1.85170
-1.85175
-1.85180
-1.85185
-1.85191
-1.85196
-1.85201
-1.85206
-1.85211
-1.85216
-1.85222
-1.85227
-1.85232
-1.85237
-1.85242
-1.85248
-1.85253
-1.85258
-1.85263
-1.85268
-1.85274
-1.85279
-1.85284
-1.85289
-1.85294
-1.85300
-1.85305
-1.85310
-1.85315
-1.85320
-1.85325
-1.85331
-1.85336
-1.85341
-1.85346
-1.85351
-1.85357
-1.85362
-1.85367
-1.85372
-1.85377
-1.85383
-1.85388
-1.85393
-1.85398
-1.85403
-1.85409
-1.85414
-1.85419
-1.85424
-1.85429
-1.85434
-1.85440
-1.85445
-1.85450
-1.85455
-1.85460
-1.85466
-1.85471
-1.85476
-1.85481
-1.85486
-1.85492
-1.85497
-1.85502
-1.85507
-1.85512
-1.85518
-1.85523
-1.85528
-1.85533
-1.85538
-1.85543
-1.85549
-1.85554
-1.85559
-1.85564
-1.85569
-1.85575
-1.85580
-1.85585
-1.85590
-1.85595
-1.85601
-1.85606
-1.85611
-1.85616
-1.85621
-1.85626
-1.85632
-1.85637
-1.85642
-1.85647
-1.85652
-1.85658
-1.85663
-1.85668
-1.85673
-1.85678
-1.85684
-1.85689
-1.85694
-1.85699
-1.85704
-1.85710
-1.85715
-1.85720
-1.85725
-1.85730
-1.85735
-1.85741
-1.85746
-1.85751
-1.85756
-1.85761
-1.85767
-1.85772
-1.85777
-1.85782
-1.85787
-1.85793
-1.85798
-1.85803
-1.85808
-1.85813
-1.85819
-1.85824
-1.85829
-1.85834
-1.85839
-1.85844
-1.85850
-1.85855
-1.85860
-1.85865
-1.85870
-1.85876
-1.85881
-1.85886
-1.85891
-1.85896
-1.85902
-1.85907
-1.85912
-1.85917
-1.85922
-1.85928
-1.85933
-1.85938
-1.85943
-1.85948
-1.85953
-1.85959
-1.85964
-1.85969
-1.85974
-1.85979
-1.85985
-1.85990
-1.85995
-1.86000
-1.86005
-1.86011
-1.86016
-1.86021
-1.86026
-1.86031
-1.86036
-1.86042
-1.86047
-1.86052
-1.86057
-1.86062
-1.86068
-1.86073
-1.86078
-1.86083
-1.86088
-1.86094
-1.86099
-1.86104
-1.86109
-1.86114
-1.86120
-1.86125
-1.86130
-1.86135
-1.86140
-1.86145
-1.86151
-1.86156
-1.86161
-1.86166
-1.86171
-1.86177
-1.86182
-1.86187
-1.86192
-1.86197
-1.86203
-1.86208
-1.86213
-1.86218
-1.86223
-1.86229
-1.86234
-1.86239
-1.86244
-1.86249
-1.86254
-1.86260
-1.86265
-1.86270
-1.86275
-1.86280
-1.86286
-1.86291
-1.86296
-1.86301
-1.86306
-1.86312
-1.86317
-1.86322
-1.86327
-1.86332
-1.86337
-1.86343
-1.86348
-1.86353
-1.86358
-1.86363
-1.86369
-1.86374
-1.86379
-1.86384
-1.86389
-1.86395
-1.86400
-1.86405
-1.86410
-1.86415
-1.86421
-1.86426
-1.86431
-1.86436
-1.86441
-1.86446
-1.86452
-1.86457
-1.86462
-1.86467
-1.86472
-1.86478
-1.86483
-1.86488
-1.86493
-1.86498
-1.86504
-1.86509
-1.86514
-1.86519
-1.86524
-1.86530
-1.86535
-1.86540
-1.86545
-1.86550
-1.86555
-1.86561
-1.86566
-1.86571
-1.86576
-1.86581
-1.86587
-1.86592
-1.86597
-1.86602
-1.86607
-1.86613
-1.86618
-1.86623
-1.86628
-1.86633
-1.86639
-1.86644
-1.86649
-1.86654
-1.86659
-1.86664
-1.86670
-1.86675
-1.86680
-1.86685
-1.86690
-1.86696
-1.86701
-1.86706
-1.86711
-1.86716
-1.86722
-1.86727
-1.86732
-1.86737
-1.86742
-1.86747
-1.86753
-1.86758
-1.86763
-1.86768
-1.86773
-1.86779
-1.86784
-1.86789
-1.86794
-1.86799
-1.86805
-1.86810
-1.86815
-1.86820
-1.86825
-1.86831
-1.86836
-1.86841
-1.86846
-1.86851
-1.86856
-1.86862
-1.86867
-1.86872
-1.86877
-1.86882
-1.86888
-1.86893
-1.86898
-1.86903
-1.86908
-1.86914
-1.86919
-1.86924
-1.86929
-1.86934
-1.86940
-1.86945
-1.86950
-1.86955
-1.86960
-1.86965
-1.86971
-1.86976
-1.86981
-1.86986
-1.86991
-1.86997
-1.87002
-1.87007
-1.87012
-1.87017
-1.87023
-1.87028
-1.87033
-1.87038
-1.87043
-1.87049
-1.87054
-1.87059
-1.87064
-1.87069
-1.87074
-1.87080
-1.87085
-1.87090
-1.87095
-1.87100
-1.87106
-1.87111
-1.87116
-1.87121
-1.87126
-1.87132
-1.87137
-1.87142
-1.87147
-1.87152
-1.87157
-1.87163
-1.87168
-1.87173
-1.87178
-1.87183
-1.87189
-1.87194
-1.87199
-1.87204
-1.87209
-1.87215
-1.87220
-1.87225
-1.87230
-1.87235
-1.87241
-1.87246
-1.87251
-1.87256
-1.87261
-1.87266
-1.87272
-1.87277
-1.87282
-1.87287
-1.87292
-1.87298
-1.87303
-1.87308
-1.87313
-1.87318
-1.87324
-1.87329
-1.87334
-1.87339
-1.87344
-1.87350
-1.87355
-1.87360
-1.87365
-1.87370
-1.87375
-1.87381
-1.87386
-1.87391
-1.87396
-1.87401
-1.87407
-1.87412
-1.87417
-1.87422
-1.87427
-1.87433
-1.87438
-1.87443
-1.87448
-1.87453
-1.87458
-1.87464
-1.87469
-1.87474
-1.87479
-1.87484
-1.87490
-1.87495
-1.87500
-1.87505
-1.87510
-1.87516
-1.87521
-1.87526
-1.87531
-1.87536
-1.87542
-1.87547
-1.87552
-1.87557
-1.87562
-1.87567
-1.87573
-1.87578
-1.87583
-1.87588
-1.87593
-1.87599
-1.87604
-1.87609
-1.87614
-1.87619
-1.87625
-1.87630
-1.87635
-1.87640
-1.87645
-1.87651
-1.87656
-1.87661
-1.87666
-1.87671
-1.87676
-1.87682
-1.87687
-1.87692
-1.87697
-1.87702
-1.87708
-1.87713
-1.87718
-1.87723
-1.87728
-1.87734
-1.87739
-1.87744
-1.87749
-1.87754
-1.87760
-1.87765
-1.87770
-1.87775
-1.87780
-1.87785
-1.87791
-1.87796
-1.87801
-1.87806
-1.87811
-1.87817
-1.87822
-1.87827
-1.87832
-1.87837
-1.87843
-1.87848
-1.87853
-1.87858
-1.87863
-1.87868
-1.87874
-1.87879
-1.87884
-1.87889
-1.87894
-1.87900
-1.87905
-1.87910
-1.87915
-1.87920
-1.87926
-1.87931
-1.87936
-1.87941
-1.87946
-1.87952
-1.87957
-1.87962
-1.87967
-1.87972
-1.87977
-1.87983
-1.87988
-1.87993
-1.87998
-1.88003
-1.88009
-1.88014
-1.88019
-1.88024
-1.88029
-1.88035
-1.88040
-1.88045
-1.88050
-1.88055
-1.88061
-1.88066
-1.88071
-1.88076
-1.88081
-1.88086
-1.88092
-1.88097
-1.88102
-1.88107
-1.88112
-1.88118
-1.88123
-1.88128
-1.88133
-1.88138
-1.88144
-1.88149
-1.88154
-1.88159
-1.88164
-1.88169
-1.88175
-1.88180
-1.88185
-1.88190
-1.88195
-1.88201
-1.88206
-1.88211
-1.88216
-1.88221
-1.88227
-1.88232
-1.88237
-1.88242
-1.88247
-1.88253
-1.88258
-1.88263
-1.88268
-1.88273
-1.88278
-1.88284
-1.88289
-1.88294
-1.88299
-1.88304
-1.88310
-1.88315
-1.88320
-1.88325
-1.88330
-1.88336
-1.88341
-1.88346
-1.88351
-1.88356
-1.88362
-1.88367
-1.88372
-1.88377
-1.88382
-1.88387
-1.88393
-1.88398
-1.88403
-1.88408
-1.88413
-1.88419
-1.88424
-1.88429
-1.88434
-1.88439
-1.88445
-1.88450
-1.88455
-1.88460
-1.88465
-1.88471
-1.88476
-1.88481
-1.88486
-1.88491
-1.88496
-1.88502
-1.88507
-1.88512
-1.88517
-1.88522
-1.88528
-1.88533
-1.88538
-1.88543
-1.88548
-1.88554
-1.88559
-1.88564
-1.88569
-1.88574
-1.88579
-1.88585
-1.88590
-1.88595
-1.88600
-1.88605
-1.88611
-1.88616
-1.88621
-1.88626
-1.88631
-1.88637
-1.88642
-1.88647
-1.88652
-1.88657
-1.88663
-1.88668
-1.88673
-1.88678
-1.88683
-1.88688
-1.88694
-1.88699
-1.88704
-1.88709
-1.88714
-1.88720
-1.88725
-1.88730
-1.88735
-1.88740
-1.88746
-1.88751
-1.88756
-1.88761
-1.88766
-1.88772
-1.88777
-1.88782
-1.88787
-1.88792
-1.88797
-1.88803
-1.88808
-1.88813
-1.88818
-1.88823
-1.88829
-1.88834
-1.88839
-1.88844
-1.88849
-1.88855
-1.88860
-1.88865
-1.88870
-1.88875
-1.88880
-1.88886
-1.88891
-1.88896
-1.88901
-1.88906
-1.88912
-1.88917
-1.88922
-1.88927
-1.88932
-1.88938
-1.88943
-1.88948
-1.88953
-1.88958
-1.88964
-1.88969
-1.88974
-1.88979
-1.88984
-1.88989
-1.88995
-1.89000
-1.89005
-1.89010
-1.89015
-1.89021
-1.89026
-1.89031
-1.89036
-1.89041
-1.89047
-1.89052
-1.89057
-1.89062
-1.89067
-1.89073
-1.89078
-1.89083
-1.89088
-1.89093
-1.89098
-1.89104
-1.89109
-1.89114
-1.89119
-1.89124
-1.89130
-1.89135
-1.89140
-1.89145
-1.89150
-1.89156
-1.89161
-1.89166
-1.89171
-1.89176
-1.89181
-1.89187
-1.89192
-1.89197
-1.89202
-1.89207
-1.89213
-1.89218
-1.89223
-1.89228
-1.89233
-1.89239
-1.89244
-1.89249
-1.89254
-1.89259
-1.89265
-1.89270
-1.89275
-1.89280
-1.89285
-1.89290
-1.89296
-1.89301
-1.89306
-1.89311
-1.89316
-1.89322
-1.89327
-1.89332
-1.89337
-1.89342
-1.89348
-1.89353
-1.89358
-1.89363
-1.89368
-1.89374
-1.89379
-1.89384
-1.89389
-1.89394
-1.89399
-1.89405
-1.89410
-1.89415
-1.89420
-1.89425
-1.89431
-1.89436
-1.89441
-1.89446
-1.89451
-1.89457
-1.89462
-1.89467
-1.89472
-1.89477
-1.89482
-1.89488
-1.89493
-1.89498
-1.89503
-1.89508
-1.89514
-1.89519
-1.89524
-1.89529
-1.89534
-1.89540
-1.89545
-1.89550
-1.89555
-1.89560
-1.89566
-1.89571
-1.89576
-1.89581
-1.89586
-1.89591
-1.89597
-1.89602
-1.89607
-1.89612
-1.89617
-1.89623
-1.89628
-1.89633
-1.89638
-1.89643
-1.89649
-1.89654
-1.89659
-1.89664
-1.89669
-1.89675
-1.89680
-1.89685
-1.89690
-1.89695
-1.89700
-1.89706
-1.89711
-1.89716
-1.89721
-1.89726
-1.89732
-1.89737
-1.89742
-1.89747
-1.89752
-1.89758
-1.89763
-1.89768
-1.89773
-1.89778
-1.89783
-1.89789
-1.89794
-1.89799
-1.89804
-1.89809
-1.89815
-1.89820
-1.89825
-1.89830
-1.89835
-1.89841
-1.89846
-1.89851
-1.89856
-1.89861
-1.89867
-1.89872
-1.89877
-1.89882
-1.89887
-1.89892
-1.89898
-1.89903
-1.89908
-1.89913
-1.89918
-1.89924
-1.89929
-1.89934
-1.89939
-1.89944
-1.89950
-1.89955
-1.89960
-1.89965
-1.89970
-1.89976
-1.89981
-1.89986
-1.89991
-1.89996
-1.90001
-1.90007
-1.90012
-1.90017
-1.90022
-1.90027
-1.90033
-1.90038
-1.90043
-1.90048
-1.90053
-1.90059
-1.90064
-1.90069
-1.90074
-1.90079
-1.90084
-1.90090
-1.90095
-1.90100
-1.90105
-1.90110
-1.90116
-1.90121
-1.90126
-1.90131
-1.90136
-1.90142
-1.90147
-1.90152
-1.90157
-1.90162
-1.90168
-1.90173
-1.90178
-1.90183
-1.90188
-1.90193
-1.90199
-1.90204
-1.90209
-1.90214
-1.90219
-1.90225
-1.90230
-1.90235
-1.90240
-1.90245
-1.90251
-1.90256
-1.90261
-1.90266
-1.90271
-1.90277
-1.90282
-1.90287
-1.90292
-1.90297
-1.90302
-1.90308
-1.90313
-1.90318
-1.90323
-1.90328
-1.90334
-1.90339
-1.90344
-1.90349
-1.90354
-1.90360
-1.90365
-1.90370
-1.90375
-1.90380
-1.90385
-1.90391
-1.90396
-1.90401
-1.90406
-1.90411
-1.90417
-1.90422
-1.90427
-1.90432
-1.90437
-1.90443
-1.90448
-1.90453
-1.90458
-1.90463
-1.90469
-1.90474
-1.90479
-1.90484
-1.90489
-1.90494
-1.90500
-1.90505
-1.90510
-1.90515
-1.90520
-1.90526
-1.90531
-1.90536
-1.90541
-1.90546
-1.90552
-1.90557
-1.90562
-1.90567
-1.90572
-1.90578
-1.90583
-1.90588
-1.90593
-1.90598
-1.90603
-1.90609
-1.90614
-1.90619
-1.90624
-1.90629
-1.90635
-1.90640
-1.90645
-1.90650
-1.90655
-1.90661
-1.90666
-1.90671
-1.90676
-1.90681
-1.90686
-1.90692
-1.90697
-1.90702
-1.90707
-1.90712
-1.90718
-1.90723
-1.90728
-1.90733
-1.90738
-1.90744
-1.90749
-1.90754
-1.90759
-1.90764
-1.90770
-1.90775
-1.90780
-1.90785
-1.90790
-1.90795
-1.90801
-1.90806
-1.90811
-1.90816
-1.90821
-1.90827
-1.90832
-1.90837
-1.90842
-1.90847
-1.90853
-1.90858
-1.90863
-1.90868
-1.90873
-1.90879
-1.90884
-1.90889
-1.90894
-1.90899
-1.90904
-1.90910
-1.90915
-1.90920
-1.90925
-1.90930
-1.90936
-1.90941
-1.90946
-1.90951
-1.90956
-1.90962
-1.90967
-1.90972
-1.90977
-1.90982
-1.90987
-1.90993
-1.90998
-1.91003
-1.91008
-1.91013
-1.91019
-1.91024
-1.91029
-1.91034
-1.91039
-1.91045
-1.91050
-1.91055
-1.91060
-1.91065
-1.91071
-1.91076
-1.91081
-1.91086
-1.91091
-1.91096
-1.91102
-1.91107
-1.91112
-1.91117
-1.91122
-1.91128
-1.91133
-1.91138
-1.91143
-1.91148
-1.91154
-1.91159
-1.91164
-1.91169
-1.91174
-1.91180
-1.91185
-1.91190
-1.91195
-1.91200
-1.91205
-1.91211
-1.91216
-1.91221
-1.91226
-1.91231
-1.91237
-1.91242
-1.91247
-1.91252
-1.91257
-1.91263
-1.91268
-1.91273
-1.91278
-1.91283
-1.91288
-1.91294
-1.91299
-1.91304
-1.91309
-1.91314
-1.91320
-1.91325
-1.91330
-1.91335
-1.91340
-1.91346
-1.91351
-1.91356
-1.91361
-1.91366
-1.91372
-1.91377
-1.91382
-1.91387
-1.91392
-1.91397
-1.91403
-1.91408
-1.91413
-1.91418
-1.91423
-1.91429
-1.91434
-1.91439
-1.91444
-1.91449
-1.91455
-1.91460
-1.91465
-1.91470
-1.91475
-1.91481
-1.91486
-1.91491
-1.91496
-1.91501
-1.91506
-1.91512
-1.91517
-1.91522
-1.91527
-1.91532
-1.91538
-1.91543
-1.91548
-1.91553
-1.91558
-1.91564
-1.91569
-1.91574
-1.91579
-1.91584
-1.91589
-1.91595
-1.91600
-1.91605
-1.91610
-1.91615
-1.91621
-1.91626
-1.91631
-1.91636
-1.91641
-1.91647
-1.91652
-1.91657
-1.91662
-1.91667
-1.91673
-1.91678
-1.91683
-1.91688
-1.91693
-1.91698
-1.91704
-1.91709
-1.91714
-1.91719
-1.91724
-1.91730
-1.91735
-1.91740
-1.91745
-1.91750
-1.91756
-1.91761
-1.91766
-1.91771
-1.91776
-1.91781
-1.91787
-1.91792
-1.91797
-1.91802
-1.91807
-1.91813
-1.91818
-1.91823
-1.91828
-1.91833
-1.91839
-1.91844
-1.91849
-1.91854
-1.91859
-1.91865
-1.91870
-1.91875
-1.91880
-1.91885
-1.91890
-1.91896
-1.91901
-1.91906
-1.91911
-1.91916
-1.91922
-1.91927
-1.91932
-1.91937
-1.91942
-1.91948
-1.91953
-1.91958
-1.91963
-1.91968
-1.91974
-1.91979
-1.91984
-1.91989
-1.91994
-1.91999
-1.92005
-1.92010
-1.92015
-1.92020
-1.92025
-1.92031
-1.92036
-1.92041
-1.92046
-1.92051
-1.92057
-1.92062
-1.92067
-1.92072
-1.92077
-1.92082
-1.92088
-1.92093
-1.92098
-1.92103
-1.92108
-1.92114
-1.92119
-1.92124
-1.92129
-1.92134
-1.92140
-1.92145
-1.92150
-1.92155
-1.92160
-1.92166
-1.92171
-1.92176
-1.92181
-1.92186
-1.92191
-1.92197
-1.92202
-1.92207
-1.92212
-1.92217
-1.92223
-1.92228
-1.92233
-1.92238
-1.92243
-1.92249
-1.92254
-1.92259
-1.92264
-1.92269
-1.92275
-1.92280
-1.92285
-1.92290
-1.92295
-1.92300
-1.92306
-1.92311
-1.92316
-1.92321
-1.92326
-1.92332
-1.92337
-1.92342
-1.92347
-1.92352
-1.92358
-1.92363
-1.92368
-1.92373
-1.92378
-1.92383
-1.92389
-1.92394
-1.92399
-1.92404
-1.92409
-1.92415
-1.92420
-1.92425
-1.92430
-1.92435
-1.92441
-1.92446
-1.92451
-1.92456
-1.92461
-1.92467
-1.92472
-1.92477
-1.92482
-1.92487
-1.92492
-1.92498
-1.92503
-1.92508
-1.92513
-1.92518
-1.92524
-1.92529
-1.92534
-1.92539
-1.92544
-1.92550
-1.92555
-1.92560
-1.92565
-1.92570
-1.92575
-1.92581
-1.92586
-1.92591
-1.92596
-1.92601
-1.92607
-1.92612
-1.92617
-1.92622
-1.92627
-1.92633
-1.92638
-1.92643
-1.92648
-1.92653
-1.92659
-1.92664
-1.92669
-1.92674
-1.92679
-1.92684
-1.92690
-1.92695
-1.92700
-1.92705
-1.92710
-1.92716
-1.92721
-1.92726
-1.92731
-1.92736
-1.92742
-1.92747
-1.92752
-1.92757
-1.92762
-1.92768
-1.92773
-1.92778
-1.92783
-1.92788
-1.92793
-1.92799
-1.92804
-1.92809
-1.92814
-1.92819
-1.92825
-1.92830
-1.92835
-1.92840
-1.92845
-1.92851
-1.92856
-1.92861
-1.92866
-1.92871
-1.92876
-1.92882
-1.92887
-1.92892
-1.92897
-1.92902
-1.92908
-1.92913
-1.92918
-1.92923
-1.92928
-1.92934
-1.92939
-1.92944
-1.92949
-1.92954
-1.92960
-1.92965
-1.92970
-1.92975
-1.92980
-1.92985
-1.92991
-1.92996
-1.93001
-1.93006
-1.93011
-1.93017
-1.93022
-1.93027
-1.93032
-1.93037
-1.93043
-1.93048
-1.93053
-1.93058
-1.93063
-1.93068
-1.93074
-1.93079
-1.93084
-1.93089
-1.93094
-1.93100
-1.93105
-1.93110
-1.93115
-1.93120
-1.93126
-1.93131
-1.93136
-1.93141
-1.93146
-1.93152
-1.93157
-1.93162
-1.93167
-1.93172
-1.93177
-1.93183
-1.93188
-1.93193
-1.93198
-1.93203
-1.93209
-1.93214
-1.93219
-1.93224
-1.93229
-1.93235
-1.93240
-1.93245
-1.93250
-1.93255
-1.93261
-1.93266
-1.93271
-1.93276
-1.93281
-1.93286
-1.93292
-1.93297
-1.93302
-1.93307
-1.93312
-1.93318
-1.93323
-1.93328
-1.93333
-1.93338
-1.93344
-1.93349
-1.93354
-1.93359
-1.93364
-1.93369
-1.93375
-1.93380
-1.93385
-1.93390
-1.93395
-1.93401
-1.93406
-1.93411
-1.93416
-1.93421
-1.93427
-1.93432
-1.93437
-1.93442
-1.93447
-1.93453
-1.93458
-1.93463
-1.93468
-1.93473
-1.93478
-1.93484
-1.93489
-1.93494
-1.93499
-1.93504
-1.93510
-1.93515
-1.93520
-1.93525
-1.93530
-1.93536
-1.93541
-1.93546
-1.93551
-1.93556
-1.93561
-1.93567
-1.93572
-1.93577
-1.93582
-1.93587
-1.93593
-1.93598
-1.93603
-1.93608
-1.93613
-1.93619
-1.93624
-1.93629
-1.93634
-1.93639
-1.93645
-1.93650
-1.93655
-1.93660
-1.93665
-1.93670
-1.93676
-1.93681
-1.93686
-1.93691
-1.93696
-1.93702
-1.93707
-1.93712
-1.93717
-1.93722
-1.93728
-1.93733
-1.93738
-1.93743
-1.93748
-1.93754
-1.93759
-1.93764
-1.93769
-1.93774
-1.93779
-1.93785
-1.93790
-1.93795
-1.93800
-1.93805
-1.93811
-1.93816
-1.93821
-1.93826
-1.93831
-1.93837
-1.93842
-1.93847
-1.93852
-1.93857
-1.93862
-1.93868
-1.93873
-1.93878
-1.93883
-1.93888
-1.93894
-1.93899
-1.93904
-1.93909
-1.93914
-1.93920
-1.93925
-1.93930
-1.93935
-1.93940
-1.93946
-1.93951
-1.93956
-1.93961
-1.93966
-1.93971
-1.93977
-1.93982
-1.93987
-1.93992
-1.93997
-1.94003
-1.94008
-1.94013
-1.94018
-1.94023
-1.94029
-1.94034
-1.94039
-1.94044
-1.94049
-1.94054
-1.94060
-1.94065
-1.94070
-1.94075
-1.94080
-1.94086
-1.94091
-1.94096
-1.94101
-1.94106
-1.94112
-1.94117
-1.94122
-1.94127
-1.94132
-1.94138
-1.94143
-1.94148
-1.94153
-1.94158
-1.94163
-1.94169
-1.94174
-1.94179
-1.94184
-1.94189
-1.94195
-1.94200
-1.94205
-1.94210
-1.94215
-1.94221
-1.94226
-1.94231
-1.94236
-1.94241
-1.94247
-1.94252
-1.94257
-1.94262
-1.94267
-1.94272
-1.94278
-1.94283
-1.94288
-1.94293
-1.94298
-1.94304
-1.94309
-1.94314
-1.94319
-1.94324
-1.94330
-1.94335
-1.94340
-1.94345
-1.94350
-1.94355
-1.94361
-1.94366
-1.94371
-1.94376
-1.94381
-1.94387
-1.94392
-1.94397
-1.94402
-1.94407
-1.94413
-1.94418
-1.94423
-1.94428
-1.94433
-1.94439
-1.94444
-1.94449
-1.94454
-1.94459
-1.94464
-1.94470
-1.94475
-1.94480
-1.94485
-1.94490
-1.94496
-1.94501
-1.94506
-1.94511
-1.94516
-1.94522
-1.94527
-1.94532
-1.94537
-1.94542
-1.94547
-1.94553
-1.94558
-1.94563
-1.94568
-1.94573
-1.94579
-1.94584
-1.94589
-1.94594
-1.94599
-1.94605
-1.94610
-1.94615
-1.94620
-1.94625
-1.94631
-1.94636
-1.94641
-1.94646
-1.94651
-1.94656
-1.94662
-1.94667
-1.94672
-1.94677
-1.94682
-1.94688
-1.94693
-1.94698
-1.94703
-1.94708
-1.94714
-1.94719
-1.94724
-1.94729
-1.94734
-1.94740
-1.94745
-1.94750
-1.94755
-1.94760
-1.94765
-1.94771
-1.94776
-1.94781
-1.94786
-1.94791
-1.94797
-1.94802
-1.94807
-1.94812
-1.94817
-1.94823
-1.94828
-1.94833
-1.94838
-1.94843
-1.94848
-1.94854
-1.94859
-1.94864
-1.94869
-1.94874
-1.94880
-1.94885
-1.94890
-1.94895
-1.94900
-1.94906
-1.94911
-1.94916
-1.94921
-1.94926
-1.94932
-1.94937
-1.94942
-1.94947
-1.94952
-1.94957
-1.94963
-1.94968
-1.94973
-1.94978
-1.94983
-1.94989
-1.94994
-1.94999
-1.95004
-1.95009
-1.95015
-1.95020
-1.95025
-1.95030
-1.95035
-1.95040
-1.95046
-1.95051
-1.95056
-1.95061
-1.95066
-1.95072
-1.95077
-1.95082
-1.95087
-1.95092
-1.95098
-1.95103
-1.95108
-1.95113
-1.95118
-1.95124
-1.95129
-1.95134
-1.95139
-1.95144
-1.95149
-1.95155
-1.95160
-1.95165
-1.95170
-1.95175
-1.95181
-1.95186
-1.95191
-1.95196
-1.95201
-1.95207
-1.95212
-1.95217
-1.95222
-1.95227
-1.95232
-1.95238
-1.95243
-1.95248
-1.95253
-1.95258
-1.95264
-1.95269
-1.95274
-1.95279
-1.95284
-1.95290
-1.95295
-1.95300
-1.95305
-1.95310
-1.95316
-1.95321
-1.95326
-1.95331
-1.95336
-1.95341
-1.95347
-1.95352
-1.95357
-1.95362
-1.95367
-1.95373
-1.95378
-1.95383
-1.95388
-1.95393
-1.95399
-1.95404
-1.95409
-1.95414
-1.95419
-1.95425
-1.95430
-1.95435
-1.95440
-1.95445
-1.95450
-1.95456
-1.95461
-1.95466
-1.95471
-1.95476
-1.95482
-1.95487
-1.95492
-1.95497
-1.95502
-1.95508
-1.95513
-1.95518
-1.95523
-1.95528
-1.95533
-1.95539
-1.95544
-1.95549
-1.95554
-1.95559
-1.95565
-1.95570
-1.95575
-1.95580
-1.95585
-1.95591
-1.95596
-1.95601
-1.95606
-1.95611
-1.95617
-1.95622
-1.95627
-1.95632
-1.95637
-1.95642
-1.95648
-1.95653
-1.95658
-1.95663
-1.95668
-1.95674
-1.95679
-1.95684
-1.95689
-1.95694
-1.95700
-1.95705
-1.95710
-1.95715
-1.95720
-1.95725
-1.95731
-1.95736
-1.95741
-1.95746
-1.95751
-1.95757
-1.95762
-1.95767
-1.95772
-1.95777
-1.95783
-1.95788
-1.95793
-1.95798
-1.95803
-1.95809
-1.95814
-1.95819
-1.95824
-1.95829
-1.95834
-1.95840
-1.95845
-1.95850
-1.95855
-1.95860
-1.95866
-1.95871
-1.95876
-1.95881
-1.95886
-1.95892
-1.95897
-1.95902
-1.95907
-1.95912
-1.95917
-1.95923
-1.95928
-1.95933
-1.95938
-1.95943
-1.95949
-1.95954
-1.95959
-1.95964
-1.95969
-1.95975
-1.95980
-1.95985
-1.95990
-1.95995
-1.96001
-1.96006
-1.96011
-1.96016
-1.96021
-1.96026
-1.96032
-1.96037
-1.96042
-1.96047
-1.96052
-1.96058
-1.96063
-1.96068
-1.96073
-1.96078
-1.96084
-1.96089
-1.96094
-1.96099
-1.96104
-1.96109
-1.96115
-1.96120
-1.96125
-1.96130
-1.96135
-1.96141
-1.96146
-1.96151
-1.96156
-1.96161
-1.96167
-1.96172
-1.96177
-1.96182
-1.96187
-1.96193
-1.96198
-1.96203
-1.96208
-1.96213
-1.96218
-1.96224
-1.96229
-1.96234
-1.96239
-1.96244
-1.96250
-1.96255
-1.96260
-1.96265
-1.96270
-1.96276
-1.96281
-1.96286
-1.96291
-1.96296
-1.96302
-1.96307
-1.96312
-1.96317
-1.96322
-1.96327
-1.96333
-1.96338
-1.96343
-1.96348
-1.96353
-1.96359
-1.96364
-1.96369
-1.96374
-1.96379
-1.96385
-1.96390
-1.96395
-1.96400
-1.96405
-1.96410
-1.96416
-1.96421
-1.96426
-1.96431
-1.96436
-1.96442
-1.96447
-1.96452
-1.96457
-1.96462
-1.96468
-1.96473
-1.96478
-1.96483
-1.96488
-1.96494
-1.96499
-1.96504
-1.96509
-1.96514
-1.96519
-1.96525
-1.96530
-1.96535
-1.96540
-1.96545
-1.96551
-1.96556
-1.96561
-1.96566
-1.96571
-1.96577
-1.96582
-1.96587
-1.96592
-1.96597
-1.96602
-1.96608
-1.96613
-1.96618
-1.96623
-1.96628
-1.96634
-1.96639
-1.96644
-1.96649
-1.96654
-1.96660
-1.96665
-1.96670
-1.96675
-1.96680
-1.96686
-1.96691
-1.96696
-1.96701
-1.96706
-1.96711
-1.96717
-1.96722
-1.96727
-1.96732
-1.96737
-1.96743
-1.96748
-1.96753
-1.96758
-1.96763
-1.96769
-1.96774
-1.96779
-1.96784
-1.96789
-1.96794
-1.96800
-1.96805
-1.96810
-1.96815
-1.96820
-1.96826
-1.96831
-1.96836
-1.96841
-1.96846
-1.96852
-1.96857
-1.96862
-1.96867
-1.96872
-1.96878
-1.96883
-1.96888
-1.96893
-1.96898
-1.96903
-1.96909
-1.96914
-1.96919
-1.96924
-1.96929
-1.96935
-1.96940
-1.96945
-1.96950
-1.96955
-1.96961
-1.96966
-1.96971
-1.96976
-1.96981
-1.96986
-1.96992
-1.96997
-1.97002
-1.97007
-1.97012
-1.97018
-1.97023
-1.97028
-1.97033
-1.97038
-1.97044
-1.97049
-1.97054
-1.97059
-1.97064
-1.97070
-1.97075
-1.97080
-1.97085
-1.97090
-1.97095
-1.97101
-1.97106
-1.97111
-1.97116
-1.97121
-1.97127
-1.97132
-1.97137
-1.97142
-1.97147
-1.97153
-1.97158
-1.97163
-1.97168
-1.97173
-1.97178
-1.97184
-1.97189
-1.97194
-1.97199
-1.97204
-1.97210
-1.97215
-1.97220
-1.97225
-1.97230
-1.97236
-1.97241
-1.97246
-1.97251
-1.97256
-1.97262
-1.97267
-1.97272
-1.97277
-1.97282
-1.97287
-1.97293
-1.97298
-1.97303
-1.97308
-1.97313
-1.97319
-1.97324
-1.97329
-1.97334
-1.97339
-1.97345
-1.97350
-1.97355
-1.97360
-1.97365
-1.97370
-1.97376
-1.97381
-1.97386
-1.97391
-1.97396
-1.97402
-1.97407
-1.97412
-1.97417
-1.97422
-1.97428
-1.97433
-1.97438
-1.97443
-1.97448
-1.97454
-1.97459
-1.97464
-1.97469
-1.97474
-1.97479
-1.97485
-1.97490
-1.97495
-1.97500
-1.97505
-1.97511
-1.97516
-1.97521
-1.97526
-1.97531
-1.97537
-1.97542
-1.97547
-1.97552
-1.97557
-1.97562
-1.97568
-1.97573
-1.97578
-1.97583
-1.97588
-1.97594
-1.97599
-1.97604
-1.97609
-1.97614
-1.97620
-1.97625
-1.97630
-1.97635
-1.97640
-1.97646
-1.97651
-1.97656
-1.97661
-1.97666
-1.97671
-1.97677
-1.97682
-1.97687
-1.97692
-1.97697
-1.97703
-1.97708
-1.97713
-1.97718
-1.97723
-1.97729
-1.97734
-1.97739
-1.97744
-1.97749
-1.97755
-1.97760
-1.97765
-1.97770
-1.97775
-1.97780
-1.97786
-1.97791
-1.97796
-1.97801
-1.97806
-1.97812
-1.97817
-1.97822
-1.97827
-1.97832
-1.97838
-1.97843
-1.97848
-1.97853
-1.97858
-1.97863
-1.97869
-1.97874
-1.97879
-1.97884
-1.97889
-1.97895
-1.97900
-1.97905
-1.97910
-1.97915
-1.97921
-1.97926
-1.97931
-1.97936
-1.97941
-1.97947
-1.97952
-1.97957
-1.97962
-1.97967
-1.97972
-1.97978
-1.97983
-1.97988
-1.97993
-1.97998
-1.98004
-1.98009
-1.98014
-1.98019
-1.98024
-1.98030
-1.98035
-1.98040
-1.98045
-1.98050
-1.98055
-1.98061
-1.98066
-1.98071
-1.98076
-1.98081
-1.98087
-1.98092
-1.98097
-1.98102
-1.98107
-1.98113
-1.98118
-1.98123
-1.98128
-1.98133
-1.98139
-1.98144
-1.98149
-1.98154
-1.98159
-1.98164
-1.98170
-1.98175
-1.98180
-1.98185
-1.98190
-1.98196
-1.98201
-1.98206
-1.98211
-1.98216
-1.98222
-1.98227
-1.98232
-1.98237
-1.98242
-1.98247
-1.98253
-1.98258
-1.98263
-1.98268
-1.98273
-1.98279
-1.98284
-1.98289
-1.98294
-1.98299
-1.98305
-1.98310
-1.98315
-1.98320
-1.98325
-1.98331
-1.98336
-1.98341
-1.98346
-1.98351
-1.98356
-1.98362
-1.98367
-1.98372
-1.98377
-1.98382
-1.98388
-1.98393
-1.98398
-1.98403
-1.98408
-1.98414
-1.98419
-1.98424
-1.98429
-1.98434
-1.98439
-1.98445
-1.98450
-1.98455
-1.98460
-1.98465
-1.98471
-1.98476
-1.98481
-1.98486
-1.98491
-1.98497
-1.98502
-1.98507
-1.98512
-1.98517
-1.98523
-1.98528
-1.98533
-1.98538
-1.98543
-1.98548
-1.98554
-1.98559
-1.98564
-1.98569
-1.98574
-1.98580
-1.98585
-1.98590
-1.98595
-1.98600
-1.98606
-1.98611
-1.98616
-1.98621
-1.98626
-1.98631
-1.98637
-1.98642
-1.98647
-1.98652
-1.98657
-1.98663
-1.98668
-1.98673
-1.98678
-1.98683
-1.98689
-1.98694
-1.98699
-1.98704
-1.98709
-1.98715
-1.98720
-1.98725
-1.98730
-1.98735
-1.98740
-1.98746
-1.98751
-1.98756
-1.98761
-1.98766
-1.98772
-1.98777
-1.98782
-1.98787
-1.98792
-1.98798
-1.98803
-1.98808
-1.98813
-1.98818
-1.98823
-1.98829
-1.98834
-1.98839
-1.98844
-1.98849
-1.98855
-1.98860
-1.98865
-1.98870
-1.98875
-1.98881
-1.98886
-1.98891
-1.98896
-1.98901
-1.98907
-1.98912
-1.98917
-1.98922
-1.98927
-1.98932
-1.98938
-1.98943
-1.98948
-1.98953
-1.98958
-1.98964
-1.98969
-1.98974
-1.98979
-1.98984
-1.98990
-1.98995
-1.99000
-1.99005
-1.99010
-1.99015
-1.99021
-1.99026
-1.99031
-1.99036
-1.99041
-1.99047
-1.99052
-1.99057
-1.99062
-1.99067
-1.99073
-1.99078
-1.99083
-1.99088
-1.99093
-1.99099
-1.99104
-1.99109
-1.99114
-1.99119
-1.99124
-1.99130
-1.99135
-1.99140
-1.99145
-1.99150
-1.99156
-1.99161
-1.99166
-1.99171
-1.99176
-1.99182
-1.99187
-1.99192
-1.99197
-1.99202
-1.99207
-1.99213
-1.99218
-1.99223
-1.99228
-1.99233
-1.99239
-1.99244
-1.99249
-1.99254
-1.99259
-1.99265
-1.99270
-1.99275
-1.99280
-1.99285
-1.99291
-1.99296
-1.99301
-1.99306
-1.99311
-1.99316
-1.99322
-1.99327
-1.99332
-1.99337
-1.99342
-1.99348
-1.99353
-1.99358
-1.99363
-1.99368
-1.99374
-1.99379
-1.99384
-1.99389
-1.99394
-1.99399
-1.99405
-1.99410
-1.99415
-1.99420
-1.99425
-1.99431
-1.99436
-1.99441
-1.99446
-1.99451
-1.99457
-1.99462
-1.99467
-1.99472
-1.99477
-1.99483
-1.99488
-1.99493
-1.99498
-1.99503
-1.99508
-1.99514
-1.99519
-1.99524
-1.99529
-1.99534
-1.99540
-1.99545
-1.99550
-1.99555
-1.99560
-1.99566
-1.99571
-1.99576
-1.99581
-1.99586
-1.99591
-1.99597
-1.99602
-1.99607
-1.99612
-1.99617
-1.99623
-1.99628
-1.99633
-1.99638
-1.99643
-1.99649
-1.99654
-1.99659
-1.99664
-1.99669
-1.99675
-1.99680
-1.99685
-1.99690
-1.99695
-1.99700
-1.99706
-1.99711
-1.99716
-1.99721
-1.99726
-1.99732
-1.99737
-1.99742
-1.99747
-1.99752
-1.99758
-1.99763
-1.99768
-1.99773
-1.99778
-1.99783
-1.99789
-1.99794
-1.99799
-1.99804
-1.99809
-1.99815
-1.99820
-1.99825
-1.99830
-1.99835
-1.99841
-1.99846
-1.99851
-1.99856
-1.99861
-1.99867
-1.99872
-1.99877
-1.99882
-1.99887
-1.99892
-1.99898
-1.99903
-1.99908
-1.99913
-1.99918
-1.99924
-1.99929
-1.99934
-1.99939
-1.99944
-1.99950
-1.99955
-1.99960
-1.99965
-1.99970
-1.99975
-1.99981
-1.99986
-1.99991
-1.99996
-2.00001
-2.00007
-2.00012
-2.00017
-2.00022
-2.00027
-2.00033
-2.00038
-2.00043
-2.00048
-2.00053
-2.00059
-2.00064
-2.00069
-2.00074
-2.00079
-2.00084
-2.00090
-2.00095
-2.00100
-2.00105
-2.00110
-2.00116
-2.00121
-2.00126
-2.00131
-2.00136
-2.00142
-2.00147
-2.00152
-2.00157
-2.00162
-2.00167
-2.00173
-2.00178
-2.00183
-2.00188
-2.00193
-2.00199
-2.00204
-2.00209
-2.00214
-2.00219
-2.00225
-2.00230
-2.00235
-2.00240
-2.00245
-2.00250
-2.00256
-2.00261
-2.00266
-2.00271
-2.00276
-2.00282
-2.00287
-2.00292
-2.00297
-2.00302
-2.00308
-2.00313
-2.00318
-2.00323
-2.00328
-2.00334
-2.00339
-2.00344
-2.00349
-2.00354
-2.00359
-2.00365
-2.00370
-2.00375
-2.00380
-2.00385
-2.00391
-2.00396
-2.00401
-2.00406
-2.00411
-2.00417
-2.00422
-2.00427
-2.00432
-2.00437
-2.00442
-2.00448
-2.00453
-2.00458
-2.00463
-2.00468
-2.00474
-2.00479
-2.00484
-2.00489
-2.00494
-2.00500
-2.00505
-2.00510
-2.00515
-2.00520
-2.00526
-2.00531
-2.00536
-2.00541
-2.00546
-2.00551
-2.00557
-2.00562
-2.00567
-2.00572
-2.00577
-2.00583
-2.00588
-2.00593
-2.00598
-2.00603
-2.00609
-2.00614
-2.00619
-2.00624
-2.00629
-2.00634
-2.00640
-2.00645
-2.00650
-2.00655
-2.00660
-2.00666
-2.00671
-2.00676
-2.00681
-2.00686
-2.00692
-2.00697
-2.00702
-2.00707
-2.00712
-2.00718
-2.00723
-2.00728
-2.00733
-2.00738
-2.00743
-2.00749
-2.00754
-2.00759
-2.00764
-2.00769
-2.00775
-2.00780
-2.00785
-2.00790
-2.00795
-2.00801
-2.00806
-2.00811
-2.00816
-2.00821
-2.00826
-2.00832
-2.00837
-2.00842
-2.00847
-2.00852
-2.00858
-2.00863
-2.00868
-2.00873
-2.00878
-2.00884
-2.00889
-2.00894
-2.00899
-2.00904
-2.00910
-2.00915
-2.00920
-2.00925
-2.00930
-2.00935
-2.00941
-2.00946
-2.00951
-2.00956
-2.00961
-2.00967
-2.00972
-2.00977
-2.00982
-2.00987
-2.00993
-2.00998
-2.01003
-2.01008
-2.01013
-2.01018
-2.01024
-2.01029
-2.01034
-2.01039
-2.01044
-2.01050
-2.01055
-2.01060
-2.01065
-2.01070
-2.01076
-2.01081
-2.01086
-2.01091
-2.01096
-2.01102
-2.01107
-2.01112
-2.01117
-2.01122
-2.01127
-2.01133
-2.01138
-2.01143
-2.01148
-2.01153
-2.01159
-2.01164
-2.01169
-2.01174
-2.01179
-2.01185
-2.01190
-2.01195
-2.01200
-2.01205
-2.01210
-2.01216
-2.01221
-2.01226
-2.01231
-2.01236
-2.01242
-2.01247
-2.01252
-2.01257
-2.01262
-2.01268
-2.01273
-2.01278
-2.01283
-2.01288
-2.01294
-2.01299
-2.01304
-2.01309
-2.01314
-2.01319
-2.01325
-2.01330
-2.01335
-2.01340
-2.01345
-2.01351
-2.01356
-2.01361
-2.01366
-2.01371
-2.01377
-2.01382
-2.01387
-2.01392
-2.01397
-2.01402
-2.01408
-2.01413
-2.01418
-2.01423
-2.01428
-2.01434
-2.01439
-2.01444
-2.01449
-2.01454
-2.01460
-2.01465
-2.01470
-2.01475
-2.01480
-2.01486
-2.01491
-2.01496
-2.01501
-2.01506
-2.01511
-2.01517
-2.01522
-2.01527
-2.01532
-2.01537
-2.01543
-2.01548
-2.01553
-2.01558
-2.01563
-2.01569
-2.01574
-2.01579
-2.01584
-2.01589
-2.01594
-2.01600
-2.01605
-2.01610
-2.01615
-2.01620
-2.01626
-2.01631
-2.01636
-2.01641
-2.01646
-2.01652
-2.01657
-2.01662
-2.01667
-2.01672
-2.01677
-2.01683
-2.01688
-2.01693
-2.01698
-2.01703
-2.01709
-2.01714
-2.01719
-2.01724
-2.01729
-2.01735
-2.01740
-2.01745
-2.01750
-2.01755
-2.01761
-2.01766
-2.01771
-2.01776
-2.01781
-2.01786
-2.01792
-2.01797
-2.01802
-2.01807
-2.01812
-2.01818
-2.01823
-2.01828
-2.01833
-2.01838
-2.01844
-2.01849
-2.01854
-2.01859
-2.01864
-2.01869
-2.01875
-2.01880
-2.01885
-2.01890
-2.01895
-2.01901
-2.01906
-2.01911
-2.01916
-2.01921
-2.01927
-2.01932
-2.01937
-2.01942
-2.01947
-2.01953
-2.01958
-2.01963
-2.01968
-2.01973
-2.01978
-2.01984
-2.01989
-2.01994
-2.01999
-2.02004
-2.02010
-2.02015
-2.02020
-2.02025
-2.02030
-2.02036
-2.02041
-2.02046
-2.02051
-2.02056
-2.02061
-2.02067
-2.02072
-2.02077
-2.02082
-2.02087
-2.02093
-2.02098
-2.02103
-2.02108
-2.02113
-2.02119
-2.02124
-2.02129
-2.02134
-2.02139
-2.02145
-2.02150
-2.02155
-2.02160
-2.02165
-2.02170
-2.02176
-2.02181
-2.02186
-2.02191
-2.02196
-2.02202
-2.02207
-2.02212
-2.02217
-2.02222
-2.02228
-2.02233
-2.02238
-2.02243
-2.02248
-2.02253
-2.02259
-2.02264
-2.02269
-2.02274
-2.02279
-2.02285
-2.02290
-2.02295
-2.02300
-2.02305
-2.02311
-2.02316
-2.02321
-2.02326
-2.02331
-2.02337
-2.02342
-2.02347
-2.02352
-2.02357
-2.02362
-2.02368
-2.02373
-2.02378
-2.02383
-2.02388
-2.02394
-2.02399
-2.02404
-2.02409
-2.02414
-2.02420
-2.02425
-2.02430
-2.02435
-2.02440
-2.02445
-2.02451
-2.02456
-2.02461
-2.02466
-2.02471
-2.02477
-2.02482
-2.02487
-2.02492
-2.02497
-2.02503
-2.02508
-2.02513
-2.02518
-2.02523
-2.02528
-2.02534
-2.02539
-2.02544
-2.02549
-2.02554
-2.02560
-2.02565
-2.02570
-2.02575
-2.02580
-2.02586
-2.02591
-2.02596
-2.02601
-2.02606
-2.02612
-2.02617
-2.02622
-2.02627
-2.02632
-2.02637
-2.02643
-2.02648
-2.02653
-2.02658
-2.02663
-2.02669
-2.02674
-2.02679
-2.02684
-2.02689
-2.02695
-2.02700
-2.02705
-2.02710
-2.02715
-2.02720
-2.02726
-2.02731
-2.02736
-2.02741
-2.02746
-2.02752
-2.02757
-2.02762
-2.02767
-2.02772
-2.02778
-2.02783
-2.02788
-2.02793
-2.02798
-2.02804
-2.02809
-2.02814
-2.02819
-2.02824
-2.02829
-2.02835
-2.02840
-2.02845
-2.02850
-2.02855
-2.02861
-2.02866
-2.02871
-2.02876
-2.02881
-2.02887
-2.02892
-2.02897
-2.02902
-2.02907
-2.02912
-2.02918
-2.02923
-2.02928
-2.02933
-2.02938
-2.02944
-2.02949
-2.02954
-2.02959
-2.02964
-2.02970
-2.02975
-2.02980
-2.02985
-2.02990
-2.02996
-2.03001
-2.03006
-2.03011
-2.03016
-2.03021
-2.03027
-2.03032
-2.03037
-2.03042
-2.03047
-2.03053
-2.03058
-2.03063
-2.03068
-2.03073
-2.03079
-2.03084
-2.03089
-2.03094
-2.03099
-2.03104
-2.03110
-2.03115
-2.03120
-2.03125
-2.03130
-2.03136
-2.03141
-2.03146
-2.03151
-2.03156
-2.03162
-2.03167
-2.03172
-2.03177
-2.03182
-2.03187
-2.03193
-2.03198
-2.03203
-2.03208
-2.03213
-2.03219
-2.03224
-2.03229
-2.03234
-2.03239
-2.03245
-2.03250
-2.03255
-2.03260
-2.03265
-2.03271
-2.03276
-2.03281
-2.03286
-2.03291
-2.03296
-2.03302
-2.03307
-2.03312
-2.03317
-2.03322
-2.03328
-2.03333
-2.03338
-2.03343
-2.03348
-2.03354
-2.03359
-2.03364
-2.03369
-2.03374
-2.03379
-2.03385
-2.03390
-2.03395
-2.03400
-2.03405
-2.03411
-2.03416
-2.03421
-2.03426
-2.03431
-2.03437
-2.03442
-2.03447
-2.03452
-2.03457
-2.03463
-2.03468
-2.03473
-2.03478
-2.03483
-2.03488
-2.03494
-2.03499
-2.03504
-2.03509
-2.03514
-2.03520
-2.03525
-2.03530
-2.03535
-2.03540
-2.03546
-2.03551
-2.03556
-2.03561
-2.03566
-2.03571
-2.03577
-2.03582
-2.03587
-2.03592
-2.03597
-2.03603
-2.03608
-2.03613
-2.03618
-2.03623
-2.03629
-2.03634
-2.03639
-2.03644
-2.03649
-2.03655
-2.03660
-2.03665
-2.03670
-2.03675
-2.03680
-2.03686
-2.03691
-2.03696
-2.03701
-2.03706
-2.03712
-2.03717
-2.03722
-2.03727
-2.03732
-2.03738
-2.03743
-2.03748
-2.03753
-2.03758
-2.03763
-2.03769
-2.03774
-2.03779
-2.03784
-2.03789
-2.03795
-2.03800
-2.03805
-2.03810
-2.03815
-2.03821
-2.03826
-2.03831
-2.03836
-2.03841
-2.03846
-2.03852
-2.03857
-2.03862
-2.03867
-2.03872
-2.03878
-2.03883
-2.03888
-2.03893
-2.03898
-2.03904
-2.03909
-2.03914
-2.03919
-2.03924
-2.03930
-2.03935
-2.03940
-2.03945
-2.03950
-2.03955
-2.03961
-2.03966
-2.03971
-2.03976
-2.03981
-2.03987
-2.03992
-2.03997
-2.04002
-2.04007
-2.04013
-2.04018
-2.04023
-2.04028
-2.04033
-2.04038
-2.04044
-2.04049
-2.04054
-2.04059
-2.04064
-2.04070
-2.04075
-2.04080
-2.04085
-2.04090
-2.04096
-2.04101
-2.04106
-2.04111
-2.04116
-2.04122
-2.04127
-2.04132
-2.04137
-2.04142
-2.04147
-2.04153
-2.04158
-2.04163
-2.04168
-2.04173
-2.04179
-2.04184
-2.04189
-2.04194
-2.04199
-2.04205
-2.04210
-2.04215
-2.04220
-2.04225
-2.04230
-2.04236
-2.04241
-2.04246
-2.04251
-2.04256
-2.04262
-2.04267
-2.04272
-2.04277
-2.04282
-2.04288
-2.04293
-2.04298
-2.04303
-2.04308
-2.04313
-2.04319
-2.04324
-2.04329
-2.04334
-2.04339
-2.04345
-2.04350
-2.04355
-2.04360
-2.04365
-2.04371
-2.04376
-2.04381
-2.04386
-2.04391
-2.04397
-2.04402
-2.04407
-2.04412
-2.04417
-2.04422
-2.04428
-2.04433
-2.04438
-2.04443
-2.04448
-2.04454
-2.04459
-2.04464
-2.04469
-2.04474
-2.04480
-2.04485
-2.04490
-2.04495
-2.04500
-2.04505
-2.04511
-2.04516
-2.04521
-2.04526
-2.04531
-2.04537
-2.04542
-2.04547
-2.04552
-2.04557
-2.04563
-2.04568
-2.04573
-2.04578
-2.04583
-2.04589
-2.04594
-2.04599
-2.04604
-2.04609
-2.04614
-2.04620
-2.04625
-2.04630
-2.04635
-2.04640
-2.04646
-2.04651
-2.04656
-2.04661
-2.04666
-2.04672
-2.04677
-2.04682
-2.04687
-2.04692
-2.04697
-2.04703
-2.04708
-2.04713
-2.04718
-2.04723
-2.04729
-2.04734
-2.04739
-2.04744
-2.04749
-2.04755
-2.04760
-2.04765
-2.04770
-2.04775
-2.04780
-2.04786
-2.04791
-2.04796
-2.04801
-2.04806
-2.04812
-2.04817
-2.04822
-2.04827
-2.04832
-2.04838
-2.04843
-2.04848
-2.04853
-2.04858
-2.04864
-2.04869
-2.04874
-2.04879
-2.04884
-2.04889
-2.04895
-2.04900
-2.04905
-2.04910
-2.04915
-2.04921
-2.04926
-2.04931
-2.04936
-2.04941
-2.04947
-2.04952
-2.04957
-2.04962
-2.04967
-2.04972
-2.04978
-2.04983
-2.04988
-2.04993
-2.04998
-2.05004
-2.05009
-2.05014
-2.05019
-2.05024
-2.05030
-2.05035
-2.05040
-2.05045
-2.05050
-2.05056
-2.05061
-2.05066
-2.05071
-2.05076
-2.05081
-2.05087
-2.05092
-2.05097
-2.05102
-2.05107
-2.05113
-2.05118
-2.05123
-2.05128
-2.05133
-2.05139
-2.05144
-2.05149
-2.05154
-2.05159
-2.05164
-2.05170
-2.05175
-2.05180
-2.05185
-2.05190
-2.05196
-2.05201
-2.05206
-2.05211
-2.05216
-2.05222
-2.05227
-2.05232
-2.05237
-2.05242
-2.05247
-2.05253
-2.05258
-2.05263
-2.05268
-2.05273
-2.05279
-2.05284
-2.05289
-2.05294
-2.05299
-2.05305
-2.05310
-2.05315
-2.05320
-2.05325
-2.05331
-2.05336
-2.05341
-2.05346
-2.05351
-2.05356
-2.05362
-2.05367
-2.05372
-2.05377
-2.05382
-2.05388
-2.05393
-2.05398
-2.05403
-2.05408
-2.05414
-2.05419
-2.05424
-2.05429
-2.05434
-2.05439
-2.05445
-2.05450
-2.05455
-2.05460
-2.05465
-2.05471
-2.05476
-2.05481
-2.05486
-2.05491
-2.05497
-2.05502
-2.05507
-2.05512
-2.05517
-2.05523
-2.05528
-2.05533
-2.05538
-2.05543
-2.05548
-2.05554
-2.05559
-2.05564
-2.05569
-2.05574
-2.05580
-2.05585
-2.05590
-2.05595
-2.05600
-2.05606
-2.05611
-2.05616
-2.05621
-2.05626
-2.05631
-2.05637
-2.05642
-2.05647
-2.05652
-2.05657
-2.05663
-2.05668
-2.05673
-2.05678
-2.05683
-2.05689
-2.05694
-2.05699
-2.05704
-2.05709
-2.05714
-2.05720
-2.05725
-2.05730
-2.05735
-2.05740
-2.05746
-2.05751
-2.05756
-2.05761
-2.05766
-2.05772
-2.05777
-2.05782
-2.05787
-2.05792
-2.05798
-2.05803
-2.05808
-2.05813
-2.05818
-2.05823
-2.05829
-2.05834
-2.05839
-2.05844
-2.05849
-2.05855
-2.05860
-2.05865
-2.05870
-2.05875
-2.05881
-2.05886
-2.05891
-2.05896
-2.05901
-2.05906
-2.05912
-2.05917
-2.05922
-2.05927
-2.05932
-2.05938
-2.05943
-2.05948
-2.05953
-2.05958
-2.05964
-2.05969
-2.05974
-2.05979
-2.05984
-2.05990
-2.05995
-2.06000
-2.06005
-2.06010
-2.06015
-2.06021
-2.06026
-2.06031
-2.06036
-2.06041
-2.06047
-2.06052
-2.06057
-2.06062
-2.06067
-2.06073
-2.06078
-2.06083
-2.06088
-2.06093
-2.06098
-2.06104
-2.06109
-2.06114
-2.06119
-2.06124
-2.06130
-2.06135
-2.06140
-2.06145
-2.06150
-2.06156
-2.06161
-2.06166
-2.06171
-2.06176
-2.06181
-2.06187
-2.06192
-2.06197
-2.06202
-2.06207
-2.06213
-2.06218
-2.06223
-2.06228
-2.06233
-2.06239
-2.06244
-2.06249
-2.06254
-2.06259
-2.06265
-2.06270
-2.06275
-2.06280
-2.06285
-2.06290
-2.06296
-2.06301
-2.06306
-2.06311
-2.06316
-2.06322
-2.06327
-2.06332
-2.06337
-2.06342
-2.06348
-2.06353
-2.06358
-2.06363
-2.06368
-2.06373
-2.06379
-2.06384
-2.06389
-2.06394
-2.06399
-2.06405
-2.06410
-2.06415
-2.06420
-2.06425
-2.06431
-2.06436
-2.06441
-2.06446
-2.06451
-2.06456
-2.06462
-2.06467
-2.06472
-2.06477
-2.06482
-2.06488
-2.06493
-2.06498
-2.06503
-2.06508
-2.06514
-2.06519
-2.06524
-2.06529
-2.06534
-2.06540
-2.06545
-2.06550
-2.06555
-2.06560
-2.06565
-2.06571
-2.06576
-2.06581
-2.06586
-2.06591
-2.06597
-2.06602
-2.06607
-2.06612
-2.06617
-2.06623
-2.06628
-2.06633
-2.06638
-2.06643
-2.06648
-2.06654
-2.06659
-2.06664
-2.06669
-2.06674
-2.06680
-2.06685
-2.06690
-2.06695
-2.06700
-2.06706
-2.06711
-2.06716
-2.06721
-2.06726
-2.06731
-2.06737
-2.06742
-2.06747
-2.06752
-2.06757
-2.06763
-2.06768
-2.06773
-2.06778
-2.06783
-2.06789
-2.06794
-2.06799
-2.06804
-2.06809
-2.06815
-2.06820
-2.06825
-2.06830
-2.06835
-2.06840
-2.06846
-2.06851
-2.06856
-2.06861
-2.06866
-2.06872
-2.06877
-2.06882
-2.06887
-2.06892
-2.06898
-2.06903
-2.06908
-2.06913
-2.06918
-2.06923
-2.06929
-2.06934
-2.06939
-2.06944
-2.06949
-2.06955
-2.06960
-2.06965
-2.06970
-2.06975
-2.06981
-2.06986
-2.06991
-2.06996
-2.07001
-2.07007
-2.07012
-2.07017
-2.07022
-2.07027
-2.07032
-2.07038
-2.07043
-2.07048
-2.07053
-2.07058
-2.07064
-2.07069
-2.07074
-2.07079
-2.07084
-2.07090
-2.07095
-2.07100
-2.07105
-2.07110
-2.07115
-2.07121
-2.07126
-2.07131
-2.07136
-2.07141
-2.07147
-2.07152
-2.07157
-2.07162
-2.07167
-2.07173
-2.07178
-2.07183
-2.07188
-2.07193
-2.07198
-2.07204
-2.07209
-2.07214
-2.07219
-2.07224
-2.07230
-2.07235
-2.07240
-2.07245
-2.07250
-2.07256
-2.07261
-2.07266
-2.07271
-2.07276
-2.07282
-2.07287
-2.07292
-2.07297
-2.07302
-2.07307
-2.07313
-2.07318
-2.07323
-2.07328
-2.07333
-2.07339
-2.07344
-2.07349
-2.07354
-2.07359
-2.07365
-2.07370
-2.07375
-2.07380
-2.07385
-2.07390
-2.07396
-2.07401
-2.07406
-2.07411
-2.07416
-2.07422
-2.07427
-2.07432
-2.07437
-2.07442
-2.07448
-2.07453
-2.07458
-2.07463
-2.07468
-2.07473
-2.07479
-2.07484
-2.07489
-2.07494
-2.07499
-2.07505
-2.07510
-2.07515
-2.07520
-2.07525
-2.07531
-2.07536
-2.07541
-2.07546
-2.07551
-2.07557
-2.07562
-2.07567
-2.07572
-2.07577
-2.07582
-2.07588
-2.07593
-2.07598
-2.07603
-2.07608
-2.07614
-2.07619
-2.07624
-2.07629
-2.07634
-2.07640
-2.07645
-2.07650
-2.07655
-2.07660
-2.07665
-2.07671
-2.07676
-2.07681
-2.07686
-2.07691
-2.07697
-2.07702
-2.07707
-2.07712
-2.07717
-2.07723
-2.07728
-2.07733
-2.07738
-2.07743
-2.07748
-2.07754
-2.07759
-2.07764
-2.07769
-2.07774
-2.07780
-2.07785
-2.07790
-2.07795
-2.07800
-2.07806
-2.07811
-2.07816
-2.07821
-2.07826
-2.07832
-2.07837
-2.07842
-2.07847
-2.07852
-2.07857
-2.07863
-2.07868
-2.07873
-2.07878
-2.07883
-2.07889
-2.07894
-2.07899
-2.07904
-2.07909
-2.07915
-2.07920
-2.07925
-2.07930
-2.07935
-2.07940
-2.07946
-2.07951
-2.07956
-2.07961
-2.07966
-2.07972
-2.07977
-2.07982
-2.07987
-2.07992
-2.07998
-2.08003
-2.08008
-2.08013
-2.08018
-2.08023
-2.08029
-2.08034
-2.08039
-2.08044
-2.08049
-2.08055
-2.08060
-2.08065
-2.08070
-2.08075
-2.08081
-2.08086
-2.08091
-2.08096
-2.08101
-2.08107
-2.08112
-2.08117
-2.08122
-2.08127
-2.08132
-2.08138
-2.08143
-2.08148
-2.08153
-2.08158
-2.08164
-2.08169
-2.08174
-2.08179
-2.08184
-2.08190
-2.08195
-2.08200
-2.08205
-2.08210
-2.08215
-2.08221
-2.08226
-2.08231
-2.08236
-2.08241
-2.08247
-2.08252
-2.08257
-2.08262
-2.08267
-2.08273
-2.08278
-2.08283
-2.08288
-2.08293
-2.08298
-2.08304
-2.08309
-2.08314
-2.08319
-2.08324
-2.08330
-2.08335
-2.08340
-2.08345
-2.08350
-2.08356
-2.08361
-2.08366
-2.08371
-2.08376
-2.08382
-2.08387
-2.08392
-2.08397
-2.08402
-2.08407
-2.08413
-2.08418
-2.08423
-2.08428
-2.08433
-2.08439
-2.08444
-2.08449
-2.08454
-2.08459
-2.08465
-2.08470
-2.08475
-2.08480
-2.08485
-2.08490
-2.08496
-2.08501
-2.08506
-2.08511
-2.08516
-2.08522
-2.08527
-2.08532
-2.08537
-2.08542
-2.08548
-2.08553
-2.08558
-2.08563
-2.08568
-2.08574
-2.08579
-2.08584
-2.08589
-2.08594
-2.08599
-2.08605
-2.08610
-2.08615
-2.08620
-2.08625
-2.08631
-2.08636
-2.08641
-2.08646
-2.08651
-2.08657
-2.08662
-2.08667
-2.08672
-2.08677
-2.08682
-2.08688
-2.08693
-2.08698
-2.08703
-2.08708
-2.08714
-2.08719
-2.08724
-2.08729
-2.08734
-2.08740
-2.08745
-2.08750
-2.08755
-2.08760
-2.08765
-2.08771
-2.08776
-2.08781
-2.08786
-2.08791
-2.08797
-2.08802
-2.08807
-2.08812
-2.08817
-2.08823
-2.08828
-2.08833
-2.08838
-2.08843
-2.08849
-2.08854
-2.08859
-2.08864
-2.08869
-2.08874
-2.08880
-2.08885
-2.08890
-2.08895
-2.08900
-2.08906
-2.08911
-2.08916
-2.08921
-2.08926
-2.08932
-2.08937
-2.08942
-2.08947
-2.08952
-2.08957
-2.08963
-2.08968
-2.08973
-2.08978
-2.08983
-2.08989
-2.08994
-2.08999
-2.09004
-2.09009
-2.09015
-2.09020
-2.09025
-2.09030
-2.09035
-2.09040
-2.09046
-2.09051
-2.09056
-2.09061
-2.09066
-2.09072
-2.09077
-2.09082
-2.09087
-2.09092
-2.09098
-2.09103
-2.09108
-2.09113
-2.09118
-2.09123
-2.09129
-2.09134
-2.09139
-2.09144
-2.09149
-2.09155
-2.09160
-2.09165
-2.09170
-2.09175
-2.09181
-2.09186
-2.09191
-2.09196
-2.09201
-2.09207
-2.09212
-2.09217
-2.09222
-2.09227
-2.09232
-2.09238
-2.09243
-2.09248
-2.09253
-2.09258
-2.09264
-2.09269
-2.09274
-2.09279
-2.09284
-2.09290
-2.09295
-2.09300
-2.09305
-2.09310
-2.09315
-2.09321
-2.09326
-2.09331
-2.09336
-2.09341
-2.09347
-2.09352
-2.09357
-2.09362
-2.09367
-2.09373
-2.09378
-2.09383
-2.09388
-2.09393
-2.09398
