8.23440
8.23411
8.23382
8.23353
8.23324
8.23295
8.23266
8.23237
8.23208
8.23180
8.23151
8.23122
8.23093
8.23064
8.23035
8.23006
8.22977
8.22948
8.22919
8.22890
8.22861
8.22832
8.22803
8.22774
8.22746
8.22717
8.22688
8.22659
8.22630
8.22601
8.22572
8.22543
8.22514
8.22485
8.22456
8.22427
8.22398
8.22369
8.22340
8.22312
8.22283
8.22254
8.22225
8.22196
8.22167
8.22138
8.22109
8.22080
8.22051
8.22022
8.21993
8.21964
8.21935
8.21906
8.21878
8.21849
8.21820
8.21791
8.21762
8.21733
8.21704
8.21675
8.21646
8.21617
8.21588
8.21559
8.21530
8.21501
8.21472
8.21444
8.21415
8.21386
8.21357
8.21328
8.21299
8.21270
8.21241
8.21212
8.21183
8.21154
8.21125
8.21096
8.21067
8.21038
8.21010
8.20981
8.20952
8.20923
8.20894
8.20865
8.20836
8.20807
8.20778
8.20749
8.20720
8.20691
8.20662
8.20633
8.20604
8.20576
8.20547
8.20518
8.20489
8.20460
8.20431
8.20402
8.20373
8.20344
8.20315
8.20286
8.20257
8.20228
8.20199
8.20170
8.20142
8.20113
8.20084
8.20055
8.20026
8.19997
8.19968
8.19939
8.19910
8.19881
8.19852
8.19823
8.19794
8.19765
8.19736
8.19708
8.19679
8.19650
8.19621
8.19592
8.19563
8.19534
8.19505
8.19476
8.19447
8.19418
8.19389
8.19360
8.19331
8.19302
8.19274
8.19245
8.19216
8.19187
8.19158
8.19129
8.19100
8.19071
8.19042
8.19013
8.18984
8.18955
8.18926
8.18897
8.18868
8.18840
8.18811
8.18782
8.18753
8.18724
8.18695
8.18666
8.18637
8.18608
8.18579
8.18550
8.18521
8.18492
8.18463
8.18435
8.18406
8.18377
8.18348
8.18319
8.18290
8.18261
8.18232
8.18203
8.18174
8.18145
8.18116
8.18087
8.18058
8.18029
8.18001
8.17972
8.17943
8.17914
8.17885
8.17856
8.17827
8.17798
8.17769
8.17740
8.17711
8.17682
8.17653
8.17624
8.17595
8.17567
8.17538
8.17509
8.17480
8.17451
8.17422
8.17393
8.17364
8.17335
8.17306
8.17277
8.17248
8.17219
8.17190
8.17161
8.17133
8.17104
8.17075
8.17046
8.17017
8.16988
8.16959
8.16930
8.16901
8.16872
8.16843
8.16814
8.16785
8.16756
8.16728
8.16699
8.16670
8.16641
8.16612
8.16583
8.16554
8.16525
8.16496
8.16467
8.16438
8.16409
8.16380
8.16351
8.16322
8.16294
8.16265
8.16236
8.16207
8.16178
8.16149
8.16120
8.16091
8.16062
8.16033
8.16004
8.15975
8.15946
8.15917
8.15888
8.15860
8.15831
8.15802
8.15773
8.15744
8.15715
8.15686
8.15657
8.15628
8.15599
8.15570
8.15541
8.15512
8.15483
8.15455
8.15426
8.15397
8.15368
8.15339
8.15310
8.15281
8.15252
8.15223
8.15194
8.15165
8.15136
8.15107
8.15078
8.15049
8.15021
8.14992
8.14963
8.14934
8.14905
8.14876
8.14847
8.14818
8.14789
8.14760
8.14731
8.14702
8.14673
8.14644
8.14616
8.14587
8.14558
8.14529
8.14500
8.14471
8.14442
8.14413
8.14384
8.14355
8.14326
8.14297
8.14268
8.14239
8.14210
8.14182
8.14153
8.14124
8.14095
8.14066
8.14037
8.14008
8.13979
8.13950
8.13921
8.13892
8.13863
8.13834
8.13805
8.13777
8.13748
8.13719
8.13690
8.13661
8.13632
8.13603
8.13574
8.13545
8.13516
8.13487
8.13458
8.13429
8.13400
8.13371
8.13343
8.13314
8.13285
8.13256
8.13227
8.13198
8.13169
8.13140
8.13111
8.13082
8.13053
8.13024
8.12995
8.12966
8.12938
8.12909
8.12880
8.12851
8.12822
8.12793
8.12764
8.12735
8.12706
8.12677
8.12648
8.12619
8.12590
8.12561
8.12532
8.12504
8.12475
8.12446
8.12417
8.12388
8.12359
8.12330
8.12301
8.12272
8.12243
8.12214
8.12185
8.12156
8.12127
8.12099
8.12070
8.12041
8.12012
8.11983
8.11954
8.11925
8.11896
8.11867
8.11838
8.11809
8.11780
8.11751
8.11722
8.11694
8.11665
8.11636
8.11607
8.11578
8.11549
8.11520
8.11491
8.11462
8.11433
8.11404
8.11375
8.11346
8.11317
8.11288
8.11260
8.11231
8.11202
8.11173
8.11144
8.11115
8.11086
8.11057
8.11028
8.10999
8.10970
8.10941
8.10912
8.10883
8.10855
8.10826
8.10797
8.10768
8.10739
8.10710
8.10681
8.10652
8.10623
8.10594
8.10565
8.10536
8.10507
8.10478
8.10450
8.10421
8.10392
8.10363
8.10334
8.10305
8.10276
8.10247
8.10218
8.10189
8.10160
8.10131
8.10102
8.10073
8.10044
8.10016
8.09987
8.09958
8.09929
8.09900
8.09871
8.09842
8.09813
8.09784
8.09755
8.09726
8.09697
8.09668
8.09639
8.09611
8.09582
8.09553
8.09524
8.09495
8.09466
8.09437
8.09408
8.09379
8.09350
8.09321
8.09292
8.09263
8.09234
8.09206
8.09177
8.09148
8.09119
8.09090
8.09061
8.09032
8.09003
8.08974
8.08945
8.08916
8.08887
8.08858
8.08829
8.08801
8.08772
8.08743
8.08714
8.08685
8.08656
8.08627
8.08598
8.08569
8.08540
8.08511
8.08482
8.08453
8.08424
8.08396
8.08367
8.08338
8.08309
8.08280
8.08251
8.08222
8.08193
8.08164
8.08135
8.08106
8.08077
8.08048
8.08019
8.07990
8.07962
8.07933
8.07904
8.07875
8.07846
8.07817
8.07788
8.07759
8.07730
8.07701
8.07672
8.07643
8.07614
8.07585
8.07557
8.07528
8.07499
8.07470
8.07441
8.07412
8.07383
8.07354
8.07325
8.07296
8.07267
8.07238
8.07209
8.07180
8.07152
8.07123
8.07094
8.07065
8.07036
8.07007
8.06978
8.06949
8.06920
8.06891
8.06862
8.06833
8.06804
8.06775
8.06747
8.06718
8.06689
8.06660
8.06631
8.06602
8.06573
8.06544
8.06515
8.06486
8.06457
8.06428
8.06399
8.06370
8.06342
8.06313
8.06284
8.06255
8.06226
8.06197
8.06168
8.06139
8.06110
8.06081
8.06052
8.06023
8.05994
8.05965
8.05937
8.05908
8.05879
8.05850
8.05821
8.05792
8.05763
8.05734
8.05705
8.05676
8.05647
8.05618
8.05589
8.05560
8.05532
8.05503
8.05474
8.05445
8.05416
8.05387
8.05358
8.05329
8.05300
8.05271
8.05242
8.05213
8.05184
8.05155
8.05127
8.05098
8.05069
8.05040
8.05011
8.04982
8.04953
8.04924
8.04895
8.04866
8.04837
8.04808
8.04779
8.04750
8.04722
8.04693
8.04664
8.04635
8.04606
8.04577
8.04548
8.04519
8.04490
8.04461
8.04432
8.04403
8.04374
8.04345
8.04317
8.04288
8.04259
8.04230
8.04201
8.04172
8.04143
8.04114
8.04085
8.04056
8.04027
8.03998
8.03969
8.03940
8.03912
8.03883
8.03854
8.03825
8.03796
8.03767
8.03738
8.03709
8.03680
8.03651
8.03622
8.03593
8.03564
8.03535
8.03507
8.03478
8.03449
8.03420
8.03391
8.03362
8.03333
8.03304
8.03275
8.03246
8.03217
8.03188
8.03159
8.03130
8.03102
8.03073
8.03044
8.03015
8.02986
8.02957
8.02928
8.02899
8.02870
8.02841
8.02812
8.02783
8.02754
8.02725
8.02697
8.02668
8.02639
8.02610
8.02581
8.02552
8.02523
8.02494
8.02465
8.02436
8.02407
8.02378
8.02349
8.02321
8.02292
8.02263
8.02234
8.02205
8.02176
8.02147
8.02118
8.02089
8.02060
8.02031
8.02002
8.01973
8.01944
8.01916
8.01887
8.01858
8.01829
8.01800
8.01771
8.01742
8.01713
8.01684
8.01655
8.01626
8.01597
8.01568
8.01539
8.01511
8.01482
8.01453
8.01424
8.01395
8.01366
8.01337
8.01308
8.01279
8.01250
8.01221
8.01192
8.01163
8.01134
8.01106
8.01077
8.01048
8.01019
8.00990
8.00961
8.00932
8.00903
8.00874
8.00845
8.00816
8.00787
8.00758
8.00730
8.00701
8.00672
8.00643
8.00614
8.00585
8.00556
8.00527
8.00498
8.00469
8.00440
8.00411
8.00382
8.00353
8.00325
8.00296
8.00267
8.00238
8.00209
8.00180
8.00151
8.00122
8.00093
8.00064
8.00035
8.00006
7.99977
7.99948
7.99920
7.99891
7.99862
7.99833
7.99804
7.99775
7.99746
7.99717
7.99688
7.99659
7.99630
7.99601
7.99572
7.99543
7.99515
7.99486
7.99457
7.99428
7.99399
7.99370
7.99341
7.99312
7.99283
7.99254
7.99225
7.99196
7.99167
7.99139
7.99110
7.99081
7.99052
7.99023
7.98994
7.98965
7.98936
7.98907
7.98878
7.98849
7.98820
7.98791
7.98762
7.98734
7.98705
7.98676
7.98647
7.98618
7.98589
7.98560
7.98531
7.98502
7.98473
7.98444
7.98415
7.98386
7.98357
7.98329
7.98300
7.98271
7.98242
7.98213
7.98184
7.98155
7.98126
7.98097
7.98068
7.98039
7.98010
7.97981
7.97953
7.97924
7.97895
7.97866
7.97837
7.97808
7.97779
7.97750
7.97721
7.97692
7.97663
7.97634
7.97605
7.97576
7.97548
7.97519
7.97490
7.97461
7.97432
7.97403
7.97374
7.97345
7.97316
7.97287
7.97258
7.97229
7.97200
7.97172
7.97143
7.97114
7.97085
7.97056
7.97027
7.96998
7.96969
7.96940
7.96911
7.96882
7.96853
7.96824
7.96795
7.96767
7.96738
7.96709
7.96680
7.96651
7.96622
7.96593
7.96564
7.96535
7.96506
7.96477
7.96448
7.96419
7.96391
7.96362
7.96333
7.96304
7.96275
7.96246
7.96217
7.96188
7.96159
7.96130
7.96101
7.96072
7.96043
7.96014
7.95986
7.95957
7.95928
7.95899
7.95870
7.95841
7.95812
7.95783
7.95754
7.95725
7.95696
7.95667
7.95638
7.95610
7.95581
7.95552
7.95523
7.95494
7.95465
7.95436
7.95407
7.95378
7.95349
7.95320
7.95291
7.95262
7.95233
7.95205
7.95176
7.95147
7.95118
7.95089
7.95060
7.95031
7.95002
7.94973
7.94944
7.94915
7.94886
7.94857
7.94829
7.94800
7.94771
7.94742
7.94713
7.94684
7.94655
7.94626
7.94597
7.94568
7.94539
7.94510
7.94481
7.94452
7.94424
7.94395
7.94366
7.94337
7.94308
7.94279
7.94250
7.94221
7.94192
7.94163
7.94134
7.94105
7.94076
7.94048
7.94019
7.93990
7.93961
7.93932
7.93903
7.93874
7.93845
7.93816
7.93787
7.93758
7.93729
7.93700
7.93672
7.93643
7.93614
7.93585
7.93556
7.93527
7.93498
7.93469
7.93440
7.93411
7.93382
7.93353
7.93324
7.93295
7.93267
7.93238
7.93209
7.93180
7.93151
7.93122
7.93093
7.93064
7.93035
7.93006
7.92977
7.92948
7.92919
7.92891
7.92862
7.92833
7.92804
7.92775
7.92746
7.92717
7.92688
7.92659
7.92630
7.92601
7.92572
7.92543
7.92515
7.92486
7.92457
7.92428
7.92399
7.92370
7.92341
7.92312
7.92283
7.92254
7.92225
7.92196
7.92167
7.92138
7.92110
7.92081
7.92052
7.92023
7.91994
7.91965
7.91936
7.91907
7.91878
7.91849
7.91820
7.91791
7.91762
7.91734
7.91705
7.91676
7.91647
7.91618
7.91589
7.91560
7.91531
7.91502
7.91473
7.91444
7.91415
7.91386
7.91358
7.91329
7.91300
7.91271
7.91242
7.91213
7.91184
7.91155
7.91126
7.91097
7.91068
7.91039
7.91010
7.90982
7.90953
7.90924
7.90895
7.90866
7.90837
7.90808
7.90779
7.90750
7.90721
7.90692
7.90663
7.90634
7.90605
7.90577
7.90548
7.90519
7.90490
7.90461
7.90432
7.90403
7.90374
7.90345
7.90316
7.90287
7.90258
7.90229
7.90201
7.90172
7.90143
7.90114
7.90085
7.90056
7.90027
7.89998
7.89969
7.89940
7.89911
7.89882
7.89853
7.89825
7.89796
7.89767
7.89738
7.89709
7.89680
7.89651
7.89622
7.89593
7.89564
7.89535
7.89506
7.89477
7.89449
7.89420
7.89391
7.89362
7.89333
7.89304
7.89275
7.89246
7.89217
7.89188
7.89159
7.89130
7.89101
7.89073
7.89044
7.89015
7.88986
7.88957
7.88928
7.88899
7.88870
7.88841
7.88812
7.88783
7.88754
7.88725
7.88697
7.88668
7.88639
7.88610
7.88581
7.88552
7.88523
7.88494
7.88465
7.88436
7.88407
7.88378
7.88349
7.88320
7.88292
7.88263
7.88234
7.88205
7.88176
7.88147
7.88118
7.88089
7.88060
7.88031
7.88002
7.87973
7.87944
7.87916
7.87887
7.87858
7.87829
7.87800
7.87771
7.87742
7.87713
7.87684
7.87655
7.87626
7.87597
7.87568
7.87540
7.87511
7.87482
7.87453
7.87424
7.87395
7.87366
7.87337
7.87308
7.87279
7.87250
7.87221
7.87192
7.87164
7.87135
7.87106
7.87077
7.87048
7.87019
7.86990
7.86961
7.86932
7.86903
7.86874
7.86845
7.86816
7.86788
7.86759
7.86730
7.86701
7.86672
7.86643
7.86614
7.86585
7.86556
7.86527
7.86498
7.86469
7.86440
7.86412
7.86383
7.86354
7.86325
7.86296
7.86267
7.86238
7.86209
7.86180
7.86151
7.86122
7.86093
7.86064
7.86036
7.86007
7.85978
7.85949
7.85920
7.85891
7.85862
7.85833
7.85804
7.85775
7.85746
7.85717
7.85688
7.85660
7.85631
7.85602
7.85573
7.85544
7.85515
7.85486
7.85457
7.85428
7.85399
7.85370
7.85341
7.85312
7.85284
7.85255
7.85226
7.85197
7.85168
7.85139
7.85110
7.85081
7.85052
7.85023
7.84994
7.84965
7.84936
7.84908
7.84879
7.84850
7.84821
7.84792
7.84763
7.84734
7.84705
7.84676
7.84647
7.84618
7.84589
7.84560
7.84532
7.84503
7.84474
7.84445
7.84416
7.84387
7.84358
7.84329
7.84300
7.84271
7.84242
7.84213
7.84184
7.84156
7.84127
7.84098
7.84069
7.84040
7.84011
7.83982
7.83953
7.83924
7.83895
7.83866
7.83837
7.83809
7.83780
7.83751
7.83722
7.83693
7.83664
7.83635
7.83606
7.83577
7.83548
7.83519
7.83490
7.83461
7.83433
7.83404
7.83375
7.83346
7.83317
7.83288
7.83259
7.83230
7.83201
7.83172
7.83143
7.83114
7.83085
7.83057
7.83028
7.82999
7.82970
7.82941
7.82912
7.82883
7.82854
7.82825
7.82796
7.82767
7.82738
7.82709
7.82681
7.82652
7.82623
7.82594
7.82565
7.82536
7.82507
7.82478
7.82449
7.82420
7.82391
7.82362
7.82333
7.82305
7.82276
7.82247
7.82218
7.82189
7.82160
7.82131
7.82102
7.82073
7.82044
7.82015
7.81986
7.81957
7.81929
7.81900
7.81871
7.81842
7.81813
7.81784
7.81755
7.81726
7.81697
7.81668
7.81639
7.81610
7.81582
7.81553
7.81524
7.81495
7.81466
7.81437
7.81408
7.81379
7.81350
7.81321
7.81292
7.81263
7.81234
7.81206
7.81177
7.81148
7.81119
7.81090
7.81061
7.81032
7.81003
7.80974
7.80945
7.80916
7.80887
7.80858
7.80830
7.80801
7.80772
7.80743
7.80714
7.80685
7.80656
7.80627
7.80598
7.80569
7.80540
7.80511
7.80482
7.80454
7.80425
7.80396
7.80367
7.80338
7.80309
7.80280
7.80251
7.80222
7.80193
7.80164
7.80135
7.80107
7.80078
7.80049
7.80020
7.79991
7.79962
7.79933
7.79904
7.79875
7.79846
7.79817
7.79788
7.79759
7.79731
7.79702
7.79673
7.79644
7.79615
7.79586
7.79557
7.79528
7.79499
7.79470
7.79441
7.79412
7.79383
7.79355
7.79326
7.79297
7.79268
7.79239
7.79210
7.79181
7.79152
7.79123
7.79094
7.79065
7.79036
7.79008
7.78979
7.78950
7.78921
7.78892
7.78863
7.78834
7.78805
7.78776
7.78747
7.78718
7.78689
7.78660
7.78632
7.78603
7.78574
7.78545
7.78516
7.78487
7.78458
7.78429
7.78400
7.78371
7.78342
7.78313
7.78284
7.78256
7.78227
7.78198
7.78169
7.78140
7.78111
7.78082
7.78053
7.78024
7.77995
7.77966
7.77937
7.77909
7.77880
7.77851
7.77822
7.77793
7.77764
7.77735
7.77706
7.77677
7.77648
7.77619
7.77590
7.77561
7.77533
7.77504
7.77475
7.77446
7.77417
7.77388
7.77359
7.77330
7.77301
7.77272
7.77243
7.77214
7.77186
7.77157
7.77128
7.77099
7.77070
7.77041
7.77012
7.76983
7.76954
7.76925
7.76896
7.76867
7.76838
7.76810
7.76781
7.76752
7.76723
7.76694
7.76665
7.76636
7.76607
7.76578
7.76549
7.76520
7.76491
7.76462
7.76434
7.76405
7.76376
7.76347
7.76318
7.76289
7.76260
7.76231
7.76202
7.76173
7.76144
7.76115
7.76087
7.76058
7.76029
7.76000
7.75971
7.75942
7.75913
7.75884
7.75855
7.75826
7.75797
7.75768
7.75739
7.75711
7.75682
7.75653
7.75624
7.75595
7.75566
7.75537
7.75508
7.75479
7.75450
7.75421
7.75392
7.75364
7.75335
7.75306
7.75277
7.75248
7.75219
7.75190
7.75161
7.75132
7.75103
7.75074
7.75045
7.75016
7.74988
7.74959
7.74930
7.74901
7.74872
7.74843
7.74814
7.74785
7.74756
7.74727
7.74698
7.74669
7.74641
7.74612
7.74583
7.74554
7.74525
7.74496
7.74467
7.74438
7.74409
7.74380
7.74351
7.74322
7.74294
7.74265
7.74236
7.74207
7.74178
7.74149
7.74120
7.74091
7.74062
7.74033
7.74004
7.73975
7.73946
7.73918
7.73889
7.73860
7.73831
7.73802
7.73773
7.73744
7.73715
7.73686
7.73657
7.73628
7.73599
7.73571
7.73542
7.73513
7.73484
7.73455
7.73426
7.73397
7.73368
7.73339
7.73310
7.73281
7.73252
7.73223
7.73195
7.73166
7.73137
7.73108
7.73079
7.73050
7.73021
7.72992
7.72963
7.72934
7.72905
7.72876
7.72848
7.72819
7.72790
7.72761
7.72732
7.72703
7.72674
7.72645
7.72616
7.72587
7.72558
7.72529
7.72501
7.72472
7.72443
7.72414
7.72385
7.72356
7.72327
7.72298
7.72269
7.72240
7.72211
7.72182
7.72153
7.72125
7.72096
7.72067
7.72038
7.72009
7.71980
7.71951
7.71922
7.71893
7.71864
7.71835
7.71806
7.71778
7.71749
7.71720
7.71691
7.71662
7.71633
7.71604
7.71575
7.71546
7.71517
7.71488
7.71459
7.71431
7.71402
7.71373
7.71344
7.71315
7.71286
7.71257
7.71228
7.71199
7.71170
7.71141
7.71112
7.71083
7.71055
7.71026
7.70997
7.70968
7.70939
7.70910
7.70881
7.70852
7.70823
7.70794
7.70765
7.70736
7.70708
7.70679
7.70650
7.70621
7.70592
7.70563
7.70534
7.70505
7.70476
7.70447
7.70418
7.70389
7.70361
7.70332
7.70303
7.70274
7.70245
7.70216
7.70187
7.70158
7.70129
7.70100
7.70071
7.70042
7.70013
7.69985
7.69956
7.69927
7.69898
7.69869
7.69840
7.69811
7.69782
7.69753
7.69724
7.69695
7.69666
7.69638
7.69609
7.69580
7.69551
7.69522
7.69493
7.69464
7.69435
7.69406
7.69377
7.69348
7.69319
7.69291
7.69262
7.69233
7.69204
7.69175
7.69146
7.69117
7.69088
7.69059
7.69030
7.69001
7.68972
7.68944
7.68915
7.68886
7.68857
7.68828
7.68799
7.68770
7.68741
7.68712
7.68683
7.68654
7.68625
7.68596
7.68568
7.68539
7.68510
7.68481
7.68452
7.68423
7.68394
7.68365
7.68336
7.68307
7.68278
7.68249
7.68221
7.68192
7.68163
7.68134
7.68105
7.68076
7.68047
7.68018
7.67989
7.67960
7.67931
7.67902
7.67874
7.67845
7.67816
7.67787
7.67758
7.67729
7.67700
7.67671
7.67642
7.67613
7.67584
7.67555
7.67527
7.67498
7.67469
7.67440
7.67411
7.67382
7.67353
7.67324
7.67295
7.67266
7.67237
7.67208
7.67180
7.67151
7.67122
7.67093
7.67064
7.67035
7.67006
7.66977
7.66948
7.66919
7.66890
7.66861
7.66833
7.66804
7.66775
7.66746
7.66717
7.66688
7.66659
7.66630
7.66601
7.66572
7.66543
7.66514
7.66486
7.66457
7.66428
7.66399
7.66370
7.66341
7.66312
7.66283
7.66254
7.66225
7.66196
7.66167
7.66139
7.66110
7.66081
7.66052
7.66023
7.65994
7.65965
7.65936
7.65907
7.65878
7.65849
7.65820
7.65791
7.65763
7.65734
7.65705
7.65676
7.65647
7.65618
7.65589
7.65560
7.65531
7.65502
7.65473
7.65444
7.65416
7.65387
7.65358
7.65329
7.65300
7.65271
7.65242
7.65213
7.65184
7.65155
7.65126
7.65097
7.65069
7.65040
7.65011
7.64982
7.64953
7.64924
7.64895
7.64866
7.64837
7.64808
7.64779
7.64750
7.64722
7.64693
7.64664
7.64635
7.64606
7.64577
7.64548
7.64519
7.64490
7.64461
7.64432
7.64403
7.64375
7.64346
7.64317
7.64288
7.64259
7.64230
7.64201
7.64172
7.64143
7.64114
7.64085
7.64056
7.64028
7.63999
7.63970
7.63941
7.63912
7.63883
7.63854
7.63825
7.63796
7.63767
7.63738
7.63709
7.63681
7.63652
7.63623
7.63594
7.63565
7.63536
7.63507
7.63478
7.63449
7.63420
7.63391
7.63362
7.63334
7.63305
7.63276
7.63247
7.63218
7.63189
7.63160
7.63131
7.63102
7.63073
7.63044
7.63015
7.62987
7.62958
7.62929
7.62900
7.62871
7.62842
7.62813
7.62784
7.62755
7.62726
7.62697
7.62668
7.62640
7.62611
7.62582
7.62553
7.62524
7.62495
7.62466
7.62437
7.62408
7.62379
7.62350
7.62321
7.62293
7.62264
7.62235
7.62206
7.62177
7.62148
7.62119
7.62090
7.62061
7.62032
7.62003
7.61974
7.61946
7.61917
7.61888
7.61859
7.61830
7.61801
7.61772
7.61743
7.61714
7.61685
7.61656
7.61628
7.61599
7.61570
7.61541
7.61512
7.61483
7.61454
7.61425
7.61396
7.61367
7.61338
7.61309
7.61281
7.61252
7.61223
7.61194
7.61165
7.61136
7.61107
7.61078
7.61049
7.61020
7.60991
7.60962
7.60934
7.60905
7.60876
7.60847
7.60818
7.60789
7.60760
7.60731
7.60702
7.60673
7.60644
7.60615
7.60587
7.60558
7.60529
7.60500
7.60471
7.60442
7.60413
7.60384
7.60355
7.60326
7.60297
7.60268
7.60240
7.60211
7.60182
7.60153
7.60124
7.60095
7.60066
7.60037
7.60008
7.59979
7.59950
7.59921
7.59893
7.59864
7.59835
7.59806
7.59777
7.59748
7.59719
7.59690
7.59661
7.59632
7.59603
7.59574
7.59546
7.59517
7.59488
7.59459
7.59430
7.59401
7.59372
7.59343
7.59314
7.59285
7.59256
7.59228
7.59199
7.59170
7.59141
7.59112
7.59083
7.59054
7.59025
7.58996
7.58967
7.58938
7.58909
7.58881
7.58852
7.58823
7.58794
7.58765
7.58736
7.58707
7.58678
7.58649
7.58620
7.58591
7.58562
7.58534
7.58505
7.58476
7.58447
7.58418
7.58389
7.58360
7.58331
7.58302
7.58273
7.58244
7.58215
7.58187
7.58158
7.58129
7.58100
7.58071
7.58042
7.58013
7.57984
7.57955
7.57926
7.57897
7.57868
7.57840
7.57811
7.57782
7.57753
7.57724
7.57695
7.57666
7.57637
7.57608
7.57579
7.57550
7.57522
7.57493
7.57464
7.57435
7.57406
7.57377
7.57348
7.57319
7.57290
7.57261
7.57232
7.57203
7.57175
7.57146
7.57117
7.57088
7.57059
7.57030
7.57001
7.56972
7.56943
7.56914
7.56885
7.56856
7.56828
7.56799
7.56770
7.56741
7.56712
7.56683
7.56654
7.56625
7.56596
7.56567
7.56538
7.56510
7.56481
7.56452
7.56423
7.56394
7.56365
7.56336
7.56307
7.56278
7.56249
7.56220
7.56191
7.56163
7.56134
7.56105
7.56076
7.56047
7.56018
7.55989
7.55960
7.55931
7.55902
7.55873
7.55844
7.55816
7.55787
7.55758
7.55729
7.55700
7.55671
7.55642
7.55613
7.55584
7.55555
7.55526
7.55498
7.55469
7.55440
7.55411
7.55382
7.55353
7.55324
7.55295
7.55266
7.55237
7.55208
7.55179
7.55151
7.55122
7.55093
7.55064
7.55035
7.55006
7.54977
7.54948
7.54919
7.54890
7.54861
7.54832
7.54804
7.54775
7.54746
7.54717
7.54688
7.54659
7.54630
7.54601
7.54572
7.54543
7.54514
7.54486
7.54457
7.54428
7.54399
7.54370
7.54341
7.54312
7.54283
7.54254
7.54225
7.54196
7.54167
7.54139
7.54110
7.54081
7.54052
7.54023
7.53994
7.53965
7.53936
7.53907
7.53878
7.53849
7.53820
7.53792
7.53763
7.53734
7.53705
7.53676
7.53647
7.53618
7.53589
7.53560
7.53531
7.53502
7.53474
7.53445
7.53416
7.53387
7.53358
7.53329
7.53300
7.53271
7.53242
7.53213
7.53184
7.53155
7.53127
7.53098
7.53069
7.53040
7.53011
7.52982
7.52953
7.52924
7.52895
7.52866
7.52837
7.52809
7.52780
7.52751
7.52722
7.52693
7.52664
7.52635
7.52606
7.52577
7.52548
7.52519
7.52490
7.52462
7.52433
7.52404
7.52375
7.52346
7.52317
7.52288
7.52259
7.52230
7.52201
7.52172
7.52144
7.52115
7.52086
7.52057
7.52028
7.51999
7.51970
7.51941
7.51912
7.51883
7.51854
7.51825
7.51797
7.51768
7.51739
7.51710
7.51681
7.51652
7.51623
7.51594
7.51565
7.51536
7.51507
7.51479
7.51450
7.51421
7.51392
7.51363
7.51334
7.51305
7.51276
7.51247
7.51218
7.51189
7.51160
7.51132
7.51103
7.51074
7.51045
7.51016
7.50987
7.50958
7.50929
7.50900
7.50871
7.50842
7.50814
7.50785
7.50756
7.50727
7.50698
7.50669
7.50640
7.50611
7.50582
7.50553
7.50524
7.50495
7.50467
7.50438
7.50409
7.50380
7.50351
7.50322
7.50293
7.50264
7.50235
7.50206
7.50177
7.50149
7.50120
7.50091
7.50062
7.50033
7.50004
7.49975
7.49946
7.49917
7.49888
7.49859
7.49830
7.49802
7.49773
7.49744
7.49715
7.49686
7.49657
7.49628
7.49599
7.49570
7.49541
7.49512
7.49484
7.49455
7.49426
7.49397
7.49368
7.49339
7.49310
7.49281
7.49252
7.49223
7.49194
7.49165
7.49137
7.49108
7.49079
7.49050
7.49021
7.48992
7.48963
7.48934
7.48905
7.48876
7.48847
7.48819
7.48790
7.48761
7.48732
7.48703
7.48674
7.48645
7.48616
7.48587
7.48558
7.48529
7.48501
7.48472
7.48443
7.48414
7.48385
7.48356
7.48327
7.48298
7.48269
7.48240
7.48211
7.48182
7.48154
7.48125
7.48096
7.48067
7.48038
7.48009
7.47980
7.47951
7.47922
7.47893
7.47864
7.47836
7.47807
7.47778
7.47749
7.47720
7.47691
7.47662
7.47633
7.47604
7.47575
7.47546
7.47517
7.47489
7.47460
7.47431
7.47402
7.47373
7.47344
7.47315
7.47286
7.47257
7.47228
7.47199
7.47171
7.47142
7.47113
7.47084
7.47055
7.47026
7.46997
7.46968
7.46939
7.46910
7.46881
7.46853
7.46824
7.46795
7.46766
7.46737
7.46708
7.46679
7.46650
7.46621
7.46592
7.46563
7.46534
7.46506
7.46477
7.46448
7.46419
7.46390
7.46361
7.46332
7.46303
7.46274
7.46245
7.46216
7.46188
7.46159
7.46130
7.46101
7.46072
7.46043
7.46014
7.45985
7.45956
7.45927
7.45898
7.45870
7.45841
7.45812
7.45783
7.45754
7.45725
7.45696
7.45667
7.45638
7.45609
7.45580
7.45552
7.45523
7.45494
7.45465
7.45436
7.45407
7.45378
7.45349
7.45320
7.45291
7.45262
7.45233
7.45205
7.45176
7.45147
7.45118
7.45089
7.45060
7.45031
7.45002
7.44973
7.44944
7.44915
7.44887
7.44858
7.44829
7.44800
7.44771
7.44742
7.44713
7.44684
7.44655
7.44626
7.44597
7.44569
7.44540
7.44511
7.44482
7.44453
7.44424
7.44395
7.44366
7.44337
7.44308
7.44279
7.44250
7.44222
7.44193
7.44164
7.44135
7.44106
7.44077
7.44048
7.44019
7.43990
7.43961
7.43932
7.43904
7.43875
7.43846
7.43817
7.43788
7.43759
7.43730
7.43701
7.43672
7.43643
7.43614
7.43586
7.43557
7.43528
7.43499
7.43470
7.43441
7.43412
7.43383
7.43354
7.43325
7.43296
7.43268
7.43239
7.43210
7.43181
7.43152
7.43123
7.43094
7.43065
7.43036
7.43007
7.42978
7.42950
7.42921
7.42892
7.42863
7.42834
7.42805
7.42776
7.42747
7.42718
7.42689
7.42660
7.42631
7.42603
7.42574
7.42545
7.42516
7.42487
7.42458
7.42429
7.42400
7.42371
7.42342
7.42313
7.42285
7.42256
7.42227
7.42198
7.42169
7.42140
7.42111
7.42082
7.42053
7.42024
7.41995
7.41967
7.41938
7.41909
7.41880
7.41851
7.41822
7.41793
7.41764
7.41735
7.41706
7.41677
7.41649
7.41620
7.41591
7.41562
7.41533
7.41504
7.41475
7.41446
7.41417
7.41388
7.41359
7.41331
7.41302
7.41273
7.41244
7.41215
7.41186
7.41157
7.41128
7.41099
7.41070
7.41041
7.41013
7.40984
7.40955
7.40926
7.40897
7.40868
7.40839
7.40810
7.40781
7.40752
7.40723
7.40695
7.40666
7.40637
7.40608
7.40579
7.40550
7.40521
7.40492
7.40463
7.40434
7.40405
7.40376
7.40348
7.40319
7.40290
7.40261
7.40232
7.40203
7.40174
7.40145
7.40116
7.40087
7.40058
7.40030
7.40001
7.39972
7.39943
7.39914
7.39885
7.39856
7.39827
7.39798
7.39769
7.39740
7.39712
7.39683
7.39654
7.39625
7.39596
7.39567
7.39538
7.39509
7.39480
7.39451
7.39422
7.39394
7.39365
7.39336
7.39307
7.39278
7.39249
7.39220
7.39191
7.39162
7.39133
7.39104
7.39076
7.39047
7.39018
7.38989
7.38960
7.38931
7.38902
7.38873
7.38844
7.38815
7.38786
7.38758
7.38729
7.38700
7.38671
7.38642
7.38613
7.38584
7.38555
7.38526
7.38497
7.38468
7.38440
7.38411
7.38382
7.38353
7.38324
7.38295
7.38266
7.38237
7.38208
7.38179
7.38150
7.38122
7.38093
7.38064
7.38035
7.38006
7.37977
7.37948
7.37919
7.37890
7.37861
7.37832
7.37804
7.37775
7.37746
7.37717
7.37688
7.37659
7.37630
7.37601
7.37572
7.37543
7.37514
7.37486
7.37457
7.37428
7.37399
7.37370
7.37341
7.37312
7.37283
7.37254
7.37225
7.37196
7.37168
7.37139
7.37110
7.37081
7.37052
7.37023
7.36994
7.36965
7.36936
7.36907
7.36878
7.36850
7.36821
7.36792
7.36763
7.36734
7.36705
7.36676
7.36647
7.36618
7.36589
7.36560
7.36532
7.36503
7.36474
7.36445
7.36416
7.36387
7.36358
7.36329
7.36300
7.36271
7.36242
7.36214
7.36185
7.36156
7.36127
7.36098
7.36069
7.36040
7.36011
7.35982
7.35953
7.35924
7.35896
7.35867
7.35838
7.35809
7.35780
7.35751
7.35722
7.35693
7.35664
7.35635
7.35606
7.35578
7.35549
7.35520
7.35491
7.35462
7.35433
7.35404
7.35375
7.35346
7.35317
7.35288
7.35260
7.35231
7.35202
7.35173
7.35144
7.35115
7.35086
7.35057
7.35028
7.34999
7.34970
7.34942
7.34913
7.34884
7.34855
7.34826
7.34797
7.34768
7.34739
7.34710
7.34681
7.34653
7.34624
7.34595
7.34566
7.34537
7.34508
7.34479
7.34450
7.34421
7.34392
7.34363
7.34335
7.34306
7.34277
7.34248
7.34219
7.34190
7.34161
7.34132
7.34103
7.34074
7.34045
7.34017
7.33988
7.33959
7.33930
7.33901
7.33872
7.33843
7.33814
7.33785
7.33756
7.33727
7.33699
7.33670
7.33641
7.33612
7.33583
7.33554
7.33525
7.33496
7.33467
7.33438
7.33409
7.33381
7.33352
7.33323
7.33294
7.33265
7.33236
7.33207
7.33178
7.33149
7.33120
7.33091
7.33063
7.33034
7.33005
7.32976
7.32947
7.32918
7.32889
7.32860
7.32831
7.32802
7.32773
7.32745
7.32716
7.32687
7.32658
7.32629
7.32600
7.32571
7.32542
7.32513
7.32484
7.32456
7.32427
7.32398
7.32369
7.32340
7.32311
7.32282
7.32253
7.32224
7.32195
7.32166
7.32138
7.32109
7.32080
7.32051
7.32022
7.31993
7.31964
7.31935
7.31906
7.31877
7.31848
7.31820
7.31791
7.31762
7.31733
7.31704
7.31675
7.31646
7.31617
7.31588
7.31559
7.31530
7.31502
7.31473
7.31444
7.31415
7.31386
7.31357
7.31328
7.31299
7.31270
7.31241
7.31212
7.31184
7.31155
7.31126
7.31097
7.31068
7.31039
7.31010
7.30981
7.30952
7.30923
7.30895
7.30866
7.30837
7.30808
7.30779
7.30750
7.30721
7.30692
7.30663
7.30634
7.30605
7.30577
7.30548
7.30519
7.30490
7.30461
7.30432
7.30403
7.30374
7.30345
7.30316
7.30287
7.30259
7.30230
7.30201
7.30172
7.30143
7.30114
7.30085
7.30056
7.30027
7.29998
7.29969
7.29941
7.29912
7.29883
7.29854
7.29825
7.29796
7.29767
7.29738
7.29709
7.29680
7.29652
7.29623
7.29594
7.29565
7.29536
7.29507
7.29478
7.29449
7.29420
7.29391
7.29362
7.29334
7.29305
7.29276
7.29247
7.29218
7.29189
7.29160
7.29131
7.29102
7.29073
7.29044
7.29016
7.28987
7.28958
7.28929
7.28900
7.28871
7.28842
7.28813
7.28784
7.28755
7.28726
7.28698
7.28669
7.28640
7.28611
7.28582
7.28553
7.28524
7.28495
7.28466
7.28437
7.28409
7.28380
7.28351
7.28322
7.28293
7.28264
7.28235
7.28206
7.28177
7.28148
7.28119
7.28091
7.28062
7.28033
7.28004
7.27975
7.27946
7.27917
7.27888
7.27859
7.27830
7.27801
7.27773
7.27744
7.27715
7.27686
7.27657
7.27628
7.27599
7.27570
7.27541
7.27512
7.27484
7.27455
7.27426
7.27397
7.27368
7.27339
7.27310
7.27281
7.27252
7.27223
7.27194
7.27166
7.27137
7.27108
7.27079
7.27050
7.27021
7.26992
7.26963
7.26934
7.26905
7.26876
7.26848
7.26819
7.26790
7.26761
7.26732
7.26703
7.26674
7.26645
7.26616
7.26587
7.26559
7.26530
7.26501
7.26472
7.26443
7.26414
7.26385
7.26356
7.26327
7.26298
7.26269
7.26241
7.26212
7.26183
7.26154
7.26125
7.26096
7.26067
7.26038
7.26009
7.25980
7.25951
7.25923
7.25894
7.25865
7.25836
7.25807
7.25778
7.25749
7.25720
7.25691
7.25662
7.25634
7.25605
7.25576
7.25547
7.25518
7.25489
7.25460
7.25431
7.25402
7.25373
7.25344
7.25316
7.25287
7.25258
7.25229
7.25200
7.25171
7.25142
7.25113
7.25084
7.25055
7.25027
7.24998
7.24969
7.24940
7.24911
7.24882
7.24853
7.24824
7.24795
7.24766
7.24737
7.24709
7.24680
7.24651
7.24622
7.24593
7.24564
7.24535
7.24506
7.24477
7.24448
7.24420
7.24391
7.24362
7.24333
7.24304
7.24275
7.24246
7.24217
7.24188
7.24159
7.24130
7.24102
7.24073
7.24044
7.24015
7.23986
7.23957
7.23928
7.23899
7.23870
7.23841
7.23812
7.23784
7.23755
7.23726
7.23697
7.23668
7.23639
7.23610
7.23581
7.23552
7.23523
7.23495
7.23466
7.23437
7.23408
7.23379
7.23350
7.23321
7.23292
7.23263
7.23234
7.23205
7.23177
7.23148
7.23119
7.23090
7.23061
7.23032
7.23003
7.22974
7.22945
7.22916
7.22888
7.22859
7.22830
7.22801
7.22772
7.22743
7.22714
7.22685
7.22656
7.22627
7.22598
7.22570
7.22541
7.22512
7.22483
7.22454
7.22425
7.22396
7.22367
7.22338
7.22309
7.22281
7.22252
7.22223
7.22194
7.22165
7.22136
7.22107
7.22078
7.22049
7.22020
7.21991
7.21963
7.21934
7.21905
7.21876
7.21847
7.21818
7.21789
7.21760
7.21731
7.21702
7.21674
7.21645
7.21616
7.21587
7.21558
7.21529
7.21500
7.21471
7.21442
7.21413
7.21384
7.21356
7.21327
7.21298
7.21269
7.21240
7.21211
7.21182
7.21153
7.21124
7.21095
7.21067
7.21038
7.21009
7.20980
7.20951
7.20922
7.20893
7.20864
7.20835
7.20806
7.20778
7.20749
7.20720
7.20691
7.20662
7.20633
7.20604
7.20575
7.20546
7.20517
7.20488
7.20460
7.20431
7.20402
7.20373
7.20344
7.20315
7.20286
7.20257
7.20228
7.20199
7.20171
7.20142
7.20113
7.20084
7.20055
7.20026
7.19997
7.19968
7.19939
7.19910
7.19881
7.19853
7.19824
7.19795
7.19766
7.19737
7.19708
7.19679
7.19650
7.19621
7.19592
7.19564
7.19535
7.19506
7.19477
7.19448
7.19419
7.19390
7.19361
7.19332
7.19303
7.19274
7.19246
7.19217
7.19188
7.19159
7.19130
7.19101
7.19072
7.19043
7.19014
7.18985
7.18957
7.18928
7.18899
7.18870
7.18841
7.18812
7.18783
7.18754
7.18725
7.18696
7.18668
7.18639
7.18610
7.18581
7.18552
7.18523
7.18494
7.18465
7.18436
7.18407
7.18378
7.18350
7.18321
7.18292
7.18263
7.18234
7.18205
7.18176
7.18147
7.18118
7.18089
7.18061
7.18032
7.18003
7.17974
7.17945
7.17916
7.17887
7.17858
7.17829
7.17800
7.17772
7.17743
7.17714
7.17685
7.17656
7.17627
7.17598
7.17569
7.17540
7.17511
7.17482
7.17454
7.17425
7.17396
7.17367
7.17338
7.17309
7.17280
7.17251
7.17222
7.17193
7.17165
7.17136
7.17107
7.17078
7.17049
7.17020
7.16991
7.16962
7.16933
7.16904
7.16876
7.16847
7.16818
7.16789
7.16760
7.16731
7.16702
7.16673
7.16644
7.16615
7.16586
7.16558
7.16529
7.16500
7.16471
7.16442
7.16413
7.16384
7.16355
7.16326
7.16297
7.16269
7.16240
7.16211
7.16182
7.16153
7.16124
7.16095
7.16066
7.16037
7.16008
7.15980
7.15951
7.15922
7.15893
7.15864
7.15835
7.15806
7.15777
7.15748
7.15719
7.15690
7.15662
7.15633
7.15604
7.15575
7.15546
7.15517
7.15488
7.15459
7.15430
7.15401
7.15373
7.15344
7.15315
7.15286
7.15257
7.15228
7.15199
7.15170
7.15141
7.15112
7.15084
7.15055
7.15026
7.14997
7.14968
7.14939
7.14910
7.14881
7.14852
7.14823
7.14794
7.14766
7.14737
7.14708
7.14679
7.14650
7.14621
7.14592
7.14563
7.14534
7.14505
7.14477
7.14448
7.14419
7.14390
7.14361
7.14332
7.14303
7.14274
7.14245
7.14216
7.14188
7.14159
7.14130
7.14101
7.14072
7.14043
7.14014
7.13985
7.13956
7.13927
7.13899
7.13870
7.13841
7.13812
7.13783
7.13754
7.13725
7.13696
7.13667
7.13638
7.13610
7.13581
7.13552
7.13523
7.13494
7.13465
7.13436
7.13407
7.13378
7.13349
7.13320
7.13292
7.13263
7.13234
7.13205
7.13176
7.13147
7.13118
7.13089
7.13060
7.13031
7.13003
7.12974
7.12945
7.12916
7.12887
7.12858
7.12829
7.12800
7.12771
7.12742
7.12714
7.12685
7.12656
7.12627
7.12598
7.12569
7.12540
7.12511
7.12482
7.12453
7.12425
7.12396
7.12367
7.12338
7.12309
7.12280
7.12251
7.12222
7.12193
7.12164
7.12135
7.12107
7.12078
7.12049
7.12020
7.11991
7.11962
7.11933
7.11904
7.11875
7.11846
7.11818
7.11789
7.11760
7.11731
7.11702
7.11673
7.11644
7.11615
7.11586
7.11557
7.11529
7.11500
7.11471
7.11442
7.11413
7.11384
7.11355
7.11326
7.11297
7.11268
7.11240
7.11211
7.11182
7.11153
7.11124
7.11095
7.11066
7.11037
7.11008
7.10979
7.10951
7.10922
7.10893
7.10864
7.10835
7.10806
7.10777
7.10748
7.10719
7.10690
7.10662
7.10633
7.10604
7.10575
7.10546
7.10517
7.10488
7.10459
7.10430
7.10401
7.10373
7.10344
7.10315
7.10286
7.10257
7.10228
7.10199
7.10170
7.10141
7.10112
7.10083
7.10055
7.10026
7.09997
7.09968
7.09939
7.09910
7.09881
7.09852
7.09823
7.09794
7.09766
7.09737
7.09708
7.09679
7.09650
7.09621
7.09592
7.09563
7.09534
7.09505
7.09477
7.09448
7.09419
7.09390
7.09361
7.09332
7.09303
7.09274
7.09245
7.09216
7.09188
7.09159
7.09130
7.09101
7.09072
7.09043
7.09014
7.08985
7.08956
7.08927
7.08899
7.08870
7.08841
7.08812
7.08783
7.08754
7.08725
7.08696
7.08667
7.08638
7.08610
7.08581
7.08552
7.08523
7.08494
7.08465
7.08436
7.08407
7.08378
7.08349
7.08321
7.08292
7.08263
7.08234
7.08205
7.08176
7.08147
7.08118
7.08089
7.08060
7.08032
7.08003
7.07974
7.07945
7.07916
7.07887
7.07858
7.07829
7.07800
7.07771
7.07743
7.07714
7.07685
7.07656
7.07627
7.07598
7.07569
7.07540
7.07511
7.07482
7.07454
7.07425
7.07396
7.07367
7.07338
7.07309
7.07280
7.07251
7.07222
7.07193
7.07165
7.07136
7.07107
7.07078
7.07049
7.07020
7.06991
7.06962
7.06933
7.06904
7.06876
7.06847
7.06818
7.06789
7.06760
7.06731
7.06702
7.06673
7.06644
7.06615
7.06587
7.06558
7.06529
7.06500
7.06471
7.06442
7.06413
7.06384
7.06355
7.06326
7.06298
7.06269
7.06240
7.06211
7.06182
7.06153
7.06124
7.06095
7.06066
7.06037
7.06009
7.05980
7.05951
7.05922
7.05893
7.05864
7.05835
7.05806
7.05777
7.05748
7.05720
7.05691
7.05662
7.05633
7.05604
7.05575
7.05546
7.05517
7.05488
7.05459
7.05431
7.05402
7.05373
7.05344
7.05315
7.05286
7.05257
7.05228
7.05199
7.05170
7.05142
7.05113
7.05084
7.05055
7.05026
7.04997
7.04968
7.04939
7.04910
7.04881
7.04853
7.04824
7.04795
7.04766
7.04737
7.04708
7.04679
7.04650
7.04621
7.04592
7.04564
7.04535
7.04506
7.04477
7.04448
7.04419
7.04390
7.04361
7.04332
7.04303
7.04275
7.04246
7.04217
7.04188
7.04159
7.04130
7.04101
7.04072
7.04043
7.04014
7.03986
7.03957
7.03928
7.03899
7.03870
7.03841
7.03812
7.03783
7.03754
7.03725
7.03697
7.03668
7.03639
7.03610
7.03581
7.03552
7.03523
7.03494
7.03465
7.03436
7.03408
7.03379
7.03350
7.03321
7.03292
7.03263
7.03234
7.03205
7.03176
7.03147
7.03119
7.03090
7.03061
7.03032
7.03003
7.02974
7.02945
7.02916
7.02887
7.02858
7.02830
7.02801
7.02772
7.02743
7.02714
7.02685
7.02656
7.02627
7.02598
7.02569
7.02541
7.02512
7.02483
7.02454
7.02425
7.02396
7.02367
7.02338
7.02309
7.02280
7.02252
7.02223
7.02194
7.02165
7.02136
7.02107
7.02078
7.02049
7.02020
7.01991
7.01963
7.01934
7.01905
7.01876
7.01847
7.01818
7.01789
7.01760
7.01731
7.01702
7.01674
7.01645
7.01616
7.01587
7.01558
7.01529
7.01500
7.01471
7.01442
7.01414
7.01385
7.01356
7.01327
7.01298
7.01269
7.01240
7.01211
7.01182
7.01153
7.01125
7.01096
7.01067
7.01038
7.01009
7.00980
7.00951
7.00922
7.00893
7.00864
7.00836
7.00807
7.00778
7.00749
7.00720
7.00691
7.00662
7.00633
7.00604
7.00575
7.00547
7.00518
7.00489
7.00460
7.00431
7.00402
7.00373
7.00344
7.00315
7.00286
7.00258
7.00229
7.00200
7.00171
7.00142
7.00113
7.00084
7.00055
7.00026
6.99997
6.99969
6.99940
6.99911
6.99882
6.99853
6.99824
6.99795
6.99766
6.99737
6.99709
6.99680
6.99651
6.99622
6.99593
6.99564
6.99535
6.99506
6.99477
6.99448
6.99420
6.99391
6.99362
6.99333
6.99304
6.99275
6.99246
6.99217
6.99188
6.99159
6.99131
6.99102
6.99073
6.99044
6.99015
6.98986
6.98957
6.98928
6.98899
6.98870
6.98842
6.98813
6.98784
6.98755
6.98726
6.98697
6.98668
6.98639
6.98610
6.98581
6.98553
6.98524
6.98495
6.98466
6.98437
6.98408
6.98379
6.98350
6.98321
6.98292
6.98264
6.98235
6.98206
6.98177
6.98148
6.98119
6.98090
6.98061
6.98032
6.98004
6.97975
6.97946
6.97917
6.97888
6.97859
6.97830
6.97801
6.97772
6.97743
6.97715
6.97686
6.97657
6.97628
6.97599
6.97570
6.97541
6.97512
6.97483
6.97454
6.97426
6.97397
6.97368
6.97339
6.97310
6.97281
6.97252
6.97223
6.97194
6.97165
6.97137
6.97108
6.97079
6.97050
6.97021
6.96992
6.96963
6.96934
6.96905
6.96877
6.96848
6.96819
6.96790
6.96761
6.96732
6.96703
6.96674
6.96645
6.96616
6.96588
6.96559
6.96530
6.96501
6.96472
6.96443
6.96414
6.96385
6.96356
6.96327
6.96299
6.96270
6.96241
6.96212
6.96183
6.96154
6.96125
6.96096
6.96067
6.96038
6.96010
6.95981
6.95952
6.95923
6.95894
6.95865
6.95836
6.95807
6.95778
6.95750
6.95721
6.95692
6.95663
6.95634
6.95605
6.95576
6.95547
6.95518
6.95489
6.95461
6.95432
6.95403
6.95374
6.95345
6.95316
6.95287
6.95258
6.95229
6.95200
6.95172
6.95143
6.95114
6.95085
6.95056
6.95027
6.94998
6.94969
6.94940
6.94912
6.94883
6.94854
6.94825
6.94796
6.94767
6.94738
6.94709
6.94680
6.94651
6.94623
6.94594
6.94565
6.94536
6.94507
6.94478
6.94449
6.94420
6.94391
6.94362
6.94334
6.94305
6.94276
6.94247
6.94218
6.94189
6.94160
6.94131
6.94102
6.94074
6.94045
6.94016
6.93987
6.93958
6.93929
6.93900
6.93871
6.93842
6.93813
6.93785
6.93756
6.93727
6.93698
6.93669
6.93640
6.93611
6.93582
6.93553
6.93524
6.93496
6.93467
6.93438
6.93409
6.93380
6.93351
6.93322
6.93293
6.93264
6.93236
6.93207
6.93178
6.93149
6.93120
6.93091
6.93062
6.93033
6.93004
6.92975
6.92947
6.92918
6.92889
6.92860
6.92831
6.92802
6.92773
6.92744
6.92715
6.92686
6.92658
6.92629
6.92600
6.92571
6.92542
6.92513
6.92484
6.92455
6.92426
6.92398
6.92369
6.92340
6.92311
6.92282
6.92253
6.92224
6.92195
6.92166
6.92137
6.92109
6.92080
6.92051
6.92022
6.91993
6.91964
6.91935
6.91906
6.91877
6.91848
6.91820
6.91791
6.91762
6.91733
6.91704
6.91675
6.91646
6.91617
6.91588
6.91560
6.91531
6.91502
6.91473
6.91444
6.91415
6.91386
6.91357
6.91328
6.91299
6.91271
6.91242
6.91213
6.91184
6.91155
6.91126
6.91097
6.91068
6.91039
6.91011
6.90982
6.90953
6.90924
6.90895
6.90866
6.90837
6.90808
6.90779
6.90750
6.90722
6.90693
6.90664
6.90635
6.90606
6.90577
6.90548
6.90519
6.90490
6.90461
6.90433
6.90404
6.90375
6.90346
6.90317
6.90288
6.90259
6.90230
6.90201
6.90173
6.90144
6.90115
6.90086
6.90057
6.90028
6.89999
6.89970
6.89941
6.89912
6.89884
6.89855
6.89826
6.89797
6.89768
6.89739
6.89710
6.89681
6.89652
6.89624
6.89595
6.89566
6.89537
6.89508
6.89479
6.89450
6.89421
6.89392
6.89363
6.89335
6.89306
6.89277
6.89248
6.89219
6.89190
6.89161
6.89132
6.89103
6.89075
6.89046
6.89017
6.88988
6.88959
6.88930
6.88901
6.88872
6.88843
6.88814
6.88786
6.88757
6.88728
6.88699
6.88670
6.88641
6.88612
6.88583
6.88554
6.88526
6.88497
6.88468
6.88439
6.88410
6.88381
6.88352
6.88323
6.88294
6.88265
6.88237
6.88208
6.88179
6.88150
6.88121
6.88092
6.88063
6.88034
6.88005
6.87977
6.87948
6.87919
6.87890
6.87861
6.87832
6.87803
6.87774
6.87745
6.87716
6.87688
6.87659
6.87630
6.87601
6.87572
6.87543
6.87514
6.87485
6.87456
6.87428
6.87399
6.87370
6.87341
6.87312
6.87283
6.87254
6.87225
6.87196
6.87167
6.87139
6.87110
6.87081
6.87052
6.87023
6.86994
6.86965
6.86936
6.86907
6.86879
6.86850
6.86821
6.86792
6.86763
6.86734
6.86705
6.86676
6.86647
6.86618
6.86590
6.86561
6.86532
6.86503
6.86474
6.86445
6.86416
6.86387
6.86358
6.86330
6.86301
6.86272
6.86243
6.86214
6.86185
6.86156
6.86127
6.86098
6.86069
6.86041
6.86012
6.85983
6.85954
6.85925
6.85896
6.85867
6.85838
6.85809
6.85781
6.85752
6.85723
6.85694
6.85665
6.85636
6.85607
6.85578
6.85549
6.85520
6.85492
6.85463
6.85434
6.85405
6.85376
6.85347
6.85318
6.85289
6.85260
6.85232
6.85203
6.85174
6.85145
6.85116
6.85087
6.85058
6.85029
6.85000
6.84971
6.84943
6.84914
6.84885
6.84856
6.84827
6.84798
6.84769
6.84740
6.84711
6.84683
6.84654
6.84625
6.84596
6.84567
6.84538
6.84509
6.84480
6.84451
6.84423
6.84394
6.84365
6.84336
6.84307
6.84278
6.84249
6.84220
6.84191
6.84162
6.84134
6.84105
6.84076
6.84047
6.84018
6.83989
6.83960
6.83931
6.83902
6.83874
6.83845
6.83816
6.83787
6.83758
6.83729
6.83700
6.83671
6.83642
6.83613
6.83585
6.83556
6.83527
6.83498
6.83469
6.83440
6.83411
6.83382
6.83353
6.83325
6.83296
6.83267
6.83238
6.83209
6.83180
6.83151
6.83122
6.83093
6.83065
6.83036
6.83007
6.82978
6.82949
6.82920
6.82891
6.82862
6.82833
6.82804
6.82776
6.82747
6.82718
6.82689
6.82660
6.82631
6.82602
6.82573
6.82544
6.82516
6.82487
6.82458
6.82429
6.82400
6.82371
6.82342
6.82313
6.82284
6.82255
6.82227
6.82198
6.82169
6.82140
6.82111
6.82082
6.82053
6.82024
6.81995
6.81967
6.81938
6.81909
6.81880
6.81851
6.81822
6.81793
6.81764
6.81735
6.81707
6.81678
6.81649
6.81620
6.81591
6.81562
6.81533
6.81504
6.81475
6.81446
6.81418
6.81389
6.81360
6.81331
6.81302
6.81273
6.81244
6.81215
6.81186
6.81158
6.81129
6.81100
6.81071
6.81042
6.81013
6.80984
6.80955
6.80926
6.80898
6.80869
6.80840
6.80811
6.80782
6.80753
6.80724
6.80695
6.80666
6.80637
6.80609
6.80580
6.80551
6.80522
6.80493
6.80464
6.80435
6.80406
6.80377
6.80349
6.80320
6.80291
6.80262
6.80233
6.80204
6.80175
6.80146
6.80117
6.80089
6.80060
6.80031
6.80002
6.79973
6.79944
6.79915
6.79886
6.79857
6.79828
6.79800
6.79771
6.79742
6.79713
6.79684
6.79655
6.79626
6.79597
6.79568
6.79540
6.79511
6.79482
6.79453
6.79424
6.79395
6.79366
6.79337
6.79308
6.79280
6.79251
6.79222
6.79193
6.79164
6.79135
6.79106
6.79077
6.79048
6.79020
6.78991
6.78962
6.78933
6.78904
6.78875
6.78846
6.78817
6.78788
6.78759
6.78731
6.78702
6.78673
6.78644
6.78615
6.78586
6.78557
6.78528
6.78499
6.78471
6.78442
6.78413
6.78384
6.78355
6.78326
6.78297
6.78268
6.78239
6.78211
6.78182
6.78153
6.78124
6.78095
6.78066
6.78037
6.78008
6.77979
6.77950
6.77922
6.77893
6.77864
6.77835
6.77806
6.77777
6.77748
6.77719
6.77690
6.77662
6.77633
6.77604
6.77575
6.77546
6.77517
6.77488
6.77459
6.77430
6.77402
6.77373
6.77344
6.77315
6.77286
6.77257
6.77228
6.77199
6.77170
6.77142
6.77113
6.77084
6.77055
6.77026
6.76997
6.76968
6.76939
6.76910
6.76881
6.76853
6.76824
6.76795
6.76766
6.76737
6.76708
6.76679
6.76650
6.76621
6.76593
6.76564
6.76535
6.76506
6.76477
6.76448
6.76419
6.76390
6.76361
6.76333
6.76304
6.76275
6.76246
6.76217
6.76188
6.76159
6.76130
6.76101
6.76073
6.76044
6.76015
6.75986
6.75957
6.75928
6.75899
6.75870
6.75841
6.75813
6.75784
6.75755
6.75726
6.75697
6.75668
6.75639
6.75610
6.75581
6.75552
6.75524
6.75495
6.75466
6.75437
6.75408
6.75379
6.75350
6.75321
6.75292
6.75264
6.75235
6.75206
6.75177
6.75148
6.75119
6.75090
6.75061
6.75032
6.75004
6.74975
6.74946
6.74917
6.74888
6.74859
6.74830
6.74801
6.74772
6.74744
6.74715
6.74686
6.74657
6.74628
6.74599
6.74570
6.74541
6.74512
6.74484
6.74455
6.74426
6.74397
6.74368
6.74339
6.74310
6.74281
6.74252
6.74224
6.74195
6.74166
6.74137
6.74108
6.74079
6.74050
6.74021
6.73992
6.73963
6.73935
6.73906
6.73877
6.73848
6.73819
6.73790
6.73761
6.73732
6.73703
6.73675
6.73646
6.73617
6.73588
6.73559
6.73530
6.73501
6.73472
6.73443
6.73415
6.73386
6.73357
6.73328
6.73299
6.73270
6.73241
6.73212
6.73183
6.73155
6.73126
6.73097
6.73068
6.73039
6.73010
6.72981
6.72952
6.72923
6.72895
6.72866
6.72837
6.72808
6.72779
6.72750
6.72721
6.72692
6.72663
6.72635
6.72606
6.72577
6.72548
6.72519
6.72490
6.72461
6.72432
6.72403
6.72374
6.72346
6.72317
6.72288
6.72259
6.72230
6.72201
6.72172
6.72143
6.72114
6.72086
6.72057
6.72028
6.71999
6.71970
6.71941
6.71912
6.71883
6.71854
6.71826
6.71797
6.71768
6.71739
6.71710
6.71681
6.71652
6.71623
6.71594
6.71566
6.71537
6.71508
6.71479
6.71450
6.71421
6.71392
6.71363
6.71334
6.71306
6.71277
6.71248
6.71219
6.71190
6.71161
6.71132
6.71103
6.71074
6.71046
6.71017
6.70988
6.70959
6.70930
6.70901
6.70872
6.70843
6.70814
6.70786
6.70757
6.70728
6.70699
6.70670
6.70641
6.70612
6.70583
6.70554
6.70526
6.70497
6.70468
6.70439
6.70410
6.70381
6.70352
6.70323
6.70294
6.70266
6.70237
6.70208
6.70179
6.70150
6.70121
6.70092
6.70063
6.70034
6.70006
6.69977
6.69948
6.69919
6.69890
6.69861
6.69832
6.69803
6.69774
6.69746
6.69717
6.69688
6.69659
6.69630
6.69601
6.69572
6.69543
6.69514
6.69486
6.69457
6.69428
6.69399
6.69370
6.69341
6.69312
6.69283
6.69254
6.69225
6.69197
6.69168
6.69139
6.69110
6.69081
6.69052
6.69023
6.68994
6.68965
6.68937
6.68908
6.68879
6.68850
6.68821
6.68792
6.68763
6.68734
6.68705
6.68677
6.68648
6.68619
6.68590
6.68561
6.68532
6.68503
6.68474
6.68445
6.68417
6.68388
6.68359
6.68330
6.68301
6.68272
6.68243
6.68214
6.68185
6.68157
6.68128
6.68099
6.68070
6.68041
6.68012
6.67983
6.67954
6.67925
6.67897
6.67868
6.67839
6.67810
6.67781
6.67752
6.67723
6.67694
6.67665
6.67637
6.67608
6.67579
6.67550
6.67521
6.67492
6.67463
6.67434
6.67405
6.67377
6.67348
6.67319
6.67290
6.67261
6.67232
6.67203
6.67174
6.67145
6.67117
6.67088
6.67059
6.67030
6.67001
6.66972
6.66943
6.66914
6.66885
6.66857
6.66828
6.66799
6.66770
6.66741
6.66712
6.66683
6.66654
6.66625
6.66597
6.66568
6.66539
6.66510
6.66481
6.66452
6.66423
6.66394
6.66365
6.66337
6.66308
6.66279
6.66250
6.66221
6.66192
6.66163
6.66134
6.66105
6.66077
6.66048
6.66019
6.65990
6.65961
6.65932
6.65903
6.65874
6.65845
6.65817
6.65788
6.65759
6.65730
6.65701
6.65672
6.65643
6.65614
6.65585
6.65557
6.65528
6.65499
6.65470
6.65441
6.65412
6.65383
6.65354
6.65325
6.65297
6.65268
6.65239
6.65210
6.65181
6.65152
6.65123
6.65094
6.65066
6.65037
6.65008
6.64979
6.64950
6.64921
6.64892
6.64863
6.64834
6.64806
6.64777
6.64748
6.64719
6.64690
6.64661
6.64632
6.64603
6.64574
6.64546
6.64517
6.64488
6.64459
6.64430
6.64401
6.64372
6.64343
6.64314
6.64286
6.64257
6.64228
6.64199
6.64170
6.64141
6.64112
6.64083
6.64054
6.64026
6.63997
6.63968
6.63939
6.63910
6.63881
6.63852
6.63823
6.63794
6.63766
6.63737
6.63708
6.63679
6.63650
6.63621
6.63592
6.63563
6.63534
6.63506
6.63477
6.63448
6.63419
6.63390
6.63361
6.63332
6.63303
6.63274
6.63246
6.63217
6.63188
6.63159
6.63130
6.63101
6.63072
6.63043
6.63014
6.62986
6.62957
6.62928
6.62899
6.62870
6.62841
6.62812
6.62783
6.62754
6.62726
6.62697
6.62668
6.62639
6.62610
6.62581
6.62552
6.62523
6.62494
6.62466
6.62437
6.62408
6.62379
6.62350
6.62321
6.62292
6.62263
6.62234
6.62206
6.62177
6.62148
6.62119
6.62090
6.62061
6.62032
6.62003
6.61975
6.61946
6.61917
6.61888
6.61859
6.61830
6.61801
6.61772
6.61743
6.61715
6.61686
6.61657
6.61628
6.61599
6.61570
6.61541
6.61512
6.61483
6.61455
6.61426
6.61397
6.61368
6.61339
6.61310
6.61281
6.61252
6.61223
6.61195
6.61166
6.61137
6.61108
6.61079
6.61050
6.61021
6.60992
6.60963
6.60935
6.60906
6.60877
6.60848
6.60819
6.60790
6.60761
6.60732
6.60703
6.60675
6.60646
6.60617
6.60588
6.60559
6.60530
6.60501
6.60472
6.60443
6.60415
6.60386
6.60357
6.60328
6.60299
6.60270
6.60241
6.60212
6.60184
6.60155
6.60126
6.60097
6.60068
6.60039
6.60010
6.59981
6.59952
6.59924
6.59895
6.59866
6.59837
6.59808
6.59779
6.59750
6.59721
6.59692
6.59664
6.59635
6.59606
6.59577
6.59548
6.59519
6.59490
6.59461
6.59432
6.59404
6.59375
6.59346
6.59317
6.59288
6.59259
6.59230
6.59201
6.59172
6.59144
6.59115
6.59086
6.59057
6.59028
6.58999
6.58970
6.58941
6.58912
6.58884
6.58855
6.58826
6.58797
6.58768
6.58739
6.58710
6.58681
6.58653
6.58624
6.58595
6.58566
6.58537
6.58508
6.58479
6.58450
6.58421
6.58393
6.58364
6.58335
6.58306
6.58277
6.58248
6.58219
6.58190
6.58161
6.58133
6.58104
6.58075
6.58046
6.58017
6.57988
6.57959
6.57930
6.57901
6.57873
6.57844
6.57815
6.57786
6.57757
6.57728
6.57699
6.57670
6.57641
6.57613
6.57584
6.57555
6.57526
6.57497
6.57468
6.57439
6.57410
6.57382
6.57353
6.57324
6.57295
6.57266
6.57237
6.57208
6.57179
6.57150
6.57122
6.57093
6.57064
6.57035
6.57006
6.56977
6.56948
6.56919
6.56890
6.56862
6.56833
6.56804
6.56775
6.56746
6.56717
6.56688
6.56659
6.56630
6.56602
6.56573
6.56544
6.56515
6.56486
6.56457
6.56428
6.56399
6.56371
6.56342
6.56313
6.56284
6.56255
6.56226
6.56197
6.56168
6.56139
6.56111
6.56082
6.56053
6.56024
6.55995
6.55966
6.55937
6.55908
6.55879
6.55851
6.55822
6.55793
6.55764
6.55735
6.55706
6.55677
6.55648
6.55619
6.55591
6.55562
6.55533
6.55504
6.55475
6.55446
6.55417
6.55388
6.55360
6.55331
6.55302
6.55273
6.55244
6.55215
6.55186
6.55157
6.55128
6.55100
6.55071
6.55042
6.55013
6.54984
6.54955
6.54926
6.54897
6.54868
6.54840
6.54811
6.54782
6.54753
6.54724
6.54695
6.54666
6.54637
6.54608
6.54580
6.54551
6.54522
6.54493
6.54464
6.54435
6.54406
6.54377
6.54349
6.54320
6.54291
6.54262
6.54233
6.54204
6.54175
6.54146
6.54117
6.54089
6.54060
6.54031
6.54002
6.53973
6.53944
6.53915
6.53886
6.53857
6.53829
6.53800
6.53771
6.53742
6.53713
6.53684
6.53655
6.53626
6.53598
6.53569
6.53540
6.53511
6.53482
6.53453
6.53424
6.53395
6.53366
6.53338
6.53309
6.53280
6.53251
6.53222
6.53193
6.53164
6.53135
6.53106
6.53078
6.53049
6.53020
6.52991
6.52962
6.52933
6.52904
6.52875
6.52847
6.52818
6.52789
6.52760
6.52731
6.52702
6.52673
6.52644
6.52615
6.52587
6.52558
6.52529
6.52500
6.52471
6.52442
6.52413
6.52384
6.52355
6.52327
6.52298
6.52269
6.52240
6.52211
6.52182
6.52153
6.52124
6.52096
6.52067
6.52038
6.52009
6.51980
6.51951
6.51922
6.51893
6.51864
6.51836
6.51807
6.51778
6.51749
6.51720
6.51691
6.51662
6.51633
6.51604
6.51576
6.51547
6.51518
6.51489
6.51460
6.51431
6.51402
6.51373
6.51345
6.51316
6.51287
6.51258
6.51229
6.51200
6.51171
6.51142
6.51113
6.51085
6.51056
6.51027
6.50998
6.50969
6.50940
6.50911
6.50882
6.50853
6.50825
6.50796
6.50767
6.50738
6.50709
6.50680
6.50651
6.50622
6.50594
6.50565
6.50536
6.50507
6.50478
6.50449
6.50420
6.50391
6.50362
6.50334
6.50305
6.50276
6.50247
6.50218
6.50189
6.50160
6.50131
6.50102
6.50074
6.50045
6.50016
6.49987
6.49958
6.49929
6.49900
6.49871
6.49843
6.49814
6.49785
6.49756
6.49727
6.49698
6.49669
6.49640
6.49611
6.49583
6.49554
6.49525
6.49496
6.49467
6.49438
6.49409
6.49380
6.49352
6.49323
6.49294
6.49265
6.49236
6.49207
6.49178
6.49149
6.49120
6.49092
6.49063
6.49034
6.49005
6.48976
6.48947
6.48918
6.48889
6.48860
6.48832
6.48803
6.48774
6.48745
6.48716
6.48687
6.48658
6.48629
6.48601
6.48572
6.48543
6.48514
6.48485
6.48456
6.48427
6.48398
6.48369
6.48341
6.48312
6.48283
6.48254
6.48225
6.48196
6.48167
6.48138
6.48110
6.48081
6.48052
6.48023
6.47994
6.47965
6.47936
6.47907
6.47878
6.47850
6.47821
6.47792
6.47763
6.47734
6.47705
6.47676
6.47647
6.47618
6.47590
6.47561
6.47532
6.47503
6.47474
6.47445
6.47416
6.47387
6.47359
6.47330
6.47301
6.47272
6.47243
6.47214
6.47185
6.47156
6.47127
6.47099
6.47070
6.47041
6.47012
6.46983
6.46954
6.46925
6.46896
6.46868
6.46839
6.46810
6.46781
6.46752
6.46723
6.46694
6.46665
6.46636
6.46608
6.46579
6.46550
6.46521
6.46492
6.46463
6.46434
6.46405
6.46377
6.46348
6.46319
6.46290
6.46261
6.46232
6.46203
6.46174
6.46145
6.46117
6.46088
6.46059
6.46030
6.46001
6.45972
6.45943
6.45914
6.45886
6.45857
6.45828
6.45799
6.45770
6.45741
6.45712
6.45683
6.45654
6.45626
6.45597
6.45568
6.45539
6.45510
6.45481
6.45452
6.45423
6.45395
6.45366
6.45337
6.45308
6.45279
6.45250
6.45221
6.45192
6.45163
6.45135
6.45106
6.45077
6.45048
6.45019
6.44990
6.44961
6.44932
6.44904
6.44875
6.44846
6.44817
6.44788
6.44759
6.44730
6.44701
6.44672
6.44644
6.44615
6.44586
6.44557
6.44528
6.44499
6.44470
6.44441
6.44413
6.44384
6.44355
6.44326
6.44297
6.44268
6.44239
6.44210
6.44181
6.44153
6.44124
6.44095
6.44066
6.44037
6.44008
6.43979
6.43950
6.43922
6.43893
6.43864
6.43835
6.43806
6.43777
6.43748
6.43719
6.43690
6.43662
6.43633
6.43604
6.43575
6.43546
6.43517
6.43488
6.43459
6.43431
6.43402
6.43373
6.43344
6.43315
6.43286
6.43257
6.43228
6.43199
6.43171
6.43142
6.43113
6.43084
6.43055
6.43026
6.42997
6.42968
6.42940
6.42911
6.42882
6.42853
6.42824
6.42795
6.42766
6.42737
6.42708
6.42680
6.42651
6.42622
6.42593
6.42564
6.42535
6.42506
6.42477
6.42449
6.42420
6.42391
6.42362
6.42333
6.42304
6.42275
6.42246
6.42217
6.42189
6.42160
6.42131
6.42102
6.42073
6.42044
6.42015
6.41986
6.41958
6.41929
6.41900
6.41871
6.41842
6.41813
6.41784
6.41755
6.41726
6.41698
6.41669
6.41640
6.41611
6.41582
6.41553
6.41524
6.41495
6.41467
6.41438
6.41409
6.41380
6.41351
6.41322
6.41293
6.41264
6.41235
6.41207
6.41178
6.41149
6.41120
6.41091
6.41062
6.41033
6.41004
6.40976
6.40947
6.40918
6.40889
6.40860
6.40831
6.40802
6.40773
6.40745
6.40716
6.40687
6.40658
6.40629
6.40600
6.40571
6.40542
6.40513
6.40485
6.40456
6.40427
6.40398
6.40369
6.40340
6.40311
6.40282
6.40254
6.40225
6.40196
6.40167
6.40138
6.40109
6.40080
6.40051
6.40022
6.39994
6.39965
6.39936
6.39907
6.39878
6.39849
6.39820
6.39791
6.39763
6.39734
6.39705
6.39676
6.39647
6.39618
6.39589
6.39560
6.39532
6.39503
6.39474
6.39445
6.39416
6.39387
6.39358
6.39329
6.39300
6.39272
6.39243
6.39214
6.39185
6.39156
6.39127
6.39098
6.39069
6.39041
6.39012
6.38983
6.38954
6.38925
6.38896
6.38867
6.38838
6.38809
6.38781
6.38752
6.38723
6.38694
6.38665
6.38636
6.38607
6.38578
6.38550
6.38521
6.38492
6.38463
6.38434
6.38405
6.38376
6.38347
6.38319
6.38290
6.38261
6.38232
6.38203
6.38174
6.38145
6.38116
6.38087
6.38059
6.38030
6.38001
6.37972
6.37943
6.37914
6.37885
6.37856
6.37828
6.37799
6.37770
6.37741
6.37712
6.37683
6.37654
6.37625
6.37597
6.37568
6.37539
6.37510
6.37481
6.37452
6.37423
6.37394
6.37365
6.37337
6.37308
6.37279
6.37250
6.37221
6.37192
6.37163
6.37134
6.37106
6.37077
6.37048
6.37019
6.36990
6.36961
6.36932
6.36903
6.36874
6.36846
6.36817
6.36788
6.36759
6.36730
6.36701
6.36672
6.36643
6.36615
6.36586
6.36557
6.36528
6.36499
6.36470
6.36441
6.36412
6.36384
6.36355
6.36326
6.36297
6.36268
6.36239
6.36210
6.36181
6.36152
6.36124
6.36095
6.36066
6.36037
6.36008
6.35979
6.35950
6.35921
6.35893
6.35864
6.35835
6.35806
6.35777
6.35748
6.35719
6.35690
6.35662
6.35633
6.35604
6.35575
6.35546
6.35517
6.35488
6.35459
6.35430
6.35402
6.35373
6.35344
6.35315
6.35286
6.35257
6.35228
6.35199
6.35171
6.35142
6.35113
6.35084
6.35055
6.35026
6.34997
6.34968
6.34940
6.34911
6.34882
6.34853
6.34824
6.34795
6.34766
6.34737
6.34709
6.34680
6.34651
6.34622
6.34593
6.34564
6.34535
6.34506
6.34477
6.34449
6.34420
6.34391
6.34362
6.34333
6.34304
6.34275
6.34246
6.34218
6.34189
6.34160
6.34131
6.34102
6.34073
6.34044
6.34015
6.33987
6.33958
6.33929
6.33900
6.33871
6.33842
6.33813
6.33784
6.33755
6.33727
6.33698
6.33669
6.33640
6.33611
6.33582
6.33553
6.33524
6.33496
6.33467
6.33438
6.33409
6.33380
6.33351
6.33322
6.33293
6.33265
6.33236
6.33207
6.33178
6.33149
6.33120
6.33091
6.33062
6.33034
6.33005
6.32976
6.32947
6.32918
6.32889
6.32860
6.32831
6.32802
6.32774
6.32745
6.32716
6.32687
6.32658
6.32629
6.32600
6.32571
6.32543
6.32514
6.32485
6.32456
6.32427
6.32398
6.32369
6.32340
6.32312
6.32283
6.32254
6.32225
6.32196
6.32167
6.32138
6.32109
6.32080
6.32052
6.32023
6.31994
6.31965
6.31936
6.31907
6.31878
6.31849
6.31821
6.31792
6.31763
6.31734
6.31705
6.31676
6.31647
6.31618
6.31590
6.31561
6.31532
6.31503
6.31474
6.31445
6.31416
6.31387
6.31359
6.31330
6.31301
6.31272
6.31243
6.31214
6.31185
6.31156
6.31128
6.31099
6.31070
6.31041
6.31012
6.30983
6.30954
6.30925
6.30896
6.30868
6.30839
6.30810
6.30781
6.30752
6.30723
6.30694
6.30665
6.30637
6.30608
6.30579
6.30550
6.30521
6.30492
6.30463
6.30434
6.30406
6.30377
6.30348
6.30319
6.30290
6.30261
6.30232
6.30203
6.30175
6.30146
6.30117
6.30088
6.30059
6.30030
6.30001
6.29972
6.29943
6.29915
6.29886
6.29857
6.29828
6.29799
6.29770
6.29741
6.29712
6.29684
6.29655
6.29626
6.29597
6.29568
6.29539
6.29510
6.29481
6.29453
6.29424
6.29395
6.29366
6.29337
6.29308
6.29279
6.29250
6.29222
6.29193
6.29164
6.29135
6.29106
6.29077
6.29048
6.29019
6.28991
6.28962
6.28933
6.28904
6.28875
6.28846
6.28817
6.28788
6.28759
6.28731
6.28702
6.28673
6.28644
6.28615
6.28586
6.28557
6.28528
6.28500
6.28471
6.28442
6.28413
6.28384
6.28355
6.28326
6.28297
6.28269
6.28240
6.28211
6.28182
6.28153
6.28124
6.28095
6.28066
6.28038
6.28009
6.27980
6.27951
6.27922
6.27893
6.27864
6.27835
6.27807
6.27778
6.27749
6.27720
6.27691
6.27662
6.27633
6.27604
6.27576
6.27547
6.27518
6.27489
6.27460
6.27431
6.27402
6.27373
6.27344
6.27316
6.27287
6.27258
6.27229
6.27200
6.27171
6.27142
6.27113
6.27085
6.27056
6.27027
6.26998
6.26969
6.26940
6.26911
6.26882
6.26854
6.26825
6.26796
6.26767
6.26738
6.26709
6.26680
6.26651
6.26623
6.26594
6.26565
6.26536
6.26507
6.26478
6.26449
6.26420
6.26392
6.26363
6.26334
6.26305
6.26276
6.26247
6.26218
6.26189
6.26161
6.26132
6.26103
6.26074
6.26045
6.26016
6.25987
6.25958
6.25929
6.25901
6.25872
6.25843
6.25814
6.25785
6.25756
6.25727
6.25698
6.25670
6.25641
6.25612
6.25583
6.25554
6.25525
6.25496
6.25467
6.25439
6.25410
6.25381
6.25352
6.25323
6.25294
6.25265
6.25236
6.25208
6.25179
6.25150
6.25121
6.25092
6.25063
6.25034
6.25005
6.24977
6.24948
6.24919
6.24890
6.24861
6.24832
6.24803
6.24774
6.24746
6.24717
6.24688
6.24659
6.24630
6.24601
6.24572
6.24543
6.24515
6.24486
6.24457
6.24428
6.24399
6.24370
6.24341
6.24312
6.24284
6.24255
6.24226
6.24197
6.24168
6.24139
6.24110
6.24081
6.24053
6.24024
6.23995
6.23966
6.23937
6.23908
6.23879
6.23850
6.23821
6.23793
6.23764
6.23735
6.23706
6.23677
6.23648
6.23619
6.23590
6.23562
6.23533
6.23504
6.23475
6.23446
6.23417
6.23388
6.23359
6.23331
6.23302
6.23273
6.23244
6.23215
6.23186
6.23157
6.23128
6.23100
6.23071
6.23042
6.23013
6.22984
6.22955
6.22926
6.22897
6.22869
6.22840
6.22811
6.22782
6.22753
6.22724
6.22695
6.22666
6.22638
6.22609
6.22580
6.22551
6.22522
6.22493
6.22464
6.22435
6.22407
6.22378
6.22349
6.22320
6.22291
6.22262
6.22233
6.22204
6.22176
6.22147
6.22118
6.22089
6.22060
6.22031
6.22002
6.21973
6.21945
6.21916
6.21887
6.21858
6.21829
6.21800
6.21771
6.21742
6.21714
6.21685
6.21656
6.21627
6.21598
6.21569
6.21540
6.21511
6.21483
6.21454
6.21425
6.21396
6.21367
6.21338
6.21309
6.21280
6.21252
6.21223
6.21194
6.21165
6.21136
6.21107
6.21078
6.21049
6.21021
6.20992
6.20963
6.20934
6.20905
6.20876
6.20847
6.20818
6.20790
6.20761
6.20732
6.20703
6.20674
6.20645
6.20616
6.20587
6.20559
6.20530
6.20501
6.20472
6.20443
6.20414
6.20385
6.20356
6.20328
6.20299
6.20270
6.20241
6.20212
6.20183
6.20154
6.20125
6.20097
6.20068
6.20039
6.20010
6.19981
6.19952
6.19923
6.19894
6.19866
6.19837
6.19808
6.19779
6.19750
6.19721
6.19692
6.19663
6.19635
6.19606
6.19577
6.19548
6.19519
6.19490
6.19461
6.19432
6.19403
6.19375
6.19346
6.19317
6.19288
6.19259
6.19230
6.19201
6.19172
6.19144
6.19115
6.19086
6.19057
6.19028
6.18999
6.18970
6.18941
6.18913
6.18884
6.18855
6.18826
6.18797
6.18768
6.18739
6.18710
6.18682
6.18653
6.18624
6.18595
6.18566
6.18537
6.18508
6.18479
6.18451
6.18422
6.18393
6.18364
6.18335
6.18306
6.18277
6.18248
6.18220
6.18191
6.18162
6.18133
6.18104
6.18075
6.18046
6.18018
6.17989
6.17960
6.17931
6.17902
6.17873
6.17844
6.17815
6.17787
6.17758
6.17729
6.17700
6.17671
6.17642
6.17613
6.17584
6.17556
6.17527
6.17498
6.17469
6.17440
6.17411
6.17382
6.17353
6.17325
6.17296
6.17267
6.17238
6.17209
6.17180
6.17151
6.17122
6.17094
6.17065
6.17036
6.17007
6.16978
6.16949
6.16920
6.16891
6.16863
6.16834
6.16805
6.16776
6.16747
6.16718
6.16689
6.16660
6.16632
6.16603
6.16574
6.16545
6.16516
6.16487
6.16458
6.16429
6.16401
6.16372
6.16343
6.16314
6.16285
6.16256
6.16227
6.16198
6.16170
6.16141
6.16112
6.16083
6.16054
6.16025
6.15996
6.15967
6.15939
6.15910
6.15881
6.15852
6.15823
6.15794
6.15765
6.15736
6.15708
6.15679
6.15650
6.15621
6.15592
6.15563
6.15534
6.15505
6.15477
6.15448
6.15419
6.15390
6.15361
6.15332
6.15303
6.15274
6.15246
6.15217
6.15188
6.15159
6.15130
6.15101
6.15072
6.15043
6.15015
6.14986
6.14957
6.14928
6.14899
6.14870
6.14841
6.14812
6.14784
6.14755
6.14726
6.14697
6.14668
6.14639
6.14610
6.14581
6.14553
6.14524
6.14495
6.14466
6.14437
6.14408
6.14379
6.14350
6.14322
6.14293
6.14264
6.14235
6.14206
6.14177
6.14148
6.14119
6.14091
6.14062
6.14033
6.14004
6.13975
6.13946
6.13917
6.13888
6.13860
6.13831
6.13802
6.13773
6.13744
6.13715
6.13686
6.13658
6.13629
6.13600
6.13571
6.13542
6.13513
6.13484
6.13455
6.13427
6.13398
6.13369
6.13340
6.13311
6.13282
6.13253
6.13224
6.13196
6.13167
6.13138
6.13109
6.13080
6.13051
6.13022
6.12993
6.12965
6.12936
6.12907
6.12878
6.12849
6.12820
6.12791
6.12762
6.12734
6.12705
6.12676
6.12647
6.12618
6.12589
6.12560
6.12531
6.12503
6.12474
6.12445
6.12416
6.12387
6.12358
6.12329
6.12300
6.12272
6.12243
6.12214
6.12185
6.12156
6.12127
6.12098
6.12069
6.12041
6.12012
6.11983
6.11954
6.11925
6.11896
6.11867
6.11838
6.11810
6.11781
6.11752
6.11723
6.11694
6.11665
6.11636
6.11608
6.11579
6.11550
6.11521
6.11492
6.11463
6.11434
6.11405
6.11377
6.11348
6.11319
6.11290
6.11261
6.11232
6.11203
6.11174
6.11146
6.11117
6.11088
6.11059
6.11030
6.11001
6.10972
6.10943
6.10915
6.10886
6.10857
6.10828
6.10799
6.10770
6.10741
6.10712
6.10684
6.10655
6.10626
6.10597
6.10568
6.10539
6.10510
6.10481
6.10453
6.10424
6.10395
6.10366
6.10337
6.10308
6.10279
6.10250
6.10222
6.10193
6.10164
6.10135
6.10106
6.10077
6.10048
6.10020
6.09991
6.09962
6.09933
6.09904
6.09875
6.09846
6.09817
6.09789
6.09760
6.09731
6.09702
6.09673
6.09644
6.09615
6.09586
6.09558
6.09529
6.09500
6.09471
6.09442
6.09413
6.09384
6.09355
6.09327
6.09298
6.09269
6.09240
6.09211
6.09182
6.09153
6.09124
6.09096
6.09067
6.09038
6.09009
6.08980
6.08951
6.08922
6.08893
6.08865
6.08836
6.08807
6.08778
6.08749
6.08720
6.08691
6.08663
6.08634
6.08605
6.08576
6.08547
6.08518
6.08489
6.08460
6.08432
6.08403
6.08374
6.08345
6.08316
6.08287
6.08258
6.08229
6.08201
6.08172
6.08143
6.08114
6.08085
6.08056
6.08027
6.07998
6.07970
6.07941
6.07912
6.07883
6.07854
6.07825
6.07796
6.07767
6.07739
6.07710
6.07681
6.07652
6.07623
6.07594
6.07565
6.07537
6.07508
6.07479
6.07450
6.07421
6.07392
6.07363
6.07334
6.07306
6.07277
6.07248
6.07219
6.07190
6.07161
6.07132
6.07103
6.07075
6.07046
6.07017
6.06988
6.06959
6.06930
6.06901
6.06872
6.06844
6.06815
6.06786
6.06757
6.06728
6.06699
6.06670
6.06641
6.06613
6.06584
6.06555
6.06526
6.06497
6.06468
6.06439
6.06411
6.06382
6.06353
6.06324
6.06295
6.06266
6.06237
6.06208
6.06180
6.06151
6.06122
6.06093
6.06064
6.06035
6.06006
6.05977
6.05949
6.05920
6.05891
6.05862
6.05833
6.05804
6.05775
6.05746
6.05718
6.05689
6.05660
6.05631
6.05602
6.05573
6.05544
6.05516
6.05487
6.05458
6.05429
6.05400
6.05371
6.05342
6.05313
6.05285
6.05256
6.05227
6.05198
6.05169
6.05140
6.05111
6.05082
6.05054
6.05025
6.04996
6.04967
6.04938
6.04909
6.04880
6.04851
6.04823
6.04794
6.04765
6.04736
6.04707
6.04678
6.04649
6.04620
6.04592
6.04563
6.04534
6.04505
6.04476
6.04447
6.04418
6.04390
6.04361
6.04332
6.04303
6.04274
6.04245
6.04216
6.04187
6.04159
6.04130
6.04101
6.04072
6.04043
6.04014
6.03985
6.03956
6.03928
6.03899
6.03870
6.03841
6.03812
6.03783
6.03754
6.03726
6.03697
6.03668
6.03639
6.03610
6.03581
6.03552
6.03523
6.03495
6.03466
6.03437
6.03408
6.03379
6.03350
6.03321
6.03292
6.03264
6.03235
6.03206
6.03177
6.03148
6.03119
6.03090
6.03061
6.03033
6.03004
6.02975
6.02946
6.02917
6.02888
6.02859
6.02831
6.02802
6.02773
6.02744
6.02715
6.02686
6.02657
6.02628
6.02600
6.02571
6.02542
6.02513
6.02484
6.02455
6.02426
6.02397
6.02369
6.02340
6.02311
6.02282
6.02253
6.02224
6.02195
6.02166
6.02138
6.02109
6.02080
6.02051
6.02022
6.01993
6.01964
6.01936
6.01907
6.01878
6.01849
6.01820
6.01791
6.01762
6.01733
6.01705
6.01676
6.01647
6.01618
6.01589
6.01560
6.01531
6.01502
6.01474
6.01445
6.01416
6.01387
6.01358
6.01329
6.01300
6.01272
6.01243
6.01214
6.01185
6.01156
6.01127
6.01098
6.01069
6.01041
6.01012
6.00983
6.00954
6.00925
6.00896
6.00867
6.00838
6.00810
6.00781
6.00752
6.00723
6.00694
6.00665
6.00636
6.00608
6.00579
6.00550
6.00521
6.00492
6.00463
6.00434
6.00405
6.00377
6.00348
6.00319
6.00290
6.00261
6.00232
6.00203
6.00174
6.00146
6.00117
6.00088
6.00059
6.00030
6.00001
5.99972
5.99944
5.99915
5.99886
5.99857
5.99828
5.99799
5.99770
5.99741
5.99713
5.99684
5.99655
5.99626
5.99597
5.99568
5.99539
5.99510
5.99482
5.99453
5.99424
5.99395
5.99366
5.99337
5.99308
5.99280
5.99251
5.99222
5.99193
5.99164
5.99135
5.99106
5.99077
5.99049
5.99020
5.98991
5.98962
5.98933
5.98904
5.98875
5.98846
5.98818
5.98789
5.98760
5.98731
5.98702
5.98673
5.98644
5.98616
5.98587
5.98558
5.98529
5.98500
5.98471
5.98442
5.98413
5.98385
5.98356
5.98327
5.98298
5.98269
5.98240
5.98211
5.98182
5.98154
5.98125
5.98096
5.98067
5.98038
5.98009
5.97980
5.97952
5.97923
5.97894
5.97865
5.97836
5.97807
5.97778
5.97749
5.97721
5.97692
5.97663
5.97634
5.97605
5.97576
5.97547
5.97519
5.97490
5.97461
5.97432
5.97403
5.97374
5.97345
5.97316
5.97288
5.97259
5.97230
5.97201
5.97172
5.97143
5.97114
5.97085
5.97057
5.97028
5.96999
5.96970
5.96941
5.96912
5.96883
5.96855
5.96826
5.96797
5.96768
5.96739
5.96710
5.96681
5.96652
5.96624
5.96595
5.96566
5.96537
5.96508
5.96479
5.96450
5.96421
5.96393
5.96364
5.96335
5.96306
5.96277
5.96248
5.96219
5.96191
5.96162
5.96133
5.96104
5.96075
5.96046
5.96017
5.95988
5.95960
5.95931
5.95902
5.95873
5.95844
5.95815
5.95786
5.95758
5.95729
5.95700
5.95671
5.95642
5.95613
5.95584
5.95555
5.95527
5.95498
5.95469
5.95440
5.95411
5.95382
5.95353
5.95324
5.95296
5.95267
5.95238
5.95209
5.95180
5.95151
5.95122
5.95094
5.95065
5.95036
5.95007
5.94978
5.94949
5.94920
5.94891
5.94863
5.94834
5.94805
5.94776
5.94747
5.94718
5.94689
5.94661
5.94632
5.94603
5.94574
5.94545
5.94516
5.94487
5.94458
5.94430
5.94401
5.94372
5.94343
5.94314
5.94285
5.94256
5.94228
5.94199
5.94170
5.94141
5.94112
5.94083
5.94054
5.94025
5.93997
5.93968
5.93939
5.93910
5.93881
5.93852
5.93823
5.93794
5.93766
5.93737
5.93708
5.93679
5.93650
5.93621
5.93592
5.93564
5.93535
5.93506
5.93477
5.93448
5.93419
5.93390
5.93361
5.93333
5.93304
5.93275
5.93246
5.93217
5.93188
5.93159
5.93131
5.93102
5.93073
5.93044
5.93015
5.92986
5.92957
5.92928
5.92900
5.92871
5.92842
5.92813
5.92784
5.92755
5.92726
5.92698
5.92669
5.92640
5.92611
5.92582
5.92553
5.92524
5.92495
5.92467
5.92438
5.92409
5.92380
5.92351
5.92322
5.92293
5.92264
5.92236
5.92207
5.92178
5.92149
5.92120
5.92091
5.92062
5.92034
5.92005
5.91976
5.91947
5.91918
5.91889
5.91860
5.91831
5.91803
5.91774
5.91745
5.91716
5.91687
5.91658
5.91629
5.91601
5.91572
5.91543
5.91514
5.91485
5.91456
5.91427
5.91398
5.91370
5.91341
5.91312
5.91283
5.91254
5.91225
5.91196
5.91168
5.91139
5.91110
5.91081
5.91052
5.91023
5.90994
5.90965
5.90937
5.90908
5.90879
5.90850
5.90821
5.90792
5.90763
5.90735
5.90706
5.90677
5.90648
5.90619
5.90590
5.90561
5.90532
5.90504
5.90475
5.90446
5.90417
5.90388
5.90359
5.90330
5.90302
5.90273
5.90244
5.90215
5.90186
5.90157
5.90128
5.90099
5.90071
5.90042
5.90013
5.89984
5.89955
5.89926
5.89897
5.89869
5.89840
5.89811
5.89782
5.89753
5.89724
5.89695
5.89666
5.89638
5.89609
5.89580
5.89551
5.89522
5.89493
5.89464
5.89436
5.89407
5.89378
5.89349
5.89320
5.89291
5.89262
5.89233
5.89205
5.89176
5.89147
5.89118
5.89089
5.89060
5.89031
5.89003
5.88974
5.88945
5.88916
5.88887
5.88858
5.88829
5.88800
5.88772
5.88743
5.88714
5.88685
5.88656
5.88627
5.88598
5.88570
5.88541
5.88512
5.88483
5.88454
5.88425
5.88396
5.88367
5.88339
5.88310
5.88281
5.88252
5.88223
5.88194
5.88165
5.88137
5.88108
5.88079
5.88050
5.88021
5.87992
5.87963
5.87934
5.87906
5.87877
5.87848
5.87819
5.87790
5.87761
5.87732
5.87704
5.87675
5.87646
5.87617
5.87588
5.87559
5.87530
5.87501
5.87473
5.87444
5.87415
5.87386
5.87357
5.87328
5.87299
5.87271
5.87242
5.87213
5.87184
5.87155
5.87126
5.87097
5.87069
5.87040
5.87011
5.86982
5.86953
5.86924
5.86895
5.86866
5.86838
5.86809
5.86780
5.86751
5.86722
5.86693
5.86664
5.86636
5.86607
5.86578
5.86549
5.86520
5.86491
5.86462
5.86433
5.86405
5.86376
5.86347
5.86318
5.86289
5.86260
5.86231
5.86203
5.86174
5.86145
5.86116
5.86087
5.86058
5.86029
5.86000
5.85972
5.85943
5.85914
5.85885
5.85856
5.85827
5.85798
5.85770
5.85741
5.85712
5.85683
5.85654
5.85625
5.85596
5.85567
5.85539
5.85510
5.85481
5.85452
5.85423
5.85394
5.85365
5.85337
5.85308
5.85279
5.85250
5.85221
5.85192
5.85163
5.85135
5.85106
5.85077
5.85048
5.85019
5.84990
5.84961
5.84932
5.84904
5.84875
5.84846
5.84817
5.84788
5.84759
5.84730
5.84702
5.84673
5.84644
5.84615
5.84586
5.84557
5.84528
5.84499
5.84471
5.84442
5.84413
5.84384
5.84355
5.84326
5.84297
5.84269
5.84240
5.84211
5.84182
5.84153
5.84124
5.84095
5.84066
5.84038
5.84009
5.83980
5.83951
5.83922
5.83893
5.83864
5.83836
5.83807
5.83778
5.83749
5.83720
5.83691
5.83662
5.83634
5.83605
5.83576
5.83547
5.83518
5.83489
5.83460
5.83431
5.83403
5.83374
5.83345
5.83316
5.83287
5.83258
5.83229
5.83201
5.83172
5.83143
5.83114
5.83085
5.83056
5.83027
5.82998
5.82970
5.82941
5.82912
5.82883
5.82854
5.82825
5.82796
5.82768
5.82739
5.82710
5.82681
5.82652
5.82623
5.82594
5.82566
5.82537
5.82508
5.82479
5.82450
5.82421
5.82392
5.82363
5.82335
5.82306
5.82277
5.82248
5.82219
5.82190
5.82161
5.82133
5.82104
5.82075
5.82046
5.82017
5.81988
5.81959
5.81931
5.81902
5.81873
5.81844
5.81815
5.81786
5.81757
5.81728
5.81700
5.81671
5.81642
5.81613
5.81584
5.81555
5.81526
5.81498
5.81469
5.81440
5.81411
5.81382
5.81353
5.81324
5.81295
5.81267
5.81238
5.81209
5.81180
5.81151
5.81122
5.81093
5.81065
5.81036
5.81007
5.80978
5.80949
5.80920
5.80891
5.80863
5.80834
5.80805
5.80776
5.80747
5.80718
5.80689
5.80660
5.80632
5.80603
5.80574
5.80545
5.80516
5.80487
5.80458
5.80430
5.80401
5.80372
5.80343
5.80314
5.80285
5.80256
5.80228
5.80199
5.80170
5.80141
5.80112
5.80083
5.80054
5.80025
5.79997
5.79968
5.79939
5.79910
5.79881
5.79852
5.79823
5.79795
5.79766
5.79737
5.79708
5.79679
5.79650
5.79621
5.79593
5.79564
5.79535
5.79506
5.79477
5.79448
5.79419
5.79390
5.79362
5.79333
5.79304
5.79275
5.79246
5.79217
5.79188
5.79160
5.79131
5.79102
5.79073
5.79044
5.79015
5.78986
5.78958
5.78929
5.78900
5.78871
5.78842
5.78813
5.78784
5.78755
5.78727
5.78698
5.78669
5.78640
5.78611
5.78582
5.78553
5.78525
5.78496
5.78467
5.78438
5.78409
5.78380
5.78351
5.78323
5.78294
5.78265
5.78236
5.78207
5.78178
5.78149
5.78120
5.78092
5.78063
5.78034
5.78005
5.77976
5.77947
5.77918
5.77890
5.77861
5.77832
5.77803
5.77774
5.77745
5.77716
5.77688
5.77659
5.77630
5.77601
5.77572
5.77543
5.77514
5.77485
5.77457
5.77428
5.77399
5.77370
5.77341
5.77312
5.77283
5.77255
5.77226
5.77197
5.77168
5.77139
5.77110
5.77081
5.77053
5.77024
5.76995
5.76966
5.76937
5.76908
5.76879
5.76850
5.76822
5.76793
5.76764
5.76735
5.76706
5.76677
5.76648
5.76620
5.76591
5.76562
5.76533
5.76504
5.76475
5.76446
5.76418
5.76389
5.76360
5.76331
5.76302
5.76273
5.76244
5.76216
5.76187
5.76158
5.76129
5.76100
5.76071
5.76042
5.76013
5.75985
5.75956
5.75927
5.75898
5.75869
5.75840
5.75811
5.75783
5.75754
5.75725
5.75696
5.75667
5.75638
5.75609
5.75581
5.75552
5.75523
5.75494
5.75465
5.75436
5.75407
5.75378
5.75350
5.75321
5.75292
5.75263
5.75234
5.75205
5.75176
5.75148
5.75119
5.75090
5.75061
5.75032
5.75003
5.74974
5.74946
5.74917
5.74888
5.74859
5.74830
5.74801
5.74772
5.74744
5.74715
5.74686
5.74657
5.74628
5.74599
5.74570
5.74541
5.74513
5.74484
5.74455
5.74426
5.74397
5.74368
5.74339
5.74311
5.74282
5.74253
5.74224
5.74195
5.74166
5.74137
5.74109
5.74080
5.74051
5.74022
5.73993
5.73964
5.73935
5.73907
5.73878
5.73849
5.73820
5.73791
5.73762
5.73733
5.73704
5.73676
5.73647
5.73618
5.73589
5.73560
5.73531
5.73502
5.73474
5.73445
5.73416
5.73387
5.73358
5.73329
5.73300
5.73272
5.73243
5.73214
5.73185
5.73156
5.73127
5.73098
5.73070
5.73041
5.73012
5.72983
5.72954
5.72925
5.72896
5.72867
5.72839
5.72810
5.72781
5.72752
5.72723
5.72694
5.72665
5.72637
5.72608
5.72579
5.72550
5.72521
5.72492
5.72463
5.72435
5.72406
5.72377
5.72348
5.72319
5.72290
5.72261
5.72233
5.72204
5.72175
5.72146
5.72117
5.72088
5.72059
5.72031
5.72002
5.71973
5.71944
5.71915
5.71886
5.71857
5.71828
5.71800
5.71771
5.71742
5.71713
5.71684
5.71655
5.71626
5.71598
5.71569
5.71540
5.71511
5.71482
5.71453
5.71424
5.71396
5.71367
5.71338
5.71309
5.71280
5.71251
5.71222
5.71194
5.71165
5.71136
5.71107
5.71078
5.71049
5.71020
5.70991
5.70963
5.70934
5.70905
5.70876
5.70847
5.70818
5.70789
5.70761
5.70732
5.70703
5.70674
5.70645
5.70616
5.70587
5.70559
5.70530
5.70501
5.70472
5.70443
5.70414
5.70385
5.70357
5.70328
5.70299
5.70270
5.70241
5.70212
5.70183
5.70155
5.70126
5.70097
5.70068
5.70039
5.70010
5.69981
5.69952
5.69924
5.69895
5.69866
5.69837
5.69808
5.69779
5.69750
5.69722
5.69693
5.69664
5.69635
5.69606
5.69577
5.69548
5.69520
5.69491
5.69462
5.69433
5.69404
5.69375
5.69346
5.69318
5.69289
5.69260
5.69231
5.69202
5.69173
5.69144
5.69116
5.69087
5.69058
5.69029
5.69000
5.68971
5.68942
5.68913
5.68885
5.68856
5.68827
5.68798
5.68769
5.68740
5.68711
5.68683
5.68654
5.68625
5.68596
5.68567
5.68538
5.68509
5.68481
5.68452
5.68423
5.68394
5.68365
5.68336
5.68307
5.68279
5.68250
5.68221
5.68192
5.68163
5.68134
5.68105
5.68077
5.68048
5.68019
5.67990
5.67961
5.67932
5.67903
5.67875
5.67846
5.67817
5.67788
5.67759
5.67730
5.67701
5.67672
5.67644
5.67615
5.67586
5.67557
5.67528
5.67499
5.67470
5.67442
5.67413
5.67384
5.67355
5.67326
5.67297
5.67268
5.67240
5.67211
5.67182
5.67153
5.67124
5.67095
5.67066
5.67038
5.67009
5.66980
5.66951
5.66922
5.66893
5.66864
5.66836
5.66807
5.66778
5.66749
5.66720
5.66691
5.66662
5.66634
5.66605
5.66576
5.66547
5.66518
5.66489
5.66460
5.66432
5.66403
5.66374
5.66345
5.66316
5.66287
5.66258
5.66229
5.66201
5.66172
5.66143
5.66114
5.66085
5.66056
5.66027
5.65999
5.65970
5.65941
5.65912
5.65883
5.65854
5.65825
5.65797
5.65768
5.65739
5.65710
5.65681
5.65652
5.65623
5.65595
5.65566
5.65537
5.65508
5.65479
5.65450
5.65421
5.65393
5.65364
5.65335
5.65306
5.65277
5.65248
5.65219
5.65191
5.65162
5.65133
5.65104
5.65075
5.65046
5.65017
5.64989
5.64960
5.64931
5.64902
5.64873
5.64844
5.64815
5.64787
5.64758
5.64729
5.64700
5.64671
5.64642
5.64613
5.64584
5.64556
5.64527
5.64498
5.64469
5.64440
5.64411
5.64382
5.64354
5.64325
5.64296
5.64267
5.64238
5.64209
5.64180
5.64152
5.64123
5.64094
5.64065
5.64036
5.64007
5.63978
5.63950
5.63921
5.63892
5.63863
5.63834
5.63805
5.63776
5.63748
5.63719
5.63690
5.63661
5.63632
5.63603
5.63574
5.63546
5.63517
5.63488
5.63459
5.63430
5.63401
5.63372
5.63344
5.63315
5.63286
5.63257
5.63228
5.63199
5.63170
5.63142
5.63113
5.63084
5.63055
5.63026
5.62997
5.62968
5.62940
5.62911
5.62882
5.62853
5.62824
5.62795
5.62766
5.62738
5.62709
5.62680
5.62651
5.62622
5.62593
5.62564
5.62535
5.62507
5.62478
5.62449
5.62420
5.62391
5.62362
5.62333
5.62305
5.62276
5.62247
5.62218
5.62189
5.62160
5.62131
5.62103
5.62074
5.62045
5.62016
5.61987
5.61958
5.61929
5.61901
5.61872
5.61843
5.61814
5.61785
5.61756
5.61727
5.61699
5.61670
5.61641
5.61612
5.61583
5.61554
5.61525
5.61497
5.61468
5.61439
5.61410
5.61381
5.61352
5.61323
5.61295
5.61266
5.61237
5.61208
5.61179
5.61150
5.61121
5.61093
5.61064
5.61035
5.61006
5.60977
5.60948
5.60919
5.60891
5.60862
5.60833
5.60804
5.60775
5.60746
5.60717
5.60689
5.60660
5.60631
5.60602
5.60573
5.60544
5.60515
5.60487
5.60458
5.60429
5.60400
5.60371
5.60342
5.60313
5.60285
5.60256
5.60227
5.60198
5.60169
5.60140
5.60111
5.60083
5.60054
5.60025
5.59996
5.59967
5.59938
5.59909
5.59881
5.59852
5.59823
5.59794
5.59765
5.59736
5.59707
5.59679
5.59650
5.59621
5.59592
5.59563
5.59534
5.59505
5.59476
5.59448
5.59419
5.59390
5.59361
5.59332
5.59303
5.59274
5.59246
5.59217
5.59188
5.59159
5.59130
5.59101
5.59072
5.59044
5.59015
5.58986
5.58957
5.58928
5.58899
5.58870
5.58842
5.58813
5.58784
5.58755
5.58726
5.58697
5.58668
5.58640
5.58611
5.58582
5.58553
5.58524
5.58495
5.58466
5.58438
5.58409
5.58380
5.58351
5.58322
5.58293
5.58264
5.58236
5.58207
5.58178
5.58149
5.58120
5.58091
5.58062
5.58034
5.58005
5.57976
5.57947
5.57918
5.57889
5.57860
5.57832
5.57803
5.57774
5.57745
5.57716
5.57687
5.57658
5.57630
5.57601
5.57572
5.57543
5.57514
5.57485
5.57456
5.57428
5.57399
5.57370
5.57341
5.57312
5.57283
5.57254
5.57226
5.57197
5.57168
5.57139
5.57110
5.57081
5.57052
5.57024
5.56995
5.56966
5.56937
5.56908
5.56879
5.56850
5.56822
5.56793
5.56764
5.56735
5.56706
5.56677
5.56648
5.56620
5.56591
5.56562
5.56533
5.56504
5.56475
5.56446
5.56418
5.56389
5.56360
5.56331
5.56302
5.56273
5.56244
5.56216
5.56187
5.56158
5.56129
5.56100
5.56071
5.56042
5.56014
5.55985
5.55956
5.55927
5.55898
5.55869
5.55840
5.55812
5.55783
5.55754
5.55725
5.55696
5.55667
5.55638
5.55610
5.55581
5.55552
5.55523
5.55494
5.55465
5.55436
5.55408
5.55379
5.55350
5.55321
5.55292
5.55263
5.55234
5.55206
5.55177
5.55148
5.55119
5.55090
5.55061
5.55032
5.55004
5.54975
5.54946
5.54917
5.54888
5.54859
5.54830
5.54802
5.54773
5.54744
5.54715
5.54686
5.54657
5.54628
5.54600
5.54571
5.54542
5.54513
5.54484
5.54455
5.54426
5.54398
5.54369
5.54340
5.54311
5.54282
5.54253
5.54224
5.54196
5.54167
5.54138
5.54109
5.54080
5.54051
5.54022
5.53994
5.53965
5.53936
5.53907
5.53878
5.53849
5.53820
5.53792
5.53763
5.53734
5.53705
5.53676
5.53647
5.53619
5.53590
5.53561
5.53532
5.53503
5.53474
5.53445
5.53417
5.53388
5.53359
5.53330
5.53301
5.53272
5.53243
5.53215
5.53186
5.53157
5.53128
5.53099
5.53070
5.53041
5.53013
5.52984
5.52955
5.52926
5.52897
5.52868
5.52839
5.52811
5.52782
5.52753
5.52724
5.52695
5.52666
5.52637
5.52609
5.52580
5.52551
5.52522
5.52493
5.52464
5.52435
5.52407
5.52378
5.52349
5.52320
5.52291
5.52262
5.52233
5.52205
5.52176
5.52147
5.52118
5.52089
5.52060
5.52031
5.52003
5.51974
5.51945
5.51916
5.51887
5.51858
5.51829
5.51801
5.51772
5.51743
5.51714
5.51685
5.51656
5.51627
5.51599
5.51570
5.51541
5.51512
5.51483
5.51454
5.51425
5.51397
5.51368
5.51339
5.51310
5.51281
5.51252
5.51223
5.51195
5.51166
5.51137
5.51108
5.51079
5.51050
5.51021
5.50993
5.50964
5.50935
5.50906
5.50877
5.50848
5.50819
5.50791
5.50762
5.50733
5.50704
5.50675
5.50646
5.50617
5.50589
5.50560
5.50531
5.50502
5.50473
5.50444
5.50416
5.50387
5.50358
5.50329
5.50300
5.50271
5.50242
5.50214
5.50185
5.50156
5.50127
5.50098
5.50069
5.50040
5.50012
5.49983
5.49954
5.49925
5.49896
5.49867
5.49838
5.49810
5.49781
5.49752
5.49723
5.49694
5.49665
5.49636
5.49608
5.49579
5.49550
5.49521
5.49492
5.49463
5.49434
5.49406
5.49377
5.49348
5.49319
5.49290
5.49261
5.49232
5.49204
5.49175
5.49146
5.49117
5.49088
5.49059
5.49030
5.49002
5.48973
5.48944
5.48915
5.48886
5.48857
5.48828
5.48800
5.48771
5.48742
5.48713
5.48684
5.48655
5.48626
5.48598
5.48569
5.48540
5.48511
5.48482
5.48453
5.48425
5.48396
5.48367
5.48338
5.48309
5.48280
5.48251
5.48223
5.48194
5.48165
5.48136
5.48107
5.48078
5.48049
5.48021
5.47992
5.47963
5.47934
5.47905
5.47876
5.47847
5.47819
5.47790
5.47761
5.47732
5.47703
5.47674
5.47645
5.47617
5.47588
5.47559
5.47530
5.47501
5.47472
5.47443
5.47415
5.47386
5.47357
5.47328
5.47299
5.47270
5.47241
5.47213
5.47184
5.47155
5.47126
5.47097
5.47068
5.47039
5.47011
5.46982
5.46953
5.46924
5.46895
5.46866
5.46838
5.46809
5.46780
5.46751
5.46722
5.46693
5.46664
5.46636
5.46607
5.46578
5.46549
5.46520
5.46491
5.46462
5.46434
5.46405
5.46376
5.46347
5.46318
5.46289
5.46260
5.46232
5.46203
5.46174
5.46145
5.46116
5.46087
5.46058
5.46030
5.46001
5.45972
5.45943
5.45914
5.45885
5.45856
5.45828
5.45799
5.45770
5.45741
5.45712
5.45683
5.45654
5.45626
5.45597
5.45568
5.45539
5.45510
5.45481
5.45453
5.45424
5.45395
5.45366
5.45337
5.45308
5.45279
5.45251
5.45222
5.45193
5.45164
5.45135
5.45106
5.45077
5.45049
5.45020
5.44991
5.44962
5.44933
5.44904
5.44875
5.44847
5.44818
5.44789
5.44760
5.44731
5.44702
5.44673
5.44645
5.44616
5.44587
5.44558
5.44529
5.44500
5.44471
5.44443
5.44414
5.44385
5.44356
5.44327
5.44298
5.44269
5.44241
5.44212
5.44183
5.44154
5.44125
5.44096
5.44068
5.44039
5.44010
5.43981
5.43952
5.43923
5.43894
5.43866
5.43837
5.43808
5.43779
5.43750
5.43721
5.43692
5.43664
5.43635
5.43606
5.43577
5.43548
5.43519
5.43490
5.43462
5.43433
5.43404
5.43375
5.43346
5.43317
5.43288
5.43260
5.43231
5.43202
5.43173
5.43144
5.43115
5.43087
5.43058
5.43029
5.43000
5.42971
5.42942
5.42913
5.42885
5.42856
5.42827
5.42798
5.42769
5.42740
5.42711
5.42683
5.42654
5.42625
5.42596
5.42567
5.42538
5.42509
5.42481
5.42452
5.42423
5.42394
5.42365
5.42336
5.42307
5.42279
5.42250
5.42221
5.42192
5.42163
5.42134
5.42106
5.42077
5.42048
5.42019
5.41990
5.41961
5.41932
5.41904
5.41875
5.41846
5.41817
5.41788
5.41759
5.41730
5.41702
5.41673
5.41644
5.41615
5.41586
5.41557
5.41528
5.41500
5.41471
5.41442
5.41413
5.41384
5.41355
5.41326
5.41298
5.41269
5.41240
5.41211
5.41182
5.41153
5.41125
5.41096
5.41067
5.41038
5.41009
5.40980
5.40951
5.40923
5.40894
5.40865
5.40836
5.40807
5.40778
5.40749
5.40721
5.40692
5.40663
5.40634
5.40605
5.40576
5.40547
5.40519
5.40490
5.40461
5.40432
5.40403
5.40374
5.40345
5.40317
5.40288
5.40259
5.40230
5.40201
5.40172
5.40144
5.40115
5.40086
5.40057
5.40028
5.39999
5.39970
5.39942
5.39913
5.39884
5.39855
5.39826
5.39797
5.39768
5.39740
5.39711
5.39682
5.39653
5.39624
5.39595
5.39566
5.39538
5.39509
5.39480
5.39451
5.39422
5.39393
5.39365
5.39336
5.39307
5.39278
5.39249
5.39220
5.39191
5.39163
5.39134
5.39105
5.39076
5.39047
5.39018
5.38989
5.38961
5.38932
5.38903
5.38874
5.38845
5.38816
5.38787
5.38759
5.38730
5.38701
5.38672
5.38643
5.38614
5.38585
5.38557
5.38528
5.38499
5.38470
5.38441
5.38412
5.38384
5.38355
5.38326
5.38297
5.38268
5.38239
5.38210
5.38182
5.38153
5.38124
5.38095
5.38066
5.38037
5.38008
5.37980
5.37951
5.37922
5.37893
5.37864
5.37835
5.37806
5.37778
5.37749
5.37720
5.37691
5.37662
5.37633
5.37605
5.37576
5.37547
5.37518
5.37489
5.37460
5.37431
5.37403
5.37374
5.37345
5.37316
5.37287
5.37258
5.37229
5.37201
5.37172
5.37143
5.37114
5.37085
5.37056
5.37028
5.36999
5.36970
5.36941
5.36912
5.36883
5.36854
5.36826
5.36797
5.36768
5.36739
5.36710
5.36681
5.36652
5.36624
5.36595
5.36566
5.36537
5.36508
5.36479
5.36450
5.36422
5.36393
5.36364
5.36335
5.36306
5.36277
5.36249
5.36220
5.36191
5.36162
5.36133
5.36104
5.36075
5.36047
5.36018
5.35989
5.35960
5.35931
5.35902
5.35873
5.35845
5.35816
5.35787
5.35758
5.35729
5.35700
5.35671
5.35643
5.35614
5.35585
5.35556
5.35527
5.35498
5.35470
5.35441
5.35412
5.35383
5.35354
5.35325
5.35296
5.35268
5.35239
5.35210
5.35181
5.35152
5.35123
5.35094
5.35066
5.35037
5.35008
5.34979
5.34950
5.34921
5.34893
5.34864
5.34835
5.34806
5.34777
5.34748
5.34719
5.34691
5.34662
5.34633
5.34604
5.34575
5.34546
5.34517
5.34489
5.34460
5.34431
5.34402
5.34373
5.34344
5.34315
5.34287
5.34258
5.34229
5.34200
5.34171
5.34142
5.34114
5.34085
5.34056
5.34027
5.33998
5.33969
5.33940
5.33912
5.33883
5.33854
5.33825
5.33796
5.33767
5.33738
5.33710
5.33681
5.33652
5.33623
5.33594
5.33565
5.33537
5.33508
5.33479
5.33450
5.33421
5.33392
5.33363
5.33335
5.33306
5.33277
5.33248
5.33219
5.33190
5.33161
5.33133
5.33104
5.33075
5.33046
5.33017
5.32988
5.32960
5.32931
5.32902
5.32873
5.32844
5.32815
5.32786
5.32758
5.32729
5.32700
5.32671
5.32642
5.32613
5.32584
5.32556
5.32527
5.32498
5.32469
5.32440
5.32411
5.32383
5.32354
5.32325
5.32296
5.32267
5.32238
5.32209
5.32181
5.32152
5.32123
5.32094
5.32065
5.32036
5.32007
5.31979
5.31950
5.31921
5.31892
5.31863
5.31834
5.31806
5.31777
5.31748
5.31719
5.31690
5.31661
5.31632
5.31604
5.31575
5.31546
5.31517
5.31488
5.31459
5.31430
5.31402
5.31373
5.31344
5.31315
5.31286
5.31257
5.31229
5.31200
5.31171
5.31142
5.31113
5.31084
5.31055
5.31027
5.30998
5.30969
5.30940
5.30911
5.30882
5.30853
5.30825
5.30796
5.30767
5.30738
5.30709
5.30680
5.30652
5.30623
5.30594
5.30565
5.30536
5.30507
5.30478
5.30450
5.30421
5.30392
5.30363
5.30334
5.30305
5.30276
5.30248
5.30219
5.30190
5.30161
5.30132
5.30103
5.30075
5.30046
5.30017
5.29988
5.29959
5.29930
5.29901
5.29873
5.29844
5.29815
5.29786
5.29757
5.29728
5.29699
5.29671
5.29642
5.29613
5.29584
5.29555
5.29526
5.29498
5.29469
5.29440
5.29411
5.29382
5.29353
5.29324
5.29296
5.29267
5.29238
5.29209
5.29180
5.29151
5.29122
5.29094
5.29065
5.29036
5.29007
5.28978
5.28949
5.28921
5.28892
5.28863
5.28834
5.28805
5.28776
5.28747
5.28719
5.28690
5.28661
5.28632
5.28603
5.28574
5.28546
5.28517
5.28488
5.28459
5.28430
5.28401
5.28372
5.28344
5.28315
5.28286
5.28257
5.28228
5.28199
5.28170
5.28142
5.28113
5.28084
5.28055
5.28026
5.27997
5.27969
5.27940
5.27911
5.27882
5.27853
5.27824
5.27795
5.27767
5.27738
5.27709
5.27680
5.27651
5.27622
5.27593
5.27565
5.27536
5.27507
5.27478
5.27449
5.27420
5.27392
5.27363
5.27334
5.27305
5.27276
5.27247
5.27218
5.27190
5.27161
5.27132
5.27103
5.27074
5.27045
5.27017
5.26988
5.26959
5.26930
5.26901
5.26872
5.26843
5.26815
5.26786
5.26757
5.26728
5.26699
5.26670
5.26641
5.26613
5.26584
5.26555
5.26526
5.26497
5.26468
5.26440
5.26411
5.26382
5.26353
5.26324
5.26295
5.26266
5.26238
5.26209
5.26180
5.26151
5.26122
5.26093
5.26065
5.26036
5.26007
5.25978
5.25949
5.25920
5.25891
5.25863
5.25834
5.25805
5.25776
5.25747
5.25718
5.25689
5.25661
5.25632
5.25603
5.25574
5.25545
5.25516
5.25488
5.25459
5.25430
5.25401
5.25372
5.25343
5.25314
5.25286
5.25257
5.25228
5.25199
5.25170
5.25141
5.25113
5.25084
5.25055
5.25026
5.24997
5.24968
5.24939
5.24911
5.24882
5.24853
5.24824
5.24795
5.24766
5.24738
5.24709
5.24680
5.24651
5.24622
5.24593
5.24564
5.24536
5.24507
5.24478
5.24449
5.24420
5.24391
5.24362
5.24334
5.24305
5.24276
5.24247
5.24218
5.24189
5.24161
5.24132
5.24103
5.24074
5.24045
5.24016
5.23987
5.23959
5.23930
5.23901
5.23872
5.23843
5.23814
5.23786
5.23757
5.23728
5.23699
5.23670
5.23641
5.23612
5.23584
5.23555
5.23526
5.23497
5.23468
5.23439
5.23411
5.23382
5.23353
5.23324
5.23295
5.23266
5.23237
5.23209
5.23180
5.23151
5.23122
5.23093
5.23064
5.23035
5.23007
5.22978
5.22949
5.22920
5.22891
5.22862
5.22834
5.22805
5.22776
5.22747
5.22718
5.22689
5.22660
5.22632
5.22603
5.22574
5.22545
5.22516
5.22487
5.22459
5.22430
5.22401
5.22372
5.22343
5.22314
5.22285
5.22257
5.22228
5.22199
5.22170
5.22141
5.22112
5.22084
5.22055
5.22026
5.21997
5.21968
5.21939
5.21910
5.21882
5.21853
5.21824
5.21795
5.21766
5.21737
5.21709
5.21680
5.21651
5.21622
5.21593
5.21564
5.21535
5.21507
5.21478
5.21449
5.21420
5.21391
5.21362
5.21333
5.21305
5.21276
5.21247
5.21218
5.21189
5.21160
5.21132
5.21103
5.21074
5.21045
5.21016
5.20987
5.20958
5.20930
5.20901
5.20872
5.20843
5.20814
5.20785
5.20757
5.20728
5.20699
5.20670
5.20641
5.20612
5.20583
5.20555
5.20526
5.20497
5.20468
5.20439
5.20410
5.20382
5.20353
5.20324
5.20295
5.20266
5.20237
5.20208
5.20180
5.20151
5.20122
5.20093
5.20064
5.20035
5.20007
5.19978
5.19949
5.19920
5.19891
5.19862
5.19833
5.19805
5.19776
5.19747
5.19718
5.19689
5.19660
5.19632
5.19603
5.19574
5.19545
5.19516
5.19487
5.19458
5.19430
5.19401
5.19372
5.19343
5.19314
5.19285
5.19257
5.19228
5.19199
5.19170
5.19141
5.19112
5.19083
5.19055
5.19026
5.18997
5.18968
5.18939
5.18910
5.18882
5.18853
5.18824
5.18795
5.18766
5.18737
5.18708
5.18680
5.18651
5.18622
5.18593
5.18564
5.18535
5.18507
5.18478
5.18449
5.18420
5.18391
5.18362
5.18333
5.18305
5.18276
5.18247
5.18218
5.18189
5.18160
5.18132
5.18103
5.18074
5.18045
5.18016
5.17987
5.17958
5.17930
5.17901
5.17872
5.17843
5.17814
5.17785
5.17757
5.17728
5.17699
5.17670
5.17641
5.17612
5.17583
5.17555
5.17526
5.17497
5.17468
5.17439
5.17410
5.17382
5.17353
5.17324
5.17295
5.17266
5.17237
5.17208
5.17180
5.17151
5.17122
5.17093
5.17064
5.17035
5.17007
5.16978
5.16949
5.16920
5.16891
5.16862
5.16833
5.16805
5.16776
5.16747
5.16718
5.16689
5.16660
5.16632
5.16603
5.16574
5.16545
5.16516
5.16487
5.16458
5.16430
5.16401
5.16372
5.16343
5.16314
5.16285
5.16257
5.16228
5.16199
5.16170
5.16141
5.16112
5.16083
5.16055
5.16026
5.15997
5.15968
5.15939
5.15910
5.15882
5.15853
5.15824
5.15795
5.15766
5.15737
5.15708
5.15680
5.15651
5.15622
5.15593
5.15564
5.15535
5.15507
5.15478
5.15449
5.15420
5.15391
5.15362
5.15333
5.15305
5.15276
5.15247
5.15218
5.15189
5.15160
5.15132
5.15103
5.15074
5.15045
5.15016
5.14987
5.14959
5.14930
5.14901
5.14872
5.14843
5.14814
5.14785
5.14757
5.14728
5.14699
5.14670
5.14641
5.14612
5.14584
5.14555
5.14526
5.14497
5.14468
5.14439
5.14410
5.14382
5.14353
5.14324
5.14295
5.14266
5.14237
5.14209
5.14180
5.14151
5.14122
5.14093
5.14064
5.14035
5.14007
5.13978
5.13949
5.13920
5.13891
5.13862
5.13834
5.13805
5.13776
5.13747
5.13718
5.13689
5.13660
5.13632
5.13603
5.13574
5.13545
5.13516
5.13487
5.13459
5.13430
5.13401
5.13372
5.13343
5.13314
5.13285
5.13257
5.13228
5.13199
5.13170
5.13141
5.13112
5.13084
5.13055
5.13026
5.12997
5.12968
5.12939
5.12911
5.12882
5.12853
5.12824
5.12795
5.12766
5.12737
5.12709
5.12680
5.12651
5.12622
5.12593
5.12564
5.12536
5.12507
5.12478
5.12449
5.12420
5.12391
5.12362
5.12334
5.12305
5.12276
5.12247
5.12218
5.12189
5.12161
5.12132
5.12103
5.12074
5.12045
5.12016
5.11987
5.11959
5.11930
5.11901
5.11872
5.11843
5.11814
5.11786
5.11757
5.11728
5.11699
5.11670
5.11641
5.11613
5.11584
5.11555
5.11526
5.11497
5.11468
5.11439
5.11411
5.11382
5.11353
5.11324
5.11295
5.11266
5.11238
5.11209
5.11180
5.11151
5.11122
5.11093
5.11064
5.11036
5.11007
5.10978
5.10949
5.10920
5.10891
5.10863
5.10834
5.10805
5.10776
5.10747
5.10718
5.10690
5.10661
5.10632
5.10603
5.10574
5.10545
5.10516
5.10488
5.10459
5.10430
5.10401
5.10372
5.10343
5.10315
5.10286
5.10257
5.10228
5.10199
5.10170
5.10141
5.10113
5.10084
5.10055
5.10026
5.09997
5.09968
5.09940
5.09911
5.09882
5.09853
5.09824
5.09795
5.09767
5.09738
5.09709
5.09680
5.09651
5.09622
5.09593
5.09565
5.09536
5.09507
5.09478
5.09449
5.09420
5.09392
5.09363
5.09334
5.09305
5.09276
5.09247
5.09218
5.09190
5.09161
5.09132
5.09103
5.09074
5.09045
5.09017
5.08988
5.08959
5.08930
5.08901
5.08872
5.08844
5.08815
5.08786
5.08757
5.08728
5.08699
5.08670
5.08642
5.08613
5.08584
5.08555
5.08526
5.08497
5.08469
5.08440
5.08411
5.08382
5.08353
5.08324
5.08295
5.08267
5.08238
5.08209
5.08180
5.08151
5.08122
5.08094
5.08065
5.08036
5.08007
5.07978
5.07949
5.07921
5.07892
5.07863
5.07834
5.07805
5.07776
5.07747
5.07719
5.07690
5.07661
5.07632
5.07603
5.07574
5.07546
5.07517
5.07488
5.07459
5.07430
5.07401
5.07373
5.07344
5.07315
5.07286
5.07257
5.07228
5.07199
5.07171
5.07142
5.07113
5.07084
5.07055
5.07026
5.06998
5.06969
5.06940
5.06911
5.06882
5.06853
5.06824
5.06796
5.06767
5.06738
5.06709
5.06680
5.06651
5.06623
5.06594
5.06565
5.06536
5.06507
5.06478
5.06450
5.06421
5.06392
5.06363
5.06334
5.06305
5.06276
5.06248
5.06219
5.06190
5.06161
5.06132
5.06103
5.06075
5.06046
5.06017
5.05988
5.05959
5.05930
5.05902
5.05873
5.05844
5.05815
5.05786
5.05757
5.05728
5.05700
5.05671
5.05642
5.05613
5.05584
5.05555
5.05527
5.05498
5.05469
5.05440
5.05411
5.05382
5.05354
5.05325
5.05296
5.05267
5.05238
5.05209
5.05180
5.05152
5.05123
5.05094
5.05065
5.05036
5.05007
5.04979
5.04950
5.04921
5.04892
5.04863
5.04834
5.04806
5.04777
5.04748
5.04719
5.04690
5.04661
5.04632
5.04604
5.04575
5.04546
5.04517
5.04488
5.04459
5.04431
5.04402
5.04373
5.04344
5.04315
5.04286
5.04258
5.04229
5.04200
5.04171
5.04142
5.04113
5.04084
5.04056
5.04027
5.03998
5.03969
5.03940
5.03911
5.03883
5.03854
5.03825
5.03796
5.03767
5.03738
5.03710
5.03681
5.03652
5.03623
5.03594
5.03565
5.03536
5.03508
5.03479
5.03450
5.03421
5.03392
5.03363
5.03335
5.03306
5.03277
5.03248
5.03219
5.03190
5.03162
5.03133
5.03104
5.03075
5.03046
5.03017
5.02988
5.02960
5.02931
5.02902
5.02873
5.02844
5.02815
5.02787
5.02758
5.02729
5.02700
5.02671
5.02642
5.02614
5.02585
5.02556
5.02527
5.02498
5.02469
5.02440
5.02412
5.02383
5.02354
5.02325
5.02296
5.02267
5.02239
5.02210
5.02181
5.02152
5.02123
5.02094
5.02066
5.02037
5.02008
5.01979
5.01950
5.01921
5.01892
5.01864
5.01835
5.01806
5.01777
5.01748
5.01719
5.01691
5.01662
5.01633
5.01604
5.01575
5.01546
5.01518
5.01489
5.01460
5.01431
5.01402
5.01373
5.01344
5.01316
5.01287
5.01258
5.01229
5.01200
5.01171
5.01143
5.01114
5.01085
5.01056
5.01027
5.00998
5.00970
5.00941
5.00912
5.00883
5.00854
5.00825
5.00797
5.00768
5.00739
5.00710
5.00681
5.00652
5.00623
5.00595
5.00566
5.00537
5.00508
5.00479
5.00450
5.00422
5.00393
5.00364
5.00335
5.00306
5.00277
5.00249
5.00220
5.00191
5.00162
5.00133
5.00104
5.00075
5.00047
5.00018
4.99989
4.99960
4.99931
4.99902
4.99874
4.99845
4.99816
4.99787
4.99758
4.99729
4.99701
4.99672
4.99643
4.99614
4.99585
4.99556
4.99528
4.99499
4.99470
4.99441
4.99412
4.99383
4.99354
4.99326
4.99297
4.99268
4.99239
4.99210
4.99181
4.99153
4.99124
4.99095
4.99066
4.99037
4.99008
4.98980
4.98951
4.98922
4.98893
4.98864
4.98835
4.98806
4.98778
4.98749
4.98720
4.98691
4.98662
4.98633
4.98605
4.98576
4.98547
4.98518
4.98489
4.98460
4.98432
4.98403
4.98374
4.98345
4.98316
4.98287
4.98259
4.98230
4.98201
4.98172
4.98143
4.98114
4.98085
4.98057
4.98028
4.97999
4.97970
4.97941
4.97912
4.97884
4.97855
4.97826
4.97797
4.97768
4.97739
4.97711
4.97682
4.97653
4.97624
4.97595
4.97566
4.97538
4.97509
4.97480
4.97451
4.97422
4.97393
4.97364
4.97336
4.97307
4.97278
4.97249
4.97220
4.97191
4.97163
4.97134
4.97105
4.97076
4.97047
4.97018
4.96990
4.96961
4.96932
4.96903
4.96874
4.96845
4.96817
4.96788
4.96759
4.96730
4.96701
4.96672
4.96643
4.96615
4.96586
4.96557
4.96528
4.96499
4.96470
4.96442
4.96413
4.96384
4.96355
4.96326
4.96297
4.96269
4.96240
4.96211
4.96182
4.96153
4.96124
4.96096
4.96067
4.96038
4.96009
4.95980
4.95951
4.95922
4.95894
4.95865
4.95836
4.95807
4.95778
4.95749
4.95721
4.95692
4.95663
4.95634
4.95605
4.95576
4.95548
4.95519
4.95490
4.95461
4.95432
4.95403
4.95375
4.95346
4.95317
4.95288
4.95259
4.95230
4.95201
4.95173
4.95144
4.95115
4.95086
4.95057
4.95028
4.95000
4.94971
4.94942
4.94913
4.94884
4.94855
4.94827
4.94798
4.94769
4.94740
4.94711
4.94682
4.94654
4.94625
4.94596
4.94567
4.94538
4.94509
4.94481
4.94452
4.94423
4.94394
4.94365
4.94336
4.94307
4.94279
4.94250
4.94221
4.94192
4.94163
4.94134
4.94106
4.94077
4.94048
4.94019
4.93990
4.93961
4.93933
4.93904
4.93875
4.93846
4.93817
4.93788
4.93760
4.93731
4.93702
4.93673
4.93644
4.93615
4.93586
4.93558
4.93529
4.93500
4.93471
4.93442
4.93413
4.93385
4.93356
4.93327
4.93298
4.93269
4.93240
4.93212
4.93183
4.93154
4.93125
4.93096
4.93067
4.93039
4.93010
4.92981
4.92952
4.92923
4.92894
4.92866
4.92837
4.92808
4.92779
4.92750
4.92721
4.92692
4.92664
4.92635
4.92606
4.92577
4.92548
4.92519
4.92491
4.92462
4.92433
4.92404
4.92375
4.92346
4.92318
4.92289
4.92260
4.92231
4.92202
4.92173
4.92145
4.92116
4.92087
4.92058
4.92029
4.92000
4.91972
4.91943
4.91914
4.91885
4.91856
4.91827
4.91798
4.91770
4.91741
4.91712
4.91683
4.91654
4.91625
4.91597
4.91568
4.91539
4.91510
4.91481
4.91452
4.91424
4.91395
4.91366
4.91337
4.91308
4.91279
4.91251
4.91222
4.91193
4.91164
4.91135
4.91106
4.91078
4.91049
4.91020
4.90991
4.90962
4.90933
4.90904
4.90876
4.90847
4.90818
4.90789
4.90760
4.90731
4.90703
4.90674
4.90645
4.90616
4.90587
4.90558
4.90530
4.90501
4.90472
4.90443
4.90414
4.90385
4.90357
4.90328
4.90299
4.90270
4.90241
4.90212
4.90184
4.90155
4.90126
4.90097
4.90068
4.90039
4.90011
4.89982
4.89953
4.89924
4.89895
4.89866
4.89837
4.89809
4.89780
4.89751
4.89722
4.89693
4.89664
4.89636
4.89607
4.89578
4.89549
4.89520
4.89491
4.89463
4.89434
4.89405
4.89376
4.89347
4.89318
4.89290
4.89261
4.89232
4.89203
4.89174
4.89145
4.89117
4.89088
4.89059
4.89030
4.89001
4.88972
4.88944
4.88915
4.88886
4.88857
4.88828
4.88799
4.88770
4.88742
4.88713
4.88684
4.88655
4.88626
4.88597
4.88569
4.88540
4.88511
4.88482
4.88453
4.88424
4.88396
4.88367
4.88338
4.88309
4.88280
4.88251
4.88223
4.88194
4.88165
4.88136
4.88107
4.88078
4.88050
4.88021
4.87992
4.87963
4.87934
4.87905
4.87877
4.87848
4.87819
4.87790
4.87761
4.87732
4.87703
4.87675
4.87646
4.87617
4.87588
4.87559
4.87530
4.87502
4.87473
4.87444
4.87415
4.87386
4.87357
4.87329
4.87300
4.87271
4.87242
4.87213
4.87184
4.87156
4.87127
4.87098
4.87069
4.87040
4.87011
4.86983
4.86954
4.86925
4.86896
4.86867
4.86838
4.86810
4.86781
4.86752
4.86723
4.86694
4.86665
4.86637
4.86608
4.86579
4.86550
4.86521
4.86492
4.86463
4.86435
4.86406
4.86377
4.86348
4.86319
4.86290
4.86262
4.86233
4.86204
4.86175
4.86146
4.86117
4.86089
4.86060
4.86031
4.86002
4.85973
4.85944
4.85916
4.85887
4.85858
4.85829
4.85800
4.85771
4.85743
4.85714
4.85685
4.85656
4.85627
4.85598
4.85570
4.85541
4.85512
4.85483
4.85454
4.85425
4.85397
4.85368
4.85339
4.85310
4.85281
4.85252
4.85224
4.85195
4.85166
4.85137
4.85108
4.85079
4.85050
4.85022
4.84993
4.84964
4.84935
4.84906
4.84877
4.84849
4.84820
4.84791
4.84762
4.84733
4.84704
4.84676
4.84647
4.84618
4.84589
4.84560
4.84531
4.84503
4.84474
4.84445
4.84416
4.84387
4.84358
4.84330
4.84301
4.84272
4.84243
4.84214
4.84185
4.84157
4.84128
4.84099
4.84070
4.84041
4.84012
4.83984
4.83955
4.83926
4.83897
4.83868
4.83839
4.83811
4.83782
4.83753
4.83724
4.83695
4.83666
4.83638
4.83609
4.83580
4.83551
4.83522
4.83493
4.83464
4.83436
4.83407
4.83378
4.83349
4.83320
4.83291
4.83263
4.83234
4.83205
4.83176
4.83147
4.83118
4.83090
4.83061
4.83032
4.83003
4.82974
4.82945
4.82917
4.82888
4.82859
4.82830
4.82801
4.82772
4.82744
4.82715
4.82686
4.82657
4.82628
4.82599
4.82571
4.82542
4.82513
4.82484
4.82455
4.82426
4.82398
4.82369
4.82340
4.82311
4.82282
4.82253
4.82225
4.82196
4.82167
4.82138
4.82109
4.82080
4.82052
4.82023
4.81994
4.81965
4.81936
4.81907
4.81879
4.81850
4.81821
4.81792
4.81763
4.81734
4.81705
4.81677
4.81648
4.81619
4.81590
4.81561
4.81532
4.81504
4.81475
4.81446
4.81417
4.81388
4.81359
4.81331
4.81302
4.81273
4.81244
4.81215
4.81186
4.81158
4.81129
4.81100
4.81071
4.81042
4.81013
4.80985
4.80956
4.80927
4.80898
4.80869
4.80840
4.80812
4.80783
4.80754
4.80725
4.80696
4.80667
4.80639
4.80610
4.80581
4.80552
4.80523
4.80494
4.80466
4.80437
4.80408
4.80379
4.80350
4.80321
4.80293
4.80264
4.80235
4.80206
4.80177
4.80148
4.80120
4.80091
4.80062
4.80033
4.80004
4.79975
4.79947
4.79918
4.79889
4.79860
4.79831
4.79802
4.79774
4.79745
4.79716
4.79687
4.79658
4.79629
4.79601
4.79572
4.79543
4.79514
4.79485
4.79456
4.79428
4.79399
4.79370
4.79341
4.79312
4.79283
4.79254
4.79226
4.79197
4.79168
4.79139
4.79110
4.79081
4.79053
4.79024
4.78995
4.78966
4.78937
4.78908
4.78880
4.78851
4.78822
4.78793
4.78764
4.78735
4.78707
4.78678
4.78649
4.78620
4.78591
4.78562
4.78534
4.78505
4.78476
4.78447
4.78418
4.78389
4.78361
4.78332
4.78303
4.78274
4.78245
4.78216
4.78188
4.78159
4.78130
4.78101
4.78072
4.78043
4.78015
4.77986
4.77957
4.77928
4.77899
4.77870
4.77842
4.77813
4.77784
4.77755
4.77726
4.77697
4.77669
4.77640
4.77611
4.77582
4.77553
4.77524
4.77496
4.77467
4.77438
4.77409
4.77380
4.77351
4.77323
4.77294
4.77265
4.77236
4.77207
4.77178
4.77150
4.77121
4.77092
4.77063
4.77034
4.77005
4.76977
4.76948
4.76919
4.76890
4.76861
4.76832
4.76804
4.76775
4.76746
4.76717
4.76688
4.76659
4.76631
4.76602
4.76573
4.76544
4.76515
4.76486
4.76458
4.76429
4.76400
4.76371
4.76342
4.76313
4.76285
4.76256
4.76227
4.76198
4.76169
4.76140
4.76112
4.76083
4.76054
4.76025
4.75996
4.75967
4.75939
4.75910
4.75881
4.75852
4.75823
4.75794
4.75766
4.75737
4.75708
4.75679
4.75650
4.75621
4.75593
4.75564
4.75535
4.75506
4.75477
4.75448
4.75420
4.75391
4.75362
4.75333
4.75304
4.75275
4.75247
4.75218
4.75189
4.75160
4.75131
4.75102
4.75074
4.75045
4.75016
4.74987
4.74958
4.74929
4.74901
4.74872
4.74843
4.74814
4.74785
4.74756
4.74728
4.74699
4.74670
4.74641
4.74612
4.74583
4.74555
4.74526
4.74497
4.74468
4.74439
4.74410
4.74382
4.74353
4.74324
4.74295
4.74266
4.74237
4.74209
4.74180
4.74151
4.74122
4.74093
4.74064
4.74036
4.74007
4.73978
4.73949
4.73920
4.73891
4.73863
4.73834
4.73805
4.73776
4.73747
4.73718
4.73690
4.73661
4.73632
4.73603
4.73574
4.73545
4.73517
4.73488
4.73459
4.73430
4.73401
4.73372
4.73344
4.73315
4.73286
4.73257
4.73228
4.73199
4.73171
4.73142
4.73113
4.73084
4.73055
4.73026
4.72998
4.72969
4.72940
4.72911
4.72882
4.72853
4.72825
4.72796
4.72767
4.72738
4.72709
4.72680
4.72652
4.72623
4.72594
4.72565
4.72536
4.72507
4.72479
4.72450
4.72421
4.72392
4.72363
4.72334
4.72306
4.72277
4.72248
4.72219
4.72190
4.72161
4.72133
4.72104
4.72075
4.72046
4.72017
4.71988
4.71960
4.71931
4.71902
4.71873
4.71844
4.71815
4.71787
4.71758
4.71729
4.71700
4.71671
4.71642
4.71614
4.71585
4.71556
4.71527
4.71498
4.71469
4.71441
4.71412
4.71383
4.71354
4.71325
4.71296
4.71268
4.71239
4.71210
4.71181
4.71152
4.71123
4.71095
4.71066
4.71037
4.71008
4.70979
4.70950
4.70922
4.70893
4.70864
4.70835
4.70806
4.70777
4.70749
4.70720
4.70691
4.70662
4.70633
4.70604
4.70576
4.70547
4.70518
4.70489
4.70460
4.70431
4.70403
4.70374
4.70345
4.70316
4.70287
4.70258
4.70230
4.70201
4.70172
4.70143
4.70114
4.70085
4.70057
4.70028
4.69999
4.69970
4.69941
4.69912
4.69884
4.69855
4.69826
4.69797
4.69768
4.69739
4.69711
4.69682
4.69653
4.69624
4.69595
4.69566
4.69538
4.69509
4.69480
4.69451
4.69422
4.69393
4.69365
4.69336
4.69307
4.69278
4.69249
4.69220
4.69192
4.69163
4.69134
4.69105
4.69076
4.69047
4.69019
4.68990
4.68961
4.68932
4.68903
4.68874
4.68846
4.68817
4.68788
4.68759
4.68730
4.68701
4.68673
4.68644
4.68615
4.68586
4.68557
4.68528
4.68500
4.68471
4.68442
4.68413
4.68384
4.68355
4.68327
4.68298
4.68269
4.68240
4.68211
4.68182
4.68154
4.68125
4.68096
4.68067
4.68038
4.68009
4.67981
4.67952
4.67923
4.67894
4.67865
4.67837
4.67808
4.67779
4.67750
4.67721
4.67692
4.67664
4.67635
4.67606
4.67577
4.67548
4.67519
4.67491
4.67462
4.67433
4.67404
4.67375
4.67346
4.67318
4.67289
4.67260
4.67231
4.67202
4.67173
4.67145
4.67116
4.67087
4.67058
4.67029
4.67000
4.66972
4.66943
4.66914
4.66885
4.66856
4.66827
4.66799
4.66770
4.66741
4.66712
4.66683
4.66654
4.66626
4.66597
4.66568
4.66539
4.66510
4.66481
4.66453
4.66424
4.66395
4.66366
4.66337
4.66308
4.66280
4.66251
4.66222
4.66193
4.66164
4.66135
4.66107
4.66078
4.66049
4.66020
4.65991
4.65962
4.65934
4.65905
4.65876
4.65847
4.65818
4.65789
4.65761
4.65732
4.65703
4.65674
4.65645
4.65616
4.65588
4.65559
4.65530
4.65501
4.65472
4.65444
4.65415
4.65386
4.65357
4.65328
4.65299
4.65271
4.65242
4.65213
4.65184
4.65155
4.65126
4.65098
4.65069
4.65040
4.65011
4.64982
4.64953
4.64925
4.64896
4.64867
4.64838
4.64809
4.64780
4.64752
4.64723
4.64694
4.64665
4.64636
4.64607
4.64579
4.64550
4.64521
4.64492
4.64463
4.64434
4.64406
4.64377
4.64348
4.64319
4.64290
4.64261
4.64233
4.64204
4.64175
4.64146
4.64117
4.64088
4.64060
4.64031
4.64002
4.63973
4.63944
4.63915
4.63887
4.63858
4.63829
4.63800
4.63771
4.63742
4.63714
4.63685
4.63656
4.63627
4.63598
4.63570
4.63541
4.63512
4.63483
4.63454
4.63425
4.63397
4.63368
4.63339
4.63310
4.63281
4.63252
4.63224
4.63195
4.63166
4.63137
4.63108
4.63079
4.63051
4.63022
4.62993
4.62964
4.62935
4.62906
4.62878
4.62849
4.62820
4.62791
4.62762
4.62733
4.62705
4.62676
4.62647
4.62618
4.62589
4.62560
4.62532
4.62503
4.62474
4.62445
4.62416
4.62387
4.62359
4.62330
4.62301
4.62272
4.62243
4.62214
4.62186
4.62157
4.62128
4.62099
4.62070
4.62042
4.62013
4.61984
4.61955
4.61926
4.61897
4.61869
4.61840
4.61811
4.61782
4.61753
4.61724
4.61696
4.61667
4.61638
4.61609
4.61580
4.61551
4.61523
4.61494
4.61465
4.61436
4.61407
4.61378
4.61350
4.61321
4.61292
4.61263
4.61234
4.61205
4.61177
4.61148
4.61119
4.61090
4.61061
4.61032
4.61004
4.60975
4.60946
4.60917
4.60888
4.60859
4.60831
4.60802
4.60773
4.60744
4.60715
4.60687
4.60658
4.60629
4.60600
4.60571
4.60542
4.60514
4.60485
4.60456
4.60427
4.60398
4.60369
4.60341
4.60312
4.60283
4.60254
4.60225
4.60196
4.60168
4.60139
4.60110
4.60081
4.60052
4.60023
4.59995
4.59966
4.59937
4.59908
4.59879
4.59850
4.59822
4.59793
4.59764
4.59735
4.59706
4.59677
4.59649
4.59620
4.59591
4.59562
4.59533
4.59504
4.59476
4.59447
4.59418
4.59389
4.59360
4.59332
4.59303
4.59274
4.59245
4.59216
4.59187
4.59159
4.59130
4.59101
4.59072
4.59043
4.59014
4.58986
4.58957
4.58928
4.58899
4.58870
4.58841
4.58813
4.58784
4.58755
4.58726
4.58697
4.58668
4.58640
4.58611
4.58582
4.58553
4.58524
4.58495
4.58467
4.58438
4.58409
4.58380
4.58351
4.58322
4.58294
4.58265
4.58236
4.58207
4.58178
4.58150
4.58121
4.58092
4.58063
4.58034
4.58005
4.57977
4.57948
4.57919
4.57890
4.57861
4.57832
4.57804
4.57775
4.57746
4.57717
4.57688
4.57659
4.57631
4.57602
4.57573
4.57544
4.57515
4.57486
4.57458
4.57429
4.57400
4.57371
4.57342
4.57313
4.57285
4.57256
4.57227
4.57198
4.57169
4.57141
4.57112
4.57083
4.57054
4.57025
4.56996
4.56968
4.56939
4.56910
4.56881
4.56852
4.56823
4.56795
4.56766
4.56737
4.56708
4.56679
4.56650
4.56622
4.56593
4.56564
4.56535
4.56506
4.56477
4.56449
4.56420
4.56391
4.56362
4.56333
4.56304
4.56276
4.56247
4.56218
4.56189
4.56160
4.56132
4.56103
4.56074
4.56045
4.56016
4.55987
4.55959
4.55930
4.55901
4.55872
4.55843
4.55814
4.55786
4.55757
4.55728
4.55699
4.55670
4.55641
4.55613
4.55584
4.55555
4.55526
4.55497
4.55468
4.55440
4.55411
4.55382
4.55353
4.55324
4.55296
4.55267
4.55238
4.55209
4.55180
4.55151
4.55123
4.55094
4.55065
4.55036
4.55007
4.54978
4.54950
4.54921
4.54892
4.54863
4.54834
4.54805
4.54777
4.54748
4.54719
4.54690
4.54661
4.54632
4.54604
4.54575
4.54546
4.54517
4.54488
4.54459
4.54431
4.54402
4.54373
4.54344
4.54315
4.54287
4.54258
4.54229
4.54200
4.54171
4.54142
4.54114
4.54085
4.54056
4.54027
4.53998
4.53969
4.53941
4.53912
4.53883
4.53854
4.53825
4.53796
4.53768
4.53739
4.53710
4.53681
4.53652
4.53623
4.53595
4.53566
4.53537
4.53508
4.53479
4.53451
4.53422
4.53393
4.53364
4.53335
4.53306
4.53278
4.53249
4.53220
4.53191
4.53162
4.53133
4.53105
4.53076
4.53047
4.53018
4.52989
4.52960
4.52932
4.52903
4.52874
4.52845
4.52816
4.52787
4.52759
4.52730
4.52701
4.52672
4.52643
4.52615
4.52586
4.52557
4.52528
4.52499
4.52470
4.52442
4.52413
4.52384
4.52355
4.52326
4.52297
4.52269
4.52240
4.52211
4.52182
4.52153
4.52124
4.52096
4.52067
4.52038
4.52009
4.51980
4.51952
4.51923
4.51894
4.51865
4.51836
4.51807
4.51779
4.51750
4.51721
4.51692
4.51663
4.51634
4.51606
4.51577
4.51548
4.51519
4.51490
4.51461
4.51433
4.51404
4.51375
4.51346
4.51317
4.51288
4.51260
4.51231
4.51202
4.51173
4.51144
4.51116
4.51087
4.51058
4.51029
4.51000
4.50971
4.50943
4.50914
4.50885
4.50856
4.50827
4.50798
4.50770
4.50741
4.50712
4.50683
4.50654
4.50625
4.50597
4.50568
4.50539
4.50510
4.50481
4.50453
4.50424
4.50395
4.50366
4.50337
4.50308
4.50280
4.50251
4.50222
4.50193
4.50164
4.50135
4.50107
4.50078
4.50049
4.50020
4.49991
4.49962
4.49934
4.49905
4.49876
4.49847
4.49818
4.49789
4.49761
4.49732
4.49703
4.49674
4.49645
4.49617
4.49588
4.49559
4.49530
4.49501
4.49472
4.49444
4.49415
4.49386
4.49357
4.49328
4.49299
4.49271
4.49242
4.49213
4.49184
4.49155
4.49126
4.49098
4.49069
4.49040
4.49011
4.48982
4.48954
4.48925
4.48896
4.48867
4.48838
4.48809
4.48781
4.48752
4.48723
4.48694
4.48665
4.48636
4.48608
4.48579
4.48550
4.48521
4.48492
4.48463
4.48435
4.48406
4.48377
4.48348
4.48319
4.48291
4.48262
4.48233
4.48204
4.48175
4.48146
4.48118
4.48089
4.48060
4.48031
4.48002
4.47973
4.47945
4.47916
4.47887
4.47858
4.47829
4.47800
4.47772
4.47743
4.47714
4.47685
4.47656
4.47628
4.47599
4.47570
4.47541
4.47512
4.47483
4.47455
4.47426
4.47397
4.47368
4.47339
4.47310
4.47282
4.47253
4.47224
4.47195
4.47166
4.47137
4.47109
4.47080
4.47051
4.47022
4.46993
4.46965
4.46936
4.46907
4.46878
4.46849
4.46820
4.46792
4.46763
4.46734
4.46705
4.46676
4.46647
4.46619
4.46590
4.46561
4.46532
4.46503
4.46475
4.46446
4.46417
4.46388
4.46359
4.46330
4.46302
4.46273
4.46244
4.46215
4.46186
4.46157
4.46129
4.46100
4.46071
4.46042
4.46013
4.45984
4.45956
4.45927
4.45898
4.45869
4.45840
4.45812
4.45783
4.45754
4.45725
4.45696
4.45667
4.45639
4.45610
4.45581
4.45552
4.45523
4.45494
4.45466
4.45437
4.45408
4.45379
4.45350
4.45321
4.45293
4.45264
4.45235
4.45206
4.45177
4.45149
4.45120
4.45091
4.45062
4.45033
4.45004
4.44976
4.44947
4.44918
4.44889
4.44860
4.44831
4.44803
4.44774
4.44745
4.44716
4.44687
4.44659
4.44630
4.44601
4.44572
4.44543
4.44514
4.44486
4.44457
4.44428
4.44399
4.44370
4.44341
4.44313
4.44284
4.44255
4.44226
4.44197
4.44168
4.44140
4.44111
4.44082
4.44053
4.44024
4.43996
4.43967
4.43938
4.43909
4.43880
4.43851
4.43823
4.43794
4.43765
4.43736
4.43707
4.43678
4.43650
4.43621
4.43592
4.43563
4.43534
4.43506
4.43477
4.43448
4.43419
4.43390
4.43361
4.43333
4.43304
4.43275
4.43246
4.43217
4.43188
4.43160
4.43131
4.43102
4.43073
4.43044
4.43015
4.42987
4.42958
4.42929
4.42900
4.42871
4.42843
4.42814
4.42785
4.42756
4.42727
4.42698
4.42670
4.42641
4.42612
4.42583
4.42554
4.42525
4.42497
4.42468
4.42439
4.42410
4.42381
4.42353
4.42324
4.42295
4.42266
4.42237
4.42208
4.42180
4.42151
4.42122
4.42093
4.42064
4.42035
4.42007
4.41978
4.41949
4.41920
4.41891
4.41863
4.41834
4.41805
4.41776
4.41747
4.41718
4.41690
4.41661
4.41632
4.41603
4.41574
4.41545
4.41517
4.41488
4.41459
4.41430
4.41401
4.41373
4.41344
4.41315
4.41286
4.41257
4.41228
4.41200
4.41171
4.41142
4.41113
4.41084
4.41055
4.41027
4.40998
4.40969
4.40940
4.40911
4.40883
4.40854
4.40825
4.40796
4.40767
4.40738
4.40710
4.40681
4.40652
4.40623
4.40594
4.40565
4.40537
4.40508
4.40479
4.40450
4.40421
4.40392
4.40364
4.40335
4.40306
4.40277
4.40248
4.40220
4.40191
4.40162
4.40133
4.40104
4.40075
4.40047
4.40018
4.39989
4.39960
4.39931
4.39902
4.39874
4.39845
4.39816
4.39787
4.39758
4.39730
4.39701
4.39672
4.39643
4.39614
4.39585
4.39557
4.39528
4.39499
4.39470
4.39441
4.39412
4.39384
4.39355
4.39326
4.39297
4.39268
4.39240
4.39211
4.39182
4.39153
4.39124
4.39095
4.39067
4.39038
4.39009
4.38980
4.38951
4.38922
4.38894
4.38865
4.38836
4.38807
4.38778
4.38750
4.38721
4.38692
4.38663
4.38634
4.38605
4.38577
4.38548
4.38519
4.38490
4.38461
4.38432
4.38404
4.38375
4.38346
4.38317
4.38288
4.38260
4.38231
4.38202
4.38173
4.38144
4.38115
4.38087
4.38058
4.38029
4.38000
4.37971
4.37943
4.37914
4.37885
4.37856
4.37827
4.37798
4.37770
4.37741
4.37712
4.37683
4.37654
4.37625
4.37597
4.37568
4.37539
4.37510
4.37481
4.37453
4.37424
4.37395
4.37366
4.37337
4.37308
4.37280
4.37251
4.37222
4.37193
4.37164
4.37135
4.37107
4.37078
4.37049
4.37020
4.36991
4.36963
4.36934
4.36905
4.36876
4.36847
4.36818
4.36790
4.36761
4.36732
4.36703
4.36674
4.36645
4.36617
4.36588
4.36559
4.36530
4.36501
4.36473
4.36444
4.36415
4.36386
4.36357
4.36328
4.36300
4.36271
4.36242
4.36213
4.36184
4.36155
4.36127
4.36098
4.36069
4.36040
4.36011
4.35983
4.35954
4.35925
4.35896
4.35867
4.35838
4.35810
4.35781
4.35752
4.35723
4.35694
4.35666
4.35637
4.35608
4.35579
4.35550
4.35521
4.35493
4.35464
4.35435
4.35406
4.35377
4.35348
4.35320
4.35291
4.35262
4.35233
4.35204
4.35176
4.35147
4.35118
4.35089
4.35060
4.35031
4.35003
4.34974
4.34945
4.34916
4.34887
4.34858
4.34830
4.34801
4.34772
4.34743
4.34714
4.34686
4.34657
4.34628
4.34599
4.34570
4.34541
4.34513
4.34484
4.34455
4.34426
4.34397
4.34369
4.34340
4.34311
4.34282
4.34253
4.34224
4.34196
4.34167
4.34138
4.34109
4.34080
4.34051
4.34023
4.33994
4.33965
4.33936
4.33907
4.33879
4.33850
4.33821
4.33792
4.33763
4.33734
4.33706
4.33677
4.33648
4.33619
4.33590
4.33561
4.33533
4.33504
4.33475
4.33446
4.33417
4.33389
4.33360
4.33331
4.33302
4.33273
4.33244
4.33216
4.33187
4.33158
4.33129
4.33100
4.33072
4.33043
4.33014
4.32985
4.32956
4.32927
4.32899
4.32870
4.32841
4.32812
4.32783
4.32754
4.32726
4.32697
4.32668
4.32639
4.32610
4.32582
4.32553
4.32524
4.32495
4.32466
4.32437
4.32409
4.32380
4.32351
4.32322
4.32293
4.32265
4.32236
4.32207
4.32178
4.32149
4.32120
4.32092
4.32063
4.32034
4.32005
4.31976
4.31947
4.31919
4.31890
4.31861
4.31832
4.31803
4.31775
4.31746
4.31717
4.31688
4.31659
4.31630
4.31602
4.31573
4.31544
4.31515
4.31486
4.31458
4.31429
4.31400
4.31371
4.31342
4.31313
4.31285
4.31256
4.31227
4.31198
4.31169
4.31140
4.31112
4.31083
4.31054
4.31025
4.30996
4.30968
4.30939
4.30910
4.30881
4.30852
4.30823
4.30795
4.30766
4.30737
4.30708
4.30679
4.30651
4.30622
4.30593
4.30564
4.30535
4.30506
4.30478
4.30449
4.30420
4.30391
4.30362
4.30333
4.30305
4.30276
4.30247
4.30218
4.30189
4.30161
4.30132
4.30103
4.30074
4.30045
4.30016
4.29988
4.29959
4.29930
4.29901
4.29872
4.29844
4.29815
4.29786
4.29757
4.29728
4.29699
4.29671
4.29642
4.29613
4.29584
4.29555
4.29527
4.29498
4.29469
4.29440
4.29411
4.29382
4.29354
4.29325
4.29296
4.29267
4.29238
4.29209
4.29181
4.29152
4.29123
4.29094
4.29065
4.29037
4.29008
4.28979
4.28950
4.28921
4.28892
4.28864
4.28835
4.28806
4.28777
4.28748
4.28720
4.28691
4.28662
4.28633
4.28604
4.28575
4.28547
4.28518
4.28489
4.28460
4.28431
4.28403
4.28374
4.28345
4.28316
4.28287
4.28258
4.28230
4.28201
4.28172
4.28143
4.28114
4.28085
4.28057
4.28028
4.27999
4.27970
4.27941
4.27913
4.27884
4.27855
4.27826
4.27797
4.27768
4.27740
4.27711
4.27682
4.27653
4.27624
4.27596
4.27567
4.27538
4.27509
4.27480
4.27451
4.27423
4.27394
4.27365
4.27336
4.27307
4.27279
4.27250
4.27221
4.27192
4.27163
4.27134
4.27106
4.27077
4.27048
4.27019
4.26990
4.26962
4.26933
4.26904
4.26875
4.26846
4.26817
4.26789
4.26760
4.26731
4.26702
4.26673
4.26644
4.26616
4.26587
4.26558
4.26529
4.26500
4.26472
4.26443
4.26414
4.26385
4.26356
4.26327
4.26299
4.26270
4.26241
4.26212
4.26183
4.26155
4.26126
4.26097
4.26068
4.26039
4.26010
4.25982
4.25953
4.25924
4.25895
4.25866
4.25838
4.25809
4.25780
4.25751
4.25722
4.25693
4.25665
4.25636
4.25607
4.25578
4.25549
4.25521
4.25492
4.25463
4.25434
4.25405
4.25376
4.25348
4.25319
4.25290
4.25261
4.25232
4.25204
4.25175
4.25146
4.25117
4.25088
4.25059
4.25031
4.25002
4.24973
4.24944
4.24915
4.24886
4.24858
4.24829
4.24800
4.24771
4.24742
4.24714
4.24685
4.24656
4.24627
4.24598
4.24569
4.24541
4.24512
4.24483
4.24454
4.24425
4.24397
4.24368
4.24339
4.24310
4.24281
4.24252
4.24224
4.24195
4.24166
4.24137
4.24108
4.24080
4.24051
4.24022
4.23993
4.23964
4.23935
4.23907
4.23878
4.23849
4.23820
4.23791
4.23763
4.23734
4.23705
4.23676
4.23647
4.23618
4.23590
4.23561
4.23532
4.23503
4.23474
4.23446
4.23417
4.23388
4.23359
4.23330
4.23301
4.23273
4.23244
4.23215
4.23186
4.23157
4.23129
4.23100
4.23071
4.23042
4.23013
4.22984
4.22956
4.22927
4.22898
4.22869
4.22840
4.22812
4.22783
4.22754
4.22725
4.22696
4.22667
4.22639
4.22610
4.22581
4.22552
4.22523
4.22495
4.22466
4.22437
4.22408
4.22379
4.22350
4.22322
4.22293
4.22264
4.22235
4.22206
4.22178
4.22149
4.22120
4.22091
4.22062
4.22033
4.22005
4.21976
4.21947
4.21918
4.21889
4.21861
4.21832
4.21803
4.21774
4.21745
4.21716
4.21688
4.21659
4.21630
4.21601
4.21572
4.21544
4.21515
4.21486
4.21457
4.21428
4.21399
4.21371
4.21342
4.21313
4.21284
4.21255
4.21227
4.21198
4.21169
4.21140
4.21111
4.21082
4.21054
4.21025
4.20996
4.20967
4.20938
4.20910
4.20881
4.20852
4.20823
4.20794
4.20765
4.20737
4.20708
4.20679
4.20650
4.20621
4.20593
4.20564
4.20535
4.20506
4.20477
4.20448
4.20420
4.20391
4.20362
4.20333
4.20304
4.20276
4.20247
4.20218
4.20189
4.20160
4.20131
4.20103
4.20074
4.20045
4.20016
4.19987
4.19959
4.19930
4.19901
4.19872
4.19843
4.19814
4.19786
4.19757
4.19728
4.19699
4.19670
4.19642
4.19613
4.19584
4.19555
4.19526
4.19497
4.19469
4.19440
4.19411
4.19382
4.19353
4.19325
4.19296
4.19267
4.19238
4.19209
4.19180
4.19152
4.19123
4.19094
4.19065
4.19036
4.19008
4.18979
4.18950
4.18921
4.18892
4.18863
4.18835
4.18806
4.18777
4.18748
4.18719
4.18691
4.18662
4.18633
4.18604
4.18575
4.18546
4.18518
4.18489
4.18460
4.18431
4.18402
4.18374
4.18345
4.18316
4.18287
4.18258
4.18229
4.18201
4.18172
4.18143
4.18114
4.18085
4.18057
4.18028
4.17999
4.17970
4.17941
4.17912
4.17884
4.17855
4.17826
4.17797
4.17768
4.17740
4.17711
4.17682
4.17653
4.17624
4.17595
4.17567
4.17538
4.17509
4.17480
4.17451
4.17423
4.17394
4.17365
4.17336
4.17307
4.17278
4.17250
4.17221
4.17192
4.17163
4.17134
4.17106
4.17077
4.17048
4.17019
4.16990
4.16961
4.16933
4.16904
4.16875
4.16846
4.16817
4.16789
4.16760
4.16731
4.16702
4.16673
4.16644
4.16616
4.16587
4.16558
4.16529
4.16500
4.16472
4.16443
4.16414
4.16385
4.16356
4.16328
4.16299
4.16270
4.16241
4.16212
4.16183
4.16155
4.16126
4.16097
4.16068
4.16039
4.16011
4.15982
4.15953
4.15924
4.15895
4.15866
4.15838
4.15809
4.15780
4.15751
4.15722
4.15694
4.15665
4.15636
4.15607
4.15578
4.15549
4.15521
4.15492
4.15463
4.15434
4.15405
4.15377
4.15348
4.15319
4.15290
4.15261
4.15232
4.15204
4.15175
4.15146
4.15117
4.15088
4.15060
4.15031
4.15002
4.14973
4.14944
4.14915
4.14887
4.14858
4.14829
4.14800
4.14771
4.14743
4.14714
4.14685
4.14656
4.14627
4.14599
4.14570
4.14541
4.14512
4.14483
4.14454
4.14426
4.14397
4.14368
4.14339
4.14310
4.14282
4.14253
4.14224
4.14195
4.14166
4.14137
4.14109
4.14080
4.14051
4.14022
4.13993
4.13965
4.13936
4.13907
4.13878
4.13849
4.13820
4.13792
4.13763
4.13734
4.13705
4.13676
4.13648
4.13619
4.13590
4.13561
4.13532
4.13503
4.13475
4.13446
4.13417
4.13388
4.13359
4.13331
4.13302
4.13273
4.13244
4.13215
4.13187
4.13158
4.13129
4.13100
4.13071
4.13042
4.13014
4.12985
4.12956
4.12927
4.12898
4.12870
4.12841
4.12812
4.12783
4.12754
4.12725
4.12697
4.12668
4.12639
4.12610
4.12581
4.12553
4.12524
4.12495
4.12466
4.12437
4.12408
4.12380
4.12351
4.12322
4.12293
4.12264
4.12236
4.12207
4.12178
4.12149
4.12120
4.12092
4.12063
4.12034
4.12005
4.11976
4.11947
4.11919
4.11890
4.11861
4.11832
4.11803
4.11775
4.11746
4.11717
4.11688
4.11659
4.11630
4.11602
4.11573
4.11544
4.11515
4.11486
4.11458
4.11429
4.11400
4.11371
4.11342
4.11313
4.11285
4.11256
4.11227
4.11198
4.11169
4.11141
4.11112
4.11083
4.11054
4.11025
4.10997
4.10968
4.10939
4.10910
4.10881
4.10852
4.10824
4.10795
4.10766
4.10737
4.10708
4.10680
4.10651
4.10622
4.10593
4.10564
4.10535
4.10507
4.10478
4.10449
4.10420
4.10391
4.10363
4.10334
4.10305
4.10276
4.10247
4.10219
4.10190
4.10161
4.10132
4.10103
4.10074
4.10046
4.10017
4.09988
4.09959
4.09930
4.09902
4.09873
4.09844
4.09815
4.09786
4.09757
4.09729
4.09700
4.09671
4.09642
4.09613
4.09585
4.09556
4.09527
4.09498
4.09469
4.09441
4.09412
4.09383
4.09354
4.09325
4.09296
4.09268
4.09239
4.09210
4.09181
4.09152
4.09124
4.09095
4.09066
4.09037
4.09008
4.08979
4.08951
4.08922
4.08893
4.08864
4.08835
4.08807
4.08778
4.08749
4.08720
4.08691
4.08663
4.08634
4.08605
4.08576
4.08547
4.08518
4.08490
4.08461
4.08432
4.08403
4.08374
4.08346
4.08317
4.08288
4.08259
4.08230
4.08201
4.08173
4.08144
4.08115
4.08086
4.08057
4.08029
4.08000
4.07971
4.07942
4.07913
4.07885
4.07856
4.07827
4.07798
4.07769
4.07740
4.07712
4.07683
4.07654
4.07625
4.07596
4.07568
4.07539
4.07510
4.07481
4.07452
4.07423
4.07395
4.07366
4.07337
4.07308
4.07279
4.07251
4.07222
4.07193
4.07164
4.07135
4.07107
4.07078
4.07049
4.07020
4.06991
4.06962
4.06934
4.06905
4.06876
4.06847
4.06818
4.06790
4.06761
4.06732
4.06703
4.06674
4.06646
4.06617
4.06588
4.06559
4.06530
4.06501
4.06473
4.06444
4.06415
4.06386
4.06357
4.06329
4.06300
4.06271
4.06242
4.06213
4.06184
4.06156
4.06127
4.06098
4.06069
4.06040
4.06012
4.05983
4.05954
4.05925
4.05896
4.05868
4.05839
4.05810
4.05781
4.05752
4.05723
4.05695
4.05666
4.05637
4.05608
4.05579
4.05551
4.05522
4.05493
4.05464
4.05435
4.05407
4.05378
4.05349
4.05320
4.05291
4.05262
4.05234
4.05205
4.05176
4.05147
4.05118
4.05090
4.05061
4.05032
4.05003
4.04974
4.04945
4.04917
4.04888
4.04859
4.04830
4.04801
4.04773
4.04744
4.04715
4.04686
4.04657
4.04629
4.04600
4.04571
4.04542
4.04513
4.04484
4.04456
4.04427
4.04398
4.04369
4.04340
4.04312
4.04283
4.04254
4.04225
4.04196
4.04168
4.04139
4.04110
4.04081
4.04052
4.04023
4.03995
4.03966
4.03937
4.03908
4.03879
4.03851
4.03822
4.03793
4.03764
4.03735
4.03707
4.03678
4.03649
4.03620
4.03591
4.03562
4.03534
4.03505
4.03476
4.03447
4.03418
4.03390
4.03361
4.03332
4.03303
4.03274
4.03245
4.03217
4.03188
4.03159
4.03130
4.03101
4.03073
4.03044
4.03015
4.02986
4.02957
4.02929
4.02900
4.02871
4.02842
4.02813
4.02784
4.02756
4.02727
4.02698
4.02669
4.02640
4.02612
4.02583
4.02554
4.02525
4.02496
4.02468
4.02439
4.02410
4.02381
4.02352
4.02323
4.02295
4.02266
4.02237
4.02208
4.02179
4.02151
4.02122
4.02093
4.02064
4.02035
4.02007
4.01978
4.01949
4.01920
4.01891
4.01862
4.01834
4.01805
4.01776
4.01747
4.01718
4.01690
4.01661
4.01632
4.01603
4.01574
4.01546
4.01517
4.01488
4.01459
4.01430
4.01401
4.01373
4.01344
4.01315
4.01286
4.01257
4.01229
4.01200
4.01171
4.01142
4.01113
4.01085
4.01056
4.01027
4.00998
4.00969
4.00940
4.00912
4.00883
4.00854
4.00825
4.00796
4.00768
4.00739
4.00710
4.00681
4.00652
4.00624
4.00595
4.00566
4.00537
4.00508
4.00479
4.00451
4.00422
4.00393
4.00364
4.00335
4.00307
4.00278
4.00249
4.00220
4.00191
4.00163
4.00134
4.00105
4.00076
4.00047
4.00018
3.99990
3.99961
3.99932
3.99903
3.99874
3.99846
3.99817
3.99788
3.99759
3.99730
3.99702
3.99673
3.99644
3.99615
3.99586
3.99557
3.99529
3.99500
3.99471
3.99442
3.99413
3.99385
3.99356
3.99327
3.99298
3.99269
3.99241
3.99212
3.99183
3.99154
3.99125
3.99096
3.99068
3.99039
3.99010
3.98981
3.98952
3.98924
3.98895
3.98866
3.98837
3.98808
3.98780
3.98751
3.98722
3.98693
3.98664
3.98635
3.98607
3.98578
3.98549
3.98520
3.98491
3.98463
3.98434
3.98405
3.98376
3.98347
3.98319
3.98290
3.98261
3.98232
3.98203
3.98175
3.98146
3.98117
3.98088
3.98059
3.98030
3.98002
3.97973
3.97944
3.97915
3.97886
3.97858
3.97829
3.97800
3.97771
3.97742
3.97714
3.97685
3.97656
3.97627
3.97598
3.97569
3.97541
3.97512
3.97483
3.97454
3.97425
3.97397
3.97368
3.97339
3.97310
3.97281
3.97253
3.97224
3.97195
3.97166
3.97137
3.97108
3.97080
3.97051
3.97022
3.96993
3.96964
3.96936
3.96907
3.96878
3.96849
3.96820
3.96792
3.96763
3.96734
3.96705
3.96676
3.96648
3.96619
3.96590
3.96561
3.96532
3.96503
3.96475
3.96446
3.96417
3.96388
3.96359
3.96331
3.96302
3.96273
3.96244
3.96215
3.96187
3.96158
3.96129
3.96100
3.96071
3.96042
3.96014
3.95985
3.95956
3.95927
3.95898
3.95870
3.95841
3.95812
3.95783
3.95754
3.95726
3.95697
3.95668
3.95639
3.95610
3.95581
3.95553
3.95524
3.95495
3.95466
3.95437
3.95409
3.95380
3.95351
3.95322
3.95293
3.95265
3.95236
3.95207
3.95178
3.95149
3.95121
3.95092
3.95063
3.95034
3.95005
3.94976
3.94948
3.94919
3.94890
3.94861
3.94832
3.94804
3.94775
3.94746
3.94717
3.94688
3.94660
3.94631
3.94602
3.94573
3.94544
3.94515
3.94487
3.94458
3.94429
3.94400
3.94371
3.94343
3.94314
3.94285
3.94256
3.94227
3.94199
3.94170
3.94141
3.94112
3.94083
3.94055
3.94026
3.93997
3.93968
3.93939
3.93910
3.93882
3.93853
3.93824
3.93795
3.93766
3.93738
3.93709
3.93680
3.93651
3.93622
3.93594
3.93565
3.93536
3.93507
3.93478
3.93450
3.93421
3.93392
3.93363
3.93334
3.93305
3.93277
3.93248
3.93219
3.93190
3.93161
3.93133
3.93104
3.93075
3.93046
3.93017
3.92989
3.92960
3.92931
3.92902
3.92873
3.92844
3.92816
3.92787
3.92758
3.92729
3.92700
3.92672
3.92643
3.92614
3.92585
3.92556
3.92528
3.92499
3.92470
3.92441
3.92412
3.92384
3.92355
3.92326
3.92297
3.92268
3.92239
3.92211
3.92182
3.92153
3.92124
3.92095
3.92067
3.92038
3.92009
3.91980
3.91951
3.91923
3.91894
3.91865
3.91836
3.91807
3.91779
3.91750
3.91721
3.91692
3.91663
3.91634
3.91606
3.91577
3.91548
3.91519
3.91490
3.91462
3.91433
3.91404
3.91375
3.91346
3.91318
3.91289
3.91260
3.91231
3.91202
3.91174
3.91145
3.91116
3.91087
3.91058
3.91029
3.91001
3.90972
3.90943
3.90914
3.90885
3.90857
3.90828
3.90799
3.90770
3.90741
3.90713
3.90684
3.90655
3.90626
3.90597
3.90569
3.90540
3.90511
3.90482
3.90453
3.90424
3.90396
3.90367
3.90338
3.90309
3.90280
3.90252
3.90223
3.90194
3.90165
3.90136
3.90108
3.90079
3.90050
3.90021
3.89992
3.89964
3.89935
3.89906
3.89877
3.89848
3.89819
3.89791
3.89762
3.89733
3.89704
3.89675
3.89647
3.89618
3.89589
3.89560
3.89531
3.89503
3.89474
3.89445
3.89416
3.89387
3.89359
3.89330
3.89301
3.89272
3.89243
3.89214
3.89186
3.89157
3.89128
3.89099
3.89070
3.89042
3.89013
3.88984
3.88955
3.88926
3.88898
3.88869
3.88840
3.88811
3.88782
3.88754
3.88725
3.88696
3.88667
3.88638
3.88609
3.88581
3.88552
3.88523
3.88494
3.88465
3.88437
3.88408
3.88379
3.88350
3.88321
3.88293
3.88264
3.88235
3.88206
3.88177
3.88149
3.88120
3.88091
3.88062
3.88033
3.88005
3.87976
3.87947
3.87918
3.87889
3.87860
3.87832
3.87803
3.87774
3.87745
3.87716
3.87688
3.87659
3.87630
3.87601
3.87572
3.87544
3.87515
3.87486
3.87457
3.87428
3.87400
3.87371
3.87342
3.87313
3.87284
3.87255
3.87227
3.87198
3.87169
3.87140
3.87111
3.87083
3.87054
3.87025
3.86996
3.86967
3.86939
3.86910
3.86881
3.86852
3.86823
3.86795
3.86766
3.86737
3.86708
3.86679
3.86650
3.86622
3.86593
3.86564
3.86535
3.86506
3.86478
3.86449
3.86420
3.86391
3.86362
3.86334
3.86305
3.86276
3.86247
3.86218
3.86190
3.86161
3.86132
3.86103
3.86074
3.86046
3.86017
3.85988
3.85959
3.85930
3.85901
3.85873
3.85844
3.85815
3.85786
3.85757
3.85729
3.85700
3.85671
3.85642
3.85613
3.85585
3.85556
3.85527
3.85498
3.85469
3.85441
3.85412
3.85383
3.85354
3.85325
3.85297
3.85268
3.85239
3.85210
3.85181
3.85152
3.85124
3.85095
3.85066
3.85037
3.85008
3.84980
3.84951
3.84922
3.84893
3.84864
3.84836
3.84807
3.84778
3.84749
3.84720
3.84692
3.84663
3.84634
3.84605
3.84576
3.84548
3.84519
3.84490
3.84461
3.84432
3.84403
3.84375
3.84346
3.84317
3.84288
3.84259
3.84231
3.84202
3.84173
3.84144
3.84115
3.84087
3.84058
3.84029
3.84000
3.83971
3.83943
3.83914
3.83885
3.83856
3.83827
3.83799
3.83770
3.83741
3.83712
3.83683
3.83654
3.83626
3.83597
3.83568
3.83539
3.83510
3.83482
3.83453
3.83424
3.83395
3.83366
3.83338
3.83309
3.83280
3.83251
3.83222
3.83194
3.83165
3.83136
3.83107
3.83078
3.83050
3.83021
3.82992
3.82963
3.82934
3.82905
3.82877
3.82848
3.82819
3.82790
3.82761
3.82733
3.82704
3.82675
3.82646
3.82617
3.82589
3.82560
3.82531
3.82502
3.82473
3.82445
3.82416
3.82387
3.82358
3.82329
3.82301
3.82272
3.82243
3.82214
3.82185
3.82156
3.82128
3.82099
3.82070
3.82041
3.82012
3.81984
3.81955
3.81926
3.81897
3.81868
3.81840
3.81811
3.81782
3.81753
3.81724
3.81696
3.81667
3.81638
3.81609
3.81580
3.81552
3.81523
3.81494
3.81465
3.81436
3.81408
3.81379
3.81350
3.81321
3.81292
3.81263
3.81235
3.81206
3.81177
3.81148
3.81119
3.81091
3.81062
3.81033
3.81004
3.80975
3.80947
3.80918
3.80889
3.80860
3.80831
3.80803
3.80774
3.80745
3.80716
3.80687
3.80659
3.80630
3.80601
3.80572
3.80543
3.80515
3.80486
3.80457
3.80428
3.80399
3.80370
3.80342
3.80313
3.80284
3.80255
3.80226
3.80198
3.80169
3.80140
3.80111
3.80082
3.80054
3.80025
3.79996
3.79967
3.79938
3.79910
3.79881
3.79852
3.79823
3.79794
3.79766
3.79737
3.79708
3.79679
3.79650
3.79621
3.79593
3.79564
3.79535
3.79506
3.79477
3.79449
3.79420
3.79391
3.79362
3.79333
3.79305
3.79276
3.79247
3.79218
3.79189
3.79161
3.79132
3.79103
3.79074
3.79045
3.79017
3.78988
3.78959
3.78930
3.78901
3.78873
3.78844
3.78815
3.78786
3.78757
3.78729
3.78700
3.78671
3.78642
3.78613
3.78584
3.78556
3.78527
3.78498
3.78469
3.78440
3.78412
3.78383
3.78354
3.78325
3.78296
3.78268
3.78239
3.78210
3.78181
3.78152
3.78124
3.78095
3.78066
3.78037
3.78008
3.77980
3.77951
3.77922
3.77893
3.77864
3.77836
3.77807
3.77778
3.77749
3.77720
3.77691
3.77663
3.77634
3.77605
3.77576
3.77547
3.77519
3.77490
3.77461
3.77432
3.77403
3.77375
3.77346
3.77317
3.77288
3.77259
3.77231
3.77202
3.77173
3.77144
3.77115
3.77087
3.77058
3.77029
3.77000
3.76971
3.76943
3.76914
3.76885
3.76856
3.76827
3.76799
3.76770
3.76741
3.76712
3.76683
3.76654
3.76626
3.76597
3.76568
3.76539
3.76510
3.76482
3.76453
3.76424
3.76395
3.76366
3.76338
3.76309
3.76280
3.76251
3.76222
3.76194
3.76165
3.76136
3.76107
3.76078
3.76050
3.76021
3.75992
3.75963
3.75934
3.75906
3.75877
3.75848
3.75819
3.75790
3.75762
3.75733
3.75704
3.75675
3.75646
3.75617
3.75589
3.75560
3.75531
3.75502
3.75473
3.75445
3.75416
3.75387
3.75358
3.75329
3.75301
3.75272
3.75243
3.75214
3.75185
3.75157
3.75128
3.75099
3.75070
3.75041
3.75013
3.74984
3.74955
3.74926
3.74897
3.74869
3.74840
3.74811
3.74782
3.74753
3.74725
3.74696
3.74667
3.74638
3.74609
3.74581
3.74552
3.74523
3.74494
3.74465
3.74436
3.74408
3.74379
3.74350
3.74321
3.74292
3.74264
3.74235
3.74206
3.74177
3.74148
3.74120
3.74091
3.74062
3.74033
3.74004
3.73976
3.73947
3.73918
3.73889
3.73860
3.73832
3.73803
3.73774
3.73745
3.73716
3.73688
3.73659
3.73630
3.73601
3.73572
3.73544
3.73515
3.73486
3.73457
3.73428
3.73400
3.73371
3.73342
3.73313
3.73284
3.73255
3.73227
3.73198
3.73169
3.73140
3.73111
3.73083
3.73054
3.73025
3.72996
3.72967
3.72939
3.72910
3.72881
3.72852
3.72823
3.72795
3.72766
3.72737
3.72708
3.72679
3.72651
3.72622
3.72593
3.72564
3.72535
3.72507
3.72478
3.72449
3.72420
3.72391
3.72363
3.72334
3.72305
3.72276
3.72247
3.72219
3.72190
3.72161
3.72132
3.72103
3.72075
3.72046
3.72017
3.71988
3.71959
3.71930
3.71902
3.71873
3.71844
3.71815
3.71786
3.71758
3.71729
3.71700
3.71671
3.71642
3.71614
3.71585
3.71556
3.71527
3.71498
3.71470
3.71441
3.71412
3.71383
3.71354
3.71326
3.71297
3.71268
3.71239
3.71210
3.71182
3.71153
3.71124
3.71095
3.71066
3.71038
3.71009
3.70980
3.70951
3.70922
3.70894
3.70865
3.70836
3.70807
3.70778
3.70750
3.70721
3.70692
3.70663
3.70634
3.70606
3.70577
3.70548
3.70519
3.70490
3.70461
3.70433
3.70404
3.70375
3.70346
3.70317
3.70289
3.70260
3.70231
3.70202
3.70173
3.70145
3.70116
3.70087
3.70058
3.70029
3.70001
3.69972
3.69943
3.69914
3.69885
3.69857
3.69828
3.69799
3.69770
3.69741
3.69713
3.69684
3.69655
3.69626
3.69597
3.69569
3.69540
3.69511
3.69482
3.69453
3.69425
3.69396
3.69367
3.69338
3.69309
3.69281
3.69252
3.69223
3.69194
3.69165
3.69137
3.69108
3.69079
3.69050
3.69021
3.68993
3.68964
3.68935
3.68906
3.68877
3.68848
3.68820
3.68791
3.68762
3.68733
3.68704
3.68676
3.68647
3.68618
3.68589
3.68560
3.68532
3.68503
3.68474
3.68445
3.68416
3.68388
3.68359
3.68330
3.68301
3.68272
3.68244
3.68215
3.68186
3.68157
3.68128
3.68100
3.68071
3.68042
3.68013
3.67984
3.67956
3.67927
3.67898
3.67869
3.67840
3.67812
3.67783
3.67754
3.67725
3.67696
3.67668
3.67639
3.67610
3.67581
3.67552
3.67524
3.67495
3.67466
3.67437
3.67408
3.67380
3.67351
3.67322
3.67293
3.67264
3.67236
3.67207
3.67178
3.67149
3.67120
3.67092
3.67063
3.67034
3.67005
3.66976
3.66948
3.66919
3.66890
3.66861
3.66832
3.66803
3.66775
3.66746
3.66717
3.66688
3.66659
3.66631
3.66602
3.66573
3.66544
3.66515
3.66487
3.66458
3.66429
3.66400
3.66371
3.66343
3.66314
3.66285
3.66256
3.66227
3.66199
3.66170
3.66141
3.66112
3.66083
3.66055
3.66026
3.65997
3.65968
3.65939
3.65911
3.65882
3.65853
3.65824
3.65795
3.65767
3.65738
3.65709
3.65680
3.65651
3.65623
3.65594
3.65565
3.65536
3.65507
3.65479
3.65450
3.65421
3.65392
3.65363
3.65335
3.65306
3.65277
3.65248
3.65219
3.65191
3.65162
3.65133
3.65104
3.65075
3.65047
3.65018
3.64989
3.64960
3.64931
3.64903
3.64874
3.64845
3.64816
3.64787
3.64759
3.64730
3.64701
3.64672
3.64643
3.64615
3.64586
3.64557
3.64528
3.64499
3.64470
3.64442
3.64413
3.64384
3.64355
3.64326
3.64298
3.64269
3.64240
3.64211
3.64182
3.64154
3.64125
3.64096
3.64067
3.64038
3.64010
3.63981
3.63952
3.63923
3.63894
3.63866
3.63837
3.63808
3.63779
3.63750
3.63722
3.63693
3.63664
3.63635
3.63606
3.63578
3.63549
3.63520
3.63491
3.63462
3.63434
3.63405
3.63376
3.63347
3.63318
3.63290
3.63261
3.63232
3.63203
3.63174
3.63146
3.63117
3.63088
3.63059
3.63030
3.63002
3.62973
3.62944
3.62915
3.62886
3.62858
3.62829
3.62800
3.62771
3.62742
3.62714
3.62685
3.62656
3.62627
3.62598
3.62570
3.62541
3.62512
3.62483
3.62454
3.62426
3.62397
3.62368
3.62339
3.62310
3.62282
3.62253
3.62224
3.62195
3.62166
3.62138
3.62109
3.62080
3.62051
3.62022
3.61994
3.61965
3.61936
3.61907
3.61878
3.61850
3.61821
3.61792
3.61763
3.61734
3.61706
3.61677
3.61648
3.61619
3.61590
3.61562
3.61533
3.61504
3.61475
3.61446
3.61418
3.61389
3.61360
3.61331
3.61302
3.61274
3.61245
3.61216
3.61187
3.61158
3.61130
3.61101
3.61072
3.61043
3.61014
3.60986
3.60957
3.60928
3.60899
3.60870
3.60842
3.60813
3.60784
3.60755
3.60726
3.60698
3.60669
3.60640
3.60611
3.60582
3.60553
3.60525
3.60496
3.60467
3.60438
3.60409
3.60381
3.60352
3.60323
3.60294
3.60265
3.60237
3.60208
3.60179
3.60150
3.60121
3.60093
3.60064
3.60035
3.60006
3.59977
3.59949
3.59920
3.59891
3.59862
3.59833
3.59805
3.59776
3.59747
3.59718
3.59689
3.59661
3.59632
3.59603
3.59574
3.59545
3.59517
3.59488
3.59459
3.59430
3.59401
3.59373
3.59344
3.59315
3.59286
3.59257
3.59229
3.59200
3.59171
3.59142
3.59113
3.59085
3.59056
3.59027
3.58998
3.58969
3.58941
3.58912
3.58883
3.58854
3.58825
3.58797
3.58768
3.58739
3.58710
3.58681
3.58653
3.58624
3.58595
3.58566
3.58537
3.58509
3.58480
3.58451
3.58422
3.58393
3.58365
3.58336
3.58307
3.58278
3.58249
3.58221
3.58192
3.58163
3.58134
3.58105
3.58077
3.58048
3.58019
3.57990
3.57961
3.57933
3.57904
3.57875
3.57846
3.57817
3.57789
3.57760
3.57731
3.57702
3.57673
3.57645
3.57616
3.57587
3.57558
3.57529
3.57501
3.57472
3.57443
3.57414
3.57385
3.57357
3.57328
3.57299
3.57270
3.57241
3.57213
3.57184
3.57155
3.57126
3.57097
3.57069
3.57040
3.57011
3.56982
3.56953
3.56925
3.56896
3.56867
3.56838
3.56809
3.56781
3.56752
3.56723
3.56694
3.56665
3.56637
3.56608
3.56579
3.56550
3.56521
3.56493
3.56464
3.56435
3.56406
3.56377
3.56349
3.56320
3.56291
3.56262
3.56233
3.56205
3.56176
3.56147
3.56118
3.56089
3.56061
3.56032
3.56003
3.55974
3.55945
3.55917
3.55888
3.55859
3.55830
3.55801
3.55773
3.55744
3.55715
3.55686
3.55657
3.55629
3.55600
3.55571
3.55542
3.55513
3.55485
3.55456
3.55427
3.55398
3.55369
3.55341
3.55312
3.55283
3.55254
3.55225
3.55197
3.55168
3.55139
3.55110
3.55081
3.55053
3.55024
3.54995
3.54966
3.54937
3.54909
3.54880
3.54851
3.54822
3.54793
3.54765
3.54736
3.54707
3.54678
3.54649
3.54621
3.54592
3.54563
3.54534
3.54505
3.54477
3.54448
3.54419
3.54390
3.54361
3.54333
3.54304
3.54275
3.54246
3.54218
3.54189
3.54160
3.54131
3.54102
3.54074
3.54045
3.54016
3.53987
3.53958
3.53930
3.53901
3.53872
3.53843
3.53814
3.53786
3.53757
3.53728
3.53699
3.53670
3.53642
3.53613
3.53584
3.53555
3.53526
3.53498
3.53469
3.53440
3.53411
3.53382
3.53354
3.53325
3.53296
3.53267
3.53238
3.53210
3.53181
3.53152
3.53123
3.53094
3.53066
3.53037
3.53008
3.52979
3.52950
3.52922
3.52893
3.52864
3.52835
3.52806
3.52778
3.52749
3.52720
3.52691
3.52662
3.52634
3.52605
3.52576
3.52547
3.52518
3.52490
3.52461
3.52432
3.52403
3.52374
3.52346
3.52317
3.52288
3.52259
3.52230
3.52202
3.52173
3.52144
3.52115
3.52086
3.52058
3.52029
3.52000
3.51971
3.51942
3.51914
3.51885
3.51856
3.51827
3.51798
3.51770
3.51741
3.51712
3.51683
3.51654
3.51626
3.51597
3.51568
3.51539
3.51510
3.51482
3.51453
3.51424
3.51395
3.51366
3.51338
3.51309
3.51280
3.51251
3.51222
3.51194
3.51165
3.51136
3.51107
3.51078
3.51050
3.51021
3.50992
3.50963
3.50934
3.50906
3.50877
3.50848
3.50819
3.50790
3.50762
3.50733
3.50704
3.50675
3.50646
3.50618
3.50589
3.50560
3.50531
3.50502
3.50474
3.50445
3.50416
3.50387
3.50359
3.50330
3.50301
3.50272
3.50243
3.50215
3.50186
3.50157
3.50128
3.50099
3.50071
3.50042
3.50013
3.49984
3.49955
3.49927
3.49898
3.49869
3.49840
3.49811
3.49783
3.49754
3.49725
3.49696
3.49667
3.49639
3.49610
3.49581
3.49552
3.49523
3.49495
3.49466
3.49437
3.49408
3.49379
3.49351
3.49322
3.49293
3.49264
3.49235
3.49207
3.49178
3.49149
3.49120
3.49091
3.49063
3.49034
3.49005
3.48976
3.48947
3.48919
3.48890
3.48861
3.48832
3.48803
3.48775
3.48746
3.48717
3.48688
3.48659
3.48631
3.48602
3.48573
3.48544
3.48515
3.48487
3.48458
3.48429
3.48400
3.48371
3.48343
3.48314
3.48285
3.48256
3.48227
3.48199
3.48170
3.48141
3.48112
3.48083
3.48055
3.48026
3.47997
3.47968
3.47940
3.47911
3.47882
3.47853
3.47824
3.47796
3.47767
3.47738
3.47709
3.47680
3.47652
3.47623
3.47594
3.47565
3.47536
3.47508
3.47479
3.47450
3.47421
3.47392
3.47364
3.47335
3.47306
3.47277
3.47248
3.47220
3.47191
3.47162
3.47133
3.47104
3.47076
3.47047
3.47018
3.46989
3.46960
3.46932
3.46903
3.46874
3.46845
3.46816
3.46788
3.46759
3.46730
3.46701
3.46672
3.46644
3.46615
3.46586
3.46557
3.46528
3.46500
3.46471
3.46442
3.46413
3.46384
3.46356
3.46327
3.46298
3.46269
3.46240
3.46212
3.46183
3.46154
3.46125
3.46096
3.46068
3.46039
3.46010
3.45981
3.45953
3.45924
3.45895
3.45866
3.45837
3.45809
3.45780
3.45751
3.45722
3.45693
3.45665
3.45636
3.45607
3.45578
3.45549
3.45521
3.45492
3.45463
3.45434
3.45405
3.45377
3.45348
3.45319
3.45290
3.45261
3.45233
3.45204
3.45175
3.45146
3.45117
3.45089
3.45060
3.45031
3.45002
3.44973
3.44945
3.44916
3.44887
3.44858
3.44829
3.44801
3.44772
3.44743
3.44714
3.44685
3.44657
3.44628
3.44599
3.44570
3.44541
3.44513
3.44484
3.44455
3.44426
3.44398
3.44369
3.44340
3.44311
3.44282
3.44254
3.44225
3.44196
3.44167
3.44138
3.44110
3.44081
3.44052
3.44023
3.43994
3.43966
3.43937
3.43908
3.43879
3.43850
3.43822
3.43793
3.43764
3.43735
3.43706
3.43678
3.43649
3.43620
3.43591
3.43562
3.43534
3.43505
3.43476
3.43447
3.43418
3.43390
3.43361
3.43332
3.43303
3.43274
3.43246
3.43217
3.43188
3.43159
3.43130
3.43102
3.43073
3.43044
3.43015
3.42986
3.42958
3.42929
3.42900
3.42871
3.42843
3.42814
3.42785
3.42756
3.42727
3.42699
3.42670
3.42641
3.42612
3.42583
3.42555
3.42526
3.42497
3.42468
3.42439
3.42411
3.42382
3.42353
3.42324
3.42295
3.42267
3.42238
3.42209
3.42180
3.42151
3.42123
3.42094
3.42065
3.42036
3.42007
3.41979
3.41950
3.41921
3.41892
3.41863
3.41835
3.41806
3.41777
3.41748
3.41719
3.41691
3.41662
3.41633
3.41604
3.41576
3.41547
3.41518
3.41489
3.41460
3.41432
3.41403
3.41374
3.41345
3.41316
3.41288
3.41259
3.41230
3.41201
3.41172
3.41144
3.41115
3.41086
3.41057
3.41028
3.41000
3.40971
3.40942
3.40913
3.40884
3.40856
3.40827
3.40798
3.40769
3.40740
3.40712
3.40683
3.40654
3.40625
3.40596
3.40568
3.40539
3.40510
3.40481
3.40452
3.40424
3.40395
3.40366
3.40337
3.40309
3.40280
3.40251
3.40222
3.40193
3.40165
3.40136
3.40107
3.40078
3.40049
3.40021
3.39992
3.39963
3.39934
3.39905
3.39877
3.39848
3.39819
3.39790
3.39761
3.39733
3.39704
3.39675
3.39646
3.39617
3.39589
3.39560
3.39531
3.39502
3.39473
3.39445
3.39416
3.39387
3.39358
3.39329
3.39301
3.39272
3.39243
3.39214
3.39186
3.39157
3.39128
3.39099
3.39070
3.39042
3.39013
3.38984
3.38955
3.38926
3.38898
3.38869
3.38840
3.38811
3.38782
3.38754
3.38725
3.38696
3.38667
3.38638
3.38610
3.38581
3.38552
3.38523
3.38494
3.38466
3.38437
3.38408
3.38379
3.38350
3.38322
3.38293
3.38264
3.38235
3.38206
3.38178
3.38149
3.38120
3.38091
3.38063
3.38034
3.38005
3.37976
3.37947
3.37919
3.37890
3.37861
3.37832
3.37803
3.37775
3.37746
3.37717
3.37688
3.37659
3.37631
3.37602
3.37573
3.37544
3.37515
3.37487
3.37458
3.37429
3.37400
3.37371
3.37343
3.37314
3.37285
3.37256
3.37227
3.37199
3.37170
3.37141
3.37112
3.37084
3.37055
3.37026
3.36997
3.36968
3.36940
3.36911
3.36882
3.36853
3.36824
3.36796
3.36767
3.36738
3.36709
3.36680
3.36652
3.36623
3.36594
3.36565
3.36536
3.36508
3.36479
3.36450
3.36421
3.36392
3.36364
3.36335
3.36306
3.36277
3.36248
3.36220
3.36191
3.36162
3.36133
3.36105
3.36076
3.36047
3.36018
3.35989
3.35961
3.35932
3.35903
3.35874
3.35845
3.35817
3.35788
3.35759
3.35730
3.35701
3.35673
3.35644
3.35615
3.35586
3.35557
3.35529
3.35500
3.35471
3.35442
3.35413
3.35385
3.35356
3.35327
3.35298
3.35270
3.35241
3.35212
3.35183
3.35154
3.35126
3.35097
3.35068
3.35039
3.35010
3.34982
3.34953
3.34924
3.34895
3.34866
3.34838
3.34809
3.34780
3.34751
3.34722
3.34694
3.34665
3.34636
3.34607
3.34578
3.34550
3.34521
3.34492
3.34463
3.34434
3.34406
3.34377
3.34348
3.34319
3.34291
3.34262
3.34233
3.34204
3.34175
3.34147
3.34118
3.34089
3.34060
3.34031
3.34003
3.33974
3.33945
3.33916
3.33887
3.33859
3.33830
3.33801
3.33772
3.33743
3.33715
3.33686
3.33657
3.33628
3.33599
3.33571
3.33542
3.33513
3.33484
3.33456
3.33427
3.33398
3.33369
3.33340
3.33312
3.33283
3.33254
3.33225
3.33196
3.33168
3.33139
3.33110
3.33081
3.33052
3.33024
3.32995
3.32966
3.32937
3.32908
3.32880
3.32851
3.32822
3.32793
3.32764
3.32736
3.32707
3.32678
3.32649
3.32621
3.32592
3.32563
3.32534
3.32505
3.32477
3.32448
3.32419
3.32390
3.32361
3.32333
3.32304
3.32275
3.32246
3.32217
3.32189
3.32160
3.32131
3.32102
3.32073
3.32045
3.32016
3.31987
3.31958
3.31930
3.31901
3.31872
3.31843
3.31814
3.31786
3.31757
3.31728
3.31699
3.31670
3.31642
3.31613
3.31584
3.31555
3.31526
3.31498
3.31469
3.31440
3.31411
3.31382
3.31354
3.31325
3.31296
3.31267
3.31238
3.31210
3.31181
3.31152
3.31123
3.31095
3.31066
3.31037
3.31008
3.30979
3.30951
3.30922
3.30893
3.30864
3.30835
3.30807
3.30778
3.30749
3.30720
3.30691
3.30663
3.30634
3.30605
3.30576
3.30547
3.30519
3.30490
3.30461
3.30432
3.30404
3.30375
3.30346
3.30317
3.30288
3.30260
3.30231
3.30202
3.30173
3.30144
3.30116
3.30087
3.30058
3.30029
3.30000
3.29972
3.29943
3.29914
3.29885
3.29856
3.29828
3.29799
3.29770
3.29741
3.29712
3.29684
3.29655
3.29626
3.29597
3.29569
3.29540
3.29511
3.29482
3.29453
3.29425
3.29396
3.29367
3.29338
3.29309
3.29281
3.29252
3.29223
3.29194
3.29165
3.29137
3.29108
3.29079
3.29050
3.29021
3.28993
3.28964
3.28935
3.28906
3.28878
3.28849
3.28820
3.28791
3.28762
3.28734
3.28705
3.28676
3.28647
3.28618
3.28590
3.28561
3.28532
3.28503
3.28474
3.28446
3.28417
3.28388
3.28359
3.28330
3.28302
3.28273
3.28244
3.28215
3.28187
3.28158
3.28129
3.28100
3.28071
3.28043
3.28014
3.27985
3.27956
3.27927
3.27899
3.27870
3.27841
3.27812
3.27783
3.27755
3.27726
3.27697
3.27668
3.27639
3.27611
3.27582
3.27553
3.27524
3.27496
3.27467
3.27438
3.27409
3.27380
3.27352
3.27323
3.27294
3.27265
3.27236
3.27208
3.27179
3.27150
3.27121
3.27092
3.27064
3.27035
3.27006
3.26977
3.26948
3.26920
3.26891
3.26862
3.26833
3.26805
3.26776
3.26747
3.26718
3.26689
3.26661
3.26632
3.26603
3.26574
3.26545
3.26517
3.26488
3.26459
3.26430
3.26401
3.26373
3.26344
3.26315
3.26286
3.26258
3.26229
3.26200
3.26171
3.26142
3.26114
3.26085
3.26056
3.26027
3.25998
3.25970
3.25941
3.25912
3.25883
3.25854
3.25826
3.25797
3.25768
3.25739
3.25710
3.25682
3.25653
3.25624
3.25595
3.25567
3.25538
3.25509
3.25480
3.25451
3.25423
3.25394
3.25365
3.25336
3.25307
3.25279
3.25250
3.25221
3.25192
3.25163
3.25135
3.25106
3.25077
3.25048
3.25019
3.24991
3.24962
3.24933
3.24904
3.24876
3.24847
3.24818
3.24789
3.24760
3.24732
3.24703
3.24674
3.24645
3.24616
3.24588
3.24559
3.24530
3.24501
3.24472
3.24444
3.24415
3.24386
3.24357
3.24329
3.24300
3.24271
3.24242
3.24213
3.24185
3.24156
3.24127
3.24098
3.24069
3.24041
3.24012
3.23983
3.23954
3.23925
3.23897
3.23868
3.23839
3.23810
3.23782
3.23753
3.23724
3.23695
3.23666
3.23638
3.23609
3.23580
3.23551
3.23522
3.23494
3.23465
3.23436
3.23407
3.23378
3.23350
3.23321
3.23292
3.23263
3.23234
3.23206
3.23177
3.23148
3.23119
3.23091
3.23062
3.23033
3.23004
3.22975
3.22947
3.22918
3.22889
3.22860
3.22831
3.22803
3.22774
3.22745
3.22716
3.22687
3.22659
3.22630
3.22601
3.22572
3.22544
3.22515
3.22486
3.22457
3.22428
3.22400
3.22371
3.22342
3.22313
3.22284
3.22256
3.22227
3.22198
3.22169
3.22140
3.22112
3.22083
3.22054
3.22025
3.21997
3.21968
3.21939
3.21910
3.21881
3.21853
3.21824
3.21795
3.21766
3.21737
3.21709
3.21680
3.21651
3.21622
3.21593
3.21565
3.21536
3.21507
3.21478
3.21450
3.21421
3.21392
3.21363
3.21334
3.21306
3.21277
3.21248
3.21219
3.21190
3.21162
3.21133
3.21104
3.21075
3.21046
3.21018
3.20989
3.20960
3.20931
3.20903
3.20874
3.20845
3.20816
3.20787
3.20759
3.20730
3.20701
3.20672
3.20643
3.20615
3.20586
3.20557
3.20528
3.20499
3.20471
3.20442
3.20413
3.20384
3.20356
3.20327
3.20298
3.20269
3.20240
3.20212
3.20183
3.20154
3.20125
3.20096
3.20068
3.20039
3.20010
3.19981
3.19952
3.19924
3.19895
3.19866
3.19837
3.19809
3.19780
3.19751
3.19722
3.19693
3.19665
3.19636
3.19607
3.19578
3.19549
3.19521
3.19492
3.19463
3.19434
3.19405
3.19377
3.19348
3.19319
3.19290
3.19262
3.19233
3.19204
3.19175
3.19146
3.19118
3.19089
3.19060
3.19031
3.19002
3.18974
3.18945
3.18916
3.18887
3.18858
3.18830
3.18801
3.18772
3.18743
3.18715
3.18686
3.18657
3.18628
3.18599
3.18571
3.18542
3.18513
3.18484
3.18455
3.18427
3.18398
3.18369
3.18340
3.18311
3.18283
3.18254
3.18225
3.18196
3.18168
3.18139
3.18110
3.18081
3.18052
3.18024
3.17995
3.17966
3.17937
3.17908
3.17880
3.17851
3.17822
3.17793
3.17765
3.17736
3.17707
3.17678
3.17649
3.17621
3.17592
3.17563
3.17534
3.17505
3.17477
3.17448
3.17419
3.17390
3.17361
3.17333
3.17304
3.17275
3.17246
3.17218
3.17189
3.17160
3.17131
3.17102
3.17074
3.17045
3.17016
3.16987
3.16958
3.16930
3.16901
3.16872
3.16843
3.16814
3.16786
3.16757
3.16728
3.16699
3.16671
3.16642
3.16613
3.16584
3.16555
3.16527
3.16498
3.16469
3.16440
3.16411
3.16383
3.16354
3.16325
3.16296
3.16268
3.16239
3.16210
3.16181
3.16152
3.16124
3.16095
3.16066
3.16037
3.16008
3.15980
3.15951
3.15922
3.15893
3.15864
3.15836
3.15807
3.15778
3.15749
3.15721
3.15692
3.15663
3.15634
3.15605
3.15577
3.15548
3.15519
3.15490
3.15461
3.15433
3.15404
3.15375
3.15346
3.15318
3.15289
3.15260
3.15231
3.15202
3.15174
3.15145
3.15116
3.15087
3.15058
3.15030
3.15001
3.14972
3.14943
3.14914
3.14886
3.14857
3.14828
3.14799
3.14771
3.14742
3.14713
3.14684
3.14655
3.14627
3.14598
3.14569
3.14540
3.14511
3.14483
3.14454
3.14425
3.14396
3.14368
3.14339
3.14310
3.14281
3.14252
3.14224
3.14195
3.14166
3.14137
3.14108
3.14080
3.14051
3.14022
3.13993
3.13964
3.13936
3.13907
3.13878
3.13849
3.13821
3.13792
3.13763
3.13734
3.13705
3.13677
3.13648
3.13619
3.13590
3.13561
3.13533
3.13504
3.13475
3.13446
3.13418
3.13389
3.13360
3.13331
3.13302
3.13274
3.13245
3.13216
3.13187
3.13158
3.13130
3.13101
3.13072
3.13043
3.13014
3.12986
3.12957
3.12928
3.12899
3.12871
3.12842
3.12813
3.12784
3.12755
3.12727
3.12698
3.12669
3.12640
3.12611
3.12583
3.12554
3.12525
3.12496
3.12468
3.12439
3.12410
3.12381
3.12352
3.12324
3.12295
3.12266
3.12237
3.12208
3.12180
3.12151
3.12122
3.12093
3.12065
3.12036
3.12007
3.11978
3.11949
3.11921
3.11892
3.11863
3.11834
3.11805
3.11777
3.11748
3.11719
3.11690
3.11662
3.11633
3.11604
3.11575
3.11546
3.11518
3.11489
3.11460
3.11431
3.11402
3.11374
3.11345
3.11316
3.11287
3.11258
3.11230
3.11201
3.11172
3.11143
3.11115
3.11086
3.11057
3.11028
3.10999
3.10971
3.10942
3.10913
3.10884
3.10855
3.10827
3.10798
3.10769
3.10740
3.10712
3.10683
3.10654
3.10625
3.10596
3.10568
3.10539
3.10510
3.10481
3.10452
3.10424
3.10395
3.10366
3.10337
3.10309
3.10280
3.10251
3.10222
3.10193
3.10165
3.10136
3.10107
3.10078
3.10049
3.10021
3.09992
3.09963
3.09934
3.09906
3.09877
3.09848
3.09819
3.09790
3.09762
3.09733
3.09704
3.09675
3.09646
3.09618
3.09589
3.09560
3.09531
3.09503
3.09474
3.09445
3.09416
3.09387
3.09359
3.09330
3.09301
3.09272
3.09243
3.09215
3.09186
3.09157
3.09128
3.09100
3.09071
3.09042
3.09013
3.08984
3.08956
3.08927
3.08898
3.08869
3.08840
3.08812
3.08783
3.08754
3.08725
3.08697
3.08668
3.08639
3.08610
3.08581
3.08553
3.08524
3.08495
3.08466
3.08437
3.08409
3.08380
3.08351
3.08322
3.08294
3.08265
3.08236
3.08207
3.08178
3.08150
3.08121
3.08092
3.08063
3.08034
3.08006
3.07977
3.07948
3.07919
3.07891
3.07862
3.07833
3.07804
3.07775
3.07747
3.07718
3.07689
3.07660
3.07631
3.07603
3.07574
3.07545
3.07516
3.07488
3.07459
3.07430
3.07401
3.07372
3.07344
3.07315
3.07286
3.07257
3.07228
3.07200
3.07171
3.07142
3.07113
3.07085
3.07056
3.07027
3.06998
3.06969
3.06941
3.06912
3.06883
3.06854
3.06825
3.06797
3.06768
3.06739
3.06710
3.06682
3.06653
3.06624
3.06595
3.06566
3.06538
3.06509
3.06480
3.06451
3.06422
3.06394
3.06365
3.06336
3.06307
3.06279
3.06250
3.06221
3.06192
3.06163
3.06135
3.06106
3.06077
3.06048
3.06019
3.05991
3.05962
3.05933
3.05904
3.05876
3.05847
3.05818
3.05789
3.05760
3.05732
3.05703
3.05674
3.05645
3.05616
3.05588
3.05559
3.05530
3.05501
3.05473
3.05444
3.05415
3.05386
3.05357
3.05329
3.05300
3.05271
3.05242
3.05213
3.05185
3.05156
3.05127
3.05098
3.05070
3.05041
3.05012
3.04983
3.04954
3.04926
3.04897
3.04868
3.04839
3.04810
3.04782
3.04753
3.04724
3.04695
3.04667
3.04638
3.04609
3.04580
3.04551
3.04523
3.04494
3.04465
3.04436
3.04407
3.04379
3.04350
3.04321
3.04292
3.04264
3.04235
3.04206
3.04177
3.04148
3.04120
3.04091
3.04062
3.04033
3.04004
3.03976
3.03947
3.03918
3.03889
3.03861
3.03832
3.03803
3.03774
3.03745
3.03717
3.03688
3.03659
3.03630
3.03602
3.03573
3.03544
3.03515
3.03486
3.03458
3.03429
3.03400
3.03371
3.03342
3.03314
3.03285
3.03256
3.03227
3.03199
3.03170
3.03141
3.03112
3.03083
3.03055
3.03026
3.02997
3.02968
3.02939
3.02911
3.02882
3.02853
3.02824
3.02796
3.02767
3.02738
3.02709
3.02680
3.02652
3.02623
3.02594
3.02565
3.02536
3.02508
3.02479
3.02450
3.02421
3.02393
3.02364
3.02335
3.02306
3.02277
3.02249
3.02220
3.02191
3.02162
3.02134
3.02105
3.02076
3.02047
3.02018
3.01990
3.01961
3.01932
3.01903
3.01874
3.01846
3.01817
3.01788
3.01759
3.01731
3.01702
3.01673
3.01644
3.01615
3.01587
3.01558
3.01529
3.01500
3.01471
3.01443
3.01414
3.01385
3.01356
3.01328
3.01299
3.01270
3.01241
3.01212
3.01184
3.01155
3.01126
3.01097
3.01069
3.01040
3.01011
3.00982
3.00953
3.00925
3.00896
3.00867
3.00838
3.00809
3.00781
3.00752
3.00723
3.00694
3.00666
3.00637
3.00608
3.00579
3.00550
3.00522
3.00493
3.00464
3.00435
3.00406
3.00378
3.00349
3.00320
3.00291
3.00263
3.00234
3.00205
3.00176
3.00147
3.00119
3.00090
3.00061
3.00032
3.00004
2.99975
2.99946
2.99917
2.99888
2.99860
2.99831
2.99802
2.99773
2.99744
2.99716
2.99687
2.99658
2.99629
2.99601
2.99572
2.99543
2.99514
2.99485
2.99457
2.99428
2.99399
2.99370
2.99341
2.99313
2.99284
2.99255
2.99226
2.99198
2.99169
2.99140
2.99111
2.99082
2.99054
2.99025
2.98996
2.98967
2.98939
2.98910
2.98881
2.98852
2.98823
2.98795
2.98766
2.98737
2.98708
2.98679
2.98651
2.98622
2.98593
2.98564
2.98536
2.98507
2.98478
2.98449
2.98420
2.98392
2.98363
2.98334
2.98305
2.98277
2.98248
2.98219
2.98190
2.98161
2.98133
2.98104
2.98075
2.98046
2.98017
2.97989
2.97960
2.97931
2.97902
2.97874
2.97845
2.97816
2.97787
2.97758
2.97730
2.97701
2.97672
2.97643
2.97615
2.97586
2.97557
2.97528
2.97499
2.97471
2.97442
2.97413
2.97384
2.97355
2.97327
2.97298
2.97269
2.97240
2.97212
2.97183
2.97154
2.97125
2.97096
2.97068
2.97039
2.97010
2.96981
2.96953
2.96924
2.96895
2.96866
2.96837
2.96809
2.96780
2.96751
2.96722
2.96693
2.96665
2.96636
2.96607
2.96578
2.96550
2.96521
2.96492
2.96463
2.96434
2.96406
2.96377
2.96348
2.96319
2.96291
2.96262
2.96233
2.96204
2.96175
2.96147
2.96118
2.96089
2.96060
2.96031
2.96003
2.95974
2.95945
2.95916
2.95888
2.95859
2.95830
2.95801
2.95772
2.95744
2.95715
2.95686
2.95657
2.95629
2.95600
2.95571
2.95542
2.95513
2.95485
2.95456
2.95427
2.95398
2.95369
2.95341
2.95312
2.95283
2.95254
2.95226
2.95197
2.95168
2.95139
2.95110
2.95082
2.95053
2.95024
2.94995
2.94967
2.94938
2.94909
2.94880
2.94851
2.94823
2.94794
2.94765
2.94736
2.94707
2.94679
2.94650
2.94621
2.94592
2.94564
2.94535
2.94506
2.94477
2.94448
2.94420
2.94391
2.94362
2.94333
2.94305
2.94276
2.94247
2.94218
2.94189
2.94161
2.94132
2.94103
2.94074
2.94046
2.94017
2.93988
2.93959
2.93930
2.93902
2.93873
2.93844
2.93815
2.93786
2.93758
2.93729
2.93700
2.93671
2.93643
2.93614
2.93585
2.93556
2.93527
2.93499
2.93470
2.93441
2.93412
2.93384
2.93355
2.93326
2.93297
2.93268
2.93240
2.93211
2.93182
2.93153
2.93124
2.93096
2.93067
2.93038
2.93009
2.92981
2.92952
2.92923
2.92894
2.92865
2.92837
2.92808
2.92779
2.92750
2.92722
2.92693
2.92664
2.92635
2.92606
2.92578
2.92549
2.92520
2.92491
2.92463
2.92434
2.92405
2.92376
2.92347
2.92319
2.92290
2.92261
2.92232
2.92203
2.92175
2.92146
2.92117
2.92088
2.92060
2.92031
2.92002
2.91973
2.91944
2.91916
2.91887
2.91858
2.91829
2.91801
2.91772
2.91743
2.91714
2.91685
2.91657
2.91628
2.91599
2.91570
2.91542
2.91513
2.91484
2.91455
2.91426
2.91398
2.91369
2.91340
2.91311
2.91282
2.91254
2.91225
2.91196
2.91167
2.91139
2.91110
2.91081
2.91052
2.91023
2.90995
2.90966
2.90937
2.90908
2.90880
2.90851
2.90822
2.90793
2.90764
2.90736
2.90707
2.90678
2.90649
2.90621
2.90592
2.90563
2.90534
2.90505
2.90477
2.90448
2.90419
2.90390
2.90361
2.90333
2.90304
2.90275
2.90246
2.90218
2.90189
2.90160
2.90131
2.90102
2.90074
2.90045
2.90016
2.89987
2.89959
2.89930
2.89901
2.89872
2.89843
2.89815
2.89786
2.89757
2.89728
2.89700
2.89671
2.89642
2.89613
2.89584
2.89556
2.89527
2.89498
2.89469
2.89441
2.89412
2.89383
2.89354
2.89325
2.89297
2.89268
2.89239
2.89210
2.89181
2.89153
2.89124
2.89095
2.89066
2.89038
2.89009
2.88980
2.88951
2.88922
2.88894
2.88865
2.88836
2.88807
2.88779
2.88750
2.88721
2.88692
2.88663
2.88635
2.88606
2.88577
2.88548
2.88520
2.88491
2.88462
2.88433
2.88404
2.88376
2.88347
2.88318
2.88289
2.88261
2.88232
2.88203
2.88174
2.88145
2.88117
2.88088
2.88059
2.88030
2.88002
2.87973
2.87944
2.87915
2.87886
2.87858
2.87829
2.87800
2.87771
2.87742
2.87714
2.87685
2.87656
2.87627
2.87599
2.87570
2.87541
2.87512
2.87483
2.87455
2.87426
2.87397
2.87368
2.87340
2.87311
2.87282
2.87253
2.87224
2.87196
2.87167
2.87138
2.87109
2.87081
2.87052
2.87023
2.86994
2.86965
2.86937
2.86908
2.86879
2.86850
2.86822
2.86793
2.86764
2.86735
2.86706
2.86678
2.86649
2.86620
2.86591
2.86563
2.86534
2.86505
2.86476
2.86447
2.86419
2.86390
2.86361
2.86332
2.86303
2.86275
2.86246
2.86217
2.86188
2.86160
2.86131
2.86102
2.86073
2.86044
2.86016
2.85987
2.85958
2.85929
2.85901
2.85872
2.85843
2.85814
2.85785
2.85757
2.85728
2.85699
2.85670
2.85642
2.85613
2.85584
2.85555
2.85526
2.85498
2.85469
2.85440
2.85411
2.85383
2.85354
2.85325
2.85296
2.85267
2.85239
2.85210
2.85181
2.85152
2.85124
2.85095
2.85066
2.85037
2.85008
2.84980
2.84951
2.84922
2.84893
2.84865
2.84836
2.84807
2.84778
2.84749
2.84721
2.84692
2.84663
2.84634
2.84606
2.84577
2.84548
2.84519
2.84490
2.84462
2.84433
2.84404
2.84375
2.84347
2.84318
2.84289
2.84260
2.84231
2.84203
2.84174
2.84145
2.84116
2.84087
2.84059
2.84030
2.84001
2.83972
2.83944
2.83915
2.83886
2.83857
2.83828
2.83800
2.83771
2.83742
2.83713
2.83685
2.83656
2.83627
2.83598
2.83569
2.83541
2.83512
2.83483
2.83454
2.83426
2.83397
2.83368
2.83339
2.83310
2.83282
2.83253
2.83224
2.83195
2.83167
2.83138
2.83109
2.83080
2.83051
2.83023
2.82994
2.82965
2.82936
2.82908
2.82879
2.82850
2.82821
2.82792
2.82764
2.82735
2.82706
2.82677
2.82649
2.82620
2.82591
2.82562
2.82533
2.82505
2.82476
2.82447
2.82418
2.82390
2.82361
2.82332
2.82303
2.82274
2.82246
2.82217
2.82188
2.82159
2.82131
2.82102
2.82073
2.82044
2.82015
2.81987
2.81958
2.81929
2.81900
2.81872
2.81843
2.81814
2.81785
2.81756
2.81728
2.81699
2.81670
2.81641
2.81613
2.81584
2.81555
2.81526
2.81497
2.81469
2.81440
2.81411
2.81382
2.81354
2.81325
2.81296
2.81267
2.81238
2.81210
2.81181
2.81152
2.81123
2.81095
2.81066
2.81037
2.81008
2.80979
2.80951
2.80922
2.80893
2.80864
2.80836
2.80807
2.80778
2.80749
2.80720
2.80692
2.80663
2.80634
2.80605
2.80577
2.80548
2.80519
2.80490
2.80461
2.80433
2.80404
2.80375
2.80346
2.80318
2.80289
2.80260
2.80231
2.80202
2.80174
2.80145
2.80116
2.80087
2.80059
2.80030
2.80001
2.79972
2.79943
2.79915
2.79886
2.79857
2.79828
2.79800
2.79771
2.79742
2.79713
2.79684
2.79656
2.79627
2.79598
2.79569
2.79541
2.79512
2.79483
2.79454
2.79425
2.79397
2.79368
2.79339
2.79310
2.79282
2.79253
2.79224
2.79195
2.79166
2.79138
2.79109
2.79080
2.79051
2.79023
2.78994
2.78965
2.78936
2.78907
2.78879
2.78850
2.78821
2.78792
2.78764
2.78735
2.78706
2.78677
2.78648
2.78620
2.78591
2.78562
2.78533
2.78505
2.78476
2.78447
2.78418
2.78389
2.78361
2.78332
2.78303
2.78274
2.78246
2.78217
2.78188
2.78159
2.78130
2.78102
2.78073
2.78044
2.78015
2.77987
2.77958
2.77929
2.77900
2.77871
2.77843
2.77814
2.77785
2.77756
2.77728
2.77699
2.77670
2.77641
2.77612
2.77584
2.77555
2.77526
2.77497
2.77469
2.77440
2.77411
2.77382
2.77353
2.77325
2.77296
2.77267
2.77238
2.77210
2.77181
2.77152
2.77123
2.77094
2.77066
2.77037
2.77008
2.76979
2.76951
2.76922
2.76893
2.76864
2.76835
2.76807
2.76778
2.76749
2.76720
2.76692
2.76663
2.76634
2.76605
2.76576
2.76548
2.76519
2.76490
2.76461
2.76433
2.76404
2.76375
2.76346
2.76317
2.76289
2.76260
2.76231
2.76202
2.76174
2.76145
2.76116
2.76087
2.76058
2.76030
2.76001
2.75972
2.75943
2.75915
2.75886
2.75857
2.75828
2.75800
2.75771
2.75742
2.75713
2.75684
2.75656
2.75627
2.75598
2.75569
2.75541
2.75512
2.75483
2.75454
2.75425
2.75397
2.75368
2.75339
2.75310
2.75282
2.75253
2.75224
2.75195
2.75166
2.75138
2.75109
2.75080
2.75051
2.75023
2.74994
2.74965
2.74936
2.74907
2.74879
2.74850
2.74821
2.74792
2.74764
2.74735
2.74706
2.74677
2.74648
2.74620
2.74591
2.74562
2.74533
2.74505
2.74476
2.74447
2.74418
2.74389
2.74361
2.74332
2.74303
2.74274
2.74246
2.74217
2.74188
2.74159
2.74130
2.74102
2.74073
2.74044
2.74015
2.73987
2.73958
2.73929
2.73900
2.73871
2.73843
2.73814
2.73785
2.73756
2.73728
2.73699
2.73670
2.73641
2.73613
2.73584
2.73555
2.73526
2.73497
2.73469
2.73440
2.73411
2.73382
2.73354
2.73325
2.73296
2.73267
2.73238
2.73210
2.73181
2.73152
2.73123
2.73095
2.73066
2.73037
2.73008
2.72979
2.72951
2.72922
2.72893
2.72864
2.72836
2.72807
2.72778
2.72749
2.72720
2.72692
2.72663
2.72634
2.72605
2.72577
2.72548
2.72519
2.72490
2.72461
2.72433
2.72404
2.72375
2.72346
2.72318
2.72289
2.72260
2.72231
2.72202
2.72174
2.72145
2.72116
2.72087
2.72059
2.72030
2.72001
2.71972
2.71944
2.71915
2.71886
2.71857
2.71828
2.71800
2.71771
2.71742
2.71713
2.71685
2.71656
2.71627
2.71598
2.71569
2.71541
2.71512
2.71483
2.71454
2.71426
2.71397
2.71368
2.71339
2.71310
2.71282
2.71253
2.71224
2.71195
2.71167
2.71138
2.71109
2.71080
2.71051
2.71023
2.70994
2.70965
2.70936
2.70908
2.70879
2.70850
2.70821
2.70793
2.70764
2.70735
2.70706
2.70677
2.70649
2.70620
2.70591
2.70562
2.70534
2.70505
2.70476
2.70447
2.70418
2.70390
2.70361
2.70332
2.70303
2.70275
2.70246
2.70217
2.70188
2.70159
2.70131
2.70102
2.70073
2.70044
2.70016
2.69987
2.69958
2.69929
2.69900
2.69872
2.69843
2.69814
2.69785
2.69757
2.69728
2.69699
2.69670
2.69642
2.69613
2.69584
2.69555
2.69526
2.69498
2.69469
2.69440
2.69411
2.69383
2.69354
2.69325
2.69296
2.69267
2.69239
2.69210
2.69181
2.69152
2.69124
2.69095
2.69066
2.69037
2.69008
2.68980
2.68951
2.68922
2.68893
2.68865
2.68836
2.68807
2.68778
2.68749
2.68721
2.68692
2.68663
2.68634
2.68606
2.68577
2.68548
2.68519
2.68491
2.68462
2.68433
2.68404
2.68375
2.68347
2.68318
2.68289
2.68260
2.68232
2.68203
2.68174
2.68145
2.68116
2.68088
2.68059
2.68030
2.68001
2.67973
2.67944
2.67915
2.67886
2.67857
2.67829
2.67800
2.67771
2.67742
2.67714
2.67685
2.67656
2.67627
2.67599
2.67570
2.67541
2.67512
2.67483
2.67455
2.67426
2.67397
2.67368
2.67340
2.67311
2.67282
2.67253
2.67224
2.67196
2.67167
2.67138
2.67109
2.67081
2.67052
2.67023
2.66994
2.66965
2.66937
2.66908
2.66879
2.66850
2.66822
2.66793
2.66764
2.66735
2.66707
2.66678
2.66649
2.66620
2.66591
2.66563
2.66534
2.66505
2.66476
2.66448
2.66419
2.66390
2.66361
2.66332
2.66304
2.66275
2.66246
2.66217
2.66189
2.66160
2.66131
2.66102
2.66073
2.66045
2.66016
2.65987
2.65958
2.65930
2.65901
2.65872
2.65843
2.65815
2.65786
2.65757
2.65728
2.65699
2.65671
2.65642
2.65613
2.65584
2.65556
2.65527
2.65498
2.65469
2.65440
2.65412
2.65383
2.65354
2.65325
2.65297
2.65268
2.65239
2.65210
2.65182
2.65153
2.65124
2.65095
2.65066
2.65038
2.65009
2.64980
2.64951
2.64923
2.64894
2.64865
2.64836
2.64807
2.64779
2.64750
2.64721
2.64692
2.64664
2.64635
2.64606
2.64577
2.64548
2.64520
2.64491
2.64462
2.64433
2.64405
2.64376
2.64347
2.64318
2.64290
2.64261
2.64232
2.64203
2.64174
2.64146
2.64117
2.64088
2.64059
2.64031
2.64002
2.63973
2.63944
2.63915
2.63887
2.63858
2.63829
2.63800
2.63772
2.63743
2.63714
2.63685
2.63657
2.63628
2.63599
2.63570
2.63541
2.63513
2.63484
2.63455
2.63426
2.63398
2.63369
2.63340
2.63311
2.63282
2.63254
2.63225
2.63196
2.63167
2.63139
2.63110
2.63081
2.63052
2.63024
2.62995
2.62966
2.62937
2.62908
2.62880
2.62851
2.62822
2.62793
2.62765
2.62736
2.62707
2.62678
2.62649
2.62621
2.62592
2.62563
2.62534
2.62506
2.62477
2.62448
2.62419
2.62391
2.62362
2.62333
2.62304
2.62275
2.62247
2.62218
2.62189
2.62160
2.62132
2.62103
2.62074
2.62045
2.62016
2.61988
2.61959
2.61930
2.61901
2.61873
2.61844
2.61815
2.61786
2.61758
2.61729
2.61700
2.61671
2.61642
2.61614
2.61585
2.61556
2.61527
2.61499
2.61470
2.61441
2.61412
2.61383
2.61355
2.61326
2.61297
2.61268
2.61240
2.61211
2.61182
2.61153
2.61125
2.61096
2.61067
2.61038
2.61009
2.60981
2.60952
2.60923
2.60894
2.60866
2.60837
2.60808
2.60779
2.60750
2.60722
2.60693
2.60664
2.60635
2.60607
2.60578
2.60549
2.60520
2.60492
2.60463
2.60434
2.60405
2.60376
2.60348
2.60319
2.60290
2.60261
2.60233
2.60204
2.60175
2.60146
2.60117
2.60089
2.60060
2.60031
2.60002
2.59974
2.59945
2.59916
2.59887
2.59859
2.59830
2.59801
2.59772
2.59743
2.59715
2.59686
2.59657
2.59628
2.59600
2.59571
2.59542
2.59513
2.59485
2.59456
2.59427
2.59398
2.59369
2.59341
2.59312
2.59283
2.59254
2.59226
2.59197
2.59168
2.59139
2.59110
2.59082
2.59053
2.59024
2.58995
2.58967
2.58938
2.58909
2.58880
2.58852
2.58823
2.58794
2.58765
2.58736
2.58708
2.58679
2.58650
2.58621
2.58593
2.58564
2.58535
2.58506
2.58478
2.58449
2.58420
2.58391
2.58362
2.58334
2.58305
2.58276
2.58247
2.58219
2.58190
2.58161
2.58132
2.58103
2.58075
2.58046
2.58017
2.57988
2.57960
2.57931
2.57902
2.57873
2.57845
2.57816
2.57787
2.57758
2.57729
2.57701
2.57672
2.57643
2.57614
2.57586
2.57557
2.57528
2.57499
2.57471
2.57442
2.57413
2.57384
2.57355
2.57327
2.57298
2.57269
2.57240
2.57212
2.57183
2.57154
2.57125
2.57096
2.57068
2.57039
2.57010
2.56981
2.56953
2.56924
2.56895
2.56866
2.56838
2.56809
2.56780
2.56751
2.56722
2.56694
2.56665
2.56636
2.56607
2.56579
2.56550
2.56521
2.56492
2.56464
2.56435
2.56406
2.56377
2.56348
2.56320
2.56291
2.56262
2.56233
2.56205
2.56176
2.56147
2.56118
2.56089
2.56061
2.56032
2.56003
2.55974
2.55946
2.55917
2.55888
2.55859
2.55831
2.55802
2.55773
2.55744
2.55715
2.55687
2.55658
2.55629
2.55600
2.55572
2.55543
2.55514
2.55485
2.55457
2.55428
2.55399
2.55370
2.55341
2.55313
2.55284
2.55255
2.55226
2.55198
2.55169
2.55140
2.55111
2.55083
2.55054
2.55025
2.54996
2.54967
2.54939
2.54910
2.54881
2.54852
2.54824
2.54795
2.54766
2.54737
2.54708
2.54680
2.54651
2.54622
2.54593
2.54565
2.54536
2.54507
2.54478
2.54450
2.54421
2.54392
2.54363
2.54334
2.54306
2.54277
2.54248
2.54219
2.54191
2.54162
2.54133
2.54104
2.54076
2.54047
2.54018
2.53989
2.53960
2.53932
2.53903
2.53874
2.53845
2.53817
2.53788
2.53759
2.53730
2.53702
2.53673
2.53644
2.53615
2.53586
2.53558
2.53529
2.53500
2.53471
2.53443
2.53414
2.53385
2.53356
2.53328
2.53299
2.53270
2.53241
2.53212
2.53184
2.53155
2.53126
2.53097
2.53069
2.53040
2.53011
2.52982
2.52954
2.52925
2.52896
2.52867
2.52838
2.52810
2.52781
2.52752
2.52723
2.52695
2.52666
2.52637
2.52608
2.52580
2.52551
2.52522
2.52493
2.52464
2.52436
2.52407
2.52378
2.52349
2.52321
2.52292
2.52263
2.52234
2.52205
2.52177
2.52148
2.52119
2.52090
2.52062
2.52033
2.52004
2.51975
2.51947
2.51918
2.51889
2.51860
2.51831
2.51803
2.51774
2.51745
2.51716
2.51688
2.51659
2.51630
2.51601
2.51573
2.51544
2.51515
2.51486
2.51457
2.51429
2.51400
2.51371
2.51342
2.51314
2.51285
2.51256
2.51227
2.51199
2.51170
2.51141
2.51112
2.51083
2.51055
2.51026
2.50997
2.50968
2.50940
2.50911
2.50882
2.50853
2.50825
2.50796
2.50767
2.50738
2.50709
2.50681
2.50652
2.50623
2.50594
2.50566
2.50537
2.50508
2.50479
2.50451
2.50422
2.50393
2.50364
2.50335
2.50307
2.50278
2.50249
2.50220
2.50192
2.50163
2.50134
2.50105
2.50077
2.50048
2.50019
2.49990
2.49961
2.49933
2.49904
2.49875
2.49846
2.49818
2.49789
2.49760
2.49731
2.49703
2.49674
2.49645
2.49616
2.49587
2.49559
2.49530
2.49501
2.49472
2.49444
2.49415
2.49386
2.49357
2.49329
2.49300
2.49271
2.49242
2.49213
2.49185
2.49156
2.49127
2.49098
2.49070
2.49041
2.49012
2.48983
2.48955
2.48926
2.48897
2.48868
2.48839
2.48811
2.48782
2.48753
2.48724
2.48696
2.48667
2.48638
2.48609
2.48581
2.48552
2.48523
2.48494
2.48465
2.48437
2.48408
2.48379
2.48350
2.48322
2.48293
2.48264
2.48235
2.48207
2.48178
2.48149
2.48120
2.48091
2.48063
2.48034
2.48005
2.47976
2.47948
2.47919
2.47890
2.47861
2.47833
2.47804
2.47775
2.47746
2.47718
2.47689
2.47660
2.47631
2.47602
2.47574
2.47545
2.47516
2.47487
2.47459
2.47430
2.47401
2.47372
2.47344
2.47315
2.47286
2.47257
2.47228
2.47200
2.47171
2.47142
2.47113
2.47085
2.47056
2.47027
2.46998
2.46970
2.46941
2.46912
2.46883
2.46854
2.46826
2.46797
2.46768
2.46739
2.46711
2.46682
2.46653
2.46624
2.46596
2.46567
2.46538
2.46509
2.46480
2.46452
2.46423
2.46394
2.46365
2.46337
2.46308
2.46279
2.46250
2.46222
2.46193
2.46164
2.46135
2.46106
2.46078
2.46049
2.46020
2.45991
2.45963
2.45934
2.45905
2.45876
2.45848
2.45819
2.45790
2.45761
2.45732
2.45704
2.45675
2.45646
2.45617
2.45589
2.45560
2.45531
2.45502
2.45474
2.45445
2.45416
2.45387
2.45359
2.45330
2.45301
2.45272
2.45243
2.45215
2.45186
2.45157
2.45128
2.45100
2.45071
2.45042
2.45013
2.44985
2.44956
2.44927
2.44898
2.44869
2.44841
2.44812
2.44783
2.44754
2.44726
2.44697
2.44668
2.44639
2.44611
2.44582
2.44553
2.44524
2.44495
2.44467
2.44438
2.44409
2.44380
2.44352
2.44323
2.44294
2.44265
2.44237
2.44208
2.44179
2.44150
2.44122
2.44093
2.44064
2.44035
2.44006
2.43978
2.43949
2.43920
2.43891
2.43863
2.43834
2.43805
2.43776
2.43748
2.43719
2.43690
2.43661
2.43632
2.43604
2.43575
2.43546
2.43517
2.43489
2.43460
2.43431
2.43402
2.43374
2.43345
2.43316
2.43287
2.43258
2.43230
2.43201
2.43172
2.43143
2.43115
2.43086
2.43057
2.43028
2.43000
2.42971
2.42942
2.42913
2.42885
2.42856
2.42827
2.42798
2.42769
2.42741
2.42712
2.42683
2.42654
2.42626
2.42597
2.42568
2.42539
2.42511
2.42482
2.42453
2.42424
2.42395
2.42367
2.42338
2.42309
2.42280
2.42252
2.42223
2.42194
2.42165
2.42137
2.42108
2.42079
2.42050
2.42022
2.41993
2.41964
2.41935
2.41906
2.41878
2.41849
2.41820
2.41791
2.41763
2.41734
2.41705
2.41676
2.41648
2.41619
2.41590
2.41561
2.41532
2.41504
2.41475
2.41446
2.41417
2.41389
2.41360
2.41331
2.41302
2.41274
2.41245
2.41216
2.41187
2.41159
2.41130
2.41101
2.41072
2.41043
2.41015
2.40986
2.40957
2.40928
2.40900
2.40871
2.40842
2.40813
2.40785
2.40756
2.40727
2.40698
2.40669
2.40641
2.40612
2.40583
2.40554
2.40526
2.40497
2.40468
2.40439
2.40411
2.40382
2.40353
2.40324
2.40296
2.40267
2.40238
2.40209
2.40180
2.40152
2.40123
2.40094
2.40065
2.40037
2.40008
2.39979
2.39950
2.39922
2.39893
2.39864
2.39835
2.39806
2.39778
2.39749
2.39720
2.39691
2.39663
2.39634
2.39605
2.39576
2.39548
2.39519
2.39490
2.39461
2.39433
2.39404
2.39375
2.39346
2.39317
2.39289
2.39260
2.39231
2.39202
2.39174
2.39145
2.39116
2.39087
2.39059
2.39030
2.39001
2.38972
2.38943
2.38915
2.38886
2.38857
2.38828
2.38800
2.38771
2.38742
2.38713
2.38685
2.38656
2.38627
2.38598
2.38570
2.38541
2.38512
2.38483
2.38454
2.38426
2.38397
2.38368
2.38339
2.38311
2.38282
2.38253
2.38224
2.38196
2.38167
2.38138
2.38109
2.38081
2.38052
2.38023
2.37994
2.37965
2.37937
2.37908
2.37879
2.37850
2.37822
2.37793
2.37764
2.37735
2.37707
2.37678
2.37649
2.37620
2.37592
2.37563
2.37534
2.37505
2.37476
2.37448
2.37419
2.37390
2.37361
2.37333
2.37304
2.37275
2.37246
2.37218
2.37189
2.37160
2.37131
2.37102
2.37074
2.37045
2.37016
2.36987
2.36959
2.36930
2.36901
2.36872
2.36844
2.36815
2.36786
2.36757
2.36729
2.36700
2.36671
2.36642
2.36613
2.36585
2.36556
2.36527
2.36498
2.36470
2.36441
2.36412
2.36383
2.36355
2.36326
2.36297
2.36268
2.36240
2.36211
2.36182
2.36153
2.36124
2.36096
2.36067
2.36038
2.36009
2.35981
2.35952
2.35923
2.35894
2.35866
2.35837
2.35808
2.35779
2.35751
2.35722
2.35693
2.35664
2.35635
2.35607
2.35578
2.35549
2.35520
2.35492
2.35463
2.35434
2.35405
2.35377
2.35348
2.35319
2.35290
2.35262
2.35233
2.35204
2.35175
2.35146
2.35118
2.35089
2.35060
2.35031
2.35003
2.34974
2.34945
2.34916
2.34888
2.34859
2.34830
2.34801
2.34773
2.34744
2.34715
2.34686
2.34657
2.34629
2.34600
2.34571
2.34542
2.34514
2.34485
2.34456
2.34427
2.34399
2.34370
2.34341
2.34312
2.34284
2.34255
2.34226
2.34197
2.34168
2.34140
2.34111
2.34082
2.34053
2.34025
2.33996
2.33967
2.33938
2.33910
2.33881
2.33852
2.33823
2.33795
2.33766
2.33737
2.33708
2.33679
2.33651
2.33622
2.33593
2.33564
2.33536
2.33507
2.33478
2.33449
2.33421
2.33392
2.33363
2.33334
2.33306
2.33277
2.33248
2.33219
2.33190
2.33162
2.33133
2.33104
2.33075
2.33047
2.33018
2.32989
2.32960
2.32932
2.32903
2.32874
2.32845
2.32817
2.32788
2.32759
2.32730
2.32701
2.32673
2.32644
2.32615
2.32586
2.32558
2.32529
2.32500
2.32471
2.32443
2.32414
2.32385
2.32356
2.32328
2.32299
2.32270
2.32241
2.32212
2.32184
2.32155
2.32126
2.32097
2.32069
2.32040
2.32011
2.31982
2.31954
2.31925
2.31896
2.31867
2.31839
2.31810
2.31781
2.31752
2.31723
2.31695
2.31666
2.31637
2.31608
2.31580
2.31551
2.31522
2.31493
2.31465
2.31436
2.31407
2.31378
2.31350
2.31321
2.31292
2.31263
2.31235
2.31206
2.31177
2.31148
2.31119
2.31091
2.31062
2.31033
2.31004
2.30976
2.30947
2.30918
2.30889
2.30861
2.30832
2.30803
2.30774
2.30746
2.30717
2.30688
2.30659
2.30630
2.30602
2.30573
2.30544
2.30515
2.30487
2.30458
2.30429
2.30400
2.30372
2.30343
2.30314
2.30285
2.30257
2.30228
2.30199
2.30170
2.30141
2.30113
2.30084
2.30055
2.30026
2.29998
2.29969
2.29940
2.29911
2.29883
2.29854
2.29825
2.29796
2.29768
2.29739
2.29710
2.29681
2.29653
2.29624
2.29595
2.29566
2.29537
2.29509
2.29480
2.29451
2.29422
2.29394
2.29365
2.29336
2.29307
2.29279
2.29250
2.29221
2.29192
2.29164
2.29135
2.29106
2.29077
2.29048
2.29020
2.28991
2.28962
2.28933
2.28905
2.28876
2.28847
2.28818
2.28790
2.28761
2.28732
2.28703
2.28675
2.28646
2.28617
2.28588
2.28560
2.28531
2.28502
2.28473
2.28444
2.28416
2.28387
2.28358
2.28329
2.28301
2.28272
2.28243
2.28214
2.28186
2.28157
2.28128
2.28099
2.28071
2.28042
2.28013
2.27984
2.27955
2.27927
2.27898
2.27869
2.27840
2.27812
2.27783
2.27754
2.27725
2.27697
2.27668
2.27639
2.27610
2.27582
2.27553
2.27524
2.27495
2.27467
2.27438
2.27409
2.27380
2.27351
2.27323
2.27294
2.27265
2.27236
2.27208
2.27179
2.27150
2.27121
2.27093
2.27064
2.27035
2.27006
2.26978
2.26949
2.26920
2.26891
2.26863
2.26834
2.26805
2.26776
2.26747
2.26719
2.26690
2.26661
2.26632
2.26604
2.26575
2.26546
2.26517
2.26489
2.26460
2.26431
2.26402
2.26374
2.26345
2.26316
2.26287
2.26258
2.26230
2.26201
2.26172
2.26143
2.26115
2.26086
2.26057
2.26028
2.26000
2.25971
2.25942
2.25913
2.25885
2.25856
2.25827
2.25798
2.25770
2.25741
2.25712
2.25683
2.25654
2.25626
2.25597
2.25568
2.25539
2.25511
2.25482
2.25453
2.25424
2.25396
2.25367
2.25338
2.25309
2.25281
2.25252
2.25223
2.25194
2.25166
2.25137
2.25108
2.25079
2.25050
2.25022
2.24993
2.24964
2.24935
2.24907
2.24878
2.24849
2.24820
2.24792
2.24763
2.24734
2.24705
2.24677
2.24648
2.24619
2.24590
2.24562
2.24533
2.24504
2.24475
2.24446
2.24418
2.24389
2.24360
2.24331
2.24303
2.24274
2.24245
2.24216
2.24188
2.24159
2.24130
2.24101
2.24073
2.24044
2.24015
2.23986
2.23958
2.23929
2.23900
2.23871
2.23842
2.23814
2.23785
2.23756
2.23727
2.23699
2.23670
2.23641
2.23612
2.23584
2.23555
2.23526
2.23497
2.23469
2.23440
2.23411
2.23382
2.23354
2.23325
2.23296
2.23267
2.23238
2.23210
2.23181
2.23152
2.23123
2.23095
2.23066
2.23037
2.23008
2.22980
2.22951
2.22922
2.22893
2.22865
2.22836
2.22807
2.22778
2.22750
2.22721
2.22692
2.22663
2.22635
2.22606
2.22577
2.22548
2.22519
2.22491
2.22462
2.22433
2.22404
2.22376
2.22347
2.22318
2.22289
2.22261
2.22232
2.22203
2.22174
2.22146
2.22117
2.22088
2.22059
2.22031
2.22002
2.21973
2.21944
2.21915
2.21887
2.21858
2.21829
2.21800
2.21772
2.21743
2.21714
2.21685
2.21657
2.21628
2.21599
2.21570
2.21542
2.21513
2.21484
2.21455
2.21427
2.21398
2.21369
2.21340
2.21311
2.21283
2.21254
2.21225
2.21196
2.21168
2.21139
2.21110
2.21081
2.21053
2.21024
2.20995
2.20966
2.20938
2.20909
2.20880
2.20851
2.20823
2.20794
2.20765
2.20736
2.20708
2.20679
2.20650
2.20621
2.20592
2.20564
2.20535
2.20506
2.20477
2.20449
2.20420
2.20391
2.20362
2.20334
2.20305
2.20276
2.20247
2.20219
2.20190
2.20161
2.20132
2.20104
2.20075
2.20046
2.20017
2.19988
2.19960
2.19931
2.19902
2.19873
2.19845
2.19816
2.19787
2.19758
2.19730
2.19701
2.19672
2.19643
2.19615
2.19586
2.19557
2.19528
2.19500
2.19471
2.19442
2.19413
2.19385
2.19356
2.19327
2.19298
2.19269
2.19241
2.19212
2.19183
2.19154
2.19126
2.19097
2.19068
2.19039
2.19011
2.18982
2.18953
2.18924
2.18896
2.18867
2.18838
2.18809
2.18781
2.18752
2.18723
2.18694
2.18666
2.18637
2.18608
2.18579
2.18550
2.18522
2.18493
2.18464
2.18435
2.18407
2.18378
2.18349
2.18320
2.18292
2.18263
2.18234
2.18205
2.18177
2.18148
2.18119
2.18090
2.18062
2.18033
2.18004
2.17975
2.17947
2.17918
2.17889
2.17860
2.17831
2.17803
2.17774
2.17745
2.17716
2.17688
2.17659
2.17630
2.17601
2.17573
2.17544
2.17515
2.17486
2.17458
2.17429
2.17400
2.17371
2.17343
2.17314
2.17285
2.17256
2.17228
2.17199
2.17170
2.17141
2.17112
2.17084
2.17055
2.17026
2.16997
2.16969
2.16940
2.16911
2.16882
2.16854
2.16825
2.16796
2.16767
2.16739
2.16710
2.16681
2.16652
2.16624
2.16595
2.16566
2.16537
2.16509
2.16480
2.16451
2.16422
2.16393
2.16365
2.16336
2.16307
2.16278
2.16250
2.16221
2.16192
2.16163
2.16135
2.16106
2.16077
2.16048
2.16020
2.15991
2.15962
2.15933
2.15905
2.15876
2.15847
2.15818
2.15790
2.15761
2.15732
2.15703
2.15675
2.15646
2.15617
2.15588
2.15559
2.15531
2.15502
2.15473
2.15444
2.15416
2.15387
2.15358
2.15329
2.15301
2.15272
2.15243
2.15214
2.15186
2.15157
2.15128
2.15099
2.15071
2.15042
2.15013
2.14984
2.14956
2.14927
2.14898
2.14869
2.14840
2.14812
2.14783
2.14754
2.14725
2.14697
2.14668
2.14639
2.14610
2.14582
2.14553
2.14524
2.14495
2.14467
2.14438
2.14409
2.14380
2.14352
2.14323
2.14294
2.14265
2.14237
2.14208
2.14179
2.14150
2.14122
2.14093
2.14064
2.14035
2.14006
2.13978
2.13949
2.13920
2.13891
2.13863
2.13834
2.13805
2.13776
2.13748
2.13719
2.13690
2.13661
2.13633
2.13604
2.13575
2.13546
2.13518
2.13489
2.13460
2.13431
2.13403
2.13374
2.13345
2.13316
2.13288
2.13259
2.13230
2.13201
2.13172
2.13144
2.13115
2.13086
2.13057
2.13029
2.13000
2.12971
2.12942
2.12914
2.12885
2.12856
2.12827
2.12799
2.12770
2.12741
2.12712
2.12684
2.12655
2.12626
2.12597
2.12569
2.12540
2.12511
2.12482
2.12454
2.12425
2.12396
2.12367
2.12338
2.12310
2.12281
2.12252
2.12223
2.12195
2.12166
2.12137
2.12108
2.12080
2.12051
2.12022
2.11993
2.11965
2.11936
2.11907
2.11878
2.11850
2.11821
2.11792
2.11763
2.11735
2.11706
2.11677
2.11648
2.11620
2.11591
2.11562
2.11533
2.11504
2.11476
2.11447
2.11418
2.11389
2.11361
2.11332
2.11303
2.11274
2.11246
2.11217
2.11188
2.11159
2.11131
2.11102
2.11073
2.11044
2.11016
2.10987
2.10958
2.10929
2.10901
2.10872
2.10843
2.10814
2.10786
2.10757
2.10728
2.10699
2.10671
2.10642
2.10613
2.10584
2.10555
2.10527
2.10498
2.10469
2.10440
2.10412
2.10383
2.10354
2.10325
2.10297
2.10268
2.10239
2.10210
2.10182
2.10153
2.10124
2.10095
2.10067
2.10038
2.10009
2.09980
2.09952
2.09923
2.09894
2.09865
2.09837
2.09808
2.09779
2.09750
2.09722
2.09693
2.09664
2.09635
2.09606
2.09578
2.09549
2.09520
2.09491
2.09463
2.09434
2.09405
2.09376
2.09348
2.09319
2.09290
2.09261
2.09233
2.09204
2.09175
2.09146
2.09118
2.09089
2.09060
2.09031
2.09003
2.08974
2.08945
2.08916
2.08888
2.08859
2.08830
2.08801
2.08773
2.08744
2.08715
2.08686
2.08657
2.08629
2.08600
2.08571
2.08542
2.08514
2.08485
2.08456
2.08427
2.08399
2.08370
2.08341
2.08312
2.08284
2.08255
2.08226
2.08197
2.08169
2.08140
2.08111
2.08082
2.08054
2.08025
2.07996
2.07967
2.07939
2.07910
2.07881
2.07852
2.07824
2.07795
2.07766
2.07737
2.07708
2.07680
2.07651
2.07622
2.07593
2.07565
2.07536
2.07507
2.07478
2.07450
2.07421
2.07392
2.07363
2.07335
2.07306
2.07277
2.07248
2.07220
2.07191
2.07162
2.07133
2.07105
2.07076
2.07047
2.07018
2.06990
2.06961
2.06932
2.06903
2.06875
2.06846
2.06817
2.06788
2.06760
2.06731
2.06702
2.06673
2.06644
2.06616
2.06587
2.06558
2.06529
2.06501
2.06472
2.06443
2.06414
2.06386
2.06357
2.06328
2.06299
2.06271
2.06242
2.06213
2.06184
2.06156
2.06127
2.06098
2.06069
2.06041
2.06012
2.05983
2.05954
2.05926
2.05897
2.05868
2.05839
2.05811
2.05782
2.05753
2.05724
2.05696
2.05667
2.05638
2.05609
2.05580
2.05552
2.05523
2.05494
2.05465
2.05437
2.05408
2.05379
2.05350
2.05322
2.05293
2.05264
2.05235
2.05207
2.05178
2.05149
2.05120
2.05092
2.05063
2.05034
2.05005
2.04977
2.04948
2.04919
2.04890
2.04862
2.04833
2.04804
2.04775
2.04747
2.04718
2.04689
2.04660
2.04632
2.04603
2.04574
2.04545
2.04517
2.04488
2.04459
2.04430
2.04401
2.04373
2.04344
2.04315
2.04286
2.04258
2.04229
2.04200
2.04171
2.04143
2.04114
2.04085
2.04056
2.04028
2.03999
2.03970
2.03941
2.03913
2.03884
2.03855
2.03826
2.03798
2.03769
2.03740
2.03711
2.03683
2.03654
2.03625
2.03596
2.03568
2.03539
2.03510
2.03481
2.03453
2.03424
2.03395
2.03366
2.03338
2.03309
2.03280
2.03251
2.03223
2.03194
2.03165
2.03136
2.03107
2.03079
2.03050
2.03021
2.02992
2.02964
2.02935
2.02906
2.02877
2.02849
2.02820
2.02791
2.02762
2.02734
2.02705
2.02676
2.02647
2.02619
2.02590
2.02561
2.02532
2.02504
2.02475
2.02446
2.02417
2.02389
2.02360
2.02331
2.02302
2.02274
2.02245
2.02216
2.02187
2.02159
2.02130
2.02101
2.02072
2.02044
2.02015
2.01986
2.01957
2.01929
2.01900
2.01871
2.01842
2.01813
2.01785
2.01756
2.01727
2.01698
2.01670
2.01641
2.01612
2.01583
2.01555
2.01526
2.01497
2.01468
2.01440
2.01411
2.01382
2.01353
2.01325
2.01296
2.01267
2.01238
2.01210
2.01181
2.01152
2.01123
2.01095
2.01066
2.01037
2.01008
2.00980
2.00951
2.00922
2.00893
2.00865
2.00836
2.00807
2.00778
2.00750
2.00721
2.00692
2.00663
2.00635
2.00606
2.00577
2.00548
2.00519
2.00491
2.00462
2.00433
2.00404
2.00376
2.00347
2.00318
2.00289
2.00261
2.00232
2.00203
2.00174
2.00146
2.00117
2.00088
2.00059
2.00031
2.00002
1.99973
1.99944
1.99916
1.99887
1.99858
1.99829
1.99801
1.99772
1.99743
1.99714
1.99686
1.99657
1.99628
1.99599
1.99571
1.99542
1.99513
1.99484
1.99456
1.99427
1.99398
1.99369
1.99341
1.99312
1.99283
1.99254
1.99226
1.99197
1.99168
1.99139
1.99111
1.99082
1.99053
1.99024
1.98995
1.98967
1.98938
1.98909
1.98880
1.98852
1.98823
1.98794
1.98765
1.98737
1.98708
1.98679
1.98650
1.98622
1.98593
1.98564
1.98535
1.98507
1.98478
1.98449
1.98420
1.98392
1.98363
1.98334
1.98305
1.98277
1.98248
1.98219
1.98190
1.98162
1.98133
1.98104
1.98075
1.98047
1.98018
1.97989
1.97960
1.97932
1.97903
1.97874
1.97845
1.97817
1.97788
1.97759
1.97730
1.97702
1.97673
1.97644
1.97615
1.97587
1.97558
1.97529
1.97500
1.97472
1.97443
1.97414
1.97385
1.97357
1.97328
1.97299
1.97270
1.97241
1.97213
1.97184
1.97155
1.97126
1.97098
1.97069
1.97040
1.97011
1.96983
1.96954
1.96925
1.96896
1.96868
1.96839
1.96810
1.96781
1.96753
1.96724
1.96695
1.96666
1.96638
1.96609
1.96580
1.96551
1.96523
1.96494
1.96465
1.96436
1.96408
1.96379
1.96350
1.96321
1.96293
1.96264
1.96235
1.96206
1.96178
1.96149
1.96120
1.96091
1.96063
1.96034
1.96005
1.95976
1.95948
1.95919
1.95890
1.95861
1.95833
1.95804
1.95775
1.95746
1.95718
1.95689
1.95660
1.95631
1.95603
1.95574
1.95545
1.95516
1.95488
1.95459
1.95430
1.95401
1.95372
1.95344
1.95315
1.95286
1.95257
1.95229
1.95200
1.95171
1.95142
1.95114
1.95085
1.95056
1.95027
1.94999
1.94970
1.94941
1.94912
1.94884
1.94855
1.94826
1.94797
1.94769
1.94740
1.94711
1.94682
1.94654
1.94625
1.94596
1.94567
1.94539
1.94510
1.94481
1.94452
1.94424
1.94395
1.94366
1.94337
1.94309
1.94280
1.94251
1.94222
1.94194
1.94165
1.94136
1.94107
1.94079
1.94050
1.94021
1.93992
1.93964
1.93935
1.93906
1.93877
1.93849
1.93820
1.93791
1.93762
1.93734
1.93705
1.93676
1.93647
1.93619
1.93590
1.93561
1.93532
1.93504
1.93475
1.93446
1.93417
1.93389
1.93360
1.93331
1.93302
1.93274
1.93245
1.93216
1.93187
1.93158
1.93130
1.93101
1.93072
1.93043
1.93015
1.92986
1.92957
1.92928
1.92900
1.92871
1.92842
1.92813
1.92785
1.92756
1.92727
1.92698
1.92670
1.92641
1.92612
1.92583
1.92555
1.92526
1.92497
1.92468
1.92440
1.92411
1.92382
1.92353
1.92325
1.92296
1.92267
1.92238
1.92210
1.92181
1.92152
1.92123
1.92095
1.92066
1.92037
1.92008
1.91980
1.91951
1.91922
1.91893
1.91865
1.91836
1.91807
1.91778
1.91750
1.91721
1.91692
1.91663
1.91635
1.91606
1.91577
1.91548
1.91520
1.91491
1.91462
1.91433
1.91405
1.91376
1.91347
1.91318
1.91290
1.91261
1.91232
1.91203
1.91175
1.91146
1.91117
1.91088
1.91060
1.91031
1.91002
1.90973
1.90945
1.90916
1.90887
1.90858
1.90830
1.90801
1.90772
1.90743
1.90715
1.90686
1.90657
1.90628
1.90600
1.90571
1.90542
1.90513
1.90485
1.90456
1.90427
1.90398
1.90370
1.90341
1.90312
1.90283
1.90255
1.90226
1.90197
1.90168
1.90139
1.90111
1.90082
1.90053
1.90024
1.89996
1.89967
1.89938
1.89909
1.89881
1.89852
1.89823
1.89794
1.89766
1.89737
1.89708
1.89679
1.89651
1.89622
1.89593
1.89564
1.89536
1.89507
1.89478
1.89449
1.89421
1.89392
1.89363
1.89334
1.89306
1.89277
1.89248
1.89219
1.89191
1.89162
1.89133
1.89104
1.89076
1.89047
1.89018
1.88989
1.88961
1.88932
1.88903
1.88874
1.88846
1.88817
1.88788
1.88759
1.88731
1.88702
1.88673
1.88644
1.88616
1.88587
1.88558
1.88529
1.88501
1.88472
1.88443
1.88414
1.88386
1.88357
1.88328
1.88299
1.88271
1.88242
1.88213
1.88184
1.88156
1.88127
1.88098
1.88069
1.88041
1.88012
1.87983
1.87954
1.87926
1.87897
1.87868
1.87839
1.87811
1.87782
1.87753
1.87724
1.87696
1.87667
1.87638
1.87609
1.87581
1.87552
1.87523
1.87494
1.87466
1.87437
1.87408
1.87379
1.87351
1.87322
1.87293
1.87264
1.87236
1.87207
1.87178
1.87149
1.87121
1.87092
1.87063
1.87034
1.87006
1.86977
1.86948
1.86919
1.86891
1.86862
1.86833
1.86804
1.86776
1.86747
1.86718
1.86689
1.86661
1.86632
1.86603
1.86574
1.86546
1.86517
1.86488
1.86459
1.86431
1.86402
1.86373
1.86344
1.86316
1.86287
1.86258
1.86229
1.86201
1.86172
1.86143
1.86114
1.86086
1.86057
1.86028
1.85999
1.85971
1.85942
1.85913
1.85884
1.85856
1.85827
1.85798
1.85769
1.85741
1.85712
1.85683
1.85654
1.85626
1.85597
1.85568
1.85539
1.85511
1.85482
1.85453
1.85424
1.85396
1.85367
1.85338
1.85309
1.85281
1.85252
1.85223
1.85194
1.85166
1.85137
1.85108
1.85079
1.85051
1.85022
1.84993
1.84964
1.84936
1.84907
1.84878
1.84849
1.84821
1.84792
1.84763
1.84734
1.84706
1.84677
1.84648
1.84619
1.84591
1.84562
1.84533
1.84504
1.84476
1.84447
1.84418
1.84389
1.84361
1.84332
1.84303
1.84274
1.84246
1.84217
1.84188
1.84159
1.84131
1.84102
1.84073
1.84044
1.84016
1.83987
1.83958
1.83929
1.83901
1.83872
1.83843
1.83814
1.83786
1.83757
1.83728
1.83699
1.83671
1.83642
1.83613
1.83584
1.83556
1.83527
1.83498
1.83469
1.83441
1.83412
1.83383
1.83354
1.83326
1.83297
1.83268
1.83239
1.83211
1.83182
1.83153
1.83124
1.83096
1.83067
1.83038
1.83009
1.82981
1.82952
1.82923
1.82894
1.82866
1.82837
1.82808
1.82779
1.82751
1.82722
1.82693
1.82664
1.82636
1.82607
1.82578
1.82549
1.82521
1.82492
1.82463
1.82434
1.82406
1.82377
1.82348
1.82319
1.82291
1.82262
1.82233
1.82204
1.82176
1.82147
1.82118
1.82089
1.82061
1.82032
1.82003
1.81974
1.81946
1.81917
1.81888
1.81859
1.81831
1.81802
1.81773
1.81744
1.81716
1.81687
1.81658
1.81629
1.81601
1.81572
1.81543
1.81514
1.81486
1.81457
1.81428
1.81399
1.81371
1.81342
1.81313
1.81284
1.81256
1.81227
1.81198
1.81169
1.81141
1.81112
1.81083
1.81054
1.81026
1.80997
1.80968
1.80939
1.80911
1.80882
1.80853
1.80824
1.80796
1.80767
1.80738
1.80709
1.80681
1.80652
1.80623
1.80594
1.80566
1.80537
1.80508
1.80479
1.80451
1.80422
1.80393
1.80364
1.80336
1.80307
1.80278
1.80249
1.80221
1.80192
1.80163
1.80134
1.80106
1.80077
1.80048
1.80019
1.79991
1.79962
1.79933
1.79904
1.79876
1.79847
1.79818
1.79789
1.79761
1.79732
1.79703
1.79674
1.79646
1.79617
1.79588
1.79559
1.79531
1.79502
1.79473
1.79444
1.79416
1.79387
1.79358
1.79329
1.79301
1.79272
1.79243
1.79214
1.79186
1.79157
1.79128
1.79099
1.79071
1.79042
1.79013
1.78984
1.78956
1.78927
1.78898
1.78869
1.78841
1.78812
1.78783
1.78754
1.78726
1.78697
1.78668
1.78639
1.78611
1.78582
1.78553
1.78524
1.78496
1.78467
1.78438
1.78409
1.78381
1.78352
1.78323
1.78294
1.78266
1.78237
1.78208
1.78179
1.78151
1.78122
1.78093
1.78064
1.78036
1.78007
1.77978
1.77949
1.77921
1.77892
1.77863
1.77834
1.77806
1.77777
1.77748
1.77719
1.77691
1.77662
1.77633
1.77604
1.77576
1.77547
1.77518
1.77489
1.77461
1.77432
1.77403
1.77374
1.77346
1.77317
1.77288
1.77259
1.77231
1.77202
1.77173
1.77144
1.77116
1.77087
1.77058
1.77029
1.77001
1.76972
1.76943
1.76914
1.76886
1.76857
1.76828
1.76799
1.76771
1.76742
1.76713
1.76684
1.76656
1.76627
1.76598
1.76569
1.76541
1.76512
1.76483
1.76454
1.76426
1.76397
1.76368
1.76339
1.76311
1.76282
1.76253
1.76225
1.76196
1.76167
1.76138
1.76110
1.76081
1.76052
1.76023
1.75995
1.75966
1.75937
1.75908
1.75880
1.75851
1.75822
1.75793
1.75765
1.75736
1.75707
1.75678
1.75650
1.75621
1.75592
1.75563
1.75535
1.75506
1.75477
1.75448
1.75420
1.75391
1.75362
1.75333
1.75305
1.75276
1.75247
1.75218
1.75190
1.75161
1.75132
1.75103
1.75075
1.75046
1.75017
1.74988
1.74960
1.74931
1.74902
1.74873
1.74845
1.74816
1.74787
1.74758
1.74730
1.74701
1.74672
1.74643
1.74615
1.74586
1.74557
1.74528
1.74500
1.74471
1.74442
1.74413
1.74385
1.74356
1.74327
1.74298
1.74270
1.74241
1.74212
1.74183
1.74155
1.74126
1.74097
1.74068
1.74040
1.74011
1.73982
1.73953
1.73925
1.73896
1.73867
1.73838
1.73810
1.73781
1.73752
1.73723
1.73695
1.73666
1.73637
1.73608
1.73580
1.73551
1.73522
1.73493
1.73465
1.73436
1.73407
1.73378
1.73350
1.73321
1.73292
1.73264
1.73235
1.73206
1.73177
1.73149
1.73120
1.73091
1.73062
1.73034
1.73005
1.72976
1.72947
1.72919
1.72890
1.72861
1.72832
1.72804
1.72775
1.72746
1.72717
1.72689
1.72660
1.72631
1.72602
1.72574
1.72545
1.72516
1.72487
1.72459
1.72430
1.72401
1.72372
1.72344
1.72315
1.72286
1.72257
1.72229
1.72200
1.72171
1.72142
1.72114
1.72085
1.72056
1.72027
1.71999
1.71970
1.71941
1.71912
1.71884
1.71855
1.71826
1.71797
1.71769
1.71740
1.71711
1.71682
1.71654
1.71625
1.71596
1.71567
1.71539
1.71510
1.71481
1.71452
1.71424
1.71395
1.71366
1.71337
1.71309
1.71280
1.71251
1.71222
1.71194
1.71165
1.71136
1.71107
1.71079
1.71050
1.71021
1.70993
1.70964
1.70935
1.70906
1.70878
1.70849
1.70820
1.70791
1.70763
1.70734
1.70705
1.70676
1.70648
1.70619
1.70590
1.70561
1.70533
1.70504
1.70475
1.70446
1.70418
1.70389
1.70360
1.70331
1.70303
1.70274
1.70245
1.70216
1.70188
1.70159
1.70130
1.70101
1.70073
1.70044
1.70015
1.69986
1.69958
1.69929
1.69900
1.69871
1.69843
1.69814
1.69785
1.69756
1.69728
1.69699
1.69670
1.69641
1.69613
1.69584
1.69555
1.69526
1.69498
1.69469
1.69440
1.69411
1.69383
1.69354
1.69325
1.69296
1.69268
1.69239
1.69210
1.69181
1.69153
1.69124
1.69095
1.69067
1.69038
1.69009
1.68980
1.68952
1.68923
1.68894
1.68865
1.68837
1.68808
1.68779
1.68750
1.68722
1.68693
1.68664
1.68635
1.68607
1.68578
1.68549
1.68520
1.68492
1.68463
1.68434
1.68405
1.68377
1.68348
1.68319
1.68290
1.68262
1.68233
1.68204
1.68175
1.68147
1.68118
1.68089
1.68060
1.68032
1.68003
1.67974
1.67945
1.67917
1.67888
1.67859
1.67830
1.67802
1.67773
1.67744
1.67715
1.67687
1.67658
1.67629
1.67600
1.67572
1.67543
1.67514
1.67485
1.67457
1.67428
1.67399
1.67371
1.67342
1.67313
1.67284
1.67256
1.67227
1.67198
1.67169
1.67141
1.67112
1.67083
1.67054
1.67026
1.66997
1.66968
1.66939
1.66911
1.66882
1.66853
1.66824
1.66796
1.66767
1.66738
1.66709
1.66681
1.66652
1.66623
1.66594
1.66566
1.66537
1.66508
1.66479
1.66451
1.66422
1.66393
1.66364
1.66336
1.66307
1.66278
1.66249
1.66221
1.66192
1.66163
1.66134
1.66106
1.66077
1.66048
1.66019
1.65991
1.65962
1.65933
1.65905
1.65876
1.65847
1.65818
1.65790
1.65761
1.65732
1.65703
1.65675
1.65646
1.65617
1.65588
1.65560
1.65531
1.65502
1.65473
1.65445
1.65416
1.65387
1.65358
1.65330
1.65301
1.65272
1.65243
1.65215
1.65186
1.65157
1.65128
1.65100
1.65071
1.65042
1.65013
1.64985
1.64956
1.64927
1.64898
1.64870
1.64841
1.64812
1.64783
1.64755
1.64726
1.64697
1.64668
1.64640
1.64611
1.64582
1.64554
1.64525
1.64496
1.64467
1.64439
1.64410
1.64381
1.64352
1.64324
1.64295
1.64266
1.64237
1.64209
1.64180
1.64151
1.64122
1.64094
1.64065
1.64036
1.64007
1.63979
1.63950
1.63921
1.63892
1.63864
1.63835
1.63806
1.63777
1.63749
1.63720
1.63691
1.63662
1.63634
1.63605
1.63576
1.63547
1.63519
1.63490
1.63461
1.63432
1.63404
1.63375
1.63346
1.63317
1.63289
1.63260
1.63231
1.63203
1.63174
1.63145
1.63116
1.63088
1.63059
1.63030
1.63001
1.62973
1.62944
1.62915
1.62886
1.62858
1.62829
1.62800
1.62771
1.62743
1.62714
1.62685
1.62656
1.62628
1.62599
1.62570
1.62541
1.62513
1.62484
1.62455
1.62426
1.62398
1.62369
1.62340
1.62311
1.62283
1.62254
1.62225
1.62196
1.62168
1.62139
1.62110
1.62081
1.62053
1.62024
1.61995
1.61967
1.61938
1.61909
1.61880
1.61852
1.61823
1.61794
1.61765
1.61737
1.61708
1.61679
1.61650
1.61622
1.61593
1.61564
1.61535
1.61507
1.61478
1.61449
1.61420
1.61392
1.61363
1.61334
1.61305
1.61277
1.61248
1.61219
1.61190
1.61162
1.61133
1.61104
1.61075
1.61047
1.61018
1.60989
1.60960
1.60932
1.60903
1.60874
1.60846
1.60817
1.60788
1.60759
1.60731
1.60702
1.60673
1.60644
1.60616
1.60587
1.60558
1.60529
1.60501
1.60472
1.60443
1.60414
1.60386
1.60357
1.60328
1.60299
1.60271
1.60242
1.60213
1.60184
1.60156
1.60127
1.60098
1.60069
1.60041
1.60012
1.59983
1.59954
1.59926
1.59897
1.59868
1.59839
1.59811
1.59782
1.59753
1.59725
1.59696
1.59667
1.59638
1.59610
1.59581
1.59552
1.59523
1.59495
1.59466
1.59437
1.59408
1.59380
1.59351
1.59322
1.59293
1.59265
1.59236
1.59207
1.59178
1.59150
1.59121
1.59092
1.59063
1.59035
1.59006
1.58977
1.58948
1.58920
1.58891
1.58862
1.58833
1.58805
1.58776
1.58747
1.58719
1.58690
1.58661
1.58632
1.58604
1.58575
1.58546
1.58517
1.58489
1.58460
1.58431
1.58402
1.58374
1.58345
1.58316
1.58287
1.58259
1.58230
1.58201
1.58172
1.58144
1.58115
1.58086
1.58057
1.58029
1.58000
1.57971
1.57942
1.57914
1.57885
1.57856
1.57827
1.57799
1.57770
1.57741
1.57713
1.57684
1.57655
1.57626
1.57598
1.57569
1.57540
1.57511
1.57483
1.57454
1.57425
1.57396
1.57368
1.57339
1.57310
1.57281
1.57253
1.57224
1.57195
1.57166
1.57138
1.57109
1.57080
1.57051
1.57023
1.56994
1.56965
1.56936
1.56908
1.56879
1.56850
1.56821
1.56793
1.56764
1.56735
1.56707
1.56678
1.56649
1.56620
1.56592
1.56563
1.56534
1.56505
1.56477
1.56448
1.56419
1.56390
1.56362
1.56333
1.56304
1.56275
1.56247
1.56218
1.56189
1.56160
1.56132
1.56103
1.56074
1.56045
1.56017
1.55988
1.55959
1.55930
1.55902
1.55873
1.55844
1.55816
1.55787
1.55758
1.55729
1.55701
1.55672
1.55643
1.55614
1.55586
1.55557
1.55528
1.55499
1.55471
1.55442
1.55413
1.55384
1.55356
1.55327
1.55298
1.55269
1.55241
1.55212
1.55183
1.55154
1.55126
1.55097
1.55068
1.55039
1.55011
1.54982
1.54953
1.54925
1.54896
1.54867
1.54838
1.54810
1.54781
1.54752
1.54723
1.54695
1.54666
1.54637
1.54608
1.54580
1.54551
1.54522
1.54493
1.54465
1.54436
1.54407
1.54378
1.54350
1.54321
1.54292
1.54263
1.54235
1.54206
1.54177
1.54148
1.54120
1.54091
1.54062
1.54034
1.54005
1.53976
1.53947
1.53919
1.53890
1.53861
1.53832
1.53804
1.53775
1.53746
1.53717
1.53689
1.53660
1.53631
1.53602
1.53574
1.53545
1.53516
1.53487
1.53459
1.53430
1.53401
1.53372
1.53344
1.53315
1.53286
1.53257
1.53229
1.53200
1.53171
1.53143
1.53114
1.53085
1.53056
1.53028
1.52999
1.52970
1.52941
1.52913
1.52884
1.52855
1.52826
1.52798
1.52769
1.52740
1.52711
1.52683
1.52654
1.52625
1.52596
1.52568
1.52539
1.52510
1.52481
1.52453
1.52424
1.52395
1.52367
1.52338
1.52309
1.52280
1.52252
1.52223
1.52194
1.52165
1.52137
1.52108
1.52079
1.52050
1.52022
1.51993
1.51964
1.51935
1.51907
1.51878
1.51849
1.51820
1.51792
1.51763
1.51734
1.51705
1.51677
1.51648
1.51619
1.51591
1.51562
1.51533
1.51504
1.51476
1.51447
1.51418
1.51389
1.51361
1.51332
1.51303
1.51274
1.51246
1.51217
1.51188
1.51159
1.51131
1.51102
1.51073
1.51044
1.51016
1.50987
1.50958
1.50929
1.50901
1.50872
1.50843
1.50815
1.50786
1.50757
1.50728
1.50700
1.50671
1.50642
1.50613
1.50585
1.50556
1.50527
1.50498
1.50470
1.50441
1.50412
1.50383
1.50355
1.50326
1.50297
1.50268
1.50240
1.50211
1.50182
1.50153
1.50125
1.50096
1.50067
1.50039
1.50010
1.49981
1.49952
1.49924
1.49895
1.49866
1.49837
1.49809
1.49780
1.49751
1.49722
1.49694
1.49665
1.49636
1.49607
1.49579
1.49550
1.49521
1.49492
1.49464
1.49435
1.49406
1.49377
1.49349
1.49320
1.49291
1.49263
1.49234
1.49205
1.49176
1.49148
1.49119
1.49090
1.49061
1.49033
1.49004
1.48975
1.48946
1.48918
1.48889
1.48860
1.48831
1.48803
1.48774
1.48745
1.48716
1.48688
1.48659
1.48630
1.48601
1.48573
1.48544
1.48515
1.48487
1.48458
1.48429
1.48400
1.48372
1.48343
1.48314
1.48285
1.48257
1.48228
1.48199
1.48170
1.48142
1.48113
1.48084
1.48055
1.48027
1.47998
1.47969
1.47940
1.47912
1.47883
1.47854
1.47826
1.47797
1.47768
1.47739
1.47711
1.47682
1.47653
1.47624
1.47596
1.47567
1.47538
1.47509
1.47481
1.47452
1.47423
1.47394
1.47366
1.47337
1.47308
1.47279
1.47251
1.47222
1.47193
1.47165
1.47136
1.47107
1.47078
1.47050
1.47021
1.46992
1.46963
1.46935
1.46906
1.46877
1.46848
1.46820
1.46791
1.46762
1.46733
1.46705
1.46676
1.46647
1.46618
1.46590
1.46561
1.46532
1.46503
1.46475
1.46446
1.46417
1.46389
1.46360
1.46331
1.46302
1.46274
1.46245
1.46216
1.46187
1.46159
1.46130
1.46101
1.46072
1.46044
1.46015
1.45986
1.45957
1.45929
1.45900
1.45871
1.45842
1.45814
1.45785
1.45756
1.45728
1.45699
1.45670
1.45641
1.45613
1.45584
1.45555
1.45526
1.45498
1.45469
1.45440
1.45411
1.45383
1.45354
1.45325
1.45296
1.45268
1.45239
1.45210
1.45181
1.45153
1.45124
1.45095
1.45067
1.45038
1.45009
1.44980
1.44952
1.44923
1.44894
1.44865
1.44837
1.44808
1.44779
1.44750
1.44722
1.44693
1.44664
1.44635
1.44607
1.44578
1.44549
1.44520
1.44492
1.44463
1.44434
1.44406
1.44377
1.44348
1.44319
1.44291
1.44262
1.44233
1.44204
1.44176
1.44147
1.44118
1.44089
1.44061
1.44032
1.44003
1.43974
1.43946
1.43917
1.43888
1.43860
1.43831
1.43802
1.43773
1.43745
1.43716
1.43687
1.43658
1.43630
1.43601
1.43572
1.43543
1.43515
1.43486
1.43457
1.43428
1.43400
1.43371
1.43342
1.43313
1.43285
1.43256
1.43227
1.43199
1.43170
1.43141
1.43112
1.43084
1.43055
1.43026
1.42997
1.42969
1.42940
1.42911
1.42882
1.42854
1.42825
1.42796
1.42767
1.42739
1.42710
1.42681
1.42652
1.42624
1.42595
1.42566
1.42538
1.42509
1.42480
1.42451
1.42423
1.42394
1.42365
1.42336
1.42308
1.42279
1.42250
1.42221
1.42193
1.42164
1.42135
1.42106
1.42078
1.42049
1.42020
1.41992
1.41963
1.41934
1.41905
1.41877
1.41848
1.41819
1.41790
1.41762
1.41733
1.41704
1.41675
1.41647
1.41618
1.41589
1.41560
1.41532
1.41503
1.41474
1.41445
1.41417
1.41388
1.41359
1.41331
1.41302
1.41273
1.41244
1.41216
1.41187
1.41158
1.41129
1.41101
1.41072
1.41043
1.41014
1.40986
1.40957
1.40928
1.40899
1.40871
1.40842
1.40813
1.40785
1.40756
1.40727
1.40698
1.40670
1.40641
1.40612
1.40583
1.40555
1.40526
1.40497
1.40468
1.40440
1.40411
1.40382
1.40353
1.40325
1.40296
1.40267
1.40238
1.40210
1.40181
1.40152
1.40124
1.40095
1.40066
1.40037
1.40009
1.39980
1.39951
1.39922
1.39894
1.39865
1.39836
1.39807
1.39779
1.39750
1.39721
1.39692
1.39664
1.39635
1.39606
1.39578
1.39549
1.39520
1.39491
1.39463
1.39434
1.39405
1.39376
1.39348
1.39319
1.39290
1.39261
1.39233
1.39204
1.39175
1.39146
1.39118
1.39089
1.39060
1.39032
1.39003
1.38974
1.38945
1.38917
1.38888
1.38859
1.38830
1.38802
1.38773
1.38744
1.38715
1.38687
1.38658
1.38629
1.38600
1.38572
1.38543
1.38514
1.38486
1.38457
1.38428
1.38399
1.38371
1.38342
1.38313
1.38284
1.38256
1.38227
1.38198
1.38169
1.38141
1.38112
1.38083
1.38054
1.38026
1.37997
1.37968
1.37940
1.37911
1.37882
1.37853
1.37825
1.37796
1.37767
1.37738
1.37710
1.37681
1.37652
1.37623
1.37595
1.37566
1.37537
1.37508
1.37480
1.37451
1.37422
1.37394
1.37365
1.37336
1.37307
1.37279
1.37250
1.37221
1.37192
1.37164
1.37135
1.37106
1.37077
1.37049
1.37020
1.36991
1.36962
1.36934
1.36905
1.36876
1.36848
1.36819
1.36790
1.36761
1.36733
1.36704
1.36675
1.36646
1.36618
1.36589
1.36560
1.36531
1.36503
1.36474
1.36445
1.36416
1.36388
1.36359
1.36330
1.36302
1.36273
1.36244
1.36215
1.36187
1.36158
1.36129
1.36100
1.36072
1.36043
1.36014
1.35985
1.35957
1.35928
1.35899
1.35870
1.35842
1.35813
1.35784
1.35756
1.35727
1.35698
1.35669
1.35641
1.35612
1.35583
1.35554
1.35526
1.35497
1.35468
1.35439
1.35411
1.35382
1.35353
1.35324
1.35296
1.35267
1.35238
1.35210
1.35181
1.35152
1.35123
1.35095
1.35066
1.35037
1.35008
1.34980
1.34951
1.34922
1.34893
1.34865
1.34836
1.34807
1.34778
1.34750
1.34721
1.34692
1.34664
1.34635
1.34606
1.34577
1.34549
1.34520
1.34491
1.34462
1.34434
1.34405
1.34376
1.34347
1.34319
1.34290
1.34261
1.34232
1.34204
1.34175
1.34146
1.34118
1.34089
1.34060
1.34031
1.34003
1.33974
1.33945
1.33916
1.33888
1.33859
1.33830
1.33801
1.33773
1.33744
1.33715
1.33687
1.33658
1.33629
1.33600
1.33572
1.33543
1.33514
1.33485
1.33457
1.33428
1.33399
1.33370
1.33342
1.33313
1.33284
1.33255
1.33227
1.33198
1.33169
1.33141
1.33112
1.33083
1.33054
1.33026
1.32997
1.32968
1.32939
1.32911
1.32882
1.32853
1.32824
1.32796
1.32767
1.32738
1.32710
1.32681
1.32652
1.32623
1.32595
1.32566
1.32537
1.32508
1.32480
1.32451
1.32422
1.32393
1.32365
1.32336
1.32307
1.32278
1.32250
1.32221
1.32192
1.32164
1.32135
1.32106
1.32077
1.32049
1.32020
1.31991
1.31962
1.31934
1.31905
1.31876
1.31847
1.31819
1.31790
1.31761
1.31733
1.31704
1.31675
1.31646
1.31618
1.31589
1.31560
1.31531
1.31503
1.31474
1.31445
1.31416
1.31388
1.31359
1.31330
1.31301
1.31273
1.31244
1.31215
1.31187
1.31158
1.31129
1.31100
1.31072
1.31043
1.31014
1.30985
1.30957
1.30928
1.30899
1.30870
1.30842
1.30813
1.30784
1.30756
1.30727
1.30698
1.30669
1.30641
1.30612
1.30583
1.30554
1.30526
1.30497
1.30468
1.30439
1.30411
1.30382
1.30353
1.30324
1.30296
1.30267
1.30238
1.30210
1.30181
1.30152
1.30123
1.30095
1.30066
1.30037
1.30008
1.29980
1.29951
1.29922
1.29893
1.29865
1.29836
1.29807
1.29779
1.29750
1.29721
1.29692
1.29664
1.29635
1.29606
1.29577
1.29549
1.29520
1.29491
1.29462
1.29434
1.29405
1.29376
1.29348
1.29319
1.29290
1.29261
1.29233
1.29204
1.29175
1.29146
1.29118
1.29089
1.29060
1.29031
1.29003
1.28974
1.28945
1.28916
1.28888
1.28859
1.28830
1.28802
1.28773
1.28744
1.28715
1.28687
1.28658
1.28629
1.28600
1.28572
1.28543
1.28514
1.28485
1.28457
1.28428
1.28399
1.28371
1.28342
1.28313
1.28284
1.28256
1.28227
1.28198
1.28169
1.28141
1.28112
1.28083
1.28054
1.28026
1.27997
1.27968
1.27940
1.27911
1.27882
1.27853
1.27825
1.27796
1.27767
1.27738
1.27710
1.27681
1.27652
1.27623
1.27595
1.27566
1.27537
1.27509
1.27480
1.27451
1.27422
1.27394
1.27365
1.27336
1.27307
1.27279
1.27250
1.27221
1.27192
1.27164
1.27135
1.27106
1.27078
1.27049
1.27020
1.26991
1.26963
1.26934
1.26905
1.26876
1.26848
1.26819
1.26790
1.26761
1.26733
1.26704
1.26675
1.26646
1.26618
1.26589
1.26560
1.26532
1.26503
1.26474
1.26445
1.26417
1.26388
1.26359
1.26330
1.26302
1.26273
1.26244
1.26215
1.26187
1.26158
1.26129
1.26101
1.26072
1.26043
1.26014
1.25986
1.25957
1.25928
1.25899
1.25871
1.25842
1.25813
1.25784
1.25756
1.25727
1.25698
1.25670
1.25641
1.25612
1.25583
1.25555
1.25526
1.25497
1.25468
1.25440
1.25411
1.25382
1.25353
1.25325
1.25296
1.25267
1.25239
1.25210
1.25181
1.25152
1.25124
1.25095
1.25066
1.25037
1.25009
1.24980
1.24951
1.24922
1.24894
1.24865
1.24836
1.24808
1.24779
1.24750
1.24721
1.24693
1.24664
1.24635
1.24606
1.24578
1.24549
1.24520
1.24491
1.24463
1.24434
1.24405
1.24377
1.24348
1.24319
1.24290
1.24262
1.24233
1.24204
1.24175
1.24147
1.24118
1.24089
1.24060
1.24032
1.24003
1.23974
1.23946
1.23917
1.23888
1.23859
1.23831
1.23802
1.23773
1.23744
1.23716
1.23687
1.23658
1.23629
1.23601
1.23572
1.23543
1.23515
1.23486
1.23457
1.23428
1.23400
1.23371
1.23342
1.23313
1.23285
1.23256
1.23227
1.23199
1.23170
1.23141
1.23112
1.23084
1.23055
1.23026
1.22997
1.22969
1.22940
1.22911
1.22882
1.22854
1.22825
1.22796
1.22768
1.22739
1.22710
1.22681
1.22653
1.22624
1.22595
1.22566
1.22538
1.22509
1.22480
1.22451
1.22423
1.22394
1.22365
1.22337
1.22308
1.22279
1.22250
1.22222
1.22193
1.22164
1.22135
1.22107
1.22078
1.22049
1.22020
1.21992
1.21963
1.21934
1.21906
1.21877
1.21848
1.21819
1.21791
1.21762
1.21733
1.21704
1.21676
1.21647
1.21618
1.21589
1.21561
1.21532
1.21503
1.21475
1.21446
1.21417
1.21388
1.21360
1.21331
1.21302
1.21273
1.21245
1.21216
1.21187
1.21159
1.21130
1.21101
1.21072
1.21044
1.21015
1.20986
1.20957
1.20929
1.20900
1.20871
1.20842
1.20814
1.20785
1.20756
1.20728
1.20699
1.20670
1.20641
1.20613
1.20584
1.20555
1.20526
1.20498
1.20469
1.20440
1.20411
1.20383
1.20354
1.20325
1.20297
1.20268
1.20239
1.20210
1.20182
1.20153
1.20124
1.20095
1.20067
1.20038
1.20009
1.19980
1.19952
1.19923
1.19894
1.19866
1.19837
1.19808
1.19779
1.19751
1.19722
1.19693
1.19664
1.19636
1.19607
1.19578
1.19550
1.19521
1.19492
1.19463
1.19435
1.19406
1.19377
1.19348
1.19320
1.19291
1.19262
1.19233
1.19205
1.19176
1.19147
1.19119
1.19090
1.19061
1.19032
1.19004
1.18975
1.18946
1.18917
1.18889
1.18860
1.18831
1.18802
1.18774
1.18745
1.18716
1.18688
1.18659
1.18630
1.18601
1.18573
1.18544
1.18515
1.18486
1.18458
1.18429
1.18400
1.18372
1.18343
1.18314
1.18285
1.18257
1.18228
1.18199
1.18170
1.18142
1.18113
1.18084
1.18055
1.18027
1.17998
1.17969
1.17941
1.17912
1.17883
1.17854
1.17826
1.17797
1.17768
1.17739
1.17711
1.17682
1.17653
1.17625
1.17596
1.17567
1.17538
1.17510
1.17481
1.17452
1.17423
1.17395
1.17366
1.17337
1.17308
1.17280
1.17251
1.17222
1.17194
1.17165
1.17136
1.17107
1.17079
1.17050
1.17021
1.16992
1.16964
1.16935
1.16906
1.16877
1.16849
1.16820
1.16791
1.16763
1.16734
1.16705
1.16676
1.16648
1.16619
1.16590
1.16561
1.16533
1.16504
1.16475
1.16447
1.16418
1.16389
1.16360
1.16332
1.16303
1.16274
1.16245
1.16217
1.16188
1.16159
1.16130
1.16102
1.16073
1.16044
1.16016
1.15987
1.15958
1.15929
1.15901
1.15872
1.15843
1.15814
1.15786
1.15757
1.15728
1.15700
1.15671
1.15642
1.15613
1.15585
1.15556
1.15527
1.15498
1.15470
1.15441
1.15412
1.15383
1.15355
1.15326
1.15297
1.15269
1.15240
1.15211
1.15182
1.15154
1.15125
1.15096
1.15067
1.15039
1.15010
1.14981
1.14953
1.14924
1.14895
1.14866
1.14838
1.14809
1.14780
1.14751
1.14723
1.14694
1.14665
1.14637
1.14608
1.14579
1.14550
1.14522
1.14493
1.14464
1.14435
1.14407
1.14378
1.14349
1.14320
1.14292
1.14263
1.14234
1.14206
1.14177
1.14148
1.14119
1.14091
1.14062
1.14033
1.14004
1.13976
1.13947
1.13918
1.13890
1.13861
1.13832
1.13803
1.13775
1.13746
1.13717
1.13688
1.13660
1.13631
1.13602
1.13573
1.13545
1.13516
1.13487
1.13459
1.13430
1.13401
1.13372
1.13344
1.13315
1.13286
1.13257
1.13229
1.13200
1.13171
1.13143
1.13114
1.13085
1.13056
1.13028
1.12999
1.12970
1.12941
1.12913
1.12884
1.12855
1.12827
1.12798
1.12769
1.12740
1.12712
1.12683
1.12654
1.12625
1.12597
1.12568
1.12539
1.12510
1.12482
1.12453
1.12424
1.12396
1.12367
1.12338
1.12309
1.12281
1.12252
1.12223
1.12194
1.12166
1.12137
1.12108
1.12080
1.12051
1.12022
1.11993
1.11965
1.11936
1.11907
1.11878
1.11850
1.11821
1.11792
1.11764
1.11735
1.11706
1.11677
1.11649
1.11620
1.11591
1.11562
1.11534
1.11505
1.11476
1.11447
1.11419
1.11390
1.11361
1.11333
1.11304
1.11275
1.11246
1.11218
1.11189
1.11160
1.11131
1.11103
1.11074
1.11045
1.11017
1.10988
1.10959
1.10930
1.10902
1.10873
1.10844
1.10815
1.10787
1.10758
1.10729
1.10701
1.10672
1.10643
1.10614
1.10586
1.10557
1.10528
1.10499
1.10471
1.10442
1.10413
1.10385
1.10356
1.10327
1.10298
1.10270
1.10241
1.10212
1.10183
1.10155
1.10126
1.10097
1.10068
1.10040
1.10011
1.09982
1.09954
1.09925
1.09896
1.09867
1.09839
1.09810
1.09781
1.09752
1.09724
1.09695
1.09666
1.09638
1.09609
1.09580
1.09551
1.09523
1.09494
1.09465
1.09436
1.09408
1.09379
1.09350
1.09322
1.09293
1.09264
1.09235
1.09207
1.09178
1.09149
1.09120
1.09092
1.09063
1.09034
1.09006
1.08977
1.08948
1.08919
1.08891
1.08862
1.08833
1.08804
1.08776
1.08747
1.08718
1.08690
1.08661
1.08632
1.08603
1.08575
1.08546
1.08517
1.08488
1.08460
1.08431
1.08402
1.08373
1.08345
1.08316
1.08287
1.08259
1.08230
1.08201
1.08172
1.08144
1.08115
1.08086
1.08057
1.08029
1.08000
1.07971
1.07943
1.07914
1.07885
1.07856
1.07828
1.07799
1.07770
1.07741
1.07713
1.07684
1.07655
1.07627
1.07598
1.07569
1.07540
1.07512
1.07483
1.07454
1.07425
1.07397
1.07368
1.07339
1.07311
1.07282
1.07253
1.07224
1.07196
1.07167
1.07138
1.07109
1.07081
1.07052
1.07023
1.06995
1.06966
1.06937
1.06908
1.06880
1.06851
1.06822
1.06793
1.06765
1.06736
1.06707
1.06679
1.06650
1.06621
1.06592
1.06564
1.06535
1.06506
1.06477
1.06449
1.06420
1.06391
1.06363
1.06334
1.06305
1.06276
1.06248
1.06219
1.06190
1.06161
1.06133
1.06104
1.06075
1.06047
1.06018
1.05989
1.05960
1.05932
1.05903
1.05874
1.05845
1.05817
1.05788
1.05759
1.05731
1.05702
1.05673
1.05644
1.05616
1.05587
1.05558
1.05529
1.05501
1.05472
1.05443
1.05415
1.05386
1.05357
1.05328
1.05300
1.05271
1.05242
1.05213
1.05185
1.05156
1.05127
1.05098
1.05070
1.05041
1.05012
1.04984
1.04955
1.04926
1.04897
1.04869
1.04840
1.04811
1.04782
1.04754
1.04725
1.04696
1.04668
1.04639
1.04610
1.04581
1.04553
1.04524
1.04495
1.04466
1.04438
1.04409
1.04380
1.04352
1.04323
1.04294
1.04265
1.04237
1.04208
1.04179
1.04150
1.04122
1.04093
1.04064
1.04036
1.04007
1.03978
1.03949
1.03921
1.03892
1.03863
1.03834
1.03806
1.03777
1.03748
1.03720
1.03691
1.03662
1.03633
1.03605
1.03576
1.03547
1.03518
1.03490
1.03461
1.03432
1.03404
1.03375
1.03346
1.03317
1.03289
1.03260
1.03231
1.03202
1.03174
1.03145
1.03116
1.03088
1.03059
1.03030
1.03001
1.02973
1.02944
1.02915
1.02886
1.02858
1.02829
1.02800
1.02772
1.02743
1.02714
1.02685
1.02657
1.02628
1.02599
1.02571
1.02542
1.02513
1.02484
1.02456
1.02427
1.02398
1.02369
1.02341
1.02312
1.02283
1.02255
1.02226
1.02197
1.02168
1.02140
1.02111
1.02082
1.02053
1.02025
1.01996
1.01967
1.01939
1.01910
1.01881
1.01852
1.01824
1.01795
1.01766
1.01737
1.01709
1.01680
1.01651
1.01623
1.01594
1.01565
1.01536
1.01508
1.01479
1.01450
1.01421
1.01393
1.01364
1.01335
1.01307
1.01278
1.01249
1.01220
1.01192
1.01163
1.01134
1.01105
1.01077
1.01048
1.01019
1.00991
1.00962
1.00933
1.00904
1.00876
1.00847
1.00818
1.00789
1.00761
1.00732
1.00703
1.00675
1.00646
1.00617
1.00588
1.00560
1.00531
1.00502
1.00473
1.00445
1.00416
1.00387
1.00359
1.00330
1.00301
1.00272
1.00244
1.00215
1.00186
1.00157
1.00129
1.00100
1.00071
1.00043
1.00014
0.99985
0.99956
0.99928
0.99899
0.99870
0.99841
0.99813
0.99784
0.99755
0.99727
0.99698
0.99669
0.99640
0.99612
0.99583
0.99554
0.99526
0.99497
0.99468
0.99439
0.99411
0.99382
0.99353
0.99324
0.99296
0.99267
0.99238
0.99210
0.99181
0.99152
0.99123
0.99095
0.99066
0.99037
0.99008
0.98980
0.98951
0.98922
0.98894
0.98865
0.98836
0.98807
0.98779
0.98750
0.98721
0.98692
0.98664
0.98635
0.98606
0.98578
0.98549
0.98520
0.98491
0.98463
0.98434
0.98405
0.98376
0.98348
0.98319
0.98290
0.98262
0.98233
0.98204
0.98175
0.98147
0.98118
0.98089
0.98060
0.98032
0.98003
0.97974
0.97946
0.97917
0.97888
0.97859
0.97831
0.97802
0.97773
0.97745
0.97716
0.97687
0.97658
0.97630
0.97601
0.97572
0.97543
0.97515
0.97486
0.97457
0.97429
0.97400
0.97371
0.97342
0.97314
0.97285
0.97256
0.97227
0.97199
0.97170
0.97141
0.97113
0.97084
0.97055
0.97026
0.96998
0.96969
0.96940
0.96911
0.96883
0.96854
0.96825
0.96797
0.96768
0.96739
0.96710
0.96682
0.96653
0.96624
0.96595
0.96567
0.96538
0.96509
0.96481
0.96452
0.96423
0.96394
0.96366
0.96337
0.96308
0.96280
0.96251
0.96222
0.96193
0.96165
0.96136
0.96107
0.96078
0.96050
0.96021
0.95992
0.95964
0.95935
0.95906
0.95877
0.95849
0.95820
0.95791
0.95762
0.95734
0.95705
0.95676
0.95648
0.95619
0.95590
0.95561
0.95533
0.95504
0.95475
0.95446
0.95418
0.95389
0.95360
0.95332
0.95303
0.95274
0.95245
0.95217
0.95188
0.95159
0.95131
0.95102
0.95073
0.95044
0.95016
0.94987
0.94958
0.94929
0.94901
0.94872
0.94843
0.94815
0.94786
0.94757
0.94728
0.94700
0.94671
0.94642
0.94613
0.94585
0.94556
0.94527
0.94499
0.94470
0.94441
0.94412
0.94384
0.94355
0.94326
0.94298
0.94269
0.94240
0.94211
0.94183
0.94154
0.94125
0.94096
0.94068
0.94039
0.94010
0.93982
0.93953
0.93924
0.93895
0.93867
0.93838
0.93809
0.93780
0.93752
0.93723
0.93694
0.93666
0.93637
0.93608
0.93579
0.93551
0.93522
0.93493
0.93465
0.93436
0.93407
0.93378
0.93350
0.93321
0.93292
0.93263
0.93235
0.93206
0.93177
0.93149
0.93120
0.93091
0.93062
0.93034
0.93005
0.92976
0.92947
0.92919
0.92890
0.92861
0.92833
0.92804
0.92775
0.92746
0.92718
0.92689
0.92660
0.92632
0.92603
0.92574
0.92545
0.92517
0.92488
0.92459
0.92430
0.92402
0.92373
0.92344
0.92316
0.92287
0.92258
0.92229
0.92201
0.92172
0.92143
0.92114
0.92086
0.92057
0.92028
0.92000
0.91971
0.91942
0.91913
0.91885
0.91856
0.91827
0.91799
0.91770
0.91741
0.91712
0.91684
0.91655
0.91626
0.91597
0.91569
0.91540
0.91511
0.91483
0.91454
0.91425
0.91396
0.91368
0.91339
0.91310
0.91281
0.91253
0.91224
0.91195
0.91167
0.91138
0.91109
0.91080
0.91052
0.91023
0.90994
0.90966
0.90937
0.90908
0.90879
0.90851
0.90822
0.90793
0.90764
0.90736
0.90707
0.90678
0.90650
0.90621
0.90592
0.90563
0.90535
0.90506
0.90477
0.90449
0.90420
0.90391
0.90362
0.90334
0.90305
0.90276
0.90247
0.90219
0.90190
0.90161
0.90133
0.90104
0.90075
0.90046
0.90018
0.89989
0.89960
0.89931
0.89903
0.89874
0.89845
0.89817
0.89788
0.89759
0.89730
0.89702
0.89673
0.89644
0.89616
0.89587
0.89558
0.89529
0.89501
0.89472
0.89443
0.89414
0.89386
0.89357
0.89328
0.89300
0.89271
0.89242
0.89213
0.89185
0.89156
0.89127
0.89099
0.89070
0.89041
0.89012
0.88984
0.88955
0.88926
0.88897
0.88869
0.88840
0.88811
0.88783
0.88754
0.88725
0.88696
0.88668
0.88639
0.88610
0.88581
0.88553
0.88524
0.88495
0.88467
0.88438
0.88409
0.88380
0.88352
0.88323
0.88294
0.88266
0.88237
0.88208
0.88179
0.88151
0.88122
0.88093
0.88064
0.88036
0.88007
0.87978
0.87950
0.87921
0.87892
0.87863
0.87835
0.87806
0.87777
0.87749
0.87720
0.87691
0.87662
0.87634
0.87605
0.87576
0.87547
0.87519
0.87490
0.87461
0.87433
0.87404
0.87375
0.87346
0.87318
0.87289
0.87260
0.87232
0.87203
0.87174
0.87145
0.87117
0.87088
0.87059
0.87030
0.87002
0.86973
0.86944
0.86916
0.86887
0.86858
0.86829
0.86801
0.86772
0.86743
0.86715
0.86686
0.86657
0.86628
0.86600
0.86571
0.86542
0.86513
0.86485
0.86456
0.86427
0.86399
0.86370
0.86341
0.86312
0.86284
0.86255
0.86226
0.86198
0.86169
0.86140
0.86111
0.86083
0.86054
0.86025
0.85996
0.85968
0.85939
0.85910
0.85882
0.85853
0.85824
0.85795
0.85767
0.85738
0.85709
0.85681
0.85652
0.85623
0.85594
0.85566
0.85537
0.85508
0.85479
0.85451
0.85422
0.85393
0.85365
0.85336
0.85307
0.85278
0.85250
0.85221
0.85192
0.85164
0.85135
0.85106
0.85077
0.85049
0.85020
0.84991
0.84962
0.84934
0.84905
0.84876
0.84848
0.84819
0.84790
0.84761
0.84733
0.84704
0.84675
0.84647
0.84618
0.84589
0.84560
0.84532
0.84503
0.84474
0.84445
0.84417
0.84388
0.84359
0.84331
0.84302
0.84273
0.84244
0.84216
0.84187
0.84158
0.84130
0.84101
0.84072
0.84043
0.84015
0.83986
0.83957
0.83929
0.83900
0.83871
0.83842
0.83814
0.83785
0.83756
0.83727
0.83699
0.83670
0.83641
0.83613
0.83584
0.83555
0.83526
0.83498
0.83469
0.83440
0.83412
0.83383
0.83354
0.83325
0.83297
0.83268
0.83239
0.83210
0.83182
0.83153
0.83124
0.83096
0.83067
0.83038
0.83009
0.82981
0.82952
0.82923
0.82895
0.82866
0.82837
0.82808
0.82780
0.82751
0.82722
0.82693
0.82665
0.82636
0.82607
0.82579
0.82550
0.82521
0.82492
0.82464
0.82435
0.82406
0.82378
0.82349
0.82320
0.82291
0.82263
0.82234
0.82205
0.82177
0.82148
0.82119
0.82090
0.82062
0.82033
0.82004
0.81975
0.81947
0.81918
0.81889
0.81861
0.81832
0.81803
0.81774
0.81746
0.81717
0.81688
0.81660
0.81631
0.81602
0.81573
0.81545
0.81516
0.81487
0.81458
0.81430
0.81401
0.81372
0.81344
0.81315
0.81286
0.81257
0.81229
0.81200
0.81171
0.81143
0.81114
0.81085
0.81056
0.81028
0.80999
0.80970
0.80942
0.80913
0.80884
0.80855
0.80827
0.80798
0.80769
0.80740
0.80712
0.80683
0.80654
0.80626
0.80597
0.80568
0.80539
0.80511
0.80482
0.80453
0.80425
0.80396
0.80367
0.80338
0.80310
0.80281
0.80252
0.80224
0.80195
0.80166
0.80137
0.80109
0.80080
0.80051
0.80022
0.79994
0.79965
0.79936
0.79908
0.79879
0.79850
0.79821
0.79793
0.79764
0.79735
0.79707
0.79678
0.79649
0.79620
0.79592
0.79563
0.79534
0.79505
0.79477
0.79448
0.79419
0.79391
0.79362
0.79333
0.79304
0.79276
0.79247
0.79218
0.79190
0.79161
0.79132
0.79103
0.79075
0.79046
0.79017
0.78989
0.78960
0.78931
0.78902
0.78874
0.78845
0.78816
0.78787
0.78759
0.78730
0.78701
0.78673
0.78644
0.78615
0.78586
0.78558
0.78529
0.78500
0.78472
0.78443
0.78414
0.78385
0.78357
0.78328
0.78299
0.78271
0.78242
0.78213
0.78184
0.78156
0.78127
0.78098
0.78069
0.78041
0.78012
0.77983
0.77955
0.77926
0.77897
0.77868
0.77840
0.77811
0.77782
0.77754
0.77725
0.77696
0.77667
0.77639
0.77610
0.77581
0.77553
0.77524
0.77495
0.77466
0.77438
0.77409
0.77380
0.77351
0.77323
0.77294
0.77265
0.77237
0.77208
0.77179
0.77150
0.77122
0.77093
0.77064
0.77036
0.77007
0.76978
0.76949
0.76921
0.76892
0.76863
0.76835
0.76806
0.76777
0.76748
0.76720
0.76691
0.76662
0.76634
0.76605
0.76576
0.76547
0.76519
0.76490
0.76461
0.76432
0.76404
0.76375
0.76346
0.76318
0.76289
0.76260
0.76231
0.76203
0.76174
0.76145
0.76117
0.76088
0.76059
0.76030
0.76002
0.75973
0.75944
0.75916
0.75887
0.75858
0.75829
0.75801
0.75772
0.75743
0.75714
0.75686
0.75657
0.75628
0.75600
0.75571
0.75542
0.75513
0.75485
0.75456
0.75427
0.75399
0.75370
0.75341
0.75312
0.75284
0.75255
0.75226
0.75198
0.75169
0.75140
0.75111
0.75083
0.75054
0.75025
0.74997
0.74968
0.74939
0.74910
0.74882
0.74853
0.74824
0.74795
0.74767
0.74738
0.74709
0.74681
0.74652
0.74623
0.74594
0.74566
0.74537
0.74508
0.74480
0.74451
0.74422
0.74393
0.74365
0.74336
0.74307
0.74279
0.74250
0.74221
0.74192
0.74164
0.74135
0.74106
0.74078
0.74049
0.74020
0.73991
0.73963
0.73934
0.73905
0.73876
0.73848
0.73819
0.73790
0.73762
0.73733
0.73704
0.73675
0.73647
0.73618
0.73589
0.73561
0.73532
0.73503
0.73474
0.73446
0.73417
0.73388
0.73360
0.73331
0.73302
0.73273
0.73245
0.73216
0.73187
0.73159
0.73130
0.73101
0.73072
0.73044
0.73015
0.72986
0.72957
0.72929
0.72900
0.72871
0.72843
0.72814
0.72785
0.72756
0.72728
0.72699
0.72670
0.72642
0.72613
0.72584
0.72555
0.72527
0.72498
0.72469
0.72441
0.72412
0.72383
0.72354
0.72326
0.72297
0.72268
0.72240
0.72211
0.72182
0.72153
0.72125
0.72096
0.72067
0.72039
0.72010
0.71981
0.71952
0.71924
0.71895
0.71866
0.71837
0.71809
0.71780
0.71751
0.71723
0.71694
0.71665
0.71636
0.71608
0.71579
0.71550
0.71522
0.71493
0.71464
0.71435
0.71407
0.71378
0.71349
0.71321
0.71292
0.71263
0.71234
0.71206
0.71177
0.71148
0.71120
0.71091
0.71062
0.71033
0.71005
0.70976
0.70947
0.70919
0.70890
0.70861
0.70832
0.70804
0.70775
0.70746
0.70717
0.70689
0.70660
0.70631
0.70603
0.70574
0.70545
0.70516
0.70488
0.70459
0.70430
0.70402
0.70373
0.70344
0.70315
0.70287
0.70258
0.70229
0.70201
0.70172
0.70143
0.70114
0.70086
0.70057
0.70028
0.70000
0.69971
0.69942
0.69913
0.69885
0.69856
0.69827
0.69799
0.69770
0.69741
0.69712
0.69684
0.69655
0.69626
0.69598
0.69569
0.69540
0.69511
0.69483
0.69454
0.69425
0.69396
0.69368
0.69339
0.69310
0.69282
0.69253
0.69224
0.69195
0.69167
0.69138
0.69109
0.69081
0.69052
0.69023
0.68994
0.68966
0.68937
0.68908
0.68880
0.68851
0.68822
0.68793
0.68765
0.68736
0.68707
0.68679
0.68650
0.68621
0.68592
0.68564
0.68535
0.68506
0.68478
0.68449
0.68420
0.68391
0.68363
0.68334
0.68305
0.68277
0.68248
0.68219
0.68190
0.68162
0.68133
0.68104
0.68075
0.68047
0.68018
0.67989
0.67961
0.67932
0.67903
0.67874
0.67846
0.67817
0.67788
0.67760
0.67731
0.67702
0.67673
0.67645
0.67616
0.67587
0.67559
0.67530
0.67501
0.67472
0.67444
0.67415
0.67386
0.67358
0.67329
0.67300
0.67271
0.67243
0.67214
0.67185
0.67157
0.67128
0.67099
0.67070
0.67042
0.67013
0.66984
0.66956
0.66927
0.66898
0.66869
0.66841
0.66812
0.66783
0.66755
0.66726
0.66697
0.66668
0.66640
0.66611
0.66582
0.66554
0.66525
0.66496
0.66467
0.66439
0.66410
0.66381
0.66352
0.66324
0.66295
0.66266
0.66238
0.66209
0.66180
0.66151
0.66123
0.66094
0.66065
0.66037
0.66008
0.65979
0.65950
0.65922
0.65893
0.65864
0.65836
0.65807
0.65778
0.65749
0.65721
0.65692
0.65663
0.65635
0.65606
0.65577
0.65548
0.65520
0.65491
0.65462
0.65434
0.65405
0.65376
0.65347
0.65319
0.65290
0.65261
0.65233
0.65204
0.65175
0.65146
0.65118
0.65089
0.65060
0.65032
0.65003
0.64974
0.64945
0.64917
0.64888
0.64859
0.64831
0.64802
0.64773
0.64744
0.64716
0.64687
0.64658
0.64630
0.64601
0.64572
0.64543
0.64515
0.64486
0.64457
0.64429
0.64400
0.64371
0.64342
0.64314
0.64285
0.64256
0.64227
0.64199
0.64170
0.64141
0.64113
0.64084
0.64055
0.64026
0.63998
0.63969
0.63940
0.63912
0.63883
0.63854
0.63825
0.63797
0.63768
0.63739
0.63711
0.63682
0.63653
0.63624
0.63596
0.63567
0.63538
0.63510
0.63481
0.63452
0.63423
0.63395
0.63366
0.63337
0.63309
0.63280
0.63251
0.63222
0.63194
0.63165
0.63136
0.63108
0.63079
0.63050
0.63021
0.62993
0.62964
0.62935
0.62907
0.62878
0.62849
0.62820
0.62792
0.62763
0.62734
0.62706
0.62677
0.62648
0.62619
0.62591
0.62562
0.62533
0.62505
0.62476
0.62447
0.62418
0.62390
0.62361
0.62332
0.62304
0.62275
0.62246
0.62217
0.62189
0.62160
0.62131
0.62103
0.62074
0.62045
0.62016
0.61988
0.61959
0.61930
0.61902
0.61873
0.61844
0.61815
0.61787
0.61758
0.61729
0.61701
0.61672
0.61643
0.61614
0.61586
0.61557
0.61528
0.61500
0.61471
0.61442
0.61413
0.61385
0.61356
0.61327
0.61299
0.61270
0.61241
0.61212
0.61184
0.61155
0.61126
0.61098
0.61069
0.61040
0.61011
0.60983
0.60954
0.60925
0.60897
0.60868
0.60839
0.60810
0.60782
0.60753
0.60724
0.60696
0.60667
0.60638
0.60609
0.60581
0.60552
0.60523
0.60495
0.60466
0.60437
0.60408
0.60380
0.60351
0.60322
0.60293
0.60265
0.60236
0.60207
0.60179
0.60150
0.60121
0.60092
0.60064
0.60035
0.60006
0.59978
0.59949
0.59920
0.59891
0.59863
0.59834
0.59805
0.59777
0.59748
0.59719
0.59690
0.59662
0.59633
0.59604
0.59576
0.59547
0.59518
0.59489
0.59461
0.59432
0.59403
0.59375
0.59346
0.59317
0.59288
0.59260
0.59231
0.59202
0.59174
0.59145
0.59116
0.59087
0.59059
0.59030
0.59001
0.58973
0.58944
0.58915
0.58886
0.58858
0.58829
0.58800
0.58772
0.58743
0.58714
0.58685
0.58657
0.58628
0.58599
0.58571
0.58542
0.58513
0.58484
0.58456
0.58427
0.58398
0.58370
0.58341
0.58312
0.58283
0.58255
0.58226
0.58197
0.58169
0.58140
0.58111
0.58082
0.58054
0.58025
0.57996
0.57968
0.57939
0.57910
0.57881
0.57853
0.57824
0.57795
0.57767
0.57738
0.57709
0.57680
0.57652
0.57623
0.57594
0.57566
0.57537
0.57508
0.57479
0.57451
0.57422
0.57393
0.57365
0.57336
0.57307
0.57278
0.57250
0.57221
0.57192
0.57164
0.57135
0.57106
0.57078
0.57049
0.57020
0.56991
0.56963
0.56934
0.56905
0.56877
0.56848
0.56819
0.56790
0.56762
0.56733
0.56704
0.56676
0.56647
0.56618
0.56589
0.56561
0.56532
0.56503
0.56475
0.56446
0.56417
0.56388
0.56360
0.56331
0.56302
0.56274
0.56245
0.56216
0.56187
0.56159
0.56130
0.56101
0.56073
0.56044
0.56015
0.55986
0.55958
0.55929
0.55900
0.55872
0.55843
0.55814
0.55785
0.55757
0.55728
0.55699
0.55671
0.55642
0.55613
0.55584
0.55556
0.55527
0.55498
0.55470
0.55441
0.55412
0.55383
0.55355
0.55326
0.55297
0.55269
0.55240
0.55211
0.55182
0.55154
0.55125
0.55096
0.55068
0.55039
0.55010
0.54981
0.54953
0.54924
0.54895
0.54867
0.54838
0.54809
0.54780
0.54752
0.54723
0.54694
0.54666
0.54637
0.54608
0.54579
0.54551
0.54522
0.54493
0.54465
0.54436
0.54407
0.54378
0.54350
0.54321
0.54292
0.54264
0.54235
0.54206
0.54177
0.54149
0.54120
0.54091
0.54063
0.54034
0.54005
0.53976
0.53948
0.53919
0.53890
0.53862
0.53833
0.53804
0.53775
0.53747
0.53718
0.53689
0.53661
0.53632
0.53603
0.53574
0.53546
0.53517
0.53488
0.53460
0.53431
0.53402
0.53373
0.53345
0.53316
0.53287
0.53259
0.53230
0.53201
0.53173
0.53144
0.53115
0.53086
0.53058
0.53029
0.53000
0.52972
0.52943
0.52914
0.52885
0.52857
0.52828
0.52799
0.52771
0.52742
0.52713
0.52684
0.52656
0.52627
0.52598
0.52570
0.52541
0.52512
0.52483
0.52455
0.52426
0.52397
0.52369
0.52340
0.52311
0.52282
0.52254
0.52225
0.52196
0.52168
0.52139
0.52110
0.52081
0.52053
0.52024
0.51995
0.51967
0.51938
0.51909
0.51880
0.51852
0.51823
0.51794
0.51766
0.51737
0.51708
0.51679
0.51651
0.51622
0.51593
0.51565
0.51536
0.51507
0.51478
0.51450
0.51421
0.51392
0.51364
0.51335
0.51306
0.51277
0.51249
0.51220
0.51191
0.51163
0.51134
0.51105
0.51076
0.51048
0.51019
0.50990
0.50962
0.50933
0.50904
0.50876
0.50847
0.50818
0.50789
0.50761
0.50732
0.50703
0.50675
0.50646
0.50617
0.50588
0.50560
0.50531
0.50502
0.50474
0.50445
0.50416
0.50387
0.50359
0.50330
0.50301
0.50273
0.50244
0.50215
0.50186
0.50158
0.50129
0.50100
0.50072
0.50043
0.50014
0.49985
0.49957
0.49928
0.49899
0.49871
0.49842
0.49813
0.49784
0.49756
0.49727
0.49698
0.49670
0.49641
0.49612
0.49583
0.49555
0.49526
0.49497
0.49469
0.49440
0.49411
0.49383
0.49354
0.49325
0.49296
0.49268
0.49239
0.49210
0.49182
0.49153
0.49124
0.49095
0.49067
0.49038
0.49009
0.48981
0.48952
0.48923
0.48894
0.48866
0.48837
0.48808
0.48780
0.48751
0.48722
0.48693
0.48665
0.48636
0.48607
0.48579
0.48550
0.48521
0.48492
0.48464
0.48435
0.48406
0.48378
0.48349
0.48320
0.48291
0.48263
0.48234
0.48205
0.48177
0.48148
0.48119
0.48090
0.48062
0.48033
0.48004
0.47976
0.47947
0.47918
0.47890
0.47861
0.47832
0.47803
0.47775
0.47746
0.47717
0.47689
0.47660
0.47631
0.47602
0.47574
0.47545
0.47516
0.47488
0.47459
0.47430
0.47401
0.47373
0.47344
0.47315
0.47287
0.47258
0.47229
0.47200
0.47172
0.47143
0.47114
0.47086
0.47057
0.47028
0.46999
0.46971
0.46942
0.46913
0.46885
0.46856
0.46827
0.46798
0.46770
0.46741
0.46712
0.46684
0.46655
0.46626
0.46598
0.46569
0.46540
0.46511
0.46483
0.46454
0.46425
0.46397
0.46368
0.46339
0.46310
0.46282
0.46253
0.46224
0.46196
0.46167
0.46138
0.46109
0.46081
0.46052
0.46023
0.45995
0.45966
0.45937
0.45908
0.45880
0.45851
0.45822
0.45794
0.45765
0.45736
0.45707
0.45679
0.45650
0.45621
0.45593
0.45564
0.45535
0.45507
0.45478
0.45449
0.45420
0.45392
0.45363
0.45334
0.45306
0.45277
0.45248
0.45219
0.45191
0.45162
0.45133
0.45105
0.45076
0.45047
0.45018
0.44990
0.44961
0.44932
0.44904
0.44875
0.44846
0.44817
0.44789
0.44760
0.44731
0.44703
0.44674
0.44645
0.44616
0.44588
0.44559
0.44530
0.44502
0.44473
0.44444
0.44416
0.44387
0.44358
0.44329
0.44301
0.44272
0.44243
0.44215
0.44186
0.44157
0.44128
0.44100
0.44071
0.44042
0.44014
0.43985
0.43956
0.43927
0.43899
0.43870
0.43841
0.43813
0.43784
0.43755
0.43726
0.43698
0.43669
0.43640
0.43612
0.43583
0.43554
0.43526
0.43497
0.43468
0.43439
0.43411
0.43382
0.43353
0.43325
0.43296
0.43267
0.43238
0.43210
0.43181
0.43152
0.43124
0.43095
0.43066
0.43037
0.43009
0.42980
0.42951
0.42923
0.42894
0.42865
0.42836
0.42808
0.42779
0.42750
0.42722
0.42693
0.42664
0.42636
0.42607
0.42578
0.42549
0.42521
0.42492
0.42463
0.42435
0.42406
0.42377
0.42348
0.42320
0.42291
0.42262
0.42234
0.42205
0.42176
0.42147
0.42119
0.42090
0.42061
0.42033
0.42004
0.41975
0.41946
0.41918
0.41889
0.41860
0.41832
0.41803
0.41774
0.41746
0.41717
0.41688
0.41659
0.41631
0.41602
0.41573
0.41545
0.41516
0.41487
0.41458
0.41430
0.41401
0.41372
0.41344
0.41315
0.41286
0.41257
0.41229
0.41200
0.41171
0.41143
0.41114
0.41085
0.41056
0.41028
0.40999
0.40970
0.40942
0.40913
0.40884
0.40856
0.40827
0.40798
0.40769
0.40741
0.40712
0.40683
0.40655
0.40626
0.40597
0.40568
0.40540
0.40511
0.40482
0.40454
0.40425
0.40396
0.40367
0.40339
0.40310
0.40281
0.40253
0.40224
0.40195
0.40167
0.40138
0.40109
0.40080
0.40052
0.40023
0.39994
0.39966
0.39937
0.39908
0.39879
0.39851
0.39822
0.39793
0.39765
0.39736
0.39707
0.39678
0.39650
0.39621
0.39592
0.39564
0.39535
0.39506
0.39477
0.39449
0.39420
0.39391
0.39363
0.39334
0.39305
0.39277
0.39248
0.39219
0.39190
0.39162
0.39133
0.39104
0.39076
0.39047
0.39018
0.38989
0.38961
0.38932
0.38903
0.38875
0.38846
0.38817
0.38788
0.38760
0.38731
0.38702
0.38674
0.38645
0.38616
0.38588
0.38559
0.38530
0.38501
0.38473
0.38444
0.38415
0.38387
0.38358
0.38329
0.38300
0.38272
0.38243
0.38214
0.38186
0.38157
0.38128
0.38099
0.38071
0.38042
0.38013
0.37985
0.37956
0.37927
0.37899
0.37870
0.37841
0.37812
0.37784
0.37755
0.37726
0.37698
0.37669
0.37640
0.37611
0.37583
0.37554
0.37525
0.37497
0.37468
0.37439
0.37410
0.37382
0.37353
0.37324
0.37296
0.37267
0.37238
0.37210
0.37181
0.37152
0.37123
0.37095
0.37066
0.37037
0.37009
0.36980
0.36951
0.36922
0.36894
0.36865
0.36836
0.36808
0.36779
0.36750
0.36721
0.36693
0.36664
0.36635
0.36607
0.36578
0.36549
0.36521
0.36492
0.36463
0.36434
0.36406
0.36377
0.36348
0.36320
0.36291
0.36262
0.36233
0.36205
0.36176
0.36147
0.36119
0.36090
0.36061
0.36033
0.36004
0.35975
0.35946
0.35918
0.35889
0.35860
0.35832
0.35803
0.35774
0.35745
0.35717
0.35688
0.35659
0.35631
0.35602
0.35573
0.35544
0.35516
0.35487
0.35458
0.35430
0.35401
0.35372
0.35344
0.35315
0.35286
0.35257
0.35229
0.35200
0.35171
0.35143
0.35114
0.35085
0.35056
0.35028
0.34999
0.34970
0.34942
0.34913
0.34884
0.34855
0.34827
0.34798
0.34769
0.34741
0.34712
0.34683
0.34655
0.34626
0.34597
0.34568
0.34540
0.34511
0.34482
0.34454
0.34425
0.34396
0.34367
0.34339
0.34310
0.34281
0.34253
0.34224
0.34195
0.34167
0.34138
0.34109
0.34080
0.34052
0.34023
0.33994
0.33966
0.33937
0.33908
0.33879
0.33851
0.33822
0.33793
0.33765
0.33736
0.33707
0.33678
0.33650
0.33621
0.33592
0.33564
0.33535
0.33506
0.33478
0.33449
0.33420
0.33391
0.33363
0.33334
0.33305
0.33277
0.33248
0.33219
0.33190
0.33162
0.33133
0.33104
0.33076
0.33047
0.33018
0.32990
0.32961
0.32932
0.32903
0.32875
0.32846
0.32817
0.32789
0.32760
0.32731
0.32702
0.32674
0.32645
0.32616
0.32588
0.32559
0.32530
0.32502
0.32473
0.32444
0.32415
0.32387
0.32358
0.32329
0.32301
0.32272
0.32243
0.32214
0.32186
0.32157
0.32128
0.32100
0.32071
0.32042
0.32013
0.31985
0.31956
0.31927
0.31899
0.31870
0.31841
0.31813
0.31784
0.31755
0.31726
0.31698
0.31669
0.31640
0.31612
0.31583
0.31554
0.31525
0.31497
0.31468
0.31439
0.31411
0.31382
0.31353
0.31325
0.31296
0.31267
0.31238
0.31210
0.31181
0.31152
0.31124
0.31095
0.31066
0.31037
0.31009
0.30980
0.30951
0.30923
0.30894
0.30865
0.30837
0.30808
0.30779
0.30750
0.30722
0.30693
0.30664
0.30636
0.30607
0.30578
0.30549
0.30521
0.30492
0.30463
0.30435
0.30406
0.30377
0.30349
0.30320
0.30291
0.30262
0.30234
0.30205
0.30176
0.30148
0.30119
0.30090
0.30061
0.30033
0.30004
0.29975
0.29947
0.29918
0.29889
0.29861
0.29832
0.29803
0.29774
0.29746
0.29717
0.29688
0.29660
0.29631
0.29602
0.29573
0.29545
0.29516
0.29487
0.29459
0.29430
0.29401
0.29373
0.29344
0.29315
0.29286
0.29258
0.29229
0.29200
0.29172
0.29143
0.29114
0.29085
0.29057
0.29028
0.28999
0.28971
0.28942
0.28913
0.28885
0.28856
0.28827
0.28798
0.28770
0.28741
0.28712
0.28684
0.28655
0.28626
0.28597
0.28569
0.28540
0.28511
0.28483
0.28454
0.28425
0.28397
0.28368
0.28339
0.28310
0.28282
0.28253
0.28224
0.28196
0.28167
0.28138
0.28109
0.28081
0.28052
0.28023
0.27995
0.27966
0.27937
0.27909
0.27880
0.27851
0.27822
0.27794
0.27765
0.27736
0.27708
0.27679
0.27650
0.27621
0.27593
0.27564
0.27535
0.27507
0.27478
0.27449
0.27421
0.27392
0.27363
0.27334
0.27306
0.27277
0.27248
0.27220
0.27191
0.27162
0.27133
0.27105
0.27076
0.27047
0.27019
0.26990
0.26961
0.26933
0.26904
0.26875
0.26846
0.26818
0.26789
0.26760
0.26732
0.26703
0.26674
0.26646
0.26617
0.26588
0.26559
0.26531
0.26502
0.26473
0.26445
0.26416
0.26387
0.26358
0.26330
0.26301
0.26272
0.26244
0.26215
0.26186
0.26158
0.26129
0.26100
0.26071
0.26043
0.26014
0.25985
0.25957
0.25928
0.25899
0.25870
0.25842
0.25813
0.25784
0.25756
0.25727
0.25698
0.25670
0.25641
0.25612
0.25583
0.25555
0.25526
0.25497
0.25469
0.25440
0.25411
0.25382
0.25354
0.25325
0.25296
0.25268
0.25239
0.25210
0.25182
0.25153
0.25124
0.25095
0.25067
0.25038
0.25009
0.24981
0.24952
0.24923
0.24895
0.24866
0.24837
0.24808
0.24780
0.24751
0.24722
0.24694
0.24665
0.24636
0.24607
0.24579
0.24550
0.24521
0.24493
0.24464
0.24435
0.24407
0.24378
0.24349
0.24320
0.24292
0.24263
0.24234
0.24206
0.24177
0.24148
0.24119
0.24091
0.24062
0.24033
0.24005
0.23976
0.23947
0.23919
0.23890
0.23861
0.23832
0.23804
0.23775
0.23746
0.23718
0.23689
0.23660
0.23632
0.23603
0.23574
0.23545
0.23517
0.23488
0.23459
0.23431
0.23402
0.23373
0.23344
0.23316
0.23287
0.23258
0.23230
0.23201
0.23172
0.23144
0.23115
0.23086
0.23057
0.23029
0.23000
0.22971
0.22943
0.22914
0.22885
0.22857
0.22828
0.22799
0.22770
0.22742
0.22713
0.22684
0.22656
0.22627
0.22598
0.22569
0.22541
0.22512
0.22483
0.22455
0.22426
0.22397
0.22369
0.22340
0.22311
0.22282
0.22254
0.22225
0.22196
0.22168
0.22139
0.22110
0.22082
0.22053
0.22024
0.21995
0.21967
0.21938
0.21909
0.21881
0.21852
0.21823
0.21794
0.21766
0.21737
0.21708
0.21680
0.21651
0.21622
0.21594
0.21565
0.21536
0.21507
0.21479
0.21450
0.21421
0.21393
0.21364
0.21335
0.21307
0.21278
0.21249
0.21220
0.21192
0.21163
0.21134
0.21106
0.21077
0.21048
0.21019
0.20991
0.20962
0.20933
0.20905
0.20876
0.20847
0.20819
0.20790
0.20761
0.20732
0.20704
0.20675
0.20646
0.20618
0.20589
0.20560
0.20532
0.20503
0.20474
0.20445
0.20417
0.20388
0.20359
0.20331
0.20302
0.20273
0.20244
0.20216
0.20187
0.20158
0.20130
0.20101
0.20072
0.20044
0.20015
0.19986
0.19957
0.19929
0.19900
0.19871
0.19843
0.19814
0.19785
0.19757
0.19728
0.19699
0.19670
0.19642
0.19613
0.19584
0.19556
0.19527
0.19498
0.19469
0.19441
0.19412
0.19383
0.19355
0.19326
0.19297
0.19269
0.19240
0.19211
0.19182
0.19154
0.19125
0.19096
0.19068
0.19039
0.19010
0.18982
0.18953
0.18924
0.18895
0.18867
0.18838
0.18809
0.18781
0.18752
0.18723
0.18695
0.18666
0.18637
0.18608
0.18580
0.18551
0.18522
0.18494
0.18465
0.18436
0.18407
0.18379
0.18350
0.18321
0.18293
0.18264
0.18235
0.18207
0.18178
0.18149
0.18120
0.18092
0.18063
0.18034
0.18006
0.17977
0.17948
0.17920
0.17891
0.17862
0.17833
0.17805
0.17776
0.17747
0.17719
0.17690
0.17661
0.17633
0.17604
0.17575
0.17546
0.17518
0.17489
0.17460
0.17432
0.17403
0.17374
0.17346
0.17317
0.17288
0.17259
0.17231
0.17202
0.17173
0.17145
0.17116
0.17087
0.17058
0.17030
0.17001
0.16972
0.16944
0.16915
0.16886
0.16858
0.16829
0.16800
0.16771
0.16743
0.16714
0.16685
0.16657
0.16628
0.16599
0.16571
0.16542
0.16513
0.16484
0.16456
0.16427
0.16398
0.16370
0.16341
0.16312
0.16284
0.16255
0.16226
0.16197
0.16169
0.16140
0.16111
0.16083
0.16054
0.16025
0.15996
0.15968
0.15939
0.15910
0.15882
0.15853
0.15824
0.15796
0.15767
0.15738
0.15709
0.15681
0.15652
0.15623
0.15595
0.15566
0.15537
0.15509
0.15480
0.15451
0.15422
0.15394
0.15365
0.15336
0.15308
0.15279
0.15250
0.15222
0.15193
0.15164
0.15135
0.15107
0.15078
0.15049
0.15021
0.14992
0.14963
0.14935
0.14906
0.14877
0.14848
0.14820
0.14791
0.14762
0.14734
0.14705
0.14676
0.14648
0.14619
0.14590
0.14561
0.14533
0.14504
0.14475
0.14447
0.14418
0.14389
0.14360
0.14332
0.14303
0.14274
0.14246
0.14217
0.14188
0.14160
0.14131
0.14102
0.14073
0.14045
0.14016
0.13987
0.13959
0.13930
0.13901
0.13873
0.13844
0.13815
0.13786
0.13758
0.13729
0.13700
0.13672
0.13643
0.13614
0.13586
0.13557
0.13528
0.13499
0.13471
0.13442
0.13413
0.13385
0.13356
0.13327
0.13299
0.13270
0.13241
0.13212
0.13184
0.13155
0.13126
0.13098
0.13069
0.13040
0.13012
0.12983
0.12954
0.12925
0.12897
0.12868
0.12839
0.12811
0.12782
0.12753
0.12725
0.12696
0.12667
0.12638
0.12610
0.12581
0.12552
0.12524
0.12495
0.12466
0.12438
0.12409
0.12380
0.12351
0.12323
0.12294
0.12265
0.12237
0.12208
0.12179
0.12151
0.12122
0.12093
0.12064
0.12036
0.12007
0.11978
0.11950
0.11921
0.11892
0.11863
0.11835
0.11806
0.11777
0.11749
0.11720
0.11691
0.11663
0.11634
0.11605
0.11576
0.11548
0.11519
0.11490
0.11462
0.11433
0.11404
0.11376
0.11347
0.11318
0.11289
0.11261
0.11232
0.11203
0.11175
0.11146
0.11117
0.11089
0.11060
0.11031
0.11002
0.10974
0.10945
0.10916
0.10888
0.10859
0.10830
0.10802
0.10773
0.10744
0.10715
0.10687
0.10658
0.10629
0.10601
0.10572
0.10543
0.10515
0.10486
0.10457
0.10428
0.10400
0.10371
0.10342
0.10314
0.10285
0.10256
0.10228
0.10199
0.10170
0.10141
0.10113
0.10084
0.10055
0.10027
0.09998
0.09969
0.09941
0.09912
0.09883
0.09854
0.09826
0.09797
0.09768
0.09740
0.09711
0.09682
0.09654
0.09625
0.09596
0.09567
0.09539
0.09510
0.09481
0.09453
0.09424
0.09395
0.09367
0.09338
0.09309
0.09280
0.09252
0.09223
0.09194
0.09166
0.09137
0.09108
0.09080
0.09051
0.09022
0.08993
0.08965
0.08936
0.08907
0.08879
0.08850
0.08821
0.08793
0.08764
0.08735
0.08706
0.08678
0.08649
0.08620
0.08592
0.08563
0.08534
0.08506
0.08477
0.08448
0.08419
0.08391
0.08362
0.08333
0.08305
0.08276
0.08247
0.08219
0.08190
0.08161
0.08132
0.08104
0.08075
0.08046
0.08018
0.07989
0.07960
0.07932
0.07903
0.07874
0.07845
0.07817
0.07788
0.07759
0.07731
0.07702
0.07673
0.07645
0.07616
0.07587
0.07558
0.07530
0.07501
0.07472
0.07444
0.07415
0.07386
0.07358
0.07329
0.07300
0.07271
0.07243
0.07214
0.07185
0.07157
0.07128
0.07099
0.07071
0.07042
0.07013
0.06984
0.06956
0.06927
0.06898
0.06870
0.06841
0.06812
0.06784
0.06755
0.06726
0.06697
0.06669
0.06640
0.06611
0.06583
0.06554
0.06525
0.06497
0.06468
0.06439
0.06410
0.06382
0.06353
0.06324
0.06296
0.06267
0.06238
0.06210
0.06181
0.06152
0.06123
0.06095
0.06066
0.06037
0.06009
0.05980
0.05951
0.05923
0.05894
0.05865
0.05837
0.05808
0.05779
0.05750
0.05722
0.05693
0.05664
0.05636
0.05607
0.05578
0.05550
0.05521
0.05492
0.05463
0.05435
0.05406
0.05377
0.05349
0.05320
0.05291
0.05263
0.05234
0.05205
0.05176
0.05148
0.05119
0.05090
0.05062
0.05033
0.05004
0.04976
0.04947
0.04918
0.04889
0.04861
0.04832
0.04803
0.04775
0.04746
0.04717
0.04689
0.04660
0.04631
0.04602
0.04574
0.04545
0.04516
0.04488
0.04459
0.04430
0.04402
0.04373
0.04344
0.04315
0.04287
0.04258
0.04229
0.04201
0.04172
0.04143
0.04115
0.04086
0.04057
0.04028
0.04000
0.03971
0.03942
0.03914
0.03885
0.03856
0.03828
0.03799
0.03770
0.03741
0.03713
0.03684
0.03655
0.03627
0.03598
0.03569
0.03541
0.03512
0.03483
0.03455
0.03426
0.03397
0.03368
0.03340
0.03311
0.03282
0.03254
0.03225
0.03196
0.03168
0.03139
0.03110
0.03081
0.03053
0.03024
0.02995
0.02967
0.02938
0.02909
0.02881
0.02852
0.02823
0.02794
0.02766
0.02737
0.02708
0.02680
0.02651
0.02622
0.02594
0.02565
0.02536
0.02507
0.02479
0.02450
0.02421
0.02393
0.02364
0.02335
0.02307
0.02278
0.02249
0.02220
0.02192
0.02163
0.02134
0.02106
0.02077
0.02048
0.02020
0.01991
0.01962
0.01934
0.01905
0.01876
0.01847
0.01819
0.01790
0.01761
0.01733
0.01704
0.01675
0.01647
0.01618
0.01589
0.01560
0.01532
0.01503
0.01474
0.01446
0.01417
0.01388
0.01360
0.01331
0.01302
0.01273
0.01245
0.01216
0.01187
0.01159
0.01130
0.01101
0.01073
0.01044
0.01015
0.00986
0.00958
0.00929
0.00900
0.00872
0.00843
0.00814
0.00786
0.00757
0.00728
0.00699
0.00671
0.00642
0.00613
0.00585
0.00556
0.00527
0.00499
0.00470
0.00441
0.00413
0.00384
0.00355
0.00326
0.00298
0.00269
0.00240
0.00212
0.00183
0.00154
0.00126
0.00097
0.00068
0.00039
0.00011
-0.00018
-0.00047
-0.00075
-0.00104
-0.00133
-0.00161
-0.00190
-0.00219
-0.00248
-0.00276
-0.00305
-0.00334
-0.00362
-0.00391
-0.00420
-0.00448
-0.00477
-0.00506
-0.00534
-0.00563
-0.00592
-0.00621
-0.00649
-0.00678
-0.00707
-0.00735
-0.00764
-0.00793
-0.00821
-0.00850
-0.00879
-0.00908
-0.00936
-0.00965
-0.00994
-0.01022
-0.01051
-0.01080
-0.01108
-0.01137
-0.01166
-0.01195
-0.01223
-0.01252
-0.01281
-0.01309
-0.01338
-0.01367
-0.01395
-0.01424
-0.01453
-0.01481
-0.01510
-0.01539
-0.01568
-0.01596
-0.01625
-0.01654
-0.01682
-0.01711
-0.01740
-0.01768
-0.01797
-0.01826
-0.01855
-0.01883
-0.01912
-0.01941
-0.01969
-0.01998
-0.02027
-0.02055
-0.02084
-0.02113
-0.02142
-0.02170
-0.02199
-0.02228
-0.02256
-0.02285
-0.02314
-0.02342
-0.02371
-0.02400
-0.02428
-0.02457
-0.02486
-0.02515
-0.02543
-0.02572
-0.02601
-0.02629
-0.02658
-0.02687
-0.02715
-0.02744
-0.02773
-0.02802
-0.02830
-0.02859
-0.02888
-0.02916
-0.02945
-0.02974
-0.03002
-0.03031
-0.03060
-0.03089
-0.03117
-0.03146
-0.03175
-0.03203
-0.03232
-0.03261
-0.03289
-0.03318
-0.03347
-0.03375
-0.03404
-0.03433
-0.03462
-0.03490
-0.03519
-0.03548
-0.03576
-0.03605
-0.03634
-0.03662
-0.03691
-0.03720
-0.03749
-0.03777
-0.03806
-0.03835
-0.03863
-0.03892
-0.03921
-0.03949
-0.03978
-0.04007
-0.04035
-0.04064
-0.04093
-0.04122
-0.04150
-0.04179
-0.04208
-0.04236
-0.04265
-0.04294
-0.04322
-0.04351
-0.04380
-0.04409
-0.04437
-0.04466
-0.04495
-0.04523
-0.04552
-0.04581
-0.04609
-0.04638
-0.04667
-0.04696
-0.04724
-0.04753
-0.04782
-0.04810
-0.04839
-0.04868
-0.04896
-0.04925
-0.04954
-0.04982
-0.05011
-0.05040
-0.05069
-0.05097
-0.05126
-0.05155
-0.05183
-0.05212
-0.05241
-0.05269
-0.05298
-0.05327
-0.05356
-0.05384
-0.05413
-0.05442
-0.05470
-0.05499
-0.05528
-0.05556
-0.05585
-0.05614
-0.05642
-0.05671
-0.05700
-0.05729
-0.05757
-0.05786
-0.05815
-0.05843
-0.05872
-0.05901
-0.05929
-0.05958
-0.05987
-0.06016
-0.06044
-0.06073
-0.06102
-0.06130
-0.06159
-0.06188
-0.06216
-0.06245
-0.06274
-0.06302
-0.06331
-0.06360
-0.06389
-0.06417
-0.06446
-0.06475
-0.06503
-0.06532
-0.06561
-0.06589
-0.06618
-0.06647
-0.06676
-0.06704
-0.06733
-0.06762
-0.06790
-0.06819
-0.06848
-0.06876
-0.06905
-0.06934
-0.06962
-0.06991
-0.07020
-0.07049
-0.07077
-0.07106
-0.07135
-0.07163
-0.07192
-0.07221
-0.07249
-0.07278
-0.07307
-0.07336
-0.07364
-0.07393
-0.07422
-0.07450
-0.07479
-0.07508
-0.07536
-0.07565
-0.07594
-0.07622
-0.07651
-0.07680
-0.07709
-0.07737
-0.07766
-0.07795
-0.07823
-0.07852
-0.07881
-0.07909
-0.07938
-0.07967
-0.07995
-0.08024
-0.08053
-0.08082
-0.08110
-0.08139
-0.08168
-0.08196
-0.08225
-0.08254
-0.08282
-0.08311
-0.08340
-0.08369
-0.08397
-0.08426
-0.08455
-0.08483
-0.08512
-0.08541
-0.08569
-0.08598
-0.08627
-0.08655
-0.08684
-0.08713
-0.08742
-0.08770
-0.08799
-0.08828
-0.08856
-0.08885
-0.08914
-0.08942
-0.08971
-0.09000
-0.09029
-0.09057
-0.09086
-0.09115
-0.09143
-0.09172
-0.09201
-0.09229
-0.09258
-0.09287
-0.09315
-0.09344
-0.09373
-0.09402
-0.09430
-0.09459
-0.09488
-0.09516
-0.09545
-0.09574
-0.09602
-0.09631
-0.09660
-0.09688
-0.09717
-0.09746
-0.09775
-0.09803
-0.09832
-0.09861
-0.09889
-0.09918
-0.09947
-0.09975
-0.10004
-0.10033
-0.10062
-0.10090
-0.10119
-0.10148
-0.10176
-0.10205
-0.10234
-0.10262
-0.10291
-0.10320
-0.10348
-0.10377
-0.10406
-0.10435
-0.10463
-0.10492
-0.10521
-0.10549
-0.10578
-0.10607
-0.10635
-0.10664
-0.10693
-0.10721
-0.10750
-0.10779
-0.10808
-0.10836
-0.10865
-0.10894
-0.10922
-0.10951
-0.10980
-0.11008
-0.11037
-0.11066
-0.11095
-0.11123
-0.11152
-0.11181
-0.11209
-0.11238
-0.11267
-0.11295
-0.11324
-0.11353
-0.11381
-0.11410
-0.11439
-0.11468
-0.11496
-0.11525
-0.11554
-0.11582
-0.11611
-0.11640
-0.11668
-0.11697
-0.11726
-0.11754
-0.11783
-0.11812
-0.11841
-0.11869
-0.11898
-0.11927
-0.11955
-0.11984
-0.12013
-0.12041
-0.12070
-0.12099
-0.12128
-0.12156
-0.12185
-0.12214
-0.12242
-0.12271
-0.12300
-0.12328
-0.12357
-0.12386
-0.12414
-0.12443
-0.12472
-0.12501
-0.12529
-0.12558
-0.12587
-0.12615
-0.12644
-0.12673
-0.12701
-0.12730
-0.12759
-0.12787
-0.12816
-0.12845
-0.12874
-0.12902
-0.12931
-0.12960
-0.12988
-0.13017
-0.13046
-0.13074
-0.13103
-0.13132
-0.13160
-0.13189
-0.13218
-0.13247
-0.13275
-0.13304
-0.13333
-0.13361
-0.13390
-0.13419
-0.13447
-0.13476
-0.13505
-0.13534
-0.13562
-0.13591
-0.13620
-0.13648
-0.13677
-0.13706
-0.13734
-0.13763
-0.13792
-0.13820
-0.13849
-0.13878
-0.13907
-0.13935
-0.13964
-0.13993
-0.14021
-0.14050
-0.14079
-0.14107
-0.14136
-0.14165
-0.14193
-0.14222
-0.14251
-0.14280
-0.14308
-0.14337
-0.14366
-0.14394
-0.14423
-0.14452
-0.14480
-0.14509
-0.14538
-0.14566
-0.14595
-0.14624
-0.14653
-0.14681
-0.14710
-0.14739
-0.14767
-0.14796
-0.14825
-0.14853
-0.14882
-0.14911
-0.14939
-0.14968
-0.14997
-0.15026
-0.15054
-0.15083
-0.15112
-0.15140
-0.15169
-0.15198
-0.15226
-0.15255
-0.15284
-0.15312
-0.15341
-0.15370
-0.15399
-0.15427
-0.15456
-0.15485
-0.15513
-0.15542
-0.15571
-0.15599
-0.15628
-0.15657
-0.15685
-0.15714
-0.15743
-0.15772
-0.15800
-0.15829
-0.15858
-0.15886
-0.15915
-0.15944
-0.15972
-0.16001
-0.16030
-0.16059
-0.16087
-0.16116
-0.16145
-0.16173
-0.16202
-0.16231
-0.16259
-0.16288
-0.16317
-0.16345
-0.16374
-0.16403
-0.16432
-0.16460
-0.16489
-0.16518
-0.16546
-0.16575
-0.16604
-0.16632
-0.16661
-0.16690
-0.16718
-0.16747
-0.16776
-0.16805
-0.16833
-0.16862
-0.16891
-0.16919
-0.16948
-0.16977
-0.17005
-0.17034
-0.17063
-0.17091
-0.17120
-0.17149
-0.17178
-0.17206
-0.17235
-0.17264
-0.17292
-0.17321
-0.17350
-0.17378
-0.17407
-0.17436
-0.17464
-0.17493
-0.17522
-0.17551
-0.17579
-0.17608
-0.17637
-0.17665
-0.17694
-0.17723
-0.17751
-0.17780
-0.17809
-0.17837
-0.17866
-0.17895
-0.17924
-0.17952
-0.17981
-0.18010
-0.18038
-0.18067
-0.18096
-0.18124
-0.18153
-0.18182
-0.18210
-0.18239
-0.18268
-0.18297
-0.18325
-0.18354
-0.18383
-0.18411
-0.18440
-0.18469
-0.18497
-0.18526
-0.18555
-0.18583
-0.18612
-0.18641
-0.18670
-0.18698
-0.18727
-0.18756
-0.18784
-0.18813
-0.18842
-0.18870
-0.18899
-0.18928
-0.18956
-0.18985
-0.19014
-0.19043
-0.19071
-0.19100
-0.19129
-0.19157
-0.19186
-0.19215
-0.19243
-0.19272
-0.19301
-0.19329
-0.19358
-0.19387
-0.19416
-0.19444
-0.19473
-0.19502
-0.19530
-0.19559
-0.19588
-0.19616
-0.19645
-0.19674
-0.19702
-0.19731
-0.19760
-0.19788
-0.19817
-0.19846
-0.19875
-0.19903
-0.19932
-0.19961
-0.19989
-0.20018
-0.20047
-0.20075
-0.20104
-0.20133
-0.20161
-0.20190
-0.20219
-0.20248
-0.20276
-0.20305
-0.20334
-0.20362
-0.20391
-0.20420
-0.20448
-0.20477
-0.20506
-0.20534
-0.20563
-0.20592
-0.20621
-0.20649
-0.20678
-0.20707
-0.20735
-0.20764
-0.20793
-0.20821
-0.20850
-0.20879
-0.20907
-0.20936
-0.20965
-0.20994
-0.21022
-0.21051
-0.21080
-0.21108
-0.21137
-0.21166
-0.21194
-0.21223
-0.21252
-0.21280
-0.21309
-0.21338
-0.21367
-0.21395
-0.21424
-0.21453
-0.21481
-0.21510
-0.21539
-0.21567
-0.21596
-0.21625
-0.21653
-0.21682
-0.21711
-0.21740
-0.21768
-0.21797
-0.21826
-0.21854
-0.21883
-0.21912
-0.21940
-0.21969
-0.21998
-0.22026
-0.22055
-0.22084
-0.22113
-0.22141
-0.22170
-0.22199
-0.22227
-0.22256
-0.22285
-0.22313
-0.22342
-0.22371
-0.22399
-0.22428
-0.22457
-0.22485
-0.22514
-0.22543
-0.22572
-0.22600
-0.22629
-0.22658
-0.22686
-0.22715
-0.22744
-0.22772
-0.22801
-0.22830
-0.22858
-0.22887
-0.22916
-0.22945
-0.22973
-0.23002
-0.23031
-0.23059
-0.23088
-0.23117
-0.23145
-0.23174
-0.23203
-0.23231
-0.23260
-0.23289
-0.23318
-0.23346
-0.23375
-0.23404
-0.23432
-0.23461
-0.23490
-0.23518
-0.23547
-0.23576
-0.23604
-0.23633
-0.23662
-0.23690
-0.23719
-0.23748
-0.23777
-0.23805
-0.23834
-0.23863
-0.23891
-0.23920
-0.23949
-0.23977
-0.24006
-0.24035
-0.24063
-0.24092
-0.24121
-0.24150
-0.24178
-0.24207
-0.24236
-0.24264
-0.24293
-0.24322
-0.24350
-0.24379
-0.24408
-0.24436
-0.24465
-0.24494
-0.24523
-0.24551
-0.24580
-0.24609
-0.24637
-0.24666
-0.24695
-0.24723
-0.24752
-0.24781
-0.24809
-0.24838
-0.24867
-0.24895
-0.24924
-0.24953
-0.24982
-0.25010
-0.25039
-0.25068
-0.25096
-0.25125
-0.25154
-0.25182
-0.25211
-0.25240
-0.25268
-0.25297
-0.25326
-0.25355
-0.25383
-0.25412
-0.25441
-0.25469
-0.25498
-0.25527
-0.25555
-0.25584
-0.25613
-0.25641
-0.25670
-0.25699
-0.25728
-0.25756
-0.25785
-0.25814
-0.25842
-0.25871
-0.25900
-0.25928
-0.25957
-0.25986
-0.26014
-0.26043
-0.26072
-0.26100
-0.26129
-0.26158
-0.26187
-0.26215
-0.26244
-0.26273
-0.26301
-0.26330
-0.26359
-0.26387
-0.26416
-0.26445
-0.26473
-0.26502
-0.26531
-0.26560
-0.26588
-0.26617
-0.26646
-0.26674
-0.26703
-0.26732
-0.26760
-0.26789
-0.26818
-0.26846
-0.26875
-0.26904
-0.26932
-0.26961
-0.26990
-0.27019
-0.27047
-0.27076
-0.27105
-0.27133
-0.27162
-0.27191
-0.27219
-0.27248
-0.27277
-0.27305
-0.27334
-0.27363
-0.27392
-0.27420
-0.27449
-0.27478
-0.27506
-0.27535
-0.27564
-0.27592
-0.27621
-0.27650
-0.27678
-0.27707
-0.27736
-0.27764
-0.27793
-0.27822
-0.27851
-0.27879
-0.27908
-0.27937
-0.27965
-0.27994
-0.28023
-0.28051
-0.28080
-0.28109
-0.28137
-0.28166
-0.28195
-0.28224
-0.28252
-0.28281
-0.28310
-0.28338
-0.28367
-0.28396
-0.28424
-0.28453
-0.28482
-0.28510
-0.28539
-0.28568
-0.28596
-0.28625
-0.28654
-0.28683
-0.28711
-0.28740
-0.28769
-0.28797
-0.28826
-0.28855
-0.28883
-0.28912
-0.28941
-0.28969
-0.28998
-0.29027
-0.29056
-0.29084
-0.29113
-0.29142
-0.29170
-0.29199
-0.29228
-0.29256
-0.29285
-0.29314
-0.29342
-0.29371
-0.29400
-0.29428
-0.29457
-0.29486
-0.29515
-0.29543
-0.29572
-0.29601
-0.29629
-0.29658
-0.29687
-0.29715
-0.29744
-0.29773
-0.29801
-0.29830
-0.29859
-0.29887
-0.29916
-0.29945
-0.29974
-0.30002
-0.30031
-0.30060
-0.30088
-0.30117
-0.30146
-0.30174
-0.30203
-0.30232
-0.30260
-0.30289
-0.30318
-0.30347
-0.30375
-0.30404
-0.30433
-0.30461
-0.30490
-0.30519
-0.30547
-0.30576
-0.30605
-0.30633
-0.30662
-0.30691
-0.30719
-0.30748
-0.30777
-0.30806
-0.30834
-0.30863
-0.30892
-0.30920
-0.30949
-0.30978
-0.31006
-0.31035
-0.31064
-0.31092
-0.31121
-0.31150
-0.31178
-0.31207
-0.31236
-0.31265
-0.31293
-0.31322
-0.31351
-0.31379
-0.31408
-0.31437
-0.31465
-0.31494
-0.31523
-0.31551
-0.31580
-0.31609
-0.31637
-0.31666
-0.31695
-0.31724
-0.31752
-0.31781
-0.31810
-0.31838
-0.31867
-0.31896
-0.31924
-0.31953
-0.31982
-0.32010
-0.32039
-0.32068
-0.32096
-0.32125
-0.32154
-0.32183
-0.32211
-0.32240
-0.32269
-0.32297
-0.32326
-0.32355
-0.32383
-0.32412
-0.32441
-0.32469
-0.32498
-0.32527
-0.32556
-0.32584
-0.32613
-0.32642
-0.32670
-0.32699
-0.32728
-0.32756
-0.32785
-0.32814
-0.32842
-0.32871
-0.32900
-0.32928
-0.32957
-0.32986
-0.33015
-0.33043
-0.33072
-0.33101
-0.33129
-0.33158
-0.33187
-0.33215
-0.33244
-0.33273
-0.33301
-0.33330
-0.33359
-0.33387
-0.33416
-0.33445
-0.33474
-0.33502
-0.33531
-0.33560
-0.33588
-0.33617
-0.33646
-0.33674
-0.33703
-0.33732
-0.33760
-0.33789
-0.33818
-0.33846
-0.33875
-0.33904
-0.33933
-0.33961
-0.33990
-0.34019
-0.34047
-0.34076
-0.34105
-0.34133
-0.34162
-0.34191
-0.34219
-0.34248
-0.34277
-0.34305
-0.34334
-0.34363
-0.34392
-0.34420
-0.34449
-0.34478
-0.34506
-0.34535
-0.34564
-0.34592
-0.34621
-0.34650
-0.34678
-0.34707
-0.34736
-0.34764
-0.34793
-0.34822
-0.34851
-0.34879
-0.34908
-0.34937
-0.34965
-0.34994
-0.35023
-0.35051
-0.35080
-0.35109
-0.35137
-0.35166
-0.35195
-0.35223
-0.35252
-0.35281
-0.35310
-0.35338
-0.35367
-0.35396
-0.35424
-0.35453
-0.35482
-0.35510
-0.35539
-0.35568
-0.35596
-0.35625
-0.35654
-0.35682
-0.35711
-0.35740
-0.35769
-0.35797
-0.35826
-0.35855
-0.35883
-0.35912
-0.35941
-0.35969
-0.35998
-0.36027
-0.36055
-0.36084
-0.36113
-0.36141
-0.36170
-0.36199
-0.36228
-0.36256
-0.36285
-0.36314
-0.36342
-0.36371
-0.36400
-0.36428
-0.36457
-0.36486
-0.36514
-0.36543
-0.36572
-0.36600
-0.36629
-0.36658
-0.36687
-0.36715
-0.36744
-0.36773
-0.36801
-0.36830
-0.36859
-0.36887
-0.36916
-0.36945
-0.36973
-0.37002
-0.37031
-0.37059
-0.37088
-0.37117
-0.37145
-0.37174
-0.37203
-0.37232
-0.37260
-0.37289
-0.37318
-0.37346
-0.37375
-0.37404
-0.37432
-0.37461
-0.37490
-0.37518
-0.37547
-0.37576
-0.37604
-0.37633
-0.37662
-0.37691
-0.37719
-0.37748
-0.37777
-0.37805
-0.37834
-0.37863
-0.37891
-0.37920
-0.37949
-0.37977
-0.38006
-0.38035
-0.38063
-0.38092
-0.38121
-0.38150
-0.38178
-0.38207
-0.38236
-0.38264
-0.38293
-0.38322
-0.38350
-0.38379
-0.38408
-0.38436
-0.38465
-0.38494
-0.38522
-0.38551
-0.38580
-0.38609
-0.38637
-0.38666
-0.38695
-0.38723
-0.38752
-0.38781
-0.38809
-0.38838
-0.38867
-0.38895
-0.38924
-0.38953
-0.38981
-0.39010
-0.39039
-0.39067
-0.39096
-0.39125
-0.39154
-0.39182
-0.39211
-0.39240
-0.39268
-0.39297
-0.39326
-0.39354
-0.39383
-0.39412
-0.39440
-0.39469
-0.39498
-0.39526
-0.39555
-0.39584
-0.39613
-0.39641
-0.39670
-0.39699
-0.39727
-0.39756
-0.39785
-0.39813
-0.39842
-0.39871
-0.39899
-0.39928
-0.39957
-0.39985
-0.40014
-0.40043
-0.40071
-0.40100
-0.40129
-0.40158
-0.40186
-0.40215
-0.40244
-0.40272
-0.40301
-0.40330
-0.40358
-0.40387
-0.40416
-0.40444
-0.40473
-0.40502
-0.40530
-0.40559
-0.40588
-0.40617
-0.40645
-0.40674
-0.40703
-0.40731
-0.40760
-0.40789
-0.40817
-0.40846
-0.40875
-0.40903
-0.40932
-0.40961
-0.40989
-0.41018
-0.41047
-0.41076
-0.41104
-0.41133
-0.41162
-0.41190
-0.41219
-0.41248
-0.41276
-0.41305
-0.41334
-0.41362
-0.41391
-0.41420
-0.41448
-0.41477
-0.41506
-0.41534
-0.41563
-0.41592
-0.41621
-0.41649
-0.41678
-0.41707
-0.41735
-0.41764
-0.41793
-0.41821
-0.41850
-0.41879
-0.41907
-0.41936
-0.41965
-0.41993
-0.42022
-0.42051
-0.42079
-0.42108
-0.42137
-0.42166
-0.42194
-0.42223
-0.42252
-0.42280
-0.42309
-0.42338
-0.42366
-0.42395
-0.42424
-0.42452
-0.42481
-0.42510
-0.42538
-0.42567
-0.42596
-0.42625
-0.42653
-0.42682
-0.42711
-0.42739
-0.42768
-0.42797
-0.42825
-0.42854
-0.42883
-0.42911
-0.42940
-0.42969
-0.42997
-0.43026
-0.43055
-0.43083
-0.43112
-0.43141
-0.43170
-0.43198
-0.43227
-0.43256
-0.43284
-0.43313
-0.43342
-0.43370
-0.43399
-0.43428
-0.43456
-0.43485
-0.43514
-0.43542
-0.43571
-0.43600
-0.43628
-0.43657
-0.43686
-0.43715
-0.43743
-0.43772
-0.43801
-0.43829
-0.43858
-0.43887
-0.43915
-0.43944
-0.43973
-0.44001
-0.44030
-0.44059
-0.44087
-0.44116
-0.44145
-0.44174
-0.44202
-0.44231
-0.44260
-0.44288
-0.44317
-0.44346
-0.44374
-0.44403
-0.44432
-0.44460
-0.44489
-0.44518
-0.44546
-0.44575
-0.44604
-0.44632
-0.44661
-0.44690
-0.44719
-0.44747
-0.44776
-0.44805
-0.44833
-0.44862
-0.44891
-0.44919
-0.44948
-0.44977
-0.45005
-0.45034
-0.45063
-0.45091
-0.45120
-0.45149
-0.45177
-0.45206
-0.45235
-0.45264
-0.45292
-0.45321
-0.45350
-0.45378
-0.45407
-0.45436
-0.45464
-0.45493
-0.45522
-0.45550
-0.45579
-0.45608
-0.45636
-0.45665
-0.45694
-0.45722
-0.45751
-0.45780
-0.45809
-0.45837
-0.45866
-0.45895
-0.45923
-0.45952
-0.45981
-0.46009
-0.46038
-0.46067
-0.46095
-0.46124
-0.46153
-0.46181
-0.46210
-0.46239
-0.46267
-0.46296
-0.46325
-0.46354
-0.46382
-0.46411
-0.46440
-0.46468
-0.46497
-0.46526
-0.46554
-0.46583
-0.46612
-0.46640
-0.46669
-0.46698
-0.46726
-0.46755
-0.46784
-0.46812
-0.46841
-0.46870
-0.46899
-0.46927
-0.46956
-0.46985
-0.47013
-0.47042
-0.47071
-0.47099
-0.47128
-0.47157
-0.47185
-0.47214
-0.47243
-0.47271
-0.47300
-0.47329
-0.47357
-0.47386
-0.47415
-0.47444
-0.47472
-0.47501
-0.47530
-0.47558
-0.47587
-0.47616
-0.47644
-0.47673
-0.47702
-0.47730
-0.47759
-0.47788
-0.47816
-0.47845
-0.47874
-0.47902
-0.47931
-0.47960
-0.47988
-0.48017
-0.48046
-0.48075
-0.48103
-0.48132
-0.48161
-0.48189
-0.48218
-0.48247
-0.48275
-0.48304
-0.48333
-0.48361
-0.48390
-0.48419
-0.48447
-0.48476
-0.48505
-0.48533
-0.48562
-0.48591
-0.48620
-0.48648
-0.48677
-0.48706
-0.48734
-0.48763
-0.48792
-0.48820
-0.48849
-0.48878
-0.48906
-0.48935
-0.48964
-0.48992
-0.49021
-0.49050
-0.49078
-0.49107
-0.49136
-0.49165
-0.49193
-0.49222
-0.49251
-0.49279
-0.49308
-0.49337
-0.49365
-0.49394
-0.49423
-0.49451
-0.49480
-0.49509
-0.49537
-0.49566
-0.49595
-0.49623
-0.49652
-0.49681
-0.49710
-0.49738
-0.49767
-0.49796
-0.49824
-0.49853
-0.49882
-0.49910
-0.49939
-0.49968
-0.49996
-0.50025
-0.50054
-0.50082
-0.50111
-0.50140
-0.50168
-0.50197
-0.50226
-0.50254
-0.50283
-0.50312
-0.50341
-0.50369
-0.50398
-0.50427
-0.50455
-0.50484
-0.50513
-0.50541
-0.50570
-0.50599
-0.50627
-0.50656
-0.50685
-0.50713
-0.50742
-0.50771
-0.50799
-0.50828
-0.50857
-0.50886
-0.50914
-0.50943
-0.50972
-0.51000
-0.51029
-0.51058
-0.51086
-0.51115
-0.51144
-0.51172
-0.51201
-0.51230
-0.51258
-0.51287
-0.51316
-0.51344
-0.51373
-0.51402
-0.51430
-0.51459
-0.51488
-0.51517
-0.51545
-0.51574
-0.51603
-0.51631
-0.51660
-0.51689
-0.51717
-0.51746
-0.51775
-0.51803
-0.51832
-0.51861
-0.51889
-0.51918
-0.51947
-0.51975
-0.52004
-0.52033
-0.52061
-0.52090
-0.52119
-0.52148
-0.52176
-0.52205
-0.52234
-0.52262
-0.52291
-0.52320
-0.52348
-0.52377
-0.52406
-0.52434
-0.52463
-0.52492
-0.52520
-0.52549
-0.52578
-0.52606
-0.52635
-0.52664
-0.52693
-0.52721
-0.52750
-0.52779
-0.52807
-0.52836
-0.52865
-0.52893
-0.52922
-0.52951
-0.52979
-0.53008
-0.53037
-0.53065
-0.53094
-0.53123
-0.53151
-0.53180
-0.53209
-0.53237
-0.53266
-0.53295
-0.53324
-0.53352
-0.53381
-0.53410
-0.53438
-0.53467
-0.53496
-0.53524
-0.53553
-0.53582
-0.53610
-0.53639
-0.53668
-0.53696
-0.53725
-0.53754
-0.53782
-0.53811
-0.53840
-0.53868
-0.53897
-0.53926
-0.53955
-0.53983
-0.54012
-0.54041
-0.54069
-0.54098
-0.54127
-0.54155
-0.54184
-0.54213
-0.54241
-0.54270
-0.54299
-0.54327
-0.54356
-0.54385
-0.54413
-0.54442
-0.54471
-0.54499
-0.54528
-0.54557
-0.54586
-0.54614
-0.54643
-0.54672
-0.54700
-0.54729
-0.54758
-0.54786
-0.54815
-0.54844
-0.54872
-0.54901
-0.54930
-0.54958
-0.54987
-0.55016
-0.55044
-0.55073
-0.55102
-0.55130
-0.55159
-0.55188
-0.55217
-0.55245
-0.55274
-0.55303
-0.55331
-0.55360
-0.55389
-0.55417
-0.55446
-0.55475
-0.55503
-0.55532
-0.55561
-0.55589
-0.55618
-0.55647
-0.55675
-0.55704
-0.55733
-0.55761
-0.55790
-0.55819
-0.55848
-0.55876
-0.55905
-0.55934
-0.55962
-0.55991
-0.56020
-0.56048
-0.56077
-0.56106
-0.56134
-0.56163
-0.56192
-0.56220
-0.56249
-0.56278
-0.56306
-0.56335
-0.56364
-0.56392
-0.56421
-0.56450
-0.56478
-0.56507
-0.56536
-0.56565
-0.56593
-0.56622
-0.56651
-0.56679
-0.56708
-0.56737
-0.56765
-0.56794
-0.56823
-0.56851
-0.56880
-0.56909
-0.56937
-0.56966
-0.56995
-0.57023
-0.57052
-0.57081
-0.57109
-0.57138
-0.57167
-0.57196
-0.57224
-0.57253
-0.57282
-0.57310
-0.57339
-0.57368
-0.57396
-0.57425
-0.57454
-0.57482
-0.57511
-0.57540
-0.57568
-0.57597
-0.57626
-0.57654
-0.57683
-0.57712
-0.57740
-0.57769
-0.57798
-0.57827
-0.57855
-0.57884
-0.57913
-0.57941
-0.57970
-0.57999
-0.58027
-0.58056
-0.58085
-0.58113
-0.58142
-0.58171
-0.58199
-0.58228
-0.58257
-0.58285
-0.58314
-0.58343
-0.58371
-0.58400
-0.58429
-0.58457
-0.58486
-0.58515
-0.58544
-0.58572
-0.58601
-0.58630
-0.58658
-0.58687
-0.58716
-0.58744
-0.58773
-0.58802
-0.58830
-0.58859
-0.58888
-0.58916
-0.58945
-0.58974
-0.59002
-0.59031
-0.59060
-0.59088
-0.59117
-0.59146
-0.59174
-0.59203
-0.59232
-0.59261
-0.59289
-0.59318
-0.59347
-0.59375
-0.59404
-0.59433
-0.59461
-0.59490
-0.59519
-0.59547
-0.59576
-0.59605
-0.59633
-0.59662
-0.59691
-0.59719
-0.59748
-0.59777
-0.59805
-0.59834
-0.59863
-0.59892
-0.59920
-0.59949
-0.59978
-0.60006
-0.60035
-0.60064
-0.60092
-0.60121
-0.60150
-0.60178
-0.60207
-0.60236
-0.60264
-0.60293
-0.60322
-0.60350
-0.60379
-0.60408
-0.60436
-0.60465
-0.60494
-0.60522
-0.60551
-0.60580
-0.60609
-0.60637
-0.60666
-0.60695
-0.60723
-0.60752
-0.60781
-0.60809
-0.60838
-0.60867
-0.60895
-0.60924
-0.60953
-0.60981
-0.61010
-0.61039
-0.61067
-0.61096
-0.61125
-0.61153
-0.61182
-0.61211
-0.61239
-0.61268
-0.61297
-0.61326
-0.61354
-0.61383
-0.61412
-0.61440
-0.61469
-0.61498
-0.61526
-0.61555
-0.61584
-0.61612
-0.61641
-0.61670
-0.61698
-0.61727
-0.61756
-0.61784
-0.61813
-0.61842
-0.61870
-0.61899
-0.61928
-0.61956
-0.61985
-0.62014
-0.62043
-0.62071
-0.62100
-0.62129
-0.62157
-0.62186
-0.62215
-0.62243
-0.62272
-0.62301
-0.62329
-0.62358
-0.62387
-0.62415
-0.62444
-0.62473
-0.62501
-0.62530
-0.62559
-0.62587
-0.62616
-0.62645
-0.62673
-0.62702
-0.62731
-0.62759
-0.62788
-0.62817
-0.62846
-0.62874
-0.62903
-0.62932
-0.62960
-0.62989
-0.63018
-0.63046
-0.63075
-0.63104
-0.63132
-0.63161
-0.63190
-0.63218
-0.63247
-0.63276
-0.63304
-0.63333
-0.63362
-0.63390
-0.63419
-0.63448
-0.63476
-0.63505
-0.63534
-0.63563
-0.63591
-0.63620
-0.63649
-0.63677
-0.63706
-0.63735
-0.63763
-0.63792
-0.63821
-0.63849
-0.63878
-0.63907
-0.63935
-0.63964
-0.63993
-0.64021
-0.64050
-0.64079
-0.64107
-0.64136
-0.64165
-0.64193
-0.64222
-0.64251
-0.64279
-0.64308
-0.64337
-0.64366
-0.64394
-0.64423
-0.64452
-0.64480
-0.64509
-0.64538
-0.64566
-0.64595
-0.64624
-0.64652
-0.64681
-0.64710
-0.64738
-0.64767
-0.64796
-0.64824
-0.64853
-0.64882
-0.64910
-0.64939
-0.64968
-0.64996
-0.65025
-0.65054
-0.65082
-0.65111
-0.65140
-0.65169
-0.65197
-0.65226
-0.65255
-0.65283
-0.65312
-0.65341
-0.65369
-0.65398
-0.65427
-0.65455
-0.65484
-0.65513
-0.65541
-0.65570
-0.65599
-0.65627
-0.65656
-0.65685
-0.65713
-0.65742
-0.65771
-0.65799
-0.65828
-0.65857
-0.65885
-0.65914
-0.65943
-0.65972
-0.66000
-0.66029
-0.66058
-0.66086
-0.66115
-0.66144
-0.66172
-0.66201
-0.66230
-0.66258
-0.66287
-0.66316
-0.66344
-0.66373
-0.66402
-0.66430
-0.66459
-0.66488
-0.66516
-0.66545
-0.66574
-0.66602
-0.66631
-0.66660
-0.66688
-0.66717
-0.66746
-0.66775
-0.66803
-0.66832
-0.66861
-0.66889
-0.66918
-0.66947
-0.66975
-0.67004
-0.67033
-0.67061
-0.67090
-0.67119
-0.67147
-0.67176
-0.67205
-0.67233
-0.67262
-0.67291
-0.67319
-0.67348
-0.67377
-0.67405
-0.67434
-0.67463
-0.67491
-0.67520
-0.67549
-0.67578
-0.67606
-0.67635
-0.67664
-0.67692
-0.67721
-0.67750
-0.67778
-0.67807
-0.67836
-0.67864
-0.67893
-0.67922
-0.67950
-0.67979
-0.68008
-0.68036
-0.68065
-0.68094
-0.68122
-0.68151
-0.68180
-0.68208
-0.68237
-0.68266
-0.68294
-0.68323
-0.68352
-0.68380
-0.68409
-0.68438
-0.68467
-0.68495
-0.68524
-0.68553
-0.68581
-0.68610
-0.68639
-0.68667
-0.68696
-0.68725
-0.68753
-0.68782
-0.68811
-0.68839
-0.68868
-0.68897
-0.68925
-0.68954
-0.68983
-0.69011
-0.69040
-0.69069
-0.69097
-0.69126
-0.69155
-0.69183
-0.69212
-0.69241
-0.69270
-0.69298
-0.69327
-0.69356
-0.69384
-0.69413
-0.69442
-0.69470
-0.69499
-0.69528
-0.69556
-0.69585
-0.69614
-0.69642
-0.69671
-0.69700
-0.69728
-0.69757
-0.69786
-0.69814
-0.69843
-0.69872
-0.69900
-0.69929
-0.69958
-0.69986
-0.70015
-0.70044
-0.70072
-0.70101
-0.70130
-0.70159
-0.70187
-0.70216
-0.70245
-0.70273
-0.70302
-0.70331
-0.70359
-0.70388
-0.70417
-0.70445
-0.70474
-0.70503
-0.70531
-0.70560
-0.70589
-0.70617
-0.70646
-0.70675
-0.70703
-0.70732
-0.70761
-0.70789
-0.70818
-0.70847
-0.70875
-0.70904
-0.70933
-0.70961
-0.70990
-0.71019
-0.71047
-0.71076
-0.71105
-0.71134
-0.71162
-0.71191
-0.71220
-0.71248
-0.71277
-0.71306
-0.71334
-0.71363
-0.71392
-0.71420
-0.71449
-0.71478
-0.71506
-0.71535
-0.71564
-0.71592
-0.71621
-0.71650
-0.71678
-0.71707
-0.71736
-0.71764
-0.71793
-0.71822
-0.71850
-0.71879
-0.71908
-0.71936
-0.71965
-0.71994
-0.72023
-0.72051
-0.72080
-0.72109
-0.72137
-0.72166
-0.72195
-0.72223
-0.72252
-0.72281
-0.72309
-0.72338
-0.72367
-0.72395
-0.72424
-0.72453
-0.72481
-0.72510
-0.72539
-0.72567
-0.72596
-0.72625
-0.72653
-0.72682
-0.72711
-0.72739
-0.72768
-0.72797
-0.72825
-0.72854
-0.72883
-0.72911
-0.72940
-0.72969
-0.72998
-0.73026
-0.73055
-0.73084
-0.73112
-0.73141
-0.73170
-0.73198
-0.73227
-0.73256
-0.73284
-0.73313
-0.73342
-0.73370
-0.73399
-0.73428
-0.73456
-0.73485
-0.73514
-0.73542
-0.73571
-0.73600
-0.73628
-0.73657
-0.73686
-0.73714
-0.73743
-0.73772
-0.73800
-0.73829
-0.73858
-0.73886
-0.73915
-0.73944
-0.73973
-0.74001
-0.74030
-0.74059
-0.74087
-0.74116
-0.74145
-0.74173
-0.74202
-0.74231
-0.74259
-0.74288
-0.74317
-0.74345
-0.74374
-0.74403
-0.74431
-0.74460
-0.74489
-0.74517
-0.74546
-0.74575
-0.74603
-0.74632
-0.74661
-0.74689
-0.74718
-0.74747
-0.74775
-0.74804
-0.74833
-0.74861
-0.74890
-0.74919
-0.74947
-0.74976
-0.75005
-0.75034
-0.75062
-0.75091
-0.75120
-0.75148
-0.75177
-0.75206
-0.75234
-0.75263
-0.75292
-0.75320
-0.75349
-0.75378
-0.75406
-0.75435
-0.75464
-0.75492
-0.75521
-0.75550
-0.75578
-0.75607
-0.75636
-0.75664
-0.75693
-0.75722
-0.75750
-0.75779
-0.75808
-0.75836
-0.75865
-0.75894
-0.75922
-0.75951
-0.75980
-0.76008
-0.76037
-0.76066
-0.76095
-0.76123
-0.76152
-0.76181
-0.76209
-0.76238
-0.76267
-0.76295
-0.76324
-0.76353
-0.76381
-0.76410
-0.76439
-0.76467
-0.76496
-0.76525
-0.76553
-0.76582
-0.76611
-0.76639
-0.76668
-0.76697
-0.76725
-0.76754
-0.76783
-0.76811
-0.76840
-0.76869
-0.76897
-0.76926
-0.76955
-0.76983
-0.77012
-0.77041
-0.77069
-0.77098
-0.77127
-0.77156
-0.77184
-0.77213
-0.77242
-0.77270
-0.77299
-0.77328
-0.77356
-0.77385
-0.77414
-0.77442
-0.77471
-0.77500
-0.77528
-0.77557
-0.77586
-0.77614
-0.77643
-0.77672
-0.77700
-0.77729
-0.77758
-0.77786
-0.77815
-0.77844
-0.77872
-0.77901
-0.77930
-0.77958
-0.77987
-0.78016
-0.78044
-0.78073
-0.78102
-0.78130
-0.78159
-0.78188
-0.78216
-0.78245
-0.78274
-0.78303
-0.78331
-0.78360
-0.78389
-0.78417
-0.78446
-0.78475
-0.78503
-0.78532
-0.78561
-0.78589
-0.78618
-0.78647
-0.78675
-0.78704
-0.78733
-0.78761
-0.78790
-0.78819
-0.78847
-0.78876
-0.78905
-0.78933
-0.78962
-0.78991
-0.79019
-0.79048
-0.79077
-0.79105
-0.79134
-0.79163
-0.79191
-0.79220
-0.79249
-0.79277
-0.79306
-0.79335
-0.79363
-0.79392
-0.79421
-0.79450
-0.79478
-0.79507
-0.79536
-0.79564
-0.79593
-0.79622
-0.79650
-0.79679
-0.79708
-0.79736
-0.79765
-0.79794
-0.79822
-0.79851
-0.79880
-0.79908
-0.79937
-0.79966
-0.79994
-0.80023
-0.80052
-0.80080
-0.80109
-0.80138
-0.80166
-0.80195
-0.80224
-0.80252
-0.80281
-0.80310
-0.80338
-0.80367
-0.80396
-0.80424
-0.80453
-0.80482
-0.80510
-0.80539
-0.80568
-0.80596
-0.80625
-0.80654
-0.80683
-0.80711
-0.80740
-0.80769
-0.80797
-0.80826
-0.80855
-0.80883
-0.80912
-0.80941
-0.80969
-0.80998
-0.81027
-0.81055
-0.81084
-0.81113
-0.81141
-0.81170
-0.81199
-0.81227
-0.81256
-0.81285
-0.81313
-0.81342
-0.81371
-0.81399
-0.81428
-0.81457
-0.81485
-0.81514
-0.81543
-0.81571
-0.81600
-0.81629
-0.81657
-0.81686
-0.81715
-0.81743
-0.81772
-0.81801
-0.81829
-0.81858
-0.81887
-0.81915
-0.81944
-0.81973
-0.82002
-0.82030
-0.82059
-0.82088
-0.82116
-0.82145
-0.82174
-0.82202
-0.82231
-0.82260
-0.82288
-0.82317
-0.82346
-0.82374
-0.82403
-0.82432
-0.82460
-0.82489
-0.82518
-0.82546
-0.82575
-0.82604
-0.82632
-0.82661
-0.82690
-0.82718
-0.82747
-0.82776
-0.82804
-0.82833
-0.82862
-0.82890
-0.82919
-0.82948
-0.82976
-0.83005
-0.83034
-0.83062
-0.83091
-0.83120
-0.83148
-0.83177
-0.83206
-0.83234
-0.83263
-0.83292
-0.83321
-0.83349
-0.83378
-0.83407
-0.83435
-0.83464
-0.83493
-0.83521
-0.83550
-0.83579
-0.83607
-0.83636
-0.83665
-0.83693
-0.83722
-0.83751
-0.83779
-0.83808
-0.83837
-0.83865
-0.83894
-0.83923
-0.83951
-0.83980
-0.84009
-0.84037
-0.84066
-0.84095
-0.84123
-0.84152
-0.84181
-0.84209
-0.84238
-0.84267
-0.84295
-0.84324
-0.84353
-0.84381
-0.84410
-0.84439
-0.84467
-0.84496
-0.84525
-0.84553
-0.84582
-0.84611
-0.84639
-0.84668
-0.84697
-0.84726
-0.84754
-0.84783
-0.84812
-0.84840
-0.84869
-0.84898
-0.84926
-0.84955
-0.84984
-0.85012
-0.85041
-0.85070
-0.85098
-0.85127
-0.85156
-0.85184
-0.85213
-0.85242
-0.85270
-0.85299
-0.85328
-0.85356
-0.85385
-0.85414
-0.85442
-0.85471
-0.85500
-0.85528
-0.85557
-0.85586
-0.85614
-0.85643
-0.85672
-0.85700
-0.85729
-0.85758
-0.85786
-0.85815
-0.85844
-0.85872
-0.85901
-0.85930
-0.85958
-0.85987
-0.86016
-0.86044
-0.86073
-0.86102
-0.86130
-0.86159
-0.86188
-0.86216
-0.86245
-0.86274
-0.86303
-0.86331
-0.86360
-0.86389
-0.86417
-0.86446
-0.86475
-0.86503
-0.86532
-0.86561
-0.86589
-0.86618
-0.86647
-0.86675
-0.86704
-0.86733
-0.86761
-0.86790
-0.86819
-0.86847
-0.86876
-0.86905
-0.86933
-0.86962
-0.86991
-0.87019
-0.87048
-0.87077
-0.87105
-0.87134
-0.87163
-0.87191
-0.87220
-0.87249
-0.87277
-0.87306
-0.87335
-0.87363
-0.87392
-0.87421
-0.87449
-0.87478
-0.87507
-0.87535
-0.87564
-0.87593
-0.87621
-0.87650
-0.87679
-0.87707
-0.87736
-0.87765
-0.87793
-0.87822
-0.87851
-0.87879
-0.87908
-0.87937
-0.87966
-0.87994
-0.88023
-0.88052
-0.88080
-0.88109
-0.88138
-0.88166
-0.88195
-0.88224
-0.88252
-0.88281
-0.88310
-0.88338
-0.88367
-0.88396
-0.88424
-0.88453
-0.88482
-0.88510
-0.88539
-0.88568
-0.88596
-0.88625
-0.88654
-0.88682
-0.88711
-0.88740
-0.88768
-0.88797
-0.88826
-0.88854
-0.88883
-0.88912
-0.88940
-0.88969
-0.88998
-0.89026
-0.89055
-0.89084
-0.89112
-0.89141
-0.89170
-0.89198
-0.89227
-0.89256
-0.89284
-0.89313
-0.89342
-0.89370
-0.89399
-0.89428
-0.89456
-0.89485
-0.89514
-0.89542
-0.89571
-0.89600
-0.89628
-0.89657
-0.89686
-0.89714
-0.89743
-0.89772
-0.89801
-0.89829
-0.89858
-0.89887
-0.89915
-0.89944
-0.89973
-0.90001
-0.90030
-0.90059
-0.90087
-0.90116
-0.90145
-0.90173
-0.90202
-0.90231
-0.90259
-0.90288
-0.90317
-0.90345
-0.90374
-0.90403
-0.90431
-0.90460
-0.90489
-0.90517
-0.90546
-0.90575
-0.90603
-0.90632
-0.90661
-0.90689
-0.90718
-0.90747
-0.90775
-0.90804
-0.90833
-0.90861
-0.90890
-0.90919
-0.90947
-0.90976
-0.91005
-0.91033
-0.91062
-0.91091
-0.91119
-0.91148
-0.91177
-0.91205
-0.91234
-0.91263
-0.91291
-0.91320
-0.91349
-0.91377
-0.91406
-0.91435
-0.91463
-0.91492
-0.91521
-0.91549
-0.91578
-0.91607
-0.91635
-0.91664
-0.91693
-0.91721
-0.91750
-0.91779
-0.91808
-0.91836
-0.91865
-0.91894
-0.91922
-0.91951
-0.91980
-0.92008
-0.92037
-0.92066
-0.92094
-0.92123
-0.92152
-0.92180
-0.92209
-0.92238
-0.92266
-0.92295
-0.92324
-0.92352
-0.92381
-0.92410
-0.92438
-0.92467
-0.92496
-0.92524
-0.92553
-0.92582
-0.92610
-0.92639
-0.92668
-0.92696
-0.92725
-0.92754
-0.92782
-0.92811
-0.92840
-0.92868
-0.92897
-0.92926
-0.92954
-0.92983
-0.93012
-0.93040
-0.93069
-0.93098
-0.93126
-0.93155
-0.93184
-0.93212
-0.93241
-0.93270
-0.93298
-0.93327
-0.93356
-0.93384
-0.93413
-0.93442
-0.93470
-0.93499
-0.93528
-0.93556
-0.93585
-0.93614
-0.93642
-0.93671
-0.93700
-0.93728
-0.93757
-0.93786
-0.93814
-0.93843
-0.93872
-0.93900
-0.93929
-0.93958
-0.93986
-0.94015
-0.94044
-0.94072
-0.94101
-0.94130
-0.94159
-0.94187
-0.94216
-0.94245
-0.94273
-0.94302
-0.94331
-0.94359
-0.94388
-0.94417
-0.94445
-0.94474
-0.94503
-0.94531
-0.94560
-0.94589
-0.94617
-0.94646
-0.94675
-0.94703
-0.94732
-0.94761
-0.94789
-0.94818
-0.94847
-0.94875
-0.94904
-0.94933
-0.94961
-0.94990
-0.95019
-0.95047
-0.95076
-0.95105
-0.95133
-0.95162
-0.95191
-0.95219
-0.95248
-0.95277
-0.95305
-0.95334
-0.95363
-0.95391
-0.95420
-0.95449
-0.95477
-0.95506
-0.95535
-0.95563
-0.95592
-0.95621
-0.95649
-0.95678
-0.95707
-0.95735
-0.95764
-0.95793
-0.95821
-0.95850
-0.95879
-0.95907
-0.95936
-0.95965
-0.95993
-0.96022
-0.96051
-0.96079
-0.96108
-0.96137
-0.96165
-0.96194
-0.96223
-0.96251
-0.96280
-0.96309
-0.96337
-0.96366
-0.96395
-0.96423
-0.96452
-0.96481
-0.96509
-0.96538
-0.96567
-0.96595
-0.96624
-0.96653
-0.96681
-0.96710
-0.96739
-0.96767
-0.96796
-0.96825
-0.96853
-0.96882
-0.96911
-0.96939
-0.96968
-0.96997
-0.97026
-0.97054
-0.97083
-0.97112
-0.97140
-0.97169
-0.97198
-0.97226
-0.97255
-0.97284
-0.97312
-0.97341
-0.97370
-0.97398
-0.97427
-0.97456
-0.97484
-0.97513
-0.97542
-0.97570
-0.97599
-0.97628
-0.97656
-0.97685
-0.97714
-0.97742
-0.97771
-0.97800
-0.97828
-0.97857
-0.97886
-0.97914
-0.97943
-0.97972
-0.98000
-0.98029
-0.98058
-0.98086
-0.98115
-0.98144
-0.98172
-0.98201
-0.98230
-0.98258
-0.98287
-0.98316
-0.98344
-0.98373
-0.98402
-0.98430
-0.98459
-0.98488
-0.98516
-0.98545
-0.98574
-0.98602
-0.98631
-0.98660
-0.98688
-0.98717
-0.98746
-0.98774
-0.98803
-0.98832
-0.98860
-0.98889
-0.98918
-0.98946
-0.98975
-0.99004
-0.99032
-0.99061
-0.99090
-0.99118
-0.99147
-0.99176
-0.99204
-0.99233
-0.99262
-0.99290
-0.99319
-0.99348
-0.99376
-0.99405
-0.99434
-0.99462
-0.99491
-0.99520
-0.99548
-0.99577
-0.99606
-0.99634
-0.99663
-0.99692
-0.99720
-0.99749
-0.99778
-0.99806
-0.99835
-0.99864
-0.99892
-0.99921
-0.99950
-0.99978
-1.00007
-1.00036
-1.00064
-1.00093
-1.00122
-1.00150
-1.00179
-1.00208
-1.00236
-1.00265
-1.00294
-1.00322
-1.00351
-1.00380
-1.00408
-1.00437
-1.00466
-1.00494
-1.00523
-1.00552
-1.00580
-1.00609
-1.00638
-1.00666
-1.00695
-1.00724
-1.00752
-1.00781
-1.00810
-1.00838
-1.00867
-1.00896
-1.00924
-1.00953
-1.00982
-1.01011
-1.01039
-1.01068
-1.01097
-1.01125
-1.01154
-1.01183
-1.01211
-1.01240
-1.01269
-1.01297
-1.01326
-1.01355
-1.01383
-1.01412
-1.01441
-1.01469
-1.01498
-1.01527
-1.01555
-1.01584
-1.01613
-1.01641
-1.01670
-1.01699
-1.01727
-1.01756
-1.01785
-1.01813
-1.01842
-1.01871
-1.01899
-1.01928
-1.01957
-1.01985
-1.02014
-1.02043
-1.02071
-1.02100
-1.02129
-1.02157
-1.02186
-1.02215
-1.02243
-1.02272
-1.02301
-1.02329
-1.02358
-1.02387
-1.02415
-1.02444
-1.02473
-1.02501
-1.02530
-1.02559
-1.02587
-1.02616
-1.02645
-1.02673
-1.02702
-1.02731
-1.02759
-1.02788
-1.02817
-1.02845
-1.02874
-1.02903
-1.02931
-1.02960
-1.02989
-1.03017
-1.03046
-1.03075
-1.03103
-1.03132
-1.03161
-1.03189
-1.03218
-1.03247
-1.03275
-1.03304
-1.03333
-1.03361
-1.03390
-1.03419
-1.03447
-1.03476
-1.03505
-1.03533
-1.03562
-1.03591
-1.03619
-1.03648
-1.03677
-1.03705
-1.03734
-1.03763
-1.03791
-1.03820
-1.03849
-1.03877
-1.03906
-1.03935
-1.03963
-1.03992
-1.04021
-1.04049
-1.04078
-1.04107
-1.04135
-1.04164
-1.04193
-1.04221
-1.04250
-1.04279
-1.04307
-1.04336
-1.04365
-1.04393
-1.04422
-1.04451
-1.04479
-1.04508
-1.04537
-1.04565
-1.04594
-1.04623
-1.04651
-1.04680
-1.04709
-1.04737
-1.04766
-1.04795
-1.04823
-1.04852
-1.04881
-1.04909
-1.04938
-1.04967
-1.04995
-1.05024
-1.05053
-1.05081
-1.05110
-1.05139
-1.05167
-1.05196
-1.05225
-1.05253
-1.05282
-1.05311
-1.05339
-1.05368
-1.05397
-1.05425
-1.05454
-1.05483
-1.05511
-1.05540
-1.05569
-1.05597
-1.05626
-1.05655
-1.05683
-1.05712
-1.05741
-1.05769
-1.05798
-1.05827
-1.05855
-1.05884
-1.05913
-1.05941
-1.05970
-1.05999
-1.06027
-1.06056
-1.06085
-1.06113
-1.06142
-1.06171
-1.06199
-1.06228
-1.06257
-1.06285
-1.06314
-1.06343
-1.06371
-1.06400
-1.06429
-1.06457
-1.06486
-1.06515
-1.06543
-1.06572
-1.06601
-1.06629
-1.06658
-1.06687
-1.06715
-1.06744
-1.06773
-1.06801
-1.06830
-1.06859
-1.06887
-1.06916
-1.06945
-1.06973
-1.07002
-1.07031
-1.07059
-1.07088
-1.07117
-1.07145
-1.07174
-1.07203
-1.07231
-1.07260
-1.07289
-1.07317
-1.07346
-1.07375
-1.07403
-1.07432
-1.07461
-1.07489
-1.07518
-1.07547
-1.07575
-1.07604
-1.07633
-1.07661
-1.07690
-1.07719
-1.07747
-1.07776
-1.07805
-1.07833
-1.07862
-1.07891
-1.07919
-1.07948
-1.07977
-1.08005
-1.08034
-1.08063
-1.08091
-1.08120
-1.08149
-1.08177
-1.08206
-1.08235
-1.08263
-1.08292
-1.08321
-1.08349
-1.08378
-1.08407
-1.08435
-1.08464
-1.08493
-1.08521
-1.08550
-1.08579
-1.08607
-1.08636
-1.08665
-1.08693
-1.08722
-1.08751
-1.08779
-1.08808
-1.08837
-1.08865
-1.08894
-1.08923
-1.08951
-1.08980
-1.09009
-1.09037
-1.09066
-1.09095
-1.09123
-1.09152
-1.09181
-1.09209
-1.09238
-1.09267
-1.09295
-1.09324
-1.09353
-1.09381
-1.09410
-1.09439
-1.09467
-1.09496
-1.09525
-1.09553
-1.09582
-1.09611
-1.09639
-1.09668
-1.09697
-1.09725
-1.09754
-1.09783
-1.09811
-1.09840
-1.09869
-1.09897
-1.09926
-1.09955
-1.09983
-1.10012
-1.10041
-1.10069
-1.10098
-1.10127
-1.10155
-1.10184
-1.10213
-1.10241
-1.10270
-1.10299
-1.10327
-1.10356
-1.10385
-1.10413
-1.10442
-1.10471
-1.10499
-1.10528
-1.10557
-1.10585
-1.10614
-1.10643
-1.10671
-1.10700
-1.10729
-1.10757
-1.10786
-1.10815
-1.10843
-1.10872
-1.10901
-1.10929
-1.10958
-1.10987
-1.11015
-1.11044
-1.11073
-1.11101
-1.11130
-1.11159
-1.11187
-1.11216
-1.11245
-1.11273
-1.11302
-1.11331
-1.11359
-1.11388
-1.11417
-1.11445
-1.11474
-1.11503
-1.11531
-1.11560
-1.11589
-1.11617
-1.11646
-1.11675
-1.11703
-1.11732
-1.11761
-1.11789
-1.11818
-1.11847
-1.11875
-1.11904
-1.11933
-1.11961
-1.11990
-1.12019
-1.12047
-1.12076
-1.12105
-1.12133
-1.12162
-1.12191
-1.12219
-1.12248
-1.12277
-1.12305
-1.12334
-1.12363
-1.12391
-1.12420
-1.12449
-1.12477
-1.12506
-1.12535
-1.12563
-1.12592
-1.12621
-1.12649
-1.12678
-1.12707
-1.12735
-1.12764
-1.12793
-1.12821
-1.12850
-1.12879
-1.12907
-1.12936
-1.12965
-1.12993
-1.13022
-1.13051
-1.13079
-1.13108
-1.13137
-1.13165
-1.13194
-1.13223
-1.13251
-1.13280
-1.13308
-1.13337
-1.13366
-1.13394
-1.13423
-1.13452
-1.13480
-1.13509
-1.13538
-1.13566
-1.13595
-1.13624
-1.13652
-1.13681
-1.13710
-1.13738
-1.13767
-1.13796
-1.13824
-1.13853
-1.13882
-1.13910
-1.13939
-1.13968
-1.13996
-1.14025
-1.14054
-1.14082
-1.14111
-1.14140
-1.14168
-1.14197
-1.14226
-1.14254
-1.14283
-1.14312
-1.14340
-1.14369
-1.14398
-1.14426
-1.14455
-1.14484
-1.14512
-1.14541
-1.14570
-1.14598
-1.14627
-1.14656
-1.14684
-1.14713
-1.14742
-1.14770
-1.14799
-1.14828
-1.14856
-1.14885
-1.14914
-1.14942
-1.14971
-1.15000
-1.15028
-1.15057
-1.15086
-1.15114
-1.15143
-1.15172
-1.15200
-1.15229
-1.15258
-1.15286
-1.15315
-1.15344
-1.15372
-1.15401
-1.15430
-1.15458
-1.15487
-1.15516
-1.15544
-1.15573
-1.15602
-1.15630
-1.15659
-1.15688
-1.15716
-1.15745
-1.15774
-1.15802
-1.15831
-1.15860
-1.15888
-1.15917
-1.15946
-1.15974
-1.16003
-1.16032
-1.16060
-1.16089
-1.16118
-1.16146
-1.16175
-1.16204
-1.16232
-1.16261
-1.16290
-1.16318
-1.16347
-1.16376
-1.16404
-1.16433
-1.16462
-1.16490
-1.16519
-1.16548
-1.16576
-1.16605
-1.16634
-1.16662
-1.16691
-1.16720
-1.16748
-1.16777
-1.16806
-1.16834
-1.16863
-1.16892
-1.16920
-1.16949
-1.16978
-1.17006
-1.17035
-1.17064
-1.17092
-1.17121
-1.17150
-1.17178
-1.17207
-1.17236
-1.17264
-1.17293
-1.17322
-1.17350
-1.17379
-1.17407
-1.17436
-1.17465
-1.17493
-1.17522
-1.17551
-1.17579
-1.17608
-1.17637
-1.17665
-1.17694
-1.17723
-1.17751
-1.17780
-1.17809
-1.17837
-1.17866
-1.17895
-1.17923
-1.17952
-1.17981
-1.18009
-1.18038
-1.18067
-1.18095
-1.18124
-1.18153
-1.18181
-1.18210
-1.18239
-1.18267
-1.18296
-1.18325
-1.18353
-1.18382
-1.18411
-1.18439
-1.18468
-1.18497
-1.18525
-1.18554
-1.18583
-1.18611
-1.18640
-1.18669
-1.18697
-1.18726
-1.18755
-1.18783
-1.18812
-1.18841
-1.18869
-1.18898
-1.18927
-1.18955
-1.18984
-1.19013
-1.19041
-1.19070
-1.19099
-1.19127
-1.19156
-1.19185
-1.19213
-1.19242
-1.19271
-1.19299
-1.19328
-1.19357
-1.19385
-1.19414
-1.19443
-1.19471
-1.19500
-1.19529
-1.19557
-1.19586
-1.19615
-1.19643
-1.19672
-1.19701
-1.19729
-1.19758
-1.19787
-1.19815
-1.19844
-1.19873
-1.19901
-1.19930
-1.19959
-1.19987
-1.20016
-1.20045
-1.20073
-1.20102
-1.20131
-1.20159
-1.20188
-1.20217
-1.20245
-1.20274
-1.20302
-1.20331
-1.20360
-1.20388
-1.20417
-1.20446
-1.20474
-1.20503
-1.20532
-1.20560
-1.20589
-1.20618
-1.20646
-1.20675
-1.20704
-1.20732
-1.20761
-1.20790
-1.20818
-1.20847
-1.20876
-1.20904
-1.20933
-1.20962
-1.20990
-1.21019
-1.21048
-1.21076
-1.21105
-1.21134
-1.21162
-1.21191
-1.21220
-1.21248
-1.21277
-1.21306
-1.21334
-1.21363
-1.21392
-1.21420
-1.21449
-1.21478
-1.21506
-1.21535
-1.21564
-1.21592
-1.21621
-1.21650
-1.21678
-1.21707
-1.21736
-1.21764
-1.21793
-1.21822
-1.21850
-1.21879
-1.21908
-1.21936
-1.21965
-1.21994
-1.22022
-1.22051
-1.22080
-1.22108
-1.22137
-1.22166
-1.22194
-1.22223
-1.22252
-1.22280
-1.22309
-1.22338
-1.22366
-1.22395
-1.22424
-1.22452
-1.22481
-1.22510
-1.22538
-1.22567
-1.22595
-1.22624
-1.22653
-1.22681
-1.22710
-1.22739
-1.22767
-1.22796
-1.22825
-1.22853
-1.22882
-1.22911
-1.22939
-1.22968
-1.22997
-1.23025
-1.23054
-1.23083
-1.23111
-1.23140
-1.23169
-1.23197
-1.23226
-1.23255
-1.23283
-1.23312
-1.23341
-1.23369
-1.23398
-1.23427
-1.23455
-1.23484
-1.23513
-1.23541
-1.23570
-1.23599
-1.23627
-1.23656
-1.23685
-1.23713
-1.23742
-1.23771
-1.23799
-1.23828
-1.23857
-1.23885
-1.23914
-1.23943
-1.23971
-1.24000
-1.24029
-1.24057
-1.24086
-1.24115
-1.24143
-1.24172
-1.24201
-1.24229
-1.24258
-1.24287
-1.24315
-1.24344
-1.24373
-1.24401
-1.24430
-1.24459
-1.24487
-1.24516
-1.24545
-1.24573
-1.24602
-1.24630
-1.24659
-1.24688
-1.24716
-1.24745
-1.24774
-1.24802
-1.24831
-1.24860
-1.24888
-1.24917
-1.24946
-1.24974
-1.25003
-1.25032
-1.25060
-1.25089
-1.25118
-1.25146
-1.25175
-1.25204
-1.25232
-1.25261
-1.25290
-1.25318
-1.25347
-1.25376
-1.25404
-1.25433
-1.25462
-1.25490
-1.25519
-1.25548
-1.25576
-1.25605
-1.25634
-1.25662
-1.25691
-1.25720
-1.25748
-1.25777
-1.25806
-1.25834
-1.25863
-1.25892
-1.25920
-1.25949
-1.25978
-1.26006
-1.26035
-1.26064
-1.26092
-1.26121
-1.26150
-1.26178
-1.26207
-1.26236
-1.26264
-1.26293
-1.26322
-1.26350
-1.26379
-1.26407
-1.26436
-1.26465
-1.26493
-1.26522
-1.26551
-1.26579
-1.26608
-1.26637
-1.26665
-1.26694
-1.26723
-1.26751
-1.26780
-1.26809
-1.26837
-1.26866
-1.26895
-1.26923
-1.26952
-1.26981
-1.27009
-1.27038
-1.27067
-1.27095
-1.27124
-1.27153
-1.27181
-1.27210
-1.27239
-1.27267
-1.27296
-1.27325
-1.27353
-1.27382
-1.27411
-1.27439
-1.27468
-1.27497
-1.27525
-1.27554
-1.27583
-1.27611
-1.27640
-1.27669
-1.27697
-1.27726
-1.27755
-1.27783
-1.27812
-1.27841
-1.27869
-1.27898
-1.27927
-1.27955
-1.27984
-1.28013
-1.28041
-1.28070
-1.28098
-1.28127
-1.28156
-1.28184
-1.28213
-1.28242
-1.28270
-1.28299
-1.28328
-1.28356
-1.28385
-1.28414
-1.28442
-1.28471
-1.28500
-1.28528
-1.28557
-1.28586
-1.28614
-1.28643
-1.28672
-1.28700
-1.28729
-1.28758
-1.28786
-1.28815
-1.28844
-1.28872
-1.28901
-1.28930
-1.28958
-1.28987
-1.29016
-1.29044
-1.29073
-1.29102
-1.29130
-1.29159
-1.29188
-1.29216
-1.29245
-1.29274
-1.29302
-1.29331
-1.29360
-1.29388
-1.29417
-1.29446
-1.29474
-1.29503
-1.29532
-1.29560
-1.29589
-1.29617
-1.29646
-1.29675
-1.29703
-1.29732
-1.29761
-1.29789
-1.29818
-1.29847
-1.29875
-1.29904
-1.29933
-1.29961
-1.29990
-1.30019
-1.30047
-1.30076
-1.30105
-1.30133
-1.30162
-1.30191
-1.30219
-1.30248
-1.30277
-1.30305
-1.30334
-1.30363
-1.30391
-1.30420
-1.30449
-1.30477
-1.30506
-1.30535
-1.30563
-1.30592
-1.30621
-1.30649
-1.30678
-1.30707
-1.30735
-1.30764
-1.30793
-1.30821
-1.30850
-1.30879
-1.30907
-1.30936
-1.30965
-1.30993
-1.31022
-1.31050
-1.31079
-1.31108
-1.31136
-1.31165
-1.31194
-1.31222
-1.31251
-1.31280
-1.31308
-1.31337
-1.31366
-1.31394
-1.31423
-1.31452
-1.31480
-1.31509
-1.31538
-1.31566
-1.31595
-1.31624
-1.31652
-1.31681
-1.31710
-1.31738
-1.31767
-1.31796
-1.31824
-1.31853
-1.31882
-1.31910
-1.31939
-1.31968
-1.31996
-1.32025
-1.32054
-1.32082
-1.32111
-1.32140
-1.32168
-1.32197
-1.32226
-1.32254
-1.32283
-1.32312
-1.32340
-1.32369
-1.32397
-1.32426
-1.32455
-1.32483
-1.32512
-1.32541
-1.32569
-1.32598
-1.32627
-1.32655
-1.32684
-1.32713
-1.32741
-1.32770
-1.32799
-1.32827
-1.32856
-1.32885
-1.32913
-1.32942
-1.32971
-1.32999
-1.33028
-1.33057
-1.33085
-1.33114
-1.33143
-1.33171
-1.33200
-1.33229
-1.33257
-1.33286
-1.33315
-1.33343
-1.33372
-1.33401
-1.33429
-1.33458
-1.33487
-1.33515
-1.33544
-1.33573
-1.33601
-1.33630
-1.33659
-1.33687
-1.33716
-1.33744
-1.33773
-1.33802
-1.33830
-1.33859
-1.33888
-1.33916
-1.33945
-1.33974
-1.34002
-1.34031
-1.34060
-1.34088
-1.34117
-1.34146
-1.34174
-1.34203
-1.34232
-1.34260
-1.34289
-1.34318
-1.34346
-1.34375
-1.34404
-1.34432
-1.34461
-1.34490
-1.34518
-1.34547
-1.34576
-1.34604
-1.34633
-1.34662
-1.34690
-1.34719
-1.34748
-1.34776
-1.34805
-1.34834
-1.34862
-1.34891
-1.34919
-1.34948
-1.34977
-1.35005
-1.35034
-1.35063
-1.35091
-1.35120
-1.35149
-1.35177
-1.35206
-1.35235
-1.35263
-1.35292
-1.35321
-1.35349
-1.35378
-1.35407
-1.35435
-1.35464
-1.35493
-1.35521
-1.35550
-1.35579
-1.35607
-1.35636
-1.35665
-1.35693
-1.35722
-1.35751
-1.35779
-1.35808
-1.35837
-1.35865
-1.35894
-1.35923
-1.35951
-1.35980
-1.36009
-1.36037
-1.36066
-1.36094
-1.36123
-1.36152
-1.36180
-1.36209
-1.36238
-1.36266
-1.36295
-1.36324
-1.36352
-1.36381
-1.36410
-1.36438
-1.36467
-1.36496
-1.36524
-1.36553
-1.36582
-1.36610
-1.36639
-1.36668
-1.36696
-1.36725
-1.36754
-1.36782
-1.36811
-1.36840
-1.36868
-1.36897
-1.36926
-1.36954
-1.36983
-1.37012
-1.37040
-1.37069
-1.37098
-1.37126
-1.37155
-1.37184
-1.37212
-1.37241
-1.37269
-1.37298
-1.37327
-1.37355
-1.37384
-1.37413
-1.37441
-1.37470
-1.37499
-1.37527
-1.37556
-1.37585
-1.37613
-1.37642
-1.37671
-1.37699
-1.37728
-1.37757
-1.37785
-1.37814
-1.37843
-1.37871
-1.37900
-1.37929
-1.37957
-1.37986
-1.38015
-1.38043
-1.38072
-1.38101
-1.38129
-1.38158
-1.38187
-1.38215
-1.38244
-1.38273
-1.38301
-1.38330
-1.38358
-1.38387
-1.38416
-1.38444
-1.38473
-1.38502
-1.38530
-1.38559
-1.38588
-1.38616
-1.38645
-1.38674
-1.38702
-1.38731
-1.38760
-1.38788
-1.38817
-1.38846
-1.38874
-1.38903
-1.38932
-1.38960
-1.38989
-1.39018
-1.39046
-1.39075
-1.39104
-1.39132
-1.39161
-1.39190
-1.39218
-1.39247
-1.39276
-1.39304
-1.39333
-1.39361
-1.39390
-1.39419
-1.39447
-1.39476
-1.39505
-1.39533
-1.39562
-1.39591
-1.39619
-1.39648
-1.39677
-1.39705
-1.39734
-1.39763
-1.39791
-1.39820
-1.39849
-1.39877
-1.39906
-1.39935
-1.39963
-1.39992
-1.40021
-1.40049
-1.40078
-1.40107
-1.40135
-1.40164
-1.40193
-1.40221
-1.40250
-1.40279
-1.40307
-1.40336
-1.40364
-1.40393
-1.40422
-1.40450
-1.40479
-1.40508
-1.40536
-1.40565
-1.40594
-1.40622
-1.40651
-1.40680
-1.40708
-1.40737
-1.40766
-1.40794
-1.40823
-1.40852
-1.40880
-1.40909
-1.40938
-1.40966
-1.40995
-1.41024
-1.41052
-1.41081
-1.41110
-1.41138
-1.41167
-1.41196
-1.41224
-1.41253
-1.41282
-1.41310
-1.41339
-1.41367
-1.41396
-1.41425
-1.41453
-1.41482
-1.41511
-1.41539
-1.41568
-1.41597
-1.41625
-1.41654
-1.41683
-1.41711
-1.41740
-1.41769
-1.41797
-1.41826
-1.41855
-1.41883
-1.41912
-1.41941
-1.41969
-1.41998
-1.42027
-1.42055
-1.42084
-1.42113
-1.42141
-1.42170
-1.42199
-1.42227
-1.42256
-1.42285
-1.42313
-1.42342
-1.42370
-1.42399
-1.42428
-1.42456
-1.42485
-1.42514
-1.42542
-1.42571
-1.42600
-1.42628
-1.42657
-1.42686
-1.42714
-1.42743
-1.42772
-1.42800
-1.42829
-1.42858
-1.42886
-1.42915
-1.42944
-1.42972
-1.43001
-1.43030
-1.43058
-1.43087
-1.43116
-1.43144
-1.43173
-1.43202
-1.43230
-1.43259
-1.43287
-1.43316
-1.43345
-1.43373
-1.43402
-1.43431
-1.43459
-1.43488
-1.43517
-1.43545
-1.43574
-1.43603
-1.43631
-1.43660
-1.43689
-1.43717
-1.43746
-1.43775
-1.43803
-1.43832
-1.43861
-1.43889
-1.43918
-1.43947
-1.43975
-1.44004
-1.44033
-1.44061
-1.44090
-1.44119
-1.44147
-1.44176
-1.44204
-1.44233
-1.44262
-1.44290
-1.44319
-1.44348
-1.44376
-1.44405
-1.44434
-1.44462
-1.44491
-1.44520
-1.44548
-1.44577
-1.44606
-1.44634
-1.44663
-1.44692
-1.44720
-1.44749
-1.44778
-1.44806
-1.44835
-1.44864
-1.44892
-1.44921
-1.44950
-1.44978
-1.45007
-1.45036
-1.45064
-1.45093
-1.45121
-1.45150
-1.45179
-1.45207
-1.45236
-1.45265
-1.45293
-1.45322
-1.45351
-1.45379
-1.45408
-1.45437
-1.45465
-1.45494
-1.45523
-1.45551
-1.45580
-1.45609
-1.45637
-1.45666
-1.45695
-1.45723
-1.45752
-1.45781
-1.45809
-1.45838
-1.45867
-1.45895
-1.45924
-1.45952
-1.45981
-1.46010
-1.46038
-1.46067
-1.46096
-1.46124
-1.46153
-1.46182
-1.46210
-1.46239
-1.46268
-1.46296
-1.46325
-1.46354
-1.46382
-1.46411
-1.46440
-1.46468
-1.46497
-1.46526
-1.46554
-1.46583
-1.46612
-1.46640
-1.46669
-1.46698
-1.46726
-1.46755
-1.46783
-1.46812
-1.46841
-1.46869
-1.46898
-1.46927
-1.46955
-1.46984
-1.47013
-1.47041
-1.47070
-1.47099
-1.47127
-1.47156
-1.47185
-1.47213
-1.47242
-1.47271
-1.47299
-1.47328
-1.47357
-1.47385
-1.47414
-1.47443
-1.47471
-1.47500
-1.47529
-1.47557
-1.47586
-1.47614
-1.47643
-1.47672
-1.47700
-1.47729
-1.47758
-1.47786
-1.47815
-1.47844
-1.47872
-1.47901
-1.47930
-1.47958
-1.47987
-1.48016
-1.48044
-1.48073
-1.48102
-1.48130
-1.48159
-1.48188
-1.48216
-1.48245
-1.48274
-1.48302
-1.48331
-1.48360
-1.48388
-1.48417
-1.48445
-1.48474
-1.48503
-1.48531
-1.48560
-1.48589
-1.48617
-1.48646
-1.48675
-1.48703
-1.48732
-1.48761
-1.48789
-1.48818
-1.48847
-1.48875
-1.48904
-1.48933
-1.48961
-1.48990
-1.49019
-1.49047
-1.49076
-1.49105
-1.49133
-1.49162
-1.49191
-1.49219
-1.49248
-1.49276
-1.49305
-1.49334
-1.49362
-1.49391
-1.49420
-1.49448
-1.49477
-1.49506
-1.49534
-1.49563
-1.49592
-1.49620
-1.49649
-1.49678
-1.49706
-1.49735
-1.49764
-1.49792
-1.49821
-1.49850
-1.49878
-1.49907
-1.49936
-1.49964
-1.49993
-1.50021
-1.50050
-1.50079
-1.50107
-1.50136
-1.50165
-1.50193
-1.50222
-1.50251
-1.50279
-1.50308
-1.50337
-1.50365
-1.50394
-1.50423
-1.50451
-1.50480
-1.50509
-1.50537
-1.50566
-1.50595
-1.50623
-1.50652
-1.50681
-1.50709
-1.50738
-1.50766
-1.50795
-1.50824
-1.50852
-1.50881
-1.50910
-1.50938
-1.50967
-1.50996
-1.51024
-1.51053
-1.51082
-1.51110
-1.51139
-1.51168
-1.51196
-1.51225
-1.51254
-1.51282
-1.51311
-1.51340
-1.51368
-1.51397
-1.51426
-1.51454
-1.51483
-1.51511
-1.51540
-1.51569
-1.51597
-1.51626
-1.51655
-1.51683
-1.51712
-1.51741
-1.51769
-1.51798
-1.51827
-1.51855
-1.51884
-1.51913
-1.51941
-1.51970
-1.51999
-1.52027
-1.52056
-1.52085
-1.52113
-1.52142
-1.52171
-1.52199
-1.52228
-1.52256
-1.52285
-1.52314
-1.52342
-1.52371
-1.52400
-1.52428
-1.52457
-1.52486
-1.52514
-1.52543
-1.52572
-1.52600
-1.52629
-1.52658
-1.52686
-1.52715
-1.52744
-1.52772
-1.52801
-1.52830
-1.52858
-1.52887
-1.52916
-1.52944
-1.52973
-1.53001
-1.53030
-1.53059
-1.53087
-1.53116
-1.53145
-1.53173
-1.53202
-1.53231
-1.53259
-1.53288
-1.53317
-1.53345
-1.53374
-1.53403
-1.53431
-1.53460
-1.53489
-1.53517
-1.53546
-1.53575
-1.53603
-1.53632
-1.53661
-1.53689
-1.53718
-1.53746
-1.53775
-1.53804
-1.53832
-1.53861
-1.53890
-1.53918
-1.53947
-1.53976
-1.54004
-1.54033
-1.54062
-1.54090
-1.54119
-1.54148
-1.54176
-1.54205
-1.54234
-1.54262
-1.54291
-1.54320
-1.54348
-1.54377
-1.54406
-1.54434
-1.54463
-1.54491
-1.54520
-1.54549
-1.54577
-1.54606
-1.54635
-1.54663
-1.54692
-1.54721
-1.54749
-1.54778
-1.54807
-1.54835
-1.54864
-1.54893
-1.54921
-1.54950
-1.54979
-1.55007
-1.55036
-1.55065
-1.55093
-1.55122
-1.55150
-1.55179
-1.55208
-1.55236
-1.55265
-1.55294
-1.55322
-1.55351
-1.55380
-1.55408
-1.55437
-1.55466
-1.55494
-1.55523
-1.55552
-1.55580
-1.55609
-1.55638
-1.55666
-1.55695
-1.55724
-1.55752
-1.55781
-1.55809
-1.55838
-1.55867
-1.55895
-1.55924
-1.55953
-1.55981
-1.56010
-1.56039
-1.56067
-1.56096
-1.56125
-1.56153
-1.56182
-1.56211
-1.56239
-1.56268
-1.56297
-1.56325
-1.56354
-1.56383
-1.56411
-1.56440
-1.56469
-1.56497
-1.56526
-1.56554
-1.56583
-1.56612
-1.56640
-1.56669
-1.56698
-1.56726
-1.56755
-1.56784
-1.56812
-1.56841
-1.56870
-1.56898
-1.56927
-1.56956
-1.56984
-1.57013
-1.57042
-1.57070
-1.57099
-1.57128
-1.57156
-1.57185
-1.57213
-1.57242
-1.57271
-1.57299
-1.57328
-1.57357
-1.57385
-1.57414
-1.57443
-1.57471
-1.57500
-1.57529
-1.57557
-1.57586
-1.57615
-1.57643
-1.57672
-1.57701
-1.57729
-1.57758
-1.57787
-1.57815
-1.57844
-1.57872
-1.57901
-1.57930
-1.57958
-1.57987
-1.58016
-1.58044
-1.58073
-1.58102
-1.58130
-1.58159
-1.58188
-1.58216
-1.58245
-1.58274
-1.58302
-1.58331
-1.58360
-1.58388
-1.58417
-1.58446
-1.58474
-1.58503
-1.58531
-1.58560
-1.58589
-1.58617
-1.58646
-1.58675
-1.58703
-1.58732
-1.58761
-1.58789
-1.58818
-1.58847
-1.58875
-1.58904
-1.58933
-1.58961
-1.58990
-1.59019
-1.59047
-1.59076
-1.59105
-1.59133
-1.59162
-1.59190
-1.59219
-1.59248
-1.59276
-1.59305
-1.59334
-1.59362
-1.59391
-1.59420
-1.59448
-1.59477
-1.59506
-1.59534
-1.59563
-1.59592
-1.59620
-1.59649
-1.59678
-1.59706
-1.59735
-1.59763
-1.59792
-1.59821
-1.59849
-1.59878
-1.59907
-1.59935
-1.59964
-1.59993
-1.60021
-1.60050
-1.60079
-1.60107
-1.60136
-1.60165
-1.60193
-1.60222
-1.60251
-1.60279
-1.60308
-1.60337
-1.60365
-1.60394
-1.60422
-1.60451
-1.60480
-1.60508
-1.60537
-1.60566
-1.60594
-1.60623
-1.60652
-1.60680
-1.60709
-1.60738
-1.60766
-1.60795
-1.60824
-1.60852
-1.60881
-1.60910
-1.60938
-1.60967
-1.60996
-1.61024
-1.61053
-1.61081
-1.61110
-1.61139
-1.61167
-1.61196
-1.61225
-1.61253
-1.61282
-1.61311
-1.61339
-1.61368
-1.61397
-1.61425
-1.61454
-1.61483
-1.61511
-1.61540
-1.61569
-1.61597
-1.61626
-1.61654
-1.61683
-1.61712
-1.61740
-1.61769
-1.61798
-1.61826
-1.61855
-1.61884
-1.61912
-1.61941
-1.61970
-1.61998
-1.62027
-1.62056
-1.62084
-1.62113
-1.62142
-1.62170
-1.62199
-1.62227
-1.62256
-1.62285
-1.62313
-1.62342
-1.62371
-1.62399
-1.62428
-1.62457
-1.62485
-1.62514
-1.62543
-1.62571
-1.62600
-1.62629
-1.62657
-1.62686
-1.62715
-1.62743
-1.62772
-1.62801
-1.62829
-1.62858
-1.62886
-1.62915
-1.62944
-1.62972
-1.63001
-1.63030
-1.63058
-1.63087
-1.63116
-1.63144
-1.63173
-1.63202
-1.63230
-1.63259
-1.63288
-1.63316
-1.63345
-1.63374
-1.63402
-1.63431
-1.63459
-1.63488
-1.63517
-1.63545
-1.63574
-1.63603
-1.63631
-1.63660
-1.63689
-1.63717
-1.63746
-1.63775
-1.63803
-1.63832
-1.63861
-1.63889
-1.63918
-1.63947
-1.63975
-1.64004
-1.64032
-1.64061
-1.64090
-1.64118
-1.64147
-1.64176
-1.64204
-1.64233
-1.64262
-1.64290
-1.64319
-1.64348
-1.64376
-1.64405
-1.64434
-1.64462
-1.64491
-1.64520
-1.64548
-1.64577
-1.64605
-1.64634
-1.64663
-1.64691
-1.64720
-1.64749
-1.64777
-1.64806
-1.64835
-1.64863
-1.64892
-1.64921
-1.64949
-1.64978
-1.65007
-1.65035
-1.65064
-1.65093
-1.65121
-1.65150
-1.65178
-1.65207
-1.65236
-1.65264
-1.65293
-1.65322
-1.65350
-1.65379
-1.65408
-1.65436
-1.65465
-1.65494
-1.65522
-1.65551
-1.65580
-1.65608
-1.65637
-1.65666
-1.65694
-1.65723
-1.65751
-1.65780
-1.65809
-1.65837
-1.65866
-1.65895
-1.65923
-1.65952
-1.65981
-1.66009
-1.66038
-1.66067
-1.66095
-1.66124
-1.66153
-1.66181
-1.66210
-1.66239
-1.66267
-1.66296
-1.66324
-1.66353
-1.66382
-1.66410
-1.66439
-1.66468
-1.66496
-1.66525
-1.66554
-1.66582
-1.66611
-1.66640
-1.66668
-1.66697
-1.66726
-1.66754
-1.66783
-1.66812
-1.66840
-1.66869
-1.66897
-1.66926
-1.66955
-1.66983
-1.67012
-1.67041
-1.67069
-1.67098
-1.67127
-1.67155
-1.67184
-1.67213
-1.67241
-1.67270
-1.67299
-1.67327
-1.67356
-1.67385
-1.67413
-1.67442
-1.67470
-1.67499
-1.67528
-1.67556
-1.67585
-1.67614
-1.67642
-1.67671
-1.67700
-1.67728
-1.67757
-1.67786
-1.67814
-1.67843
-1.67872
-1.67900
-1.67929
-1.67958
-1.67986
-1.68015
-1.68043
-1.68072
-1.68101
-1.68129
-1.68158
-1.68187
-1.68215
-1.68244
-1.68273
-1.68301
-1.68330
-1.68359
-1.68387
-1.68416
-1.68445
-1.68473
-1.68502
-1.68530
-1.68559
-1.68588
-1.68616
-1.68645
-1.68674
-1.68702
-1.68731
-1.68760
-1.68788
-1.68817
-1.68846
-1.68874
-1.68903
-1.68932
-1.68960
-1.68989
-1.69018
-1.69046
-1.69075
-1.69103
-1.69132
-1.69161
-1.69189
-1.69218
-1.69247
-1.69275
-1.69304
-1.69333
-1.69361
-1.69390
-1.69419
-1.69447
-1.69476
-1.69505
-1.69533
-1.69562
-1.69590
-1.69619
-1.69648
-1.69676
-1.69705
-1.69734
-1.69762
-1.69791
-1.69820
-1.69848
-1.69877
-1.69906
-1.69934
-1.69963
-1.69992
-1.70020
-1.70049
-1.70078
-1.70106
-1.70135
-1.70163
-1.70192
-1.70221
-1.70249
-1.70278
-1.70307
-1.70335
-1.70364
-1.70393
-1.70421
-1.70450
-1.70479
-1.70507
-1.70536
-1.70565
-1.70593
-1.70622
-1.70650
-1.70679
-1.70708
-1.70736
-1.70765
-1.70794
-1.70822
-1.70851
-1.70880
-1.70908
-1.70937
-1.70966
-1.70994
-1.71023
-1.71052
-1.71080
-1.71109
-1.71138
-1.71166
-1.71195
-1.71223
-1.71252
-1.71281
-1.71309
-1.71338
-1.71367
-1.71395
-1.71424
-1.71453
-1.71481
-1.71510
-1.71539
-1.71567
-1.71596
-1.71625
-1.71653
-1.71682
-1.71710
-1.71739
-1.71768
-1.71796
-1.71825
-1.71854
-1.71882
-1.71911
-1.71940
-1.71968
-1.71997
-1.72026
-1.72054
-1.72083
-1.72112
-1.72140
-1.72169
-1.72197
-1.72226
-1.72255
-1.72283
-1.72312
-1.72341
-1.72369
-1.72398
-1.72427
-1.72455
-1.72484
-1.72513
-1.72541
-1.72570
-1.72599
-1.72627
-1.72656
-1.72685
-1.72713
-1.72742
-1.72770
-1.72799
-1.72828
-1.72856
-1.72885
-1.72914
-1.72942
-1.72971
-1.73000
-1.73028
-1.73057
-1.73086
-1.73114
-1.73143
-1.73172
-1.73200
-1.73229
-1.73257
-1.73286
-1.73315
-1.73343
-1.73372
-1.73401
-1.73429
-1.73458
-1.73487
-1.73515
-1.73544
-1.73573
-1.73601
-1.73630
-1.73659
-1.73687
-1.73716
-1.73744
-1.73773
-1.73802
-1.73830
-1.73859
-1.73888
-1.73916
-1.73945
-1.73974
-1.74002
-1.74031
-1.74060
-1.74088
-1.74117
-1.74146
-1.74174
-1.74203
-1.74231
-1.74260
-1.74289
-1.74317
-1.74346
-1.74375
-1.74403
-1.74432
-1.74461
-1.74489
-1.74518
-1.74547
-1.74575
-1.74604
-1.74633
-1.74661
-1.74690
-1.74718
-1.74747
-1.74776
-1.74804
-1.74833
-1.74862
-1.74890
-1.74919
-1.74948
-1.74976
-1.75005
-1.75034
-1.75062
-1.75091
-1.75120
-1.75148
-1.75177
-1.75205
-1.75234
-1.75263
-1.75291
-1.75320
-1.75349
-1.75377
-1.75406
-1.75435
-1.75463
-1.75492
-1.75521
-1.75549
-1.75578
-1.75607
-1.75635
-1.75664
-1.75692
-1.75721
-1.75750
-1.75778
-1.75807
-1.75836
-1.75864
-1.75893
-1.75922
-1.75950
-1.75979
-1.76008
-1.76036
-1.76065
-1.76094
-1.76122
-1.76151
-1.76179
-1.76208
-1.76237
-1.76265
-1.76294
-1.76323
-1.76351
-1.76380
-1.76409
-1.76437
-1.76466
-1.76495
-1.76523
-1.76552
-1.76581
-1.76609
-1.76638
-1.76666
-1.76695
-1.76724
-1.76752
-1.76781
-1.76810
-1.76838
-1.76867
-1.76896
-1.76924
-1.76953
-1.76982
-1.77010
-1.77039
-1.77068
-1.77096
-1.77125
-1.77153
-1.77182
-1.77211
-1.77239
-1.77268
-1.77297
-1.77325
-1.77354
-1.77383
-1.77411
-1.77440
-1.77469
-1.77497
-1.77526
-1.77555
-1.77583
-1.77612
-1.77640
-1.77669
-1.77698
-1.77726
-1.77755
-1.77784
-1.77812
-1.77841
-1.77870
-1.77898
-1.77927
-1.77956
-1.77984
-1.78013
-1.78042
-1.78070
-1.78099
-1.78127
-1.78156
-1.78185
-1.78213
-1.78242
-1.78271
-1.78299
-1.78328
-1.78357
-1.78385
-1.78414
-1.78443
-1.78471
-1.78500
-1.78529
-1.78557
-1.78586
-1.78614
-1.78643
-1.78672
-1.78700
-1.78729
-1.78758
-1.78786
-1.78815
-1.78844
-1.78872
-1.78901
-1.78930
-1.78958
-1.78987
-1.79015
-1.79044
-1.79073
-1.79101
-1.79130
-1.79159
-1.79187
-1.79216
-1.79245
-1.79273
-1.79302
-1.79331
-1.79359
-1.79388
-1.79417
-1.79445
-1.79474
-1.79502
-1.79531
-1.79560
-1.79588
-1.79617
-1.79646
-1.79674
-1.79703
-1.79732
-1.79760
-1.79789
-1.79818
-1.79846
-1.79875
-1.79904
-1.79932
-1.79961
-1.79989
-1.80018
-1.80047
-1.80075
-1.80104
-1.80133
-1.80161
-1.80190
-1.80219
-1.80247
-1.80276
-1.80305
-1.80333
-1.80362
-1.80390
-1.80419
-1.80448
-1.80476
-1.80505
-1.80534
-1.80562
-1.80591
-1.80620
-1.80648
-1.80677
-1.80706
-1.80734
-1.80763
-1.80792
-1.80820
-1.80849
-1.80877
-1.80906
-1.80935
-1.80963
-1.80992
-1.81021
-1.81049
-1.81078
-1.81107
-1.81135
-1.81164
-1.81193
-1.81221
-1.81250
-1.81278
-1.81307
-1.81336
-1.81364
-1.81393
-1.81422
-1.81450
-1.81479
-1.81508
-1.81536
-1.81565
-1.81594
-1.81622
-1.81651
-1.81680
-1.81708
-1.81737
-1.81765
-1.81794
-1.81823
-1.81851
-1.81880
-1.81909
-1.81937
-1.81966
-1.81995
-1.82023
-1.82052
-1.82081
-1.82109
-1.82138
-1.82167
-1.82195
-1.82224
-1.82252
-1.82281
-1.82310
-1.82338
-1.82367
-1.82396
-1.82424
-1.82453
-1.82482
-1.82510
-1.82539
-1.82568
-1.82596
-1.82625
-1.82653
-1.82682
-1.82711
-1.82739
-1.82768
-1.82797
-1.82825
-1.82854
-1.82883
-1.82911
-1.82940
-1.82969
-1.82997
-1.83026
-1.83054
-1.83083
-1.83112
-1.83140
-1.83169
-1.83198
-1.83226
-1.83255
-1.83284
-1.83312
-1.83341
-1.83370
-1.83398
-1.83427
-1.83456
-1.83484
-1.83513
-1.83541
-1.83570
-1.83599
-1.83627
-1.83656
-1.83685
-1.83713
-1.83742
-1.83771
-1.83799
-1.83828
-1.83857
-1.83885
-1.83914
-1.83942
-1.83971
-1.84000
-1.84028
-1.84057
-1.84086
-1.84114
-1.84143
-1.84172
-1.84200
-1.84229
-1.84258
-1.84286
-1.84315
-1.84344
-1.84372
-1.84401
-1.84429
-1.84458
-1.84487
-1.84515
-1.84544
-1.84573
-1.84601
-1.84630
-1.84659
-1.84687
-1.84716
-1.84745
-1.84773
-1.84802
-1.84830
-1.84859
-1.84888
-1.84916
-1.84945
-1.84974
-1.85002
-1.85031
-1.85060
-1.85088
-1.85117
-1.85146
-1.85174
-1.85203
-1.85231
-1.85260
-1.85289
-1.85317
-1.85346
-1.85375
-1.85403
-1.85432
-1.85461
-1.85489
-1.85518
-1.85547
-1.85575
-1.85604
-1.85633
-1.85661
-1.85690
-1.85718
-1.85747
-1.85776
-1.85804
-1.85833
-1.85862
-1.85890
-1.85919
-1.85948
-1.85976
-1.86005
-1.86034
-1.86062
-1.86091
-1.86119
-1.86148
-1.86177
-1.86205
-1.86234
-1.86263
-1.86291
-1.86320
-1.86349
-1.86377
-1.86406
-1.86435
-1.86463
-1.86492
-1.86520
-1.86549
-1.86578
-1.86606
-1.86635
-1.86664
-1.86692
-1.86721
-1.86750
-1.86778
-1.86807
-1.86836
-1.86864
-1.86893
-1.86921
-1.86950
-1.86979
-1.87007
-1.87036
-1.87065
-1.87093
-1.87122
-1.87151
-1.87179
-1.87208
-1.87237
-1.87265
-1.87294
-1.87322
-1.87351
-1.87380
-1.87408
-1.87437
-1.87466
-1.87494
-1.87523
-1.87552
-1.87580
-1.87609
-1.87638
-1.87666
-1.87695
-1.87724
-1.87752
-1.87781
-1.87809
-1.87838
-1.87867
-1.87895
-1.87924
-1.87953
-1.87981
-1.88010
-1.88039
-1.88067
-1.88096
-1.88125
-1.88153
-1.88182
-1.88210
-1.88239
-1.88268
-1.88296
-1.88325
-1.88354
-1.88382
-1.88411
-1.88440
-1.88468
-1.88497
-1.88526
-1.88554
-1.88583
-1.88611
-1.88640
-1.88669
-1.88697
-1.88726
-1.88755
-1.88783
-1.88812
-1.88841
-1.88869
-1.88898
-1.88927
-1.88955
-1.88984
-1.89012
-1.89041
-1.89070
-1.89098
-1.89127
-1.89156
-1.89184
-1.89213
-1.89242
-1.89270
-1.89299
-1.89328
-1.89356
-1.89385
-1.89413
-1.89442
-1.89471
-1.89499
-1.89528
-1.89557
-1.89585
-1.89614
-1.89643
-1.89671
-1.89700
-1.89729
-1.89757
-1.89786
-1.89814
-1.89843
-1.89872
-1.89900
-1.89929
-1.89958
-1.89986
-1.90015
-1.90044
-1.90072
-1.90101
-1.90130
-1.90158
-1.90187
-1.90215
-1.90244
-1.90273
-1.90301
-1.90330
-1.90359
-1.90387
-1.90416
-1.90445
-1.90473
-1.90502
-1.90531
-1.90559
-1.90588
-1.90616
-1.90645
-1.90674
-1.90702
-1.90731
-1.90760
-1.90788
-1.90817
-1.90846
-1.90874
-1.90903
-1.90932
-1.90960
-1.90989
-1.91017
-1.91046
-1.91075
-1.91103
-1.91132
-1.91161
-1.91189
-1.91218
-1.91247
-1.91275
-1.91304
-1.91333
-1.91361
-1.91390
-1.91418
-1.91447
-1.91476
-1.91504
-1.91533
-1.91562
-1.91590
-1.91619
-1.91648
-1.91676
-1.91705
-1.91734
-1.91762
-1.91791
-1.91819
-1.91848
-1.91877
-1.91905
-1.91934
-1.91963
-1.91991
-1.92020
-1.92049
-1.92077
-1.92106
-1.92135
-1.92163
-1.92192
-1.92220
-1.92249
-1.92278
-1.92306
-1.92335
-1.92364
-1.92392
-1.92421
-1.92450
-1.92478
-1.92507
-1.92536
-1.92564
-1.92593
-1.92621
-1.92650
-1.92679
-1.92707
-1.92736
-1.92765
-1.92793
-1.92822
-1.92851
-1.92879
-1.92908
-1.92936
-1.92965
-1.92994
-1.93022
-1.93051
-1.93080
-1.93108
-1.93137
-1.93166
-1.93194
-1.93223
-1.93252
-1.93280
-1.93309
-1.93337
-1.93366
-1.93395
-1.93423
-1.93452
-1.93481
-1.93509
-1.93538
-1.93567
-1.93595
-1.93624
-1.93653
-1.93681
-1.93710
-1.93738
-1.93767
-1.93796
-1.93824
-1.93853
-1.93882
-1.93910
-1.93939
-1.93968
-1.93996
-1.94025
-1.94054
-1.94082
-1.94111
-1.94139
-1.94168
-1.94197
-1.94225
-1.94254
-1.94283
-1.94311
-1.94340
-1.94369
-1.94397
-1.94426
-1.94455
-1.94483
-1.94512
-1.94540
-1.94569
-1.94598
-1.94626
-1.94655
-1.94684
-1.94712
-1.94741
-1.94770
-1.94798
-1.94827
-1.94855
-1.94884
-1.94913
-1.94941
-1.94970
-1.94999
-1.95027
-1.95056
-1.95085
-1.95113
-1.95142
-1.95171
-1.95199
-1.95228
-1.95256
-1.95285
-1.95314
-1.95342
-1.95371
-1.95400
-1.95428
-1.95457
-1.95486
-1.95514
-1.95543
-1.95572
-1.95600
-1.95629
-1.95657
-1.95686
-1.95715
-1.95743
-1.95772
-1.95801
-1.95829
-1.95858
-1.95887
-1.95915
-1.95944
-1.95973
-1.96001
-1.96030
-1.96058
-1.96087
-1.96116
-1.96144
-1.96173
-1.96202
-1.96230
-1.96259
-1.96288
-1.96316
-1.96345
-1.96373
-1.96402
-1.96431
-1.96459
-1.96488
-1.96517
-1.96545
-1.96574
-1.96603
-1.96631
-1.96660
-1.96689
-1.96717
-1.96746
-1.96774
-1.96803
-1.96832
-1.96860
-1.96889
-1.96918
-1.96946
-1.96975
-1.97004
-1.97032
-1.97061
-1.97090
-1.97118
-1.97147
-1.97175
-1.97204
-1.97233
-1.97261
-1.97290
-1.97319
-1.97347
-1.97376
-1.97405
-1.97433
-1.97462
-1.97490
-1.97519
-1.97548
-1.97576
-1.97605
-1.97634
-1.97662
-1.97691
-1.97720
-1.97748
-1.97777
-1.97806
-1.97834
-1.97863
-1.97891
-1.97920
-1.97949
-1.97977
-1.98006
-1.98035
-1.98063
-1.98092
-1.98121
-1.98149
-1.98178
-1.98206
-1.98235
-1.98264
-1.98292
-1.98321
-1.98350
-1.98378
-1.98407
-1.98436
-1.98464
-1.98493
-1.98522
-1.98550
-1.98579
-1.98607
-1.98636
-1.98665
-1.98693
-1.98722
-1.98751
-1.98779
-1.98808
-1.98837
-1.98865
-1.98894
-1.98923
-1.98951
-1.98980
-1.99008
-1.99037
-1.99066
-1.99094
-1.99123
-1.99152
-1.99180
-1.99209
-1.99238
-1.99266
-1.99295
-1.99323
-1.99352
-1.99381
-1.99409
-1.99438
-1.99467
-1.99495
-1.99524
-1.99553
-1.99581
-1.99610
-1.99639
-1.99667
-1.99696
-1.99724
-1.99753
-1.99782
-1.99810
-1.99839
-1.99868
-1.99896
-1.99925
-1.99954
-1.99982
-2.00011
-2.00039
-2.00068
-2.00097
-2.00125
-2.00154
-2.00183
-2.00211
-2.00240
-2.00269
-2.00297
-2.00326
-2.00355
-2.00383
-2.00412
-2.00440
-2.00469
-2.00498
-2.00526
-2.00555
-2.00584
-2.00612
-2.00641
-2.00670
-2.00698
-2.00727
-2.00755
-2.00784
-2.00813
-2.00841
-2.00870
-2.00899
-2.00927
-2.00956
-2.00985
-2.01013
-2.01042
-2.01071
-2.01099
-2.01128
-2.01156
-2.01185
-2.01214
-2.01242
-2.01271
-2.01300
-2.01328
-2.01357
-2.01386
-2.01414
-2.01443
-2.01471
-2.01500
-2.01529
-2.01557
-2.01586
-2.01615
-2.01643
-2.01672
-2.01701
-2.01729
-2.01758
-2.01786
-2.01815
-2.01844
-2.01872
-2.01901
-2.01930
-2.01958
-2.01987
-2.02016
-2.02044
-2.02073
-2.02102
-2.02130
-2.02159
-2.02187
-2.02216
-2.02245
-2.02273
-2.02302
-2.02331
-2.02359
-2.02388
-2.02417
-2.02445
-2.02474
-2.02502
-2.02531
-2.02560
-2.02588
-2.02617
-2.02646
-2.02674
-2.02703
-2.02732
-2.02760
-2.02789
-2.02818
-2.02846
-2.02875
-2.02903
-2.02932
-2.02961
-2.02989
-2.03018
-2.03047
-2.03075
-2.03104
-2.03133
-2.03161
-2.03190
-2.03218
-2.03247
-2.03276
-2.03304
-2.03333
-2.03362
-2.03390
-2.03419
-2.03448
-2.03476
-2.03505
-2.03533
-2.03562
-2.03591
-2.03619
-2.03648
-2.03677
-2.03705
-2.03734
-2.03763
-2.03791
-2.03820
-2.03849
-2.03877
-2.03906
-2.03934
-2.03963
-2.03992
-2.04020
-2.04049
-2.04078
-2.04106
-2.04135
-2.04164
-2.04192
-2.04221
-2.04249
-2.04278
-2.04307
-2.04335
-2.04364
-2.04393
-2.04421
-2.04450
-2.04479
-2.04507
-2.04536
-2.04564
-2.04593
-2.04622
-2.04650
-2.04679
-2.04708
-2.04736
-2.04765
-2.04794
-2.04822
-2.04851
-2.04880
-2.04908
-2.04937
-2.04965
-2.04994
-2.05023
-2.05051
-2.05080
-2.05109
-2.05137
-2.05166
-2.05195
-2.05223
-2.05252
-2.05280
-2.05309
-2.05338
-2.05366
-2.05395
-2.05424
-2.05452
-2.05481
-2.05510
-2.05538
-2.05567
-2.05595
-2.05624
-2.05653
-2.05681
-2.05710
-2.05739
-2.05767
-2.05796
-2.05825
-2.05853
-2.05882
-2.05910
-2.05939
-2.05968
-2.05996
-2.06025
-2.06054
-2.06082
-2.06111
-2.06140
-2.06168
-2.06197
-2.06226
-2.06254
-2.06283
-2.06311
-2.06340
-2.06369
-2.06397
-2.06426
-2.06455
-2.06483
-2.06512
-2.06541
-2.06569
-2.06598
-2.06626
-2.06655
-2.06684
-2.06712
-2.06741
-2.06770
-2.06798
-2.06827
-2.06856
-2.06884
-2.06913
-2.06941
-2.06970
-2.06999
-2.07027
-2.07056
-2.07085
-2.07113
-2.07142
-2.07171
-2.07199
-2.07228
-2.07256
-2.07285
-2.07314
-2.07342
-2.07371
-2.07400
-2.07428
-2.07457
-2.07486
-2.07514
-2.07543
-2.07572
-2.07600
-2.07629
-2.07657
-2.07686
-2.07715
-2.07743
-2.07772
-2.07801
-2.07829
-2.07858
-2.07887
-2.07915
-2.07944
-2.07972
-2.08001
-2.08030
-2.08058
-2.08087
-2.08116
-2.08144
-2.08173
-2.08202
-2.08230
-2.08259
-2.08287
-2.08316
-2.08345
-2.08373
-2.08402
-2.08431
-2.08459
-2.08488
-2.08517
-2.08545
-2.08574
-2.08602
-2.08631
-2.08660
-2.08688
-2.08717
-2.08746
-2.08774
-2.08803
-2.08832
-2.08860
-2.08889
-2.08917
-2.08946
-2.08975
-2.09003
-2.09032
-2.09061
-2.09089
-2.09118
-2.09147
-2.09175
-2.09204
-2.09232
-2.09261
-2.09290
-2.09318
-2.09347
-2.09376
-2.09404
-2.09433
-2.09462
-2.09490
-2.09519
-2.09547
-2.09576
-2.09605
-2.09633
-2.09662
-2.09691
-2.09719
-2.09748
-2.09777
-2.09805
-2.09834
-2.09863
-2.09891
-2.09920
-2.09948
-2.09977
-2.10006
-2.10034
-2.10063
-2.10092
-2.10120
-2.10149
-2.10178
-2.10206
-2.10235
-2.10263
-2.10292
-2.10321
-2.10349
-2.10378
-2.10407
-2.10435
-2.10464
-2.10493
-2.10521
-2.10550
-2.10578
-2.10607
-2.10636
-2.10664
-2.10693
-2.10722
-2.10750
-2.10779
-2.10808
-2.10836
-2.10865
-2.10893
-2.10922
-2.10951
-2.10979
-2.11008
-2.11037
-2.11065
-2.11094
-2.11123
-2.11151
-2.11180
-2.11208
-2.11237
-2.11266
-2.11294
-2.11323
-2.11352
-2.11380
-2.11409
-2.11438
-2.11466
-2.11495
-2.11523
-2.11552
-2.11581
-2.11609
-2.11638
-2.11667
-2.11695
-2.11724
-2.11753
-2.11781
-2.11810
-2.11838
-2.11867
-2.11896
-2.11924
-2.11953
-2.11982
-2.12010
-2.12039
-2.12068
-2.12096
-2.12125
-2.12153
-2.12182
-2.12211
-2.12239
-2.12268
-2.12297
-2.12325
-2.12354
-2.12383
-2.12411
-2.12440
-2.12468
-2.12497
-2.12526
-2.12554
-2.12583
-2.12612
-2.12640
-2.12669
-2.12698
-2.12726
-2.12755
-2.12783
-2.12812
-2.12841
-2.12869
-2.12898
-2.12927
-2.12955
-2.12984
-2.13013
-2.13041
-2.13070
-2.13098
-2.13127
-2.13156
-2.13184
-2.13213
-2.13242
-2.13270
-2.13299
-2.13328
-2.13356
-2.13385
-2.13413
-2.13442
-2.13471
-2.13499
-2.13528
-2.13557
-2.13585
-2.13614
-2.13643
-2.13671
-2.13700
-2.13728
-2.13757
-2.13786
-2.13814
-2.13843
-2.13872
-2.13900
-2.13929
-2.13958
-2.13986
-2.14015
-2.14043
-2.14072
-2.14101
-2.14129
-2.14158
-2.14187
-2.14215
-2.14244
-2.14273
-2.14301
-2.14330
-2.14358
-2.14387
-2.14416
-2.14444
-2.14473
-2.14502
-2.14530
-2.14559
-2.14588
-2.14616
-2.14645
-2.14673
-2.14702
-2.14731
-2.14759
-2.14788
-2.14817
-2.14845
-2.14874
-2.14903
-2.14931
-2.14960
-2.14988
-2.15017
-2.15046
-2.15074
-2.15103
-2.15132
-2.15160
-2.15189
-2.15218
-2.15246
-2.15275
-2.15303
-2.15332
-2.15361
-2.15389
-2.15418
-2.15447
-2.15475
-2.15504
-2.15533
-2.15561
-2.15590
-2.15618
-2.15647
-2.15676
-2.15704
-2.15733
-2.15762
-2.15790
-2.15819
-2.15848
-2.15876
-2.15905
-2.15933
-2.15962
-2.15991
-2.16019
-2.16048
-2.16077
-2.16105
-2.16134
-2.16162
-2.16191
-2.16220
-2.16248
-2.16277
-2.16306
-2.16334
-2.16363
-2.16392
-2.16420
-2.16449
-2.16477
-2.16506
-2.16535
-2.16563
-2.16592
-2.16621
-2.16649
-2.16678
-2.16707
-2.16735
-2.16764
-2.16792
-2.16821
-2.16850
-2.16878
-2.16907
-2.16936
-2.16964
-2.16993
-2.17022
-2.17050
-2.17079
-2.17107
-2.17136
-2.17165
-2.17193
-2.17222
-2.17251
-2.17279
-2.17308
-2.17337
-2.17365
-2.17394
-2.17422
-2.17451
-2.17480
-2.17508
-2.17537
-2.17566
-2.17594
-2.17623
-2.17652
-2.17680
-2.17709
-2.17737
-2.17766
-2.17795
-2.17823
-2.17852
-2.17881
-2.17909
-2.17938
-2.17967
-2.17995
-2.18024
-2.18052
-2.18081
-2.18110
-2.18138
-2.18167
-2.18196
-2.18224
-2.18253
-2.18281
-2.18310
-2.18339
-2.18367
-2.18396
-2.18425
-2.18453
-2.18482
-2.18511
-2.18539
-2.18568
-2.18596
-2.18625
-2.18654
-2.18682
-2.18711
-2.18740
-2.18768
-2.18797
-2.18826
-2.18854
-2.18883
-2.18911
-2.18940
-2.18969
-2.18997
-2.19026
-2.19055
-2.19083
-2.19112
-2.19141
-2.19169
-2.19198
-2.19226
-2.19255
-2.19284
-2.19312
-2.19341
-2.19370
-2.19398
-2.19427
-2.19456
-2.19484
-2.19513
-2.19541
-2.19570
-2.19599
-2.19627
-2.19656
-2.19685
-2.19713
-2.19742
-2.19770
-2.19799
-2.19828
-2.19856
-2.19885
-2.19914
-2.19942
-2.19971
-2.20000
-2.20028
-2.20057
-2.20085
-2.20114
-2.20143
-2.20171
-2.20200
-2.20229
-2.20257
-2.20286
-2.20315
-2.20343
-2.20372
-2.20400
-2.20429
-2.20458
-2.20486
-2.20515
-2.20544
-2.20572
-2.20601
-2.20630
-2.20658
-2.20687
-2.20715
-2.20744
-2.20773
-2.20801
-2.20830
-2.20859
-2.20887
-2.20916
-2.20944
-2.20973
-2.21002
-2.21030
-2.21059
-2.21088
-2.21116
-2.21145
-2.21174
-2.21202
-2.21231
-2.21259
-2.21288
-2.21317
-2.21345
-2.21374
-2.21403
-2.21431
-2.21460
-2.21489
-2.21517
-2.21546
-2.21574
-2.21603
-2.21632
-2.21660
-2.21689
-2.21718
-2.21746
-2.21775
-2.21804
-2.21832
-2.21861
-2.21889
-2.21918
-2.21947
-2.21975
-2.22004
-2.22033
-2.22061
-2.22090
-2.22118
-2.22147
-2.22176
-2.22204
-2.22233
-2.22262
-2.22290
-2.22319
-2.22348
-2.22376
-2.22405
-2.22433
-2.22462
-2.22491
-2.22519
-2.22548
-2.22577
-2.22605
-2.22634
-2.22663
-2.22691
-2.22720
-2.22748
-2.22777
-2.22806
-2.22834
-2.22863
-2.22892
-2.22920
-2.22949
-2.22977
-2.23006
-2.23035
-2.23063
-2.23092
-2.23121
-2.23149
-2.23178
-2.23207
-2.23235
-2.23264
-2.23292
-2.23321
-2.23350
-2.23378
-2.23407
-2.23436
-2.23464
-2.23493
-2.23522
-2.23550
-2.23579
-2.23607
-2.23636
-2.23665
-2.23693
-2.23722
-2.23751
-2.23779
-2.23808
-2.23836
-2.23865
-2.23894
-2.23922
-2.23951
-2.23980
-2.24008
-2.24037
-2.24066
-2.24094
-2.24123
-2.24151
-2.24180
-2.24209
-2.24237
-2.24266
-2.24295
-2.24323
-2.24352
-2.24381
-2.24409
-2.24438
-2.24466
-2.24495
-2.24524
-2.24552
-2.24581
-2.24610
-2.24638
-2.24667
-2.24695
-2.24724
-2.24753
-2.24781
-2.24810
-2.24839
-2.24867
-2.24896
-2.24925
-2.24953
-2.24982
-2.25010
-2.25039
-2.25068
-2.25096
-2.25125
-2.25154
-2.25182
-2.25211
-2.25239
-2.25268
-2.25297
-2.25325
-2.25354
-2.25383
-2.25411
-2.25440
-2.25469
-2.25497
-2.25526
-2.25554
-2.25583
-2.25612
-2.25640
-2.25669
-2.25698
-2.25726
-2.25755
-2.25784
-2.25812
-2.25841
-2.25869
-2.25898
-2.25927
-2.25955
-2.25984
-2.26013
-2.26041
-2.26070
-2.26098
-2.26127
-2.26156
-2.26184
-2.26213
-2.26242
-2.26270
-2.26299
-2.26328
-2.26356
-2.26385
-2.26413
-2.26442
-2.26471
-2.26499
-2.26528
-2.26557
-2.26585
-2.26614
-2.26642
-2.26671
-2.26700
-2.26728
-2.26757
-2.26786
-2.26814
-2.26843
-2.26872
-2.26900
-2.26929
-2.26957
-2.26986
-2.27015
-2.27043
-2.27072
-2.27101
-2.27129
-2.27158
-2.27187
-2.27215
-2.27244
-2.27272
-2.27301
-2.27330
-2.27358
-2.27387
-2.27416
-2.27444
-2.27473
-2.27501
-2.27530
-2.27559
-2.27587
-2.27616
-2.27645
-2.27673
-2.27702
-2.27731
-2.27759
-2.27788
-2.27816
-2.27845
-2.27874
-2.27902
-2.27931
-2.27960
-2.27988
-2.28017
-2.28045
-2.28074
-2.28103
-2.28131
-2.28160
-2.28189
-2.28217
-2.28246
-2.28275
-2.28303
-2.28332
-2.28360
-2.28389
-2.28418
-2.28446
-2.28475
-2.28504
-2.28532
-2.28561
-2.28589
-2.28618
-2.28647
-2.28675
-2.28704
-2.28733
-2.28761
-2.28790
-2.28819
-2.28847
-2.28876
-2.28904
-2.28933
-2.28962
-2.28990
-2.29019
-2.29048
-2.29076
-2.29105
-2.29133
-2.29162
-2.29191
-2.29219
-2.29248
-2.29277
-2.29305
-2.29334
-2.29363
-2.29391
-2.29420
-2.29448
-2.29477
-2.29506
-2.29534
-2.29563
-2.29592
-2.29620
-2.29649
-2.29677
-2.29706
-2.29735
-2.29763
-2.29792
-2.29821
-2.29849
-2.29878
-2.29907
-2.29935
-2.29964
-2.29992
-2.30021
-2.30050
-2.30078
-2.30107
-2.30136
-2.30164
-2.30193
-2.30221
-2.30250
-2.30279
-2.30307
-2.30336
-2.30365
-2.30393
-2.30422
-2.30451
-2.30479
-2.30508
-2.30536
-2.30565
-2.30594
-2.30622
-2.30651
-2.30680
-2.30708
-2.30737
-2.30765
-2.30794
-2.30823
-2.30851
-2.30880
-2.30909
-2.30937
-2.30966
-2.30995
-2.31023
-2.31052
-2.31080
-2.31109
-2.31138
-2.31166
-2.31195
-2.31224
-2.31252
-2.31281
-2.31309
-2.31338
-2.31367
-2.31395
-2.31424
-2.31453
-2.31481
-2.31510
-2.31539
-2.31567
-2.31596
-2.31624
-2.31653
-2.31682
-2.31710
-2.31739
-2.31768
-2.31796
-2.31825
-2.31853
-2.31882
-2.31911
-2.31939
-2.31968
-2.31997
-2.32025
-2.32054
-2.32083
-2.32111
-2.32140
-2.32168
-2.32197
-2.32226
-2.32254
-2.32283
-2.32312
-2.32340
-2.32369
-2.32397
-2.32426
-2.32455
-2.32483
-2.32512
-2.32541
-2.32569
-2.32598
-2.32626
-2.32655
-2.32684
-2.32712
-2.32741
-2.32770
-2.32798
-2.32827
-2.32856
-2.32884
-2.32913
-2.32941
-2.32970
-2.32999
-2.33027
-2.33056
-2.33085
-2.33113
-2.33142
-2.33170
-2.33199
-2.33228
-2.33256
-2.33285
-2.33314
-2.33342
-2.33371
-2.33400
-2.33428
-2.33457
-2.33485
-2.33514
-2.33543
-2.33571
-2.33600
-2.33629
-2.33657
-2.33686
-2.33714
-2.33743
-2.33772
-2.33800
-2.33829
-2.33858
-2.33886
-2.33915
-2.33943
-2.33972
-2.34001
-2.34029
-2.34058
-2.34087
-2.34115
-2.34144
-2.34173
-2.34201
-2.34230
-2.34258
-2.34287
-2.34316
-2.34344
-2.34373
-2.34402
-2.34430
-2.34459
-2.34487
-2.34516
-2.34545
-2.34573
-2.34602
-2.34631
-2.34659
-2.34688
-2.34717
-2.34745
-2.34774
-2.34802
-2.34831
-2.34860
-2.34888
-2.34917
-2.34946
-2.34974
-2.35003
-2.35031
-2.35060
-2.35089
-2.35117
-2.35146
-2.35175
-2.35203
-2.35232
-2.35260
-2.35289
-2.35318
-2.35346
-2.35375
-2.35404
-2.35432
-2.35461
-2.35490
-2.35518
-2.35547
-2.35575
-2.35604
-2.35633
-2.35661
-2.35690
-2.35719
-2.35747
-2.35776
-2.35804
-2.35833
-2.35862
-2.35890
-2.35919
-2.35948
-2.35976
-2.36005
-2.36033
-2.36062
-2.36091
-2.36119
-2.36148
-2.36177
-2.36205
-2.36234
-2.36263
-2.36291
-2.36320
-2.36348
-2.36377
-2.36406
-2.36434
-2.36463
-2.36492
-2.36520
-2.36549
-2.36577
-2.36606
-2.36635
-2.36663
-2.36692
-2.36721
-2.36749
-2.36778
-2.36806
-2.36835
-2.36864
-2.36892
-2.36921
-2.36950
-2.36978
-2.37007
-2.37036
-2.37064
-2.37093
-2.37121
-2.37150
-2.37179
-2.37207
-2.37236
-2.37265
-2.37293
-2.37322
-2.37350
-2.37379
-2.37408
-2.37436
-2.37465
-2.37494
-2.37522
-2.37551
-2.37579
-2.37608
-2.37637
-2.37665
-2.37694
-2.37723
-2.37751
-2.37780
-2.37809
-2.37837
-2.37866
-2.37894
-2.37923
-2.37952
-2.37980
-2.38009
-2.38038
-2.38066
-2.38095
-2.38123
-2.38152
-2.38181
-2.38209
-2.38238
-2.38267
-2.38295
-2.38324
-2.38352
-2.38381
-2.38410
-2.38438
-2.38467
-2.38496
-2.38524
-2.38553
-2.38581
-2.38610
-2.38639
-2.38667
-2.38696
-2.38725
-2.38753
-2.38782
-2.38811
-2.38839
-2.38868
-2.38896
-2.38925
-2.38954
-2.38982
-2.39011
-2.39040
-2.39068
-2.39097
-2.39125
-2.39154
-2.39183
-2.39211
-2.39240
-2.39269
-2.39297
-2.39326
-2.39354
-2.39383
-2.39412
-2.39440
-2.39469
-2.39498
-2.39526
-2.39555
-2.39583
-2.39612
-2.39641
-2.39669
-2.39698
-2.39727
-2.39755
-2.39784
-2.39813
-2.39841
-2.39870
-2.39898
-2.39927
-2.39956
-2.39984
-2.40013
-2.40042
-2.40070
-2.40099
-2.40127
-2.40156
-2.40185
-2.40213
-2.40242
-2.40271
-2.40299
-2.40328
-2.40356
-2.40385
-2.40414
-2.40442
-2.40471
-2.40500
-2.40528
-2.40557
-2.40585
-2.40614
-2.40643
-2.40671
-2.40700
-2.40729
-2.40757
-2.40786
-2.40815
-2.40843
-2.40872
-2.40900
-2.40929
-2.40958
-2.40986
-2.41015
-2.41044
-2.41072
-2.41101
-2.41129
-2.41158
-2.41187
-2.41215
-2.41244
-2.41273
-2.41301
-2.41330
-2.41358
-2.41387
-2.41416
-2.41444
-2.41473
-2.41502
-2.41530
-2.41559
-2.41587
-2.41616
-2.41645
-2.41673
-2.41702
-2.41731
-2.41759
-2.41788
-2.41817
-2.41845
-2.41874
-2.41902
-2.41931
-2.41960
-2.41988
-2.42017
-2.42046
-2.42074
-2.42103
-2.42131
-2.42160
-2.42189
-2.42217
-2.42246
-2.42275
-2.42303
-2.42332
-2.42360
-2.42389
-2.42418
-2.42446
-2.42475
-2.42504
-2.42532
-2.42561
-2.42589
-2.42618
-2.42647
-2.42675
-2.42704
-2.42733
-2.42761
-2.42790
-2.42818
-2.42847
-2.42876
-2.42904
-2.42933
-2.42962
-2.42990
-2.43019
-2.43048
-2.43076
-2.43105
-2.43133
-2.43162
-2.43191
-2.43219
-2.43248
-2.43277
-2.43305
-2.43334
-2.43362
-2.43391
-2.43420
-2.43448
-2.43477
-2.43506
-2.43534
-2.43563
-2.43591
-2.43620
-2.43649
-2.43677
-2.43706
-2.43735
-2.43763
-2.43792
-2.43820
-2.43849
-2.43878
-2.43906
-2.43935
-2.43964
-2.43992
-2.44021
-2.44049
-2.44078
-2.44107
-2.44135
-2.44164
-2.44193
-2.44221
-2.44250
-2.44278
-2.44307
-2.44336
-2.44364
-2.44393
-2.44422
-2.44450
-2.44479
-2.44508
-2.44536
-2.44565
-2.44593
-2.44622
-2.44651
-2.44679
-2.44708
-2.44737
-2.44765
-2.44794
-2.44822
-2.44851
-2.44880
-2.44908
-2.44937
-2.44966
-2.44994
-2.45023
-2.45051
-2.45080
-2.45109
-2.45137
-2.45166
-2.45195
-2.45223
-2.45252
-2.45280
-2.45309
-2.45338
-2.45366
-2.45395
-2.45424
-2.45452
-2.45481
-2.45509
-2.45538
-2.45567
-2.45595
-2.45624
-2.45653
-2.45681
-2.45710
-2.45738
-2.45767
-2.45796
-2.45824
-2.45853
-2.45882
-2.45910
-2.45939
-2.45967
-2.45996
-2.46025
-2.46053
-2.46082
-2.46111
-2.46139
-2.46168
-2.46196
-2.46225
-2.46254
-2.46282
-2.46311
-2.46340
-2.46368
-2.46397
-2.46426
-2.46454
-2.46483
-2.46511
-2.46540
-2.46569
-2.46597
-2.46626
-2.46655
-2.46683
-2.46712
-2.46740
-2.46769
-2.46798
-2.46826
-2.46855
-2.46884
-2.46912
-2.46941
-2.46969
-2.46998
-2.47027
-2.47055
-2.47084
-2.47113
-2.47141
-2.47170
-2.47198
-2.47227
-2.47256
-2.47284
-2.47313
-2.47342
-2.47370
-2.47399
-2.47427
-2.47456
-2.47485
-2.47513
-2.47542
-2.47571
-2.47599
-2.47628
-2.47656
-2.47685
-2.47714
-2.47742
-2.47771
-2.47800
-2.47828
-2.47857
-2.47885
-2.47914
-2.47943
-2.47971
-2.48000
-2.48029
-2.48057
-2.48086
-2.48114
-2.48143
-2.48172
-2.48200
-2.48229
-2.48258
-2.48286
-2.48315
-2.48343
-2.48372
-2.48401
-2.48429
-2.48458
-2.48487
-2.48515
-2.48544
-2.48572
-2.48601
-2.48630
-2.48658
-2.48687
-2.48716
-2.48744
-2.48773
-2.48801
-2.48830
-2.48859
-2.48887
-2.48916
-2.48945
-2.48973
-2.49002
-2.49031
-2.49059
-2.49088
-2.49116
-2.49145
-2.49174
-2.49202
-2.49231
-2.49260
-2.49288
-2.49317
-2.49345
-2.49374
-2.49403
-2.49431
-2.49460
-2.49489
-2.49517
-2.49546
-2.49574
-2.49603
-2.49632
-2.49660
-2.49689
-2.49718
-2.49746
-2.49775
-2.49803
-2.49832
-2.49861
-2.49889
-2.49918
-2.49947
-2.49975
-2.50004
-2.50032
-2.50061
-2.50090
-2.50118
-2.50147
-2.50176
-2.50204
-2.50233
-2.50261
-2.50290
-2.50319
-2.50347
-2.50376
-2.50405
-2.50433
-2.50462
-2.50490
-2.50519
-2.50548
-2.50576
-2.50605
-2.50634
-2.50662
-2.50691
-2.50719
-2.50748
-2.50777
-2.50805
-2.50834
-2.50863
-2.50891
-2.50920
-2.50948
-2.50977
-2.51006
-2.51034
-2.51063
-2.51092
-2.51120
-2.51149
-2.51177
-2.51206
-2.51235
-2.51263
-2.51292
-2.51321
-2.51349
-2.51378
-2.51406
-2.51435
-2.51464
-2.51492
-2.51521
-2.51550
-2.51578
-2.51607
-2.51635
-2.51664
-2.51693
-2.51721
-2.51750
-2.51779
-2.51807
-2.51836
-2.51864
-2.51893
-2.51922
-2.51950
-2.51979
-2.52008
-2.52036
-2.52065
-2.52093
-2.52122
-2.52151
-2.52179
-2.52208
-2.52237
-2.52265
-2.52294
-2.52322
-2.52351
-2.52380
-2.52408
-2.52437
-2.52466
-2.52494
-2.52523
-2.52551
-2.52580
-2.52609
-2.52637
-2.52666
-2.52695
-2.52723
-2.52752
-2.52780
-2.52809
-2.52838
-2.52866
-2.52895
-2.52924
-2.52952
-2.52981
-2.53009
-2.53038
-2.53067
-2.53095
-2.53124
-2.53153
-2.53181
-2.53210
-2.53238
-2.53267
-2.53296
-2.53324
-2.53353
-2.53382
-2.53410
-2.53439
-2.53467
-2.53496
-2.53525
-2.53553
-2.53582
-2.53611
-2.53639
-2.53668
-2.53696
-2.53725
-2.53754
-2.53782
-2.53811
-2.53840
-2.53868
-2.53897
-2.53925
-2.53954
-2.53983
-2.54011
-2.54040
-2.54069
-2.54097
-2.54126
-2.54154
-2.54183
-2.54212
-2.54240
-2.54269
-2.54298
-2.54326
-2.54355
-2.54383
-2.54412
-2.54441
-2.54469
-2.54498
-2.54527
-2.54555
-2.54584
-2.54612
-2.54641
-2.54670
-2.54698
-2.54727
-2.54756
-2.54784
-2.54813
-2.54841
-2.54870
-2.54899
-2.54927
-2.54956
-2.54985
-2.55013
-2.55042
-2.55070
-2.55099
-2.55128
-2.55156
-2.55185
-2.55214
-2.55242
-2.55271
-2.55299
-2.55328
-2.55357
-2.55385
-2.55414
-2.55443
-2.55471
-2.55500
-2.55528
-2.55557
-2.55586
-2.55614
-2.55643
-2.55672
-2.55700
-2.55729
-2.55757
-2.55786
-2.55815
-2.55843
-2.55872
-2.55900
-2.55929
-2.55958
-2.55986
-2.56015
-2.56044
-2.56072
-2.56101
-2.56129
-2.56158
-2.56187
-2.56215
-2.56244
-2.56273
-2.56301
-2.56330
-2.56358
-2.56387
-2.56416
-2.56444
-2.56473
-2.56502
-2.56530
-2.56559
-2.56587
-2.56616
-2.56645
-2.56673
-2.56702
-2.56731
-2.56759
-2.56788
-2.56816
-2.56845
-2.56874
-2.56902
-2.56931
-2.56960
-2.56988
-2.57017
-2.57045
-2.57074
-2.57103
-2.57131
-2.57160
-2.57189
-2.57217
-2.57246
-2.57274
-2.57303
-2.57332
-2.57360
-2.57389
-2.57418
-2.57446
-2.57475
-2.57503
-2.57532
-2.57561
-2.57589
-2.57618
-2.57647
-2.57675
-2.57704
-2.57732
-2.57761
-2.57790
-2.57818
-2.57847
-2.57876
-2.57904
-2.57933
-2.57961
-2.57990
-2.58019
-2.58047
-2.58076
-2.58105
-2.58133
-2.58162
-2.58190
-2.58219
-2.58248
-2.58276
-2.58305
-2.58334
-2.58362
-2.58391
-2.58419
-2.58448
-2.58477
-2.58505
-2.58534
-2.58562
-2.58591
-2.58620
-2.58648
-2.58677
-2.58706
-2.58734
-2.58763
-2.58791
-2.58820
-2.58849
-2.58877
-2.58906
-2.58935
-2.58963
-2.58992
-2.59020
-2.59049
-2.59078
-2.59106
-2.59135
-2.59164
-2.59192
-2.59221
-2.59249
-2.59278
-2.59307
-2.59335
-2.59364
-2.59393
-2.59421
-2.59450
-2.59478
-2.59507
-2.59536
-2.59564
-2.59593
-2.59622
-2.59650
-2.59679
-2.59707
-2.59736
-2.59765
-2.59793
-2.59822
-2.59851
-2.59879
-2.59908
-2.59936
-2.59965
-2.59994
-2.60022
-2.60051
-2.60080
-2.60108
-2.60137
-2.60165
-2.60194
-2.60223
-2.60251
-2.60280
-2.60308
-2.60337
-2.60366
-2.60394
-2.60423
-2.60452
-2.60480
-2.60509
-2.60537
-2.60566
-2.60595
-2.60623
-2.60652
-2.60681
-2.60709
-2.60738
-2.60766
-2.60795
-2.60824
-2.60852
-2.60881
-2.60910
-2.60938
-2.60967
-2.60995
-2.61024
-2.61053
-2.61081
-2.61110
-2.61139
-2.61167
-2.61196
-2.61224
-2.61253
-2.61282
-2.61310
-2.61339
-2.61368
-2.61396
-2.61425
-2.61453
-2.61482
-2.61511
-2.61539
-2.61568
-2.61597
-2.61625
-2.61654
-2.61682
-2.61711
-2.61740
-2.61768
-2.61797
-2.61825
-2.61854
-2.61883
-2.61911
-2.61940
-2.61969
-2.61997
-2.62026
-2.62054
-2.62083
-2.62112
-2.62140
-2.62169
-2.62198
-2.62226
-2.62255
-2.62283
-2.62312
-2.62341
-2.62369
-2.62398
-2.62427
-2.62455
-2.62484
-2.62512
-2.62541
-2.62570
-2.62598
-2.62627
-2.62656
-2.62684
-2.62713
-2.62741
-2.62770
-2.62799
-2.62827
-2.62856
-2.62885
-2.62913
-2.62942
-2.62970
-2.62999
-2.63028
-2.63056
-2.63085
-2.63113
-2.63142
-2.63171
-2.63199
-2.63228
-2.63257
-2.63285
-2.63314
-2.63342
-2.63371
-2.63400
-2.63428
-2.63457
-2.63486
-2.63514
-2.63543
-2.63571
-2.63600
-2.63629
-2.63657
-2.63686
-2.63715
-2.63743
-2.63772
-2.63800
-2.63829
-2.63858
-2.63886
-2.63915
-2.63944
-2.63972
-2.64001
-2.64029
-2.64058
-2.64087
-2.64115
-2.64144
-2.64172
-2.64201
-2.64230
-2.64258
-2.64287
-2.64316
-2.64344
-2.64373
-2.64401
-2.64430
-2.64459
-2.64487
-2.64516
-2.64545
-2.64573
-2.64602
-2.64630
-2.64659
-2.64688
-2.64716
-2.64745
-2.64774
-2.64802
-2.64831
-2.64859
-2.64888
-2.64917
-2.64945
-2.64974
-2.65003
-2.65031
-2.65060
-2.65088
-2.65117
-2.65146
-2.65174
-2.65203
-2.65231
-2.65260
-2.65289
-2.65317
-2.65346
-2.65375
-2.65403
-2.65432
-2.65460
-2.65489
-2.65518
-2.65546
-2.65575
-2.65604
-2.65632
-2.65661
-2.65689
-2.65718
-2.65747
-2.65775
-2.65804
-2.65833
-2.65861
-2.65890
-2.65918
-2.65947
-2.65976
-2.66004
-2.66033
-2.66061
-2.66090
-2.66119
-2.66147
-2.66176
-2.66205
-2.66233
-2.66262
-2.66290
-2.66319
-2.66348
-2.66376
-2.66405
-2.66434
-2.66462
-2.66491
-2.66519
-2.66548
-2.66577
-2.66605
-2.66634
-2.66663
-2.66691
-2.66720
-2.66748
-2.66777
-2.66806
-2.66834
-2.66863
-2.66892
-2.66920
-2.66949
-2.66977
-2.67006
-2.67035
-2.67063
-2.67092
-2.67120
-2.67149
-2.67178
-2.67206
-2.67235
-2.67264
-2.67292
-2.67321
-2.67349
-2.67378
-2.67407
-2.67435
-2.67464
-2.67493
-2.67521
-2.67550
-2.67578
-2.67607
-2.67636
-2.67664
-2.67693
-2.67722
-2.67750
-2.67779
-2.67807
-2.67836
-2.67865
-2.67893
-2.67922
-2.67950
-2.67979
-2.68008
-2.68036
-2.68065
-2.68094
-2.68122
-2.68151
-2.68179
-2.68208
-2.68237
-2.68265
-2.68294
-2.68323
-2.68351
-2.68380
-2.68408
-2.68437
-2.68466
-2.68494
-2.68523
-2.68551
-2.68580
-2.68609
-2.68637
-2.68666
-2.68695
-2.68723
-2.68752
-2.68780
-2.68809
-2.68838
-2.68866
-2.68895
-2.68924
-2.68952
-2.68981
-2.69009
-2.69038
-2.69067
-2.69095
-2.69124
-2.69153
-2.69181
-2.69210
-2.69238
-2.69267
-2.69296
-2.69324
-2.69353
-2.69381
-2.69410
-2.69439
-2.69467
-2.69496
-2.69525
-2.69553
-2.69582
-2.69610
-2.69639
-2.69668
-2.69696
-2.69725
-2.69754
-2.69782
-2.69811
-2.69839
-2.69868
-2.69897
-2.69925
-2.69954
-2.69983
-2.70011
-2.70040
-2.70068
-2.70097
-2.70126
-2.70154
-2.70183
-2.70211
-2.70240
-2.70269
-2.70297
-2.70326
-2.70355
-2.70383
-2.70412
-2.70440
-2.70469
-2.70498
-2.70526
-2.70555
-2.70584
-2.70612
-2.70641
-2.70669
-2.70698
-2.70727
-2.70755
-2.70784
-2.70812
-2.70841
-2.70870
-2.70898
-2.70927
-2.70956
-2.70984
-2.71013
-2.71041
-2.71070
-2.71099
-2.71127
-2.71156
-2.71185
-2.71213
-2.71242
-2.71270
-2.71299
-2.71328
-2.71356
-2.71385
-2.71413
-2.71442
-2.71471
-2.71499
-2.71528
-2.71557
-2.71585
-2.71614
-2.71642
-2.71671
-2.71700
-2.71728
-2.71757
-2.71786
-2.71814
-2.71843
-2.71871
-2.71900
-2.71929
-2.71957
-2.71986
-2.72014
-2.72043
-2.72072
-2.72100
-2.72129
-2.72158
-2.72186
-2.72215
-2.72243
-2.72272
-2.72301
-2.72329
-2.72358
-2.72387
-2.72415
-2.72444
-2.72472
-2.72501
-2.72530
-2.72558
-2.72587
-2.72616
-2.72644
-2.72673
-2.72701
-2.72730
-2.72759
-2.72787
-2.72816
-2.72844
-2.72873
-2.72902
-2.72930
-2.72959
-2.72988
-2.73016
-2.73045
-2.73073
-2.73102
-2.73131
-2.73159
-2.73188
-2.73217
-2.73245
-2.73274
-2.73302
-2.73331
-2.73360
-2.73388
-2.73417
-2.73445
-2.73474
-2.73503
-2.73531
-2.73560
-2.73589
-2.73617
-2.73646
-2.73674
-2.73703
-2.73732
-2.73760
-2.73789
-2.73818
-2.73846
-2.73875
-2.73903
-2.73932
-2.73961
-2.73989
-2.74018
-2.74046
-2.74075
-2.74104
-2.74132
-2.74161
-2.74190
-2.74218
-2.74247
-2.74275
-2.74304
-2.74333
-2.74361
-2.74390
-2.74418
-2.74447
-2.74476
-2.74504
-2.74533
-2.74562
-2.74590
-2.74619
-2.74647
-2.74676
-2.74705
-2.74733
-2.74762
-2.74791
-2.74819
-2.74848
-2.74876
-2.74905
-2.74934
-2.74962
-2.74991
-2.75019
-2.75048
-2.75077
-2.75105
-2.75134
-2.75163
-2.75191
-2.75220
-2.75248
-2.75277
-2.75306
-2.75334
-2.75363
-2.75392
-2.75420
-2.75449
-2.75477
-2.75506
-2.75535
-2.75563
-2.75592
-2.75620
-2.75649
-2.75678
-2.75706
-2.75735
-2.75764
-2.75792
-2.75821
-2.75849
-2.75878
-2.75907
-2.75935
-2.75964
-2.75993
-2.76021
-2.76050
-2.76078
-2.76107
-2.76136
-2.76164
-2.76193
-2.76221
-2.76250
-2.76279
-2.76307
-2.76336
-2.76365
-2.76393
-2.76422
-2.76450
-2.76479
-2.76508
-2.76536
-2.76565
-2.76593
-2.76622
-2.76651
-2.76679
-2.76708
-2.76737
-2.76765
-2.76794
-2.76822
-2.76851
-2.76880
-2.76908
-2.76937
-2.76966
-2.76994
-2.77023
-2.77051
-2.77080
-2.77109
-2.77137
-2.77166
-2.77194
-2.77223
-2.77252
-2.77280
-2.77309
-2.77338
-2.77366
-2.77395
-2.77423
-2.77452
-2.77481
-2.77509
-2.77538
-2.77566
-2.77595
-2.77624
-2.77652
-2.77681
-2.77710
-2.77738
-2.77767
-2.77795
-2.77824
-2.77853
-2.77881
-2.77910
-2.77939
-2.77967
-2.77996
-2.78024
-2.78053
-2.78082
-2.78110
-2.78139
-2.78167
-2.78196
-2.78225
-2.78253
-2.78282
-2.78311
-2.78339
-2.78368
-2.78396
-2.78425
-2.78454
-2.78482
-2.78511
-2.78539
-2.78568
-2.78597
-2.78625
-2.78654
-2.78683
-2.78711
-2.78740
-2.78768
-2.78797
-2.78826
-2.78854
-2.78883
-2.78912
-2.78940
-2.78969
-2.78997
-2.79026
-2.79055
-2.79083
-2.79112
-2.79140
-2.79169
-2.79198
-2.79226
-2.79255
-2.79284
-2.79312
-2.79341
-2.79369
-2.79398
-2.79427
-2.79455
-2.79484
-2.79512
-2.79541
-2.79570
-2.79598
-2.79627
-2.79656
-2.79684
-2.79713
-2.79741
-2.79770
-2.79799
-2.79827
-2.79856
-2.79885
-2.79913
-2.79942
-2.79970
-2.79999
-2.80028
-2.80056
-2.80085
-2.80113
-2.80142
-2.80171
-2.80199
-2.80228
-2.80257
-2.80285
-2.80314
-2.80342
-2.80371
-2.80400
-2.80428
-2.80457
-2.80485
-2.80514
-2.80543
-2.80571
-2.80600
-2.80629
-2.80657
-2.80686
-2.80714
-2.80743
-2.80772
-2.80800
-2.80829
-2.80857
-2.80886
-2.80915
-2.80943
-2.80972
-2.81001
-2.81029
-2.81058
-2.81086
-2.81115
-2.81144
-2.81172
-2.81201
-2.81230
-2.81258
-2.81287
-2.81315
-2.81344
-2.81373
-2.81401
-2.81430
-2.81458
-2.81487
-2.81516
-2.81544
-2.81573
-2.81602
-2.81630
-2.81659
-2.81687
-2.81716
-2.81745
-2.81773
-2.81802
-2.81830
-2.81859
-2.81888
-2.81916
-2.81945
-2.81974
-2.82002
-2.82031
-2.82059
-2.82088
-2.82117
-2.82145
-2.82174
-2.82202
-2.82231
-2.82260
-2.82288
-2.82317
-2.82346
-2.82374
-2.82403
-2.82431
-2.82460
-2.82489
-2.82517
-2.82546
-2.82574
-2.82603
-2.82632
-2.82660
-2.82689
-2.82718
-2.82746
-2.82775
-2.82803
-2.82832
-2.82861
-2.82889
-2.82918
-2.82946
-2.82975
-2.83004
-2.83032
-2.83061
-2.83090
-2.83118
-2.83147
-2.83175
-2.83204
-2.83233
-2.83261
-2.83290
-2.83319
-2.83347
-2.83376
-2.83404
-2.83433
-2.83462
-2.83490
-2.83519
-2.83547
-2.83576
-2.83605
-2.83633
-2.83662
-2.83691
-2.83719
-2.83748
-2.83776
-2.83805
-2.83834
-2.83862
-2.83891
-2.83919
-2.83948
-2.83977
-2.84005
-2.84034
-2.84063
-2.84091
-2.84120
-2.84148
-2.84177
-2.84206
-2.84234
-2.84263
-2.84291
-2.84320
-2.84349
-2.84377
-2.84406
-2.84435
-2.84463
-2.84492
-2.84520
-2.84549
-2.84578
-2.84606
-2.84635
-2.84663
-2.84692
-2.84721
-2.84749
-2.84778
-2.84807
-2.84835
-2.84864
-2.84892
-2.84921
-2.84950
-2.84978
-2.85007
-2.85035
-2.85064
-2.85093
-2.85121
-2.85150
-2.85179
-2.85207
-2.85236
-2.85264
-2.85293
-2.85322
-2.85350
-2.85379
-2.85407
-2.85436
-2.85465
-2.85493
-2.85522
-2.85551
-2.85579
-2.85608
-2.85636
-2.85665
-2.85694
-2.85722
-2.85751
-2.85779
-2.85808
-2.85837
-2.85865
-2.85894
-2.85923
-2.85951
-2.85980
-2.86008
-2.86037
-2.86066
-2.86094
-2.86123
-2.86151
-2.86180
-2.86209
-2.86237
-2.86266
-2.86295
-2.86323
-2.86352
-2.86380
-2.86409
-2.86438
-2.86466
-2.86495
-2.86523
-2.86552
-2.86581
-2.86609
-2.86638
-2.86667
-2.86695
-2.86724
-2.86752
-2.86781
-2.86810
-2.86838
-2.86867
-2.86895
-2.86924
-2.86953
-2.86981
-2.87010
-2.87039
-2.87067
-2.87096
-2.87124
-2.87153
-2.87182
-2.87210
-2.87239
-2.87267
-2.87296
-2.87325
-2.87353
-2.87382
-2.87411
-2.87439
-2.87468
-2.87496
-2.87525
-2.87554
-2.87582
-2.87611
-2.87639
-2.87668
-2.87697
-2.87725
-2.87754
-2.87783
-2.87811
-2.87840
-2.87868
-2.87897
-2.87926
-2.87954
-2.87983
-2.88011
-2.88040
-2.88069
-2.88097
-2.88126
-2.88155
-2.88183
-2.88212
-2.88240
-2.88269
-2.88298
-2.88326
-2.88355
-2.88383
-2.88412
-2.88441
-2.88469
-2.88498
-2.88526
-2.88555
-2.88584
-2.88612
-2.88641
-2.88670
-2.88698
-2.88727
-2.88755
-2.88784
-2.88813
-2.88841
-2.88870
-2.88898
-2.88927
-2.88956
-2.88984
-2.89013
-2.89042
-2.89070
-2.89099
-2.89127
-2.89156
-2.89185
-2.89213
-2.89242
-2.89270
-2.89299
-2.89328
-2.89356
-2.89385
-2.89414
-2.89442
-2.89471
-2.89499
-2.89528
-2.89557
-2.89585
-2.89614
-2.89642
-2.89671
-2.89700
-2.89728
-2.89757
-2.89786
-2.89814
-2.89843
-2.89871
-2.89900
-2.89929
-2.89957
-2.89986
-2.90014
-2.90043
-2.90072
-2.90100
-2.90129
-2.90158
-2.90186
-2.90215
-2.90243
-2.90272
-2.90301
-2.90329
-2.90358
-2.90386
-2.90415
-2.90444
-2.90472
-2.90501
-2.90530
-2.90558
-2.90587
-2.90615
-2.90644
-2.90673
-2.90701
-2.90730
-2.90758
-2.90787
-2.90816
-2.90844
-2.90873
-2.90901
-2.90930
-2.90959
-2.90987
-2.91016
-2.91045
-2.91073
-2.91102
-2.91130
-2.91159
-2.91188
-2.91216
-2.91245
-2.91273
-2.91302
-2.91331
-2.91359
-2.91388
-2.91417
-2.91445
-2.91474
-2.91502
-2.91531
-2.91560
-2.91588
-2.91617
-2.91645
-2.91674
-2.91703
-2.91731
-2.91760
-2.91789
-2.91817
-2.91846
-2.91874
-2.91903
-2.91932
-2.91960
-2.91989
-2.92017
-2.92046
-2.92075
-2.92103
-2.92132
-2.92160
-2.92189
-2.92218
-2.92246
-2.92275
-2.92304
-2.92332
-2.92361
-2.92389
-2.92418
-2.92447
-2.92475
-2.92504
-2.92532
-2.92561
-2.92590
-2.92618
-2.92647
-2.92676
-2.92704
-2.92733
-2.92761
-2.92790
-2.92819
-2.92847
-2.92876
-2.92904
-2.92933
-2.92962
-2.92990
-2.93019
-2.93048
-2.93076
-2.93105
-2.93133
-2.93162
-2.93191
-2.93219
-2.93248
-2.93276
-2.93305
-2.93334
-2.93362
-2.93391
-2.93419
-2.93448
-2.93477
-2.93505
-2.93534
-2.93563
-2.93591
-2.93620
-2.93648
-2.93677
-2.93706
-2.93734
-2.93763
-2.93791
-2.93820
-2.93849
-2.93877
-2.93906
-2.93935
-2.93963
-2.93992
-2.94020
-2.94049
-2.94078
-2.94106
-2.94135
-2.94163
-2.94192
-2.94221
-2.94249
-2.94278
-2.94306
-2.94335
-2.94364
-2.94392
-2.94421
-2.94450
-2.94478
-2.94507
-2.94535
-2.94564
-2.94593
-2.94621
-2.94650
-2.94678
-2.94707
-2.94736
-2.94764
-2.94793
-2.94822
-2.94850
-2.94879
-2.94907
-2.94936
-2.94965
-2.94993
-2.95022
-2.95050
-2.95079
-2.95108
-2.95136
-2.95165
-2.95193
-2.95222
-2.95251
-2.95279
-2.95308
-2.95337
-2.95365
-2.95394
-2.95422
-2.95451
-2.95480
-2.95508
-2.95537
-2.95565
-2.95594
-2.95623
-2.95651
-2.95680
-2.95709
-2.95737
-2.95766
-2.95794
-2.95823
-2.95852
-2.95880
-2.95909
-2.95937
-2.95966
-2.95995
-2.96023
-2.96052
-2.96080
-2.96109
-2.96138
-2.96166
-2.96195
-2.96224
-2.96252
-2.96281
-2.96309
-2.96338
-2.96367
-2.96395
-2.96424
-2.96452
-2.96481
-2.96510
-2.96538
-2.96567
-2.96595
-2.96624
-2.96653
-2.96681
-2.96710
-2.96739
-2.96767
-2.96796
-2.96824
-2.96853
-2.96882
-2.96910
-2.96939
-2.96967
-2.96996
-2.97025
-2.97053
-2.97082
-2.97111
-2.97139
-2.97168
-2.97196
-2.97225
-2.97254
-2.97282
-2.97311
-2.97339
-2.97368
-2.97397
-2.97425
-2.97454
-2.97482
-2.97511
-2.97540
-2.97568
-2.97597
-2.97626
-2.97654
-2.97683
-2.97711
-2.97740
-2.97769
-2.97797
-2.97826
-2.97854
-2.97883
-2.97912
-2.97940
-2.97969
-2.97997
-2.98026
-2.98055
-2.98083
-2.98112
-2.98141
-2.98169
-2.98198
-2.98226
-2.98255
-2.98284
-2.98312
-2.98341
-2.98369
-2.98398
-2.98427
-2.98455
-2.98484
-2.98512
-2.98541
-2.98570
-2.98598
-2.98627
-2.98656
-2.98684
-2.98713
-2.98741
-2.98770
-2.98799
-2.98827
-2.98856
-2.98884
-2.98913
-2.98942
-2.98970
-2.98999
-2.99028
-2.99056
-2.99085
-2.99113
-2.99142
-2.99171
-2.99199
-2.99228
-2.99256
-2.99285
-2.99314
-2.99342
-2.99371
-2.99399
-2.99428
-2.99457
-2.99485
-2.99514
-2.99543
-2.99571
-2.99600
-2.99628
-2.99657
-2.99686
-2.99714
-2.99743
-2.99771
-2.99800
-2.99829
-2.99857
-2.99886
-2.99914
-2.99943
-2.99972
-3.00000
-3.00029
-3.00058
-3.00086
-3.00115
-3.00143
-3.00172
-3.00201
-3.00229
-3.00258
-3.00286
-3.00315
-3.00344
-3.00372
-3.00401
-3.00429
-3.00458
-3.00487
-3.00515
-3.00544
-3.00573
-3.00601
-3.00630
-3.00658
-3.00687
-3.00716
-3.00744
-3.00773
-3.00801
-3.00830
-3.00859
-3.00887
-3.00916
-3.00944
-3.00973
-3.01002
-3.01030
-3.01059
-3.01088
-3.01116
-3.01145
-3.01173
-3.01202
-3.01231
-3.01259
-3.01288
-3.01316
-3.01345
-3.01374
-3.01402
-3.01431
-3.01459
-3.01488
-3.01517
-3.01545
-3.01574
-3.01603
-3.01631
-3.01660
-3.01688
-3.01717
-3.01746
-3.01774
-3.01803
-3.01831
-3.01860
-3.01889
-3.01917
-3.01946
-3.01974
-3.02003
-3.02032
-3.02060
-3.02089
-3.02118
-3.02146
-3.02175
-3.02203
-3.02232
-3.02261
-3.02289
-3.02318
-3.02346
-3.02375
-3.02404
-3.02432
-3.02461
-3.02489
-3.02518
-3.02547
-3.02575
-3.02604
-3.02633
-3.02661
-3.02690
-3.02718
-3.02747
-3.02776
-3.02804
-3.02833
-3.02861
-3.02890
-3.02919
-3.02947
-3.02976
-3.03004
-3.03033
-3.03062
-3.03090
-3.03119
-3.03147
-3.03176
-3.03205
-3.03233
-3.03262
-3.03291
-3.03319
-3.03348
-3.03376
-3.03405
-3.03434
-3.03462
-3.03491
-3.03519
-3.03548
-3.03577
-3.03605
-3.03634
-3.03662
-3.03691
-3.03720
-3.03748
-3.03777
-3.03806
-3.03834
-3.03863
-3.03891
-3.03920
-3.03949
-3.03977
-3.04006
-3.04034
-3.04063
-3.04092
-3.04120
-3.04149
-3.04177
-3.04206
-3.04235
-3.04263
-3.04292
-3.04321
-3.04349
-3.04378
-3.04406
-3.04435
-3.04464
-3.04492
-3.04521
-3.04549
-3.04578
-3.04607
-3.04635
-3.04664
-3.04692
-3.04721
-3.04750
-3.04778
-3.04807
-3.04835
-3.04864
-3.04893
-3.04921
-3.04950
-3.04979
-3.05007
-3.05036
-3.05064
-3.05093
-3.05122
-3.05150
-3.05179
-3.05207
-3.05236
-3.05265
-3.05293
-3.05322
-3.05350
-3.05379
-3.05408
-3.05436
-3.05465
-3.05494
-3.05522
-3.05551
-3.05579
-3.05608
-3.05637
-3.05665
-3.05694
-3.05722
-3.05751
-3.05780
-3.05808
-3.05837
-3.05865
-3.05894
-3.05923
-3.05951
-3.05980
-3.06008
-3.06037
-3.06066
-3.06094
-3.06123
-3.06152
-3.06180
-3.06209
-3.06237
-3.06266
-3.06295
-3.06323
-3.06352
-3.06380
-3.06409
-3.06438
-3.06466
-3.06495
-3.06523
-3.06552
-3.06581
-3.06609
-3.06638
-3.06667
-3.06695
-3.06724
-3.06752
-3.06781
-3.06810
-3.06838
-3.06867
-3.06895
-3.06924
-3.06953
-3.06981
-3.07010
-3.07038
-3.07067
-3.07096
-3.07124
-3.07153
-3.07181
-3.07210
-3.07239
-3.07267
-3.07296
-3.07325
-3.07353
-3.07382
-3.07410
-3.07439
-3.07468
-3.07496
-3.07525
-3.07553
-3.07582
-3.07611
-3.07639
-3.07668
-3.07696
-3.07725
-3.07754
-3.07782
-3.07811
-3.07839
-3.07868
-3.07897
-3.07925
-3.07954
-3.07983
-3.08011
-3.08040
-3.08068
-3.08097
-3.08126
-3.08154
-3.08183
-3.08211
-3.08240
-3.08269
-3.08297
-3.08326
-3.08354
-3.08383
-3.08412
-3.08440
-3.08469
-3.08497
-3.08526
-3.08555
-3.08583
-3.08612
-3.08641
-3.08669
-3.08698
-3.08726
-3.08755
-3.08784
-3.08812
-3.08841
-3.08869
-3.08898
-3.08927
-3.08955
-3.08984
-3.09012
-3.09041
-3.09070
-3.09098
-3.09127
-3.09156
-3.09184
-3.09213
-3.09241
-3.09270
-3.09299
-3.09327
-3.09356
-3.09384
-3.09413
-3.09442
-3.09470
-3.09499
-3.09527
-3.09556
-3.09585
-3.09613
-3.09642
-3.09670
-3.09699
-3.09728
-3.09756
-3.09785
-3.09813
-3.09842
-3.09871
-3.09899
-3.09928
-3.09957
-3.09985
-3.10014
-3.10042
-3.10071
-3.10100
-3.10128
-3.10157
-3.10185
-3.10214
-3.10243
-3.10271
-3.10300
-3.10328
-3.10357
-3.10386
-3.10414
-3.10443
-3.10471
-3.10500
-3.10529
-3.10557
-3.10586
-3.10615
-3.10643
-3.10672
-3.10700
-3.10729
-3.10758
-3.10786
-3.10815
-3.10843
-3.10872
-3.10901
-3.10929
-3.10958
-3.10986
-3.11015
-3.11044
-3.11072
-3.11101
-3.11129
-3.11158
-3.11187
-3.11215
-3.11244
-3.11273
-3.11301
-3.11330
-3.11358
-3.11387
-3.11416
-3.11444
-3.11473
-3.11501
-3.11530
-3.11559
-3.11587
-3.11616
-3.11644
-3.11673
-3.11702
-3.11730
-3.11759
-3.11787
-3.11816
-3.11845
-3.11873
-3.11902
-3.11931
-3.11959
-3.11988
-3.12016
-3.12045
-3.12074
-3.12102
-3.12131
-3.12159
-3.12188
-3.12217
-3.12245
-3.12274
-3.12302
-3.12331
-3.12360
-3.12388
-3.12417
-3.12445
-3.12474
-3.12503
-3.12531
-3.12560
-3.12588
-3.12617
-3.12646
-3.12674
-3.12703
-3.12732
-3.12760
-3.12789
-3.12817
-3.12846
-3.12875
-3.12903
-3.12932
-3.12960
-3.12989
-3.13018
-3.13046
-3.13075
-3.13103
-3.13132
-3.13161
-3.13189
-3.13218
-3.13246
-3.13275
-3.13304
-3.13332
-3.13361
-3.13389
-3.13418
-3.13447
-3.13475
-3.13504
-3.13533
-3.13561
-3.13590
-3.13618
-3.13647
-3.13676
-3.13704
-3.13733
-3.13761
-3.13790
-3.13819
-3.13847
-3.13876
-3.13904
-3.13933
-3.13962
-3.13990
-3.14019
-3.14047
-3.14076
-3.14105
-3.14133
-3.14162
-3.14191
-3.14219
-3.14248
-3.14276
-3.14305
-3.14334
-3.14362
-3.14391
-3.14419
-3.14448
-3.14477
-3.14505
-3.14534
-3.14562
-3.14591
-3.14620
-3.14648
-3.14677
-3.14705
-3.14734
-3.14763
-3.14791
-3.14820
-3.14848
-3.14877
-3.14906
-3.14934
-3.14963
-3.14992
-3.15020
-3.15049
-3.15077
-3.15106
-3.15135
-3.15163
-3.15192
-3.15220
-3.15249
-3.15278
-3.15306
-3.15335
-3.15363
-3.15392
-3.15421
-3.15449
-3.15478
-3.15506
-3.15535
-3.15564
-3.15592
-3.15621
-3.15649
-3.15678
-3.15707
-3.15735
-3.15764
-3.15792
-3.15821
-3.15850
-3.15878
-3.15907
-3.15936
-3.15964
-3.15993
-3.16021
-3.16050
-3.16079
-3.16107
-3.16136
-3.16164
-3.16193
-3.16222
-3.16250
-3.16279
-3.16307
-3.16336
-3.16365
-3.16393
-3.16422
-3.16450
-3.16479
-3.16508
-3.16536
-3.16565
-3.16593
-3.16622
-3.16651
-3.16679
-3.16708
-3.16737
-3.16765
-3.16794
-3.16822
-3.16851
-3.16880
-3.16908
-3.16937
-3.16965
-3.16994
-3.17023
-3.17051
-3.17080
-3.17108
-3.17137
-3.17166
-3.17194
-3.17223
-3.17251
-3.17280
-3.17309
-3.17337
-3.17366
-3.17394
-3.17423
-3.17452
-3.17480
-3.17509
-3.17537
-3.17566
-3.17595
-3.17623
-3.17652
-3.17681
-3.17709
-3.17738
-3.17766
-3.17795
-3.17824
-3.17852
-3.17881
-3.17909
-3.17938
-3.17967
-3.17995
-3.18024
-3.18052
-3.18081
-3.18110
-3.18138
-3.18167
-3.18195
-3.18224
-3.18253
-3.18281
-3.18310
-3.18338
-3.18367
-3.18396
-3.18424
-3.18453
-3.18481
-3.18510
-3.18539
-3.18567
-3.18596
-3.18625
-3.18653
-3.18682
-3.18710
-3.18739
-3.18768
-3.18796
-3.18825
-3.18853
-3.18882
-3.18911
-3.18939
-3.18968
-3.18996
-3.19025
-3.19054
-3.19082
-3.19111
-3.19139
-3.19168
-3.19197
-3.19225
-3.19254
-3.19282
-3.19311
-3.19340
-3.19368
-3.19397
-3.19425
-3.19454
-3.19483
-3.19511
-3.19540
-3.19569
-3.19597
-3.19626
-3.19654
-3.19683
-3.19712
-3.19740
-3.19769
-3.19797
-3.19826
-3.19855
-3.19883
-3.19912
-3.19940
-3.19969
-3.19998
-3.20026
-3.20055
-3.20083
-3.20112
-3.20141
-3.20169
-3.20198
-3.20226
-3.20255
-3.20284
-3.20312
-3.20341
-3.20369
-3.20398
-3.20427
-3.20455
-3.20484
-3.20513
-3.20541
-3.20570
-3.20598
-3.20627
-3.20656
-3.20684
-3.20713
-3.20741
-3.20770
-3.20799
-3.20827
-3.20856
-3.20884
-3.20913
-3.20942
-3.20970
-3.20999
-3.21027
-3.21056
-3.21085
-3.21113
-3.21142
-3.21170
-3.21199
-3.21228
-3.21256
-3.21285
-3.21313
-3.21342
-3.21371
-3.21399
-3.21428
-3.21456
-3.21485
-3.21514
-3.21542
-3.21571
-3.21600
-3.21628
-3.21657
-3.21685
-3.21714
-3.21743
-3.21771
-3.21800
-3.21828
-3.21857
-3.21886
-3.21914
-3.21943
-3.21971
-3.22000
-3.22029
-3.22057
-3.22086
-3.22114
-3.22143
-3.22172
-3.22200
-3.22229
-3.22257
-3.22286
-3.22315
-3.22343
-3.22372
-3.22400
-3.22429
-3.22458
-3.22486
-3.22515
-3.22543
-3.22572
-3.22601
-3.22629
-3.22658
-3.22686
-3.22715
-3.22744
-3.22772
-3.22801
-3.22830
-3.22858
-3.22887
-3.22915
-3.22944
-3.22973
-3.23001
-3.23030
-3.23058
-3.23087
-3.23116
-3.23144
-3.23173
-3.23201
-3.23230
-3.23259
-3.23287
-3.23316
-3.23344
-3.23373
-3.23402
-3.23430
-3.23459
-3.23487
-3.23516
-3.23545
-3.23573
-3.23602
-3.23630
-3.23659
-3.23688
-3.23716
-3.23745
-3.23773
-3.23802
-3.23831
-3.23859
-3.23888
-3.23916
-3.23945
-3.23974
-3.24002
-3.24031
-3.24060
-3.24088
-3.24117
-3.24145
-3.24174
-3.24203
-3.24231
-3.24260
-3.24288
-3.24317
-3.24346
-3.24374
-3.24403
-3.24431
-3.24460
-3.24489
-3.24517
-3.24546
-3.24574
-3.24603
-3.24632
-3.24660
-3.24689
-3.24717
-3.24746
-3.24775
-3.24803
-3.24832
-3.24860
-3.24889
-3.24918
-3.24946
-3.24975
-3.25003
-3.25032
-3.25061
-3.25089
-3.25118
-3.25146
-3.25175
-3.25204
-3.25232
-3.25261
-3.25289
-3.25318
-3.25347
-3.25375
-3.25404
-3.25433
-3.25461
-3.25490
-3.25518
-3.25547
-3.25576
-3.25604
-3.25633
-3.25661
-3.25690
-3.25719
-3.25747
-3.25776
-3.25804
-3.25833
-3.25862
-3.25890
-3.25919
-3.25947
-3.25976
-3.26005
-3.26033
-3.26062
-3.26090
-3.26119
-3.26148
-3.26176
-3.26205
-3.26233
-3.26262
-3.26291
-3.26319
-3.26348
-3.26376
-3.26405
-3.26434
-3.26462
-3.26491
-3.26519
-3.26548
-3.26577
-3.26605
-3.26634
-3.26662
-3.26691
-3.26720
-3.26748
-3.26777
-3.26806
-3.26834
-3.26863
-3.26891
-3.26920
-3.26949
-3.26977
-3.27006
-3.27034
-3.27063
-3.27092
-3.27120
-3.27149
-3.27177
-3.27206
-3.27235
-3.27263
-3.27292
-3.27320
-3.27349
-3.27378
-3.27406
-3.27435
-3.27463
-3.27492
-3.27521
-3.27549
-3.27578
-3.27606
-3.27635
-3.27664
-3.27692
-3.27721
-3.27749
-3.27778
-3.27807
-3.27835
-3.27864
-3.27892
-3.27921
-3.27950
-3.27978
-3.28007
-3.28035
-3.28064
-3.28093
-3.28121
-3.28150
-3.28178
-3.28207
-3.28236
-3.28264
-3.28293
-3.28321
-3.28350
-3.28379
-3.28407
-3.28436
-3.28464
-3.28493
-3.28522
-3.28550
-3.28579
-3.28608
-3.28636
-3.28665
-3.28693
-3.28722
-3.28751
-3.28779
-3.28808
-3.28836
-3.28865
-3.28894
-3.28922
-3.28951
-3.28979
-3.29008
-3.29037
-3.29065
-3.29094
-3.29122
-3.29151
-3.29180
-3.29208
-3.29237
-3.29265
-3.29294
-3.29323
-3.29351
-3.29380
-3.29408
-3.29437
-3.29466
-3.29494
-3.29523
-3.29551
-3.29580
-3.29609
-3.29637
-3.29666
-3.29694
-3.29723
-3.29752
-3.29780
-3.29809
-3.29837
-3.29866
-3.29895
-3.29923
-3.29952
-3.29980
-3.30009
-3.30038
-3.30066
-3.30095
-3.30123
-3.30152
-3.30181
-3.30209
-3.30238
-3.30266
-3.30295
-3.30324
-3.30352
-3.30381
-3.30409
-3.30438
-3.30467
-3.30495
-3.30524
-3.30553
-3.30581
-3.30610
-3.30638
-3.30667
-3.30696
-3.30724
-3.30753
-3.30781
-3.30810
-3.30839
-3.30867
-3.30896
-3.30924
-3.30953
-3.30982
-3.31010
-3.31039
-3.31067
-3.31096
-3.31125
-3.31153
-3.31182
-3.31210
-3.31239
-3.31268
-3.31296
-3.31325
-3.31353
-3.31382
-3.31411
-3.31439
-3.31468
-3.31496
-3.31525
-3.31554
-3.31582
-3.31611
-3.31639
-3.31668
-3.31697
-3.31725
-3.31754
-3.31782
-3.31811
-3.31840
-3.31868
-3.31897
-3.31925
-3.31954
-3.31983
-3.32011
-3.32040
-3.32068
-3.32097
-3.32126
-3.32154
-3.32183
-3.32211
-3.32240
-3.32269
-3.32297
-3.32326
-3.32354
-3.32383
-3.32412
-3.32440
-3.32469
-3.32497
-3.32526
-3.32555
-3.32583
-3.32612
-3.32640
-3.32669
-3.32698
-3.32726
-3.32755
-3.32783
-3.32812
-3.32841
-3.32869
-3.32898
-3.32926
-3.32955
-3.32984
-3.33012
-3.33041
-3.33069
-3.33098
-3.33127
-3.33155
-3.33184
-3.33213
-3.33241
-3.33270
-3.33298
-3.33327
-3.33356
-3.33384
-3.33413
-3.33441
-3.33470
-3.33499
-3.33527
-3.33556
-3.33584
-3.33613
-3.33642
-3.33670
-3.33699
-3.33727
-3.33756
-3.33785
-3.33813
-3.33842
-3.33870
-3.33899
-3.33928
-3.33956
-3.33985
-3.34013
-3.34042
-3.34071
-3.34099
-3.34128
-3.34156
-3.34185
-3.34214
-3.34242
-3.34271
-3.34299
-3.34328
-3.34357
-3.34385
-3.34414
-3.34442
-3.34471
-3.34500
-3.34528
-3.34557
-3.34585
-3.34614
-3.34643
-3.34671
-3.34700
-3.34728
-3.34757
-3.34786
-3.34814
-3.34843
-3.34871
-3.34900
-3.34929
-3.34957
-3.34986
-3.35014
-3.35043
-3.35072
-3.35100
-3.35129
-3.35157
-3.35186
-3.35215
-3.35243
-3.35272
-3.35300
-3.35329
-3.35358
-3.35386
-3.35415
-3.35443
-3.35472
-3.35501
-3.35529
-3.35558
-3.35586
-3.35615
-3.35644
-3.35672
-3.35701
-3.35729
-3.35758
-3.35787
-3.35815
-3.35844
-3.35872
-3.35901
-3.35930
-3.35958
-3.35987
-3.36015
-3.36044
-3.36073
-3.36101
-3.36130
-3.36158
-3.36187
-3.36216
-3.36244
-3.36273
-3.36301
-3.36330
-3.36359
-3.36387
-3.36416
-3.36444
-3.36473
-3.36502
-3.36530
-3.36559
-3.36587
-3.36616
-3.36645
-3.36673
-3.36702
-3.36730
-3.36759
-3.36788
-3.36816
-3.36845
-3.36873
-3.36902
-3.36931
-3.36959
-3.36988
-3.37016
-3.37045
-3.37074
-3.37102
-3.37131
-3.37159
-3.37188
-3.37217
-3.37245
-3.37274
-3.37302
-3.37331
-3.37360
-3.37388
-3.37417
-3.37445
-3.37474
-3.37503
-3.37531
-3.37560
-3.37588
-3.37617
-3.37646
-3.37674
-3.37703
-3.37731
-3.37760
-3.37789
-3.37817
-3.37846
-3.37874
-3.37903
-3.37932
-3.37960
-3.37989
-3.38017
-3.38046
-3.38075
-3.38103
-3.38132
-3.38160
-3.38189
-3.38218
-3.38246
-3.38275
-3.38303
-3.38332
-3.38361
-3.38389
-3.38418
-3.38446
-3.38475
-3.38504
-3.38532
-3.38561
-3.38589
-3.38618
-3.38647
-3.38675
-3.38704
-3.38732
-3.38761
-3.38790
-3.38818
-3.38847
-3.38876
-3.38904
-3.38933
-3.38961
-3.38990
-3.39019
-3.39047
-3.39076
-3.39104
-3.39133
-3.39162
-3.39190
-3.39219
-3.39247
-3.39276
-3.39305
-3.39333
-3.39362
-3.39390
-3.39419
-3.39448
-3.39476
-3.39505
-3.39533
-3.39562
-3.39591
-3.39619
-3.39648
-3.39676
-3.39705
-3.39734
-3.39762
-3.39791
-3.39819
-3.39848
-3.39877
-3.39905
-3.39934
-3.39962
-3.39991
-3.40020
-3.40048
-3.40077
-3.40105
-3.40134
-3.40162
-3.40191
-3.40220
-3.40248
-3.40277
-3.40305
-3.40334
-3.40363
-3.40391
-3.40420
-3.40448
-3.40477
-3.40506
-3.40534
-3.40563
-3.40591
-3.40620
-3.40649
-3.40677
-3.40706
-3.40734
-3.40763
-3.40792
-3.40820
-3.40849
-3.40877
-3.40906
-3.40935
-3.40963
-3.40992
-3.41020
-3.41049
-3.41078
-3.41106
-3.41135
-3.41163
-3.41192
-3.41221
-3.41249
-3.41278
-3.41306
-3.41335
-3.41364
-3.41392
-3.41421
-3.41449
-3.41478
-3.41507
-3.41535
-3.41564
-3.41592
-3.41621
-3.41650
-3.41678
-3.41707
-3.41735
-3.41764
-3.41793
-3.41821
-3.41850
-3.41878
-3.41907
-3.41936
-3.41964
-3.41993
-3.42021
-3.42050
-3.42079
-3.42107
-3.42136
-3.42164
-3.42193
-3.42222
-3.42250
-3.42279
-3.42307
-3.42336
-3.42365
-3.42393
-3.42422
-3.42450
-3.42479
-3.42508
-3.42536
-3.42565
-3.42593
-3.42622
-3.42651
-3.42679
-3.42708
-3.42736
-3.42765
-3.42794
-3.42822
-3.42851
-3.42879
-3.42908
-3.42937
-3.42965
-3.42994
-3.43022
-3.43051
-3.43080
-3.43108
-3.43137
-3.43165
-3.43194
-3.43223
-3.43251
-3.43280
-3.43308
-3.43337
-3.43366
-3.43394
-3.43423
-3.43451
-3.43480
-3.43509
-3.43537
-3.43566
-3.43594
-3.43623
-3.43652
-3.43680
-3.43709
-3.43737
-3.43766
-3.43795
-3.43823
-3.43852
-3.43880
-3.43909
-3.43938
-3.43966
-3.43995
-3.44023
-3.44052
-3.44081
-3.44109
-3.44138
-3.44166
-3.44195
-3.44224
-3.44252
-3.44281
-3.44309
-3.44338
-3.44367
-3.44395
-3.44424
-3.44452
-3.44481
-3.44510
-3.44538
-3.44567
-3.44595
-3.44624
-3.44653
-3.44681
-3.44710
-3.44738
-3.44767
-3.44796
-3.44824
-3.44853
-3.44881
-3.44910
-3.44939
-3.44967
-3.44996
-3.45024
-3.45053
-3.45082
-3.45110
-3.45139
-3.45167
-3.45196
-3.45225
-3.45253
-3.45282
-3.45310
-3.45339
-3.45368
-3.45396
-3.45425
-3.45453
-3.45482
-3.45511
-3.45539
-3.45568
-3.45596
-3.45625
-3.45654
-3.45682
-3.45711
-3.45739
-3.45768
-3.45797
-3.45825
-3.45854
-3.45882
-3.45911
-3.45939
-3.45968
-3.45997
-3.46025
-3.46054
-3.46082
-3.46111
-3.46140
-3.46168
-3.46197
-3.46225
-3.46254
-3.46283
-3.46311
-3.46340
-3.46368
-3.46397
-3.46426
-3.46454
-3.46483
-3.46511
-3.46540
-3.46569
-3.46597
-3.46626
-3.46654
-3.46683
-3.46712
-3.46740
-3.46769
-3.46797
-3.46826
-3.46855
-3.46883
-3.46912
-3.46940
-3.46969
-3.46998
-3.47026
-3.47055
-3.47083
-3.47112
-3.47141
-3.47169
-3.47198
-3.47226
-3.47255
-3.47284
-3.47312
-3.47341
-3.47369
-3.47398
-3.47427
-3.47455
-3.47484
-3.47512
-3.47541
-3.47570
-3.47598
-3.47627
-3.47655
-3.47684
-3.47713
-3.47741
-3.47770
-3.47798
-3.47827
-3.47856
-3.47884
-3.47913
-3.47941
-3.47970
-3.47999
-3.48027
-3.48056
-3.48084
-3.48113
-3.48142
-3.48170
-3.48199
-3.48227
-3.48256
-3.48285
-3.48313
-3.48342
-3.48370
-3.48399
-3.48427
-3.48456
-3.48485
-3.48513
-3.48542
-3.48570
-3.48599
-3.48628
-3.48656
-3.48685
-3.48713
-3.48742
-3.48771
-3.48799
-3.48828
-3.48856
-3.48885
-3.48914
-3.48942
-3.48971
-3.48999
-3.49028
-3.49057
-3.49085
-3.49114
-3.49142
-3.49171
-3.49200
-3.49228
-3.49257
-3.49285
-3.49314
-3.49343
-3.49371
-3.49400
-3.49428
-3.49457
-3.49486
-3.49514
-3.49543
-3.49571
-3.49600
-3.49629
-3.49657
-3.49686
-3.49714
-3.49743
-3.49772
-3.49800
-3.49829
-3.49857
-3.49886
-3.49915
-3.49943
-3.49972
-3.50000
-3.50029
-3.50058
-3.50086
-3.50115
-3.50143
-3.50172
-3.50201
-3.50229
-3.50258
-3.50286
-3.50315
-3.50344
-3.50372
-3.50401
-3.50429
-3.50458
-3.50486
-3.50515
-3.50544
-3.50572
-3.50601
-3.50629
-3.50658
-3.50687
-3.50715
-3.50744
-3.50772
-3.50801
-3.50830
-3.50858
-3.50887
-3.50915
-3.50944
-3.50973
-3.51001
-3.51030
-3.51058
-3.51087
-3.51116
-3.51144
-3.51173
-3.51201
-3.51230
-3.51259
-3.51287
-3.51316
-3.51344
-3.51373
-3.51402
-3.51430
-3.51459
-3.51487
-3.51516
-3.51545
-3.51573
-3.51602
-3.51630
-3.51659
-3.51688
-3.51716
-3.51745
-3.51773
-3.51802
-3.51831
-3.51859
-3.51888
-3.51916
-3.51945
-3.51974
-3.52002
-3.52031
-3.52059
-3.52088
-3.52116
-3.52145
-3.52174
-3.52202
-3.52231
-3.52259
-3.52288
-3.52317
-3.52345
-3.52374
-3.52402
-3.52431
-3.52460
-3.52488
-3.52517
-3.52545
-3.52574
-3.52603
-3.52631
-3.52660
-3.52688
-3.52717
-3.52746
-3.52774
-3.52803
-3.52831
-3.52860
-3.52889
-3.52917
-3.52946
-3.52974
-3.53003
-3.53032
-3.53060
-3.53089
-3.53117
-3.53146
-3.53175
-3.53203
-3.53232
-3.53260
-3.53289
-3.53318
-3.53346
-3.53375
-3.53403
-3.53432
-3.53461
-3.53489
-3.53518
-3.53546
-3.53575
-3.53603
-3.53632
-3.53661
-3.53689
-3.53718
-3.53746
-3.53775
-3.53804
-3.53832
-3.53861
-3.53889
-3.53918
-3.53947
-3.53975
-3.54004
-3.54032
-3.54061
-3.54090
-3.54118
-3.54147
-3.54175
-3.54204
-3.54233
-3.54261
-3.54290
-3.54318
-3.54347
-3.54376
-3.54404
-3.54433
-3.54461
-3.54490
-3.54519
-3.54547
-3.54576
-3.54604
-3.54633
-3.54662
-3.54690
-3.54719
-3.54747
-3.54776
-3.54805
-3.54833
-3.54862
-3.54890
-3.54919
-3.54947
-3.54976
-3.55005
-3.55033
-3.55062
-3.55090
-3.55119
-3.55148
-3.55176
-3.55205
-3.55233
-3.55262
-3.55291
-3.55319
-3.55348
-3.55376
-3.55405
-3.55434
-3.55462
-3.55491
-3.55519
-3.55548
-3.55577
-3.55605
-3.55634
-3.55662
-3.55691
-3.55720
-3.55748
-3.55777
-3.55805
-3.55834
-3.55863
-3.55891
-3.55920
-3.55948
-3.55977
-3.56006
-3.56034
-3.56063
-3.56091
-3.56120
-3.56149
-3.56177
-3.56206
-3.56234
-3.56263
-3.56291
-3.56320
-3.56349
-3.56377
-3.56406
-3.56434
-3.56463
-3.56492
-3.56520
-3.56549
-3.56577
-3.56606
-3.56635
-3.56663
-3.56692
-3.56720
-3.56749
-3.56778
-3.56806
-3.56835
-3.56863
-3.56892
-3.56921
-3.56949
-3.56978
-3.57006
-3.57035
-3.57064
-3.57092
-3.57121
-3.57149
-3.57178
-3.57207
-3.57235
-3.57264
-3.57292
-3.57321
-3.57349
-3.57378
-3.57407
-3.57435
-3.57464
-3.57492
-3.57521
-3.57550
-3.57578
-3.57607
-3.57635
-3.57664
-3.57693
-3.57721
-3.57750
-3.57778
-3.57807
-3.57836
-3.57864
-3.57893
-3.57921
-3.57950
-3.57979
-3.58007
-3.58036
-3.58064
-3.58093
-3.58122
-3.58150
-3.58179
-3.58207
-3.58236
-3.58265
-3.58293
-3.58322
-3.58350
-3.58379
-3.58408
-3.58436
-3.58465
-3.58493
-3.58522
-3.58550
-3.58579
-3.58608
-3.58636
-3.58665
-3.58693
-3.58722
-3.58751
-3.58779
-3.58808
-3.58836
-3.58865
-3.58894
-3.58922
-3.58951
-3.58979
-3.59008
-3.59037
-3.59065
-3.59094
-3.59122
-3.59151
-3.59180
-3.59208
-3.59237
-3.59265
-3.59294
-3.59323
-3.59351
-3.59380
-3.59408
-3.59437
-3.59465
-3.59494
-3.59523
-3.59551
-3.59580
-3.59608
-3.59637
-3.59666
-3.59694
-3.59723
-3.59751
-3.59780
-3.59809
-3.59837
-3.59866
-3.59894
-3.59923
-3.59952
-3.59980
-3.60009
-3.60037
-3.60066
-3.60095
-3.60123
-3.60152
-3.60180
-3.60209
-3.60238
-3.60266
-3.60295
-3.60323
-3.60352
-3.60381
-3.60409
-3.60438
-3.60466
-3.60495
-3.60523
-3.60552
-3.60581
-3.60609
-3.60638
-3.60666
-3.60695
-3.60724
-3.60752
-3.60781
-3.60809
-3.60838
-3.60867
-3.60895
-3.60924
-3.60952
-3.60981
-3.61010
-3.61038
-3.61067
-3.61095
-3.61124
-3.61153
-3.61181
-3.61210
-3.61238
-3.61267
-3.61296
-3.61324
-3.61353
-3.61381
-3.61410
-3.61438
-3.61467
-3.61496
-3.61524
-3.61553
-3.61581
-3.61610
-3.61639
-3.61667
-3.61696
-3.61724
-3.61753
-3.61782
-3.61810
-3.61839
-3.61867
-3.61896
-3.61925
-3.61953
-3.61982
-3.62010
-3.62039
-3.62068
-3.62096
-3.62125
-3.62153
-3.62182
-3.62211
-3.62239
-3.62268
-3.62296
-3.62325
-3.62353
-3.62382
-3.62411
-3.62439
-3.62468
-3.62496
-3.62525
-3.62554
-3.62582
-3.62611
-3.62639
-3.62668
-3.62697
-3.62725
-3.62754
-3.62782
-3.62811
-3.62840
-3.62868
-3.62897
-3.62925
-3.62954
-3.62983
-3.63011
-3.63040
-3.63068
-3.63097
-3.63125
-3.63154
-3.63183
-3.63211
-3.63240
-3.63268
-3.63297
-3.63326
-3.63354
-3.63383
-3.63411
-3.63440
-3.63469
-3.63497
-3.63526
-3.63554
-3.63583
-3.63612
-3.63640
-3.63669
-3.63697
-3.63726
-3.63755
-3.63783
-3.63812
-3.63840
-3.63869
-3.63898
-3.63926
-3.63955
-3.63983
-3.64012
-3.64040
-3.64069
-3.64098
-3.64126
-3.64155
-3.64183
-3.64212
-3.64241
-3.64269
-3.64298
-3.64326
-3.64355
-3.64384
-3.64412
-3.64441
-3.64469
-3.64498
-3.64527
-3.64555
-3.64584
-3.64612
-3.64641
-3.64670
-3.64698
-3.64727
-3.64755
-3.64784
-3.64812
-3.64841
-3.64870
-3.64898
-3.64927
-3.64955
-3.64984
-3.65013
-3.65041
-3.65070
-3.65098
-3.65127
-3.65156
-3.65184
-3.65213
-3.65241
-3.65270
-3.65299
-3.65327
-3.65356
-3.65384
-3.65413
-3.65442
-3.65470
-3.65499
-3.65527
-3.65556
-3.65584
-3.65613
-3.65642
-3.65670
-3.65699
-3.65727
-3.65756
-3.65785
-3.65813
-3.65842
-3.65870
-3.65899
-3.65928
-3.65956
-3.65985
-3.66013
-3.66042
-3.66071
-3.66099
-3.66128
-3.66156
-3.66185
-3.66214
-3.66242
-3.66271
-3.66299
-3.66328
-3.66356
-3.66385
-3.66414
-3.66442
-3.66471
-3.66499
-3.66528
-3.66557
-3.66585
-3.66614
-3.66642
-3.66671
-3.66700
-3.66728
-3.66757
-3.66785
-3.66814
-3.66843
-3.66871
-3.66900
-3.66928
-3.66957
-3.66985
-3.67014
-3.67043
-3.67071
-3.67100
-3.67128
-3.67157
-3.67186
-3.67214
-3.67243
-3.67271
-3.67300
-3.67329
-3.67357
-3.67386
-3.67414
-3.67443
-3.67472
-3.67500
-3.67529
-3.67557
-3.67586
-3.67615
-3.67643
-3.67672
-3.67700
-3.67729
-3.67757
-3.67786
-3.67815
-3.67843
-3.67872
-3.67900
-3.67929
-3.67958
-3.67986
-3.68015
-3.68043
-3.68072
-3.68101
-3.68129
-3.68158
-3.68186
-3.68215
-3.68244
-3.68272
-3.68301
-3.68329
-3.68358
-3.68387
-3.68415
-3.68444
-3.68472
-3.68501
-3.68529
-3.68558
-3.68587
-3.68615
-3.68644
-3.68672
-3.68701
-3.68730
-3.68758
-3.68787
-3.68815
-3.68844
-3.68873
-3.68901
-3.68930
-3.68958
-3.68987
-3.69016
-3.69044
-3.69073
-3.69101
-3.69130
-3.69158
-3.69187
-3.69216
-3.69244
-3.69273
-3.69301
-3.69330
-3.69359
-3.69387
-3.69416
-3.69444
-3.69473
-3.69502
-3.69530
-3.69559
-3.69587
-3.69616
-3.69645
-3.69673
-3.69702
-3.69730
-3.69759
-3.69787
-3.69816
-3.69845
-3.69873
-3.69902
-3.69930
-3.69959
-3.69988
-3.70016
-3.70045
-3.70073
-3.70102
-3.70131
-3.70159
-3.70188
-3.70216
-3.70245
-3.70274
-3.70302
-3.70331
-3.70359
-3.70388
-3.70416
-3.70445
-3.70474
-3.70502
-3.70531
-3.70559
-3.70588
-3.70617
-3.70645
-3.70674
-3.70702
-3.70731
-3.70760
-3.70788
-3.70817
-3.70845
-3.70874
-3.70903
-3.70931
-3.70960
-3.70988
-3.71017
-3.71045
-3.71074
-3.71103
-3.71131
-3.71160
-3.71188
-3.71217
-3.71246
-3.71274
-3.71303
-3.71331
-3.71360
-3.71389
-3.71417
-3.71446
-3.71474
-3.71503
-3.71532
-3.71560
-3.71589
-3.71617
-3.71646
-3.71674
-3.71703
-3.71732
-3.71760
-3.71789
-3.71817
-3.71846
-3.71875
-3.71903
-3.71932
-3.71960
-3.71989
-3.72018
-3.72046
-3.72075
-3.72103
-3.72132
-3.72161
-3.72189
-3.72218
-3.72246
-3.72275
-3.72303
-3.72332
-3.72361
-3.72389
-3.72418
-3.72446
-3.72475
-3.72504
-3.72532
-3.72561
-3.72589
-3.72618
-3.72647
-3.72675
-3.72704
-3.72732
-3.72761
-3.72790
-3.72818
-3.72847
-3.72875
-3.72904
-3.72932
-3.72961
-3.72990
-3.73018
-3.73047
-3.73075
-3.73104
-3.73133
-3.73161
-3.73190
-3.73218
-3.73247
-3.73276
-3.73304
-3.73333
-3.73361
-3.73390
-3.73419
-3.73447
-3.73476
-3.73504
-3.73533
-3.73561
-3.73590
-3.73619
-3.73647
-3.73676
-3.73704
-3.73733
-3.73762
-3.73790
-3.73819
-3.73847
-3.73876
-3.73905
-3.73933
-3.73962
-3.73990
-3.74019
-3.74047
-3.74076
-3.74105
-3.74133
-3.74162
-3.74190
-3.74219
-3.74248
-3.74276
-3.74305
-3.74333
-3.74362
-3.74391
-3.74419
-3.74448
-3.74476
-3.74505
-3.74534
-3.74562
-3.74591
-3.74619
-3.74648
-3.74676
-3.74705
-3.74734
-3.74762
-3.74791
-3.74819
-3.74848
-3.74877
-3.74905
-3.74934
-3.74962
-3.74991
-3.75020
-3.75048
-3.75077
-3.75105
-3.75134
-3.75163
-3.75191
-3.75220
-3.75248
-3.75277
-3.75305
-3.75334
-3.75363
-3.75391
-3.75420
-3.75448
-3.75477
-3.75506
-3.75534
-3.75563
-3.75591
-3.75620
-3.75649
-3.75677
-3.75706
-3.75734
-3.75763
-3.75791
-3.75820
-3.75849
-3.75877
-3.75906
-3.75934
-3.75963
-3.75992
-3.76020
-3.76049
-3.76077
-3.76106
-3.76135
-3.76163
-3.76192
-3.76220
-3.76249
-3.76278
-3.76306
-3.76335
-3.76363
-3.76392
-3.76420
-3.76449
-3.76478
-3.76506
-3.76535
-3.76563
-3.76592
-3.76621
-3.76649
-3.76678
-3.76706
-3.76735
-3.76764
-3.76792
-3.76821
-3.76849
-3.76878
-3.76906
-3.76935
-3.76964
-3.76992
-3.77021
-3.77049
-3.77078
-3.77107
-3.77135
-3.77164
-3.77192
-3.77221
-3.77250
-3.77278
-3.77307
-3.77335
-3.77364
-3.77392
-3.77421
-3.77450
-3.77478
-3.77507
-3.77535
-3.77564
-3.77593
-3.77621
-3.77650
-3.77678
-3.77707
-3.77736
-3.77764
-3.77793
-3.77821
-3.77850
-3.77878
-3.77907
-3.77936
-3.77964
-3.77993
-3.78021
-3.78050
-3.78079
-3.78107
-3.78136
-3.78164
-3.78193
-3.78222
-3.78250
-3.78279
-3.78307
-3.78336
-3.78365
-3.78393
-3.78422
-3.78450
-3.78479
-3.78507
-3.78536
-3.78565
-3.78593
-3.78622
-3.78650
-3.78679
-3.78708
-3.78736
-3.78765
-3.78793
-3.78822
-3.78851
-3.78879
-3.78908
-3.78936
-3.78965
-3.78993
-3.79022
-3.79051
-3.79079
-3.79108
-3.79136
-3.79165
-3.79194
-3.79222
-3.79251
-3.79279
-3.79308
-3.79337
-3.79365
-3.79394
-3.79422
-3.79451
-3.79479
-3.79508
-3.79537
-3.79565
-3.79594
-3.79622
-3.79651
-3.79680
-3.79708
-3.79737
-3.79765
-3.79794
-3.79823
-3.79851
-3.79880
-3.79908
-3.79937
-3.79965
-3.79994
-3.80023
-3.80051
-3.80080
-3.80108
-3.80137
-3.80166
-3.80194
-3.80223
-3.80251
-3.80280
-3.80309
-3.80337
-3.80366
-3.80394
-3.80423
-3.80451
-3.80480
-3.80509
-3.80537
-3.80566
-3.80594
-3.80623
-3.80652
-3.80680
-3.80709
-3.80737
-3.80766
-3.80795
-3.80823
-3.80852
-3.80880
-3.80909
-3.80937
-3.80966
-3.80995
-3.81023
-3.81052
-3.81080
-3.81109
-3.81138
-3.81166
-3.81195
-3.81223
-3.81252
-3.81281
-3.81309
-3.81338
-3.81366
-3.81395
-3.81423
-3.81452
-3.81481
-3.81509
-3.81538
-3.81566
-3.81595
-3.81624
-3.81652
-3.81681
-3.81709
-3.81738
-3.81767
-3.81795
-3.81824
-3.81852
-3.81881
-3.81909
-3.81938
-3.81967
-3.81995
-3.82024
-3.82052
-3.82081
-3.82110
-3.82138
-3.82167
-3.82195
-3.82224
-3.82253
-3.82281
-3.82310
-3.82338
-3.82367
-3.82395
-3.82424
-3.82453
-3.82481
-3.82510
-3.82538
-3.82567
-3.82596
-3.82624
-3.82653
-3.82681
-3.82710
-3.82739
-3.82767
-3.82796
-3.82824
-3.82853
-3.82881
-3.82910
-3.82939
-3.82967
-3.82996
-3.83024
-3.83053
-3.83082
-3.83110
-3.83139
-3.83167
-3.83196
-3.83224
-3.83253
-3.83282
-3.83310
-3.83339
-3.83367
-3.83396
-3.83425
-3.83453
-3.83482
-3.83510
-3.83539
-3.83568
-3.83596
-3.83625
-3.83653
-3.83682
-3.83710
-3.83739
-3.83768
-3.83796
-3.83825
-3.83853
-3.83882
-3.83911
-3.83939
-3.83968
-3.83996
-3.84025
-3.84054
-3.84082
-3.84111
-3.84139
-3.84168
-3.84196
-3.84225
-3.84254
-3.84282
-3.84311
-3.84339
-3.84368
-3.84397
-3.84425
-3.84454
-3.84482
-3.84511
-3.84540
-3.84568
-3.84597
-3.84625
-3.84654
-3.84682
-3.84711
-3.84740
-3.84768
-3.84797
-3.84825
-3.84854
-3.84883
-3.84911
-3.84940
-3.84968
-3.84997
-3.85025
-3.85054
-3.85083
-3.85111
-3.85140
-3.85168
-3.85197
-3.85226
-3.85254
-3.85283
-3.85311
-3.85340
-3.85369
-3.85397
-3.85426
-3.85454
-3.85483
-3.85511
-3.85540
-3.85569
-3.85597
-3.85626
-3.85654
-3.85683
-3.85712
-3.85740
-3.85769
-3.85797
-3.85826
-3.85855
-3.85883
-3.85912
-3.85940
-3.85969
-3.85997
-3.86026
-3.86055
-3.86083
-3.86112
-3.86140
-3.86169
-3.86198
-3.86226
-3.86255
-3.86283
-3.86312
-3.86340
-3.86369
-3.86398
-3.86426
-3.86455
-3.86483
-3.86512
-3.86541
-3.86569
-3.86598
-3.86626
-3.86655
-3.86684
-3.86712
-3.86741
-3.86769
-3.86798
-3.86826
-3.86855
-3.86884
-3.86912
-3.86941
-3.86969
-3.86998
-3.87027
-3.87055
-3.87084
-3.87112
-3.87141
-3.87169
-3.87198
-3.87227
-3.87255
-3.87284
-3.87312
-3.87341
-3.87370
-3.87398
-3.87427
-3.87455
-3.87484
-3.87513
-3.87541
-3.87570
-3.87598
-3.87627
-3.87655
-3.87684
-3.87713
-3.87741
-3.87770
-3.87798
-3.87827
-3.87856
-3.87884
-3.87913
-3.87941
-3.87970
-3.87998
-3.88027
-3.88056
-3.88084
-3.88113
-3.88141
-3.88170
-3.88199
-3.88227
-3.88256
-3.88284
-3.88313
-3.88342
-3.88370
-3.88399
-3.88427
-3.88456
-3.88484
-3.88513
-3.88542
-3.88570
-3.88599
-3.88627
-3.88656
-3.88685
-3.88713
-3.88742
-3.88770
-3.88799
-3.88827
-3.88856
-3.88885
-3.88913
-3.88942
-3.88970
-3.88999
-3.89028
-3.89056
-3.89085
-3.89113
-3.89142
-3.89171
-3.89199
-3.89228
-3.89256
-3.89285
-3.89313
-3.89342
-3.89371
-3.89399
-3.89428
-3.89456
-3.89485
-3.89514
-3.89542
-3.89571
-3.89599
-3.89628
-3.89656
-3.89685
-3.89714
-3.89742
-3.89771
-3.89799
-3.89828
-3.89857
-3.89885
-3.89914
-3.89942
-3.89971
-3.89999
-3.90028
-3.90057
-3.90085
-3.90114
-3.90142
-3.90171
-3.90200
-3.90228
-3.90257
-3.90285
-3.90314
-3.90343
-3.90371
-3.90400
-3.90428
-3.90457
-3.90485
-3.90514
-3.90543
-3.90571
-3.90600
-3.90628
-3.90657
-3.90686
-3.90714
-3.90743
-3.90771
-3.90800
-3.90828
-3.90857
-3.90886
-3.90914
-3.90943
-3.90971
-3.91000
-3.91029
-3.91057
-3.91086
-3.91114
-3.91143
-3.91171
-3.91200
-3.91229
-3.91257
-3.91286
-3.91314
-3.91343
-3.91372
-3.91400
-3.91429
-3.91457
-3.91486
-3.91515
-3.91543
-3.91572
-3.91600
-3.91629
-3.91657
-3.91686
-3.91715
-3.91743
-3.91772
-3.91800
-3.91829
-3.91858
-3.91886
-3.91915
-3.91943
-3.91972
-3.92000
-3.92029
-3.92058
-3.92086
-3.92115
-3.92143
-3.92172
-3.92201
-3.92229
-3.92258
-3.92286
-3.92315
-3.92343
-3.92372
-3.92401
-3.92429
-3.92458
-3.92486
-3.92515
-3.92544
-3.92572
-3.92601
-3.92629
-3.92658
-3.92686
-3.92715
-3.92744
-3.92772
-3.92801
-3.92829
-3.92858
-3.92887
-3.92915
-3.92944
-3.92972
-3.93001
-3.93030
-3.93058
-3.93087
-3.93115
-3.93144
-3.93172
-3.93201
-3.93230
-3.93258
-3.93287
-3.93315
-3.93344
-3.93373
-3.93401
-3.93430
-3.93458
-3.93487
-3.93515
-3.93544
-3.93573
-3.93601
-3.93630
-3.93658
-3.93687
-3.93716
-3.93744
-3.93773
-3.93801
-3.93830
-3.93858
-3.93887
-3.93916
-3.93944
-3.93973
-3.94001
-3.94030
-3.94059
-3.94087
-3.94116
-3.94144
-3.94173
-3.94201
-3.94230
-3.94259
-3.94287
-3.94316
-3.94344
-3.94373
-3.94402
-3.94430
-3.94459
-3.94487
-3.94516
-3.94544
-3.94573
-3.94602
-3.94630
-3.94659
-3.94687
-3.94716
-3.94745
-3.94773
-3.94802
-3.94830
-3.94859
-3.94887
-3.94916
-3.94945
-3.94973
-3.95002
-3.95030
-3.95059
-3.95088
-3.95116
-3.95145
-3.95173
-3.95202
-3.95230
-3.95259
-3.95288
-3.95316
-3.95345
-3.95373
-3.95402
-3.95431
-3.95459
-3.95488
-3.95516
-3.95545
-3.95574
-3.95602
-3.95631
-3.95659
-3.95688
-3.95716
-3.95745
-3.95774
-3.95802
-3.95831
-3.95859
-3.95888
-3.95917
-3.95945
-3.95974
-3.96002
-3.96031
-3.96059
-3.96088
-3.96117
-3.96145
-3.96174
-3.96202
-3.96231
-3.96260
-3.96288
-3.96317
-3.96345
-3.96374
-3.96402
-3.96431
-3.96460
-3.96488
-3.96517
-3.96545
-3.96574
-3.96603
-3.96631
-3.96660
-3.96688
-3.96717
-3.96745
-3.96774
-3.96803
-3.96831
-3.96860
-3.96888
-3.96917
-3.96946
-3.96974
-3.97003
-3.97031
-3.97060
-3.97088
-3.97117
-3.97146
-3.97174
-3.97203
-3.97231
-3.97260
-3.97289
-3.97317
-3.97346
-3.97374
-3.97403
-3.97431
-3.97460
-3.97489
-3.97517
-3.97546
-3.97574
-3.97603
-3.97632
-3.97660
-3.97689
-3.97717
-3.97746
-3.97774
-3.97803
-3.97832
-3.97860
-3.97889
-3.97917
-3.97946
-3.97975
-3.98003
-3.98032
-3.98060
-3.98089
-3.98117
-3.98146
-3.98175
-3.98203
-3.98232
-3.98260
-3.98289
-3.98318
-3.98346
-3.98375
-3.98403
-3.98432
-3.98460
-3.98489
-3.98518
-3.98546
-3.98575
-3.98603
-3.98632
-3.98661
-3.98689
-3.98718
-3.98746
-3.98775
-3.98803
-3.98832
-3.98861
-3.98889
-3.98918
-3.98946
-3.98975
-3.99004
-3.99032
-3.99061
-3.99089
-3.99118
-3.99146
-3.99175
-3.99204
-3.99232
-3.99261
-3.99289
-3.99318
-3.99347
-3.99375
-3.99404
-3.99432
-3.99461
-3.99489
-3.99518
-3.99547
-3.99575
-3.99604
-3.99632
-3.99661
-3.99690
-3.99718
-3.99747
-3.99775
-3.99804
-3.99832
-3.99861
-3.99890
-3.99918
-3.99947
-3.99975
-4.00004
-4.00032
-4.00061
-4.00090
-4.00118
-4.00147
-4.00175
-4.00204
-4.00233
-4.00261
-4.00290
-4.00318
-4.00347
-4.00375
-4.00404
-4.00433
-4.00461
-4.00490
-4.00518
-4.00547
-4.00576
-4.00604
-4.00633
-4.00661
-4.00690
-4.00718
-4.00747
-4.00776
-4.00804
-4.00833
-4.00861
-4.00890
-4.00919
-4.00947
-4.00976
-4.01004
-4.01033
-4.01061
-4.01090
-4.01119
-4.01147
-4.01176
-4.01204
-4.01233
-4.01262
-4.01290
-4.01319
-4.01347
-4.01376
-4.01404
-4.01433
-4.01462
-4.01490
-4.01519
-4.01547
-4.01576
-4.01605
-4.01633
-4.01662
-4.01690
-4.01719
-4.01747
-4.01776
-4.01805
-4.01833
-4.01862
-4.01890
-4.01919
-4.01948
-4.01976
-4.02005
-4.02033
-4.02062
-4.02090
-4.02119
-4.02148
-4.02176
-4.02205
-4.02233
-4.02262
-4.02290
-4.02319
-4.02348
-4.02376
-4.02405
-4.02433
-4.02462
-4.02491
-4.02519
-4.02548
-4.02576
-4.02605
-4.02633
-4.02662
-4.02691
-4.02719
-4.02748
-4.02776
-4.02805
-4.02834
-4.02862
-4.02891
-4.02919
-4.02948
-4.02976
-4.03005
-4.03034
-4.03062
-4.03091
-4.03119
-4.03148
-4.03177
-4.03205
-4.03234
-4.03262
-4.03291
-4.03319
-4.03348
-4.03377
-4.03405
-4.03434
-4.03462
-4.03491
-4.03520
-4.03548
-4.03577
-4.03605
-4.03634
-4.03662
-4.03691
-4.03720
-4.03748
-4.03777
-4.03805
-4.03834
-4.03862
-4.03891
-4.03920
-4.03948
-4.03977
-4.04005
-4.04034
-4.04063
-4.04091
-4.04120
-4.04148
-4.04177
-4.04205
-4.04234
-4.04263
-4.04291
-4.04320
-4.04348
-4.04377
-4.04406
-4.04434
-4.04463
-4.04491
-4.04520
-4.04548
-4.04577
-4.04606
-4.04634
-4.04663
-4.04691
-4.04720
-4.04749
-4.04777
-4.04806
-4.04834
-4.04863
-4.04891
-4.04920
-4.04949
-4.04977
-4.05006
-4.05034
-4.05063
-4.05091
-4.05120
-4.05149
-4.05177
-4.05206
-4.05234
-4.05263
-4.05292
-4.05320
-4.05349
-4.05377
-4.05406
-4.05434
-4.05463
-4.05492
-4.05520
-4.05549
-4.05577
-4.05606
-4.05635
-4.05663
-4.05692
-4.05720
-4.05749
-4.05777
-4.05806
-4.05835
-4.05863
-4.05892
-4.05920
-4.05949
-4.05978
-4.06006
-4.06035
-4.06063
-4.06092
-4.06120
-4.06149
-4.06178
-4.06206
-4.06235
-4.06263
-4.06292
-4.06320
-4.06349
-4.06378
-4.06406
-4.06435
-4.06463
-4.06492
-4.06521
-4.06549
-4.06578
-4.06606
-4.06635
-4.06663
-4.06692
-4.06721
-4.06749
-4.06778
-4.06806
-4.06835
-4.06864
-4.06892
-4.06921
-4.06949
-4.06978
-4.07006
-4.07035
-4.07064
-4.07092
-4.07121
-4.07149
-4.07178
-4.07206
-4.07235
-4.07264
-4.07292
-4.07321
-4.07349
-4.07378
-4.07407
-4.07435
-4.07464
-4.07492
-4.07521
-4.07549
-4.07578
-4.07607
-4.07635
-4.07664
-4.07692
-4.07721
-4.07750
-4.07778
-4.07807
-4.07835
-4.07864
-4.07892
-4.07921
-4.07950
-4.07978
-4.08007
-4.08035
-4.08064
-4.08092
-4.08121
-4.08150
-4.08178
-4.08207
-4.08235
-4.08264
-4.08293
-4.08321
-4.08350
-4.08378
-4.08407
-4.08435
-4.08464
-4.08493
-4.08521
-4.08550
-4.08578
-4.08607
-4.08635
-4.08664
-4.08693
-4.08721
-4.08750
-4.08778
-4.08807
-4.08836
-4.08864
-4.08893
-4.08921
-4.08950
-4.08978
-4.09007
-4.09036
-4.09064
-4.09093
-4.09121
-4.09150
-4.09179
-4.09207
-4.09236
-4.09264
-4.09293
-4.09321
-4.09350
-4.09379
-4.09407
-4.09436
-4.09464
-4.09493
-4.09521
-4.09550
-4.09579
-4.09607
-4.09636
-4.09664
-4.09693
-4.09722
-4.09750
-4.09779
-4.09807
-4.09836
-4.09864
-4.09893
-4.09922
-4.09950
-4.09979
-4.10007
-4.10036
-4.10064
-4.10093
-4.10122
-4.10150
-4.10179
-4.10207
-4.10236
-4.10265
-4.10293
-4.10322
-4.10350
-4.10379
-4.10407
-4.10436
-4.10465
-4.10493
-4.10522
-4.10550
-4.10579
-4.10608
-4.10636
-4.10665
-4.10693
-4.10722
-4.10750
-4.10779
-4.10808
-4.10836
-4.10865
-4.10893
-4.10922
-4.10950
-4.10979
-4.11008
-4.11036
-4.11065
-4.11093
-4.11122
-4.11151
-4.11179
-4.11208
-4.11236
-4.11265
-4.11293
-4.11322
-4.11351
-4.11379
-4.11408
-4.11436
-4.11465
-4.11493
-4.11522
-4.11551
-4.11579
-4.11608
-4.11636
-4.11665
-4.11694
-4.11722
-4.11751
-4.11779
-4.11808
-4.11836
-4.11865
-4.11894
-4.11922
-4.11951
-4.11979
-4.12008
-4.12036
-4.12065
-4.12094
-4.12122
-4.12151
-4.12179
-4.12208
-4.12237
-4.12265
-4.12294
-4.12322
-4.12351
-4.12379
-4.12408
-4.12437
-4.12465
-4.12494
-4.12522
-4.12551
-4.12579
-4.12608
-4.12637
-4.12665
-4.12694
-4.12722
-4.12751
-4.12780
-4.12808
-4.12837
-4.12865
-4.12894
-4.12922
-4.12951
-4.12980
-4.13008
-4.13037
-4.13065
-4.13094
-4.13122
-4.13151
-4.13180
-4.13208
-4.13237
-4.13265
-4.13294
-4.13323
-4.13351
-4.13380
-4.13408
-4.13437
-4.13465
-4.13494
-4.13523
-4.13551
-4.13580
-4.13608
-4.13637
-4.13665
-4.13694
-4.13723
-4.13751
-4.13780
-4.13808
-4.13837
-4.13866
-4.13894
-4.13923
-4.13951
-4.13980
-4.14008
-4.14037
-4.14066
-4.14094
-4.14123
-4.14151
-4.14180
-4.14208
-4.14237
-4.14266
-4.14294
-4.14323
-4.14351
-4.14380
-4.14409
-4.14437
-4.14466
-4.14494
-4.14523
-4.14551
-4.14580
-4.14609
-4.14637
-4.14666
-4.14694
-4.14723
-4.14751
-4.14780
-4.14809
-4.14837
-4.14866
-4.14894
-4.14923
-4.14952
-4.14980
-4.15009
-4.15037
-4.15066
-4.15094
-4.15123
-4.15152
-4.15180
-4.15209
-4.15237
-4.15266
-4.15294
-4.15323
-4.15352
-4.15380
-4.15409
-4.15437
-4.15466
-4.15494
-4.15523
-4.15552
-4.15580
-4.15609
-4.15637
-4.15666
-4.15695
-4.15723
-4.15752
-4.15780
-4.15809
-4.15837
-4.15866
-4.15895
-4.15923
-4.15952
-4.15980
-4.16009
-4.16037
-4.16066
-4.16095
-4.16123
-4.16152
-4.16180
-4.16209
-4.16238
-4.16266
-4.16295
-4.16323
-4.16352
-4.16380
-4.16409
-4.16438
-4.16466
-4.16495
-4.16523
-4.16552
-4.16580
-4.16609
-4.16638
-4.16666
-4.16695
-4.16723
-4.16752
-4.16781
-4.16809
-4.16838
-4.16866
-4.16895
-4.16923
-4.16952
-4.16981
-4.17009
-4.17038
-4.17066
-4.17095
-4.17123
-4.17152
-4.17181
-4.17209
-4.17238
-4.17266
-4.17295
-4.17323
-4.17352
-4.17381
-4.17409
-4.17438
-4.17466
-4.17495
-4.17524
-4.17552
-4.17581
-4.17609
-4.17638
-4.17666
-4.17695
-4.17724
-4.17752
-4.17781
-4.17809
-4.17838
-4.17866
-4.17895
-4.17924
-4.17952
-4.17981
-4.18009
-4.18038
-4.18066
-4.18095
-4.18124
-4.18152
-4.18181
-4.18209
-4.18238
-4.18267
-4.18295
-4.18324
-4.18352
-4.18381
-4.18409
-4.18438
-4.18467
-4.18495
-4.18524
-4.18552
-4.18581
-4.18609
-4.18638
-4.18667
-4.18695
-4.18724
-4.18752
-4.18781
-4.18810
-4.18838
-4.18867
-4.18895
-4.18924
-4.18952
-4.18981
-4.19010
-4.19038
-4.19067
-4.19095
-4.19124
-4.19152
-4.19181
-4.19210
-4.19238
-4.19267
-4.19295
-4.19324
-4.19352
-4.19381
-4.19410
-4.19438
-4.19467
-4.19495
-4.19524
-4.19553
-4.19581
-4.19610
-4.19638
-4.19667
-4.19695
-4.19724
-4.19753
-4.19781
-4.19810
-4.19838
-4.19867
-4.19895
-4.19924
-4.19953
-4.19981
-4.20010
-4.20038
-4.20067
-4.20095
-4.20124
-4.20153
-4.20181
-4.20210
-4.20238
-4.20267
-4.20296
-4.20324
-4.20353
-4.20381
-4.20410
-4.20438
-4.20467
-4.20496
-4.20524
-4.20553
-4.20581
-4.20610
-4.20638
-4.20667
-4.20696
-4.20724
-4.20753
-4.20781
-4.20810
-4.20838
-4.20867
-4.20896
-4.20924
-4.20953
-4.20981
-4.21010
-4.21039
-4.21067
-4.21096
-4.21124
-4.21153
-4.21181
-4.21210
-4.21239
-4.21267
-4.21296
-4.21324
-4.21353
-4.21381
-4.21410
-4.21439
-4.21467
-4.21496
-4.21524
-4.21553
-4.21581
-4.21610
-4.21639
-4.21667
-4.21696
-4.21724
-4.21753
-4.21781
-4.21810
-4.21839
-4.21867
-4.21896
-4.21924
-4.21953
-4.21982
-4.22010
-4.22039
-4.22067
-4.22096
-4.22124
-4.22153
-4.22182
-4.22210
-4.22239
-4.22267
-4.22296
-4.22324
-4.22353
-4.22382
-4.22410
-4.22439
-4.22467
-4.22496
-4.22524
-4.22553
-4.22582
-4.22610
-4.22639
-4.22667
-4.22696
-4.22725
-4.22753
-4.22782
-4.22810
-4.22839
-4.22867
-4.22896
-4.22925
-4.22953
-4.22982
-4.23010
-4.23039
-4.23067
-4.23096
-4.23125
-4.23153
-4.23182
-4.23210
-4.23239
-4.23267
-4.23296
-4.23325
-4.23353
-4.23382
-4.23410
-4.23439
-4.23467
-4.23496
-4.23525
-4.23553
-4.23582
-4.23610
-4.23639
-4.23668
-4.23696
-4.23725
-4.23753
-4.23782
-4.23810
-4.23839
-4.23868
-4.23896
-4.23925
-4.23953
-4.23982
-4.24010
-4.24039
-4.24068
-4.24096
-4.24125
-4.24153
-4.24182
-4.24210
-4.24239
-4.24268
-4.24296
-4.24325
-4.24353
-4.24382
-4.24410
-4.24439
-4.24468
-4.24496
-4.24525
-4.24553
-4.24582
-4.24611
-4.24639
-4.24668
-4.24696
-4.24725
-4.24753
-4.24782
-4.24811
-4.24839
-4.24868
-4.24896
-4.24925
-4.24953
-4.24982
-4.25011
-4.25039
-4.25068
-4.25096
-4.25125
-4.25153
-4.25182
-4.25211
-4.25239
-4.25268
-4.25296
-4.25325
-4.25353
-4.25382
-4.25411
-4.25439
-4.25468
-4.25496
-4.25525
-4.25554
-4.25582
-4.25611
-4.25639
-4.25668
-4.25696
-4.25725
-4.25754
-4.25782
-4.25811
-4.25839
-4.25868
-4.25896
-4.25925
-4.25954
-4.25982
-4.26011
-4.26039
-4.26068
-4.26096
-4.26125
-4.26154
-4.26182
-4.26211
-4.26239
-4.26268
-4.26296
-4.26325
-4.26354
-4.26382
-4.26411
-4.26439
-4.26468
-4.26496
-4.26525
-4.26554
-4.26582
-4.26611
-4.26639
-4.26668
-4.26697
-4.26725
-4.26754
-4.26782
-4.26811
-4.26839
-4.26868
-4.26897
-4.26925
-4.26954
-4.26982
-4.27011
-4.27039
-4.27068
-4.27097
-4.27125
-4.27154
-4.27182
-4.27211
-4.27239
-4.27268
-4.27297
-4.27325
-4.27354
-4.27382
-4.27411
-4.27439
-4.27468
-4.27497
-4.27525
-4.27554
-4.27582
-4.27611
-4.27639
-4.27668
-4.27697
-4.27725
-4.27754
-4.27782
-4.27811
-4.27840
-4.27868
-4.27897
-4.27925
-4.27954
-4.27982
-4.28011
-4.28040
-4.28068
-4.28097
-4.28125
-4.28154
-4.28182
-4.28211
-4.28240
-4.28268
-4.28297
-4.28325
-4.28354
-4.28382
-4.28411
-4.28440
-4.28468
-4.28497
-4.28525
-4.28554
-4.28582
-4.28611
-4.28640
-4.28668
-4.28697
-4.28725
-4.28754
-4.28782
-4.28811
-4.28840
-4.28868
-4.28897
-4.28925
-4.28954
-4.28982
-4.29011
-4.29040
-4.29068
-4.29097
-4.29125
-4.29154
-4.29183
-4.29211
-4.29240
-4.29268
-4.29297
-4.29325
-4.29354
-4.29383
-4.29411
-4.29440
-4.29468
-4.29497
-4.29525
-4.29554
-4.29583
-4.29611
-4.29640
-4.29668
-4.29697
-4.29725
-4.29754
-4.29783
-4.29811
-4.29840
-4.29868
-4.29897
-4.29925
-4.29954
-4.29983
-4.30011
-4.30040
-4.30068
-4.30097
-4.30125
-4.30154
-4.30183
-4.30211
-4.30240
-4.30268
-4.30297
-4.30325
-4.30354
-4.30383
-4.30411
-4.30440
-4.30468
-4.30497
-4.30525
-4.30554
-4.30583
-4.30611
-4.30640
-4.30668
-4.30697
-4.30726
-4.30754
-4.30783
-4.30811
-4.30840
-4.30868
-4.30897
-4.30926
-4.30954
-4.30983
-4.31011
-4.31040
-4.31068
-4.31097
-4.31126
-4.31154
-4.31183
-4.31211
-4.31240
-4.31268
-4.31297
-4.31326
-4.31354
-4.31383
-4.31411
-4.31440
-4.31468
-4.31497
-4.31526
-4.31554
-4.31583
-4.31611
-4.31640
-4.31668
-4.31697
-4.31726
-4.31754
-4.31783
-4.31811
-4.31840
-4.31868
-4.31897
-4.31926
-4.31954
-4.31983
-4.32011
-4.32040
-4.32068
-4.32097
-4.32126
-4.32154
-4.32183
-4.32211
-4.32240
-4.32268
-4.32297
-4.32326
-4.32354
-4.32383
-4.32411
-4.32440
-4.32468
-4.32497
-4.32526
-4.32554
-4.32583
-4.32611
-4.32640
-4.32669
-4.32697
-4.32726
-4.32754
-4.32783
-4.32811
-4.32840
-4.32869
-4.32897
-4.32926
-4.32954
-4.32983
-4.33011
-4.33040
-4.33069
-4.33097
-4.33126
-4.33154
-4.33183
-4.33211
-4.33240
-4.33269
-4.33297
-4.33326
-4.33354
-4.33383
-4.33411
-4.33440
-4.33469
-4.33497
-4.33526
-4.33554
-4.33583
-4.33611
-4.33640
-4.33669
-4.33697
-4.33726
-4.33754
-4.33783
-4.33811
-4.33840
-4.33869
-4.33897
-4.33926
-4.33954
-4.33983
-4.34011
-4.34040
-4.34069
-4.34097
-4.34126
-4.34154
-4.34183
-4.34211
-4.34240
-4.34269
-4.34297
-4.34326
-4.34354
-4.34383
-4.34411
-4.34440
-4.34469
-4.34497
-4.34526
-4.34554
-4.34583
-4.34611
-4.34640
-4.34669
-4.34697
-4.34726
-4.34754
-4.34783
-4.34811
-4.34840
-4.34869
-4.34897
-4.34926
-4.34954
-4.34983
-4.35011
-4.35040
-4.35069
-4.35097
-4.35126
-4.35154
-4.35183
-4.35211
-4.35240
-4.35269
-4.35297
-4.35326
-4.35354
-4.35383
-4.35411
-4.35440
-4.35469
-4.35497
-4.35526
-4.35554
-4.35583
-4.35612
-4.35640
-4.35669
-4.35697
-4.35726
-4.35754
-4.35783
-4.35812
-4.35840
-4.35869
-4.35897
-4.35926
-4.35954
-4.35983
-4.36012
-4.36040
-4.36069
-4.36097
-4.36126
-4.36154
-4.36183
-4.36212
-4.36240
-4.36269
-4.36297
-4.36326
-4.36354
-4.36383
-4.36412
-4.36440
-4.36469
-4.36497
-4.36526
-4.36554
-4.36583
-4.36612
-4.36640
-4.36669
-4.36697
-4.36726
-4.36754
-4.36783
-4.36812
-4.36840
-4.36869
-4.36897
-4.36926
-4.36954
-4.36983
-4.37012
-4.37040
-4.37069
-4.37097
-4.37126
-4.37154
-4.37183
-4.37212
-4.37240
-4.37269
-4.37297
-4.37326
-4.37354
-4.37383
-4.37412
-4.37440
-4.37469
-4.37497
-4.37526
-4.37554
-4.37583
-4.37612
-4.37640
-4.37669
-4.37697
-4.37726
-4.37754
-4.37783
-4.37812
-4.37840
-4.37869
-4.37897
-4.37926
-4.37954
-4.37983
-4.38012
-4.38040
-4.38069
-4.38097
-4.38126
-4.38154
-4.38183
-4.38212
-4.38240
-4.38269
-4.38297
-4.38326
-4.38354
-4.38383
-4.38412
-4.38440
-4.38469
-4.38497
-4.38526
-4.38554
-4.38583
-4.38612
-4.38640
-4.38669
-4.38697
-4.38726
-4.38754
-4.38783
-4.38812
-4.38840
-4.38869
-4.38897
-4.38926
-4.38954
-4.38983
-4.39012
-4.39040
-4.39069
-4.39097
-4.39126
-4.39154
-4.39183
-4.39212
-4.39240
-4.39269
-4.39297
-4.39326
-4.39354
-4.39383
-4.39412
-4.39440
-4.39469
-4.39497
-4.39526
-4.39554
-4.39583
-4.39612
-4.39640
-4.39669
-4.39697
-4.39726
-4.39754
-4.39783
-4.39812
-4.39840
-4.39869
-4.39897
-4.39926
-4.39954
-4.39983
-4.40012
-4.40040
-4.40069
-4.40097
-4.40126
-4.40154
-4.40183
-4.40212
-4.40240
-4.40269
-4.40297
-4.40326
-4.40354
-4.40383
-4.40412
-4.40440
-4.40469
-4.40497
-4.40526
-4.40554
-4.40583
-4.40612
-4.40640
-4.40669
-4.40697
-4.40726
-4.40754
-4.40783
-4.40812
-4.40840
-4.40869
-4.40897
-4.40926
-4.40954
-4.40983
-4.41012
-4.41040
-4.41069
-4.41097
-4.41126
-4.41154
-4.41183
-4.41212
-4.41240
-4.41269
-4.41297
-4.41326
-4.41354
-4.41383
-4.41412
-4.41440
-4.41469
-4.41497
-4.41526
-4.41554
-4.41583
-4.41612
-4.41640
-4.41669
-4.41697
-4.41726
-4.41754
-4.41783
-4.41812
-4.41840
-4.41869
-4.41897
-4.41926
-4.41954
-4.41983
-4.42012
-4.42040
-4.42069
-4.42097
-4.42126
-4.42154
-4.42183
-4.42212
-4.42240
-4.42269
-4.42297
-4.42326
-4.42354
-4.42383
-4.42412
-4.42440
-4.42469
-4.42497
-4.42526
-4.42554
-4.42583
-4.42611
-4.42640
-4.42669
-4.42697
-4.42726
-4.42754
-4.42783
-4.42811
-4.42840
-4.42869
-4.42897
-4.42926
-4.42954
-4.42983
-4.43011
-4.43040
-4.43069
-4.43097
-4.43126
-4.43154
-4.43183
-4.43211
-4.43240
-4.43269
-4.43297
-4.43326
-4.43354
-4.43383
-4.43411
-4.43440
-4.43469
-4.43497
-4.43526
-4.43554
-4.43583
-4.43611
-4.43640
-4.43669
-4.43697
-4.43726
-4.43754
-4.43783
-4.43811
-4.43840
-4.43869
-4.43897
-4.43926
-4.43954
-4.43983
-4.44011
-4.44040
-4.44069
-4.44097
-4.44126
-4.44154
-4.44183
-4.44211
-4.44240
-4.44269
-4.44297
-4.44326
-4.44354
-4.44383
-4.44411
-4.44440
-4.44469
-4.44497
-4.44526
-4.44554
-4.44583
-4.44611
-4.44640
-4.44669
-4.44697
-4.44726
-4.44754
-4.44783
-4.44811
-4.44840
-4.44869
-4.44897
-4.44926
-4.44954
-4.44983
-4.45011
-4.45040
-4.45069
-4.45097
-4.45126
-4.45154
-4.45183
-4.45211
-4.45240
-4.45269
-4.45297
-4.45326
-4.45354
-4.45383
-4.45411
-4.45440
-4.45468
-4.45497
-4.45526
-4.45554
-4.45583
-4.45611
-4.45640
-4.45668
-4.45697
-4.45726
-4.45754
-4.45783
-4.45811
-4.45840
-4.45868
-4.45897
-4.45926
-4.45954
-4.45983
-4.46011
-4.46040
-4.46068
-4.46097
-4.46126
-4.46154
-4.46183
-4.46211
-4.46240
-4.46268
-4.46297
-4.46326
-4.46354
-4.46383
-4.46411
-4.46440
-4.46468
-4.46497
-4.46526
-4.46554
-4.46583
-4.46611
-4.46640
-4.46668
-4.46697
-4.46726
-4.46754
-4.46783
-4.46811
-4.46840
-4.46868
-4.46897
-4.46926
-4.46954
-4.46983
-4.47011
-4.47040
-4.47068
-4.47097
-4.47126
-4.47154
-4.47183
-4.47211
-4.47240
-4.47268
-4.47297
-4.47326
-4.47354
-4.47383
-4.47411
-4.47440
-4.47468
-4.47497
-4.47525
-4.47554
-4.47583
-4.47611
-4.47640
-4.47668
-4.47697
-4.47725
-4.47754
-4.47783
-4.47811
-4.47840
-4.47868
-4.47897
-4.47925
-4.47954
-4.47983
-4.48011
-4.48040
-4.48068
-4.48097
-4.48125
-4.48154
-4.48183
-4.48211
-4.48240
-4.48268
-4.48297
-4.48325
-4.48354
-4.48383
-4.48411
-4.48440
-4.48468
-4.48497
-4.48525
-4.48554
-4.48583
-4.48611
-4.48640
-4.48668
-4.48697
-4.48725
-4.48754
-4.48783
-4.48811
-4.48840
-4.48868
-4.48897
-4.48925
-4.48954
-4.48982
-4.49011
-4.49040
-4.49068
-4.49097
-4.49125
-4.49154
-4.49182
-4.49211
-4.49240
-4.49268
-4.49297
-4.49325
-4.49354
-4.49382
-4.49411
-4.49440
-4.49468
-4.49497
-4.49525
-4.49554
-4.49582
-4.49611
-4.49640
-4.49668
-4.49697
-4.49725
-4.49754
-4.49782
-4.49811
-4.49840
-4.49868
-4.49897
-4.49925
-4.49954
-4.49982
-4.50011
-4.50040
-4.50068
-4.50097
-4.50125
-4.50154
-4.50182
-4.50211
-4.50240
-4.50268
-4.50297
-4.50325
-4.50354
-4.50382
-4.50411
-4.50439
-4.50468
-4.50497
-4.50525
-4.50554
-4.50582
-4.50611
-4.50639
-4.50668
-4.50697
-4.50725
-4.50754
-4.50782
-4.50811
-4.50839
-4.50868
-4.50897
-4.50925
-4.50954
-4.50982
-4.51011
-4.51039
-4.51068
-4.51097
-4.51125
-4.51154
-4.51182
-4.51211
-4.51239
-4.51268
-4.51297
-4.51325
-4.51354
-4.51382
-4.51411
-4.51439
-4.51468
-4.51496
-4.51525
-4.51554
-4.51582
-4.51611
-4.51639
-4.51668
-4.51696
-4.51725
-4.51754
-4.51782
-4.51811
-4.51839
-4.51868
-4.51896
-4.51925
-4.51954
-4.51982
-4.52011
-4.52039
-4.52068
-4.52096
-4.52125
-4.52154
-4.52182
-4.52211
-4.52239
-4.52268
-4.52296
-4.52325
-4.52354
-4.52382
-4.52411
-4.52439
-4.52468
-4.52496
-4.52525
-4.52553
-4.52582
-4.52611
-4.52639
-4.52668
-4.52696
-4.52725
-4.52753
-4.52782
-4.52811
-4.52839
-4.52868
-4.52896
-4.52925
-4.52953
-4.52982
-4.53011
-4.53039
-4.53068
-4.53096
-4.53125
-4.53153
-4.53182
-4.53211
-4.53239
-4.53268
-4.53296
-4.53325
-4.53353
-4.53382
-4.53411
-4.53439
-4.53468
-4.53496
-4.53525
-4.53553
-4.53582
-4.53610
-4.53639
-4.53668
-4.53696
-4.53725
-4.53753
-4.53782
-4.53810
-4.53839
-4.53868
-4.53896
-4.53925
-4.53953
-4.53982
-4.54010
-4.54039
-4.54068
-4.54096
-4.54125
-4.54153
-4.54182
-4.54210
-4.54239
-4.54268
-4.54296
-4.54325
-4.54353
-4.54382
-4.54410
-4.54439
-4.54468
-4.54496
-4.54525
-4.54553
-4.54582
-4.54610
-4.54639
-4.54667
-4.54696
-4.54725
-4.54753
-4.54782
-4.54810
-4.54839
-4.54867
-4.54896
-4.54925
-4.54953
-4.54982
-4.55010
-4.55039
-4.55067
-4.55096
-4.55125
-4.55153
-4.55182
-4.55210
-4.55239
-4.55267
-4.55296
-4.55325
-4.55353
-4.55382
-4.55410
-4.55439
-4.55467
-4.55496
-4.55524
-4.55553
-4.55582
-4.55610
-4.55639
-4.55667
-4.55696
-4.55724
-4.55753
-4.55782
-4.55810
-4.55839
-4.55867
-4.55896
-4.55924
-4.55953
-4.55982
-4.56010
-4.56039
-4.56067
-4.56096
-4.56124
-4.56153
-4.56182
-4.56210
-4.56239
-4.56267
-4.56296
-4.56324
-4.56353
-4.56381
-4.56410
-4.56439
-4.56467
-4.56496
-4.56524
-4.56553
-4.56581
-4.56610
-4.56639
-4.56667
-4.56696
-4.56724
-4.56753
-4.56781
-4.56810
-4.56839
-4.56867
-4.56896
-4.56924
-4.56953
-4.56981
-4.57010
-4.57039
-4.57067
-4.57096
-4.57124
-4.57153
-4.57181
-4.57210
-4.57238
-4.57267
-4.57296
-4.57324
-4.57353
-4.57381
-4.57410
-4.57438
-4.57467
-4.57496
-4.57524
-4.57553
-4.57581
-4.57610
-4.57638
-4.57667
-4.57696
-4.57724
-4.57753
-4.57781
-4.57810
-4.57838
-4.57867
-4.57895
-4.57924
-4.57953
-4.57981
-4.58010
-4.58038
-4.58067
-4.58095
-4.58124
-4.58153
-4.58181
-4.58210
-4.58238
-4.58267
-4.58295
-4.58324
-4.58353
-4.58381
-4.58410
-4.58438
-4.58467
-4.58495
-4.58524
-4.58553
-4.58581
-4.58610
-4.58638
-4.58667
-4.58695
-4.58724
-4.58752
-4.58781
-4.58810
-4.58838
-4.58867
-4.58895
-4.58924
-4.58952
-4.58981
-4.59010
-4.59038
-4.59067
-4.59095
-4.59124
-4.59152
-4.59181
-4.59210
-4.59238
-4.59267
-4.59295
-4.59324
-4.59352
-4.59381
-4.59409
-4.59438
-4.59467
-4.59495
-4.59524
-4.59552
-4.59581
-4.59609
-4.59638
-4.59667
-4.59695
-4.59724
-4.59752
-4.59781
-4.59809
-4.59838
-4.59867
-4.59895
-4.59924
-4.59952
-4.59981
-4.60009
-4.60038
-4.60066
-4.60095
-4.60124
-4.60152
-4.60181
-4.60209
-4.60238
-4.60266
-4.60295
-4.60324
-4.60352
-4.60381
-4.60409
-4.60438
-4.60466
-4.60495
-4.60524
-4.60552
-4.60581
-4.60609
-4.60638
-4.60666
-4.60695
-4.60723
-4.60752
-4.60781
-4.60809
-4.60838
-4.60866
-4.60895
-4.60923
-4.60952
-4.60981
-4.61009
-4.61038
-4.61066
-4.61095
-4.61123
-4.61152
-4.61181
-4.61209
-4.61238
-4.61266
-4.61295
-4.61323
-4.61352
-4.61380
-4.61409
-4.61438
-4.61466
-4.61495
-4.61523
-4.61552
-4.61580
-4.61609
-4.61638
-4.61666
-4.61695
-4.61723
-4.61752
-4.61780
-4.61809
-4.61838
-4.61866
-4.61895
-4.61923
-4.61952
-4.61980
-4.62009
-4.62037
-4.62066
-4.62095
-4.62123
-4.62152
-4.62180
-4.62209
-4.62237
-4.62266
-4.62295
-4.62323
-4.62352
-4.62380
-4.62409
-4.62437
-4.62466
-4.62495
-4.62523
-4.62552
-4.62580
-4.62609
-4.62637
-4.62666
-4.62694
-4.62723
-4.62752
-4.62780
-4.62809
-4.62837
-4.62866
-4.62894
-4.62923
-4.62952
-4.62980
-4.63009
-4.63037
-4.63066
-4.63094
-4.63123
-4.63151
-4.63180
-4.63209
-4.63237
-4.63266
-4.63294
-4.63323
-4.63351
-4.63380
-4.63409
-4.63437
-4.63466
-4.63494
-4.63523
-4.63551
-4.63580
-4.63609
-4.63637
-4.63666
-4.63694
-4.63723
-4.63751
-4.63780
-4.63808
-4.63837
-4.63866
-4.63894
-4.63923
-4.63951
-4.63980
-4.64008
-4.64037
-4.64066
-4.64094
-4.64123
-4.64151
-4.64180
-4.64208
-4.64237
-4.64266
-4.64294
-4.64323
-4.64351
-4.64380
-4.64408
-4.64437
-4.64465
-4.64494
-4.64523
-4.64551
-4.64580
-4.64608
-4.64637
-4.64665
-4.64694
-4.64723
-4.64751
-4.64780
-4.64808
-4.64837
-4.64865
-4.64894
-4.64922
-4.64951
-4.64980
-4.65008
-4.65037
-4.65065
-4.65094
-4.65122
-4.65151
-4.65180
-4.65208
-4.65237
-4.65265
-4.65294
-4.65322
-4.65351
-4.65379
-4.65408
-4.65437
-4.65465
-4.65494
-4.65522
-4.65551
-4.65579
-4.65608
-4.65637
-4.65665
-4.65694
-4.65722
-4.65751
-4.65779
-4.65808
-4.65837
-4.65865
-4.65894
-4.65922
-4.65951
-4.65979
-4.66008
-4.66036
-4.66065
-4.66094
-4.66122
-4.66151
-4.66179
-4.66208
-4.66236
-4.66265
-4.66294
-4.66322
-4.66351
-4.66379
-4.66408
-4.66436
-4.66465
-4.66493
-4.66522
-4.66551
-4.66579
-4.66608
-4.66636
-4.66665
-4.66693
-4.66722
-4.66751
-4.66779
-4.66808
-4.66836
-4.66865
-4.66893
-4.66922
-4.66950
-4.66979
-4.67008
-4.67036
-4.67065
-4.67093
-4.67122
-4.67150
-4.67179
-4.67208
-4.67236
-4.67265
-4.67293
-4.67322
-4.67350
-4.67379
-4.67408
-4.67436
-4.67465
-4.67493
-4.67522
-4.67550
-4.67579
-4.67607
-4.67636
-4.67665
-4.67693
-4.67722
-4.67750
-4.67779
-4.67807
-4.67836
-4.67865
-4.67893
-4.67922
-4.67950
-4.67979
-4.68007
-4.68036
-4.68064
-4.68093
-4.68122
-4.68150
-4.68179
-4.68207
-4.68236
-4.68264
-4.68293
-4.68322
-4.68350
-4.68379
-4.68407
-4.68436
-4.68464
-4.68493
-4.68521
-4.68550
-4.68579
-4.68607
-4.68636
-4.68664
-4.68693
-4.68721
-4.68750
-4.68779
-4.68807
-4.68836
-4.68864
-4.68893
-4.68921
-4.68950
-4.68978
-4.69007
-4.69036
-4.69064
-4.69093
-4.69121
-4.69150
-4.69178
-4.69207
-4.69236
-4.69264
-4.69293
-4.69321
-4.69350
-4.69378
-4.69407
-4.69435
-4.69464
-4.69493
-4.69521
-4.69550
-4.69578
-4.69607
-4.69635
-4.69664
-4.69693
-4.69721
-4.69750
-4.69778
-4.69807
-4.69835
-4.69864
-4.69892
-4.69921
-4.69950
-4.69978
-4.70007
-4.70035
-4.70064
-4.70092
-4.70121
-4.70150
-4.70178
-4.70207
-4.70235
-4.70264
-4.70292
-4.70321
-4.70349
-4.70378
-4.70407
-4.70435
-4.70464
-4.70492
-4.70521
-4.70549
-4.70578
-4.70607
-4.70635
-4.70664
-4.70692
-4.70721
-4.70749
-4.70778
-4.70806
-4.70835
-4.70864
-4.70892
-4.70921
-4.70949
-4.70978
-4.71006
-4.71035
-4.71064
-4.71092
-4.71121
-4.71149
-4.71178
-4.71206
-4.71235
-4.71263
-4.71292
-4.71321
-4.71349
-4.71378
-4.71406
-4.71435
-4.71463
-4.71492
-4.71521
-4.71549
-4.71578
-4.71606
-4.71635
-4.71663
-4.71692
-4.71720
-4.71749
-4.71778
-4.71806
-4.71835
-4.71863
-4.71892
-4.71920
-4.71949
-4.71978
-4.72006
-4.72035
-4.72063
-4.72092
-4.72120
-4.72149
-4.72177
-4.72206
-4.72235
-4.72263
-4.72292
-4.72320
-4.72349
-4.72377
-4.72406
-4.72435
-4.72463
-4.72492
-4.72520
-4.72549
-4.72577
-4.72606
-4.72634
-4.72663
-4.72692
-4.72720
-4.72749
-4.72777
-4.72806
-4.72834
-4.72863
-4.72892
-4.72920
-4.72949
-4.72977
-4.73006
-4.73034
-4.73063
-4.73091
-4.73120
-4.73149
-4.73177
-4.73206
-4.73234
-4.73263
-4.73291
-4.73320
-4.73348
-4.73377
-4.73406
-4.73434
-4.73463
-4.73491
-4.73520
-4.73548
-4.73577
-4.73606
-4.73634
-4.73663
-4.73691
-4.73720
-4.73748
-4.73777
-4.73805
-4.73834
-4.73863
-4.73891
-4.73920
-4.73948
-4.73977
-4.74005
-4.74034
-4.74063
-4.74091
-4.74120
-4.74148
-4.74177
-4.74205
-4.74234
-4.74262
-4.74291
-4.74320
-4.74348
-4.74377
-4.74405
-4.74434
-4.74462
-4.74491
-4.74520
-4.74548
-4.74577
-4.74605
-4.74634
-4.74662
-4.74691
-4.74719
-4.74748
-4.74777
-4.74805
-4.74834
-4.74862
-4.74891
-4.74919
-4.74948
-4.74976
-4.75005
-4.75034
-4.75062
-4.75091
-4.75119
-4.75148
-4.75176
-4.75205
-4.75234
-4.75262
-4.75291
-4.75319
-4.75348
-4.75376
-4.75405
-4.75433
-4.75462
-4.75491
-4.75519
-4.75548
-4.75576
-4.75605
-4.75633
-4.75662
-4.75691
-4.75719
-4.75748
-4.75776
-4.75805
-4.75833
-4.75862
-4.75890
-4.75919
-4.75948
-4.75976
-4.76005
-4.76033
-4.76062
-4.76090
-4.76119
-4.76147
-4.76176
-4.76205
-4.76233
-4.76262
-4.76290
-4.76319
-4.76347
-4.76376
-4.76405
-4.76433
-4.76462
-4.76490
-4.76519
-4.76547
-4.76576
-4.76604
-4.76633
-4.76662
-4.76690
-4.76719
-4.76747
-4.76776
-4.76804
-4.76833
-4.76862
-4.76890
-4.76919
-4.76947
-4.76976
-4.77004
-4.77033
-4.77061
-4.77090
-4.77119
-4.77147
-4.77176
-4.77204
-4.77233
-4.77261
-4.77290
-4.77318
-4.77347
-4.77376
-4.77404
-4.77433
-4.77461
-4.77490
-4.77518
-4.77547
-4.77576
-4.77604
-4.77633
-4.77661
-4.77690
-4.77718
-4.77747
-4.77775
-4.77804
-4.77833
-4.77861
-4.77890
-4.77918
-4.77947
-4.77975
-4.78004
-4.78032
-4.78061
-4.78090
-4.78118
-4.78147
-4.78175
-4.78204
-4.78232
-4.78261
-4.78290
-4.78318
-4.78347
-4.78375
-4.78404
-4.78432
-4.78461
-4.78489
-4.78518
-4.78547
-4.78575
-4.78604
-4.78632
-4.78661
-4.78689
-4.78718
-4.78746
-4.78775
-4.78804
-4.78832
-4.78861
-4.78889
-4.78918
-4.78946
-4.78975
-4.79004
-4.79032
-4.79061
-4.79089
-4.79118
-4.79146
-4.79175
-4.79203
-4.79232
-4.79261
-4.79289
-4.79318
-4.79346
-4.79375
-4.79403
-4.79432
-4.79460
-4.79489
-4.79518
-4.79546
-4.79575
-4.79603
-4.79632
-4.79660
-4.79689
-4.79718
-4.79746
-4.79775
-4.79803
-4.79832
-4.79860
-4.79889
-4.79917
-4.79946
-4.79975
-4.80003
-4.80032
-4.80060
-4.80089
-4.80117
-4.80146
-4.80174
-4.80203
-4.80232
-4.80260
-4.80289
-4.80317
-4.80346
-4.80374
-4.80403
-4.80432
-4.80460
-4.80489
-4.80517
-4.80546
-4.80574
-4.80603
-4.80631
-4.80660
-4.80689
-4.80717
-4.80746
-4.80774
-4.80803
-4.80831
-4.80860
-4.80888
-4.80917
-4.80946
-4.80974
-4.81003
-4.81031
-4.81060
-4.81088
-4.81117
-4.81145
-4.81174
-4.81203
-4.81231
-4.81260
-4.81288
-4.81317
-4.81345
-4.81374
-4.81403
-4.81431
-4.81460
-4.81488
-4.81517
-4.81545
-4.81574
-4.81602
-4.81631
-4.81660
-4.81688
-4.81717
-4.81745
-4.81774
-4.81802
-4.81831
-4.81859
-4.81888
-4.81917
-4.81945
-4.81974
-4.82002
-4.82031
-4.82059
-4.82088
-4.82117
-4.82145
-4.82174
-4.82202
-4.82231
-4.82259
-4.82288
-4.82316
-4.82345
-4.82374
-4.82402
-4.82431
-4.82459
-4.82488
-4.82516
-4.82545
-4.82573
-4.82602
-4.82631
-4.82659
-4.82688
-4.82716
-4.82745
-4.82773
-4.82802
-4.82830
-4.82859
-4.82888
-4.82916
-4.82945
-4.82973
-4.83002
-4.83030
-4.83059
-4.83088
-4.83116
-4.83145
-4.83173
-4.83202
-4.83230
-4.83259
-4.83287
-4.83316
-4.83345
-4.83373
-4.83402
-4.83430
-4.83459
-4.83487
-4.83516
-4.83544
-4.83573
-4.83602
-4.83630
-4.83659
-4.83687
-4.83716
-4.83744
-4.83773
-4.83801
-4.83830
-4.83859
-4.83887
-4.83916
-4.83944
-4.83973
-4.84001
-4.84030
-4.84059
-4.84087
-4.84116
-4.84144
-4.84173
-4.84201
-4.84230
-4.84258
-4.84287
-4.84316
-4.84344
-4.84373
-4.84401
-4.84430
-4.84458
-4.84487
-4.84515
-4.84544
-4.84573
-4.84601
-4.84630
-4.84658
-4.84687
-4.84715
-4.84744
-4.84772
-4.84801
-4.84830
-4.84858
-4.84887
-4.84915
-4.84944
-4.84972
-4.85001
-4.85029
-4.85058
-4.85087
-4.85115
-4.85144
-4.85172
-4.85201
-4.85229
-4.85258
-4.85287
-4.85315
-4.85344
-4.85372
-4.85401
-4.85429
-4.85458
-4.85486
-4.85515
-4.85544
-4.85572
-4.85601
-4.85629
-4.85658
-4.85686
-4.85715
-4.85743
-4.85772
-4.85801
-4.85829
-4.85858
-4.85886
-4.85915
-4.85943
-4.85972
-4.86000
-4.86029
-4.86058
-4.86086
-4.86115
-4.86143
-4.86172
-4.86200
-4.86229
-4.86257
-4.86286
-4.86315
-4.86343
-4.86372
-4.86400
-4.86429
-4.86457
-4.86486
-4.86515
-4.86543
-4.86572
-4.86600
-4.86629
-4.86657
-4.86686
-4.86714
-4.86743
-4.86772
-4.86800
-4.86829
-4.86857
-4.86886
-4.86914
-4.86943
-4.86971
-4.87000
-4.87029
-4.87057
-4.87086
-4.87114
-4.87143
-4.87171
-4.87200
-4.87228
-4.87257
-4.87286
-4.87314
-4.87343
-4.87371
-4.87400
-4.87428
-4.87457
-4.87485
-4.87514
-4.87543
-4.87571
-4.87600
-4.87628
-4.87657
-4.87685
-4.87714
-4.87742
-4.87771
-4.87800
-4.87828
-4.87857
-4.87885
-4.87914
-4.87942
-4.87971
-4.88000
-4.88028
-4.88057
-4.88085
-4.88114
-4.88142
-4.88171
-4.88199
-4.88228
-4.88257
-4.88285
-4.88314
-4.88342
-4.88371
-4.88399
-4.88428
-4.88456
-4.88485
-4.88514
-4.88542
-4.88571
-4.88599
-4.88628
-4.88656
-4.88685
-4.88713
-4.88742
-4.88771
-4.88799
-4.88828
-4.88856
-4.88885
-4.88913
-4.88942
-4.88970
-4.88999
-4.89028
-4.89056
-4.89085
-4.89113
-4.89142
-4.89170
-4.89199
-4.89227
-4.89256
-4.89285
-4.89313
-4.89342
-4.89370
-4.89399
-4.89427
-4.89456
-4.89484
-4.89513
-4.89542
-4.89570
-4.89599
-4.89627
-4.89656
-4.89684
-4.89713
-4.89741
-4.89770
-4.89799
-4.89827
-4.89856
-4.89884
-4.89913
-4.89941
-4.89970
-4.89998
-4.90027
-4.90056
-4.90084
-4.90113
-4.90141
-4.90170
-4.90198
-4.90227
-4.90256
-4.90284
-4.90313
-4.90341
-4.90370
-4.90398
-4.90427
-4.90455
-4.90484
-4.90513
-4.90541
-4.90570
-4.90598
-4.90627
-4.90655
-4.90684
-4.90712
-4.90741
-4.90770
-4.90798
-4.90827
-4.90855
-4.90884
-4.90912
-4.90941
-4.90969
-4.90998
-4.91027
-4.91055
-4.91084
-4.91112
-4.91141
-4.91169
-4.91198
-4.91226
-4.91255
-4.91284
-4.91312
-4.91341
-4.91369
-4.91398
-4.91426
-4.91455
-4.91483
-4.91512
-4.91541
-4.91569
-4.91598
-4.91626
-4.91655
-4.91683
-4.91712
-4.91740
-4.91769
-4.91798
-4.91826
-4.91855
-4.91883
-4.91912
-4.91940
-4.91969
-4.91997
-4.92026
-4.92055
-4.92083
-4.92112
-4.92140
-4.92169
-4.92197
-4.92226
-4.92254
-4.92283
-4.92312
-4.92340
-4.92369
-4.92397
-4.92426
-4.92454
-4.92483
-4.92511
-4.92540
-4.92569
-4.92597
-4.92626
-4.92654
-4.92683
-4.92711
-4.92740
-4.92768
-4.92797
-4.92826
-4.92854
-4.92883
-4.92911
-4.92940
-4.92968
-4.92997
-4.93025
-4.93054
-4.93083
-4.93111
-4.93140
-4.93168
-4.93197
-4.93225
-4.93254
-4.93282
-4.93311
-4.93340
-4.93368
-4.93397
-4.93425
-4.93454
-4.93482
-4.93511
-4.93539
-4.93568
-4.93597
-4.93625
-4.93654
-4.93682
-4.93711
-4.93739
-4.93768
-4.93796
-4.93825
-4.93854
-4.93882
-4.93911
-4.93939
-4.93968
-4.93996
-4.94025
-4.94053
-4.94082
-4.94111
-4.94139
-4.94168
-4.94196
-4.94225
-4.94253
-4.94282
-4.94310
-4.94339
-4.94368
-4.94396
-4.94425
-4.94453
-4.94482
-4.94510
-4.94539
-4.94567
-4.94596
-4.94625
-4.94653
-4.94682
-4.94710
-4.94739
-4.94767
-4.94796
-4.94824
-4.94853
-4.94882
-4.94910
-4.94939
-4.94967
-4.94996
-4.95024
-4.95053
-4.95081
-4.95110
-4.95139
-4.95167
-4.95196
-4.95224
-4.95253
-4.95281
-4.95310
-4.95338
-4.95367
-4.95396
-4.95424
-4.95453
-4.95481
-4.95510
-4.95538
-4.95567
-4.95595
-4.95624
-4.95653
-4.95681
-4.95710
-4.95738
-4.95767
-4.95795
-4.95824
-4.95852
-4.95881
-4.95910
-4.95938
-4.95967
-4.95995
-4.96024
-4.96052
-4.96081
-4.96109
-4.96138
-4.96167
-4.96195
-4.96224
-4.96252
-4.96281
-4.96309
-4.96338
-4.96366
-4.96395
-4.96424
-4.96452
-4.96481
-4.96509
-4.96538
-4.96566
-4.96595
-4.96623
-4.96652
-4.96681
-4.96709
-4.96738
-4.96766
-4.96795
-4.96823
-4.96852
-4.96880
-4.96909
-4.96938
-4.96966
-4.96995
-4.97023
-4.97052
-4.97080
-4.97109
-4.97137
-4.97166
-4.97195
-4.97223
-4.97252
-4.97280
-4.97309
-4.97337
-4.97366
-4.97394
-4.97423
-4.97452
-4.97480
-4.97509
-4.97537
-4.97566
-4.97594
-4.97623
-4.97651
-4.97680
-4.97709
-4.97737
-4.97766
-4.97794
-4.97823
-4.97851
-4.97880
-4.97908
-4.97937
-4.97966
-4.97994
-4.98023
-4.98051
-4.98080
-4.98108
-4.98137
-4.98165
-4.98194
-4.98223
-4.98251
-4.98280
-4.98308
-4.98337
-4.98365
-4.98394
-4.98422
-4.98451
-4.98480
-4.98508
-4.98537
-4.98565
-4.98594
-4.98622
-4.98651
-4.98679
-4.98708
-4.98736
-4.98765
-4.98794
-4.98822
-4.98851
-4.98879
-4.98908
-4.98936
-4.98965
-4.98993
-4.99022
-4.99051
-4.99079
-4.99108
-4.99136
-4.99165
-4.99193
-4.99222
-4.99250
-4.99279
-4.99308
-4.99336
-4.99365
-4.99393
-4.99422
-4.99450
-4.99479
-4.99507
-4.99536
-4.99565
-4.99593
-4.99622
-4.99650
-4.99679
-4.99707
-4.99736
-4.99764
-4.99793
-4.99822
-4.99850
-4.99879
-4.99907
-4.99936
-4.99964
-4.99993
-5.00021
-5.00050
-5.00079
-5.00107
-5.00136
-5.00164
-5.00193
-5.00221
-5.00250
-5.00278
-5.00307
-5.00336
-5.00364
-5.00393
-5.00421
-5.00450
-5.00478
-5.00507
-5.00535
-5.00564
-5.00593
-5.00621
-5.00650
-5.00678
-5.00707
-5.00735
-5.00764
-5.00792
-5.00821
-5.00849
-5.00878
-5.00907
-5.00935
-5.00964
-5.00992
-5.01021
-5.01049
-5.01078
-5.01106
-5.01135
-5.01164
-5.01192
-5.01221
-5.01249
-5.01278
-5.01306
-5.01335
-5.01363
-5.01392
-5.01421
-5.01449
-5.01478
-5.01506
-5.01535
-5.01563
-5.01592
-5.01620
-5.01649
-5.01678
-5.01706
-5.01735
-5.01763
-5.01792
-5.01820
-5.01849
-5.01877
-5.01906
-5.01935
-5.01963
-5.01992
-5.02020
-5.02049
-5.02077
-5.02106
-5.02134
-5.02163
-5.02192
-5.02220
-5.02249
-5.02277
-5.02306
-5.02334
-5.02363
-5.02391
-5.02420
-5.02448
-5.02477
-5.02506
-5.02534
-5.02563
-5.02591
-5.02620
-5.02648
-5.02677
-5.02705
-5.02734
-5.02763
-5.02791
-5.02820
-5.02848
-5.02877
-5.02905
-5.02934
-5.02962
-5.02991
-5.03020
-5.03048
-5.03077
-5.03105
-5.03134
-5.03162
-5.03191
-5.03219
-5.03248
-5.03277
-5.03305
-5.03334
-5.03362
-5.03391
-5.03419
-5.03448
-5.03476
-5.03505
-5.03533
-5.03562
-5.03591
-5.03619
-5.03648
-5.03676
-5.03705
-5.03733
-5.03762
-5.03790
-5.03819
-5.03848
-5.03876
-5.03905
-5.03933
-5.03962
-5.03990
-5.04019
-5.04047
-5.04076
-5.04105
-5.04133
-5.04162
-5.04190
-5.04219
-5.04247
-5.04276
-5.04304
-5.04333
-5.04362
-5.04390
-5.04419
-5.04447
-5.04476
-5.04504
-5.04533
-5.04561
-5.04590
-5.04619
-5.04647
-5.04676
-5.04704
-5.04733
-5.04761
-5.04790
-5.04818
-5.04847
-5.04875
-5.04904
-5.04933
-5.04961
-5.04990
-5.05018
-5.05047
-5.05075
-5.05104
-5.05132
-5.05161
-5.05190
-5.05218
-5.05247
-5.05275
-5.05304
-5.05332
-5.05361
-5.05389
-5.05418
-5.05447
-5.05475
-5.05504
-5.05532
-5.05561
-5.05589
-5.05618
-5.05646
-5.05675
-5.05703
-5.05732
-5.05761
-5.05789
-5.05818
-5.05846
-5.05875
-5.05903
-5.05932
-5.05960
-5.05989
-5.06018
-5.06046
-5.06075
-5.06103
-5.06132
-5.06160
-5.06189
-5.06217
-5.06246
-5.06275
-5.06303
-5.06332
-5.06360
-5.06389
-5.06417
-5.06446
-5.06474
-5.06503
-5.06532
-5.06560
-5.06589
-5.06617
-5.06646
-5.06674
-5.06703
-5.06731
-5.06760
-5.06788
-5.06817
-5.06846
-5.06874
-5.06903
-5.06931
-5.06960
-5.06988
-5.07017
-5.07045
-5.07074
-5.07103
-5.07131
-5.07160
-5.07188
-5.07217
-5.07245
-5.07274
-5.07302
-5.07331
-5.07360
-5.07388
-5.07417
-5.07445
-5.07474
-5.07502
-5.07531
-5.07559
-5.07588
-5.07616
-5.07645
-5.07674
-5.07702
-5.07731
-5.07759
-5.07788
-5.07816
-5.07845
-5.07873
-5.07902
-5.07931
-5.07959
-5.07988
-5.08016
-5.08045
-5.08073
-5.08102
-5.08130
-5.08159
-5.08188
-5.08216
-5.08245
-5.08273
-5.08302
-5.08330
-5.08359
-5.08387
-5.08416
-5.08444
-5.08473
-5.08502
-5.08530
-5.08559
-5.08587
-5.08616
-5.08644
-5.08673
-5.08701
-5.08730
-5.08759
-5.08787
-5.08816
-5.08844
-5.08873
-5.08901
-5.08930
-5.08958
-5.08987
-5.09016
-5.09044
-5.09073
-5.09101
-5.09130
-5.09158
-5.09187
-5.09215
-5.09244
-5.09272
-5.09301
-5.09330
-5.09358
-5.09387
-5.09415
-5.09444
-5.09472
-5.09501
-5.09529
-5.09558
-5.09587
-5.09615
-5.09644
-5.09672
-5.09701
-5.09729
-5.09758
-5.09786
-5.09815
-5.09843
-5.09872
-5.09901
-5.09929
-5.09958
-5.09986
-5.10015
-5.10043
-5.10072
-5.10100
-5.10129
-5.10158
-5.10186
-5.10215
-5.10243
-5.10272
-5.10300
-5.10329
-5.10357
-5.10386
-5.10415
-5.10443
-5.10472
-5.10500
-5.10529
-5.10557
-5.10586
-5.10614
-5.10643
-5.10671
-5.10700
-5.10729
-5.10757
-5.10786
-5.10814
-5.10843
-5.10871
-5.10900
-5.10928
-5.10957
-5.10986
-5.11014
-5.11043
-5.11071
-5.11100
-5.11128
-5.11157
-5.11185
-5.11214
-5.11242
-5.11271
-5.11300
-5.11328
-5.11357
-5.11385
-5.11414
-5.11442
-5.11471
-5.11499
-5.11528
-5.11557
-5.11585
-5.11614
-5.11642
-5.11671
-5.11699
-5.11728
-5.11756
-5.11785
-5.11813
-5.11842
-5.11871
-5.11899
-5.11928
-5.11956
-5.11985
-5.12013
-5.12042
-5.12070
-5.12099
-5.12128
-5.12156
-5.12185
-5.12213
-5.12242
-5.12270
-5.12299
-5.12327
-5.12356
-5.12385
-5.12413
-5.12442
-5.12470
-5.12499
-5.12527
-5.12556
-5.12584
-5.12613
-5.12641
-5.12670
-5.12699
-5.12727
-5.12756
-5.12784
-5.12813
-5.12841
-5.12870
-5.12898
-5.12927
-5.12956
-5.12984
-5.13013
-5.13041
-5.13070
-5.13098
-5.13127
-5.13155
-5.13184
-5.13212
-5.13241
-5.13270
-5.13298
-5.13327
-5.13355
-5.13384
-5.13412
-5.13441
-5.13469
-5.13498
-5.13527
-5.13555
-5.13584
-5.13612
-5.13641
-5.13669
-5.13698
-5.13726
-5.13755
-5.13783
-5.13812
-5.13841
-5.13869
-5.13898
-5.13926
-5.13955
-5.13983
-5.14012
-5.14040
-5.14069
-5.14098
-5.14126
-5.14155
-5.14183
-5.14212
-5.14240
-5.14269
-5.14297
-5.14326
-5.14354
-5.14383
-5.14412
-5.14440
-5.14469
-5.14497
-5.14526
-5.14554
-5.14583
-5.14611
-5.14640
-5.14669
-5.14697
-5.14726
-5.14754
-5.14783
-5.14811
-5.14840
-5.14868
-5.14897
-5.14925
-5.14954
-5.14983
-5.15011
-5.15040
-5.15068
-5.15097
-5.15125
-5.15154
-5.15182
-5.15211
-5.15240
-5.15268
-5.15297
-5.15325
-5.15354
-5.15382
-5.15411
-5.15439
-5.15468
-5.15496
-5.15525
-5.15554
-5.15582
-5.15611
-5.15639
-5.15668
-5.15696
-5.15725
-5.15753
-5.15782
-5.15810
-5.15839
-5.15868
-5.15896
-5.15925
-5.15953
-5.15982
-5.16010
-5.16039
-5.16067
-5.16096
-5.16125
-5.16153
-5.16182
-5.16210
-5.16239
-5.16267
-5.16296
-5.16324
-5.16353
-5.16381
-5.16410
-5.16439
-5.16467
-5.16496
-5.16524
-5.16553
-5.16581
-5.16610
-5.16638
-5.16667
-5.16696
-5.16724
-5.16753
-5.16781
-5.16810
-5.16838
-5.16867
-5.16895
-5.16924
-5.16952
-5.16981
-5.17010
-5.17038
-5.17067
-5.17095
-5.17124
-5.17152
-5.17181
-5.17209
-5.17238
-5.17267
-5.17295
-5.17324
-5.17352
-5.17381
-5.17409
-5.17438
-5.17466
-5.17495
-5.17523
-5.17552
-5.17581
-5.17609
-5.17638
-5.17666
-5.17695
-5.17723
-5.17752
-5.17780
-5.17809
-5.17837
-5.17866
-5.17895
-5.17923
-5.17952
-5.17980
-5.18009
-5.18037
-5.18066
-5.18094
-5.18123
-5.18152
-5.18180
-5.18209
-5.18237
-5.18266
-5.18294
-5.18323
-5.18351
-5.18380
-5.18408
-5.18437
-5.18466
-5.18494
-5.18523
-5.18551
-5.18580
-5.18608
-5.18637
-5.18665
-5.18694
-5.18722
-5.18751
-5.18780
-5.18808
-5.18837
-5.18865
-5.18894
-5.18922
-5.18951
-5.18979
-5.19008
-5.19037
-5.19065
-5.19094
-5.19122
-5.19151
-5.19179
-5.19208
-5.19236
-5.19265
-5.19293
-5.19322
-5.19351
-5.19379
-5.19408
-5.19436
-5.19465
-5.19493
-5.19522
-5.19550
-5.19579
-5.19607
-5.19636
-5.19665
-5.19693
-5.19722
-5.19750
-5.19779
-5.19807
-5.19836
-5.19864
-5.19893
-5.19922
-5.19950
-5.19979
-5.20007
-5.20036
-5.20064
-5.20093
-5.20121
-5.20150
-5.20178
-5.20207
-5.20236
-5.20264
-5.20293
-5.20321
-5.20350
-5.20378
-5.20407
-5.20435
-5.20464
-5.20492
-5.20521
-5.20550
-5.20578
-5.20607
-5.20635
-5.20664
-5.20692
-5.20721
-5.20749
-5.20778
-5.20807
-5.20835
-5.20864
-5.20892
-5.20921
-5.20949
-5.20978
-5.21006
-5.21035
-5.21063
-5.21092
-5.21121
-5.21149
-5.21178
-5.21206
-5.21235
-5.21263
-5.21292
-5.21320
-5.21349
-5.21377
-5.21406
-5.21435
-5.21463
-5.21492
-5.21520
-5.21549
-5.21577
-5.21606
-5.21634
-5.21663
-5.21691
-5.21720
-5.21749
-5.21777
-5.21806
-5.21834
-5.21863
-5.21891
-5.21920
-5.21948
-5.21977
-5.22006
-5.22034
-5.22063
-5.22091
-5.22120
-5.22148
-5.22177
-5.22205
-5.22234
-5.22262
-5.22291
-5.22320
-5.22348
-5.22377
-5.22405
-5.22434
-5.22462
-5.22491
-5.22519
-5.22548
-5.22576
-5.22605
-5.22634
-5.22662
-5.22691
-5.22719
-5.22748
-5.22776
-5.22805
-5.22833
-5.22862
-5.22890
-5.22919
-5.22948
-5.22976
-5.23005
-5.23033
-5.23062
-5.23090
-5.23119
-5.23147
-5.23176
-5.23205
-5.23233
-5.23262
-5.23290
-5.23319
-5.23347
-5.23376
-5.23404
-5.23433
-5.23461
-5.23490
-5.23519
-5.23547
-5.23576
-5.23604
-5.23633
-5.23661
-5.23690
-5.23718
-5.23747
-5.23775
-5.23804
-5.23833
-5.23861
-5.23890
-5.23918
-5.23947
-5.23975
-5.24004
-5.24032
-5.24061
-5.24089
-5.24118
-5.24147
-5.24175
-5.24204
-5.24232
-5.24261
-5.24289
-5.24318
-5.24346
-5.24375
-5.24403
-5.24432
-5.24461
-5.24489
-5.24518
-5.24546
-5.24575
-5.24603
-5.24632
-5.24660
-5.24689
-5.24718
-5.24746
-5.24775
-5.24803
-5.24832
-5.24860
-5.24889
-5.24917
-5.24946
-5.24974
-5.25003
-5.25032
-5.25060
-5.25089
-5.25117
-5.25146
-5.25174
-5.25203
-5.25231
-5.25260
-5.25288
-5.25317
-5.25346
-5.25374
-5.25403
-5.25431
-5.25460
-5.25488
-5.25517
-5.25545
-5.25574
-5.25602
-5.25631
-5.25660
-5.25688
-5.25717
-5.25745
-5.25774
-5.25802
-5.25831
-5.25859
-5.25888
-5.25916
-5.25945
-5.25974
-5.26002
-5.26031
-5.26059
-5.26088
-5.26116
-5.26145
-5.26173
-5.26202
-5.26230
-5.26259
-5.26288
-5.26316
-5.26345
-5.26373
-5.26402
-5.26430
-5.26459
-5.26487
-5.26516
-5.26544
-5.26573
-5.26602
-5.26630
-5.26659
-5.26687
-5.26716
-5.26744
-5.26773
-5.26801
-5.26830
-5.26858
-5.26887
-5.26916
-5.26944
-5.26973
-5.27001
-5.27030
-5.27058
-5.27087
-5.27115
-5.27144
-5.27173
-5.27201
-5.27230
-5.27258
-5.27287
-5.27315
-5.27344
-5.27372
-5.27401
-5.27429
-5.27458
-5.27487
-5.27515
-5.27544
-5.27572
-5.27601
-5.27629
-5.27658
-5.27686
-5.27715
-5.27743
-5.27772
-5.27801
-5.27829
-5.27858
-5.27886
-5.27915
-5.27943
-5.27972
-5.28000
-5.28029
-5.28057
-5.28086
-5.28115
-5.28143
-5.28172
-5.28200
-5.28229
-5.28257
-5.28286
-5.28314
-5.28343
-5.28371
-5.28400
-5.28429
-5.28457
-5.28486
-5.28514
-5.28543
-5.28571
-5.28600
-5.28628
-5.28657
-5.28685
-5.28714
-5.28743
-5.28771
-5.28800
-5.28828
-5.28857
-5.28885
-5.28914
-5.28942
-5.28971
-5.28999
-5.29028
-5.29057
-5.29085
-5.29114
-5.29142
-5.29171
-5.29199
-5.29228
-5.29256
-5.29285
-5.29313
-5.29342
-5.29371
-5.29399
-5.29428
-5.29456
-5.29485
-5.29513
-5.29542
-5.29570
-5.29599
-5.29627
-5.29656
-5.29685
-5.29713
-5.29742
-5.29770
-5.29799
-5.29827
-5.29856
-5.29884
-5.29913
-5.29941
-5.29970
-5.29999
-5.30027
-5.30056
-5.30084
-5.30113
-5.30141
-5.30170
-5.30198
-5.30227
-5.30255
-5.30284
-5.30313
-5.30341
-5.30370
-5.30398
-5.30427
-5.30455
-5.30484
-5.30512
-5.30541
-5.30569
-5.30598
-5.30627
-5.30655
-5.30684
-5.30712
-5.30741
-5.30769
-5.30798
-5.30826
-5.30855
-5.30883
-5.30912
-5.30941
-5.30969
-5.30998
-5.31026
-5.31055
-5.31083
-5.31112
-5.31140
-5.31169
-5.31197
-5.31226
-5.31255
-5.31283
-5.31312
-5.31340
-5.31369
-5.31397
-5.31426
-5.31454
-5.31483
-5.31511
-5.31540
-5.31569
-5.31597
-5.31626
-5.31654
-5.31683
-5.31711
-5.31740
-5.31768
-5.31797
-5.31825
-5.31854
-5.31883
-5.31911
-5.31940
-5.31968
-5.31997
-5.32025
-5.32054
-5.32082
-5.32111
-5.32139
-5.32168
-5.32196
-5.32225
-5.32254
-5.32282
-5.32311
-5.32339
-5.32368
-5.32396
-5.32425
-5.32453
-5.32482
-5.32510
-5.32539
-5.32568
-5.32596
-5.32625
-5.32653
-5.32682
-5.32710
-5.32739
-5.32767
-5.32796
-5.32824
-5.32853
-5.32882
-5.32910
-5.32939
-5.32967
-5.32996
-5.33024
-5.33053
-5.33081
-5.33110
-5.33138
-5.33167
-5.33196
-5.33224
-5.33253
-5.33281
-5.33310
-5.33338
-5.33367
-5.33395
-5.33424
-5.33452
-5.33481
-5.33510
-5.33538
-5.33567
-5.33595
-5.33624
-5.33652
-5.33681
-5.33709
-5.33738
-5.33766
-5.33795
-5.33824
-5.33852
-5.33881
-5.33909
-5.33938
-5.33966
-5.33995
-5.34023
-5.34052
-5.34080
-5.34109
-5.34138
-5.34166
-5.34195
-5.34223
-5.34252
-5.34280
-5.34309
-5.34337
-5.34366
-5.34394
-5.34423
-5.34451
-5.34480
-5.34509
-5.34537
-5.34566
-5.34594
-5.34623
-5.34651
-5.34680
-5.34708
-5.34737
-5.34765
-5.34794
-5.34823
-5.34851
-5.34880
-5.34908
-5.34937
-5.34965
-5.34994
-5.35022
-5.35051
-5.35079
-5.35108
-5.35137
-5.35165
-5.35194
-5.35222
-5.35251
-5.35279
-5.35308
-5.35336
-5.35365
-5.35393
-5.35422
-5.35451
-5.35479
-5.35508
-5.35536
-5.35565
-5.35593
-5.35622
-5.35650
-5.35679
-5.35707
-5.35736
-5.35765
-5.35793
-5.35822
-5.35850
-5.35879
-5.35907
-5.35936
-5.35964
-5.35993
-5.36021
-5.36050
-5.36078
-5.36107
-5.36136
-5.36164
-5.36193
-5.36221
-5.36250
-5.36278
-5.36307
-5.36335
-5.36364
-5.36392
-5.36421
-5.36450
-5.36478
-5.36507
-5.36535
-5.36564
-5.36592
-5.36621
-5.36649
-5.36678
-5.36706
-5.36735
-5.36764
-5.36792
-5.36821
-5.36849
-5.36878
-5.36906
-5.36935
-5.36963
-5.36992
-5.37020
-5.37049
-5.37078
-5.37106
-5.37135
-5.37163
-5.37192
-5.37220
-5.37249
-5.37277
-5.37306
-5.37334
-5.37363
-5.37391
-5.37420
-5.37449
-5.37477
-5.37506
-5.37534
-5.37563
-5.37591
-5.37620
-5.37648
-5.37677
-5.37705
-5.37734
-5.37763
-5.37791
-5.37820
-5.37848
-5.37877
-5.37905
-5.37934
-5.37962
-5.37991
-5.38019
-5.38048
-5.38077
-5.38105
-5.38134
-5.38162
-5.38191
-5.38219
-5.38248
-5.38276
-5.38305
-5.38333
-5.38362
-5.38391
-5.38419
-5.38448
-5.38476
-5.38505
-5.38533
-5.38562
-5.38590
-5.38619
-5.38647
-5.38676
-5.38704
-5.38733
-5.38762
-5.38790
-5.38819
-5.38847
-5.38876
-5.38904
-5.38933
-5.38961
-5.38990
-5.39018
-5.39047
-5.39076
-5.39104
-5.39133
-5.39161
-5.39190
-5.39218
-5.39247
-5.39275
-5.39304
-5.39332
-5.39361
-5.39389
-5.39418
-5.39447
-5.39475
-5.39504
-5.39532
-5.39561
-5.39589
-5.39618
-5.39646
-5.39675
-5.39703
-5.39732
-5.39761
-5.39789
-5.39818
-5.39846
-5.39875
-5.39903
-5.39932
-5.39960
-5.39989
-5.40017
-5.40046
-5.40075
-5.40103
-5.40132
-5.40160
-5.40189
-5.40217
-5.40246
-5.40274
-5.40303
-5.40331
-5.40360
-5.40388
-5.40417
-5.40446
-5.40474
-5.40503
-5.40531
-5.40560
-5.40588
-5.40617
-5.40645
-5.40674
-5.40702
-5.40731
-5.40760
-5.40788
-5.40817
-5.40845
-5.40874
-5.40902
-5.40931
-5.40959
-5.40988
-5.41016
-5.41045
-5.41073
-5.41102
-5.41131
-5.41159
-5.41188
-5.41216
-5.41245
-5.41273
-5.41302
-5.41330
-5.41359
-5.41387
-5.41416
-5.41445
-5.41473
-5.41502
-5.41530
-5.41559
-5.41587
-5.41616
-5.41644
-5.41673
-5.41701
-5.41730
-5.41759
-5.41787
-5.41816
-5.41844
-5.41873
-5.41901
-5.41930
-5.41958
-5.41987
-5.42015
-5.42044
-5.42072
-5.42101
-5.42130
-5.42158
-5.42187
-5.42215
-5.42244
-5.42272
-5.42301
-5.42329
-5.42358
-5.42386
-5.42415
-5.42444
-5.42472
-5.42501
-5.42529
-5.42558
-5.42586
-5.42615
-5.42643
-5.42672
-5.42700
-5.42729
-5.42757
-5.42786
-5.42815
-5.42843
-5.42872
-5.42900
-5.42929
-5.42957
-5.42986
-5.43014
-5.43043
-5.43071
-5.43100
-5.43129
-5.43157
-5.43186
-5.43214
-5.43243
-5.43271
-5.43300
-5.43328
-5.43357
-5.43385
-5.43414
-5.43442
-5.43471
-5.43500
-5.43528
-5.43557
-5.43585
-5.43614
-5.43642
-5.43671
-5.43699
-5.43728
-5.43756
-5.43785
-5.43814
-5.43842
-5.43871
-5.43899
-5.43928
-5.43956
-5.43985
-5.44013
-5.44042
-5.44070
-5.44099
-5.44127
-5.44156
-5.44185
-5.44213
-5.44242
-5.44270
-5.44299
-5.44327
-5.44356
-5.44384
-5.44413
-5.44441
-5.44470
-5.44498
-5.44527
-5.44556
-5.44584
-5.44613
-5.44641
-5.44670
-5.44698
-5.44727
-5.44755
-5.44784
-5.44812
-5.44841
-5.44870
-5.44898
-5.44927
-5.44955
-5.44984
-5.45012
-5.45041
-5.45069
-5.45098
-5.45126
-5.45155
-5.45183
-5.45212
-5.45241
-5.45269
-5.45298
-5.45326
-5.45355
-5.45383
-5.45412
-5.45440
-5.45469
-5.45497
-5.45526
-5.45555
-5.45583
-5.45612
-5.45640
-5.45669
-5.45697
-5.45726
-5.45754
-5.45783
-5.45811
-5.45840
-5.45868
-5.45897
-5.45926
-5.45954
-5.45983
-5.46011
-5.46040
-5.46068
-5.46097
-5.46125
-5.46154
-5.46182
-5.46211
-5.46239
-5.46268
-5.46297
-5.46325
-5.46354
-5.46382
-5.46411
-5.46439
-5.46468
-5.46496
-5.46525
-5.46553
-5.46582
-5.46611
-5.46639
-5.46668
-5.46696
-5.46725
-5.46753
-5.46782
-5.46810
-5.46839
-5.46867
-5.46896
-5.46924
-5.46953
-5.46982
-5.47010
-5.47039
-5.47067
-5.47096
-5.47124
-5.47153
-5.47181
-5.47210
-5.47238
-5.47267
-5.47295
-5.47324
-5.47353
-5.47381
-5.47410
-5.47438
-5.47467
-5.47495
-5.47524
-5.47552
-5.47581
-5.47609
-5.47638
-5.47667
-5.47695
-5.47724
-5.47752
-5.47781
-5.47809
-5.47838
-5.47866
-5.47895
-5.47923
-5.47952
-5.47980
-5.48009
-5.48038
-5.48066
-5.48095
-5.48123
-5.48152
-5.48180
-5.48209
-5.48237
-5.48266
-5.48294
-5.48323
-5.48351
-5.48380
-5.48409
-5.48437
-5.48466
-5.48494
-5.48523
-5.48551
-5.48580
-5.48608
-5.48637
-5.48665
-5.48694
-5.48722
-5.48751
-5.48780
-5.48808
-5.48837
-5.48865
-5.48894
-5.48922
-5.48951
-5.48979
-5.49008
-5.49036
-5.49065
-5.49094
-5.49122
-5.49151
-5.49179
-5.49208
-5.49236
-5.49265
-5.49293
-5.49322
-5.49350
-5.49379
-5.49407
-5.49436
-5.49465
-5.49493
-5.49522
-5.49550
-5.49579
-5.49607
-5.49636
-5.49664
-5.49693
-5.49721
-5.49750
-5.49778
-5.49807
-5.49836
-5.49864
-5.49893
-5.49921
-5.49950
-5.49978
-5.50007
-5.50035
-5.50064
-5.50092
-5.50121
-5.50149
-5.50178
-5.50207
-5.50235
-5.50264
-5.50292
-5.50321
-5.50349
-5.50378
-5.50406
-5.50435
-5.50463
-5.50492
-5.50521
-5.50549
-5.50578
-5.50606
-5.50635
-5.50663
-5.50692
-5.50720
-5.50749
-5.50777
-5.50806
-5.50834
-5.50863
-5.50892
-5.50920
-5.50949
-5.50977
-5.51006
-5.51034
-5.51063
-5.51091
-5.51120
-5.51148
-5.51177
-5.51205
-5.51234
-5.51263
-5.51291
-5.51320
-5.51348
-5.51377
-5.51405
-5.51434
-5.51462
-5.51491
-5.51519
-5.51548
-5.51576
-5.51605
-5.51634
-5.51662
-5.51691
-5.51719
-5.51748
-5.51776
-5.51805
-5.51833
-5.51862
-5.51890
-5.51919
-5.51947
-5.51976
-5.52005
-5.52033
-5.52062
-5.52090
-5.52119
-5.52147
-5.52176
-5.52204
-5.52233
-5.52261
-5.52290
-5.52318
-5.52347
-5.52376
-5.52404
-5.52433
-5.52461
-5.52490
-5.52518
-5.52547
-5.52575
-5.52604
-5.52632
-5.52661
-5.52689
-5.52718
-5.52747
-5.52775
-5.52804
-5.52832
-5.52861
-5.52889
-5.52918
-5.52946
-5.52975
-5.53003
-5.53032
-5.53060
-5.53089
-5.53118
-5.53146
-5.53175
-5.53203
-5.53232
-5.53260
-5.53289
-5.53317
-5.53346
-5.53374
-5.53403
-5.53431
-5.53460
-5.53489
-5.53517
-5.53546
-5.53574
-5.53603
-5.53631
-5.53660
-5.53688
-5.53717
-5.53745
-5.53774
-5.53802
-5.53831
-5.53860
-5.53888
-5.53917
-5.53945
-5.53974
-5.54002
-5.54031
-5.54059
-5.54088
-5.54116
-5.54145
-5.54173
-5.54202
-5.54231
-5.54259
-5.54288
-5.54316
-5.54345
-5.54373
-5.54402
-5.54430
-5.54459
-5.54487
-5.54516
-5.54544
-5.54573
-5.54602
-5.54630
-5.54659
-5.54687
-5.54716
-5.54744
-5.54773
-5.54801
-5.54830
-5.54858
-5.54887
-5.54915
-5.54944
-5.54973
-5.55001
-5.55030
-5.55058
-5.55087
-5.55115
-5.55144
-5.55172
-5.55201
-5.55229
-5.55258
-5.55286
-5.55315
-5.55344
-5.55372
-5.55401
-5.55429
-5.55458
-5.55486
-5.55515
-5.55543
-5.55572
-5.55600
-5.55629
-5.55657
-5.55686
-5.55715
-5.55743
-5.55772
-5.55800
-5.55829
-5.55857
-5.55886
-5.55914
-5.55943
-5.55971
-5.56000
-5.56028
-5.56057
-5.56086
-5.56114
-5.56143
-5.56171
-5.56200
-5.56228
-5.56257
-5.56285
-5.56314
-5.56342
-5.56371
-5.56399
-5.56428
-5.56457
-5.56485
-5.56514
-5.56542
-5.56571
-5.56599
-5.56628
-5.56656
-5.56685
-5.56713
-5.56742
-5.56770
-5.56799
-5.56828
-5.56856
-5.56885
-5.56913
-5.56942
-5.56970
-5.56999
-5.57027
-5.57056
-5.57084
-5.57113
-5.57141
-5.57170
-5.57199
-5.57227
-5.57256
-5.57284
-5.57313
-5.57341
-5.57370
-5.57398
-5.57427
-5.57455
-5.57484
-5.57512
-5.57541
-5.57569
-5.57598
-5.57627
-5.57655
-5.57684
-5.57712
-5.57741
-5.57769
-5.57798
-5.57826
-5.57855
-5.57883
-5.57912
-5.57940
-5.57969
-5.57998
-5.58026
-5.58055
-5.58083
-5.58112
-5.58140
-5.58169
-5.58197
-5.58226
-5.58254
-5.58283
-5.58311
-5.58340
-5.58369
-5.58397
-5.58426
-5.58454
-5.58483
-5.58511
-5.58540
-5.58568
-5.58597
-5.58625
-5.58654
-5.58682
-5.58711
-5.58740
-5.58768
-5.58797
-5.58825
-5.58854
-5.58882
-5.58911
-5.58939
-5.58968
-5.58996
-5.59025
-5.59053
-5.59082
-5.59111
-5.59139
-5.59168
-5.59196
-5.59225
-5.59253
-5.59282
-5.59310
-5.59339
-5.59367
-5.59396
-5.59424
-5.59453
-5.59481
-5.59510
-5.59539
-5.59567
-5.59596
-5.59624
-5.59653
-5.59681
-5.59710
-5.59738
-5.59767
-5.59795
-5.59824
-5.59852
-5.59881
-5.59910
-5.59938
-5.59967
-5.59995
-5.60024
-5.60052
-5.60081
-5.60109
-5.60138
-5.60166
-5.60195
-5.60223
-5.60252
-5.60281
-5.60309
-5.60338
-5.60366
-5.60395
-5.60423
-5.60452
-5.60480
-5.60509
-5.60537
-5.60566
-5.60594
-5.60623
-5.60651
-5.60680
-5.60709
-5.60737
-5.60766
-5.60794
-5.60823
-5.60851
-5.60880
-5.60908
-5.60937
-5.60965
-5.60994
-5.61022
-5.61051
-5.61080
-5.61108
-5.61137
-5.61165
-5.61194
-5.61222
-5.61251
-5.61279
-5.61308
-5.61336
-5.61365
-5.61393
-5.61422
-5.61451
-5.61479
-5.61508
-5.61536
-5.61565
-5.61593
-5.61622
-5.61650
-5.61679
-5.61707
-5.61736
-5.61764
-5.61793
-5.61821
-5.61850
-5.61879
-5.61907
-5.61936
-5.61964
-5.61993
-5.62021
-5.62050
-5.62078
-5.62107
-5.62135
-5.62164
-5.62192
-5.62221
-5.62250
-5.62278
-5.62307
-5.62335
-5.62364
-5.62392
-5.62421
-5.62449
-5.62478
-5.62506
-5.62535
-5.62563
-5.62592
-5.62620
-5.62649
-5.62678
-5.62706
-5.62735
-5.62763
-5.62792
-5.62820
-5.62849
-5.62877
-5.62906
-5.62934
-5.62963
-5.62991
-5.63020
-5.63049
-5.63077
-5.63106
-5.63134
-5.63163
-5.63191
-5.63220
-5.63248
-5.63277
-5.63305
-5.63334
-5.63362
-5.63391
-5.63419
-5.63448
-5.63477
-5.63505
-5.63534
-5.63562
-5.63591
-5.63619
-5.63648
-5.63676
-5.63705
-5.63733
-5.63762
-5.63790
-5.63819
-5.63848
-5.63876
-5.63905
-5.63933
-5.63962
-5.63990
-5.64019
-5.64047
-5.64076
-5.64104
-5.64133
-5.64161
-5.64190
-5.64218
-5.64247
-5.64276
-5.64304
-5.64333
-5.64361
-5.64390
-5.64418
-5.64447
-5.64475
-5.64504
-5.64532
-5.64561
-5.64589
-5.64618
-5.64647
-5.64675
-5.64704
-5.64732
-5.64761
-5.64789
-5.64818
-5.64846
-5.64875
-5.64903
-5.64932
-5.64960
-5.64989
-5.65017
-5.65046
-5.65075
-5.65103
-5.65132
-5.65160
-5.65189
-5.65217
-5.65246
-5.65274
-5.65303
-5.65331
-5.65360
-5.65388
-5.65417
-5.65446
-5.65474
-5.65503
-5.65531
-5.65560
-5.65588
-5.65617
-5.65645
-5.65674
-5.65702
-5.65731
-5.65759
-5.65788
-5.65816
-5.65845
-5.65874
-5.65902
-5.65931
-5.65959
-5.65988
-5.66016
-5.66045
-5.66073
-5.66102
-5.66130
-5.66159
-5.66187
-5.66216
-5.66244
-5.66273
-5.66302
-5.66330
-5.66359
-5.66387
-5.66416
-5.66444
-5.66473
-5.66501
-5.66530
-5.66558
-5.66587
-5.66615
-5.66644
-5.66673
-5.66701
-5.66730
-5.66758
-5.66787
-5.66815
-5.66844
-5.66872
-5.66901
-5.66929
-5.66958
-5.66986
-5.67015
-5.67043
-5.67072
-5.67101
-5.67129
-5.67158
-5.67186
-5.67215
-5.67243
-5.67272
-5.67300
-5.67329
-5.67357
-5.67386
-5.67414
-5.67443
-5.67471
-5.67500
-5.67529
-5.67557
-5.67586
-5.67614
-5.67643
-5.67671
-5.67700
-5.67728
-5.67757
-5.67785
-5.67814
-5.67842
-5.67871
-5.67900
-5.67928
-5.67957
-5.67985
-5.68014
-5.68042
-5.68071
-5.68099
-5.68128
-5.68156
-5.68185
-5.68213
-5.68242
-5.68270
-5.68299
-5.68328
-5.68356
-5.68385
-5.68413
-5.68442
-5.68470
-5.68499
-5.68527
-5.68556
-5.68584
-5.68613
-5.68641
-5.68670
-5.68698
-5.68727
-5.68756
-5.68784
-5.68813
-5.68841
-5.68870
-5.68898
-5.68927
-5.68955
-5.68984
-5.69012
-5.69041
-5.69069
-5.69098
-5.69126
-5.69155
-5.69184
-5.69212
-5.69241
-5.69269
-5.69298
-5.69326
-5.69355
-5.69383
-5.69412
-5.69440
-5.69469
-5.69497
-5.69526
-5.69554
-5.69583
-5.69612
-5.69640
-5.69669
-5.69697
-5.69726
-5.69754
-5.69783
-5.69811
-5.69840
-5.69868
-5.69897
-5.69925
-5.69954
-5.69982
-5.70011
-5.70040
-5.70068
-5.70097
-5.70125
-5.70154
-5.70182
-5.70211
-5.70239
-5.70268
-5.70296
-5.70325
-5.70353
-5.70382
-5.70411
-5.70439
-5.70468
-5.70496
-5.70525
-5.70553
-5.70582
-5.70610
-5.70639
-5.70667
-5.70696
-5.70724
-5.70753
-5.70781
-5.70810
-5.70839
-5.70867
-5.70896
-5.70924
-5.70953
-5.70981
-5.71010
-5.71038
-5.71067
-5.71095
-5.71124
-5.71152
-5.71181
-5.71209
-5.71238
-5.71267
-5.71295
-5.71324
-5.71352
-5.71381
-5.71409
-5.71438
-5.71466
-5.71495
-5.71523
-5.71552
-5.71580
-5.71609
-5.71637
-5.71666
-5.71695
-5.71723
-5.71752
-5.71780
-5.71809
-5.71837
-5.71866
-5.71894
-5.71923
-5.71951
-5.71980
-5.72008
-5.72037
-5.72065
-5.72094
-5.72123
-5.72151
-5.72180
-5.72208
-5.72237
-5.72265
-5.72294
-5.72322
-5.72351
-5.72379
-5.72408
-5.72436
-5.72465
-5.72493
-5.72522
-5.72551
-5.72579
-5.72608
-5.72636
-5.72665
-5.72693
-5.72722
-5.72750
-5.72779
-5.72807
-5.72836
-5.72864
-5.72893
-5.72921
-5.72950
-5.72979
-5.73007
-5.73036
-5.73064
-5.73093
-5.73121
-5.73150
-5.73178
-5.73207
-5.73235
-5.73264
-5.73292
-5.73321
-5.73349
-5.73378
-5.73406
-5.73435
-5.73464
-5.73492
-5.73521
-5.73549
-5.73578
-5.73606
-5.73635
-5.73663
-5.73692
-5.73720
-5.73749
-5.73777
-5.73806
-5.73834
-5.73863
-5.73892
-5.73920
-5.73949
-5.73977
-5.74006
-5.74034
-5.74063
-5.74091
-5.74120
-5.74148
-5.74177
-5.74205
-5.74234
-5.74262
-5.74291
-5.74320
-5.74348
-5.74377
-5.74405
-5.74434
-5.74462
-5.74491
-5.74519
-5.74548
-5.74576
-5.74605
-5.74633
-5.74662
-5.74690
-5.74719
-5.74748
-5.74776
-5.74805
-5.74833
-5.74862
-5.74890
-5.74919
-5.74947
-5.74976
-5.75004
-5.75033
-5.75061
-5.75090
-5.75118
-5.75147
-5.75176
-5.75204
-5.75233
-5.75261
-5.75290
-5.75318
-5.75347
-5.75375
-5.75404
-5.75432
-5.75461
-5.75489
-5.75518
-5.75546
-5.75575
-5.75604
-5.75632
-5.75661
-5.75689
-5.75718
-5.75746
-5.75775
-5.75803
-5.75832
-5.75860
-5.75889
-5.75917
-5.75946
-5.75974
-5.76003
-5.76031
-5.76060
-5.76089
-5.76117
-5.76146
-5.76174
-5.76203
-5.76231
-5.76260
-5.76288
-5.76317
-5.76345
-5.76374
-5.76402
-5.76431
-5.76459
-5.76488
-5.76517
-5.76545
-5.76574
-5.76602
-5.76631
-5.76659
-5.76688
-5.76716
-5.76745
-5.76773
-5.76802
-5.76830
-5.76859
-5.76887
-5.76916
-5.76945
-5.76973
-5.77002
-5.77030
-5.77059
-5.77087
-5.77116
-5.77144
-5.77173
-5.77201
-5.77230
-5.77258
-5.77287
-5.77315
-5.77344
-5.77372
-5.77401
-5.77430
-5.77458
-5.77487
-5.77515
-5.77544
-5.77572
-5.77601
-5.77629
-5.77658
-5.77686
-5.77715
-5.77743
-5.77772
-5.77800
-5.77829
-5.77858
-5.77886
-5.77915
-5.77943
-5.77972
-5.78000
-5.78029
-5.78057
-5.78086
-5.78114
-5.78143
-5.78171
-5.78200
-5.78228
-5.78257
-5.78285
-5.78314
-5.78343
-5.78371
-5.78400
-5.78428
-5.78457
-5.78485
-5.78514
-5.78542
-5.78571
-5.78599
-5.78628
-5.78656
-5.78685
-5.78713
-5.78742
-5.78771
-5.78799
-5.78828
-5.78856
-5.78885
-5.78913
-5.78942
-5.78970
-5.78999
-5.79027
-5.79056
-5.79084
-5.79113
-5.79141
-5.79170
-5.79199
-5.79227
-5.79256
-5.79284
-5.79313
-5.79341
-5.79370
-5.79398
-5.79427
-5.79455
-5.79484
-5.79512
-5.79541
-5.79569
-5.79598
-5.79626
-5.79655
-5.79684
-5.79712
-5.79741
-5.79769
-5.79798
-5.79826
-5.79855
-5.79883
-5.79912
-5.79940
-5.79969
-5.79997
-5.80026
-5.80054
-5.80083
-5.80111
-5.80140
-5.80169
-5.80197
-5.80226
-5.80254
-5.80283
-5.80311
-5.80340
-5.80368
-5.80397
-5.80425
-5.80454
-5.80482
-5.80511
-5.80539
-5.80568
-5.80597
-5.80625
-5.80654
-5.80682
-5.80711
-5.80739
-5.80768
-5.80796
-5.80825
-5.80853
-5.80882
-5.80910
-5.80939
-5.80967
-5.80996
-5.81024
-5.81053
-5.81082
-5.81110
-5.81139
-5.81167
-5.81196
-5.81224
-5.81253
-5.81281
-5.81310
-5.81338
-5.81367
-5.81395
-5.81424
-5.81452
-5.81481
-5.81510
-5.81538
-5.81567
-5.81595
-5.81624
-5.81652
-5.81681
-5.81709
-5.81738
-5.81766
-5.81795
-5.81823
-5.81852
-5.81880
-5.81909
-5.81937
-5.81966
-5.81995
-5.82023
-5.82052
-5.82080
-5.82109
-5.82137
-5.82166
-5.82194
-5.82223
-5.82251
-5.82280
-5.82308
-5.82337
-5.82365
-5.82394
-5.82422
-5.82451
-5.82480
-5.82508
-5.82537
-5.82565
-5.82594
-5.82622
-5.82651
-5.82679
-5.82708
-5.82736
-5.82765
-5.82793
-5.82822
-5.82850
-5.82879
-5.82907
-5.82936
-5.82965
-5.82993
-5.83022
-5.83050
-5.83079
-5.83107
-5.83136
-5.83164
-5.83193
-5.83221
-5.83250
-5.83278
-5.83307
-5.83335
-5.83364
-5.83393
-5.83421
-5.83450
-5.83478
-5.83507
-5.83535
-5.83564
-5.83592
-5.83621
-5.83649
-5.83678
-5.83706
-5.83735
-5.83763
-5.83792
-5.83820
-5.83849
-5.83878
-5.83906
-5.83935
-5.83963
-5.83992
-5.84020
-5.84049
-5.84077
-5.84106
-5.84134
-5.84163
-5.84191
-5.84220
-5.84248
-5.84277
-5.84305
-5.84334
-5.84363
-5.84391
-5.84420
-5.84448
-5.84477
-5.84505
-5.84534
-5.84562
-5.84591
-5.84619
-5.84648
-5.84676
-5.84705
-5.84733
-5.84762
-5.84790
-5.84819
-5.84848
-5.84876
-5.84905
-5.84933
-5.84962
-5.84990
-5.85019
-5.85047
-5.85076
-5.85104
-5.85133
-5.85161
-5.85190
-5.85218
-5.85247
-5.85275
-5.85304
-5.85333
-5.85361
-5.85390
-5.85418
-5.85447
-5.85475
-5.85504
-5.85532
-5.85561
-5.85589
-5.85618
-5.85646
-5.85675
-5.85703
-5.85732
-5.85760
-5.85789
-5.85818
-5.85846
-5.85875
-5.85903
-5.85932
-5.85960
-5.85989
-5.86017
-5.86046
-5.86074
-5.86103
-5.86131
-5.86160
-5.86188
-5.86217
-5.86245
-5.86274
-5.86303
-5.86331
-5.86360
-5.86388
-5.86417
-5.86445
-5.86474
-5.86502
-5.86531
-5.86559
-5.86588
-5.86616
-5.86645
-5.86673
-5.86702
-5.86730
-5.86759
-5.86788
-5.86816
-5.86845
-5.86873
-5.86902
-5.86930
-5.86959
-5.86987
-5.87016
-5.87044
-5.87073
-5.87101
-5.87130
-5.87158
-5.87187
-5.87215
-5.87244
-5.87273
-5.87301
-5.87330
-5.87358
-5.87387
-5.87415
-5.87444
-5.87472
-5.87501
-5.87529
-5.87558
-5.87586
-5.87615
-5.87643
-5.87672
-5.87700
-5.87729
-5.87757
-5.87786
-5.87815
-5.87843
-5.87872
-5.87900
-5.87929
-5.87957
-5.87986
-5.88014
-5.88043
-5.88071
-5.88100
-5.88128
-5.88157
-5.88185
-5.88214
-5.88242
-5.88271
-5.88300
-5.88328
-5.88357
-5.88385
-5.88414
-5.88442
-5.88471
-5.88499
-5.88528
-5.88556
-5.88585
-5.88613
-5.88642
-5.88670
-5.88699
-5.88727
-5.88756
-5.88785
-5.88813
-5.88842
-5.88870
-5.88899
-5.88927
-5.88956
-5.88984
-5.89013
-5.89041
-5.89070
-5.89098
-5.89127
-5.89155
-5.89184
-5.89212
-5.89241
-5.89270
-5.89298
-5.89327
-5.89355
-5.89384
-5.89412
-5.89441
-5.89469
-5.89498
-5.89526
-5.89555
-5.89583
-5.89612
-5.89640
-5.89669
-5.89697
-5.89726
-5.89754
-5.89783
-5.89812
-5.89840
-5.89869
-5.89897
-5.89926
-5.89954
-5.89983
-5.90011
-5.90040
-5.90068
-5.90097
-5.90125
-5.90154
-5.90182
-5.90211
-5.90239
-5.90268
-5.90297
-5.90325
-5.90354
-5.90382
-5.90411
-5.90439
-5.90468
-5.90496
-5.90525
-5.90553
-5.90582
-5.90610
-5.90639
-5.90667
-5.90696
-5.90724
-5.90753
-5.90781
-5.90810
-5.90839
-5.90867
-5.90896
-5.90924
-5.90953
-5.90981
-5.91010
-5.91038
-5.91067
-5.91095
-5.91124
-5.91152
-5.91181
-5.91209
-5.91238
-5.91266
-5.91295
-5.91324
-5.91352
-5.91381
-5.91409
-5.91438
-5.91466
-5.91495
-5.91523
-5.91552
-5.91580
-5.91609
-5.91637
-5.91666
-5.91694
-5.91723
-5.91751
-5.91780
-5.91808
-5.91837
-5.91866
-5.91894
-5.91923
-5.91951
-5.91980
-5.92008
-5.92037
-5.92065
-5.92094
-5.92122
-5.92151
-5.92179
-5.92208
-5.92236
-5.92265
-5.92293
-5.92322
-5.92351
-5.92379
-5.92408
-5.92436
-5.92465
-5.92493
-5.92522
-5.92550
-5.92579
-5.92607
-5.92636
-5.92664
-5.92693
-5.92721
-5.92750
-5.92778
-5.92807
-5.92835
-5.92864
-5.92893
-5.92921
-5.92950
-5.92978
-5.93007
-5.93035
-5.93064
-5.93092
-5.93121
-5.93149
-5.93178
-5.93206
-5.93235
-5.93263
-5.93292
-5.93320
-5.93349
-5.93378
-5.93406
-5.93435
-5.93463
-5.93492
-5.93520
-5.93549
-5.93577
-5.93606
-5.93634
-5.93663
-5.93691
-5.93720
-5.93748
-5.93777
-5.93805
-5.93834
-5.93862
-5.93891
-5.93920
-5.93948
-5.93977
-5.94005
-5.94034
-5.94062
-5.94091
-5.94119
-5.94148
-5.94176
-5.94205
-5.94233
-5.94262
-5.94290
-5.94319
-5.94347
-5.94376
-5.94404
-5.94433
-5.94462
-5.94490
-5.94519
-5.94547
-5.94576
-5.94604
-5.94633
-5.94661
-5.94690
-5.94718
-5.94747
-5.94775
-5.94804
-5.94832
-5.94861
-5.94889
-5.94918
-5.94946
-5.94975
-5.95004
-5.95032
-5.95061
-5.95089
-5.95118
-5.95146
-5.95175
-5.95203
-5.95232
-5.95260
-5.95289
-5.95317
-5.95346
-5.95374
-5.95403
-5.95431
-5.95460
-5.95488
-5.95517
-5.95546
-5.95574
-5.95603
-5.95631
-5.95660
-5.95688
-5.95717
-5.95745
-5.95774
-5.95802
-5.95831
-5.95859
-5.95888
-5.95916
-5.95945
-5.95973
-5.96002
-5.96030
-5.96059
-5.96088
-5.96116
-5.96145
-5.96173
-5.96202
-5.96230
-5.96259
-5.96287
-5.96316
-5.96344
-5.96373
-5.96401
-5.96430
-5.96458
-5.96487
-5.96515
-5.96544
-5.96572
-5.96601
-5.96630
-5.96658
-5.96687
-5.96715
-5.96744
-5.96772
-5.96801
-5.96829
-5.96858
-5.96886
-5.96915
-5.96943
-5.96972
-5.97000
-5.97029
-5.97057
-5.97086
-5.97114
-5.97143
-5.97172
-5.97200
-5.97229
-5.97257
-5.97286
-5.97314
-5.97343
-5.97371
-5.97400
-5.97428
-5.97457
-5.97485
-5.97514
-5.97542
-5.97571
-5.97599
-5.97628
-5.97656
-5.97685
-5.97714
-5.97742
-5.97771
-5.97799
-5.97828
-5.97856
-5.97885
-5.97913
-5.97942
-5.97970
-5.97999
-5.98027
-5.98056
-5.98084
-5.98113
-5.98141
-5.98170
-5.98198
-5.98227
-5.98256
-5.98284
-5.98313
-5.98341
-5.98370
-5.98398
-5.98427
-5.98455
-5.98484
-5.98512
-5.98541
-5.98569
-5.98598
-5.98626
-5.98655
-5.98683
-5.98712
-5.98740
-5.98769
-5.98798
-5.98826
-5.98855
-5.98883
-5.98912
-5.98940
-5.98969
-5.98997
-5.99026
-5.99054
-5.99083
-5.99111
-5.99140
-5.99168
-5.99197
-5.99225
-5.99254
-5.99282
-5.99311
-5.99339
-5.99368
-5.99397
-5.99425
-5.99454
-5.99482
-5.99511
-5.99539
-5.99568
-5.99596
-5.99625
-5.99653
-5.99682
-5.99710
-5.99739
-5.99767
-5.99796
-5.99824
-5.99853
-5.99881
-5.99910
-5.99939
-5.99967
-5.99996
-6.00024
-6.00053
-6.00081
-6.00110
-6.00138
-6.00167
-6.00195
-6.00224
-6.00252
-6.00281
-6.00309
-6.00338
-6.00366
-6.00395
-6.00423
-6.00452
-6.00481
-6.00509
-6.00538
-6.00566
-6.00595
-6.00623
-6.00652
-6.00680
-6.00709
-6.00737
-6.00766
-6.00794
-6.00823
-6.00851
-6.00880
-6.00908
-6.00937
-6.00965
-6.00994
-6.01022
-6.01051
-6.01080
-6.01108
-6.01137
-6.01165
-6.01194
-6.01222
-6.01251
-6.01279
-6.01308
-6.01336
-6.01365
-6.01393
-6.01422
-6.01450
-6.01479
-6.01507
-6.01536
-6.01564
-6.01593
-6.01622
-6.01650
-6.01679
-6.01707
-6.01736
-6.01764
-6.01793
-6.01821
-6.01850
-6.01878
-6.01907
-6.01935
-6.01964
-6.01992
-6.02021
-6.02049
-6.02078
-6.02106
-6.02135
-6.02163
-6.02192
-6.02221
-6.02249
-6.02278
-6.02306
-6.02335
-6.02363
-6.02392
-6.02420
-6.02449
-6.02477
-6.02506
-6.02534
-6.02563
-6.02591
-6.02620
-6.02648
-6.02677
-6.02705
-6.02734
-6.02762
-6.02791
-6.02820
-6.02848
-6.02877
-6.02905
-6.02934
-6.02962
-6.02991
-6.03019
-6.03048
-6.03076
-6.03105
-6.03133
-6.03162
-6.03190
-6.03219
-6.03247
-6.03276
-6.03304
-6.03333
-6.03361
-6.03390
-6.03419
-6.03447
-6.03476
-6.03504
-6.03533
-6.03561
-6.03590
-6.03618
-6.03647
-6.03675
-6.03704
-6.03732
-6.03761
-6.03789
-6.03818
-6.03846
-6.03875
-6.03903
-6.03932
-6.03961
-6.03989
-6.04018
-6.04046
-6.04075
-6.04103
-6.04132
-6.04160
-6.04189
-6.04217
-6.04246
-6.04274
-6.04303
-6.04331
-6.04360
-6.04388
-6.04417
-6.04445
-6.04474
-6.04502
-6.04531
-6.04560
-6.04588
-6.04617
-6.04645
-6.04674
-6.04702
-6.04731
-6.04759
-6.04788
-6.04816
-6.04845
-6.04873
-6.04902
-6.04930
-6.04959
-6.04987
-6.05016
-6.05044
-6.05073
-6.05101
-6.05130
-6.05159
-6.05187
-6.05216
-6.05244
-6.05273
-6.05301
-6.05330
-6.05358
-6.05387
-6.05415
-6.05444
-6.05472
-6.05501
-6.05529
-6.05558
-6.05586
-6.05615
-6.05643
-6.05672
-6.05700
-6.05729
-6.05758
-6.05786
-6.05815
-6.05843
-6.05872
-6.05900
-6.05929
-6.05957
-6.05986
-6.06014
-6.06043
-6.06071
-6.06100
-6.06128
-6.06157
-6.06185
-6.06214
-6.06242
-6.06271
-6.06299
-6.06328
-6.06357
-6.06385
-6.06414
-6.06442
-6.06471
-6.06499
-6.06528
-6.06556
-6.06585
-6.06613
-6.06642
-6.06670
-6.06699
-6.06727
-6.06756
-6.06784
-6.06813
-6.06841
-6.06870
-6.06898
-6.06927
-6.06955
-6.06984
-6.07013
-6.07041
-6.07070
-6.07098
-6.07127
-6.07155
-6.07184
-6.07212
-6.07241
-6.07269
-6.07298
-6.07326
-6.07355
-6.07383
-6.07412
-6.07440
-6.07469
-6.07497
-6.07526
-6.07554
-6.07583
-6.07612
-6.07640
-6.07669
-6.07697
-6.07726
-6.07754
-6.07783
-6.07811
-6.07840
-6.07868
-6.07897
-6.07925
-6.07954
-6.07982
-6.08011
-6.08039
-6.08068
-6.08096
-6.08125
-6.08153
-6.08182
-6.08211
-6.08239
-6.08268
-6.08296
-6.08325
-6.08353
-6.08382
-6.08410
-6.08439
-6.08467
-6.08496
-6.08524
-6.08553
-6.08581
-6.08610
-6.08638
-6.08667
-6.08695
-6.08724
-6.08752
-6.08781
-6.08809
-6.08838
-6.08867
-6.08895
-6.08924
-6.08952
-6.08981
-6.09009
-6.09038
-6.09066
-6.09095
-6.09123
-6.09152
-6.09180
-6.09209
-6.09237
-6.09266
-6.09294
-6.09323
-6.09351
-6.09380
-6.09408
-6.09437
-6.09466
-6.09494
-6.09523
-6.09551
-6.09580
-6.09608
-6.09637
-6.09665
-6.09694
-6.09722
-6.09751
-6.09779
-6.09808
-6.09836
-6.09865
-6.09893
-6.09922
-6.09950
-6.09979
-6.10007
-6.10036
-6.10064
-6.10093
-6.10122
-6.10150
-6.10179
-6.10207
-6.10236
-6.10264
-6.10293
-6.10321
-6.10350
-6.10378
-6.10407
-6.10435
-6.10464
-6.10492
-6.10521
-6.10549
-6.10578
-6.10606
-6.10635
-6.10663
-6.10692
-6.10720
-6.10749
-6.10778
-6.10806
-6.10835
-6.10863
-6.10892
-6.10920
-6.10949
-6.10977
-6.11006
-6.11034
-6.11063
-6.11091
-6.11120
-6.11148
-6.11177
-6.11205
-6.11234
-6.11262
-6.11291
-6.11319
-6.11348
-6.11376
-6.11405
-6.11434
-6.11462
-6.11491
-6.11519
-6.11548
-6.11576
-6.11605
-6.11633
-6.11662
-6.11690
-6.11719
-6.11747
-6.11776
-6.11804
-6.11833
-6.11861
-6.11890
-6.11918
-6.11947
-6.11975
-6.12004
-6.12032
-6.12061
-6.12090
-6.12118
-6.12147
-6.12175
-6.12204
-6.12232
-6.12261
-6.12289
-6.12318
-6.12346
-6.12375
-6.12403
-6.12432
-6.12460
-6.12489
-6.12517
-6.12546
-6.12574
-6.12603
-6.12631
-6.12660
-6.12688
-6.12717
-6.12746
-6.12774
-6.12803
-6.12831
-6.12860
-6.12888
-6.12917
-6.12945
-6.12974
-6.13002
-6.13031
-6.13059
-6.13088
-6.13116
-6.13145
-6.13173
-6.13202
-6.13230
-6.13259
-6.13287
-6.13316
-6.13344
-6.13373
-6.13402
-6.13430
-6.13459
-6.13487
-6.13516
-6.13544
-6.13573
-6.13601
-6.13630
-6.13658
-6.13687
-6.13715
-6.13744
-6.13772
-6.13801
-6.13829
-6.13858
-6.13886
-6.13915
-6.13943
-6.13972
-6.14000
-6.14029
-6.14058
-6.14086
-6.14115
-6.14143
-6.14172
-6.14200
-6.14229
-6.14257
-6.14286
-6.14314
-6.14343
-6.14371
-6.14400
-6.14428
-6.14457
-6.14485
-6.14514
-6.14542
-6.14571
-6.14599
-6.14628
-6.14656
-6.14685
-6.14714
-6.14742
-6.14771
-6.14799
-6.14828
-6.14856
-6.14885
-6.14913
-6.14942
-6.14970
-6.14999
-6.15027
-6.15056
-6.15084
-6.15113
-6.15141
-6.15170
-6.15198
-6.15227
-6.15255
-6.15284
-6.15312
-6.15341
-6.15369
-6.15398
-6.15427
-6.15455
-6.15484
-6.15512
-6.15541
-6.15569
-6.15598
-6.15626
-6.15655
-6.15683
-6.15712
-6.15740
-6.15769
-6.15797
-6.15826
-6.15854
-6.15883
-6.15911
-6.15940
-6.15968
-6.15997
-6.16025
-6.16054
-6.16083
-6.16111
-6.16140
-6.16168
-6.16197
-6.16225
-6.16254
-6.16282
-6.16311
-6.16339
-6.16368
-6.16396
-6.16425
-6.16453
-6.16482
-6.16510
-6.16539
-6.16567
-6.16596
-6.16624
-6.16653
-6.16681
-6.16710
-6.16738
-6.16767
-6.16796
-6.16824
-6.16853
-6.16881
-6.16910
-6.16938
-6.16967
-6.16995
-6.17024
-6.17052
-6.17081
-6.17109
-6.17138
-6.17166
-6.17195
-6.17223
-6.17252
-6.17280
-6.17309
-6.17337
-6.17366
-6.17394
-6.17423
-6.17451
-6.17480
-6.17509
-6.17537
-6.17566
-6.17594
-6.17623
-6.17651
-6.17680
-6.17708
-6.17737
-6.17765
-6.17794
-6.17822
-6.17851
-6.17879
-6.17908
-6.17936
-6.17965
-6.17993
-6.18022
-6.18050
-6.18079
-6.18107
-6.18136
-6.18164
-6.18193
-6.18222
-6.18250
-6.18279
-6.18307
-6.18336
-6.18364
-6.18393
-6.18421
-6.18450
-6.18478
-6.18507
-6.18535
-6.18564
-6.18592
-6.18621
-6.18649
-6.18678
-6.18706
-6.18735
-6.18763
-6.18792
-6.18820
-6.18849
-6.18877
-6.18906
-6.18935
-6.18963
-6.18992
-6.19020
-6.19049
-6.19077
-6.19106
-6.19134
-6.19163
-6.19191
-6.19220
-6.19248
-6.19277
-6.19305
-6.19334
-6.19362
-6.19391
-6.19419
-6.19448
-6.19476
-6.19505
-6.19533
-6.19562
-6.19590
-6.19619
-6.19648
-6.19676
-6.19705
-6.19733
-6.19762
-6.19790
-6.19819
-6.19847
-6.19876
-6.19904
-6.19933
-6.19961
-6.19990
-6.20018
-6.20047
-6.20075
-6.20104
-6.20132
-6.20161
-6.20189
-6.20218
-6.20246
-6.20275
-6.20303
-6.20332
-6.20361
-6.20389
-6.20418
-6.20446
-6.20475
-6.20503
-6.20532
-6.20560
-6.20589
-6.20617
-6.20646
-6.20674
-6.20703
-6.20731
-6.20760
-6.20788
-6.20817
-6.20845
-6.20874
-6.20902
-6.20931
-6.20959
-6.20988
-6.21016
-6.21045
-6.21073
-6.21102
-6.21131
-6.21159
-6.21188
-6.21216
-6.21245
-6.21273
-6.21302
-6.21330
-6.21359
-6.21387
-6.21416
-6.21444
-6.21473
-6.21501
-6.21530
-6.21558
-6.21587
-6.21615
-6.21644
-6.21672
-6.21701
-6.21729
-6.21758
-6.21786
-6.21815
-6.21844
-6.21872
-6.21901
-6.21929
-6.21958
-6.21986
-6.22015
-6.22043
-6.22072
-6.22100
-6.22129
-6.22157
-6.22186
-6.22214
-6.22243
-6.22271
-6.22300
-6.22328
-6.22357
-6.22385
-6.22414
-6.22442
-6.22471
-6.22499
-6.22528
-6.22556
-6.22585
-6.22614
-6.22642
-6.22671
-6.22699
-6.22728
-6.22756
-6.22785
-6.22813
-6.22842
-6.22870
-6.22899
-6.22927
-6.22956
-6.22984
-6.23013
-6.23041
-6.23070
-6.23098
-6.23127
-6.23155
-6.23184
-6.23212
-6.23241
-6.23269
-6.23298
-6.23326
-6.23355
-6.23384
-6.23412
-6.23441
-6.23469
-6.23498
-6.23526
-6.23555
-6.23583
-6.23612
-6.23640
-6.23669
-6.23697
-6.23726
-6.23754
-6.23783
-6.23811
-6.23840
-6.23868
-6.23897
-6.23925
-6.23954
-6.23982
-6.24011
-6.24039
-6.24068
-6.24096
-6.24125
-6.24154
-6.24182
-6.24211
-6.24239
-6.24268
-6.24296
-6.24325
-6.24353
-6.24382
-6.24410
-6.24439
-6.24467
-6.24496
-6.24524
-6.24553
-6.24581
-6.24610
-6.24638
-6.24667
-6.24695
-6.24724
-6.24752
-6.24781
-6.24809
-6.24838
-6.24866
-6.24895
-6.24924
-6.24952
-6.24981
-6.25009
-6.25038
-6.25066
-6.25095
-6.25123
-6.25152
-6.25180
-6.25209
-6.25237
-6.25266
-6.25294
-6.25323
-6.25351
-6.25380
-6.25408
-6.25437
-6.25465
-6.25494
-6.25522
-6.25551
-6.25579
-6.25608
-6.25636
-6.25665
-6.25693
-6.25722
-6.25751
-6.25779
-6.25808
-6.25836
-6.25865
-6.25893
-6.25922
-6.25950
-6.25979
-6.26007
-6.26036
-6.26064
-6.26093
-6.26121
-6.26150
-6.26178
-6.26207
-6.26235
-6.26264
-6.26292
-6.26321
-6.26349
-6.26378
-6.26406
-6.26435
-6.26463
-6.26492
-6.26521
-6.26549
-6.26578
-6.26606
-6.26635
-6.26663
-6.26692
-6.26720
-6.26749
-6.26777
-6.26806
-6.26834
-6.26863
-6.26891
-6.26920
-6.26948
-6.26977
-6.27005
-6.27034
-6.27062
-6.27091
-6.27119
-6.27148
-6.27176
-6.27205
-6.27233
-6.27262
-6.27290
-6.27319
-6.27348
-6.27376
-6.27405
-6.27433
-6.27462
-6.27490
-6.27519
-6.27547
-6.27576
-6.27604
-6.27633
-6.27661
-6.27690
-6.27718
-6.27747
-6.27775
-6.27804
-6.27832
-6.27861
-6.27889
-6.27918
-6.27946
-6.27975
-6.28003
-6.28032
-6.28060
-6.28089
-6.28117
-6.28146
-6.28175
-6.28203
-6.28232
-6.28260
-6.28289
-6.28317
-6.28346
-6.28374
-6.28403
-6.28431
-6.28460
-6.28488
-6.28517
-6.28545
-6.28574
-6.28602
-6.28631
-6.28659
-6.28688
-6.28716
-6.28745
-6.28773
-6.28802
-6.28830
-6.28859
-6.28887
-6.28916
-6.28944
-6.28973
-6.29002
-6.29030
-6.29059
-6.29087
-6.29116
-6.29144
-6.29173
-6.29201
-6.29230
-6.29258
-6.29287
-6.29315
-6.29344
-6.29372
-6.29401
-6.29429
-6.29458
-6.29486
-6.29515
-6.29543
-6.29572
-6.29600
-6.29629
-6.29657
-6.29686
-6.29714
-6.29743
-6.29771
-6.29800
-6.29828
-6.29857
-6.29886
-6.29914
-6.29943
-6.29971
-6.30000
-6.30028
-6.30057
-6.30085
-6.30114
-6.30142
-6.30171
-6.30199
-6.30228
-6.30256
-6.30285
-6.30313
-6.30342
-6.30370
-6.30399
-6.30427
-6.30456
-6.30484
-6.30513
-6.30541
-6.30570
-6.30598
-6.30627
-6.30655
-6.30684
-6.30713
-6.30741
-6.30770
-6.30798
-6.30827
-6.30855
-6.30884
-6.30912
-6.30941
-6.30969
-6.30998
-6.31026
-6.31055
-6.31083
-6.31112
-6.31140
-6.31169
-6.31197
-6.31226
-6.31254
-6.31283
-6.31311
-6.31340
-6.31368
-6.31397
-6.31425
-6.31454
-6.31482
-6.31511
-6.31539
-6.31568
-6.31597
-6.31625
-6.31654
-6.31682
-6.31711
-6.31739
-6.31768
-6.31796
-6.31825
-6.31853
-6.31882
-6.31910
-6.31939
-6.31967
-6.31996
-6.32024
-6.32053
-6.32081
-6.32110
-6.32138
-6.32167
-6.32195
-6.32224
-6.32252
-6.32281
-6.32309
-6.32338
-6.32366
-6.32395
-6.32423
-6.32452
-6.32481
-6.32509
-6.32538
-6.32566
-6.32595
-6.32623
-6.32652
-6.32680
-6.32709
-6.32737
-6.32766
-6.32794
-6.32823
-6.32851
-6.32880
-6.32908
-6.32937
-6.32965
-6.32994
-6.33022
-6.33051
-6.33079
-6.33108
-6.33136
-6.33165
-6.33193
-6.33222
-6.33250
-6.33279
-6.33307
-6.33336
-6.33364
-6.33393
-6.33422
-6.33450
-6.33479
-6.33507
-6.33536
-6.33564
-6.33593
-6.33621
-6.33650
-6.33678
-6.33707
-6.33735
-6.33764
-6.33792
-6.33821
-6.33849
-6.33878
-6.33906
-6.33935
-6.33963
-6.33992
-6.34020
-6.34049
-6.34077
-6.34106
-6.34134
-6.34163
-6.34191
-6.34220
-6.34248
-6.34277
-6.34306
-6.34334
-6.34363
-6.34391
-6.34420
-6.34448
-6.34477
-6.34505
-6.34534
-6.34562
-6.34591
-6.34619
-6.34648
-6.34676
-6.34705
-6.34733
-6.34762
-6.34790
-6.34819
-6.34847
-6.34876
-6.34904
-6.34933
-6.34961
-6.34990
-6.35018
-6.35047
-6.35075
-6.35104
-6.35132
-6.35161
-6.35189
-6.35218
-6.35247
-6.35275
-6.35304
-6.35332
-6.35361
-6.35389
-6.35418
-6.35446
-6.35475
-6.35503
-6.35532
-6.35560
-6.35589
-6.35617
-6.35646
-6.35674
-6.35703
-6.35731
-6.35760
-6.35788
-6.35817
-6.35845
-6.35874
-6.35902
-6.35931
-6.35959
-6.35988
-6.36016
-6.36045
-6.36073
-6.36102
-6.36130
-6.36159
-6.36188
-6.36216
-6.36245
-6.36273
-6.36302
-6.36330
-6.36359
-6.36387
-6.36416
-6.36444
-6.36473
-6.36501
-6.36530
-6.36558
-6.36587
-6.36615
-6.36644
-6.36672
-6.36701
-6.36729
-6.36758
-6.36786
-6.36815
-6.36843
-6.36872
-6.36900
-6.36929
-6.36957
-6.36986
-6.37014
-6.37043
-6.37071
-6.37100
-6.37128
-6.37157
-6.37186
-6.37214
-6.37243
-6.37271
-6.37300
-6.37328
-6.37357
-6.37385
-6.37414
-6.37442
-6.37471
-6.37499
-6.37528
-6.37556
-6.37585
-6.37613
-6.37642
-6.37670
-6.37699
-6.37727
-6.37756
-6.37784
-6.37813
-6.37841
-6.37870
-6.37898
-6.37927
-6.37955
-6.37984
-6.38012
-6.38041
-6.38069
-6.38098
-6.38126
-6.38155
-6.38184
-6.38212
-6.38241
-6.38269
-6.38298
-6.38326
-6.38355
-6.38383
-6.38412
-6.38440
-6.38469
-6.38497
-6.38526
-6.38554
-6.38583
-6.38611
-6.38640
-6.38668
-6.38697
-6.38725
-6.38754
-6.38782
-6.38811
-6.38839
-6.38868
-6.38896
-6.38925
-6.38953
-6.38982
-6.39010
-6.39039
-6.39067
-6.39096
-6.39124
-6.39153
-6.39182
-6.39210
-6.39239
-6.39267
-6.39296
-6.39324
-6.39353
-6.39381
-6.39410
-6.39438
-6.39467
-6.39495
-6.39524
-6.39552
-6.39581
-6.39609
-6.39638
-6.39666
-6.39695
-6.39723
-6.39752
-6.39780
-6.39809
-6.39837
-6.39866
-6.39894
-6.39923
-6.39951
-6.39980
-6.40008
-6.40037
-6.40065
-6.40094
-6.40122
-6.40151
-6.40180
-6.40208
-6.40237
-6.40265
-6.40294
-6.40322
-6.40351
-6.40379
-6.40408
-6.40436
-6.40465
-6.40493
-6.40522
-6.40550
-6.40579
-6.40607
-6.40636
-6.40664
-6.40693
-6.40721
-6.40750
-6.40778
-6.40807
-6.40835
-6.40864
-6.40892
-6.40921
-6.40949
-6.40978
-6.41006
-6.41035
-6.41063
-6.41092
-6.41120
-6.41149
-6.41177
-6.41206
-6.41235
-6.41263
-6.41292
-6.41320
-6.41349
-6.41377
-6.41406
-6.41434
-6.41463
-6.41491
-6.41520
-6.41548
-6.41577
-6.41605
-6.41634
-6.41662
-6.41691
-6.41719
-6.41748
-6.41776
-6.41805
-6.41833
-6.41862
-6.41890
-6.41919
-6.41947
-6.41976
-6.42004
-6.42033
-6.42061
-6.42090
-6.42118
-6.42147
-6.42175
-6.42204
-6.42232
-6.42261
-6.42289
-6.42318
-6.42347
-6.42375
-6.42404
-6.42432
-6.42461
-6.42489
-6.42518
-6.42546
-6.42575
-6.42603
-6.42632
-6.42660
-6.42689
-6.42717
-6.42746
-6.42774
-6.42803
-6.42831
-6.42860
-6.42888
-6.42917
-6.42945
-6.42974
-6.43002
-6.43031
-6.43059
-6.43088
-6.43116
-6.43145
-6.43173
-6.43202
-6.43230
-6.43259
-6.43287
-6.43316
-6.43344
-6.43373
-6.43401
-6.43430
-6.43459
-6.43487
-6.43516
-6.43544
-6.43573
-6.43601
-6.43630
-6.43658
-6.43687
-6.43715
-6.43744
-6.43772
-6.43801
-6.43829
-6.43858
-6.43886
-6.43915
-6.43943
-6.43972
-6.44000
-6.44029
-6.44057
-6.44086
-6.44114
-6.44143
-6.44171
-6.44200
-6.44228
-6.44257
-6.44285
-6.44314
-6.44342
-6.44371
-6.44399
-6.44428
-6.44456
-6.44485
-6.44513
-6.44542
-6.44571
-6.44599
-6.44628
-6.44656
-6.44685
-6.44713
-6.44742
-6.44770
-6.44799
-6.44827
-6.44856
-6.44884
-6.44913
-6.44941
-6.44970
-6.44998
-6.45027
-6.45055
-6.45084
-6.45112
-6.45141
-6.45169
-6.45198
-6.45226
-6.45255
-6.45283
-6.45312
-6.45340
-6.45369
-6.45397
-6.45426
-6.45454
-6.45483
-6.45511
-6.45540
-6.45568
-6.45597
-6.45625
-6.45654
-6.45682
-6.45711
-6.45740
-6.45768
-6.45797
-6.45825
-6.45854
-6.45882
-6.45911
-6.45939
-6.45968
-6.45996
-6.46025
-6.46053
-6.46082
-6.46110
-6.46139
-6.46167
-6.46196
-6.46224
-6.46253
-6.46281
-6.46310
-6.46338
-6.46367
-6.46395
-6.46424
-6.46452
-6.46481
-6.46509
-6.46538
-6.46566
-6.46595
-6.46623
-6.46652
-6.46680
-6.46709
-6.46737
-6.46766
-6.46794
-6.46823
-6.46851
-6.46880
-6.46909
-6.46937
-6.46966
-6.46994
-6.47023
-6.47051
-6.47080
-6.47108
-6.47137
-6.47165
-6.47194
-6.47222
-6.47251
-6.47279
-6.47308
-6.47336
-6.47365
-6.47393
-6.47422
-6.47450
-6.47479
-6.47507
-6.47536
-6.47564
-6.47593
-6.47621
-6.47650
-6.47678
-6.47707
-6.47735
-6.47764
-6.47792
-6.47821
-6.47849
-6.47878
-6.47906
-6.47935
-6.47963
-6.47992
-6.48020
-6.48049
-6.48077
-6.48106
-6.48135
-6.48163
-6.48192
-6.48220
-6.48249
-6.48277
-6.48306
-6.48334
-6.48363
-6.48391
-6.48420
-6.48448
-6.48477
-6.48505
-6.48534
-6.48562
-6.48591
-6.48619
-6.48648
-6.48676
-6.48705
-6.48733
-6.48762
-6.48790
-6.48819
-6.48847
-6.48876
-6.48904
-6.48933
-6.48961
-6.48990
-6.49018
-6.49047
-6.49075
-6.49104
-6.49132
-6.49161
-6.49189
-6.49218
-6.49246
-6.49275
-6.49303
-6.49332
-6.49360
-6.49389
-6.49418
-6.49446
-6.49475
-6.49503
-6.49532
-6.49560
-6.49589
-6.49617
-6.49646
-6.49674
-6.49703
-6.49731
-6.49760
-6.49788
-6.49817
-6.49845
-6.49874
-6.49902
-6.49931
-6.49959
-6.49988
-6.50016
-6.50045
-6.50073
-6.50102
-6.50130
-6.50159
-6.50187
-6.50216
-6.50244
-6.50273
-6.50301
-6.50330
-6.50358
-6.50387
-6.50415
-6.50444
-6.50472
-6.50501
-6.50529
-6.50558
-6.50586
-6.50615
-6.50643
-6.50672
-6.50700
-6.50729
-6.50758
-6.50786
-6.50815
-6.50843
-6.50872
-6.50900
-6.50929
-6.50957
-6.50986
-6.51014
-6.51043
-6.51071
-6.51100
-6.51128
-6.51157
-6.51185
-6.51214
-6.51242
-6.51271
-6.51299
-6.51328
-6.51356
-6.51385
-6.51413
-6.51442
-6.51470
-6.51499
-6.51527
-6.51556
-6.51584
-6.51613
-6.51641
-6.51670
-6.51698
-6.51727
-6.51755
-6.51784
-6.51812
-6.51841
-6.51869
-6.51898
-6.51926
-6.51955
-6.51983
-6.52012
-6.52040
-6.52069
-6.52098
-6.52126
-6.52155
-6.52183
-6.52212
-6.52240
-6.52269
-6.52297
-6.52326
-6.52354
-6.52383
-6.52411
-6.52440
-6.52468
-6.52497
-6.52525
-6.52554
-6.52582
-6.52611
-6.52639
-6.52668
-6.52696
-6.52725
-6.52753
-6.52782
-6.52810
-6.52839
-6.52867
-6.52896
-6.52924
-6.52953
-6.52981
-6.53010
-6.53038
-6.53067
-6.53095
-6.53124
-6.53152
-6.53181
-6.53209
-6.53238
-6.53266
-6.53295
-6.53323
-6.53352
-6.53380
-6.53409
-6.53437
-6.53466
-6.53495
-6.53523
-6.53552
-6.53580
-6.53609
-6.53637
-6.53666
-6.53694
-6.53723
-6.53751
-6.53780
-6.53808
-6.53837
-6.53865
-6.53894
-6.53922
-6.53951
-6.53979
-6.54008
-6.54036
-6.54065
-6.54093
-6.54122
-6.54150
-6.54179
-6.54207
-6.54236
-6.54264
-6.54293
-6.54321
-6.54350
-6.54378
-6.54407
-6.54435
-6.54464
-6.54492
-6.54521
-6.54549
-6.54578
-6.54606
-6.54635
-6.54663
-6.54692
-6.54720
-6.54749
-6.54777
-6.54806
-6.54834
-6.54863
-6.54891
-6.54920
-6.54948
-6.54977
-6.55006
-6.55034
-6.55063
-6.55091
-6.55120
-6.55148
-6.55177
-6.55205
-6.55234
-6.55262
-6.55291
-6.55319
-6.55348
-6.55376
-6.55405
-6.55433
-6.55462
-6.55490
-6.55519
-6.55547
-6.55576
-6.55604
-6.55633
-6.55661
-6.55690
-6.55718
-6.55747
-6.55775
-6.55804
-6.55832
-6.55861
-6.55889
-6.55918
-6.55946
-6.55975
-6.56003
-6.56032
-6.56060
-6.56089
-6.56117
-6.56146
-6.56174
-6.56203
-6.56231
-6.56260
-6.56288
-6.56317
-6.56345
-6.56374
-6.56402
-6.56431
-6.56459
-6.56488
-6.56517
-6.56545
-6.56574
-6.56602
-6.56631
-6.56659
-6.56688
-6.56716
-6.56745
-6.56773
-6.56802
-6.56830
-6.56859
-6.56887
-6.56916
-6.56944
-6.56973
-6.57001
-6.57030
-6.57058
-6.57087
-6.57115
-6.57144
-6.57172
-6.57201
-6.57229
-6.57258
-6.57286
-6.57315
-6.57343
-6.57372
-6.57400
-6.57429
-6.57457
-6.57486
-6.57514
-6.57543
-6.57571
-6.57600
-6.57628
-6.57657
-6.57685
-6.57714
-6.57742
-6.57771
-6.57799
-6.57828
-6.57856
-6.57885
-6.57913
-6.57942
-6.57970
-6.57999
-6.58027
-6.58056
-6.58084
-6.58113
-6.58142
-6.58170
-6.58199
-6.58227
-6.58256
-6.58284
-6.58313
-6.58341
-6.58370
-6.58398
-6.58427
-6.58455
-6.58484
-6.58512
-6.58541
-6.58569
-6.58598
-6.58626
-6.58655
-6.58683
-6.58712
-6.58740
-6.58769
-6.58797
-6.58826
-6.58854
-6.58883
-6.58911
-6.58940
-6.58968
-6.58997
-6.59025
-6.59054
-6.59082
-6.59111
-6.59139
-6.59168
-6.59196
-6.59225
-6.59253
-6.59282
-6.59310
-6.59339
-6.59367
-6.59396
-6.59424
-6.59453
-6.59481
-6.59510
-6.59538
-6.59567
-6.59595
-6.59624
-6.59652
-6.59681
-6.59709
-6.59738
-6.59766
-6.59795
-6.59823
-6.59852
-6.59881
-6.59909
-6.59938
-6.59966
-6.59995
-6.60023
-6.60052
-6.60080
-6.60109
-6.60137
-6.60166
-6.60194
-6.60223
-6.60251
-6.60280
-6.60308
-6.60337
-6.60365
-6.60394
-6.60422
-6.60451
-6.60479
-6.60508
-6.60536
-6.60565
-6.60593
-6.60622
-6.60650
-6.60679
-6.60707
-6.60736
-6.60764
-6.60793
-6.60821
-6.60850
-6.60878
-6.60907
-6.60935
-6.60964
-6.60992
-6.61021
-6.61049
-6.61078
-6.61106
-6.61135
-6.61163
-6.61192
-6.61220
-6.61249
-6.61277
-6.61306
-6.61334
-6.61363
-6.61391
-6.61420
-6.61448
-6.61477
-6.61505
-6.61534
-6.61562
-6.61591
-6.61619
-6.61648
-6.61677
-6.61705
-6.61734
-6.61762
-6.61791
-6.61819
-6.61848
-6.61876
-6.61905
-6.61933
-6.61962
-6.61990
-6.62019
-6.62047
-6.62076
-6.62104
-6.62133
-6.62161
-6.62190
-6.62218
-6.62247
-6.62275
-6.62304
-6.62332
-6.62361
-6.62389
-6.62418
-6.62446
-6.62475
-6.62503
-6.62532
-6.62560
-6.62589
-6.62617
-6.62646
-6.62674
-6.62703
-6.62731
-6.62760
-6.62788
-6.62817
-6.62845
-6.62874
-6.62902
-6.62931
-6.62959
-6.62988
-6.63016
-6.63045
-6.63073
-6.63102
-6.63130
-6.63159
-6.63187
-6.63216
-6.63244
-6.63273
-6.63301
-6.63330
-6.63358
-6.63387
-6.63415
-6.63444
-6.63472
-6.63501
-6.63529
-6.63558
-6.63586
-6.63615
-6.63644
-6.63672
-6.63701
-6.63729
-6.63758
-6.63786
-6.63815
-6.63843
-6.63872
-6.63900
-6.63929
-6.63957
-6.63986
-6.64014
-6.64043
-6.64071
-6.64100
-6.64128
-6.64157
-6.64185
-6.64214
-6.64242
-6.64271
-6.64299
-6.64328
-6.64356
-6.64385
-6.64413
-6.64442
-6.64470
-6.64499
-6.64527
-6.64556
-6.64584
-6.64613
-6.64641
-6.64670
-6.64698
-6.64727
-6.64755
-6.64784
-6.64812
-6.64841
-6.64869
-6.64898
-6.64926
-6.64955
-6.64983
-6.65012
-6.65040
-6.65069
-6.65097
-6.65126
-6.65154
-6.65183
-6.65211
-6.65240
-6.65268
-6.65297
-6.65325
-6.65354
-6.65382
-6.65411
-6.65439
-6.65468
-6.65496
-6.65525
-6.65553
-6.65582
-6.65610
-6.65639
-6.65667
-6.65696
-6.65724
-6.65753
-6.65782
-6.65810
-6.65839
-6.65867
-6.65896
-6.65924
-6.65953
-6.65981
-6.66010
-6.66038
-6.66067
-6.66095
-6.66124
-6.66152
-6.66181
-6.66209
-6.66238
-6.66266
-6.66295
-6.66323
-6.66352
-6.66380
-6.66409
-6.66437
-6.66466
-6.66494
-6.66523
-6.66551
-6.66580
-6.66608
-6.66637
-6.66665
-6.66694
-6.66722
-6.66751
-6.66779
-6.66808
-6.66836
-6.66865
-6.66893
-6.66922
-6.66950
-6.66979
-6.67007
-6.67036
-6.67064
-6.67093
-6.67121
-6.67150
-6.67178
-6.67207
-6.67235
-6.67264
-6.67292
-6.67321
-6.67349
-6.67378
-6.67406
-6.67435
-6.67463
-6.67492
-6.67520
-6.67549
-6.67577
-6.67606
-6.67634
-6.67663
-6.67691
-6.67720
-6.67748
-6.67777
-6.67805
-6.67834
-6.67862
-6.67891
-6.67919
-6.67948
-6.67976
-6.68005
-6.68033
-6.68062
-6.68090
-6.68119
-6.68148
-6.68176
-6.68205
-6.68233
-6.68262
-6.68290
-6.68319
-6.68347
-6.68376
-6.68404
-6.68433
-6.68461
-6.68490
-6.68518
-6.68547
-6.68575
-6.68604
-6.68632
-6.68661
-6.68689
-6.68718
-6.68746
-6.68775
-6.68803
-6.68832
-6.68860
-6.68889
-6.68917
-6.68946
-6.68974
-6.69003
-6.69031
-6.69060
-6.69088
-6.69117
-6.69145
-6.69174
-6.69202
-6.69231
-6.69259
-6.69288
-6.69316
-6.69345
-6.69373
-6.69402
-6.69430
-6.69459
-6.69487
-6.69516
-6.69544
-6.69573
-6.69601
-6.69630
-6.69658
-6.69687
-6.69715
-6.69744
-6.69772
-6.69801
-6.69829
-6.69858
-6.69886
-6.69915
-6.69943
-6.69972
-6.70000
-6.70029
-6.70057
-6.70086
-6.70114
-6.70143
-6.70171
-6.70200
-6.70228
-6.70257
-6.70285
-6.70314
-6.70342
-6.70371
-6.70399
-6.70428
-6.70456
-6.70485
-6.70513
-6.70542
-6.70570
-6.70599
-6.70627
-6.70656
-6.70684
-6.70713
-6.70741
-6.70770
-6.70798
-6.70827
-6.70856
-6.70884
-6.70913
-6.70941
-6.70970
-6.70998
-6.71027
-6.71055
-6.71084
-6.71112
-6.71141
-6.71169
-6.71198
-6.71226
-6.71255
-6.71283
-6.71312
-6.71340
-6.71369
-6.71397
-6.71426
-6.71454
-6.71483
-6.71511
-6.71540
-6.71568
-6.71597
-6.71625
-6.71654
-6.71682
-6.71711
-6.71739
-6.71768
-6.71796
-6.71825
-6.71853
-6.71882
-6.71910
-6.71939
-6.71967
-6.71996
-6.72024
-6.72053
-6.72081
-6.72110
-6.72138
-6.72167
-6.72195
-6.72224
-6.72252
-6.72281
-6.72309
-6.72338
-6.72366
-6.72395
-6.72423
-6.72452
-6.72480
-6.72509
-6.72537
-6.72566
-6.72594
-6.72623
-6.72651
-6.72680
-6.72708
-6.72737
-6.72765
-6.72794
-6.72822
-6.72851
-6.72879
-6.72908
-6.72936
-6.72965
-6.72993
-6.73022
-6.73050
-6.73079
-6.73107
-6.73136
-6.73164
-6.73193
-6.73221
-6.73250
-6.73278
-6.73307
-6.73335
-6.73364
-6.73392
-6.73421
-6.73449
-6.73478
-6.73506
-6.73535
-6.73563
-6.73592
-6.73620
-6.73649
-6.73677
-6.73706
-6.73734
-6.73763
-6.73791
-6.73820
-6.73848
-6.73877
-6.73905
-6.73934
-6.73962
-6.73991
-6.74019
-6.74048
-6.74077
-6.74105
-6.74134
-6.74162
-6.74191
-6.74219
-6.74248
-6.74276
-6.74305
-6.74333
-6.74362
-6.74390
-6.74419
-6.74447
-6.74476
-6.74504
-6.74533
-6.74561
-6.74590
-6.74618
-6.74647
-6.74675
-6.74704
-6.74732
-6.74761
-6.74789
-6.74818
-6.74846
-6.74875
-6.74903
-6.74932
-6.74960
-6.74989
-6.75017
-6.75046
-6.75074
-6.75103
-6.75131
-6.75160
-6.75188
-6.75217
-6.75245
-6.75274
-6.75302
-6.75331
-6.75359
-6.75388
-6.75416
-6.75445
-6.75473
-6.75502
-6.75530
-6.75559
-6.75587
-6.75616
-6.75644
-6.75673
-6.75701
-6.75730
-6.75758
-6.75787
-6.75815
-6.75844
-6.75872
-6.75901
-6.75929
-6.75958
-6.75986
-6.76015
-6.76043
-6.76072
-6.76100
-6.76129
-6.76157
-6.76186
-6.76214
-6.76243
-6.76271
-6.76300
-6.76328
-6.76357
-6.76385
-6.76414
-6.76442
-6.76471
-6.76499
-6.76528
-6.76556
-6.76585
-6.76613
-6.76642
-6.76670
-6.76699
-6.76727
-6.76756
-6.76784
-6.76813
-6.76841
-6.76870
-6.76898
-6.76927
-6.76955
-6.76984
-6.77012
-6.77041
-6.77069
-6.77098
-6.77126
-6.77155
-6.77183
-6.77212
-6.77240
-6.77269
-6.77297
-6.77326
-6.77354
-6.77383
-6.77411
-6.77440
-6.77468
-6.77497
-6.77525
-6.77554
-6.77582
-6.77611
-6.77639
-6.77668
-6.77696
-6.77725
-6.77753
-6.77782
-6.77810
-6.77839
-6.77867
-6.77896
-6.77924
-6.77953
-6.77981
-6.78010
-6.78038
-6.78067
-6.78095
-6.78124
-6.78152
-6.78181
-6.78209
-6.78238
-6.78266
-6.78295
-6.78324
-6.78352
-6.78381
-6.78409
-6.78438
-6.78466
-6.78495
-6.78523
-6.78552
-6.78580
-6.78609
-6.78637
-6.78666
-6.78694
-6.78723
-6.78751
-6.78780
-6.78808
-6.78837
-6.78865
-6.78894
-6.78922
-6.78951
-6.78979
-6.79008
-6.79036
-6.79065
-6.79093
-6.79122
-6.79150
-6.79179
-6.79207
-6.79236
-6.79264
-6.79293
-6.79321
-6.79350
-6.79378
-6.79407
-6.79435
-6.79464
-6.79492
-6.79521
-6.79549
-6.79578
-6.79606
-6.79635
-6.79663
-6.79692
-6.79720
-6.79749
-6.79777
-6.79806
-6.79834
-6.79863
-6.79891
-6.79920
-6.79948
-6.79977
-6.80005
-6.80034
-6.80062
-6.80091
-6.80119
-6.80148
-6.80176
-6.80205
-6.80233
-6.80262
-6.80290
-6.80319
-6.80347
-6.80376
-6.80404
-6.80433
-6.80461
-6.80490
-6.80518
-6.80547
-6.80575
-6.80604
-6.80632
-6.80661
-6.80689
-6.80718
-6.80746
-6.80775
-6.80803
-6.80832
-6.80860
-6.80889
-6.80917
-6.80946
-6.80974
-6.81003
-6.81031
-6.81060
-6.81088
-6.81117
-6.81145
-6.81174
-6.81202
-6.81231
-6.81259
-6.81288
-6.81316
-6.81345
-6.81373
-6.81402
-6.81430
-6.81459
-6.81487
-6.81516
-6.81544
-6.81573
-6.81601
-6.81630
-6.81658
-6.81687
-6.81715
-6.81744
-6.81772
-6.81801
-6.81829
-6.81858
-6.81886
-6.81915
-6.81943
-6.81972
-6.82000
-6.82029
-6.82057
-6.82086
-6.82114
-6.82143
-6.82171
-6.82200
-6.82228
-6.82257
-6.82285
-6.82314
-6.82342
-6.82371
-6.82399
-6.82428
-6.82456
-6.82485
-6.82513
-6.82542
-6.82570
-6.82599
-6.82627
-6.82656
-6.82684
-6.82713
-6.82741
-6.82770
-6.82798
-6.82827
-6.82855
-6.82884
-6.82912
-6.82941
-6.82969
-6.82998
-6.83026
-6.83055
-6.83083
-6.83112
-6.83140
-6.83169
-6.83197
-6.83226
-6.83254
-6.83283
-6.83311
-6.83340
-6.83368
-6.83397
-6.83425
-6.83454
-6.83482
-6.83511
-6.83539
-6.83568
-6.83596
-6.83625
-6.83653
-6.83682
-6.83710
-6.83739
-6.83767
-6.83796
-6.83824
-6.83853
-6.83881
-6.83910
-6.83938
-6.83967
-6.83995
-6.84024
-6.84052
-6.84081
-6.84109
-6.84138
-6.84166
-6.84195
-6.84223
-6.84252
-6.84280
-6.84309
-6.84337
-6.84366
-6.84394
-6.84423
-6.84451
-6.84480
-6.84508
-6.84537
-6.84565
-6.84594
-6.84622
-6.84651
-6.84679
-6.84708
-6.84736
-6.84765
-6.84793
-6.84822
-6.84850
-6.84879
-6.84907
-6.84936
-6.84964
-6.84993
-6.85021
-6.85050
-6.85078
-6.85107
-6.85135
-6.85164
-6.85192
-6.85221
-6.85249
-6.85278
-6.85306
-6.85335
-6.85363
-6.85392
-6.85420
-6.85449
-6.85477
-6.85506
-6.85534
-6.85563
-6.85591
-6.85620
-6.85648
-6.85677
-6.85705
-6.85734
-6.85762
-6.85791
-6.85819
-6.85848
-6.85876
-6.85905
-6.85933
-6.85962
-6.85990
-6.86019
-6.86047
-6.86076
-6.86104
-6.86133
-6.86161
-6.86190
-6.86218
-6.86247
-6.86275
-6.86304
-6.86332
-6.86361
-6.86389
-6.86418
-6.86446
-6.86475
-6.86503
-6.86532
-6.86560
-6.86589
-6.86617
-6.86646
-6.86674
-6.86703
-6.86731
-6.86760
-6.86788
-6.86817
-6.86845
-6.86874
-6.86902
-6.86931
-6.86959
-6.86988
-6.87016
-6.87045
-6.87073
-6.87102
-6.87130
-6.87159
-6.87187
-6.87216
-6.87244
-6.87273
-6.87301
-6.87330
-6.87358
-6.87387
-6.87415
-6.87444
-6.87472
-6.87501
-6.87529
-6.87558
-6.87586
-6.87615
-6.87643
-6.87672
-6.87700
-6.87729
-6.87757
-6.87786
-6.87814
-6.87843
-6.87871
-6.87900
-6.87928
-6.87957
-6.87985
-6.88014
-6.88042
-6.88071
-6.88099
-6.88128
-6.88156
-6.88185
-6.88213
-6.88242
-6.88270
-6.88299
-6.88327
-6.88356
-6.88384
-6.88413
-6.88441
-6.88470
-6.88498
-6.88527
-6.88555
-6.88584
-6.88612
-6.88641
-6.88669
-6.88698
-6.88726
-6.88755
-6.88783
-6.88812
-6.88840
-6.88869
-6.88897
-6.88926
-6.88954
-6.88983
-6.89011
-6.89040
-6.89068
-6.89097
-6.89125
-6.89154
-6.89182
-6.89211
-6.89239
-6.89268
-6.89296
-6.89325
-6.89353
-6.89382
-6.89410
-6.89439
-6.89467
-6.89496
-6.89524
-6.89553
-6.89581
-6.89610
-6.89638
-6.89667
-6.89695
-6.89724
-6.89752
-6.89781
-6.89809
-6.89838
-6.89866
-6.89895
-6.89923
-6.89952
-6.89980
-6.90009
-6.90037
-6.90066
-6.90094
-6.90123
-6.90151
-6.90180
-6.90208
-6.90237
-6.90265
-6.90294
-6.90322
-6.90351
-6.90379
-6.90408
-6.90436
-6.90465
-6.90493
-6.90522
-6.90550
-6.90579
-6.90607
-6.90636
-6.90664
-6.90693
-6.90721
-6.90750
-6.90778
-6.90807
-6.90835
-6.90864
-6.90892
-6.90921
-6.90949
-6.90978
-6.91006
-6.91035
-6.91063
-6.91092
-6.91120
-6.91149
-6.91177
-6.91206
-6.91234
-6.91263
-6.91291
-6.91320
-6.91348
-6.91377
-6.91405
-6.91434
-6.91462
-6.91491
-6.91519
-6.91548
-6.91576
-6.91605
-6.91633
-6.91662
-6.91690
-6.91719
-6.91747
-6.91776
-6.91804
-6.91833
-6.91861
-6.91890
-6.91918
-6.91947
-6.91975
-6.92004
-6.92032
-6.92061
-6.92089
-6.92118
-6.92146
-6.92175
-6.92203
-6.92232
-6.92260
-6.92289
-6.92317
-6.92346
-6.92374
-6.92403
-6.92431
-6.92460
-6.92488
-6.92517
-6.92545
-6.92574
-6.92602
-6.92631
-6.92659
-6.92688
-6.92716
-6.92745
-6.92773
-6.92802
-6.92830
-6.92859
-6.92887
-6.92916
-6.92944
-6.92973
-6.93001
-6.93030
-6.93058
-6.93087
-6.93115
-6.93144
-6.93172
-6.93201
-6.93229
-6.93258
-6.93286
-6.93315
-6.93343
-6.93372
-6.93400
-6.93429
-6.93457
-6.93486
-6.93514
-6.93543
-6.93571
-6.93600
-6.93628
-6.93657
-6.93685
-6.93714
-6.93742
-6.93771
-6.93799
-6.93828
-6.93856
-6.93885
-6.93913
-6.93942
-6.93970
-6.93999
-6.94027
-6.94056
-6.94084
-6.94113
-6.94141
-6.94170
-6.94198
-6.94227
-6.94255
-6.94284
-6.94312
-6.94341
-6.94369
-6.94398
-6.94426
-6.94455
-6.94483
-6.94512
-6.94540
-6.94569
-6.94597
-6.94626
-6.94654
-6.94683
-6.94711
-6.94740
-6.94768
-6.94797
-6.94825
-6.94854
-6.94882
-6.94911
-6.94939
-6.94968
-6.94996
-6.95025
-6.95053
-6.95082
-6.95110
-6.95139
-6.95167
-6.95196
-6.95224
-6.95253
-6.95281
-6.95310
-6.95338
-6.95367
-6.95395
-6.95424
-6.95452
-6.95481
-6.95509
-6.95538
-6.95566
-6.95595
-6.95623
-6.95652
-6.95680
-6.95709
-6.95737
-6.95766
-6.95794
-6.95823
-6.95851
-6.95880
-6.95908
-6.95937
-6.95965
-6.95994
-6.96022
-6.96051
-6.96079
-6.96108
-6.96136
-6.96165
-6.96193
-6.96222
-6.96250
-6.96279
-6.96307
-6.96336
-6.96364
-6.96393
-6.96421
-6.96450
-6.96478
-6.96507
-6.96535
-6.96564
-6.96592
-6.96621
-6.96649
-6.96678
-6.96706
-6.96735
-6.96763
-6.96792
-6.96820
-6.96849
-6.96877
-6.96906
-6.96934
-6.96963
-6.96991
-6.97020
-6.97048
-6.97077
-6.97105
-6.97134
-6.97162
-6.97191
-6.97219
-6.97248
-6.97276
-6.97305
-6.97333
-6.97362
-6.97390
-6.97419
-6.97447
-6.97476
-6.97504
-6.97533
-6.97561
-6.97589
-6.97618
-6.97646
-6.97675
-6.97703
-6.97732
-6.97760
-6.97789
-6.97817
-6.97846
-6.97874
-6.97903
-6.97931
-6.97960
-6.97988
-6.98017
-6.98045
-6.98074
-6.98102
-6.98131
-6.98159
-6.98188
-6.98216
-6.98245
-6.98273
-6.98302
-6.98330
-6.98359
-6.98387
-6.98416
-6.98444
-6.98473
-6.98501
-6.98530
-6.98558
-6.98587
-6.98615
-6.98644
-6.98672
-6.98701
-6.98729
-6.98758
-6.98786
-6.98815
-6.98843
-6.98872
-6.98900
-6.98929
-6.98957
-6.98986
-6.99014
-6.99043
-6.99071
-6.99100
-6.99128
-6.99157
-6.99185
-6.99214
-6.99242
-6.99271
-6.99299
-6.99328
-6.99356
-6.99385
-6.99413
-6.99442
-6.99470
-6.99499
-6.99527
-6.99556
-6.99584
-6.99613
-6.99641
-6.99670
-6.99698
-6.99727
-6.99755
-6.99784
-6.99812
-6.99841
-6.99869
-6.99898
-6.99926
-6.99955
-6.99983
-7.00012
-7.00040
-7.00069
-7.00097
-7.00126
-7.00154
-7.00183
-7.00211
-7.00240
-7.00268
-7.00297
-7.00325
-7.00354
-7.00382
-7.00411
-7.00439
-7.00468
-7.00496
-7.00525
-7.00553
-7.00582
-7.00610
-7.00639
-7.00667
-7.00696
-7.00724
-7.00753
-7.00781
-7.00810
-7.00838
-7.00867
-7.00895
-7.00924
-7.00952
-7.00981
-7.01009
-7.01038
-7.01066
-7.01095
-7.01123
-7.01152
-7.01180
-7.01209
-7.01237
-7.01266
-7.01294
-7.01323
-7.01351
-7.01380
-7.01408
-7.01437
-7.01465
-7.01494
-7.01522
-7.01551
-7.01579
-7.01608
-7.01636
-7.01665
-7.01693
-7.01722
-7.01750
-7.01778
-7.01807
-7.01835
-7.01864
-7.01892
-7.01921
-7.01949
-7.01978
-7.02006
-7.02035
-7.02063
-7.02092
-7.02120
-7.02149
-7.02177
-7.02206
-7.02234
-7.02263
-7.02291
-7.02320
-7.02348
-7.02377
-7.02405
-7.02434
-7.02462
-7.02491
-7.02519
-7.02548
-7.02576
-7.02605
-7.02633
-7.02662
-7.02690
-7.02719
-7.02747
-7.02776
-7.02804
-7.02833
-7.02861
-7.02890
-7.02918
-7.02947
-7.02975
-7.03004
-7.03032
-7.03061
-7.03089
-7.03118
-7.03146
-7.03175
-7.03203
-7.03232
-7.03260
-7.03289
-7.03317
-7.03346
-7.03374
-7.03403
-7.03431
-7.03460
-7.03488
-7.03517
-7.03545
-7.03574
-7.03602
-7.03631
-7.03659
-7.03688
-7.03716
-7.03745
-7.03773
-7.03802
-7.03830
-7.03859
-7.03887
-7.03916
-7.03944
-7.03973
-7.04001
-7.04030
-7.04058
-7.04087
-7.04115
-7.04144
-7.04172
-7.04201
-7.04229
-7.04258
-7.04286
-7.04315
-7.04343
-7.04372
-7.04400
-7.04429
-7.04457
-7.04486
-7.04514
-7.04543
-7.04571
-7.04600
-7.04628
-7.04657
-7.04685
-7.04714
-7.04742
-7.04771
-7.04799
-7.04828
-7.04856
-7.04885
-7.04913
-7.04942
-7.04970
-7.04998
-7.05027
-7.05055
-7.05084
-7.05112
-7.05141
-7.05169
-7.05198
-7.05226
-7.05255
-7.05283
-7.05312
-7.05340
-7.05369
-7.05397
-7.05426
-7.05454
-7.05483
-7.05511
-7.05540
-7.05568
-7.05597
-7.05625
-7.05654
-7.05682
-7.05711
-7.05739
-7.05768
-7.05796
-7.05825
-7.05853
-7.05882
-7.05910
-7.05939
-7.05967
-7.05996
-7.06024
-7.06053
-7.06081
-7.06110
-7.06138
-7.06167
-7.06195
-7.06224
-7.06252
-7.06281
-7.06309
-7.06338
-7.06366
-7.06395
-7.06423
-7.06452
-7.06480
-7.06509
-7.06537
-7.06566
-7.06594
-7.06623
-7.06651
-7.06680
-7.06708
-7.06737
-7.06765
-7.06794
-7.06822
-7.06851
-7.06879
-7.06908
-7.06936
-7.06965
-7.06993
-7.07022
-7.07050
-7.07079
-7.07107
-7.07136
-7.07164
-7.07193
-7.07221
-7.07250
-7.07278
-7.07307
-7.07335
-7.07364
-7.07392
-7.07421
-7.07449
-7.07478
-7.07506
-7.07535
-7.07563
-7.07592
-7.07620
-7.07649
-7.07677
-7.07705
-7.07734
-7.07762
-7.07791
-7.07819
-7.07848
-7.07876
-7.07905
-7.07933
-7.07962
-7.07990
-7.08019
-7.08047
-7.08076
-7.08104
-7.08133
-7.08161
-7.08190
-7.08218
-7.08247
-7.08275
-7.08304
-7.08332
-7.08361
-7.08389
-7.08418
-7.08446
-7.08475
-7.08503
-7.08532
-7.08560
-7.08589
-7.08617
-7.08646
-7.08674
-7.08703
-7.08731
-7.08760
-7.08788
-7.08817
-7.08845
-7.08874
-7.08902
-7.08931
-7.08959
-7.08988
-7.09016
-7.09045
-7.09073
-7.09102
-7.09130
-7.09159
-7.09187
-7.09216
-7.09244
-7.09273
-7.09301
-7.09330
-7.09358
-7.09387
-7.09415
-7.09444
-7.09472
-7.09501
-7.09529
-7.09558
-7.09586
-7.09615
-7.09643
-7.09672
-7.09700
-7.09729
-7.09757
-7.09786
-7.09814
-7.09843
-7.09871
-7.09900
-7.09928
-7.09957
-7.09985
-7.10014
-7.10042
-7.10070
-7.10099
-7.10127
-7.10156
-7.10184
-7.10213
-7.10241
-7.10270
-7.10298
-7.10327
-7.10355
-7.10384
-7.10412
-7.10441
-7.10469
-7.10498
-7.10526
-7.10555
-7.10583
-7.10612
-7.10640
-7.10669
-7.10697
-7.10726
-7.10754
-7.10783
-7.10811
-7.10840
-7.10868
-7.10897
-7.10925
-7.10954
-7.10982
-7.11011
-7.11039
-7.11068
-7.11096
-7.11125
-7.11153
-7.11182
-7.11210
-7.11239
-7.11267
-7.11296
-7.11324
-7.11353
-7.11381
-7.11410
-7.11438
-7.11467
-7.11495
-7.11524
-7.11552
-7.11581
-7.11609
-7.11638
-7.11666
-7.11695
-7.11723
-7.11752
-7.11780
-7.11809
-7.11837
-7.11866
-7.11894
-7.11923
-7.11951
-7.11980
-7.12008
-7.12037
-7.12065
-7.12094
-7.12122
-7.12151
-7.12179
-7.12207
-7.12236
-7.12264
-7.12293
-7.12321
-7.12350
-7.12378
-7.12407
-7.12435
-7.12464
-7.12492
-7.12521
-7.12549
-7.12578
-7.12606
-7.12635
-7.12663
-7.12692
-7.12720
-7.12749
-7.12777
-7.12806
-7.12834
-7.12863
-7.12891
-7.12920
-7.12948
-7.12977
-7.13005
-7.13034
-7.13062
-7.13091
-7.13119
-7.13148
-7.13176
-7.13205
-7.13233
-7.13262
-7.13290
-7.13319
-7.13347
-7.13376
-7.13404
-7.13433
-7.13461
-7.13490
-7.13518
-7.13547
-7.13575
-7.13604
-7.13632
-7.13661
-7.13689
-7.13718
-7.13746
-7.13775
-7.13803
-7.13832
-7.13860
-7.13889
-7.13917
-7.13946
-7.13974
-7.14003
-7.14031
-7.14060
-7.14088
-7.14117
-7.14145
-7.14173
-7.14202
-7.14230
-7.14259
-7.14287
-7.14316
-7.14344
-7.14373
-7.14401
-7.14430
-7.14458
-7.14487
-7.14515
-7.14544
-7.14572
-7.14601
-7.14629
-7.14658
-7.14686
-7.14715
-7.14743
-7.14772
-7.14800
-7.14829
-7.14857
-7.14886
-7.14914
-7.14943
-7.14971
-7.15000
-7.15028
-7.15057
-7.15085
-7.15114
-7.15142
-7.15171
-7.15199
-7.15228
-7.15256
-7.15285
-7.15313
-7.15342
-7.15370
-7.15399
-7.15427
-7.15456
-7.15484
-7.15513
-7.15541
-7.15570
-7.15598
-7.15627
-7.15655
-7.15684
-7.15712
-7.15741
-7.15769
-7.15798
-7.15826
-7.15855
-7.15883
-7.15912
-7.15940
-7.15969
-7.15997
-7.16025
-7.16054
-7.16082
-7.16111
-7.16139
-7.16168
-7.16196
-7.16225
-7.16253
-7.16282
-7.16310
-7.16339
-7.16367
-7.16396
-7.16424
-7.16453
-7.16481
-7.16510
-7.16538
-7.16567
-7.16595
-7.16624
-7.16652
-7.16681
-7.16709
-7.16738
-7.16766
-7.16795
-7.16823
-7.16852
-7.16880
-7.16909
-7.16937
-7.16966
-7.16994
-7.17023
-7.17051
-7.17080
-7.17108
-7.17137
-7.17165
-7.17194
-7.17222
-7.17251
-7.17279
-7.17308
-7.17336
-7.17365
-7.17393
-7.17422
-7.17450
-7.17479
-7.17507
-7.17536
-7.17564
-7.17593
-7.17621
-7.17650
-7.17678
-7.17706
-7.17735
-7.17763
-7.17792
-7.17820
-7.17849
-7.17877
-7.17906
-7.17934
-7.17963
-7.17991
-7.18020
-7.18048
-7.18077
-7.18105
-7.18134
-7.18162
-7.18191
-7.18219
-7.18248
-7.18276
-7.18305
-7.18333
-7.18362
-7.18390
-7.18419
-7.18447
-7.18476
-7.18504
-7.18533
-7.18561
-7.18590
-7.18618
-7.18647
-7.18675
-7.18704
-7.18732
-7.18761
-7.18789
-7.18818
-7.18846
-7.18875
-7.18903
-7.18932
-7.18960
-7.18989
-7.19017
-7.19046
-7.19074
-7.19103
-7.19131
-7.19160
-7.19188
-7.19217
-7.19245
-7.19274
-7.19302
-7.19330
-7.19359
-7.19387
-7.19416
-7.19444
-7.19473
-7.19501
-7.19530
-7.19558
-7.19587
-7.19615
-7.19644
-7.19672
-7.19701
-7.19729
-7.19758
-7.19786
-7.19815
-7.19843
-7.19872
-7.19900
-7.19929
-7.19957
-7.19986
-7.20014
-7.20043
-7.20071
-7.20100
-7.20128
-7.20157
-7.20185
-7.20214
-7.20242
-7.20271
-7.20299
-7.20328
-7.20356
-7.20385
-7.20413
-7.20442
-7.20470
-7.20499
-7.20527
-7.20556
-7.20584
-7.20613
-7.20641
-7.20670
-7.20698
-7.20727
-7.20755
-7.20784
-7.20812
-7.20841
-7.20869
-7.20897
-7.20926
-7.20954
-7.20983
-7.21011
-7.21040
-7.21068
-7.21097
-7.21125
-7.21154
-7.21182
-7.21211
-7.21239
-7.21268
-7.21296
-7.21325
-7.21353
-7.21382
-7.21410
-7.21439
-7.21467
-7.21496
-7.21524
-7.21553
-7.21581
-7.21610
-7.21638
-7.21667
-7.21695
-7.21724
-7.21752
-7.21781
-7.21809
-7.21838
-7.21866
-7.21895
-7.21923
-7.21952
-7.21980
-7.22009
-7.22037
-7.22066
-7.22094
-7.22123
-7.22151
-7.22180
-7.22208
-7.22237
-7.22265
-7.22294
-7.22322
-7.22350
-7.22379
-7.22407
-7.22436
-7.22464
-7.22493
-7.22521
-7.22550
-7.22578
-7.22607
-7.22635
-7.22664
-7.22692
-7.22721
-7.22749
-7.22778
-7.22806
-7.22835
-7.22863
-7.22892
-7.22920
-7.22949
-7.22977
-7.23006
-7.23034
-7.23063
-7.23091
-7.23120
-7.23148
-7.23177
-7.23205
-7.23234
-7.23262
-7.23291
-7.23319
-7.23348
-7.23376
-7.23405
-7.23433
-7.23462
-7.23490
-7.23519
-7.23547
-7.23576
-7.23604
-7.23633
-7.23661
-7.23690
-7.23718
-7.23747
-7.23775
-7.23803
-7.23832
-7.23860
-7.23889
-7.23917
-7.23946
-7.23974
-7.24003
-7.24031
-7.24060
-7.24088
-7.24117
-7.24145
-7.24174
-7.24202
-7.24231
-7.24259
-7.24288
-7.24316
-7.24345
-7.24373
-7.24402
-7.24430
-7.24459
-7.24487
-7.24516
-7.24544
-7.24573
-7.24601
-7.24630
-7.24658
-7.24687
-7.24715
-7.24744
-7.24772
-7.24801
-7.24829
-7.24858
-7.24886
-7.24915
-7.24943
-7.24972
-7.25000
-7.25029
-7.25057
-7.25086
-7.25114
-7.25142
-7.25171
-7.25199
-7.25228
-7.25256
-7.25285
-7.25313
-7.25342
-7.25370
-7.25399
-7.25427
-7.25456
-7.25484
-7.25513
-7.25541
-7.25570
-7.25598
-7.25627
-7.25655
-7.25684
-7.25712
-7.25741
-7.25769
-7.25798
-7.25826
-7.25855
-7.25883
-7.25912
-7.25940
-7.25969
-7.25997
-7.26026
-7.26054
-7.26083
-7.26111
-7.26140
-7.26168
-7.26197
-7.26225
-7.26254
-7.26282
-7.26311
-7.26339
-7.26368
-7.26396
-7.26425
-7.26453
-7.26481
-7.26510
-7.26538
-7.26567
-7.26595
-7.26624
-7.26652
-7.26681
-7.26709
-7.26738
-7.26766
-7.26795
-7.26823
-7.26852
-7.26880
-7.26909
-7.26937
-7.26966
-7.26994
-7.27023
-7.27051
-7.27080
-7.27108
-7.27137
-7.27165
-7.27194
-7.27222
-7.27251
-7.27279
-7.27308
-7.27336
-7.27365
-7.27393
-7.27422
-7.27450
-7.27479
-7.27507
-7.27536
-7.27564
-7.27593
-7.27621
-7.27650
-7.27678
-7.27706
-7.27735
-7.27763
-7.27792
-7.27820
-7.27849
-7.27877
-7.27906
-7.27934
-7.27963
-7.27991
-7.28020
-7.28048
-7.28077
-7.28105
-7.28134
-7.28162
-7.28191
-7.28219
-7.28248
-7.28276
-7.28305
-7.28333
-7.28362
-7.28390
-7.28419
-7.28447
-7.28476
-7.28504
-7.28533
-7.28561
-7.28590
-7.28618
-7.28647
-7.28675
-7.28704
-7.28732
-7.28761
-7.28789
-7.28818
-7.28846
-7.28875
-7.28903
-7.28932
-7.28960
-7.28988
-7.29017
-7.29045
-7.29074
-7.29102
-7.29131
-7.29159
-7.29188
-7.29216
-7.29245
-7.29273
-7.29302
-7.29330
-7.29359
-7.29387
-7.29416
-7.29444
-7.29473
-7.29501
-7.29530
-7.29558
-7.29587
-7.29615
-7.29644
-7.29672
-7.29701
-7.29729
-7.29758
-7.29786
-7.29815
-7.29843
-7.29872
-7.29900
-7.29929
-7.29957
-7.29986
-7.30014
-7.30043
-7.30071
-7.30100
-7.30128
-7.30156
-7.30185
-7.30213
-7.30242
-7.30270
-7.30299
-7.30327
-7.30356
-7.30384
-7.30413
-7.30441
-7.30470
-7.30498
-7.30527
-7.30555
-7.30584
-7.30612
-7.30641
-7.30669
-7.30698
-7.30726
-7.30755
-7.30783
-7.30812
-7.30840
-7.30869
-7.30897
-7.30926
-7.30954
-7.30983
-7.31011
-7.31040
-7.31068
-7.31097
-7.31125
-7.31154
-7.31182
-7.31211
-7.31239
-7.31268
-7.31296
-7.31324
-7.31353
-7.31381
-7.31410
-7.31438
-7.31467
-7.31495
-7.31524
-7.31552
-7.31581
-7.31609
-7.31638
-7.31666
-7.31695
-7.31723
-7.31752
-7.31780
-7.31809
-7.31837
-7.31866
-7.31894
-7.31923
-7.31951
-7.31980
-7.32008
-7.32037
-7.32065
-7.32094
-7.32122
-7.32151
-7.32179
-7.32208
-7.32236
-7.32265
-7.32293
-7.32322
-7.32350
-7.32379
-7.32407
-7.32435
-7.32464
-7.32492
-7.32521
-7.32549
-7.32578
-7.32606
-7.32635
-7.32663
-7.32692
-7.32720
-7.32749
-7.32777
-7.32806
-7.32834
-7.32863
-7.32891
-7.32920
-7.32948
-7.32977
-7.33005
-7.33034
-7.33062
-7.33091
-7.33119
-7.33148
-7.33176
-7.33205
-7.33233
-7.33262
-7.33290
-7.33319
-7.33347
-7.33376
-7.33404
-7.33433
-7.33461
-7.33490
-7.33518
-7.33546
-7.33575
-7.33603
-7.33632
-7.33660
-7.33689
-7.33717
-7.33746
-7.33774
-7.33803
-7.33831
-7.33860
-7.33888
-7.33917
-7.33945
-7.33974
-7.34002
-7.34031
-7.34059
-7.34088
-7.34116
-7.34145
-7.34173
-7.34202
-7.34230
-7.34259
-7.34287
-7.34316
-7.34344
-7.34373
-7.34401
-7.34430
-7.34458
-7.34487
-7.34515
-7.34544
-7.34572
-7.34600
-7.34629
-7.34657
-7.34686
-7.34714
-7.34743
-7.34771
-7.34800
-7.34828
-7.34857
-7.34885
-7.34914
-7.34942
-7.34971
-7.34999
-7.35028
-7.35056
-7.35085
-7.35113
-7.35142
-7.35170
-7.35199
-7.35227
-7.35256
-7.35284
-7.35313
-7.35341
-7.35370
-7.35398
-7.35427
-7.35455
-7.35484
-7.35512
-7.35541
-7.35569
-7.35598
-7.35626
-7.35654
-7.35683
-7.35711
-7.35740
-7.35768
-7.35797
-7.35825
-7.35854
-7.35882
-7.35911
-7.35939
-7.35968
-7.35996
-7.36025
-7.36053
-7.36082
-7.36110
-7.36139
-7.36167
-7.36196
-7.36224
-7.36253
-7.36281
-7.36310
-7.36338
-7.36367
-7.36395
-7.36424
-7.36452
-7.36481
-7.36509
-7.36538
-7.36566
-7.36595
-7.36623
-7.36652
-7.36680
-7.36708
-7.36737
-7.36765
-7.36794
-7.36822
-7.36851
-7.36879
-7.36908
-7.36936
-7.36965
-7.36993
-7.37022
-7.37050
-7.37079
-7.37107
-7.37136
-7.37164
-7.37193
-7.37221
-7.37250
-7.37278
-7.37307
-7.37335
-7.37364
-7.37392
-7.37421
-7.37449
-7.37478
-7.37506
-7.37535
-7.37563
-7.37592
-7.37620
-7.37649
-7.37677
-7.37705
-7.37734
-7.37762
-7.37791
-7.37819
-7.37848
-7.37876
-7.37905
-7.37933
-7.37962
-7.37990
-7.38019
-7.38047
-7.38076
-7.38104
-7.38133
-7.38161
-7.38190
-7.38218
-7.38247
-7.38275
-7.38304
-7.38332
-7.38361
-7.38389
-7.38418
-7.38446
-7.38475
-7.38503
-7.38532
-7.38560
-7.38589
-7.38617
-7.38646
-7.38674
-7.38702
-7.38731
-7.38759
-7.38788
-7.38816
-7.38845
-7.38873
-7.38902
-7.38930
-7.38959
-7.38987
-7.39016
-7.39044
-7.39073
-7.39101
-7.39130
-7.39158
-7.39187
-7.39215
-7.39244
-7.39272
-7.39301
-7.39329
-7.39358
-7.39386
-7.39415
-7.39443
-7.39472
-7.39500
-7.39529
-7.39557
-7.39586
-7.39614
-7.39643
-7.39671
-7.39699
-7.39728
-7.39756
-7.39785
-7.39813
-7.39842
-7.39870
-7.39899
-7.39927
-7.39956
-7.39984
-7.40013
-7.40041
-7.40070
-7.40098
-7.40127
-7.40155
-7.40184
-7.40212
-7.40241
-7.40269
-7.40298
-7.40326
-7.40355
-7.40383
-7.40412
-7.40440
-7.40469
-7.40497
-7.40526
-7.40554
-7.40583
-7.40611
-7.40639
-7.40668
-7.40696
-7.40725
-7.40753
-7.40782
-7.40810
-7.40839
-7.40867
-7.40896
-7.40924
-7.40953
-7.40981
-7.41010
-7.41038
-7.41067
-7.41095
-7.41124
-7.41152
-7.41181
-7.41209
-7.41238
-7.41266
-7.41295
-7.41323
-7.41352
-7.41380
-7.41409
-7.41437
-7.41466
-7.41494
-7.41523
-7.41551
-7.41579
-7.41608
-7.41636
-7.41665
-7.41693
-7.41722
-7.41750
-7.41779
-7.41807
-7.41836
-7.41864
-7.41893
-7.41921
-7.41950
-7.41978
-7.42007
-7.42035
-7.42064
-7.42092
-7.42121
-7.42149
-7.42178
-7.42206
-7.42235
-7.42263
-7.42292
-7.42320
-7.42349
-7.42377
-7.42406
-7.42434
-7.42462
-7.42491
-7.42519
-7.42548
-7.42576
-7.42605
-7.42633
-7.42662
-7.42690
-7.42719
-7.42747
-7.42776
-7.42804
-7.42833
-7.42861
-7.42890
-7.42918
-7.42947
-7.42975
-7.43004
-7.43032
-7.43061
-7.43089
-7.43118
-7.43146
-7.43175
-7.43203
-7.43232
-7.43260
-7.43289
-7.43317
-7.43346
-7.43374
-7.43402
-7.43431
-7.43459
-7.43488
-7.43516
-7.43545
-7.43573
-7.43602
-7.43630
-7.43659
-7.43687
-7.43716
-7.43744
-7.43773
-7.43801
-7.43830
-7.43858
-7.43887
-7.43915
-7.43944
-7.43972
-7.44001
-7.44029
-7.44058
-7.44086
-7.44115
-7.44143
-7.44172
-7.44200
-7.44229
-7.44257
-7.44285
-7.44314
-7.44342
-7.44371
-7.44399
-7.44428
-7.44456
-7.44485
-7.44513
-7.44542
-7.44570
-7.44599
-7.44627
-7.44656
-7.44684
-7.44713
-7.44741
-7.44770
-7.44798
-7.44827
-7.44855
-7.44884
-7.44912
-7.44941
-7.44969
-7.44998
-7.45026
-7.45055
-7.45083
-7.45112
-7.45140
-7.45168
-7.45197
-7.45225
-7.45254
-7.45282
-7.45311
-7.45339
-7.45368
-7.45396
-7.45425
-7.45453
-7.45482
-7.45510
-7.45539
-7.45567
-7.45596
-7.45624
-7.45653
-7.45681
-7.45710
-7.45738
-7.45767
-7.45795
-7.45824
-7.45852
-7.45881
-7.45909
-7.45938
-7.45966
-7.45994
-7.46023
-7.46051
-7.46080
-7.46108
-7.46137
-7.46165
-7.46194
-7.46222
-7.46251
-7.46279
-7.46308
-7.46336
-7.46365
-7.46393
-7.46422
-7.46450
-7.46479
-7.46507
-7.46536
-7.46564
-7.46593
-7.46621
-7.46650
-7.46678
-7.46707
-7.46735
-7.46764
-7.46792
-7.46821
-7.46849
-7.46877
-7.46906
-7.46934
-7.46963
-7.46991
-7.47020
-7.47048
-7.47077
-7.47105
-7.47134
-7.47162
-7.47191
-7.47219
-7.47248
-7.47276
-7.47305
-7.47333
-7.47362
-7.47390
-7.47419
-7.47447
-7.47476
-7.47504
-7.47533
-7.47561
-7.47590
-7.47618
-7.47647
-7.47675
-7.47703
-7.47732
-7.47760
-7.47789
-7.47817
-7.47846
-7.47874
-7.47903
-7.47931
-7.47960
-7.47988
-7.48017
-7.48045
-7.48074
-7.48102
-7.48131
-7.48159
-7.48188
-7.48216
-7.48245
-7.48273
-7.48302
-7.48330
-7.48359
-7.48387
-7.48416
-7.48444
-7.48473
-7.48501
-7.48529
-7.48558
-7.48586
-7.48615
-7.48643
-7.48672
-7.48700
-7.48729
-7.48757
-7.48786
-7.48814
-7.48843
-7.48871
-7.48900
-7.48928
-7.48957
-7.48985
-7.49014
-7.49042
-7.49071
-7.49099
-7.49128
-7.49156
-7.49185
-7.49213
-7.49242
-7.49270
-7.49299
-7.49327
-7.49355
-7.49384
-7.49412
-7.49441
-7.49469
-7.49498
-7.49526
-7.49555
-7.49583
-7.49612
-7.49640
-7.49669
-7.49697
-7.49726
-7.49754
-7.49783
-7.49811
-7.49840
-7.49868
-7.49897
-7.49925
-7.49954
-7.49982
-7.50011
-7.50039
-7.50068
-7.50096
-7.50124
-7.50153
-7.50181
-7.50210
-7.50238
-7.50267
-7.50295
-7.50324
-7.50352
-7.50381
-7.50409
-7.50438
-7.50466
-7.50495
-7.50523
-7.50552
-7.50580
-7.50609
-7.50637
-7.50666
-7.50694
-7.50723
-7.50751
-7.50780
-7.50808
-7.50837
-7.50865
-7.50894
-7.50922
-7.50950
-7.50979
-7.51007
-7.51036
-7.51064
-7.51093
-7.51121
-7.51150
-7.51178
-7.51207
-7.51235
-7.51264
-7.51292
-7.51321
-7.51349
-7.51378
-7.51406
-7.51435
-7.51463
-7.51492
-7.51520
-7.51549
-7.51577
-7.51606
-7.51634
-7.51663
-7.51691
-7.51719
-7.51748
-7.51776
-7.51805
-7.51833
-7.51862
-7.51890
-7.51919
-7.51947
-7.51976
-7.52004
-7.52033
-7.52061
-7.52090
-7.52118
-7.52147
-7.52175
-7.52204
-7.52232
-7.52261
-7.52289
-7.52318
-7.52346
-7.52375
-7.52403
-7.52432
-7.52460
-7.52488
-7.52517
-7.52545
-7.52574
-7.52602
-7.52631
-7.52659
-7.52688
-7.52716
-7.52745
-7.52773
-7.52802
-7.52830
-7.52859
-7.52887
-7.52916
-7.52944
-7.52973
-7.53001
-7.53030
-7.53058
-7.53087
-7.53115
-7.53144
-7.53172
-7.53201
-7.53229
-7.53257
-7.53286
-7.53314
-7.53343
-7.53371
-7.53400
-7.53428
-7.53457
-7.53485
-7.53514
-7.53542
-7.53571
-7.53599
-7.53628
-7.53656
-7.53685
-7.53713
-7.53742
-7.53770
-7.53799
-7.53827
-7.53856
-7.53884
-7.53913
-7.53941
-7.53970
-7.53998
-7.54026
-7.54055
-7.54083
-7.54112
-7.54140
-7.54169
-7.54197
-7.54226
-7.54254
-7.54283
-7.54311
-7.54340
-7.54368
-7.54397
-7.54425
-7.54454
-7.54482
-7.54511
-7.54539
-7.54568
-7.54596
-7.54625
-7.54653
-7.54682
-7.54710
-7.54738
-7.54767
-7.54795
-7.54824
-7.54852
-7.54881
-7.54909
-7.54938
-7.54966
-7.54995
-7.55023
-7.55052
-7.55080
-7.55109
-7.55137
-7.55166
-7.55194
-7.55223
-7.55251
-7.55280
-7.55308
-7.55337
-7.55365
-7.55394
-7.55422
-7.55451
-7.55479
-7.55507
-7.55536
-7.55564
-7.55593
-7.55621
-7.55650
-7.55678
-7.55707
-7.55735
-7.55764
-7.55792
-7.55821
-7.55849
-7.55878
-7.55906
-7.55935
-7.55963
-7.55992
-7.56020
-7.56049
-7.56077
-7.56106
-7.56134
-7.56163
-7.56191
-7.56219
-7.56248
-7.56276
-7.56305
-7.56333
-7.56362
-7.56390
-7.56419
-7.56447
-7.56476
-7.56504
-7.56533
-7.56561
-7.56590
-7.56618
-7.56647
-7.56675
-7.56704
-7.56732
-7.56761
-7.56789
-7.56818
-7.56846
-7.56875
-7.56903
-7.56931
-7.56960
-7.56988
-7.57017
-7.57045
-7.57074
-7.57102
-7.57131
-7.57159
-7.57188
-7.57216
-7.57245
-7.57273
-7.57302
-7.57330
-7.57359
-7.57387
-7.57416
-7.57444
-7.57473
-7.57501
-7.57530
-7.57558
-7.57587
-7.57615
-7.57643
-7.57672
-7.57700
-7.57729
-7.57757
-7.57786
-7.57814
-7.57843
-7.57871
-7.57900
-7.57928
-7.57957
-7.57985
-7.58014
-7.58042
-7.58071
-7.58099
-7.58128
-7.58156
-7.58185
-7.58213
-7.58242
-7.58270
-7.58299
-7.58327
-7.58355
-7.58384
-7.58412
-7.58441
-7.58469
-7.58498
-7.58526
-7.58555
-7.58583
-7.58612
-7.58640
-7.58669
-7.58697
-7.58726
-7.58754
-7.58783
-7.58811
-7.58840
-7.58868
-7.58897
-7.58925
-7.58954
-7.58982
-7.59011
-7.59039
-7.59067
-7.59096
-7.59124
-7.59153
-7.59181
-7.59210
-7.59238
-7.59267
-7.59295
-7.59324
-7.59352
-7.59381
-7.59409
-7.59438
-7.59466
-7.59495
-7.59523
-7.59552
-7.59580
-7.59609
-7.59637
-7.59666
-7.59694
-7.59723
-7.59751
-7.59779
-7.59808
-7.59836
-7.59865
-7.59893
-7.59922
-7.59950
-7.59979
-7.60007
-7.60036
-7.60064
-7.60093
-7.60121
-7.60150
-7.60178
-7.60207
-7.60235
-7.60264
-7.60292
-7.60321
-7.60349
-7.60378
-7.60406
-7.60434
-7.60463
-7.60491
-7.60520
-7.60548
-7.60577
-7.60605
-7.60634
-7.60662
-7.60691
-7.60719
-7.60748
-7.60776
-7.60805
-7.60833
-7.60862
-7.60890
-7.60919
-7.60947
-7.60976
-7.61004
-7.61033
-7.61061
-7.61090
-7.61118
-7.61146
-7.61175
-7.61203
-7.61232
-7.61260
-7.61289
-7.61317
-7.61346
-7.61374
-7.61403
-7.61431
-7.61460
-7.61488
-7.61517
-7.61545
-7.61574
-7.61602
-7.61631
-7.61659
-7.61688
-7.61716
-7.61745
-7.61773
-7.61801
-7.61830
-7.61858
-7.61887
-7.61915
-7.61944
-7.61972
-7.62001
-7.62029
-7.62058
-7.62086
-7.62115
-7.62143
-7.62172
-7.62200
-7.62229
-7.62257
-7.62286
-7.62314
-7.62343
-7.62371
-7.62400
-7.62428
-7.62456
-7.62485
-7.62513
-7.62542
-7.62570
-7.62599
-7.62627
-7.62656
-7.62684
-7.62713
-7.62741
-7.62770
-7.62798
-7.62827
-7.62855
-7.62884
-7.62912
-7.62941
-7.62969
-7.62998
-7.63026
-7.63055
-7.63083
-7.63112
-7.63140
-7.63168
-7.63197
-7.63225
-7.63254
-7.63282
-7.63311
-7.63339
-7.63368
-7.63396
-7.63425
-7.63453
-7.63482
-7.63510
-7.63539
-7.63567
-7.63596
-7.63624
-7.63653
-7.63681
-7.63710
-7.63738
-7.63767
-7.63795
-7.63823
-7.63852
-7.63880
-7.63909
-7.63937
-7.63966
-7.63994
-7.64023
-7.64051
-7.64080
-7.64108
-7.64137
-7.64165
-7.64194
-7.64222
-7.64251
-7.64279
-7.64308
-7.64336
-7.64365
-7.64393
-7.64422
-7.64450
-7.64478
-7.64507
-7.64535
-7.64564
-7.64592
-7.64621
-7.64649
-7.64678
-7.64706
-7.64735
-7.64763
-7.64792
-7.64820
-7.64849
-7.64877
-7.64906
-7.64934
-7.64963
-7.64991
-7.65020
-7.65048
-7.65076
-7.65105
-7.65133
-7.65162
-7.65190
-7.65219
-7.65247
-7.65276
-7.65304
-7.65333
-7.65361
-7.65390
-7.65418
-7.65447
-7.65475
-7.65504
-7.65532
-7.65561
-7.65589
-7.65618
-7.65646
-7.65675
-7.65703
-7.65731
-7.65760
-7.65788
-7.65817
-7.65845
-7.65874
-7.65902
-7.65931
-7.65959
-7.65988
-7.66016
-7.66045
-7.66073
-7.66102
-7.66130
-7.66159
-7.66187
-7.66216
-7.66244
-7.66273
-7.66301
-7.66330
-7.66358
-7.66386
-7.66415
-7.66443
-7.66472
-7.66500
-7.66529
-7.66557
-7.66586
-7.66614
-7.66643
-7.66671
-7.66700
-7.66728
-7.66757
-7.66785
-7.66814
-7.66842
-7.66871
-7.66899
-7.66928
-7.66956
-7.66984
-7.67013
-7.67041
-7.67070
-7.67098
-7.67127
-7.67155
-7.67184
-7.67212
-7.67241
-7.67269
-7.67298
-7.67326
-7.67355
-7.67383
-7.67412
-7.67440
-7.67469
-7.67497
-7.67526
-7.67554
-7.67583
-7.67611
-7.67639
-7.67668
-7.67696
-7.67725
-7.67753
-7.67782
-7.67810
-7.67839
-7.67867
-7.67896
-7.67924
-7.67953
-7.67981
-7.68010
-7.68038
-7.68067
-7.68095
-7.68124
-7.68152
-7.68181
-7.68209
-7.68237
-7.68266
-7.68294
-7.68323
-7.68351
-7.68380
-7.68408
-7.68437
-7.68465
-7.68494
-7.68522
-7.68551
-7.68579
-7.68608
-7.68636
-7.68665
-7.68693
-7.68722
-7.68750
-7.68779
-7.68807
-7.68836
-7.68864
-7.68892
-7.68921
-7.68949
-7.68978
-7.69006
-7.69035
-7.69063
-7.69092
-7.69120
-7.69149
-7.69177
-7.69206
-7.69234
-7.69263
-7.69291
-7.69320
-7.69348
-7.69377
-7.69405
-7.69434
-7.69462
-7.69490
-7.69519
-7.69547
-7.69576
-7.69604
-7.69633
-7.69661
-7.69690
-7.69718
-7.69747
-7.69775
-7.69804
-7.69832
-7.69861
-7.69889
-7.69918
-7.69946
-7.69975
-7.70003
-7.70032
-7.70060
-7.70088
-7.70117
-7.70145
-7.70174
-7.70202
-7.70231
-7.70259
-7.70288
-7.70316
-7.70345
-7.70373
-7.70402
-7.70430
-7.70459
-7.70487
-7.70516
-7.70544
-7.70573
-7.70601
-7.70630
-7.70658
-7.70686
-7.70715
-7.70743
-7.70772
-7.70800
-7.70829
-7.70857
-7.70886
-7.70914
-7.70943
-7.70971
-7.71000
-7.71028
-7.71057
-7.71085
-7.71114
-7.71142
-7.71171
-7.71199
-7.71228
-7.71256
-7.71284
-7.71313
-7.71341
-7.71370
-7.71398
-7.71427
-7.71455
-7.71484
-7.71512
-7.71541
-7.71569
-7.71598
-7.71626
-7.71655
-7.71683
-7.71712
-7.71740
-7.71769
-7.71797
-7.71826
-7.71854
-7.71882
-7.71911
-7.71939
-7.71968
-7.71996
-7.72025
-7.72053
-7.72082
-7.72110
-7.72139
-7.72167
-7.72196
-7.72224
-7.72253
-7.72281
-7.72310
-7.72338
-7.72367
-7.72395
-7.72424
-7.72452
-7.72480
-7.72509
-7.72537
-7.72566
-7.72594
-7.72623
-7.72651
-7.72680
-7.72708
-7.72737
-7.72765
-7.72794
-7.72822
-7.72851
-7.72879
-7.72908
-7.72936
-7.72965
-7.72993
-7.73022
-7.73050
-7.73078
-7.73107
-7.73135
-7.73164
-7.73192
-7.73221
-7.73249
-7.73278
-7.73306
-7.73335
-7.73363
-7.73392
-7.73420
-7.73449
-7.73477
-7.73506
-7.73534
-7.73563
-7.73591
-7.73619
-7.73648
-7.73676
-7.73705
-7.73733
-7.73762
-7.73790
-7.73819
-7.73847
-7.73876
-7.73904
-7.73933
-7.73961
-7.73990
-7.74018
-7.74047
-7.74075
-7.74104
-7.74132
-7.74161
-7.74189
-7.74217
-7.74246
-7.74274
-7.74303
-7.74331
-7.74360
-7.74388
-7.74417
-7.74445
-7.74474
-7.74502
-7.74531
-7.74559
-7.74588
-7.74616
-7.74645
-7.74673
-7.74702
-7.74730
-7.74758
-7.74787
-7.74815
-7.74844
-7.74872
-7.74901
-7.74929
-7.74958
-7.74986
-7.75015
-7.75043
-7.75072
-7.75100
-7.75129
-7.75157
-7.75186
-7.75214
-7.75243
-7.75271
-7.75300
-7.75328
-7.75356
-7.75385
-7.75413
-7.75442
-7.75470
-7.75499
-7.75527
-7.75556
-7.75584
-7.75613
-7.75641
-7.75670
-7.75698
-7.75727
-7.75755
-7.75784
-7.75812
-7.75841
-7.75869
-7.75897
-7.75926
-7.75954
-7.75983
-7.76011
-7.76040
-7.76068
-7.76097
-7.76125
-7.76154
-7.76182
-7.76211
-7.76239
-7.76268
-7.76296
-7.76325
-7.76353
-7.76382
-7.76410
-7.76439
-7.76467
-7.76495
-7.76524
-7.76552
-7.76581
-7.76609
-7.76638
-7.76666
-7.76695
-7.76723
-7.76752
-7.76780
-7.76809
-7.76837
-7.76866
-7.76894
-7.76923
-7.76951
-7.76980
-7.77008
-7.77036
-7.77065
-7.77093
-7.77122
-7.77150
-7.77179
-7.77207
-7.77236
-7.77264
-7.77293
-7.77321
-7.77350
-7.77378
-7.77407
-7.77435
-7.77464
-7.77492
-7.77521
-7.77549
-7.77577
-7.77606
-7.77634
-7.77663
-7.77691
-7.77720
-7.77748
-7.77777
-7.77805
-7.77834
-7.77862
-7.77891
-7.77919
-7.77948
-7.77976
-7.78005
-7.78033
-7.78062
-7.78090
-7.78119
-7.78147
-7.78175
-7.78204
-7.78232
-7.78261
-7.78289
-7.78318
-7.78346
-7.78375
-7.78403
-7.78432
-7.78460
-7.78489
-7.78517
-7.78546
-7.78574
-7.78603
-7.78631
-7.78660
-7.78688
-7.78716
-7.78745
-7.78773
-7.78802
-7.78830
-7.78859
-7.78887
-7.78916
-7.78944
-7.78973
-7.79001
-7.79030
-7.79058
-7.79087
-7.79115
-7.79144
-7.79172
-7.79201
-7.79229
-7.79257
-7.79286
-7.79314
-7.79343
-7.79371
-7.79400
-7.79428
-7.79457
-7.79485
-7.79514
-7.79542
-7.79571
-7.79599
-7.79628
-7.79656
-7.79685
-7.79713
-7.79742
-7.79770
-7.79798
-7.79827
-7.79855
-7.79884
-7.79912
-7.79941
-7.79969
-7.79998
-7.80026
-7.80055
-7.80083
-7.80112
-7.80140
-7.80169
-7.80197
-7.80226
-7.80254
-7.80283
-7.80311
-7.80339
-7.80368
-7.80396
-7.80425
-7.80453
-7.80482
-7.80510
-7.80539
-7.80567
-7.80596
-7.80624
-7.80653
-7.80681
-7.80710
-7.80738
-7.80767
-7.80795
-7.80824
-7.80852
-7.80880
-7.80909
-7.80937
-7.80966
-7.80994
-7.81023
-7.81051
-7.81080
-7.81108
-7.81137
-7.81165
-7.81194
-7.81222
-7.81251
-7.81279
-7.81308
-7.81336
-7.81364
-7.81393
-7.81421
-7.81450
-7.81478
-7.81507
-7.81535
-7.81564
-7.81592
-7.81621
-7.81649
-7.81678
-7.81706
-7.81735
-7.81763
-7.81792
-7.81820
-7.81849
-7.81877
-7.81905
-7.81934
-7.81962
-7.81991
-7.82019
-7.82048
-7.82076
-7.82105
-7.82133
-7.82162
-7.82190
-7.82219
-7.82247
-7.82276
-7.82304
-7.82333
-7.82361
-7.82390
-7.82418
-7.82446
-7.82475
-7.82503
-7.82532
-7.82560
-7.82589
-7.82617
-7.82646
-7.82674
-7.82703
-7.82731
-7.82760
-7.82788
-7.82817
-7.82845
-7.82874
-7.82902
-7.82931
-7.82959
-7.82987
-7.83016
-7.83044
-7.83073
-7.83101
-7.83130
-7.83158
-7.83187
-7.83215
-7.83244
-7.83272
-7.83301
-7.83329
-7.83358
-7.83386
-7.83415
-7.83443
-7.83471
-7.83500
-7.83528
-7.83557
-7.83585
-7.83614
-7.83642
-7.83671
-7.83699
-7.83728
-7.83756
-7.83785
-7.83813
-7.83842
-7.83870
-7.83899
-7.83927
-7.83956
-7.83984
-7.84012
-7.84041
-7.84069
-7.84098
-7.84126
-7.84155
-7.84183
-7.84212
-7.84240
-7.84269
-7.84297
-7.84326
-7.84354
-7.84383
-7.84411
-7.84440
-7.84468
-7.84496
-7.84525
-7.84553
-7.84582
-7.84610
-7.84639
-7.84667
-7.84696
-7.84724
-7.84753
-7.84781
-7.84810
-7.84838
-7.84867
-7.84895
-7.84924
-7.84952
-7.84981
-7.85009
-7.85037
-7.85066
-7.85094
-7.85123
-7.85151
-7.85180
-7.85208
-7.85237
-7.85265
-7.85294
-7.85322
-7.85351
-7.85379
-7.85408
-7.85436
-7.85465
-7.85493
-7.85521
-7.85550
-7.85578
-7.85607
-7.85635
-7.85664
-7.85692
-7.85721
-7.85749
-7.85778
-7.85806
-7.85835
-7.85863
-7.85892
-7.85920
-7.85949
-7.85977
-7.86006
-7.86034
-7.86062
-7.86091
-7.86119
-7.86148
-7.86176
-7.86205
-7.86233
-7.86262
-7.86290
-7.86319
-7.86347
-7.86376
-7.86404
-7.86433
-7.86461
-7.86490
-7.86518
-7.86546
-7.86575
-7.86603
-7.86632
-7.86660
-7.86689
-7.86717
-7.86746
-7.86774
-7.86803
-7.86831
-7.86860
-7.86888
-7.86917
-7.86945
-7.86974
-7.87002
-7.87030
-7.87059
-7.87087
-7.87116
-7.87144
-7.87173
-7.87201
-7.87230
-7.87258
-7.87287
-7.87315
-7.87344
-7.87372
-7.87401
-7.87429
-7.87458
-7.87486
-7.87515
-7.87543
-7.87571
-7.87600
-7.87628
-7.87657
-7.87685
-7.87714
-7.87742
-7.87771
-7.87799
-7.87828
-7.87856
-7.87885
-7.87913
-7.87942
-7.87970
-7.87999
-7.88027
-7.88055
-7.88084
-7.88112
-7.88141
-7.88169
-7.88198
-7.88226
-7.88255
-7.88283
-7.88312
-7.88340
-7.88369
-7.88397
-7.88426
-7.88454
-7.88483
-7.88511
-7.88539
-7.88568
-7.88596
-7.88625
-7.88653
-7.88682
-7.88710
-7.88739
-7.88767
-7.88796
-7.88824
-7.88853
-7.88881
-7.88910
-7.88938
-7.88967
-7.88995
-7.89023
-7.89052
-7.89080
-7.89109
-7.89137
-7.89166
-7.89194
-7.89223
-7.89251
-7.89280
-7.89308
-7.89337
-7.89365
-7.89394
-7.89422
-7.89451
-7.89479
-7.89507
-7.89536
-7.89564
-7.89593
-7.89621
-7.89650
-7.89678
-7.89707
-7.89735
-7.89764
-7.89792
-7.89821
-7.89849
-7.89878
-7.89906
-7.89935
-7.89963
-7.89991
-7.90020
-7.90048
-7.90077
-7.90105
-7.90134
-7.90162
-7.90191
-7.90219
-7.90248
-7.90276
-7.90305
-7.90333
-7.90362
-7.90390
-7.90419
-7.90447
-7.90475
-7.90504
-7.90532
-7.90561
-7.90589
-7.90618
-7.90646
-7.90675
-7.90703
-7.90732
-7.90760
-7.90789
-7.90817
-7.90846
-7.90874
-7.90903
-7.90931
-7.90959
-7.90988
-7.91016
-7.91045
-7.91073
-7.91102
-7.91130
-7.91159
-7.91187
-7.91216
-7.91244
-7.91273
-7.91301
-7.91330
-7.91358
-7.91387
-7.91415
-7.91443
-7.91472
-7.91500
-7.91529
-7.91557
-7.91586
-7.91614
-7.91643
-7.91671
-7.91700
-7.91728
-7.91757
-7.91785
-7.91814
-7.91842
-7.91871
-7.91899
-7.91927
-7.91956
-7.91984
-7.92013
-7.92041
-7.92070
-7.92098
-7.92127
-7.92155
-7.92184
-7.92212
-7.92241
-7.92269
-7.92298
-7.92326
-7.92355
-7.92383
-7.92411
-7.92440
-7.92468
-7.92497
-7.92525
-7.92554
-7.92582
-7.92611
-7.92639
-7.92668
-7.92696
-7.92725
-7.92753
-7.92782
-7.92810
-7.92839
-7.92867
-7.92895
-7.92924
-7.92952
-7.92981
-7.93009
-7.93038
-7.93066
-7.93095
-7.93123
-7.93152
-7.93180
-7.93209
-7.93237
-7.93266
-7.93294
-7.93323
-7.93351
-7.93379
-7.93408
-7.93436
-7.93465
-7.93493
-7.93522
-7.93550
-7.93579
-7.93607
-7.93636
-7.93664
-7.93693
-7.93721
-7.93750
-7.93778
-7.93806
-7.93835
-7.93863
-7.93892
-7.93920
-7.93949
-7.93977
-7.94006
-7.94034
-7.94063
-7.94091
-7.94120
-7.94148
-7.94177
-7.94205
-7.94234
-7.94262
-7.94290
-7.94319
-7.94347
-7.94376
-7.94404
-7.94433
-7.94461
-7.94490
-7.94518
-7.94547
-7.94575
-7.94604
-7.94632
-7.94661
-7.94689
-7.94718
-7.94746
-7.94774
-7.94803
-7.94831
-7.94860
-7.94888
-7.94917
-7.94945
-7.94974
-7.95002
-7.95031
-7.95059
-7.95088
-7.95116
-7.95145
-7.95173
-7.95202
-7.95230
-7.95258
-7.95287
-7.95315
-7.95344
-7.95372
-7.95401
-7.95429
-7.95458
-7.95486
-7.95515
-7.95543
-7.95572
-7.95600
-7.95629
-7.95657
-7.95685
-7.95714
-7.95742
-7.95771
-7.95799
-7.95828
-7.95856
-7.95885
-7.95913
-7.95942
-7.95970
-7.95999
-7.96027
-7.96056
-7.96084
-7.96113
-7.96141
-7.96169
-7.96198
-7.96226
-7.96255
-7.96283
-7.96312
-7.96340
-7.96369
-7.96397
-7.96426
-7.96454
-7.96483
-7.96511
-7.96540
-7.96568
-7.96596
-7.96625
-7.96653
-7.96682
-7.96710
-7.96739
-7.96767
-7.96796
-7.96824
-7.96853
-7.96881
-7.96910
-7.96938
-7.96967
-7.96995
-7.97024
-7.97052
-7.97080
-7.97109
-7.97137
-7.97166
-7.97194
-7.97223
-7.97251
-7.97280
-7.97308
-7.97337
-7.97365
-7.97394
-7.97422
-7.97451
-7.97479
-7.97507
-7.97536
-7.97564
-7.97593
-7.97621
-7.97650
-7.97678
-7.97707
-7.97735
-7.97764
-7.97792
-7.97821
-7.97849
-7.97878
-7.97906
-7.97935
-7.97963
-7.97991
-7.98020
-7.98048
-7.98077
-7.98105
-7.98134
-7.98162
-7.98191
-7.98219
-7.98248
-7.98276
-7.98305
-7.98333
-7.98362
-7.98390
-7.98418
-7.98447
-7.98475
-7.98504
-7.98532
-7.98561
-7.98589
-7.98618
-7.98646
-7.98675
-7.98703
-7.98732
-7.98760
-7.98789
-7.98817
-7.98845
-7.98874
-7.98902
-7.98931
-7.98959
-7.98988
-7.99016
-7.99045
-7.99073
-7.99102
-7.99130
-7.99159
-7.99187
-7.99216
-7.99244
-7.99273
-7.99301
-7.99329
-7.99358
-7.99386
-7.99415
-7.99443
-7.99472
-7.99500
-7.99529
-7.99557
-7.99586
-7.99614
-7.99643
-7.99671
-7.99700
-7.99728
-7.99756
-7.99785
-7.99813
-7.99842
-7.99870
-7.99899
-7.99927
-7.99956
-7.99984
-8.00013
-8.00041
-8.00070
-8.00098
-8.00127
-8.00155
-8.00183
-8.00212
-8.00240
-8.00269
-8.00297
-8.00326
-8.00354
-8.00383
-8.00411
-8.00440
-8.00468
-8.00497
-8.00525
-8.00554
-8.00582
-8.00611
-8.00639
-8.00667
-8.00696
-8.00724
-8.00753
-8.00781
-8.00810
-8.00838
-8.00867
-8.00895
-8.00924
-8.00952
-8.00981
-8.01009
-8.01038
-8.01066
-8.01094
-8.01123
-8.01151
-8.01180
-8.01208
-8.01237
-8.01265
-8.01294
-8.01322
-8.01351
-8.01379
-8.01408
-8.01436
-8.01465
-8.01493
-8.01521
-8.01550
-8.01578
-8.01607
-8.01635
-8.01664
-8.01692
-8.01721
-8.01749
-8.01778
-8.01806
-8.01835
-8.01863
-8.01892
-8.01920
-8.01948
-8.01977
-8.02005
-8.02034
-8.02062
-8.02091
-8.02119
-8.02148
-8.02176
-8.02205
-8.02233
-8.02262
-8.02290
-8.02319
-8.02347
-8.02375
-8.02404
-8.02432
-8.02461
-8.02489
-8.02518
-8.02546
-8.02575
-8.02603
-8.02632
-8.02660
-8.02689
-8.02717
-8.02746
-8.02774
-8.02802
-8.02831
-8.02859
-8.02888
-8.02916
-8.02945
-8.02973
-8.03002
-8.03030
-8.03059
-8.03087
-8.03116
-8.03144
-8.03173
-8.03201
-8.03229
-8.03258
-8.03286
-8.03315
-8.03343
-8.03372
-8.03400
-8.03429
-8.03457
-8.03486
-8.03514
-8.03543
-8.03571
-8.03600
-8.03628
-8.03656
-8.03685
-8.03713
-8.03742
-8.03770
-8.03799
-8.03827
-8.03856
-8.03884
-8.03913
-8.03941
-8.03970
-8.03998
-8.04027
-8.04055
-8.04083
-8.04112
-8.04140
-8.04169
-8.04197
-8.04226
-8.04254
-8.04283
-8.04311
-8.04340
-8.04368
-8.04397
-8.04425
-8.04454
-8.04482
-8.04510
-8.04539
-8.04567
-8.04596
-8.04624
-8.04653
-8.04681
-8.04710
-8.04738
-8.04767
-8.04795
-8.04824
-8.04852
-8.04881
-8.04909
-8.04937
-8.04966
-8.04994
-8.05023
-8.05051
-8.05080
-8.05108
-8.05137
-8.05165
-8.05194
-8.05222
-8.05251
-8.05279
-8.05308
-8.05336
-8.05364
-8.05393
-8.05421
-8.05450
-8.05478
-8.05507
-8.05535
-8.05564
-8.05592
-8.05621
-8.05649
-8.05678
-8.05706
-8.05735
-8.05763
-8.05791
-8.05820
-8.05848
-8.05877
-8.05905
-8.05934
-8.05962
-8.05991
-8.06019
-8.06048
-8.06076
-8.06105
-8.06133
-8.06162
-8.06190
-8.06218
-8.06247
-8.06275
-8.06304
-8.06332
-8.06361
-8.06389
-8.06418
-8.06446
-8.06475
-8.06503
-8.06532
-8.06560
-8.06589
-8.06617
-8.06645
-8.06674
-8.06702
-8.06731
-8.06759
-8.06788
-8.06816
-8.06845
-8.06873
-8.06902
-8.06930
-8.06959
-8.06987
-8.07016
-8.07044
-8.07072
-8.07101
-8.07129
-8.07158
-8.07186
-8.07215
-8.07243
-8.07272
-8.07300
-8.07329
-8.07357
-8.07386
-8.07414
-8.07443
-8.07471
-8.07499
-8.07528
-8.07556
-8.07585
-8.07613
-8.07642
-8.07670
-8.07699
-8.07727
-8.07756
-8.07784
-8.07813
-8.07841
-8.07869
-8.07898
-8.07926
-8.07955
-8.07983
-8.08012
-8.08040
-8.08069
-8.08097
-8.08126
-8.08154
-8.08183
-8.08211
-8.08240
-8.08268
-8.08296
-8.08325
-8.08353
-8.08382
-8.08410
-8.08439
-8.08467
-8.08496
-8.08524
-8.08553
-8.08581
-8.08610
-8.08638
-8.08667
-8.08695
-8.08723
-8.08752
-8.08780
-8.08809
-8.08837
-8.08866
-8.08894
-8.08923
-8.08951
-8.08980
-8.09008
-8.09037
-8.09065
-8.09094
-8.09122
-8.09150
-8.09179
-8.09207
-8.09236
-8.09264
-8.09293
-8.09321
-8.09350
-8.09378
-8.09407
-8.09435
-8.09464
-8.09492
-8.09520
-8.09549
-8.09577
-8.09606
-8.09634
-8.09663
-8.09691
-8.09720
-8.09748
-8.09777
-8.09805
-8.09834
-8.09862
-8.09891
-8.09919
-8.09947
-8.09976
-8.10004
-8.10033
-8.10061
-8.10090
-8.10118
-8.10147
-8.10175
-8.10204
-8.10232
-8.10261
-8.10289
-8.10317
-8.10346
-8.10374
-8.10403
-8.10431
-8.10460
-8.10488
-8.10517
-8.10545
-8.10574
-8.10602
-8.10631
-8.10659
-8.10688
-8.10716
-8.10744
-8.10773
-8.10801
-8.10830
-8.10858
-8.10887
-8.10915
-8.10944
-8.10972
-8.11001
-8.11029
-8.11058
-8.11086
-8.11115
-8.11143
-8.11171
-8.11200
-8.11228
-8.11257
-8.11285
-8.11314
-8.11342
-8.11371
-8.11399
-8.11428
-8.11456
-8.11485
-8.11513
-8.11541
-8.11570
-8.11598
-8.11627
-8.11655
-8.11684
-8.11712
-8.11741
-8.11769
-8.11798
-8.11826
-8.11855
-8.11883
-8.11912
-8.11940
-8.11968
-8.11997
-8.12025
-8.12054
-8.12082
-8.12111
-8.12139
-8.12168
-8.12196
-8.12225
-8.12253
-8.12282
-8.12310
-8.12338
-8.12367
-8.12395
-8.12424
-8.12452
-8.12481
-8.12509
-8.12538
-8.12566
-8.12595
-8.12623
-8.12652
-8.12680
-8.12709
-8.12737
-8.12765
-8.12794
-8.12822
-8.12851
-8.12879
-8.12908
-8.12936
-8.12965
-8.12993
-8.13022
-8.13050
-8.13079
-8.13107
-8.13135
-8.13164
-8.13192
-8.13221
-8.13249
-8.13278
-8.13306
-8.13335
-8.13363
-8.13392
-8.13420
-8.13449
-8.13477
-8.13506
-8.13534
-8.13562
-8.13591
-8.13619
-8.13648
-8.13676
-8.13705
-8.13733
-8.13762
-8.13790
-8.13819
-8.13847
-8.13876
-8.13904
-8.13932
-8.13961
-8.13989
-8.14018
-8.14046
-8.14075
-8.14103
-8.14132
-8.14160
-8.14189
-8.14217
-8.14246
-8.14274
-8.14303
-8.14331
-8.14359
-8.14388
-8.14416
-8.14445
-8.14473
-8.14502
-8.14530
-8.14559
-8.14587
-8.14616
-8.14644
-8.14673
-8.14701
-8.14729
-8.14758
-8.14786
-8.14815
-8.14843
-8.14872
-8.14900
-8.14929
-8.14957
-8.14986
-8.15014
-8.15043
-8.15071
-8.15099
-8.15128
-8.15156
-8.15185
-8.15213
-8.15242
-8.15270
-8.15299
-8.15327
-8.15356
-8.15384
-8.15413
-8.15441
-8.15470
-8.15498
-8.15526
-8.15555
-8.15583
-8.15612
-8.15640
-8.15669
-8.15697
-8.15726
-8.15754
-8.15783
-8.15811
-8.15840
-8.15868
-8.15896
-8.15925
-8.15953
-8.15982
-8.16010
-8.16039
-8.16067
-8.16096
-8.16124
-8.16153
-8.16181
-8.16210
-8.16238
-8.16266
-8.16295
-8.16323
-8.16352
-8.16380
-8.16409
-8.16437
-8.16466
-8.16494
-8.16523
-8.16551
-8.16580
-8.16608
-8.16636
-8.16665
-8.16693
-8.16722
-8.16750
-8.16779
-8.16807
-8.16836
-8.16864
-8.16893
-8.16921
-8.16950
-8.16978
-8.17007
-8.17035
-8.17063
-8.17092
-8.17120
-8.17149
-8.17177
-8.17206
-8.17234
-8.17263
-8.17291
-8.17320
-8.17348
-8.17377
-8.17405
-8.17433
-8.17462
-8.17490
-8.17519
-8.17547
-8.17576
-8.17604
-8.17633
-8.17661
-8.17690
-8.17718
-8.17747
-8.17775
-8.17803
-8.17832
-8.17860
-8.17889
-8.17917
-8.17946
-8.17974
-8.18003
-8.18031
-8.18060
-8.18088
-8.18117
-8.18145
-8.18173
-8.18202
-8.18230
-8.18259
-8.18287
-8.18316
-8.18344
-8.18373
-8.18401
-8.18430
-8.18458
-8.18487
-8.18515
-8.18544
-8.18572
-8.18600
-8.18629
-8.18657
-8.18686
-8.18714
-8.18743
-8.18771
-8.18800
-8.18828
-8.18857
-8.18885
-8.18914
-8.18942
-8.18970
-8.18999
-8.19027
-8.19056
-8.19084
-8.19113
-8.19141
-8.19170
-8.19198
-8.19227
-8.19255
-8.19284
-8.19312
-8.19340
-8.19369
-8.19397
-8.19426
-8.19454
-8.19483
-8.19511
-8.19540
-8.19568
-8.19597
-8.19625
-8.19654
-8.19682
-8.19710
-8.19739
-8.19767
-8.19796
-8.19824
-8.19853
-8.19881
-8.19910
-8.19938
-8.19967
-8.19995
-8.20024
-8.20052
-8.20080
-8.20109
-8.20137
-8.20166
-8.20194
-8.20223
-8.20251
-8.20280
-8.20308
-8.20337
-8.20365
-8.20394
-8.20422
-8.20450
-8.20479
-8.20507
-8.20536
-8.20564
-8.20593
-8.20621
-8.20650
-8.20678
-8.20707
-8.20735
-8.20764
-8.20792
-8.20820
-8.20849
-8.20877
-8.20906
-8.20934
-8.20963
-8.20991
-8.21020
-8.21048
-8.21077
-8.21105
-8.21134
-8.21162
-8.21190
-8.21219
-8.21247
-8.21276
-8.21304
-8.21333
-8.21361
-8.21390
-8.21418
-8.21447
-8.21475
-8.21504
-8.21532
-8.21560
-8.21589
-8.21617
-8.21646
-8.21674
-8.21703
-8.21731
-8.21760
-8.21788
-8.21817
-8.21845
-8.21874
-8.21902
-8.21930
-8.21959
-8.21987
-8.22016
-8.22044
-8.22073
-8.22101
-8.22130
-8.22158
-8.22187
-8.22215
-8.22244
-8.22272
-8.22300
-8.22329
-8.22357
-8.22386
-8.22414
-8.22443
-8.22471
-8.22500
-8.22528
-8.22557
-8.22585
-8.22614
-8.22642
-8.22670
-8.22699
-8.22727
-8.22756
-8.22784
-8.22813
-8.22841
-8.22870
-8.22898
-8.22927
-8.22955
-8.22984
-8.23012
-8.23040
-8.23069
-8.23097
-8.23126
-8.23154
-8.23183
-8.23211
-8.23240
-8.23268
-8.23297
-8.23325
-8.23354
-8.23382
-8.23410
-8.23439
-8.23467
-8.23496
-8.23524
-8.23553
-8.23581
-8.23610
-8.23638
-8.23667
-8.23695
-8.23724
-8.23752
-8.23780
-8.23809
-8.23837
-8.23866
-8.23894
-8.23923
-8.23951
-8.23980
-8.24008
-8.24037
-8.24065
-8.24094
-8.24122
-8.24150
-8.24179
-8.24207
-8.24236
-8.24264
-8.24293
-8.24321
-8.24350
-8.24378
-8.24407
-8.24435
-8.24464
-8.24492
-8.24520
-8.24549
-8.24577
-8.24606
-8.24634
-8.24663
-8.24691
-8.24720
-8.24748
-8.24777
-8.24805
-8.24834
-8.24862
-8.24890
-8.24919
-8.24947
-8.24976
-8.25004
-8.25033
-8.25061
-8.25090
-8.25118
-8.25147
-8.25175
-8.25204
-8.25232
-8.25260
-8.25289
-8.25317
-8.25346
-8.25374
-8.25403
-8.25431
-8.25460
-8.25488
-8.25517
-8.25545
-8.25573
-8.25602
-8.25630
-8.25659
-8.25687
-8.25716
-8.25744
-8.25773
-8.25801
-8.25830
-8.25858
-8.25887
-8.25915
-8.25943
-8.25972
-8.26000
-8.26029
-8.26057
-8.26086
-8.26114
-8.26143
-8.26171
-8.26200
-8.26228
-8.26257
-8.26285
-8.26313
-8.26342
-8.26370
-8.26399
-8.26427
-8.26456
-8.26484
-8.26513
-8.26541
-8.26570
-8.26598
-8.26627
-8.26655
-8.26683
-8.26712
-8.26740
-8.26769
-8.26797
-8.26826
-8.26854
-8.26883
-8.26911
-8.26940
-8.26968
-8.26997
-8.27025
-8.27053
-8.27082
-8.27110
-8.27139
-8.27167
-8.27196
-8.27224
-8.27253
-8.27281
-8.27310
-8.27338
-8.27366
-8.27395
-8.27423
-8.27452
-8.27480
-8.27509
-8.27537
-8.27566
-8.27594
-8.27623
-8.27651
-8.27680
-8.27708
-8.27736
-8.27765
-8.27793
-8.27822
-8.27850
-8.27879
-8.27907
-8.27936
-8.27964
-8.27993
-8.28021
-8.28050
-8.28078
-8.28106
-8.28135
-8.28163
-8.28192
-8.28220
-8.28249
-8.28277
-8.28306
-8.28334
-8.28363
-8.28391
-8.28420
-8.28448
-8.28476
-8.28505
-8.28533
-8.28562
-8.28590
-8.28619
-8.28647
-8.28676
-8.28704
-8.28733
-8.28761
-8.28789
-8.28818
-8.28846
-8.28875
-8.28903
-8.28932
-8.28960
-8.28989
-8.29017
-8.29046
-8.29074
-8.29103
-8.29131
-8.29159
-8.29188
-8.29216
-8.29245
-8.29273
-8.29302
-8.29330
-8.29359
-8.29387
-8.29416
-8.29444
-8.29473
-8.29501
-8.29529
-8.29558
-8.29586
-8.29615
-8.29643
-8.29672
-8.29700
-8.29729
-8.29757
-8.29786
-8.29814
-8.29842
-8.29871
-8.29899
-8.29928
-8.29956
-8.29985
-8.30013
-8.30042
-8.30070
-8.30099
-8.30127
-8.30156
-8.30184
-8.30212
-8.30241
-8.30269
-8.30298
-8.30326
-8.30355
-8.30383
-8.30412
-8.30440
-8.30469
-8.30497
-8.30525
-8.30554
-8.30582
-8.30611
-8.30639
-8.30668
-8.30696
-8.30725
-8.30753
-8.30782
-8.30810
-8.30839
-8.30867
-8.30895
-8.30924
-8.30952
-8.30981
-8.31009
-8.31038
-8.31066
-8.31095
-8.31123
-8.31152
-8.31180
-8.31209
-8.31237
-8.31265
-8.31294
-8.31322
-8.31351
-8.31379
-8.31408
-8.31436
-8.31465
-8.31493
-8.31522
-8.31550
-8.31578
-8.31607
-8.31635
-8.31664
-8.31692
-8.31721
-8.31749
-8.31778
-8.31806
-8.31835
-8.31863
-8.31892
-8.31920
-8.31948
-8.31977
-8.32005
-8.32034
-8.32062
-8.32091
-8.32119
-8.32148
-8.32176
-8.32205
-8.32233
-8.32261
-8.32290
-8.32318
-8.32347
-8.32375
-8.32404
-8.32432
-8.32461
-8.32489
-8.32518
-8.32546
-8.32575
-8.32603
-8.32631
-8.32660
-8.32688
-8.32717
-8.32745
-8.32774
-8.32802
-8.32831
-8.32859
-8.32888
-8.32916
-8.32944
-8.32973
-8.33001
-8.33030
-8.33058
-8.33087
-8.33115
-8.33144
-8.33172
-8.33201
-8.33229
-8.33258
-8.33286
-8.33314
-8.33343
-8.33371
-8.33400
-8.33428
-8.33457
-8.33485
-8.33514
-8.33542
-8.33571
-8.33599
-8.33627
-8.33656
-8.33684
-8.33713
-8.33741
-8.33770
-8.33798
-8.33827
-8.33855
-8.33884
-8.33912
-8.33941
-8.33969
-8.33997
-8.34026
-8.34054
-8.34083
-8.34111
-8.34140
-8.34168
-8.34197
-8.34225
-8.34254
-8.34282
-8.34310
-8.34339
-8.34367
-8.34396
-8.34424
-8.34453
-8.34481
-8.34510
-8.34538
-8.34567
-8.34595
-8.34624
-8.34652
-8.34680
-8.34709
-8.34737
-8.34766
-8.34794
-8.34823
-8.34851
-8.34880
-8.34908
-8.34937
-8.34965
-8.34993
-8.35022
-8.35050
-8.35079
-8.35107
-8.35136
-8.35164
-8.35193
-8.35221
-8.35250
-8.35278
-8.35307
-8.35335
-8.35363
-8.35392
-8.35420
-8.35449
-8.35477
-8.35506
-8.35534
-8.35563
-8.35591
-8.35620
-8.35648
-8.35676
-8.35705
-8.35733
-8.35762
-8.35790
-8.35819
-8.35847
-8.35876
-8.35904
-8.35933
-8.35961
-8.35989
-8.36018
-8.36046
-8.36075
-8.36103
-8.36132
-8.36160
-8.36189
-8.36217
-8.36246
-8.36274
-8.36303
-8.36331
-8.36359
-8.36388
-8.36416
-8.36445
-8.36473
-8.36502
-8.36530
-8.36559
-8.36587
-8.36616
-8.36644
-8.36672
-8.36701
-8.36729
-8.36758
-8.36786
-8.36815
-8.36843
-8.36872
-8.36900
-8.36929
-8.36957
-8.36985
-8.37014
-8.37042
-8.37071
-8.37099
-8.37128
-8.37156
-8.37185
-8.37213
-8.37242
-8.37270
-8.37299
-8.37327
-8.37355
-8.37384
-8.37412
-8.37441
-8.37469
-8.37498
-8.37526
-8.37555
-8.37583
-8.37612
-8.37640
-8.37668
-8.37697
-8.37725
-8.37754
-8.37782
-8.37811
-8.37839
-8.37868
-8.37896
-8.37925
-8.37953
-8.37981
-8.38010
-8.38038
-8.38067
-8.38095
-8.38124
-8.38152
-8.38181
-8.38209
-8.38238
-8.38266
-8.38295
-8.38323
-8.38351
-8.38380
-8.38408
-8.38437
-8.38465
-8.38494
-8.38522
-8.38551
-8.38579
-8.38608
-8.38636
-8.38664
-8.38693
-8.38721
-8.38750
-8.38778
-8.38807
-8.38835
-8.38864
-8.38892
-8.38921
-8.38949
-8.38977
-8.39006
-8.39034
-8.39063
-8.39091
-8.39120
-8.39148
-8.39177
-8.39205
-8.39234
-8.39262
-8.39291
-8.39319
-8.39347
-8.39376
-8.39404
-8.39433
-8.39461
-8.39490
-8.39518
-8.39547
-8.39575
-8.39604
-8.39632
-8.39660
-8.39689
-8.39717
-8.39746
-8.39774
-8.39803
-8.39831
-8.39860
-8.39888
-8.39917
-8.39945
-8.39973
-8.40002
-8.40030
-8.40059
-8.40087
-8.40116
-8.40144
-8.40173
-8.40201
-8.40230
-8.40258
-8.40286
-8.40315
-8.40343
-8.40372
-8.40400
-8.40429
-8.40457
-8.40486
-8.40514
-8.40543
-8.40571
-8.40599
-8.40628
-8.40656
-8.40685
-8.40713
-8.40742
-8.40770
-8.40799
-8.40827
-8.40856
-8.40884
-8.40913
-8.40941
-8.40969
-8.40998
-8.41026
-8.41055
-8.41083
-8.41112
-8.41140
-8.41169
-8.41197
-8.41226
-8.41254
-8.41282
-8.41311
-8.41339
-8.41368
-8.41396
-8.41425
-8.41453
-8.41482
-8.41510
-8.41539
-8.41567
-8.41595
-8.41624
-8.41652
-8.41681
-8.41709
-8.41738
-8.41766
-8.41795
-8.41823
-8.41852
-8.41880
-8.41908
-8.41937
-8.41965
-8.41994
-8.42022
-8.42051
-8.42079
-8.42108
-8.42136
-8.42165
-8.42193
-8.42221
-8.42250
-8.42278
-8.42307
-8.42335
-8.42364
-8.42392
-8.42421
-8.42449
-8.42478
-8.42506
-8.42534
-8.42563
-8.42591
-8.42620
-8.42648
-8.42677
-8.42705
-8.42734
-8.42762
-8.42791
-8.42819
-8.42848
-8.42876
-8.42904
-8.42933
-8.42961
-8.42990
-8.43018
-8.43047
-8.43075
-8.43104
-8.43132
-8.43161
-8.43189
-8.43217
-8.43246
-8.43274
-8.43303
-8.43331
-8.43360
-8.43388
-8.43417
-8.43445
-8.43474
-8.43502
-8.43530
-8.43559
-8.43587
-8.43616
-8.43644
-8.43673
-8.43701
-8.43730
-8.43758
-8.43787
-8.43815
-8.43843
-8.43872
-8.43900
-8.43929
-8.43957
-8.43986
-8.44014
-8.44043
-8.44071
-8.44100
-8.44128
-8.44156
-8.44185
-8.44213
-8.44242
-8.44270
-8.44299
-8.44327
-8.44356
-8.44384
-8.44413
-8.44441
-8.44469
-8.44498
-8.44526
-8.44555
-8.44583
-8.44612
-8.44640
-8.44669
-8.44697
-8.44726
-8.44754
-8.44782
-8.44811
-8.44839
-8.44868
-8.44896
-8.44925
-8.44953
-8.44982
-8.45010
-8.45039
-8.45067
-8.45095
-8.45124
-8.45152
-8.45181
-8.45209
-8.45238
-8.45266
-8.45295
-8.45323
-8.45352
-8.45380
-8.45408
-8.45437
-8.45465
-8.45494
-8.45522
-8.45551
-8.45579
-8.45608
-8.45636
-8.45665
-8.45693
-8.45721
-8.45750
-8.45778
-8.45807
-8.45835
-8.45864
-8.45892
-8.45921
-8.45949
-8.45978
-8.46006
-8.46034
-8.46063
-8.46091
-8.46120
-8.46148
-8.46177
-8.46205
-8.46234
-8.46262
-8.46291
-8.46319
-8.46347
-8.46376
-8.46404
-8.46433
-8.46461
-8.46490
-8.46518
-8.46547
-8.46575
-8.46604
-8.46632
-8.46660
-8.46689
-8.46717
-8.46746
-8.46774
-8.46803
-8.46831
-8.46860
-8.46888
-8.46917
-8.46945
-8.46973
-8.47002
-8.47030
-8.47059
-8.47087
-8.47116
-8.47144
-8.47173
-8.47201
-8.47230
-8.47258
-8.47286
-8.47315
-8.47343
-8.47372
-8.47400
-8.47429
-8.47457
-8.47486
-8.47514
-8.47543
-8.47571
-8.47599
-8.47628
-8.47656
-8.47685
-8.47713
-8.47742
-8.47770
-8.47799
-8.47827
-8.47856
-8.47884
-8.47912
-8.47941
-8.47969
-8.47998
-8.48026
-8.48055
-8.48083
-8.48112
-8.48140
-8.48169
-8.48197
-8.48225
-8.48254
-8.48282
-8.48311
-8.48339
-8.48368
-8.48396
-8.48425
-8.48453
-8.48482
-8.48510
-8.48538
-8.48567
-8.48595
-8.48624
-8.48652
-8.48681
-8.48709
-8.48738
-8.48766
-8.48795
-8.48823
-8.48851
-8.48880
-8.48908
-8.48937
-8.48965
-8.48994
-8.49022
-8.49051
-8.49079
-8.49108
-8.49136
-8.49164
-8.49193
-8.49221
-8.49250
-8.49278
-8.49307
-8.49335
-8.49364
-8.49392
-8.49421
-8.49449
-8.49477
-8.49506
-8.49534
-8.49563
-8.49591
-8.49620
-8.49648
-8.49677
-8.49705
-8.49734
-8.49762
-8.49790
-8.49819
-8.49847
-8.49876
-8.49904
-8.49933
-8.49961
-8.49990
-8.50018
-8.50046
-8.50075
-8.50103
-8.50132
-8.50160
-8.50189
-8.50217
-8.50246
-8.50274
-8.50303
-8.50331
-8.50359
-8.50388
-8.50416
-8.50445
-8.50473
-8.50502
-8.50530
-8.50559
-8.50587
-8.50616
-8.50644
-8.50672
-8.50701
-8.50729
-8.50758
-8.50786
-8.50815
-8.50843
-8.50872
-8.50900
-8.50929
-8.50957
-8.50985
-8.51014
-8.51042
-8.51071
-8.51099
-8.51128
-8.51156
-8.51185
-8.51213
-8.51242
-8.51270
-8.51298
-8.51327
-8.51355
-8.51384
-8.51412
-8.51441
-8.51469
-8.51498
-8.51526
-8.51555
-8.51583
-8.51611
-8.51640
-8.51668
-8.51697
-8.51725
-8.51754
-8.51782
-8.51811
-8.51839
-8.51868
-8.51896
-8.51924
-8.51953
-8.51981
-8.52010
-8.52038
-8.52067
-8.52095
-8.52124
-8.52152
-8.52180
-8.52209
-8.52237
-8.52266
-8.52294
-8.52323
-8.52351
-8.52380
-8.52408
-8.52437
-8.52465
-8.52493
-8.52522
-8.52550
-8.52579
-8.52607
-8.52636
-8.52664
-8.52693
-8.52721
-8.52750
-8.52778
-8.52806
-8.52835
-8.52863
-8.52892
-8.52920
-8.52949
-8.52977
-8.53006
-8.53034
-8.53063
-8.53091
-8.53119
-8.53148
-8.53176
-8.53205
-8.53233
-8.53262
-8.53290
-8.53319
-8.53347
-8.53375
-8.53404
-8.53432
-8.53461
-8.53489
-8.53518
-8.53546
-8.53575
-8.53603
-8.53632
-8.53660
-8.53688
-8.53717
-8.53745
-8.53774
-8.53802
-8.53831
-8.53859
-8.53888
-8.53916
-8.53945
-8.53973
-8.54001
-8.54030
-8.54058
-8.54087
-8.54115
-8.54144
-8.54172
-8.54201
-8.54229
-8.54258
-8.54286
-8.54314
-8.54343
-8.54371
-8.54400
-8.54428
-8.54457
-8.54485
-8.54514
-8.54542
-8.54570
-8.54599
-8.54627
-8.54656
-8.54684
-8.54713
-8.54741
-8.54770
-8.54798
-8.54827
-8.54855
-8.54883
-8.54912
-8.54940
-8.54969
-8.54997
-8.55026
-8.55054
-8.55083
-8.55111
-8.55140
-8.55168
-8.55196
-8.55225
-8.55253
-8.55282
-8.55310
-8.55339
-8.55367
-8.55396
-8.55424
-8.55453
-8.55481
-8.55509
-8.55538
-8.55566
-8.55595
-8.55623
-8.55652
-8.55680
-8.55709
-8.55737
-8.55765
-8.55794
-8.55822
-8.55851
-8.55879
-8.55908
-8.55936
-8.55965
-8.55993
-8.56022
-8.56050
-8.56078
-8.56107
-8.56135
-8.56164
-8.56192
-8.56221
-8.56249
-8.56278
-8.56306
-8.56335
-8.56363
-8.56391
-8.56420
-8.56448
-8.56477
-8.56505
-8.56534
-8.56562
-8.56591
-8.56619
-8.56647
-8.56676
-8.56704
-8.56733
-8.56761
-8.56790
-8.56818
-8.56847
-8.56875
-8.56904
-8.56932
-8.56960
-8.56989
-8.57017
-8.57046
-8.57074
-8.57103
-8.57131
-8.57160
-8.57188
-8.57217
-8.57245
-8.57273
-8.57302
-8.57330
-8.57359
-8.57387
-8.57416
-8.57444
-8.57473
-8.57501
-8.57529
-8.57558
-8.57586
-8.57615
-8.57643
-8.57672
-8.57700
-8.57729
-8.57757
-8.57786
-8.57814
-8.57842
-8.57871
-8.57899
-8.57928
-8.57956
-8.57985
-8.58013
-8.58042
-8.58070
-8.58099
-8.58127
-8.58155
-8.58184
-8.58212
-8.58241
-8.58269
-8.58298
-8.58326
-8.58355
-8.58383
-8.58411
-8.58440
-8.58468
-8.58497
-8.58525
-8.58554
-8.58582
-8.58611
-8.58639
-8.58668
-8.58696
-8.58724
-8.58753
-8.58781
-8.58810
-8.58838
-8.58867
-8.58895
-8.58924
-8.58952
-8.58980
-8.59009
-8.59037
-8.59066
-8.59094
-8.59123
-8.59151
-8.59180
-8.59208
-8.59237
-8.59265
-8.59293
-8.59322
-8.59350
-8.59379
-8.59407
-8.59436
-8.59464
-8.59493
-8.59521
-8.59550
-8.59578
-8.59606
-8.59635
-8.59663
-8.59692
-8.59720
-8.59749
-8.59777
-8.59806
-8.59834
-8.59862
-8.59891
-8.59919
-8.59948
-8.59976
-8.60005
-8.60033
-8.60062
-8.60090
-8.60119
-8.60147
-8.60175
-8.60204
-8.60232
-8.60261
-8.60289
-8.60318
-8.60346
-8.60375
-8.60403
-8.60431
-8.60460
-8.60488
-8.60517
-8.60545
-8.60574
-8.60602
-8.60631
-8.60659
-8.60688
-8.60716
-8.60744
-8.60773
-8.60801
-8.60830
-8.60858
-8.60887
-8.60915
-8.60944
-8.60972
-8.61000
-8.61029
-8.61057
-8.61086
-8.61114
-8.61143
-8.61171
-8.61200
-8.61228
-8.61257
-8.61285
-8.61313
-8.61342
-8.61370
-8.61399
-8.61427
-8.61456
-8.61484
-8.61513
-8.61541
-8.61569
-8.61598
-8.61626
-8.61655
-8.61683
-8.61712
-8.61740
-8.61769
-8.61797
-8.61826
-8.61854
-8.61882
-8.61911
-8.61939
-8.61968
-8.61996
-8.62025
-8.62053
-8.62082
-8.62110
-8.62138
-8.62167
-8.62195
-8.62224
-8.62252
-8.62281
-8.62309
-8.62338
-8.62366
-8.62395
-8.62423
-8.62451
-8.62480
-8.62508
-8.62537
-8.62565
-8.62594
-8.62622
-8.62651
-8.62679
-8.62707
-8.62736
-8.62764
-8.62793
-8.62821
-8.62850
-8.62878
-8.62907
-8.62935
-8.62964
-8.62992
-8.63020
-8.63049
-8.63077
-8.63106
-8.63134
-8.63163
-8.63191
-8.63220
-8.63248
-8.63276
-8.63305
-8.63333
-8.63362
-8.63390
-8.63419
-8.63447
-8.63476
-8.63504
-8.63533
-8.63561
-8.63589
-8.63618
-8.63646
-8.63675
-8.63703
-8.63732
-8.63760
-8.63789
-8.63817
-8.63845
-8.63874
-8.63902
-8.63931
-8.63959
-8.63988
-8.64016
-8.64045
-8.64073
-8.64102
-8.64130
-8.64158
-8.64187
-8.64215
-8.64244
-8.64272
-8.64301
-8.64329
-8.64358
-8.64386
-8.64414
-8.64443
-8.64471
-8.64500
-8.64528
-8.64557
-8.64585
-8.64614
-8.64642
-8.64671
-8.64699
-8.64727
-8.64756
-8.64784
-8.64813
-8.64841
-8.64870
-8.64898
-8.64927
-8.64955
-8.64983
-8.65012
-8.65040
-8.65069
-8.65097
-8.65126
-8.65154
-8.65183
-8.65211
-8.65239
-8.65268
-8.65296
-8.65325
-8.65353
-8.65382
-8.65410
-8.65439
-8.65467
-8.65496
-8.65524
-8.65552
-8.65581
-8.65609
-8.65638
-8.65666
-8.65695
-8.65723
-8.65752
-8.65780
-8.65808
-8.65837
-8.65865
-8.65894
-8.65922
-8.65951
-8.65979
-8.66008
-8.66036
-8.66065
-8.66093
-8.66121
-8.66150
-8.66178
-8.66207
-8.66235
-8.66264
-8.66292
-8.66321
-8.66349
-8.66377
-8.66406
-8.66434
-8.66463
-8.66491
-8.66520
-8.66548
-8.66577
-8.66605
-8.66633
-8.66662
-8.66690
-8.66719
-8.66747
-8.66776
-8.66804
-8.66833
-8.66861
-8.66890
-8.66918
-8.66946
-8.66975
-8.67003
-8.67032
-8.67060
-8.67089
-8.67117
-8.67146
-8.67174
-8.67202
-8.67231
-8.67259
-8.67288
-8.67316
-8.67345
-8.67373
-8.67402
-8.67430
-8.67458
-8.67487
-8.67515
-8.67544
-8.67572
-8.67601
-8.67629
-8.67658
-8.67686
-8.67715
-8.67743
-8.67771
-8.67800
-8.67828
-8.67857
-8.67885
-8.67914
-8.67942
-8.67971
-8.67999
-8.68027
-8.68056
-8.68084
-8.68113
-8.68141
-8.68170
-8.68198
-8.68227
-8.68255
-8.68283
-8.68312
-8.68340
-8.68369
-8.68397
-8.68426
-8.68454
-8.68483
-8.68511
-8.68540
-8.68568
-8.68596
-8.68625
-8.68653
-8.68682
-8.68710
-8.68739
-8.68767
-8.68796
-8.68824
-8.68852
-8.68881
-8.68909
-8.68938
-8.68966
-8.68995
-8.69023
-8.69052
-8.69080
-8.69108
-8.69137
-8.69165
-8.69194
-8.69222
-8.69251
-8.69279
-8.69308
-8.69336
-8.69365
-8.69393
-8.69421
-8.69450
-8.69478
-8.69507
-8.69535
-8.69564
-8.69592
-8.69621
-8.69649
-8.69677
-8.69706
-8.69734
-8.69763
-8.69791
-8.69820
-8.69848
-8.69877
-8.69905
-8.69933
-8.69962
-8.69990
-8.70019
-8.70047
-8.70076
-8.70104
-8.70133
-8.70161
-8.70190
-8.70218
-8.70246
-8.70275
-8.70303
-8.70332
-8.70360
-8.70389
-8.70417
-8.70446
-8.70474
-8.70502
-8.70531
-8.70559
-8.70588
-8.70616
-8.70645
-8.70673
-8.70702
-8.70730
-8.70758
-8.70787
-8.70815
-8.70844
-8.70872
-8.70901
-8.70929
-8.70958
-8.70986
-8.71014
-8.71043
-8.71071
-8.71100
-8.71128
-8.71157
-8.71185
-8.71214
-8.71242
-8.71271
-8.71299
-8.71327
-8.71356
-8.71384
-8.71413
-8.71441
-8.71470
-8.71498
-8.71527
-8.71555
-8.71583
-8.71612
-8.71640
-8.71669
-8.71697
-8.71726
-8.71754
-8.71783
-8.71811
-8.71839
-8.71868
-8.71896
-8.71925
-8.71953
-8.71982
-8.72010
-8.72039
-8.72067
-8.72095
-8.72124
-8.72152
-8.72181
-8.72209
-8.72238
-8.72266
-8.72295
-8.72323
-8.72352
-8.72380
-8.72408
-8.72437
-8.72465
-8.72494
-8.72522
-8.72551
-8.72579
-8.72608
-8.72636
-8.72664
-8.72693
-8.72721
-8.72750
-8.72778
-8.72807
-8.72835
-8.72864
-8.72892
-8.72920
-8.72949
-8.72977
-8.73006
-8.73034
-8.73063
-8.73091
-8.73120
-8.73148
-8.73176
-8.73205
-8.73233
-8.73262
-8.73290
-8.73319
-8.73347
-8.73376
-8.73404
-8.73432
-8.73461
-8.73489
-8.73518
-8.73546
-8.73575
-8.73603
-8.73632
-8.73660
-8.73689
-8.73717
-8.73745
-8.73774
-8.73802
-8.73831
-8.73859
-8.73888
-8.73916
-8.73945
-8.73973
-8.74001
-8.74030
-8.74058
-8.74087
-8.74115
-8.74144
-8.74172
-8.74201
-8.74229
-8.74257
-8.74286
-8.74314
-8.74343
-8.74371
-8.74400
-8.74428
-8.74457
-8.74485
-8.74513
-8.74542
-8.74570
-8.74599
-8.74627
-8.74656
-8.74684
-8.74713
-8.74741
-8.74769
-8.74798
-8.74826
-8.74855
-8.74883
-8.74912
-8.74940
-8.74969
-8.74997
-8.75025
-8.75054
-8.75082
-8.75111
-8.75139
-8.75168
-8.75196
-8.75225
-8.75253
-8.75282
-8.75310
-8.75338
-8.75367
-8.75395
-8.75424
-8.75452
-8.75481
-8.75509
-8.75538
-8.75566
-8.75594
-8.75623
-8.75651
-8.75680
-8.75708
-8.75737
-8.75765
-8.75794
-8.75822
-8.75850
-8.75879
-8.75907
-8.75936
-8.75964
-8.75993
-8.76021
-8.76050
-8.76078
-8.76106
-8.76135
-8.76163
-8.76192
-8.76220
-8.76249
-8.76277
-8.76306
-8.76334
-8.76362
-8.76391
-8.76419
-8.76448
-8.76476
-8.76505
-8.76533
-8.76562
-8.76590
-8.76618
-8.76647
-8.76675
-8.76704
-8.76732
-8.76761
-8.76789
-8.76818
-8.76846
-8.76874
-8.76903
-8.76931
-8.76960
-8.76988
-8.77017
-8.77045
-8.77074
-8.77102
-8.77131
-8.77159
-8.77187
-8.77216
-8.77244
-8.77273
-8.77301
-8.77330
-8.77358
-8.77387
-8.77415
-8.77443
-8.77472
-8.77500
-8.77529
-8.77557
-8.77586
-8.77614
-8.77643
-8.77671
-8.77699
-8.77728
-8.77756
-8.77785
-8.77813
-8.77842
-8.77870
-8.77899
-8.77927
-8.77955
-8.77984
-8.78012
-8.78041
-8.78069
-8.78098
-8.78126
-8.78155
-8.78183
-8.78211
-8.78240
-8.78268
-8.78297
-8.78325
-8.78354
-8.78382
-8.78411
-8.78439
-8.78467
-8.78496
-8.78524
-8.78553
-8.78581
-8.78610
-8.78638
-8.78667
-8.78695
-8.78723
-8.78752
-8.78780
-8.78809
-8.78837
-8.78866
-8.78894
-8.78923
-8.78951
-8.78979
-8.79008
-8.79036
-8.79065
-8.79093
-8.79122
-8.79150
-8.79179
-8.79207
-8.79235
-8.79264
-8.79292
-8.79321
-8.79349
-8.79378
-8.79406
-8.79435
-8.79463
-8.79491
-8.79520
-8.79548
-8.79577
-8.79605
-8.79634
-8.79662
-8.79691
-8.79719
-8.79747
-8.79776
-8.79804
-8.79833
-8.79861
-8.79890
-8.79918
-8.79947
-8.79975
-8.80003
-8.80032
-8.80060
-8.80089
-8.80117
-8.80146
-8.80174
-8.80203
-8.80231
-8.80259
-8.80288
-8.80316
-8.80345
-8.80373
-8.80402
-8.80430
-8.80459
-8.80487
-8.80515
-8.80544
-8.80572
-8.80601
-8.80629
-8.80658
-8.80686
-8.80715
-8.80743
-8.80771
-8.80800
-8.80828
-8.80857
-8.80885
-8.80914
-8.80942
-8.80971
-8.80999
-8.81027
-8.81056
-8.81084
-8.81113
-8.81141
-8.81170
-8.81198
-8.81227
-8.81255
-8.81283
-8.81312
-8.81340
-8.81369
-8.81397
-8.81426
-8.81454
-8.81483
-8.81511
-8.81539
-8.81568
-8.81596
-8.81625
-8.81653
-8.81682
-8.81710
-8.81739
-8.81767
-8.81795
-8.81824
-8.81852
-8.81881
-8.81909
-8.81938
-8.81966
-8.81995
-8.82023
-8.82051
-8.82080
-8.82108
-8.82137
-8.82165
-8.82194
-8.82222
-8.82251
-8.82279
-8.82307
-8.82336
-8.82364
-8.82393
-8.82421
-8.82450
-8.82478
-8.82507
-8.82535
-8.82563
-8.82592
-8.82620
-8.82649
-8.82677
-8.82706
-8.82734
-8.82763
-8.82791
-8.82819
-8.82848
-8.82876
-8.82905
-8.82933
-8.82962
-8.82990
-8.83019
-8.83047
-8.83075
-8.83104
-8.83132
-8.83161
-8.83189
-8.83218
-8.83246
-8.83275
-8.83303
-8.83331
-8.83360
-8.83388
-8.83417
-8.83445
-8.83474
-8.83502
-8.83531
-8.83559
-8.83587
-8.83616
-8.83644
-8.83673
-8.83701
-8.83730
-8.83758
-8.83787
-8.83815
-8.83843
-8.83872
-8.83900
-8.83929
-8.83957
-8.83986
-8.84014
-8.84043
-8.84071
-8.84099
-8.84128
-8.84156
-8.84185
-8.84213
-8.84242
-8.84270
-8.84299
-8.84327
-8.84355
-8.84384
-8.84412
-8.84441
-8.84469
-8.84498
-8.84526
-8.84555
-8.84583
-8.84611
-8.84640
-8.84668
-8.84697
-8.84725
-8.84754
-8.84782
-8.84811
-8.84839
-8.84867
-8.84896
-8.84924
-8.84953
-8.84981
-8.85010
-8.85038
-8.85067
-8.85095
-8.85123
-8.85152
-8.85180
-8.85209
-8.85237
-8.85266
-8.85294
-8.85323
-8.85351
-8.85379
-8.85408
-8.85436
-8.85465
-8.85493
-8.85522
-8.85550
-8.85579
-8.85607
-8.85635
-8.85664
-8.85692
-8.85721
-8.85749
-8.85778
-8.85806
-8.85835
-8.85863
-8.85891
-8.85920
-8.85948
-8.85977
-8.86005
-8.86034
-8.86062
-8.86090
-8.86119
-8.86147
-8.86176
-8.86204
-8.86233
-8.86261
-8.86290
-8.86318
-8.86346
-8.86375
-8.86403
-8.86432
-8.86460
-8.86489
-8.86517
-8.86546
-8.86574
-8.86602
-8.86631
-8.86659
-8.86688
-8.86716
-8.86745
-8.86773
-8.86802
-8.86830
-8.86858
-8.86887
-8.86915
-8.86944
-8.86972
-8.87001
-8.87029
-8.87058
-8.87086
-8.87114
-8.87143
-8.87171
-8.87200
-8.87228
-8.87257
-8.87285
-8.87314
-8.87342
-8.87370
-8.87399
-8.87427
-8.87456
-8.87484
-8.87513
-8.87541
-8.87570
-8.87598
-8.87626
-8.87655
-8.87683
-8.87712
-8.87740
-8.87769
-8.87797
-8.87826
-8.87854
-8.87882
-8.87911
-8.87939
-8.87968
-8.87996
-8.88025
-8.88053
-8.88081
-8.88110
-8.88138
-8.88167
-8.88195
-8.88224
-8.88252
-8.88281
-8.88309
-8.88337
-8.88366
-8.88394
-8.88423
-8.88451
-8.88480
-8.88508
-8.88537
-8.88565
-8.88593
-8.88622
-8.88650
-8.88679
-8.88707
-8.88736
-8.88764
-8.88793
-8.88821
-8.88849
-8.88878
-8.88906
-8.88935
-8.88963
-8.88992
-8.89020
-8.89049
-8.89077
-8.89105
-8.89134
-8.89162
-8.89191
-8.89219
-8.89248
-8.89276
-8.89305
-8.89333
-8.89361
-8.89390
-8.89418
-8.89447
-8.89475
-8.89504
-8.89532
-8.89560
-8.89589
-8.89617
-8.89646
-8.89674
-8.89703
-8.89731
-8.89760
-8.89788
-8.89816
-8.89845
-8.89873
-8.89902
-8.89930
-8.89959
-8.89987
-8.90016
-8.90044
-8.90072
-8.90101
-8.90129
-8.90158
-8.90186
-8.90215
-8.90243
-8.90272
-8.90300
-8.90328
-8.90357
-8.90385
-8.90414
-8.90442
-8.90471
-8.90499
-8.90528
-8.90556
-8.90584
-8.90613
-8.90641
-8.90670
-8.90698
-8.90727
-8.90755
-8.90783
-8.90812
-8.90840
-8.90869
-8.90897
-8.90926
-8.90954
-8.90983
-8.91011
-8.91039
-8.91068
-8.91096
-8.91125
-8.91153
-8.91182
-8.91210
-8.91239
-8.91267
-8.91295
-8.91324
-8.91352
-8.91381
-8.91409
-8.91438
-8.91466
-8.91495
-8.91523
-8.91551
-8.91580
-8.91608
-8.91637
-8.91665
-8.91694
-8.91722
-8.91751
-8.91779
-8.91807
-8.91836
-8.91864
-8.91893
-8.91921
-8.91950
-8.91978
-8.92006
-8.92035
-8.92063
-8.92092
-8.92120
-8.92149
-8.92177
-8.92206
-8.92234
-8.92262
-8.92291
-8.92319
-8.92348
-8.92376
-8.92405
-8.92433
-8.92462
-8.92490
-8.92518
-8.92547
-8.92575
-8.92604
-8.92632
-8.92661
-8.92689
-8.92718
-8.92746
-8.92774
-8.92803
-8.92831
-8.92860
-8.92888
-8.92917
-8.92945
-8.92973
-8.93002
-8.93030
-8.93059
-8.93087
-8.93116
-8.93144
-8.93173
-8.93201
-8.93229
-8.93258
-8.93286
-8.93315
-8.93343
-8.93372
-8.93400
-8.93429
-8.93457
-8.93485
-8.93514
-8.93542
-8.93571
-8.93599
-8.93628
-8.93656
-8.93685
-8.93713
-8.93741
-8.93770
-8.93798
-8.93827
-8.93855
-8.93884
-8.93912
-8.93940
-8.93969
-8.93997
-8.94026
-8.94054
-8.94083
-8.94111
-8.94140
-8.94168
-8.94196
-8.94225
-8.94253
-8.94282
-8.94310
-8.94339
-8.94367
-8.94396
-8.94424
-8.94452
-8.94481
-8.94509
-8.94538
-8.94566
-8.94595
-8.94623
-8.94652
-8.94680
-8.94708
-8.94737
-8.94765
-8.94794
-8.94822
-8.94851
-8.94879
-8.94907
-8.94936
-8.94964
-8.94993
-8.95021
-8.95050
-8.95078
-8.95107
-8.95135
-8.95163
-8.95192
-8.95220
-8.95249
-8.95277
-8.95306
-8.95334
-8.95363
-8.95391
-8.95419
-8.95448
-8.95476
-8.95505
-8.95533
-8.95562
-8.95590
-8.95618
-8.95647
-8.95675
-8.95704
-8.95732
-8.95761
-8.95789
-8.95818
-8.95846
-8.95874
-8.95903
-8.95931
-8.95960
-8.95988
-8.96017
-8.96045
-8.96074
-8.96102
-8.96130
-8.96159
-8.96187
-8.96216
-8.96244
-8.96273
-8.96301
-8.96329
-8.96358
-8.96386
-8.96415
-8.96443
-8.96472
-8.96500
-8.96529
-8.96557
-8.96585
-8.96614
-8.96642
-8.96671
-8.96699
-8.96728
-8.96756
-8.96785
-8.96813
-8.96841
-8.96870
-8.96898
-8.96927
-8.96955
-8.96984
-8.97012
-8.97040
-8.97069
-8.97097
-8.97126
-8.97154
-8.97183
-8.97211
-8.97240
-8.97268
-8.97296
-8.97325
-8.97353
-8.97382
-8.97410
-8.97439
-8.97467
-8.97496
-8.97524
-8.97552
-8.97581
-8.97609
-8.97638
-8.97666
-8.97695
-8.97723
-8.97751
-8.97780
-8.97808
-8.97837
-8.97865
-8.97894
-8.97922
-8.97951
-8.97979
-8.98007
-8.98036
-8.98064
-8.98093
-8.98121
-8.98150
-8.98178
-8.98207
-8.98235
-8.98263
-8.98292
-8.98320
-8.98349
-8.98377
-8.98406
-8.98434
-8.98462
-8.98491
-8.98519
-8.98548
-8.98576
-8.98605
-8.98633
-8.98662
-8.98690
-8.98718
-8.98747
-8.98775
-8.98804
-8.98832
-8.98861
-8.98889
-8.98918
-8.98946
-8.98974
-8.99003
-8.99031
-8.99060
-8.99088
-8.99117
-8.99145
-8.99173
-8.99202
-8.99230
-8.99259
-8.99287
-8.99316
-8.99344
-8.99373
-8.99401
-8.99429
-8.99458
-8.99486
-8.99515
-8.99543
-8.99572
-8.99600
-8.99629
-8.99657
-8.99685
-8.99714
-8.99742
-8.99771
-8.99799
-8.99828
-8.99856
-8.99884
-8.99913
-8.99941
-8.99970
-8.99998
-9.00027
-9.00055
-9.00084
-9.00112
-9.00140
-9.00169
-9.00197
-9.00226
-9.00254
-9.00283
-9.00311
-9.00339
-9.00368
-9.00396
-9.00425
-9.00453
-9.00482
-9.00510
-9.00539
-9.00567
-9.00595
-9.00624
-9.00652
-9.00681
-9.00709
-9.00738
-9.00766
-9.00795
-9.00823
-9.00851
-9.00880
-9.00908
-9.00937
-9.00965
-9.00994
-9.01022
-9.01050
-9.01079
-9.01107
-9.01136
-9.01164
-9.01193
-9.01221
-9.01250
-9.01278
-9.01306
-9.01335
-9.01363
-9.01392
-9.01420
-9.01449
-9.01477
-9.01505
-9.01534
-9.01562
-9.01591
-9.01619
-9.01648
-9.01676
-9.01705
-9.01733
-9.01761
-9.01790
-9.01818
-9.01847
-9.01875
-9.01904
-9.01932
-9.01960
-9.01989
-9.02017
-9.02046
-9.02074
-9.02103
-9.02131
-9.02160
-9.02188
-9.02216
-9.02245
-9.02273
-9.02302
-9.02330
-9.02359
-9.02387
-9.02416
-9.02444
-9.02472
-9.02501
-9.02529
-9.02558
-9.02586
-9.02615
-9.02643
-9.02671
-9.02700
-9.02728
-9.02757
-9.02785
-9.02814
-9.02842
-9.02871
-9.02899
-9.02927
-9.02956
-9.02984
-9.03013
-9.03041
-9.03070
-9.03098
-9.03126
-9.03155
-9.03183
-9.03212
-9.03240
-9.03269
-9.03297
-9.03326
-9.03354
-9.03382
-9.03411
-9.03439
-9.03468
-9.03496
-9.03525
-9.03553
-9.03581
-9.03610
-9.03638
-9.03667
-9.03695
-9.03724
-9.03752
-9.03781
-9.03809
-9.03837
-9.03866
-9.03894
-9.03923
-9.03951
-9.03980
-9.04008
-9.04036
-9.04065
-9.04093
-9.04122
-9.04150
-9.04179
-9.04207
-9.04236
-9.04264
-9.04292
-9.04321
-9.04349
-9.04378
-9.04406
-9.04435
-9.04463
-9.04491
-9.04520
-9.04548
-9.04577
-9.04605
-9.04634
-9.04662
-9.04691
-9.04719
-9.04747
-9.04776
-9.04804
-9.04833
-9.04861
-9.04890
-9.04918
-9.04946
-9.04975
-9.05003
-9.05032
-9.05060
-9.05089
-9.05117
-9.05146
-9.05174
-9.05202
-9.05231
-9.05259
-9.05288
-9.05316
-9.05345
-9.05373
-9.05402
-9.05430
-9.05458
-9.05487
-9.05515
-9.05544
-9.05572
-9.05601
-9.05629
-9.05657
-9.05686
-9.05714
-9.05743
-9.05771
-9.05800
-9.05828
-9.05857
-9.05885
-9.05913
-9.05942
-9.05970
-9.05999
-9.06027
-9.06056
-9.06084
-9.06112
-9.06141
-9.06169
-9.06198
-9.06226
-9.06255
-9.06283
-9.06312
-9.06340
-9.06368
-9.06397
-9.06425
-9.06454
-9.06482
-9.06511
-9.06539
-9.06567
-9.06596
-9.06624
-9.06653
-9.06681
-9.06710
-9.06738
-9.06766
-9.06795
-9.06823
-9.06852
-9.06880
-9.06909
-9.06937
-9.06966
-9.06994
-9.07022
-9.07051
-9.07079
-9.07108
-9.07136
-9.07165
-9.07193
-9.07221
-9.07250
-9.07278
-9.07307
-9.07335
-9.07364
-9.07392
-9.07421
-9.07449
-9.07477
-9.07506
-9.07534
-9.07563
-9.07591
-9.07620
-9.07648
-9.07676
-9.07705
-9.07733
-9.07762
-9.07790
-9.07819
-9.07847
-9.07876
-9.07904
-9.07932
-9.07961
-9.07989
-9.08018
-9.08046
-9.08075
-9.08103
-9.08131
-9.08160
-9.08188
-9.08217
-9.08245
-9.08274
-9.08302
-9.08331
-9.08359
-9.08387
-9.08416
-9.08444
-9.08473
-9.08501
-9.08530
-9.08558
-9.08586
-9.08615
-9.08643
-9.08672
-9.08700
-9.08729
-9.08757
-9.08786
-9.08814
-9.08842
-9.08871
-9.08899
-9.08928
-9.08956
-9.08985
-9.09013
-9.09041
-9.09070
-9.09098
-9.09127
-9.09155
-9.09184
-9.09212
-9.09241
-9.09269
-9.09297
-9.09326
-9.09354
-9.09383
-9.09411
-9.09440
-9.09468
-9.09496
-9.09525
-9.09553
-9.09582
-9.09610
-9.09639
-9.09667
-9.09695
-9.09724
-9.09752
-9.09781
-9.09809
-9.09838
-9.09866
-9.09895
-9.09923
-9.09951
-9.09980
-9.10008
-9.10037
-9.10065
-9.10094
-9.10122
-9.10150
-9.10179
-9.10207
-9.10236
-9.10264
-9.10293
-9.10321
-9.10350
-9.10378
-9.10406
-9.10435
-9.10463
-9.10492
-9.10520
-9.10549
-9.10577
-9.10605
-9.10634
-9.10662
-9.10691
-9.10719
-9.10748
-9.10776
-9.10804
-9.10833
-9.10861
-9.10890
-9.10918
-9.10947
-9.10975
-9.11004
-9.11032
-9.11060
-9.11089
-9.11117
-9.11146
-9.11174
-9.11203
-9.11231
-9.11259
-9.11288
-9.11316
-9.11345
-9.11373
-9.11402
-9.11430
-9.11459
-9.11487
-9.11515
-9.11544
-9.11572
-9.11601
-9.11629
-9.11658
-9.11686
-9.11714
-9.11743
-9.11771
-9.11800
-9.11828
-9.11857
-9.11885
-9.11913
-9.11942
-9.11970
-9.11999
-9.12027
-9.12056
-9.12084
-9.12113
-9.12141
-9.12169
-9.12198
-9.12226
-9.12255
-9.12283
-9.12312
-9.12340
-9.12368
-9.12397
-9.12425
-9.12454
-9.12482
-9.12511
-9.12539
-9.12568
-9.12596
-9.12624
-9.12653
-9.12681
-9.12710
-9.12738
-9.12767
-9.12795
-9.12823
-9.12852
-9.12880
-9.12909
-9.12937
-9.12966
-9.12994
-9.13022
-9.13051
-9.13079
-9.13108
-9.13136
-9.13165
-9.13193
-9.13222
-9.13250
-9.13278
-9.13307
-9.13335
-9.13364
-9.13392
-9.13421
-9.13449
-9.13477
-9.13506
-9.13534
-9.13563
-9.13591
-9.13620
-9.13648
-9.13676
-9.13705
-9.13733
-9.13762
-9.13790
-9.13819
-9.13847
-9.13876
-9.13904
-9.13932
-9.13961
-9.13989
-9.14018
-9.14046
-9.14075
-9.14103
-9.14131
-9.14160
-9.14188
-9.14217
-9.14245
-9.14274
-9.14302
-9.14331
-9.14359
-9.14387
-9.14416
-9.14444
-9.14473
-9.14501
-9.14530
-9.14558
-9.14586
-9.14615
-9.14643
-9.14672
-9.14700
-9.14729
-9.14757
-9.14785
-9.14814
-9.14842
-9.14871
-9.14899
-9.14928
-9.14956
-9.14985
-9.15013
-9.15041
-9.15070
-9.15098
-9.15127
-9.15155
-9.15184
-9.15212
-9.15240
-9.15269
-9.15297
-9.15326
-9.15354
-9.15383
-9.15411
-9.15439
-9.15468
-9.15496
-9.15525
-9.15553
-9.15582
-9.15610
-9.15639
-9.15667
-9.15695
-9.15724
-9.15752
-9.15781
-9.15809
-9.15838
-9.15866
-9.15894
-9.15923
-9.15951
-9.15980
-9.16008
-9.16037
-9.16065
-9.16093
-9.16122
-9.16150
-9.16179
-9.16207
-9.16236
-9.16264
-9.16293
-9.16321
-9.16349
-9.16378
-9.16406
-9.16435
-9.16463
-9.16492
-9.16520
-9.16548
-9.16577
-9.16605
-9.16634
-9.16662
-9.16691
-9.16719
-9.16747
-9.16776
-9.16804
-9.16833
-9.16861
-9.16890
-9.16918
-9.16946
-9.16975
-9.17003
-9.17032
-9.17060
-9.17089
-9.17117
-9.17146
-9.17174
-9.17202
-9.17231
-9.17259
-9.17288
-9.17316
-9.17345
-9.17373
-9.17401
-9.17430
-9.17458
-9.17487
-9.17515
-9.17544
-9.17572
-9.17600
-9.17629
-9.17657
-9.17686
-9.17714
-9.17743
-9.17771
-9.17800
-9.17828
-9.17856
-9.17885
-9.17913
-9.17942
-9.17970
-9.17999
-9.18027
-9.18055
-9.18084
-9.18112
-9.18141
-9.18169
-9.18198
-9.18226
-9.18254
-9.18283
-9.18311
-9.18340
-9.18368
-9.18397
-9.18425
-9.18454
-9.18482
-9.18510
-9.18539
-9.18567
-9.18596
-9.18624
-9.18653
-9.18681
-9.18709
-9.18738
-9.18766
-9.18795
-9.18823
-9.18852
-9.18880
-9.18908
-9.18937
-9.18965
-9.18994
-9.19022
-9.19051
-9.19079
-9.19107
-9.19136
-9.19164
-9.19193
-9.19221
-9.19250
-9.19278
-9.19307
-9.19335
-9.19363
-9.19392
-9.19420
-9.19449
-9.19477
-9.19506
-9.19534
-9.19562
-9.19591
-9.19619
-9.19648
-9.19676
-9.19705
-9.19733
-9.19761
-9.19790
-9.19818
-9.19847
-9.19875
-9.19904
-9.19932
-9.19960
-9.19989
-9.20017
-9.20046
-9.20074
-9.20103
-9.20131
-9.20160
-9.20188
-9.20216
-9.20245
-9.20273
-9.20302
-9.20330
-9.20359
-9.20387
-9.20415
-9.20444
-9.20472
-9.20501
-9.20529
-9.20558
-9.20586
-9.20614
-9.20643
-9.20671
-9.20700
-9.20728
-9.20757
-9.20785
-9.20813
-9.20842
-9.20870
-9.20899
-9.20927
-9.20956
-9.20984
-9.21013
-9.21041
-9.21069
-9.21098
-9.21126
-9.21155
-9.21183
-9.21212
-9.21240
-9.21268
-9.21297
-9.21325
-9.21354
-9.21382
-9.21411
-9.21439
-9.21467
-9.21496
-9.21524
-9.21553
-9.21581
-9.21610
-9.21638
-9.21666
-9.21695
-9.21723
-9.21752
-9.21780
-9.21809
-9.21837
-9.21866
-9.21894
-9.21922
-9.21951
-9.21979
-9.22008
-9.22036
-9.22065
-9.22093
-9.22121
-9.22150
-9.22178
-9.22207
-9.22235
-9.22264
-9.22292
-9.22320
-9.22349
-9.22377
-9.22406
-9.22434
-9.22463
-9.22491
-9.22519
-9.22548
-9.22576
-9.22605
-9.22633
-9.22662
-9.22690
-9.22718
-9.22747
-9.22775
-9.22804
-9.22832
-9.22861
-9.22889
-9.22918
-9.22946
-9.22974
-9.23003
-9.23031
-9.23060
-9.23088
-9.23117
-9.23145
-9.23173
-9.23202
-9.23230
-9.23259
-9.23287
-9.23316
-9.23344
-9.23372
-9.23401
-9.23429
-9.23458
-9.23486
-9.23515
-9.23543
-9.23571
-9.23600
-9.23628
-9.23657
-9.23685
-9.23714
-9.23742
-9.23770
-9.23799
-9.23827
-9.23856
-9.23884
-9.23913
-9.23941
-9.23970
-9.23998
-9.24026
-9.24055
-9.24083
-9.24112
-9.24140
-9.24169
-9.24197
-9.24225
-9.24254
-9.24282
-9.24311
-9.24339
-9.24368
-9.24396
-9.24424
-9.24453
-9.24481
-9.24510
-9.24538
-9.24567
-9.24595
-9.24623
-9.24652
-9.24680
-9.24709
-9.24737
-9.24766
-9.24794
-9.24822
-9.24851
-9.24879
-9.24908
-9.24936
-9.24965
-9.24993
-9.25022
-9.25050
-9.25078
-9.25107
-9.25135
-9.25164
-9.25192
-9.25221
-9.25249
-9.25277
-9.25306
-9.25334
-9.25363
-9.25391
-9.25420
-9.25448
-9.25476
-9.25505
-9.25533
-9.25562
-9.25590
-9.25619
-9.25647
-9.25675
-9.25704
-9.25732
-9.25761
-9.25789
-9.25818
-9.25846
-9.25874
-9.25903
-9.25931
-9.25960
-9.25988
-9.26017
-9.26045
-9.26073
-9.26102
-9.26130
-9.26159
-9.26187
-9.26216
-9.26244
-9.26273
-9.26301
-9.26329
-9.26358
-9.26386
-9.26415
-9.26443
-9.26472
-9.26500
-9.26528
-9.26557
-9.26585
-9.26614
-9.26642
-9.26671
-9.26699
-9.26727
-9.26756
-9.26784
-9.26813
-9.26841
-9.26870
-9.26898
-9.26926
-9.26955
-9.26983
-9.27012
-9.27040
-9.27069
-9.27097
-9.27125
-9.27154
-9.27182
-9.27211
-9.27239
-9.27268
-9.27296
-9.27324
-9.27353
-9.27381
-9.27410
-9.27438
-9.27467
-9.27495
-9.27523
-9.27552
-9.27580
-9.27609
-9.27637
-9.27666
-9.27694
-9.27723
-9.27751
-9.27779
-9.27808
-9.27836
-9.27865
-9.27893
-9.27922
-9.27950
-9.27978
-9.28007
-9.28035
-9.28064
-9.28092
-9.28121
-9.28149
-9.28177
-9.28206
-9.28234
-9.28263
-9.28291
-9.28320
-9.28348
-9.28376
-9.28405
-9.28433
-9.28462
-9.28490
-9.28519
-9.28547
-9.28575
-9.28604
-9.28632
-9.28661
-9.28689
-9.28718
-9.28746
-9.28774
-9.28803
-9.28831
-9.28860
-9.28888
-9.28917
-9.28945
-9.28973
-9.29002
-9.29030
-9.29059
-9.29087
-9.29116
-9.29144
-9.29172
-9.29201
-9.29229
-9.29258
-9.29286
-9.29315
-9.29343
-9.29372
-9.29400
-9.29428
-9.29457
-9.29485
-9.29514
-9.29542
-9.29571
-9.29599
-9.29627
-9.29656
-9.29684
-9.29713
-9.29741
-9.29770
-9.29798
-9.29826
-9.29855
-9.29883
-9.29912
-9.29940
-9.29969
-9.29997
-9.30025
-9.30054
-9.30082
-9.30111
-9.30139
-9.30168
-9.30196
-9.30224
-9.30253
-9.30281
-9.30310
-9.30338
-9.30367
-9.30395
-9.30423
-9.30452
-9.30480
-9.30509
-9.30537
-9.30566
-9.30594
-9.30622
-9.30651
-9.30679
-9.30708
-9.30736
-9.30765
-9.30793
-9.30821
-9.30850
-9.30878
-9.30907
-9.30935
-9.30964
-9.30992
-9.31020
-9.31049
-9.31077
-9.31106
-9.31134
-9.31163
-9.31191
-9.31219
-9.31248
-9.31276
-9.31305
-9.31333
-9.31362
-9.31390
-9.31418
-9.31447
-9.31475
-9.31504
-9.31532
-9.31561
-9.31589
-9.31618
-9.31646
-9.31674
-9.31703
-9.31731
-9.31760
-9.31788
-9.31817
-9.31845
-9.31873
-9.31902
-9.31930
-9.31959
-9.31987
-9.32016
-9.32044
-9.32072
-9.32101
-9.32129
-9.32158
-9.32186
-9.32215
-9.32243
-9.32271
-9.32300
-9.32328
-9.32357
-9.32385
-9.32414
-9.32442
-9.32470
-9.32499
-9.32527
-9.32556
-9.32584
-9.32613
-9.32641
-9.32669
-9.32698
-9.32726
-9.32755
-9.32783
-9.32812
-9.32840
-9.32868
-9.32897
-9.32925
-9.32954
-9.32982
-9.33011
-9.33039
-9.33067
-9.33096
-9.33124
-9.33153
-9.33181
-9.33210
-9.33238
-9.33266
-9.33295
-9.33323
-9.33352
-9.33380
-9.33409
-9.33437
-9.33465
-9.33494
-9.33522
-9.33551
-9.33579
-9.33608
-9.33636
-9.33664
-9.33693
-9.33721
-9.33750
-9.33778
-9.33807
-9.33835
-9.33863
-9.33892
-9.33920
-9.33949
-9.33977
-9.34006
-9.34034
-9.34062
-9.34091
-9.34119
-9.34148
-9.34176
-9.34205
-9.34233
-9.34261
-9.34290
-9.34318
-9.34347
-9.34375
-9.34404
-9.34432
-9.34460
-9.34489
-9.34517
-9.34546
-9.34574
-9.34603
-9.34631
-9.34659
-9.34688
-9.34716
-9.34745
-9.34773
-9.34802
-9.34830
-9.34858
-9.34887
-9.34915
-9.34944
-9.34972
-9.35001
-9.35029
-9.35057
-9.35086
-9.35114
-9.35143
-9.35171
-9.35200
-9.35228
-9.35256
-9.35285
-9.35313
-9.35342
-9.35370
-9.35399
-9.35427
-9.35455
-9.35484
-9.35512
-9.35541
-9.35569
-9.35598
-9.35626
-9.35654
-9.35683
-9.35711
-9.35740
-9.35768
-9.35797
-9.35825
-9.35853
-9.35882
-9.35910
-9.35939
-9.35967
-9.35996
-9.36024
-9.36052
-9.36081
-9.36109
-9.36138
-9.36166
-9.36195
-9.36223
-9.36251
-9.36280
-9.36308
-9.36337
-9.36365
-9.36394
-9.36422
-9.36450
-9.36479
-9.36507
-9.36536
-9.36564
-9.36593
-9.36621
-9.36649
-9.36678
-9.36706
-9.36735
-9.36763
-9.36792
-9.36820
-9.36848
-9.36877
-9.36905
-9.36934
-9.36962
-9.36991
-9.37019
-9.37047
-9.37076
-9.37104
-9.37133
-9.37161
-9.37190
-9.37218
-9.37246
-9.37275
-9.37303
-9.37332
-9.37360
-9.37389
-9.37417
-9.37445
-9.37474
-9.37502
-9.37531
-9.37559
-9.37588
-9.37616
-9.37644
-9.37673
-9.37701
-9.37730
-9.37758
-9.37787
-9.37815
-9.37843
-9.37872
-9.37900
-9.37929
-9.37957
-9.37986
-9.38014
-9.38042
-9.38071
-9.38099
-9.38128
-9.38156
-9.38185
-9.38213
-9.38241
-9.38270
-9.38298
-9.38327
-9.38355
-9.38384
-9.38412
-9.38440
-9.38469
-9.38497
-9.38526
-9.38554
-9.38583
-9.38611
-9.38639
-9.38668
-9.38696
-9.38725
-9.38753
-9.38782
-9.38810
-9.38838
-9.38867
-9.38895
-9.38924
-9.38952
-9.38981
-9.39009
-9.39037
-9.39066
-9.39094
-9.39123
-9.39151
-9.39180
-9.39208
-9.39236
-9.39265
-9.39293
-9.39322
-9.39350
-9.39379
-9.39407
-9.39435
-9.39464
-9.39492
-9.39521
-9.39549
-9.39578
-9.39606
-9.39634
-9.39663
-9.39691
-9.39720
-9.39748
-9.39777
-9.39805
-9.39833
-9.39862
-9.39890
-9.39919
-9.39947
-9.39976
-9.40004
-9.40032
-9.40061
-9.40089
-9.40118
-9.40146
-9.40175
-9.40203
-9.40231
-9.40260
-9.40288
-9.40317
-9.40345
-9.40374
-9.40402
-9.40430
-9.40459
-9.40487
-9.40516
-9.40544
-9.40573
-9.40601
-9.40629
-9.40658
-9.40686
-9.40715
-9.40743
-9.40772
-9.40800
-9.40828
-9.40857
-9.40885
-9.40914
-9.40942
-9.40971
-9.40999
-9.41027
-9.41056
-9.41084
-9.41113
-9.41141
-9.41170
-9.41198
-9.41226
-9.41255
-9.41283
-9.41312
-9.41340
-9.41369
-9.41397
-9.41425
-9.41454
-9.41482
-9.41511
-9.41539
-9.41568
-9.41596
-9.41624
-9.41653
-9.41681
-9.41710
-9.41738
-9.41767
-9.41795
-9.41823
-9.41852
-9.41880
-9.41909
-9.41937
-9.41966
-9.41994
-9.42022
-9.42051
-9.42079
-9.42108
-9.42136
-9.42164
-9.42193
-9.42221
-9.42250
-9.42278
-9.42307
-9.42335
-9.42363
-9.42392
-9.42420
-9.42449
-9.42477
-9.42506
-9.42534
-9.42562
-9.42591
-9.42619
-9.42648
-9.42676
-9.42705
-9.42733
-9.42761
-9.42790
-9.42818
-9.42847
-9.42875
-9.42904
-9.42932
-9.42960
-9.42989
-9.43017
-9.43046
-9.43074
-9.43103
-9.43131
-9.43159
-9.43188
-9.43216
-9.43245
-9.43273
-9.43302
-9.43330
-9.43358
-9.43387
-9.43415
-9.43444
-9.43472
-9.43501
-9.43529
-9.43557
-9.43586
-9.43614
-9.43643
-9.43671
-9.43700
-9.43728
-9.43756
-9.43785
-9.43813
-9.43842
-9.43870
-9.43899
-9.43927
-9.43955
-9.43984
-9.44012
-9.44041
-9.44069
-9.44098
-9.44126
-9.44154
-9.44183
-9.44211
-9.44240
-9.44268
-9.44297
-9.44325
-9.44353
-9.44382
-9.44410
-9.44439
-9.44467
-9.44495
-9.44524
-9.44552
-9.44581
-9.44609
-9.44638
-9.44666
-9.44694
-9.44723
-9.44751
-9.44780
-9.44808
-9.44837
-9.44865
-9.44893
-9.44922
-9.44950
-9.44979
-9.45007
-9.45036
-9.45064
-9.45092
-9.45121
-9.45149
-9.45178
-9.45206
-9.45235
-9.45263
-9.45291
-9.45320
-9.45348
-9.45377
-9.45405
-9.45434
-9.45462
-9.45490
-9.45519
-9.45547
-9.45576
-9.45604
-9.45633
-9.45661
-9.45689
-9.45718
-9.45746
-9.45775
-9.45803
-9.45832
-9.45860
-9.45888
-9.45917
-9.45945
-9.45974
-9.46002
-9.46031
-9.46059
-9.46087
-9.46116
-9.46144
-9.46173
-9.46201
-9.46229
-9.46258
-9.46286
-9.46315
-9.46343
-9.46372
-9.46400
-9.46428
-9.46457
-9.46485
-9.46514
-9.46542
-9.46571
-9.46599
-9.46627
-9.46656
-9.46684
-9.46713
-9.46741
-9.46770
-9.46798
-9.46826
-9.46855
-9.46883
-9.46912
-9.46940
-9.46969
-9.46997
-9.47025
-9.47054
-9.47082
-9.47111
-9.47139
-9.47168
-9.47196
-9.47224
-9.47253
-9.47281
-9.47310
-9.47338
-9.47367
-9.47395
-9.47423
-9.47452
-9.47480
-9.47509
-9.47537
-9.47565
-9.47594
-9.47622
-9.47651
-9.47679
-9.47708
-9.47736
-9.47764
-9.47793
-9.47821
-9.47850
-9.47878
-9.47907
-9.47935
-9.47963
-9.47992
-9.48020
-9.48049
-9.48077
-9.48106
-9.48134
-9.48162
-9.48191
-9.48219
-9.48248
-9.48276
-9.48305
-9.48333
-9.48361
-9.48390
-9.48418
-9.48447
-9.48475
-9.48504
-9.48532
-9.48560
-9.48589
-9.48617
-9.48646
-9.48674
-9.48703
-9.48731
-9.48759
-9.48788
-9.48816
-9.48845
-9.48873
-9.48901
-9.48930
-9.48958
-9.48987
-9.49015
-9.49044
-9.49072
-9.49100
-9.49129
-9.49157
-9.49186
-9.49214
-9.49243
-9.49271
-9.49299
-9.49328
-9.49356
-9.49385
-9.49413
-9.49442
-9.49470
-9.49498
-9.49527
-9.49555
-9.49584
-9.49612
-9.49641
-9.49669
-9.49697
-9.49726
-9.49754
-9.49783
-9.49811
-9.49840
-9.49868
-9.49896
-9.49925
-9.49953
-9.49982
-9.50010
-9.50038
-9.50067
-9.50095
-9.50124
-9.50152
-9.50181
-9.50209
-9.50237
-9.50266
-9.50294
-9.50323
-9.50351
-9.50380
-9.50408
-9.50436
-9.50465
-9.50493
-9.50522
-9.50550
-9.50579
-9.50607
-9.50635
-9.50664
-9.50692
-9.50721
-9.50749
-9.50778
-9.50806
-9.50834
-9.50863
-9.50891
-9.50920
-9.50948
-9.50976
-9.51005
-9.51033
-9.51062
-9.51090
-9.51119
-9.51147
-9.51175
-9.51204
-9.51232
-9.51261
-9.51289
-9.51318
-9.51346
-9.51374
-9.51403
-9.51431
-9.51460
-9.51488
-9.51517
-9.51545
-9.51573
-9.51602
-9.51630
-9.51659
-9.51687
-9.51716
-9.51744
-9.51772
-9.51801
-9.51829
-9.51858
-9.51886
-9.51914
-9.51943
-9.51971
-9.52000
-9.52028
-9.52057
-9.52085
-9.52113
-9.52142
-9.52170
-9.52199
-9.52227
-9.52256
-9.52284
-9.52312
-9.52341
-9.52369
-9.52398
-9.52426
-9.52455
-9.52483
-9.52511
-9.52540
-9.52568
-9.52597
-9.52625
-9.52654
-9.52682
-9.52710
-9.52739
-9.52767
-9.52796
-9.52824
-9.52852
-9.52881
-9.52909
-9.52938
-9.52966
-9.52995
-9.53023
-9.53051
-9.53080
-9.53108
-9.53137
-9.53165
-9.53194
-9.53222
-9.53250
-9.53279
-9.53307
-9.53336
-9.53364
-9.53393
-9.53421
-9.53449
-9.53478
-9.53506
-9.53535
-9.53563
-9.53592
-9.53620
-9.53648
-9.53677
-9.53705
-9.53734
-9.53762
-9.53790
-9.53819
-9.53847
-9.53876
-9.53904
-9.53933
-9.53961
-9.53989
-9.54018
-9.54046
-9.54075
-9.54103
-9.54132
-9.54160
-9.54188
-9.54217
-9.54245
-9.54274
-9.54302
-9.54331
-9.54359
-9.54387
-9.54416
-9.54444
-9.54473
-9.54501
-9.54529
-9.54558
-9.54586
-9.54615
-9.54643
-9.54672
-9.54700
-9.54728
-9.54757
-9.54785
-9.54814
-9.54842
-9.54871
-9.54899
-9.54927
-9.54956
-9.54984
-9.55013
-9.55041
-9.55070
-9.55098
-9.55126
-9.55155
-9.55183
-9.55212
-9.55240
-9.55268
-9.55297
-9.55325
-9.55354
-9.55382
-9.55411
-9.55439
-9.55467
-9.55496
-9.55524
-9.55553
-9.55581
-9.55610
-9.55638
-9.55666
-9.55695
-9.55723
-9.55752
-9.55780
-9.55809
-9.55837
-9.55865
-9.55894
-9.55922
-9.55951
-9.55979
-9.56008
-9.56036
-9.56064
-9.56093
-9.56121
-9.56150
-9.56178
-9.56206
-9.56235
-9.56263
-9.56292
-9.56320
-9.56349
-9.56377
-9.56405
-9.56434
-9.56462
-9.56491
-9.56519
-9.56548
-9.56576
-9.56604
-9.56633
-9.56661
-9.56690
-9.56718
-9.56746
-9.56775
-9.56803
-9.56832
-9.56860
-9.56889
-9.56917
-9.56945
-9.56974
-9.57002
-9.57031
-9.57059
-9.57088
-9.57116
-9.57144
-9.57173
-9.57201
-9.57230
-9.57258
-9.57287
-9.57315
-9.57343
-9.57372
-9.57400
-9.57429
-9.57457
-9.57485
-9.57514
-9.57542
-9.57571
-9.57599
-9.57628
-9.57656
-9.57684
-9.57713
-9.57741
-9.57770
-9.57798
-9.57827
-9.57855
-9.57883
-9.57912
-9.57940
-9.57969
-9.57997
-9.58026
-9.58054
-9.58082
-9.58111
-9.58139
-9.58168
-9.58196
-9.58224
-9.58253
-9.58281
-9.58310
-9.58338
-9.58367
-9.58395
-9.58423
-9.58452
-9.58480
-9.58509
-9.58537
-9.58566
-9.58594
-9.58622
-9.58651
-9.58679
-9.58708
-9.58736
-9.58765
-9.58793
-9.58821
-9.58850
-9.58878
-9.58907
-9.58935
-9.58963
-9.58992
-9.59020
-9.59049
-9.59077
-9.59106
-9.59134
-9.59162
-9.59191
-9.59219
-9.59248
-9.59276
-9.59305
-9.59333
-9.59361
-9.59390
-9.59418
-9.59447
-9.59475
-9.59503
-9.59532
-9.59560
-9.59589
-9.59617
-9.59646
-9.59674
-9.59702
-9.59731
-9.59759
-9.59788
-9.59816
-9.59845
-9.59873
-9.59901
-9.59930
-9.59958
-9.59987
-9.60015
-9.60043
-9.60072
-9.60100
-9.60129
-9.60157
-9.60186
-9.60214
-9.60242
-9.60271
-9.60299
-9.60328
-9.60356
-9.60385
-9.60413
-9.60441
-9.60470
-9.60498
-9.60527
-9.60555
-9.60584
-9.60612
-9.60640
-9.60669
-9.60697
-9.60726
-9.60754
-9.60782
-9.60811
-9.60839
-9.60868
-9.60896
-9.60925
-9.60953
-9.60981
-9.61010
-9.61038
-9.61067
-9.61095
-9.61124
-9.61152
-9.61180
-9.61209
-9.61237
-9.61266
-9.61294
-9.61322
-9.61351
-9.61379
-9.61408
-9.61436
-9.61465
-9.61493
-9.61521
-9.61550
-9.61578
-9.61607
-9.61635
-9.61664
-9.61692
-9.61720
-9.61749
-9.61777
-9.61806
-9.61834
-9.61862
-9.61891
-9.61919
-9.61948
-9.61976
-9.62005
-9.62033
-9.62061
-9.62090
-9.62118
-9.62147
-9.62175
-9.62204
-9.62232
-9.62260
-9.62289
-9.62317
-9.62346
-9.62374
-9.62402
-9.62431
-9.62459
-9.62488
-9.62516
-9.62545
-9.62573
-9.62601
-9.62630
-9.62658
-9.62687
-9.62715
-9.62744
-9.62772
-9.62800
-9.62829
-9.62857
-9.62886
-9.62914
-9.62942
-9.62971
-9.62999
-9.63028
-9.63056
-9.63085
-9.63113
-9.63141
-9.63170
-9.63198
-9.63227
-9.63255
-9.63284
-9.63312
-9.63340
-9.63369
-9.63397
-9.63426
-9.63454
-9.63482
-9.63511
-9.63539
-9.63568
-9.63596
-9.63625
-9.63653
-9.63681
-9.63710
-9.63738
-9.63767
-9.63795
-9.63824
-9.63852
-9.63880
-9.63909
-9.63937
-9.63966
-9.63994
-9.64022
-9.64051
-9.64079
-9.64108
-9.64136
-9.64165
-9.64193
-9.64221
-9.64250
-9.64278
-9.64307
-9.64335
-9.64364
-9.64392
-9.64420
-9.64449
-9.64477
-9.64506
-9.64534
-9.64562
-9.64591
-9.64619
-9.64648
-9.64676
-9.64705
-9.64733
-9.64761
-9.64790
-9.64818
-9.64847
-9.64875
-9.64904
-9.64932
-9.64960
-9.64989
-9.65017
-9.65046
-9.65074
-9.65102
-9.65131
-9.65159
-9.65188
-9.65216
-9.65245
-9.65273
-9.65301
-9.65330
-9.65358
-9.65387
-9.65415
-9.65444
-9.65472
-9.65500
-9.65529
-9.65557
-9.65586
-9.65614
-9.65642
-9.65671
-9.65699
-9.65728
-9.65756
-9.65785
-9.65813
-9.65841
-9.65870
-9.65898
-9.65927
-9.65955
-9.65983
-9.66012
-9.66040
-9.66069
-9.66097
-9.66126
-9.66154
-9.66182
-9.66211
-9.66239
-9.66268
-9.66296
-9.66325
-9.66353
-9.66381
-9.66410
-9.66438
-9.66467
-9.66495
-9.66523
-9.66552
-9.66580
-9.66609
-9.66637
-9.66666
-9.66694
-9.66722
-9.66751
-9.66779
-9.66808
-9.66836
-9.66865
-9.66893
-9.66921
-9.66950
-9.66978
-9.67007
-9.67035
-9.67063
-9.67092
-9.67120
-9.67149
-9.67177
-9.67206
-9.67234
-9.67262
-9.67291
-9.67319
-9.67348
-9.67376
-9.67404
-9.67433
-9.67461
-9.67490
-9.67518
-9.67547
-9.67575
-9.67603
-9.67632
-9.67660
-9.67689
-9.67717
-9.67746
-9.67774
-9.67802
-9.67831
-9.67859
-9.67888
-9.67916
-9.67944
-9.67973
-9.68001
-9.68030
-9.68058
-9.68087
-9.68115
-9.68143
-9.68172
-9.68200
-9.68229
-9.68257
-9.68286
-9.68314
-9.68342
-9.68371
-9.68399
-9.68428
-9.68456
-9.68484
-9.68513
-9.68541
-9.68570
-9.68598
-9.68627
-9.68655
-9.68683
-9.68712
-9.68740
-9.68769
-9.68797
-9.68825
-9.68854
-9.68882
-9.68911
-9.68939
-9.68968
-9.68996
-9.69024
-9.69053
-9.69081
-9.69110
-9.69138
-9.69167
-9.69195
-9.69223
-9.69252
-9.69280
-9.69309
-9.69337
-9.69365
-9.69394
-9.69422
-9.69451
-9.69479
-9.69508
-9.69536
-9.69564
-9.69593
-9.69621
-9.69650
-9.69678
-9.69706
-9.69735
-9.69763
-9.69792
-9.69820
-9.69849
-9.69877
-9.69905
-9.69934
-9.69962
-9.69991
-9.70019
-9.70048
-9.70076
-9.70104
-9.70133
-9.70161
-9.70190
-9.70218
-9.70246
-9.70275
-9.70303
-9.70332
-9.70360
-9.70389
-9.70417
-9.70445
-9.70474
-9.70502
-9.70531
-9.70559
-9.70587
-9.70616
-9.70644
-9.70673
-9.70701
-9.70730
-9.70758
-9.70786
-9.70815
-9.70843
-9.70872
-9.70900
-9.70928
-9.70957
-9.70985
-9.71014
-9.71042
-9.71071
-9.71099
-9.71127
-9.71156
-9.71184
-9.71213
-9.71241
-9.71270
-9.71298
-9.71326
-9.71355
-9.71383
-9.71412
-9.71440
-9.71468
-9.71497
-9.71525
-9.71554
-9.71582
-9.71611
-9.71639
-9.71667
-9.71696
-9.71724
-9.71753
-9.71781
-9.71809
-9.71838
-9.71866
-9.71895
-9.71923
-9.71952
-9.71980
-9.72008
-9.72037
-9.72065
-9.72094
-9.72122
-9.72150
-9.72179
-9.72207
-9.72236
-9.72264
-9.72293
-9.72321
-9.72349
-9.72378
-9.72406
-9.72435
-9.72463
-9.72492
-9.72520
-9.72548
-9.72577
-9.72605
-9.72634
-9.72662
-9.72690
-9.72719
-9.72747
-9.72776
-9.72804
-9.72833
-9.72861
-9.72889
-9.72918
-9.72946
-9.72975
-9.73003
-9.73031
-9.73060
-9.73088
-9.73117
-9.73145
-9.73174
-9.73202
-9.73230
-9.73259
-9.73287
-9.73316
-9.73344
-9.73372
-9.73401
-9.73429
-9.73458
-9.73486
-9.73515
-9.73543
-9.73571
-9.73600
-9.73628
-9.73657
-9.73685
-9.73713
-9.73742
-9.73770
-9.73799
-9.73827
-9.73856
-9.73884
-9.73912
-9.73941
-9.73969
-9.73998
-9.74026
-9.74055
-9.74083
-9.74111
-9.74140
-9.74168
-9.74197
-9.74225
-9.74253
-9.74282
-9.74310
-9.74339
-9.74367
-9.74396
-9.74424
-9.74452
-9.74481
-9.74509
-9.74538
-9.74566
-9.74594
-9.74623
-9.74651
-9.74680
-9.74708
-9.74737
-9.74765
-9.74793
-9.74822
-9.74850
-9.74879
-9.74907
-9.74935
-9.74964
-9.74992
-9.75021
-9.75049
-9.75078
-9.75106
-9.75134
-9.75163
-9.75191
-9.75220
-9.75248
-9.75276
-9.75305
-9.75333
-9.75362
-9.75390
-9.75419
-9.75447
-9.75475
-9.75504
-9.75532
-9.75561
-9.75589
-9.75617
-9.75646
-9.75674
-9.75703
-9.75731
-9.75760
-9.75788
-9.75816
-9.75845
-9.75873
-9.75902
-9.75930
-9.75958
-9.75987
-9.76015
-9.76044
-9.76072
-9.76101
-9.76129
-9.76157
-9.76186
-9.76214
-9.76243
-9.76271
-9.76299
-9.76328
-9.76356
-9.76385
-9.76413
-9.76442
-9.76470
-9.76498
-9.76527
-9.76555
-9.76584
-9.76612
-9.76640
-9.76669
-9.76697
-9.76726
-9.76754
-9.76783
-9.76811
-9.76839
-9.76868
-9.76896
-9.76925
-9.76953
-9.76982
-9.77010
-9.77038
-9.77067
-9.77095
-9.77124
-9.77152
-9.77180
-9.77209
-9.77237
-9.77266
-9.77294
-9.77323
-9.77351
-9.77379
-9.77408
-9.77436
-9.77465
-9.77493
-9.77521
-9.77550
-9.77578
-9.77607
-9.77635
-9.77664
-9.77692
-9.77720
-9.77749
-9.77777
-9.77806
-9.77834
-9.77862
-9.77891
-9.77919
-9.77948
-9.77976
-9.78005
-9.78033
-9.78061
-9.78090
-9.78118
-9.78147
-9.78175
-9.78203
-9.78232
-9.78260
-9.78289
-9.78317
-9.78346
-9.78374
-9.78402
-9.78431
-9.78459
-9.78488
-9.78516
-9.78544
-9.78573
-9.78601
-9.78630
-9.78658
-9.78687
-9.78715
-9.78743
-9.78772
-9.78800
-9.78829
-9.78857
-9.78885
-9.78914
-9.78942
-9.78971
-9.78999
-9.79028
-9.79056
-9.79084
-9.79113
-9.79141
-9.79170
-9.79198
-9.79226
-9.79255
-9.79283
-9.79312
-9.79340
-9.79369
-9.79397
-9.79425
-9.79454
-9.79482
-9.79511
-9.79539
-9.79567
-9.79596
-9.79624
-9.79653
-9.79681
-9.79710
-9.79738
-9.79766
-9.79795
-9.79823
-9.79852
-9.79880
-9.79908
-9.79937
-9.79965
-9.79994
-9.80022
-9.80050
-9.80079
-9.80107
-9.80136
-9.80164
-9.80193
-9.80221
-9.80249
-9.80278
-9.80306
-9.80335
-9.80363
-9.80391
-9.80420
-9.80448
-9.80477
-9.80505
-9.80534
-9.80562
-9.80590
-9.80619
-9.80647
-9.80676
-9.80704
-9.80732
-9.80761
-9.80789
-9.80818
-9.80846
-9.80875
-9.80903
-9.80931
-9.80960
-9.80988
-9.81017
-9.81045
-9.81073
-9.81102
-9.81130
-9.81159
-9.81187
-9.81216
-9.81244
-9.81272
-9.81301
-9.81329
-9.81358
-9.81386
-9.81414
-9.81443
-9.81471
-9.81500
-9.81528
-9.81557
-9.81585
-9.81613
-9.81642
-9.81670
-9.81699
-9.81727
-9.81755
-9.81784
-9.81812
-9.81841
-9.81869
-9.81898
-9.81926
-9.81954
-9.81983
-9.82011
-9.82040
-9.82068
-9.82096
-9.82125
-9.82153
-9.82182
-9.82210
-9.82239
-9.82267
-9.82295
-9.82324
-9.82352
-9.82381
-9.82409
-9.82437
-9.82466
-9.82494
-9.82523
-9.82551
-9.82580
-9.82608
-9.82636
-9.82665
-9.82693
-9.82722
-9.82750
-9.82778
-9.82807
-9.82835
-9.82864
-9.82892
-9.82920
-9.82949
-9.82977
-9.83006
-9.83034
-9.83063
-9.83091
-9.83119
-9.83148
-9.83176
-9.83205
-9.83233
-9.83261
-9.83290
-9.83318
-9.83347
-9.83375
-9.83404
-9.83432
-9.83460
-9.83489
-9.83517
-9.83546
-9.83574
-9.83602
-9.83631
-9.83659
-9.83688
-9.83716
-9.83745
-9.83773
-9.83801
-9.83830
-9.83858
-9.83887
-9.83915
-9.83943
-9.83972
-9.84000
-9.84029
-9.84057
-9.84086
-9.84114
-9.84142
-9.84171
-9.84199
-9.84228
-9.84256
-9.84284
-9.84313
-9.84341
-9.84370
-9.84398
-9.84426
-9.84455
-9.84483
-9.84512
-9.84540
-9.84569
-9.84597
-9.84625
-9.84654
-9.84682
-9.84711
-9.84739
-9.84767
-9.84796
-9.84824
-9.84853
-9.84881
-9.84910
-9.84938
-9.84966
-9.84995
-9.85023
-9.85052
-9.85080
-9.85108
-9.85137
-9.85165
-9.85194
-9.85222
-9.85251
-9.85279
-9.85307
-9.85336
-9.85364
-9.85393
-9.85421
-9.85449
-9.85478
-9.85506
-9.85535
-9.85563
-9.85591
-9.85620
-9.85648
-9.85677
-9.85705
-9.85734
-9.85762
-9.85790
-9.85819
-9.85847
-9.85876
-9.85904
-9.85932
-9.85961
-9.85989
-9.86018
-9.86046
-9.86075
-9.86103
-9.86131
-9.86160
-9.86188
-9.86217
-9.86245
-9.86273
-9.86302
-9.86330
-9.86359
-9.86387
-9.86416
-9.86444
-9.86472
-9.86501
-9.86529
-9.86558
-9.86586
-9.86614
-9.86643
-9.86671
-9.86700
-9.86728
-9.86756
-9.86785
-9.86813
-9.86842
-9.86870
-9.86899
-9.86927
-9.86955
-9.86984
-9.87012
-9.87041
-9.87069
-9.87097
-9.87126
-9.87154
-9.87183
-9.87211
-9.87240
-9.87268
-9.87296
-9.87325
-9.87353
-9.87382
-9.87410
-9.87438
-9.87467
-9.87495
-9.87524
-9.87552
-9.87580
-9.87609
-9.87637
-9.87666
-9.87694
-9.87723
-9.87751
-9.87779
-9.87808
-9.87836
-9.87865
-9.87893
-9.87921
-9.87950
-9.87978
-9.88007
-9.88035
-9.88064
-9.88092
-9.88120
-9.88149
-9.88177
-9.88206
-9.88234
-9.88262
-9.88291
-9.88319
-9.88348
-9.88376
-9.88404
-9.88433
-9.88461
-9.88490
-9.88518
-9.88547
-9.88575
-9.88603
-9.88632
-9.88660
-9.88689
-9.88717
-9.88745
-9.88774
-9.88802
-9.88831
-9.88859
-9.88888
-9.88916
-9.88944
-9.88973
-9.89001
-9.89030
-9.89058
-9.89086
-9.89115
-9.89143
-9.89172
-9.89200
-9.89228
-9.89257
-9.89285
-9.89314
-9.89342
-9.89371
-9.89399
-9.89427
-9.89456
-9.89484
-9.89513
-9.89541
-9.89569
-9.89598
-9.89626
-9.89655
-9.89683
-9.89712
-9.89740
-9.89768
-9.89797
-9.89825
-9.89854
-9.89882
-9.89910
-9.89939
-9.89967
-9.89996
-9.90024
-9.90052
-9.90081
-9.90109
-9.90138
-9.90166
-9.90195
-9.90223
-9.90251
-9.90280
-9.90308
-9.90337
-9.90365
-9.90393
-9.90422
-9.90450
-9.90479
-9.90507
-9.90536
-9.90564
-9.90592
-9.90621
-9.90649
-9.90678
-9.90706
-9.90734
-9.90763
-9.90791
-9.90820
-9.90848
-9.90876
-9.90905
-9.90933
-9.90962
-9.90990
-9.91019
-9.91047
-9.91075
-9.91104
-9.91132
-9.91161
-9.91189
-9.91217
-9.91246
-9.91274
-9.91303
-9.91331
-9.91359
-9.91388
-9.91416
-9.91445
-9.91473
-9.91502
-9.91530
-9.91558
-9.91587
-9.91615
-9.91644
-9.91672
-9.91700
-9.91729
-9.91757
-9.91786
-9.91814
-9.91843
-9.91871
-9.91899
-9.91928
-9.91956
-9.91985
-9.92013
-9.92041
-9.92070
-9.92098
-9.92127
-9.92155
-9.92183
-9.92212
-9.92240
-9.92269
-9.92297
-9.92326
-9.92354
-9.92382
-9.92411
-9.92439
-9.92468
-9.92496
-9.92524
-9.92553
-9.92581
-9.92610
-9.92638
-9.92666
-9.92695
-9.92723
-9.92752
-9.92780
-9.92809
-9.92837
-9.92865
-9.92894
-9.92922
-9.92951
-9.92979
-9.93007
-9.93036
-9.93064
-9.93093
-9.93121
-9.93149
-9.93178
-9.93206
-9.93235
-9.93263
-9.93292
-9.93320
-9.93348
-9.93377
-9.93405
-9.93434
-9.93462
-9.93490
-9.93519
-9.93547
-9.93576
-9.93604
-9.93632
-9.93661
-9.93689
-9.93718
-9.93746
-9.93775
-9.93803
-9.93831
-9.93860
-9.93888
-9.93917
-9.93945
-9.93973
-9.94002
-9.94030
-9.94059
-9.94087
-9.94115
-9.94144
-9.94172
-9.94201
-9.94229
-9.94258
-9.94286
-9.94314
-9.94343
-9.94371
-9.94400
-9.94428
-9.94456
-9.94485
-9.94513
-9.94542
-9.94570
-9.94599
-9.94627
-9.94655
-9.94684
-9.94712
-9.94741
-9.94769
-9.94797
-9.94826
-9.94854
-9.94883
-9.94911
-9.94939
-9.94968
-9.94996
-9.95025
-9.95053
-9.95082
-9.95110
-9.95138
-9.95167
-9.95195
-9.95224
-9.95252
-9.95280
-9.95309
-9.95337
-9.95366
-9.95394
-9.95422
-9.95451
-9.95479
-9.95508
-9.95536
-9.95565
-9.95593
-9.95621
-9.95650
-9.95678
-9.95707
-9.95735
-9.95763
-9.95792
-9.95820
-9.95849
-9.95877
-9.95905
-9.95934
-9.95962
-9.95991
-9.96019
-9.96048
-9.96076
-9.96104
-9.96133
-9.96161
-9.96190
-9.96218
-9.96246
-9.96275
-9.96303
-9.96332
-9.96360
-9.96388
-9.96417
-9.96445
-9.96474
-9.96502
-9.96530
-9.96559
-9.96587
-9.96616
-9.96644
-9.96673
-9.96701
-9.96729
-9.96758
-9.96786
-9.96815
-9.96843
-9.96871
-9.96900
-9.96928
-9.96957
-9.96985
-9.97013
-9.97042
-9.97070
-9.97099
-9.97127
-9.97156
-9.97184
-9.97212
-9.97241
-9.97269
-9.97298
-9.97326
-9.97354
-9.97383
-9.97411
-9.97440
-9.97468
-9.97496
-9.97525
-9.97553
-9.97582
-9.97610
-9.97639
-9.97667
-9.97695
-9.97724
-9.97752
-9.97781
-9.97809
-9.97837
-9.97866
-9.97894
-9.97923
-9.97951
-9.97979
-9.98008
-9.98036
-9.98065
-9.98093
-9.98122
-9.98150
-9.98178
-9.98207
-9.98235
-9.98264
-9.98292
-9.98320
-9.98349
-9.98377
-9.98406
-9.98434
-9.98462
-9.98491
-9.98519
-9.98548
-9.98576
-9.98605
-9.98633
-9.98661
-9.98690
-9.98718
-9.98747
-9.98775
-9.98803
-9.98832
-9.98860
-9.98889
-9.98917
-9.98945
-9.98974
-9.99002
-9.99031
-9.99059
-9.99087
-9.99116
-9.99144
-9.99173
-9.99201
-9.99230
-9.99258
-9.99286
-9.99315
-9.99343
-9.99372
-9.99400
-9.99428
-9.99457
-9.99485
-9.99514
-9.99542
-9.99570
-9.99599
-9.99627
-9.99656
-9.99684
-9.99713
-9.99741
-9.99769
-9.99798
-9.99826
-9.99855
-9.99883
-9.99911
-9.99940
-9.99968
-9.99997
-10.00025
-10.00053
-10.00082
-10.00110
-10.00139
-10.00167
-10.00196
-10.00224
-10.00252
-10.00281
-10.00309
-10.00338
-10.00366
-10.00394
-10.00423
-10.00451
-10.00480
-10.00508
-10.00536
-10.00565
-10.00593
-10.00622
-10.00650
-10.00678
-10.00707
-10.00735
-10.00764
-10.00792
-10.00821
-10.00849
-10.00877
-10.00906
-10.00934
-10.00963
-10.00991
-10.01019
-10.01048
-10.01076
-10.01105
-10.01133
-10.01161
-10.01190
-10.01218
-10.01247
-10.01275
-10.01304
-10.01332
-10.01360
-10.01389
-10.01417
-10.01446
-10.01474
-10.01502
-10.01531
-10.01559
-10.01588
-10.01616
-10.01644
-10.01673
-10.01701
-10.01730
-10.01758
-10.01786
-10.01815
-10.01843
-10.01872
-10.01900
-10.01929
-10.01957
-10.01985
-10.02014
-10.02042
-10.02071
-10.02099
-10.02127
-10.02156
-10.02184
-10.02213
-10.02241
-10.02269
-10.02298
-10.02326
-10.02355
-10.02383
-10.02411
-10.02440
-10.02468
-10.02497
-10.02525
-10.02554
-10.02582
-10.02610
-10.02639
-10.02667
-10.02696
-10.02724
-10.02752
-10.02781
-10.02809
-10.02838
-10.02866
-10.02894
-10.02923
-10.02951
-10.02980
-10.03008
-10.03037
-10.03065
-10.03093
-10.03122
-10.03150
-10.03179
-10.03207
-10.03235
-10.03264
-10.03292
-10.03321
-10.03349
-10.03377
-10.03406
-10.03434
-10.03463
-10.03491
-10.03519
-10.03548
-10.03576
-10.03605
-10.03633
-10.03662
-10.03690
-10.03718
-10.03747
-10.03775
-10.03804
-10.03832
-10.03860
-10.03889
-10.03917
-10.03946
-10.03974
-10.04002
-10.04031
-10.04059
-10.04088
-10.04116
-10.04144
-10.04173
-10.04201
-10.04230
-10.04258
-10.04287
-10.04315
-10.04343
-10.04372
-10.04400
-10.04429
-10.04457
-10.04485
-10.04514
-10.04542
-10.04571
-10.04599
-10.04627
-10.04656
-10.04684
-10.04713
-10.04741
-10.04769
-10.04798
-10.04826
-10.04855
-10.04883
-10.04912
-10.04940
-10.04968
-10.04997
-10.05025
-10.05054
-10.05082
-10.05110
-10.05139
-10.05167
-10.05196
-10.05224
-10.05252
-10.05281
-10.05309
-10.05338
-10.05366
-10.05394
-10.05423
-10.05451
-10.05480
-10.05508
-10.05537
-10.05565
-10.05593
-10.05622
-10.05650
-10.05679
-10.05707
-10.05735
-10.05764
-10.05792
-10.05821
-10.05849
-10.05877
-10.05906
-10.05934
-10.05963
-10.05991
-10.06019
-10.06048
-10.06076
-10.06105
-10.06133
-10.06162
-10.06190
-10.06218
-10.06247
-10.06275
-10.06304
-10.06332
-10.06360
-10.06389
-10.06417
-10.06446
-10.06474
-10.06502
-10.06531
-10.06559
-10.06588
-10.06616
-10.06644
-10.06673
-10.06701
-10.06730
-10.06758
-10.06786
-10.06815
-10.06843
-10.06872
-10.06900
-10.06929
-10.06957
-10.06985
-10.07014
-10.07042
-10.07071
-10.07099
-10.07127
-10.07156
-10.07184
-10.07213
-10.07241
-10.07269
-10.07298
-10.07326
-10.07355
-10.07383
-10.07411
-10.07440
-10.07468
-10.07497
-10.07525
-10.07554
-10.07582
-10.07610
-10.07639
-10.07667
-10.07696
-10.07724
-10.07752
-10.07781
-10.07809
-10.07838
-10.07866
-10.07894
-10.07923
-10.07951
-10.07980
-10.08008
-10.08036
-10.08065
-10.08093
-10.08122
-10.08150
-10.08179
-10.08207
-10.08235
-10.08264
-10.08292
-10.08321
-10.08349
-10.08377
-10.08406
-10.08434
-10.08463
-10.08491
-10.08519
-10.08548
-10.08576
-10.08605
-10.08633
-10.08661
-10.08690
-10.08718
-10.08747
-10.08775
-10.08803
-10.08832
-10.08860
-10.08889
-10.08917
-10.08946
-10.08974
-10.09002
-10.09031
-10.09059
-10.09088
-10.09116
-10.09144
-10.09173
-10.09201
-10.09230
-10.09258
-10.09286
-10.09315
-10.09343
-10.09372
-10.09400
-10.09428
-10.09457
-10.09485
-10.09514
-10.09542
-10.09570
-10.09599
-10.09627
-10.09656
-10.09684
-10.09713
-10.09741
-10.09769
-10.09798
-10.09826
-10.09855
-10.09883
-10.09911
-10.09940
-10.09968
-10.09997
-10.10025
-10.10053
-10.10082
-10.10110
-10.10139
-10.10167
-10.10195
-10.10224
-10.10252
-10.10281
-10.10309
-10.10337
-10.10366
-10.10394
-10.10423
-10.10451
-10.10480
-10.10508
-10.10536
-10.10565
-10.10593
-10.10622
-10.10650
-10.10678
-10.10707
-10.10735
-10.10764
-10.10792
-10.10820
-10.10849
-10.10877
-10.10906
-10.10934
-10.10962
-10.10991
-10.11019
-10.11048
-10.11076
-10.11104
-10.11133
-10.11161
-10.11190
-10.11218
-10.11247
-10.11275
-10.11303
-10.11332
-10.11360
-10.11389
-10.11417
-10.11445
-10.11474
-10.11502
-10.11531
-10.11559
-10.11587
-10.11616
-10.11644
-10.11673
-10.11701
-10.11729
-10.11758
-10.11786
-10.11815
-10.11843
-10.11871
-10.11900
-10.11928
-10.11957
-10.11985
-10.12014
-10.12042
-10.12070
-10.12099
-10.12127
-10.12156
-10.12184
-10.12212
-10.12241
-10.12269
-10.12298
-10.12326
-10.12354
-10.12383
-10.12411
-10.12440
-10.12468
-10.12496
-10.12525
-10.12553
-10.12582
-10.12610
-10.12638
-10.12667
-10.12695
-10.12724
-10.12752
-10.12781
-10.12809
-10.12837
-10.12866
-10.12894
-10.12923
-10.12951
-10.12979
-10.13008
-10.13036
-10.13065
-10.13093
-10.13121
-10.13150
-10.13178
-10.13207
-10.13235
-10.13263
-10.13292
-10.13320
-10.13349
-10.13377
-10.13405
-10.13434
-10.13462
-10.13491
-10.13519
-10.13547
-10.13576
-10.13604
-10.13633
-10.13661
-10.13690
-10.13718
-10.13746
-10.13775
-10.13803
-10.13832
-10.13860
-10.13888
-10.13917
-10.13945
-10.13974
-10.14002
-10.14030
-10.14059
-10.14087
-10.14116
-10.14144
-10.14172
-10.14201
-10.14229
-10.14258
-10.14286
-10.14314
-10.14343
-10.14371
-10.14400
-10.14428
-10.14456
-10.14485
-10.14513
-10.14542
-10.14570
-10.14599
-10.14627
-10.14655
-10.14684
-10.14712
-10.14741
-10.14769
-10.14797
-10.14826
-10.14854
-10.14883
-10.14911
-10.14939
-10.14968
-10.14996
-10.15025
-10.15053
-10.15081
-10.15110
-10.15138
-10.15167
-10.15195
-10.15223
-10.15252
-10.15280
-10.15309
-10.15337
-10.15365
-10.15394
-10.15422
-10.15451
-10.15479
-10.15508
-10.15536
-10.15564
-10.15593
-10.15621
-10.15650
-10.15678
-10.15706
-10.15735
-10.15763
-10.15792
-10.15820
-10.15848
-10.15877
-10.15905
-10.15934
-10.15962
-10.15990
-10.16019
-10.16047
-10.16076
-10.16104
-10.16132
-10.16161
-10.16189
-10.16218
-10.16246
-10.16274
-10.16303
-10.16331
-10.16360
-10.16388
-10.16417
-10.16445
-10.16473
-10.16502
-10.16530
-10.16559
-10.16587
-10.16615
-10.16644
-10.16672
-10.16701
-10.16729
-10.16757
-10.16786
-10.16814
-10.16843
-10.16871
-10.16899
-10.16928
-10.16956
-10.16985
-10.17013
-10.17041
-10.17070
-10.17098
-10.17127
-10.17155
-10.17183
-10.17212
-10.17240
-10.17269
-10.17297
-10.17325
-10.17354
-10.17382
-10.17411
-10.17439
-10.17468
-10.17496
-10.17524
-10.17553
-10.17581
-10.17610
-10.17638
-10.17666
-10.17695
-10.17723
-10.17752
-10.17780
-10.17808
-10.17837
-10.17865
-10.17894
-10.17922
-10.17950
-10.17979
-10.18007
-10.18036
-10.18064
-10.18092
-10.18121
-10.18149
-10.18178
-10.18206
-10.18234
-10.18263
-10.18291
-10.18320
-10.18348
-10.18376
-10.18405
-10.18433
-10.18462
-10.18490
-10.18519
-10.18547
-10.18575
-10.18604
-10.18632
-10.18661
-10.18689
-10.18717
-10.18746
-10.18774
-10.18803
-10.18831
-10.18859
-10.18888
-10.18916
-10.18945
-10.18973
-10.19001
-10.19030
-10.19058
-10.19087
-10.19115
-10.19143
-10.19172
-10.19200
-10.19229
-10.19257
-10.19285
-10.19314
-10.19342
-10.19371
-10.19399
-10.19427
-10.19456
-10.19484
-10.19513
-10.19541
-10.19569
-10.19598
-10.19626
-10.19655
-10.19683
-10.19712
-10.19740
-10.19768
-10.19797
-10.19825
-10.19854
-10.19882
-10.19910
-10.19939
-10.19967
-10.19996
-10.20024
-10.20052
-10.20081
-10.20109
-10.20138
-10.20166
-10.20194
-10.20223
-10.20251
-10.20280
-10.20308
-10.20336
-10.20365
-10.20393
-10.20422
-10.20450
-10.20478
-10.20507
-10.20535
-10.20564
-10.20592
-10.20620
-10.20649
-10.20677
-10.20706
-10.20734
-10.20762
-10.20791
-10.20819
-10.20848
-10.20876
-10.20905
-10.20933
-10.20961
-10.20990
-10.21018
-10.21047
-10.21075
-10.21103
-10.21132
-10.21160
-10.21189
-10.21217
-10.21245
-10.21274
-10.21302
-10.21331
-10.21359
-10.21387
-10.21416
-10.21444
-10.21473
-10.21501
-10.21529
-10.21558
-10.21586
-10.21615
-10.21643
-10.21671
-10.21700
-10.21728
-10.21757
-10.21785
-10.21813
-10.21842
-10.21870
-10.21899
-10.21927
-10.21955
-10.21984
-10.22012
-10.22041
-10.22069
-10.22097
-10.22126
-10.22154
-10.22183
-10.22211
-10.22240
-10.22268
-10.22296
-10.22325
-10.22353
-10.22382
-10.22410
-10.22438
-10.22467
-10.22495
-10.22524
-10.22552
-10.22580
-10.22609
-10.22637
-10.22666
-10.22694
-10.22722
-10.22751
-10.22779
-10.22808
-10.22836
-10.22864
-10.22893
-10.22921
-10.22950
-10.22978
-10.23006
-10.23035
-10.23063
-10.23092
-10.23120
-10.23148
-10.23177
-10.23205
-10.23234
-10.23262
-10.23290
-10.23319
-10.23347
-10.23376
-10.23404
-10.23432
-10.23461
-10.23489
-10.23518
-10.23546
-10.23574
-10.23603
-10.23631
-10.23660
-10.23688
-10.23717
-10.23745
-10.23773
-10.23802
-10.23830
-10.23859
-10.23887
-10.23915
-10.23944
-10.23972
-10.24001
-10.24029
-10.24057
-10.24086
-10.24114
-10.24143
-10.24171
-10.24199
-10.24228
-10.24256
-10.24285
-10.24313
-10.24341
-10.24370
-10.24398
-10.24427
-10.24455
-10.24483
-10.24512
-10.24540
-10.24569
-10.24597
-10.24625
-10.24654
-10.24682
-10.24711
-10.24739
-10.24767
-10.24796
-10.24824
-10.24853
-10.24881
-10.24909
-10.24938
-10.24966
-10.24995
-10.25023
-10.25051
-10.25080
-10.25108
-10.25137
-10.25165
-10.25193
-10.25222
-10.25250
-10.25279
-10.25307
-10.25335
-10.25364
-10.25392
-10.25421
-10.25449
-10.25478
-10.25506
-10.25534
-10.25563
-10.25591
-10.25620
-10.25648
-10.25676
-10.25705
-10.25733
-10.25762
-10.25790
-10.25818
-10.25847
-10.25875
-10.25904
-10.25932
-10.25960
-10.25989
-10.26017
-10.26046
-10.26074
-10.26102
-10.26131
-10.26159
-10.26188
-10.26216
-10.26244
-10.26273
-10.26301
-10.26330
-10.26358
-10.26386
-10.26415
-10.26443
-10.26472
-10.26500
-10.26528
-10.26557
-10.26585
-10.26614
-10.26642
-10.26670
-10.26699
-10.26727
-10.26756
-10.26784
-10.26812
-10.26841
-10.26869
-10.26898
-10.26926
-10.26954
-10.26983
-10.27011
-10.27040
-10.27068
-10.27096
-10.27125
-10.27153
-10.27182
-10.27210
-10.27238
-10.27267
-10.27295
-10.27324
-10.27352
-10.27381
-10.27409
-10.27437
-10.27466
-10.27494
-10.27523
-10.27551
-10.27579
-10.27608
-10.27636
-10.27665
-10.27693
-10.27721
-10.27750
-10.27778
-10.27807
-10.27835
-10.27863
-10.27892
-10.27920
-10.27949
-10.27977
-10.28005
-10.28034
-10.28062
-10.28091
-10.28119
-10.28147
-10.28176
-10.28204
-10.28233
-10.28261
-10.28289
-10.28318
-10.28346
-10.28375
-10.28403
-10.28431
-10.28460
-10.28488
-10.28517
-10.28545
-10.28573
-10.28602
-10.28630
-10.28659
-10.28687
-10.28715
-10.28744
-10.28772
-10.28801
-10.28829
-10.28857
-10.28886
-10.28914
-10.28943
-10.28971
-10.28999
-10.29028
-10.29056
-10.29085
-10.29113
-10.29141
-10.29170
-10.29198
-10.29227
-10.29255
-10.29283
-10.29312
-10.29340
-10.29369
-10.29397
-10.29425
-10.29454
-10.29482
-10.29511
-10.29539
-10.29567
-10.29596
-10.29624
-10.29653
-10.29681
-10.29709
-10.29738
-10.29766
-10.29795
-10.29823
-10.29851
-10.29880
-10.29908
-10.29937
-10.29965
-10.29994
-10.30022
-10.30050
-10.30079
-10.30107
-10.30136
-10.30164
-10.30192
-10.30221
-10.30249
-10.30278
-10.30306
-10.30334
-10.30363
-10.30391
-10.30420
-10.30448
-10.30476
-10.30505
-10.30533
-10.30562
-10.30590
-10.30618
-10.30647
-10.30675
-10.30704
-10.30732
-10.30760
-10.30789
-10.30817
-10.30846
-10.30874
-10.30902
-10.30931
-10.30959
-10.30988
-10.31016
-10.31044
-10.31073
-10.31101
-10.31130
-10.31158
-10.31186
-10.31215
-10.31243
-10.31272
-10.31300
-10.31328
-10.31357
-10.31385
-10.31414
-10.31442
-10.31470
-10.31499
-10.31527
-10.31556
-10.31584
-10.31612
-10.31641
-10.31669
-10.31698
-10.31726
-10.31754
-10.31783
-10.31811
-10.31840
-10.31868
-10.31896
-10.31925
-10.31953
-10.31982
-10.32010
-10.32038
-10.32067
-10.32095
-10.32124
-10.32152
-10.32180
-10.32209
-10.32237
-10.32266
-10.32294
-10.32322
-10.32351
-10.32379
-10.32408
-10.32436
-10.32464
-10.32493
-10.32521
-10.32550
-10.32578
-10.32606
-10.32635
-10.32663
-10.32692
-10.32720
-10.32748
-10.32777
-10.32805
-10.32834
-10.32862
-10.32890
-10.32919
-10.32947
-10.32976
-10.33004
-10.33032
-10.33061
-10.33089
-10.33118
-10.33146
-10.33174
-10.33203
-10.33231
-10.33260
-10.33288
-10.33316
-10.33345
-10.33373
-10.33402
-10.33430
-10.33458
-10.33487
-10.33515
-10.33544
-10.33572
-10.33600
-10.33629
-10.33657
-10.33686
-10.33714
-10.33742
-10.33771
-10.33799
-10.33828
-10.33856
-10.33884
-10.33913
-10.33941
-10.33970
-10.33998
-10.34026
-10.34055
-10.34083
-10.34112
-10.34140
-10.34168
-10.34197
-10.34225
-10.34254
-10.34282
-10.34310
-10.34339
-10.34367
-10.34396
-10.34424
-10.34452
-10.34481
-10.34509
-10.34538
-10.34566
-10.34594
-10.34623
-10.34651
-10.34680
-10.34708
-10.34736
-10.34765
-10.34793
-10.34822
-10.34850
-10.34879
-10.34907
-10.34935
-10.34964
-10.34992
-10.35021
-10.35049
-10.35077
-10.35106
-10.35134
-10.35163
-10.35191
-10.35219
-10.35248
-10.35276
-10.35305
-10.35333
-10.35361
-10.35390
-10.35418
-10.35447
-10.35475
-10.35503
-10.35532
-10.35560
-10.35589
-10.35617
-10.35645
-10.35674
-10.35702
-10.35731
-10.35759
-10.35787
-10.35816
-10.35844
-10.35873
-10.35901
-10.35929
-10.35958
-10.35986
-10.36015
-10.36043
-10.36071
-10.36100
-10.36128
-10.36157
-10.36185
-10.36213
-10.36242
-10.36270
-10.36299
-10.36327
-10.36355
-10.36384
-10.36412
-10.36441
-10.36469
-10.36497
-10.36526
-10.36554
-10.36583
-10.36611
-10.36639
-10.36668
-10.36696
-10.36725
-10.36753
-10.36781
-10.36810
-10.36838
-10.36867
-10.36895
-10.36923
-10.36952
-10.36980
-10.37009
-10.37037
-10.37065
-10.37094
-10.37122
-10.37151
-10.37179
-10.37207
-10.37236
-10.37264
-10.37293
-10.37321
-10.37349
-10.37378
-10.37406
-10.37435
-10.37463
-10.37491
-10.37520
-10.37548
-10.37577
-10.37605
-10.37633
-10.37662
-10.37690
-10.37719
-10.37747
-10.37775
-10.37804
-10.37832
-10.37861
-10.37889
-10.37917
-10.37946
-10.37974
-10.38002
-10.38031
-10.38059
-10.38088
-10.38116
-10.38144
-10.38173
-10.38201
-10.38230
-10.38258
-10.38286
-10.38315
-10.38343
-10.38372
-10.38400
-10.38428
-10.38457
-10.38485
-10.38514
-10.38542
-10.38570
-10.38599
-10.38627
-10.38656
-10.38684
-10.38712
-10.38741
-10.38769
-10.38798
-10.38826
-10.38854
-10.38883
-10.38911
-10.38940
-10.38968
-10.38996
-10.39025
-10.39053
-10.39082
-10.39110
-10.39138
-10.39167
-10.39195
-10.39224
-10.39252
-10.39280
-10.39309
-10.39337
-10.39366
-10.39394
-10.39422
-10.39451
-10.39479
-10.39508
-10.39536
-10.39564
-10.39593
-10.39621
-10.39650
-10.39678
-10.39706
-10.39735
-10.39763
-10.39792
-10.39820
-10.39848
-10.39877
-10.39905
-10.39934
-10.39962
-10.39990
-10.40019
-10.40047
-10.40076
-10.40104
-10.40132
-10.40161
-10.40189
-10.40218
-10.40246
-10.40274
-10.40303
-10.40331
-10.40360
-10.40388
-10.40416
-10.40445
-10.40473
-10.40502
-10.40530
-10.40558
-10.40587
-10.40615
-10.40644
-10.40672
-10.40700
-10.40729
-10.40757
-10.40786
-10.40814
-10.40842
-10.40871
-10.40899
-10.40928
-10.40956
-10.40984
-10.41013
-10.41041
-10.41070
-10.41098
-10.41126
-10.41155
-10.41183
-10.41212
-10.41240
-10.41268
-10.41297
-10.41325
-10.41354
-10.41382
-10.41410
-10.41439
-10.41467
-10.41496
-10.41524
-10.41552
-10.41581
-10.41609
-10.41638
-10.41666
-10.41694
-10.41723
-10.41751
-10.41780
-10.41808
-10.41836
-10.41865
-10.41893
-10.41922
-10.41950
-10.41978
-10.42007
-10.42035
-10.42064
-10.42092
-10.42120
-10.42149
-10.42177
-10.42206
-10.42234
-10.42262
-10.42291
-10.42319
-10.42348
-10.42376
-10.42404
-10.42433
-10.42461
-10.42490
-10.42518
-10.42546
-10.42575
-10.42603
-10.42632
-10.42660
-10.42688
-10.42717
-10.42745
-10.42774
-10.42802
-10.42830
-10.42859
-10.42887
-10.42915
-10.42944
-10.42972
-10.43001
-10.43029
-10.43057
-10.43086
-10.43114
-10.43143
-10.43171
-10.43199
-10.43228
-10.43256
-10.43285
-10.43313
-10.43341
-10.43370
-10.43398
-10.43427
-10.43455
-10.43483
-10.43512
-10.43540
-10.43569
-10.43597
-10.43625
-10.43654
-10.43682
-10.43711
-10.43739
-10.43767
-10.43796
-10.43824
-10.43853
-10.43881
-10.43909
-10.43938
-10.43966
-10.43995
-10.44023
-10.44051
-10.44080
-10.44108
-10.44137
-10.44165
-10.44193
-10.44222
-10.44250
-10.44279
-10.44307
-10.44335
-10.44364
-10.44392
-10.44421
-10.44449
-10.44477
-10.44506
-10.44534
-10.44563
-10.44591
-10.44619
-10.44648
-10.44676
-10.44705
-10.44733
-10.44761
-10.44790
-10.44818
-10.44847
-10.44875
-10.44903
-10.44932
-10.44960
-10.44989
-10.45017
-10.45045
-10.45074
-10.45102
-10.45131
-10.45159
-10.45187
-10.45216
-10.45244
-10.45273
-10.45301
-10.45329
-10.45358
-10.45386
-10.45414
-10.45443
-10.45471
-10.45500
-10.45528
-10.45556
-10.45585
-10.45613
-10.45642
-10.45670
-10.45698
-10.45727
-10.45755
-10.45784
-10.45812
-10.45840
-10.45869
-10.45897
-10.45926
-10.45954
-10.45982
-10.46011
-10.46039
-10.46068
-10.46096
-10.46124
-10.46153
-10.46181
-10.46210
-10.46238
-10.46266
-10.46295
-10.46323
-10.46352
-10.46380
-10.46408
-10.46437
-10.46465
-10.46494
-10.46522
-10.46550
-10.46579
-10.46607
-10.46636
-10.46664
-10.46692
-10.46721
-10.46749
-10.46778
-10.46806
-10.46834
-10.46863
-10.46891
-10.46920
-10.46948
-10.46976
-10.47005
-10.47033
-10.47062
-10.47090
-10.47118
-10.47147
-10.47175
-10.47204
-10.47232
-10.47260
-10.47289
-10.47317
-10.47346
-10.47374
-10.47402
-10.47431
-10.47459
-10.47487
-10.47516
-10.47544
-10.47573
-10.47601
-10.47629
-10.47658
-10.47686
-10.47715
-10.47743
-10.47771
-10.47800
-10.47828
-10.47857
-10.47885
-10.47913
-10.47942
-10.47970
-10.47999
-10.48027
-10.48055
-10.48084
-10.48112
-10.48141
-10.48169
-10.48197
-10.48226
-10.48254
-10.48283
-10.48311
-10.48339
-10.48368
-10.48396
-10.48425
-10.48453
-10.48481
-10.48510
-10.48538
-10.48567
-10.48595
-10.48623
-10.48652
-10.48680
-10.48709
-10.48737
-10.48765
-10.48794
-10.48822
-10.48851
-10.48879
-10.48907
-10.48936
-10.48964
-10.48993
-10.49021
-10.49049
-10.49078
-10.49106
-10.49134
-10.49163
-10.49191
-10.49220
-10.49248
-10.49276
-10.49305
-10.49333
-10.49362
-10.49390
-10.49418
-10.49447
-10.49475
-10.49504
-10.49532
-10.49560
-10.49589
-10.49617
-10.49646
-10.49674
-10.49702
-10.49731
-10.49759
-10.49788
-10.49816
-10.49844
-10.49873
-10.49901
-10.49930
-10.49958
-10.49986
-10.50015
-10.50043
-10.50072
-10.50100
-10.50128
-10.50157
-10.50185
-10.50214
-10.50242
-10.50270
-10.50299
-10.50327
-10.50356
-10.50384
-10.50412
-10.50441
-10.50469
-10.50498
-10.50526
-10.50554
-10.50583
-10.50611
-10.50639
-10.50668
-10.50696
-10.50725
-10.50753
-10.50781
-10.50810
-10.50838
-10.50867
-10.50895
-10.50923
-10.50952
-10.50980
-10.51009
-10.51037
-10.51065
-10.51094
-10.51122
-10.51151
-10.51179
-10.51207
-10.51236
-10.51264
-10.51293
-10.51321
-10.51349
-10.51378
-10.51406
-10.51435
-10.51463
-10.51491
-10.51520
-10.51548
-10.51577
-10.51605
-10.51633
-10.51662
-10.51690
-10.51719
-10.51747
-10.51775
-10.51804
-10.51832
-10.51861
-10.51889
-10.51917
-10.51946
-10.51974
-10.52002
-10.52031
-10.52059
-10.52088
-10.52116
-10.52144
-10.52173
-10.52201
-10.52230
-10.52258
-10.52286
-10.52315
-10.52343
-10.52372
-10.52400
-10.52428
-10.52457
-10.52485
-10.52514
-10.52542
-10.52570
-10.52599
-10.52627
-10.52656
-10.52684
-10.52712
-10.52741
-10.52769
-10.52798
-10.52826
-10.52854
-10.52883
-10.52911
-10.52940
-10.52968
-10.52996
-10.53025
-10.53053
-10.53082
-10.53110
-10.53138
-10.53167
-10.53195
-10.53223
-10.53252
-10.53280
-10.53309
-10.53337
-10.53365
-10.53394
-10.53422
-10.53451
-10.53479
-10.53507
-10.53536
-10.53564
-10.53593
-10.53621
-10.53649
-10.53678
-10.53706
-10.53735
-10.53763
-10.53791
-10.53820
-10.53848
-10.53877
-10.53905
-10.53933
-10.53962
-10.53990
-10.54019
-10.54047
-10.54075
-10.54104
-10.54132
-10.54161
-10.54189
-10.54217
-10.54246
-10.54274
-10.54302
-10.54331
-10.54359
-10.54388
-10.54416
-10.54444
-10.54473
-10.54501
-10.54530
-10.54558
-10.54586
-10.54615
-10.54643
-10.54672
-10.54700
-10.54728
-10.54757
-10.54785
-10.54814
-10.54842
-10.54870
-10.54899
-10.54927
-10.54956
-10.54984
-10.55012
-10.55041
-10.55069
-10.55098
-10.55126
-10.55154
-10.55183
-10.55211
-10.55240
-10.55268
-10.55296
-10.55325
-10.55353
-10.55381
-10.55410
-10.55438
-10.55467
-10.55495
-10.55523
-10.55552
-10.55580
-10.55609
-10.55637
-10.55665
-10.55694
-10.55722
-10.55751
-10.55779
-10.55807
-10.55836
-10.55864
-10.55893
-10.55921
-10.55949
-10.55978
-10.56006
-10.56035
-10.56063
-10.56091
-10.56120
-10.56148
-10.56177
-10.56205
-10.56233
-10.56262
-10.56290
-10.56319
-10.56347
-10.56375
-10.56404
-10.56432
-10.56460
-10.56489
-10.56517
-10.56546
-10.56574
-10.56602
-10.56631
-10.56659
-10.56688
-10.56716
-10.56744
-10.56773
-10.56801
-10.56830
-10.56858
-10.56886
-10.56915
-10.56943
-10.56972
-10.57000
-10.57028
-10.57057
-10.57085
-10.57114
-10.57142
-10.57170
-10.57199
-10.57227
-10.57256
-10.57284
-10.57312
-10.57341
-10.57369
-10.57397
-10.57426
-10.57454
-10.57483
-10.57511
-10.57539
-10.57568
-10.57596
-10.57625
-10.57653
-10.57681
-10.57710
-10.57738
-10.57767
-10.57795
-10.57823
-10.57852
-10.57880
-10.57909
-10.57937
-10.57965
-10.57994
-10.58022
-10.58051
-10.58079
-10.58107
-10.58136
-10.58164
-10.58193
-10.58221
-10.58249
-10.58278
-10.58306
-10.58334
-10.58363
-10.58391
-10.58420
-10.58448
-10.58476
-10.58505
-10.58533
-10.58562
-10.58590
-10.58618
-10.58647
-10.58675
-10.58704
-10.58732
-10.58760
-10.58789
-10.58817
-10.58846
-10.58874
-10.58902
-10.58931
-10.58959
-10.58988
-10.59016
-10.59044
-10.59073
-10.59101
-10.59129
-10.59158
-10.59186
-10.59215
-10.59243
-10.59271
-10.59300
-10.59328
-10.59357
-10.59385
-10.59413
-10.59442
-10.59470
-10.59499
-10.59527
-10.59555
-10.59584
-10.59612
-10.59641
-10.59669
-10.59697
-10.59726
-10.59754
-10.59783
-10.59811
-10.59839
-10.59868
-10.59896
-10.59925
-10.59953
-10.59981
-10.60010
-10.60038
-10.60066
-10.60095
-10.60123
-10.60152
-10.60180
-10.60208
-10.60237
-10.60265
-10.60294
-10.60322
-10.60350
-10.60379
-10.60407
-10.60436
-10.60464
-10.60492
-10.60521
-10.60549
-10.60578
-10.60606
-10.60634
-10.60663
-10.60691
-10.60720
-10.60748
-10.60776
-10.60805
-10.60833
-10.60861
-10.60890
-10.60918
-10.60947
-10.60975
-10.61003
-10.61032
-10.61060
-10.61089
-10.61117
-10.61145
-10.61174
-10.61202
-10.61231
-10.61259
-10.61287
-10.61316
-10.61344
-10.61373
-10.61401
-10.61429
-10.61458
-10.61486
-10.61515
-10.61543
-10.61571
-10.61600
-10.61628
-10.61656
-10.61685
-10.61713
-10.61742
-10.61770
-10.61798
-10.61827
-10.61855
-10.61884
-10.61912
-10.61940
-10.61969
-10.61997
-10.62026
-10.62054
-10.62082
-10.62111
-10.62139
-10.62168
-10.62196
-10.62224
-10.62253
-10.62281
-10.62310
-10.62338
-10.62366
-10.62395
-10.62423
-10.62451
-10.62480
-10.62508
-10.62537
-10.62565
-10.62593
-10.62622
-10.62650
-10.62679
-10.62707
-10.62735
-10.62764
-10.62792
-10.62821
-10.62849
-10.62877
-10.62906
-10.62934
-10.62963
-10.62991
-10.63019
-10.63048
-10.63076
-10.63105
-10.63133
-10.63161
-10.63190
-10.63218
-10.63246
-10.63275
-10.63303
-10.63332
-10.63360
-10.63388
-10.63417
-10.63445
-10.63474
-10.63502
-10.63530
-10.63559
-10.63587
-10.63616
-10.63644
-10.63672
-10.63701
-10.63729
-10.63758
-10.63786
-10.63814
-10.63843
-10.63871
-10.63899
-10.63928
-10.63956
-10.63985
-10.64013
-10.64041
-10.64070
-10.64098
-10.64127
-10.64155
-10.64183
-10.64212
-10.64240
-10.64269
-10.64297
-10.64325
-10.64354
-10.64382
-10.64411
-10.64439
-10.64467
-10.64496
-10.64524
-10.64553
-10.64581
-10.64609
-10.64638
-10.64666
-10.64694
-10.64723
-10.64751
-10.64780
-10.64808
-10.64836
-10.64865
-10.64893
-10.64922
-10.64950
-10.64978
-10.65007
-10.65035
-10.65064
-10.65092
-10.65120
-10.65149
-10.65177
-10.65206
-10.65234
-10.65262
-10.65291
-10.65319
-10.65347
-10.65376
-10.65404
-10.65433
-10.65461
-10.65489
-10.65518
-10.65546
-10.65575
-10.65603
-10.65631
-10.65660
-10.65688
-10.65717
-10.65745
-10.65773
-10.65802
-10.65830
-10.65859
-10.65887
-10.65915
-10.65944
-10.65972
-10.66000
-10.66029
-10.66057
-10.66086
-10.66114
-10.66142
-10.66171
-10.66199
-10.66228
-10.66256
-10.66284
-10.66313
-10.66341
-10.66370
-10.66398
-10.66426
-10.66455
-10.66483
-10.66512
-10.66540
-10.66568
-10.66597
-10.66625
-10.66653
-10.66682
-10.66710
-10.66739
-10.66767
-10.66795
-10.66824
-10.66852
-10.66881
-10.66909
-10.66937
-10.66966
-10.66994
-10.67023
-10.67051
-10.67079
-10.67108
-10.67136
-10.67165
-10.67193
-10.67221
-10.67250
-10.67278
-10.67306
-10.67335
-10.67363
-10.67392
-10.67420
-10.67448
-10.67477
-10.67505
-10.67534
-10.67562
-10.67590
-10.67619
-10.67647
-10.67676
-10.67704
-10.67732
-10.67761
-10.67789
-10.67818
-10.67846
-10.67874
-10.67903
-10.67931
-10.67959
-10.67988
-10.68016
-10.68045
-10.68073
-10.68101
-10.68130
-10.68158
-10.68187
-10.68215
-10.68243
-10.68272
-10.68300
-10.68329
-10.68357
-10.68385
-10.68414
-10.68442
-10.68471
-10.68499
-10.68527
-10.68556
-10.68584
-10.68612
-10.68641
-10.68669
-10.68698
-10.68726
-10.68754
-10.68783
-10.68811
-10.68840
-10.68868
-10.68896
-10.68925
-10.68953
-10.68982
-10.69010
-10.69038
-10.69067
-10.69095
-10.69123
-10.69152
-10.69180
-10.69209
-10.69237
-10.69265
-10.69294
-10.69322
-10.69351
-10.69379
-10.69407
-10.69436
-10.69464
-10.69493
-10.69521
-10.69549
-10.69578
-10.69606
-10.69635
-10.69663
-10.69691
-10.69720
-10.69748
-10.69776
-10.69805
-10.69833
-10.69862
-10.69890
-10.69918
-10.69947
-10.69975
-10.70004
-10.70032
-10.70060
-10.70089
-10.70117
-10.70146
-10.70174
-10.70202
-10.70231
-10.70259
-10.70288
-10.70316
-10.70344
-10.70373
-10.70401
-10.70429
-10.70458
-10.70486
-10.70515
-10.70543
-10.70571
-10.70600
-10.70628
-10.70657
-10.70685
-10.70713
-10.70742
-10.70770
-10.70799
-10.70827
-10.70855
-10.70884
-10.70912
-10.70940
-10.70969
-10.70997
-10.71026
-10.71054
-10.71082
-10.71111
-10.71139
-10.71168
-10.71196
-10.71224
-10.71253
-10.71281
-10.71310
-10.71338
-10.71366
-10.71395
-10.71423
-10.71451
-10.71480
-10.71508
-10.71537
-10.71565
-10.71593
-10.71622
-10.71650
-10.71679
-10.71707
-10.71735
-10.71764
-10.71792
-10.71821
-10.71849
-10.71877
-10.71906
-10.71934
-10.71963
-10.71991
-10.72019
-10.72048
-10.72076
-10.72104
-10.72133
-10.72161
-10.72190
-10.72218
-10.72246
-10.72275
-10.72303
-10.72332
-10.72360
-10.72388
-10.72417
-10.72445
-10.72474
-10.72502
-10.72530
-10.72559
-10.72587
-10.72615
-10.72644
-10.72672
-10.72701
-10.72729
-10.72757
-10.72786
-10.72814
-10.72843
-10.72871
-10.72899
-10.72928
-10.72956
-10.72985
-10.73013
-10.73041
-10.73070
-10.73098
-10.73126
-10.73155
-10.73183
-10.73212
-10.73240
-10.73268
-10.73297
-10.73325
-10.73354
-10.73382
-10.73410
-10.73439
-10.73467
-10.73496
-10.73524
-10.73552
-10.73581
-10.73609
-10.73637
-10.73666
-10.73694
-10.73723
-10.73751
-10.73779
-10.73808
-10.73836
-10.73865
-10.73893
-10.73921
-10.73950
-10.73978
-10.74007
-10.74035
-10.74063
-10.74092
-10.74120
-10.74149
-10.74177
-10.74205
-10.74234
-10.74262
-10.74290
-10.74319
-10.74347
-10.74376
-10.74404
-10.74432
-10.74461
-10.74489
-10.74518
-10.74546
-10.74574
-10.74603
-10.74631
-10.74660
-10.74688
-10.74716
-10.74745
-10.74773
-10.74801
-10.74830
-10.74858
-10.74887
-10.74915
-10.74943
-10.74972
-10.75000
-10.75029
-10.75057
-10.75085
-10.75114
-10.75142
-10.75171
-10.75199
-10.75227
-10.75256
-10.75284
-10.75312
-10.75341
-10.75369
-10.75398
-10.75426
-10.75454
-10.75483
-10.75511
-10.75540
-10.75568
-10.75596
-10.75625
-10.75653
-10.75682
-10.75710
-10.75738
-10.75767
-10.75795
-10.75823
-10.75852
-10.75880
-10.75909
-10.75937
-10.75965
-10.75994
-10.76022
-10.76051
-10.76079
-10.76107
-10.76136
-10.76164
-10.76193
-10.76221
-10.76249
-10.76278
-10.76306
-10.76334
-10.76363
-10.76391
-10.76420
-10.76448
-10.76476
-10.76505
-10.76533
-10.76562
-10.76590
-10.76618
-10.76647
-10.76675
-10.76703
-10.76732
-10.76760
-10.76789
-10.76817
-10.76845
-10.76874
-10.76902
-10.76931
-10.76959
-10.76987
-10.77016
-10.77044
-10.77073
-10.77101
-10.77129
-10.77158
-10.77186
-10.77214
-10.77243
-10.77271
-10.77300
-10.77328
-10.77356
-10.77385
-10.77413
-10.77442
-10.77470
-10.77498
-10.77527
-10.77555
-10.77584
-10.77612
-10.77640
-10.77669
-10.77697
-10.77725
-10.77754
-10.77782
-10.77811
-10.77839
-10.77867
-10.77896
-10.77924
-10.77953
-10.77981
-10.78009
-10.78038
-10.78066
-10.78095
-10.78123
-10.78151
-10.78180
-10.78208
-10.78236
-10.78265
-10.78293
-10.78322
-10.78350
-10.78378
-10.78407
-10.78435
-10.78464
-10.78492
-10.78520
-10.78549
-10.78577
-10.78606
-10.78634
-10.78662
-10.78691
-10.78719
-10.78747
-10.78776
-10.78804
-10.78833
-10.78861
-10.78889
-10.78918
-10.78946
-10.78975
-10.79003
-10.79031
-10.79060
-10.79088
-10.79116
-10.79145
-10.79173
-10.79202
-10.79230
-10.79258
-10.79287
-10.79315
-10.79344
-10.79372
-10.79400
-10.79429
-10.79457
-10.79486
-10.79514
-10.79542
-10.79571
-10.79599
-10.79627
-10.79656
-10.79684
-10.79713
-10.79741
-10.79769
-10.79798
-10.79826
-10.79855
-10.79883
-10.79911
-10.79940
-10.79968
-10.79996
-10.80025
-10.80053
-10.80082
-10.80110
-10.80138
-10.80167
-10.80195
-10.80224
-10.80252
-10.80280
-10.80309
-10.80337
-10.80366
-10.80394
-10.80422
-10.80451
-10.80479
-10.80507
-10.80536
-10.80564
-10.80593
-10.80621
-10.80649
-10.80678
-10.80706
-10.80735
-10.80763
-10.80791
-10.80820
-10.80848
-10.80877
-10.80905
-10.80933
-10.80962
-10.80990
-10.81018
-10.81047
-10.81075
-10.81104
-10.81132
-10.81160
-10.81189
-10.81217
-10.81246
-10.81274
-10.81302
-10.81331
-10.81359
-10.81387
-10.81416
-10.81444
-10.81473
-10.81501
-10.81529
-10.81558
-10.81586
-10.81615
-10.81643
-10.81671
-10.81700
-10.81728
-10.81757
-10.81785
-10.81813
-10.81842
-10.81870
-10.81898
-10.81927
-10.81955
-10.81984
-10.82012
-10.82040
-10.82069
-10.82097
-10.82126
-10.82154
-10.82182
-10.82211
-10.82239
-10.82267
-10.82296
-10.82324
-10.82353
-10.82381
-10.82409
-10.82438
-10.82466
-10.82495
-10.82523
-10.82551
-10.82580
-10.82608
-10.82637
-10.82665
-10.82693
-10.82722
-10.82750
-10.82778
-10.82807
-10.82835
-10.82864
-10.82892
-10.82920
-10.82949
-10.82977
-10.83006
-10.83034
-10.83062
-10.83091
-10.83119
-10.83147
-10.83176
-10.83204
-10.83233
-10.83261
-10.83289
-10.83318
-10.83346
-10.83375
-10.83403
-10.83431
-10.83460
-10.83488
-10.83516
-10.83545
-10.83573
-10.83602
-10.83630
-10.83658
-10.83687
-10.83715
-10.83744
-10.83772
-10.83800
-10.83829
-10.83857
-10.83886
-10.83914
-10.83942
-10.83971
-10.83999
-10.84027
-10.84056
-10.84084
-10.84113
-10.84141
-10.84169
-10.84198
-10.84226
-10.84255
-10.84283
-10.84311
-10.84340
-10.84368
-10.84396
-10.84425
-10.84453
-10.84482
-10.84510
-10.84538
-10.84567
-10.84595
-10.84624
-10.84652
-10.84680
-10.84709
-10.84737
-10.84765
-10.84794
-10.84822
-10.84851
-10.84879
-10.84907
-10.84936
-10.84964
-10.84993
-10.85021
-10.85049
-10.85078
-10.85106
-10.85135
-10.85163
-10.85191
-10.85220
-10.85248
-10.85276
-10.85305
-10.85333
-10.85362
-10.85390
-10.85418
-10.85447
-10.85475
-10.85504
-10.85532
-10.85560
-10.85589
-10.85617
-10.85645
-10.85674
-10.85702
-10.85731
-10.85759
-10.85787
-10.85816
-10.85844
-10.85873
-10.85901
-10.85929
-10.85958
-10.85986
-10.86014
-10.86043
-10.86071
-10.86100
-10.86128
-10.86156
-10.86185
-10.86213
-10.86242
-10.86270
-10.86298
-10.86327
-10.86355
-10.86383
-10.86412
-10.86440
-10.86469
-10.86497
-10.86525
-10.86554
-10.86582
-10.86611
-10.86639
-10.86667
-10.86696
-10.86724
-10.86752
-10.86781
-10.86809
-10.86838
-10.86866
-10.86894
-10.86923
-10.86951
-10.86980
-10.87008
-10.87036
-10.87065
-10.87093
-10.87122
-10.87150
-10.87178
-10.87207
-10.87235
-10.87263
-10.87292
-10.87320
-10.87349
-10.87377
-10.87405
-10.87434
-10.87462
-10.87491
-10.87519
-10.87547
-10.87576
-10.87604
-10.87632
-10.87661
-10.87689
-10.87718
-10.87746
-10.87774
-10.87803
-10.87831
-10.87860
-10.87888
-10.87916
-10.87945
-10.87973
-10.88001
-10.88030
-10.88058
-10.88087
-10.88115
-10.88143
-10.88172
-10.88200
-10.88229
-10.88257
-10.88285
-10.88314
-10.88342
-10.88370
-10.88399
-10.88427
-10.88456
-10.88484
-10.88512
-10.88541
-10.88569
-10.88598
-10.88626
-10.88654
-10.88683
-10.88711
-10.88739
-10.88768
-10.88796
-10.88825
-10.88853
-10.88881
-10.88910
-10.88938
-10.88967
-10.88995
-10.89023
-10.89052
-10.89080
-10.89108
-10.89137
-10.89165
-10.89194
-10.89222
-10.89250
-10.89279
-10.89307
-10.89336
-10.89364
-10.89392
-10.89421
-10.89449
-10.89477
-10.89506
-10.89534
-10.89563
-10.89591
-10.89619
-10.89648
-10.89676
-10.89705
-10.89733
-10.89761
-10.89790
-10.89818
-10.89846
-10.89875
-10.89903
-10.89932
-10.89960
-10.89988
-10.90017
-10.90045
-10.90074
-10.90102
-10.90130
-10.90159
-10.90187
-10.90215
-10.90244
-10.90272
-10.90301
-10.90329
-10.90357
-10.90386
-10.90414
-10.90443
-10.90471
-10.90499
-10.90528
-10.90556
-10.90584
-10.90613
-10.90641
-10.90670
-10.90698
-10.90726
-10.90755
-10.90783
-10.90812
-10.90840
-10.90868
-10.90897
-10.90925
-10.90953
-10.90982
-10.91010
-10.91039
-10.91067
-10.91095
-10.91124
-10.91152
-10.91181
-10.91209
-10.91237
-10.91266
-10.91294
-10.91322
-10.91351
-10.91379
-10.91408
-10.91436
-10.91464
-10.91493
-10.91521
-10.91550
-10.91578
-10.91606
-10.91635
-10.91663
-10.91691
-10.91720
-10.91748
-10.91777
-10.91805
-10.91833
-10.91862
-10.91890
-10.91919
-10.91947
-10.91975
-10.92004
-10.92032
-10.92060
-10.92089
-10.92117
-10.92146
-10.92174
-10.92202
-10.92231
-10.92259
-10.92288
-10.92316
-10.92344
-10.92373
-10.92401
-10.92429
-10.92458
-10.92486
-10.92515
-10.92543
-10.92571
-10.92600
-10.92628
-10.92657
-10.92685
-10.92713
-10.92742
-10.92770
-10.92798
-10.92827
-10.92855
-10.92884
-10.92912
-10.92940
-10.92969
-10.92997
-10.93026
-10.93054
-10.93082
-10.93111
-10.93139
-10.93167
-10.93196
-10.93224
-10.93253
-10.93281
-10.93309
-10.93338
-10.93366
-10.93394
-10.93423
-10.93451
-10.93480
-10.93508
-10.93536
-10.93565
-10.93593
-10.93622
-10.93650
-10.93678
-10.93707
-10.93735
-10.93763
-10.93792
-10.93820
-10.93849
-10.93877
-10.93905
-10.93934
-10.93962
-10.93991
-10.94019
-10.94047
-10.94076
-10.94104
-10.94132
-10.94161
-10.94189
-10.94218
-10.94246
-10.94274
-10.94303
-10.94331
-10.94360
-10.94388
-10.94416
-10.94445
-10.94473
-10.94501
-10.94530
-10.94558
-10.94587
-10.94615
-10.94643
-10.94672
-10.94700
-10.94729
-10.94757
-10.94785
-10.94814
-10.94842
-10.94870
-10.94899
-10.94927
-10.94956
-10.94984
-10.95012
-10.95041
-10.95069
-10.95097
-10.95126
-10.95154
-10.95183
-10.95211
-10.95239
-10.95268
-10.95296
-10.95325
-10.95353
-10.95381
-10.95410
-10.95438
-10.95466
-10.95495
-10.95523
-10.95552
-10.95580
-10.95608
-10.95637
-10.95665
-10.95694
-10.95722
-10.95750
-10.95779
-10.95807
-10.95835
-10.95864
-10.95892
-10.95921
-10.95949
-10.95977
-10.96006
-10.96034
-10.96063
-10.96091
-10.96119
-10.96148
-10.96176
-10.96204
-10.96233
-10.96261
-10.96290
-10.96318
-10.96346
-10.96375
-10.96403
-10.96431
-10.96460
-10.96488
-10.96517
-10.96545
-10.96573
-10.96602
-10.96630
-10.96659
-10.96687
-10.96715
-10.96744
-10.96772
-10.96800
-10.96829
-10.96857
-10.96886
-10.96914
-10.96942
-10.96971
-10.96999
-10.97028
-10.97056
-10.97084
-10.97113
-10.97141
-10.97169
-10.97198
-10.97226
-10.97255
-10.97283
-10.97311
-10.97340
-10.97368
-10.97397
-10.97425
-10.97453
-10.97482
-10.97510
-10.97538
-10.97567
-10.97595
-10.97624
-10.97652
-10.97680
-10.97709
-10.97737
-10.97765
-10.97794
-10.97822
-10.97851
-10.97879
-10.97907
-10.97936
-10.97964
-10.97993
-10.98021
-10.98049
-10.98078
-10.98106
-10.98134
-10.98163
-10.98191
-10.98220
-10.98248
-10.98276
-10.98305
-10.98333
-10.98362
-10.98390
-10.98418
-10.98447
-10.98475
-10.98503
-10.98532
-10.98560
-10.98589
-10.98617
-10.98645
-10.98674
-10.98702
-10.98730
-10.98759
-10.98787
-10.98816
-10.98844
-10.98872
-10.98901
-10.98929
-10.98958
-10.98986
-10.99014
-10.99043
-10.99071
-10.99099
-10.99128
-10.99156
-10.99185
-10.99213
-10.99241
-10.99270
-10.99298
-10.99326
-10.99355
-10.99383
-10.99412
-10.99440
-10.99468
-10.99497
-10.99525
-10.99554
-10.99582
-10.99610
-10.99639
-10.99667
-10.99695
-10.99724
-10.99752
-10.99781
-10.99809
-10.99837
-10.99866
-10.99894
-10.99923
-10.99951
-10.99979
-11.00008
-11.00036
-11.00064
-11.00093
-11.00121
-11.00150
-11.00178
-11.00206
-11.00235
-11.00263
-11.00291
-11.00320
-11.00348
-11.00377
-11.00405
-11.00433
-11.00462
-11.00490
-11.00519
-11.00547
-11.00575
-11.00604
-11.00632
-11.00660
-11.00689
-11.00717
-11.00746
-11.00774
-11.00802
-11.00831
-11.00859
-11.00887
-11.00916
-11.00944
-11.00973
-11.01001
-11.01029
-11.01058
-11.01086
-11.01115
-11.01143
-11.01171
-11.01200
-11.01228
-11.01256
-11.01285
-11.01313
-11.01342
-11.01370
-11.01398
-11.01427
-11.01455
-11.01484
-11.01512
-11.01540
-11.01569
-11.01597
-11.01625
-11.01654
-11.01682
-11.01711
-11.01739
-11.01767
-11.01796
-11.01824
-11.01852
-11.01881
-11.01909
-11.01938
-11.01966
-11.01994
-11.02023
-11.02051
-11.02080
-11.02108
-11.02136
-11.02165
-11.02193
-11.02221
-11.02250
-11.02278
-11.02307
-11.02335
-11.02363
-11.02392
-11.02420
-11.02448
-11.02477
-11.02505
-11.02534
-11.02562
-11.02590
-11.02619
-11.02647
-11.02676
-11.02704
-11.02732
-11.02761
-11.02789
-11.02817
-11.02846
-11.02874
-11.02903
-11.02931
-11.02959
-11.02988
-11.03016
-11.03044
-11.03073
-11.03101
-11.03130
-11.03158
-11.03186
-11.03215
-11.03243
-11.03272
-11.03300
-11.03328
-11.03357
-11.03385
-11.03413
-11.03442
-11.03470
-11.03499
-11.03527
-11.03555
-11.03584
-11.03612
-11.03640
-11.03669
-11.03697
-11.03726
-11.03754
-11.03782
-11.03811
-11.03839
-11.03868
-11.03896
-11.03924
-11.03953
-11.03981
-11.04009
-11.04038
-11.04066
-11.04095
-11.04123
-11.04151
-11.04180
-11.04208
-11.04236
-11.04265
-11.04293
-11.04322
-11.04350
-11.04378
-11.04407
-11.04435
-11.04463
-11.04492
-11.04520
-11.04549
-11.04577
-11.04605
-11.04634
-11.04662
-11.04691
-11.04719
-11.04747
-11.04776
-11.04804
-11.04832
-11.04861
-11.04889
-11.04918
-11.04946
-11.04974
-11.05003
-11.05031
-11.05059
-11.05088
-11.05116
-11.05145
-11.05173
-11.05201
-11.05230
-11.05258
-11.05287
-11.05315
-11.05343
-11.05372
-11.05400
-11.05428
-11.05457
-11.05485
-11.05514
-11.05542
-11.05570
-11.05599
-11.05627
-11.05655
-11.05684
-11.05712
-11.05741
-11.05769
-11.05797
-11.05826
-11.05854
-11.05883
-11.05911
-11.05939
-11.05968
-11.05996
-11.06024
-11.06053
-11.06081
-11.06110
-11.06138
-11.06166
-11.06195
-11.06223
-11.06251
-11.06280
-11.06308
-11.06337
-11.06365
-11.06393
-11.06422
-11.06450
-11.06478
-11.06507
-11.06535
-11.06564
-11.06592
-11.06620
-11.06649
-11.06677
-11.06706
-11.06734
-11.06762
-11.06791
-11.06819
-11.06847
-11.06876
-11.06904
-11.06933
-11.06961
-11.06989
-11.07018
-11.07046
-11.07074
-11.07103
-11.07131
-11.07160
-11.07188
-11.07216
-11.07245
-11.07273
-11.07302
-11.07330
-11.07358
-11.07387
-11.07415
-11.07443
-11.07472
-11.07500
-11.07529
-11.07557
-11.07585
-11.07614
-11.07642
-11.07670
-11.07699
-11.07727
-11.07756
-11.07784
-11.07812
-11.07841
-11.07869
-11.07897
-11.07926
-11.07954
-11.07983
-11.08011
-11.08039
-11.08068
-11.08096
-11.08125
-11.08153
-11.08181
-11.08210
-11.08238
-11.08266
-11.08295
-11.08323
-11.08352
-11.08380
-11.08408
-11.08437
-11.08465
-11.08493
-11.08522
-11.08550
-11.08579
-11.08607
-11.08635
-11.08664
-11.08692
-11.08720
-11.08749
-11.08777
-11.08806
-11.08834
-11.08862
-11.08891
-11.08919
-11.08948
-11.08976
-11.09004
-11.09033
-11.09061
-11.09089
-11.09118
-11.09146
-11.09175
-11.09203
-11.09231
-11.09260
-11.09288
-11.09316
-11.09345
-11.09373
-11.09402
-11.09430
-11.09458
-11.09487
-11.09515
-11.09543
-11.09572
-11.09600
-11.09629
-11.09657
-11.09685
-11.09714
-11.09742
-11.09771
-11.09799
-11.09827
-11.09856
-11.09884
-11.09912
-11.09941
-11.09969
-11.09998
-11.10026
-11.10054
-11.10083
-11.10111
-11.10139
-11.10168
-11.10196
-11.10225
-11.10253
-11.10281
-11.10310
-11.10338
-11.10366
-11.10395
-11.10423
-11.10452
-11.10480
-11.10508
-11.10537
-11.10565
-11.10593
-11.10622
-11.10650
-11.10679
-11.10707
-11.10735
-11.10764
-11.10792
-11.10821
-11.10849
-11.10877
-11.10906
-11.10934
-11.10962
-11.10991
-11.11019
-11.11048
-11.11076
-11.11104
-11.11133
-11.11161
-11.11189
-11.11218
-11.11246
-11.11275
-11.11303
-11.11331
-11.11360
-11.11388
-11.11416
-11.11445
-11.11473
-11.11502
-11.11530
-11.11558
-11.11587
-11.11615
-11.11643
-11.11672
-11.11700
-11.11729
-11.11757
-11.11785
-11.11814
-11.11842
-11.11871
-11.11899
-11.11927
-11.11956
-11.11984
-11.12012
-11.12041
-11.12069
-11.12098
-11.12126
-11.12154
-11.12183
-11.12211
-11.12239
-11.12268
-11.12296
-11.12325
-11.12353
-11.12381
-11.12410
-11.12438
-11.12466
-11.12495
-11.12523
-11.12552
-11.12580
-11.12608
-11.12637
-11.12665
-11.12693
-11.12722
-11.12750
-11.12779
-11.12807
-11.12835
-11.12864
-11.12892
-11.12921
-11.12949
-11.12977
-11.13006
-11.13034
-11.13062
-11.13091
-11.13119
-11.13148
-11.13176
-11.13204
-11.13233
-11.13261
-11.13289
-11.13318
-11.13346
-11.13375
-11.13403
-11.13431
-11.13460
-11.13488
-11.13516
-11.13545
-11.13573
-11.13602
-11.13630
-11.13658
-11.13687
-11.13715
-11.13743
-11.13772
-11.13800
-11.13829
-11.13857
-11.13885
-11.13914
-11.13942
-11.13970
-11.13999
-11.14027
-11.14056
-11.14084
-11.14112
-11.14141
-11.14169
-11.14198
-11.14226
-11.14254
-11.14283
-11.14311
-11.14339
-11.14368
-11.14396
-11.14425
-11.14453
-11.14481
-11.14510
-11.14538
-11.14566
-11.14595
-11.14623
-11.14652
-11.14680
-11.14708
-11.14737
-11.14765
-11.14793
-11.14822
-11.14850
-11.14879
-11.14907
-11.14935
-11.14964
-11.14992
-11.15020
-11.15049
-11.15077
-11.15106
-11.15134
-11.15162
-11.15191
-11.15219
-11.15247
-11.15276
-11.15304
-11.15333
-11.15361
-11.15389
-11.15418
-11.15446
-11.15475
-11.15503
-11.15531
-11.15560
-11.15588
-11.15616
-11.15645
-11.15673
-11.15702
-11.15730
-11.15758
-11.15787
-11.15815
-11.15843
-11.15872
-11.15900
-11.15929
-11.15957
-11.15985
-11.16014
-11.16042
-11.16070
-11.16099
-11.16127
-11.16156
-11.16184
-11.16212
-11.16241
-11.16269
-11.16297
-11.16326
-11.16354
-11.16383
-11.16411
-11.16439
-11.16468
-11.16496
-11.16524
-11.16553
-11.16581
-11.16610
-11.16638
-11.16666
-11.16695
-11.16723
-11.16751
-11.16780
-11.16808
-11.16837
-11.16865
-11.16893
-11.16922
-11.16950
-11.16978
-11.17007
-11.17035
-11.17064
-11.17092
-11.17120
-11.17149
-11.17177
-11.17206
-11.17234
-11.17262
-11.17291
-11.17319
-11.17347
-11.17376
-11.17404
-11.17433
-11.17461
-11.17489
-11.17518
-11.17546
-11.17574
-11.17603
-11.17631
-11.17660
-11.17688
-11.17716
-11.17745
-11.17773
-11.17801
-11.17830
-11.17858
-11.17887
-11.17915
-11.17943
-11.17972
-11.18000
-11.18028
-11.18057
-11.18085
-11.18114
-11.18142
-11.18170
-11.18199
-11.18227
-11.18255
-11.18284
-11.18312
-11.18341
-11.18369
-11.18397
-11.18426
-11.18454
-11.18482
-11.18511
-11.18539
-11.18568
-11.18596
-11.18624
-11.18653
-11.18681
-11.18709
-11.18738
-11.18766
-11.18795
-11.18823
-11.18851
-11.18880
-11.18908
-11.18936
-11.18965
-11.18993
-11.19022
-11.19050
-11.19078
-11.19107
-11.19135
-11.19163
-11.19192
-11.19220
-11.19249
-11.19277
-11.19305
-11.19334
-11.19362
-11.19390
-11.19419
-11.19447
-11.19476
-11.19504
-11.19532
-11.19561
-11.19589
-11.19618
-11.19646
-11.19674
-11.19703
-11.19731
-11.19759
-11.19788
-11.19816
-11.19845
-11.19873
-11.19901
-11.19930
-11.19958
-11.19986
-11.20015
-11.20043
-11.20072
-11.20100
-11.20128
-11.20157
-11.20185
-11.20213
-11.20242
-11.20270
-11.20299
-11.20327
-11.20355
-11.20384
-11.20412
-11.20440
-11.20469
-11.20497
-11.20526
-11.20554
-11.20582
-11.20611
-11.20639
-11.20667
-11.20696
-11.20724
-11.20753
-11.20781
-11.20809
-11.20838
-11.20866
-11.20894
-11.20923
-11.20951
-11.20980
-11.21008
-11.21036
-11.21065
-11.21093
-11.21121
-11.21150
-11.21178
-11.21207
-11.21235
-11.21263
-11.21292
-11.21320
-11.21348
-11.21377
-11.21405
-11.21434
-11.21462
-11.21490
-11.21519
-11.21547
-11.21575
-11.21604
-11.21632
-11.21661
-11.21689
-11.21717
-11.21746
-11.21774
-11.21802
-11.21831
-11.21859
-11.21888
-11.21916
-11.21944
-11.21973
-11.22001
-11.22029
-11.22058
-11.22086
-11.22115
-11.22143
-11.22171
-11.22200
-11.22228
-11.22256
-11.22285
-11.22313
-11.22342
-11.22370
-11.22398
-11.22427
-11.22455
-11.22483
-11.22512
-11.22540
-11.22569
-11.22597
-11.22625
-11.22654
-11.22682
-11.22710
-11.22739
-11.22767
-11.22796
-11.22824
-11.22852
-11.22881
-11.22909
-11.22937
-11.22966
-11.22994
-11.23023
-11.23051
-11.23079
-11.23108
-11.23136
-11.23164
-11.23193
-11.23221
-11.23250
-11.23278
-11.23306
-11.23335
-11.23363
-11.23391
-11.23420
-11.23448
-11.23477
-11.23505
-11.23533
-11.23562
-11.23590
-11.23618
-11.23647
-11.23675
-11.23704
-11.23732
-11.23760
-11.23789
-11.23817
-11.23845
-11.23874
-11.23902
-11.23931
-11.23959
-11.23987
-11.24016
-11.24044
-11.24072
-11.24101
-11.24129
-11.24158
-11.24186
-11.24214
-11.24243
-11.24271
-11.24299
-11.24328
-11.24356
-11.24385
-11.24413
-11.24441
-11.24470
-11.24498
-11.24526
-11.24555
-11.24583
-11.24612
-11.24640
-11.24668
-11.24697
-11.24725
-11.24753
-11.24782
-11.24810
-11.24839
-11.24867
-11.24895
-11.24924
-11.24952
-11.24980
-11.25009
-11.25037
-11.25066
-11.25094
-11.25122
-11.25151
-11.25179
-11.25207
-11.25236
-11.25264
-11.25293
-11.25321
-11.25349
-11.25378
-11.25406
-11.25434
-11.25463
-11.25491
-11.25520
-11.25548
-11.25576
-11.25605
-11.25633
-11.25661
-11.25690
-11.25718
-11.25747
-11.25775
-11.25803
-11.25832
-11.25860
-11.25888
-11.25917
-11.25945
-11.25974
-11.26002
-11.26030
-11.26059
-11.26087
-11.26115
-11.26144
-11.26172
-11.26201
-11.26229
-11.26257
-11.26286
-11.26314
-11.26342
-11.26371
-11.26399
-11.26428
-11.26456
-11.26484
-11.26513
-11.26541
-11.26569
-11.26598
-11.26626
-11.26655
-11.26683
-11.26711
-11.26740
-11.26768
-11.26796
-11.26825
-11.26853
-11.26882
-11.26910
-11.26938
-11.26967
-11.26995
-11.27023
-11.27052
-11.27080
-11.27109
-11.27137
-11.27165
-11.27194
-11.27222
-11.27250
-11.27279
-11.27307
-11.27336
-11.27364
-11.27392
-11.27421
-11.27449
-11.27477
-11.27506
-11.27534
-11.27563
-11.27591
-11.27619
-11.27648
-11.27676
-11.27704
-11.27733
-11.27761
-11.27789
-11.27818
-11.27846
-11.27875
-11.27903
-11.27931
-11.27960
-11.27988
-11.28016
-11.28045
-11.28073
-11.28102
-11.28130
-11.28158
-11.28187
-11.28215
-11.28243
-11.28272
-11.28300
-11.28329
-11.28357
-11.28385
-11.28414
-11.28442
-11.28470
-11.28499
-11.28527
-11.28556
-11.28584
-11.28612
-11.28641
-11.28669
-11.28697
-11.28726
-11.28754
-11.28783
-11.28811
-11.28839
-11.28868
-11.28896
-11.28924
-11.28953
-11.28981
-11.29010
-11.29038
-11.29066
-11.29095
-11.29123
-11.29151
-11.29180
-11.29208
-11.29237
-11.29265
-11.29293
-11.29322
-11.29350
-11.29378
-11.29407
-11.29435
-11.29464
-11.29492
-11.29520
-11.29549
-11.29577
-11.29605
-11.29634
-11.29662
-11.29691
-11.29719
-11.29747
-11.29776
-11.29804
-11.29832
-11.29861
-11.29889
-11.29918
-11.29946
-11.29974
-11.30003
-11.30031
-11.30059
-11.30088
-11.30116
-11.30144
-11.30173
-11.30201
-11.30230
-11.30258
-11.30286
-11.30315
-11.30343
-11.30371
-11.30400
-11.30428
-11.30457
-11.30485
-11.30513
-11.30542
-11.30570
-11.30598
-11.30627
-11.30655
-11.30684
-11.30712
-11.30740
-11.30769
-11.30797
-11.30825
-11.30854
-11.30882
-11.30911
-11.30939
-11.30967
-11.30996
-11.31024
-11.31052
-11.31081
-11.31109
-11.31138
-11.31166
-11.31194
-11.31223
-11.31251
-11.31279
-11.31308
-11.31336
-11.31365
-11.31393
-11.31421
-11.31450
-11.31478
-11.31506
-11.31535
-11.31563
-11.31592
-11.31620
-11.31648
-11.31677
-11.31705
-11.31733
-11.31762
-11.31790
-11.31818
-11.31847
-11.31875
-11.31904
-11.31932
-11.31960
-11.31989
-11.32017
-11.32045
-11.32074
-11.32102
-11.32131
-11.32159
-11.32187
-11.32216
-11.32244
-11.32272
-11.32301
-11.32329
-11.32358
-11.32386
-11.32414
-11.32443
-11.32471
-11.32499
-11.32528
-11.32556
-11.32585
-11.32613
-11.32641
-11.32670
-11.32698
-11.32726
-11.32755
-11.32783
-11.32812
-11.32840
-11.32868
-11.32897
-11.32925
-11.32953
-11.32982
-11.33010
-11.33039
-11.33067
-11.33095
-11.33124
-11.33152
-11.33180
-11.33209
-11.33237
-11.33265
-11.33294
-11.33322
-11.33351
-11.33379
-11.33407
-11.33436
-11.33464
-11.33492
-11.33521
-11.33549
-11.33578
-11.33606
-11.33634
-11.33663
-11.33691
-11.33719
-11.33748
-11.33776
-11.33805
-11.33833
-11.33861
-11.33890
-11.33918
-11.33946
-11.33975
-11.34003
-11.34032
-11.34060
-11.34088
-11.34117
-11.34145
-11.34173
-11.34202
-11.34230
-11.34259
-11.34287
-11.34315
-11.34344
-11.34372
-11.34400
-11.34429
-11.34457
-11.34485
-11.34514
-11.34542
-11.34571
-11.34599
-11.34627
-11.34656
-11.34684
-11.34712
-11.34741
-11.34769
-11.34798
-11.34826
-11.34854
-11.34883
-11.34911
-11.34939
-11.34968
-11.34996
-11.35025
-11.35053
-11.35081
-11.35110
-11.35138
-11.35166
-11.35195
-11.35223
-11.35252
-11.35280
-11.35308
-11.35337
-11.35365
-11.35393
-11.35422
-11.35450
-11.35478
-11.35507
-11.35535
-11.35564
-11.35592
-11.35620
-11.35649
-11.35677
-11.35705
-11.35734
-11.35762
-11.35791
-11.35819
-11.35847
-11.35876
-11.35904
-11.35932
-11.35961
-11.35989
-11.36018
-11.36046
-11.36074
-11.36103
-11.36131
-11.36159
-11.36188
-11.36216
-11.36245
-11.36273
-11.36301
-11.36330
-11.36358
-11.36386
-11.36415
-11.36443
-11.36471
-11.36500
-11.36528
-11.36557
-11.36585
-11.36613
-11.36642
-11.36670
-11.36698
-11.36727
-11.36755
-11.36784
-11.36812
-11.36840
-11.36869
-11.36897
-11.36925
-11.36954
-11.36982
-11.37011
-11.37039
-11.37067
-11.37096
-11.37124
-11.37152
-11.37181
-11.37209
-11.37238
-11.37266
-11.37294
-11.37323
-11.37351
-11.37379
-11.37408
-11.37436
-11.37464
-11.37493
-11.37521
-11.37550
-11.37578
-11.37606
-11.37635
-11.37663
-11.37691
-11.37720
-11.37748
-11.37777
-11.37805
-11.37833
-11.37862
-11.37890
-11.37918
-11.37947
-11.37975
-11.38004
-11.38032
-11.38060
-11.38089
-11.38117
-11.38145
-11.38174
-11.38202
-11.38230
-11.38259
-11.38287
-11.38316
-11.38344
-11.38372
-11.38401
-11.38429
-11.38457
-11.38486
-11.38514
-11.38543
-11.38571
-11.38599
-11.38628
-11.38656
-11.38684
-11.38713
-11.38741
-11.38770
-11.38798
-11.38826
-11.38855
-11.38883
-11.38911
-11.38940
-11.38968
-11.38996
-11.39025
-11.39053
-11.39082
-11.39110
-11.39138
-11.39167
-11.39195
-11.39223
-11.39252
-11.39280
-11.39309
-11.39337
-11.39365
-11.39394
-11.39422
-11.39450
-11.39479
-11.39507
-11.39536
-11.39564
-11.39592
-11.39621
-11.39649
-11.39677
-11.39706
-11.39734
-11.39763
-11.39791
-11.39819
-11.39848
-11.39876
-11.39904
-11.39933
-11.39961
-11.39989
-11.40018
-11.40046
-11.40075
-11.40103
-11.40131
-11.40160
-11.40188
-11.40216
-11.40245
-11.40273
-11.40302
-11.40330
-11.40358
-11.40387
-11.40415
-11.40443
-11.40472
-11.40500
-11.40528
-11.40557
-11.40585
-11.40614
-11.40642
-11.40670
-11.40699
-11.40727
-11.40755
-11.40784
-11.40812
-11.40841
-11.40869
-11.40897
-11.40926
-11.40954
-11.40982
-11.41011
-11.41039
-11.41068
-11.41096
-11.41124
-11.41153
-11.41181
-11.41209
-11.41238
-11.41266
-11.41294
-11.41323
-11.41351
-11.41380
-11.41408
-11.41436
-11.41465
-11.41493
-11.41521
-11.41550
-11.41578
-11.41607
-11.41635
-11.41663
-11.41692
-11.41720
-11.41748
-11.41777
-11.41805
-11.41834
-11.41862
-11.41890
-11.41919
-11.41947
-11.41975
-11.42004
-11.42032
-11.42060
-11.42089
-11.42117
-11.42146
-11.42174
-11.42202
-11.42231
-11.42259
-11.42287
-11.42316
-11.42344
-11.42373
-11.42401
-11.42429
-11.42458
-11.42486
-11.42514
-11.42543
-11.42571
-11.42599
-11.42628
-11.42656
-11.42685
-11.42713
-11.42741
-11.42770
-11.42798
-11.42826
-11.42855
-11.42883
-11.42912
-11.42940
-11.42968
-11.42997
-11.43025
-11.43053
-11.43082
-11.43110
-11.43139
-11.43167
-11.43195
-11.43224
-11.43252
-11.43280
-11.43309
-11.43337
-11.43365
-11.43394
-11.43422
-11.43451
-11.43479
-11.43507
-11.43536
-11.43564
-11.43592
-11.43621
-11.43649
-11.43678
-11.43706
-11.43734
-11.43763
-11.43791
-11.43819
-11.43848
-11.43876
-11.43904
-11.43933
-11.43961
-11.43990
-11.44018
-11.44046
-11.44075
-11.44103
-11.44131
-11.44160
-11.44188
-11.44217
-11.44245
-11.44273
-11.44302
-11.44330
-11.44358
-11.44387
-11.44415
-11.44443
-11.44472
-11.44500
-11.44529
-11.44557
-11.44585
-11.44614
-11.44642
-11.44670
-11.44699
-11.44727
-11.44756
-11.44784
-11.44812
-11.44841
-11.44869
-11.44897
-11.44926
-11.44954
-11.44983
-11.45011
-11.45039
-11.45068
-11.45096
-11.45124
-11.45153
-11.45181
-11.45209
-11.45238
-11.45266
-11.45295
-11.45323
-11.45351
-11.45380
-11.45408
-11.45436
-11.45465
-11.45493
-11.45522
-11.45550
-11.45578
-11.45607
-11.45635
-11.45663
-11.45692
-11.45720
-11.45748
-11.45777
-11.45805
-11.45834
-11.45862
-11.45890
-11.45919
-11.45947
-11.45975
-11.46004
-11.46032
-11.46061
-11.46089
-11.46117
-11.46146
-11.46174
-11.46202
-11.46231
-11.46259
-11.46287
-11.46316
-11.46344
-11.46373
-11.46401
-11.46429
-11.46458
-11.46486
-11.46514
-11.46543
-11.46571
-11.46600
-11.46628
-11.46656
-11.46685
-11.46713
-11.46741
-11.46770
-11.46798
-11.46826
-11.46855
-11.46883
-11.46912
-11.46940
-11.46968
-11.46997
-11.47025
-11.47053
-11.47082
-11.47110
-11.47139
-11.47167
-11.47195
-11.47224
-11.47252
-11.47280
-11.47309
-11.47337
-11.47365
-11.47394
-11.47422
-11.47451
-11.47479
-11.47507
-11.47536
-11.47564
-11.47592
-11.47621
-11.47649
-11.47678
-11.47706
-11.47734
-11.47763
-11.47791
-11.47819
-11.47848
-11.47876
-11.47904
-11.47933
-11.47961
-11.47990
-11.48018
-11.48046
-11.48075
-11.48103
-11.48131
-11.48160
-11.48188
-11.48217
-11.48245
-11.48273
-11.48302
-11.48330
-11.48358
-11.48387
-11.48415
-11.48443
-11.48472
-11.48500
-11.48529
-11.48557
-11.48585
-11.48614
-11.48642
-11.48670
-11.48699
-11.48727
-11.48755
-11.48784
-11.48812
-11.48841
-11.48869
-11.48897
-11.48926
-11.48954
-11.48982
-11.49011
-11.49039
-11.49068
-11.49096
-11.49124
-11.49153
-11.49181
-11.49209
-11.49238
-11.49266
-11.49294
-11.49323
-11.49351
-11.49380
-11.49408
-11.49436
-11.49465
-11.49493
-11.49521
-11.49550
-11.49578
-11.49607
-11.49635
-11.49663
-11.49692
-11.49720
-11.49748
-11.49777
-11.49805
-11.49833
-11.49862
-11.49890
-11.49919
-11.49947
-11.49975
-11.50004
-11.50032
-11.50060
-11.50089
-11.50117
-11.50145
-11.50174
-11.50202
-11.50231
-11.50259
-11.50287
-11.50316
-11.50344
-11.50372
-11.50401
-11.50429
-11.50458
-11.50486
-11.50514
-11.50543
-11.50571
-11.50599
-11.50628
-11.50656
-11.50684
-11.50713
-11.50741
-11.50770
-11.50798
-11.50826
-11.50855
-11.50883
-11.50911
-11.50940
-11.50968
-11.50997
-11.51025
-11.51053
-11.51082
-11.51110
-11.51138
-11.51167
-11.51195
-11.51223
-11.51252
-11.51280
-11.51309
-11.51337
-11.51365
-11.51394
-11.51422
-11.51450
-11.51479
-11.51507
-11.51535
-11.51564
-11.51592
-11.51621
-11.51649
-11.51677
-11.51706
-11.51734
-11.51762
-11.51791
-11.51819
-11.51848
-11.51876
-11.51904
-11.51933
-11.51961
-11.51989
-11.52018
-11.52046
-11.52074
-11.52103
-11.52131
-11.52160
-11.52188
-11.52216
-11.52245
-11.52273
-11.52301
-11.52330
-11.52358
-11.52386
-11.52415
-11.52443
-11.52472
-11.52500
-11.52528
-11.52557
-11.52585
-11.52613
-11.52642
-11.52670
-11.52699
-11.52727
-11.52755
-11.52784
-11.52812
-11.52840
-11.52869
-11.52897
-11.52925
-11.52954
-11.52982
-11.53011
-11.53039
-11.53067
-11.53096
-11.53124
-11.53152
-11.53181
-11.53209
-11.53237
-11.53266
-11.53294
-11.53323
-11.53351
-11.53379
-11.53408
-11.53436
-11.53464
-11.53493
-11.53521
-11.53550
-11.53578
-11.53606
-11.53635
-11.53663
-11.53691
-11.53720
-11.53748
-11.53776
-11.53805
-11.53833
-11.53862
-11.53890
-11.53918
-11.53947
-11.53975
-11.54003
-11.54032
-11.54060
-11.54088
-11.54117
-11.54145
-11.54174
-11.54202
-11.54230
-11.54259
-11.54287
-11.54315
-11.54344
-11.54372
-11.54401
-11.54429
-11.54457
-11.54486
-11.54514
-11.54542
-11.54571
-11.54599
-11.54627
-11.54656
-11.54684
-11.54713
-11.54741
-11.54769
-11.54798
-11.54826
-11.54854
-11.54883
-11.54911
-11.54939
-11.54968
-11.54996
-11.55025
-11.55053
-11.55081
-11.55110
-11.55138
-11.55166
-11.55195
-11.55223
-11.55251
-11.55280
-11.55308
-11.55337
-11.55365
-11.55393
-11.55422
-11.55450
-11.55478
-11.55507
-11.55535
-11.55564
-11.55592
-11.55620
-11.55649
-11.55677
-11.55705
-11.55734
-11.55762
-11.55790
-11.55819
-11.55847
-11.55876
-11.55904
-11.55932
-11.55961
-11.55989
-11.56017
-11.56046
-11.56074
-11.56102
-11.56131
-11.56159
-11.56188
-11.56216
-11.56244
-11.56273
-11.56301
-11.56329
-11.56358
-11.56386
-11.56414
-11.56443
-11.56471
-11.56500
-11.56528
-11.56556
-11.56585
-11.56613
-11.56641
-11.56670
-11.56698
-11.56727
-11.56755
-11.56783
-11.56812
-11.56840
-11.56868
-11.56897
-11.56925
-11.56953
-11.56982
-11.57010
-11.57039
-11.57067
-11.57095
-11.57124
-11.57152
-11.57180
-11.57209
-11.57237
-11.57265
-11.57294
-11.57322
-11.57351
-11.57379
-11.57407
-11.57436
-11.57464
-11.57492
-11.57521
-11.57549
-11.57577
-11.57606
-11.57634
-11.57663
-11.57691
-11.57719
-11.57748
-11.57776
-11.57804
-11.57833
-11.57861
-11.57889
-11.57918
-11.57946
-11.57975
-11.58003
-11.58031
-11.58060
-11.58088
-11.58116
-11.58145
-11.58173
-11.58201
-11.58230
-11.58258
-11.58287
-11.58315
-11.58343
-11.58372
-11.58400
-11.58428
-11.58457
-11.58485
-11.58514
-11.58542
-11.58570
-11.58599
-11.58627
-11.58655
-11.58684
-11.58712
-11.58740
-11.58769
-11.58797
-11.58826
-11.58854
-11.58882
-11.58911
-11.58939
-11.58967
-11.58996
-11.59024
-11.59052
-11.59081
-11.59109
-11.59138
-11.59166
-11.59194
-11.59223
-11.59251
-11.59279
-11.59308
-11.59336
-11.59364
-11.59393
-11.59421
-11.59450
-11.59478
-11.59506
-11.59535
-11.59563
-11.59591
-11.59620
-11.59648
-11.59676
-11.59705
-11.59733
-11.59762
-11.59790
-11.59818
-11.59847
-11.59875
-11.59903
-11.59932
-11.59960
-11.59988
-11.60017
-11.60045
-11.60074
-11.60102
-11.60130
-11.60159
-11.60187
-11.60215
-11.60244
-11.60272
-11.60300
-11.60329
-11.60357
-11.60386
-11.60414
-11.60442
-11.60471
-11.60499
-11.60527
-11.60556
-11.60584
-11.60612
-11.60641
-11.60669
-11.60698
-11.60726
-11.60754
-11.60783
-11.60811
-11.60839
-11.60868
-11.60896
-11.60925
-11.60953
-11.60981
-11.61010
-11.61038
-11.61066
-11.61095
-11.61123
-11.61151
-11.61180
-11.61208
-11.61237
-11.61265
-11.61293
-11.61322
-11.61350
-11.61378
-11.61407
-11.61435
-11.61463
-11.61492
-11.61520
-11.61549
-11.61577
-11.61605
-11.61634
-11.61662
-11.61690
-11.61719
-11.61747
-11.61775
-11.61804
-11.61832
-11.61861
-11.61889
-11.61917
-11.61946
-11.61974
-11.62002
-11.62031
-11.62059
-11.62087
-11.62116
-11.62144
-11.62173
-11.62201
-11.62229
-11.62258
-11.62286
-11.62314
-11.62343
-11.62371
-11.62399
-11.62428
-11.62456
-11.62485
-11.62513
-11.62541
-11.62570
-11.62598
-11.62626
-11.62655
-11.62683
-11.62711
-11.62740
-11.62768
-11.62797
-11.62825
-11.62853
-11.62882
-11.62910
-11.62938
-11.62967
-11.62995
-11.63023
-11.63052
-11.63080
-11.63109
-11.63137
-11.63165
-11.63194
-11.63222
-11.63250
-11.63279
-11.63307
-11.63335
-11.63364
-11.63392
-11.63421
-11.63449
-11.63477
-11.63506
-11.63534
-11.63562
-11.63591
-11.63619
-11.63647
-11.63676
-11.63704
-11.63733
-11.63761
-11.63789
-11.63818
-11.63846
-11.63874
-11.63903
-11.63931
-11.63959
-11.63988
-11.64016
-11.64045
-11.64073
-11.64101
-11.64130
-11.64158
-11.64186
-11.64215
-11.64243
-11.64271
-11.64300
-11.64328
-11.64357
-11.64385
-11.64413
-11.64442
-11.64470
-11.64498
-11.64527
-11.64555
-11.64583
-11.64612
-11.64640
-11.64669
-11.64697
-11.64725
-11.64754
-11.64782
-11.64810
-11.64839
-11.64867
-11.64895
-11.64924
-11.64952
-11.64981
-11.65009
-11.65037
-11.65066
-11.65094
-11.65122
-11.65151
-11.65179
-11.65207
-11.65236
-11.65264
-11.65293
-11.65321
-11.65349
-11.65378
-11.65406
-11.65434
-11.65463
-11.65491
-11.65519
-11.65548
-11.65576
-11.65604
-11.65633
-11.65661
-11.65690
-11.65718
-11.65746
-11.65775
-11.65803
-11.65831
-11.65860
-11.65888
-11.65916
-11.65945
-11.65973
-11.66002
-11.66030
-11.66058
-11.66087
-11.66115
-11.66143
-11.66172
-11.66200
-11.66228
-11.66257
-11.66285
-11.66314
-11.66342
-11.66370
-11.66399
-11.66427
-11.66455
-11.66484
-11.66512
-11.66540
-11.66569
-11.66597
-11.66626
-11.66654
-11.66682
-11.66711
-11.66739
-11.66767
-11.66796
-11.66824
-11.66852
-11.66881
-11.66909
-11.66938
-11.66966
-11.66994
-11.67023
-11.67051
-11.67079
-11.67108
-11.67136
-11.67164
-11.67193
-11.67221
-11.67250
-11.67278
-11.67306
-11.67335
-11.67363
-11.67391
-11.67420
-11.67448
-11.67476
-11.67505
-11.67533
-11.67562
-11.67590
-11.67618
-11.67647
-11.67675
-11.67703
-11.67732
-11.67760
-11.67788
-11.67817
-11.67845
-11.67874
-11.67902
-11.67930
-11.67959
-11.67987
-11.68015
-11.68044
-11.68072
-11.68100
-11.68129
-11.68157
-11.68185
-11.68214
-11.68242
-11.68271
-11.68299
-11.68327
-11.68356
-11.68384
-11.68412
-11.68441
-11.68469
-11.68497
-11.68526
-11.68554
-11.68583
-11.68611
-11.68639
-11.68668
-11.68696
-11.68724
-11.68753
-11.68781
-11.68809
-11.68838
-11.68866
-11.68895
-11.68923
-11.68951
-11.68980
-11.69008
-11.69036
-11.69065
-11.69093
-11.69121
-11.69150
-11.69178
-11.69207
-11.69235
-11.69263
-11.69292
-11.69320
-11.69348
-11.69377
-11.69405
-11.69433
-11.69462
-11.69490
-11.69519
-11.69547
-11.69575
-11.69604
-11.69632
-11.69660
-11.69689
-11.69717
-11.69745
-11.69774
-11.69802
-11.69830
-11.69859
-11.69887
-11.69916
-11.69944
-11.69972
-11.70001
-11.70029
-11.70057
-11.70086
-11.70114
-11.70142
-11.70171
-11.70199
-11.70228
-11.70256
-11.70284
-11.70313
-11.70341
-11.70369
-11.70398
-11.70426
-11.70454
-11.70483
-11.70511
-11.70540
-11.70568
-11.70596
-11.70625
-11.70653
-11.70681
-11.70710
-11.70738
-11.70766
-11.70795
-11.70823
-11.70851
-11.70880
-11.70908
-11.70937
-11.70965
-11.70993
-11.71022
-11.71050
-11.71078
-11.71107
-11.71135
-11.71163
-11.71192
-11.71220
-11.71249
-11.71277
-11.71305
-11.71334
-11.71362
-11.71390
-11.71419
-11.71447
-11.71475
-11.71504
-11.71532
-11.71561
-11.71589
-11.71617
-11.71646
-11.71674
-11.71702
-11.71731
-11.71759
-11.71787
-11.71816
-11.71844
-11.71873
-11.71901
-11.71929
-11.71958
-11.71986
-11.72014
-11.72043
-11.72071
-11.72099
-11.72128
-11.72156
-11.72184
-11.72213
-11.72241
-11.72270
-11.72298
-11.72326
-11.72355
-11.72383
-11.72411
-11.72440
-11.72468
-11.72496
-11.72525
-11.72553
-11.72582
-11.72610
-11.72638
-11.72667
-11.72695
-11.72723
-11.72752
-11.72780
-11.72808
-11.72837
-11.72865
-11.72893
-11.72922
-11.72950
-11.72979
-11.73007
-11.73035
-11.73064
-11.73092
-11.73120
-11.73149
-11.73177
-11.73205
-11.73234
-11.73262
-11.73291
-11.73319
-11.73347
-11.73376
-11.73404
-11.73432
-11.73461
-11.73489
-11.73517
-11.73546
-11.73574
-11.73603
-11.73631
-11.73659
-11.73688
-11.73716
-11.73744
-11.73773
-11.73801
-11.73829
-11.73858
-11.73886
-11.73914
-11.73943
-11.73971
-11.74000
-11.74028
-11.74056
-11.74085
-11.74113
-11.74141
-11.74170
-11.74198
-11.74226
-11.74255
-11.74283
-11.74312
-11.74340
-11.74368
-11.74397
-11.74425
-11.74453
-11.74482
-11.74510
-11.74538
-11.74567
-11.74595
-11.74623
-11.74652
-11.74680
-11.74709
-11.74737
-11.74765
-11.74794
-11.74822
-11.74850
-11.74879
-11.74907
-11.74935
-11.74964
-11.74992
-11.75021
-11.75049
-11.75077
-11.75106
-11.75134
-11.75162
-11.75191
-11.75219
-11.75247
-11.75276
-11.75304
-11.75332
-11.75361
-11.75389
-11.75418
-11.75446
-11.75474
-11.75503
-11.75531
-11.75559
-11.75588
-11.75616
-11.75644
-11.75673
-11.75701
-11.75730
-11.75758
-11.75786
-11.75815
-11.75843
-11.75871
-11.75900
-11.75928
-11.75956
-11.75985
-11.76013
-11.76041
-11.76070
-11.76098
-11.76127
-11.76155
-11.76183
-11.76212
-11.76240
-11.76268
-11.76297
-11.76325
-11.76353
-11.76382
-11.76410
-11.76439
-11.76467
-11.76495
-11.76524
-11.76552
-11.76580
-11.76609
-11.76637
-11.76665
-11.76694
-11.76722
-11.76750
-11.76779
-11.76807
-11.76836
-11.76864
-11.76892
-11.76921
-11.76949
-11.76977
-11.77006
-11.77034
-11.77062
-11.77091
-11.77119
-11.77148
-11.77176
-11.77204
-11.77233
-11.77261
-11.77289
-11.77318
-11.77346
-11.77374
-11.77403
-11.77431
-11.77459
-11.77488
-11.77516
-11.77545
-11.77573
-11.77601
-11.77630
-11.77658
-11.77686
-11.77715
-11.77743
-11.77771
-11.77800
-11.77828
-11.77857
-11.77885
-11.77913
-11.77942
-11.77970
-11.77998
-11.78027
-11.78055
-11.78083
-11.78112
-11.78140
-11.78168
-11.78197
-11.78225
-11.78254
-11.78282
-11.78310
-11.78339
-11.78367
-11.78395
-11.78424
-11.78452
-11.78480
-11.78509
-11.78537
-11.78565
-11.78594
-11.78622
-11.78651
-11.78679
-11.78707
-11.78736
-11.78764
-11.78792
-11.78821
-11.78849
-11.78877
-11.78906
-11.78934
-11.78963
-11.78991
-11.79019
-11.79048
-11.79076
-11.79104
-11.79133
-11.79161
-11.79189
-11.79218
-11.79246
-11.79274
-11.79303
-11.79331
-11.79360
-11.79388
-11.79416
-11.79445
-11.79473
-11.79501
-11.79530
-11.79558
-11.79586
-11.79615
-11.79643
-11.79672
-11.79700
-11.79728
-11.79757
-11.79785
-11.79813
-11.79842
-11.79870
-11.79898
-11.79927
-11.79955
-11.79983
-11.80012
-11.80040
-11.80069
-11.80097
-11.80125
-11.80154
-11.80182
-11.80210
-11.80239
-11.80267
-11.80295
-11.80324
-11.80352
-11.80380
-11.80409
-11.80437
-11.80466
-11.80494
-11.80522
-11.80551
-11.80579
-11.80607
-11.80636
-11.80664
-11.80692
-11.80721
-11.80749
-11.80777
-11.80806
-11.80834
-11.80863
-11.80891
-11.80919
-11.80948
-11.80976
-11.81004
-11.81033
-11.81061
-11.81089
-11.81118
-11.81146
-11.81175
-11.81203
-11.81231
-11.81260
-11.81288
-11.81316
-11.81345
-11.81373
-11.81401
-11.81430
-11.81458
-11.81486
-11.81515
-11.81543
-11.81572
-11.81600
-11.81628
-11.81657
-11.81685
-11.81713
-11.81742
-11.81770
-11.81798
-11.81827
-11.81855
-11.81883
-11.81912
-11.81940
-11.81969
-11.81997
-11.82025
-11.82054
-11.82082
-11.82110
-11.82139
-11.82167
-11.82195
-11.82224
-11.82252
-11.82280
-11.82309
-11.82337
-11.82366
-11.82394
-11.82422
-11.82451
-11.82479
-11.82507
-11.82536
-11.82564
-11.82592
-11.82621
-11.82649
-11.82677
-11.82706
-11.82734
-11.82763
-11.82791
-11.82819
-11.82848
-11.82876
-11.82904
-11.82933
-11.82961
-11.82989
-11.83018
-11.83046
-11.83075
-11.83103
-11.83131
-11.83160
-11.83188
-11.83216
-11.83245
-11.83273
-11.83301
-11.83330
-11.83358
-11.83386
-11.83415
-11.83443
-11.83472
-11.83500
-11.83528
-11.83557
-11.83585
-11.83613
-11.83642
-11.83670
-11.83698
-11.83727
-11.83755
-11.83783
-11.83812
-11.83840
-11.83869
-11.83897
-11.83925
-11.83954
-11.83982
-11.84010
-11.84039
-11.84067
-11.84095
-11.84124
-11.84152
-11.84180
-11.84209
-11.84237
-11.84266
-11.84294
-11.84322
-11.84351
-11.84379
-11.84407
-11.84436
-11.84464
-11.84492
-11.84521
-11.84549
-11.84577
-11.84606
-11.84634
-11.84663
-11.84691
-11.84719
-11.84748
-11.84776
-11.84804
-11.84833
-11.84861
-11.84889
-11.84918
-11.84946
-11.84974
-11.85003
-11.85031
-11.85060
-11.85088
-11.85116
-11.85145
-11.85173
-11.85201
-11.85230
-11.85258
-11.85286
-11.85315
-11.85343
-11.85371
-11.85400
-11.85428
-11.85457
-11.85485
-11.85513
-11.85542
-11.85570
-11.85598
-11.85627
-11.85655
-11.85683
-11.85712
-11.85740
-11.85768
-11.85797
-11.85825
-11.85854
-11.85882
-11.85910
-11.85939
-11.85967
-11.85995
-11.86024
-11.86052
-11.86080
-11.86109
-11.86137
-11.86165
-11.86194
-11.86222
-11.86251
-11.86279
-11.86307
-11.86336
-11.86364
-11.86392
-11.86421
-11.86449
-11.86477
-11.86506
-11.86534
-11.86562
-11.86591
-11.86619
-11.86648
-11.86676
-11.86704
-11.86733
-11.86761
-11.86789
-11.86818
-11.86846
-11.86874
-11.86903
-11.86931
-11.86959
-11.86988
-11.87016
-11.87045
-11.87073
-11.87101
-11.87130
-11.87158
-11.87186
-11.87215
-11.87243
-11.87271
-11.87300
-11.87328
-11.87356
-11.87385
-11.87413
-11.87442
-11.87470
-11.87498
-11.87527
-11.87555
-11.87583
-11.87612
-11.87640
-11.87668
-11.87697
-11.87725
-11.87753
-11.87782
-11.87810
-11.87839
-11.87867
-11.87895
-11.87924
-11.87952
-11.87980
-11.88009
-11.88037
-11.88065
-11.88094
-11.88122
-11.88150
-11.88179
-11.88207
-11.88236
-11.88264
-11.88292
-11.88321
-11.88349
-11.88377
-11.88406
-11.88434
-11.88462
-11.88491
-11.88519
-11.88547
-11.88576
-11.88604
-11.88632
-11.88661
-11.88689
-11.88718
-11.88746
-11.88774
-11.88803
-11.88831
-11.88859
-11.88888
-11.88916
-11.88944
-11.88973
-11.89001
-11.89029
-11.89058
-11.89086
-11.89115
-11.89143
-11.89171
-11.89200
-11.89228
-11.89256
-11.89285
-11.89313
-11.89341
-11.89370
-11.89398
-11.89426
-11.89455
-11.89483
-11.89512
-11.89540
-11.89568
-11.89597
-11.89625
-11.89653
-11.89682
-11.89710
-11.89738
-11.89767
-11.89795
-11.89823
-11.89852
-11.89880
-11.89909
-11.89937
-11.89965
-11.89994
-11.90022
-11.90050
-11.90079
-11.90107
-11.90135
-11.90164
-11.90192
-11.90220
-11.90249
-11.90277
-11.90306
-11.90334
-11.90362
-11.90391
-11.90419
-11.90447
-11.90476
-11.90504
-11.90532
-11.90561
-11.90589
-11.90617
-11.90646
-11.90674
-11.90702
-11.90731
-11.90759
-11.90788
-11.90816
-11.90844
-11.90873
-11.90901
-11.90929
-11.90958
-11.90986
-11.91014
-11.91043
-11.91071
-11.91099
-11.91128
-11.91156
-11.91185
-11.91213
-11.91241
-11.91270
-11.91298
-11.91326
-11.91355
-11.91383
-11.91411
-11.91440
-11.91468
-11.91496
-11.91525
-11.91553
-11.91582
-11.91610
-11.91638
-11.91667
-11.91695
-11.91723
-11.91752
-11.91780
-11.91808
-11.91837
-11.91865
-11.91893
-11.91922
-11.91950
-11.91978
-11.92007
-11.92035
-11.92064
-11.92092
-11.92120
-11.92149
-11.92177
-11.92205
-11.92234
-11.92262
-11.92290
-11.92319
-11.92347
-11.92375
-11.92404
-11.92432
-11.92461
-11.92489
-11.92517
-11.92546
-11.92574
-11.92602
-11.92631
-11.92659
-11.92687
-11.92716
-11.92744
-11.92772
-11.92801
-11.92829
-11.92857
-11.92886
-11.92914
-11.92943
-11.92971
-11.92999
-11.93028
-11.93056
-11.93084
-11.93113
-11.93141
-11.93169
-11.93198
-11.93226
-11.93254
-11.93283
-11.93311
-11.93340
-11.93368
-11.93396
-11.93425
-11.93453
-11.93481
-11.93510
-11.93538
-11.93566
-11.93595
-11.93623
-11.93651
-11.93680
-11.93708
-11.93737
-11.93765
-11.93793
-11.93822
-11.93850
-11.93878
-11.93907
-11.93935
-11.93963
-11.93992
-11.94020
-11.94048
-11.94077
-11.94105
-11.94133
-11.94162
-11.94190
-11.94219
-11.94247
-11.94275
-11.94304
-11.94332
-11.94360
-11.94389
-11.94417
-11.94445
-11.94474
-11.94502
-11.94530
-11.94559
-11.94587
-11.94615
-11.94644
-11.94672
-11.94701
-11.94729
-11.94757
-11.94786
-11.94814
-11.94842
-11.94871
-11.94899
-11.94927
-11.94956
-11.94984
-11.95012
-11.95041
-11.95069
-11.95098
-11.95126
-11.95154
-11.95183
-11.95211
-11.95239
-11.95268
-11.95296
-11.95324
-11.95353
-11.95381
-11.95409
-11.95438
-11.95466
-11.95494
-11.95523
-11.95551
-11.95580
-11.95608
-11.95636
-11.95665
-11.95693
-11.95721
-11.95750
-11.95778
-11.95806
-11.95835
-11.95863
-11.95891
-11.95920
-11.95948
-11.95977
-11.96005
-11.96033
-11.96062
-11.96090
-11.96118
-11.96147
-11.96175
-11.96203
-11.96232
-11.96260
-11.96288
-11.96317
-11.96345
-11.96373
-11.96402
-11.96430
-11.96459
-11.96487
-11.96515
-11.96544
-11.96572
-11.96600
-11.96629
-11.96657
-11.96685
-11.96714
-11.96742
-11.96770
-11.96799
-11.96827
-11.96855
-11.96884
-11.96912
-11.96941
-11.96969
-11.96997
-11.97026
-11.97054
-11.97082
-11.97111
-11.97139
-11.97167
-11.97196
-11.97224
-11.97252
-11.97281
-11.97309
-11.97337
-11.97366
-11.97394
-11.97423
-11.97451
-11.97479
-11.97508
-11.97536
-11.97564
-11.97593
-11.97621
-11.97649
-11.97678
-11.97706
-11.97734
-11.97763
-11.97791
-11.97820
-11.97848
-11.97876
-11.97905
-11.97933
-11.97961
-11.97990
-11.98018
-11.98046
-11.98075
-11.98103
-11.98131
-11.98160
-11.98188
-11.98216
-11.98245
-11.98273
-11.98302
-11.98330
-11.98358
-11.98387
-11.98415
-11.98443
-11.98472
-11.98500
-11.98528
-11.98557
-11.98585
-11.98613
-11.98642
-11.98670
-11.98698
-11.98727
-11.98755
-11.98784
-11.98812
-11.98840
-11.98869
-11.98897
-11.98925
-11.98954
-11.98982
-11.99010
-11.99039
-11.99067
-11.99095
-11.99124
-11.99152
-11.99180
-11.99209
-11.99237
-11.99266
-11.99294
-11.99322
-11.99351
-11.99379
-11.99407
-11.99436
-11.99464
-11.99492
-11.99521
-11.99549
-11.99577
-11.99606
-11.99634
-11.99662
-11.99691
-11.99719
-11.99748
-11.99776
-11.99804
-11.99833
-11.99861
-11.99889
-11.99918
-11.99946
-11.99974
-12.00003
-12.00031
-12.00059
-12.00088
-12.00116
-12.00144
-12.00173
-12.00201
-12.00230
-12.00258
-12.00286
-12.00315
-12.00343
-12.00371
-12.00400
-12.00428
-12.00456
-12.00485
-12.00513
-12.00541
-12.00570
-12.00598
-12.00626
-12.00655
-12.00683
-12.00712
-12.00740
-12.00768
-12.00797
-12.00825
-12.00853
-12.00882
-12.00910
-12.00938
-12.00967
-12.00995
-12.01023
-12.01052
-12.01080
-12.01108
-12.01137
-12.01165
-12.01194
-12.01222
-12.01250
-12.01279
-12.01307
-12.01335
-12.01364
-12.01392
-12.01420
-12.01449
-12.01477
-12.01505
-12.01534
-12.01562
-12.01590
-12.01619
-12.01647
-12.01676
-12.01704
-12.01732
-12.01761
-12.01789
-12.01817
-12.01846
-12.01874
-12.01902
-12.01931
-12.01959
-12.01987
-12.02016
-12.02044
-12.02072
-12.02101
-12.02129
-12.02158
-12.02186
-12.02214
-12.02243
-12.02271
-12.02299
-12.02328
-12.02356
-12.02384
-12.02413
-12.02441
-12.02469
-12.02498
-12.02526
-12.02554
-12.02583
-12.02611
-12.02640
-12.02668
-12.02696
-12.02725
-12.02753
-12.02781
-12.02810
-12.02838
-12.02866
-12.02895
-12.02923
-12.02951
-12.02980
-12.03008
-12.03036
-12.03065
-12.03093
-12.03122
-12.03150
-12.03178
-12.03207
-12.03235
-12.03263
-12.03292
-12.03320
-12.03348
-12.03377
-12.03405
-12.03433
-12.03462
-12.03490
-12.03518
-12.03547
-12.03575
-12.03603
-12.03632
-12.03660
-12.03689
-12.03717
-12.03745
-12.03774
-12.03802
-12.03830
-12.03859
-12.03887
-12.03915
-12.03944
-12.03972
-12.04000
-12.04029
-12.04057
-12.04085
-12.04114
-12.04142
-12.04171
-12.04199
-12.04227
-12.04256
-12.04284
-12.04312
-12.04341
-12.04369
-12.04397
-12.04426
-12.04454
-12.04482
-12.04511
-12.04539
-12.04567
-12.04596
-12.04624
-12.04653
-12.04681
-12.04709
-12.04738
-12.04766
-12.04794
-12.04823
-12.04851
-12.04879
-12.04908
-12.04936
-12.04964
-12.04993
-12.05021
-12.05049
-12.05078
-12.05106
-12.05134
-12.05163
-12.05191
-12.05220
-12.05248
-12.05276
-12.05305
-12.05333
-12.05361
-12.05390
-12.05418
-12.05446
-12.05475
-12.05503
-12.05531
-12.05560
-12.05588
-12.05616
-12.05645
-12.05673
-12.05702
-12.05730
-12.05758
-12.05787
-12.05815
-12.05843
-12.05872
-12.05900
-12.05928
-12.05957
-12.05985
-12.06013
-12.06042
-12.06070
-12.06098
-12.06127
-12.06155
-12.06183
-12.06212
-12.06240
-12.06269
-12.06297
-12.06325
-12.06354
-12.06382
-12.06410
-12.06439
-12.06467
-12.06495
-12.06524
-12.06552
-12.06580
-12.06609
-12.06637
-12.06665
-12.06694
-12.06722
-12.06751
-12.06779
-12.06807
-12.06836
-12.06864
-12.06892
-12.06921
-12.06949
-12.06977
-12.07006
-12.07034
-12.07062
-12.07091
-12.07119
-12.07147
-12.07176
-12.07204
-12.07232
-12.07261
-12.07289
-12.07318
-12.07346
-12.07374
-12.07403
-12.07431
-12.07459
-12.07488
-12.07516
-12.07544
-12.07573
-12.07601
-12.07629
-12.07658
-12.07686
-12.07714
-12.07743
-12.07771
-12.07799
-12.07828
-12.07856
-12.07885
-12.07913
-12.07941
-12.07970
-12.07998
-12.08026
-12.08055
-12.08083
-12.08111
-12.08140
-12.08168
-12.08196
-12.08225
-12.08253
-12.08281
-12.08310
-12.08338
-12.08367
-12.08395
-12.08423
-12.08452
-12.08480
-12.08508
-12.08537
-12.08565
-12.08593
-12.08622
-12.08650
-12.08678
-12.08707
-12.08735
-12.08763
-12.08792
-12.08820
-12.08848
-12.08877
-12.08905
-12.08934
-12.08962
-12.08990
-12.09019
-12.09047
-12.09075
-12.09104
-12.09132
-12.09160
-12.09189
-12.09217
-12.09245
-12.09274
-12.09302
-12.09330
-12.09359
-12.09387
-12.09415
-12.09444
-12.09472
-12.09501
-12.09529
-12.09557
-12.09586
-12.09614
-12.09642
-12.09671
-12.09699
-12.09727
-12.09756
-12.09784
-12.09812
-12.09841
-12.09869
-12.09897
-12.09926
-12.09954
-12.09982
-12.10011
-12.10039
-12.10068
-12.10096
-12.10124
-12.10153
-12.10181
-12.10209
-12.10238
-12.10266
-12.10294
-12.10323
-12.10351
-12.10379
-12.10408
-12.10436
-12.10464
-12.10493
-12.10521
-12.10549
-12.10578
-12.10606
-12.10635
-12.10663
-12.10691
-12.10720
-12.10748
-12.10776
-12.10805
-12.10833
-12.10861
-12.10890
-12.10918
-12.10946
-12.10975
-12.11003
-12.11031
-12.11060
-12.11088
-12.11116
-12.11145
-12.11173
-12.11202
-12.11230
-12.11258
-12.11287
-12.11315
-12.11343
-12.11372
-12.11400
-12.11428
-12.11457
-12.11485
-12.11513
-12.11542
-12.11570
-12.11598
-12.11627
-12.11655
-12.11683
-12.11712
-12.11740
-12.11769
-12.11797
-12.11825
-12.11854
-12.11882
-12.11910
-12.11939
-12.11967
-12.11995
-12.12024
-12.12052
-12.12080
-12.12109
-12.12137
-12.12165
-12.12194
-12.12222
-12.12250
-12.12279
-12.12307
-12.12336
-12.12364
-12.12392
-12.12421
-12.12449
-12.12477
-12.12506
-12.12534
-12.12562
-12.12591
-12.12619
-12.12647
-12.12676
-12.12704
-12.12732
-12.12761
-12.12789
-12.12817
-12.12846
-12.12874
-12.12903
-12.12931
-12.12959
-12.12988
-12.13016
-12.13044
-12.13073
-12.13101
-12.13129
-12.13158
-12.13186
-12.13214
-12.13243
-12.13271
-12.13299
-12.13328
-12.13356
-12.13384
-12.13413
-12.13441
-12.13469
-12.13498
-12.13526
-12.13555
-12.13583
-12.13611
-12.13640
-12.13668
-12.13696
-12.13725
-12.13753
-12.13781
-12.13810
-12.13838
-12.13866
-12.13895
-12.13923
-12.13951
-12.13980
-12.14008
-12.14036
-12.14065
-12.14093
-12.14122
-12.14150
-12.14178
-12.14207
-12.14235
-12.14263
-12.14292
-12.14320
-12.14348
-12.14377
-12.14405
-12.14433
-12.14462
-12.14490
-12.14518
-12.14547
-12.14575
-12.14603
-12.14632
-12.14660
-12.14689
-12.14717
-12.14745
-12.14774
-12.14802
-12.14830
-12.14859
-12.14887
-12.14915
-12.14944
-12.14972
-12.15000
-12.15029
-12.15057
-12.15085
-12.15114
-12.15142
-12.15170
-12.15199
-12.15227
-12.15255
-12.15284
-12.15312
-12.15341
-12.15369
-12.15397
-12.15426
-12.15454
-12.15482
-12.15511
-12.15539
-12.15567
-12.15596
-12.15624
-12.15652
-12.15681
-12.15709
-12.15737
-12.15766
-12.15794
-12.15822
-12.15851
-12.15879
-12.15907
-12.15936
-12.15964
-12.15993
-12.16021
-12.16049
-12.16078
-12.16106
-12.16134
-12.16163
-12.16191
-12.16219
-12.16248
-12.16276
-12.16304
-12.16333
-12.16361
-12.16389
-12.16418
-12.16446
-12.16474
-12.16503
-12.16531
-12.16560
-12.16588
-12.16616
-12.16645
-12.16673
-12.16701
-12.16730
-12.16758
-12.16786
-12.16815
-12.16843
-12.16871
-12.16900
-12.16928
-12.16956
-12.16985
-12.17013
-12.17041
-12.17070
-12.17098
-12.17126
-12.17155
-12.17183
-12.17212
-12.17240
-12.17268
-12.17297
-12.17325
-12.17353
-12.17382
-12.17410
-12.17438
-12.17467
-12.17495
-12.17523
-12.17552
-12.17580
-12.17608
-12.17637
-12.17665
-12.17693
-12.17722
-12.17750
-12.17778
-12.17807
-12.17835
-12.17864
-12.17892
-12.17920
-12.17949
-12.17977
-12.18005
-12.18034
-12.18062
-12.18090
-12.18119
-12.18147
-12.18175
-12.18204
-12.18232
-12.18260
-12.18289
-12.18317
-12.18345
-12.18374
-12.18402
-12.18430
-12.18459
-12.18487
-12.18516
-12.18544
-12.18572
-12.18601
-12.18629
-12.18657
-12.18686
-12.18714
-12.18742
-12.18771
-12.18799
-12.18827
-12.18856
-12.18884
-12.18912
-12.18941
-12.18969
-12.18997
-12.19026
-12.19054
-12.19082
-12.19111
-12.19139
-12.19168
-12.19196
-12.19224
-12.19253
-12.19281
-12.19309
-12.19338
-12.19366
-12.19394
-12.19423
-12.19451
-12.19479
-12.19508
-12.19536
-12.19564
-12.19593
-12.19621
-12.19649
-12.19678
-12.19706
-12.19734
-12.19763
-12.19791
-12.19820
-12.19848
-12.19876
-12.19905
-12.19933
-12.19961
-12.19990
-12.20018
-12.20046
-12.20075
-12.20103
-12.20131
-12.20160
-12.20188
-12.20216
-12.20245
-12.20273
-12.20301
-12.20330
-12.20358
-12.20386
-12.20415
-12.20443
-12.20471
-12.20500
-12.20528
-12.20557
-12.20585
-12.20613
-12.20642
-12.20670
-12.20698
-12.20727
-12.20755
-12.20783
-12.20812
-12.20840
-12.20868
-12.20897
-12.20925
-12.20953
-12.20982
-12.21010
-12.21038
-12.21067
-12.21095
-12.21123
-12.21152
-12.21180
-12.21209
-12.21237
-12.21265
-12.21294
-12.21322
-12.21350
-12.21379
-12.21407
-12.21435
-12.21464
-12.21492
-12.21520
-12.21549
-12.21577
-12.21605
-12.21634
-12.21662
-12.21690
-12.21719
-12.21747
-12.21775
-12.21804
-12.21832
-12.21860
-12.21889
-12.21917
-12.21946
-12.21974
-12.22002
-12.22031
-12.22059
-12.22087
-12.22116
-12.22144
-12.22172
-12.22201
-12.22229
-12.22257
-12.22286
-12.22314
-12.22342
-12.22371
-12.22399
-12.22427
-12.22456
-12.22484
-12.22512
-12.22541
-12.22569
-12.22598
-12.22626
-12.22654
-12.22683
-12.22711
-12.22739
-12.22768
-12.22796
-12.22824
-12.22853
-12.22881
-12.22909
-12.22938
-12.22966
-12.22994
-12.23023
-12.23051
-12.23079
-12.23108
-12.23136
-12.23164
-12.23193
-12.23221
-12.23249
-12.23278
-12.23306
-12.23335
-12.23363
-12.23391
-12.23420
-12.23448
-12.23476
-12.23505
-12.23533
-12.23561
-12.23590
-12.23618
-12.23646
-12.23675
-12.23703
-12.23731
-12.23760
-12.23788
-12.23816
-12.23845
-12.23873
-12.23901
-12.23930
-12.23958
-12.23986
-12.24015
-12.24043
-12.24072
-12.24100
-12.24128
-12.24157
-12.24185
-12.24213
-12.24242
-12.24270
-12.24298
-12.24327
-12.24355
-12.24383
-12.24412
-12.24440
-12.24468
-12.24497
-12.24525
-12.24553
-12.24582
-12.24610
-12.24638
-12.24667
-12.24695
-12.24723
-12.24752
-12.24780
-12.24809
-12.24837
-12.24865
-12.24894
-12.24922
-12.24950
-12.24979
-12.25007
-12.25035
-12.25064
-12.25092
-12.25120
-12.25149
-12.25177
-12.25205
-12.25234
-12.25262
-12.25290
-12.25319
-12.25347
-12.25375
-12.25404
-12.25432
-12.25460
-12.25489
-12.25517
-12.25546
-12.25574
-12.25602
-12.25631
-12.25659
-12.25687
-12.25716
-12.25744
-12.25772
-12.25801
-12.25829
-12.25857
-12.25886
-12.25914
-12.25942
-12.25971
-12.25999
-12.26027
-12.26056
-12.26084
-12.26112
-12.26141
-12.26169
-12.26197
-12.26226
-12.26254
-12.26282
-12.26311
-12.26339
-12.26368
-12.26396
-12.26424
-12.26453
-12.26481
-12.26509
-12.26538
-12.26566
-12.26594
-12.26623
-12.26651
-12.26679
-12.26708
-12.26736
-12.26764
-12.26793
-12.26821
-12.26849
-12.26878
-12.26906
-12.26934
-12.26963
-12.26991
-12.27019
-12.27048
-12.27076
-12.27105
-12.27133
-12.27161
-12.27190
-12.27218
-12.27246
-12.27275
-12.27303
-12.27331
-12.27360
-12.27388
-12.27416
-12.27445
-12.27473
-12.27501
-12.27530
-12.27558
-12.27586
-12.27615
-12.27643
-12.27671
-12.27700
-12.27728
-12.27756
-12.27785
-12.27813
-12.27841
-12.27870
-12.27898
-12.27927
-12.27955
-12.27983
-12.28012
-12.28040
-12.28068
-12.28097
-12.28125
-12.28153
-12.28182
-12.28210
-12.28238
-12.28267
-12.28295
-12.28323
-12.28352
-12.28380
-12.28408
-12.28437
-12.28465
-12.28493
-12.28522
-12.28550
-12.28578
-12.28607
-12.28635
-12.28663
-12.28692
-12.28720
-12.28749
-12.28777
-12.28805
-12.28834
-12.28862
-12.28890
-12.28919
-12.28947
-12.28975
-12.29004
-12.29032
-12.29060
-12.29089
-12.29117
-12.29145
-12.29174
-12.29202
-12.29230
-12.29259
-12.29287
-12.29315
-12.29344
-12.29372
-12.29400
-12.29429
-12.29457
-12.29485
-12.29514
-12.29542
-12.29571
-12.29599
-12.29627
-12.29656
-12.29684
-12.29712
-12.29741
-12.29769
-12.29797
-12.29826
-12.29854
-12.29882
-12.29911
-12.29939
-12.29967
-12.29996
-12.30024
-12.30052
-12.30081
-12.30109
-12.30137
-12.30166
-12.30194
-12.30222
-12.30251
-12.30279
-12.30307
-12.30336
-12.30364
-12.30393
-12.30421
-12.30449
-12.30478
-12.30506
-12.30534
-12.30563
-12.30591
-12.30619
-12.30648
-12.30676
-12.30704
-12.30733
-12.30761
-12.30789
-12.30818
-12.30846
-12.30874
-12.30903
-12.30931
-12.30959
-12.30988
-12.31016
-12.31044
-12.31073
-12.31101
-12.31129
-12.31158
-12.31186
-12.31214
-12.31243
-12.31271
-12.31300
-12.31328
-12.31356
-12.31385
-12.31413
-12.31441
-12.31470
-12.31498
-12.31526
-12.31555
-12.31583
-12.31611
-12.31640
-12.31668
-12.31696
-12.31725
-12.31753
-12.31781
-12.31810
-12.31838
-12.31866
-12.31895
-12.31923
-12.31951
-12.31980
-12.32008
-12.32036
-12.32065
-12.32093
-12.32121
-12.32150
-12.32178
-12.32207
-12.32235
-12.32263
-12.32292
-12.32320
-12.32348
-12.32377
-12.32405
-12.32433
-12.32462
-12.32490
-12.32518
-12.32547
-12.32575
-12.32603
-12.32632
-12.32660
-12.32688
-12.32717
-12.32745
-12.32773
-12.32802
-12.32830
-12.32858
-12.32887
-12.32915
-12.32943
-12.32972
-12.33000
-12.33028
-12.33057
-12.33085
-12.33114
-12.33142
-12.33170
-12.33199
-12.33227
-12.33255
-12.33284
-12.33312
-12.33340
-12.33369
-12.33397
-12.33425
-12.33454
-12.33482
-12.33510
-12.33539
-12.33567
-12.33595
-12.33624
-12.33652
-12.33680
-12.33709
-12.33737
-12.33765
-12.33794
-12.33822
-12.33850
-12.33879
-12.33907
-12.33935
-12.33964
-12.33992
-12.34021
-12.34049
-12.34077
-12.34106
-12.34134
-12.34162
-12.34191
-12.34219
-12.34247
-12.34276
-12.34304
-12.34332
-12.34361
-12.34389
-12.34417
-12.34446
-12.34474
-12.34502
-12.34531
-12.34559
-12.34587
-12.34616
-12.34644
-12.34672
-12.34701
-12.34729
-12.34757
-12.34786
-12.34814
-12.34842
-12.34871
-12.34899
-12.34927
-12.34956
-12.34984
-12.35013
-12.35041
-12.35069
-12.35098
-12.35126
-12.35154
-12.35183
-12.35211
-12.35239
-12.35268
-12.35296
-12.35324
-12.35353
-12.35381
-12.35409
-12.35438
-12.35466
-12.35494
-12.35523
-12.35551
-12.35579
-12.35608
-12.35636
-12.35664
-12.35693
-12.35721
-12.35749
-12.35778
-12.35806
-12.35834
-12.35863
-12.35891
-12.35919
-12.35948
-12.35976
-12.36005
-12.36033
-12.36061
-12.36090
-12.36118
-12.36146
-12.36175
-12.36203
-12.36231
-12.36260
-12.36288
-12.36316
-12.36345
-12.36373
-12.36401
-12.36430
-12.36458
-12.36486
-12.36515
-12.36543
-12.36571
-12.36600
-12.36628
-12.36656
-12.36685
-12.36713
-12.36741
-12.36770
-12.36798
-12.36826
-12.36855
-12.36883
-12.36911
-12.36940
-12.36968
-12.36997
-12.37025
-12.37053
-12.37082
-12.37110
-12.37138
-12.37167
-12.37195
-12.37223
-12.37252
-12.37280
-12.37308
-12.37337
-12.37365
-12.37393
-12.37422
-12.37450
-12.37478
-12.37507
-12.37535
-12.37563
-12.37592
-12.37620
-12.37648
-12.37677
-12.37705
-12.37733
-12.37762
-12.37790
-12.37818
-12.37847
-12.37875
-12.37903
-12.37932
-12.37960
-12.37988
-12.38017
-12.38045
-12.38074
-12.38102
-12.38130
-12.38159
-12.38187
-12.38215
-12.38244
-12.38272
-12.38300
-12.38329
-12.38357
-12.38385
-12.38414
-12.38442
-12.38470
-12.38499
-12.38527
-12.38555
-12.38584
-12.38612
-12.38640
-12.38669
-12.38697
-12.38725
-12.38754
-12.38782
-12.38810
-12.38839
-12.38867
-12.38895
-12.38924
-12.38952
-12.38980
-12.39009
-12.39037
-12.39065
-12.39094
-12.39122
-12.39151
-12.39179
-12.39207
-12.39236
-12.39264
-12.39292
-12.39321
-12.39349
-12.39377
-12.39406
-12.39434
-12.39462
-12.39491
-12.39519
-12.39547
-12.39576
-12.39604
-12.39632
-12.39661
-12.39689
-12.39717
-12.39746
-12.39774
-12.39802
-12.39831
-12.39859
-12.39887
-12.39916
-12.39944
-12.39972
-12.40001
-12.40029
-12.40057
-12.40086
-12.40114
-12.40142
-12.40171
-12.40199
-12.40227
-12.40256
-12.40284
-12.40313
-12.40341
-12.40369
-12.40398
-12.40426
-12.40454
-12.40483
-12.40511
-12.40539
-12.40568
-12.40596
-12.40624
-12.40653
-12.40681
-12.40709
-12.40738
-12.40766
-12.40794
-12.40823
-12.40851
-12.40879
-12.40908
-12.40936
-12.40964
-12.40993
-12.41021
-12.41049
-12.41078
-12.41106
-12.41134
-12.41163
-12.41191
-12.41219
-12.41248
-12.41276
-12.41304
-12.41333
-12.41361
-12.41389
-12.41418
-12.41446
-12.41475
-12.41503
-12.41531
-12.41560
-12.41588
-12.41616
-12.41645
-12.41673
-12.41701
-12.41730
-12.41758
-12.41786
-12.41815
-12.41843
-12.41871
-12.41900
-12.41928
-12.41956
-12.41985
-12.42013
-12.42041
-12.42070
-12.42098
-12.42126
-12.42155
-12.42183
-12.42211
-12.42240
-12.42268
-12.42296
-12.42325
-12.42353
-12.42381
-12.42410
-12.42438
-12.42466
-12.42495
-12.42523
-12.42551
-12.42580
-12.42608
-12.42636
-12.42665
-12.42693
-12.42722
-12.42750
-12.42778
-12.42807
-12.42835
-12.42863
-12.42892
-12.42920
-12.42948
-12.42977
-12.43005
-12.43033
-12.43062
-12.43090
-12.43118
-12.43147
-12.43175
-12.43203
-12.43232
-12.43260
-12.43288
-12.43317
-12.43345
-12.43373
-12.43402
-12.43430
-12.43458
-12.43487
-12.43515
-12.43543
-12.43572
-12.43600
-12.43628
-12.43657
-12.43685
-12.43713
-12.43742
-12.43770
-12.43798
-12.43827
-12.43855
-12.43883
-12.43912
-12.43940
-12.43969
-12.43997
-12.44025
-12.44054
-12.44082
-12.44110
-12.44139
-12.44167
-12.44195
-12.44224
-12.44252
-12.44280
-12.44309
-12.44337
-12.44365
-12.44394
-12.44422
-12.44450
-12.44479
-12.44507
-12.44535
-12.44564
-12.44592
-12.44620
-12.44649
-12.44677
-12.44705
-12.44734
-12.44762
-12.44790
-12.44819
-12.44847
-12.44875
-12.44904
-12.44932
-12.44960
-12.44989
-12.45017
-12.45045
-12.45074
-12.45102
-12.45130
-12.45159
-12.45187
-12.45215
-12.45244
-12.45272
-12.45300
-12.45329
-12.45357
-12.45386
-12.45414
-12.45442
-12.45471
-12.45499
-12.45527
-12.45556
-12.45584
-12.45612
-12.45641
-12.45669
-12.45697
-12.45726
-12.45754
-12.45782
-12.45811
-12.45839
-12.45867
-12.45896
-12.45924
-12.45952
-12.45981
-12.46009
-12.46037
-12.46066
-12.46094
-12.46122
-12.46151
-12.46179
-12.46207
-12.46236
-12.46264
-12.46292
-12.46321
-12.46349
-12.46377
-12.46406
-12.46434
-12.46462
-12.46491
-12.46519
-12.46547
-12.46576
-12.46604
-12.46632
-12.46661
-12.46689
-12.46717
-12.46746
-12.46774
-12.46803
-12.46831
-12.46859
-12.46888
-12.46916
-12.46944
-12.46973
-12.47001
-12.47029
-12.47058
-12.47086
-12.47114
-12.47143
-12.47171
-12.47199
-12.47228
-12.47256
-12.47284
-12.47313
-12.47341
-12.47369
-12.47398
-12.47426
-12.47454
-12.47483
-12.47511
-12.47539
-12.47568
-12.47596
-12.47624
-12.47653
-12.47681
-12.47709
-12.47738
-12.47766
-12.47794
-12.47823
-12.47851
-12.47879
-12.47908
-12.47936
-12.47964
-12.47993
-12.48021
-12.48049
-12.48078
-12.48106
-12.48134
-12.48163
-12.48191
-12.48219
-12.48248
-12.48276
-12.48304
-12.48333
-12.48361
-12.48390
-12.48418
-12.48446
-12.48475
-12.48503
-12.48531
-12.48560
-12.48588
-12.48616
-12.48645
-12.48673
-12.48701
-12.48730
-12.48758
-12.48786
-12.48815
-12.48843
-12.48871
-12.48900
-12.48928
-12.48956
-12.48985
-12.49013
-12.49041
-12.49070
-12.49098
-12.49126
-12.49155
-12.49183
-12.49211
-12.49240
-12.49268
-12.49296
-12.49325
-12.49353
-12.49381
-12.49410
-12.49438
-12.49466
-12.49495
-12.49523
-12.49551
-12.49580
-12.49608
-12.49636
-12.49665
-12.49693
-12.49721
-12.49750
-12.49778
-12.49806
-12.49835
-12.49863
-12.49891
-12.49920
-12.49948
-12.49976
-12.50005
-12.50033
-12.50062
-12.50090
-12.50118
-12.50147
-12.50175
-12.50203
-12.50232
-12.50260
-12.50288
-12.50317
-12.50345
-12.50373
-12.50402
-12.50430
-12.50458
-12.50487
-12.50515
-12.50543
-12.50572
-12.50600
-12.50628
-12.50657
-12.50685
-12.50713
-12.50742
-12.50770
-12.50798
-12.50827
-12.50855
-12.50883
-12.50912
-12.50940
-12.50968
-12.50997
-12.51025
-12.51053
-12.51082
-12.51110
-12.51138
-12.51167
-12.51195
-12.51223
-12.51252
-12.51280
-12.51308
-12.51337
-12.51365
-12.51393
-12.51422
-12.51450
-12.51478
-12.51507
-12.51535
-12.51563
-12.51592
-12.51620
-12.51648
-12.51677
-12.51705
-12.51733
-12.51762
-12.51790
-12.51818
-12.51847
-12.51875
-12.51904
-12.51932
-12.51960
-12.51989
-12.52017
-12.52045
-12.52074
-12.52102
-12.52130
-12.52159
-12.52187
-12.52215
-12.52244
-12.52272
-12.52300
-12.52329
-12.52357
-12.52385
-12.52414
-12.52442
-12.52470
-12.52499
-12.52527
-12.52555
-12.52584
-12.52612
-12.52640
-12.52669
-12.52697
-12.52725
-12.52754
-12.52782
-12.52810
-12.52839
-12.52867
-12.52895
-12.52924
-12.52952
-12.52980
-12.53009
-12.53037
-12.53065
-12.53094
-12.53122
-12.53150
-12.53179
-12.53207
-12.53235
-12.53264
-12.53292
-12.53320
-12.53349
-12.53377
-12.53405
-12.53434
-12.53462
-12.53490
-12.53519
-12.53547
-12.53575
-12.53604
-12.53632
-12.53660
-12.53689
-12.53717
-12.53745
-12.53774
-12.53802
-12.53830
-12.53859
-12.53887
-12.53915
-12.53944
-12.53972
-12.54001
-12.54029
-12.54057
-12.54086
-12.54114
-12.54142
-12.54171
-12.54199
-12.54227
-12.54256
-12.54284
-12.54312
-12.54341
-12.54369
-12.54397
-12.54426
-12.54454
-12.54482
-12.54511
-12.54539
-12.54567
-12.54596
-12.54624
-12.54652
-12.54681
-12.54709
-12.54737
-12.54766
-12.54794
-12.54822
-12.54851
-12.54879
-12.54907
-12.54936
-12.54964
-12.54992
-12.55021
-12.55049
-12.55077
-12.55106
-12.55134
-12.55162
-12.55191
-12.55219
-12.55247
-12.55276
-12.55304
-12.55332
-12.55361
-12.55389
-12.55417
-12.55446
-12.55474
-12.55502
-12.55531
-12.55559
-12.55587
-12.55616
-12.55644
-12.55672
-12.55701
-12.55729
-12.55757
-12.55786
-12.55814
-12.55842
-12.55871
-12.55899
-12.55927
-12.55956
-12.55984
-12.56012
-12.56041
-12.56069
-12.56097
-12.56126
-12.56154
-12.56182
-12.56211
-12.56239
-12.56267
-12.56296
-12.56324
-12.56352
-12.56381
-12.56409
-12.56438
-12.56466
-12.56494
-12.56523
-12.56551
-12.56579
-12.56608
-12.56636
-12.56664
-12.56693
-12.56721
-12.56749
-12.56778
-12.56806
-12.56834
-12.56863
-12.56891
-12.56919
-12.56948
-12.56976
-12.57004
-12.57033
-12.57061
-12.57089
-12.57118
-12.57146
-12.57174
-12.57203
-12.57231
-12.57259
-12.57288
-12.57316
-12.57344
-12.57373
-12.57401
-12.57429
-12.57458
-12.57486
-12.57514
-12.57543
-12.57571
-12.57599
-12.57628
-12.57656
-12.57684
-12.57713
-12.57741
-12.57769
-12.57798
-12.57826
-12.57854
-12.57883
-12.57911
-12.57939
-12.57968
-12.57996
-12.58024
-12.58053
-12.58081
-12.58109
-12.58138
-12.58166
-12.58194
-12.58223
-12.58251
-12.58279
-12.58308
-12.58336
-12.58364
-12.58393
-12.58421
-12.58449
-12.58478
-12.58506
-12.58534
-12.58563
-12.58591
-12.58619
-12.58648
-12.58676
-12.58704
-12.58733
-12.58761
-12.58789
-12.58818
-12.58846
-12.58874
-12.58903
-12.58931
-12.58959
-12.58988
-12.59016
-12.59044
-12.59073
-12.59101
-12.59129
-12.59158
-12.59186
-12.59214
-12.59243
-12.59271
-12.59299
-12.59328
-12.59356
-12.59384
-12.59413
-12.59441
-12.59469
-12.59498
-12.59526
-12.59555
-12.59583
-12.59611
-12.59640
-12.59668
-12.59696
-12.59725
-12.59753
-12.59781
-12.59810
-12.59838
-12.59866
-12.59895
-12.59923
-12.59951
-12.59980
-12.60008
-12.60036
-12.60065
-12.60093
-12.60121
-12.60150
-12.60178
-12.60206
-12.60235
-12.60263
-12.60291
-12.60320
-12.60348
-12.60376
-12.60405
-12.60433
-12.60461
-12.60490
-12.60518
-12.60546
-12.60575
-12.60603
-12.60631
-12.60660
-12.60688
-12.60716
-12.60745
-12.60773
-12.60801
-12.60830
-12.60858
-12.60886
-12.60915
-12.60943
-12.60971
-12.61000
-12.61028
-12.61056
-12.61085
-12.61113
-12.61141
-12.61170
-12.61198
-12.61226
-12.61255
-12.61283
-12.61311
-12.61340
-12.61368
-12.61396
-12.61425
-12.61453
-12.61481
-12.61510
-12.61538
-12.61566
-12.61595
-12.61623
-12.61651
-12.61680
-12.61708
-12.61736
-12.61765
-12.61793
-12.61821
-12.61850
-12.61878
-12.61906
-12.61935
-12.61963
-12.61991
-12.62020
-12.62048
-12.62076
-12.62105
-12.62133
-12.62161
-12.62190
-12.62218
-12.62246
-12.62275
-12.62303
-12.62331
-12.62360
-12.62388
-12.62416
-12.62445
-12.62473
-12.62501
-12.62530
-12.62558
-12.62586
-12.62615
-12.62643
-12.62671
-12.62700
-12.62728
-12.62756
-12.62785
-12.62813
-12.62841
-12.62870
-12.62898
-12.62926
-12.62955
-12.62983
-12.63011
-12.63040
-12.63068
-12.63096
-12.63125
-12.63153
-12.63181
-12.63210
-12.63238
-12.63266
-12.63295
-12.63323
-12.63351
-12.63380
-12.63408
-12.63436
-12.63465
-12.63493
-12.63521
-12.63550
-12.63578
-12.63606
-12.63635
-12.63663
-12.63691
-12.63720
-12.63748
-12.63776
-12.63805
-12.63833
-12.63861
-12.63890
-12.63918
-12.63946
-12.63975
-12.64003
-12.64031
-12.64060
-12.64088
-12.64116
-12.64145
-12.64173
-12.64201
-12.64230
-12.64258
-12.64286
-12.64315
-12.64343
-12.64372
-12.64400
-12.64428
-12.64457
-12.64485
-12.64513
-12.64542
-12.64570
-12.64598
-12.64627
-12.64655
-12.64683
-12.64712
-12.64740
-12.64768
-12.64797
-12.64825
-12.64853
-12.64882
-12.64910
-12.64938
-12.64967
-12.64995
-12.65023
-12.65052
-12.65080
-12.65108
-12.65137
-12.65165
-12.65193
-12.65222
-12.65250
-12.65278
-12.65307
-12.65335
-12.65363
-12.65392
-12.65420
-12.65448
-12.65477
-12.65505
-12.65533
-12.65562
-12.65590
-12.65618
-12.65647
-12.65675
-12.65703
-12.65732
-12.65760
-12.65788
-12.65817
-12.65845
-12.65873
-12.65902
-12.65930
-12.65958
-12.65987
-12.66015
-12.66043
-12.66072
-12.66100
-12.66128
-12.66157
-12.66185
-12.66213
-12.66242
-12.66270
-12.66298
-12.66327
-12.66355
-12.66383
-12.66412
-12.66440
-12.66468
-12.66497
-12.66525
-12.66553
-12.66582
-12.66610
-12.66638
-12.66667
-12.66695
-12.66723
-12.66752
-12.66780
-12.66808
-12.66837
-12.66865
-12.66893
-12.66922
-12.66950
-12.66978
-12.67007
-12.67035
-12.67063
-12.67092
-12.67120
-12.67148
-12.67177
-12.67205
-12.67233
-12.67262
-12.67290
-12.67318
-12.67347
-12.67375
-12.67403
-12.67432
-12.67460
-12.67488
-12.67517
-12.67545
-12.67573
-12.67602
-12.67630
-12.67658
-12.67687
-12.67715
-12.67743
-12.67772
-12.67800
-12.67828
-12.67857
-12.67885
-12.67913
-12.67942
-12.67970
-12.67998
-12.68027
-12.68055
-12.68083
-12.68112
-12.68140
-12.68168
-12.68197
-12.68225
-12.68253
-12.68282
-12.68310
-12.68338
-12.68367
-12.68395
-12.68423
-12.68452
-12.68480
-12.68508
-12.68537
-12.68565
-12.68593
-12.68622
-12.68650
-12.68678
-12.68707
-12.68735
-12.68763
-12.68792
-12.68820
-12.68848
-12.68877
-12.68905
-12.68933
-12.68962
-12.68990
-12.69018
-12.69047
-12.69075
-12.69103
-12.69132
-12.69160
-12.69188
-12.69217
-12.69245
-12.69273
-12.69302
-12.69330
-12.69358
-12.69387
-12.69415
-12.69443
-12.69472
-12.69500
-12.69528
-12.69557
-12.69585
-12.69613
-12.69642
-12.69670
-12.69698
-12.69727
-12.69755
-12.69783
-12.69812
-12.69840
-12.69868
-12.69897
-12.69925
-12.69953
-12.69982
-12.70010
-12.70038
-12.70067
-12.70095
-12.70123
-12.70152
-12.70180
-12.70208
-12.70237
-12.70265
-12.70293
-12.70322
-12.70350
-12.70378
-12.70407
-12.70435
-12.70463
-12.70492
-12.70520
-12.70548
-12.70577
-12.70605
-12.70633
-12.70662
-12.70690
-12.70718
-12.70747
-12.70775
-12.70803
-12.70832
-12.70860
-12.70888
-12.70917
-12.70945
-12.70973
-12.71002
-12.71030
-12.71058
-12.71087
-12.71115
-12.71143
-12.71172
-12.71200
-12.71228
-12.71257
-12.71285
-12.71313
-12.71342
-12.71370
-12.71398
-12.71427
-12.71455
-12.71483
-12.71512
-12.71540
-12.71568
-12.71597
-12.71625
-12.71653
-12.71682
-12.71710
-12.71738
-12.71767
-12.71795
-12.71823
-12.71852
-12.71880
-12.71908
-12.71937
-12.71965
-12.71993
-12.72022
-12.72050
-12.72078
-12.72107
-12.72135
-12.72163
-12.72192
-12.72220
-12.72248
-12.72277
-12.72305
-12.72333
-12.72362
-12.72390
-12.72418
-12.72447
-12.72475
-12.72503
-12.72532
-12.72560
-12.72588
-12.72617
-12.72645
-12.72673
-12.72702
-12.72730
-12.72758
-12.72787
-12.72815
-12.72843
-12.72872
-12.72900
-12.72928
-12.72957
-12.72985
-12.73013
-12.73042
-12.73070
-12.73098
-12.73127
-12.73155
-12.73183
-12.73211
-12.73240
-12.73268
-12.73296
-12.73325
-12.73353
-12.73381
-12.73410
-12.73438
-12.73466
-12.73495
-12.73523
-12.73551
-12.73580
-12.73608
-12.73636
-12.73665
-12.73693
-12.73721
-12.73750
-12.73778
-12.73806
-12.73835
-12.73863
-12.73891
-12.73920
-12.73948
-12.73976
-12.74005
-12.74033
-12.74061
-12.74090
-12.74118
-12.74146
-12.74175
-12.74203
-12.74231
-12.74260
-12.74288
-12.74316
-12.74345
-12.74373
-12.74401
-12.74430
-12.74458
-12.74486
-12.74515
-12.74543
-12.74571
-12.74600
-12.74628
-12.74656
-12.74685
-12.74713
-12.74741
-12.74770
-12.74798
-12.74826
-12.74855
-12.74883
-12.74911
-12.74940
-12.74968
-12.74996
-12.75025
-12.75053
-12.75081
-12.75110
-12.75138
-12.75166
-12.75195
-12.75223
-12.75251
-12.75280
-12.75308
-12.75336
-12.75365
-12.75393
-12.75421
-12.75450
-12.75478
-12.75506
-12.75535
-12.75563
-12.75591
-12.75620
-12.75648
-12.75676
-12.75705
-12.75733
-12.75761
-12.75790
-12.75818
-12.75846
-12.75875
-12.75903
-12.75931
-12.75960
-12.75988
-12.76016
-12.76045
-12.76073
-12.76101
-12.76130
-12.76158
-12.76186
-12.76215
-12.76243
-12.76271
-12.76300
-12.76328
-12.76356
-12.76385
-12.76413
-12.76441
-12.76470
-12.76498
-12.76526
-12.76555
-12.76583
-12.76611
-12.76640
-12.76668
-12.76696
-12.76725
-12.76753
-12.76781
-12.76810
-12.76838
-12.76866
-12.76895
-12.76923
-12.76951
-12.76980
-12.77008
-12.77036
-12.77065
-12.77093
-12.77121
-12.77150
-12.77178
-12.77206
-12.77235
-12.77263
-12.77291
-12.77320
-12.77348
-12.77376
-12.77405
-12.77433
-12.77461
-12.77490
-12.77518
-12.77546
-12.77575
-12.77603
-12.77631
-12.77660
-12.77688
-12.77716
-12.77745
-12.77773
-12.77801
-12.77830
-12.77858
-12.77886
-12.77915
-12.77943
-12.77971
-12.77999
-12.78028
-12.78056
-12.78084
-12.78113
-12.78141
-12.78169
-12.78198
-12.78226
-12.78254
-12.78283
-12.78311
-12.78339
-12.78368
-12.78396
-12.78424
-12.78453
-12.78481
-12.78509
-12.78538
-12.78566
-12.78594
-12.78623
-12.78651
-12.78679
-12.78708
-12.78736
-12.78764
-12.78793
-12.78821
-12.78849
-12.78878
-12.78906
-12.78934
-12.78963
-12.78991
-12.79019
-12.79048
-12.79076
-12.79104
-12.79133
-12.79161
-12.79189
-12.79218
-12.79246
-12.79274
-12.79303
-12.79331
-12.79359
-12.79388
-12.79416
-12.79444
-12.79473
-12.79501
-12.79529
-12.79558
-12.79586
-12.79614
-12.79643
-12.79671
-12.79699
-12.79728
-12.79756
-12.79784
-12.79813
-12.79841
-12.79869
-12.79898
-12.79926
-12.79954
-12.79983
-12.80011
-12.80039
-12.80068
-12.80096
-12.80124
-12.80153
-12.80181
-12.80209
-12.80238
-12.80266
-12.80294
-12.80323
-12.80351
-12.80379
-12.80408
-12.80436
-12.80464
-12.80493
-12.80521
-12.80549
-12.80578
-12.80606
-12.80634
-12.80663
-12.80691
-12.80719
-12.80748
-12.80776
-12.80804
-12.80833
-12.80861
-12.80889
-12.80918
-12.80946
-12.80974
-12.81003
-12.81031
-12.81059
-12.81087
-12.81116
-12.81144
-12.81172
-12.81201
-12.81229
-12.81257
-12.81286
-12.81314
-12.81342
-12.81371
-12.81399
-12.81427
-12.81456
-12.81484
-12.81512
-12.81541
-12.81569
-12.81597
-12.81626
-12.81654
-12.81682
-12.81711
-12.81739
-12.81767
-12.81796
-12.81824
-12.81852
-12.81881
-12.81909
-12.81937
-12.81966
-12.81994
-12.82022
-12.82051
-12.82079
-12.82107
-12.82136
-12.82164
-12.82192
-12.82221
-12.82249
-12.82277
-12.82306
-12.82334
-12.82362
-12.82391
-12.82419
-12.82447
-12.82476
-12.82504
-12.82532
-12.82561
-12.82589
-12.82617
-12.82646
-12.82674
-12.82702
-12.82731
-12.82759
-12.82787
-12.82816
-12.82844
-12.82872
-12.82901
-12.82929
-12.82957
-12.82986
-12.83014
-12.83042
-12.83071
-12.83099
-12.83127
-12.83156
-12.83184
-12.83212
-12.83241
-12.83269
-12.83297
-12.83326
-12.83354
-12.83382
-12.83411
-12.83439
-12.83467
-12.83495
-12.83524
-12.83552
-12.83580
-12.83609
-12.83637
-12.83665
-12.83694
-12.83722
-12.83750
-12.83779
-12.83807
-12.83835
-12.83864
-12.83892
-12.83920
-12.83949
-12.83977
-12.84005
-12.84034
-12.84062
-12.84090
-12.84119
-12.84147
-12.84175
-12.84204
-12.84232
-12.84260
-12.84289
-12.84317
-12.84345
-12.84374
-12.84402
-12.84430
-12.84459
-12.84487
-12.84515
-12.84544
-12.84572
-12.84600
-12.84629
-12.84657
-12.84685
-12.84714
-12.84742
-12.84770
-12.84799
-12.84827
-12.84855
-12.84884
-12.84912
-12.84940
-12.84969
-12.84997
-12.85025
-12.85054
-12.85082
-12.85110
-12.85139
-12.85167
-12.85195
-12.85224
-12.85252
-12.85280
-12.85309
-12.85337
-12.85365
-12.85394
-12.85422
-12.85450
-12.85479
-12.85507
-12.85535
-12.85563
-12.85592
-12.85620
-12.85648
-12.85677
-12.85705
-12.85733
-12.85762
-12.85790
-12.85818
-12.85847
-12.85875
-12.85903
-12.85932
-12.85960
-12.85988
-12.86017
-12.86045
-12.86073
-12.86102
-12.86130
-12.86158
-12.86187
-12.86215
-12.86243
-12.86272
-12.86300
-12.86328
-12.86357
-12.86385
-12.86413
-12.86442
-12.86470
-12.86498
-12.86527
-12.86555
-12.86583
-12.86612
-12.86640
-12.86668
-12.86697
-12.86725
-12.86753
-12.86782
-12.86810
-12.86838
-12.86867
-12.86895
-12.86923
-12.86952
-12.86980
-12.87008
-12.87037
-12.87065
-12.87093
-12.87122
-12.87150
-12.87178
-12.87207
-12.87235
-12.87263
-12.87292
-12.87320
-12.87348
-12.87377
-12.87405
-12.87433
-12.87461
-12.87490
-12.87518
-12.87546
-12.87575
-12.87603
-12.87631
-12.87660
-12.87688
-12.87716
-12.87745
-12.87773
-12.87801
-12.87830
-12.87858
-12.87886
-12.87915
-12.87943
-12.87971
-12.88000
-12.88028
-12.88056
-12.88085
-12.88113
-12.88141
-12.88170
-12.88198
-12.88226
-12.88255
-12.88283
-12.88311
-12.88340
-12.88368
-12.88396
-12.88425
-12.88453
-12.88481
-12.88510
-12.88538
-12.88566
-12.88595
-12.88623
-12.88651
-12.88680
-12.88708
-12.88736
-12.88765
-12.88793
-12.88821
-12.88850
-12.88878
-12.88906
-12.88935
-12.88963
-12.88991
-12.89020
-12.89048
-12.89076
-12.89104
-12.89133
-12.89161
-12.89189
-12.89218
-12.89246
-12.89274
-12.89303
-12.89331
-12.89359
-12.89388
-12.89416
-12.89444
-12.89473
-12.89501
-12.89529
-12.89558
-12.89586
-12.89614
-12.89643
-12.89671
-12.89699
-12.89728
-12.89756
-12.89784
-12.89813
-12.89841
-12.89869
-12.89898
-12.89926
-12.89954
-12.89983
-12.90011
-12.90039
-12.90068
-12.90096
-12.90124
-12.90153
-12.90181
-12.90209
-12.90238
-12.90266
-12.90294
-12.90323
-12.90351
-12.90379
-12.90408
-12.90436
-12.90464
-12.90493
-12.90521
-12.90549
-12.90578
-12.90606
-12.90634
-12.90662
-12.90691
-12.90719
-12.90747
-12.90776
-12.90804
-12.90832
-12.90861
-12.90889
-12.90917
-12.90946
-12.90974
-12.91002
-12.91031
-12.91059
-12.91087
-12.91116
-12.91144
-12.91172
-12.91201
-12.91229
-12.91257
-12.91286
-12.91314
-12.91342
-12.91371
-12.91399
-12.91427
-12.91456
-12.91484
-12.91512
-12.91541
-12.91569
-12.91597
-12.91626
-12.91654
-12.91682
-12.91711
-12.91739
-12.91767
-12.91796
-12.91824
-12.91852
-12.91881
-12.91909
-12.91937
-12.91966
-12.91994
-12.92022
-12.92051
-12.92079
-12.92107
-12.92135
-12.92164
-12.92192
-12.92220
-12.92249
-12.92277
-12.92305
-12.92334
-12.92362
-12.92390
-12.92419
-12.92447
-12.92475
-12.92504
-12.92532
-12.92560
-12.92589
-12.92617
-12.92645
-12.92674
-12.92702
-12.92730
-12.92759
-12.92787
-12.92815
-12.92844
-12.92872
-12.92900
-12.92929
-12.92957
-12.92985
-12.93014
-12.93042
-12.93070
-12.93099
-12.93127
-12.93155
-12.93184
-12.93212
-12.93240
-12.93269
-12.93297
-12.93325
-12.93354
-12.93382
-12.93410
-12.93439
-12.93467
-12.93495
-12.93523
-12.93552
-12.93580
-12.93608
-12.93637
-12.93665
-12.93693
-12.93722
-12.93750
-12.93778
-12.93807
-12.93835
-12.93863
-12.93892
-12.93920
-12.93948
-12.93977
-12.94005
-12.94033
-12.94062
-12.94090
-12.94118
-12.94147
-12.94175
-12.94203
-12.94232
-12.94260
-12.94288
-12.94317
-12.94345
-12.94373
-12.94402
-12.94430
-12.94458
-12.94487
-12.94515
-12.94543
-12.94572
-12.94600
-12.94628
-12.94657
-12.94685
-12.94713
-12.94742
-12.94770
-12.94798
-12.94826
-12.94855
-12.94883
-12.94911
-12.94940
-12.94968
-12.94996
-12.95025
-12.95053
-12.95081
-12.95110
-12.95138
-12.95166
-12.95195
-12.95223
-12.95251
-12.95280
-12.95308
-12.95336
-12.95365
-12.95393
-12.95421
-12.95450
-12.95478
-12.95506
-12.95535
-12.95563
-12.95591
-12.95620
-12.95648
-12.95676
-12.95705
-12.95733
-12.95761
-12.95790
-12.95818
-12.95846
-12.95875
-12.95903
-12.95931
-12.95960
-12.95988
-12.96016
-12.96044
-12.96073
-12.96101
-12.96129
-12.96158
-12.96186
-12.96214
-12.96243
-12.96271
-12.96299
-12.96328
-12.96356
-12.96384
-12.96413
-12.96441
-12.96469
-12.96498
-12.96526
-12.96554
-12.96583
-12.96611
-12.96639
-12.96668
-12.96696
-12.96724
-12.96753
-12.96781
-12.96809
-12.96838
-12.96866
-12.96894
-12.96923
-12.96951
-12.96979
-12.97008
-12.97036
-12.97064
-12.97093
-12.97121
-12.97149
-12.97178
-12.97206
-12.97234
-12.97262
-12.97291
-12.97319
-12.97347
-12.97376
-12.97404
-12.97432
-12.97461
-12.97489
-12.97517
-12.97546
-12.97574
-12.97602
-12.97631
-12.97659
-12.97687
-12.97716
-12.97744
-12.97772
-12.97801
-12.97829
-12.97857
-12.97886
-12.97914
-12.97942
-12.97971
-12.97999
-12.98027
-12.98056
-12.98084
-12.98112
-12.98141
-12.98169
-12.98197
-12.98226
-12.98254
-12.98282
-12.98311
-12.98339
-12.98367
-12.98395
-12.98424
-12.98452
-12.98480
-12.98509
-12.98537
-12.98565
-12.98594
-12.98622
-12.98650
-12.98679
-12.98707
-12.98735
-12.98764
-12.98792
-12.98820
-12.98849
-12.98877
-12.98905
-12.98934
-12.98962
-12.98990
-12.99019
-12.99047
-12.99075
-12.99104
-12.99132
-12.99160
-12.99189
-12.99217
-12.99245
-12.99274
-12.99302
-12.99330
-12.99359
-12.99387
-12.99415
-12.99443
-12.99472
-12.99500
-12.99528
-12.99557
-12.99585
-12.99613
-12.99642
-12.99670
-12.99698
-12.99727
-12.99755
-12.99783
-12.99812
-12.99840
-12.99868
-12.99897
-12.99925
-12.99953
-12.99982
-13.00010
-13.00038
-13.00067
-13.00095
-13.00123
-13.00152
-13.00180
-13.00208
-13.00237
-13.00265
-13.00293
-13.00322
-13.00350
-13.00378
-13.00407
-13.00435
-13.00463
-13.00491
-13.00520
-13.00548
-13.00576
-13.00605
-13.00633
-13.00661
-13.00690
-13.00718
-13.00746
-13.00775
-13.00803
-13.00831
-13.00860
-13.00888
-13.00916
-13.00945
-13.00973
-13.01001
-13.01030
-13.01058
-13.01086
-13.01115
-13.01143
-13.01171
-13.01200
-13.01228
-13.01256
-13.01285
-13.01313
-13.01341
-13.01370
-13.01398
-13.01426
-13.01455
-13.01483
-13.01511
-13.01539
-13.01568
-13.01596
-13.01624
-13.01653
-13.01681
-13.01709
-13.01738
-13.01766
-13.01794
-13.01823
-13.01851
-13.01879
-13.01908
-13.01936
-13.01964
-13.01993
-13.02021
-13.02049
-13.02078
-13.02106
-13.02134
-13.02163
-13.02191
-13.02219
-13.02248
-13.02276
-13.02304
-13.02333
-13.02361
-13.02389
-13.02418
-13.02446
-13.02474
-13.02502
-13.02531
-13.02559
-13.02587
-13.02616
-13.02644
-13.02672
-13.02701
-13.02729
-13.02757
-13.02786
-13.02814
-13.02842
-13.02871
-13.02899
-13.02927
-13.02956
-13.02984
-13.03012
-13.03041
-13.03069
-13.03097
-13.03126
-13.03154
-13.03182
-13.03211
-13.03239
-13.03267
-13.03296
-13.03324
-13.03352
-13.03381
-13.03409
-13.03437
-13.03465
-13.03494
-13.03522
-13.03550
-13.03579
-13.03607
-13.03635
-13.03664
-13.03692
-13.03720
-13.03749
-13.03777
-13.03805
-13.03834
-13.03862
-13.03890
-13.03919
-13.03947
-13.03975
-13.04004
-13.04032
-13.04060
-13.04089
-13.04117
-13.04145
-13.04174
-13.04202
-13.04230
-13.04259
-13.04287
-13.04315
-13.04344
-13.04372
-13.04400
-13.04428
-13.04457
-13.04485
-13.04513
-13.04542
-13.04570
-13.04598
-13.04627
-13.04655
-13.04683
-13.04712
-13.04740
-13.04768
-13.04797
-13.04825
-13.04853
-13.04882
-13.04910
-13.04938
-13.04967
-13.04995
-13.05023
-13.05052
-13.05080
-13.05108
-13.05137
-13.05165
-13.05193
-13.05222
-13.05250
-13.05278
-13.05306
-13.05335
-13.05363
-13.05391
-13.05420
-13.05448
-13.05476
-13.05505
-13.05533
-13.05561
-13.05590
-13.05618
-13.05646
-13.05675
-13.05703
-13.05731
-13.05760
-13.05788
-13.05816
-13.05845
-13.05873
-13.05901
-13.05930
-13.05958
-13.05986
-13.06015
-13.06043
-13.06071
-13.06100
-13.06128
-13.06156
-13.06184
-13.06213
-13.06241
-13.06269
-13.06298
-13.06326
-13.06354
-13.06383
-13.06411
-13.06439
-13.06468
-13.06496
-13.06524
-13.06553
-13.06581
-13.06609
-13.06638
-13.06666
-13.06694
-13.06723
-13.06751
-13.06779
-13.06808
-13.06836
-13.06864
-13.06893
-13.06921
-13.06949
-13.06978
-13.07006
-13.07034
-13.07062
-13.07091
-13.07119
-13.07147
-13.07176
-13.07204
-13.07232
-13.07261
-13.07289
-13.07317
-13.07346
-13.07374
-13.07402
-13.07431
-13.07459
-13.07487
-13.07516
-13.07544
-13.07572
-13.07601
-13.07629
-13.07657
-13.07686
-13.07714
-13.07742
-13.07771
-13.07799
-13.07827
-13.07856
-13.07884
-13.07912
-13.07940
-13.07969
-13.07997
-13.08025
-13.08054
-13.08082
-13.08110
-13.08139
-13.08167
-13.08195
-13.08224
-13.08252
-13.08280
-13.08309
-13.08337
-13.08365
-13.08394
-13.08422
-13.08450
-13.08479
-13.08507
-13.08535
-13.08564
-13.08592
-13.08620
-13.08649
-13.08677
-13.08705
-13.08733
-13.08762
-13.08790
-13.08818
-13.08847
-13.08875
-13.08903
-13.08932
-13.08960
-13.08988
-13.09017
-13.09045
-13.09073
-13.09102
-13.09130
-13.09158
-13.09187
-13.09215
-13.09243
-13.09272
-13.09300
-13.09328
-13.09357
-13.09385
-13.09413
-13.09442
-13.09470
-13.09498
-13.09527
-13.09555
-13.09583
-13.09611
-13.09640
-13.09668
-13.09696
-13.09725
-13.09753
-13.09781
-13.09810
-13.09838
-13.09866
-13.09895
-13.09923
-13.09951
-13.09980
-13.10008
-13.10036
-13.10065
-13.10093
-13.10121
-13.10150
-13.10178
-13.10206
-13.10235
-13.10263
-13.10291
-13.10320
-13.10348
-13.10376
-13.10404
-13.10433
-13.10461
-13.10489
-13.10518
-13.10546
-13.10574
-13.10603
-13.10631
-13.10659
-13.10688
-13.10716
-13.10744
-13.10773
-13.10801
-13.10829
-13.10858
-13.10886
-13.10914
-13.10943
-13.10971
-13.10999
-13.11028
-13.11056
-13.11084
-13.11113
-13.11141
-13.11169
-13.11197
-13.11226
-13.11254
-13.11282
-13.11311
-13.11339
-13.11367
-13.11396
-13.11424
-13.11452
-13.11481
-13.11509
-13.11537
-13.11566
-13.11594
-13.11622
-13.11651
-13.11679
-13.11707
-13.11736
-13.11764
-13.11792
-13.11821
-13.11849
-13.11877
-13.11905
-13.11934
-13.11962
-13.11990
-13.12019
-13.12047
-13.12075
-13.12104
-13.12132
-13.12160
-13.12189
-13.12217
-13.12245
-13.12274
-13.12302
-13.12330
-13.12359
-13.12387
-13.12415
-13.12444
-13.12472
-13.12500
-13.12529
-13.12557
-13.12585
-13.12614
-13.12642
-13.12670
-13.12698
-13.12727
-13.12755
-13.12783
-13.12812
-13.12840
-13.12868
-13.12897
-13.12925
-13.12953
-13.12982
-13.13010
-13.13038
-13.13067
-13.13095
-13.13123
-13.13152
-13.13180
-13.13208
-13.13237
-13.13265
-13.13293
-13.13322
-13.13350
-13.13378
-13.13406
-13.13435
-13.13463
-13.13491
-13.13520
-13.13548
-13.13576
-13.13605
-13.13633
-13.13661
-13.13690
-13.13718
-13.13746
-13.13775
-13.13803
-13.13831
-13.13860
-13.13888
-13.13916
-13.13945
-13.13973
-13.14001
-13.14030
-13.14058
-13.14086
-13.14115
-13.14143
-13.14171
-13.14199
-13.14228
-13.14256
-13.14284
-13.14313
-13.14341
-13.14369
-13.14398
-13.14426
-13.14454
-13.14483
-13.14511
-13.14539
-13.14568
-13.14596
-13.14624
-13.14653
-13.14681
-13.14709
-13.14738
-13.14766
-13.14794
-13.14823
-13.14851
-13.14879
-13.14907
-13.14936
-13.14964
-13.14992
-13.15021
-13.15049
-13.15077
-13.15106
-13.15134
-13.15162
-13.15191
-13.15219
-13.15247
-13.15276
-13.15304
-13.15332
-13.15361
-13.15389
-13.15417
-13.15446
-13.15474
-13.15502
-13.15531
-13.15559
-13.15587
-13.15615
-13.15644
-13.15672
-13.15700
-13.15729
-13.15757
-13.15785
-13.15814
-13.15842
-13.15870
-13.15899
-13.15927
-13.15955
-13.15984
-13.16012
-13.16040
-13.16069
-13.16097
-13.16125
-13.16154
-13.16182
-13.16210
-13.16239
-13.16267
-13.16295
-13.16323
-13.16352
-13.16380
-13.16408
-13.16437
-13.16465
-13.16493
-13.16522
-13.16550
-13.16578
-13.16607
-13.16635
-13.16663
-13.16692
-13.16720
-13.16748
-13.16777
-13.16805
-13.16833
-13.16862
-13.16890
-13.16918
-13.16946
-13.16975
-13.17003
-13.17031
-13.17060
-13.17088
-13.17116
-13.17145
-13.17173
-13.17201
-13.17230
-13.17258
-13.17286
-13.17315
-13.17343
-13.17371
-13.17400
-13.17428
-13.17456
-13.17485
-13.17513
-13.17541
-13.17570
-13.17598
-13.17626
-13.17654
-13.17683
-13.17711
-13.17739
-13.17768
-13.17796
-13.17824
-13.17853
-13.17881
-13.17909
-13.17938
-13.17966
-13.17994
-13.18023
-13.18051
-13.18079
-13.18108
-13.18136
-13.18164
-13.18193
-13.18221
-13.18249
-13.18277
-13.18306
-13.18334
-13.18362
-13.18391
-13.18419
-13.18447
-13.18476
-13.18504
-13.18532
-13.18561
-13.18589
-13.18617
-13.18646
-13.18674
-13.18702
-13.18731
-13.18759
-13.18787
-13.18816
-13.18844
-13.18872
-13.18901
-13.18929
-13.18957
-13.18985
-13.19014
-13.19042
-13.19070
-13.19099
-13.19127
-13.19155
-13.19184
-13.19212
-13.19240
-13.19269
-13.19297
-13.19325
-13.19354
-13.19382
-13.19410
-13.19439
-13.19467
-13.19495
-13.19524
-13.19552
-13.19580
-13.19608
-13.19637
-13.19665
-13.19693
-13.19722
-13.19750
-13.19778
-13.19807
-13.19835
-13.19863
-13.19892
-13.19920
-13.19948
-13.19977
-13.20005
-13.20033
-13.20062
-13.20090
-13.20118
-13.20147
-13.20175
-13.20203
-13.20231
-13.20260
-13.20288
-13.20316
-13.20345
-13.20373
-13.20401
-13.20430
-13.20458
-13.20486
-13.20515
-13.20543
-13.20571
-13.20600
-13.20628
-13.20656
-13.20685
-13.20713
-13.20741
-13.20770
-13.20798
-13.20826
-13.20855
-13.20883
-13.20911
-13.20939
-13.20968
-13.20996
-13.21024
-13.21053
-13.21081
-13.21109
-13.21138
-13.21166
-13.21194
-13.21223
-13.21251
-13.21279
-13.21308
-13.21336
-13.21364
-13.21393
-13.21421
-13.21449
-13.21478
-13.21506
-13.21534
-13.21562
-13.21591
-13.21619
-13.21647
-13.21676
-13.21704
-13.21732
-13.21761
-13.21789
-13.21817
-13.21846
-13.21874
-13.21902
-13.21931
-13.21959
-13.21987
-13.22016
-13.22044
-13.22072
-13.22101
-13.22129
-13.22157
-13.22185
-13.22214
-13.22242
-13.22270
-13.22299
-13.22327
-13.22355
-13.22384
-13.22412
-13.22440
-13.22469
-13.22497
-13.22525
-13.22554
-13.22582
-13.22610
-13.22639
-13.22667
-13.22695
-13.22723
-13.22752
-13.22780
-13.22808
-13.22837
-13.22865
-13.22893
-13.22922
-13.22950
-13.22978
-13.23007
-13.23035
-13.23063
-13.23092
-13.23120
-13.23148
-13.23177
-13.23205
-13.23233
-13.23262
-13.23290
-13.23318
-13.23346
-13.23375
-13.23403
-13.23431
-13.23460
-13.23488
-13.23516
-13.23545
-13.23573
-13.23601
-13.23630
-13.23658
-13.23686
-13.23715
-13.23743
-13.23771
-13.23800
-13.23828
-13.23856
-13.23885
-13.23913
-13.23941
-13.23969
-13.23998
-13.24026
-13.24054
-13.24083
-13.24111
-13.24139
-13.24168
-13.24196
-13.24224
-13.24253
-13.24281
-13.24309
-13.24338
-13.24366
-13.24394
-13.24423
-13.24451
-13.24479
-13.24508
-13.24536
-13.24564
-13.24592
-13.24621
-13.24649
-13.24677
-13.24706
-13.24734
-13.24762
-13.24791
-13.24819
-13.24847
-13.24876
-13.24904
-13.24932
-13.24961
-13.24989
-13.25017
-13.25046
-13.25074
-13.25102
-13.25130
-13.25159
-13.25187
-13.25215
-13.25244
-13.25272
-13.25300
-13.25329
-13.25357
-13.25385
-13.25414
-13.25442
-13.25470
-13.25499
-13.25527
-13.25555
-13.25584
-13.25612
-13.25640
-13.25669
-13.25697
-13.25725
-13.25753
-13.25782
-13.25810
-13.25838
-13.25867
-13.25895
-13.25923
-13.25952
-13.25980
-13.26008
-13.26037
-13.26065
-13.26093
-13.26122
-13.26150
-13.26178
-13.26207
-13.26235
-13.26263
-13.26291
-13.26320
-13.26348
-13.26376
-13.26405
-13.26433
-13.26461
-13.26490
-13.26518
-13.26546
-13.26575
-13.26603
-13.26631
-13.26660
-13.26688
-13.26716
-13.26745
-13.26773
-13.26801
-13.26829
-13.26858
-13.26886
-13.26914
-13.26943
-13.26971
-13.26999
-13.27028
-13.27056
-13.27084
-13.27113
-13.27141
-13.27169
-13.27198
-13.27226
-13.27254
-13.27283
-13.27311
-13.27339
-13.27368
-13.27396
-13.27424
-13.27452
-13.27481
-13.27509
-13.27537
-13.27566
-13.27594
-13.27622
-13.27651
-13.27679
-13.27707
-13.27736
-13.27764
-13.27792
-13.27821
-13.27849
-13.27877
-13.27906
-13.27934
-13.27962
-13.27990
-13.28019
-13.28047
-13.28075
-13.28104
-13.28132
-13.28160
-13.28189
-13.28217
-13.28245
-13.28274
-13.28302
-13.28330
-13.28359
-13.28387
-13.28415
-13.28444
-13.28472
-13.28500
-13.28528
-13.28557
-13.28585
-13.28613
-13.28642
-13.28670
-13.28698
-13.28727
-13.28755
-13.28783
-13.28812
-13.28840
-13.28868
-13.28897
-13.28925
-13.28953
-13.28982
-13.29010
-13.29038
-13.29066
-13.29095
-13.29123
-13.29151
-13.29180
-13.29208
-13.29236
-13.29265
-13.29293
-13.29321
-13.29350
-13.29378
-13.29406
-13.29435
-13.29463
-13.29491
-13.29520
-13.29548
-13.29576
-13.29604
-13.29633
-13.29661
-13.29689
-13.29718
-13.29746
-13.29774
-13.29803
-13.29831
-13.29859
-13.29888
-13.29916
-13.29944
-13.29973
-13.30001
-13.30029
-13.30058
-13.30086
-13.30114
-13.30142
-13.30171
-13.30199
-13.30227
-13.30256
-13.30284
-13.30312
-13.30341
-13.30369
-13.30397
-13.30426
-13.30454
-13.30482
-13.30511
-13.30539
-13.30567
-13.30596
-13.30624
-13.30652
-13.30680
-13.30709
-13.30737
-13.30765
-13.30794
-13.30822
-13.30850
-13.30879
-13.30907
-13.30935
-13.30964
-13.30992
-13.31020
-13.31049
-13.31077
-13.31105
-13.31134
-13.31162
-13.31190
-13.31218
-13.31247
-13.31275
-13.31303
-13.31332
-13.31360
-13.31388
-13.31417
-13.31445
-13.31473
-13.31502
-13.31530
-13.31558
-13.31587
-13.31615
-13.31643
-13.31672
-13.31700
-13.31728
-13.31756
-13.31785
-13.31813
-13.31841
-13.31870
-13.31898
-13.31926
-13.31955
-13.31983
-13.32011
-13.32040
-13.32068
-13.32096
-13.32125
-13.32153
-13.32181
-13.32210
-13.32238
-13.32266
-13.32294
-13.32323
-13.32351
-13.32379
-13.32408
-13.32436
-13.32464
-13.32493
-13.32521
-13.32549
-13.32578
-13.32606
-13.32634
-13.32663
-13.32691
-13.32719
-13.32748
-13.32776
-13.32804
-13.32832
-13.32861
-13.32889
-13.32917
-13.32946
-13.32974
-13.33002
-13.33031
-13.33059
-13.33087
-13.33116
-13.33144
-13.33172
-13.33201
-13.33229
-13.33257
-13.33285
-13.33314
-13.33342
-13.33370
-13.33399
-13.33427
-13.33455
-13.33484
-13.33512
-13.33540
-13.33569
-13.33597
-13.33625
-13.33654
-13.33682
-13.33710
-13.33739
-13.33767
-13.33795
-13.33823
-13.33852
-13.33880
-13.33908
-13.33937
-13.33965
-13.33993
-13.34022
-13.34050
-13.34078
-13.34107
-13.34135
-13.34163
-13.34192
-13.34220
-13.34248
-13.34276
-13.34305
-13.34333
-13.34361
-13.34390
-13.34418
-13.34446
-13.34475
-13.34503
-13.34531
-13.34560
-13.34588
-13.34616
-13.34645
-13.34673
-13.34701
-13.34730
-13.34758
-13.34786
-13.34814
-13.34843
-13.34871
-13.34899
-13.34928
-13.34956
-13.34984
-13.35013
-13.35041
-13.35069
-13.35098
-13.35126
-13.35154
-13.35183
-13.35211
-13.35239
-13.35268
-13.35296
-13.35324
-13.35352
-13.35381
-13.35409
-13.35437
-13.35466
-13.35494
-13.35522
-13.35551
-13.35579
-13.35607
-13.35636
-13.35664
-13.35692
-13.35721
-13.35749
-13.35777
-13.35805
-13.35834
-13.35862
-13.35890
-13.35919
-13.35947
-13.35975
-13.36004
-13.36032
-13.36060
-13.36089
-13.36117
-13.36145
-13.36174
-13.36202
-13.36230
-13.36258
-13.36287
-13.36315
-13.36343
-13.36372
-13.36400
-13.36428
-13.36457
-13.36485
-13.36513
-13.36542
-13.36570
-13.36598
-13.36627
-13.36655
-13.36683
-13.36712
-13.36740
-13.36768
-13.36796
-13.36825
-13.36853
-13.36881
-13.36910
-13.36938
-13.36966
-13.36995
-13.37023
-13.37051
-13.37080
-13.37108
-13.37136
-13.37165
-13.37193
-13.37221
-13.37249
-13.37278
-13.37306
-13.37334
-13.37363
-13.37391
-13.37419
-13.37448
-13.37476
-13.37504
-13.37533
-13.37561
-13.37589
-13.37618
-13.37646
-13.37674
-13.37702
-13.37731
-13.37759
-13.37787
-13.37816
-13.37844
-13.37872
-13.37901
-13.37929
-13.37957
-13.37986
-13.38014
-13.38042
-13.38071
-13.38099
-13.38127
-13.38156
-13.38184
-13.38212
-13.38240
-13.38269
-13.38297
-13.38325
-13.38354
-13.38382
-13.38410
-13.38439
-13.38467
-13.38495
-13.38524
-13.38552
-13.38580
-13.38609
-13.38637
-13.38665
-13.38693
-13.38722
-13.38750
-13.38778
-13.38807
-13.38835
-13.38863
-13.38892
-13.38920
-13.38948
-13.38977
-13.39005
-13.39033
-13.39062
-13.39090
-13.39118
-13.39146
-13.39175
-13.39203
-13.39231
-13.39260
-13.39288
-13.39316
-13.39345
-13.39373
-13.39401
-13.39430
-13.39458
-13.39486
-13.39515
-13.39543
-13.39571
-13.39599
-13.39628
-13.39656
-13.39684
-13.39713
-13.39741
-13.39769
-13.39798
-13.39826
-13.39854
-13.39883
-13.39911
-13.39939
-13.39968
-13.39996
-13.40024
-13.40052
-13.40081
-13.40109
-13.40137
-13.40166
-13.40194
-13.40222
-13.40251
-13.40279
-13.40307
-13.40336
-13.40364
-13.40392
-13.40421
-13.40449
-13.40477
-13.40505
-13.40534
-13.40562
-13.40590
-13.40619
-13.40647
-13.40675
-13.40704
-13.40732
-13.40760
-13.40789
-13.40817
-13.40845
-13.40874
-13.40902
-13.40930
-13.40958
-13.40987
-13.41015
-13.41043
-13.41072
-13.41100
-13.41128
-13.41157
-13.41185
-13.41213
-13.41242
-13.41270
-13.41298
-13.41327
-13.41355
-13.41383
-13.41411
-13.41440
-13.41468
-13.41496
-13.41525
-13.41553
-13.41581
-13.41610
-13.41638
-13.41666
-13.41695
-13.41723
-13.41751
-13.41780
-13.41808
-13.41836
-13.41864
-13.41893
-13.41921
-13.41949
-13.41978
-13.42006
-13.42034
-13.42063
-13.42091
-13.42119
-13.42148
-13.42176
-13.42204
-13.42233
-13.42261
-13.42289
-13.42317
-13.42346
-13.42374
-13.42402
-13.42431
-13.42459
-13.42487
-13.42516
-13.42544
-13.42572
-13.42601
-13.42629
-13.42657
-13.42686
-13.42714
-13.42742
-13.42770
-13.42799
-13.42827
-13.42855
-13.42884
-13.42912
-13.42940
-13.42969
-13.42997
-13.43025
-13.43054
-13.43082
-13.43110
-13.43139
-13.43167
-13.43195
-13.43223
-13.43252
-13.43280
-13.43308
-13.43337
-13.43365
-13.43393
-13.43422
-13.43450
-13.43478
-13.43507
-13.43535
-13.43563
-13.43592
-13.43620
-13.43648
-13.43676
-13.43705
-13.43733
-13.43761
-13.43790
-13.43818
-13.43846
-13.43875
-13.43903
-13.43931
-13.43960
-13.43988
-13.44016
-13.44045
-13.44073
-13.44101
-13.44129
-13.44158
-13.44186
-13.44214
-13.44243
-13.44271
-13.44299
-13.44328
-13.44356
-13.44384
-13.44413
-13.44441
-13.44469
-13.44498
-13.44526
-13.44554
-13.44582
-13.44611
-13.44639
-13.44667
-13.44696
-13.44724
-13.44752
-13.44781
-13.44809
-13.44837
-13.44866
-13.44894
-13.44922
-13.44950
-13.44979
-13.45007
-13.45035
-13.45064
-13.45092
-13.45120
-13.45149
-13.45177
-13.45205
-13.45234
-13.45262
-13.45290
-13.45319
-13.45347
-13.45375
-13.45403
-13.45432
-13.45460
-13.45488
-13.45517
-13.45545
-13.45573
-13.45602
-13.45630
-13.45658
-13.45687
-13.45715
-13.45743
-13.45772
-13.45800
-13.45828
-13.45856
-13.45885
-13.45913
-13.45941
-13.45970
-13.45998
-13.46026
-13.46055
-13.46083
-13.46111
-13.46140
-13.46168
-13.46196
-13.46224
-13.46253
-13.46281
-13.46309
-13.46338
-13.46366
-13.46394
-13.46423
-13.46451
-13.46479
-13.46508
-13.46536
-13.46564
-13.46593
-13.46621
-13.46649
-13.46677
-13.46706
-13.46734
-13.46762
-13.46791
-13.46819
-13.46847
-13.46876
-13.46904
-13.46932
-13.46961
-13.46989
-13.47017
-13.47046
-13.47074
-13.47102
-13.47130
-13.47159
-13.47187
-13.47215
-13.47244
-13.47272
-13.47300
-13.47329
-13.47357
-13.47385
-13.47414
-13.47442
-13.47470
-13.47498
-13.47527
-13.47555
-13.47583
-13.47612
-13.47640
-13.47668
-13.47697
-13.47725
-13.47753
-13.47782
-13.47810
-13.47838
-13.47867
-13.47895
-13.47923
-13.47951
-13.47980
-13.48008
-13.48036
-13.48065
-13.48093
-13.48121
-13.48150
-13.48178
-13.48206
-13.48235
-13.48263
-13.48291
-13.48319
-13.48348
-13.48376
-13.48404
-13.48433
-13.48461
-13.48489
-13.48518
-13.48546
-13.48574
-13.48603
-13.48631
-13.48659
-13.48688
-13.48716
-13.48744
-13.48772
-13.48801
-13.48829
-13.48857
-13.48886
-13.48914
-13.48942
-13.48971
-13.48999
-13.49027
-13.49056
-13.49084
-13.49112
-13.49140
-13.49169
-13.49197
-13.49225
-13.49254
-13.49282
-13.49310
-13.49339
-13.49367
-13.49395
-13.49424
-13.49452
-13.49480
-13.49509
-13.49537
-13.49565
-13.49593
-13.49622
-13.49650
-13.49678
-13.49707
-13.49735
-13.49763
-13.49792
-13.49820
-13.49848
-13.49877
-13.49905
-13.49933
-13.49961
-13.49990
-13.50018
-13.50046
-13.50075
-13.50103
-13.50131
-13.50160
-13.50188
-13.50216
-13.50245
-13.50273
-13.50301
-13.50330
-13.50358
-13.50386
-13.50414
-13.50443
-13.50471
-13.50499
-13.50528
-13.50556
-13.50584
-13.50613
-13.50641
-13.50669
-13.50698
-13.50726
-13.50754
-13.50782
-13.50811
-13.50839
-13.50867
-13.50896
-13.50924
-13.50952
-13.50981
-13.51009
-13.51037
-13.51066
-13.51094
-13.51122
-13.51151
-13.51179
-13.51207
-13.51235
-13.51264
-13.51292
-13.51320
-13.51349
-13.51377
-13.51405
-13.51434
-13.51462
-13.51490
-13.51519
-13.51547
-13.51575
-13.51603
-13.51632
-13.51660
-13.51688
-13.51717
-13.51745
-13.51773
-13.51802
-13.51830
-13.51858
-13.51887
-13.51915
-13.51943
-13.51971
-13.52000
-13.52028
-13.52056
-13.52085
-13.52113
-13.52141
-13.52170
-13.52198
-13.52226
-13.52255
-13.52283
-13.52311
-13.52340
-13.52368
-13.52396
-13.52424
-13.52453
-13.52481
-13.52509
-13.52538
-13.52566
-13.52594
-13.52623
-13.52651
-13.52679
-13.52708
-13.52736
-13.52764
-13.52792
-13.52821
-13.52849
-13.52877
-13.52906
-13.52934
-13.52962
-13.52991
-13.53019
-13.53047
-13.53076
-13.53104
-13.53132
-13.53160
-13.53189
-13.53217
-13.53245
-13.53274
-13.53302
-13.53330
-13.53359
-13.53387
-13.53415
-13.53444
-13.53472
-13.53500
-13.53528
-13.53557
-13.53585
-13.53613
-13.53642
-13.53670
-13.53698
-13.53727
-13.53755
-13.53783
-13.53812
-13.53840
-13.53868
-13.53897
-13.53925
-13.53953
-13.53981
-13.54010
-13.54038
-13.54066
-13.54095
-13.54123
-13.54151
-13.54180
-13.54208
-13.54236
-13.54265
-13.54293
-13.54321
-13.54349
-13.54378
-13.54406
-13.54434
-13.54463
-13.54491
-13.54519
-13.54548
-13.54576
-13.54604
-13.54633
-13.54661
-13.54689
-13.54717
-13.54746
-13.54774
-13.54802
-13.54831
-13.54859
-13.54887
-13.54916
-13.54944
-13.54972
-13.55001
-13.55029
-13.55057
-13.55085
-13.55114
-13.55142
-13.55170
-13.55199
-13.55227
-13.55255
-13.55284
-13.55312
-13.55340
-13.55369
-13.55397
-13.55425
-13.55453
-13.55482
-13.55510
-13.55538
-13.55567
-13.55595
-13.55623
-13.55652
-13.55680
-13.55708
-13.55737
-13.55765
-13.55793
-13.55821
-13.55850
-13.55878
-13.55906
-13.55935
-13.55963
-13.55991
-13.56020
-13.56048
-13.56076
-13.56105
-13.56133
-13.56161
-13.56189
-13.56218
-13.56246
-13.56274
-13.56303
-13.56331
-13.56359
-13.56388
-13.56416
-13.56444
-13.56473
-13.56501
-13.56529
-13.56558
-13.56586
-13.56614
-13.56642
-13.56671
-13.56699
-13.56727
-13.56756
-13.56784
-13.56812
-13.56841
-13.56869
-13.56897
-13.56926
-13.56954
-13.56982
-13.57010
-13.57039
-13.57067
-13.57095
-13.57124
-13.57152
-13.57180
-13.57209
-13.57237
-13.57265
-13.57294
-13.57322
-13.57350
-13.57378
-13.57407
-13.57435
-13.57463
-13.57492
-13.57520
-13.57548
-13.57577
-13.57605
-13.57633
-13.57662
-13.57690
-13.57718
-13.57746
-13.57775
-13.57803
-13.57831
-13.57860
-13.57888
-13.57916
-13.57945
-13.57973
-13.58001
-13.58030
-13.58058
-13.58086
-13.58114
-13.58143
-13.58171
-13.58199
-13.58228
-13.58256
-13.58284
-13.58313
-13.58341
-13.58369
-13.58398
-13.58426
-13.58454
-13.58482
-13.58511
-13.58539
-13.58567
-13.58596
-13.58624
-13.58652
-13.58681
-13.58709
-13.58737
-13.58766
-13.58794
-13.58822
-13.58850
-13.58879
-13.58907
-13.58935
-13.58964
-13.58992
-13.59020
-13.59049
-13.59077
-13.59105
-13.59134
-13.59162
-13.59190
-13.59218
-13.59247
-13.59275
-13.59303
-13.59332
-13.59360
-13.59388
-13.59417
-13.59445
-13.59473
-13.59502
-13.59530
-13.59558
-13.59586
-13.59615
-13.59643
-13.59671
-13.59700
-13.59728
-13.59756
-13.59785
-13.59813
-13.59841
-13.59869
-13.59898
-13.59926
-13.59954
-13.59983
-13.60011
-13.60039
-13.60068
-13.60096
-13.60124
-13.60153
-13.60181
-13.60209
-13.60237
-13.60266
-13.60294
-13.60322
-13.60351
-13.60379
-13.60407
-13.60436
-13.60464
-13.60492
-13.60521
-13.60549
-13.60577
-13.60605
-13.60634
-13.60662
-13.60690
-13.60719
-13.60747
-13.60775
-13.60804
-13.60832
-13.60860
-13.60889
-13.60917
-13.60945
-13.60973
-13.61002
-13.61030
-13.61058
-13.61087
-13.61115
-13.61143
-13.61172
-13.61200
-13.61228
-13.61257
-13.61285
-13.61313
-13.61341
-13.61370
-13.61398
-13.61426
-13.61455
-13.61483
-13.61511
-13.61540
-13.61568
-13.61596
-13.61625
-13.61653
-13.61681
-13.61709
-13.61738
-13.61766
-13.61794
-13.61823
-13.61851
-13.61879
-13.61908
-13.61936
-13.61964
-13.61993
-13.62021
-13.62049
-13.62077
-13.62106
-13.62134
-13.62162
-13.62191
-13.62219
-13.62247
-13.62276
-13.62304
-13.62332
-13.62360
-13.62389
-13.62417
-13.62445
-13.62474
-13.62502
-13.62530
-13.62559
-13.62587
-13.62615
-13.62644
-13.62672
-13.62700
-13.62728
-13.62757
-13.62785
-13.62813
-13.62842
-13.62870
-13.62898
-13.62927
-13.62955
-13.62983
-13.63012
-13.63040
-13.63068
-13.63096
-13.63125
-13.63153
-13.63181
-13.63210
-13.63238
-13.63266
-13.63295
-13.63323
-13.63351
-13.63380
-13.63408
-13.63436
-13.63464
-13.63493
-13.63521
-13.63549
-13.63578
-13.63606
-13.63634
-13.63663
-13.63691
-13.63719
-13.63748
-13.63776
-13.63804
-13.63832
-13.63861
-13.63889
-13.63917
-13.63946
-13.63974
-13.64002
-13.64031
-13.64059
-13.64087
-13.64115
-13.64144
-13.64172
-13.64200
-13.64229
-13.64257
-13.64285
-13.64314
-13.64342
-13.64370
-13.64399
-13.64427
-13.64455
-13.64483
-13.64512
-13.64540
-13.64568
-13.64597
-13.64625
-13.64653
-13.64682
-13.64710
-13.64738
-13.64767
-13.64795
-13.64823
-13.64851
-13.64880
-13.64908
-13.64936
-13.64965
-13.64993
-13.65021
-13.65050
-13.65078
-13.65106
-13.65134
-13.65163
-13.65191
-13.65219
-13.65248
-13.65276
-13.65304
-13.65333
-13.65361
-13.65389
-13.65418
-13.65446
-13.65474
-13.65502
-13.65531
-13.65559
-13.65587
-13.65616
-13.65644
-13.65672
-13.65701
-13.65729
-13.65757
-13.65786
-13.65814
-13.65842
-13.65870
-13.65899
-13.65927
-13.65955
-13.65984
-13.66012
-13.66040
-13.66069
-13.66097
-13.66125
-13.66153
-13.66182
-13.66210
-13.66238
-13.66267
-13.66295
-13.66323
-13.66352
-13.66380
-13.66408
-13.66437
-13.66465
-13.66493
-13.66521
-13.66550
-13.66578
-13.66606
-13.66635
-13.66663
-13.66691
-13.66720
-13.66748
-13.66776
-13.66805
-13.66833
-13.66861
-13.66889
-13.66918
-13.66946
-13.66974
-13.67003
-13.67031
-13.67059
-13.67088
-13.67116
-13.67144
-13.67172
-13.67201
-13.67229
-13.67257
-13.67286
-13.67314
-13.67342
-13.67371
-13.67399
-13.67427
-13.67456
-13.67484
-13.67512
-13.67540
-13.67569
-13.67597
-13.67625
-13.67654
-13.67682
-13.67710
-13.67739
-13.67767
-13.67795
-13.67823
-13.67852
-13.67880
-13.67908
-13.67937
-13.67965
-13.67993
-13.68022
-13.68050
-13.68078
-13.68107
-13.68135
-13.68163
-13.68191
-13.68220
-13.68248
-13.68276
-13.68305
-13.68333
-13.68361
-13.68390
-13.68418
-13.68446
-13.68474
-13.68503
-13.68531
-13.68559
-13.68588
-13.68616
-13.68644
-13.68673
-13.68701
-13.68729
-13.68758
-13.68786
-13.68814
-13.68842
-13.68871
-13.68899
-13.68927
-13.68956
-13.68984
-13.69012
-13.69041
-13.69069
-13.69097
-13.69126
-13.69154
-13.69182
-13.69210
-13.69239
-13.69267
-13.69295
-13.69324
-13.69352
-13.69380
-13.69409
-13.69437
-13.69465
-13.69493
-13.69522
-13.69550
-13.69578
-13.69607
-13.69635
-13.69663
-13.69692
-13.69720
-13.69748
-13.69777
-13.69805
-13.69833
-13.69861
-13.69890
-13.69918
-13.69946
-13.69975
-13.70003
-13.70031
-13.70060
-13.70088
-13.70116
-13.70144
-13.70173
-13.70201
-13.70229
-13.70258
-13.70286
-13.70314
-13.70343
-13.70371
-13.70399
-13.70428
-13.70456
-13.70484
-13.70512
-13.70541
-13.70569
-13.70597
-13.70626
-13.70654
-13.70682
-13.70711
-13.70739
-13.70767
-13.70795
-13.70824
-13.70852
-13.70880
-13.70909
-13.70937
-13.70965
-13.70994
-13.71022
-13.71050
-13.71078
-13.71107
-13.71135
-13.71163
-13.71192
-13.71220
-13.71248
-13.71277
-13.71305
-13.71333
-13.71362
-13.71390
-13.71418
-13.71446
-13.71475
-13.71503
-13.71531
-13.71560
-13.71588
-13.71616
-13.71645
-13.71673
-13.71701
-13.71729
-13.71758
-13.71786
-13.71814
-13.71843
-13.71871
-13.71899
-13.71928
-13.71956
-13.71984
-13.72013
-13.72041
-13.72069
-13.72097
-13.72126
-13.72154
-13.72182
-13.72211
-13.72239
-13.72267
-13.72296
-13.72324
-13.72352
-13.72380
-13.72409
-13.72437
-13.72465
-13.72494
-13.72522
-13.72550
-13.72579
-13.72607
-13.72635
-13.72664
-13.72692
-13.72720
-13.72748
-13.72777
-13.72805
-13.72833
-13.72862
-13.72890
-13.72918
-13.72947
-13.72975
-13.73003
-13.73031
-13.73060
-13.73088
-13.73116
-13.73145
-13.73173
-13.73201
-13.73230
-13.73258
-13.73286
-13.73314
-13.73343
-13.73371
-13.73399
-13.73428
-13.73456
-13.73484
-13.73513
-13.73541
-13.73569
-13.73598
-13.73626
-13.73654
-13.73682
-13.73711
-13.73739
-13.73767
-13.73796
-13.73824
-13.73852
-13.73881
-13.73909
-13.73937
-13.73965
-13.73994
-13.74022
-13.74050
-13.74079
-13.74107
-13.74135
-13.74164
-13.74192
-13.74220
-13.74248
-13.74277
-13.74305
-13.74333
-13.74362
-13.74390
-13.74418
-13.74447
-13.74475
-13.74503
-13.74532
-13.74560
-13.74588
-13.74616
-13.74645
-13.74673
-13.74701
-13.74730
-13.74758
-13.74786
-13.74815
-13.74843
-13.74871
-13.74899
-13.74928
-13.74956
-13.74984
-13.75013
-13.75041
-13.75069
-13.75098
-13.75126
-13.75154
-13.75182
-13.75211
-13.75239
-13.75267
-13.75296
-13.75324
-13.75352
-13.75381
-13.75409
-13.75437
-13.75466
-13.75494
-13.75522
-13.75550
-13.75579
-13.75607
-13.75635
-13.75664
-13.75692
-13.75720
-13.75749
-13.75777
-13.75805
-13.75833
-13.75862
-13.75890
-13.75918
-13.75947
-13.75975
-13.76003
-13.76032
-13.76060
-13.76088
-13.76116
-13.76145
-13.76173
-13.76201
-13.76230
-13.76258
-13.76286
-13.76315
-13.76343
-13.76371
-13.76399
-13.76428
-13.76456
-13.76484
-13.76513
-13.76541
-13.76569
-13.76598
-13.76626
-13.76654
-13.76683
-13.76711
-13.76739
-13.76767
-13.76796
-13.76824
-13.76852
-13.76881
-13.76909
-13.76937
-13.76966
-13.76994
-13.77022
-13.77050
-13.77079
-13.77107
-13.77135
-13.77164
-13.77192
-13.77220
-13.77249
-13.77277
-13.77305
-13.77333
-13.77362
-13.77390
-13.77418
-13.77447
-13.77475
-13.77503
-13.77532
-13.77560
-13.77588
-13.77616
-13.77645
-13.77673
-13.77701
-13.77730
-13.77758
-13.77786
-13.77815
-13.77843
-13.77871
-13.77900
-13.77928
-13.77956
-13.77984
-13.78013
-13.78041
-13.78069
-13.78098
-13.78126
-13.78154
-13.78183
-13.78211
-13.78239
-13.78267
-13.78296
-13.78324
-13.78352
-13.78381
-13.78409
-13.78437
-13.78466
-13.78494
-13.78522
-13.78550
-13.78579
-13.78607
-13.78635
-13.78664
-13.78692
-13.78720
-13.78749
-13.78777
-13.78805
-13.78833
-13.78862
-13.78890
-13.78918
-13.78947
-13.78975
-13.79003
-13.79032
-13.79060
-13.79088
-13.79116
-13.79145
-13.79173
-13.79201
-13.79230
-13.79258
-13.79286
-13.79315
-13.79343
-13.79371
-13.79400
-13.79428
-13.79456
-13.79484
-13.79513
-13.79541
-13.79569
-13.79598
-13.79626
-13.79654
-13.79683
-13.79711
-13.79739
-13.79767
-13.79796
-13.79824
-13.79852
-13.79881
-13.79909
-13.79937
-13.79966
-13.79994
-13.80022
-13.80050
-13.80079
-13.80107
-13.80135
-13.80164
-13.80192
-13.80220
-13.80249
-13.80277
-13.80305
-13.80333
-13.80362
-13.80390
-13.80418
-13.80447
-13.80475
-13.80503
-13.80532
-13.80560
-13.80588
-13.80616
-13.80645
-13.80673
-13.80701
-13.80730
-13.80758
-13.80786
-13.80815
-13.80843
-13.80871
-13.80899
-13.80928
-13.80956
-13.80984
-13.81013
-13.81041
-13.81069
-13.81098
-13.81126
-13.81154
-13.81182
-13.81211
-13.81239
-13.81267
-13.81296
-13.81324
-13.81352
-13.81381
-13.81409
-13.81437
-13.81465
-13.81494
-13.81522
-13.81550
-13.81579
-13.81607
-13.81635
-13.81664
-13.81692
-13.81720
-13.81749
-13.81777
-13.81805
-13.81833
-13.81862
-13.81890
-13.81918
-13.81947
-13.81975
-13.82003
-13.82032
-13.82060
-13.82088
-13.82116
-13.82145
-13.82173
-13.82201
-13.82230
-13.82258
-13.82286
-13.82315
-13.82343
-13.82371
-13.82399
-13.82428
-13.82456
-13.82484
-13.82513
-13.82541
-13.82569
-13.82598
-13.82626
-13.82654
-13.82682
-13.82711
-13.82739
-13.82767
-13.82796
-13.82824
-13.82852
-13.82881
-13.82909
-13.82937
-13.82965
-13.82994
-13.83022
-13.83050
-13.83079
-13.83107
-13.83135
-13.83164
-13.83192
-13.83220
-13.83248
-13.83277
-13.83305
-13.83333
-13.83362
-13.83390
-13.83418
-13.83447
-13.83475
-13.83503
-13.83531
-13.83560
-13.83588
-13.83616
-13.83645
-13.83673
-13.83701
-13.83730
-13.83758
-13.83786
-13.83814
-13.83843
-13.83871
-13.83899
-13.83928
-13.83956
-13.83984
-13.84013
-13.84041
-13.84069
-13.84097
-13.84126
-13.84154
-13.84182
-13.84211
-13.84239
-13.84267
-13.84296
-13.84324
-13.84352
-13.84380
-13.84409
-13.84437
-13.84465
-13.84494
-13.84522
-13.84550
-13.84579
-13.84607
-13.84635
-13.84663
-13.84692
-13.84720
-13.84748
-13.84777
-13.84805
-13.84833
-13.84862
-13.84890
-13.84918
-13.84946
-13.84975
-13.85003
-13.85031
-13.85060
-13.85088
-13.85116
-13.85145
-13.85173
-13.85201
-13.85229
-13.85258
-13.85286
-13.85314
-13.85343
-13.85371
-13.85399
-13.85428
-13.85456
-13.85484
-13.85512
-13.85541
-13.85569
-13.85597
-13.85626
-13.85654
-13.85682
-13.85711
-13.85739
-13.85767
-13.85795
-13.85824
-13.85852
-13.85880
-13.85909
-13.85937
-13.85965
-13.85994
-13.86022
-13.86050
-13.86078
-13.86107
-13.86135
-13.86163
-13.86192
-13.86220
-13.86248
-13.86277
-13.86305
-13.86333
-13.86361
-13.86390
-13.86418
-13.86446
-13.86475
-13.86503
-13.86531
-13.86560
-13.86588
-13.86616
-13.86644
-13.86673
-13.86701
-13.86729
-13.86758
-13.86786
-13.86814
-13.86843
-13.86871
-13.86899
-13.86927
-13.86956
-13.86984
-13.87012
-13.87041
-13.87069
-13.87097
-13.87126
-13.87154
-13.87182
-13.87210
-13.87239
-13.87267
-13.87295
-13.87324
-13.87352
-13.87380
-13.87409
-13.87437
-13.87465
-13.87493
-13.87522
-13.87550
-13.87578
-13.87607
-13.87635
-13.87663
-13.87692
-13.87720
-13.87748
-13.87776
-13.87805
-13.87833
-13.87861
-13.87890
-13.87918
-13.87946
-13.87975
-13.88003
-13.88031
-13.88059
-13.88088
-13.88116
-13.88144
-13.88173
-13.88201
-13.88229
-13.88257
-13.88286
-13.88314
-13.88342
-13.88371
-13.88399
-13.88427
-13.88456
-13.88484
-13.88512
-13.88540
-13.88569
-13.88597
-13.88625
-13.88654
-13.88682
-13.88710
-13.88739
-13.88767
-13.88795
-13.88823
-13.88852
-13.88880
-13.88908
-13.88937
-13.88965
-13.88993
-13.89022
-13.89050
-13.89078
-13.89106
-13.89135
-13.89163
-13.89191
-13.89220
-13.89248
-13.89276
-13.89305
-13.89333
-13.89361
-13.89389
-13.89418
-13.89446
-13.89474
-13.89503
-13.89531
-13.89559
-13.89588
-13.89616
-13.89644
-13.89672
-13.89701
-13.89729
-13.89757
-13.89786
-13.89814
-13.89842
-13.89871
-13.89899
-13.89927
-13.89955
-13.89984
-13.90012
-13.90040
-13.90069
-13.90097
-13.90125
-13.90154
-13.90182
-13.90210
-13.90238
-13.90267
-13.90295
-13.90323
-13.90352
-13.90380
-13.90408
-13.90436
-13.90465
-13.90493
-13.90521
-13.90550
-13.90578
-13.90606
-13.90635
-13.90663
-13.90691
-13.90719
-13.90748
-13.90776
-13.90804
-13.90833
-13.90861
-13.90889
-13.90918
-13.90946
-13.90974
-13.91002
-13.91031
-13.91059
-13.91087
-13.91116
-13.91144
-13.91172
-13.91201
-13.91229
-13.91257
-13.91285
-13.91314
-13.91342
-13.91370
-13.91399
-13.91427
-13.91455
-13.91484
-13.91512
-13.91540
-13.91568
-13.91597
-13.91625
-13.91653
-13.91682
-13.91710
-13.91738
-13.91767
-13.91795
-13.91823
-13.91851
-13.91880
-13.91908
-13.91936
-13.91965
-13.91993
-13.92021
-13.92049
-13.92078
-13.92106
-13.92134
-13.92163
-13.92191
-13.92219
-13.92248
-13.92276
-13.92304
-13.92332
-13.92361
-13.92389
-13.92417
-13.92446
-13.92474
-13.92502
-13.92531
-13.92559
-13.92587
-13.92615
-13.92644
-13.92672
-13.92700
-13.92729
-13.92757
-13.92785
-13.92814
-13.92842
-13.92870
-13.92898
-13.92927
-13.92955
-13.92983
-13.93012
-13.93040
-13.93068
-13.93097
-13.93125
-13.93153
-13.93181
-13.93210
-13.93238
-13.93266
-13.93295
-13.93323
-13.93351
-13.93379
-13.93408
-13.93436
-13.93464
-13.93493
-13.93521
-13.93549
-13.93578
-13.93606
-13.93634
-13.93662
-13.93691
-13.93719
-13.93747
-13.93776
-13.93804
-13.93832
-13.93861
-13.93889
-13.93917
-13.93945
-13.93974
-13.94002
-13.94030
-13.94059
-13.94087
-13.94115
-13.94144
-13.94172
-13.94200
-13.94228
-13.94257
-13.94285
-13.94313
-13.94342
-13.94370
-13.94398
-13.94426
-13.94455
-13.94483
-13.94511
-13.94540
-13.94568
-13.94596
-13.94625
-13.94653
-13.94681
-13.94709
-13.94738
-13.94766
-13.94794
-13.94823
-13.94851
-13.94879
-13.94908
-13.94936
-13.94964
-13.94992
-13.95021
-13.95049
-13.95077
-13.95106
-13.95134
-13.95162
-13.95191
-13.95219
-13.95247
-13.95275
-13.95304
-13.95332
-13.95360
-13.95389
-13.95417
-13.95445
-13.95473
-13.95502
-13.95530
-13.95558
-13.95587
-13.95615
-13.95643
-13.95672
-13.95700
-13.95728
-13.95756
-13.95785
-13.95813
-13.95841
-13.95870
-13.95898
-13.95926
-13.95955
-13.95983
-13.96011
-13.96039
-13.96068
-13.96096
-13.96124
-13.96153
-13.96181
-13.96209
-13.96237
-13.96266
-13.96294
-13.96322
-13.96351
-13.96379
-13.96407
-13.96436
-13.96464
-13.96492
-13.96520
-13.96549
-13.96577
-13.96605
-13.96634
-13.96662
-13.96690
-13.96719
-13.96747
-13.96775
-13.96803
-13.96832
-13.96860
-13.96888
-13.96917
-13.96945
-13.96973
-13.97001
-13.97030
-13.97058
-13.97086
-13.97115
-13.97143
-13.97171
-13.97200
-13.97228
-13.97256
-13.97284
-13.97313
-13.97341
-13.97369
-13.97398
-13.97426
-13.97454
-13.97483
-13.97511
-13.97539
-13.97567
-13.97596
-13.97624
-13.97652
-13.97681
-13.97709
-13.97737
-13.97766
-13.97794
-13.97822
-13.97850
-13.97879
-13.97907
-13.97935
-13.97964
-13.97992
-13.98020
-13.98048
-13.98077
-13.98105
-13.98133
-13.98162
-13.98190
-13.98218
-13.98247
-13.98275
-13.98303
-13.98331
-13.98360
-13.98388
-13.98416
-13.98445
-13.98473
-13.98501
-13.98529
-13.98558
-13.98586
-13.98614
-13.98643
-13.98671
-13.98699
-13.98728
-13.98756
-13.98784
-13.98812
-13.98841
-13.98869
-13.98897
-13.98926
-13.98954
-13.98982
-13.99011
-13.99039
-13.99067
-13.99095
-13.99124
-13.99152
-13.99180
-13.99209
-13.99237
-13.99265
-13.99293
-13.99322
-13.99350
-13.99378
-13.99407
-13.99435
-13.99463
-13.99492
-13.99520
-13.99548
-13.99576
-13.99605
-13.99633
-13.99661
-13.99690
-13.99718
-13.99746
-13.99775
-13.99803
-13.99831
-13.99859
-13.99888
-13.99916
-13.99944
-13.99973
-14.00001
-14.00029
-14.00057
-14.00086
-14.00114
-14.00142
-14.00171
-14.00199
-14.00227
-14.00256
-14.00284
-14.00312
-14.00340
-14.00369
-14.00397
-14.00425
-14.00454
-14.00482
-14.00510
-14.00538
-14.00567
-14.00595
-14.00623
-14.00652
-14.00680
-14.00708
-14.00737
-14.00765
-14.00793
-14.00821
-14.00850
-14.00878
-14.00906
-14.00935
-14.00963
-14.00991
-14.01020
-14.01048
-14.01076
-14.01104
-14.01133
-14.01161
-14.01189
-14.01218
-14.01246
-14.01274
-14.01302
-14.01331
-14.01359
-14.01387
-14.01416
-14.01444
-14.01472
-14.01501
-14.01529
-14.01557
-14.01585
-14.01614
-14.01642
-14.01670
-14.01699
-14.01727
-14.01755
-14.01783
-14.01812
-14.01840
-14.01868
-14.01897
-14.01925
-14.01953
-14.01982
-14.02010
-14.02038
-14.02066
-14.02095
-14.02123
-14.02151
-14.02180
-14.02208
-14.02236
-14.02265
-14.02293
-14.02321
-14.02349
-14.02378
-14.02406
-14.02434
-14.02463
-14.02491
-14.02519
-14.02547
-14.02576
-14.02604
-14.02632
-14.02661
-14.02689
-14.02717
-14.02746
-14.02774
-14.02802
-14.02830
-14.02859
-14.02887
-14.02915
-14.02944
-14.02972
-14.03000
-14.03028
-14.03057
-14.03085
-14.03113
-14.03142
-14.03170
-14.03198
-14.03227
-14.03255
-14.03283
-14.03311
-14.03340
-14.03368
-14.03396
-14.03425
-14.03453
-14.03481
-14.03509
-14.03538
-14.03566
-14.03594
-14.03623
-14.03651
-14.03679
-14.03708
-14.03736
-14.03764
-14.03792
-14.03821
-14.03849
-14.03877
-14.03906
-14.03934
-14.03962
-14.03990
-14.04019
-14.04047
-14.04075
-14.04104
-14.04132
-14.04160
-14.04189
-14.04217
-14.04245
-14.04273
-14.04302
-14.04330
-14.04358
-14.04387
-14.04415
-14.04443
-14.04471
-14.04500
-14.04528
-14.04556
-14.04585
-14.04613
-14.04641
-14.04670
-14.04698
-14.04726
-14.04754
-14.04783
-14.04811
-14.04839
-14.04868
-14.04896
-14.04924
-14.04952
-14.04981
-14.05009
-14.05037
-14.05066
-14.05094
-14.05122
-14.05151
-14.05179
-14.05207
-14.05235
-14.05264
-14.05292
-14.05320
-14.05349
-14.05377
-14.05405
-14.05433
-14.05462
-14.05490
-14.05518
-14.05547
-14.05575
-14.05603
-14.05632
-14.05660
-14.05688
-14.05716
-14.05745
-14.05773
-14.05801
-14.05830
-14.05858
-14.05886
-14.05914
-14.05943
-14.05971
-14.05999
-14.06028
-14.06056
-14.06084
-14.06113
-14.06141
-14.06169
-14.06197
-14.06226
-14.06254
-14.06282
-14.06311
-14.06339
-14.06367
-14.06395
-14.06424
-14.06452
-14.06480
-14.06509
-14.06537
-14.06565
-14.06594
-14.06622
-14.06650
-14.06678
-14.06707
-14.06735
-14.06763
-14.06792
-14.06820
-14.06848
-14.06876
-14.06905
-14.06933
-14.06961
-14.06990
-14.07018
-14.07046
-14.07075
-14.07103
-14.07131
-14.07159
-14.07188
-14.07216
-14.07244
-14.07273
-14.07301
-14.07329
-14.07357
-14.07386
-14.07414
-14.07442
-14.07471
-14.07499
-14.07527
-14.07556
-14.07584
-14.07612
-14.07640
-14.07669
-14.07697
-14.07725
-14.07754
-14.07782
-14.07810
-14.07838
-14.07867
-14.07895
-14.07923
-14.07952
-14.07980
-14.08008
-14.08037
-14.08065
-14.08093
-14.08121
-14.08150
-14.08178
-14.08206
-14.08235
-14.08263
-14.08291
-14.08319
-14.08348
-14.08376
-14.08404
-14.08433
-14.08461
-14.08489
-14.08518
-14.08546
-14.08574
-14.08602
-14.08631
-14.08659
-14.08687
-14.08716
-14.08744
-14.08772
-14.08800
-14.08829
-14.08857
-14.08885
-14.08914
-14.08942
-14.08970
-14.08998
-14.09027
-14.09055
-14.09083
-14.09112
-14.09140
-14.09168
-14.09197
-14.09225
-14.09253
-14.09281
-14.09310
-14.09338
-14.09366
-14.09395
-14.09423
-14.09451
-14.09479
-14.09508
-14.09536
-14.09564
-14.09593
-14.09621
-14.09649
-14.09678
-14.09706
-14.09734
-14.09762
-14.09791
-14.09819
-14.09847
-14.09876
-14.09904
-14.09932
-14.09960
-14.09989
-14.10017
-14.10045
-14.10074
-14.10102
-14.10130
-14.10158
-14.10187
-14.10215
-14.10243
-14.10272
-14.10300
-14.10328
-14.10357
-14.10385
-14.10413
-14.10441
-14.10470
-14.10498
-14.10526
-14.10555
-14.10583
-14.10611
-14.10639
-14.10668
-14.10696
-14.10724
-14.10753
-14.10781
-14.10809
-14.10838
-14.10866
-14.10894
-14.10922
-14.10951
-14.10979
-14.11007
-14.11036
-14.11064
-14.11092
-14.11120
-14.11149
-14.11177
-14.11205
-14.11234
-14.11262
-14.11290
-14.11318
-14.11347
-14.11375
-14.11403
-14.11432
-14.11460
-14.11488
-14.11517
-14.11545
-14.11573
-14.11601
-14.11630
-14.11658
-14.11686
-14.11715
-14.11743
-14.11771
-14.11799
-14.11828
-14.11856
-14.11884
-14.11913
-14.11941
-14.11969
-14.11998
-14.12026
-14.12054
-14.12082
-14.12111
-14.12139
-14.12167
-14.12196
-14.12224
-14.12252
-14.12280
-14.12309
-14.12337
-14.12365
-14.12394
-14.12422
-14.12450
-14.12478
-14.12507
-14.12535
-14.12563
-14.12592
-14.12620
-14.12648
-14.12677
-14.12705
-14.12733
-14.12761
-14.12790
-14.12818
-14.12846
-14.12875
-14.12903
-14.12931
-14.12959
-14.12988
-14.13016
-14.13044
-14.13073
-14.13101
-14.13129
-14.13157
-14.13186
-14.13214
-14.13242
-14.13271
-14.13299
-14.13327
-14.13356
-14.13384
-14.13412
-14.13440
-14.13469
-14.13497
-14.13525
-14.13554
-14.13582
-14.13610
-14.13638
-14.13667
-14.13695
-14.13723
-14.13752
-14.13780
-14.13808
-14.13836
-14.13865
-14.13893
-14.13921
-14.13950
-14.13978
-14.14006
-14.14035
-14.14063
-14.14091
-14.14119
-14.14148
-14.14176
-14.14204
-14.14233
-14.14261
-14.14289
-14.14317
-14.14346
-14.14374
-14.14402
-14.14431
-14.14459
-14.14487
-14.14515
-14.14544
-14.14572
-14.14600
-14.14629
-14.14657
-14.14685
-14.14714
-14.14742
-14.14770
-14.14798
-14.14827
-14.14855
-14.14883
-14.14912
-14.14940
-14.14968
-14.14996
-14.15025
-14.15053
-14.15081
-14.15110
-14.15138
-14.15166
-14.15194
-14.15223
-14.15251
-14.15279
-14.15308
-14.15336
-14.15364
-14.15393
-14.15421
-14.15449
-14.15477
-14.15506
-14.15534
-14.15562
-14.15591
-14.15619
-14.15647
-14.15675
-14.15704
-14.15732
-14.15760
-14.15789
-14.15817
-14.15845
-14.15873
-14.15902
-14.15930
-14.15958
-14.15987
-14.16015
-14.16043
-14.16071
-14.16100
-14.16128
-14.16156
-14.16185
-14.16213
-14.16241
-14.16270
-14.16298
-14.16326
-14.16354
-14.16383
-14.16411
-14.16439
-14.16468
-14.16496
-14.16524
-14.16552
-14.16581
-14.16609
-14.16637
-14.16666
-14.16694
-14.16722
-14.16750
-14.16779
-14.16807
-14.16835
-14.16864
-14.16892
-14.16920
-14.16949
-14.16977
-14.17005
-14.17033
-14.17062
-14.17090
-14.17118
-14.17147
-14.17175
-14.17203
-14.17231
-14.17260
-14.17288
-14.17316
-14.17345
-14.17373
-14.17401
-14.17429
-14.17458
-14.17486
-14.17514
-14.17543
-14.17571
-14.17599
-14.17627
-14.17656
-14.17684
-14.17712
-14.17741
-14.17769
-14.17797
-14.17826
-14.17854
-14.17882
-14.17910
-14.17939
-14.17967
-14.17995
-14.18024
-14.18052
-14.18080
-14.18108
-14.18137
-14.18165
-14.18193
-14.18222
-14.18250
-14.18278
-14.18306
-14.18335
-14.18363
-14.18391
-14.18420
-14.18448
-14.18476
-14.18504
-14.18533
-14.18561
-14.18589
-14.18618
-14.18646
-14.18674
-14.18703
-14.18731
-14.18759
-14.18787
-14.18816
-14.18844
-14.18872
-14.18901
-14.18929
-14.18957
-14.18985
-14.19014
-14.19042
-14.19070
-14.19099
-14.19127
-14.19155
-14.19183
-14.19212
-14.19240
-14.19268
-14.19297
-14.19325
-14.19353
-14.19381
-14.19410
-14.19438
-14.19466
-14.19495
-14.19523
-14.19551
-14.19580
-14.19608
-14.19636
-14.19664
-14.19693
-14.19721
-14.19749
-14.19778
-14.19806
-14.19834
-14.19862
-14.19891
-14.19919
-14.19947
-14.19976
-14.20004
-14.20032
-14.20060
-14.20089
-14.20117
-14.20145
-14.20174
-14.20202
-14.20230
-14.20258
-14.20287
-14.20315
-14.20343
-14.20372
-14.20400
-14.20428
-14.20457
-14.20485
-14.20513
-14.20541
-14.20570
-14.20598
-14.20626
-14.20655
-14.20683
-14.20711
-14.20739
-14.20768
-14.20796
-14.20824
-14.20853
-14.20881
-14.20909
-14.20937
-14.20966
-14.20994
-14.21022
-14.21051
-14.21079
-14.21107
-14.21135
-14.21164
-14.21192
-14.21220
-14.21249
-14.21277
-14.21305
-14.21333
-14.21362
-14.21390
-14.21418
-14.21447
-14.21475
-14.21503
-14.21532
-14.21560
-14.21588
-14.21616
-14.21645
-14.21673
-14.21701
-14.21730
-14.21758
-14.21786
-14.21814
-14.21843
-14.21871
-14.21899
-14.21928
-14.21956
-14.21984
-14.22012
-14.22041
-14.22069
-14.22097
-14.22126
-14.22154
-14.22182
-14.22210
-14.22239
-14.22267
-14.22295
-14.22324
-14.22352
-14.22380
-14.22408
-14.22437
-14.22465
-14.22493
-14.22522
-14.22550
-14.22578
-14.22607
-14.22635
-14.22663
-14.22691
-14.22720
-14.22748
-14.22776
-14.22805
-14.22833
-14.22861
-14.22889
-14.22918
-14.22946
-14.22974
-14.23003
-14.23031
-14.23059
-14.23087
-14.23116
-14.23144
-14.23172
-14.23201
-14.23229
-14.23257
-14.23285
-14.23314
-14.23342
-14.23370
-14.23399
-14.23427
-14.23455
-14.23483
-14.23512
-14.23540
-14.23568
-14.23597
-14.23625
-14.23653
-14.23681
-14.23710
-14.23738
-14.23766
-14.23795
-14.23823
-14.23851
-14.23880
-14.23908
-14.23936
-14.23964
-14.23993
-14.24021
-14.24049
-14.24078
-14.24106
-14.24134
-14.24162
-14.24191
-14.24219
-14.24247
-14.24276
-14.24304
-14.24332
-14.24360
-14.24389
-14.24417
-14.24445
-14.24474
-14.24502
-14.24530
-14.24558
-14.24587
-14.24615
-14.24643
-14.24672
-14.24700
-14.24728
-14.24756
-14.24785
-14.24813
-14.24841
-14.24870
-14.24898
-14.24926
-14.24954
-14.24983
-14.25011
-14.25039
-14.25068
-14.25096
-14.25124
-14.25153
-14.25181
-14.25209
-14.25237
-14.25266
-14.25294
-14.25322
-14.25351
-14.25379
-14.25407
-14.25435
-14.25464
-14.25492
-14.25520
-14.25549
-14.25577
-14.25605
-14.25633
-14.25662
-14.25690
-14.25718
-14.25747
-14.25775
-14.25803
-14.25831
-14.25860
-14.25888
-14.25916
-14.25945
-14.25973
-14.26001
-14.26029
-14.26058
-14.26086
-14.26114
-14.26143
-14.26171
-14.26199
-14.26227
-14.26256
-14.26284
-14.26312
-14.26341
-14.26369
-14.26397
-14.26425
-14.26454
-14.26482
-14.26510
-14.26539
-14.26567
-14.26595
-14.26623
-14.26652
-14.26680
-14.26708
-14.26737
-14.26765
-14.26793
-14.26822
-14.26850
-14.26878
-14.26906
-14.26935
-14.26963
-14.26991
-14.27020
-14.27048
-14.27076
-14.27104
-14.27133
-14.27161
-14.27189
-14.27218
-14.27246
-14.27274
-14.27302
-14.27331
-14.27359
-14.27387
-14.27416
-14.27444
-14.27472
-14.27500
-14.27529
-14.27557
-14.27585
-14.27614
-14.27642
-14.27670
-14.27698
-14.27727
-14.27755
-14.27783
-14.27812
-14.27840
-14.27868
-14.27896
-14.27925
-14.27953
-14.27981
-14.28010
-14.28038
-14.28066
-14.28094
-14.28123
-14.28151
-14.28179
-14.28208
-14.28236
-14.28264
-14.28292
-14.28321
-14.28349
-14.28377
-14.28406
-14.28434
-14.28462
-14.28490
-14.28519
-14.28547
-14.28575
-14.28604
-14.28632
-14.28660
-14.28688
-14.28717
-14.28745
-14.28773
-14.28802
-14.28830
-14.28858
-14.28887
-14.28915
-14.28943
-14.28971
-14.29000
-14.29028
-14.29056
-14.29085
-14.29113
-14.29141
-14.29169
-14.29198
-14.29226
-14.29254
-14.29283
-14.29311
-14.29339
-14.29367
-14.29396
-14.29424
-14.29452
-14.29481
-14.29509
-14.29537
-14.29565
-14.29594
-14.29622
-14.29650
-14.29679
-14.29707
-14.29735
-14.29763
-14.29792
-14.29820
-14.29848
-14.29877
-14.29905
-14.29933
-14.29961
-14.29990
-14.30018
-14.30046
-14.30075
-14.30103
-14.30131
-14.30159
-14.30188
-14.30216
-14.30244
-14.30273
-14.30301
-14.30329
-14.30357
-14.30386
-14.30414
-14.30442
-14.30471
-14.30499
-14.30527
-14.30555
-14.30584
-14.30612
-14.30640
-14.30669
-14.30697
-14.30725
-14.30753
-14.30782
-14.30810
-14.30838
-14.30867
-14.30895
-14.30923
-14.30951
-14.30980
-14.31008
-14.31036
-14.31065
-14.31093
-14.31121
-14.31149
-14.31178
-14.31206
-14.31234
-14.31263
-14.31291
-14.31319
-14.31347
-14.31376
-14.31404
-14.31432
-14.31461
-14.31489
-14.31517
-14.31545
-14.31574
-14.31602
-14.31630
-14.31659
-14.31687
-14.31715
-14.31743
-14.31772
-14.31800
-14.31828
-14.31857
-14.31885
-14.31913
-14.31941
-14.31970
-14.31998
-14.32026
-14.32055
-14.32083
-14.32111
-14.32139
-14.32168
-14.32196
-14.32224
-14.32253
-14.32281
-14.32309
-14.32338
-14.32366
-14.32394
-14.32422
-14.32451
-14.32479
-14.32507
-14.32536
-14.32564
-14.32592
-14.32620
-14.32649
-14.32677
-14.32705
-14.32734
-14.32762
-14.32790
-14.32818
-14.32847
-14.32875
-14.32903
-14.32932
-14.32960
-14.32988
-14.33016
-14.33045
-14.33073
-14.33101
-14.33130
-14.33158
-14.33186
-14.33214
-14.33243
-14.33271
-14.33299
-14.33328
-14.33356
-14.33384
-14.33412
-14.33441
-14.33469
-14.33497
-14.33526
-14.33554
-14.33582
-14.33610
-14.33639
-14.33667
-14.33695
-14.33724
-14.33752
-14.33780
-14.33808
-14.33837
-14.33865
-14.33893
-14.33922
-14.33950
-14.33978
-14.34006
-14.34035
-14.34063
-14.34091
-14.34120
-14.34148
-14.34176
-14.34204
-14.34233
-14.34261
-14.34289
-14.34318
-14.34346
-14.34374
-14.34402
-14.34431
-14.34459
-14.34487
-14.34516
-14.34544
-14.34572
-14.34600
-14.34629
-14.34657
-14.34685
-14.34714
-14.34742
-14.34770
-14.34798
-14.34827
-14.34855
-14.34883
-14.34912
-14.34940
-14.34968
-14.34996
-14.35025
-14.35053
-14.35081
-14.35110
-14.35138
-14.35166
-14.35194
-14.35223
-14.35251
-14.35279
-14.35308
-14.35336
-14.35364
-14.35392
-14.35421
-14.35449
-14.35477
-14.35506
-14.35534
-14.35562
-14.35590
-14.35619
-14.35647
-14.35675
-14.35704
-14.35732
-14.35760
-14.35788
-14.35817
-14.35845
-14.35873
-14.35902
-14.35930
-14.35958
-14.35986
-14.36015
-14.36043
-14.36071
-14.36100
-14.36128
-14.36156
-14.36184
-14.36213
-14.36241
-14.36269
-14.36298
-14.36326
-14.36354
-14.36382
-14.36411
-14.36439
-14.36467
-14.36496
-14.36524
-14.36552
-14.36580
-14.36609
-14.36637
-14.36665
-14.36694
-14.36722
-14.36750
-14.36778
-14.36807
-14.36835
-14.36863
-14.36892
-14.36920
-14.36948
-14.36976
-14.37005
-14.37033
-14.37061
-14.37089
-14.37118
-14.37146
-14.37174
-14.37203
-14.37231
-14.37259
-14.37287
-14.37316
-14.37344
-14.37372
-14.37401
-14.37429
-14.37457
-14.37485
-14.37514
-14.37542
-14.37570
-14.37599
-14.37627
-14.37655
-14.37683
-14.37712
-14.37740
-14.37768
-14.37797
-14.37825
-14.37853
-14.37881
-14.37910
-14.37938
-14.37966
-14.37995
-14.38023
-14.38051
-14.38079
-14.38108
-14.38136
-14.38164
-14.38193
-14.38221
-14.38249
-14.38277
-14.38306
-14.38334
-14.38362
-14.38391
-14.38419
-14.38447
-14.38475
-14.38504
-14.38532
-14.38560
-14.38589
-14.38617
-14.38645
-14.38673
-14.38702
-14.38730
-14.38758
-14.38787
-14.38815
-14.38843
-14.38871
-14.38900
-14.38928
-14.38956
-14.38985
-14.39013
-14.39041
-14.39069
-14.39098
-14.39126
-14.39154
-14.39183
-14.39211
-14.39239
-14.39267
-14.39296
-14.39324
-14.39352
-14.39381
-14.39409
-14.39437
-14.39465
-14.39494
-14.39522
-14.39550
-14.39579
-14.39607
-14.39635
-14.39663
-14.39692
-14.39720
-14.39748
-14.39777
-14.39805
-14.39833
-14.39861
-14.39890
-14.39918
-14.39946
-14.39975
-14.40003
-14.40031
-14.40059
-14.40088
-14.40116
-14.40144
-14.40173
-14.40201
-14.40229
-14.40257
-14.40286
-14.40314
-14.40342
-14.40371
-14.40399
-14.40427
-14.40455
-14.40484
-14.40512
-14.40540
-14.40568
-14.40597
-14.40625
-14.40653
-14.40682
-14.40710
-14.40738
-14.40766
-14.40795
-14.40823
-14.40851
-14.40880
-14.40908
-14.40936
-14.40964
-14.40993
-14.41021
-14.41049
-14.41078
-14.41106
-14.41134
-14.41162
-14.41191
-14.41219
-14.41247
-14.41276
-14.41304
-14.41332
-14.41360
-14.41389
-14.41417
-14.41445
-14.41474
-14.41502
-14.41530
-14.41558
-14.41587
-14.41615
-14.41643
-14.41672
-14.41700
-14.41728
-14.41756
-14.41785
-14.41813
-14.41841
-14.41870
-14.41898
-14.41926
-14.41954
-14.41983
-14.42011
-14.42039
-14.42068
-14.42096
-14.42124
-14.42152
-14.42181
-14.42209
-14.42237
-14.42266
-14.42294
-14.42322
-14.42350
-14.42379
-14.42407
-14.42435
-14.42464
-14.42492
-14.42520
-14.42548
-14.42577
-14.42605
-14.42633
-14.42661
-14.42690
-14.42718
-14.42746
-14.42775
-14.42803
-14.42831
-14.42859
-14.42888
-14.42916
-14.42944
-14.42973
-14.43001
-14.43029
-14.43057
-14.43086
-14.43114
-14.43142
-14.43171
-14.43199
-14.43227
-14.43255
-14.43284
-14.43312
-14.43340
-14.43369
-14.43397
-14.43425
-14.43453
-14.43482
-14.43510
-14.43538
-14.43567
-14.43595
-14.43623
-14.43651
-14.43680
-14.43708
-14.43736
-14.43765
-14.43793
-14.43821
-14.43849
-14.43878
-14.43906
-14.43934
-14.43963
-14.43991
-14.44019
-14.44047
-14.44076
-14.44104
-14.44132
-14.44160
-14.44189
-14.44217
-14.44245
-14.44274
-14.44302
-14.44330
-14.44358
-14.44387
-14.44415
-14.44443
-14.44472
-14.44500
-14.44528
-14.44556
-14.44585
-14.44613
-14.44641
-14.44670
-14.44698
-14.44726
-14.44754
-14.44783
-14.44811
-14.44839
-14.44868
-14.44896
-14.44924
-14.44952
-14.44981
-14.45009
-14.45037
-14.45066
-14.45094
-14.45122
-14.45150
-14.45179
-14.45207
-14.45235
-14.45264
-14.45292
-14.45320
-14.45348
-14.45377
-14.45405
-14.45433
-14.45462
-14.45490
-14.45518
-14.45546
-14.45575
-14.45603
-14.45631
-14.45659
-14.45688
-14.45716
-14.45744
-14.45773
-14.45801
-14.45829
-14.45857
-14.45886
-14.45914
-14.45942
-14.45971
-14.45999
-14.46027
-14.46055
-14.46084
-14.46112
-14.46140
-14.46169
-14.46197
-14.46225
-14.46253
-14.46282
-14.46310
-14.46338
-14.46367
-14.46395
-14.46423
-14.46451
-14.46480
-14.46508
-14.46536
-14.46565
-14.46593
-14.46621
-14.46649
-14.46678
-14.46706
-14.46734
-14.46762
-14.46791
-14.46819
-14.46847
-14.46876
-14.46904
-14.46932
-14.46960
-14.46989
-14.47017
-14.47045
-14.47074
-14.47102
-14.47130
-14.47158
-14.47187
-14.47215
-14.47243
-14.47272
-14.47300
-14.47328
-14.47356
-14.47385
-14.47413
-14.47441
-14.47470
-14.47498
-14.47526
-14.47554
-14.47583
-14.47611
-14.47639
-14.47668
-14.47696
-14.47724
-14.47752
-14.47781
-14.47809
-14.47837
-14.47865
-14.47894
-14.47922
-14.47950
-14.47979
-14.48007
-14.48035
-14.48063
-14.48092
-14.48120
-14.48148
-14.48177
-14.48205
-14.48233
-14.48261
-14.48290
-14.48318
-14.48346
-14.48375
-14.48403
-14.48431
-14.48459
-14.48488
-14.48516
-14.48544
-14.48573
-14.48601
-14.48629
-14.48657
-14.48686
-14.48714
-14.48742
-14.48771
-14.48799
-14.48827
-14.48855
-14.48884
-14.48912
-14.48940
-14.48968
-14.48997
-14.49025
-14.49053
-14.49082
-14.49110
-14.49138
-14.49166
-14.49195
-14.49223
-14.49251
-14.49280
-14.49308
-14.49336
-14.49364
-14.49393
-14.49421
-14.49449
-14.49478
-14.49506
-14.49534
-14.49562
-14.49591
-14.49619
-14.49647
-14.49676
-14.49704
-14.49732
-14.49760
-14.49789
-14.49817
-14.49845
-14.49873
-14.49902
-14.49930
-14.49958
-14.49987
-14.50015
-14.50043
-14.50071
-14.50100
-14.50128
-14.50156
-14.50185
-14.50213
-14.50241
-14.50269
-14.50298
-14.50326
-14.50354
-14.50383
-14.50411
-14.50439
-14.50467
-14.50496
-14.50524
-14.50552
-14.50581
-14.50609
-14.50637
-14.50665
-14.50694
-14.50722
-14.50750
-14.50778
-14.50807
-14.50835
-14.50863
-14.50892
-14.50920
-14.50948
-14.50976
-14.51005
-14.51033
-14.51061
-14.51090
-14.51118
-14.51146
-14.51174
-14.51203
-14.51231
-14.51259
-14.51288
-14.51316
-14.51344
-14.51372
-14.51401
-14.51429
-14.51457
-14.51486
-14.51514
-14.51542
-14.51570
-14.51599
-14.51627
-14.51655
-14.51683
-14.51712
-14.51740
-14.51768
-14.51797
-14.51825
-14.51853
-14.51881
-14.51910
-14.51938
-14.51966
-14.51995
-14.52023
-14.52051
-14.52079
-14.52108
-14.52136
-14.52164
-14.52193
-14.52221
-14.52249
-14.52277
-14.52306
-14.52334
-14.52362
-14.52391
-14.52419
-14.52447
-14.52475
-14.52504
-14.52532
-14.52560
-14.52588
-14.52617
-14.52645
-14.52673
-14.52702
-14.52730
-14.52758
-14.52786
-14.52815
-14.52843
-14.52871
-14.52900
-14.52928
-14.52956
-14.52984
-14.53013
-14.53041
-14.53069
-14.53098
-14.53126
-14.53154
-14.53182
-14.53211
-14.53239
-14.53267
-14.53295
-14.53324
-14.53352
-14.53380
-14.53409
-14.53437
-14.53465
-14.53493
-14.53522
-14.53550
-14.53578
-14.53607
-14.53635
-14.53663
-14.53691
-14.53720
-14.53748
-14.53776
-14.53805
-14.53833
-14.53861
-14.53889
-14.53918
-14.53946
-14.53974
-14.54002
-14.54031
-14.54059
-14.54087
-14.54116
-14.54144
-14.54172
-14.54200
-14.54229
-14.54257
-14.54285
-14.54314
-14.54342
-14.54370
-14.54398
-14.54427
-14.54455
-14.54483
-14.54512
-14.54540
-14.54568
-14.54596
-14.54625
-14.54653
-14.54681
-14.54709
-14.54738
-14.54766
-14.54794
-14.54823
-14.54851
-14.54879
-14.54907
-14.54936
-14.54964
-14.54992
-14.55021
-14.55049
-14.55077
-14.55105
-14.55134
-14.55162
-14.55190
-14.55219
-14.55247
-14.55275
-14.55303
-14.55332
-14.55360
-14.55388
-14.55416
-14.55445
-14.55473
-14.55501
-14.55530
-14.55558
-14.55586
-14.55614
-14.55643
-14.55671
-14.55699
-14.55728
-14.55756
-14.55784
-14.55812
-14.55841
-14.55869
-14.55897
-14.55926
-14.55954
-14.55982
-14.56010
-14.56039
-14.56067
-14.56095
-14.56123
-14.56152
-14.56180
-14.56208
-14.56237
-14.56265
-14.56293
-14.56321
-14.56350
-14.56378
-14.56406
-14.56435
-14.56463
-14.56491
-14.56519
-14.56548
-14.56576
-14.56604
-14.56633
-14.56661
-14.56689
-14.56717
-14.56746
-14.56774
-14.56802
-14.56830
-14.56859
-14.56887
-14.56915
-14.56944
-14.56972
-14.57000
-14.57028
-14.57057
-14.57085
-14.57113
-14.57142
-14.57170
-14.57198
-14.57226
-14.57255
-14.57283
-14.57311
-14.57339
-14.57368
-14.57396
-14.57424
-14.57453
-14.57481
-14.57509
-14.57537
-14.57566
-14.57594
-14.57622
-14.57651
-14.57679
-14.57707
-14.57735
-14.57764
-14.57792
-14.57820
-14.57849
-14.57877
-14.57905
-14.57933
-14.57962
-14.57990
-14.58018
-14.58046
-14.58075
-14.58103
-14.58131
-14.58160
-14.58188
-14.58216
-14.58244
-14.58273
-14.58301
-14.58329
-14.58358
-14.58386
-14.58414
-14.58442
-14.58471
-14.58499
-14.58527
-14.58555
-14.58584
-14.58612
-14.58640
-14.58669
-14.58697
-14.58725
-14.58753
-14.58782
-14.58810
-14.58838
-14.58867
-14.58895
-14.58923
-14.58951
-14.58980
-14.59008
-14.59036
-14.59065
-14.59093
-14.59121
-14.59149
-14.59178
-14.59206
-14.59234
-14.59262
-14.59291
-14.59319
-14.59347
-14.59376
-14.59404
-14.59432
-14.59460
-14.59489
-14.59517
-14.59545
-14.59574
-14.59602
-14.59630
-14.59658
-14.59687
-14.59715
-14.59743
-14.59771
-14.59800
-14.59828
-14.59856
-14.59885
-14.59913
-14.59941
-14.59969
-14.59998
-14.60026
-14.60054
-14.60083
-14.60111
-14.60139
-14.60167
-14.60196
-14.60224
-14.60252
-14.60280
-14.60309
-14.60337
-14.60365
-14.60394
-14.60422
-14.60450
-14.60478
-14.60507
-14.60535
-14.60563
-14.60592
-14.60620
-14.60648
-14.60676
-14.60705
-14.60733
-14.60761
-14.60789
-14.60818
-14.60846
-14.60874
-14.60903
-14.60931
-14.60959
-14.60987
-14.61016
-14.61044
-14.61072
-14.61101
-14.61129
-14.61157
-14.61185
-14.61214
-14.61242
-14.61270
-14.61298
-14.61327
-14.61355
-14.61383
-14.61412
-14.61440
-14.61468
-14.61496
-14.61525
-14.61553
-14.61581
-14.61610
-14.61638
-14.61666
-14.61694
-14.61723
-14.61751
-14.61779
-14.61808
-14.61836
-14.61864
-14.61892
-14.61921
-14.61949
-14.61977
-14.62005
-14.62034
-14.62062
-14.62090
-14.62119
-14.62147
-14.62175
-14.62203
-14.62232
-14.62260
-14.62288
-14.62317
-14.62345
-14.62373
-14.62401
-14.62430
-14.62458
-14.62486
-14.62514
-14.62543
-14.62571
-14.62599
-14.62628
-14.62656
-14.62684
-14.62712
-14.62741
-14.62769
-14.62797
-14.62826
-14.62854
-14.62882
-14.62910
-14.62939
-14.62967
-14.62995
-14.63023
-14.63052
-14.63080
-14.63108
-14.63137
-14.63165
-14.63193
-14.63221
-14.63250
-14.63278
-14.63306
-14.63334
-14.63363
-14.63391
-14.63419
-14.63448
-14.63476
-14.63504
-14.63532
-14.63561
-14.63589
-14.63617
-14.63646
-14.63674
-14.63702
-14.63730
-14.63759
-14.63787
-14.63815
-14.63843
-14.63872
-14.63900
-14.63928
-14.63957
-14.63985
-14.64013
-14.64041
-14.64070
-14.64098
-14.64126
-14.64155
-14.64183
-14.64211
-14.64239
-14.64268
-14.64296
-14.64324
-14.64352
-14.64381
-14.64409
-14.64437
-14.64466
-14.64494
-14.64522
-14.64550
-14.64579
-14.64607
-14.64635
-14.64664
-14.64692
-14.64720
-14.64748
-14.64777
-14.64805
-14.64833
-14.64861
-14.64890
-14.64918
-14.64946
-14.64975
-14.65003
-14.65031
-14.65059
-14.65088
-14.65116
-14.65144
-14.65173
-14.65201
-14.65229
-14.65257
-14.65286
-14.65314
-14.65342
-14.65370
-14.65399
-14.65427
-14.65455
-14.65484
-14.65512
-14.65540
-14.65568
-14.65597
-14.65625
-14.65653
-14.65682
-14.65710
-14.65738
-14.65766
-14.65795
-14.65823
-14.65851
-14.65879
-14.65908
-14.65936
-14.65964
-14.65993
-14.66021
-14.66049
-14.66077
-14.66106
-14.66134
-14.66162
-14.66190
-14.66219
-14.66247
-14.66275
-14.66304
-14.66332
-14.66360
-14.66388
-14.66417
-14.66445
-14.66473
-14.66502
-14.66530
-14.66558
-14.66586
-14.66615
-14.66643
-14.66671
-14.66699
-14.66728
-14.66756
-14.66784
-14.66813
-14.66841
-14.66869
-14.66897
-14.66926
-14.66954
-14.66982
-14.67011
-14.67039
-14.67067
-14.67095
-14.67124
-14.67152
-14.67180
-14.67208
-14.67237
-14.67265
-14.67293
-14.67322
-14.67350
-14.67378
-14.67406
-14.67435
-14.67463
-14.67491
-14.67519
-14.67548
-14.67576
-14.67604
-14.67633
-14.67661
-14.67689
-14.67717
-14.67746
-14.67774
-14.67802
-14.67831
-14.67859
-14.67887
-14.67915
-14.67944
-14.67972
-14.68000
-14.68028
-14.68057
-14.68085
-14.68113
-14.68142
-14.68170
-14.68198
-14.68226
-14.68255
-14.68283
-14.68311
-14.68339
-14.68368
-14.68396
-14.68424
-14.68453
-14.68481
-14.68509
-14.68537
-14.68566
-14.68594
-14.68622
-14.68651
-14.68679
-14.68707
-14.68735
-14.68764
-14.68792
-14.68820
-14.68848
-14.68877
-14.68905
-14.68933
-14.68962
-14.68990
-14.69018
-14.69046
-14.69075
-14.69103
-14.69131
-14.69159
-14.69188
-14.69216
-14.69244
-14.69273
-14.69301
-14.69329
-14.69357
-14.69386
-14.69414
-14.69442
-14.69471
-14.69499
-14.69527
-14.69555
-14.69584
-14.69612
-14.69640
-14.69668
-14.69697
-14.69725
-14.69753
-14.69782
-14.69810
-14.69838
-14.69866
-14.69895
-14.69923
-14.69951
-14.69979
-14.70008
-14.70036
-14.70064
-14.70093
-14.70121
-14.70149
-14.70177
-14.70206
-14.70234
-14.70262
-14.70291
-14.70319
-14.70347
-14.70375
-14.70404
-14.70432
-14.70460
-14.70488
-14.70517
-14.70545
-14.70573
-14.70602
-14.70630
-14.70658
-14.70686
-14.70715
-14.70743
-14.70771
-14.70799
-14.70828
-14.70856
-14.70884
-14.70913
-14.70941
-14.70969
-14.70997
-14.71026
-14.71054
-14.71082
-14.71111
-14.71139
-14.71167
-14.71195
-14.71224
-14.71252
-14.71280
-14.71308
-14.71337
-14.71365
-14.71393
-14.71422
-14.71450
-14.71478
-14.71506
-14.71535
-14.71563
-14.71591
-14.71619
-14.71648
-14.71676
-14.71704
-14.71733
-14.71761
-14.71789
-14.71817
-14.71846
-14.71874
-14.71902
-14.71930
-14.71959
-14.71987
-14.72015
-14.72044
-14.72072
-14.72100
-14.72128
-14.72157
-14.72185
-14.72213
-14.72242
-14.72270
-14.72298
-14.72326
-14.72355
-14.72383
-14.72411
-14.72439
-14.72468
-14.72496
-14.72524
-14.72553
-14.72581
-14.72609
-14.72637
-14.72666
-14.72694
-14.72722
-14.72750
-14.72779
-14.72807
-14.72835
-14.72864
-14.72892
-14.72920
-14.72948
-14.72977
-14.73005
-14.73033
-14.73061
-14.73090
-14.73118
-14.73146
-14.73175
-14.73203
-14.73231
-14.73259
-14.73288
-14.73316
-14.73344
-14.73372
-14.73401
-14.73429
-14.73457
-14.73486
-14.73514
-14.73542
-14.73570
-14.73599
-14.73627
-14.73655
-14.73684
-14.73712
-14.73740
-14.73768
-14.73797
-14.73825
-14.73853
-14.73881
-14.73910
-14.73938
-14.73966
-14.73995
-14.74023
-14.74051
-14.74079
-14.74108
-14.74136
-14.74164
-14.74192
-14.74221
-14.74249
-14.74277
-14.74306
-14.74334
-14.74362
-14.74390
-14.74419
-14.74447
-14.74475
-14.74503
-14.74532
-14.74560
-14.74588
-14.74617
-14.74645
-14.74673
-14.74701
-14.74730
-14.74758
-14.74786
-14.74814
-14.74843
-14.74871
-14.74899
-14.74928
-14.74956
-14.74984
-14.75012
-14.75041
-14.75069
-14.75097
-14.75126
-14.75154
-14.75182
-14.75210
-14.75239
-14.75267
-14.75295
-14.75323
-14.75352
-14.75380
-14.75408
-14.75437
-14.75465
-14.75493
-14.75521
-14.75550
-14.75578
-14.75606
-14.75634
-14.75663
-14.75691
-14.75719
-14.75748
-14.75776
-14.75804
-14.75832
-14.75861
-14.75889
-14.75917
-14.75945
-14.75974
-14.76002
-14.76030
-14.76059
-14.76087
-14.76115
-14.76143
-14.76172
-14.76200
-14.76228
-14.76256
-14.76285
-14.76313
-14.76341
-14.76370
-14.76398
-14.76426
-14.76454
-14.76483
-14.76511
-14.76539
-14.76567
-14.76596
-14.76624
-14.76652
-14.76681
-14.76709
-14.76737
-14.76765
-14.76794
-14.76822
-14.76850
-14.76878
-14.76907
-14.76935
-14.76963
-14.76992
-14.77020
-14.77048
-14.77076
-14.77105
-14.77133
-14.77161
-14.77189
-14.77218
-14.77246
-14.77274
-14.77303
-14.77331
-14.77359
-14.77387
-14.77416
-14.77444
-14.77472
-14.77501
-14.77529
-14.77557
-14.77585
-14.77614
-14.77642
-14.77670
-14.77698
-14.77727
-14.77755
-14.77783
-14.77812
-14.77840
-14.77868
-14.77896
-14.77925
-14.77953
-14.77981
-14.78009
-14.78038
-14.78066
-14.78094
-14.78123
-14.78151
-14.78179
-14.78207
-14.78236
-14.78264
-14.78292
-14.78320
-14.78349
-14.78377
-14.78405
-14.78434
-14.78462
-14.78490
-14.78518
-14.78547
-14.78575
-14.78603
-14.78631
-14.78660
-14.78688
-14.78716
-14.78745
-14.78773
-14.78801
-14.78829
-14.78858
-14.78886
-14.78914
-14.78942
-14.78971
-14.78999
-14.79027
-14.79056
-14.79084
-14.79112
-14.79140
-14.79169
-14.79197
-14.79225
-14.79253
-14.79282
-14.79310
-14.79338
-14.79367
-14.79395
-14.79423
-14.79451
-14.79480
-14.79508
-14.79536
-14.79564
-14.79593
-14.79621
-14.79649
-14.79678
-14.79706
-14.79734
-14.79762
-14.79791
-14.79819
-14.79847
-14.79875
-14.79904
-14.79932
-14.79960
-14.79989
-14.80017
-14.80045
-14.80073
-14.80102
-14.80130
-14.80158
-14.80186
-14.80215
-14.80243
-14.80271
-14.80300
-14.80328
-14.80356
-14.80384
-14.80413
-14.80441
-14.80469
-14.80497
-14.80526
-14.80554
-14.80582
-14.80611
-14.80639
-14.80667
-14.80695
-14.80724
-14.80752
-14.80780
-14.80808
-14.80837
-14.80865
-14.80893
-14.80922
-14.80950
-14.80978
-14.81006
-14.81035
-14.81063
-14.81091
-14.81119
-14.81148
-14.81176
-14.81204
-14.81233
-14.81261
-14.81289
-14.81317
-14.81346
-14.81374
-14.81402
-14.81430
-14.81459
-14.81487
-14.81515
-14.81544
-14.81572
-14.81600
-14.81628
-14.81657
-14.81685
-14.81713
-14.81741
-14.81770
-14.81798
-14.81826
-14.81855
-14.81883
-14.81911
-14.81939
-14.81968
-14.81996
-14.82024
-14.82052
-14.82081
-14.82109
-14.82137
-14.82166
-14.82194
-14.82222
-14.82250
-14.82279
-14.82307
-14.82335
-14.82363
-14.82392
-14.82420
-14.82448
-14.82476
-14.82505
-14.82533
-14.82561
-14.82590
-14.82618
-14.82646
-14.82674
-14.82703
-14.82731
-14.82759
-14.82787
-14.82816
-14.82844
-14.82872
-14.82901
-14.82929
-14.82957
-14.82985
-14.83014
-14.83042
-14.83070
-14.83098
-14.83127
-14.83155
-14.83183
-14.83212
-14.83240
-14.83268
-14.83296
-14.83325
-14.83353
-14.83381
-14.83409
-14.83438
-14.83466
-14.83494
-14.83523
-14.83551
-14.83579
-14.83607
-14.83636
-14.83664
-14.83692
-14.83720
-14.83749
-14.83777
-14.83805
-14.83834
-14.83862
-14.83890
-14.83918
-14.83947
-14.83975
-14.84003
-14.84031
-14.84060
-14.84088
-14.84116
-14.84145
-14.84173
-14.84201
-14.84229
-14.84258
-14.84286
-14.84314
-14.84342
-14.84371
-14.84399
-14.84427
-14.84456
-14.84484
-14.84512
-14.84540
-14.84569
-14.84597
-14.84625
-14.84653
-14.84682
-14.84710
-14.84738
-14.84767
-14.84795
-14.84823
-14.84851
-14.84880
-14.84908
-14.84936
-14.84964
-14.84993
-14.85021
-14.85049
-14.85077
-14.85106
-14.85134
-14.85162
-14.85191
-14.85219
-14.85247
-14.85275
-14.85304
-14.85332
-14.85360
-14.85388
-14.85417
-14.85445
-14.85473
-14.85502
-14.85530
-14.85558
-14.85586
-14.85615
-14.85643
-14.85671
-14.85699
-14.85728
-14.85756
-14.85784
-14.85813
-14.85841
-14.85869
-14.85897
-14.85926
-14.85954
-14.85982
-14.86010
-14.86039
-14.86067
-14.86095
-14.86124
-14.86152
-14.86180
-14.86208
-14.86237
-14.86265
-14.86293
-14.86321
-14.86350
-14.86378
-14.86406
-14.86434
-14.86463
-14.86491
-14.86519
-14.86548
-14.86576
-14.86604
-14.86632
-14.86661
-14.86689
-14.86717
-14.86745
-14.86774
-14.86802
-14.86830
-14.86859
-14.86887
-14.86915
-14.86943
-14.86972
-14.87000
-14.87028
-14.87056
-14.87085
-14.87113
-14.87141
-14.87170
-14.87198
-14.87226
-14.87254
-14.87283
-14.87311
-14.87339
-14.87367
-14.87396
-14.87424
-14.87452
-14.87481
-14.87509
-14.87537
-14.87565
-14.87594
-14.87622
-14.87650
-14.87678
-14.87707
-14.87735
-14.87763
-14.87791
-14.87820
-14.87848
-14.87876
-14.87905
-14.87933
-14.87961
-14.87989
-14.88018
-14.88046
-14.88074
-14.88102
-14.88131
-14.88159
-14.88187
-14.88216
-14.88244
-14.88272
-14.88300
-14.88329
-14.88357
-14.88385
-14.88413
-14.88442
-14.88470
-14.88498
-14.88527
-14.88555
-14.88583
-14.88611
-14.88640
-14.88668
-14.88696
-14.88724
-14.88753
-14.88781
-14.88809
-14.88837
-14.88866
-14.88894
-14.88922
-14.88951
-14.88979
-14.89007
-14.89035
-14.89064
-14.89092
-14.89120
-14.89148
-14.89177
-14.89205
-14.89233
-14.89262
-14.89290
-14.89318
-14.89346
-14.89375
-14.89403
-14.89431
-14.89459
-14.89488
-14.89516
-14.89544
-14.89573
-14.89601
-14.89629
-14.89657
-14.89686
-14.89714
-14.89742
-14.89770
-14.89799
-14.89827
-14.89855
-14.89883
-14.89912
-14.89940
-14.89968
-14.89997
-14.90025
-14.90053
-14.90081
-14.90110
-14.90138
-14.90166
-14.90194
-14.90223
-14.90251
-14.90279
-14.90308
-14.90336
-14.90364
-14.90392
-14.90421
-14.90449
-14.90477
-14.90505
-14.90534
-14.90562
-14.90590
-14.90618
-14.90647
-14.90675
-14.90703
-14.90732
-14.90760
-14.90788
-14.90816
-14.90845
-14.90873
-14.90901
-14.90929
-14.90958
-14.90986
-14.91014
-14.91043
-14.91071
-14.91099
-14.91127
-14.91156
-14.91184
-14.91212
-14.91240
-14.91269
-14.91297
-14.91325
-14.91354
-14.91382
-14.91410
-14.91438
-14.91467
-14.91495
-14.91523
-14.91551
-14.91580
-14.91608
-14.91636
-14.91664
-14.91693
-14.91721
-14.91749
-14.91778
-14.91806
-14.91834
-14.91862
-14.91891
-14.91919
-14.91947
-14.91975
-14.92004
-14.92032
-14.92060
-14.92089
-14.92117
-14.92145
-14.92173
-14.92202
-14.92230
-14.92258
-14.92286
-14.92315
-14.92343
-14.92371
-14.92399
-14.92428
-14.92456
-14.92484
-14.92513
-14.92541
-14.92569
-14.92597
-14.92626
-14.92654
-14.92682
-14.92710
-14.92739
-14.92767
-14.92795
-14.92824
-14.92852
-14.92880
-14.92908
-14.92937
-14.92965
-14.92993
-14.93021
-14.93050
-14.93078
-14.93106
-14.93134
-14.93163
-14.93191
-14.93219
-14.93248
-14.93276
-14.93304
-14.93332
-14.93361
-14.93389
-14.93417
-14.93445
-14.93474
-14.93502
-14.93530
-14.93558
-14.93587
-14.93615
-14.93643
-14.93672
-14.93700
-14.93728
-14.93756
-14.93785
-14.93813
-14.93841
-14.93869
-14.93898
-14.93926
-14.93954
-14.93983
-14.94011
-14.94039
-14.94067
-14.94096
-14.94124
-14.94152
-14.94180
-14.94209
-14.94237
-14.94265
-14.94293
-14.94322
-14.94350
-14.94378
-14.94407
-14.94435
-14.94463
-14.94491
-14.94520
-14.94548
-14.94576
-14.94604
-14.94633
-14.94661
-14.94689
-14.94718
-14.94746
-14.94774
-14.94802
-14.94831
-14.94859
-14.94887
-14.94915
-14.94944
-14.94972
-14.95000
-14.95028
-14.95057
-14.95085
-14.95113
-14.95142
-14.95170
-14.95198
-14.95226
-14.95255
-14.95283
-14.95311
-14.95339
-14.95368
-14.95396
-14.95424
-14.95452
-14.95481
-14.95509
-14.95537
-14.95566
-14.95594
-14.95622
-14.95650
-14.95679
-14.95707
-14.95735
-14.95763
-14.95792
-14.95820
-14.95848
-14.95877
-14.95905
-14.95933
-14.95961
-14.95990
-14.96018
-14.96046
-14.96074
-14.96103
-14.96131
-14.96159
-14.96187
-14.96216
-14.96244
-14.96272
-14.96301
-14.96329
-14.96357
-14.96385
-14.96414
-14.96442
-14.96470
-14.96498
-14.96527
-14.96555
-14.96583
-14.96611
-14.96640
-14.96668
-14.96696
-14.96725
-14.96753
-14.96781
-14.96809
-14.96838
-14.96866
-14.96894
-14.96922
-14.96951
-14.96979
-14.97007
-14.97036
-14.97064
-14.97092
-14.97120
-14.97149
-14.97177
-14.97205
-14.97233
-14.97262
-14.97290
-14.97318
-14.97346
-14.97375
-14.97403
-14.97431
-14.97460
-14.97488
-14.97516
-14.97544
-14.97573
-14.97601
-14.97629
-14.97657
-14.97686
-14.97714
-14.97742
-14.97770
-14.97799
-14.97827
-14.97855
-14.97884
-14.97912
-14.97940
-14.97968
-14.97997
-14.98025
-14.98053
-14.98081
-14.98110
-14.98138
-14.98166
-14.98194
-14.98223
-14.98251
-14.98279
-14.98308
-14.98336
-14.98364
-14.98392
-14.98421
-14.98449
-14.98477
-14.98505
-14.98534
-14.98562
-14.98590
-14.98618
-14.98647
-14.98675
-14.98703
-14.98732
-14.98760
-14.98788
-14.98816
-14.98845
-14.98873
-14.98901
-14.98929
-14.98958
-14.98986
-14.99014
-14.99042
-14.99071
-14.99099
-14.99127
-14.99156
-14.99184
-14.99212
-14.99240
-14.99269
-14.99297
-14.99325
-14.99353
-14.99382
-14.99410
-14.99438
-14.99467
-14.99495
-14.99523
-14.99551
-14.99580
-14.99608
-14.99636
-14.99664
-14.99693
-14.99721
-14.99749
-14.99777
-14.99806
-14.99834
-14.99862
-14.99891
-14.99919
-14.99947
-14.99975
-15.00004
-15.00032
-15.00060
-15.00088
-15.00117
-15.00145
-15.00173
-15.00201
-15.00230
-15.00258
-15.00286
-15.00315
-15.00343
-15.00371
-15.00399
-15.00428
-15.00456
-15.00484
-15.00512
-15.00541
-15.00569
-15.00597
-15.00625
-15.00654
-15.00682
-15.00710
-15.00739
-15.00767
-15.00795
-15.00823
-15.00852
-15.00880
-15.00908
-15.00936
-15.00965
-15.00993
-15.01021
-15.01049
-15.01078
-15.01106
-15.01134
-15.01163
-15.01191
-15.01219
-15.01247
-15.01276
-15.01304
-15.01332
-15.01360
-15.01389
-15.01417
-15.01445
-15.01473
-15.01502
-15.01530
-15.01558
-15.01587
-15.01615
-15.01643
-15.01671
-15.01700
-15.01728
-15.01756
-15.01784
-15.01813
-15.01841
-15.01869
-15.01897
-15.01926
-15.01954
-15.01982
-15.02011
-15.02039
-15.02067
-15.02095
-15.02124
-15.02152
-15.02180
-15.02208
-15.02237
-15.02265
-15.02293
-15.02321
-15.02350
-15.02378
-15.02406
-15.02435
-15.02463
-15.02491
-15.02519
-15.02548
-15.02576
-15.02604
-15.02632
-15.02661
-15.02689
-15.02717
-15.02745
-15.02774
-15.02802
-15.02830
-15.02858
-15.02887
-15.02915
-15.02943
-15.02972
-15.03000
-15.03028
-15.03056
-15.03085
-15.03113
-15.03141
-15.03169
-15.03198
-15.03226
-15.03254
-15.03282
-15.03311
-15.03339
-15.03367
-15.03396
-15.03424
-15.03452
-15.03480
-15.03509
-15.03537
-15.03565
-15.03593
-15.03622
-15.03650
-15.03678
-15.03706
-15.03735
-15.03763
-15.03791
-15.03820
-15.03848
-15.03876
-15.03904
-15.03933
-15.03961
-15.03989
-15.04017
-15.04046
-15.04074
-15.04102
-15.04130
-15.04159
-15.04187
-15.04215
-15.04244
-15.04272
-15.04300
-15.04328
-15.04357
-15.04385
-15.04413
-15.04441
-15.04470
-15.04498
-15.04526
-15.04554
-15.04583
-15.04611
-15.04639
-15.04668
-15.04696
-15.04724
-15.04752
-15.04781
-15.04809
-15.04837
-15.04865
-15.04894
-15.04922
-15.04950
-15.04978
-15.05007
-15.05035
-15.05063
-15.05091
-15.05120
-15.05148
-15.05176
-15.05205
-15.05233
-15.05261
-15.05289
-15.05318
-15.05346
-15.05374
-15.05402
-15.05431
-15.05459
-15.05487
-15.05515
-15.05544
-15.05572
-15.05600
-15.05629
-15.05657
-15.05685
-15.05713
-15.05742
-15.05770
-15.05798
-15.05826
-15.05855
-15.05883
-15.05911
-15.05939
-15.05968
-15.05996
-15.06024
-15.06053
-15.06081
-15.06109
-15.06137
-15.06166
-15.06194
-15.06222
-15.06250
-15.06279
-15.06307
-15.06335
-15.06363
-15.06392
-15.06420
-15.06448
-15.06476
-15.06505
-15.06533
-15.06561
-15.06590
-15.06618
-15.06646
-15.06674
-15.06703
-15.06731
-15.06759
-15.06787
-15.06816
-15.06844
-15.06872
-15.06900
-15.06929
-15.06957
-15.06985
-15.07014
-15.07042
-15.07070
-15.07098
-15.07127
-15.07155
-15.07183
-15.07211
-15.07240
-15.07268
-15.07296
-15.07324
-15.07353
-15.07381
-15.07409
-15.07438
-15.07466
-15.07494
-15.07522
-15.07551
-15.07579
-15.07607
-15.07635
-15.07664
-15.07692
-15.07720
-15.07748
-15.07777
-15.07805
-15.07833
-15.07861
-15.07890
-15.07918
-15.07946
-15.07975
-15.08003
-15.08031
-15.08059
-15.08088
-15.08116
-15.08144
-15.08172
-15.08201
-15.08229
-15.08257
-15.08285
-15.08314
-15.08342
-15.08370
-15.08399
-15.08427
-15.08455
-15.08483
-15.08512
-15.08540
-15.08568
-15.08596
-15.08625
-15.08653
-15.08681
-15.08709
-15.08738
-15.08766
-15.08794
-15.08822
-15.08851
-15.08879
-15.08907
-15.08936
-15.08964
-15.08992
-15.09020
-15.09049
-15.09077
-15.09105
-15.09133
-15.09162
-15.09190
-15.09218
-15.09246
-15.09275
-15.09303
-15.09331
-15.09359
-15.09388
-15.09416
-15.09444
-15.09473
-15.09501
-15.09529
-15.09557
-15.09586
-15.09614
-15.09642
-15.09670
-15.09699
-15.09727
-15.09755
-15.09783
-15.09812
-15.09840
-15.09868
-15.09897
-15.09925
-15.09953
-15.09981
-15.10010
-15.10038
-15.10066
-15.10094
-15.10123
-15.10151
-15.10179
-15.10207
-15.10236
-15.10264
-15.10292
-15.10320
-15.10349
-15.10377
-15.10405
-15.10434
-15.10462
-15.10490
-15.10518
-15.10547
-15.10575
-15.10603
-15.10631
-15.10660
-15.10688
-15.10716
-15.10744
-15.10773
-15.10801
-15.10829
-15.10857
-15.10886
-15.10914
-15.10942
-15.10971
-15.10999
-15.11027
-15.11055
-15.11084
-15.11112
-15.11140
-15.11168
-15.11197
-15.11225
-15.11253
-15.11281
-15.11310
-15.11338
-15.11366
-15.11395
-15.11423
-15.11451
-15.11479
-15.11508
-15.11536
-15.11564
-15.11592
-15.11621
-15.11649
-15.11677
-15.11705
-15.11734
-15.11762
-15.11790
-15.11818
-15.11847
-15.11875
-15.11903
-15.11932
-15.11960
-15.11988
-15.12016
-15.12045
-15.12073
-15.12101
-15.12129
-15.12158
-15.12186
-15.12214
-15.12242
-15.12271
-15.12299
-15.12327
-15.12355
-15.12384
-15.12412
-15.12440
-15.12469
-15.12497
-15.12525
-15.12553
-15.12582
-15.12610
-15.12638
-15.12666
-15.12695
-15.12723
-15.12751
-15.12779
-15.12808
-15.12836
-15.12864
-15.12892
-15.12921
-15.12949
-15.12977
-15.13006
-15.13034
-15.13062
-15.13090
-15.13119
-15.13147
-15.13175
-15.13203
-15.13232
-15.13260
-15.13288
-15.13316
-15.13345
-15.13373
-15.13401
-15.13429
-15.13458
-15.13486
-15.13514
-15.13543
-15.13571
-15.13599
-15.13627
-15.13656
-15.13684
-15.13712
-15.13740
-15.13769
-15.13797
-15.13825
-15.13853
-15.13882
-15.13910
-15.13938
-15.13966
-15.13995
-15.14023
-15.14051
-15.14080
-15.14108
-15.14136
-15.14164
-15.14193
-15.14221
-15.14249
-15.14277
-15.14306
-15.14334
-15.14362
-15.14390
-15.14419
-15.14447
-15.14475
-15.14503
-15.14532
-15.14560
-15.14588
-15.14617
-15.14645
-15.14673
-15.14701
-15.14730
-15.14758
-15.14786
-15.14814
-15.14843
-15.14871
-15.14899
-15.14927
-15.14956
-15.14984
-15.15012
-15.15040
-15.15069
-15.15097
-15.15125
-15.15154
-15.15182
-15.15210
-15.15238
-15.15267
-15.15295
-15.15323
-15.15351
-15.15380
-15.15408
-15.15436
-15.15464
-15.15493
-15.15521
-15.15549
-15.15577
-15.15606
-15.15634
-15.15662
-15.15690
-15.15719
-15.15747
-15.15775
-15.15804
-15.15832
-15.15860
-15.15888
-15.15917
-15.15945
-15.15973
-15.16001
-15.16030
-15.16058
-15.16086
-15.16114
-15.16143
-15.16171
-15.16199
-15.16227
-15.16256
-15.16284
-15.16312
-15.16341
-15.16369
-15.16397
-15.16425
-15.16454
-15.16482
-15.16510
-15.16538
-15.16567
-15.16595
-15.16623
-15.16651
-15.16680
-15.16708
-15.16736
-15.16764
-15.16793
-15.16821
-15.16849
-15.16878
-15.16906
-15.16934
-15.16962
-15.16991
-15.17019
-15.17047
-15.17075
-15.17104
-15.17132
-15.17160
-15.17188
-15.17217
-15.17245
-15.17273
-15.17301
-15.17330
-15.17358
-15.17386
-15.17414
-15.17443
-15.17471
-15.17499
-15.17528
-15.17556
-15.17584
-15.17612
-15.17641
-15.17669
-15.17697
-15.17725
-15.17754
-15.17782
-15.17810
-15.17838
-15.17867
-15.17895
-15.17923
-15.17951
-15.17980
-15.18008
-15.18036
-15.18065
-15.18093
-15.18121
-15.18149
-15.18178
-15.18206
-15.18234
-15.18262
-15.18291
-15.18319
-15.18347
-15.18375
-15.18404
-15.18432
-15.18460
-15.18488
-15.18517
-15.18545
-15.18573
-15.18601
-15.18630
-15.18658
-15.18686
-15.18715
-15.18743
-15.18771
-15.18799
-15.18828
-15.18856
-15.18884
-15.18912
-15.18941
-15.18969
-15.18997
-15.19025
-15.19054
-15.19082
-15.19110
-15.19138
-15.19167
-15.19195
-15.19223
-15.19251
-15.19280
-15.19308
-15.19336
-15.19365
-15.19393
-15.19421
-15.19449
-15.19478
-15.19506
-15.19534
-15.19562
-15.19591
-15.19619
-15.19647
-15.19675
-15.19704
-15.19732
-15.19760
-15.19788
-15.19817
-15.19845
-15.19873
-15.19902
-15.19930
-15.19958
-15.19986
-15.20015
-15.20043
-15.20071
-15.20099
-15.20128
-15.20156
-15.20184
-15.20212
-15.20241
-15.20269
-15.20297
-15.20325
-15.20354
-15.20382
-15.20410
-15.20438
-15.20467
-15.20495
-15.20523
-15.20552
-15.20580
-15.20608
-15.20636
-15.20665
-15.20693
-15.20721
-15.20749
-15.20778
-15.20806
-15.20834
-15.20862
-15.20891
-15.20919
-15.20947
-15.20975
-15.21004
-15.21032
-15.21060
-15.21088
-15.21117
-15.21145
-15.21173
-15.21202
-15.21230
-15.21258
-15.21286
-15.21315
-15.21343
-15.21371
-15.21399
-15.21428
-15.21456
-15.21484
-15.21512
-15.21541
-15.21569
-15.21597
-15.21625
-15.21654
-15.21682
-15.21710
-15.21738
-15.21767
-15.21795
-15.21823
-15.21852
-15.21880
-15.21908
-15.21936
-15.21965
-15.21993
-15.22021
-15.22049
-15.22078
-15.22106
-15.22134
-15.22162
-15.22191
-15.22219
-15.22247
-15.22275
-15.22304
-15.22332
-15.22360
-15.22388
-15.22417
-15.22445
-15.22473
-15.22502
-15.22530
-15.22558
-15.22586
-15.22615
-15.22643
-15.22671
-15.22699
-15.22728
-15.22756
-15.22784
-15.22812
-15.22841
-15.22869
-15.22897
-15.22925
-15.22954
-15.22982
-15.23010
-15.23038
-15.23067
-15.23095
-15.23123
-15.23151
-15.23180
-15.23208
-15.23236
-15.23265
-15.23293
-15.23321
-15.23349
-15.23378
-15.23406
-15.23434
-15.23462
-15.23491
-15.23519
-15.23547
-15.23575
-15.23604
-15.23632
-15.23660
-15.23688
-15.23717
-15.23745
-15.23773
-15.23801
-15.23830
-15.23858
-15.23886
-15.23915
-15.23943
-15.23971
-15.23999
-15.24028
-15.24056
-15.24084
-15.24112
-15.24141
-15.24169
-15.24197
-15.24225
-15.24254
-15.24282
-15.24310
-15.24338
-15.24367
-15.24395
-15.24423
-15.24451
-15.24480
-15.24508
-15.24536
-15.24565
-15.24593
-15.24621
-15.24649
-15.24678
-15.24706
-15.24734
-15.24762
-15.24791
-15.24819
-15.24847
-15.24875
-15.24904
-15.24932
-15.24960
-15.24988
-15.25017
-15.25045
-15.25073
-15.25101
-15.25130
-15.25158
-15.25186
-15.25214
-15.25243
-15.25271
-15.25299
-15.25328
-15.25356
-15.25384
-15.25412
-15.25441
-15.25469
-15.25497
-15.25525
-15.25554
-15.25582
-15.25610
-15.25638
-15.25667
-15.25695
-15.25723
-15.25751
-15.25780
-15.25808
-15.25836
-15.25864
-15.25893
-15.25921
-15.25949
-15.25977
-15.26006
-15.26034
-15.26062
-15.26091
-15.26119
-15.26147
-15.26175
-15.26204
-15.26232
-15.26260
-15.26288
-15.26317
-15.26345
-15.26373
-15.26401
-15.26430
-15.26458
-15.26486
-15.26514
-15.26543
-15.26571
-15.26599
-15.26627
-15.26656
-15.26684
-15.26712
-15.26740
-15.26769
-15.26797
-15.26825
-15.26854
-15.26882
-15.26910
-15.26938
-15.26967
-15.26995
-15.27023
-15.27051
-15.27080
-15.27108
-15.27136
-15.27164
-15.27193
-15.27221
-15.27249
-15.27277
-15.27306
-15.27334
-15.27362
-15.27390
-15.27419
-15.27447
-15.27475
-15.27503
-15.27532
-15.27560
-15.27588
-15.27617
-15.27645
-15.27673
-15.27701
-15.27730
-15.27758
-15.27786
-15.27814
-15.27843
-15.27871
-15.27899
-15.27927
-15.27956
-15.27984
-15.28012
-15.28040
-15.28069
-15.28097
-15.28125
-15.28153
-15.28182
-15.28210
-15.28238
-15.28266
-15.28295
-15.28323
-15.28351
-15.28380
-15.28408
-15.28436
-15.28464
-15.28493
-15.28521
-15.28549
-15.28577
-15.28606
-15.28634
-15.28662
-15.28690
-15.28719
-15.28747
-15.28775
-15.28803
-15.28832
-15.28860
-15.28888
-15.28916
-15.28945
-15.28973
-15.29001
-15.29029
-15.29058
-15.29086
-15.29114
-15.29143
-15.29171
-15.29199
-15.29227
-15.29256
-15.29284
-15.29312
-15.29340
-15.29369
-15.29397
-15.29425
-15.29453
-15.29482
-15.29510
-15.29538
-15.29566
-15.29595
-15.29623
-15.29651
-15.29679
-15.29708
-15.29736
-15.29764
-15.29792
-15.29821
-15.29849
-15.29877
-15.29905
-15.29934
-15.29962
-15.29990
-15.30019
-15.30047
-15.30075
-15.30103
-15.30132
-15.30160
-15.30188
-15.30216
-15.30245
-15.30273
-15.30301
-15.30329
-15.30358
-15.30386
-15.30414
-15.30442
-15.30471
-15.30499
-15.30527
-15.30555
-15.30584
-15.30612
-15.30640
-15.30668
-15.30697
-15.30725
-15.30753
-15.30781
-15.30810
-15.30838
-15.30866
-15.30895
-15.30923
-15.30951
-15.30979
-15.31008
-15.31036
-15.31064
-15.31092
-15.31121
-15.31149
-15.31177
-15.31205
-15.31234
-15.31262
-15.31290
-15.31318
-15.31347
-15.31375
-15.31403
-15.31431
-15.31460
-15.31488
-15.31516
-15.31544
-15.31573
-15.31601
-15.31629
-15.31657
-15.31686
-15.31714
-15.31742
-15.31771
-15.31799
-15.31827
-15.31855
-15.31884
-15.31912
-15.31940
-15.31968
-15.31997
-15.32025
-15.32053
-15.32081
-15.32110
-15.32138
-15.32166
-15.32194
-15.32223
-15.32251
-15.32279
-15.32307
-15.32336
-15.32364
-15.32392
-15.32420
-15.32449
-15.32477
-15.32505
-15.32533
-15.32562
-15.32590
-15.32618
-15.32647
-15.32675
-15.32703
-15.32731
-15.32760
-15.32788
-15.32816
-15.32844
-15.32873
-15.32901
-15.32929
-15.32957
-15.32986
-15.33014
-15.33042
-15.33070
-15.33099
-15.33127
-15.33155
-15.33183
-15.33212
-15.33240
-15.33268
-15.33296
-15.33325
-15.33353
-15.33381
-15.33409
-15.33438
-15.33466
-15.33494
-15.33522
-15.33551
-15.33579
-15.33607
-15.33636
-15.33664
-15.33692
-15.33720
-15.33749
-15.33777
-15.33805
-15.33833
-15.33862
-15.33890
-15.33918
-15.33946
-15.33975
-15.34003
-15.34031
-15.34059
-15.34088
-15.34116
-15.34144
-15.34172
-15.34201
-15.34229
-15.34257
-15.34285
-15.34314
-15.34342
-15.34370
-15.34398
-15.34427
-15.34455
-15.34483
-15.34511
-15.34540
-15.34568
-15.34596
-15.34625
-15.34653
-15.34681
-15.34709
-15.34738
-15.34766
-15.34794
-15.34822
-15.34851
-15.34879
-15.34907
-15.34935
-15.34964
-15.34992
-15.35020
-15.35048
-15.35077
-15.35105
-15.35133
-15.35161
-15.35190
-15.35218
-15.35246
-15.35274
-15.35303
-15.35331
-15.35359
-15.35387
-15.35416
-15.35444
-15.35472
-15.35500
-15.35529
-15.35557
-15.35585
-15.35614
-15.35642
-15.35670
-15.35698
-15.35727
-15.35755
-15.35783
-15.35811
-15.35840
-15.35868
-15.35896
-15.35924
-15.35953
-15.35981
-15.36009
-15.36037
-15.36066
-15.36094
-15.36122
-15.36150
-15.36179
-15.36207
-15.36235
-15.36263
-15.36292
-15.36320
-15.36348
-15.36376
-15.36405
-15.36433
-15.36461
-15.36489
-15.36518
-15.36546
-15.36574
-15.36602
-15.36631
-15.36659
-15.36687
-15.36716
-15.36744
-15.36772
-15.36800
-15.36829
-15.36857
-15.36885
-15.36913
-15.36942
-15.36970
-15.36998
-15.37026
-15.37055
-15.37083
-15.37111
-15.37139
-15.37168
-15.37196
-15.37224
-15.37252
-15.37281
-15.37309
-15.37337
-15.37365
-15.37394
-15.37422
-15.37450
-15.37478
-15.37507
-15.37535
-15.37563
-15.37591
-15.37620
-15.37648
-15.37676
-15.37704
-15.37733
-15.37761
-15.37789
-15.37818
-15.37846
-15.37874
-15.37902
-15.37931
-15.37959
-15.37987
-15.38015
-15.38044
-15.38072
-15.38100
-15.38128
-15.38157
-15.38185
-15.38213
-15.38241
-15.38270
-15.38298
-15.38326
-15.38354
-15.38383
-15.38411
-15.38439
-15.38467
-15.38496
-15.38524
-15.38552
-15.38580
-15.38609
-15.38637
-15.38665
-15.38693
-15.38722
-15.38750
-15.38778
-15.38806
-15.38835
-15.38863
-15.38891
-15.38919
-15.38948
-15.38976
-15.39004
-15.39033
-15.39061
-15.39089
-15.39117
-15.39146
-15.39174
-15.39202
-15.39230
-15.39259
-15.39287
-15.39315
-15.39343
-15.39372
-15.39400
-15.39428
-15.39456
-15.39485
-15.39513
-15.39541
-15.39569
-15.39598
-15.39626
-15.39654
-15.39682
-15.39711
-15.39739
-15.39767
-15.39795
-15.39824
-15.39852
-15.39880
-15.39908
-15.39937
-15.39965
-15.39993
-15.40021
-15.40050
-15.40078
-15.40106
-15.40134
-15.40163
-15.40191
-15.40219
-15.40247
-15.40276
-15.40304
-15.40332
-15.40361
-15.40389
-15.40417
-15.40445
-15.40474
-15.40502
-15.40530
-15.40558
-15.40587
-15.40615
-15.40643
-15.40671
-15.40700
-15.40728
-15.40756
-15.40784
-15.40813
-15.40841
-15.40869
-15.40897
-15.40926
-15.40954
-15.40982
-15.41010
-15.41039
-15.41067
-15.41095
-15.41123
-15.41152
-15.41180
-15.41208
-15.41236
-15.41265
-15.41293
-15.41321
-15.41349
-15.41378
-15.41406
-15.41434
-15.41462
-15.41491
-15.41519
-15.41547
-15.41575
-15.41604
-15.41632
-15.41660
-15.41689
-15.41717
-15.41745
-15.41773
-15.41802
-15.41830
-15.41858
-15.41886
-15.41915
-15.41943
-15.41971
-15.41999
-15.42028
-15.42056
-15.42084
-15.42112
-15.42141
-15.42169
-15.42197
-15.42225
-15.42254
-15.42282
-15.42310
-15.42338
-15.42367
-15.42395
-15.42423
-15.42451
-15.42480
-15.42508
-15.42536
-15.42564
-15.42593
-15.42621
-15.42649
-15.42677
-15.42706
-15.42734
-15.42762
-15.42790
-15.42819
-15.42847
-15.42875
-15.42903
-15.42932
-15.42960
-15.42988
-15.43016
-15.43045
-15.43073
-15.43101
-15.43130
-15.43158
-15.43186
-15.43214
-15.43243
-15.43271
-15.43299
-15.43327
-15.43356
-15.43384
-15.43412
-15.43440
-15.43469
-15.43497
-15.43525
-15.43553
-15.43582
-15.43610
-15.43638
-15.43666
-15.43695
-15.43723
-15.43751
-15.43779
-15.43808
-15.43836
-15.43864
-15.43892
-15.43921
-15.43949
-15.43977
-15.44005
-15.44034
-15.44062
-15.44090
-15.44118
-15.44147
-15.44175
-15.44203
-15.44231
-15.44260
-15.44288
-15.44316
-15.44344
-15.44373
-15.44401
-15.44429
-15.44457
-15.44486
-15.44514
-15.44542
-15.44570
-15.44599
-15.44627
-15.44655
-15.44683
-15.44712
-15.44740
-15.44768
-15.44797
-15.44825
-15.44853
-15.44881
-15.44910
-15.44938
-15.44966
-15.44994
-15.45023
-15.45051
-15.45079
-15.45107
-15.45136
-15.45164
-15.45192
-15.45220
-15.45249
-15.45277
-15.45305
-15.45333
-15.45362
-15.45390
-15.45418
-15.45446
-15.45475
-15.45503
-15.45531
-15.45559
-15.45588
-15.45616
-15.45644
-15.45672
-15.45701
-15.45729
-15.45757
-15.45785
-15.45814
-15.45842
-15.45870
-15.45898
-15.45927
-15.45955
-15.45983
-15.46011
-15.46040
-15.46068
-15.46096
-15.46124
-15.46153
-15.46181
-15.46209
-15.46237
-15.46266
-15.46294
-15.46322
-15.46350
-15.46379
-15.46407
-15.46435
-15.46463
-15.46492
-15.46520
-15.46548
-15.46577
-15.46605
-15.46633
-15.46661
-15.46690
-15.46718
-15.46746
-15.46774
-15.46803
-15.46831
-15.46859
-15.46887
-15.46916
-15.46944
-15.46972
-15.47000
-15.47029
-15.47057
-15.47085
-15.47113
-15.47142
-15.47170
-15.47198
-15.47226
-15.47255
-15.47283
-15.47311
-15.47339
-15.47368
-15.47396
-15.47424
-15.47452
-15.47481
-15.47509
-15.47537
-15.47565
-15.47594
-15.47622
-15.47650
-15.47678
-15.47707
-15.47735
-15.47763
-15.47791
-15.47820
-15.47848
-15.47876
-15.47904
-15.47933
-15.47961
-15.47989
-15.48017
-15.48046
-15.48074
-15.48102
-15.48130
-15.48159
-15.48187
-15.48215
-15.48243
-15.48272
-15.48300
-15.48328
-15.48356
-15.48385
-15.48413
-15.48441
-15.48469
-15.48498
-15.48526
-15.48554
-15.48582
-15.48611
-15.48639
-15.48667
-15.48696
-15.48724
-15.48752
-15.48780
-15.48809
-15.48837
-15.48865
-15.48893
-15.48922
-15.48950
-15.48978
-15.49006
-15.49035
-15.49063
-15.49091
-15.49119
-15.49148
-15.49176
-15.49204
-15.49232
-15.49261
-15.49289
-15.49317
-15.49345
-15.49374
-15.49402
-15.49430
-15.49458
-15.49487
-15.49515
-15.49543
-15.49571
-15.49600
-15.49628
-15.49656
-15.49684
-15.49713
-15.49741
-15.49769
-15.49797
-15.49826
-15.49854
-15.49882
-15.49910
-15.49939
-15.49967
-15.49995
-15.50023
-15.50052
-15.50080
-15.50108
-15.50136
-15.50165
-15.50193
-15.50221
-15.50249
-15.50278
-15.50306
-15.50334
-15.50362
-15.50391
-15.50419
-15.50447
-15.50475
-15.50504
-15.50532
-15.50560
-15.50588
-15.50617
-15.50645
-15.50673
-15.50701
-15.50730
-15.50758
-15.50786
-15.50814
-15.50843
-15.50871
-15.50899
-15.50927
-15.50956
-15.50984
-15.51012
-15.51040
-15.51069
-15.51097
-15.51125
-15.51153
-15.51182
-15.51210
-15.51238
-15.51266
-15.51295
-15.51323
-15.51351
-15.51379
-15.51408
-15.51436
-15.51464
-15.51493
-15.51521
-15.51549
-15.51577
-15.51606
-15.51634
-15.51662
-15.51690
-15.51719
-15.51747
-15.51775
-15.51803
-15.51832
-15.51860
-15.51888
-15.51916
-15.51945
-15.51973
-15.52001
-15.52029
-15.52058
-15.52086
-15.52114
-15.52142
-15.52171
-15.52199
-15.52227
-15.52255
-15.52284
-15.52312
-15.52340
-15.52368
-15.52397
-15.52425
-15.52453
-15.52481
-15.52510
-15.52538
-15.52566
-15.52594
-15.52623
-15.52651
-15.52679
-15.52707
-15.52736
-15.52764
-15.52792
-15.52820
-15.52849
-15.52877
-15.52905
-15.52933
-15.52962
-15.52990
-15.53018
-15.53046
-15.53075
-15.53103
-15.53131
-15.53159
-15.53188
-15.53216
-15.53244
-15.53272
-15.53301
-15.53329
-15.53357
-15.53385
-15.53414
-15.53442
-15.53470
-15.53498
-15.53527
-15.53555
-15.53583
-15.53611
-15.53640
-15.53668
-15.53696
-15.53724
-15.53753
-15.53781
-15.53809
-15.53837
-15.53866
-15.53894
-15.53922
-15.53950
-15.53979
-15.54007
-15.54035
-15.54063
-15.54092
-15.54120
-15.54148
-15.54176
-15.54205
-15.54233
-15.54261
-15.54289
-15.54318
-15.54346
-15.54374
-15.54402
-15.54431
-15.54459
-15.54487
-15.54515
-15.54544
-15.54572
-15.54600
-15.54628
-15.54657
-15.54685
-15.54713
-15.54741
-15.54770
-15.54798
-15.54826
-15.54854
-15.54883
-15.54911
-15.54939
-15.54967
-15.54996
-15.55024
-15.55052
-15.55080
-15.55109
-15.55137
-15.55165
-15.55193
-15.55222
-15.55250
-15.55278
-15.55306
-15.55335
-15.55363
-15.55391
-15.55419
-15.55448
-15.55476
-15.55504
-15.55532
-15.55561
-15.55589
-15.55617
-15.55645
-15.55674
-15.55702
-15.55730
-15.55758
-15.55787
-15.55815
-15.55843
-15.55871
-15.55900
-15.55928
-15.55956
-15.55984
-15.56013
-15.56041
-15.56069
-15.56098
-15.56126
-15.56154
-15.56182
-15.56211
-15.56239
-15.56267
-15.56295
-15.56324
-15.56352
-15.56380
-15.56408
-15.56437
-15.56465
-15.56493
-15.56521
-15.56550
-15.56578
-15.56606
-15.56634
-15.56663
-15.56691
-15.56719
-15.56747
-15.56776
-15.56804
-15.56832
-15.56860
-15.56889
-15.56917
-15.56945
-15.56973
-15.57002
-15.57030
-15.57058
-15.57086
-15.57115
-15.57143
-15.57171
-15.57199
-15.57228
-15.57256
-15.57284
-15.57312
-15.57341
-15.57369
-15.57397
-15.57425
-15.57454
-15.57482
-15.57510
-15.57538
-15.57567
-15.57595
-15.57623
-15.57651
-15.57680
-15.57708
-15.57736
-15.57764
-15.57793
-15.57821
-15.57849
-15.57877
-15.57906
-15.57934
-15.57962
-15.57990
-15.58019
-15.58047
-15.58075
-15.58103
-15.58132
-15.58160
-15.58188
-15.58216
-15.58245
-15.58273
-15.58301
-15.58329
-15.58358
-15.58386
-15.58414
-15.58442
-15.58471
-15.58499
-15.58527
-15.58555
-15.58584
-15.58612
-15.58640
-15.58668
-15.58697
-15.58725
-15.58753
-15.58781
-15.58810
-15.58838
-15.58866
-15.58894
-15.58923
-15.58951
-15.58979
-15.59007
-15.59036
-15.59064
-15.59092
-15.59120
-15.59149
-15.59177
-15.59205
-15.59233
-15.59262
-15.59290
-15.59318
-15.59346
-15.59375
-15.59403
-15.59431
-15.59459
-15.59488
-15.59516
-15.59544
-15.59572
-15.59601
-15.59629
-15.59657
-15.59685
-15.59714
-15.59742
-15.59770
-15.59798
-15.59827
-15.59855
-15.59883
-15.59911
-15.59940
-15.59968
-15.59996
-15.60024
-15.60053
-15.60081
-15.60109
-15.60137
-15.60166
-15.60194
-15.60222
-15.60250
-15.60279
-15.60307
-15.60335
-15.60363
-15.60392
-15.60420
-15.60448
-15.60476
-15.60505
-15.60533
-15.60561
-15.60589
-15.60618
-15.60646
-15.60674
-15.60702
-15.60731
-15.60759
-15.60787
-15.60815
-15.60844
-15.60872
-15.60900
-15.60928
-15.60957
-15.60985
-15.61013
-15.61041
-15.61070
-15.61098
-15.61126
-15.61154
-15.61183
-15.61211
-15.61239
-15.61267
-15.61296
-15.61324
-15.61352
-15.61380
-15.61409
-15.61437
-15.61465
-15.61493
-15.61522
-15.61550
-15.61578
-15.61606
-15.61635
-15.61663
-15.61691
-15.61719
-15.61748
-15.61776
-15.61804
-15.61832
-15.61861
-15.61889
-15.61917
-15.61945
-15.61974
-15.62002
-15.62030
-15.62058
-15.62086
-15.62115
-15.62143
-15.62171
-15.62199
-15.62228
-15.62256
-15.62284
-15.62312
-15.62341
-15.62369
-15.62397
-15.62425
-15.62454
-15.62482
-15.62510
-15.62538
-15.62567
-15.62595
-15.62623
-15.62651
-15.62680
-15.62708
-15.62736
-15.62764
-15.62793
-15.62821
-15.62849
-15.62877
-15.62906
-15.62934
-15.62962
-15.62990
-15.63019
-15.63047
-15.63075
-15.63103
-15.63132
-15.63160
-15.63188
-15.63216
-15.63245
-15.63273
-15.63301
-15.63329
-15.63358
-15.63386
-15.63414
-15.63442
-15.63471
-15.63499
-15.63527
-15.63555
-15.63584
-15.63612
-15.63640
-15.63668
-15.63697
-15.63725
-15.63753
-15.63781
-15.63810
-15.63838
-15.63866
-15.63894
-15.63923
-15.63951
-15.63979
-15.64007
-15.64036
-15.64064
-15.64092
-15.64120
-15.64149
-15.64177
-15.64205
-15.64233
-15.64262
-15.64290
-15.64318
-15.64346
-15.64375
-15.64403
-15.64431
-15.64459
-15.64488
-15.64516
-15.64544
-15.64572
-15.64601
-15.64629
-15.64657
-15.64685
-15.64714
-15.64742
-15.64770
-15.64798
-15.64827
-15.64855
-15.64883
-15.64911
-15.64940
-15.64968
-15.64996
-15.65024
-15.65053
-15.65081
-15.65109
-15.65137
-15.65166
-15.65194
-15.65222
-15.65250
-15.65279
-15.65307
-15.65335
-15.65363
-15.65392
-15.65420
-15.65448
-15.65476
-15.65505
-15.65533
-15.65561
-15.65589
-15.65618
-15.65646
-15.65674
-15.65702
-15.65731
-15.65759
-15.65787
-15.65815
-15.65844
-15.65872
-15.65900
-15.65928
-15.65957
-15.65985
-15.66013
-15.66041
-15.66070
-15.66098
-15.66126
-15.66154
-15.66183
-15.66211
-15.66239
-15.66267
-15.66296
-15.66324
-15.66352
-15.66380
-15.66409
-15.66437
-15.66465
-15.66493
-15.66522
-15.66550
-15.66578
-15.66606
-15.66635
-15.66663
-15.66691
-15.66719
-15.66747
-15.66776
-15.66804
-15.66832
-15.66860
-15.66889
-15.66917
-15.66945
-15.66973
-15.67002
-15.67030
-15.67058
-15.67086
-15.67115
-15.67143
-15.67171
-15.67199
-15.67228
-15.67256
-15.67284
-15.67312
-15.67341
-15.67369
-15.67397
-15.67425
-15.67454
-15.67482
-15.67510
-15.67538
-15.67567
-15.67595
-15.67623
-15.67651
-15.67680
-15.67708
-15.67736
-15.67764
-15.67793
-15.67821
-15.67849
-15.67877
-15.67906
-15.67934
-15.67962
-15.67990
-15.68019
-15.68047
-15.68075
-15.68103
-15.68132
-15.68160
-15.68188
-15.68216
-15.68245
-15.68273
-15.68301
-15.68329
-15.68358
-15.68386
-15.68414
-15.68442
-15.68471
-15.68499
-15.68527
-15.68555
-15.68584
-15.68612
-15.68640
-15.68668
-15.68697
-15.68725
-15.68753
-15.68781
-15.68810
-15.68838
-15.68866
-15.68894
-15.68923
-15.68951
-15.68979
-15.69007
-15.69036
-15.69064
-15.69092
-15.69120
-15.69149
-15.69177
-15.69205
-15.69233
-15.69262
-15.69290
-15.69318
-15.69346
-15.69375
-15.69403
-15.69431
-15.69459
-15.69487
-15.69516
-15.69544
-15.69572
-15.69600
-15.69629
-15.69657
-15.69685
-15.69713
-15.69742
-15.69770
-15.69798
-15.69826
-15.69855
-15.69883
-15.69911
-15.69939
-15.69968
-15.69996
-15.70024
-15.70052
-15.70081
-15.70109
-15.70137
-15.70165
-15.70194
-15.70222
-15.70250
-15.70278
-15.70307
-15.70335
-15.70363
-15.70391
-15.70420
-15.70448
-15.70476
-15.70504
-15.70533
-15.70561
-15.70589
-15.70617
-15.70646
-15.70674
-15.70702
-15.70730
-15.70759
-15.70787
-15.70815
-15.70843
-15.70872
-15.70900
-15.70928
-15.70956
-15.70985
-15.71013
-15.71041
-15.71069
-15.71098
-15.71126
-15.71154
-15.71182
-15.71211
-15.71239
-15.71267
-15.71295
-15.71324
-15.71352
-15.71380
-15.71408
-15.71437
-15.71465
-15.71493
-15.71521
-15.71550
-15.71578
-15.71606
-15.71634
-15.71662
-15.71691
-15.71719
-15.71747
-15.71775
-15.71804
-15.71832
-15.71860
-15.71888
-15.71917
-15.71945
-15.71973
-15.72001
-15.72030
-15.72058
-15.72086
-15.72114
-15.72143
-15.72171
-15.72199
-15.72227
-15.72256
-15.72284
-15.72312
-15.72340
-15.72369
-15.72397
-15.72425
-15.72453
-15.72482
-15.72510
-15.72538
-15.72566
-15.72595
-15.72623
-15.72651
-15.72679
-15.72708
-15.72736
-15.72764
-15.72792
-15.72821
-15.72849
-15.72877
-15.72905
-15.72934
-15.72962
-15.72990
-15.73018
-15.73047
-15.73075
-15.73103
-15.73131
-15.73160
-15.73188
-15.73216
-15.73244
-15.73273
-15.73301
-15.73329
-15.73357
-15.73386
-15.73414
-15.73442
-15.73470
-15.73498
-15.73527
-15.73555
-15.73583
-15.73611
-15.73640
-15.73668
-15.73696
-15.73724
-15.73753
-15.73781
-15.73809
-15.73837
-15.73866
-15.73894
-15.73922
-15.73950
-15.73979
-15.74007
-15.74035
-15.74063
-15.74092
-15.74120
-15.74148
-15.74176
-15.74205
-15.74233
-15.74261
-15.74289
-15.74318
-15.74346
-15.74374
-15.74402
-15.74431
-15.74459
-15.74487
-15.74515
-15.74544
-15.74572
-15.74600
-15.74628
-15.74657
-15.74685
-15.74713
-15.74741
-15.74770
-15.74798
-15.74826
-15.74854
-15.74883
-15.74911
-15.74939
-15.74967
-15.74996
-15.75024
-15.75052
-15.75080
-15.75108
-15.75137
-15.75165
-15.75193
-15.75221
-15.75250
-15.75278
-15.75306
-15.75334
-15.75363
-15.75391
-15.75419
-15.75447
-15.75476
-15.75504
-15.75532
-15.75560
-15.75589
-15.75617
-15.75645
-15.75673
-15.75702
-15.75730
-15.75758
-15.75786
-15.75815
-15.75843
-15.75871
-15.75899
-15.75928
-15.75956
-15.75984
-15.76012
-15.76041
-15.76069
-15.76097
-15.76125
-15.76154
-15.76182
-15.76210
-15.76238
-15.76267
-15.76295
-15.76323
-15.76351
-15.76380
-15.76408
-15.76436
-15.76464
-15.76493
-15.76521
-15.76549
-15.76577
-15.76605
-15.76634
-15.76662
-15.76690
-15.76718
-15.76747
-15.76775
-15.76803
-15.76831
-15.76860
-15.76888
-15.76916
-15.76944
-15.76973
-15.77001
-15.77029
-15.77057
-15.77086
-15.77114
-15.77142
-15.77170
-15.77199
-15.77227
-15.77255
-15.77283
-15.77312
-15.77340
-15.77368
-15.77396
-15.77425
-15.77453
-15.77481
-15.77509
-15.77538
-15.77566
-15.77594
-15.77622
-15.77651
-15.77679
-15.77707
-15.77735
-15.77764
-15.77792
-15.77820
-15.77848
-15.77876
-15.77905
-15.77933
-15.77961
-15.77989
-15.78018
-15.78046
-15.78074
-15.78102
-15.78131
-15.78159
-15.78187
-15.78215
-15.78244
-15.78272
-15.78300
-15.78328
-15.78357
-15.78385
-15.78413
-15.78441
-15.78470
-15.78498
-15.78526
-15.78554
-15.78583
-15.78611
-15.78639
-15.78667
-15.78696
-15.78724
-15.78752
-15.78780
-15.78809
-15.78837
-15.78865
-15.78893
-15.78922
-15.78950
-15.78978
-15.79006
-15.79035
-15.79063
-15.79091
-15.79119
-15.79147
-15.79176
-15.79204
-15.79232
-15.79260
-15.79289
-15.79317
-15.79345
-15.79373
-15.79402
-15.79430
-15.79458
-15.79486
-15.79515
-15.79543
-15.79571
-15.79599
-15.79628
-15.79656
-15.79684
-15.79712
-15.79741
-15.79769
-15.79797
-15.79825
-15.79854
-15.79882
-15.79910
-15.79938
-15.79967
-15.79995
-15.80023
-15.80051
-15.80080
-15.80108
-15.80136
-15.80164
-15.80193
-15.80221
-15.80249
-15.80277
-15.80306
-15.80334
-15.80362
-15.80390
-15.80418
-15.80447
-15.80475
-15.80503
-15.80531
-15.80560
-15.80588
-15.80616
-15.80644
-15.80673
-15.80701
-15.80729
-15.80757
-15.80786
-15.80814
-15.80842
-15.80870
-15.80899
-15.80927
-15.80955
-15.80983
-15.81012
-15.81040
-15.81068
-15.81096
-15.81125
-15.81153
-15.81181
-15.81209
-15.81238
-15.81266
-15.81294
-15.81322
-15.81351
-15.81379
-15.81407
-15.81435
-15.81463
-15.81492
-15.81520
-15.81548
-15.81576
-15.81605
-15.81633
-15.81661
-15.81689
-15.81718
-15.81746
-15.81774
-15.81802
-15.81831
-15.81859
-15.81887
-15.81915
-15.81944
-15.81972
-15.82000
-15.82028
-15.82057
-15.82085
-15.82113
-15.82141
-15.82170
-15.82198
-15.82226
-15.82254
-15.82283
-15.82311
-15.82339
-15.82367
-15.82396
-15.82424
-15.82452
-15.82480
-15.82509
-15.82537
-15.82565
-15.82593
-15.82621
-15.82650
-15.82678
-15.82706
-15.82734
-15.82763
-15.82791
-15.82819
-15.82847
-15.82876
-15.82904
-15.82932
-15.82960
-15.82989
-15.83017
-15.83045
-15.83073
-15.83102
-15.83130
-15.83158
-15.83186
-15.83215
-15.83243
-15.83271
-15.83299
-15.83328
-15.83356
-15.83384
-15.83412
-15.83441
-15.83469
-15.83497
-15.83525
-15.83553
-15.83582
-15.83610
-15.83638
-15.83666
-15.83695
-15.83723
-15.83751
-15.83779
-15.83808
-15.83836
-15.83864
-15.83892
-15.83921
-15.83949
-15.83977
-15.84005
-15.84034
-15.84062
-15.84090
-15.84118
-15.84147
-15.84175
-15.84203
-15.84231
-15.84260
-15.84288
-15.84316
-15.84344
-15.84373
-15.84401
-15.84429
-15.84457
-15.84486
-15.84514
-15.84542
-15.84570
-15.84598
-15.84627
-15.84655
-15.84683
-15.84711
-15.84740
-15.84768
-15.84796
-15.84824
-15.84853
-15.84881
-15.84909
-15.84937
-15.84966
-15.84994
-15.85022
-15.85050
-15.85079
-15.85107
-15.85135
-15.85163
-15.85192
-15.85220
-15.85248
-15.85276
-15.85305
-15.85333
-15.85361
-15.85389
-15.85418
-15.85446
-15.85474
-15.85502
-15.85530
-15.85559
-15.85587
-15.85615
-15.85643
-15.85672
-15.85700
-15.85728
-15.85756
-15.85785
-15.85813
-15.85841
-15.85869
-15.85898
-15.85926
-15.85954
-15.85982
-15.86011
-15.86039
-15.86067
-15.86095
-15.86124
-15.86152
-15.86180
-15.86208
-15.86237
-15.86265
-15.86293
-15.86321
-15.86350
-15.86378
-15.86406
-15.86434
-15.86462
-15.86491
-15.86519
-15.86547
-15.86575
-15.86604
-15.86632
-15.86660
-15.86688
-15.86717
-15.86745
-15.86773
-15.86801
-15.86830
-15.86858
-15.86886
-15.86914
-15.86943
-15.86971
-15.86999
-15.87027
-15.87056
-15.87084
-15.87112
-15.87140
-15.87169
-15.87197
-15.87225
-15.87253
-15.87281
-15.87310
-15.87338
-15.87366
-15.87394
-15.87423
-15.87451
-15.87479
-15.87507
-15.87536
-15.87564
-15.87592
-15.87620
-15.87649
-15.87677
-15.87705
-15.87733
-15.87762
-15.87790
-15.87818
-15.87846
-15.87875
-15.87903
-15.87931
-15.87959
-15.87988
-15.88016
-15.88044
-15.88072
-15.88101
-15.88129
-15.88157
-15.88185
-15.88213
-15.88242
-15.88270
-15.88298
-15.88326
-15.88355
-15.88383
-15.88411
-15.88439
-15.88468
-15.88496
-15.88524
-15.88552
-15.88581
-15.88609
-15.88637
-15.88665
-15.88694
-15.88722
-15.88750
-15.88778
-15.88807
-15.88835
-15.88863
-15.88891
-15.88920
-15.88948
-15.88976
-15.89004
-15.89032
-15.89061
-15.89089
-15.89117
-15.89145
-15.89174
-15.89202
-15.89230
-15.89258
-15.89287
-15.89315
-15.89343
-15.89371
-15.89400
-15.89428
-15.89456
-15.89484
-15.89513
-15.89541
-15.89569
-15.89597
-15.89626
-15.89654
-15.89682
-15.89710
-15.89739
-15.89767
-15.89795
-15.89823
-15.89851
-15.89880
-15.89908
-15.89936
-15.89964
-15.89993
-15.90021
-15.90049
-15.90077
-15.90106
-15.90134
-15.90162
-15.90190
-15.90219
-15.90247
-15.90275
-15.90303
-15.90332
-15.90360
-15.90388
-15.90416
-15.90445
-15.90473
-15.90501
-15.90529
-15.90558
-15.90586
-15.90614
-15.90642
-15.90670
-15.90699
-15.90727
-15.90755
-15.90783
-15.90812
-15.90840
-15.90868
-15.90896
-15.90925
-15.90953
-15.90981
-15.91009
-15.91038
-15.91066
-15.91094
-15.91122
-15.91151
-15.91179
-15.91207
-15.91235
-15.91264
-15.91292
-15.91320
-15.91348
-15.91376
-15.91405
-15.91433
-15.91461
-15.91489
-15.91518
-15.91546
-15.91574
-15.91602
-15.91631
-15.91659
-15.91687
-15.91715
-15.91744
-15.91772
-15.91800
-15.91828
-15.91857
-15.91885
-15.91913
-15.91941
-15.91970
-15.91998
-15.92026
-15.92054
-15.92083
-15.92111
-15.92139
-15.92167
-15.92195
-15.92224
-15.92252
-15.92280
-15.92308
-15.92337
-15.92365
-15.92393
-15.92421
-15.92450
-15.92478
-15.92506
-15.92534
-15.92563
-15.92591
-15.92619
-15.92647
-15.92676
-15.92704
-15.92732
-15.92760
-15.92789
-15.92817
-15.92845
-15.92873
-15.92901
-15.92930
-15.92958
-15.92986
-15.93014
-15.93043
-15.93071
-15.93099
-15.93127
-15.93156
-15.93184
-15.93212
-15.93240
-15.93269
-15.93297
-15.93325
-15.93353
-15.93382
-15.93410
-15.93438
-15.93466
-15.93495
-15.93523
-15.93551
-15.93579
-15.93607
-15.93636
-15.93664
-15.93692
-15.93720
-15.93749
-15.93777
-15.93805
-15.93833
-15.93862
-15.93890
-15.93918
-15.93946
-15.93975
-15.94003
-15.94031
-15.94059
-15.94088
-15.94116
-15.94144
-15.94172
-15.94201
-15.94229
-15.94257
-15.94285
-15.94313
-15.94342
-15.94370
-15.94398
-15.94426
-15.94455
-15.94483
-15.94511
-15.94539
-15.94568
-15.94596
-15.94624
-15.94652
-15.94681
-15.94709
-15.94737
-15.94765
-15.94794
-15.94822
-15.94850
-15.94878
-15.94907
-15.94935
-15.94963
-15.94991
-15.95019
-15.95048
-15.95076
-15.95104
-15.95132
-15.95161
-15.95189
-15.95217
-15.95245
-15.95274
-15.95302
-15.95330
-15.95358
-15.95387
-15.95415
-15.95443
-15.95471
-15.95500
-15.95528
-15.95556
-15.95584
-15.95613
-15.95641
-15.95669
-15.95697
-15.95725
-15.95754
-15.95782
-15.95810
-15.95838
-15.95867
-15.95895
-15.95923
-15.95951
-15.95980
-15.96008
-15.96036
-15.96064
-15.96093
-15.96121
-15.96149
-15.96177
-15.96206
-15.96234
-15.96262
-15.96290
-15.96318
-15.96347
-15.96375
-15.96403
-15.96431
-15.96460
-15.96488
-15.96516
-15.96544
-15.96573
-15.96601
-15.96629
-15.96657
-15.96686
-15.96714
-15.96742
-15.96770
-15.96799
-15.96827
-15.96855
-15.96883
-15.96912
-15.96940
-15.96968
-15.96996
-15.97024
-15.97053
-15.97081
-15.97109
-15.97137
-15.97166
-15.97194
-15.97222
-15.97250
-15.97279
-15.97307
-15.97335
-15.97363
-15.97392
-15.97420
-15.97448
-15.97476
-15.97505
-15.97533
-15.97561
-15.97589
-15.97617
-15.97646
-15.97674
-15.97702
-15.97730
-15.97759
-15.97787
-15.97815
-15.97843
-15.97872
-15.97900
-15.97928
-15.97956
-15.97985
-15.98013
-15.98041
-15.98069
-15.98098
-15.98126
-15.98154
-15.98182
-15.98211
-15.98239
-15.98267
-15.98295
-15.98323
-15.98352
-15.98380
-15.98408
-15.98436
-15.98465
-15.98493
-15.98521
-15.98549
-15.98578
-15.98606
-15.98634
-15.98662
-15.98691
-15.98719
-15.98747
-15.98775
-15.98804
-15.98832
-15.98860
-15.98888
-15.98916
-15.98945
-15.98973
-15.99001
-15.99029
-15.99058
-15.99086
-15.99114
-15.99142
-15.99171
-15.99199
-15.99227
-15.99255
-15.99284
-15.99312
-15.99340
-15.99368
-15.99397
-15.99425
-15.99453
-15.99481
-15.99509
-15.99538
-15.99566
-15.99594
-15.99622
-15.99651
-15.99679
-15.99707
-15.99735
-15.99764
-15.99792
-15.99820
-15.99848
-15.99877
-15.99905
-15.99933
-15.99961
-15.99990
-16.00018
-16.00046
-16.00074
-16.00102
-16.00131
-16.00159
-16.00187
-16.00215
-16.00244
-16.00272
-16.00300
-16.00328
-16.00357
-16.00385
-16.00413
-16.00441
-16.00470
-16.00498
-16.00526
-16.00554
-16.00583
-16.00611
-16.00639
-16.00667
-16.00695
-16.00724
-16.00752
-16.00780
-16.00808
-16.00837
-16.00865
-16.00893
-16.00921
-16.00950
-16.00978
-16.01006
-16.01034
-16.01063
-16.01091
-16.01119
-16.01147
-16.01176
-16.01204
-16.01232
-16.01260
-16.01288
-16.01317
-16.01345
-16.01373
-16.01401
-16.01430
-16.01458
-16.01486
-16.01514
-16.01543
-16.01571
-16.01599
-16.01627
-16.01656
-16.01684
-16.01712
-16.01740
-16.01769
-16.01797
-16.01825
-16.01853
-16.01881
-16.01910
-16.01938
-16.01966
-16.01994
-16.02023
-16.02051
-16.02079
-16.02107
-16.02136
-16.02164
-16.02192
-16.02220
-16.02249
-16.02277
-16.02305
-16.02333
-16.02362
-16.02390
-16.02418
-16.02446
-16.02474
-16.02503
-16.02531
-16.02559
-16.02587
-16.02616
-16.02644
-16.02672
-16.02700
-16.02729
-16.02757
-16.02785
-16.02813
-16.02842
-16.02870
-16.02898
-16.02926
-16.02955
-16.02983
-16.03011
-16.03039
-16.03067
-16.03096
-16.03124
-16.03152
-16.03180
-16.03209
-16.03237
-16.03265
-16.03293
-16.03322
-16.03350
-16.03378
-16.03406
-16.03435
-16.03463
-16.03491
-16.03519
-16.03547
-16.03576
-16.03604
-16.03632
-16.03660
-16.03689
-16.03717
-16.03745
-16.03773
-16.03802
-16.03830
-16.03858
-16.03886
-16.03915
-16.03943
-16.03971
-16.03999
-16.04028
-16.04056
-16.04084
-16.04112
-16.04140
-16.04169
-16.04197
-16.04225
-16.04253
-16.04282
-16.04310
-16.04338
-16.04366
-16.04395
-16.04423
-16.04451
-16.04479
-16.04508
-16.04536
-16.04564
-16.04592
-16.04620
-16.04649
-16.04677
-16.04705
-16.04733
-16.04762
-16.04790
-16.04818
-16.04846
-16.04875
-16.04903
-16.04931
-16.04959
-16.04988
-16.05016
-16.05044
-16.05072
-16.05101
-16.05129
-16.05157
-16.05185
-16.05213
-16.05242
-16.05270
-16.05298
-16.05326
-16.05355
-16.05383
-16.05411
-16.05439
-16.05468
-16.05496
-16.05524
-16.05552
-16.05581
-16.05609
-16.05637
-16.05665
-16.05693
-16.05722
-16.05750
-16.05778
-16.05806
-16.05835
-16.05863
-16.05891
-16.05919
-16.05948
-16.05976
-16.06004
-16.06032
-16.06061
-16.06089
-16.06117
-16.06145
-16.06174
-16.06202
-16.06230
-16.06258
-16.06286
-16.06315
-16.06343
-16.06371
-16.06399
-16.06428
-16.06456
-16.06484
-16.06512
-16.06541
-16.06569
-16.06597
-16.06625
-16.06654
-16.06682
-16.06710
-16.06738
-16.06766
-16.06795
-16.06823
-16.06851
-16.06879
-16.06908
-16.06936
-16.06964
-16.06992
-16.07021
-16.07049
-16.07077
-16.07105
-16.07134
-16.07162
-16.07190
-16.07218
-16.07246
-16.07275
-16.07303
-16.07331
-16.07359
-16.07388
-16.07416
-16.07444
-16.07472
-16.07501
-16.07529
-16.07557
-16.07585
-16.07614
-16.07642
-16.07670
-16.07698
-16.07727
-16.07755
-16.07783
-16.07811
-16.07839
-16.07868
-16.07896
-16.07924
-16.07952
-16.07981
-16.08009
-16.08037
-16.08065
-16.08094
-16.08122
-16.08150
-16.08178
-16.08207
-16.08235
-16.08263
-16.08291
-16.08319
-16.08348
-16.08376
-16.08404
-16.08432
-16.08461
-16.08489
-16.08517
-16.08545
-16.08574
-16.08602
-16.08630
-16.08658
-16.08687
-16.08715
-16.08743
-16.08771
-16.08799
-16.08828
-16.08856
-16.08884
-16.08912
-16.08941
-16.08969
-16.08997
-16.09025
-16.09054
-16.09082
-16.09110
-16.09138
-16.09167
-16.09195
-16.09223
-16.09251
-16.09279
-16.09308
-16.09336
-16.09364
-16.09392
-16.09421
-16.09449
-16.09477
-16.09505
-16.09534
-16.09562
-16.09590
-16.09618
-16.09647
-16.09675
-16.09703
-16.09731
-16.09759
-16.09788
-16.09816
-16.09844
-16.09872
-16.09901
-16.09929
-16.09957
-16.09985
-16.10014
-16.10042
-16.10070
-16.10098
-16.10127
-16.10155
-16.10183
-16.10211
-16.10239
-16.10268
-16.10296
-16.10324
-16.10352
-16.10381
-16.10409
-16.10437
-16.10465
-16.10494
-16.10522
-16.10550
-16.10578
-16.10607
-16.10635
-16.10663
-16.10691
-16.10719
-16.10748
-16.10776
-16.10804
-16.10832
-16.10861
-16.10889
-16.10917
-16.10945
-16.10974
-16.11002
-16.11030
-16.11058
-16.11087
-16.11115
-16.11143
-16.11171
-16.11199
-16.11228
-16.11256
-16.11284
-16.11312
-16.11341
-16.11369
-16.11397
-16.11425
-16.11454
-16.11482
-16.11510
-16.11538
-16.11567
-16.11595
-16.11623
-16.11651
-16.11679
-16.11708
-16.11736
-16.11764
-16.11792
-16.11821
-16.11849
-16.11877
-16.11905
-16.11934
-16.11962
-16.11990
-16.12018
-16.12047
-16.12075
-16.12103
-16.12131
-16.12159
-16.12188
-16.12216
-16.12244
-16.12272
-16.12301
-16.12329
-16.12357
-16.12385
-16.12414
-16.12442
-16.12470
-16.12498
-16.12527
-16.12555
-16.12583
-16.12611
-16.12639
-16.12668
-16.12696
-16.12724
-16.12752
-16.12781
-16.12809
-16.12837
-16.12865
-16.12894
-16.12922
-16.12950
-16.12978
-16.13007
-16.13035
-16.13063
-16.13091
-16.13119
-16.13148
-16.13176
-16.13204
-16.13232
-16.13261
-16.13289
-16.13317
-16.13345
-16.13374
-16.13402
-16.13430
-16.13458
-16.13486
-16.13515
-16.13543
-16.13571
-16.13599
-16.13628
-16.13656
-16.13684
-16.13712
-16.13741
-16.13769
-16.13797
-16.13825
-16.13854
-16.13882
-16.13910
-16.13938
-16.13966
-16.13995
-16.14023
-16.14051
-16.14079
-16.14108
-16.14136
-16.14164
-16.14192
-16.14221
-16.14249
-16.14277
-16.14305
-16.14334
-16.14362
-16.14390
-16.14418
-16.14446
-16.14475
-16.14503
-16.14531
-16.14559
-16.14588
-16.14616
-16.14644
-16.14672
-16.14701
-16.14729
-16.14757
-16.14785
-16.14813
-16.14842
-16.14870
-16.14898
-16.14926
-16.14955
-16.14983
-16.15011
-16.15039
-16.15068
-16.15096
-16.15124
-16.15152
-16.15181
-16.15209
-16.15237
-16.15265
-16.15293
-16.15322
-16.15350
-16.15378
-16.15406
-16.15435
-16.15463
-16.15491
-16.15519
-16.15548
-16.15576
-16.15604
-16.15632
-16.15661
-16.15689
-16.15717
-16.15745
-16.15773
-16.15802
-16.15830
-16.15858
-16.15886
-16.15915
-16.15943
-16.15971
-16.15999
-16.16028
-16.16056
-16.16084
-16.16112
-16.16140
-16.16169
-16.16197
-16.16225
-16.16253
-16.16282
-16.16310
-16.16338
-16.16366
-16.16395
-16.16423
-16.16451
-16.16479
-16.16508
-16.16536
-16.16564
-16.16592
-16.16620
-16.16649
-16.16677
-16.16705
-16.16733
-16.16762
-16.16790
-16.16818
-16.16846
-16.16875
-16.16903
-16.16931
-16.16959
-16.16987
-16.17016
-16.17044
-16.17072
-16.17100
-16.17129
-16.17157
-16.17185
-16.17213
-16.17242
-16.17270
-16.17298
-16.17326
-16.17355
-16.17383
-16.17411
-16.17439
-16.17467
-16.17496
-16.17524
-16.17552
-16.17580
-16.17609
-16.17637
-16.17665
-16.17693
-16.17722
-16.17750
-16.17778
-16.17806
-16.17834
-16.17863
-16.17891
-16.17919
-16.17947
-16.17976
-16.18004
-16.18032
-16.18060
-16.18089
-16.18117
-16.18145
-16.18173
-16.18202
-16.18230
-16.18258
-16.18286
-16.18314
-16.18343
-16.18371
-16.18399
-16.18427
-16.18456
-16.18484
-16.18512
-16.18540
-16.18569
-16.18597
-16.18625
-16.18653
-16.18681
-16.18710
-16.18738
-16.18766
-16.18794
-16.18823
-16.18851
-16.18879
-16.18907
-16.18936
-16.18964
-16.18992
-16.19020
-16.19049
-16.19077
-16.19105
-16.19133
-16.19161
-16.19190
-16.19218
-16.19246
-16.19274
-16.19303
-16.19331
-16.19359
-16.19387
-16.19416
-16.19444
-16.19472
-16.19500
-16.19528
-16.19557
-16.19585
-16.19613
-16.19641
-16.19670
-16.19698
-16.19726
-16.19754
-16.19783
-16.19811
-16.19839
-16.19867
-16.19895
-16.19924
-16.19952
-16.19980
-16.20008
-16.20037
-16.20065
-16.20093
-16.20121
-16.20150
-16.20178
-16.20206
-16.20234
-16.20263
-16.20291
-16.20319
-16.20347
-16.20375
-16.20404
-16.20432
-16.20460
-16.20488
-16.20517
-16.20545
-16.20573
-16.20601
-16.20630
-16.20658
-16.20686
-16.20714
-16.20742
-16.20771
-16.20799
-16.20827
-16.20855
-16.20884
-16.20912
-16.20940
-16.20968
-16.20997
-16.21025
-16.21053
-16.21081
-16.21109
-16.21138
-16.21166
-16.21194
-16.21222
-16.21251
-16.21279
-16.21307
-16.21335
-16.21364
-16.21392
-16.21420
-16.21448
-16.21476
-16.21505
-16.21533
-16.21561
-16.21589
-16.21618
-16.21646
-16.21674
-16.21702
-16.21731
-16.21759
-16.21787
-16.21815
-16.21844
-16.21872
-16.21900
-16.21928
-16.21956
-16.21985
-16.22013
-16.22041
-16.22069
-16.22098
-16.22126
-16.22154
-16.22182
-16.22211
-16.22239
-16.22267
-16.22295
-16.22323
-16.22352
-16.22380
-16.22408
-16.22436
-16.22465
-16.22493
-16.22521
-16.22549
-16.22578
-16.22606
-16.22634
-16.22662
-16.22690
-16.22719
-16.22747
-16.22775
-16.22803
-16.22832
-16.22860
-16.22888
-16.22916
-16.22945
-16.22973
-16.23001
-16.23029
-16.23057
-16.23086
-16.23114
-16.23142
-16.23170
-16.23199
-16.23227
-16.23255
-16.23283
-16.23312
-16.23340
-16.23368
-16.23396
-16.23424
-16.23453
-16.23481
-16.23509
-16.23537
-16.23566
-16.23594
-16.23622
-16.23650
-16.23679
-16.23707
-16.23735
-16.23763
-16.23792
-16.23820
-16.23848
-16.23876
-16.23904
-16.23933
-16.23961
-16.23989
-16.24017
-16.24046
-16.24074
-16.24102
-16.24130
-16.24159
-16.24187
-16.24215
-16.24243
-16.24271
-16.24300
-16.24328
-16.24356
-16.24384
-16.24413
-16.24441
-16.24469
-16.24497
-16.24526
-16.24554
-16.24582
-16.24610
-16.24638
-16.24667
-16.24695
-16.24723
-16.24751
-16.24780
-16.24808
-16.24836
-16.24864
-16.24893
-16.24921
-16.24949
-16.24977
-16.25005
-16.25034
-16.25062
-16.25090
-16.25118
-16.25147
-16.25175
-16.25203
-16.25231
-16.25260
-16.25288
-16.25316
-16.25344
-16.25372
-16.25401
-16.25429
-16.25457
-16.25485
-16.25514
-16.25542
-16.25570
-16.25598
-16.25627
-16.25655
-16.25683
-16.25711
-16.25739
-16.25768
-16.25796
-16.25824
-16.25852
-16.25881
-16.25909
-16.25937
-16.25965
-16.25994
-16.26022
-16.26050
-16.26078
-16.26106
-16.26135
-16.26163
-16.26191
-16.26219
-16.26248
-16.26276
-16.26304
-16.26332
-16.26361
-16.26389
-16.26417
-16.26445
-16.26473
-16.26502
-16.26530
-16.26558
-16.26586
-16.26615
-16.26643
-16.26671
-16.26699
-16.26728
-16.26756
-16.26784
-16.26812
-16.26840
-16.26869
-16.26897
-16.26925
-16.26953
-16.26982
-16.27010
-16.27038
-16.27066
-16.27095
-16.27123
-16.27151
-16.27179
-16.27207
-16.27236
-16.27264
-16.27292
-16.27320
-16.27349
-16.27377
-16.27405
-16.27433
-16.27462
-16.27490
-16.27518
-16.27546
-16.27574
-16.27603
-16.27631
-16.27659
-16.27687
-16.27716
-16.27744
-16.27772
-16.27800
-16.27829
-16.27857
-16.27885
-16.27913
-16.27941
-16.27970
-16.27998
-16.28026
-16.28054
-16.28083
-16.28111
-16.28139
-16.28167
-16.28196
-16.28224
-16.28252
-16.28280
-16.28308
-16.28337
-16.28365
-16.28393
-16.28421
-16.28450
-16.28478
-16.28506
-16.28534
-16.28562
-16.28591
-16.28619
-16.28647
-16.28675
-16.28704
-16.28732
-16.28760
-16.28788
-16.28817
-16.28845
-16.28873
-16.28901
-16.28929
-16.28958
-16.28986
-16.29014
-16.29042
-16.29071
-16.29099
-16.29127
-16.29155
-16.29184
-16.29212
-16.29240
-16.29268
-16.29296
-16.29325
-16.29353
-16.29381
-16.29409
-16.29438
-16.29466
-16.29494
-16.29522
-16.29551
-16.29579
-16.29607
-16.29635
-16.29663
-16.29692
-16.29720
-16.29748
-16.29776
-16.29805
-16.29833
-16.29861
-16.29889
-16.29918
-16.29946
-16.29974
-16.30002
-16.30030
-16.30059
-16.30087
-16.30115
-16.30143
-16.30172
-16.30200
-16.30228
-16.30256
-16.30285
-16.30313
-16.30341
-16.30369
-16.30397
-16.30426
-16.30454
-16.30482
-16.30510
-16.30539
-16.30567
-16.30595
-16.30623
-16.30652
-16.30680
-16.30708
-16.30736
-16.30764
-16.30793
-16.30821
-16.30849
-16.30877
-16.30906
-16.30934
-16.30962
-16.30990
-16.31018
-16.31047
-16.31075
-16.31103
-16.31131
-16.31160
-16.31188
-16.31216
-16.31244
-16.31273
-16.31301
-16.31329
-16.31357
-16.31385
-16.31414
-16.31442
-16.31470
-16.31498
-16.31527
-16.31555
-16.31583
-16.31611
-16.31640
-16.31668
-16.31696
-16.31724
-16.31752
-16.31781
-16.31809
-16.31837
-16.31865
-16.31894
-16.31922
-16.31950
-16.31978
-16.32007
-16.32035
-16.32063
-16.32091
-16.32119
-16.32148
-16.32176
-16.32204
-16.32232
-16.32261
-16.32289
-16.32317
-16.32345
-16.32373
-16.32402
-16.32430
-16.32458
-16.32486
-16.32515
-16.32543
-16.32571
-16.32599
-16.32628
-16.32656
-16.32684
-16.32712
-16.32740
-16.32769
-16.32797
-16.32825
-16.32853
-16.32882
-16.32910
-16.32938
-16.32966
-16.32995
-16.33023
-16.33051
-16.33079
-16.33107
-16.33136
-16.33164
-16.33192
-16.33220
-16.33249
-16.33277
-16.33305
-16.33333
-16.33361
-16.33390
-16.33418
-16.33446
-16.33474
-16.33503
-16.33531
-16.33559
-16.33587
-16.33616
-16.33644
-16.33672
-16.33700
-16.33728
-16.33757
-16.33785
-16.33813
-16.33841
-16.33870
-16.33898
-16.33926
-16.33954
-16.33983
-16.34011
-16.34039
-16.34067
-16.34095
-16.34124
-16.34152
-16.34180
-16.34208
-16.34237
-16.34265
-16.34293
-16.34321
-16.34349
-16.34378
-16.34406
-16.34434
-16.34462
-16.34491
-16.34519
-16.34547
-16.34575
-16.34604
-16.34632
-16.34660
-16.34688
-16.34716
-16.34745
-16.34773
-16.34801
-16.34829
-16.34858
-16.34886
-16.34914
-16.34942
-16.34971
-16.34999
-16.35027
-16.35055
-16.35083
-16.35112
-16.35140
-16.35168
-16.35196
-16.35225
-16.35253
-16.35281
-16.35309
-16.35337
-16.35366
-16.35394
-16.35422
-16.35450
-16.35479
-16.35507
-16.35535
-16.35563
-16.35592
-16.35620
-16.35648
-16.35676
-16.35704
-16.35733
-16.35761
-16.35789
-16.35817
-16.35846
-16.35874
-16.35902
-16.35930
-16.35958
-16.35987
-16.36015
-16.36043
-16.36071
-16.36100
-16.36128
-16.36156
-16.36184
-16.36213
-16.36241
-16.36269
-16.36297
-16.36325
-16.36354
-16.36382
-16.36410
-16.36438
-16.36467
-16.36495
-16.36523
-16.36551
-16.36580
-16.36608
-16.36636
-16.36664
-16.36692
-16.36721
-16.36749
-16.36777
-16.36805
-16.36834
-16.36862
-16.36890
-16.36918
-16.36946
-16.36975
-16.37003
-16.37031
-16.37059
-16.37088
-16.37116
-16.37144
-16.37172
-16.37201
-16.37229
-16.37257
-16.37285
-16.37313
-16.37342
-16.37370
-16.37398
-16.37426
-16.37455
-16.37483
-16.37511
-16.37539
-16.37567
-16.37596
-16.37624
-16.37652
-16.37680
-16.37709
-16.37737
-16.37765
-16.37793
-16.37822
-16.37850
-16.37878
-16.37906
-16.37934
-16.37963
-16.37991
-16.38019
-16.38047
-16.38076
-16.38104
-16.38132
-16.38160
-16.38188
-16.38217
-16.38245
-16.38273
-16.38301
-16.38330
-16.38358
-16.38386
-16.38414
-16.38443
-16.38471
-16.38499
-16.38527
-16.38555
-16.38584
-16.38612
-16.38640
-16.38668
-16.38697
-16.38725
-16.38753
-16.38781
-16.38809
-16.38838
-16.38866
-16.38894
-16.38922
-16.38951
-16.38979
-16.39007
-16.39035
-16.39064
-16.39092
-16.39120
-16.39148
-16.39176
-16.39205
-16.39233
-16.39261
-16.39289
-16.39318
-16.39346
-16.39374
-16.39402
-16.39430
-16.39459
-16.39487
-16.39515
-16.39543
-16.39572
-16.39600
-16.39628
-16.39656
-16.39685
-16.39713
-16.39741
-16.39769
-16.39797
-16.39826
-16.39854
-16.39882
-16.39910
-16.39939
-16.39967
-16.39995
-16.40023
-16.40051
-16.40080
-16.40108
-16.40136
-16.40164
-16.40193
-16.40221
-16.40249
-16.40277
-16.40306
-16.40334
-16.40362
-16.40390
-16.40418
-16.40447
-16.40475
-16.40503
-16.40531
-16.40560
-16.40588
-16.40616
-16.40644
-16.40672
-16.40701
-16.40729
-16.40757
-16.40785
-16.40814
-16.40842
-16.40870
-16.40898
-16.40926
-16.40955
-16.40983
-16.41011
-16.41039
-16.41068
-16.41096
-16.41124
-16.41152
-16.41181
-16.41209
-16.41237
-16.41265
-16.41293
-16.41322
-16.41350
-16.41378
-16.41406
-16.41435
-16.41463
-16.41491
-16.41519
-16.41547
-16.41576
-16.41604
-16.41632
-16.41660
-16.41689
-16.41717
-16.41745
-16.41773
-16.41802
-16.41830
-16.41858
-16.41886
-16.41914
-16.41943
-16.41971
-16.41999
-16.42027
-16.42056
-16.42084
-16.42112
-16.42140
-16.42168
-16.42197
-16.42225
-16.42253
-16.42281
-16.42310
-16.42338
-16.42366
-16.42394
-16.42422
-16.42451
-16.42479
-16.42507
-16.42535
-16.42564
-16.42592
-16.42620
-16.42648
-16.42677
-16.42705
-16.42733
-16.42761
-16.42789
-16.42818
-16.42846
-16.42874
-16.42902
-16.42931
-16.42959
-16.42987
-16.43015
-16.43043
-16.43072
-16.43100
-16.43128
-16.43156
-16.43185
-16.43213
-16.43241
-16.43269
-16.43297
-16.43326
-16.43354
-16.43382
-16.43410
-16.43439
-16.43467
-16.43495
-16.43523
-16.43552
-16.43580
-16.43608
-16.43636
-16.43664
-16.43693
-16.43721
-16.43749
-16.43777
-16.43806
-16.43834
-16.43862
-16.43890
-16.43918
-16.43947
-16.43975
-16.44003
-16.44031
-16.44060
-16.44088
-16.44116
-16.44144
-16.44172
-16.44201
-16.44229
-16.44257
-16.44285
-16.44314
-16.44342
-16.44370
-16.44398
-16.44427
-16.44455
-16.44483
-16.44511
-16.44539
-16.44568
-16.44596
-16.44624
-16.44652
-16.44681
-16.44709
-16.44737
-16.44765
-16.44793
-16.44822
-16.44850
-16.44878
-16.44906
-16.44935
-16.44963
-16.44991
-16.45019
-16.45047
-16.45076
-16.45104
-16.45132
-16.45160
-16.45189
-16.45217
-16.45245
-16.45273
-16.45302
-16.45330
-16.45358
-16.45386
-16.45414
-16.45443
-16.45471
-16.45499
-16.45527
-16.45556
-16.45584
-16.45612
-16.45640
-16.45668
-16.45697
-16.45725
-16.45753
-16.45781
-16.45810
-16.45838
-16.45866
-16.45894
-16.45922
-16.45951
-16.45979
-16.46007
-16.46035
-16.46064
-16.46092
-16.46120
-16.46148
-16.46176
-16.46205
-16.46233
-16.46261
-16.46289
-16.46318
-16.46346
-16.46374
-16.46402
-16.46431
-16.46459
-16.46487
-16.46515
-16.46543
-16.46572
-16.46600
-16.46628
-16.46656
-16.46685
-16.46713
-16.46741
-16.46769
-16.46797
-16.46826
-16.46854
-16.46882
-16.46910
-16.46939
-16.46967
-16.46995
-16.47023
-16.47051
-16.47080
-16.47108
-16.47136
-16.47164
-16.47193
-16.47221
-16.47249
-16.47277
-16.47305
-16.47334
-16.47362
-16.47390
-16.47418
-16.47447
-16.47475
-16.47503
-16.47531
-16.47559
-16.47588
-16.47616
-16.47644
-16.47672
-16.47701
-16.47729
-16.47757
-16.47785
-16.47814
-16.47842
-16.47870
-16.47898
-16.47926
-16.47955
-16.47983
-16.48011
-16.48039
-16.48068
-16.48096
-16.48124
-16.48152
-16.48180
-16.48209
-16.48237
-16.48265
-16.48293
-16.48322
-16.48350
-16.48378
-16.48406
-16.48434
-16.48463
-16.48491
-16.48519
-16.48547
-16.48576
-16.48604
-16.48632
-16.48660
-16.48688
-16.48717
-16.48745
-16.48773
-16.48801
-16.48830
-16.48858
-16.48886
-16.48914
-16.48942
-16.48971
-16.48999
-16.49027
-16.49055
-16.49084
-16.49112
-16.49140
-16.49168
-16.49197
-16.49225
-16.49253
-16.49281
-16.49309
-16.49338
-16.49366
-16.49394
-16.49422
-16.49451
-16.49479
-16.49507
-16.49535
-16.49563
-16.49592
-16.49620
-16.49648
-16.49676
-16.49705
-16.49733
-16.49761
-16.49789
-16.49817
-16.49846
-16.49874
-16.49902
-16.49930
-16.49959
-16.49987
-16.50015
-16.50043
-16.50071
-16.50100
-16.50128
-16.50156
-16.50184
-16.50213
-16.50241
-16.50269
-16.50297
-16.50325
-16.50354
-16.50382
-16.50410
-16.50438
-16.50467
-16.50495
-16.50523
-16.50551
-16.50579
-16.50608
-16.50636
-16.50664
-16.50692
-16.50721
-16.50749
-16.50777
-16.50805
-16.50833
-16.50862
-16.50890
-16.50918
-16.50946
-16.50975
-16.51003
-16.51031
-16.51059
-16.51088
-16.51116
-16.51144
-16.51172
-16.51200
-16.51229
-16.51257
-16.51285
-16.51313
-16.51342
-16.51370
-16.51398
-16.51426
-16.51454
-16.51483
-16.51511
-16.51539
-16.51567
-16.51596
-16.51624
-16.51652
-16.51680
-16.51708
-16.51737
-16.51765
-16.51793
-16.51821
-16.51850
-16.51878
-16.51906
-16.51934
-16.51962
-16.51991
-16.52019
-16.52047
-16.52075
-16.52104
-16.52132
-16.52160
-16.52188
-16.52216
-16.52245
-16.52273
-16.52301
-16.52329
-16.52358
-16.52386
-16.52414
-16.52442
-16.52470
-16.52499
-16.52527
-16.52555
-16.52583
-16.52612
-16.52640
-16.52668
-16.52696
-16.52724
-16.52753
-16.52781
-16.52809
-16.52837
-16.52866
-16.52894
-16.52922
-16.52950
-16.52978
-16.53007
-16.53035
-16.53063
-16.53091
-16.53120
-16.53148
-16.53176
-16.53204
-16.53232
-16.53261
-16.53289
-16.53317
-16.53345
-16.53374
-16.53402
-16.53430
-16.53458
-16.53486
-16.53515
-16.53543
-16.53571
-16.53599
-16.53628
-16.53656
-16.53684
-16.53712
-16.53740
-16.53769
-16.53797
-16.53825
-16.53853
-16.53882
-16.53910
-16.53938
-16.53966
-16.53994
-16.54023
-16.54051
-16.54079
-16.54107
-16.54136
-16.54164
-16.54192
-16.54220
-16.54249
-16.54277
-16.54305
-16.54333
-16.54361
-16.54390
-16.54418
-16.54446
-16.54474
-16.54503
-16.54531
-16.54559
-16.54587
-16.54615
-16.54644
-16.54672
-16.54700
-16.54728
-16.54757
-16.54785
-16.54813
-16.54841
-16.54869
-16.54898
-16.54926
-16.54954
-16.54982
-16.55011
-16.55039
-16.55067
-16.55095
-16.55123
-16.55152
-16.55180
-16.55208
-16.55236
-16.55265
-16.55293
-16.55321
-16.55349
-16.55377
-16.55406
-16.55434
-16.55462
-16.55490
-16.55519
-16.55547
-16.55575
-16.55603
-16.55631
-16.55660
-16.55688
-16.55716
-16.55744
-16.55773
-16.55801
-16.55829
-16.55857
-16.55885
-16.55914
-16.55942
-16.55970
-16.55998
-16.56027
-16.56055
-16.56083
-16.56111
-16.56139
-16.56168
-16.56196
-16.56224
-16.56252
-16.56281
-16.56309
-16.56337
-16.56365
-16.56393
-16.56422
-16.56450
-16.56478
-16.56506
-16.56535
-16.56563
-16.56591
-16.56619
-16.56647
-16.56676
-16.56704
-16.56732
-16.56760
-16.56789
-16.56817
-16.56845
-16.56873
-16.56901
-16.56930
-16.56958
-16.56986
-16.57014
-16.57043
-16.57071
-16.57099
-16.57127
-16.57155
-16.57184
-16.57212
-16.57240
-16.57268
-16.57297
-16.57325
-16.57353
-16.57381
-16.57409
-16.57438
-16.57466
-16.57494
-16.57522
-16.57551
-16.57579
-16.57607
-16.57635
-16.57663
-16.57692
-16.57720
-16.57748
-16.57776
-16.57805
-16.57833
-16.57861
-16.57889
-16.57917
-16.57946
-16.57974
-16.58002
-16.58030
-16.58058
-16.58087
-16.58115
-16.58143
-16.58171
-16.58200
-16.58228
-16.58256
-16.58284
-16.58312
-16.58341
-16.58369
-16.58397
-16.58425
-16.58454
-16.58482
-16.58510
-16.58538
-16.58566
-16.58595
-16.58623
-16.58651
-16.58679
-16.58708
-16.58736
-16.58764
-16.58792
-16.58820
-16.58849
-16.58877
-16.58905
-16.58933
-16.58962
-16.58990
-16.59018
-16.59046
-16.59074
-16.59103
-16.59131
-16.59159
-16.59187
-16.59216
-16.59244
-16.59272
-16.59300
-16.59328
-16.59357
-16.59385
-16.59413
-16.59441
-16.59470
-16.59498
-16.59526
-16.59554
-16.59582
-16.59611
-16.59639
-16.59667
-16.59695
-16.59724
-16.59752
-16.59780
-16.59808
-16.59836
-16.59865
-16.59893
-16.59921
-16.59949
-16.59978
-16.60006
-16.60034
-16.60062
-16.60090
-16.60119
-16.60147
-16.60175
-16.60203
-16.60232
-16.60260
-16.60288
-16.60316
-16.60344
-16.60373
-16.60401
-16.60429
-16.60457
-16.60486
-16.60514
-16.60542
-16.60570
-16.60598
-16.60627
-16.60655
-16.60683
-16.60711
-16.60740
-16.60768
-16.60796
-16.60824
-16.60852
-16.60881
-16.60909
-16.60937
-16.60965
-16.60993
-16.61022
-16.61050
-16.61078
-16.61106
-16.61135
-16.61163
-16.61191
-16.61219
-16.61247
-16.61276
-16.61304
-16.61332
-16.61360
-16.61389
-16.61417
-16.61445
-16.61473
-16.61501
-16.61530
-16.61558
-16.61586
-16.61614
-16.61643
-16.61671
-16.61699
-16.61727
-16.61755
-16.61784
-16.61812
-16.61840
-16.61868
-16.61897
-16.61925
-16.61953
-16.61981
-16.62009
-16.62038
-16.62066
-16.62094
-16.62122
-16.62151
-16.62179
-16.62207
-16.62235
-16.62263
-16.62292
-16.62320
-16.62348
-16.62376
-16.62405
-16.62433
-16.62461
-16.62489
-16.62517
-16.62546
-16.62574
-16.62602
-16.62630
-16.62659
-16.62687
-16.62715
-16.62743
-16.62771
-16.62800
-16.62828
-16.62856
-16.62884
-16.62912
-16.62941
-16.62969
-16.62997
-16.63025
-16.63054
-16.63082
-16.63110
-16.63138
-16.63166
-16.63195
-16.63223
-16.63251
-16.63279
-16.63308
-16.63336
-16.63364
-16.63392
-16.63420
-16.63449
-16.63477
-16.63505
-16.63533
-16.63562
-16.63590
-16.63618
-16.63646
-16.63674
-16.63703
-16.63731
-16.63759
-16.63787
-16.63816
-16.63844
-16.63872
-16.63900
-16.63928
-16.63957
-16.63985
-16.64013
-16.64041
-16.64070
-16.64098
-16.64126
-16.64154
-16.64182
-16.64211
-16.64239
-16.64267
-16.64295
-16.64323
-16.64352
-16.64380
-16.64408
-16.64436
-16.64465
-16.64493
-16.64521
-16.64549
-16.64577
-16.64606
-16.64634
-16.64662
-16.64690
-16.64719
-16.64747
-16.64775
-16.64803
-16.64831
-16.64860
-16.64888
-16.64916
-16.64944
-16.64973
-16.65001
-16.65029
-16.65057
-16.65085
-16.65114
-16.65142
-16.65170
-16.65198
-16.65227
-16.65255
-16.65283
-16.65311
-16.65339
-16.65368
-16.65396
-16.65424
-16.65452
-16.65480
-16.65509
-16.65537
-16.65565
-16.65593
-16.65622
-16.65650
-16.65678
-16.65706
-16.65734
-16.65763
-16.65791
-16.65819
-16.65847
-16.65876
-16.65904
-16.65932
-16.65960
-16.65988
-16.66017
-16.66045
-16.66073
-16.66101
-16.66130
-16.66158
-16.66186
-16.66214
-16.66242
-16.66271
-16.66299
-16.66327
-16.66355
-16.66384
-16.66412
-16.66440
-16.66468
-16.66496
-16.66525
-16.66553
-16.66581
-16.66609
-16.66637
-16.66666
-16.66694
-16.66722
-16.66750
-16.66779
-16.66807
-16.66835
-16.66863
-16.66891
-16.66920
-16.66948
-16.66976
-16.67004
-16.67033
-16.67061
-16.67089
-16.67117
-16.67145
-16.67174
-16.67202
-16.67230
-16.67258
-16.67287
-16.67315
-16.67343
-16.67371
-16.67399
-16.67428
-16.67456
-16.67484
-16.67512
-16.67540
-16.67569
-16.67597
-16.67625
-16.67653
-16.67682
-16.67710
-16.67738
-16.67766
-16.67794
-16.67823
-16.67851
-16.67879
-16.67907
-16.67936
-16.67964
-16.67992
-16.68020
-16.68048
-16.68077
-16.68105
-16.68133
-16.68161
-16.68190
-16.68218
-16.68246
-16.68274
-16.68302
-16.68331
-16.68359
-16.68387
-16.68415
-16.68443
-16.68472
-16.68500
-16.68528
-16.68556
-16.68585
-16.68613
-16.68641
-16.68669
-16.68697
-16.68726
-16.68754
-16.68782
-16.68810
-16.68839
-16.68867
-16.68895
-16.68923
-16.68951
-16.68980
-16.69008
-16.69036
-16.69064
-16.69093
-16.69121
-16.69149
-16.69177
-16.69205
-16.69234
-16.69262
-16.69290
-16.69318
-16.69346
-16.69375
-16.69403
-16.69431
-16.69459
-16.69488
-16.69516
-16.69544
-16.69572
-16.69600
-16.69629
-16.69657
-16.69685
-16.69713
-16.69742
-16.69770
-16.69798
-16.69826
-16.69854
-16.69883
-16.69911
-16.69939
-16.69967
-16.69996
-16.70024
-16.70052
-16.70080
-16.70108
-16.70137
-16.70165
-16.70193
-16.70221
-16.70249
-16.70278
-16.70306
-16.70334
-16.70362
-16.70391
-16.70419
-16.70447
-16.70475
-16.70503
-16.70532
-16.70560
-16.70588
-16.70616
-16.70645
-16.70673
-16.70701
-16.70729
-16.70757
-16.70786
-16.70814
-16.70842
-16.70870
-16.70898
-16.70927
-16.70955
-16.70983
-16.71011
-16.71040
-16.71068
-16.71096
-16.71124
-16.71152
-16.71181
-16.71209
-16.71237
-16.71265
-16.71294
-16.71322
-16.71350
-16.71378
-16.71406
-16.71435
-16.71463
-16.71491
-16.71519
-16.71548
-16.71576
-16.71604
-16.71632
-16.71660
-16.71689
-16.71717
-16.71745
-16.71773
-16.71801
-16.71830
-16.71858
-16.71886
-16.71914
-16.71943
-16.71971
-16.71999
-16.72027
-16.72055
-16.72084
-16.72112
-16.72140
-16.72168
-16.72197
-16.72225
-16.72253
-16.72281
-16.72309
-16.72338
-16.72366
-16.72394
-16.72422
-16.72450
-16.72479
-16.72507
-16.72535
-16.72563
-16.72592
-16.72620
-16.72648
-16.72676
-16.72704
-16.72733
-16.72761
-16.72789
-16.72817
-16.72846
-16.72874
-16.72902
-16.72930
-16.72958
-16.72987
-16.73015
-16.73043
-16.73071
-16.73099
-16.73128
-16.73156
-16.73184
-16.73212
-16.73241
-16.73269
-16.73297
-16.73325
-16.73353
-16.73382
-16.73410
-16.73438
-16.73466
-16.73495
-16.73523
-16.73551
-16.73579
-16.73607
-16.73636
-16.73664
-16.73692
-16.73720
-16.73748
-16.73777
-16.73805
-16.73833
-16.73861
-16.73890
-16.73918
-16.73946
-16.73974
-16.74002
-16.74031
-16.74059
-16.74087
-16.74115
-16.74143
-16.74172
-16.74200
-16.74228
-16.74256
-16.74285
-16.74313
-16.74341
-16.74369
-16.74397
-16.74426
-16.74454
-16.74482
-16.74510
-16.74539
-16.74567
-16.74595
-16.74623
-16.74651
-16.74680
-16.74708
-16.74736
-16.74764
-16.74792
-16.74821
-16.74849
-16.74877
-16.74905
-16.74934
-16.74962
-16.74990
-16.75018
-16.75046
-16.75075
-16.75103
-16.75131
-16.75159
-16.75188
-16.75216
-16.75244
-16.75272
-16.75300
-16.75329
-16.75357
-16.75385
-16.75413
-16.75441
-16.75470
-16.75498
-16.75526
-16.75554
-16.75583
-16.75611
-16.75639
-16.75667
-16.75695
-16.75724
-16.75752
-16.75780
-16.75808
-16.75837
-16.75865
-16.75893
-16.75921
-16.75949
-16.75978
-16.76006
-16.76034
-16.76062
-16.76090
-16.76119
-16.76147
-16.76175
-16.76203
-16.76232
-16.76260
-16.76288
-16.76316
-16.76344
-16.76373
-16.76401
-16.76429
-16.76457
-16.76485
-16.76514
-16.76542
-16.76570
-16.76598
-16.76627
-16.76655
-16.76683
-16.76711
-16.76739
-16.76768
-16.76796
-16.76824
-16.76852
-16.76881
-16.76909
-16.76937
-16.76965
-16.76993
-16.77022
-16.77050
-16.77078
-16.77106
-16.77134
-16.77163
-16.77191
-16.77219
-16.77247
-16.77276
-16.77304
-16.77332
-16.77360
-16.77388
-16.77417
-16.77445
-16.77473
-16.77501
-16.77529
-16.77558
-16.77586
-16.77614
-16.77642
-16.77671
-16.77699
-16.77727
-16.77755
-16.77783
-16.77812
-16.77840
-16.77868
-16.77896
-16.77925
-16.77953
-16.77981
-16.78009
-16.78037
-16.78066
-16.78094
-16.78122
-16.78150
-16.78178
-16.78207
-16.78235
-16.78263
-16.78291
-16.78320
-16.78348
-16.78376
-16.78404
-16.78432
-16.78461
-16.78489
-16.78517
-16.78545
-16.78573
-16.78602
-16.78630
-16.78658
-16.78686
-16.78715
-16.78743
-16.78771
-16.78799
-16.78827
-16.78856
-16.78884
-16.78912
-16.78940
-16.78968
-16.78997
-16.79025
-16.79053
-16.79081
-16.79110
-16.79138
-16.79166
-16.79194
-16.79222
-16.79251
-16.79279
-16.79307
-16.79335
-16.79364
-16.79392
-16.79420
-16.79448
-16.79476
-16.79505
-16.79533
-16.79561
-16.79589
-16.79617
-16.79646
-16.79674
-16.79702
-16.79730
-16.79759
-16.79787
-16.79815
-16.79843
-16.79871
-16.79900
-16.79928
-16.79956
-16.79984
-16.80012
-16.80041
-16.80069
-16.80097
-16.80125
-16.80154
-16.80182
-16.80210
-16.80238
-16.80266
-16.80295
-16.80323
-16.80351
-16.80379
-16.80407
-16.80436
-16.80464
-16.80492
-16.80520
-16.80549
-16.80577
-16.80605
-16.80633
-16.80661
-16.80690
-16.80718
-16.80746
-16.80774
-16.80802
-16.80831
-16.80859
-16.80887
-16.80915
-16.80944
-16.80972
-16.81000
-16.81028
-16.81056
-16.81085
-16.81113
-16.81141
-16.81169
-16.81197
-16.81226
-16.81254
-16.81282
-16.81310
-16.81339
-16.81367
-16.81395
-16.81423
-16.81451
-16.81480
-16.81508
-16.81536
-16.81564
-16.81593
-16.81621
-16.81649
-16.81677
-16.81705
-16.81734
-16.81762
-16.81790
-16.81818
-16.81846
-16.81875
-16.81903
-16.81931
-16.81959
-16.81988
-16.82016
-16.82044
-16.82072
-16.82100
-16.82129
-16.82157
-16.82185
-16.82213
-16.82241
-16.82270
-16.82298
-16.82326
-16.82354
-16.82383
-16.82411
-16.82439
-16.82467
-16.82495
-16.82524
-16.82552
-16.82580
-16.82608
-16.82636
-16.82665
-16.82693
-16.82721
-16.82749
-16.82778
-16.82806
-16.82834
-16.82862
-16.82890
-16.82919
-16.82947
-16.82975
-16.83003
-16.83031
-16.83060
-16.83088
-16.83116
-16.83144
-16.83173
-16.83201
-16.83229
-16.83257
-16.83285
-16.83314
-16.83342
-16.83370
-16.83398
-16.83426
-16.83455
-16.83483
-16.83511
-16.83539
-16.83568
-16.83596
-16.83624
-16.83652
-16.83680
-16.83709
-16.83737
-16.83765
-16.83793
-16.83821
-16.83850
-16.83878
-16.83906
-16.83934
-16.83963
-16.83991
-16.84019
-16.84047
-16.84075
-16.84104
-16.84132
-16.84160
-16.84188
-16.84216
-16.84245
-16.84273
-16.84301
-16.84329
-16.84358
-16.84386
-16.84414
-16.84442
-16.84470
-16.84499
-16.84527
-16.84555
-16.84583
-16.84611
-16.84640
-16.84668
-16.84696
-16.84724
-16.84753
-16.84781
-16.84809
-16.84837
-16.84865
-16.84894
-16.84922
-16.84950
-16.84978
-16.85006
-16.85035
-16.85063
-16.85091
-16.85119
-16.85148
-16.85176
-16.85204
-16.85232
-16.85260
-16.85289
-16.85317
-16.85345
-16.85373
-16.85401
-16.85430
-16.85458
-16.85486
-16.85514
-16.85543
-16.85571
-16.85599
-16.85627
-16.85655
-16.85684
-16.85712
-16.85740
-16.85768
-16.85796
-16.85825
-16.85853
-16.85881
-16.85909
-16.85937
-16.85966
-16.85994
-16.86022
-16.86050
-16.86079
-16.86107
-16.86135
-16.86163
-16.86191
-16.86220
-16.86248
-16.86276
-16.86304
-16.86332
-16.86361
-16.86389
-16.86417
-16.86445
-16.86474
-16.86502
-16.86530
-16.86558
-16.86586
-16.86615
-16.86643
-16.86671
-16.86699
-16.86727
-16.86756
-16.86784
-16.86812
-16.86840
-16.86869
-16.86897
-16.86925
-16.86953
-16.86981
-16.87010
-16.87038
-16.87066
-16.87094
-16.87122
-16.87151
-16.87179
-16.87207
-16.87235
-16.87264
-16.87292
-16.87320
-16.87348
-16.87376
-16.87405
-16.87433
-16.87461
-16.87489
-16.87517
-16.87546
-16.87574
-16.87602
-16.87630
-16.87659
-16.87687
-16.87715
-16.87743
-16.87771
-16.87800
-16.87828
-16.87856
-16.87884
-16.87912
-16.87941
-16.87969
-16.87997
-16.88025
-16.88053
-16.88082
-16.88110
-16.88138
-16.88166
-16.88195
-16.88223
-16.88251
-16.88279
-16.88307
-16.88336
-16.88364
-16.88392
-16.88420
-16.88448
-16.88477
-16.88505
-16.88533
-16.88561
-16.88590
-16.88618
-16.88646
-16.88674
-16.88702
-16.88731
-16.88759
-16.88787
-16.88815
-16.88843
-16.88872
-16.88900
-16.88928
-16.88956
-16.88985
-16.89013
-16.89041
-16.89069
-16.89097
-16.89126
-16.89154
-16.89182
-16.89210
-16.89238
-16.89267
-16.89295
-16.89323
-16.89351
-16.89379
-16.89408
-16.89436
-16.89464
-16.89492
-16.89521
-16.89549
-16.89577
-16.89605
-16.89633
-16.89662
-16.89690
-16.89718
-16.89746
-16.89774
-16.89803
-16.89831
-16.89859
-16.89887
-16.89916
-16.89944
-16.89972
-16.90000
-16.90028
-16.90057
-16.90085
-16.90113
-16.90141
-16.90169
-16.90198
-16.90226
-16.90254
-16.90282
-16.90311
-16.90339
-16.90367
-16.90395
-16.90423
-16.90452
-16.90480
-16.90508
-16.90536
-16.90564
-16.90593
-16.90621
-16.90649
-16.90677
-16.90705
-16.90734
-16.90762
-16.90790
-16.90818
-16.90847
-16.90875
-16.90903
-16.90931
-16.90959
-16.90988
-16.91016
-16.91044
-16.91072
-16.91100
-16.91129
-16.91157
-16.91185
-16.91213
-16.91242
-16.91270
-16.91298
-16.91326
-16.91354
-16.91383
-16.91411
-16.91439
-16.91467
-16.91495
-16.91524
-16.91552
-16.91580
-16.91608
-16.91636
-16.91665
-16.91693
-16.91721
-16.91749
-16.91778
-16.91806
-16.91834
-16.91862
-16.91890
-16.91919
-16.91947
-16.91975
-16.92003
-16.92031
-16.92060
-16.92088
-16.92116
-16.92144
-16.92173
-16.92201
-16.92229
-16.92257
-16.92285
-16.92314
-16.92342
-16.92370
-16.92398
-16.92426
-16.92455
-16.92483
-16.92511
-16.92539
-16.92567
-16.92596
-16.92624
-16.92652
-16.92680
-16.92709
-16.92737
-16.92765
-16.92793
-16.92821
-16.92850
-16.92878
-16.92906
-16.92934
-16.92962
-16.92991
-16.93019
-16.93047
-16.93075
-16.93103
-16.93132
-16.93160
-16.93188
-16.93216
-16.93245
-16.93273
-16.93301
-16.93329
-16.93357
-16.93386
-16.93414
-16.93442
-16.93470
-16.93498
-16.93527
-16.93555
-16.93583
-16.93611
-16.93640
-16.93668
-16.93696
-16.93724
-16.93752
-16.93781
-16.93809
-16.93837
-16.93865
-16.93893
-16.93922
-16.93950
-16.93978
-16.94006
-16.94034
-16.94063
-16.94091
-16.94119
-16.94147
-16.94176
-16.94204
-16.94232
-16.94260
-16.94288
-16.94317
-16.94345
-16.94373
-16.94401
-16.94429
-16.94458
-16.94486
-16.94514
-16.94542
-16.94570
-16.94599
-16.94627
-16.94655
-16.94683
-16.94712
-16.94740
-16.94768
-16.94796
-16.94824
-16.94853
-16.94881
-16.94909
-16.94937
-16.94965
-16.94994
-16.95022
-16.95050
-16.95078
-16.95106
-16.95135
-16.95163
-16.95191
-16.95219
-16.95248
-16.95276
-16.95304
-16.95332
-16.95360
-16.95389
-16.95417
-16.95445
-16.95473
-16.95501
-16.95530
-16.95558
-16.95586
-16.95614
-16.95642
-16.95671
-16.95699
-16.95727
-16.95755
-16.95784
-16.95812
-16.95840
-16.95868
-16.95896
-16.95925
-16.95953
-16.95981
-16.96009
-16.96037
-16.96066
-16.96094
-16.96122
-16.96150
-16.96178
-16.96207
-16.96235
-16.96263
-16.96291
-16.96320
-16.96348
-16.96376
-16.96404
-16.96432
-16.96461
-16.96489
-16.96517
-16.96545
-16.96573
-16.96602
-16.96630
-16.96658
-16.96686
-16.96715
-16.96743
-16.96771
-16.96799
-16.96827
-16.96856
-16.96884
-16.96912
-16.96940
-16.96968
-16.96997
-16.97025
-16.97053
-16.97081
-16.97109
-16.97138
-16.97166
-16.97194
-16.97222
-16.97250
-16.97279
-16.97307
-16.97335
-16.97363
-16.97392
-16.97420
-16.97448
-16.97476
-16.97504
-16.97533
-16.97561
-16.97589
-16.97617
-16.97645
-16.97674
-16.97702
-16.97730
-16.97758
-16.97786
-16.97815
-16.97843
-16.97871
-16.97899
-16.97928
-16.97956
-16.97984
-16.98012
-16.98040
-16.98069
-16.98097
-16.98125
-16.98153
-16.98181
-16.98210
-16.98238
-16.98266
-16.98294
-16.98322
-16.98351
-16.98379
-16.98407
-16.98435
-16.98464
-16.98492
-16.98520
-16.98548
-16.98576
-16.98605
-16.98633
-16.98661
-16.98689
-16.98717
-16.98746
-16.98774
-16.98802
-16.98830
-16.98858
-16.98887
-16.98915
-16.98943
-16.98971
-16.99000
-16.99028
-16.99056
-16.99084
-16.99112
-16.99141
-16.99169
-16.99197
-16.99225
-16.99253
-16.99282
-16.99310
-16.99338
-16.99366
-16.99394
-16.99423
-16.99451
-16.99479
-16.99507
-16.99536
-16.99564
-16.99592
-16.99620
-16.99648
-16.99677
-16.99705
-16.99733
-16.99761
-16.99789
-16.99818
-16.99846
-16.99874
-16.99902
-16.99930
-16.99959
-16.99987
-17.00015
-17.00043
-17.00071
-17.00100
-17.00128
-17.00156
-17.00184
-17.00213
-17.00241
-17.00269
-17.00297
-17.00325
-17.00354
-17.00382
-17.00410
-17.00438
-17.00466
-17.00495
-17.00523
-17.00551
-17.00579
-17.00607
-17.00636
-17.00664
-17.00692
-17.00720
-17.00749
-17.00777
-17.00805
-17.00833
-17.00861
-17.00890
-17.00918
-17.00946
-17.00974
-17.01002
-17.01031
-17.01059
-17.01087
-17.01115
-17.01143
-17.01172
-17.01200
-17.01228
-17.01256
-17.01284
-17.01313
-17.01341
-17.01369
-17.01397
-17.01426
-17.01454
-17.01482
-17.01510
-17.01538
-17.01567
-17.01595
-17.01623
-17.01651
-17.01679
-17.01708
-17.01736
-17.01764
-17.01792
-17.01820
-17.01849
-17.01877
-17.01905
-17.01933
-17.01962
-17.01990
-17.02018
-17.02046
-17.02074
-17.02103
-17.02131
-17.02159
-17.02187
-17.02215
-17.02244
-17.02272
-17.02300
-17.02328
-17.02356
-17.02385
-17.02413
-17.02441
-17.02469
-17.02497
-17.02526
-17.02554
-17.02582
-17.02610
-17.02639
-17.02667
-17.02695
-17.02723
-17.02751
-17.02780
-17.02808
-17.02836
-17.02864
-17.02892
-17.02921
-17.02949
-17.02977
-17.03005
-17.03033
-17.03062
-17.03090
-17.03118
-17.03146
-17.03174
-17.03203
-17.03231
-17.03259
-17.03287
-17.03316
-17.03344
-17.03372
-17.03400
-17.03428
-17.03457
-17.03485
-17.03513
-17.03541
-17.03569
-17.03598
-17.03626
-17.03654
-17.03682
-17.03710
-17.03739
-17.03767
-17.03795
-17.03823
-17.03852
-17.03880
-17.03908
-17.03936
-17.03964
-17.03993
-17.04021
-17.04049
-17.04077
-17.04105
-17.04134
-17.04162
-17.04190
-17.04218
-17.04246
-17.04275
-17.04303
-17.04331
-17.04359
-17.04387
-17.04416
-17.04444
-17.04472
-17.04500
-17.04529
-17.04557
-17.04585
-17.04613
-17.04641
-17.04670
-17.04698
-17.04726
-17.04754
-17.04782
-17.04811
-17.04839
-17.04867
-17.04895
-17.04923
-17.04952
-17.04980
-17.05008
-17.05036
-17.05064
-17.05093
-17.05121
-17.05149
-17.05177
-17.05205
-17.05234
-17.05262
-17.05290
-17.05318
-17.05347
-17.05375
-17.05403
-17.05431
-17.05459
-17.05488
-17.05516
-17.05544
-17.05572
-17.05600
-17.05629
-17.05657
-17.05685
-17.05713
-17.05741
-17.05770
-17.05798
-17.05826
-17.05854
-17.05882
-17.05911
-17.05939
-17.05967
-17.05995
-17.06024
-17.06052
-17.06080
-17.06108
-17.06136
-17.06165
-17.06193
-17.06221
-17.06249
-17.06277
-17.06306
-17.06334
-17.06362
-17.06390
-17.06418
-17.06447
-17.06475
-17.06503
-17.06531
-17.06559
-17.06588
-17.06616
-17.06644
-17.06672
-17.06701
-17.06729
-17.06757
-17.06785
-17.06813
-17.06842
-17.06870
-17.06898
-17.06926
-17.06954
-17.06983
-17.07011
-17.07039
-17.07067
-17.07095
-17.07124
-17.07152
-17.07180
-17.07208
-17.07236
-17.07265
-17.07293
-17.07321
-17.07349
-17.07377
-17.07406
-17.07434
-17.07462
-17.07490
-17.07519
-17.07547
-17.07575
-17.07603
-17.07631
-17.07660
-17.07688
-17.07716
-17.07744
-17.07772
-17.07801
-17.07829
-17.07857
-17.07885
-17.07913
-17.07942
-17.07970
-17.07998
-17.08026
-17.08054
-17.08083
-17.08111
-17.08139
-17.08167
-17.08196
-17.08224
-17.08252
-17.08280
-17.08308
-17.08337
-17.08365
-17.08393
-17.08421
-17.08449
-17.08478
-17.08506
-17.08534
-17.08562
-17.08590
-17.08619
-17.08647
-17.08675
-17.08703
-17.08731
-17.08760
-17.08788
-17.08816
-17.08844
-17.08872
-17.08901
-17.08929
-17.08957
-17.08985
-17.09014
-17.09042
-17.09070
-17.09098
-17.09126
-17.09155
-17.09183
-17.09211
-17.09239
-17.09267
-17.09296
-17.09324
-17.09352
-17.09380
-17.09408
-17.09437
-17.09465
-17.09493
-17.09521
-17.09549
-17.09578
-17.09606
-17.09634
-17.09662
-17.09690
-17.09719
-17.09747
-17.09775
-17.09803
-17.09832
-17.09860
-17.09888
-17.09916
-17.09944
-17.09973
-17.10001
-17.10029
-17.10057
-17.10085
-17.10114
-17.10142
-17.10170
-17.10198
-17.10226
-17.10255
-17.10283
-17.10311
-17.10339
-17.10367
-17.10396
-17.10424
-17.10452
-17.10480
-17.10508
-17.10537
-17.10565
-17.10593
-17.10621
-17.10650
-17.10678
-17.10706
-17.10734
-17.10762
-17.10791
-17.10819
-17.10847
-17.10875
-17.10903
-17.10932
-17.10960
-17.10988
-17.11016
-17.11044
-17.11073
-17.11101
-17.11129
-17.11157
-17.11185
-17.11214
-17.11242
-17.11270
-17.11298
-17.11326
-17.11355
-17.11383
-17.11411
-17.11439
-17.11467
-17.11496
-17.11524
-17.11552
-17.11580
-17.11609
-17.11637
-17.11665
-17.11693
-17.11721
-17.11750
-17.11778
-17.11806
-17.11834
-17.11862
-17.11891
-17.11919
-17.11947
-17.11975
-17.12003
-17.12032
-17.12060
-17.12088
-17.12116
-17.12144
-17.12173
-17.12201
-17.12229
-17.12257
-17.12285
-17.12314
-17.12342
-17.12370
-17.12398
-17.12426
-17.12455
-17.12483
-17.12511
-17.12539
-17.12568
-17.12596
-17.12624
-17.12652
-17.12680
-17.12709
-17.12737
-17.12765
-17.12793
-17.12821
-17.12850
-17.12878
-17.12906
-17.12934
-17.12962
-17.12991
-17.13019
-17.13047
-17.13075
-17.13103
-17.13132
-17.13160
-17.13188
-17.13216
-17.13244
-17.13273
-17.13301
-17.13329
-17.13357
-17.13385
-17.13414
-17.13442
-17.13470
-17.13498
-17.13527
-17.13555
-17.13583
-17.13611
-17.13639
-17.13668
-17.13696
-17.13724
-17.13752
-17.13780
-17.13809
-17.13837
-17.13865
-17.13893
-17.13921
-17.13950
-17.13978
-17.14006
-17.14034
-17.14062
-17.14091
-17.14119
-17.14147
-17.14175
-17.14203
-17.14232
-17.14260
-17.14288
-17.14316
-17.14344
-17.14373
-17.14401
-17.14429
-17.14457
-17.14486
-17.14514
-17.14542
-17.14570
-17.14598
-17.14627
-17.14655
-17.14683
-17.14711
-17.14739
-17.14768
-17.14796
-17.14824
-17.14852
-17.14880
-17.14909
-17.14937
-17.14965
-17.14993
-17.15021
-17.15050
-17.15078
-17.15106
-17.15134
-17.15162
-17.15191
-17.15219
-17.15247
-17.15275
-17.15303
-17.15332
-17.15360
-17.15388
-17.15416
-17.15444
-17.15473
-17.15501
-17.15529
-17.15557
-17.15586
-17.15614
-17.15642
-17.15670
-17.15698
-17.15727
-17.15755
-17.15783
-17.15811
-17.15839
-17.15868
-17.15896
-17.15924
-17.15952
-17.15980
-17.16009
-17.16037
-17.16065
-17.16093
-17.16121
-17.16150
-17.16178
-17.16206
-17.16234
-17.16262
-17.16291
-17.16319
-17.16347
-17.16375
-17.16403
-17.16432
-17.16460
-17.16488
-17.16516
-17.16544
-17.16573
-17.16601
-17.16629
-17.16657
-17.16686
-17.16714
-17.16742
-17.16770
-17.16798
-17.16827
-17.16855
-17.16883
-17.16911
-17.16939
-17.16968
-17.16996
-17.17024
-17.17052
-17.17080
-17.17109
-17.17137
-17.17165
-17.17193
-17.17221
-17.17250
-17.17278
-17.17306
-17.17334
-17.17362
-17.17391
-17.17419
-17.17447
-17.17475
-17.17503
-17.17532
-17.17560
-17.17588
-17.17616
-17.17644
-17.17673
-17.17701
-17.17729
-17.17757
-17.17785
-17.17814
-17.17842
-17.17870
-17.17898
-17.17927
-17.17955
-17.17983
-17.18011
-17.18039
-17.18068
-17.18096
-17.18124
-17.18152
-17.18180
-17.18209
-17.18237
-17.18265
-17.18293
-17.18321
-17.18350
-17.18378
-17.18406
-17.18434
-17.18462
-17.18491
-17.18519
-17.18547
-17.18575
-17.18603
-17.18632
-17.18660
-17.18688
-17.18716
-17.18744
-17.18773
-17.18801
-17.18829
-17.18857
-17.18885
-17.18914
-17.18942
-17.18970
-17.18998
-17.19026
-17.19055
-17.19083
-17.19111
-17.19139
-17.19167
-17.19196
-17.19224
-17.19252
-17.19280
-17.19309
-17.19337
-17.19365
-17.19393
-17.19421
-17.19450
-17.19478
-17.19506
-17.19534
-17.19562
-17.19591
-17.19619
-17.19647
-17.19675
-17.19703
-17.19732
-17.19760
-17.19788
-17.19816
-17.19844
-17.19873
-17.19901
-17.19929
-17.19957
-17.19985
-17.20014
-17.20042
-17.20070
-17.20098
-17.20126
-17.20155
-17.20183
-17.20211
-17.20239
-17.20267
-17.20296
-17.20324
-17.20352
-17.20380
-17.20408
-17.20437
-17.20465
-17.20493
-17.20521
-17.20549
-17.20578
-17.20606
-17.20634
-17.20662
-17.20691
-17.20719
-17.20747
-17.20775
-17.20803
-17.20832
-17.20860
-17.20888
-17.20916
-17.20944
-17.20973
-17.21001
-17.21029
-17.21057
-17.21085
-17.21114
-17.21142
-17.21170
-17.21198
-17.21226
-17.21255
-17.21283
-17.21311
-17.21339
-17.21367
-17.21396
-17.21424
-17.21452
-17.21480
-17.21508
-17.21537
-17.21565
-17.21593
-17.21621
-17.21649
-17.21678
-17.21706
-17.21734
-17.21762
-17.21790
-17.21819
-17.21847
-17.21875
-17.21903
-17.21931
-17.21960
-17.21988
-17.22016
-17.22044
-17.22072
-17.22101
-17.22129
-17.22157
-17.22185
-17.22213
-17.22242
-17.22270
-17.22298
-17.22326
-17.22355
-17.22383
-17.22411
-17.22439
-17.22467
-17.22496
-17.22524
-17.22552
-17.22580
-17.22608
-17.22637
-17.22665
-17.22693
-17.22721
-17.22749
-17.22778
-17.22806
-17.22834
-17.22862
-17.22890
-17.22919
-17.22947
-17.22975
-17.23003
-17.23031
-17.23060
-17.23088
-17.23116
-17.23144
-17.23172
-17.23201
-17.23229
-17.23257
-17.23285
-17.23313
-17.23342
-17.23370
-17.23398
-17.23426
-17.23454
-17.23483
-17.23511
-17.23539
-17.23567
-17.23595
-17.23624
-17.23652
-17.23680
-17.23708
-17.23736
-17.23765
-17.23793
-17.23821
-17.23849
-17.23877
-17.23906
-17.23934
-17.23962
-17.23990
-17.24018
-17.24047
-17.24075
-17.24103
-17.24131
-17.24159
-17.24188
-17.24216
-17.24244
-17.24272
-17.24301
-17.24329
-17.24357
-17.24385
-17.24413
-17.24442
-17.24470
-17.24498
-17.24526
-17.24554
-17.24583
-17.24611
-17.24639
-17.24667
-17.24695
-17.24724
-17.24752
-17.24780
-17.24808
-17.24836
-17.24865
-17.24893
-17.24921
-17.24949
-17.24977
-17.25006
-17.25034
-17.25062
-17.25090
-17.25118
-17.25147
-17.25175
-17.25203
-17.25231
-17.25259
-17.25288
-17.25316
-17.25344
-17.25372
-17.25400
-17.25429
-17.25457
-17.25485
-17.25513
-17.25541
-17.25570
-17.25598
-17.25626
-17.25654
-17.25682
-17.25711
-17.25739
-17.25767
-17.25795
-17.25823
-17.25852
-17.25880
-17.25908
-17.25936
-17.25964
-17.25993
-17.26021
-17.26049
-17.26077
-17.26105
-17.26134
-17.26162
-17.26190
-17.26218
-17.26246
-17.26275
-17.26303
-17.26331
-17.26359
-17.26387
-17.26416
-17.26444
-17.26472
-17.26500
-17.26528
-17.26557
-17.26585
-17.26613
-17.26641
-17.26669
-17.26698
-17.26726
-17.26754
-17.26782
-17.26811
-17.26839
-17.26867
-17.26895
-17.26923
-17.26952
-17.26980
-17.27008
-17.27036
-17.27064
-17.27093
-17.27121
-17.27149
-17.27177
-17.27205
-17.27234
-17.27262
-17.27290
-17.27318
-17.27346
-17.27375
-17.27403
-17.27431
-17.27459
-17.27487
-17.27516
-17.27544
-17.27572
-17.27600
-17.27628
-17.27657
-17.27685
-17.27713
-17.27741
-17.27769
-17.27798
-17.27826
-17.27854
-17.27882
-17.27910
-17.27939
-17.27967
-17.27995
-17.28023
-17.28051
-17.28080
-17.28108
-17.28136
-17.28164
-17.28192
-17.28221
-17.28249
-17.28277
-17.28305
-17.28333
-17.28362
-17.28390
-17.28418
-17.28446
-17.28474
-17.28503
-17.28531
-17.28559
-17.28587
-17.28615
-17.28644
-17.28672
-17.28700
-17.28728
-17.28756
-17.28785
-17.28813
-17.28841
-17.28869
-17.28897
-17.28926
-17.28954
-17.28982
-17.29010
-17.29038
-17.29067
-17.29095
-17.29123
-17.29151
-17.29179
-17.29208
-17.29236
-17.29264
-17.29292
-17.29320
-17.29349
-17.29377
-17.29405
-17.29433
-17.29461
-17.29490
-17.29518
-17.29546
-17.29574
-17.29602
-17.29631
-17.29659
-17.29687
-17.29715
-17.29743
-17.29772
-17.29800
-17.29828
-17.29856
-17.29884
-17.29913
-17.29941
-17.29969
-17.29997
-17.30025
-17.30054
-17.30082
-17.30110
-17.30138
-17.30166
-17.30195
-17.30223
-17.30251
-17.30279
-17.30307
-17.30336
-17.30364
-17.30392
-17.30420
-17.30448
-17.30477
-17.30505
-17.30533
-17.30561
-17.30589
-17.30618
-17.30646
-17.30674
-17.30702
-17.30730
-17.30759
-17.30787
-17.30815
-17.30843
-17.30871
-17.30900
-17.30928
-17.30956
-17.30984
-17.31012
-17.31041
-17.31069
-17.31097
-17.31125
-17.31153
-17.31182
-17.31210
-17.31238
-17.31266
-17.31294
-17.31323
-17.31351
-17.31379
-17.31407
-17.31435
-17.31464
-17.31492
-17.31520
-17.31548
-17.31577
-17.31605
-17.31633
-17.31661
-17.31689
-17.31718
-17.31746
-17.31774
-17.31802
-17.31830
-17.31859
-17.31887
-17.31915
-17.31943
-17.31971
-17.32000
-17.32028
-17.32056
-17.32084
-17.32112
-17.32141
-17.32169
-17.32197
-17.32225
-17.32253
-17.32282
-17.32310
-17.32338
-17.32366
-17.32394
-17.32423
-17.32451
-17.32479
-17.32507
-17.32535
-17.32564
-17.32592
-17.32620
-17.32648
-17.32676
-17.32705
-17.32733
-17.32761
-17.32789
-17.32817
-17.32846
-17.32874
-17.32902
-17.32930
-17.32958
-17.32987
-17.33015
-17.33043
-17.33071
-17.33099
-17.33128
-17.33156
-17.33184
-17.33212
-17.33240
-17.33269
-17.33297
-17.33325
-17.33353
-17.33381
-17.33410
-17.33438
-17.33466
-17.33494
-17.33522
-17.33551
-17.33579
-17.33607
-17.33635
-17.33663
-17.33692
-17.33720
-17.33748
-17.33776
-17.33804
-17.33833
-17.33861
-17.33889
-17.33917
-17.33945
-17.33974
-17.34002
-17.34030
-17.34058
-17.34086
-17.34115
-17.34143
-17.34171
-17.34199
-17.34227
-17.34256
-17.34284
-17.34312
-17.34340
-17.34368
-17.34397
-17.34425
-17.34453
-17.34481
-17.34509
-17.34538
-17.34566
-17.34594
-17.34622
-17.34650
-17.34679
-17.34707
-17.34735
-17.34763
-17.34791
-17.34820
-17.34848
-17.34876
-17.34904
-17.34932
-17.34961
-17.34989
-17.35017
-17.35045
-17.35073
-17.35101
-17.35130
-17.35158
-17.35186
-17.35214
-17.35242
-17.35271
-17.35299
-17.35327
-17.35355
-17.35383
-17.35412
-17.35440
-17.35468
-17.35496
-17.35524
-17.35553
-17.35581
-17.35609
-17.35637
-17.35665
-17.35694
-17.35722
-17.35750
-17.35778
-17.35806
-17.35835
-17.35863
-17.35891
-17.35919
-17.35947
-17.35976
-17.36004
-17.36032
-17.36060
-17.36088
-17.36117
-17.36145
-17.36173
-17.36201
-17.36229
-17.36258
-17.36286
-17.36314
-17.36342
-17.36370
-17.36399
-17.36427
-17.36455
-17.36483
-17.36511
-17.36540
-17.36568
-17.36596
-17.36624
-17.36652
-17.36681
-17.36709
-17.36737
-17.36765
-17.36793
-17.36822
-17.36850
-17.36878
-17.36906
-17.36934
-17.36963
-17.36991
-17.37019
-17.37047
-17.37075
-17.37104
-17.37132
-17.37160
-17.37188
-17.37216
-17.37245
-17.37273
-17.37301
-17.37329
-17.37357
-17.37386
-17.37414
-17.37442
-17.37470
-17.37498
-17.37527
-17.37555
-17.37583
-17.37611
-17.37639
-17.37668
-17.37696
-17.37724
-17.37752
-17.37780
-17.37809
-17.37837
-17.37865
-17.37893
-17.37921
-17.37950
-17.37978
-17.38006
-17.38034
-17.38062
-17.38091
-17.38119
-17.38147
-17.38175
-17.38203
-17.38232
-17.38260
-17.38288
-17.38316
-17.38344
-17.38373
-17.38401
-17.38429
-17.38457
-17.38485
-17.38514
-17.38542
-17.38570
-17.38598
-17.38626
-17.38655
-17.38683
-17.38711
-17.38739
-17.38767
-17.38796
-17.38824
-17.38852
-17.38880
-17.38908
-17.38937
-17.38965
-17.38993
-17.39021
-17.39049
-17.39078
-17.39106
-17.39134
-17.39162
-17.39190
-17.39219
-17.39247
-17.39275
-17.39303
-17.39331
-17.39360
-17.39388
-17.39416
-17.39444
-17.39472
-17.39501
-17.39529
-17.39557
-17.39585
-17.39613
-17.39642
-17.39670
-17.39698
-17.39726
-17.39754
-17.39783
-17.39811
-17.39839
-17.39867
-17.39895
-17.39923
-17.39952
-17.39980
-17.40008
-17.40036
-17.40064
-17.40093
-17.40121
-17.40149
-17.40177
-17.40205
-17.40234
-17.40262
-17.40290
-17.40318
-17.40346
-17.40375
-17.40403
-17.40431
-17.40459
-17.40487
-17.40516
-17.40544
-17.40572
-17.40600
-17.40628
-17.40657
-17.40685
-17.40713
-17.40741
-17.40769
-17.40798
-17.40826
-17.40854
-17.40882
-17.40910
-17.40939
-17.40967
-17.40995
-17.41023
-17.41051
-17.41080
-17.41108
-17.41136
-17.41164
-17.41192
-17.41221
-17.41249
-17.41277
-17.41305
-17.41333
-17.41362
-17.41390
-17.41418
-17.41446
-17.41474
-17.41503
-17.41531
-17.41559
-17.41587
-17.41615
-17.41644
-17.41672
-17.41700
-17.41728
-17.41756
-17.41785
-17.41813
-17.41841
-17.41869
-17.41897
-17.41926
-17.41954
-17.41982
-17.42010
-17.42038
-17.42067
-17.42095
-17.42123
-17.42151
-17.42179
-17.42208
-17.42236
-17.42264
-17.42292
-17.42320
-17.42348
-17.42377
-17.42405
-17.42433
-17.42461
-17.42489
-17.42518
-17.42546
-17.42574
-17.42602
-17.42630
-17.42659
-17.42687
-17.42715
-17.42743
-17.42771
-17.42800
-17.42828
-17.42856
-17.42884
-17.42912
-17.42941
-17.42969
-17.42997
-17.43025
-17.43053
-17.43082
-17.43110
-17.43138
-17.43166
-17.43194
-17.43223
-17.43251
-17.43279
-17.43307
-17.43335
-17.43364
-17.43392
-17.43420
-17.43448
-17.43476
-17.43505
-17.43533
-17.43561
-17.43589
-17.43617
-17.43646
-17.43674
-17.43702
-17.43730
-17.43758
-17.43787
-17.43815
-17.43843
-17.43871
-17.43899
-17.43928
-17.43956
-17.43984
-17.44012
-17.44040
-17.44069
-17.44097
-17.44125
-17.44153
-17.44181
-17.44210
-17.44238
-17.44266
-17.44294
-17.44322
-17.44350
-17.44379
-17.44407
-17.44435
-17.44463
-17.44491
-17.44520
-17.44548
-17.44576
-17.44604
-17.44632
-17.44661
-17.44689
-17.44717
-17.44745
-17.44773
-17.44802
-17.44830
-17.44858
-17.44886
-17.44914
-17.44943
-17.44971
-17.44999
-17.45027
-17.45055
-17.45084
-17.45112
-17.45140
-17.45168
-17.45196
-17.45225
-17.45253
-17.45281
-17.45309
-17.45337
-17.45366
-17.45394
-17.45422
-17.45450
-17.45478
-17.45507
-17.45535
-17.45563
-17.45591
-17.45619
-17.45648
-17.45676
-17.45704
-17.45732
-17.45760
-17.45789
-17.45817
-17.45845
-17.45873
-17.45901
-17.45930
-17.45958
-17.45986
-17.46014
-17.46042
-17.46070
-17.46099
-17.46127
-17.46155
-17.46183
-17.46211
-17.46240
-17.46268
-17.46296
-17.46324
-17.46352
-17.46381
-17.46409
-17.46437
-17.46465
-17.46493
-17.46522
-17.46550
-17.46578
-17.46606
-17.46634
-17.46663
-17.46691
-17.46719
-17.46747
-17.46775
-17.46804
-17.46832
-17.46860
-17.46888
-17.46916
-17.46945
-17.46973
-17.47001
-17.47029
-17.47057
-17.47086
-17.47114
-17.47142
-17.47170
-17.47198
-17.47227
-17.47255
-17.47283
-17.47311
-17.47339
-17.47368
-17.47396
-17.47424
-17.47452
-17.47480
-17.47508
-17.47537
-17.47565
-17.47593
-17.47621
-17.47649
-17.47678
-17.47706
-17.47734
-17.47762
-17.47790
-17.47819
-17.47847
-17.47875
-17.47903
-17.47931
-17.47960
-17.47988
-17.48016
-17.48044
-17.48072
-17.48101
-17.48129
-17.48157
-17.48185
-17.48213
-17.48242
-17.48270
-17.48298
-17.48326
-17.48354
-17.48383
-17.48411
-17.48439
-17.48467
-17.48495
-17.48524
-17.48552
-17.48580
-17.48608
-17.48636
-17.48665
-17.48693
-17.48721
-17.48749
-17.48777
-17.48805
-17.48834
-17.48862
-17.48890
-17.48918
-17.48946
-17.48975
-17.49003
-17.49031
-17.49059
-17.49087
-17.49116
-17.49144
-17.49172
-17.49200
-17.49228
-17.49257
-17.49285
-17.49313
-17.49341
-17.49369
-17.49398
-17.49426
-17.49454
-17.49482
-17.49510
-17.49539
-17.49567
-17.49595
-17.49623
-17.49651
-17.49680
-17.49708
-17.49736
-17.49764
-17.49792
-17.49821
-17.49849
-17.49877
-17.49905
-17.49933
-17.49962
-17.49990
-17.50018
-17.50046
-17.50074
-17.50102
-17.50131
-17.50159
-17.50187
-17.50215
-17.50243
-17.50272
-17.50300
-17.50328
-17.50356
-17.50384
-17.50413
-17.50441
-17.50469
-17.50497
-17.50525
-17.50554
-17.50582
-17.50610
-17.50638
-17.50666
-17.50695
-17.50723
-17.50751
-17.50779
-17.50807
-17.50836
-17.50864
-17.50892
-17.50920
-17.50948
-17.50977
-17.51005
-17.51033
-17.51061
-17.51089
-17.51117
-17.51146
-17.51174
-17.51202
-17.51230
-17.51258
-17.51287
-17.51315
-17.51343
-17.51371
-17.51399
-17.51428
-17.51456
-17.51484
-17.51512
-17.51540
-17.51569
-17.51597
-17.51625
-17.51653
-17.51681
-17.51710
-17.51738
-17.51766
-17.51794
-17.51822
-17.51851
-17.51879
-17.51907
-17.51935
-17.51963
-17.51992
-17.52020
-17.52048
-17.52076
-17.52104
-17.52133
-17.52161
-17.52189
-17.52217
-17.52245
-17.52273
-17.52302
-17.52330
-17.52358
-17.52386
-17.52414
-17.52443
-17.52471
-17.52499
-17.52527
-17.52555
-17.52584
-17.52612
-17.52640
-17.52668
-17.52696
-17.52725
-17.52753
-17.52781
-17.52809
-17.52837
-17.52866
-17.52894
-17.52922
-17.52950
-17.52978
-17.53007
-17.53035
-17.53063
-17.53091
-17.53119
-17.53148
-17.53176
-17.53204
-17.53232
-17.53260
-17.53288
-17.53317
-17.53345
-17.53373
-17.53401
-17.53429
-17.53458
-17.53486
-17.53514
-17.53542
-17.53570
-17.53599
-17.53627
-17.53655
-17.53683
-17.53711
-17.53740
-17.53768
-17.53796
-17.53824
-17.53852
-17.53881
-17.53909
-17.53937
-17.53965
-17.53993
-17.54022
-17.54050
-17.54078
-17.54106
-17.54134
-17.54162
-17.54191
-17.54219
-17.54247
-17.54275
-17.54303
-17.54332
-17.54360
-17.54388
-17.54416
-17.54444
-17.54473
-17.54501
-17.54529
-17.54557
-17.54585
-17.54614
-17.54642
-17.54670
-17.54698
-17.54726
-17.54755
-17.54783
-17.54811
-17.54839
-17.54867
-17.54896
-17.54924
-17.54952
-17.54980
-17.55008
-17.55037
-17.55065
-17.55093
-17.55121
-17.55149
-17.55177
-17.55206
-17.55234
-17.55262
-17.55290
-17.55318
-17.55347
-17.55375
-17.55403
-17.55431
-17.55459
-17.55488
-17.55516
-17.55544
-17.55572
-17.55600
-17.55629
-17.55657
-17.55685
-17.55713
-17.55741
-17.55770
-17.55798
-17.55826
-17.55854
-17.55882
-17.55911
-17.55939
-17.55967
-17.55995
-17.56023
-17.56051
-17.56080
-17.56108
-17.56136
-17.56164
-17.56192
-17.56221
-17.56249
-17.56277
-17.56305
-17.56333
-17.56362
-17.56390
-17.56418
-17.56446
-17.56474
-17.56503
-17.56531
-17.56559
-17.56587
-17.56615
-17.56644
-17.56672
-17.56700
-17.56728
-17.56756
-17.56785
-17.56813
-17.56841
-17.56869
-17.56897
-17.56925
-17.56954
-17.56982
-17.57010
-17.57038
-17.57066
-17.57095
-17.57123
-17.57151
-17.57179
-17.57207
-17.57236
-17.57264
-17.57292
-17.57320
-17.57348
-17.57377
-17.57405
-17.57433
-17.57461
-17.57489
-17.57518
-17.57546
-17.57574
-17.57602
-17.57630
-17.57658
-17.57687
-17.57715
-17.57743
-17.57771
-17.57799
-17.57828
-17.57856
-17.57884
-17.57912
-17.57940
-17.57969
-17.57997
-17.58025
-17.58053
-17.58081
-17.58110
-17.58138
-17.58166
-17.58194
-17.58222
-17.58251
-17.58279
-17.58307
-17.58335
-17.58363
-17.58392
-17.58420
-17.58448
-17.58476
-17.58504
-17.58532
-17.58561
-17.58589
-17.58617
-17.58645
-17.58673
-17.58702
-17.58730
-17.58758
-17.58786
-17.58814
-17.58843
-17.58871
-17.58899
-17.58927
-17.58955
-17.58984
-17.59012
-17.59040
-17.59068
-17.59096
-17.59125
-17.59153
-17.59181
-17.59209
-17.59237
-17.59265
-17.59294
-17.59322
-17.59350
-17.59378
-17.59406
-17.59435
-17.59463
-17.59491
-17.59519
-17.59547
-17.59576
-17.59604
-17.59632
-17.59660
-17.59688
-17.59717
-17.59745
-17.59773
-17.59801
-17.59829
-17.59858
-17.59886
-17.59914
-17.59942
-17.59970
-17.59998
-17.60027
-17.60055
-17.60083
-17.60111
-17.60139
-17.60168
-17.60196
-17.60224
-17.60252
-17.60280
-17.60309
-17.60337
-17.60365
-17.60393
-17.60421
-17.60450
-17.60478
-17.60506
-17.60534
-17.60562
-17.60591
-17.60619
-17.60647
-17.60675
-17.60703
-17.60731
-17.60760
-17.60788
-17.60816
-17.60844
-17.60872
-17.60901
-17.60929
-17.60957
-17.60985
-17.61013
-17.61042
-17.61070
-17.61098
-17.61126
-17.61154
-17.61183
-17.61211
-17.61239
-17.61267
-17.61295
-17.61324
-17.61352
-17.61380
-17.61408
-17.61436
-17.61464
-17.61493
-17.61521
-17.61549
-17.61577
-17.61605
-17.61634
-17.61662
-17.61690
-17.61718
-17.61746
-17.61775
-17.61803
-17.61831
-17.61859
-17.61887
-17.61916
-17.61944
-17.61972
-17.62000
-17.62028
-17.62057
-17.62085
-17.62113
-17.62141
-17.62169
-17.62197
-17.62226
-17.62254
-17.62282
-17.62310
-17.62338
-17.62367
-17.62395
-17.62423
-17.62451
-17.62479
-17.62508
-17.62536
-17.62564
-17.62592
-17.62620
-17.62649
-17.62677
-17.62705
-17.62733
-17.62761
-17.62789
-17.62818
-17.62846
-17.62874
-17.62902
-17.62930
-17.62959
-17.62987
-17.63015
-17.63043
-17.63071
-17.63100
-17.63128
-17.63156
-17.63184
-17.63212
-17.63241
-17.63269
-17.63297
-17.63325
-17.63353
-17.63382
-17.63410
-17.63438
-17.63466
-17.63494
-17.63522
-17.63551
-17.63579
-17.63607
-17.63635
-17.63663
-17.63692
-17.63720
-17.63748
-17.63776
-17.63804
-17.63833
-17.63861
-17.63889
-17.63917
-17.63945
-17.63974
-17.64002
-17.64030
-17.64058
-17.64086
-17.64114
-17.64143
-17.64171
-17.64199
-17.64227
-17.64255
-17.64284
-17.64312
-17.64340
-17.64368
-17.64396
-17.64425
-17.64453
-17.64481
-17.64509
-17.64537
-17.64566
-17.64594
-17.64622
-17.64650
-17.64678
-17.64706
-17.64735
-17.64763
-17.64791
-17.64819
-17.64847
-17.64876
-17.64904
-17.64932
-17.64960
-17.64988
-17.65017
-17.65045
-17.65073
-17.65101
-17.65129
-17.65158
-17.65186
-17.65214
-17.65242
-17.65270
-17.65298
-17.65327
-17.65355
-17.65383
-17.65411
-17.65439
-17.65468
-17.65496
-17.65524
-17.65552
-17.65580
-17.65609
-17.65637
-17.65665
-17.65693
-17.65721
-17.65750
-17.65778
-17.65806
-17.65834
-17.65862
-17.65891
-17.65919
-17.65947
-17.65975
-17.66003
-17.66031
-17.66060
-17.66088
-17.66116
-17.66144
-17.66172
-17.66201
-17.66229
-17.66257
-17.66285
-17.66313
-17.66342
-17.66370
-17.66398
-17.66426
-17.66454
-17.66483
-17.66511
-17.66539
-17.66567
-17.66595
-17.66623
-17.66652
-17.66680
-17.66708
-17.66736
-17.66764
-17.66793
-17.66821
-17.66849
-17.66877
-17.66905
-17.66934
-17.66962
-17.66990
-17.67018
-17.67046
-17.67075
-17.67103
-17.67131
-17.67159
-17.67187
-17.67215
-17.67244
-17.67272
-17.67300
-17.67328
-17.67356
-17.67385
-17.67413
-17.67441
-17.67469
-17.67497
-17.67526
-17.67554
-17.67582
-17.67610
-17.67638
-17.67666
-17.67695
-17.67723
-17.67751
-17.67779
-17.67807
-17.67836
-17.67864
-17.67892
-17.67920
-17.67948
-17.67977
-17.68005
-17.68033
-17.68061
-17.68089
-17.68118
-17.68146
-17.68174
-17.68202
-17.68230
-17.68258
-17.68287
-17.68315
-17.68343
-17.68371
-17.68399
-17.68428
-17.68456
-17.68484
-17.68512
-17.68540
-17.68569
-17.68597
-17.68625
-17.68653
-17.68681
-17.68710
-17.68738
-17.68766
-17.68794
-17.68822
-17.68850
-17.68879
-17.68907
-17.68935
-17.68963
-17.68991
-17.69020
-17.69048
-17.69076
-17.69104
-17.69132
-17.69161
-17.69189
-17.69217
-17.69245
-17.69273
-17.69302
-17.69330
-17.69358
-17.69386
-17.69414
-17.69442
-17.69471
-17.69499
-17.69527
-17.69555
-17.69583
-17.69612
-17.69640
-17.69668
-17.69696
-17.69724
-17.69753
-17.69781
-17.69809
-17.69837
-17.69865
-17.69893
-17.69922
-17.69950
-17.69978
-17.70006
-17.70034
-17.70063
-17.70091
-17.70119
-17.70147
-17.70175
-17.70204
-17.70232
-17.70260
-17.70288
-17.70316
-17.70345
-17.70373
-17.70401
-17.70429
-17.70457
-17.70485
-17.70514
-17.70542
-17.70570
-17.70598
-17.70626
-17.70655
-17.70683
-17.70711
-17.70739
-17.70767
-17.70796
-17.70824
-17.70852
-17.70880
-17.70908
-17.70937
-17.70965
-17.70993
-17.71021
-17.71049
-17.71077
-17.71106
-17.71134
-17.71162
-17.71190
-17.71218
-17.71247
-17.71275
-17.71303
-17.71331
-17.71359
-17.71388
-17.71416
-17.71444
-17.71472
-17.71500
-17.71528
-17.71557
-17.71585
-17.71613
-17.71641
-17.71669
-17.71698
-17.71726
-17.71754
-17.71782
-17.71810
-17.71839
-17.71867
-17.71895
-17.71923
-17.71951
-17.71979
-17.72008
-17.72036
-17.72064
-17.72092
-17.72120
-17.72149
-17.72177
-17.72205
-17.72233
-17.72261
-17.72290
-17.72318
-17.72346
-17.72374
-17.72402
-17.72431
-17.72459
-17.72487
-17.72515
-17.72543
-17.72571
-17.72600
-17.72628
-17.72656
-17.72684
-17.72712
-17.72741
-17.72769
-17.72797
-17.72825
-17.72853
-17.72882
-17.72910
-17.72938
-17.72966
-17.72994
-17.73022
-17.73051
-17.73079
-17.73107
-17.73135
-17.73163
-17.73192
-17.73220
-17.73248
-17.73276
-17.73304
-17.73333
-17.73361
-17.73389
-17.73417
-17.73445
-17.73473
-17.73502
-17.73530
-17.73558
-17.73586
-17.73614
-17.73643
-17.73671
-17.73699
-17.73727
-17.73755
-17.73784
-17.73812
-17.73840
-17.73868
-17.73896
-17.73925
-17.73953
-17.73981
-17.74009
-17.74037
-17.74065
-17.74094
-17.74122
-17.74150
-17.74178
-17.74206
-17.74235
-17.74263
-17.74291
-17.74319
-17.74347
-17.74376
-17.74404
-17.74432
-17.74460
-17.74488
-17.74516
-17.74545
-17.74573
-17.74601
-17.74629
-17.74657
-17.74686
-17.74714
-17.74742
-17.74770
-17.74798
-17.74827
-17.74855
-17.74883
-17.74911
-17.74939
-17.74967
-17.74996
-17.75024
-17.75052
-17.75080
-17.75108
-17.75137
-17.75165
-17.75193
-17.75221
-17.75249
-17.75278
-17.75306
-17.75334
-17.75362
-17.75390
-17.75418
-17.75447
-17.75475
-17.75503
-17.75531
-17.75559
-17.75588
-17.75616
-17.75644
-17.75672
-17.75700
-17.75729
-17.75757
-17.75785
-17.75813
-17.75841
-17.75869
-17.75898
-17.75926
-17.75954
-17.75982
-17.76010
-17.76039
-17.76067
-17.76095
-17.76123
-17.76151
-17.76180
-17.76208
-17.76236
-17.76264
-17.76292
-17.76320
-17.76349
-17.76377
-17.76405
-17.76433
-17.76461
-17.76490
-17.76518
-17.76546
-17.76574
-17.76602
-17.76631
-17.76659
-17.76687
-17.76715
-17.76743
-17.76771
-17.76800
-17.76828
-17.76856
-17.76884
-17.76912
-17.76941
-17.76969
-17.76997
-17.77025
-17.77053
-17.77082
-17.77110
-17.77138
-17.77166
-17.77194
-17.77222
-17.77251
-17.77279
-17.77307
-17.77335
-17.77363
-17.77392
-17.77420
-17.77448
-17.77476
-17.77504
-17.77533
-17.77561
-17.77589
-17.77617
-17.77645
-17.77673
-17.77702
-17.77730
-17.77758
-17.77786
-17.77814
-17.77843
-17.77871
-17.77899
-17.77927
-17.77955
-17.77984
-17.78012
-17.78040
-17.78068
-17.78096
-17.78124
-17.78153
-17.78181
-17.78209
-17.78237
-17.78265
-17.78294
-17.78322
-17.78350
-17.78378
-17.78406
-17.78435
-17.78463
-17.78491
-17.78519
-17.78547
-17.78575
-17.78604
-17.78632
-17.78660
-17.78688
-17.78716
-17.78745
-17.78773
-17.78801
-17.78829
-17.78857
-17.78886
-17.78914
-17.78942
-17.78970
-17.78998
-17.79026
-17.79055
-17.79083
-17.79111
-17.79139
-17.79167
-17.79196
-17.79224
-17.79252
-17.79280
-17.79308
-17.79337
-17.79365
-17.79393
-17.79421
-17.79449
-17.79477
-17.79506
-17.79534
-17.79562
-17.79590
-17.79618
-17.79647
-17.79675
-17.79703
-17.79731
-17.79759
-17.79788
-17.79816
-17.79844
-17.79872
-17.79900
-17.79928
-17.79957
-17.79985
-17.80013
-17.80041
-17.80069
-17.80098
-17.80126
-17.80154
-17.80182
-17.80210
-17.80238
-17.80267
-17.80295
-17.80323
-17.80351
-17.80379
-17.80408
-17.80436
-17.80464
-17.80492
-17.80520
-17.80549
-17.80577
-17.80605
-17.80633
-17.80661
-17.80689
-17.80718
-17.80746
-17.80774
-17.80802
-17.80830
-17.80859
-17.80887
-17.80915
-17.80943
-17.80971
-17.81000
-17.81028
-17.81056
-17.81084
-17.81112
-17.81140
-17.81169
-17.81197
-17.81225
-17.81253
-17.81281
-17.81310
-17.81338
-17.81366
-17.81394
-17.81422
-17.81451
-17.81479
-17.81507
-17.81535
-17.81563
-17.81591
-17.81620
-17.81648
-17.81676
-17.81704
-17.81732
-17.81761
-17.81789
-17.81817
-17.81845
-17.81873
-17.81901
-17.81930
-17.81958
-17.81986
-17.82014
-17.82042
-17.82071
-17.82099
-17.82127
-17.82155
-17.82183
-17.82212
-17.82240
-17.82268
-17.82296
-17.82324
-17.82352
-17.82381
-17.82409
-17.82437
-17.82465
-17.82493
-17.82522
-17.82550
-17.82578
-17.82606
-17.82634
-17.82663
-17.82691
-17.82719
-17.82747
-17.82775
-17.82803
-17.82832
-17.82860
-17.82888
-17.82916
-17.82944
-17.82973
-17.83001
-17.83029
-17.83057
-17.83085
-17.83113
-17.83142
-17.83170
-17.83198
-17.83226
-17.83254
-17.83283
-17.83311
-17.83339
-17.83367
-17.83395
-17.83424
-17.83452
-17.83480
-17.83508
-17.83536
-17.83564
-17.83593
-17.83621
-17.83649
-17.83677
-17.83705
-17.83734
-17.83762
-17.83790
-17.83818
-17.83846
-17.83874
-17.83903
-17.83931
-17.83959
-17.83987
-17.84015
-17.84044
-17.84072
-17.84100
-17.84128
-17.84156
-17.84185
-17.84213
-17.84241
-17.84269
-17.84297
-17.84325
-17.84354
-17.84382
-17.84410
-17.84438
-17.84466
-17.84495
-17.84523
-17.84551
-17.84579
-17.84607
-17.84635
-17.84664
-17.84692
-17.84720
-17.84748
-17.84776
-17.84805
-17.84833
-17.84861
-17.84889
-17.84917
-17.84946
-17.84974
-17.85002
-17.85030
-17.85058
-17.85086
-17.85115
-17.85143
-17.85171
-17.85199
-17.85227
-17.85256
-17.85284
-17.85312
-17.85340
-17.85368
-17.85396
-17.85425
-17.85453
-17.85481
-17.85509
-17.85537
-17.85566
-17.85594
-17.85622
-17.85650
-17.85678
-17.85707
-17.85735
-17.85763
-17.85791
-17.85819
-17.85847
-17.85876
-17.85904
-17.85932
-17.85960
-17.85988
-17.86017
-17.86045
-17.86073
-17.86101
-17.86129
-17.86157
-17.86186
-17.86214
-17.86242
-17.86270
-17.86298
-17.86327
-17.86355
-17.86383
-17.86411
-17.86439
-17.86468
-17.86496
-17.86524
-17.86552
-17.86580
-17.86608
-17.86637
-17.86665
-17.86693
-17.86721
-17.86749
-17.86778
-17.86806
-17.86834
-17.86862
-17.86890
-17.86918
-17.86947
-17.86975
-17.87003
-17.87031
-17.87059
-17.87088
-17.87116
-17.87144
-17.87172
-17.87200
-17.87229
-17.87257
-17.87285
-17.87313
-17.87341
-17.87369
-17.87398
-17.87426
-17.87454
-17.87482
-17.87510
-17.87539
-17.87567
-17.87595
-17.87623
-17.87651
-17.87679
-17.87708
-17.87736
-17.87764
-17.87792
-17.87820
-17.87849
-17.87877
-17.87905
-17.87933
-17.87961
-17.87989
-17.88018
-17.88046
-17.88074
-17.88102
-17.88130
-17.88159
-17.88187
-17.88215
-17.88243
-17.88271
-17.88300
-17.88328
-17.88356
-17.88384
-17.88412
-17.88440
-17.88469
-17.88497
-17.88525
-17.88553
-17.88581
-17.88610
-17.88638
-17.88666
-17.88694
-17.88722
-17.88750
-17.88779
-17.88807
-17.88835
-17.88863
-17.88891
-17.88920
-17.88948
-17.88976
-17.89004
-17.89032
-17.89060
-17.89089
-17.89117
-17.89145
-17.89173
-17.89201
-17.89230
-17.89258
-17.89286
-17.89314
-17.89342
-17.89371
-17.89399
-17.89427
-17.89455
-17.89483
-17.89511
-17.89540
-17.89568
-17.89596
-17.89624
-17.89652
-17.89681
-17.89709
-17.89737
-17.89765
-17.89793
-17.89821
-17.89850
-17.89878
-17.89906
-17.89934
-17.89962
-17.89991
-17.90019
-17.90047
-17.90075
-17.90103
-17.90131
-17.90160
-17.90188
-17.90216
-17.90244
-17.90272
-17.90301
-17.90329
-17.90357
-17.90385
-17.90413
-17.90441
-17.90470
-17.90498
-17.90526
-17.90554
-17.90582
-17.90611
-17.90639
-17.90667
-17.90695
-17.90723
-17.90752
-17.90780
-17.90808
-17.90836
-17.90864
-17.90892
-17.90921
-17.90949
-17.90977
-17.91005
-17.91033
-17.91062
-17.91090
-17.91118
-17.91146
-17.91174
-17.91202
-17.91231
-17.91259
-17.91287
-17.91315
-17.91343
-17.91372
-17.91400
-17.91428
-17.91456
-17.91484
-17.91512
-17.91541
-17.91569
-17.91597
-17.91625
-17.91653
-17.91682
-17.91710
-17.91738
-17.91766
-17.91794
-17.91822
-17.91851
-17.91879
-17.91907
-17.91935
-17.91963
-17.91992
-17.92020
-17.92048
-17.92076
-17.92104
-17.92132
-17.92161
-17.92189
-17.92217
-17.92245
-17.92273
-17.92302
-17.92330
-17.92358
-17.92386
-17.92414
-17.92443
-17.92471
-17.92499
-17.92527
-17.92555
-17.92583
-17.92612
-17.92640
-17.92668
-17.92696
-17.92724
-17.92753
-17.92781
-17.92809
-17.92837
-17.92865
-17.92893
-17.92922
-17.92950
-17.92978
-17.93006
-17.93034
-17.93063
-17.93091
-17.93119
-17.93147
-17.93175
-17.93203
-17.93232
-17.93260
-17.93288
-17.93316
-17.93344
-17.93373
-17.93401
-17.93429
-17.93457
-17.93485
-17.93513
-17.93542
-17.93570
-17.93598
-17.93626
-17.93654
-17.93683
-17.93711
-17.93739
-17.93767
-17.93795
-17.93823
-17.93852
-17.93880
-17.93908
-17.93936
-17.93964
-17.93993
-17.94021
-17.94049
-17.94077
-17.94105
-17.94133
-17.94162
-17.94190
-17.94218
-17.94246
-17.94274
-17.94303
-17.94331
-17.94359
-17.94387
-17.94415
-17.94443
-17.94472
-17.94500
-17.94528
-17.94556
-17.94584
-17.94613
-17.94641
-17.94669
-17.94697
-17.94725
-17.94753
-17.94782
-17.94810
-17.94838
-17.94866
-17.94894
-17.94923
-17.94951
-17.94979
-17.95007
-17.95035
-17.95063
-17.95092
-17.95120
-17.95148
-17.95176
-17.95204
-17.95233
-17.95261
-17.95289
-17.95317
-17.95345
-17.95373
-17.95402
-17.95430
-17.95458
-17.95486
-17.95514
-17.95543
-17.95571
-17.95599
-17.95627
-17.95655
-17.95683
-17.95712
-17.95740
-17.95768
-17.95796
-17.95824
-17.95853
-17.95881
-17.95909
-17.95937
-17.95965
-17.95993
-17.96022
-17.96050
-17.96078
-17.96106
-17.96134
-17.96163
-17.96191
-17.96219
-17.96247
-17.96275
-17.96303
-17.96332
-17.96360
-17.96388
-17.96416
-17.96444
-17.96473
-17.96501
-17.96529
-17.96557
-17.96585
-17.96613
-17.96642
-17.96670
-17.96698
-17.96726
-17.96754
-17.96783
-17.96811
-17.96839
-17.96867
-17.96895
-17.96923
-17.96952
-17.96980
-17.97008
-17.97036
-17.97064
-17.97093
-17.97121
-17.97149
-17.97177
-17.97205
-17.97233
-17.97262
-17.97290
-17.97318
-17.97346
-17.97374
-17.97403
-17.97431
-17.97459
-17.97487
-17.97515
-17.97543
-17.97572
-17.97600
-17.97628
-17.97656
-17.97684
-17.97713
-17.97741
-17.97769
-17.97797
-17.97825
-17.97853
-17.97882
-17.97910
-17.97938
-17.97966
-17.97994
-17.98023
-17.98051
-17.98079
-17.98107
-17.98135
-17.98163
-17.98192
-17.98220
-17.98248
-17.98276
-17.98304
-17.98333
-17.98361
-17.98389
-17.98417
-17.98445
-17.98473
-17.98502
-17.98530
-17.98558
-17.98586
-17.98614
-17.98643
-17.98671
-17.98699
-17.98727
-17.98755
-17.98783
-17.98812
-17.98840
-17.98868
-17.98896
-17.98924
-17.98953
-17.98981
-17.99009
-17.99037
-17.99065
-17.99093
-17.99122
-17.99150
-17.99178
-17.99206
-17.99234
-17.99263
-17.99291
-17.99319
-17.99347
-17.99375
-17.99403
-17.99432
-17.99460
-17.99488
-17.99516
-17.99544
-17.99573
-17.99601
-17.99629
-17.99657
-17.99685
-17.99713
-17.99742
-17.99770
-17.99798
-17.99826
-17.99854
-17.99883
-17.99911
-17.99939
-17.99967
-17.99995
-18.00023
-18.00052
-18.00080
-18.00108
-18.00136
-18.00164
-18.00193
-18.00221
-18.00249
-18.00277
-18.00305
-18.00333
-18.00362
-18.00390
-18.00418
-18.00446
-18.00474
-18.00503
-18.00531
-18.00559
-18.00587
-18.00615
-18.00643
-18.00672
-18.00700
-18.00728
-18.00756
-18.00784
-18.00813
-18.00841
-18.00869
-18.00897
-18.00925
-18.00953
-18.00982
-18.01010
-18.01038
-18.01066
-18.01094
-18.01122
-18.01151
-18.01179
-18.01207
-18.01235
-18.01263
-18.01292
-18.01320
-18.01348
-18.01376
-18.01404
-18.01432
-18.01461
-18.01489
-18.01517
-18.01545
-18.01573
-18.01602
-18.01630
-18.01658
-18.01686
-18.01714
-18.01742
-18.01771
-18.01799
-18.01827
-18.01855
-18.01883
-18.01912
-18.01940
-18.01968
-18.01996
-18.02024
-18.02052
-18.02081
-18.02109
-18.02137
-18.02165
-18.02193
-18.02222
-18.02250
-18.02278
-18.02306
-18.02334
-18.02362
-18.02391
-18.02419
-18.02447
-18.02475
-18.02503
-18.02532
-18.02560
-18.02588
-18.02616
-18.02644
-18.02672
-18.02701
-18.02729
-18.02757
-18.02785
-18.02813
-18.02841
-18.02870
-18.02898
-18.02926
-18.02954
-18.02982
-18.03011
-18.03039
-18.03067
-18.03095
-18.03123
-18.03151
-18.03180
-18.03208
-18.03236
-18.03264
-18.03292
-18.03321
-18.03349
-18.03377
-18.03405
-18.03433
-18.03461
-18.03490
-18.03518
-18.03546
-18.03574
-18.03602
-18.03631
-18.03659
-18.03687
-18.03715
-18.03743
-18.03771
-18.03800
-18.03828
-18.03856
-18.03884
-18.03912
-18.03941
-18.03969
-18.03997
-18.04025
-18.04053
-18.04081
-18.04110
-18.04138
-18.04166
-18.04194
-18.04222
-18.04250
-18.04279
-18.04307
-18.04335
-18.04363
-18.04391
-18.04420
-18.04448
-18.04476
-18.04504
-18.04532
-18.04560
-18.04589
-18.04617
-18.04645
-18.04673
-18.04701
-18.04730
-18.04758
-18.04786
-18.04814
-18.04842
-18.04870
-18.04899
-18.04927
-18.04955
-18.04983
-18.05011
-18.05040
-18.05068
-18.05096
-18.05124
-18.05152
-18.05180
-18.05209
-18.05237
-18.05265
-18.05293
-18.05321
-18.05349
-18.05378
-18.05406
-18.05434
-18.05462
-18.05490
-18.05519
-18.05547
-18.05575
-18.05603
-18.05631
-18.05659
-18.05688
-18.05716
-18.05744
-18.05772
-18.05800
-18.05829
-18.05857
-18.05885
-18.05913
-18.05941
-18.05969
-18.05998
-18.06026
-18.06054
-18.06082
-18.06110
-18.06138
-18.06167
-18.06195
-18.06223
-18.06251
-18.06279
-18.06308
-18.06336
-18.06364
-18.06392
-18.06420
-18.06448
-18.06477
-18.06505
-18.06533
-18.06561
-18.06589
-18.06618
-18.06646
-18.06674
-18.06702
-18.06730
-18.06758
-18.06787
-18.06815
-18.06843
-18.06871
-18.06899
-18.06928
-18.06956
-18.06984
-18.07012
-18.07040
-18.07068
-18.07097
-18.07125
-18.07153
-18.07181
-18.07209
-18.07237
-18.07266
-18.07294
-18.07322
-18.07350
-18.07378
-18.07407
-18.07435
-18.07463
-18.07491
-18.07519
-18.07547
-18.07576
-18.07604
-18.07632
-18.07660
-18.07688
-18.07717
-18.07745
-18.07773
-18.07801
-18.07829
-18.07857
-18.07886
-18.07914
-18.07942
-18.07970
-18.07998
-18.08026
-18.08055
-18.08083
-18.08111
-18.08139
-18.08167
-18.08196
-18.08224
-18.08252
-18.08280
-18.08308
-18.08336
-18.08365
-18.08393
-18.08421
-18.08449
-18.08477
-18.08506
-18.08534
-18.08562
-18.08590
-18.08618
-18.08646
-18.08675
-18.08703
-18.08731
-18.08759
-18.08787
-18.08815
-18.08844
-18.08872
-18.08900
-18.08928
-18.08956
-18.08985
-18.09013
-18.09041
-18.09069
-18.09097
-18.09125
-18.09154
-18.09182
-18.09210
-18.09238
-18.09266
-18.09295
-18.09323
-18.09351
-18.09379
-18.09407
-18.09435
-18.09464
-18.09492
-18.09520
-18.09548
-18.09576
-18.09604
-18.09633
-18.09661
-18.09689
-18.09717
-18.09745
-18.09774
-18.09802
-18.09830
-18.09858
-18.09886
-18.09914
-18.09943
-18.09971
-18.09999
-18.10027
-18.10055
-18.10083
-18.10112
-18.10140
-18.10168
-18.10196
-18.10224
-18.10253
-18.10281
-18.10309
-18.10337
-18.10365
-18.10393
-18.10422
-18.10450
-18.10478
-18.10506
-18.10534
-18.10563
-18.10591
-18.10619
-18.10647
-18.10675
-18.10703
-18.10732
-18.10760
-18.10788
-18.10816
-18.10844
-18.10872
-18.10901
-18.10929
-18.10957
-18.10985
-18.11013
-18.11042
-18.11070
-18.11098
-18.11126
-18.11154
-18.11182
-18.11211
-18.11239
-18.11267
-18.11295
-18.11323
-18.11351
-18.11380
-18.11408
-18.11436
-18.11464
-18.11492
-18.11521
-18.11549
-18.11577
-18.11605
-18.11633
-18.11661
-18.11690
-18.11718
-18.11746
-18.11774
-18.11802
-18.11831
-18.11859
-18.11887
-18.11915
-18.11943
-18.11971
-18.12000
-18.12028
-18.12056
-18.12084
-18.12112
-18.12140
-18.12169
-18.12197
-18.12225
-18.12253
-18.12281
-18.12310
-18.12338
-18.12366
-18.12394
-18.12422
-18.12450
-18.12479
-18.12507
-18.12535
-18.12563
-18.12591
-18.12619
-18.12648
-18.12676
-18.12704
-18.12732
-18.12760
-18.12789
-18.12817
-18.12845
-18.12873
-18.12901
-18.12929
-18.12958
-18.12986
-18.13014
-18.13042
-18.13070
-18.13098
-18.13127
-18.13155
-18.13183
-18.13211
-18.13239
-18.13268
-18.13296
-18.13324
-18.13352
-18.13380
-18.13408
-18.13437
-18.13465
-18.13493
-18.13521
-18.13549
-18.13577
-18.13606
-18.13634
-18.13662
-18.13690
-18.13718
-18.13747
-18.13775
-18.13803
-18.13831
-18.13859
-18.13887
-18.13916
-18.13944
-18.13972
-18.14000
-18.14028
-18.14057
-18.14085
-18.14113
-18.14141
-18.14169
-18.14197
-18.14226
-18.14254
-18.14282
-18.14310
-18.14338
-18.14366
-18.14395
-18.14423
-18.14451
-18.14479
-18.14507
-18.14536
-18.14564
-18.14592
-18.14620
-18.14648
-18.14676
-18.14705
-18.14733
-18.14761
-18.14789
-18.14817
-18.14845
-18.14874
-18.14902
-18.14930
-18.14958
-18.14986
-18.15015
-18.15043
-18.15071
-18.15099
-18.15127
-18.15155
-18.15184
-18.15212
-18.15240
-18.15268
-18.15296
-18.15324
-18.15353
-18.15381
-18.15409
-18.15437
-18.15465
-18.15494
-18.15522
-18.15550
-18.15578
-18.15606
-18.15634
-18.15663
-18.15691
-18.15719
-18.15747
-18.15775
-18.15803
-18.15832
-18.15860
-18.15888
-18.15916
-18.15944
-18.15973
-18.16001
-18.16029
-18.16057
-18.16085
-18.16113
-18.16142
-18.16170
-18.16198
-18.16226
-18.16254
-18.16282
-18.16311
-18.16339
-18.16367
-18.16395
-18.16423
-18.16452
-18.16480
-18.16508
-18.16536
-18.16564
-18.16592
-18.16621
-18.16649
-18.16677
-18.16705
-18.16733
-18.16761
-18.16790
-18.16818
-18.16846
-18.16874
-18.16902
-18.16930
-18.16959
-18.16987
-18.17015
-18.17043
-18.17071
-18.17100
-18.17128
-18.17156
-18.17184
-18.17212
-18.17240
-18.17269
-18.17297
-18.17325
-18.17353
-18.17381
-18.17409
-18.17438
-18.17466
-18.17494
-18.17522
-18.17550
-18.17579
-18.17607
-18.17635
-18.17663
-18.17691
-18.17719
-18.17748
-18.17776
-18.17804
-18.17832
-18.17860
-18.17888
-18.17917
-18.17945
-18.17973
-18.18001
-18.18029
-18.18058
-18.18086
-18.18114
-18.18142
-18.18170
-18.18198
-18.18227
-18.18255
-18.18283
-18.18311
-18.18339
-18.18367
-18.18396
-18.18424
-18.18452
-18.18480
-18.18508
-18.18537
-18.18565
-18.18593
-18.18621
-18.18649
-18.18677
-18.18706
-18.18734
-18.18762
-18.18790
-18.18818
-18.18846
-18.18875
-18.18903
-18.18931
-18.18959
-18.18987
-18.19015
-18.19044
-18.19072
-18.19100
-18.19128
-18.19156
-18.19185
-18.19213
-18.19241
-18.19269
-18.19297
-18.19325
-18.19354
-18.19382
-18.19410
-18.19438
-18.19466
-18.19494
-18.19523
-18.19551
-18.19579
-18.19607
-18.19635
-18.19664
-18.19692
-18.19720
-18.19748
-18.19776
-18.19804
-18.19833
-18.19861
-18.19889
-18.19917
-18.19945
-18.19973
-18.20002
-18.20030
-18.20058
-18.20086
-18.20114
-18.20143
-18.20171
-18.20199
-18.20227
-18.20255
-18.20283
-18.20312
-18.20340
-18.20368
-18.20396
-18.20424
-18.20452
-18.20481
-18.20509
-18.20537
-18.20565
-18.20593
-18.20621
-18.20650
-18.20678
-18.20706
-18.20734
-18.20762
-18.20791
-18.20819
-18.20847
-18.20875
-18.20903
-18.20931
-18.20960
-18.20988
-18.21016
-18.21044
-18.21072
-18.21100
-18.21129
-18.21157
-18.21185
-18.21213
-18.21241
-18.21270
-18.21298
-18.21326
-18.21354
-18.21382
-18.21410
-18.21439
-18.21467
-18.21495
-18.21523
-18.21551
-18.21579
-18.21608
-18.21636
-18.21664
-18.21692
-18.21720
-18.21748
-18.21777
-18.21805
-18.21833
-18.21861
-18.21889
-18.21918
-18.21946
-18.21974
-18.22002
-18.22030
-18.22058
-18.22087
-18.22115
-18.22143
-18.22171
-18.22199
-18.22227
-18.22256
-18.22284
-18.22312
-18.22340
-18.22368
-18.22396
-18.22425
-18.22453
-18.22481
-18.22509
-18.22537
-18.22566
-18.22594
-18.22622
-18.22650
-18.22678
-18.22706
-18.22735
-18.22763
-18.22791
-18.22819
-18.22847
-18.22875
-18.22904
-18.22932
-18.22960
-18.22988
-18.23016
-18.23045
-18.23073
-18.23101
-18.23129
-18.23157
-18.23185
-18.23214
-18.23242
-18.23270
-18.23298
-18.23326
-18.23354
-18.23383
-18.23411
-18.23439
-18.23467
-18.23495
-18.23523
-18.23552
-18.23580
-18.23608
-18.23636
-18.23664
-18.23693
-18.23721
-18.23749
-18.23777
-18.23805
-18.23833
-18.23862
-18.23890
-18.23918
-18.23946
-18.23974
-18.24002
-18.24031
-18.24059
-18.24087
-18.24115
-18.24143
-18.24171
-18.24200
-18.24228
-18.24256
-18.24284
-18.24312
-18.24341
-18.24369
-18.24397
-18.24425
-18.24453
-18.24481
-18.24510
-18.24538
-18.24566
-18.24594
-18.24622
-18.24650
-18.24679
-18.24707
-18.24735
-18.24763
-18.24791
-18.24819
-18.24848
-18.24876
-18.24904
-18.24932
-18.24960
-18.24989
-18.25017
-18.25045
-18.25073
-18.25101
-18.25129
-18.25158
-18.25186
-18.25214
-18.25242
-18.25270
-18.25298
-18.25327
-18.25355
-18.25383
-18.25411
-18.25439
-18.25467
-18.25496
-18.25524
-18.25552
-18.25580
-18.25608
-18.25636
-18.25665
-18.25693
-18.25721
-18.25749
-18.25777
-18.25806
-18.25834
-18.25862
-18.25890
-18.25918
-18.25946
-18.25975
-18.26003
-18.26031
-18.26059
-18.26087
-18.26115
-18.26144
-18.26172
-18.26200
-18.26228
-18.26256
-18.26284
-18.26313
-18.26341
-18.26369
-18.26397
-18.26425
-18.26454
-18.26482
-18.26510
-18.26538
-18.26566
-18.26594
-18.26623
-18.26651
-18.26679
-18.26707
-18.26735
-18.26763
-18.26792
-18.26820
-18.26848
-18.26876
-18.26904
-18.26932
-18.26961
-18.26989
-18.27017
-18.27045
-18.27073
-18.27102
-18.27130
-18.27158
-18.27186
-18.27214
-18.27242
-18.27271
-18.27299
-18.27327
-18.27355
-18.27383
-18.27411
-18.27440
-18.27468
-18.27496
-18.27524
-18.27552
-18.27580
-18.27609
-18.27637
-18.27665
-18.27693
-18.27721
-18.27749
-18.27778
-18.27806
-18.27834
-18.27862
-18.27890
-18.27919
-18.27947
-18.27975
-18.28003
-18.28031
-18.28059
-18.28088
-18.28116
-18.28144
-18.28172
-18.28200
-18.28228
-18.28257
-18.28285
-18.28313
-18.28341
-18.28369
-18.28397
-18.28426
-18.28454
-18.28482
-18.28510
-18.28538
-18.28566
-18.28595
-18.28623
-18.28651
-18.28679
-18.28707
-18.28736
-18.28764
-18.28792
-18.28820
-18.28848
-18.28876
-18.28905
-18.28933
-18.28961
-18.28989
-18.29017
-18.29045
-18.29074
-18.29102
-18.29130
-18.29158
-18.29186
-18.29214
-18.29243
-18.29271
-18.29299
-18.29327
-18.29355
-18.29384
-18.29412
-18.29440
-18.29468
-18.29496
-18.29524
-18.29553
-18.29581
-18.29609
-18.29637
-18.29665
-18.29693
-18.29722
-18.29750
-18.29778
-18.29806
-18.29834
-18.29862
-18.29891
-18.29919
-18.29947
-18.29975
-18.30003
-18.30031
-18.30060
-18.30088
-18.30116
-18.30144
-18.30172
-18.30200
-18.30229
-18.30257
-18.30285
-18.30313
-18.30341
-18.30370
-18.30398
-18.30426
-18.30454
-18.30482
-18.30510
-18.30539
-18.30567
-18.30595
-18.30623
-18.30651
-18.30679
-18.30708
-18.30736
-18.30764
-18.30792
-18.30820
-18.30848
-18.30877
-18.30905
-18.30933
-18.30961
-18.30989
-18.31017
-18.31046
-18.31074
-18.31102
-18.31130
-18.31158
-18.31187
-18.31215
-18.31243
-18.31271
-18.31299
-18.31327
-18.31356
-18.31384
-18.31412
-18.31440
-18.31468
-18.31496
-18.31525
-18.31553
-18.31581
-18.31609
-18.31637
-18.31665
-18.31694
-18.31722
-18.31750
-18.31778
-18.31806
-18.31834
-18.31863
-18.31891
-18.31919
-18.31947
-18.31975
-18.32004
-18.32032
-18.32060
-18.32088
-18.32116
-18.32144
-18.32173
-18.32201
-18.32229
-18.32257
-18.32285
-18.32313
-18.32342
-18.32370
-18.32398
-18.32426
-18.32454
-18.32482
-18.32511
-18.32539
-18.32567
-18.32595
-18.32623
-18.32651
-18.32680
-18.32708
-18.32736
-18.32764
-18.32792
-18.32820
-18.32849
-18.32877
-18.32905
-18.32933
-18.32961
-18.32990
-18.33018
-18.33046
-18.33074
-18.33102
-18.33130
-18.33159
-18.33187
-18.33215
-18.33243
-18.33271
-18.33299
-18.33328
-18.33356
-18.33384
-18.33412
-18.33440
-18.33468
-18.33497
-18.33525
-18.33553
-18.33581
-18.33609
-18.33637
-18.33666
-18.33694
-18.33722
-18.33750
-18.33778
-18.33806
-18.33835
-18.33863
-18.33891
-18.33919
-18.33947
-18.33976
-18.34004
-18.34032
-18.34060
-18.34088
-18.34116
-18.34145
-18.34173
-18.34201
-18.34229
-18.34257
-18.34285
-18.34314
-18.34342
-18.34370
-18.34398
-18.34426
-18.34454
-18.34483
-18.34511
-18.34539
-18.34567
-18.34595
-18.34623
-18.34652
-18.34680
-18.34708
-18.34736
-18.34764
-18.34792
-18.34821
-18.34849
-18.34877
-18.34905
-18.34933
-18.34961
-18.34990
-18.35018
-18.35046
-18.35074
-18.35102
-18.35131
-18.35159
-18.35187
-18.35215
-18.35243
-18.35271
-18.35300
-18.35328
-18.35356
-18.35384
-18.35412
-18.35440
-18.35469
-18.35497
-18.35525
-18.35553
-18.35581
-18.35609
-18.35638
-18.35666
-18.35694
-18.35722
-18.35750
-18.35778
-18.35807
-18.35835
-18.35863
-18.35891
-18.35919
-18.35947
-18.35976
-18.36004
-18.36032
-18.36060
-18.36088
-18.36116
-18.36145
-18.36173
-18.36201
-18.36229
-18.36257
-18.36286
-18.36314
-18.36342
-18.36370
-18.36398
-18.36426
-18.36455
-18.36483
-18.36511
-18.36539
-18.36567
-18.36595
-18.36624
-18.36652
-18.36680
-18.36708
-18.36736
-18.36764
-18.36793
-18.36821
-18.36849
-18.36877
-18.36905
-18.36933
-18.36962
-18.36990
-18.37018
-18.37046
-18.37074
-18.37102
-18.37131
-18.37159
-18.37187
-18.37215
-18.37243
-18.37271
-18.37300
-18.37328
-18.37356
-18.37384
-18.37412
-18.37440
-18.37469
-18.37497
-18.37525
-18.37553
-18.37581
-18.37610
-18.37638
-18.37666
-18.37694
-18.37722
-18.37750
-18.37779
-18.37807
-18.37835
-18.37863
-18.37891
-18.37919
-18.37948
-18.37976
-18.38004
-18.38032
-18.38060
-18.38088
-18.38117
-18.38145
-18.38173
-18.38201
-18.38229
-18.38257
-18.38286
-18.38314
-18.38342
-18.38370
-18.38398
-18.38426
-18.38455
-18.38483
-18.38511
-18.38539
-18.38567
-18.38595
-18.38624
-18.38652
-18.38680
-18.38708
-18.38736
-18.38764
-18.38793
-18.38821
-18.38849
-18.38877
-18.38905
-18.38933
-18.38962
-18.38990
-18.39018
-18.39046
-18.39074
-18.39103
-18.39131
-18.39159
-18.39187
-18.39215
-18.39243
-18.39272
-18.39300
-18.39328
-18.39356
-18.39384
-18.39412
-18.39441
-18.39469
-18.39497
-18.39525
-18.39553
-18.39581
-18.39610
-18.39638
-18.39666
-18.39694
-18.39722
-18.39750
-18.39779
-18.39807
-18.39835
-18.39863
-18.39891
-18.39919
-18.39948
-18.39976
-18.40004
-18.40032
-18.40060
-18.40088
-18.40117
-18.40145
-18.40173
-18.40201
-18.40229
-18.40257
-18.40286
-18.40314
-18.40342
-18.40370
-18.40398
-18.40426
-18.40455
-18.40483
-18.40511
-18.40539
-18.40567
-18.40595
-18.40624
-18.40652
-18.40680
-18.40708
-18.40736
-18.40765
-18.40793
-18.40821
-18.40849
-18.40877
-18.40905
-18.40934
-18.40962
-18.40990
-18.41018
-18.41046
-18.41074
-18.41103
-18.41131
-18.41159
-18.41187
-18.41215
-18.41243
-18.41272
-18.41300
-18.41328
-18.41356
-18.41384
-18.41412
-18.41441
-18.41469
-18.41497
-18.41525
-18.41553
-18.41581
-18.41610
-18.41638
-18.41666
-18.41694
-18.41722
-18.41750
-18.41779
-18.41807
-18.41835
-18.41863
-18.41891
-18.41919
-18.41948
-18.41976
-18.42004
-18.42032
-18.42060
-18.42088
-18.42117
-18.42145
-18.42173
-18.42201
-18.42229
-18.42257
-18.42286
-18.42314
-18.42342
-18.42370
-18.42398
-18.42426
-18.42455
-18.42483
-18.42511
-18.42539
-18.42567
-18.42595
-18.42624
-18.42652
-18.42680
-18.42708
-18.42736
-18.42764
-18.42793
-18.42821
-18.42849
-18.42877
-18.42905
-18.42934
-18.42962
-18.42990
-18.43018
-18.43046
-18.43074
-18.43103
-18.43131
-18.43159
-18.43187
-18.43215
-18.43243
-18.43272
-18.43300
-18.43328
-18.43356
-18.43384
-18.43412
-18.43441
-18.43469
-18.43497
-18.43525
-18.43553
-18.43581
-18.43610
-18.43638
-18.43666
-18.43694
-18.43722
-18.43750
-18.43779
-18.43807
-18.43835
-18.43863
-18.43891
-18.43919
-18.43948
-18.43976
-18.44004
-18.44032
-18.44060
-18.44088
-18.44117
-18.44145
-18.44173
-18.44201
-18.44229
-18.44257
-18.44286
-18.44314
-18.44342
-18.44370
-18.44398
-18.44426
-18.44455
-18.44483
-18.44511
-18.44539
-18.44567
-18.44595
-18.44624
-18.44652
-18.44680
-18.44708
-18.44736
-18.44764
-18.44793
-18.44821
-18.44849
-18.44877
-18.44905
-18.44933
-18.44962
-18.44990
-18.45018
-18.45046
-18.45074
-18.45102
-18.45131
-18.45159
-18.45187
-18.45215
-18.45243
-18.45271
-18.45300
-18.45328
-18.45356
-18.45384
-18.45412
-18.45440
-18.45469
-18.45497
-18.45525
-18.45553
-18.45581
-18.45609
-18.45638
-18.45666
-18.45694
-18.45722
-18.45750
-18.45778
-18.45807
-18.45835
-18.45863
-18.45891
-18.45919
-18.45947
-18.45976
-18.46004
-18.46032
-18.46060
-18.46088
-18.46117
-18.46145
-18.46173
-18.46201
-18.46229
-18.46257
-18.46286
-18.46314
-18.46342
-18.46370
-18.46398
-18.46426
-18.46455
-18.46483
-18.46511
-18.46539
-18.46567
-18.46595
-18.46624
-18.46652
-18.46680
-18.46708
-18.46736
-18.46764
-18.46793
-18.46821
-18.46849
-18.46877
-18.46905
-18.46933
-18.46962
-18.46990
-18.47018
-18.47046
-18.47074
-18.47102
-18.47131
-18.47159
-18.47187
-18.47215
-18.47243
-18.47271
-18.47300
-18.47328
-18.47356
-18.47384
-18.47412
-18.47440
-18.47469
-18.47497
-18.47525
-18.47553
-18.47581
-18.47609
-18.47638
-18.47666
-18.47694
-18.47722
-18.47750
-18.47778
-18.47807
-18.47835
-18.47863
-18.47891
-18.47919
-18.47947
-18.47976
-18.48004
-18.48032
-18.48060
-18.48088
-18.48116
-18.48145
-18.48173
-18.48201
-18.48229
-18.48257
-18.48285
-18.48314
-18.48342
-18.48370
-18.48398
-18.48426
-18.48454
-18.48483
-18.48511
-18.48539
-18.48567
-18.48595
-18.48623
-18.48652
-18.48680
-18.48708
-18.48736
-18.48764
-18.48792
-18.48821
-18.48849
-18.48877
-18.48905
-18.48933
-18.48961
-18.48990
-18.49018
-18.49046
-18.49074
-18.49102
-18.49130
-18.49159
-18.49187
-18.49215
-18.49243
-18.49271
-18.49299
-18.49328
-18.49356
-18.49384
-18.49412
-18.49440
-18.49468
-18.49497
-18.49525
-18.49553
-18.49581
-18.49609
-18.49637
-18.49666
-18.49694
-18.49722
-18.49750
-18.49778
-18.49806
-18.49835
-18.49863
-18.49891
-18.49919
-18.49947
-18.49975
-18.50004
-18.50032
-18.50060
-18.50088
-18.50116
-18.50144
-18.50173
-18.50201
-18.50229
-18.50257
-18.50285
-18.50313
-18.50342
-18.50370
-18.50398
-18.50426
-18.50454
-18.50482
-18.50511
-18.50539
-18.50567
-18.50595
-18.50623
-18.50651
-18.50680
-18.50708
-18.50736
-18.50764
-18.50792
-18.50820
-18.50849
-18.50877
-18.50905
-18.50933
-18.50961
-18.50989
-18.51018
-18.51046
-18.51074
-18.51102
-18.51130
-18.51158
-18.51187
-18.51215
-18.51243
-18.51271
-18.51299
-18.51327
-18.51356
-18.51384
-18.51412
-18.51440
-18.51468
-18.51496
-18.51525
-18.51553
-18.51581
-18.51609
-18.51637
-18.51665
-18.51694
-18.51722
-18.51750
-18.51778
-18.51806
-18.51834
-18.51863
-18.51891
-18.51919
-18.51947
-18.51975
-18.52003
-18.52032
-18.52060
-18.52088
-18.52116
-18.52144
-18.52172
-18.52201
-18.52229
-18.52257
-18.52285
-18.52313
-18.52341
-18.52370
-18.52398
-18.52426
-18.52454
-18.52482
-18.52510
-18.52539
-18.52567
-18.52595
-18.52623
-18.52651
-18.52679
-18.52708
-18.52736
-18.52764
-18.52792
-18.52820
-18.52848
-18.52877
-18.52905
-18.52933
-18.52961
-18.52989
-18.53017
-18.53045
-18.53074
-18.53102
-18.53130
-18.53158
-18.53186
-18.53214
-18.53243
-18.53271
-18.53299
-18.53327
-18.53355
-18.53383
-18.53412
-18.53440
-18.53468
-18.53496
-18.53524
-18.53552
-18.53581
-18.53609
-18.53637
-18.53665
-18.53693
-18.53721
-18.53750
-18.53778
-18.53806
-18.53834
-18.53862
-18.53890
-18.53919
-18.53947
-18.53975
-18.54003
-18.54031
-18.54059
-18.54088
-18.54116
-18.54144
-18.54172
-18.54200
-18.54228
-18.54257
-18.54285
-18.54313
-18.54341
-18.54369
-18.54397
-18.54426
-18.54454
-18.54482
-18.54510
-18.54538
-18.54566
-18.54595
-18.54623
-18.54651
-18.54679
-18.54707
-18.54735
-18.54764
-18.54792
-18.54820
-18.54848
-18.54876
-18.54904
-18.54933
-18.54961
-18.54989
-18.55017
-18.55045
-18.55073
-18.55102
-18.55130
-18.55158
-18.55186
-18.55214
-18.55242
-18.55271
-18.55299
-18.55327
-18.55355
-18.55383
-18.55411
-18.55440
-18.55468
-18.55496
-18.55524
-18.55552
-18.55580
-18.55609
-18.55637
-18.55665
-18.55693
-18.55721
-18.55749
-18.55778
-18.55806
-18.55834
-18.55862
-18.55890
-18.55918
-18.55947
-18.55975
-18.56003
-18.56031
-18.56059
-18.56087
-18.56116
-18.56144
-18.56172
-18.56200
-18.56228
-18.56256
-18.56284
-18.56313
-18.56341
-18.56369
-18.56397
-18.56425
-18.56453
-18.56482
-18.56510
-18.56538
-18.56566
-18.56594
-18.56622
-18.56651
-18.56679
-18.56707
-18.56735
-18.56763
-18.56791
-18.56820
-18.56848
-18.56876
-18.56904
-18.56932
-18.56960
-18.56989
-18.57017
-18.57045
-18.57073
-18.57101
-18.57129
-18.57158
-18.57186
-18.57214
-18.57242
-18.57270
-18.57298
-18.57327
-18.57355
-18.57383
-18.57411
-18.57439
-18.57467
-18.57496
-18.57524
-18.57552
-18.57580
-18.57608
-18.57636
-18.57665
-18.57693
-18.57721
-18.57749
-18.57777
-18.57805
-18.57834
-18.57862
-18.57890
-18.57918
-18.57946
-18.57974
-18.58003
-18.58031
-18.58059
-18.58087
-18.58115
-18.58143
-18.58172
-18.58200
-18.58228
-18.58256
-18.58284
-18.58312
-18.58340
-18.58369
-18.58397
-18.58425
-18.58453
-18.58481
-18.58509
-18.58538
-18.58566
-18.58594
-18.58622
-18.58650
-18.58678
-18.58707
-18.58735
-18.58763
-18.58791
-18.58819
-18.58847
-18.58876
-18.58904
-18.58932
-18.58960
-18.58988
-18.59016
-18.59045
-18.59073
-18.59101
-18.59129
-18.59157
-18.59185
-18.59214
-18.59242
-18.59270
-18.59298
-18.59326
-18.59354
-18.59383
-18.59411
-18.59439
-18.59467
-18.59495
-18.59523
-18.59552
-18.59580
-18.59608
-18.59636
-18.59664
-18.59692
-18.59721
-18.59749
-18.59777
-18.59805
-18.59833
-18.59861
-18.59890
-18.59918
-18.59946
-18.59974
-18.60002
-18.60030
-18.60058
-18.60087
-18.60115
-18.60143
-18.60171
-18.60199
-18.60227
-18.60256
-18.60284
-18.60312
-18.60340
-18.60368
-18.60396
-18.60425
-18.60453
-18.60481
-18.60509
-18.60537
-18.60565
-18.60594
-18.60622
-18.60650
-18.60678
-18.60706
-18.60734
-18.60763
-18.60791
-18.60819
-18.60847
-18.60875
-18.60903
-18.60932
-18.60960
-18.60988
-18.61016
-18.61044
-18.61072
-18.61101
-18.61129
-18.61157
-18.61185
-18.61213
-18.61241
-18.61270
-18.61298
-18.61326
-18.61354
-18.61382
-18.61410
-18.61439
-18.61467
-18.61495
-18.61523
-18.61551
-18.61579
-18.61607
-18.61636
-18.61664
-18.61692
-18.61720
-18.61748
-18.61776
-18.61805
-18.61833
-18.61861
-18.61889
-18.61917
-18.61945
-18.61974
-18.62002
-18.62030
-18.62058
-18.62086
-18.62114
-18.62143
-18.62171
-18.62199
-18.62227
-18.62255
-18.62283
-18.62312
-18.62340
-18.62368
-18.62396
-18.62424
-18.62452
-18.62481
-18.62509
-18.62537
-18.62565
-18.62593
-18.62621
-18.62650
-18.62678
-18.62706
-18.62734
-18.62762
-18.62790
-18.62818
-18.62847
-18.62875
-18.62903
-18.62931
-18.62959
-18.62987
-18.63016
-18.63044
-18.63072
-18.63100
-18.63128
-18.63156
-18.63185
-18.63213
-18.63241
-18.63269
-18.63297
-18.63325
-18.63354
-18.63382
-18.63410
-18.63438
-18.63466
-18.63494
-18.63523
-18.63551
-18.63579
-18.63607
-18.63635
-18.63663
-18.63692
-18.63720
-18.63748
-18.63776
-18.63804
-18.63832
-18.63861
-18.63889
-18.63917
-18.63945
-18.63973
-18.64001
-18.64029
-18.64058
-18.64086
-18.64114
-18.64142
-18.64170
-18.64198
-18.64227
-18.64255
-18.64283
-18.64311
-18.64339
-18.64367
-18.64396
-18.64424
-18.64452
-18.64480
-18.64508
-18.64536
-18.64565
-18.64593
-18.64621
-18.64649
-18.64677
-18.64705
-18.64734
-18.64762
-18.64790
-18.64818
-18.64846
-18.64874
-18.64903
-18.64931
-18.64959
-18.64987
-18.65015
-18.65043
-18.65071
-18.65100
-18.65128
-18.65156
-18.65184
-18.65212
-18.65240
-18.65269
-18.65297
-18.65325
-18.65353
-18.65381
-18.65409
-18.65438
-18.65466
-18.65494
-18.65522
-18.65550
-18.65578
-18.65607
-18.65635
-18.65663
-18.65691
-18.65719
-18.65747
-18.65776
-18.65804
-18.65832
-18.65860
-18.65888
-18.65916
-18.65945
-18.65973
-18.66001
-18.66029
-18.66057
-18.66085
-18.66113
-18.66142
-18.66170
-18.66198
-18.66226
-18.66254
-18.66282
-18.66311
-18.66339
-18.66367
-18.66395
-18.66423
-18.66451
-18.66480
-18.66508
-18.66536
-18.66564
-18.66592
-18.66620
-18.66649
-18.66677
-18.66705
-18.66733
-18.66761
-18.66789
-18.66818
-18.66846
-18.66874
-18.66902
-18.66930
-18.66958
-18.66987
-18.67015
-18.67043
-18.67071
-18.67099
-18.67127
-18.67155
-18.67184
-18.67212
-18.67240
-18.67268
-18.67296
-18.67324
-18.67353
-18.67381
-18.67409
-18.67437
-18.67465
-18.67493
-18.67522
-18.67550
-18.67578
-18.67606
-18.67634
-18.67662
-18.67691
-18.67719
-18.67747
-18.67775
-18.67803
-18.67831
-18.67860
-18.67888
-18.67916
-18.67944
-18.67972
-18.68000
-18.68028
-18.68057
-18.68085
-18.68113
-18.68141
-18.68169
-18.68197
-18.68226
-18.68254
-18.68282
-18.68310
-18.68338
-18.68366
-18.68395
-18.68423
-18.68451
-18.68479
-18.68507
-18.68535
-18.68564
-18.68592
-18.68620
-18.68648
-18.68676
-18.68704
-18.68733
-18.68761
-18.68789
-18.68817
-18.68845
-18.68873
-18.68901
-18.68930
-18.68958
-18.68986
-18.69014
-18.69042
-18.69070
-18.69099
-18.69127
-18.69155
-18.69183
-18.69211
-18.69239
-18.69268
-18.69296
-18.69324
-18.69352
-18.69380
-18.69408
-18.69437
-18.69465
-18.69493
-18.69521
-18.69549
-18.69577
-18.69606
-18.69634
-18.69662
-18.69690
-18.69718
-18.69746
-18.69774
-18.69803
-18.69831
-18.69859
-18.69887
-18.69915
-18.69943
-18.69972
-18.70000
-18.70028
-18.70056
-18.70084
-18.70112
-18.70141
-18.70169
-18.70197
-18.70225
-18.70253
-18.70281
-18.70310
-18.70338
-18.70366
-18.70394
-18.70422
-18.70450
-18.70478
-18.70507
-18.70535
-18.70563
-18.70591
-18.70619
-18.70647
-18.70676
-18.70704
-18.70732
-18.70760
-18.70788
-18.70816
-18.70845
-18.70873
-18.70901
-18.70929
-18.70957
-18.70985
-18.71014
-18.71042
-18.71070
-18.71098
-18.71126
-18.71154
-18.71183
-18.71211
-18.71239
-18.71267
-18.71295
-18.71323
-18.71351
-18.71380
-18.71408
-18.71436
-18.71464
-18.71492
-18.71520
-18.71549
-18.71577
-18.71605
-18.71633
-18.71661
-18.71689
-18.71718
-18.71746
-18.71774
-18.71802
-18.71830
-18.71858
-18.71887
-18.71915
-18.71943
-18.71971
-18.71999
-18.72027
-18.72055
-18.72084
-18.72112
-18.72140
-18.72168
-18.72196
-18.72224
-18.72253
-18.72281
-18.72309
-18.72337
-18.72365
-18.72393
-18.72422
-18.72450
-18.72478
-18.72506
-18.72534
-18.72562
-18.72591
-18.72619
-18.72647
-18.72675
-18.72703
-18.72731
-18.72759
-18.72788
-18.72816
-18.72844
-18.72872
-18.72900
-18.72928
-18.72957
-18.72985
-18.73013
-18.73041
-18.73069
-18.73097
-18.73126
-18.73154
-18.73182
-18.73210
-18.73238
-18.73266
-18.73295
-18.73323
-18.73351
-18.73379
-18.73407
-18.73435
-18.73463
-18.73492
-18.73520
-18.73548
-18.73576
-18.73604
-18.73632
-18.73661
-18.73689
-18.73717
-18.73745
-18.73773
-18.73801
-18.73830
-18.73858
-18.73886
-18.73914
-18.73942
-18.73970
-18.73999
-18.74027
-18.74055
-18.74083
-18.74111
-18.74139
-18.74167
-18.74196
-18.74224
-18.74252
-18.74280
-18.74308
-18.74336
-18.74365
-18.74393
-18.74421
-18.74449
-18.74477
-18.74505
-18.74534
-18.74562
-18.74590
-18.74618
-18.74646
-18.74674
-18.74702
-18.74731
-18.74759
-18.74787
-18.74815
-18.74843
-18.74871
-18.74900
-18.74928
-18.74956
-18.74984
-18.75012
-18.75040
-18.75069
-18.75097
-18.75125
-18.75153
-18.75181
-18.75209
-18.75238
-18.75266
-18.75294
-18.75322
-18.75350
-18.75378
-18.75406
-18.75435
-18.75463
-18.75491
-18.75519
-18.75547
-18.75575
-18.75604
-18.75632
-18.75660
-18.75688
-18.75716
-18.75744
-18.75773
-18.75801
-18.75829
-18.75857
-18.75885
-18.75913
-18.75942
-18.75970
-18.75998
-18.76026
-18.76054
-18.76082
-18.76110
-18.76139
-18.76167
-18.76195
-18.76223
-18.76251
-18.76279
-18.76308
-18.76336
-18.76364
-18.76392
-18.76420
-18.76448
-18.76477
-18.76505
-18.76533
-18.76561
-18.76589
-18.76617
-18.76645
-18.76674
-18.76702
-18.76730
-18.76758
-18.76786
-18.76814
-18.76843
-18.76871
-18.76899
-18.76927
-18.76955
-18.76983
-18.77012
-18.77040
-18.77068
-18.77096
-18.77124
-18.77152
-18.77180
-18.77209
-18.77237
-18.77265
-18.77293
-18.77321
-18.77349
-18.77378
-18.77406
-18.77434
-18.77462
-18.77490
-18.77518
-18.77547
-18.77575
-18.77603
-18.77631
-18.77659
-18.77687
-18.77716
-18.77744
-18.77772
-18.77800
-18.77828
-18.77856
-18.77884
-18.77913
-18.77941
-18.77969
-18.77997
-18.78025
-18.78053
-18.78082
-18.78110
-18.78138
-18.78166
-18.78194
-18.78222
-18.78251
-18.78279
-18.78307
-18.78335
-18.78363
-18.78391
-18.78419
-18.78448
-18.78476
-18.78504
-18.78532
-18.78560
-18.78588
-18.78617
-18.78645
-18.78673
-18.78701
-18.78729
-18.78757
-18.78786
-18.78814
-18.78842
-18.78870
-18.78898
-18.78926
-18.78954
-18.78983
-18.79011
-18.79039
-18.79067
-18.79095
-18.79123
-18.79152
-18.79180
-18.79208
-18.79236
-18.79264
-18.79292
-18.79321
-18.79349
-18.79377
-18.79405
-18.79433
-18.79461
-18.79489
-18.79518
-18.79546
-18.79574
-18.79602
-18.79630
-18.79658
-18.79687
-18.79715
-18.79743
-18.79771
-18.79799
-18.79827
-18.79856
-18.79884
-18.79912
-18.79940
-18.79968
-18.79996
-18.80024
-18.80053
-18.80081
-18.80109
-18.80137
-18.80165
-18.80193
-18.80222
-18.80250
-18.80278
-18.80306
-18.80334
-18.80362
-18.80391
-18.80419
-18.80447
-18.80475
-18.80503
-18.80531
-18.80559
-18.80588
-18.80616
-18.80644
-18.80672
-18.80700
-18.80728
-18.80757
-18.80785
-18.80813
-18.80841
-18.80869
-18.80897
-18.80926
-18.80954
-18.80982
-18.81010
-18.81038
-18.81066
-18.81094
-18.81123
-18.81151
-18.81179
-18.81207
-18.81235
-18.81263
-18.81292
-18.81320
-18.81348
-18.81376
-18.81404
-18.81432
-18.81461
-18.81489
-18.81517
-18.81545
-18.81573
-18.81601
-18.81629
-18.81658
-18.81686
-18.81714
-18.81742
-18.81770
-18.81798
-18.81827
-18.81855
-18.81883
-18.81911
-18.81939
-18.81967
-18.81996
-18.82024
-18.82052
-18.82080
-18.82108
-18.82136
-18.82164
-18.82193
-18.82221
-18.82249
-18.82277
-18.82305
-18.82333
-18.82362
-18.82390
-18.82418
-18.82446
-18.82474
-18.82502
-18.82531
-18.82559
-18.82587
-18.82615
-18.82643
-18.82671
-18.82699
-18.82728
-18.82756
-18.82784
-18.82812
-18.82840
-18.82868
-18.82897
-18.82925
-18.82953
-18.82981
-18.83009
-18.83037
-18.83065
-18.83094
-18.83122
-18.83150
-18.83178
-18.83206
-18.83234
-18.83263
-18.83291
-18.83319
-18.83347
-18.83375
-18.83403
-18.83432
-18.83460
-18.83488
-18.83516
-18.83544
-18.83572
-18.83600
-18.83629
-18.83657
-18.83685
-18.83713
-18.83741
-18.83769
-18.83798
-18.83826
-18.83854
-18.83882
-18.83910
-18.83938
-18.83967
-18.83995
-18.84023
-18.84051
-18.84079
-18.84107
-18.84135
-18.84164
-18.84192
-18.84220
-18.84248
-18.84276
-18.84304
-18.84333
-18.84361
-18.84389
-18.84417
-18.84445
-18.84473
-18.84501
-18.84530
-18.84558
-18.84586
-18.84614
-18.84642
-18.84670
-18.84699
-18.84727
-18.84755
-18.84783
-18.84811
-18.84839
-18.84868
-18.84896
-18.84924
-18.84952
-18.84980
-18.85008
-18.85036
-18.85065
-18.85093
-18.85121
-18.85149
-18.85177
-18.85205
-18.85234
-18.85262
-18.85290
-18.85318
-18.85346
-18.85374
-18.85403
-18.85431
-18.85459
-18.85487
-18.85515
-18.85543
-18.85571
-18.85600
-18.85628
-18.85656
-18.85684
-18.85712
-18.85740
-18.85769
-18.85797
-18.85825
-18.85853
-18.85881
-18.85909
-18.85937
-18.85966
-18.85994
-18.86022
-18.86050
-18.86078
-18.86106
-18.86135
-18.86163
-18.86191
-18.86219
-18.86247
-18.86275
-18.86304
-18.86332
-18.86360
-18.86388
-18.86416
-18.86444
-18.86472
-18.86501
-18.86529
-18.86557
-18.86585
-18.86613
-18.86641
-18.86670
-18.86698
-18.86726
-18.86754
-18.86782
-18.86810
-18.86838
-18.86867
-18.86895
-18.86923
-18.86951
-18.86979
-18.87007
-18.87036
-18.87064
-18.87092
-18.87120
-18.87148
-18.87176
-18.87204
-18.87233
-18.87261
-18.87289
-18.87317
-18.87345
-18.87373
-18.87402
-18.87430
-18.87458
-18.87486
-18.87514
-18.87542
-18.87571
-18.87599
-18.87627
-18.87655
-18.87683
-18.87711
-18.87739
-18.87768
-18.87796
-18.87824
-18.87852
-18.87880
-18.87908
-18.87937
-18.87965
-18.87993
-18.88021
-18.88049
-18.88077
-18.88105
-18.88134
-18.88162
-18.88190
-18.88218
-18.88246
-18.88274
-18.88303
-18.88331
-18.88359
-18.88387
-18.88415
-18.88443
-18.88471
-18.88500
-18.88528
-18.88556
-18.88584
-18.88612
-18.88640
-18.88669
-18.88697
-18.88725
-18.88753
-18.88781
-18.88809
-18.88838
-18.88866
-18.88894
-18.88922
-18.88950
-18.88978
-18.89006
-18.89035
-18.89063
-18.89091
-18.89119
-18.89147
-18.89175
-18.89204
-18.89232
-18.89260
-18.89288
-18.89316
-18.89344
-18.89372
-18.89401
-18.89429
-18.89457
-18.89485
-18.89513
-18.89541
-18.89570
-18.89598
-18.89626
-18.89654
-18.89682
-18.89710
-18.89738
-18.89767
-18.89795
-18.89823
-18.89851
-18.89879
-18.89907
-18.89936
-18.89964
-18.89992
-18.90020
-18.90048
-18.90076
-18.90105
-18.90133
-18.90161
-18.90189
-18.90217
-18.90245
-18.90273
-18.90302
-18.90330
-18.90358
-18.90386
-18.90414
-18.90442
-18.90471
-18.90499
-18.90527
-18.90555
-18.90583
-18.90611
-18.90639
-18.90668
-18.90696
-18.90724
-18.90752
-18.90780
-18.90808
-18.90837
-18.90865
-18.90893
-18.90921
-18.90949
-18.90977
-18.91005
-18.91034
-18.91062
-18.91090
-18.91118
-18.91146
-18.91174
-18.91203
-18.91231
-18.91259
-18.91287
-18.91315
-18.91343
-18.91371
-18.91400
-18.91428
-18.91456
-18.91484
-18.91512
-18.91540
-18.91569
-18.91597
-18.91625
-18.91653
-18.91681
-18.91709
-18.91737
-18.91766
-18.91794
-18.91822
-18.91850
-18.91878
-18.91906
-18.91935
-18.91963
-18.91991
-18.92019
-18.92047
-18.92075
-18.92103
-18.92132
-18.92160
-18.92188
-18.92216
-18.92244
-18.92272
-18.92301
-18.92329
-18.92357
-18.92385
-18.92413
-18.92441
-18.92469
-18.92498
-18.92526
-18.92554
-18.92582
-18.92610
-18.92638
-18.92667
-18.92695
-18.92723
-18.92751
-18.92779
-18.92807
-18.92835
-18.92864
-18.92892
-18.92920
-18.92948
-18.92976
-18.93004
-18.93033
-18.93061
-18.93089
-18.93117
-18.93145
-18.93173
-18.93202
-18.93230
-18.93258
-18.93286
-18.93314
-18.93342
-18.93370
-18.93399
-18.93427
-18.93455
-18.93483
-18.93511
-18.93539
-18.93568
-18.93596
-18.93624
-18.93652
-18.93680
-18.93708
-18.93736
-18.93765
-18.93793
-18.93821
-18.93849
-18.93877
-18.93905
-18.93934
-18.93962
-18.93990
-18.94018
-18.94046
-18.94074
-18.94102
-18.94131
-18.94159
-18.94187
-18.94215
-18.94243
-18.94271
-18.94300
-18.94328
-18.94356
-18.94384
-18.94412
-18.94440
-18.94468
-18.94497
-18.94525
-18.94553
-18.94581
-18.94609
-18.94637
-18.94666
-18.94694
-18.94722
-18.94750
-18.94778
-18.94806
-18.94834
-18.94863
-18.94891
-18.94919
-18.94947
-18.94975
-18.95003
-18.95032
-18.95060
-18.95088
-18.95116
-18.95144
-18.95172
-18.95200
-18.95229
-18.95257
-18.95285
-18.95313
-18.95341
-18.95369
-18.95398
-18.95426
-18.95454
-18.95482
-18.95510
-18.95538
-18.95566
-18.95595
-18.95623
-18.95651
-18.95679
-18.95707
-18.95735
-18.95763
-18.95792
-18.95820
-18.95848
-18.95876
-18.95904
-18.95932
-18.95961
-18.95989
-18.96017
-18.96045
-18.96073
-18.96101
-18.96129
-18.96158
-18.96186
-18.96214
-18.96242
-18.96270
-18.96298
-18.96327
-18.96355
-18.96383
-18.96411
-18.96439
-18.96467
-18.96495
-18.96524
-18.96552
-18.96580
-18.96608
-18.96636
-18.96664
-18.96693
-18.96721
-18.96749
-18.96777
-18.96805
-18.96833
-18.96861
-18.96890
-18.96918
-18.96946
-18.96974
-18.97002
-18.97030
-18.97059
-18.97087
-18.97115
-18.97143
-18.97171
-18.97199
-18.97227
-18.97256
-18.97284
-18.97312
-18.97340
-18.97368
-18.97396
-18.97425
-18.97453
-18.97481
-18.97509
-18.97537
-18.97565
-18.97593
-18.97622
-18.97650
-18.97678
-18.97706
-18.97734
-18.97762
-18.97791
-18.97819
-18.97847
-18.97875
-18.97903
-18.97931
-18.97959
-18.97988
-18.98016
-18.98044
-18.98072
-18.98100
-18.98128
-18.98157
-18.98185
-18.98213
-18.98241
-18.98269
-18.98297
-18.98325
-18.98354
-18.98382
-18.98410
-18.98438
-18.98466
-18.98494
-18.98522
-18.98551
-18.98579
-18.98607
-18.98635
-18.98663
-18.98691
-18.98720
-18.98748
-18.98776
-18.98804
-18.98832
-18.98860
-18.98888
-18.98917
-18.98945
-18.98973
-18.99001
-18.99029
-18.99057
-18.99086
-18.99114
-18.99142
-18.99170
-18.99198
-18.99226
-18.99254
-18.99283
-18.99311
-18.99339
-18.99367
-18.99395
-18.99423
-18.99452
-18.99480
-18.99508
-18.99536
-18.99564
-18.99592
-18.99620
-18.99649
-18.99677
-18.99705
-18.99733
-18.99761
-18.99789
-18.99817
-18.99846
-18.99874
-18.99902
-18.99930
-18.99958
-18.99986
-19.00015
-19.00043
-19.00071
-19.00099
-19.00127
-19.00155
-19.00183
-19.00212
-19.00240
-19.00268
-19.00296
-19.00324
-19.00352
-19.00381
-19.00409
-19.00437
-19.00465
-19.00493
-19.00521
-19.00549
-19.00578
-19.00606
-19.00634
-19.00662
-19.00690
-19.00718
-19.00747
-19.00775
-19.00803
-19.00831
-19.00859
-19.00887
-19.00915
-19.00944
-19.00972
-19.01000
-19.01028
-19.01056
-19.01084
-19.01112
-19.01141
-19.01169
-19.01197
-19.01225
-19.01253
-19.01281
-19.01310
-19.01338
-19.01366
-19.01394
-19.01422
-19.01450
-19.01478
-19.01507
-19.01535
-19.01563
-19.01591
-19.01619
-19.01647
-19.01676
-19.01704
-19.01732
-19.01760
-19.01788
-19.01816
-19.01844
-19.01873
-19.01901
-19.01929
-19.01957
-19.01985
-19.02013
-19.02041
-19.02070
-19.02098
-19.02126
-19.02154
-19.02182
-19.02210
-19.02239
-19.02267
-19.02295
-19.02323
-19.02351
-19.02379
-19.02407
-19.02436
-19.02464
-19.02492
-19.02520
-19.02548
-19.02576
-19.02605
-19.02633
-19.02661
-19.02689
-19.02717
-19.02745
-19.02773
-19.02802
-19.02830
-19.02858
-19.02886
-19.02914
-19.02942
-19.02970
-19.02999
-19.03027
-19.03055
-19.03083
-19.03111
-19.03139
-19.03168
-19.03196
-19.03224
-19.03252
-19.03280
-19.03308
-19.03336
-19.03365
-19.03393
-19.03421
-19.03449
-19.03477
-19.03505
-19.03534
-19.03562
-19.03590
-19.03618
-19.03646
-19.03674
-19.03702
-19.03731
-19.03759
-19.03787
-19.03815
-19.03843
-19.03871
-19.03899
-19.03928
-19.03956
-19.03984
-19.04012
-19.04040
-19.04068
-19.04097
-19.04125
-19.04153
-19.04181
-19.04209
-19.04237
-19.04265
-19.04294
-19.04322
-19.04350
-19.04378
-19.04406
-19.04434
-19.04463
-19.04491
-19.04519
-19.04547
-19.04575
-19.04603
-19.04631
-19.04660
-19.04688
-19.04716
-19.04744
-19.04772
-19.04800
-19.04828
-19.04857
-19.04885
-19.04913
-19.04941
-19.04969
-19.04997
-19.05026
-19.05054
-19.05082
-19.05110
-19.05138
-19.05166
-19.05194
-19.05223
-19.05251
-19.05279
-19.05307
-19.05335
-19.05363
-19.05391
-19.05420
-19.05448
-19.05476
-19.05504
-19.05532
-19.05560
-19.05589
-19.05617
-19.05645
-19.05673
-19.05701
-19.05729
-19.05757
-19.05786
-19.05814
-19.05842
-19.05870
-19.05898
-19.05926
-19.05954
-19.05983
-19.06011
-19.06039
-19.06067
-19.06095
-19.06123
-19.06152
-19.06180
-19.06208
-19.06236
-19.06264
-19.06292
-19.06320
-19.06349
-19.06377
-19.06405
-19.06433
-19.06461
-19.06489
-19.06517
-19.06546
-19.06574
-19.06602
-19.06630
-19.06658
-19.06686
-19.06715
-19.06743
-19.06771
-19.06799
-19.06827
-19.06855
-19.06883
-19.06912
-19.06940
-19.06968
-19.06996
-19.07024
-19.07052
-19.07081
-19.07109
-19.07137
-19.07165
-19.07193
-19.07221
-19.07249
-19.07278
-19.07306
-19.07334
-19.07362
-19.07390
-19.07418
-19.07446
-19.07475
-19.07503
-19.07531
-19.07559
-19.07587
-19.07615
-19.07644
-19.07672
-19.07700
-19.07728
-19.07756
-19.07784
-19.07812
-19.07841
-19.07869
-19.07897
-19.07925
-19.07953
-19.07981
-19.08009
-19.08038
-19.08066
-19.08094
-19.08122
-19.08150
-19.08178
-19.08207
-19.08235
-19.08263
-19.08291
-19.08319
-19.08347
-19.08375
-19.08404
-19.08432
-19.08460
-19.08488
-19.08516
-19.08544
-19.08572
-19.08601
-19.08629
-19.08657
-19.08685
-19.08713
-19.08741
-19.08769
-19.08798
-19.08826
-19.08854
-19.08882
-19.08910
-19.08938
-19.08967
-19.08995
-19.09023
-19.09051
-19.09079
-19.09107
-19.09135
-19.09164
-19.09192
-19.09220
-19.09248
-19.09276
-19.09304
-19.09332
-19.09361
-19.09389
-19.09417
-19.09445
-19.09473
-19.09501
-19.09530
-19.09558
-19.09586
-19.09614
-19.09642
-19.09670
-19.09698
-19.09727
-19.09755
-19.09783
-19.09811
-19.09839
-19.09867
-19.09895
-19.09924
-19.09952
-19.09980
-19.10008
-19.10036
-19.10064
-19.10093
-19.10121
-19.10149
-19.10177
-19.10205
-19.10233
-19.10261
-19.10290
-19.10318
-19.10346
-19.10374
-19.10402
-19.10430
-19.10458
-19.10487
-19.10515
-19.10543
-19.10571
-19.10599
-19.10627
-19.10656
-19.10684
-19.10712
-19.10740
-19.10768
-19.10796
-19.10824
-19.10853
-19.10881
-19.10909
-19.10937
-19.10965
-19.10993
-19.11021
-19.11050
-19.11078
-19.11106
-19.11134
-19.11162
-19.11190
-19.11218
-19.11247
-19.11275
-19.11303
-19.11331
-19.11359
-19.11387
-19.11416
-19.11444
-19.11472
-19.11500
-19.11528
-19.11556
-19.11584
-19.11613
-19.11641
-19.11669
-19.11697
-19.11725
-19.11753
-19.11781
-19.11810
-19.11838
-19.11866
-19.11894
-19.11922
-19.11950
-19.11979
-19.12007
-19.12035
-19.12063
-19.12091
-19.12119
-19.12147
-19.12176
-19.12204
-19.12232
-19.12260
-19.12288
-19.12316
-19.12344
-19.12373
-19.12401
-19.12429
-19.12457
-19.12485
-19.12513
-19.12541
-19.12570
-19.12598
-19.12626
-19.12654
-19.12682
-19.12710
-19.12739
-19.12767
-19.12795
-19.12823
-19.12851
-19.12879
-19.12907
-19.12936
-19.12964
-19.12992
-19.13020
-19.13048
-19.13076
-19.13104
-19.13133
-19.13161
-19.13189
-19.13217
-19.13245
-19.13273
-19.13301
-19.13330
-19.13358
-19.13386
-19.13414
-19.13442
-19.13470
-19.13499
-19.13527
-19.13555
-19.13583
-19.13611
-19.13639
-19.13667
-19.13696
-19.13724
-19.13752
-19.13780
-19.13808
-19.13836
-19.13864
-19.13893
-19.13921
-19.13949
-19.13977
-19.14005
-19.14033
-19.14061
-19.14090
-19.14118
-19.14146
-19.14174
-19.14202
-19.14230
-19.14259
-19.14287
-19.14315
-19.14343
-19.14371
-19.14399
-19.14427
-19.14456
-19.14484
-19.14512
-19.14540
-19.14568
-19.14596
-19.14624
-19.14653
-19.14681
-19.14709
-19.14737
-19.14765
-19.14793
-19.14821
-19.14850
-19.14878
-19.14906
-19.14934
-19.14962
-19.14990
-19.15019
-19.15047
-19.15075
-19.15103
-19.15131
-19.15159
-19.15187
-19.15216
-19.15244
-19.15272
-19.15300
-19.15328
-19.15356
-19.15384
-19.15413
-19.15441
-19.15469
-19.15497
-19.15525
-19.15553
-19.15581
-19.15610
-19.15638
-19.15666
-19.15694
-19.15722
-19.15750
-19.15779
-19.15807
-19.15835
-19.15863
-19.15891
-19.15919
-19.15947
-19.15976
-19.16004
-19.16032
-19.16060
-19.16088
-19.16116
-19.16144
-19.16173
-19.16201
-19.16229
-19.16257
-19.16285
-19.16313
-19.16341
-19.16370
-19.16398
-19.16426
-19.16454
-19.16482
-19.16510
-19.16538
-19.16567
-19.16595
-19.16623
-19.16651
-19.16679
-19.16707
-19.16736
-19.16764
-19.16792
-19.16820
-19.16848
-19.16876
-19.16904
-19.16933
-19.16961
-19.16989
-19.17017
-19.17045
-19.17073
-19.17101
-19.17130
-19.17158
-19.17186
-19.17214
-19.17242
-19.17270
-19.17298
-19.17327
-19.17355
-19.17383
-19.17411
-19.17439
-19.17467
-19.17495
-19.17524
-19.17552
-19.17580
-19.17608
-19.17636
-19.17664
-19.17693
-19.17721
-19.17749
-19.17777
-19.17805
-19.17833
-19.17861
-19.17890
-19.17918
-19.17946
-19.17974
-19.18002
-19.18030
-19.18058
-19.18087
-19.18115
-19.18143
-19.18171
-19.18199
-19.18227
-19.18255
-19.18284
-19.18312
-19.18340
-19.18368
-19.18396
-19.18424
-19.18452
-19.18481
-19.18509
-19.18537
-19.18565
-19.18593
-19.18621
-19.18650
-19.18678
-19.18706
-19.18734
-19.18762
-19.18790
-19.18818
-19.18847
-19.18875
-19.18903
-19.18931
-19.18959
-19.18987
-19.19015
-19.19044
-19.19072
-19.19100
-19.19128
-19.19156
-19.19184
-19.19212
-19.19241
-19.19269
-19.19297
-19.19325
-19.19353
-19.19381
-19.19409
-19.19438
-19.19466
-19.19494
-19.19522
-19.19550
-19.19578
-19.19607
-19.19635
-19.19663
-19.19691
-19.19719
-19.19747
-19.19775
-19.19804
-19.19832
-19.19860
-19.19888
-19.19916
-19.19944
-19.19972
-19.20001
-19.20029
-19.20057
-19.20085
-19.20113
-19.20141
-19.20169
-19.20198
-19.20226
-19.20254
-19.20282
-19.20310
-19.20338
-19.20366
-19.20395
-19.20423
-19.20451
-19.20479
-19.20507
-19.20535
-19.20563
-19.20592
-19.20620
-19.20648
-19.20676
-19.20704
-19.20732
-19.20761
-19.20789
-19.20817
-19.20845
-19.20873
-19.20901
-19.20929
-19.20958
-19.20986
-19.21014
-19.21042
-19.21070
-19.21098
-19.21126
-19.21155
-19.21183
-19.21211
-19.21239
-19.21267
-19.21295
-19.21323
-19.21352
-19.21380
-19.21408
-19.21436
-19.21464
-19.21492
-19.21520
-19.21549
-19.21577
-19.21605
-19.21633
-19.21661
-19.21689
-19.21717
-19.21746
-19.21774
-19.21802
-19.21830
-19.21858
-19.21886
-19.21915
-19.21943
-19.21971
-19.21999
-19.22027
-19.22055
-19.22083
-19.22112
-19.22140
-19.22168
-19.22196
-19.22224
-19.22252
-19.22280
-19.22309
-19.22337
-19.22365
-19.22393
-19.22421
-19.22449
-19.22477
-19.22506
-19.22534
-19.22562
-19.22590
-19.22618
-19.22646
-19.22674
-19.22703
-19.22731
-19.22759
-19.22787
-19.22815
-19.22843
-19.22871
-19.22900
-19.22928
-19.22956
-19.22984
-19.23012
-19.23040
-19.23068
-19.23097
-19.23125
-19.23153
-19.23181
-19.23209
-19.23237
-19.23265
-19.23294
-19.23322
-19.23350
-19.23378
-19.23406
-19.23434
-19.23463
-19.23491
-19.23519
-19.23547
-19.23575
-19.23603
-19.23631
-19.23660
-19.23688
-19.23716
-19.23744
-19.23772
-19.23800
-19.23828
-19.23857
-19.23885
-19.23913
-19.23941
-19.23969
-19.23997
-19.24025
-19.24054
-19.24082
-19.24110
-19.24138
-19.24166
-19.24194
-19.24222
-19.24251
-19.24279
-19.24307
-19.24335
-19.24363
-19.24391
-19.24419
-19.24448
-19.24476
-19.24504
-19.24532
-19.24560
-19.24588
-19.24616
-19.24645
-19.24673
-19.24701
-19.24729
-19.24757
-19.24785
-19.24813
-19.24842
-19.24870
-19.24898
-19.24926
-19.24954
-19.24982
-19.25010
-19.25039
-19.25067
-19.25095
-19.25123
-19.25151
-19.25179
-19.25208
-19.25236
-19.25264
-19.25292
-19.25320
-19.25348
-19.25376
-19.25405
-19.25433
-19.25461
-19.25489
-19.25517
-19.25545
-19.25573
-19.25602
-19.25630
-19.25658
-19.25686
-19.25714
-19.25742
-19.25770
-19.25799
-19.25827
-19.25855
-19.25883
-19.25911
-19.25939
-19.25967
-19.25996
-19.26024
-19.26052
-19.26080
-19.26108
-19.26136
-19.26164
-19.26193
-19.26221
-19.26249
-19.26277
-19.26305
-19.26333
-19.26361
-19.26390
-19.26418
-19.26446
-19.26474
-19.26502
-19.26530
-19.26558
-19.26587
-19.26615
-19.26643
-19.26671
-19.26699
-19.26727
-19.26755
-19.26784
-19.26812
-19.26840
-19.26868
-19.26896
-19.26924
-19.26952
-19.26981
-19.27009
-19.27037
-19.27065
-19.27093
-19.27121
-19.27149
-19.27178
-19.27206
-19.27234
-19.27262
-19.27290
-19.27318
-19.27347
-19.27375
-19.27403
-19.27431
-19.27459
-19.27487
-19.27515
-19.27544
-19.27572
-19.27600
-19.27628
-19.27656
-19.27684
-19.27712
-19.27741
-19.27769
-19.27797
-19.27825
-19.27853
-19.27881
-19.27909
-19.27938
-19.27966
-19.27994
-19.28022
-19.28050
-19.28078
-19.28106
-19.28135
-19.28163
-19.28191
-19.28219
-19.28247
-19.28275
-19.28303
-19.28332
-19.28360
-19.28388
-19.28416
-19.28444
-19.28472
-19.28500
-19.28529
-19.28557
-19.28585
-19.28613
-19.28641
-19.28669
-19.28697
-19.28726
-19.28754
-19.28782
-19.28810
-19.28838
-19.28866
-19.28894
-19.28923
-19.28951
-19.28979
-19.29007
-19.29035
-19.29063
-19.29091
-19.29120
-19.29148
-19.29176
-19.29204
-19.29232
-19.29260
-19.29288
-19.29317
-19.29345
-19.29373
-19.29401
-19.29429
-19.29457
-19.29485
-19.29514
-19.29542
-19.29570
-19.29598
-19.29626
-19.29654
-19.29682
-19.29711
-19.29739
-19.29767
-19.29795
-19.29823
-19.29851
-19.29879
-19.29908
-19.29936
-19.29964
-19.29992
-19.30020
-19.30048
-19.30076
-19.30105
-19.30133
-19.30161
-19.30189
-19.30217
-19.30245
-19.30273
-19.30302
-19.30330
-19.30358
-19.30386
-19.30414
-19.30442
-19.30470
-19.30499
-19.30527
-19.30555
-19.30583
-19.30611
-19.30639
-19.30667
-19.30696
-19.30724
-19.30752
-19.30780
-19.30808
-19.30836
-19.30864
-19.30893
-19.30921
-19.30949
-19.30977
-19.31005
-19.31033
-19.31061
-19.31090
-19.31118
-19.31146
-19.31174
-19.31202
-19.31230
-19.31258
-19.31287
-19.31315
-19.31343
-19.31371
-19.31399
-19.31427
-19.31455
-19.31484
-19.31512
-19.31540
-19.31568
-19.31596
-19.31624
-19.31652
-19.31681
-19.31709
-19.31737
-19.31765
-19.31793
-19.31821
-19.31849
-19.31878
-19.31906
-19.31934
-19.31962
-19.31990
-19.32018
-19.32046
-19.32075
-19.32103
-19.32131
-19.32159
-19.32187
-19.32215
-19.32243
-19.32272
-19.32300
-19.32328
-19.32356
-19.32384
-19.32412
-19.32440
-19.32469
-19.32497
-19.32525
-19.32553
-19.32581
-19.32609
-19.32637
-19.32666
-19.32694
-19.32722
-19.32750
-19.32778
-19.32806
-19.32834
-19.32863
-19.32891
-19.32919
-19.32947
-19.32975
-19.33003
-19.33031
-19.33060
-19.33088
-19.33116
-19.33144
-19.33172
-19.33200
-19.33228
-19.33257
-19.33285
-19.33313
-19.33341
-19.33369
-19.33397
-19.33425
-19.33454
-19.33482
-19.33510
-19.33538
-19.33566
-19.33594
-19.33622
-19.33651
-19.33679
-19.33707
-19.33735
-19.33763
-19.33791
-19.33819
-19.33848
-19.33876
-19.33904
-19.33932
-19.33960
-19.33988
-19.34016
-19.34045
-19.34073
-19.34101
-19.34129
-19.34157
-19.34185
-19.34213
-19.34242
-19.34270
-19.34298
-19.34326
-19.34354
-19.34382
-19.34410
-19.34439
-19.34467
-19.34495
-19.34523
-19.34551
-19.34579
-19.34607
-19.34636
-19.34664
-19.34692
-19.34720
-19.34748
-19.34776
-19.34804
-19.34833
-19.34861
-19.34889
-19.34917
-19.34945
-19.34973
-19.35001
-19.35030
-19.35058
-19.35086
-19.35114
-19.35142
-19.35170
-19.35198
-19.35227
-19.35255
-19.35283
-19.35311
-19.35339
-19.35367
-19.35395
-19.35424
-19.35452
-19.35480
-19.35508
-19.35536
-19.35564
-19.35592
-19.35621
-19.35649
-19.35677
-19.35705
-19.35733
-19.35761
-19.35789
-19.35818
-19.35846
-19.35874
-19.35902
-19.35930
-19.35958
-19.35986
-19.36015
-19.36043
-19.36071
-19.36099
-19.36127
-19.36155
-19.36183
-19.36212
-19.36240
-19.36268
-19.36296
-19.36324
-19.36352
-19.36380
-19.36409
-19.36437
-19.36465
-19.36493
-19.36521
-19.36549
-19.36577
-19.36606
-19.36634
-19.36662
-19.36690
-19.36718
-19.36746
-19.36774
-19.36803
-19.36831
-19.36859
-19.36887
-19.36915
-19.36943
-19.36971
-19.37000
-19.37028
-19.37056
-19.37084
-19.37112
-19.37140
-19.37168
-19.37197
-19.37225
-19.37253
-19.37281
-19.37309
-19.37337
-19.37365
-19.37394
-19.37422
-19.37450
-19.37478
-19.37506
-19.37534
-19.37562
-19.37590
-19.37619
-19.37647
-19.37675
-19.37703
-19.37731
-19.37759
-19.37787
-19.37816
-19.37844
-19.37872
-19.37900
-19.37928
-19.37956
-19.37984
-19.38013
-19.38041
-19.38069
-19.38097
-19.38125
-19.38153
-19.38181
-19.38210
-19.38238
-19.38266
-19.38294
-19.38322
-19.38350
-19.38378
-19.38407
-19.38435
-19.38463
-19.38491
-19.38519
-19.38547
-19.38575
-19.38604
-19.38632
-19.38660
-19.38688
-19.38716
-19.38744
-19.38772
-19.38801
-19.38829
-19.38857
-19.38885
-19.38913
-19.38941
-19.38969
-19.38998
-19.39026
-19.39054
-19.39082
-19.39110
-19.39138
-19.39166
-19.39195
-19.39223
-19.39251
-19.39279
-19.39307
-19.39335
-19.39363
-19.39392
-19.39420
-19.39448
-19.39476
-19.39504
-19.39532
-19.39560
-19.39589
-19.39617
-19.39645
-19.39673
-19.39701
-19.39729
-19.39757
-19.39785
-19.39814
-19.39842
-19.39870
-19.39898
-19.39926
-19.39954
-19.39982
-19.40011
-19.40039
-19.40067
-19.40095
-19.40123
-19.40151
-19.40179
-19.40208
-19.40236
-19.40264
-19.40292
-19.40320
-19.40348
-19.40376
-19.40405
-19.40433
-19.40461
-19.40489
-19.40517
-19.40545
-19.40573
-19.40602
-19.40630
-19.40658
-19.40686
-19.40714
-19.40742
-19.40770
-19.40799
-19.40827
-19.40855
-19.40883
-19.40911
-19.40939
-19.40967
-19.40996
-19.41024
-19.41052
-19.41080
-19.41108
-19.41136
-19.41164
-19.41193
-19.41221
-19.41249
-19.41277
-19.41305
-19.41333
-19.41361
-19.41390
-19.41418
-19.41446
-19.41474
-19.41502
-19.41530
-19.41558
-19.41586
-19.41615
-19.41643
-19.41671
-19.41699
-19.41727
-19.41755
-19.41783
-19.41812
-19.41840
-19.41868
-19.41896
-19.41924
-19.41952
-19.41980
-19.42009
-19.42037
-19.42065
-19.42093
-19.42121
-19.42149
-19.42177
-19.42206
-19.42234
-19.42262
-19.42290
-19.42318
-19.42346
-19.42374
-19.42403
-19.42431
-19.42459
-19.42487
-19.42515
-19.42543
-19.42571
-19.42600
-19.42628
-19.42656
-19.42684
-19.42712
-19.42740
-19.42768
-19.42797
-19.42825
-19.42853
-19.42881
-19.42909
-19.42937
-19.42965
-19.42993
-19.43022
-19.43050
-19.43078
-19.43106
-19.43134
-19.43162
-19.43190
-19.43219
-19.43247
-19.43275
-19.43303
-19.43331
-19.43359
-19.43387
-19.43416
-19.43444
-19.43472
-19.43500
-19.43528
-19.43556
-19.43584
-19.43613
-19.43641
-19.43669
-19.43697
-19.43725
-19.43753
-19.43781
-19.43810
-19.43838
-19.43866
-19.43894
-19.43922
-19.43950
-19.43978
-19.44007
-19.44035
-19.44063
-19.44091
-19.44119
-19.44147
-19.44175
-19.44203
-19.44232
-19.44260
-19.44288
-19.44316
-19.44344
-19.44372
-19.44400
-19.44429
-19.44457
-19.44485
-19.44513
-19.44541
-19.44569
-19.44597
-19.44626
-19.44654
-19.44682
-19.44710
-19.44738
-19.44766
-19.44794
-19.44823
-19.44851
-19.44879
-19.44907
-19.44935
-19.44963
-19.44991
-19.45020
-19.45048
-19.45076
-19.45104
-19.45132
-19.45160
-19.45188
-19.45217
-19.45245
-19.45273
-19.45301
-19.45329
-19.45357
-19.45385
-19.45413
-19.45442
-19.45470
-19.45498
-19.45526
-19.45554
-19.45582
-19.45610
-19.45639
-19.45667
-19.45695
-19.45723
-19.45751
-19.45779
-19.45807
-19.45836
-19.45864
-19.45892
-19.45920
-19.45948
-19.45976
-19.46004
-19.46033
-19.46061
-19.46089
-19.46117
-19.46145
-19.46173
-19.46201
-19.46230
-19.46258
-19.46286
-19.46314
-19.46342
-19.46370
-19.46398
-19.46426
-19.46455
-19.46483
-19.46511
-19.46539
-19.46567
-19.46595
-19.46623
-19.46652
-19.46680
-19.46708
-19.46736
-19.46764
-19.46792
-19.46820
-19.46849
-19.46877
-19.46905
-19.46933
-19.46961
-19.46989
-19.47017
-19.47046
-19.47074
-19.47102
-19.47130
-19.47158
-19.47186
-19.47214
-19.47243
-19.47271
-19.47299
-19.47327
-19.47355
-19.47383
-19.47411
-19.47439
-19.47468
-19.47496
-19.47524
-19.47552
-19.47580
-19.47608
-19.47636
-19.47665
-19.47693
-19.47721
-19.47749
-19.47777
-19.47805
-19.47833
-19.47862
-19.47890
-19.47918
-19.47946
-19.47974
-19.48002
-19.48030
-19.48059
-19.48087
-19.48115
-19.48143
-19.48171
-19.48199
-19.48227
-19.48255
-19.48284
-19.48312
-19.48340
-19.48368
-19.48396
-19.48424
-19.48452
-19.48481
-19.48509
-19.48537
-19.48565
-19.48593
-19.48621
-19.48649
-19.48678
-19.48706
-19.48734
-19.48762
-19.48790
-19.48818
-19.48846
-19.48875
-19.48903
-19.48931
-19.48959
-19.48987
-19.49015
-19.49043
-19.49072
-19.49100
-19.49128
-19.49156
-19.49184
-19.49212
-19.49240
-19.49268
-19.49297
-19.49325
-19.49353
-19.49381
-19.49409
-19.49437
-19.49465
-19.49494
-19.49522
-19.49550
-19.49578
-19.49606
-19.49634
-19.49662
-19.49691
-19.49719
-19.49747
-19.49775
-19.49803
-19.49831
-19.49859
-19.49888
-19.49916
-19.49944
-19.49972
-19.50000
-19.50028
-19.50056
-19.50084
-19.50113
-19.50141
-19.50169
-19.50197
-19.50225
-19.50253
-19.50281
-19.50310
-19.50338
-19.50366
-19.50394
-19.50422
-19.50450
-19.50478
-19.50507
-19.50535
-19.50563
-19.50591
-19.50619
-19.50647
-19.50675
-19.50703
-19.50732
-19.50760
-19.50788
-19.50816
-19.50844
-19.50872
-19.50900
-19.50929
-19.50957
-19.50985
-19.51013
-19.51041
-19.51069
-19.51097
-19.51126
-19.51154
-19.51182
-19.51210
-19.51238
-19.51266
-19.51294
-19.51323
-19.51351
-19.51379
-19.51407
-19.51435
-19.51463
-19.51491
-19.51519
-19.51548
-19.51576
-19.51604
-19.51632
-19.51660
-19.51688
-19.51716
-19.51745
-19.51773
-19.51801
-19.51829
-19.51857
-19.51885
-19.51913
-19.51942
-19.51970
-19.51998
-19.52026
-19.52054
-19.52082
-19.52110
-19.52139
-19.52167
-19.52195
-19.52223
-19.52251
-19.52279
-19.52307
-19.52335
-19.52364
-19.52392
-19.52420
-19.52448
-19.52476
-19.52504
-19.52532
-19.52561
-19.52589
-19.52617
-19.52645
-19.52673
-19.52701
-19.52729
-19.52758
-19.52786
-19.52814
-19.52842
-19.52870
-19.52898
-19.52926
-19.52954
-19.52983
-19.53011
-19.53039
-19.53067
-19.53095
-19.53123
-19.53151
-19.53180
-19.53208
-19.53236
-19.53264
-19.53292
-19.53320
-19.53348
-19.53377
-19.53405
-19.53433
-19.53461
-19.53489
-19.53517
-19.53545
-19.53573
-19.53602
-19.53630
-19.53658
-19.53686
-19.53714
-19.53742
-19.53770
-19.53799
-19.53827
-19.53855
-19.53883
-19.53911
-19.53939
-19.53967
-19.53996
-19.54024
-19.54052
-19.54080
-19.54108
-19.54136
-19.54164
-19.54192
-19.54221
-19.54249
-19.54277
-19.54305
-19.54333
-19.54361
-19.54389
-19.54418
-19.54446
-19.54474
-19.54502
-19.54530
-19.54558
-19.54586
-19.54615
-19.54643
-19.54671
-19.54699
-19.54727
-19.54755
-19.54783
-19.54812
-19.54840
-19.54868
-19.54896
-19.54924
-19.54952
-19.54980
-19.55008
-19.55037
-19.55065
-19.55093
-19.55121
-19.55149
-19.55177
-19.55205
-19.55234
-19.55262
-19.55290
-19.55318
-19.55346
-19.55374
-19.55402
-19.55431
-19.55459
-19.55487
-19.55515
-19.55543
-19.55571
-19.55599
-19.55627
-19.55656
-19.55684
-19.55712
-19.55740
-19.55768
-19.55796
-19.55824
-19.55853
-19.55881
-19.55909
-19.55937
-19.55965
-19.55993
-19.56021
-19.56049
-19.56078
-19.56106
-19.56134
-19.56162
-19.56190
-19.56218
-19.56246
-19.56275
-19.56303
-19.56331
-19.56359
-19.56387
-19.56415
-19.56443
-19.56472
-19.56500
-19.56528
-19.56556
-19.56584
-19.56612
-19.56640
-19.56668
-19.56697
-19.56725
-19.56753
-19.56781
-19.56809
-19.56837
-19.56865
-19.56894
-19.56922
-19.56950
-19.56978
-19.57006
-19.57034
-19.57062
-19.57091
-19.57119
-19.57147
-19.57175
-19.57203
-19.57231
-19.57259
-19.57287
-19.57316
-19.57344
-19.57372
-19.57400
-19.57428
-19.57456
-19.57484
-19.57513
-19.57541
-19.57569
-19.57597
-19.57625
-19.57653
-19.57681
-19.57710
-19.57738
-19.57766
-19.57794
-19.57822
-19.57850
-19.57878
-19.57906
-19.57935
-19.57963
-19.57991
-19.58019
-19.58047
-19.58075
-19.58103
-19.58132
-19.58160
-19.58188
-19.58216
-19.58244
-19.58272
-19.58300
-19.58328
-19.58357
-19.58385
-19.58413
-19.58441
-19.58469
-19.58497
-19.58525
-19.58554
-19.58582
-19.58610
-19.58638
-19.58666
-19.58694
-19.58722
-19.58751
-19.58779
-19.58807
-19.58835
-19.58863
-19.58891
-19.58919
-19.58947
-19.58976
-19.59004
-19.59032
-19.59060
-19.59088
-19.59116
-19.59144
-19.59173
-19.59201
-19.59229
-19.59257
-19.59285
-19.59313
-19.59341
-19.59369
-19.59398
-19.59426
-19.59454
-19.59482
-19.59510
-19.59538
-19.59566
-19.59595
-19.59623
-19.59651
-19.59679
-19.59707
-19.59735
-19.59763
-19.59792
-19.59820
-19.59848
-19.59876
-19.59904
-19.59932
-19.59960
-19.59988
-19.60017
-19.60045
-19.60073
-19.60101
-19.60129
-19.60157
-19.60185
-19.60214
-19.60242
-19.60270
-19.60298
-19.60326
-19.60354
-19.60382
-19.60410
-19.60439
-19.60467
-19.60495
-19.60523
-19.60551
-19.60579
-19.60607
-19.60636
-19.60664
-19.60692
-19.60720
-19.60748
-19.60776
-19.60804
-19.60833
-19.60861
-19.60889
-19.60917
-19.60945
-19.60973
-19.61001
-19.61029
-19.61058
-19.61086
-19.61114
-19.61142
-19.61170
-19.61198
-19.61226
-19.61255
-19.61283
-19.61311
-19.61339
-19.61367
-19.61395
-19.61423
-19.61451
-19.61480
-19.61508
-19.61536
-19.61564
-19.61592
-19.61620
-19.61648
-19.61677
-19.61705
-19.61733
-19.61761
-19.61789
-19.61817
-19.61845
-19.61873
-19.61902
-19.61930
-19.61958
-19.61986
-19.62014
-19.62042
-19.62070
-19.62099
-19.62127
-19.62155
-19.62183
-19.62211
-19.62239
-19.62267
-19.62296
-19.62324
-19.62352
-19.62380
-19.62408
-19.62436
-19.62464
-19.62492
-19.62521
-19.62549
-19.62577
-19.62605
-19.62633
-19.62661
-19.62689
-19.62718
-19.62746
-19.62774
-19.62802
-19.62830
-19.62858
-19.62886
-19.62914
-19.62943
-19.62971
-19.62999
-19.63027
-19.63055
-19.63083
-19.63111
-19.63140
-19.63168
-19.63196
-19.63224
-19.63252
-19.63280
-19.63308
-19.63336
-19.63365
-19.63393
-19.63421
-19.63449
-19.63477
-19.63505
-19.63533
-19.63562
-19.63590
-19.63618
-19.63646
-19.63674
-19.63702
-19.63730
-19.63758
-19.63787
-19.63815
-19.63843
-19.63871
-19.63899
-19.63927
-19.63955
-19.63984
-19.64012
-19.64040
-19.64068
-19.64096
-19.64124
-19.64152
-19.64180
-19.64209
-19.64237
-19.64265
-19.64293
-19.64321
-19.64349
-19.64377
-19.64406
-19.64434
-19.64462
-19.64490
-19.64518
-19.64546
-19.64574
-19.64602
-19.64631
-19.64659
-19.64687
-19.64715
-19.64743
-19.64771
-19.64799
-19.64828
-19.64856
-19.64884
-19.64912
-19.64940
-19.64968
-19.64996
-19.65024
-19.65053
-19.65081
-19.65109
-19.65137
-19.65165
-19.65193
-19.65221
-19.65250
-19.65278
-19.65306
-19.65334
-19.65362
-19.65390
-19.65418
-19.65446
-19.65475
-19.65503
-19.65531
-19.65559
-19.65587
-19.65615
-19.65643
-19.65672
-19.65700
-19.65728
-19.65756
-19.65784
-19.65812
-19.65840
-19.65868
-19.65897
-19.65925
-19.65953
-19.65981
-19.66009
-19.66037
-19.66065
-19.66094
-19.66122
-19.66150
-19.66178
-19.66206
-19.66234
-19.66262
-19.66290
-19.66319
-19.66347
-19.66375
-19.66403
-19.66431
-19.66459
-19.66487
-19.66516
-19.66544
-19.66572
-19.66600
-19.66628
-19.66656
-19.66684
-19.66712
-19.66741
-19.66769
-19.66797
-19.66825
-19.66853
-19.66881
-19.66909
-19.66938
-19.66966
-19.66994
-19.67022
-19.67050
-19.67078
-19.67106
-19.67134
-19.67163
-19.67191
-19.67219
-19.67247
-19.67275
-19.67303
-19.67331
-19.67360
-19.67388
-19.67416
-19.67444
-19.67472
-19.67500
-19.67528
-19.67556
-19.67585
-19.67613
-19.67641
-19.67669
-19.67697
-19.67725
-19.67753
-19.67782
-19.67810
-19.67838
-19.67866
-19.67894
-19.67922
-19.67950
-19.67978
-19.68007
-19.68035
-19.68063
-19.68091
-19.68119
-19.68147
-19.68175
-19.68204
-19.68232
-19.68260
-19.68288
-19.68316
-19.68344
-19.68372
-19.68400
-19.68429
-19.68457
-19.68485
-19.68513
-19.68541
-19.68569
-19.68597
-19.68626
-19.68654
-19.68682
-19.68710
-19.68738
-19.68766
-19.68794
-19.68822
-19.68851
-19.68879
-19.68907
-19.68935
-19.68963
-19.68991
-19.69019
-19.69048
-19.69076
-19.69104
-19.69132
-19.69160
-19.69188
-19.69216
-19.69244
-19.69273
-19.69301
-19.69329
-19.69357
-19.69385
-19.69413
-19.69441
-19.69469
-19.69498
-19.69526
-19.69554
-19.69582
-19.69610
-19.69638
-19.69666
-19.69695
-19.69723
-19.69751
-19.69779
-19.69807
-19.69835
-19.69863
-19.69891
-19.69920
-19.69948
-19.69976
-19.70004
-19.70032
-19.70060
-19.70088
-19.70117
-19.70145
-19.70173
-19.70201
-19.70229
-19.70257
-19.70285
-19.70313
-19.70342
-19.70370
-19.70398
-19.70426
-19.70454
-19.70482
-19.70510
-19.70539
-19.70567
-19.70595
-19.70623
-19.70651
-19.70679
-19.70707
-19.70735
-19.70764
-19.70792
-19.70820
-19.70848
-19.70876
-19.70904
-19.70932
-19.70960
-19.70989
-19.71017
-19.71045
-19.71073
-19.71101
-19.71129
-19.71157
-19.71186
-19.71214
-19.71242
-19.71270
-19.71298
-19.71326
-19.71354
-19.71382
-19.71411
-19.71439
-19.71467
-19.71495
-19.71523
-19.71551
-19.71579
-19.71608
-19.71636
-19.71664
-19.71692
-19.71720
-19.71748
-19.71776
-19.71804
-19.71833
-19.71861
-19.71889
-19.71917
-19.71945
-19.71973
-19.72001
-19.72029
-19.72058
-19.72086
-19.72114
-19.72142
-19.72170
-19.72198
-19.72226
-19.72255
-19.72283
-19.72311
-19.72339
-19.72367
-19.72395
-19.72423
-19.72451
-19.72480
-19.72508
-19.72536
-19.72564
-19.72592
-19.72620
-19.72648
-19.72677
-19.72705
-19.72733
-19.72761
-19.72789
-19.72817
-19.72845
-19.72873
-19.72902
-19.72930
-19.72958
-19.72986
-19.73014
-19.73042
-19.73070
-19.73098
-19.73127
-19.73155
-19.73183
-19.73211
-19.73239
-19.73267
-19.73295
-19.73324
-19.73352
-19.73380
-19.73408
-19.73436
-19.73464
-19.73492
-19.73520
-19.73549
-19.73577
-19.73605
-19.73633
-19.73661
-19.73689
-19.73717
-19.73745
-19.73774
-19.73802
-19.73830
-19.73858
-19.73886
-19.73914
-19.73942
-19.73971
-19.73999
-19.74027
-19.74055
-19.74083
-19.74111
-19.74139
-19.74167
-19.74196
-19.74224
-19.74252
-19.74280
-19.74308
-19.74336
-19.74364
-19.74392
-19.74421
-19.74449
-19.74477
-19.74505
-19.74533
-19.74561
-19.74589
-19.74618
-19.74646
-19.74674
-19.74702
-19.74730
-19.74758
-19.74786
-19.74814
-19.74843
-19.74871
-19.74899
-19.74927
-19.74955
-19.74983
-19.75011
-19.75040
-19.75068
-19.75096
-19.75124
-19.75152
-19.75180
-19.75208
-19.75236
-19.75265
-19.75293
-19.75321
-19.75349
-19.75377
-19.75405
-19.75433
-19.75461
-19.75490
-19.75518
-19.75546
-19.75574
-19.75602
-19.75630
-19.75658
-19.75687
-19.75715
-19.75743
-19.75771
-19.75799
-19.75827
-19.75855
-19.75883
-19.75912
-19.75940
-19.75968
-19.75996
-19.76024
-19.76052
-19.76080
-19.76108
-19.76137
-19.76165
-19.76193
-19.76221
-19.76249
-19.76277
-19.76305
-19.76334
-19.76362
-19.76390
-19.76418
-19.76446
-19.76474
-19.76502
-19.76530
-19.76559
-19.76587
-19.76615
-19.76643
-19.76671
-19.76699
-19.76727
-19.76755
-19.76784
-19.76812
-19.76840
-19.76868
-19.76896
-19.76924
-19.76952
-19.76980
-19.77009
-19.77037
-19.77065
-19.77093
-19.77121
-19.77149
-19.77177
-19.77206
-19.77234
-19.77262
-19.77290
-19.77318
-19.77346
-19.77374
-19.77402
-19.77431
-19.77459
-19.77487
-19.77515
-19.77543
-19.77571
-19.77599
-19.77627
-19.77656
-19.77684
-19.77712
-19.77740
-19.77768
-19.77796
-19.77824
-19.77853
-19.77881
-19.77909
-19.77937
-19.77965
-19.77993
-19.78021
-19.78049
-19.78078
-19.78106
-19.78134
-19.78162
-19.78190
-19.78218
-19.78246
-19.78274
-19.78303
-19.78331
-19.78359
-19.78387
-19.78415
-19.78443
-19.78471
-19.78500
-19.78528
-19.78556
-19.78584
-19.78612
-19.78640
-19.78668
-19.78696
-19.78725
-19.78753
-19.78781
-19.78809
-19.78837
-19.78865
-19.78893
-19.78921
-19.78950
-19.78978
-19.79006
-19.79034
-19.79062
-19.79090
-19.79118
-19.79146
-19.79175
-19.79203
-19.79231
-19.79259
-19.79287
-19.79315
-19.79343
-19.79372
-19.79400
-19.79428
-19.79456
-19.79484
-19.79512
-19.79540
-19.79568
-19.79597
-19.79625
-19.79653
-19.79681
-19.79709
-19.79737
-19.79765
-19.79793
-19.79822
-19.79850
-19.79878
-19.79906
-19.79934
-19.79962
-19.79990
-19.80018
-19.80047
-19.80075
-19.80103
-19.80131
-19.80159
-19.80187
-19.80215
-19.80244
-19.80272
-19.80300
-19.80328
-19.80356
-19.80384
-19.80412
-19.80440
-19.80469
-19.80497
-19.80525
-19.80553
-19.80581
-19.80609
-19.80637
-19.80665
-19.80694
-19.80722
-19.80750
-19.80778
-19.80806
-19.80834
-19.80862
-19.80891
-19.80919
-19.80947
-19.80975
-19.81003
-19.81031
-19.81059
-19.81087
-19.81116
-19.81144
-19.81172
-19.81200
-19.81228
-19.81256
-19.81284
-19.81312
-19.81341
-19.81369
-19.81397
-19.81425
-19.81453
-19.81481
-19.81509
-19.81537
-19.81566
-19.81594
-19.81622
-19.81650
-19.81678
-19.81706
-19.81734
-19.81762
-19.81791
-19.81819
-19.81847
-19.81875
-19.81903
-19.81931
-19.81959
-19.81988
-19.82016
-19.82044
-19.82072
-19.82100
-19.82128
-19.82156
-19.82184
-19.82213
-19.82241
-19.82269
-19.82297
-19.82325
-19.82353
-19.82381
-19.82409
-19.82438
-19.82466
-19.82494
-19.82522
-19.82550
-19.82578
-19.82606
-19.82634
-19.82663
-19.82691
-19.82719
-19.82747
-19.82775
-19.82803
-19.82831
-19.82860
-19.82888
-19.82916
-19.82944
-19.82972
-19.83000
-19.83028
-19.83056
-19.83085
-19.83113
-19.83141
-19.83169
-19.83197
-19.83225
-19.83253
-19.83281
-19.83310
-19.83338
-19.83366
-19.83394
-19.83422
-19.83450
-19.83478
-19.83506
-19.83535
-19.83563
-19.83591
-19.83619
-19.83647
-19.83675
-19.83703
-19.83731
-19.83760
-19.83788
-19.83816
-19.83844
-19.83872
-19.83900
-19.83928
-19.83957
-19.83985
-19.84013
-19.84041
-19.84069
-19.84097
-19.84125
-19.84153
-19.84182
-19.84210
-19.84238
-19.84266
-19.84294
-19.84322
-19.84350
-19.84378
-19.84407
-19.84435
-19.84463
-19.84491
-19.84519
-19.84547
-19.84575
-19.84603
-19.84632
-19.84660
-19.84688
-19.84716
-19.84744
-19.84772
-19.84800
-19.84828
-19.84857
-19.84885
-19.84913
-19.84941
-19.84969
-19.84997
-19.85025
-19.85053
-19.85082
-19.85110
-19.85138
-19.85166
-19.85194
-19.85222
-19.85250
-19.85279
-19.85307
-19.85335
-19.85363
-19.85391
-19.85419
-19.85447
-19.85475
-19.85504
-19.85532
-19.85560
-19.85588
-19.85616
-19.85644
-19.85672
-19.85700
-19.85729
-19.85757
-19.85785
-19.85813
-19.85841
-19.85869
-19.85897
-19.85925
-19.85954
-19.85982
-19.86010
-19.86038
-19.86066
-19.86094
-19.86122
-19.86150
-19.86179
-19.86207
-19.86235
-19.86263
-19.86291
-19.86319
-19.86347
-19.86375
-19.86404
-19.86432
-19.86460
-19.86488
-19.86516
-19.86544
-19.86572
-19.86601
-19.86629
-19.86657
-19.86685
-19.86713
-19.86741
-19.86769
-19.86797
-19.86826
-19.86854
-19.86882
-19.86910
-19.86938
-19.86966
-19.86994
-19.87022
-19.87051
-19.87079
-19.87107
-19.87135
-19.87163
-19.87191
-19.87219
-19.87247
-19.87276
-19.87304
-19.87332
-19.87360
-19.87388
-19.87416
-19.87444
-19.87472
-19.87501
-19.87529
-19.87557
-19.87585
-19.87613
-19.87641
-19.87669
-19.87697
-19.87726
-19.87754
-19.87782
-19.87810
-19.87838
-19.87866
-19.87894
-19.87922
-19.87951
-19.87979
-19.88007
-19.88035
-19.88063
-19.88091
-19.88119
-19.88147
-19.88176
-19.88204
-19.88232
-19.88260
-19.88288
-19.88316
-19.88344
-19.88373
-19.88401
-19.88429
-19.88457
-19.88485
-19.88513
-19.88541
-19.88569
-19.88598
-19.88626
-19.88654
-19.88682
-19.88710
-19.88738
-19.88766
-19.88794
-19.88823
-19.88851
-19.88879
-19.88907
-19.88935
-19.88963
-19.88991
-19.89019
-19.89048
-19.89076
-19.89104
-19.89132
-19.89160
-19.89188
-19.89216
-19.89244
-19.89273
-19.89301
-19.89329
-19.89357
-19.89385
-19.89413
-19.89441
-19.89469
-19.89498
-19.89526
-19.89554
-19.89582
-19.89610
-19.89638
-19.89666
-19.89694
-19.89723
-19.89751
-19.89779
-19.89807
-19.89835
-19.89863
-19.89891
-19.89919
-19.89948
-19.89976
-19.90004
-19.90032
-19.90060
-19.90088
-19.90116
-19.90144
-19.90173
-19.90201
-19.90229
-19.90257
-19.90285
-19.90313
-19.90341
-19.90369
-19.90398
-19.90426
-19.90454
-19.90482
-19.90510
-19.90538
-19.90566
-19.90595
-19.90623
-19.90651
-19.90679
-19.90707
-19.90735
-19.90763
-19.90791
-19.90820
-19.90848
-19.90876
-19.90904
-19.90932
-19.90960
-19.90988
-19.91016
-19.91045
-19.91073
-19.91101
-19.91129
-19.91157
-19.91185
-19.91213
-19.91241
-19.91270
-19.91298
-19.91326
-19.91354
-19.91382
-19.91410
-19.91438
-19.91466
-19.91495
-19.91523
-19.91551
-19.91579
-19.91607
-19.91635
-19.91663
-19.91691
-19.91720
-19.91748
-19.91776
-19.91804
-19.91832
-19.91860
-19.91888
-19.91916
-19.91945
-19.91973
-19.92001
-19.92029
-19.92057
-19.92085
-19.92113
-19.92141
-19.92170
-19.92198
-19.92226
-19.92254
-19.92282
-19.92310
-19.92338
-19.92366
-19.92395
-19.92423
-19.92451
-19.92479
-19.92507
-19.92535
-19.92563
-19.92591
-19.92620
-19.92648
-19.92676
-19.92704
-19.92732
-19.92760
-19.92788
-19.92816
-19.92845
-19.92873
-19.92901
-19.92929
-19.92957
-19.92985
-19.93013
-19.93041
-19.93070
-19.93098
-19.93126
-19.93154
-19.93182
-19.93210
-19.93238
-19.93266
-19.93295
-19.93323
-19.93351
-19.93379
-19.93407
-19.93435
-19.93463
-19.93491
-19.93520
-19.93548
-19.93576
-19.93604
-19.93632
-19.93660
-19.93688
-19.93716
-19.93745
-19.93773
-19.93801
-19.93829
-19.93857
-19.93885
-19.93913
-19.93941
-19.93970
-19.93998
-19.94026
-19.94054
-19.94082
-19.94110
-19.94138
-19.94166
-19.94195
-19.94223
-19.94251
-19.94279
-19.94307
-19.94335
-19.94363
-19.94391
-19.94420
-19.94448
-19.94476
-19.94504
-19.94532
-19.94560
-19.94588
-19.94616
-19.94645
-19.94673
-19.94701
-19.94729
-19.94757
-19.94785
-19.94813
-19.94841
-19.94870
-19.94898
-19.94926
-19.94954
-19.94982
-19.95010
-19.95038
-19.95066
-19.95095
-19.95123
-19.95151
-19.95179
-19.95207
-19.95235
-19.95263
-19.95291
-19.95320
-19.95348
-19.95376
-19.95404
-19.95432
-19.95460
-19.95488
-19.95516
-19.95545
-19.95573
-19.95601
-19.95629
-19.95657
-19.95685
-19.95713
-19.95741
-19.95770
-19.95798
-19.95826
-19.95854
-19.95882
-19.95910
-19.95938
-19.95966
-19.95995
-19.96023
-19.96051
-19.96079
-19.96107
-19.96135
-19.96163
-19.96191
-19.96220
-19.96248
-19.96276
-19.96304
-19.96332
-19.96360
-19.96388
-19.96416
-19.96445
-19.96473
-19.96501
-19.96529
-19.96557
-19.96585
-19.96613
-19.96641
-19.96670
-19.96698
-19.96726
-19.96754
-19.96782
-19.96810
-19.96838
-19.96866
-19.96895
-19.96923
-19.96951
-19.96979
-19.97007
-19.97035
-19.97063
-19.97091
-19.97120
-19.97148
-19.97176
-19.97204
-19.97232
-19.97260
-19.97288
-19.97316
-19.97345
-19.97373
-19.97401
-19.97429
-19.97457
-19.97485
-19.97513
-19.97541
-19.97570
-19.97598
-19.97626
-19.97654
-19.97682
-19.97710
-19.97738
-19.97766
-19.97795
-19.97823
-19.97851
-19.97879
-19.97907
-19.97935
-19.97963
-19.97991
-19.98020
-19.98048
-19.98076
-19.98104
-19.98132
-19.98160
-19.98188
-19.98216
-19.98245
-19.98273
-19.98301
-19.98329
-19.98357
-19.98385
-19.98413
-19.98441
-19.98470
-19.98498
-19.98526
-19.98554
-19.98582
-19.98610
-19.98638
-19.98666
-19.98695
-19.98723
-19.98751
-19.98779
-19.98807
-19.98835
-19.98863
-19.98891
-19.98919
-19.98948
-19.98976
-19.99004
-19.99032
-19.99060
-19.99088
-19.99116
-19.99144
-19.99173
-19.99201
-19.99229
-19.99257
-19.99285
-19.99313
-19.99341
-19.99369
-19.99398
-19.99426
-19.99454
-19.99482
-19.99510
-19.99538
-19.99566
-19.99594
-19.99623
-19.99651
-19.99679
-19.99707
-19.99735
-19.99763
-19.99791
-19.99819
-19.99848
-19.99876
-19.99904
-19.99932
-19.99960
-19.99988
-20.00016
-20.00044
-20.00073
-20.00101
-20.00129
-20.00157
-20.00185
-20.00213
-20.00241
-20.00269
-20.00298
-20.00326
-20.00354
-20.00382
-20.00410
-20.00438
-20.00466
-20.00494
-20.00523
-20.00551
-20.00579
-20.00607
-20.00635
-20.00663
-20.00691
-20.00719
-20.00748
-20.00776
-20.00804
-20.00832
-20.00860
-20.00888
-20.00916
-20.00944
-20.00973
-20.01001
-20.01029
-20.01057
-20.01085
-20.01113
-20.01141
-20.01169
-20.01197
-20.01226
-20.01254
-20.01282
-20.01310
-20.01338
-20.01366
-20.01394
-20.01422
-20.01451
-20.01479
-20.01507
-20.01535
-20.01563
-20.01591
-20.01619
-20.01647
-20.01676
-20.01704
-20.01732
-20.01760
-20.01788
-20.01816
-20.01844
-20.01872
-20.01901
-20.01929
-20.01957
-20.01985
-20.02013
-20.02041
-20.02069
-20.02097
-20.02126
-20.02154
-20.02182
-20.02210
-20.02238
-20.02266
-20.02294
-20.02322
-20.02351
-20.02379
-20.02407
-20.02435
-20.02463
-20.02491
-20.02519
-20.02547
-20.02576
-20.02604
-20.02632
-20.02660
-20.02688
-20.02716
-20.02744
-20.02772
-20.02800
-20.02829
-20.02857
-20.02885
-20.02913
-20.02941
-20.02969
-20.02997
-20.03025
-20.03054
-20.03082
-20.03110
-20.03138
-20.03166
-20.03194
-20.03222
-20.03250
-20.03279
-20.03307
-20.03335
-20.03363
-20.03391
-20.03419
-20.03447
-20.03475
-20.03504
-20.03532
-20.03560
-20.03588
-20.03616
-20.03644
-20.03672
-20.03700
-20.03729
-20.03757
-20.03785
-20.03813
-20.03841
-20.03869
-20.03897
-20.03925
-20.03954
-20.03982
-20.04010
-20.04038
-20.04066
-20.04094
-20.04122
-20.04150
-20.04179
-20.04207
-20.04235
-20.04263
-20.04291
-20.04319
-20.04347
-20.04375
-20.04403
-20.04432
-20.04460
-20.04488
-20.04516
-20.04544
-20.04572
-20.04600
-20.04628
-20.04657
-20.04685
-20.04713
-20.04741
-20.04769
-20.04797
-20.04825
-20.04853
-20.04882
-20.04910
-20.04938
-20.04966
-20.04994
-20.05022
-20.05050
-20.05078
-20.05107
-20.05135
-20.05163
-20.05191
-20.05219
-20.05247
-20.05275
-20.05303
-20.05332
-20.05360
-20.05388
-20.05416
-20.05444
-20.05472
-20.05500
-20.05528
-20.05556
-20.05585
-20.05613
-20.05641
-20.05669
-20.05697
-20.05725
-20.05753
-20.05781
-20.05810
-20.05838
-20.05866
-20.05894
-20.05922
-20.05950
-20.05978
-20.06006
-20.06035
-20.06063
-20.06091
-20.06119
-20.06147
-20.06175
-20.06203
-20.06231
-20.06260
-20.06288
-20.06316
-20.06344
-20.06372
-20.06400
-20.06428
-20.06456
-20.06484
-20.06513
-20.06541
-20.06569
-20.06597
-20.06625
-20.06653
-20.06681
-20.06709
-20.06738
-20.06766
-20.06794
-20.06822
-20.06850
-20.06878
-20.06906
-20.06934
-20.06963
-20.06991
-20.07019
-20.07047
-20.07075
-20.07103
-20.07131
-20.07159
-20.07188
-20.07216
-20.07244
-20.07272
-20.07300
-20.07328
-20.07356
-20.07384
-20.07413
-20.07441
-20.07469
-20.07497
-20.07525
-20.07553
-20.07581
-20.07609
-20.07637
-20.07666
-20.07694
-20.07722
-20.07750
-20.07778
-20.07806
-20.07834
-20.07862
-20.07891
-20.07919
-20.07947
-20.07975
-20.08003
-20.08031
-20.08059
-20.08087
-20.08116
-20.08144
-20.08172
-20.08200
-20.08228
-20.08256
-20.08284
-20.08312
-20.08341
-20.08369
-20.08397
-20.08425
-20.08453
-20.08481
-20.08509
-20.08537
-20.08565
-20.08594
-20.08622
-20.08650
-20.08678
-20.08706
-20.08734
-20.08762
-20.08790
-20.08819
-20.08847
-20.08875
-20.08903
-20.08931
-20.08959
-20.08987
-20.09015
-20.09044
-20.09072
-20.09100
-20.09128
-20.09156
-20.09184
-20.09212
-20.09240
-20.09268
-20.09297
-20.09325
-20.09353
-20.09381
-20.09409
-20.09437
-20.09465
-20.09493
-20.09522
-20.09550
-20.09578
-20.09606
-20.09634
-20.09662
-20.09690
-20.09718
-20.09747
-20.09775
-20.09803
-20.09831
-20.09859
-20.09887
-20.09915
-20.09943
-20.09972
-20.10000
-20.10028
-20.10056
-20.10084
-20.10112
-20.10140
-20.10168
-20.10196
-20.10225
-20.10253
-20.10281
-20.10309
-20.10337
-20.10365
-20.10393
-20.10421
-20.10450
-20.10478
-20.10506
-20.10534
-20.10562
-20.10590
-20.10618
-20.10646
-20.10675
-20.10703
-20.10731
-20.10759
-20.10787
-20.10815
-20.10843
-20.10871
-20.10899
-20.10928
-20.10956
-20.10984
-20.11012
-20.11040
-20.11068
-20.11096
-20.11124
-20.11153
-20.11181
-20.11209
-20.11237
-20.11265
-20.11293
-20.11321
-20.11349
-20.11378
-20.11406
-20.11434
-20.11462
-20.11490
-20.11518
-20.11546
-20.11574
-20.11602
-20.11631
-20.11659
-20.11687
-20.11715
-20.11743
-20.11771
-20.11799
-20.11827
-20.11856
-20.11884
-20.11912
-20.11940
-20.11968
-20.11996
-20.12024
-20.12052
-20.12081
-20.12109
-20.12137
-20.12165
-20.12193
-20.12221
-20.12249
-20.12277
-20.12305
-20.12334
-20.12362
-20.12390
-20.12418
-20.12446
-20.12474
-20.12502
-20.12530
-20.12559
-20.12587
-20.12615
-20.12643
-20.12671
-20.12699
-20.12727
-20.12755
-20.12784
-20.12812
-20.12840
-20.12868
-20.12896
-20.12924
-20.12952
-20.12980
-20.13008
-20.13037
-20.13065
-20.13093
-20.13121
-20.13149
-20.13177
-20.13205
-20.13233
-20.13262
-20.13290
-20.13318
-20.13346
-20.13374
-20.13402
-20.13430
-20.13458
-20.13487
-20.13515
-20.13543
-20.13571
-20.13599
-20.13627
-20.13655
-20.13683
-20.13711
-20.13740
-20.13768
-20.13796
-20.13824
-20.13852
-20.13880
-20.13908
-20.13936
-20.13965
-20.13993
-20.14021
-20.14049
-20.14077
-20.14105
-20.14133
-20.14161
-20.14190
-20.14218
-20.14246
-20.14274
-20.14302
-20.14330
-20.14358
-20.14386
-20.14414
-20.14443
-20.14471
-20.14499
-20.14527
-20.14555
-20.14583
-20.14611
-20.14639
-20.14668
-20.14696
-20.14724
-20.14752
-20.14780
-20.14808
-20.14836
-20.14864
-20.14892
-20.14921
-20.14949
-20.14977
-20.15005
-20.15033
-20.15061
-20.15089
-20.15117
-20.15146
-20.15174
-20.15202
-20.15230
-20.15258
-20.15286
-20.15314
-20.15342
-20.15371
-20.15399
-20.15427
-20.15455
-20.15483
-20.15511
-20.15539
-20.15567
-20.15595
-20.15624
-20.15652
-20.15680
-20.15708
-20.15736
-20.15764
-20.15792
-20.15820
-20.15849
-20.15877
-20.15905
-20.15933
-20.15961
-20.15989
-20.16017
-20.16045
-20.16073
-20.16102
-20.16130
-20.16158
-20.16186
-20.16214
-20.16242
-20.16270
-20.16298
-20.16327
-20.16355
-20.16383
-20.16411
-20.16439
-20.16467
-20.16495
-20.16523
-20.16552
-20.16580
-20.16608
-20.16636
-20.16664
-20.16692
-20.16720
-20.16748
-20.16776
-20.16805
-20.16833
-20.16861
-20.16889
-20.16917
-20.16945
-20.16973
-20.17001
-20.17030
-20.17058
-20.17086
-20.17114
-20.17142
-20.17170
-20.17198
-20.17226
-20.17254
-20.17283
-20.17311
-20.17339
-20.17367
-20.17395
-20.17423
-20.17451
-20.17479
-20.17508
-20.17536
-20.17564
-20.17592
-20.17620
-20.17648
-20.17676
-20.17704
-20.17732
-20.17761
-20.17789
-20.17817
-20.17845
-20.17873
-20.17901
-20.17929
-20.17957
-20.17986
-20.18014
-20.18042
-20.18070
-20.18098
-20.18126
-20.18154
-20.18182
-20.18211
-20.18239
-20.18267
-20.18295
-20.18323
-20.18351
-20.18379
-20.18407
-20.18435
-20.18464
-20.18492
-20.18520
-20.18548
-20.18576
-20.18604
-20.18632
-20.18660
-20.18689
-20.18717
-20.18745
-20.18773
-20.18801
-20.18829
-20.18857
-20.18885
-20.18913
-20.18942
-20.18970
-20.18998
-20.19026
-20.19054
-20.19082
-20.19110
-20.19138
-20.19167
-20.19195
-20.19223
-20.19251
-20.19279
-20.19307
-20.19335
-20.19363
-20.19391
-20.19420
-20.19448
-20.19476
-20.19504
-20.19532
-20.19560
-20.19588
-20.19616
-20.19645
-20.19673
-20.19701
-20.19729
-20.19757
-20.19785
-20.19813
-20.19841
-20.19869
-20.19898
-20.19926
-20.19954
-20.19982
-20.20010
-20.20038
-20.20066
-20.20094
-20.20123
-20.20151
-20.20179
-20.20207
-20.20235
-20.20263
-20.20291
-20.20319
-20.20347
-20.20376
-20.20404
-20.20432
-20.20460
-20.20488
-20.20516
-20.20544
-20.20572
-20.20601
-20.20629
-20.20657
-20.20685
-20.20713
-20.20741
-20.20769
-20.20797
-20.20825
-20.20854
-20.20882
-20.20910
-20.20938
-20.20966
-20.20994
-20.21022
-20.21050
-20.21079
-20.21107
-20.21135
-20.21163
-20.21191
-20.21219
-20.21247
-20.21275
-20.21303
-20.21332
-20.21360
-20.21388
-20.21416
-20.21444
-20.21472
-20.21500
-20.21528
-20.21557
-20.21585
-20.21613
-20.21641
-20.21669
-20.21697
-20.21725
-20.21753
-20.21781
-20.21810
-20.21838
-20.21866
-20.21894
-20.21922
-20.21950
-20.21978
-20.22006
-20.22035
-20.22063
-20.22091
-20.22119
-20.22147
-20.22175
-20.22203
-20.22231
-20.22259
-20.22288
-20.22316
-20.22344
-20.22372
-20.22400
-20.22428
-20.22456
-20.22484
-20.22513
-20.22541
-20.22569
-20.22597
-20.22625
-20.22653
-20.22681
-20.22709
-20.22737
-20.22766
-20.22794
-20.22822
-20.22850
-20.22878
-20.22906
-20.22934
-20.22962
-20.22990
-20.23019
-20.23047
-20.23075
-20.23103
-20.23131
-20.23159
-20.23187
-20.23215
-20.23244
-20.23272
-20.23300
-20.23328
-20.23356
-20.23384
-20.23412
-20.23440
-20.23468
-20.23497
-20.23525
-20.23553
-20.23581
-20.23609
-20.23637
-20.23665
-20.23693
-20.23722
-20.23750
-20.23778
-20.23806
-20.23834
-20.23862
-20.23890
-20.23918
-20.23946
-20.23975
-20.24003
-20.24031
-20.24059
-20.24087
-20.24115
-20.24143
-20.24171
-20.24200
-20.24228
-20.24256
-20.24284
-20.24312
-20.24340
-20.24368
-20.24396
-20.24424
-20.24453
-20.24481
-20.24509
-20.24537
-20.24565
-20.24593
-20.24621
-20.24649
-20.24677
-20.24706
-20.24734
-20.24762
-20.24790
-20.24818
-20.24846
-20.24874
-20.24902
-20.24931
-20.24959
-20.24987
-20.25015
-20.25043
-20.25071
-20.25099
-20.25127
-20.25155
-20.25184
-20.25212
-20.25240
-20.25268
-20.25296
-20.25324
-20.25352
-20.25380
-20.25409
-20.25437
-20.25465
-20.25493
-20.25521
-20.25549
-20.25577
-20.25605
-20.25633
-20.25662
-20.25690
-20.25718
-20.25746
-20.25774
-20.25802
-20.25830
-20.25858
-20.25886
-20.25915
-20.25943
-20.25971
-20.25999
-20.26027
-20.26055
-20.26083
-20.26111
-20.26140
-20.26168
-20.26196
-20.26224
-20.26252
-20.26280
-20.26308
-20.26336
-20.26364
-20.26393
-20.26421
-20.26449
-20.26477
-20.26505
-20.26533
-20.26561
-20.26589
-20.26618
-20.26646
-20.26674
-20.26702
-20.26730
-20.26758
-20.26786
-20.26814
-20.26842
-20.26871
-20.26899
-20.26927
-20.26955
-20.26983
-20.27011
-20.27039
-20.27067
-20.27095
-20.27124
-20.27152
-20.27180
-20.27208
-20.27236
-20.27264
-20.27292
-20.27320
-20.27349
-20.27377
-20.27405
-20.27433
-20.27461
-20.27489
-20.27517
-20.27545
-20.27573
-20.27602
-20.27630
-20.27658
-20.27686
-20.27714
-20.27742
-20.27770
-20.27798
-20.27826
-20.27855
-20.27883
-20.27911
-20.27939
-20.27967
-20.27995
-20.28023
-20.28051
-20.28080
-20.28108
-20.28136
-20.28164
-20.28192
-20.28220
-20.28248
-20.28276
-20.28304
-20.28333
-20.28361
-20.28389
-20.28417
-20.28445
-20.28473
-20.28501
-20.28529
-20.28557
-20.28586
-20.28614
-20.28642
-20.28670
-20.28698
-20.28726
-20.28754
-20.28782
