series,run_name,rev1,rev2,rev3,gammaCDff2,gammaDDff2,f,ln(c/c0),ln(d/d0),DeltaCD,DeltaDD,central_rev1,central_rev2,central_rev3,central_gammaCDff2,central_gammaDDff2,solve_seconds,t_end,tmax,event_reached,f_stop
ANME2d,central,0.32,0.97,0.86,0.979,0.92,0.3,0.02903911293471967,0.2411328491401459,2.560712767401433,-18.030706849705037,0.32,0.97,0.86,0.979,0.92,0.04552125930786133,51.88251495125309,500.0,True,0.295
ANME2d,central,0.32,0.97,0.86,0.979,0.92,0.30588235294117644,0.028647530770846103,0.23798056302326673,2.4293267215036916,-18.084589380578823,0.32,0.97,0.86,0.979,0.92,0.04552125930786133,51.88251495125309,500.0,True,0.295
ANME2d,central,0.32,0.97,0.86,0.979,0.92,0.31176470588235294,0.028261570333344314,0.23486843296632234,2.302484737414954,-18.128005064427146,0.32,0.97,0.86,0.979,0.92,0.04552125930786133,51.88251495125309,500.0,True,0.295
ANME2d,central,0.32,0.97,0.86,0.979,0.92,0.3176470588235294,0.027881054644635476,0.23179519087929934,2.1800057170969263,-18.161453534875466,0.32,0.97,0.86,0.979,0.92,0.04552125930786133,51.88251495125309,500.0,True,0.295
ANME2d,central,0.32,0.97,0.86,0.979,0.92,0.32352941176470584,0.02750581423995404,0.2287596223216686,2.061716814556001,-18.185413414801936,0.32,0.97,0.86,0.979,0.92,0.04552125930786133,51.88251495125309,500.0,True,0.295
ANME2d,central,0.32,0.97,0.86,0.979,0.92,0.32941176470588235,0.027135692404455812,0.22576061951241208,1.9474671307018847,-18.200274702892298,0.32,0.97,0.86,0.979,0.92,0.04552125930786133,51.88251495125309,500.0,True,0.295
ANME2d,central,0.32,0.97,0.86,0.979,0.92,0.3352941176470588,0.02677053946656892,0.2227971235938022,1.8371129925290652,-18.206408461774362,0.32,0.97,0.86,0.979,0.92,0.04552125930786133,51.88251495125309,500.0,True,0.295
ANME2d,central,0.32,0.97,0.86,0.979,0.92,0.3411764705882353,0.02641019986826693,0.21986799066974602,1.7304775652619688,-18.20437781861665,0.32,0.97,0.86,0.979,0.92,0.04552125930786133,51.88251495125309,500.0,True,0.295
ANME2d,central,0.32,0.97,0.86,0.979,0.92,0.34705882352941175,0.026054544512394143,0.2169723285420871,1.6274487075179194,-18.19443470252105,0.32,0.97,0.86,0.979,0.92,0.04552125930786133,51.88251495125309,500.0,True,0.295
ANME2d,central,0.32,0.97,0.86,0.979,0.92,0.3529411764705882,0.025703440573854014,0.2141091982366371,1.5279021303598548,-18.17689543728376,0.32,0.97,0.86,0.979,0.92,0.04552125930786133,51.88251495125309,500.0,True,0.295
ANME2d,central,0.32,0.97,0.86,0.979,0.92,0.3588235294117647,0.02535675782539153,0.21127767144659293,1.4317121127572534,-18.152096661336014,0.32,0.97,0.86,0.979,0.92,0.04552125930786133,51.88251495125309,500.0,True,0.295
ANME2d,central,0.32,0.97,0.86,0.979,0.92,0.36470588235294116,0.02501436906420921,0.20847683680993698,1.338755774625446,-18.12036829681993,0.32,0.97,0.86,0.979,0.92,0.04552125930786133,51.88251495125309,500.0,True,0.295
ANME2d,central,0.32,0.97,0.86,0.979,0.92,0.37058823529411766,0.02467615420455059,0.2057058380527059,1.248918600855744,-18.08201552225096,0.32,0.97,0.86,0.979,0.92,0.04552125930786133,51.88251495125309,500.0,True,0.295
ANME2d,central,0.32,0.97,0.86,0.979,0.92,0.3764705882352941,0.024342010326806426,0.2029639676913706,1.1621084627250393,-18.03727127929916,0.32,0.97,0.86,0.979,0.92,0.04552125930786133,51.88251495125309,500.0,True,0.295
ANME2d,central,0.32,0.97,0.86,0.979,0.92,0.38235294117647056,0.024011829745858932,0.2002504656581565,1.0782256910336847,-17.986395353784395,0.32,0.97,0.86,0.979,0.92,0.04552125930786133,51.88251495125309,500.0,True,0.295
ANME2d,central,0.32,0.97,0.86,0.979,0.92,0.388235294117647,0.023685505754918453,0.19756457232643287,0.9971707729459676,-17.929649457157495,0.32,0.97,0.86,0.979,0.92,0.04552125930786133,51.88251495125309,500.0,True,0.295
ANME2d,central,0.32,0.97,0.86,0.979,0.92,0.3941176470588235,0.023362936504426876,0.19490556466860956,0.9188496631676429,-17.86727963023992,0.32,0.97,0.86,0.979,0.92,0.04552125930786133,51.88251495125309,500.0,True,0.295
ANME2d,central,0.32,0.97,0.86,0.979,0.92,0.4,0.023044024643158977,0.19227275346962025,0.8431733586306736,-17.79951746444596,0.32,0.97,0.86,0.979,0.92,0.04552125930786133,51.88251495125309,500.0,True,0.295
ANME2d,central,0.32,0.97,0.86,0.979,0.92,0.40588235294117647,0.02272866951952716,0.18966540686978395,0.7700466828774217,-17.726616830810563,0.32,0.97,0.86,0.979,0.92,0.04552125930786133,51.88251495125309,500.0,True,0.295
ANME2d,central,0.32,0.97,0.86,0.979,0.92,0.4117647058823529,0.022416788120594142,0.18708295785122114,0.6993985687726243,-17.648754680989132,0.32,0.97,0.86,0.979,0.92,0.04552125930786133,51.88251495125309,500.0,True,0.295
ANME2d,central,0.32,0.97,0.86,0.979,0.92,0.41764705882352937,0.02210830118184945,0.1845248681250604,0.631162326460569,-17.56609457121548,0.32,0.97,0.86,0.979,0.92,0.04552125930786133,51.88251495125309,500.0,True,0.295
ANME2d,central,0.32,0.97,0.86,0.979,0.92,0.4235294117647059,0.021803125965774082,0.181990556959241,0.565265123386501,-17.47882160395959,0.32,0.97,0.86,0.979,0.92,0.04552125930786133,51.88251495125309,500.0,True,0.295
ANME2d,central,0.32,0.97,0.86,0.979,0.92,0.4294117647058823,0.021501181304086736,0.17947945124101192,0.5016352083481307,-17.38711911811859,0.32,0.97,0.86,0.979,0.92,0.04552125930786133,51.88251495125309,500.0,True,0.295
ANME2d,central,0.32,0.97,0.86,0.979,0.92,0.43529411764705883,0.0212023892732532,0.17699100249336527,0.440204387855394,-17.29116048671542,0.32,0.97,0.86,0.979,0.92,0.04552125930786133,51.88251495125309,500.0,True,0.295
ANME2d,central,0.32,0.97,0.86,0.979,0.92,0.4411764705882353,0.020906674213658962,0.17452467637507224,0.3809065094457393,-17.1911137883846,0.32,0.97,0.86,0.979,0.92,0.04552125930786133,51.88251495125309,500.0,True,0.295
ANME2d,central,0.32,0.97,0.86,0.979,0.92,0.44705882352941173,0.020613960076552154,0.17207992270823938,0.3236731060914118,-17.087155641790865,0.32,0.97,0.86,0.979,0.92,0.04552125930786133,51.88251495125309,500.0,True,0.295
ANME2d,central,0.32,0.97,0.86,0.979,0.92,0.45294117647058824,0.02032418317354148,0.1696563232780368,0.26845469795464466,-16.97940396986118,0.32,0.97,0.86,0.979,0.92,0.04552125930786133,51.88251495125309,500.0,True,0.295
ANME2d,central,0.32,0.97,0.86,0.979,0.92,0.4588235294117647,0.020037279288944505,0.16725344409151682,0.21519958112204673,-16.867984219694346,0.32,0.97,0.86,0.979,0.92,0.04552125930786133,51.88251495125309,500.0,True,0.295
ANME2d,central,0.32,0.97,0.86,0.979,0.92,0.4647058823529412,0.019753182514735738,0.164870822301659,0.16385187593955441,-16.75303584509253,0.32,0.97,0.86,0.979,0.92,0.04552125930786133,51.88251495125309,500.0,True,0.295
ANME2d,central,0.32,0.97,0.86,0.979,0.92,0.47058823529411764,0.019471829318343428,0.16250801351235636,0.11435829276071482,-16.63469123497298,0.32,0.97,0.86,0.979,0.92,0.04552125930786133,51.88251495125309,500.0,True,0.295
ANME2d,central,0.32,0.97,0.86,0.979,0.92,0.4764705882352941,0.019193158395069337,0.16016459059337299,0.06666796068175737,-16.51307618257976,0.32,0.97,0.86,0.979,0.92,0.04552125930786133,51.88251495125309,500.0,True,0.295
ANME2d,central,0.32,0.97,0.86,0.979,0.92,0.48235294117647054,0.01891710895121197,0.15784011996565156,0.020728935023457146,-16.388320712535254,0.32,0.97,0.86,0.979,0.92,0.04552125930786133,51.88251495125309,500.0,True,0.295
ANME2d,central,0.32,0.97,0.86,0.979,0.92,0.48823529411764705,0.01864362427185484,0.1555342133666857,-0.02350419554943857,-16.26053550388722,0.32,0.97,0.86,0.979,0.92,0.04552125930786133,51.88251495125309,500.0,True,0.295
ANME2d,central,0.32,0.97,0.86,0.979,0.92,0.49411764705882355,0.018372651168277104,0.1532465208823872,-0.0660712829506622,-16.129814508801804,0.32,0.97,0.86,0.979,0.92,0.04552125930786133,51.88251495125309,500.0,True,0.295
ANME2d,central,0.32,0.97,0.86,0.979,0.92,0.5,0.018104136406010888,0.15097668050166788,-0.10701405527405727,-15.996258097144889,0.32,0.97,0.86,0.979,0.92,0.04552125930786133,51.88251495125309,500.0,True,0.295
ANME2d,central,0.32,0.97,0.86,0.979,0.92,0.5058823529411764,0.017838027369798722,0.14872432813139327,-0.14637467571537308,-15.859968792603924,0.32,0.97,0.86,0.979,0.92,0.04552125930786133,51.88251495125309,500.0,True,0.295
ANME2d,central,0.32,0.97,0.86,0.979,0.92,0.5117647058823529,0.017574273082746728,0.1464891127576508,-0.1841935124059577,-15.721044332220139,0.32,0.97,0.86,0.979,0.92,0.04552125930786133,51.88251495125309,500.0,True,0.295
ANME2d,central,0.32,0.97,0.86,0.979,0.92,0.5176470588235293,0.017312824112462526,0.14427069566765122,-0.22050924964413843,-15.579577967323367,0.32,0.97,0.86,0.979,0.92,0.04552125930786133,51.88251495125309,500.0,True,0.295
ANME2d,central,0.32,0.97,0.86,0.979,0.92,0.5235294117647058,0.017053631841327882,0.14206873630931796,-0.2553609921460932,-15.435664704711108,0.32,0.97,0.86,0.979,0.92,0.04552125930786133,51.88251495125309,500.0,True,0.295
ANME2d,central,0.32,0.97,0.86,0.979,0.92,0.5294117647058824,0.016796650199014822,0.1398829294709682,-0.2887827260629309,-15.289384860386571,0.32,0.97,0.86,0.979,0.92,0.04552125930786133,51.88251495125309,500.0,True,0.295
ANME2d,central,0.32,0.97,0.86,0.979,0.92,0.5352941176470588,0.016541834533033525,0.13771298273258445,-0.32080665939034475,-15.140813829110696,0.32,0.97,0.86,0.979,0.92,0.04552125930786133,51.88251495125309,500.0,True,0.295
ANME2d,central,0.32,0.97,0.86,0.979,0.92,0.5411764705882353,0.01628914061675208,0.13555859663519043,-0.3514661777015361,-14.990030885236017,0.32,0.97,0.86,0.979,0.92,0.04552125930786133,51.88251495125309,500.0,True,0.295
ANME2d,central,0.32,0.97,0.86,0.979,0.92,0.5470588235294118,0.016038525399121036,0.13341947840984233,-0.38079383655685767,-14.837113207830726,0.32,0.97,0.86,0.979,0.92,0.04552125930786133,51.88251495125309,500.0,True,0.295
ANME2d,central,0.32,0.97,0.86,0.979,0.92,0.5529411764705883,0.015789946940030032,0.1312953468273167,-0.40882058192807913,-14.68213377572818,0.32,0.97,0.86,0.979,0.92,0.04552125930786133,51.88251495125309,500.0,True,0.295
ANME2d,central,0.32,0.97,0.86,0.979,0.92,0.5588235294117647,0.015543364334555505,0.12918593445429213,-0.4355753757663944,-14.525160310967902,0.32,0.97,0.86,0.979,0.92,0.04552125930786133,51.88251495125309,500.0,True,0.295
ANME2d,central,0.32,0.97,0.86,0.979,0.92,0.5647058823529412,0.015298737707744026,0.1270909783711072,-0.4610866775167842,-14.366259281767508,0.32,0.97,0.86,0.979,0.92,0.04552125930786133,51.88251495125309,500.0,True,0.295
ANME2d,central,0.32,0.97,0.86,0.979,0.92,0.5705882352941176,0.015056028163971655,0.1250102193473976,-0.48538257324774975,-14.205496312986966,0.32,0.97,0.86,0.979,0.92,0.04552125930786133,51.88251495125309,500.0,True,0.295
ANME2d,central,0.32,0.97,0.86,0.979,0.92,0.5764705882352941,0.014815198037009853,0.1229434027899521,-0.5084906863002171,-14.042935733313954,0.32,0.97,0.86,0.979,0.92,0.04552125930786133,51.88251495125309,500.0,True,0.295
ANME2d,central,0.32,0.97,0.86,0.979,0.92,0.5823529411764705,0.014576209947122738,0.12089028718578718,-0.5304366256189647,-13.878637016065156,0.32,0.97,0.86,0.979,0.92,0.04552125930786133,51.88251495125309,500.0,True,0.295
ANME2d,central,0.32,0.97,0.86,0.979,0.92,0.588235294117647,0.014339027082786348,0.11885064050593985,-0.5512446239604021,-13.712656233867481,0.32,0.97,0.86,0.979,0.92,0.04552125930786133,51.88251495125309,500.0,True,0.295
ANME2d,central,0.32,0.97,0.86,0.979,0.92,0.5941176470588235,0.014103614030929577,0.11682423121167333,-0.5709391599759022,-13.545049839890176,0.32,0.97,0.86,0.979,0.92,0.04552125930786133,51.88251495125309,500.0,True,0.295
ANME2d,central,0.32,0.97,0.86,0.979,0.92,0.6,0.013869936391870438,0.11481083259646586,-0.5895441860907855,-13.375872874879711,0.32,0.97,0.86,0.979,0.92,0.04552125930786133,51.88251495125309,500.0,True,0.295
ANME2d,central,0.32,0.97,0.86,0.979,0.92,0.6058823529411765,0.013637960428287833,0.11281022435977212,-0.6070828016640424,-13.205178312813967,0.32,0.97,0.86,0.979,0.92,0.04552125930786133,51.88251495125309,500.0,True,0.295
ANME2d,central,0.32,0.97,0.86,0.979,0.92,0.611764705882353,0.013407652092991303,0.11082219634695546,-0.6235764408189887,-13.033015487660316,0.32,0.97,0.86,0.979,0.92,0.04552125930786133,51.88251495125309,500.0,True,0.295
ANME2d,central,0.32,0.97,0.86,0.979,0.92,0.6176470588235294,0.013178978058467081,0.10884654366766182,-0.6390458861031534,-12.859432068567566,0.32,0.97,0.86,0.979,0.92,0.04552125930786133,51.88251495125309,500.0,True,0.295
ANME2d,central,0.32,0.97,0.86,0.979,0.92,0.6235294117647059,0.012951906499020508,0.10688306288433966,-0.6535120546569997,-12.68447565613344,0.32,0.97,0.86,0.979,0.92,0.04552125930786133,51.88251495125309,500.0,True,0.295
ANME2d,central,0.32,0.97,0.86,0.979,0.92,0.6294117647058823,0.012726406569255439,0.1049315547413522,-0.6669954496508658,-12.508192682104651,0.32,0.97,0.86,0.979,0.92,0.04552125930786133,51.88251495125309,500.0,True,0.295
ANME2d,central,0.32,0.97,0.86,0.979,0.92,0.6352941176470588,0.012502447125137846,0.10299182728929829,-0.679515371994601,-12.330627085735356,0.32,0.97,0.86,0.979,0.92,0.04552125930786133,51.88251495125309,500.0,True,0.295
ANME2d,central,0.32,0.97,0.86,0.979,0.92,0.6411764705882352,0.012279996471482363,0.10106369625960805,-0.6910898068763173,-12.151820121323764,0.32,0.97,0.86,0.979,0.92,0.04552125930786133,51.88251495125309,500.0,True,0.295
ANME2d,central,0.32,0.97,0.86,0.979,0.92,0.6470588235294117,0.012059024482828338,0.09914697902593407,-0.7017368747159233,-11.9718128766936,0.32,0.97,0.86,0.979,0.92,0.04552125930786133,51.88251495125309,500.0,True,0.295
ANME2d,central,0.32,0.97,0.86,0.979,0.92,0.6529411764705881,0.011839501817744392,0.09724149650657174,-0.7114743478211553,-11.79064549333995,0.32,0.97,0.86,0.979,0.92,0.04552125930786133,51.88251495125309,500.0,True,0.295
ANME2d,central,0.32,0.97,0.86,0.979,0.92,0.6588235294117647,0.011621399614031561,0.09534707385792708,-0.7203194710506307,-11.608356861122498,0.32,0.97,0.86,0.979,0.92,0.04552125930786133,51.88251495125309,500.0,True,0.295
ANME2d,central,0.32,0.97,0.86,0.979,0.92,0.6647058823529411,0.01140468857284499,0.09346354191993915,-0.7282885319124004,-11.424984022472087,0.32,0.97,0.86,0.979,0.92,0.04552125930786133,51.88251495125309,500.0,True,0.295
ANME2d,central,0.32,0.97,0.86,0.979,0.92,0.6705882352941177,0.011189339189492338,0.09159073656518024,-0.7353970191420126,-11.240562415804943,0.32,0.97,0.86,0.979,0.92,0.04552125930786133,51.88251495125309,500.0,True,0.295
ANME2d,central,0.32,0.97,0.86,0.979,0.92,0.6764705882352942,0.010975323519943944,0.08972849543234361,-0.7416605365019298,-11.055127191834599,0.32,0.97,0.86,0.979,0.92,0.04552125930786133,51.88251495125309,500.0,True,0.295
ANME2d,central,0.32,0.97,0.86,0.979,0.92,0.6823529411764706,0.010762613329061867,0.08787666059617666,-0.7470939658344561,-10.868712141339206,0.32,0.97,0.86,0.979,0.92,0.04552125930786133,51.88251495125309,500.0,True,0.295
ANME2d,central,0.32,0.97,0.86,0.979,0.92,0.6882352941176471,0.010551179926969393,0.08603507855118614,-0.7517114362109818,-10.681349690367389,0.32,0.97,0.86,0.979,0.92,0.04552125930786133,51.88251495125309,500.0,True,0.295
ANME2d,central,0.32,0.97,0.86,0.979,0.92,0.6941176470588235,0.010340996154973123,0.08420359807783956,-0.7555271139994204,-10.49307174911981,0.32,0.97,0.86,0.979,0.92,0.04552125930786133,51.88251495125309,500.0,True,0.295
ANME2d,central,0.32,0.97,0.86,0.979,0.92,0.7,0.010132034525840302,0.08238207172198644,-0.7585545482362399,-10.303909124190707,0.32,0.97,0.86,0.979,0.92,0.04552125930786133,51.88251495125309,500.0,True,0.295
ANME2d,central,0.32,0.97,0.86,0.979,0.92,0.7058823529411764,0.00992426650990379,0.08057035611978099,-0.7608064626399219,-10.113891381570333,0.32,0.97,0.86,0.979,0.92,0.04552125930786133,51.88251495125309,500.0,True,0.295
ANME2d,central,0.32,0.97,0.86,0.979,0.92,0.7117647058823529,0.009717665070739795,0.07876831034798978,-0.7622955914062594,-9.923047482672864,0.32,0.97,0.86,0.979,0.92,0.04552125930786133,51.88251495125309,500.0,True,0.295
ANME2d,central,0.32,0.97,0.86,0.979,0.92,0.7176470588235294,0.009512203337955561,0.07697579649838981,-0.7630342890352309,-9.731405564878466,0.32,0.97,0.86,0.979,0.92,0.04552125930786133,51.88251495125309,500.0,True,0.295
ANME2d,central,0.32,0.97,0.86,0.979,0.92,0.7235294117647059,0.00930785289809792,0.07519268034554392,-0.7630340482663879,-9.538992676668478,0.32,0.97,0.86,0.979,0.92,0.04552125930786133,51.88251495125309,500.0,True,0.295
ANME2d,central,0.32,0.97,0.86,0.979,0.92,0.7294117647058823,0.009104585843122657,0.07341883041321298,-0.7623061087458387,-9.345835127556239,0.32,0.97,0.86,0.979,0.92,0.04552125930786133,51.88251495125309,500.0,True,0.295
ANME2d,central,0.32,0.97,0.86,0.979,0.92,0.7352941176470589,0.008902375504832473,0.07165411756779697,-0.7608616818642441,-9.151958646986648,0.32,0.97,0.86,0.979,0.92,0.04552125930786133,51.88251495125309,500.0,True,0.295
ANME2d,central,0.32,0.97,0.86,0.979,0.92,0.7411764705882353,0.008701193753903333,0.06989841585322559,-0.7587112276426016,-8.957388057055613,0.32,0.97,0.86,0.979,0.92,0.04552125930786133,51.88251495125309,500.0,True,0.295
ANME2d,central,0.32,0.97,0.86,0.979,0.92,0.7470588235294118,0.00850101099726825,0.06815160237511383,-0.7558644811702132,-8.762147308580461,0.32,0.97,0.86,0.979,0.92,0.04552125930786133,51.88251495125309,500.0,True,0.295
ANME2d,central,0.32,0.97,0.86,0.979,0.92,0.7529411764705882,0.00830179970059755,0.06641355616668523,-0.7523314013044767,-8.566259922323198,0.32,0.97,0.86,0.979,0.92,0.04552125930786133,51.88251495125309,500.0,True,0.295
ANME2d,central,0.32,0.97,0.86,0.979,0.92,0.7588235294117647,0.00810353121297805,0.06468415898323387,-0.7481213569240305,-8.369748676247877,0.32,0.97,0.86,0.979,0.92,0.04552125930786133,51.88251495125309,500.0,True,0.295
ANME2d,central,0.32,0.97,0.86,0.979,0.92,0.7647058823529411,0.007906174820458921,0.06296329542417645,-0.7432429134688892,-8.172635554592445,0.32,0.97,0.86,0.979,0.92,0.04552125930786133,51.88251495125309,500.0,True,0.295
ANME2d,central,0.32,0.97,0.86,0.979,0.92,0.7705882352941176,0.007709700710819484,0.061250852144304646,-0.7377045990563822,-7.974942038452833,0.32,0.97,0.86,0.979,0.92,0.04552125930786133,51.88251495125309,500.0,True,0.295
ANME2d,central,0.32,0.97,0.86,0.979,0.92,0.776470588235294,0.007514077535334633,0.05954671827173954,-0.7315143205033917,-7.776688948847267,0.32,0.97,0.86,0.979,0.92,0.04552125930786133,51.88251495125309,500.0,True,0.295
ANME2d,central,0.32,0.97,0.86,0.979,0.92,0.7823529411764706,0.007319274084328616,0.05785078507682911,-0.7246797800684555,-7.577896565442306,0.32,0.97,0.86,0.979,0.92,0.04552125930786133,51.88251495125309,500.0,True,0.295
ANME2d,central,0.32,0.97,0.86,0.979,0.92,0.788235294117647,0.007125257646975505,0.05616294608322606,-0.7172081160948275,-7.37858458526352,0.32,0.97,0.86,0.979,0.92,0.04552125930786133,51.88251495125309,500.0,True,0.295
ANME2d,central,0.32,0.97,0.86,0.979,0.92,0.7941176470588236,0.00693199450682607,0.05448309697929676,-0.7091060280031884,-7.178772149582815,0.32,0.97,0.86,0.979,0.92,0.04552125930786133,51.88251495125309,500.0,True,0.295
ANME2d,central,0.32,0.97,0.86,0.979,0.92,0.8,0.00673945096414966,0.05281113542413232,-0.7003800277852426,-6.978477912241933,0.32,0.97,0.86,0.979,0.92,0.04552125930786133,51.88251495125309,500.0,True,0.295
ANME2d,central,0.32,0.97,0.86,0.979,0.92,0.8058823529411765,0.006547589639423094,0.051146961273976464,-0.6910356481807931,-6.777719959522874,0.32,0.97,0.86,0.979,0.92,0.04552125930786133,51.88251495125309,500.0,True,0.295
ANME2d,central,0.32,0.97,0.86,0.979,0.92,0.8117647058823529,0.006356374510048173,0.04949047617839268,-0.6810785499465355,-6.576515945754647,0.32,0.97,0.86,0.979,0.92,0.04552125930786133,51.88251495125309,500.0,True,0.295
ANME2d,central,0.32,0.97,0.86,0.979,0.92,0.8176470588235294,0.00616576531940423,0.04784158383876572,-0.6705133508532511,-6.37488300592797,0.32,0.97,0.86,0.979,0.92,0.04552125930786133,51.88251495125309,500.0,True,0.295
ANME2d,central,0.32,0.97,0.86,0.979,0.92,0.8235294117647058,0.005975721479291989,0.04620018974715976,-0.6593444712170251,-6.172837842280707,0.32,0.97,0.86,0.979,0.92,0.04552125930786133,51.88251495125309,500.0,True,0.295
ANME2d,central,0.32,0.97,0.86,0.979,0.92,0.8294117647058823,0.0057861997831741676,0.04456620122418315,-0.6475756786314428,-5.970396712171183,0.32,0.97,0.86,0.979,0.92,0.04552125930786133,51.88251495125309,500.0,True,0.295
ANME2d,central,0.32,0.97,0.86,0.979,0.92,0.8352941176470587,0.005597153541982298,0.04293952740030999,-0.6352099381139775,-5.767575431961403,0.32,0.97,0.86,0.979,0.92,0.04552125930786133,51.88251495125309,500.0,True,0.295
ANME2d,central,0.32,0.97,0.86,0.979,0.92,0.8411764705882352,0.0054085335851296705,0.041320079103665495,-0.6222496467368585,-5.564389413136782,0.32,0.97,0.86,0.979,0.92,0.04552125930786133,51.88251495125309,500.0,True,0.295
ANME2d,central,0.32,0.97,0.86,0.979,0.92,0.8470588235294116,0.005220288454640991,0.03970776881876254,-0.6086966954556426,-5.36085367419682,0.32,0.97,0.86,0.979,0.92,0.04552125930786133,51.88251495125309,500.0,True,0.295
ANME2d,central,0.32,0.97,0.86,0.979,0.92,0.8529411764705883,0.005032361564211635,0.038102510690646484,-0.5945519345382313,-5.156982842937672,0.32,0.97,0.86,0.979,0.92,0.04552125930786133,51.88251495125309,500.0,True,0.295
ANME2d,central,0.32,0.97,0.86,0.979,0.92,0.8588235294117648,0.004844693793410407,0.03650422042700957,-0.5798157148279385,-4.952791182919364,0.32,0.97,0.86,0.979,0.92,0.04552125930786133,51.88251495125309,500.0,True,0.295
ANME2d,central,0.32,0.97,0.86,0.979,0.92,0.8647058823529412,0.0046572199990430815,0.034912815303991845,-0.5644872423373871,-4.748292596703059,0.32,0.97,0.86,0.979,0.92,0.04552125930786133,51.88251495125309,500.0,True,0.295
ANME2d,central,0.32,0.97,0.86,0.979,0.92,0.8705882352941177,0.004469869735109271,0.03332821410001281,-0.5485647595598353,-4.543500645117925,0.32,0.97,0.86,0.979,0.92,0.04552125930786133,51.88251495125309,500.0,True,0.295
ANME2d,central,0.32,0.97,0.86,0.979,0.92,0.8764705882352941,0.004282566876917913,0.031750337058672015,-0.5320455155236467,-4.338428559008899,0.32,0.97,0.86,0.979,0.92,0.04552125930786133,51.88251495125309,500.0,True,0.295
ANME2d,central,0.32,0.97,0.86,0.979,0.92,0.8823529411764706,0.004095226167594855,0.030179105865920913,-0.5149251680132056,-4.133089252532422,0.32,0.97,0.86,0.979,0.92,0.04552125930786133,51.88251495125309,500.0,True,0.295
ANME2d,central,0.32,0.97,0.86,0.979,0.92,0.888235294117647,0.003907754034975717,0.02861444359748731,-0.49719799962335387,-3.9274953365076177,0.32,0.97,0.86,0.979,0.92,0.04552125930786133,51.88251495125309,500.0,True,0.295
ANME2d,central,0.32,0.97,0.86,0.979,0.92,0.8941176470588235,0.003720047162879386,0.02705627468386754,-0.47885671427931165,-3.721659131560311,0.32,0.97,0.86,0.979,0.92,0.04552125930786133,51.88251495125309,500.0,True,0.295
ANME2d,central,0.32,0.97,0.86,0.979,0.92,0.8999999999999999,0.003531991110968591,0.025504524876633232,-0.4598922481243749,-3.5155926803821136,0.32,0.97,0.86,0.979,0.92,0.04552125930786133,51.88251495125309,500.0,True,0.295
ANME2d,central,0.32,0.97,0.86,0.979,0.92,0.9058823529411764,0.0033434567143213155,0.023959121214323278,-0.4402932041743908,-3.3093077651378224,0.32,0.97,0.86,0.979,0.92,0.04552125930786133,51.88251495125309,500.0,True,0.295
ANME2d,central,0.32,0.97,0.86,0.979,0.92,0.911764705882353,0.003154298460727418,0.022419991984797858,-0.4200456605159841,-3.102815921262616,0.32,0.97,0.86,0.979,0.92,0.04552125930786133,51.88251495125309,500.0,True,0.295
ANME2d,central,0.32,0.97,0.86,0.979,0.92,0.9176470588235295,0.002964350836831945,0.02088706669006026,-0.39913264339518867,-2.8961284549768083,0.32,0.97,0.86,0.979,0.92,0.04552125930786133,51.88251495125309,500.0,True,0.295
ANME2d,central,0.32,0.97,0.86,0.979,0.92,0.9235294117647059,0.002773423764410358,0.019360276010814914,-0.37753346641279195,-2.6892564622041597,0.32,0.97,0.86,0.979,0.92,0.04552125930786133,51.88251495125309,500.0,True,0.295
ANME2d,central,0.32,0.97,0.86,0.979,0.92,0.9294117647058824,0.0025812992311675174,0.017839551769824973,-0.3552233035185305,-2.48221084523922,0.32,0.97,0.86,0.979,0.92,0.04552125930786133,51.88251495125309,500.0,True,0.295
ANME2d,central,0.32,0.97,0.86,0.979,0.92,0.9352941176470588,0.0023877246492474812,0.016324826894801112,-0.3321722360542531,-2.2750023364751746,0.32,0.97,0.86,0.979,0.92,0.04552125930786133,51.88251495125309,500.0,True,0.295
ANME2d,central,0.32,0.97,0.86,0.979,0.92,0.9411764705882353,0.0021924043080161605,0.014816035378288586,-0.3083440488193819,-2.067641526598948,0.32,0.97,0.86,0.979,0.92,0.04552125930786133,51.88251495125309,500.0,True,0.295
ANME2d,central,0.32,0.97,0.86,0.979,0.92,0.9470588235294117,0.0019949877479788977,0.013313112234016006,-0.28369457848815804,-1.8601388999508104,0.32,0.97,0.86,0.979,0.92,0.04552125930786133,51.88251495125309,500.0,True,0.295
ANME2d,central,0.32,0.97,0.86,0.979,0.92,0.9529411764705882,0.001795058779879686,0.011815993453500285,-0.25817023085764124,-1.6525048676215424,0.32,0.97,0.86,0.979,0.92,0.04552125930786133,51.88251495125309,500.0,True,0.295
ANME2d,central,0.32,0.97,0.86,0.979,0.92,0.9588235294117646,0.001592116943485917,0.010324615950638253,-0.2317053865302836,-1.4447498185913106,0.32,0.97,0.86,0.979,0.92,0.04552125930786133,51.88251495125309,500.0,True,0.295
ANME2d,central,0.32,0.97,0.86,0.979,0.92,0.9647058823529411,0.001385549556026951,0.008838917494024656,-0.20421852340605604,-1.2368841941836368,0.32,0.97,0.86,0.979,0.92,0.04552125930786133,51.88251495125309,500.0,True,0.295
ANME2d,central,0.32,0.97,0.86,0.979,0.92,0.9705882352941175,0.0011746073051584229,0.007358836656962457,-0.17560901209902366,-1.0289185454423393,0.32,0.97,0.86,0.979,0.92,0.04552125930786133,51.88251495125309,500.0,True,0.295
ANME2d,central,0.32,0.97,0.86,0.979,0.92,0.9764705882352942,0.0009583512461810931,0.005884312697908154,-0.14574979316770068,-0.8208636685696403,0.32,0.97,0.86,0.979,0.92,0.04552125930786133,51.88251495125309,500.0,True,0.295
ANME2d,central,0.32,0.97,0.86,0.979,0.92,0.9823529411764707,0.0007355713680696056,0.004415285288365428,-0.11447744473839816,-0.6127307544175362,0.32,0.97,0.86,0.979,0.92,0.04552125930786133,51.88251495125309,500.0,True,0.295
ANME2d,central,0.32,0.97,0.86,0.979,0.92,0.9882352941176471,0.0005046099929785787,0.002951687820917996,-0.08157826724812098,-0.4045305762165194,0.32,0.97,0.86,0.979,0.92,0.04552125930786133,51.88251495125309,500.0,True,0.295
ANME2d,central,0.32,0.97,0.86,0.979,0.92,0.9941176470588236,0.00026231316928069777,0.0014928597359168572,-0.04669356106071453,-0.19631331601983285,0.32,0.97,0.86,0.979,0.92,0.04552125930786133,51.88251495125309,500.0,True,0.295
ANME2d,central,0.32,0.97,0.86,0.979,0.92,1.0,0.0,0.0,0.0,0.0,0.32,0.97,0.86,0.979,0.92,0.04552125930786133,51.88251495125309,500.0,True,0.295
ANME2d,rev1_plus,0.36,0.97,0.86,0.979,0.92,0.3,0.023594452589065742,0.2370485432183508,4.8487795638448,-12.82925231188028,0.32,0.97,0.86,0.979,0.92,0.04641294479370117,55.125390522048214,500.0,True,0.295
ANME2d,rev1_plus,0.36,0.97,0.86,0.979,0.92,0.30588235294117644,0.023285648145901366,0.23406188984496665,4.680586086754273,-13.004711615611026,0.32,0.97,0.86,0.979,0.92,0.04641294479370117,55.125390522048214,500.0,True,0.295
ANME2d,rev1_plus,0.36,0.97,0.86,0.979,0.92,0.31176470588235294,0.022981098588161566,0.23111024411537726,4.517481073846153,-13.166703911175686,0.32,0.97,0.86,0.979,0.92,0.04641294479370117,55.125390522048214,500.0,True,0.295
ANME2d,rev1_plus,0.36,0.97,0.86,0.979,0.92,0.3176470588235294,0.022680672404143405,0.22819252108812602,4.359269479636773,-13.31583898772794,0.32,0.97,0.86,0.979,0.92,0.04641294479370117,55.125390522048214,500.0,True,0.295
ANME2d,rev1_plus,0.36,0.97,0.86,0.979,0.92,0.32352941176470584,0.02238424553375177,0.2253077039191023,4.205771362392402,-13.45266862009809,0.32,0.97,0.86,0.979,0.92,0.04641294479370117,55.125390522048214,500.0,True,0.295
ANME2d,rev1_plus,0.36,0.97,0.86,0.979,0.92,0.32941176470588235,0.022091707216670923,0.2224549096110182,4.056841715749102,-13.577578943447431,0.32,0.97,0.86,0.979,0.92,0.04641294479370117,55.125390522048214,500.0,True,0.295
ANME2d,rev1_plus,0.36,0.97,0.86,0.979,0.92,0.3352941176470588,0.02180293080199293,0.21963304756404786,3.912264806022041,-13.691358937289467,0.32,0.97,0.86,0.979,0.92,0.04641294479370117,55.125390522048214,500.0,True,0.295
ANME2d,rev1_plus,0.36,0.97,0.86,0.979,0.92,0.3411764705882353,0.021517818257850582,0.2168413457018586,3.771916748923755,-13.794326505221454,0.32,0.97,0.86,0.979,0.92,0.04641294479370117,55.125390522048214,500.0,True,0.295
ANME2d,rev1_plus,0.36,0.97,0.86,0.979,0.92,0.34705882352941175,0.021236266739386445,0.21407896894872697,3.6356570127833434,-13.886889110548953,0.32,0.97,0.86,0.979,0.92,0.04641294479370117,55.125390522048214,500.0,True,0.295
ANME2d,rev1_plus,0.36,0.97,0.86,0.979,0.92,0.3529411764705882,0.020958174593661238,0.211345082462664,3.50334195821848,-13.969484421193414,0.32,0.97,0.86,0.979,0.92,0.04641294479370117,55.125390522048214,500.0,True,0.295
ANME2d,rev1_plus,0.36,0.97,0.86,0.979,0.92,0.3588235294117647,0.020683445054481525,0.20863889359221174,3.374836135344458,-14.042522950832259,0.32,0.97,0.86,0.979,0.92,0.04641294479370117,55.125390522048214,500.0,True,0.295
ANME2d,rev1_plus,0.36,0.97,0.86,0.979,0.92,0.36470588235294116,0.020411977864098253,0.20595956091042716,3.249995940569782,-14.106448456572883,0.32,0.97,0.86,0.979,0.92,0.04641294479370117,55.125390522048214,500.0,True,0.295
ANME2d,rev1_plus,0.36,0.97,0.86,0.979,0.92,0.37058823529411766,0.02014369633950724,0.20330649102647558,3.128722565198677,-14.16154192678499,0.32,0.97,0.86,0.979,0.92,0.04641294479370117,55.125390522048214,500.0,True,0.295
ANME2d,rev1_plus,0.36,0.97,0.86,0.979,0.92,0.3764705882352941,0.019878518231045257,0.20067902091867051,3.010905342287672,-14.208129982498926,0.32,0.97,0.86,0.979,0.92,0.04641294479370117,55.125390522048214,500.0,True,0.295
ANME2d,rev1_plus,0.36,0.97,0.86,0.979,0.92,0.38235294117647056,0.019616360204786406,0.19807646703238316,2.8964303105442877,-14.246554068228438,0.32,0.97,0.86,0.979,0.92,0.04641294479370117,55.125390522048214,500.0,True,0.295
ANME2d,rev1_plus,0.36,0.97,0.86,0.979,0.92,0.388235294117647,0.019357142638620126,0.19549817812037482,2.785189556709251,-14.277136089767037,0.32,0.97,0.86,0.979,0.92,0.04641294479370117,55.125390522048214,500.0,True,0.295
ANME2d,rev1_plus,0.36,0.97,0.86,0.979,0.92,0.3941176470588235,0.01910078944846717,0.19294353388100957,2.677080943252004,-14.300179214250997,0.32,0.97,0.86,0.979,0.92,0.04641294479370117,55.125390522048214,500.0,True,0.295
ANME2d,rev1_plus,0.36,0.97,0.86,0.979,0.92,0.4,0.018847225323010156,0.1904119124693725,2.5720023668443184,-14.315988701028589,0.32,0.97,0.86,0.979,0.92,0.04641294479370117,55.125390522048214,500.0,True,0.295
ANME2d,rev1_plus,0.36,0.97,0.86,0.979,0.92,0.40588235294117647,0.018596377576023247,0.18790271322861715,2.4698556494309694,-14.32485803493812,0.32,0.97,0.86,0.979,0.92,0.04641294479370117,55.125390522048214,500.0,True,0.295
ANME2d,rev1_plus,0.36,0.97,0.86,0.979,0.92,0.4117647058823529,0.018348187343051117,0.18541549256659226,2.370570523579716,-14.326980053012988,0.32,0.97,0.86,0.979,0.92,0.04641294479370117,55.125390522048214,500.0,True,0.295
ANME2d,rev1_plus,0.36,0.97,0.86,0.979,0.92,0.41764705882352937,0.018102592404253316,0.1829497578992,2.2740684021953443,-14.322579338441832,0.32,0.97,0.86,0.979,0.92,0.04641294479370117,55.125390522048214,500.0,True,0.295
ANME2d,rev1_plus,0.36,0.97,0.86,0.979,0.92,0.4235294117647059,0.017859529224515,0.18050499238739381,2.18026660399106,-14.311897347606797,0.32,0.97,0.86,0.979,0.92,0.04641294479370117,55.125390522048214,500.0,True,0.295
ANME2d,rev1_plus,0.36,0.97,0.86,0.979,0.92,0.4294117647058823,0.01761893681168785,0.17808070177216628,2.089086536416844,-14.295162555999065,0.32,0.97,0.86,0.979,0.92,0.04641294479370117,55.125390522048214,500.0,True,0.295
ANME2d,rev1_plus,0.36,0.97,0.86,0.979,0.92,0.43529411764705883,0.01738075654391404,0.17567641278602023,2.000453402618779,-14.272591400279985,0.32,0.97,0.86,0.979,0.92,0.04641294479370117,55.125390522048214,500.0,True,0.295
ANME2d,rev1_plus,0.36,0.97,0.86,0.979,0.92,0.4411764705882353,0.01714492947091968,0.17329163356621935,1.9142893345497343,-14.244412364650715,0.32,0.97,0.86,0.979,0.92,0.04641294479370117,55.125390522048214,500.0,True,0.295
ANME2d,rev1_plus,0.36,0.97,0.86,0.979,0.92,0.44705882352941173,0.016911402184556532,0.17092594244717169,1.8305286971699757,-14.210812414105247,0.32,0.97,0.86,0.979,0.92,0.04641294479370117,55.125390522048214,500.0,True,0.295
ANME2d,rev1_plus,0.36,0.97,0.86,0.979,0.92,0.45294117647058824,0.01668012574351383,0.1685789729888385,1.7491155763252229,-14.171945006298996,0.32,0.97,0.86,0.979,0.92,0.04641294479370117,55.125390522048214,500.0,True,0.295
ANME2d,rev1_plus,0.36,0.97,0.86,0.979,0.92,0.4588235294117647,0.016451050104829553,0.16625033105518291,1.66998940219196,-14.127980741729079,0.32,0.97,0.86,0.979,0.92,0.04641294479370117,55.125390522048214,500.0,True,0.295
ANME2d,rev1_plus,0.36,0.97,0.86,0.979,0.92,0.4647058823529412,0.016224125477385488,0.163939615575554,1.5930884736865625,-14.079095361788296,0.32,0.97,0.86,0.979,0.92,0.04641294479370117,55.125390522048214,500.0,True,0.295
ANME2d,rev1_plus,0.36,0.97,0.86,0.979,0.92,0.47058823529411764,0.015999303800090143,0.1616464413202398,1.5183538791392934,-14.025455976847025,0.32,0.97,0.86,0.979,0.92,0.04641294479370117,55.125390522048214,500.0,True,0.295
ANME2d,rev1_plus,0.36,0.97,0.86,0.979,0.92,0.4764705882352941,0.015776538634430456,0.15937043787855315,1.4457293121033277,-13.967221645158395,0.32,0.97,0.86,0.979,0.92,0.04641294479370117,55.125390522048214,500.0,True,0.295
ANME2d,rev1_plus,0.36,0.97,0.86,0.979,0.92,0.48235294117647054,0.015555783623474748,0.157111218393035,1.375155548920011,-13.904562569859163,0.32,0.97,0.86,0.979,0.92,0.04641294479370117,55.125390522048214,500.0,True,0.295
ANME2d,rev1_plus,0.36,0.97,0.86,0.979,0.92,0.48823529411764705,0.01533699637807615,0.15486846226233442,1.3065850205392697,-13.837609460251953,0.32,0.97,0.86,0.979,0.92,0.04641294479370117,55.125390522048214,500.0,True,0.295
ANME2d,rev1_plus,0.36,0.97,0.86,0.979,0.92,0.49411764705882355,0.015120136165216666,0.15264186773366017,1.2399734896626409,-13.766482033491368,0.32,0.97,0.86,0.979,0.92,0.04641294479370117,55.125390522048214,500.0,True,0.295
ANME2d,rev1_plus,0.36,0.97,0.86,0.979,0.92,0.5,0.014905162020808146,0.150431113087872,1.1752731877709637,-13.69131297934388,0.32,0.97,0.86,0.979,0.92,0.04641294479370117,55.125390522048214,500.0,True,0.295
ANME2d,rev1_plus,0.36,0.97,0.86,0.979,0.92,0.5058823529411764,0.014692033897548971,0.14823588149523179,1.1124371683911003,-13.612233042583295,0.32,0.97,0.86,0.979,0.92,0.04641294479370117,55.125390522048214,500.0,True,0.295
ANME2d,rev1_plus,0.36,0.97,0.86,0.979,0.92,0.5117647058823529,0.014480712931314076,0.14605586741044957,1.0514204318068139,-13.529367079297066,0.32,0.97,0.86,0.979,0.92,0.04641294479370117,55.125390522048214,500.0,True,0.295
ANME2d,rev1_plus,0.36,0.97,0.86,0.979,0.92,0.5176470588235293,0.014271161356117099,0.14389077513577428,0.9921796690251649,-13.442834880891136,0.32,0.97,0.86,0.979,0.92,0.04641294479370117,55.125390522048214,500.0,True,0.295
ANME2d,rev1_plus,0.36,0.97,0.86,0.979,0.92,0.5235294117647058,0.014063342199370868,0.14174030750019595,0.9346712390114158,-13.352757938797874,0.32,0.97,0.86,0.979,0.92,0.04641294479370117,55.125390522048214,500.0,True,0.295
ANME2d,rev1_plus,0.36,0.97,0.86,0.979,0.92,0.5294117647058824,0.01385722001948458,0.1396042004818172,0.8788573464846698,-13.25923878420619,0.32,0.97,0.86,0.979,0.92,0.04641294479370117,55.125390522048214,500.0,True,0.295
ANME2d,rev1_plus,0.36,0.97,0.86,0.979,0.92,0.5352941176470588,0.013652760332586913,0.1374821998158394,0.8247018785582447,-13.162374745056493,0.32,0.97,0.86,0.979,0.92,0.04641294479370117,55.125390522048214,500.0,True,0.295
ANME2d,rev1_plus,0.36,0.97,0.86,0.979,0.92,0.5411764705882353,0.013449929181245351,0.13537404366802938,0.7721673078967026,-13.062268331668339,0.32,0.97,0.86,0.979,0.92,0.04641294479370117,55.125390522048214,500.0,True,0.295
ANME2d,rev1_plus,0.36,0.97,0.86,0.979,0.92,0.5470588235294118,0.013248693554765581,0.13327947620653932,0.721217073319867,-12.959019234510093,0.32,0.97,0.86,0.979,0.92,0.04641294479370117,55.125390522048214,500.0,True,0.295
ANME2d,rev1_plus,0.36,0.97,0.86,0.979,0.92,0.5529411764705883,0.013049021150206001,0.1311982518515637,0.6718164019561338,-12.85272185454894,0.32,0.97,0.86,0.979,0.92,0.04641294479370117,55.125390522048214,500.0,True,0.295
ANME2d,rev1_plus,0.36,0.97,0.86,0.979,0.92,0.5588235294117647,0.012850880224267783,0.12913013743144747,0.6239327319212894,-12.74346397299071,0.32,0.97,0.86,0.979,0.92,0.04641294479370117,55.125390522048214,500.0,True,0.295
ANME2d,rev1_plus,0.36,0.97,0.86,0.979,0.92,0.5647058823529412,0.012654239897915157,0.12707490332619298,0.5775340166401606,-12.631331904956326,0.32,0.97,0.86,0.979,0.92,0.04641294479370117,55.125390522048214,500.0,True,0.295
ANME2d,rev1_plus,0.36,0.97,0.86,0.979,0.92,0.5705882352941176,0.012459070130883647,0.12503232275390364,0.5325885903192256,-12.516410976877888,0.32,0.97,0.86,0.979,0.92,0.04641294479370117,55.125390522048214,500.0,True,0.295
ANME2d,rev1_plus,0.36,0.97,0.86,0.979,0.92,0.5764705882352941,0.01226534196378795,0.12300217280105294,0.4890652940475365,-12.398784885056603,0.32,0.97,0.86,0.979,0.92,0.04641294479370117,55.125390522048214,500.0,True,0.295
ANME2d,rev1_plus,0.36,0.97,0.86,0.979,0.92,0.5823529411764705,0.012073026276157407,0.12098424188751467,0.446935117832425,-12.278531456648397,0.32,0.97,0.86,0.979,0.92,0.04641294479370117,55.125390522048214,500.0,True,0.295
ANME2d,rev1_plus,0.36,0.97,0.86,0.979,0.92,0.588235294117647,0.01188209409993556,0.11897832721168186,0.4061706567006371,-12.155724046487506,0.32,0.97,0.86,0.979,0.92,0.04641294479370117,55.125390522048214,500.0,True,0.295
ANME2d,rev1_plus,0.36,0.97,0.86,0.979,0.92,0.5941176470588235,0.011692517844056194,0.11698422630682606,0.3667442825177589,-12.030436332343427,0.32,0.97,0.86,0.979,0.92,0.04641294479370117,55.125390522048214,500.0,True,0.295
ANME2d,rev1_plus,0.36,0.97,0.86,0.979,0.92,0.6,0.011504270703968086,0.11500174081735173,0.3286289634443663,-11.902740215387869,0.32,0.97,0.86,0.979,0.92,0.04641294479370117,55.125390522048214,500.0,True,0.295
ANME2d,rev1_plus,0.36,0.97,0.86,0.979,0.92,0.6058823529411765,0.01131732673343921,0.11303067657656425,0.2917982571207798,-11.772705767639406,0.32,0.97,0.86,0.979,0.92,0.04641294479370117,55.125390522048214,500.0,True,0.295
ANME2d,rev1_plus,0.36,0.97,0.86,0.979,0.92,0.611764705882353,0.011131659070183809,0.1110708489804127,0.2562276946839989,-11.640398216874887,0.32,0.97,0.86,0.979,0.92,0.04641294479370117,55.125390522048214,500.0,True,0.295
ANME2d,rev1_plus,0.36,0.97,0.86,0.979,0.92,0.6176470588235294,0.010947240903587509,0.10912207954020009,0.2218939230184962,-11.505879832442387,0.32,0.97,0.86,0.979,0.92,0.04641294479370117,55.125390522048214,500.0,True,0.295
ANME2d,rev1_plus,0.36,0.97,0.86,0.979,0.92,0.6235294117647059,0.010764047340738048,0.10718418953561712,0.18877311368708166,-11.369213482229366,0.32,0.97,0.86,0.979,0.92,0.04641294479370117,55.125390522048214,500.0,True,0.295
ANME2d,rev1_plus,0.36,0.97,0.86,0.979,0.92,0.6294117647058823,0.010582054213818063,0.10525700411731645,0.15684198295770185,-11.230460378096927,0.32,0.97,0.86,0.979,0.92,0.04641294479370117,55.125390522048214,500.0,True,0.295
ANME2d,rev1_plus,0.36,0.97,0.86,0.979,0.92,0.6352941176470588,0.01040123713603267,0.10334035402486291,0.1260783202294686,-11.089679101489232,0.32,0.97,0.86,0.979,0.92,0.04641294479370117,55.125390522048214,500.0,True,0.295
ANME2d,rev1_plus,0.36,0.97,0.86,0.979,0.92,0.6411764705882352,0.010221570692118794,0.10143407704609761,0.09646143560051958,-10.946924749448153,0.32,0.97,0.86,0.979,0.92,0.04641294479370117,55.125390522048214,500.0,True,0.295
ANME2d,rev1_plus,0.36,0.97,0.86,0.979,0.92,0.6470588235294117,0.01004303043193251,0.09953801358435489,0.06797088459920617,-10.802251414346138,0.32,0.97,0.86,0.979,0.92,0.04641294479370117,55.125390522048214,500.0,True,0.295
ANME2d,rev1_plus,0.36,0.97,0.86,0.979,0.92,0.6529411764705881,0.009865592994820831,0.09765200615778985,0.04058634768402758,-10.655712491703435,0.32,0.97,0.86,0.979,0.92,0.04641294479370117,55.125390522048214,500.0,True,0.295
ANME2d,rev1_plus,0.36,0.97,0.86,0.979,0.92,0.6588235294117647,0.009689235535868174,0.09577590069111609,0.014287998976236473,-10.507359936253021,0.32,0.97,0.86,0.979,0.92,0.04641294479370117,55.125390522048214,500.0,True,0.295
ANME2d,rev1_plus,0.36,0.97,0.86,0.979,0.92,0.6647058823529411,0.009513934660319922,0.09390954788096897,-0.010943009465584921,-10.35724350767924,0.32,0.97,0.86,0.979,0.92,0.04641294479370117,55.125390522048214,500.0,True,0.295
ANME2d,rev1_plus,0.36,0.97,0.86,0.979,0.92,0.6705882352941177,0.009339666068035626,0.09205280353290407,-0.03512441173810117,-10.205410570145817,0.32,0.97,0.86,0.979,0.92,0.04641294479370117,55.125390522048214,500.0,True,0.295
ANME2d,rev1_plus,0.36,0.97,0.86,0.979,0.92,0.6764705882352942,0.0091664070176053,0.09020552491529966,-0.058274050569762696,-10.05190807915242,0.32,0.97,0.86,0.979,0.92,0.04641294479370117,55.125390522048214,500.0,True,0.295
ANME2d,rev1_plus,0.36,0.97,0.86,0.979,0.92,0.6823529411764706,0.008994134652448043,0.08836757272048719,-0.08040914271722953,-9.896781521318056,0.32,0.97,0.86,0.979,0.92,0.04641294479370117,55.125390522048214,500.0,True,0.295
ANME2d,rev1_plus,0.36,0.97,0.86,0.979,0.92,0.6882352941176471,0.008822825398346858,0.08653881154657549,-0.10154605910363759,-9.740074642789562,0.32,0.97,0.86,0.979,0.92,0.04641294479370117,55.125390522048214,500.0,True,0.295
ANME2d,rev1_plus,0.36,0.97,0.86,0.979,0.92,0.6941176470588235,0.008652456617668794,0.0847191084156473,-0.12170097612121372,-9.581830246744678,0.32,0.97,0.86,0.979,0.92,0.04641294479370117,55.125390522048214,500.0,True,0.295
ANME2d,rev1_plus,0.36,0.97,0.86,0.979,0.92,0.7,0.008483005986982988,0.08290833307930104,-0.14088967818989967,-9.422090033525606,0.32,0.97,0.86,0.979,0.92,0.04641294479370117,55.125390522048214,500.0,True,0.295
ANME2d,rev1_plus,0.36,0.97,0.86,0.979,0.92,0.7058823529411764,0.008314450005243812,0.08110635881129982,-0.15912707895777548,-9.260894168593616,0.32,0.97,0.86,0.979,0.92,0.04641294479370117,55.125390522048214,500.0,True,0.295
ANME2d,rev1_plus,0.36,0.97,0.86,0.979,0.92,0.7117647058823529,0.00814676511086075,0.07931306172270625,-0.1764276057166229,-9.098281638654422,0.32,0.97,0.86,0.979,0.92,0.04641294479370117,55.125390522048214,500.0,True,0.295
ANME2d,rev1_plus,0.36,0.97,0.86,0.979,0.92,0.7176470588235294,0.007979929469044415,0.07752831985185811,-0.1928057678939626,-8.934290737268523,0.32,0.97,0.86,0.979,0.92,0.04641294479370117,55.125390522048214,500.0,True,0.295
ANME2d,rev1_plus,0.36,0.97,0.86,0.979,0.92,0.7235294117647059,0.00781392001937359,0.07575201427057109,-0.20827529409947207,-8.76895847827529,0.32,0.97,0.86,0.979,0.92,0.04641294479370117,55.125390522048214,500.0,True,0.295
ANME2d,rev1_plus,0.36,0.97,0.86,0.979,0.92,0.7294117647058823,0.00764871133893027,0.07398402933069945,-0.22284884136769859,-8.602320460024087,0.32,0.97,0.86,0.979,0.92,0.04641294479370117,55.125390522048214,500.0,True,0.295
ANME2d,rev1_plus,0.36,0.97,0.86,0.979,0.92,0.7352941176470589,0.00748428123796722,0.07222425080937846,-0.23653958256202307,-8.434411835754506,0.32,0.97,0.86,0.979,0.92,0.04641294479370117,55.125390522048214,500.0,True,0.295
ANME2d,rev1_plus,0.36,0.97,0.86,0.979,0.92,0.7411764705882353,0.0073206063166062615,0.07047256714392451,-0.2493599936246961,-8.26526666733402,0.32,0.97,0.86,0.979,0.92,0.04641294479370117,55.125390522048214,500.0,True,0.295
ANME2d,rev1_plus,0.36,0.97,0.86,0.979,0.92,0.7470588235294118,0.007157660368840726,0.06872886970984964,-0.2613214621890956,-8.094917770038167,0.32,0.97,0.86,0.979,0.92,0.04641294479370117,55.125390522048214,500.0,True,0.295
ANME2d,rev1_plus,0.36,0.97,0.86,0.979,0.92,0.7529411764705882,0.006995419111995404,0.06699305161275396,-0.2724355513388996,-7.923397348610016,0.32,0.97,0.86,0.979,0.92,0.04641294479370117,55.125390522048214,500.0,True,0.295
ANME2d,rev1_plus,0.36,0.97,0.86,0.979,0.92,0.7588235294117647,0.006833857875938362,0.06526500812818802,-0.2827134132101043,-7.7507367650448415,0.32,0.97,0.86,0.979,0.92,0.04641294479370117,55.125390522048214,500.0,True,0.295
ANME2d,rev1_plus,0.36,0.97,0.86,0.979,0.92,0.7647058823529411,0.006672949814585459,0.06354463698230453,-0.29216535890076023,-7.576966387566796,0.32,0.97,0.86,0.979,0.92,0.04641294479370117,55.125390522048214,500.0,True,0.295
ANME2d,rev1_plus,0.36,0.97,0.86,0.979,0.92,0.7705882352941176,0.006512667815659649,0.061831837921255774,-0.30080135795530494,-7.402115806474231,0.32,0.97,0.86,0.979,0.92,0.04641294479370117,55.125390522048214,500.0,True,0.295
ANME2d,rev1_plus,0.36,0.97,0.86,0.979,0.92,0.776470588235294,0.006352984283027384,0.06012651263578716,-0.30863100931794385,-7.2262138729631635,0.32,0.97,0.86,0.979,0.92,0.04641294479370117,55.125390522048214,500.0,True,0.295
ANME2d,rev1_plus,0.36,0.97,0.86,0.979,0.92,0.7823529411764706,0.006193870248895235,0.05842856487156086,-0.31566333788621015,-7.049288639393144,0.32,0.97,0.86,0.979,0.92,0.04641294479370117,55.125390522048214,500.0,True,0.295
ANME2d,rev1_plus,0.36,0.97,0.86,0.979,0.92,0.788235294117647,0.00603529686009949,0.056737900155195774,-0.32190716966716104,-6.871367497476757,0.32,0.97,0.86,0.979,0.92,0.04641294479370117,55.125390522048214,500.0,True,0.295
ANME2d,rev1_plus,0.36,0.97,0.86,0.979,0.92,0.7941176470588236,0.005877232305014606,0.05505442604247333,-0.3273704424144325,-6.692477051847121,0.32,0.97,0.86,0.979,0.92,0.04641294479370117,55.125390522048214,500.0,True,0.295
ANME2d,rev1_plus,0.36,0.97,0.86,0.979,0.92,0.8,0.0057196456654250594,0.053378051750405886,-0.33206109212019275,-6.512643298740058,0.32,0.97,0.86,0.979,0.92,0.04641294479370117,55.125390522048214,500.0,True,0.295
ANME2d,rev1_plus,0.36,0.97,0.86,0.979,0.92,0.8058823529411765,0.005562502476841194,0.0517086883778548,-0.33598609630125975,-6.331891519819756,0.32,0.97,0.86,0.979,0.92,0.04641294479370117,55.125390522048214,500.0,True,0.295
ANME2d,rev1_plus,0.36,0.97,0.86,0.979,0.92,0.8117647058823529,0.005405768083530924,0.050046248682511354,-0.3391522180282825,-6.150246385646557,0.32,0.97,0.86,0.979,0.92,0.04641294479370117,55.125390522048214,500.0,True,0.295
ANME2d,rev1_plus,0.36,0.97,0.86,0.979,0.92,0.8176470588235294,0.005249406074962719,0.04839064708305295,-0.34156569411082766,-5.9677319557844655,0.32,0.97,0.86,0.979,0.92,0.04641294479370117,55.125390522048214,500.0,True,0.295
ANME2d,rev1_plus,0.36,0.97,0.86,0.979,0.92,0.8235294117647058,0.00509337590401558,0.04674179971410314,-0.34323175801323763,-5.78437165168812,0.32,0.97,0.86,0.979,0.92,0.04641294479370117,55.125390522048214,500.0,True,0.295
ANME2d,rev1_plus,0.36,0.97,0.86,0.979,0.92,0.8294117647058823,0.004937637367197765,0.04509962419010182,-0.3441556025803637,-5.6001883679244635,0.32,0.97,0.86,0.979,0.92,0.04641294479370117,55.125390522048214,500.0,True,0.295
ANME2d,rev1_plus,0.36,0.97,0.86,0.979,0.92,0.8352941176470587,0.004782144613397877,0.0434640397659342,-0.3443411634508389,-5.415204397772777,0.32,0.97,0.86,0.979,0.92,0.04641294479370117,55.125390522048214,500.0,True,0.295
ANME2d,rev1_plus,0.36,0.97,0.86,0.979,0.92,0.8411764705882352,0.004626850222282545,0.04183496715359216,-0.3437919918829998,-5.229441514488522,0.32,0.97,0.86,0.979,0.92,0.04641294479370117,55.125390522048214,500.0,True,0.295
ANME2d,rev1_plus,0.36,0.97,0.86,0.979,0.92,0.8470588235294116,0.004471702628417633,0.04021232854596399,-0.3425107569972097,-5.042920962325772,0.32,0.97,0.86,0.979,0.92,0.04641294479370117,55.125390522048214,500.0,True,0.295
ANME2d,rev1_plus,0.36,0.97,0.86,0.979,0.92,0.8529411764705883,0.004316646312570462,0.0385960475553635,-0.34049932287105317,-4.855663484911972,0.32,0.97,0.86,0.979,0.92,0.04641294479370117,55.125390522048214,500.0,True,0.295
ANME2d,rev1_plus,0.36,0.97,0.86,0.979,0.92,0.8588235294117648,0.00416162226489807,0.036986049177102694,-0.3377588628526072,-4.667689339467941,0.32,0.97,0.86,0.979,0.92,0.04641294479370117,55.125390522048214,500.0,True,0.295
ANME2d,rev1_plus,0.36,0.97,0.86,0.979,0.92,0.8647058823529412,0.004006564243592413,0.03538225977913769,-0.33428917740838365,-4.479018307667738,0.32,0.97,0.86,0.979,0.92,0.04641294479370117,55.125390522048214,500.0,True,0.295
ANME2d,rev1_plus,0.36,0.97,0.86,0.979,0.92,0.8705882352941177,0.0038514028857071173,0.033784607026170727,-0.33008952041995726,-4.28966972206307,0.32,0.97,0.86,0.979,0.92,0.04641294479370117,55.125390522048214,500.0,True,0.295
ANME2d,rev1_plus,0.36,0.97,0.86,0.979,0.92,0.8764705882352941,0.0036960586209403064,0.032193019892435,-0.32515730016465605,-4.099662472036834,0.32,0.97,0.86,0.979,0.92,0.04641294479370117,55.125390522048214,500.0,True,0.295
ANME2d,rev1_plus,0.36,0.97,0.86,0.979,0.92,0.8823529411764706,0.003540445367744498,0.03060742859031061,-0.31948884126973826,-3.9090150294088546,0.32,0.97,0.86,0.979,0.92,0.04641294479370117,55.125390522048214,500.0,True,0.295
ANME2d,rev1_plus,0.36,0.97,0.86,0.979,0.92,0.888235294117647,0.0033844663217438412,0.02902776455937907,-0.31307865600657936,-3.71774545928206,0.32,0.97,0.86,0.979,0.92,0.04641294479370117,55.125390522048214,500.0,True,0.295
ANME2d,rev1_plus,0.36,0.97,0.86,0.979,0.92,0.8941176470588235,0.003228014572562733,0.027453960423731924,-0.305919629460818,-3.5258714373436604,0.32,0.97,0.86,0.979,0.92,0.04641294479370117,55.125390522048214,500.0,True,0.295
ANME2d,rev1_plus,0.36,0.97,0.86,0.979,0.92,0.8999999999999999,0.0030709700022273304,0.02588594996217276,-0.2980025245016458,-3.333410267919722,0.32,0.97,0.86,0.979,0.92,0.04641294479370117,55.125390522048214,500.0,True,0.295
ANME2d,rev1_plus,0.36,0.97,0.86,0.979,0.92,0.9058823529411764,0.002913197311305982,0.024323668074897595,-0.2893157109272722,-3.1403789013192935,0.32,0.97,0.86,0.979,0.92,0.04641294479370117,55.125390522048214,500.0,True,0.295
ANME2d,rev1_plus,0.36,0.97,0.86,0.979,0.92,0.911764705882353,0.0027545427598144046,0.022767050750710546,-0.27984469320873556,-2.946793954023725,0.32,0.97,0.86,0.979,0.92,0.04641294479370117,55.125390522048214,500.0,True,0.295
ANME2d,rev1_plus,0.36,0.97,0.86,0.979,0.92,0.9176470588235295,0.0025948295074415015,0.021216035028054966,-0.2695714364629649,-2.7526717309719886,0.32,0.97,0.86,0.979,0.92,0.04641294479370117,55.125390522048214,500.0,True,0.295
ANME2d,rev1_plus,0.36,0.97,0.86,0.979,0.92,0.9235294117647059,0.0024338533007831177,0.019670558974411046,-0.2584737710910872,-2.558028242657946,0.32,0.97,0.86,0.979,0.92,0.04641294479370117,55.125390522048214,500.0,True,0.295
ANME2d,rev1_plus,0.36,0.97,0.86,0.979,0.92,0.9294117647058824,0.002271380931220833,0.018130561671450645,-0.24652529685563399,-2.3628792194124864,0.32,0.97,0.86,0.979,0.92,0.04641294479370117,55.125390522048214,500.0,True,0.295
ANME2d,rev1_plus,0.36,0.97,0.86,0.979,0.92,0.9352941176470588,0.00210714459742086,0.016595983201905373,-0.23369458840794688,-2.1672401360716145,0.32,0.97,0.86,0.979,0.92,0.04641294479370117,55.125390522048214,500.0,True,0.295
ANME2d,rev1_plus,0.36,0.97,0.86,0.979,0.92,0.9411764705882353,0.001940822991185804,0.015066764494170387,-0.2199422410823194,-1.9711262712883477,0.32,0.97,0.86,0.979,0.92,0.04641294479370117,55.125390522048214,500.0,True,0.295
ANME2d,rev1_plus,0.36,0.97,0.86,0.979,0.92,0.9470588235294117,0.0017720306795979642,0.013542847304571346,-0.20521947520424647,-1.7745527412159812,0.32,0.97,0.86,0.979,0.92,0.04641294479370117,55.125390522048214,500.0,True,0.295
ANME2d,rev1_plus,0.36,0.97,0.86,0.979,0.92,0.9529411764705882,0.0016003072531069207,0.012024174533161335,-0.18946681930809584,-1.5775346074918584,0.32,0.97,0.86,0.979,0.92,0.04641294479370117,55.125390522048214,500.0,True,0.295
ANME2d,rev1_plus,0.36,0.97,0.86,0.979,0.92,0.9588235294117646,0.0014251004072769905,0.010510690299448632,-0.17261186412758012,-1.3800869499908723,0.32,0.97,0.86,0.979,0.92,0.04641294479370117,55.125390522048214,500.0,True,0.295
ANME2d,rev1_plus,0.36,0.97,0.86,0.979,0.92,0.9647058823529411,0.0012457330652003364,0.00900233661027739,-0.15456419799000767,-1.182224115663919,0.32,0.97,0.86,0.979,0.92,0.04641294479370117,55.125390522048214,500.0,True,0.295
ANME2d,rev1_plus,0.36,0.97,0.86,0.979,0.92,0.9705882352941175,0.0010613647772710368,0.007499058221779957,-0.1352106404235677,-0.9839611346173992,0.32,0.97,0.86,0.979,0.92,0.04641294479370117,55.125390522048214,500.0,True,0.295
ANME2d,rev1_plus,0.36,0.97,0.86,0.979,0.92,0.9764705882352942,0.0008709377854250172,0.006000802961309567,-0.11440821468352969,-0.7853139090046775,0.32,0.97,0.86,0.979,0.92,0.04641294479370117,55.125390522048214,500.0,True,0.295
ANME2d,rev1_plus,0.36,0.97,0.86,0.979,0.92,0.9823529411764707,0.0006730839101482551,0.0045075161449318925,-0.0919719984166258,-0.5862980292758214,0.32,0.97,0.86,0.979,0.92,0.04641294479370117,55.125390522048214,500.0,True,0.295
ANME2d,rev1_plus,0.36,0.97,0.86,0.979,0.92,0.9882352941176471,0.00046590351555977113,0.003019133344452295,-0.06765764663050189,-0.3869281110229308,0.32,0.97,0.86,0.979,0.92,0.04641294479370117,55.125390522048214,500.0,True,0.295
ANME2d,rev1_plus,0.36,0.97,0.86,0.979,0.92,0.9941176470588236,0.0002457168439962913,0.001534829010372544,-0.041047422119911664,-0.1872567532105952,0.32,0.97,0.86,0.979,0.92,0.04641294479370117,55.125390522048214,500.0,True,0.295
ANME2d,rev1_plus,0.36,0.97,0.86,0.979,0.92,1.0,0.0,0.0,0.0,0.0,0.32,0.97,0.86,0.979,0.92,0.04641294479370117,55.125390522048214,500.0,True,0.295
ANME2d,rev1_minus,0.28,0.97,0.86,0.979,0.92,0.3,0.034513911784365206,0.24486697270755603,0.2553303042770982,-22.874594634971366,0.32,0.97,0.86,0.979,0.92,0.04900407791137695,48.999968816431256,500.0,True,0.295
ANME2d,rev1_minus,0.28,0.97,0.86,0.979,0.92,0.30588235294117644,0.03403633387372861,0.2415599863014499,0.1640551890468666,-22.81120724887285,0.32,0.97,0.86,0.979,0.92,0.04900407791137695,48.999968816431256,500.0,True,0.295
ANME2d,rev1_minus,0.28,0.97,0.86,0.979,0.92,0.31176470588235294,0.0335658674098735,0.23829808268365646,0.07661127552356381,-22.74043230137481,0.32,0.97,0.86,0.979,0.92,0.04900407791137695,48.999968816431256,500.0,True,0.295
ANME2d,rev1_minus,0.28,0.97,0.86,0.979,0.92,0.3176470588235294,0.033102292113827064,0.23507987319892826,-0.0071506698113507905,-22.662613279554172,0.32,0.97,0.86,0.979,0.92,0.04900407791137695,48.999968816431256,500.0,True,0.295
ANME2d,rev1_minus,0.28,0.97,0.86,0.979,0.92,0.32352941176470584,0.032645389749555886,0.23190396933271853,-0.08738292401176714,-22.578116854478072,0.32,0.97,0.86,0.979,0.92,0.04900407791137695,48.999968816431256,500.0,True,0.295
ANME2d,rev1_minus,0.28,0.97,0.86,0.979,0.92,0.32941176470588235,0.03219495042762876,0.2287690356161748,-0.16423028741592866,-22.487288072537897,0.32,0.97,0.86,0.979,0.92,0.04900407791137695,48.999968816431256,500.0,True,0.295
ANME2d,rev1_minus,0.28,0.97,0.86,0.979,0.92,0.3352941176470588,0.031750777565164805,0.22567382283500825,-0.23782946922316484,-22.39046139639386,0.32,0.97,0.86,0.979,0.92,0.04900407791137695,48.999968816431256,500.0,True,0.295
ANME2d,rev1_minus,0.28,0.97,0.86,0.979,0.92,0.3411764705882353,0.03131268336272028,0.22261714082636,-0.3083079463561692,-22.287940269743867,0.32,0.97,0.86,0.979,0.92,0.04900407791137695,48.999968816431256,500.0,True,0.295
ANME2d,rev1_minus,0.28,0.97,0.86,0.979,0.92,0.34705882352941175,0.03088048811505267,0.2195978534977472,-0.375784875209742,-22.180000385758497,0.32,0.97,0.86,0.979,0.92,0.04900407791137695,48.999968816431256,500.0,True,0.295
ANME2d,rev1_minus,0.28,0.97,0.86,0.979,0.92,0.3529411764705882,0.03045401528799535,0.2166148387901108,-0.4403782026365978,-22.06691861309355,0.32,0.97,0.86,0.979,0.92,0.04900407791137695,48.999968816431256,500.0,True,0.295
ANME2d,rev1_minus,0.28,0.97,0.86,0.979,0.92,0.3588235294117647,0.03003310718805713,0.21366711152026,-0.5021876836647737,-21.948915038132938,0.32,0.97,0.86,0.979,0.92,0.04900407791137695,48.999968816431256,500.0,True,0.295
ANME2d,rev1_minus,0.28,0.97,0.86,0.979,0.92,0.36470588235294116,0.029617612935698864,0.21075373036992726,-0.5613077363748409,-21.82619616489446,0.32,0.97,0.86,0.979,0.92,0.04900407791137695,48.999968816431256,500.0,True,0.295
ANME2d,rev1_minus,0.28,0.97,0.86,0.979,0.92,0.37058823529411766,0.029207381008218708,0.20787373969028286,-0.617835734227185,-21.698983777881224,0.32,0.97,0.86,0.979,0.92,0.04900407791137695,48.999968816431256,500.0,True,0.295
ANME2d,rev1_minus,0.28,0.97,0.86,0.979,0.92,0.3764705882352941,0.028802265049144946,0.20502621531686036,-0.6718656072493986,-21.567492848957706,0.32,0.97,0.86,0.979,0.92,0.04900407791137695,48.999968816431256,500.0,True,0.295
ANME2d,rev1_minus,0.28,0.97,0.86,0.979,0.92,0.38235294117647056,0.02840211943238635,0.20221022898647079,-0.7234918682312489,-21.43194210225047,0.32,0.97,0.86,0.979,0.92,0.04900407791137695,48.999968816431256,500.0,True,0.295
ANME2d,rev1_minus,0.28,0.97,0.86,0.979,0.92,0.388235294117647,0.028006815872711303,0.199424982691244,-0.7727934128123792,-21.292506574313034,0.32,0.97,0.86,0.979,0.92,0.04900407791137695,48.999968816431256,500.0,True,0.295
ANME2d,rev1_minus,0.28,0.97,0.86,0.979,0.92,0.3941176470588235,0.02761623305802479,0.19666972623638218,-0.8198433295507465,-21.149345449922137,0.32,0.97,0.86,0.979,0.92,0.04900407791137695,48.999968816431256,500.0,True,0.295
ANME2d,rev1_minus,0.28,0.97,0.86,0.979,0.92,0.4,0.02723024750644596,0.1939436837631171,-0.8647179234594856,-21.00262894228603,0.32,0.97,0.86,0.979,0.92,0.04900407791137695,48.999968816431256,500.0,True,0.295
ANME2d,rev1_minus,0.28,0.97,0.86,0.979,0.92,0.40588235294117647,0.026848738900850263,0.19124609698457176,-0.9074915784885561,-20.8525235100388,0.32,0.97,0.86,0.979,0.92,0.04900407791137695,48.999968816431256,500.0,True,0.295
ANME2d,rev1_minus,0.28,0.97,0.86,0.979,0.92,0.4117647058823529,0.026471592155624696,0.18857624230273706,-0.948234691491552,-20.699185698622408,0.32,0.97,0.86,0.979,0.92,0.04900407791137695,48.999968816431256,500.0,True,0.295
ANME2d,rev1_minus,0.28,0.97,0.86,0.979,0.92,0.41764705882352937,0.026098694111986925,0.1859334030562818,-0.9870170006277936,-20.542771652231544,0.32,0.97,0.86,0.979,0.92,0.04900407791137695,48.999968816431256,500.0,True,0.295
ANME2d,rev1_minus,0.28,0.97,0.86,0.979,0.92,0.4235294117647059,0.025729936346630216,0.18331689406166482,-1.0239047054508432,-20.383428988578764,0.32,0.97,0.86,0.979,0.92,0.04900407791137695,48.999968816431256,500.0,True,0.295
ANME2d,rev1_minus,0.28,0.97,0.86,0.979,0.92,0.4294117647058823,0.025365226138118147,0.1807261568521593,-1.0589488935719873,-20.22126252833781,0.32,0.97,0.86,0.979,0.92,0.04900407791137695,48.999968816431256,500.0,True,0.295
ANME2d,rev1_minus,0.28,0.97,0.86,0.979,0.92,0.43529411764705883,0.025004468352137814,0.17816060445212062,-1.0922041782003873,-20.05638819389429,0.32,0.97,0.86,0.979,0.92,0.04900407791137695,48.999968816431256,500.0,True,0.295
ANME2d,rev1_minus,0.28,0.97,0.86,0.979,0.92,0.4411764705882353,0.024647567008443463,0.17561963502150918,-1.1237271577076295,-19.88892893779133,0.32,0.97,0.86,0.979,0.92,0.04900407791137695,48.999968816431256,500.0,True,0.295
ANME2d,rev1_minus,0.28,0.97,0.86,0.979,0.92,0.44705882352941173,0.024294429908689092,0.1731026719993857,-1.153571619818969,-19.719000902672697,0.32,0.97,0.86,0.979,0.92,0.04900407791137695,48.999968816431256,500.0,True,0.295
ANME2d,rev1_minus,0.28,0.97,0.86,0.979,0.92,0.45294117647058824,0.023944968389285864,0.17060916240099994,-1.1817887381976406,-19.54671389676341,0.32,0.97,0.86,0.979,0.92,0.04900407791137695,48.999968816431256,500.0,True,0.295
ANME2d,rev1_minus,0.28,0.97,0.86,0.979,0.92,0.4588235294117647,0.02359909202217829,0.168138525495268,-1.2084331834817106,-19.37218823038978,0.32,0.97,0.86,0.979,0.92,0.04900407791137695,48.999968816431256,500.0,True,0.295
ANME2d,rev1_minus,0.28,0.97,0.86,0.979,0.92,0.4647058823529412,0.02325672392362451,0.16569030345421093,-1.2335452127897177,-19.195505398886333,0.32,0.97,0.86,0.979,0.92,0.04900407791137695,48.999968816431256,500.0,True,0.295
ANME2d,rev1_minus,0.28,0.97,0.86,0.979,0.92,0.47058823529411764,0.02291778821060473,0.16326403923219718,-1.2571651049064596,-19.016747337859407,0.32,0.97,0.86,0.979,0.92,0.04900407791137695,48.999968816431256,500.0,True,0.295
ANME2d,rev1_minus,0.28,0.97,0.86,0.979,0.92,0.4764705882352941,0.02258220703972799,0.1608592479077685,-1.279336614475667,-18.83600615476375,0.32,0.97,0.86,0.979,0.92,0.04900407791137695,48.999968816431256,500.0,True,0.295
ANME2d,rev1_minus,0.28,0.97,0.86,0.979,0.92,0.48235294117647054,0.022249905194803313,0.1584754619880331,-1.3001016293608,-18.65336963840052,0.32,0.97,0.86,0.979,0.92,0.04900407791137695,48.999968816431256,500.0,True,0.295
ANME2d,rev1_minus,0.28,0.97,0.86,0.979,0.92,0.48823529411764705,0.02192081007054605,0.15611223171670777,-1.3195001270866407,-18.468921086879497,0.32,0.97,0.86,0.979,0.92,0.04900407791137695,48.999968816431256,500.0,True,0.295
ANME2d,rev1_minus,0.28,0.97,0.86,0.979,0.92,0.49411764705882355,0.021594849606916367,0.15376910159409257,-1.33757305331803,-18.282747134601358,0.32,0.97,0.86,0.979,0.92,0.04900407791137695,48.999968816431256,500.0,True,0.295
ANME2d,rev1_minus,0.28,0.97,0.86,0.979,0.92,0.5,0.02127195713101224,0.15144566774369644,-1.3543552751188552,-18.094918575404392,0.32,0.97,0.86,0.979,0.92,0.04900407791137695,48.999968816431256,500.0,True,0.295
ANME2d,rev1_minus,0.28,0.97,0.86,0.979,0.92,0.5058823529411764,0.0209520692222954,0.14914155369619927,-1.3698785022283586,-17.905498018699745,0.32,0.97,0.86,0.979,0.92,0.04900407791137695,48.999968816431256,500.0,True,0.295
ANME2d,rev1_minus,0.28,0.97,0.86,0.979,0.92,0.5117647058823529,0.020635122337327807,0.14685637139435248,-1.3841760831083076,-17.714553005860225,0.32,0.97,0.86,0.979,0.92,0.04900407791137695,48.999968816431256,500.0,True,0.295
ANME2d,rev1_minus,0.28,0.97,0.86,0.979,0.92,0.5176470588235293,0.020321054153564732,0.14458973737327036,-1.3972810422202326,-17.52215082834431,0.32,0.97,0.86,0.979,0.92,0.04900407791137695,48.999968816431256,500.0,True,0.295
ANME2d,rev1_minus,0.28,0.97,0.86,0.979,0.92,0.5235294117647058,0.020009804281323627,0.14234128161274176,-1.4092249864692648,-17.32835552869374,0.32,0.97,0.86,0.979,0.92,0.04900407791137695,48.999968816431256,500.0,True,0.295
ANME2d,rev1_minus,0.28,0.97,0.86,0.979,0.92,0.5294117647058824,0.01970131381431428,0.14011064140555224,-1.4200388591836648,-17.13322980643663,0.32,0.97,0.86,0.979,0.92,0.04900407791137695,48.999968816431256,500.0,True,0.295
ANME2d,rev1_minus,0.28,0.97,0.86,0.979,0.92,0.5352941176470588,0.01939552578515093,0.13789746933464403,-1.42975194407782,-16.93683250393862,0.32,0.97,0.86,0.979,0.92,0.04900407791137695,48.999968816431256,500.0,True,0.295
ANME2d,rev1_minus,0.28,0.97,0.86,0.979,0.92,0.5411764705882353,0.01909238567733224,0.1357014421569559,-1.4383907373067457,-16.739215619365424,0.32,0.97,0.86,0.979,0.92,0.04900407791137695,48.999968816431256,500.0,True,0.295
ANME2d,rev1_minus,0.28,0.97,0.86,0.979,0.92,0.5470588235294118,0.018791840158802215,0.13352224170119717,-1.445981316198407,-16.540430320440517,0.32,0.97,0.86,0.979,0.92,0.04900407791137695,48.999968816431256,500.0,True,0.295
ANME2d,rev1_minus,0.28,0.97,0.86,0.979,0.92,0.5529411764705883,0.018493836805171034,0.13135955117897113,-1.452549804592604,-16.340528211547596,0.32,0.97,0.86,0.979,0.92,0.04900407791137695,48.999968816431256,500.0,True,0.295
ANME2d,rev1_minus,0.28,0.97,0.86,0.979,0.92,0.5588235294117647,0.018198324558059715,0.12921305989939136,-1.4581218279422028,-16.13955983621718,0.32,0.97,0.86,0.979,0.92,0.04900407791137695,48.999968816431256,500.0,True,0.295
ANME2d,rev1_minus,0.28,0.97,0.86,0.979,0.92,0.5647058823529412,0.017905253796086883,0.12708247426777589,-1.4627210033624378,-15.937571184101062,0.32,0.97,0.86,0.979,0.92,0.04900407791137695,48.999968816431256,500.0,True,0.295
ANME2d,rev1_minus,0.28,0.97,0.86,0.979,0.92,0.5705882352941176,0.01761457618268557,0.12496751076253036,-1.4663698800749039,-15.734605837023873,0.32,0.97,0.86,0.979,0.92,0.04900407791137695,48.999968816431256,500.0,True,0.295
ANME2d,rev1_minus,0.28,0.97,0.86,0.979,0.92,0.5764705882352941,0.017326244494714916,0.12286788705121514,-1.4690911395251536,-15.530707773117378,0.32,0.97,0.86,0.979,0.92,0.04900407791137695,48.999968816431256,500.0,True,0.295
ANME2d,rev1_minus,0.28,0.97,0.86,0.979,0.92,0.5823529411764705,0.017040212820790587,0.12078332701492156,-1.4709069474953393,-15.325919787735327,0.32,0.97,0.86,0.979,0.92,0.04900407791137695,48.999968816431256,500.0,True,0.295
ANME2d,rev1_minus,0.28,0.97,0.86,0.979,0.92,0.588235294117647,0.016756436122982922,0.11871356549427248,-1.4718381992389473,-15.120282046149194,0.32,0.97,0.86,0.979,0.92,0.04900407791137695,48.999968816431256,500.0,True,0.295
ANME2d,rev1_minus,0.28,0.97,0.86,0.979,0.92,0.5941176470588235,0.01647487014435555,0.11665834836514787,-1.4719044880325487,-14.913832006030315,0.32,0.97,0.86,0.979,0.92,0.04900407791137695,48.999968816431256,500.0,True,0.295
ANME2d,rev1_minus,0.28,0.97,0.86,0.979,0.92,0.6,0.016195471900491008,0.11461742509367172,-1.4711252498124983,-14.706606651424122,0.32,0.97,0.86,0.979,0.92,0.04900407791137695,48.999968816431256,500.0,True,0.295
ANME2d,rev1_minus,0.28,0.97,0.86,0.979,0.92,0.6058823529411765,0.015918199604376848,0.11259054941116918,-1.4695196565654698,-14.498642319426866,0.32,0.97,0.86,0.979,0.92,0.04900407791137695,48.999968816431256,500.0,True,0.295
ANME2d,rev1_minus,0.28,0.97,0.86,0.979,0.92,0.611764705882353,0.01564301255413824,0.1105774809281633,-1.467106368959239,-14.289974204805599,0.32,0.97,0.86,0.979,0.92,0.04900407791137695,48.999968816431256,500.0,True,0.295
ANME2d,rev1_minus,0.28,0.97,0.86,0.979,0.92,0.6176470588235294,0.015369870092139552,0.10857798979997174,-1.4639026551524261,-14.080634952373986,0.32,0.97,0.86,0.979,0.92,0.04900407791137695,48.999968816431256,500.0,True,0.295
ANME2d,rev1_minus,0.28,0.97,0.86,0.979,0.92,0.6235294117647059,0.015098732167299435,0.10659185338158358,-1.4599249831389458,-13.870655610227757,0.32,0.97,0.86,0.979,0.92,0.04900407791137695,48.999968816431256,500.0,True,0.295
ANME2d,rev1_minus,0.28,0.97,0.86,0.979,0.92,0.6294117647058823,0.014829560411283355,0.10461885031378017,-1.4551900855709596,-13.660067390674184,0.32,0.97,0.86,0.979,0.92,0.04900407791137695,48.999968816431256,500.0,True,0.295
ANME2d,rev1_minus,0.28,0.97,0.86,0.979,0.92,0.6352941176470588,0.014562317512056897,0.10265876404148577,-1.4497143329051312,-13.44890065456264,0.32,0.97,0.86,0.979,0.92,0.04900407791137695,48.999968816431256,500.0,True,0.295
ANME2d,rev1_minus,0.28,0.97,0.86,0.979,0.92,0.6411764705882352,0.014296966165608983,0.10071138562523818,-1.4435131041029055,-13.237184037700665,0.32,0.97,0.86,0.979,0.92,0.04900407791137695,48.999968816431256,500.0,True,0.295
ANME2d,rev1_minus,0.28,0.97,0.86,0.979,0.92,0.6470588235294117,0.014033468853620628,0.09877651406049782,-1.4366006935277145,-13.024944319161184,0.32,0.97,0.86,0.979,0.92,0.04900407791137695,48.999968816431256,500.0,True,0.295
ANME2d,rev1_minus,0.28,0.97,0.86,0.979,0.92,0.6529411764705881,0.013771789618971637,0.09685395051095032,-1.4289915198168195,-12.812208162787162,0.32,0.97,0.86,0.979,0.92,0.04900407791137695,48.999968816431256,500.0,True,0.295
ANME2d,rev1_minus,0.28,0.97,0.86,0.979,0.92,0.6588235294117647,0.013511893413679065,0.09494350010915777,-1.4206997251848088,-12.599001577518427,0.32,0.97,0.86,0.979,0.92,0.04900407791137695,48.999968816431256,500.0,True,0.295
ANME2d,rev1_minus,0.28,0.97,0.86,0.979,0.92,0.6647058823529411,0.013253745593213854,0.09304497304881025,-1.411738910300266,-12.385349577442337,0.32,0.97,0.86,0.979,0.92,0.04900407791137695,48.999968816431256,500.0,True,0.295
ANME2d,rev1_minus,0.28,0.97,0.86,0.979,0.92,0.6705882352941177,0.012997311305382465,0.09115818556131583,-1.4021218661411783,-12.171275883901536,0.32,0.97,0.86,0.979,0.92,0.04900407791137695,48.999968816431256,500.0,True,0.295
ANME2d,rev1_minus,0.28,0.97,0.86,0.979,0.92,0.6764705882352942,0.012742556135830654,0.08928295838788582,-1.3918609306897667,-11.956803347310744,0.32,0.97,0.86,0.979,0.92,0.04900407791137695,48.999968816431256,500.0,True,0.295
ANME2d,rev1_minus,0.28,0.97,0.86,0.979,0.92,0.6823529411764706,0.012489446792663417,0.087419115164737,-1.3809683637794135,-11.741954416153686,0.32,0.97,0.86,0.979,0.92,0.04900407791137695,48.999968816431256,500.0,True,0.295
ANME2d,rev1_minus,0.28,0.97,0.86,0.979,0.92,0.6882352941176471,0.012237949830162667,0.08556648435342783,-1.3694557973530266,-11.52675057567481,0.32,0.97,0.86,0.979,0.92,0.04900407791137695,48.999968816431256,500.0,True,0.295
ANME2d,rev1_minus,0.28,0.97,0.86,0.979,0.92,0.6941176470588235,0.011988031885020893,0.0837248987541876,-1.3573343583464954,-11.311212475788382,0.32,0.97,0.86,0.979,0.92,0.04900407791137695,48.999968816431256,500.0,True,0.295
ANME2d,rev1_minus,0.28,0.97,0.86,0.979,0.92,0.7,0.011739660969861645,0.08189419394649733,-1.3446151748712483,-11.095360375670788,0.32,0.97,0.86,0.979,0.92,0.04900407791137695,48.999968816431256,500.0,True,0.295
ANME2d,rev1_minus,0.28,0.97,0.86,0.979,0.92,0.7058823529411764,0.011492804696814867,0.08007420978855732,-1.3313087719442527,-10.879213712124397,0.32,0.97,0.86,0.979,0.92,0.04900407791137695,48.999968816431256,500.0,True,0.295
ANME2d,rev1_minus,0.28,0.97,0.86,0.979,0.92,0.7117647058823529,0.011247429876979572,0.07826479051489095,-1.317424972034834,-10.662791062431298,0.32,0.97,0.86,0.979,0.92,0.04900407791137695,48.999968816431256,500.0,True,0.295
ANME2d,rev1_minus,0.28,0.97,0.86,0.979,0.92,0.7176470588235294,0.011003505413848228,0.07646578267989015,-1.3029738250951297,-10.446110711434779,0.32,0.97,0.86,0.979,0.92,0.04900407791137695,48.999968816431256,500.0,True,0.295
ANME2d,rev1_minus,0.28,0.97,0.86,0.979,0.92,0.7235294117647059,0.010760999633099325,0.07467703661961306,-1.2879648131961356,-10.22919024592453,0.32,0.97,0.86,0.979,0.92,0.04900407791137695,48.999968816431256,500.0,True,0.295
ANME2d,rev1_minus,0.28,0.97,0.86,0.979,0.92,0.7294117647058823,0.010519879376023476,0.07289840670916276,-1.272406620500037,-10.012046475751868,0.32,0.97,0.86,0.979,0.92,0.04900407791137695,48.999968816431256,500.0,True,0.295
ANME2d,rev1_minus,0.28,0.97,0.86,0.979,0.92,0.7352941176470589,0.010280113632067416,0.07112974964880513,-1.2563081702112957,-9.794695895883248,0.32,0.97,0.86,0.979,0.92,0.04900407791137695,48.999968816431256,500.0,True,0.295
ANME2d,rev1_minus,0.28,0.97,0.86,0.979,0.92,0.7411764705882353,0.010041671018820208,0.0693709253696734,-1.239677946401664,-9.577154438456557,0.32,0.97,0.86,0.979,0.92,0.04900407791137695,48.999968816431256,500.0,True,0.295
ANME2d,rev1_minus,0.28,0.97,0.86,0.979,0.92,0.7470588235294118,0.009804518294077769,0.06762179743162886,-1.2225236217801463,-9.35943735315669,0.32,0.97,0.86,0.979,0.92,0.04900407791137695,48.999968816431256,500.0,True,0.295
ANME2d,rev1_minus,0.28,0.97,0.86,0.979,0.92,0.7529411764705882,0.009568623561470847,0.06588223185085887,-1.2048529183279482,-9.141559528281382,0.32,0.97,0.86,0.979,0.92,0.04900407791137695,48.999968816431256,500.0,True,0.295
ANME2d,rev1_minus,0.28,0.97,0.86,0.979,0.92,0.7588235294117647,0.009333954891710414,0.06415209741496855,-1.186673265482581,-8.923535401518839,0.32,0.97,0.86,0.979,0.92,0.04900407791137695,48.999968816431256,500.0,True,0.295
ANME2d,rev1_minus,0.28,0.97,0.86,0.979,0.92,0.7647058823529411,0.009100478804636944,0.062431266013284775,-1.167991435283995,-8.70537886344601,0.32,0.97,0.86,0.979,0.92,0.04900407791137695,48.999968816431256,500.0,True,0.295
ANME2d,rev1_minus,0.28,0.97,0.86,0.979,0.92,0.7705882352941176,0.008868161820875091,0.06071961213112922,-1.1488139488584772,-8.487103384556946,0.32,0.97,0.86,0.979,0.92,0.04900407791137695,48.999968816431256,500.0,True,0.295
ANME2d,rev1_minus,0.28,0.97,0.86,0.979,0.92,0.776470588235294,0.008636970006632735,0.05901701282011035,-1.1291469866905446,-8.268722021681246,0.32,0.97,0.86,0.979,0.92,0.04900407791137695,48.999968816431256,500.0,True,0.295
ANME2d,rev1_minus,0.28,0.97,0.86,0.979,0.92,0.7823529411764706,0.008406868750207939,0.05732334771347615,-1.1089963443365,-8.050247409288554,0.32,0.97,0.86,0.979,0.92,0.04900407791137695,48.999968816431256,500.0,True,0.295
ANME2d,rev1_minus,0.28,0.97,0.86,0.979,0.92,0.788235294117647,0.008177823377261324,0.0556384988014209,-1.088367598561296,-7.831691816013794,0.32,0.97,0.86,0.979,0.92,0.04900407791137695,48.999968816431256,500.0,True,0.295
ANME2d,rev1_minus,0.28,0.97,0.86,0.979,0.92,0.7941176470588236,0.007949797059688502,0.05396235064898035,-1.0672656450868434,-7.613067085635771,0.32,0.97,0.86,0.979,0.92,0.04900407791137695,48.999968816431256,500.0,True,0.295
ANME2d,rev1_minus,0.28,0.97,0.86,0.979,0.92,0.8,0.007722753779303243,0.052294789972451926,-1.0456953801505233,-7.394384738992682,0.32,0.97,0.86,0.979,0.92,0.04900407791137695,48.999968816431256,500.0,True,0.295
ANME2d,rev1_minus,0.28,0.97,0.86,0.979,0.92,0.8058823529411765,0.007496654532698989,0.050635705917080984,-1.0236608864353194,-7.175655906116774,0.32,0.97,0.86,0.979,0.92,0.04900407791137695,48.999968816431256,500.0,True,0.295
ANME2d,rev1_minus,0.28,0.97,0.86,0.979,0.92,0.8117647058823529,0.007271460779562384,0.048984989720702435,-1.0011661920177655,-6.956891402017322,0.32,0.97,0.86,0.979,0.92,0.04900407791137695,48.999968816431256,500.0,True,0.295
ANME2d,rev1_minus,0.28,0.97,0.86,0.979,0.92,0.8176470588235294,0.0070471313968020755,0.047342534834952016,-0.9782146440877867,-6.738101698641695,0.32,0.97,0.86,0.979,0.92,0.04900407791137695,48.999968816431256,500.0,True,0.295
ANME2d,rev1_minus,0.28,0.97,0.86,0.979,0.92,0.8235294117647058,0.006823623680270964,0.045708236805429785,-0.9548091395885047,-6.519296950536193,0.32,0.97,0.86,0.979,0.92,0.04900407791137695,48.999968816431256,500.0,True,0.295
ANME2d,rev1_minus,0.28,0.97,0.86,0.979,0.92,0.8294117647058823,0.00660089400541743,0.044081993155363874,-0.9309522827885174,-6.300487021441424,0.32,0.97,0.86,0.979,0.92,0.04900407791137695,48.999968816431256,500.0,True,0.295
ANME2d,rev1_minus,0.28,0.97,0.86,0.979,0.92,0.8352941176470587,0.006378894504612693,0.04246370348852462,-0.90664572650606,-6.081681460093001,0.32,0.97,0.86,0.979,0.92,0.04900407791137695,48.999968816431256,500.0,True,0.295
ANME2d,rev1_minus,0.28,0.97,0.86,0.979,0.92,0.8411764705882352,0.006157575889973731,0.040853269281847196,-0.8818907761177897,-5.8628895433519626,0.32,0.97,0.86,0.979,0.92,0.04900407791137695,48.999968816431256,500.0,True,0.295
ANME2d,rev1_minus,0.28,0.97,0.86,0.979,0.92,0.8470588235294116,0.0059368863115424894,0.03925059388770337,-0.8566881786550993,-5.6441202755081905,0.32,0.97,0.86,0.979,0.92,0.04900407791137695,48.999968816431256,500.0,True,0.295
ANME2d,rev1_minus,0.28,0.97,0.86,0.979,0.92,0.8529411764705883,0.005716769729703974,0.03765558250653113,-0.8310378298719754,-5.425382396434032,0.32,0.97,0.86,0.979,0.92,0.04900407791137695,48.999968816431256,500.0,True,0.295
ANME2d,rev1_minus,0.28,0.97,0.86,0.979,0.92,0.8588235294117648,0.005497168102067976,0.03606814209054847,-0.8049392264618046,-5.206684397180921,0.32,0.97,0.86,0.979,0.92,0.04900407791137695,48.999968816431256,500.0,True,0.295
ANME2d,rev1_minus,0.28,0.97,0.86,0.979,0.92,0.8647058823529412,0.005278017145952691,0.034488181359258914,-0.7783906797059313,-4.988034523863396,0.32,0.97,0.86,0.979,0.92,0.04900407791137695,48.999968816431256,500.0,True,0.295
ANME2d,rev1_minus,0.28,0.97,0.86,0.979,0.92,0.8705882352941177,0.005059248876149712,0.03291561070277072,-0.7513898370943684,-4.7694407924736,0.32,0.97,0.86,0.979,0.92,0.04900407791137695,48.999968816431256,500.0,True,0.295
ANME2d,rev1_minus,0.28,0.97,0.86,0.979,0.92,0.8764705882352941,0.004840789519711182,0.03135034216115943,-0.7239333237662233,-4.550910996624102,0.32,0.97,0.86,0.979,0.92,0.04900407791137695,48.999968816431256,500.0,True,0.295
ANME2d,rev1_minus,0.28,0.97,0.86,0.979,0.92,0.8823529411764706,0.004622557702307263,0.029792289384689277,-0.6960164495424901,-4.332452719175152,0.32,0.97,0.86,0.979,0.92,0.04900407791137695,48.999968816431256,500.0,True,0.295
ANME2d,rev1_minus,0.28,0.97,0.86,0.979,0.92,0.888235294117647,0.004404464419517814,0.028241367583285427,-0.6676332582776741,-4.114073341144242,0.32,0.97,0.86,0.979,0.92,0.04900407791137695,48.999968816431256,500.0,True,0.295
ANME2d,rev1_minus,0.28,0.97,0.86,0.979,0.92,0.8941176470588235,0.004186412180511122,0.026697493484225968,-0.6387764236573769,-3.8957800515878724,0.32,0.97,0.86,0.979,0.92,0.04900407791137695,48.999968816431256,500.0,True,0.295
ANME2d,rev1_minus,0.28,0.97,0.86,0.979,0.92,0.8999999999999999,0.003968293317185082,0.025160585296010916,-0.6094369978007751,-3.677579857812719,0.32,0.97,0.86,0.979,0.92,0.04900407791137695,48.999968816431256,500.0,True,0.295
ANME2d,rev1_minus,0.28,0.97,0.86,0.979,0.92,0.9058823529411764,0.003749987400829383,0.023630562669486568,-0.5796040195706096,-3.459479598346205,0.32,0.97,0.86,0.979,0.92,0.04900407791137695,48.999968816431256,500.0,True,0.295
ANME2d,rev1_minus,0.28,0.97,0.86,0.979,0.92,0.911764705882353,0.003531359540504053,0.02210734665732819,-0.5492642958238666,-3.241485953876613,0.32,0.97,0.86,0.979,0.92,0.04900407791137695,48.999968816431256,500.0,True,0.295
ANME2d,rev1_minus,0.28,0.97,0.86,0.979,0.92,0.9176470588235295,0.0033122572496209627,0.02059085967558751,-0.5184019520139885,-3.023605461202763,0.32,0.97,0.86,0.979,0.92,0.04900407791137695,48.999968816431256,500.0,True,0.295
ANME2d,rev1_minus,0.28,0.97,0.86,0.979,0.92,0.9235294117647059,0.00309250639077355,0.019081025465565,-0.4869978430532717,-2.8058445286494007,0.32,0.97,0.86,0.979,0.92,0.04900407791137695,48.999968816431256,500.0,True,0.295
ANME2d,rev1_minus,0.28,0.97,0.86,0.979,0.92,0.9294117647058824,0.0028719083439746875,0.017577769053928303,-0.45502919897507993,-2.588209448948622,0.32,0.97,0.86,0.979,0.92,0.04900407791137695,48.999968816431256,500.0,True,0.295
ANME2d,rev1_minus,0.28,0.97,0.86,0.979,0.92,0.9352941176470588,0.002650234256389327,0.0160810167136455,-0.42246879962929657,-2.370706418668084,0.32,0.97,0.86,0.979,0.92,0.04900407791137695,48.999968816431256,500.0,True,0.295
ANME2d,rev1_minus,0.28,0.97,0.86,0.979,0.92,0.9411764705882353,0.002427217720815597,0.014590695922389945,-0.38928394431510993,-2.153341561327456,0.32,0.97,0.86,0.979,0.92,0.04900407791137695,48.999968816431256,500.0,True,0.295
ANME2d,rev1_minus,0.28,0.97,0.86,0.979,0.92,0.9470588235294117,0.002202544876794842,0.013106735318355307,-0.35543504696436345,-1.9361209565179145,0.32,0.97,0.86,0.979,0.92,0.04900407791137695,48.999968816431256,500.0,True,0.295
ANME2d,rev1_minus,0.28,0.97,0.86,0.979,0.92,0.9529411764705882,0.0019758448605494694,0.011629064655834822,-0.3208743408536903,-1.7190506675728872,0.32,0.97,0.86,0.979,0.92,0.04900407791137695,48.999968816431256,500.0,True,0.295
ANME2d,rev1_minus,0.28,0.97,0.86,0.979,0.92,0.9588235294117646,0.0017466743223266458,0.010157614751399755,-0.28554371632530556,-1.5021367833195323,0.32,0.97,0.86,0.979,0.92,0.04900407791137695,48.999968816431256,500.0,True,0.295
ANME2d,rev1_minus,0.28,0.97,0.86,0.979,0.92,0.9647058823529411,0.0015144937411207915,0.008692317419575041,-0.24937143037703782,-1.2853854802715459,0.32,0.97,0.86,0.979,0.92,0.04900407791137695,48.999968816431256,500.0,True,0.295
ANME2d,rev1_minus,0.28,0.97,0.86,0.979,0.92,0.9705882352941175,0.001278646770355732,0.007233105426008334,-0.21226938935427392,-1.0688030710970269,0.32,0.97,0.86,0.979,0.92,0.04900407791137695,48.999968816431256,500.0,True,0.295
ANME2d,rev1_minus,0.28,0.97,0.86,0.979,0.92,0.9764705882352942,0.0010383163573756155,0.0057799123795486225,-0.17412708441624633,-0.8523961151801922,0.32,0.97,0.86,0.979,0.92,0.04900407791137695,48.999968816431256,500.0,True,0.295
ANME2d,rev1_minus,0.28,0.97,0.86,0.979,0.92,0.9823529411764707,0.0007924566293683734,0.004332672498813054,-0.13480326326844266,-0.6361715433552071,0.32,0.97,0.86,0.979,0.92,0.04900407791137695,48.999968816431256,500.0,True,0.295
ANME2d,rev1_minus,0.28,0.97,0.86,0.979,0.92,0.9882352941176471,0.0005396463325838843,0.0028913149702952594,-0.09411442036249576,-0.4201359637232295,0.32,0.97,0.86,0.979,0.92,0.04900407791137695,48.999968816431256,500.0,True,0.295
ANME2d,rev1_minus,0.28,0.97,0.86,0.979,0.92,0.9941176470588236,0.0002772331887153402,0.0014553288984345198,-0.051758788917200135,-0.20433786004835935,0.32,0.97,0.86,0.979,0.92,0.04900407791137695,48.999968816431256,500.0,True,0.295
ANME2d,rev1_minus,0.28,0.97,0.86,0.979,0.92,1.0,0.0,0.0,0.0,0.0,0.32,0.97,0.86,0.979,0.92,0.04900407791137695,48.999968816431256,500.0,True,0.295
ANME2d,rev2_plus,0.32,0.99,0.86,0.979,0.92,0.3,0.02848703206237426,0.24280706697089763,2.6285834511551363,-18.592303133080744,0.32,0.97,0.86,0.979,0.92,0.059242963790893555,51.88252093050726,500.0,True,0.295
ANME2d,rev2_plus,0.32,0.99,0.86,0.979,0.92,0.30588235294117644,0.02810455028778701,0.23965259621443755,2.4939965109859985,-18.64929642279122,0.32,0.97,0.86,0.979,0.92,0.059242963790893555,51.88252093050726,500.0,True,0.295
ANME2d,rev2_plus,0.32,0.99,0.86,0.979,0.92,0.31176470588235294,0.027727525642207502,0.23653776496086112,2.364041249153167,-18.69545958011515,0.32,0.97,0.86,0.979,0.92,0.059242963790893555,51.88252093050726,500.0,True,0.295
ANME2d,rev2_plus,0.32,0.99,0.86,0.979,0.92,0.3176470588235294,0.02735578677376781,0.2334613254204491,2.2385337993653507,-18.731310086803934,0.32,0.97,0.86,0.979,0.92,0.059242963790893555,51.88252093050726,500.0,True,0.295
ANME2d,rev2_plus,0.32,0.99,0.86,0.979,0.92,0.32352941176470584,0.026989168018235653,0.23042206770256532,2.1172942754430597,-18.7573665467084,0.32,0.97,0.86,0.979,0.92,0.059242963790893555,51.88252093050726,500.0,True,0.295
ANME2d,rev2_plus,0.32,0.99,0.86,0.979,0.92,0.32941176470588235,0.026627528575800308,0.2274190064594499,2.0002009941866934,-18.773866899666007,0.32,0.97,0.86,0.979,0.92,0.059242963790893555,51.88252093050726,500.0,True,0.295
ANME2d,rev2_plus,0.32,0.99,0.86,0.979,0.92,0.3352941176470588,0.026270703054766777,0.22445089634788612,1.8870494310693786,-18.781498142556202,0.32,0.97,0.86,0.979,0.92,0.059242963790893555,51.88252093050726,500.0,True,0.295
ANME2d,rev2_plus,0.32,0.99,0.86,0.979,0.92,0.3411764705882353,0.025918559006514547,0.22151679505009111,1.7777076217109269,-18.780608566309024,0.32,0.97,0.86,0.979,0.92,0.059242963790893555,51.88252093050726,500.0,True,0.295
ANME2d,rev2_plus,0.32,0.99,0.86,0.979,0.92,0.34705882352941175,0.025570966773511863,0.2186157794834173,1.6720527683659943,-18.771496629315532,0.32,0.97,0.86,0.979,0.92,0.059242963790893555,51.88252093050726,500.0,True,0.295
ANME2d,rev2_plus,0.32,0.99,0.86,0.979,0.92,0.3529411764705882,0.02522779509173511,0.21574689905558286,1.569952629974294,-18.754517463848487,0.32,0.97,0.86,0.979,0.92,0.059242963790893555,51.88252093050726,500.0,True,0.295
ANME2d,rev2_plus,0.32,0.99,0.86,0.979,0.92,0.3588235294117647,0.024888917793755138,0.21290923919513285,1.4712795611172225,-18.730018661298146,0.32,0.97,0.86,0.979,0.92,0.059242963790893555,51.88252093050726,500.0,True,0.295
ANME2d,rev2_plus,0.32,0.99,0.86,0.979,0.92,0.36470588235294116,0.02455420983129452,0.2101018848703672,1.3759061601872267,-18.6983497728023,0.32,0.97,0.86,0.979,0.92,0.059242963790893555,51.88252093050726,500.0,True,0.295
ANME2d,rev2_plus,0.32,0.99,0.86,0.979,0.92,0.37058823529411766,0.02422355863613087,0.2073240280866574,1.2837215617630233,-18.65980781712315,0.32,0.97,0.86,0.979,0.92,0.059242963790893555,51.88252093050726,500.0,True,0.295
ANME2d,rev2_plus,0.32,0.99,0.86,0.979,0.92,0.3764705882352941,0.023896863053565753,0.20457495918585217,1.194630279050844,-18.614639830622995,0.32,0.97,0.86,0.979,0.92,0.059242963790893555,51.88252093050726,500.0,True,0.295
ANME2d,rev2_plus,0.32,0.99,0.86,0.979,0.92,0.38235294117647056,0.023574018005655607,0.2018539226835044,1.1085300487419691,-18.563117689181748,0.32,0.97,0.86,0.979,0.92,0.059242963790893555,51.88252093050726,500.0,True,0.295
ANME2d,rev2_plus,0.32,0.99,0.86,0.979,0.92,0.388235294117647,0.023254920213657774,0.19916017138842362,1.025319954484188,-18.50551127651132,0.32,0.97,0.86,0.979,0.92,0.059242963790893555,51.88252093050726,500.0,True,0.295
ANME2d,rev2_plus,0.32,0.99,0.86,0.979,0.92,0.3941176470588235,0.022939471073846706,0.19649299398866335,0.9449046046992802,-18.44207435935094,0.32,0.97,0.86,0.979,0.92,0.059242963790893555,51.88252093050726,500.0,True,0.295
ANME2d,rev2_plus,0.32,0.99,0.86,0.979,0.92,0.4,0.022627576312059514,0.19385171231575551,0.8671937021035816,-18.373045847819657,0.32,0.97,0.86,0.979,0.92,0.059242963790893555,51.88252093050726,500.0,True,0.295
ANME2d,rev2_plus,0.32,0.99,0.86,0.979,0.92,0.40588235294117647,0.02231913691565097,0.19123559026321166,0.7920885122777793,-18.2986942367012,0.32,0.97,0.86,0.979,0.92,0.059242963790893555,51.88252093050726,500.0,True,0.295
ANME2d,rev2_plus,0.32,0.99,0.86,0.979,0.92,0.4117647058823529,0.022014075464982116,0.18864410058899753,0.7195213128060844,-18.219188090938136,0.32,0.97,0.86,0.979,0.92,0.059242963790893555,51.88252093050726,500.0,True,0.295
ANME2d,rev2_plus,0.32,0.99,0.86,0.979,0.92,0.41764705882352937,0.021712314391371494,0.18607670625215947,0.6494231821741511,-18.134700661715737,0.32,0.97,0.86,0.979,0.92,0.059242963790893555,51.88252093050726,500.0,True,0.295
ANME2d,rev2_plus,0.32,0.99,0.86,0.979,0.92,0.4235294117647059,0.021413772604270284,0.18353282646295455,0.5817188414463323,-18.045427388072966,0.32,0.97,0.86,0.979,0.92,0.059242963790893555,51.88252093050726,500.0,True,0.295
ANME2d,rev2_plus,0.32,0.99,0.86,0.979,0.92,0.4294117647058823,0.02111837137330729,0.18101189639388143,0.5163353994518626,-17.951557545118266,0.32,0.97,0.86,0.979,0.92,0.059242963790893555,51.88252093050726,500.0,True,0.295
ANME2d,rev2_plus,0.32,0.99,0.86,0.979,0.92,0.43529411764705883,0.02082603510270774,0.17851337547701987,0.4532035692958469,-17.853270152933742,0.32,0.97,0.86,0.979,0.92,0.059242963790893555,51.88252093050726,500.0,True,0.295
ANME2d,rev2_plus,0.32,0.99,0.86,0.979,0.92,0.4411764705882353,0.02053668946229359,0.17603672706516488,0.3922546385949847,-17.75074379461037,0.32,0.97,0.86,0.979,0.92,0.059242963790893555,51.88252093050726,500.0,True,0.295
ANME2d,rev2_plus,0.32,0.99,0.86,0.979,0.92,0.44705882352941173,0.020250262680640587,0.1735814334520309,0.3334226538521653,-17.64414963536346,0.32,0.97,0.86,0.979,0.92,0.059242963790893555,51.88252093050726,500.0,True,0.295
ANME2d,rev2_plus,0.32,0.99,0.86,0.979,0.92,0.45294117647058824,0.019966692353874837,0.17114707331493914,0.2766560069200858,-17.53361287681497,0.32,0.97,0.86,0.979,0.92,0.059242963790893555,51.88252093050726,500.0,True,0.295
ANME2d,rev2_plus,0.32,0.99,0.86,0.979,0.92,0.4588235294117647,0.019685915322107592,0.16873320841959102,0.22190059475265364,-17.41926779161438,0.32,0.97,0.86,0.979,0.92,0.059242963790893555,51.88252093050726,500.0,True,0.295
ANME2d,rev2_plus,0.32,0.99,0.86,0.979,0.92,0.4647058823529412,0.019407867656557103,0.16633938375168134,0.16909977239244087,-17.301258196179248,0.32,0.97,0.86,0.979,0.92,0.059242963790893555,51.88252093050726,500.0,True,0.295
ANME2d,rev2_plus,0.32,0.99,0.86,0.979,0.92,0.47058823529411764,0.01913248771655773,0.16396516229230343,0.11819949945229004,-17.179720647676778,0.32,0.97,0.86,0.979,0.92,0.059242963790893555,51.88252093050726,500.0,True,0.295
ANME2d,rev2_plus,0.32,0.99,0.86,0.979,0.92,0.4764705882352941,0.01885971600739279,0.16161012385885876,0.0691481672070021,-17.05478493045346,0.32,0.97,0.86,0.979,0.92,0.059242963790893555,51.88252093050726,500.0,True,0.295
ANME2d,rev2_plus,0.32,0.99,0.86,0.979,0.92,0.48235294117647054,0.018589493675395075,0.15927384583943716,0.02189374062309848,-16.92658310477508,0.32,0.97,0.86,0.979,0.92,0.059242963790893555,51.88252093050726,500.0,True,0.295
ANME2d,rev2_plus,0.32,0.99,0.86,0.979,0.92,0.48823529411764705,0.018321766000517506,0.1569559500152874,-0.023609318105197025,-16.795227522955766,0.32,0.97,0.86,0.979,0.92,0.059242963790893555,51.88252093050726,500.0,True,0.295
ANME2d,rev2_plus,0.32,0.99,0.86,0.979,0.92,0.49411764705882355,0.018056480704284148,0.15465608086879465,-0.06740323010618025,-16.660820651735005,0.32,0.97,0.86,0.979,0.92,0.059242963790893555,51.88252093050726,500.0,True,0.295
ANME2d,rev2_plus,0.32,0.99,0.86,0.979,0.92,0.5,0.017793585703744026,0.15237387634599917,-0.10953124184815269,-16.523468900819015,0.32,0.97,0.86,0.979,0.92,0.059242963790893555,51.88252093050726,500.0,True,0.295
ANME2d,rev2_plus,0.32,0.99,0.86,0.979,0.92,0.5058823529411764,0.01753303002886217,0.1501089804118981,-0.15003579035997233,-16.383276919986614,0.32,0.97,0.86,0.979,0.92,0.059242963790893555,51.88252093050726,500.0,True,0.295
ANME2d,rev2_plus,0.32,0.99,0.86,0.979,0.92,0.5117647058823529,0.017274763923985918,0.14786104159572824,-0.18895876201747716,-16.240348188838023,0.32,0.97,0.86,0.979,0.92,0.059242963790893555,51.88252093050726,500.0,True,0.295
ANME2d,rev2_plus,0.32,0.99,0.86,0.979,0.92,0.5176470588235293,0.017018739707154753,0.14562973390556827,-0.22633828697416095,-16.094775424206958,0.32,0.97,0.86,0.979,0.92,0.059242963790893555,51.88252093050726,500.0,True,0.295
ANME2d,rev2_plus,0.32,0.99,0.86,0.979,0.92,0.5235294117647058,0.01676491121811565,0.1434147454759537,-0.2622104644467572,-15.946645631186259,0.32,0.97,0.86,0.979,0.92,0.059242963790893555,51.88252093050726,500.0,True,0.295
ANME2d,rev2_plus,0.32,0.99,0.86,0.979,0.92,0.5294117647058824,0.016513233128196983,0.14121576390692545,-0.29661161091843613,-15.796046863159532,0.32,0.97,0.86,0.979,0.92,0.059242963790893555,51.88252093050726,500.0,True,0.295
ANME2d,rev2_plus,0.32,0.99,0.86,0.979,0.92,0.5352941176470588,0.016263661238108656,0.13903248407517535,-0.32957707054623936,-15.643064737632505,0.32,0.97,0.86,0.979,0.92,0.059242963790893555,51.88252093050726,500.0,True,0.295
ANME2d,rev2_plus,0.32,0.99,0.86,0.979,0.92,0.5411764705882353,0.01601615264046213,0.13686460477113543,-0.3611417990875243,-15.487783871099285,0.32,0.97,0.86,0.979,0.92,0.059242963790893555,51.88252093050726,500.0,True,0.295
ANME2d,rev2_plus,0.32,0.99,0.86,0.979,0.92,0.5470588235294118,0.015770665410660342,0.13471184460487956,-0.3913377310321445,-15.330280837719688,0.32,0.97,0.86,0.979,0.92,0.059242963790893555,51.88252093050726,500.0,True,0.295
ANME2d,rev2_plus,0.32,0.99,0.86,0.979,0.92,0.5529411764705883,0.01552715864730878,0.13257393464394304,-0.42019497964168645,-15.170627318669114,0.32,0.97,0.86,0.979,0.92,0.059242963790893555,51.88252093050726,500.0,True,0.295
ANME2d,rev2_plus,0.32,0.99,0.86,0.979,0.92,0.5588235294117647,0.015285592605159172,0.1304506050428736,-0.4477440359546967,-15.008896036817372,0.32,0.97,0.86,0.979,0.92,0.059242963790893555,51.88252093050726,500.0,True,0.295
ANME2d,rev2_plus,0.32,0.99,0.86,0.979,0.92,0.5647058823529412,0.015045928529676622,0.12834159209354384,-0.47401460323917477,-14.845157717993306,0.32,0.97,0.86,0.979,0.92,0.059242963790893555,51.88252093050726,500.0,True,0.295
ANME2d,rev2_plus,0.32,0.99,0.86,0.979,0.92,0.5705882352941176,0.014808129005204985,0.12624663567344177,-0.499036091012936,-14.67948216464485,0.32,0.97,0.86,0.979,0.92,0.059242963790893555,51.88252093050726,500.0,True,0.295
ANME2d,rev2_plus,0.32,0.99,0.86,0.979,0.92,0.5764705882352941,0.014572156754693005,0.12416549087127461,-0.5228354764617451,-14.51193322717819,0.32,0.97,0.86,0.979,0.92,0.059242963790893555,51.88252093050726,500.0,True,0.295
ANME2d,rev2_plus,0.32,0.99,0.86,0.979,0.92,0.5823529411764705,0.014337974953248006,0.12209792385702997,-0.5454380432605348,-14.342570511090754,0.32,0.97,0.86,0.979,0.92,0.059242963790893555,51.88252093050726,500.0,True,0.295
ANME2d,rev2_plus,0.32,0.99,0.86,0.979,0.92,0.588235294117647,0.01410554830188218,0.12004369981863346,-0.5668695721757688,-14.171454592879277,0.32,0.97,0.86,0.979,0.92,0.059242963790893555,51.88252093050726,500.0,True,0.295
ANME2d,rev2_plus,0.32,0.99,0.86,0.979,0.92,0.5941176470588235,0.013874842349238461,0.11800258925815814,-0.5871551801870711,-13.998644363160638,0.32,0.97,0.86,0.979,0.92,0.059242963790893555,51.88252093050726,500.0,True,0.295
ANME2d,rev2_plus,0.32,0.99,0.86,0.979,0.92,0.6,0.013645823856035449,0.1159743663031442,-0.6063196822205751,-13.824197771877637,0.32,0.97,0.86,0.979,0.92,0.059242963790893555,51.88252093050726,500.0,True,0.295
ANME2d,rev2_plus,0.32,0.99,0.86,0.979,0.92,0.6058823529411765,0.013418459313909193,0.11395881624655735,-0.624386036940494,-13.648168498602363,0.32,0.97,0.86,0.979,0.92,0.059242963790893555,51.88252093050726,500.0,True,0.295
ANME2d,rev2_plus,0.32,0.99,0.86,0.979,0.92,0.611764705882353,0.013192715154128135,0.11195573393584712,-0.6413756584311239,-13.470606603779508,0.32,0.97,0.86,0.979,0.92,0.059242963790893555,51.88252093050726,500.0,True,0.295
ANME2d,rev2_plus,0.32,0.99,0.86,0.979,0.92,0.6176470588235294,0.012968559488599759,0.10996491383085051,-0.6573104250707574,-13.291562891694527,0.32,0.97,0.86,0.979,0.92,0.059242963790893555,51.88252093050726,500.0,True,0.295
ANME2d,rev2_plus,0.32,0.99,0.86,0.979,0.92,0.6235294117647059,0.012745961087302393,0.10798615511293476,-0.672211622795222,-13.111086703045514,0.32,0.97,0.86,0.979,0.92,0.059242963790893555,51.88252093050726,500.0,True,0.295
ANME2d,rev2_plus,0.32,0.99,0.86,0.979,0.92,0.6294117647058823,0.012524889554848428,0.10601926114831697,-0.6861000705372153,-12.92922611394202,0.32,0.97,0.86,0.979,0.92,0.059242963790893555,51.88252093050726,500.0,True,0.295
ANME2d,rev2_plus,0.32,0.99,0.86,0.979,0.92,0.6352941176470588,0.012305314329882761,0.10406404252323112,-0.6989954149991797,-12.746026642319489,0.32,0.97,0.86,0.979,0.92,0.059242963790893555,51.88252093050726,500.0,True,0.295
ANME2d,rev2_plus,0.32,0.99,0.86,0.979,0.92,0.6411764705882352,0.012087204632481176,0.10212031690321281,-0.7109161453668106,-12.561531280071417,0.32,0.97,0.86,0.979,0.92,0.059242963790893555,51.88252093050726,500.0,True,0.295
ANME2d,rev2_plus,0.32,0.99,0.86,0.979,0.92,0.6470588235294117,0.011870531136631795,0.100187903320104,-0.7218808838054999,-12.37578289866878,0.32,0.97,0.86,0.979,0.92,0.059242963790893555,51.88252093050726,500.0,True,0.295
ANME2d,rev2_plus,0.32,0.99,0.86,0.979,0.92,0.6529411764705881,0.011655264862852508,0.0982666252326347,-0.7319076494322234,-12.18882297567894,0.32,0.97,0.86,0.979,0.92,0.059242963790893555,51.88252093050726,500.0,True,0.295
ANME2d,rev2_plus,0.32,0.99,0.86,0.979,0.92,0.6588235294117647,0.01144137659185479,0.09635631153029504,-0.7410135683541894,-12.000691158297911,0.32,0.97,0.86,0.979,0.92,0.059242963790893555,51.88252093050726,500.0,True,0.295
ANME2d,rev2_plus,0.32,0.99,0.86,0.979,0.92,0.6647058823529411,0.01122883761399701,0.09445679496383055,-0.7492152993630887,-11.811425910244289,0.32,0.97,0.86,0.979,0.92,0.059242963790893555,51.88252093050726,500.0,True,0.295
ANME2d,rev2_plus,0.32,0.99,0.86,0.979,0.92,0.6705882352941177,0.011017620474812606,0.0925679109199729,-0.7565294008782598,-11.621065028160823,0.32,0.97,0.86,0.979,0.92,0.059242963790893555,51.88252093050726,500.0,True,0.295
ANME2d,rev2_plus,0.32,0.99,0.86,0.979,0.92,0.6764705882352942,0.01080769724157853,0.09068949948329315,-0.7629716084726427,-11.429644782487387,0.32,0.97,0.86,0.979,0.92,0.059242963790893555,51.88252093050726,500.0,True,0.295
ANME2d,rev2_plus,0.32,0.99,0.86,0.979,0.92,0.6823529411764706,0.01059903918708217,0.08882140555458547,-0.7685567485994099,-11.237199857022375,0.32,0.97,0.86,0.979,0.92,0.059242963790893555,51.88252093050726,500.0,True,0.295
ANME2d,rev2_plus,0.32,0.99,0.86,0.979,0.92,0.6882352941176471,0.01039161946067965,0.08696347611644734,-0.7732997864922243,-11.043764460882217,0.32,0.97,0.86,0.979,0.92,0.059242963790893555,51.88252093050726,500.0,True,0.295
ANME2d,rev2_plus,0.32,0.99,0.86,0.979,0.92,0.6941176470588235,0.010185411395168306,0.0851155616334282,-0.7772152162884436,-10.849371764421084,0.32,0.97,0.86,0.979,0.92,0.059242963790893555,51.88252093050726,500.0,True,0.295
ANME2d,rev2_plus,0.32,0.99,0.86,0.979,0.92,0.7,0.00998038708776051,0.08327751686876,-0.7803166151898747,-10.654053560589224,0.32,0.97,0.86,0.979,0.92,0.059242963790893555,51.88252093050726,500.0,True,0.295
ANME2d,rev2_plus,0.32,0.99,0.86,0.979,0.92,0.7058823529411764,0.009776518686769877,0.08144919992540146,-0.7826170927756971,-10.457840639652106,0.32,0.97,0.86,0.979,0.92,0.059242963790893555,51.88252093050726,500.0,True,0.295
ANME2d,rev2_plus,0.32,0.99,0.86,0.979,0.92,0.7117647058823529,0.00957378030284081,0.07963047098406865,-0.78412992037111,-10.260763303182046,0.32,0.97,0.86,0.979,0.92,0.059242963790893555,51.88252093050726,500.0,True,0.295
ANME2d,rev2_plus,0.32,0.99,0.86,0.979,0.92,0.7176470588235294,0.009372145171870266,0.07782119375478529,-0.7848676655746828,-10.062850774487801,0.32,0.97,0.86,0.979,0.92,0.059242963790893555,51.88252093050726,500.0,True,0.295
ANME2d,rev2_plus,0.32,0.99,0.86,0.979,0.92,0.7235294117647059,0.009171584532656483,0.07602123585265011,-0.7848418899835254,-9.864131033183897,0.32,0.97,0.86,0.979,0.92,0.059242963790893555,51.88252093050726,500.0,True,0.295
ANME2d,rev2_plus,0.32,0.99,0.86,0.979,0.92,0.7294117647058823,0.008972071567878942,0.07423046688089241,-0.7840643350329317,-9.66463159530462,0.32,0.97,0.86,0.979,0.92,0.059242963790893555,51.88252093050726,500.0,True,0.295
ANME2d,rev2_plus,0.32,0.99,0.86,0.979,0.92,0.7352941176470589,0.008773579490778038,0.07244875917334523,-0.7825463773725277,-9.4643792099077,0.32,0.97,0.86,0.979,0.92,0.059242963790893555,51.88252093050726,500.0,True,0.295
ANME2d,rev2_plus,0.32,0.99,0.86,0.979,0.92,0.7411764705882353,0.008576080209866555,0.07067598819282406,-0.7802986791582631,-9.263399692801322,0.32,0.97,0.86,0.979,0.92,0.059242963790893555,51.88252093050726,500.0,True,0.295
ANME2d,rev2_plus,0.32,0.99,0.86,0.979,0.92,0.7470588235294118,0.008379545034249989,0.0689120321960896,-0.7773314021901347,-9.061718050972543,0.32,0.97,0.86,0.979,0.92,0.059242963790893555,51.88252093050726,500.0,True,0.295
ANME2d,rev2_plus,0.32,0.99,0.86,0.979,0.92,0.7529411764705882,0.008183945831521775,0.06715677167786989,-0.7736545505653327,-8.859358700288894,0.32,0.97,0.86,0.979,0.92,0.059242963790893555,51.88252093050726,500.0,True,0.295
ANME2d,rev2_plus,0.32,0.99,0.86,0.979,0.92,0.7588235294117647,0.00798925305505594,0.065410089890851,-0.7692774652608583,-8.65634525860107,0.32,0.97,0.86,0.979,0.92,0.059242963790893555,51.88252093050726,500.0,True,0.295
ANME2d,rev2_plus,0.32,0.99,0.86,0.979,0.92,0.7647058823529411,0.007795437865093846,0.06367187227011578,-0.7642093787693526,-8.45270076683756,0.32,0.97,0.86,0.979,0.92,0.059242963790893555,51.88252093050726,500.0,True,0.295
ANME2d,rev2_plus,0.32,0.99,0.86,0.979,0.92,0.7705882352941176,0.007602470049249903,0.0619420067304735,-0.7584589254574091,-8.24844757299304,0.32,0.97,0.86,0.979,0.92,0.059242963790893555,51.88252093050726,500.0,True,0.295
ANME2d,rev2_plus,0.32,0.99,0.86,0.979,0.92,0.776470588235294,0.007410318567212302,0.06022038353948659,-0.7520342848351204,-8.043607374886856,0.32,0.97,0.86,0.979,0.92,0.059242963790893555,51.88252093050726,500.0,True,0.295
ANME2d,rev2_plus,0.32,0.99,0.86,0.979,0.92,0.7823529411764706,0.007218952902027466,0.058506895013814605,-0.7449435220505993,-7.838201334362321,0.32,0.97,0.86,0.979,0.92,0.059242963790893555,51.88252093050726,500.0,True,0.295
ANME2d,rev2_plus,0.32,0.99,0.86,0.979,0.92,0.788235294117647,0.00702833930160462,0.056801435887239515,-0.7371937448521192,-7.6322499384831355,0.32,0.97,0.86,0.979,0.92,0.059242963790893555,51.88252093050726,500.0,True,0.295
ANME2d,rev2_plus,0.32,0.99,0.86,0.979,0.92,0.7941176470588236,0.006838445293463975,0.05510390280184182,-0.7287921370520103,-7.425773182956311,0.32,0.97,0.86,0.979,0.92,0.059242963790893555,51.88252093050726,500.0,True,0.295
ANME2d,rev2_plus,0.32,0.99,0.86,0.979,0.92,0.8,0.006649236469552406,0.05341419450767351,-0.719745263222443,-7.218790499385583,0.32,0.97,0.86,0.979,0.92,0.059242963790893555,51.88252093050726,500.0,True,0.295
ANME2d,rev2_plus,0.32,0.99,0.86,0.979,0.92,0.8058823529411765,0.006460675702398417,0.05173221186373425,-0.7100589204129794,-7.011320751802625,0.32,0.97,0.86,0.979,0.92,0.059242963790893555,51.88252093050726,500.0,True,0.295
ANME2d,rev2_plus,0.32,0.99,0.86,0.979,0.92,0.8117647058823529,0.006272726597271693,0.05005785750799968,-0.6997389073335917,-6.803382357419691,0.32,0.97,0.86,0.979,0.92,0.059242963790893555,51.88252093050726,500.0,True,0.295
ANME2d,rev2_plus,0.32,0.99,0.86,0.979,0.92,0.8176470588235294,0.0060853487979434795,0.04839103610753424,-0.6887900391446777,-6.59499319446351,0.32,0.97,0.86,0.979,0.92,0.059242963790893555,51.88252093050726,500.0,True,0.295
ANME2d,rev2_plus,0.32,0.99,0.86,0.979,0.92,0.8235294117647058,0.005898500937644695,0.04673165411639022,-0.6772167996094086,-6.386170684270435,0.32,0.97,0.86,0.979,0.92,0.059242963790893555,51.88252093050726,500.0,True,0.295
ANME2d,rev2_plus,0.32,0.99,0.86,0.979,0.92,0.8294117647058823,0.005712138665210756,0.04507961980881026,-0.6650229514662523,-6.176931780683726,0.32,0.97,0.86,0.979,0.92,0.059242963790893555,51.88252093050726,500.0,True,0.295
ANME2d,rev2_plus,0.32,0.99,0.86,0.979,0.92,0.8352941176470587,0.005526216507409908,0.04343484315406404,-0.6522119436196071,-5.967293010910608,0.32,0.97,0.86,0.979,0.92,0.059242963790893555,51.88252093050726,500.0,True,0.295
ANME2d,rev2_plus,0.32,0.99,0.86,0.979,0.92,0.8411764705882352,0.0053406843436622185,0.0417972358740897,-0.6387862205147119,-5.757270458664724,0.32,0.97,0.86,0.979,0.92,0.059242963790893555,51.88252093050726,500.0,True,0.295
ANME2d,rev2_plus,0.32,0.99,0.86,0.979,0.92,0.8470588235294116,0.005155490512083626,0.04016671130193279,-0.6247478759909505,-5.546879807684069,0.32,0.97,0.86,0.979,0.92,0.059242963790893555,51.88252093050726,500.0,True,0.295
ANME2d,rev2_plus,0.32,0.99,0.86,0.979,0.92,0.8529411764705883,0.004970578325299118,0.038543184413396527,-0.6100979884914938,-5.336136335018775,0.32,0.97,0.86,0.979,0.92,0.059242963790893555,51.88252093050726,500.0,True,0.295
ANME2d,rev2_plus,0.32,0.99,0.86,0.979,0.92,0.8588235294117648,0.0047858874633141535,0.03692657173978942,-0.5948369317818833,-5.125054937738408,0.32,0.97,0.86,0.979,0.92,0.059242963790893555,51.88252093050726,500.0,True,0.295
ANME2d,rev2_plus,0.32,0.99,0.86,0.979,0.92,0.8647058823529412,0.004601352551672236,0.03531679134749964,-0.5789641324231949,-4.91365014140561,0.32,0.97,0.86,0.979,0.92,0.059242963790893555,51.88252093050726,500.0,True,0.295
ANME2d,rev2_plus,0.32,0.99,0.86,0.979,0.92,0.8705882352941177,0.00441690185496914,0.03371376279707351,-0.5624778640289219,-4.701936115917339,0.32,0.97,0.86,0.979,0.92,0.059242963790893555,51.88252093050726,500.0,True,0.295
ANME2d,rev2_plus,0.32,0.99,0.86,0.979,0.92,0.8764705882352941,0.00423245700328005,0.03211740710144663,-0.5453752428215113,-4.489926687919956,0.32,0.97,0.86,0.979,0.92,0.059242963790893555,51.88252093050726,500.0,True,0.295
ANME2d,rev2_plus,0.32,0.99,0.86,0.979,0.92,0.8823529411764706,0.004047932534677812,0.03052764668390891,-0.5276521911651527,-4.277635354893281,0.32,0.97,0.86,0.979,0.92,0.059242963790893555,51.88252093050726,500.0,True,0.295
ANME2d,rev2_plus,0.32,0.99,0.86,0.979,0.92,0.888235294117647,0.003863233753850836,0.028944405346186107,-0.5093030957603984,-4.065075299289933,0.32,0.97,0.86,0.979,0.92,0.059242963790893555,51.88252093050726,500.0,True,0.295
ANME2d,rev2_plus,0.32,0.99,0.86,0.979,0.92,0.8941176470588235,0.003678255925245186,0.027367608229377734,-0.490320723585703,-3.8522594018955587,0.32,0.97,0.86,0.979,0.92,0.059242963790893555,51.88252093050726,500.0,True,0.295
ANME2d,rev2_plus,0.32,0.99,0.86,0.979,0.92,0.8999999999999999,0.0034928832510177795,0.025797181778738763,-0.47069610333197887,-3.639200254272791,0.32,0.97,0.86,0.979,0.92,0.059242963790893555,51.88252093050726,500.0,True,0.295
ANME2d,rev2_plus,0.32,0.99,0.86,0.979,0.92,0.9058823529411764,0.003306984584433734,0.024233053711711514,-0.45041783838904836,-3.4259101774179275,0.32,0.97,0.86,0.979,0.92,0.059242963790893555,51.88252093050726,500.0,True,0.295
ANME2d,rev2_plus,0.32,0.99,0.86,0.979,0.92,0.911764705882353,0.003120411318259675,0.02267515298004687,-0.4294718353476097,-3.212401237332192,0.32,0.97,0.86,0.979,0.92,0.059242963790893555,51.88252093050726,500.0,True,0.295
ANME2d,rev2_plus,0.32,0.99,0.86,0.979,0.92,0.9176470588235295,0.00293299505795168,0.021123409734730786,-0.40784101048142923,-2.9986852594012343,0.32,0.97,0.86,0.979,0.92,0.059242963790893555,51.88252093050726,500.0,True,0.295
ANME2d,rev2_plus,0.32,0.99,0.86,0.979,0.92,0.9235294117647059,0.0027445437730006686,0.01957775529103177,-0.3855047483604832,-2.78477384639478,0.32,0.97,0.86,0.979,0.92,0.059242963790893555,51.88252093050726,500.0,True,0.295
ANME2d,rev2_plus,0.32,0.99,0.86,0.979,0.92,0.9294117647058824,0.0025548365835740745,0.0180381220922913,-0.36243815662517165,-2.5706783997253173,0.32,0.97,0.86,0.979,0.92,0.059242963790893555,51.88252093050726,500.0,True,0.295
ANME2d,rev2_plus,0.32,0.99,0.86,0.979,0.92,0.9352941176470588,0.0023636168302971525,0.016504443671961043,-0.3386110737438935,-2.3564101445192818,0.32,0.97,0.86,0.979,0.92,0.059242963790893555,51.88252093050726,500.0,True,0.295
ANME2d,rev2_plus,0.32,0.99,0.86,0.979,0.92,0.9411764705882353,0.002170583120417355,0.014976654615887944,-0.313986787252019,-2.141980157494476,0.32,0.97,0.86,0.979,0.92,0.059242963790893555,51.88252093050726,500.0,True,0.295
ANME2d,rev2_plus,0.32,0.99,0.86,0.979,0.92,0.9470588235294117,0.0019753813559124094,0.01345469051083237,-0.28852097858271913,-1.927399402630876,0.32,0.97,0.86,0.979,0.92,0.059242963790893555,51.88252093050726,500.0,True,0.295
ANME2d,rev2_plus,0.32,0.99,0.86,0.979,0.92,0.9529411764705882,0.0017775890348475099,0.011938487935408628,-0.262159472664191,-1.712678744793601,0.32,0.97,0.86,0.979,0.92,0.059242963790893555,51.88252093050726,500.0,True,0.295
ANME2d,rev2_plus,0.32,0.99,0.86,0.979,0.92,0.9588235294117646,0.0015766953099376375,0.010427984320063413,-0.23483540874425937,-1.4978290691286456,0.32,0.97,0.86,0.979,0.92,0.059242963790893555,51.88252093050726,500.0,True,0.295
ANME2d,rev2_plus,0.32,0.99,0.86,0.979,0.92,0.9647058823529411,0.0013720864518213275,0.008923118008058251,-0.20646743176703947,-1.282861249078974,0.32,0.97,0.86,0.979,0.92,0.059242963790893555,51.88252093050726,500.0,True,0.295
ANME2d,rev2_plus,0.32,0.99,0.86,0.979,0.92,0.9705882352941175,0.0011630043669852012,0.007423828096642036,-0.17695368859402702,-1.0677862975184083,0.32,0.97,0.86,0.979,0.92,0.059242963790893555,51.88252093050726,500.0,True,0.295
ANME2d,rev2_plus,0.32,0.99,0.86,0.979,0.92,0.9764705882352942,0.000948494846953457,0.00593005433708472,-0.14616456331409597,-0.8526154901296634,0.32,0.97,0.86,0.979,0.92,0.059242963790893555,51.88252093050726,500.0,True,0.295
ANME2d,rev2_plus,0.32,0.99,0.86,0.979,0.92,0.9823529411764707,0.0007273452803245333,0.004441737044195366,-0.11393439776512367,-0.6373605105665833,0.32,0.97,0.86,0.979,0.92,0.059242963790893555,51.88252093050726,500.0,True,0.295
ANME2d,rev2_plus,0.32,0.99,0.86,0.979,0.92,0.9882352941176471,0.0004979121241939948,0.00295881680886534,-0.08003863115665082,-0.42203384698289936,0.32,0.97,0.86,0.979,0.92,0.059242963790893555,51.88252093050726,500.0,True,0.295
ANME2d,rev2_plus,0.32,0.99,0.86,0.979,0.92,0.9941176470588236,0.0002572814030885854,0.0014811695749383663,-0.044051393813128475,-0.20671311226391123,0.32,0.97,0.86,0.979,0.92,0.059242963790893555,51.88252093050726,500.0,True,0.295
ANME2d,rev2_plus,0.32,0.99,0.86,0.979,0.92,1.0,0.0,0.0,0.0,0.0,0.32,0.97,0.86,0.979,0.92,0.059242963790893555,51.88252093050726,500.0,True,0.295
ANME2d,rev2_minus,0.32,0.95,0.86,0.979,0.92,0.3,0.0295921850726888,0.23968438727376418,2.4869664875380773,-17.550023548038528,0.32,0.97,0.86,0.979,0.92,0.05672502517700195,51.88250836069266,500.0,True,0.295
ANME2d,rev2_minus,0.32,0.95,0.86,0.979,0.92,0.30588235294117644,0.029191455689983097,0.23653335199044323,2.358776791768748,-17.600552938186606,0.32,0.97,0.86,0.979,0.92,0.05672502517700195,51.88250836069266,500.0,True,0.295
ANME2d,rev2_minus,0.32,0.95,0.86,0.979,0.92,0.31176470588235294,0.02879651261773617,0.23342293400560826,2.2350390031513276,-17.640976321232326,0.32,0.97,0.86,0.979,0.92,0.05672502517700195,51.88250836069266,500.0,True,0.295
ANME2d,rev2_minus,0.32,0.95,0.86,0.979,0.92,0.3176470588235294,0.028407174750168372,0.23035186111927586,2.11557839511886,-17.6717604299545,0.32,0.97,0.86,0.979,0.92,0.05672502517700195,51.88250836069266,500.0,True,0.295
ANME2d,rev2_minus,0.32,0.95,0.86,0.979,0.92,0.32352941176470584,0.028023268854595298,0.227318916648784,2.0002284539224235,-17.69335149467318,0.32,0.97,0.86,0.979,0.92,0.05672502517700195,51.88250836069266,500.0,True,0.295
ANME2d,rev2_minus,0.32,0.95,0.86,0.979,0.92,0.32941176470588235,0.027644629480430814,0.22432293945577372,1.8888311747984705,-17.70617260962329,0.32,0.97,0.86,0.979,0.92,0.05672502517700195,51.88250836069266,500.0,True,0.295
ANME2d,rev2_minus,0.32,0.95,0.86,0.979,0.92,0.3352941176470588,0.02727109481743416,0.22136278723029024,1.781227111261385,-17.710673411044816,0.32,0.97,0.86,0.979,0.92,0.05672502517700195,51.88250836069266,500.0,True,0.295
ANME2d,rev2_minus,0.32,0.95,0.86,0.979,0.92,0.3411764705882353,0.026902529729257243,0.21843755003347182,1.6773160378093999,-17.707018521703635,0.32,0.97,0.86,0.979,0.92,0.05672502517700195,51.88250836069266,500.0,True,0.295
ANME2d,rev2_minus,0.32,0.95,0.86,0.979,0.92,0.34705882352941175,0.02653877238368634,0.21554605057325388,1.5769150297430754,-17.69581276948049,0.32,0.97,0.86,0.979,0.92,0.05672502517700195,51.88250836069266,500.0,True,0.295
ANME2d,rev2_minus,0.32,0.95,0.86,0.979,0.92,0.3529411764705882,0.02617969397136971,0.21268740575974518,1.4799104507198548,-17.677338899923313,0.32,0.97,0.86,0.979,0.92,0.05672502517700195,51.88250836069266,500.0,True,0.295
ANME2d,rev2_minus,0.32,0.95,0.86,0.979,0.92,0.3588235294117647,0.025825167817614875,0.20986074458082604,1.3861951204658207,-17.651844814214552,0.32,0.97,0.86,0.979,0.92,0.05672502517700195,51.88250836069266,500.0,True,0.295
ANME2d,rev2_minus,0.32,0.95,0.86,0.979,0.92,0.36470588235294116,0.025475065671428408,0.20706517032061367,1.2956531317673867,-17.619629636086056,0.32,0.97,0.86,0.979,0.92,0.05672502517700195,51.88250836069266,500.0,True,0.295
ANME2d,rev2_minus,0.32,0.95,0.86,0.979,0.92,0.37058823529411766,0.025129264210979444,0.20429982011639483,1.208172626508293,-17.58098597787588,0.32,0.97,0.86,0.979,0.92,0.05672502517700195,51.88250836069266,500.0,True,0.295
ANME2d,rev2_minus,0.32,0.95,0.86,0.979,0.92,0.3764705882352941,0.02478764217272813,0.20156383950761467,1.1236431415074233,-17.536204425419704,0.32,0.97,0.86,0.979,0.92,0.05672502517700195,51.88250836069266,500.0,True,0.295
ANME2d,rev2_minus,0.32,0.95,0.86,0.979,0.92,0.38235294117647056,0.024450086438615466,0.1988564385576341,1.0419636159847816,-17.48554755411134,0.32,0.97,0.86,0.979,0.92,0.05672502517700195,51.88250836069266,500.0,True,0.295
ANME2d,rev2_minus,0.32,0.95,0.86,0.979,0.92,0.388235294117647,0.024116498861383437,0.19617695546590827,0.9630517441952523,-17.42921820306061,0.32,0.97,0.86,0.979,0.92,0.05672502517700195,51.88250836069266,500.0,True,0.295
ANME2d,rev2_minus,0.32,0.95,0.86,0.979,0.92,0.3941176470588235,0.023786777188551943,0.1935246825083981,0.8868187213209062,-17.367442285903156,0.32,0.97,0.86,0.979,0.92,0.05672502517700195,51.88250836069266,500.0,True,0.295
ANME2d,rev2_minus,0.32,0.95,0.86,0.979,0.92,0.4,0.023460819920240038,0.19089891064375492,0.8131755576893626,-17.300448589006876,0.32,0.97,0.86,0.979,0.92,0.05672502517700195,51.88250836069266,500.0,True,0.295
ANME2d,rev2_minus,0.32,0.95,0.86,0.979,0.92,0.40588235294117647,0.02313853002989811,0.1882989639833413,0.7420380288798384,-17.228452530721558,0.32,0.97,0.86,0.979,0.92,0.05672502517700195,51.88250836069266,500.0,True,0.295
ANME2d,rev2_minus,0.32,0.95,0.86,0.979,0.92,0.4117647058823529,0.022819814643164498,0.18572419733959872,0.6733263151815999,-17.15165717401957,0.32,0.97,0.86,0.979,0.92,0.05672502517700195,51.88250836069266,500.0,True,0.295
ANME2d,rev2_minus,0.32,0.95,0.86,0.979,0.92,0.41764705882352937,0.022504578135682445,0.1831739282186407,0.6069553929345871,-17.070283814000717,0.32,0.97,0.86,0.979,0.92,0.05672502517700195,51.88250836069266,500.0,True,0.295
ANME2d,rev2_minus,0.32,0.95,0.86,0.979,0.92,0.4235294117647059,0.02219273980973047,0.18064761307730456,0.5428598020124442,-16.984493193097823,0.32,0.97,0.86,0.979,0.92,0.05672502517700195,51.88250836069266,500.0,True,0.295
ANME2d,rev2_minus,0.32,0.95,0.86,0.979,0.92,0.4294117647058823,0.021884224180447855,0.17814475186860224,0.4809803615539043,-16.8944267620412,0.32,0.97,0.86,0.979,0.92,0.05672502517700195,51.88250836069266,500.0,True,0.295
ANME2d,rev2_minus,0.32,0.95,0.86,0.979,0.92,0.43529411764705883,0.021578952373433442,0.17566480276716584,0.42125206800768056,-16.800245602176084,0.32,0.97,0.86,0.979,0.92,0.05672502517700195,51.88250836069266,500.0,True,0.295
ANME2d,rev2_minus,0.32,0.95,0.86,0.979,0.92,0.4411764705882353,0.02127684650929308,0.17320722598151864,0.3636101710706394,-16.70211145989784,0.32,0.97,0.86,0.979,0.92,0.05672502517700195,51.88250836069266,500.0,True,0.295
ANME2d,rev2_minus,0.32,0.95,0.86,0.979,0.92,0.44705882352941173,0.020977831735185568,0.17077150439669864,0.307993068458311,-16.600177470688834,0.32,0.97,0.86,0.979,0.92,0.05672502517700195,51.88250836069266,500.0,True,0.295
ANME2d,rev2_minus,0.32,0.95,0.86,0.979,0.92,0.45294117647058824,0.02068183602713083,0.1683571420444075,0.25434208740670605,-16.494588760463497,0.32,0.97,0.86,0.979,0.92,0.05672502517700195,51.88250836069266,500.0,True,0.295
ANME2d,rev2_minus,0.32,0.95,0.86,0.979,0.92,0.4588235294117647,0.020388785443643205,0.16596361132064982,0.20259393648943957,-16.38550651178359,0.32,0.97,0.86,0.979,0.92,0.05672502517700195,51.88250836069266,500.0,True,0.295
ANME2d,rev2_minus,0.32,0.95,0.86,0.979,0.92,0.4647058823529412,0.020098617740917635,0.16359050666776814,0.1527026365017766,-16.273037991563243,0.32,0.97,0.86,0.979,0.92,0.05672502517700195,51.88250836069266,500.0,True,0.295
ANME2d,rev2_minus,0.32,0.95,0.86,0.979,0.92,0.47058823529411764,0.019811271507138913,0.16123742319881837,0.10462226997524676,-16.15729101711475,0.32,0.97,0.86,0.979,0.92,0.05672502517700195,51.88250836069266,500.0,True,0.295
ANME2d,rev2_minus,0.32,0.95,0.86,0.979,0.92,0.4764705882352941,0.0195266834008564,0.1589039259954144,0.05830255382319889,-16.038388280109785,0.32,0.97,0.86,0.979,0.92,0.05672502517700195,51.88250836069266,500.0,True,0.295
ANME2d,rev2_minus,0.32,0.95,0.86,0.979,0.92,0.48235294117647054,0.019244792138468324,0.15658959526914135,0.013695241972131747,-15.916447140463035,0.32,0.97,0.86,0.979,0.92,0.05672502517700195,51.88250836069266,500.0,True,0.295
ANME2d,rev2_minus,0.32,0.95,0.86,0.979,0.92,0.48823529411764705,0.018965538518905256,0.15429402708802664,-0.029245768557605013,-15.791579218540896,0.32,0.97,0.86,0.979,0.92,0.05672502517700195,51.88250836069266,500.0,True,0.295
ANME2d,rev2_minus,0.32,0.95,0.86,0.979,0.92,0.49411764705882355,0.018688864758593084,0.15201682506774875,-0.0705656198285594,-15.663893973045315,0.32,0.97,0.86,0.979,0.92,0.05672502517700195,51.88250836069266,500.0,True,0.295
ANME2d,rev2_minus,0.32,0.95,0.86,0.979,0.92,0.5,0.018414714953032815,0.14975760723667286,-0.11030752546326979,-15.53349577961452,0.32,0.97,0.86,0.979,0.92,0.05672502517700195,51.88250836069266,500.0,True,0.295
ANME2d,rev2_minus,0.32,0.95,0.86,0.979,0.92,0.5058823529411764,0.01814303681935014,0.14751603035756802,-0.14850927940050496,-15.400473023230067,0.32,0.97,0.86,0.979,0.92,0.05672502517700195,51.88250836069266,500.0,True,0.295
ANME2d,rev2_minus,0.32,0.95,0.86,0.979,0.92,0.5117647058823529,0.017873779056037393,0.1452917547268066,-0.1852082663887043,-15.264913391211305,0.32,0.97,0.86,0.979,0.92,0.05672502517700195,51.88250836069266,500.0,True,0.295
ANME2d,rev2_minus,0.32,0.95,0.86,0.979,0.92,0.5176470588235293,0.01760689080431122,0.14308443732492165,-0.22044245759786732,-15.126907037504413,0.32,0.97,0.86,0.979,0.92,0.05672502517700195,51.88250836069266,500.0,True,0.295
ANME2d,rev2_minus,0.32,0.95,0.86,0.979,0.92,0.5235294117647058,0.017342322551565946,0.14089374235793517,-0.2542489448031038,-14.986541976897097,0.32,0.97,0.86,0.979,0.92,0.05672502517700195,51.88250836069266,500.0,True,0.295
ANME2d,rev2_minus,0.32,0.95,0.86,0.979,0.92,0.5294117647058824,0.01708002642221369,0.13871935062405358,-0.2866625371843624,-14.843900081961458,0.32,0.97,0.86,0.979,0.92,0.05672502517700195,51.88250836069266,500.0,True,0.295
ANME2d,rev2_minus,0.32,0.95,0.86,0.979,0.92,0.5352941176470588,0.0168199561334051,0.13656095984866531,-0.31771569697547336,-14.699056811921599,0.32,0.97,0.86,0.979,0.92,0.05672502517700195,51.88250836069266,500.0,True,0.295
ANME2d,rev2_minus,0.32,0.95,0.86,0.979,0.92,0.5411764705882353,0.016562066432106896,0.13441827098073117,-0.34744058304139946,-14.552087067189818,0.32,0.97,0.86,0.979,0.92,0.05672502517700195,51.88250836069266,500.0,True,0.295
ANME2d,rev2_minus,0.32,0.95,0.86,0.979,0.92,0.5470588235294118,0.016306313093895446,0.13229098941825743,-0.3758688711358062,-14.403064744324052,0.32,0.97,0.86,0.979,0.92,0.05672502517700195,51.88250836069266,500.0,True,0.295
ANME2d,rev2_minus,0.32,0.95,0.86,0.979,0.92,0.5529411764705883,0.016052653187380896,0.13017882565224576,-0.4030317147102109,-14.252062394109597,0.32,0.97,0.86,0.979,0.92,0.05672502517700195,51.88250836069266,500.0,True,0.295
ANME2d,rev2_minus,0.32,0.95,0.86,0.979,0.92,0.5588235294117647,0.015801044690433037,0.12808150583678754,-0.42895800495542724,-14.099146846260497,0.32,0.97,0.86,0.979,0.92,0.05672502517700195,51.88250836069266,500.0,True,0.295
ANME2d,rev2_minus,0.32,0.95,0.86,0.979,0.92,0.5647058823529412,0.01555144650962739,0.12599876864278456,-0.4536748696348262,-13.944380420089434,0.32,0.97,0.86,0.979,0.92,0.05672502517700195,51.88250836069266,500.0,True,0.295
ANME2d,rev2_minus,0.32,0.95,0.86,0.979,0.92,0.5705882352941176,0.015303818743819088,0.12393035380634412,-0.4772095353645364,-13.78782565851934,0.32,0.97,0.86,0.979,0.92,0.05672502517700195,51.88250836069266,500.0,True,0.295
ANME2d,rev2_minus,0.32,0.95,0.86,0.979,0.92,0.5764705882352941,0.01505812250081393,0.12187600622219223,-0.49958865242009726,-13.629543699376399,0.32,0.97,0.86,0.979,0.92,0.05672502517700195,51.88250836069266,500.0,True,0.295
ANME2d,rev2_minus,0.32,0.95,0.86,0.979,0.92,0.5823529411764705,0.014814320217694556,0.11983547472594139,-0.5208385616804515,-13.46959473726324,0.32,0.97,0.86,0.979,0.92,0.05672502517700195,51.88250836069266,500.0,True,0.295
ANME2d,rev2_minus,0.32,0.95,0.86,0.979,0.92,0.588235294117647,0.014572374399846846,0.11780852176061757,-0.5409834978719743,-13.308034100919942,0.32,0.97,0.86,0.979,0.92,0.05672502517700195,51.88250836069266,500.0,True,0.295
ANME2d,rev2_minus,0.32,0.95,0.86,0.979,0.92,0.5941176470588235,0.014332247952517816,0.11579491991886964,-0.5600462087441103,-13.144913588588631,0.32,0.97,0.86,0.979,0.92,0.05672502517700195,51.88250836069266,500.0,True,0.295
ANME2d,rev2_minus,0.32,0.95,0.86,0.979,0.92,0.6,0.014093905391138063,0.1137944412248919,-0.5780499123298845,-12.980285803581905,0.32,0.97,0.86,0.979,0.92,0.05672502517700195,51.88250836069266,500.0,True,0.295
ANME2d,rev2_minus,0.32,0.95,0.86,0.979,0.92,0.6058823529411765,0.013857312031032019,0.1118068632196952,-0.5950171644850941,-12.814201739941916,0.32,0.97,0.86,0.979,0.92,0.05672502517700195,51.88250836069266,500.0,True,0.295
ANME2d,rev2_minus,0.32,0.95,0.86,0.979,0.92,0.611764705882353,0.01362243438850216,0.10983196716143277,-0.6109702376755375,-12.646711522996819,0.32,0.97,0.86,0.979,0.92,0.05672502517700195,51.88250836069266,500.0,True,0.295
ANME2d,rev2_minus,0.32,0.95,0.86,0.979,0.92,0.6176470588235294,0.013389238548132601,0.10786954499365949,-0.6259296533560913,-12.47786150827633,0.32,0.97,0.86,0.979,0.92,0.05672502517700195,51.88250836069266,500.0,True,0.295
ANME2d,rev2_minus,0.32,0.95,0.86,0.979,0.92,0.6235294117647059,0.013157690564549919,0.10591939709623449,-0.6399146307574449,-12.307695163474186,0.32,0.97,0.86,0.979,0.92,0.05672502517700195,51.88250836069266,500.0,True,0.295
ANME2d,rev2_minus,0.32,0.95,0.86,0.979,0.92,0.6294117647058823,0.01292775841877126,0.10398132297235853,-0.6529450025530394,-12.136256913344322,0.32,0.97,0.86,0.979,0.92,0.05672502517700195,51.88250836069266,500.0,True,0.295
ANME2d,rev2_minus,0.32,0.95,0.86,0.979,0.92,0.6352941176470588,0.0126994106354519,0.10205512732859313,-0.6650399424709263,-11.963589645163644,0.32,0.97,0.86,0.979,0.92,0.05672502517700195,51.88250836069266,500.0,True,0.295
ANME2d,rev2_minus,0.32,0.95,0.86,0.979,0.92,0.6411764705882352,0.01247261628337486,0.10014061974232027,-0.6762180196471852,-11.789734831280972,0.32,0.97,0.86,0.979,0.92,0.05672502517700195,51.88250836069266,500.0,True,0.295
ANME2d,rev2_minus,0.32,0.95,0.86,0.979,0.92,0.6470588235294117,0.012247344185859583,0.09823761664366397,-0.6864967161657384,-11.614731725252241,0.32,0.97,0.86,0.979,0.92,0.05672502517700195,51.88250836069266,500.0,True,0.295
ANME2d,rev2_minus,0.32,0.95,0.86,0.979,0.92,0.6529411764705881,0.012023563360760403,0.09634593974990288,-0.6958927727457773,-11.438617957559037,0.32,0.97,0.86,0.979,0.92,0.05672502517700195,51.88250836069266,500.0,True,0.295
ANME2d,rev2_minus,0.32,0.95,0.86,0.979,0.92,0.6588235294117647,0.011801244253308986,0.09446541253852347,-0.7044230171636531,-11.261430936719101,0.32,0.97,0.86,0.979,0.92,0.05672502517700195,51.88250836069266,500.0,True,0.295
ANME2d,rev2_minus,0.32,0.95,0.86,0.979,0.92,0.6647058823529411,0.0115803572046027,0.0925958635785868,-0.7121035005571543,-11.083206534262859,0.32,0.97,0.86,0.979,0.92,0.05672502517700195,51.88250836069266,500.0,True,0.295
ANME2d,rev2_minus,0.32,0.95,0.86,0.979,0.92,0.6705882352941177,0.011360872335435427,0.09073712648333242,-0.7189494814496439,-10.903979088711267,0.32,0.97,0.86,0.979,0.92,0.05672502517700195,51.88250836069266,500.0,True,0.295
ANME2d,rev2_minus,0.32,0.95,0.86,0.979,0.92,0.6764705882352942,0.011142761107217932,0.08888903739422774,-0.7249761781970913,-10.723782387617877,0.32,0.97,0.86,0.979,0.92,0.05672502517700195,51.88250836069266,500.0,True,0.295
ANME2d,rev2_minus,0.32,0.95,0.86,0.979,0.92,0.6823529411764706,0.010925995155028753,0.08705143636179323,-0.7301982865750006,-10.54264913064467,0.32,0.97,0.86,0.979,0.92,0.05672502517700195,51.88250836069266,500.0,True,0.295
ANME2d,rev2_minus,0.32,0.95,0.86,0.979,0.92,0.6882352941176471,0.01071054540279716,0.08522416806290073,-0.7346296694457729,-10.360610640879878,0.32,0.97,0.86,0.979,0.92,0.05672502517700195,51.88250836069266,500.0,True,0.295
ANME2d,rev2_minus,0.32,0.95,0.86,0.979,0.92,0.6941176470588235,0.010496383283898188,0.08340708054055317,-0.7382838360162569,-10.177697336865435,0.32,0.97,0.86,0.979,0.92,0.05672502517700195,51.88250836069266,500.0,True,0.295
ANME2d,rev2_minus,0.32,0.95,0.86,0.979,0.92,0.7,0.010283481711832519,0.08160002433805129,-0.7411742956876891,-9.993939066561124,0.32,0.97,0.86,0.979,0.92,0.05672502517700195,51.88250836069266,500.0,True,0.295
ANME2d,rev2_minus,0.32,0.95,0.86,0.979,0.92,0.7058823529411764,0.010071812789394109,0.07980285396183676,-0.7433138139060226,-9.809364546091482,0.32,0.97,0.86,0.979,0.92,0.05672502517700195,51.88250836069266,500.0,True,0.295
ANME2d,rev2_minus,0.32,0.95,0.86,0.979,0.92,0.7117647058823529,0.00986134708298951,0.07801542813115091,-0.7447142157104958,-9.624001255502925,0.32,0.97,0.86,0.979,0.92,0.05672502517700195,51.88250836069266,500.0,True,0.295
ANME2d,rev2_minus,0.32,0.95,0.86,0.979,0.92,0.7176470588235294,0.009652057814365084,0.07623760734305343,-0.7453877079029435,-9.437876353588674,0.32,0.97,0.86,0.979,0.92,0.05672502517700195,51.88250836069266,500.0,True,0.295
ANME2d,rev2_minus,0.32,0.95,0.86,0.979,0.92,0.7235294117647059,0.009443917687241288,0.07446925540897713,-0.7453459277191484,-9.251016098956818,0.32,0.97,0.86,0.979,0.92,0.05672502517700195,51.88250836069266,500.0,True,0.295
ANME2d,rev2_minus,0.32,0.95,0.86,0.979,0.92,0.7294117647058823,0.009236897619394953,0.07271023985665886,-0.7445996054812438,-9.063445685103778,0.32,0.97,0.86,0.979,0.92,0.05672502517700195,51.88250836069266,500.0,True,0.295
ANME2d,rev2_minus,0.32,0.95,0.86,0.979,0.92,0.7352941176470589,0.009030969437939119,0.07096043069918538,-0.7431593590233939,-8.875189705204214,0.32,0.97,0.86,0.979,0.92,0.05672502517700195,51.88250836069266,500.0,True,0.295
ANME2d,rev2_minus,0.32,0.95,0.86,0.979,0.92,0.7411764705882353,0.008826105681504796,0.06921970040564246,-0.7410356523366263,-8.68627216298436,0.32,0.97,0.86,0.979,0.92,0.05672502517700195,51.88250836069266,500.0,True,0.295
ANME2d,rev2_minus,0.32,0.95,0.86,0.979,0.92,0.7470588235294118,0.008622277790678878,0.06748792445909418,-0.738238316079387,-8.496716254431936,0.32,0.97,0.86,0.979,0.92,0.05672502517700195,51.88250836069266,500.0,True,0.295
ANME2d,rev2_minus,0.32,0.95,0.86,0.979,0.92,0.7529411764705882,0.008419455982628573,0.0657649813004121,-0.7347765365609402,-8.30654438137934,0.32,0.97,0.86,0.979,0.92,0.05672502517700195,51.88250836069266,500.0,True,0.295
ANME2d,rev2_minus,0.32,0.95,0.86,0.979,0.92,0.7588235294117647,0.008217611339993889,0.06405075153306489,-0.7306594365482317,-8.115778441098414,0.32,0.97,0.86,0.979,0.92,0.05672502517700195,51.88250836069266,500.0,True,0.295
ANME2d,rev2_minus,0.32,0.95,0.86,0.979,0.92,0.7647058823529411,0.008016713536790796,0.062345118481320294,-0.7258954985831477,-7.924439618698534,0.32,0.97,0.86,0.979,0.92,0.05672502517700195,51.88250836069266,500.0,True,0.295
ANME2d,rev2_minus,0.32,0.95,0.86,0.979,0.92,0.7705882352941176,0.007816732757078242,0.06064796769697376,-0.7204930630871366,-7.732548563011805,0.32,0.97,0.86,0.979,0.92,0.05672502517700195,51.88250836069266,500.0,True,0.295
ANME2d,rev2_minus,0.32,0.95,0.86,0.979,0.92,0.776470588235294,0.007617637869615464,0.05895918717606073,-0.7144599060081733,-7.540125306812017,0.32,0.97,0.86,0.979,0.92,0.05672502517700195,51.88250836069266,500.0,True,0.295
ANME2d,rev2_minus,0.32,0.95,0.86,0.979,0.92,0.7823529411764706,0.007419396934738934,0.057278667245926736,-0.7078033699963594,-7.347189301168982,0.32,0.97,0.86,0.979,0.92,0.05672502517700195,51.88250836069266,500.0,True,0.295
ANME2d,rev2_minus,0.32,0.95,0.86,0.979,0.92,0.788235294117647,0.007221978361217159,0.05560630030644095,-0.700530655934025,-7.153759505547835,0.32,0.97,0.86,0.979,0.92,0.05672502517700195,51.88250836069266,500.0,True,0.295
ANME2d,rev2_minus,0.32,0.95,0.86,0.979,0.92,0.7941176470588236,0.007025347361357761,0.053941981139087075,-0.6926480375745091,-6.959854278569043,0.32,0.97,0.86,0.979,0.92,0.05672502517700195,51.88250836069266,500.0,True,0.295
ANME2d,rev2_minus,0.32,0.95,0.86,0.979,0.92,0.8,0.006829470457090414,0.052285606432369576,-0.6841618805247505,-6.765491536529283,0.32,0.97,0.86,0.979,0.92,0.05672502517700195,51.88250836069266,500.0,True,0.295
ANME2d,rev2_minus,0.32,0.95,0.86,0.979,0.92,0.8058823529411765,0.006634311408618394,0.05063707502619754,-0.675077768742457,-6.5706886701686695,0.32,0.97,0.86,0.979,0.92,0.05672502517700195,51.88250836069266,500.0,True,0.295
ANME2d,rev2_minus,0.32,0.95,0.86,0.979,0.92,0.8117647058823529,0.00643983249923995,0.0489962877634813,-0.6654008044698823,-6.375462592045172,0.32,0.97,0.86,0.979,0.92,0.05672502517700195,51.88250836069266,500.0,True,0.295
ANME2d,rev2_minus,0.32,0.95,0.86,0.979,0.92,0.8176470588235294,0.006245995686375063,0.047363147335716706,-0.6551358749775003,-6.179829788479788,0.32,0.97,0.86,0.979,0.92,0.05672502517700195,51.88250836069266,500.0,True,0.295
ANME2d,rev2_minus,0.32,0.95,0.86,0.979,0.92,0.8235294117647058,0.00605275876913279,0.04573755844843573,-0.644286862225435,-5.983806262602202,0.32,0.97,0.86,0.979,0.92,0.05672502517700195,51.88250836069266,500.0,True,0.295
ANME2d,rev2_minus,0.32,0.95,0.86,0.979,0.92,0.8294117647058823,0.00586007889116998,0.04411942756508692,-0.6328574071695839,-5.787407614386587,0.32,0.97,0.86,0.979,0.92,0.05672502517700195,51.88250836069266,500.0,True,0.295
ANME2d,rev2_minus,0.32,0.95,0.86,0.979,0.92,0.8352941176470587,0.0056679100175046435,0.04250866296867135,-0.6208504049758228,-5.590649021567579,0.32,0.97,0.86,0.979,0.92,0.05672502517700195,51.88250836069266,500.0,True,0.295
ANME2d,rev2_minus,0.32,0.95,0.86,0.979,0.92,0.8411764705882352,0.005476203794533659,0.04090517466049191,-0.6082682119913695,-5.3935452710806056,0.32,0.97,0.86,0.979,0.92,0.05672502517700195,51.88250836069266,500.0,True,0.295
ANME2d,rev2_minus,0.32,0.95,0.86,0.979,0.92,0.8470588235294116,0.005284908967432461,0.03930887434063228,-0.5951125453526216,-5.196110763634722,0.32,0.97,0.86,0.979,0.92,0.05672502517700195,51.88250836069266,500.0,True,0.295
ANME2d,rev2_minus,0.32,0.95,0.86,0.979,0.92,0.8529411764705883,0.00509396979944921,0.03771967537125475,-0.5813842054417695,-4.998359527765693,0.32,0.97,0.86,0.979,0.92,0.05672502517700195,51.88250836069266,500.0,True,0.295
ANME2d,rev2_minus,0.32,0.95,0.86,0.979,0.92,0.8588235294117648,0.004903328129233835,0.036137492701404324,-0.5670835018740326,-4.800305238216123,0.32,0.97,0.86,0.979,0.92,0.05672502517700195,51.88250836069266,500.0,True,0.295
ANME2d,rev2_minus,0.32,0.95,0.86,0.979,0.92,0.8647058823529412,0.004712918827737313,0.03456224287471805,-0.5522094125389992,-4.601961220816364,0.32,0.97,0.86,0.979,0.92,0.05672502517700195,51.88250836069266,500.0,True,0.295
ANME2d,rev2_minus,0.32,0.95,0.86,0.979,0.92,0.8705882352941177,0.004522673597428813,0.03299384393323975,-0.5367603538425026,-4.403340475001767,0.32,0.97,0.86,0.979,0.92,0.05672502517700195,51.88250836069266,500.0,True,0.295
ANME2d,rev2_minus,0.32,0.95,0.86,0.979,0.92,0.8764705882352941,0.004332515309172338,0.03143221543110194,-0.5207331440607662,-4.204455678733051,0.32,0.97,0.86,0.979,0.92,0.05672502517700195,51.88250836069266,500.0,True,0.295
ANME2d,rev2_minus,0.32,0.95,0.86,0.979,0.92,0.8823529411764706,0.004142360410623253,0.029877278358619367,-0.504123517296864,-4.005319205843369,0.32,0.97,0.86,0.979,0.92,0.05672502517700195,51.88250836069266,500.0,True,0.295
ANME2d,rev2_minus,0.32,0.95,0.86,0.979,0.92,0.888235294117647,0.003952116927797207,0.028328955114407996,-0.4869257988044528,-3.805943137730098,0.32,0.97,0.86,0.979,0.92,0.05672502517700195,51.88250836069266,500.0,True,0.295
ANME2d,rev2_minus,0.32,0.95,0.86,0.979,0.92,0.8941176470588235,0.0037616840618559318,0.026787169468244304,-0.4691328808564952,-3.606339274233492,0.32,0.97,0.86,0.979,0.92,0.05672502517700195,51.88250836069266,500.0,True,0.295
ANME2d,rev2_minus,0.32,0.95,0.86,0.979,0.92,0.8999999999999999,0.003570948213529722,0.025251846529482716,-0.45073557289157595,-3.406519150737647,0.32,0.97,0.86,0.979,0.92,0.05672502517700195,51.88250836069266,500.0,True,0.295
ANME2d,rev2_minus,0.32,0.95,0.86,0.979,0.92,0.9058823529411764,0.003379782391350116,0.02372291270621514,-0.4317225782967342,-3.206494050432727,0.32,0.97,0.86,0.979,0.92,0.05672502517700195,51.88250836069266,500.0,True,0.295
ANME2d,rev2_minus,0.32,0.95,0.86,0.979,0.92,0.911764705882353,0.0031880433113616394,0.022200295669985246,-0.4120800771118027,-3.0062750198018096,0.32,0.97,0.86,0.979,0.92,0.05672502517700195,51.88250836069266,500.0,True,0.295
ANME2d,rev2_minus,0.32,0.95,0.86,0.979,0.92,0.9176470588235295,0.0029955671427833192,0.020683924321248298,-0.39179108870037493,-2.8058728864579083,0.32,0.97,0.86,0.979,0.92,0.05672502517700195,51.88250836069266,500.0,True,0.295
ANME2d,rev2_minus,0.32,0.95,0.86,0.979,0.92,0.9235294117647059,0.002802167527665662,0.01917372875219991,-0.3708352555311685,-2.605298272808506,0.32,0.97,0.86,0.979,0.92,0.05672502517700195,51.88250836069266,500.0,True,0.295
ANME2d,rev2_minus,0.32,0.95,0.86,0.979,0.92,0.9294117647058824,0.0026076301505081586,0.017669640211921463,-0.34918805737562686,-2.4045616169704878,0.32,0.97,0.86,0.979,0.92,0.05672502517700195,51.88250836069266,500.0,True,0.295
ANME2d,rev2_minus,0.32,0.95,0.86,0.979,0.92,0.9352941176470588,0.002411706119806298,0.016171591065740686,-0.3268198804128445,-2.2036731964215703,0.32,0.97,0.86,0.979,0.92,0.05672502517700195,51.88250836069266,500.0,True,0.295
ANME2d,rev2_minus,0.32,0.95,0.86,0.979,0.92,0.9411764705882353,0.0022141032209349125,0.014679514755105313,-0.30369477613088786,-2.0026431543019902,0.32,0.97,0.86,0.979,0.92,0.05672502517700195,51.88250836069266,500.0,True,0.295
ANME2d,rev2_minus,0.32,0.95,0.86,0.979,0.92,0.9470588235294117,0.0020144770226212146,0.01319334575587993,-0.27976925149101234,-1.8014815327739995,0.32,0.97,0.86,0.979,0.92,0.05672502517700195,51.88250836069266,500.0,True,0.295
ANME2d,rev2_minus,0.32,0.95,0.86,0.979,0.92,0.9529411764705882,0.001812417070526496,0.011713019555704314,-0.2549903466411005,-1.600198300607193,0.32,0.97,0.86,0.979,0.92,0.05672502517700195,51.88250836069266,500.0,True,0.295
ANME2d,rev2_minus,0.32,0.95,0.86,0.979,0.92,0.9588235294117646,0.0016074263585811688,0.010238472518120677,-0.2292928631839641,-1.3988034297667944,0.32,0.97,0.86,0.979,0.92,0.05672502517700195,51.88250836069266,500.0,True,0.295
ANME2d,rev2_minus,0.32,0.95,0.86,0.979,0.92,0.9647058823529411,0.0013989051011868232,0.008769641929898996,-0.20259719860572808,-1.1973069088490225,0.32,0.97,0.86,0.979,0.92,0.05672502517700195,51.88250836069266,500.0,True,0.295
ANME2d,rev2_minus,0.32,0.95,0.86,0.979,0.92,0.9705882352941175,0.0011861128939341305,0.007306465864320496,-0.1748041628298902,-0.9957188594815052,0.32,0.97,0.86,0.979,0.92,0.05672502517700195,51.88250836069266,500.0,True,0.295
ANME2d,rev2_minus,0.32,0.95,0.86,0.979,0.92,0.9764705882352942,0.000968114175080547,0.0058488826927881234,-0.14578820302965118,-0.7940495971780607,0.32,0.97,0.86,0.979,0.92,0.05672502517700195,51.88250836069266,500.0,True,0.295
ANME2d,rev2_minus,0.32,0.95,0.86,0.979,0.92,0.9823529411764707,0.0007437065006836467,0.0043968250275563,-0.11539294154419488,-0.5923088914969882,0.32,0.97,0.86,0.979,0.92,0.05672502517700195,51.88250836069266,500.0,True,0.295
ANME2d,rev2_minus,0.32,0.95,0.86,0.979,0.92,0.9882352941176471,0.0005111946280147499,0.0029500923619985393,-0.08343878972608082,-0.39049018843106337,0.32,0.97,0.86,0.979,0.92,0.05672502517700195,51.88250836069266,500.0,True,0.295
ANME2d,rev2_minus,0.32,0.95,0.86,0.979,0.92,0.9941176470588236,0.0002671409413311123,0.001505605399889966,-0.04957199920131819,-0.18844621439679426,0.32,0.97,0.86,0.979,0.92,0.05672502517700195,51.88250836069266,500.0,True,0.295
ANME2d,rev2_minus,0.32,0.95,0.86,0.979,0.92,1.0,0.0,0.0,0.0,0.0,0.32,0.97,0.86,0.979,0.92,0.05672502517700195,51.88250836069266,500.0,True,0.295
ANME2d,rev3_plus,0.32,0.97,0.9,0.979,0.92,0.3,0.02860045024820828,0.24035507134644954,2.7229522727741595,-17.725740990369356,0.32,0.97,0.86,0.979,0.92,0.036862850189208984,51.88252520890453,500.0,True,0.295
ANME2d,rev3_plus,0.32,0.97,0.9,0.979,0.92,0.30588235294117644,0.028217766868904103,0.2372124056461845,2.58847595762427,-17.78436050562521,0.32,0.97,0.86,0.979,0.92,0.036862850189208984,51.88252520890453,500.0,True,0.295
ANME2d,rev3_plus,0.32,0.97,0.9,0.979,0.92,0.31176470588235294,0.027840511196093085,0.23410980869572132,2.4586154954693225,-17.83243162728675,0.32,0.97,0.86,0.979,0.92,0.036862850189208984,51.88252520890453,500.0,True,0.295
ANME2d,rev3_plus,0.32,0.97,0.9,0.979,0.92,0.3176470588235294,0.02746851541611633,0.23104603441062857,2.3331909265451203,-17.870440199953823,0.32,0.97,0.86,0.979,0.92,0.036862850189208984,51.88252520890453,500.0,True,0.295
ANME2d,rev3_plus,0.32,0.97,0.9,0.979,0.92,0.32352941176470584,0.02710161607824638,0.22801986516446893,2.212027047763829,-17.898861558528964,0.32,0.97,0.86,0.979,0.92,0.036862850189208984,51.88252520890453,500.0,True,0.295
ANME2d,rev3_plus,0.32,0.97,0.9,0.979,0.92,0.32941176470588235,0.026739652616112972,0.225030098308191,2.0949515198419695,-17.918166309582343,0.32,0.97,0.86,0.979,0.92,0.036862850189208984,51.88252520890453,500.0,True,0.295
ANME2d,rev3_plus,0.32,0.97,0.9,0.979,0.92,0.3352941176470588,0.02638247943018584,0.22207565684034666,1.9818120010385052,-17.92876179694481,0.32,0.97,0.86,0.979,0.92,0.036862850189208984,51.88252520890453,500.0,True,0.295
ANME2d,rev3_plus,0.32,0.97,0.9,0.979,0.92,0.3411764705882353,0.02602996771721254,0.2191556076841237,1.872479220317046,-17.930979706480738,0.32,0.97,0.86,0.979,0.92,0.036862850189208984,51.88252520890453,500.0,True,0.295
ANME2d,rev3_plus,0.32,0.97,0.9,0.979,0.92,0.34705882352941175,0.025681982343166425,0.21626895079054742,1.766813759787886,-17.92519041619087,0.32,0.97,0.86,0.979,0.92,0.036862850189208984,51.88252520890453,500.0,True,0.295
ANME2d,rev3_plus,0.32,0.97,0.9,0.979,0.92,0.3529411764705882,0.025338391528225822,0.21341470764876463,1.664679690380126,-17.91175680114435,0.32,0.97,0.86,0.979,0.92,0.036862850189208984,51.88252520890453,500.0,True,0.295
ANME2d,rev3_plus,0.32,0.97,0.9,0.979,0.92,0.3588235294117647,0.02499907007030022,0.2105919512370932,1.5659492053728048,-17.891018120508377,0.32,0.97,0.86,0.979,0.92,0.036862850189208984,51.88252520890453,500.0,True,0.295
ANME2d,rev3_plus,0.32,0.97,0.9,0.979,0.92,0.36470588235294116,0.02466389455742078,0.207799762093654,1.4704959135250708,-17.863312422743412,0.32,0.97,0.86,0.979,0.92,0.036862850189208984,51.88252520890453,500.0,True,0.295
ANME2d,rev3_plus,0.32,0.97,0.9,0.979,0.92,0.37058823529411766,0.024332748717116184,0.20503727841653085,1.378202298720305,-17.828951557811983,0.32,0.97,0.86,0.979,0.92,0.036862850189208984,51.88252520890453,500.0,True,0.295
ANME2d,rev3_plus,0.32,0.97,0.9,0.979,0.92,0.3764705882352941,0.024005536381031013,0.2023038181020542,1.2889784371655262,-17.788156249989637,0.32,0.97,0.86,0.979,0.92,0.036862850189208984,51.88252520890453,500.0,True,0.295
ANME2d,rev3_plus,0.32,0.97,0.9,0.979,0.92,0.38235294117647056,0.023682155333445542,0.1995986354978692,1.2027250034101087,-17.741181486116638,0.32,0.97,0.86,0.979,0.92,0.036862850189208984,51.88252520890453,500.0,True,0.295
ANME2d,rev3_plus,0.32,0.97,0.9,0.979,0.92,0.388235294117647,0.02336250343370755,0.19692097844709258,1.1193417573000226,-17.68828832067937,0.32,0.97,0.86,0.979,0.92,0.036862850189208984,51.88252520890453,500.0,True,0.295
ANME2d,rev3_plus,0.32,0.97,0.9,0.979,0.92,0.3941176470588235,0.023046483108042453,0.1942701304754957,1.0387338973712401,-17.629722297631986,0.32,0.97,0.86,0.979,0.92,0.036862850189208984,51.88252520890453,500.0,True,0.295
ANME2d,rev3_plus,0.32,0.97,0.9,0.979,0.92,0.4,0.02273399900922931,0.19164538787510713,0.960808673545158,-17.565724351150404,0.32,0.97,0.86,0.979,0.92,0.036862850189208984,51.88252520890453,500.0,True,0.295
ANME2d,rev3_plus,0.32,0.97,0.9,0.979,0.92,0.40588235294117647,0.022424958427015255,0.1890460642595554,0.8854759700343515,-17.49652911036747,0.32,0.97,0.86,0.979,0.92,0.036862850189208984,51.88252520890453,500.0,True,0.295
ANME2d,rev3_plus,0.32,0.97,0.9,0.979,0.92,0.4117647058823529,0.022119283645203658,0.18647161612723578,0.812666824330889,-17.422303557850793,0.32,0.97,0.86,0.979,0.92,0.036862850189208984,51.88252520890453,500.0,True,0.295
ANME2d,rev3_plus,0.32,0.97,0.9,0.979,0.92,0.41764705882352937,0.021816894256641264,0.18392146507156917,0.7423073246806656,-17.343232198335627,0.32,0.97,0.86,0.979,0.92,0.036862850189208984,51.88252520890453,500.0,True,0.295
ANME2d,rev3_plus,0.32,0.97,0.9,0.979,0.92,0.4235294117647059,0.021517709150660754,0.18139501799170124,0.674321463227559,-17.259508168817852,0.32,0.97,0.86,0.979,0.92,0.036862850189208984,51.88252520890453,500.0,True,0.295
ANME2d,rev3_plus,0.32,0.97,0.9,0.979,0.92,0.4294117647058823,0.021221650485983293,0.1788917075153273,0.6086370257431968,-17.17131403689741,0.32,0.97,0.86,0.979,0.92,0.036862850189208984,51.88252520890453,500.0,True,0.295
ANME2d,rev3_plus,0.32,0.97,0.9,0.979,0.92,0.43529411764705883,0.020928642740110977,0.17641098171816524,0.5451840725458361,-17.078826545244674,0.32,0.97,0.86,0.979,0.92,0.036862850189208984,51.88252520890453,500.0,True,0.295
ANME2d,rev3_plus,0.32,0.97,0.9,0.979,0.92,0.4411764705882353,0.020638611290566877,0.17395228822135353,0.48389256116863016,-16.982224313011518,0.32,0.97,0.86,0.979,0.92,0.036862850189208984,51.88252520890453,500.0,True,0.295
ANME2d,rev3_plus,0.32,0.97,0.9,0.979,0.92,0.44705882352941173,0.020351491330487404,0.17151517875450292,0.4247077662344,-16.88163817818046,0.32,0.97,0.86,0.979,0.92,0.036862850189208984,51.88252520890453,500.0,True,0.295
ANME2d,rev3_plus,0.32,0.97,0.9,0.979,0.92,0.45294117647058824,0.020067217869994342,0.16909919351971212,0.3675732895518867,-16.777205245368773,0.32,0.97,0.86,0.979,0.92,0.036862850189208984,51.88252520890453,500.0,True,0.295
ANME2d,rev3_plus,0.32,0.97,0.9,0.979,0.92,0.4588235294117647,0.01978572531775403,0.16670385669257226,0.31243033810231147,-16.66907147109187,0.32,0.97,0.86,0.979,0.92,0.036862850189208984,51.88252520890453,500.0,True,0.295
ANME2d,rev3_plus,0.32,0.97,0.9,0.979,0.92,0.4647058823529412,0.01950695045123878,0.1643287114213258,0.2592228434589634,-16.557375391878622,0.32,0.97,0.86,0.979,0.92,0.036862850189208984,51.88252520890453,500.0,True,0.295
ANME2d,rev3_plus,0.32,0.97,0.9,0.979,0.92,0.47058823529411764,0.01923083209172086,0.16197331591996786,0.20789688478054832,-16.44224982533983,0.32,0.97,0.86,0.979,0.92,0.036862850189208984,51.88252520890453,500.0,True,0.295
ANME2d,rev3_plus,0.32,0.97,0.9,0.979,0.92,0.4764705882352941,0.01895730951497835,0.1596372202322811,0.15839724383997444,-16.323832411346,0.32,0.97,0.86,0.979,0.92,0.036862850189208984,51.88252520890453,500.0,True,0.295
ANME2d,rev3_plus,0.32,0.97,0.9,0.979,0.92,0.48235294117647054,0.018686327992001883,0.15732005130038126,0.11067997779839124,-16.20222719839965,0.32,0.97,0.86,0.979,0.92,0.036862850189208984,51.88252520890453,500.0,True,0.295
ANME2d,rev3_plus,0.32,0.97,0.9,0.979,0.92,0.48823529411764705,0.018417833805714313,0.15502143822595518,0.0647014111092852,-16.07753790453759,0.32,0.97,0.86,0.979,0.92,0.036862850189208984,51.88252520890453,500.0,True,0.295
ANME2d,rev3_plus,0.32,0.97,0.9,0.979,0.92,0.49411764705882355,0.01815177293882752,0.15274099299287985,0.02041525991602962,-15.949876848846323,0.32,0.97,0.86,0.979,0.92,0.036862850189208984,51.88252520890453,500.0,True,0.295
ANME2d,rev3_plus,0.32,0.97,0.9,0.979,0.92,0.5,0.017888093102984046,0.15047834190380854,-0.022222747840071742,-15.819351012398814,0.32,0.97,0.86,0.979,0.92,0.036862850189208984,51.88252520890453,500.0,True,0.295
ANME2d,rev3_plus,0.32,0.97,0.9,0.979,0.92,0.5058823529411764,0.017626743637424204,0.14823312470981262,-0.0632549993206382,-15.686062379861268,0.32,0.97,0.86,0.979,0.92,0.036862850189208984,51.88252520890453,500.0,True,0.295
ANME2d,rev3_plus,0.32,0.97,0.9,0.979,0.92,0.5117647058823529,0.017367674591141715,0.1460049739104853,-0.10272515607805394,-15.550117313118324,0.32,0.97,0.86,0.979,0.92,0.036862850189208984,51.88252520890453,500.0,True,0.295
ANME2d,rev3_plus,0.32,0.97,0.9,0.979,0.92,0.5176470588235293,0.017110839055610876,0.14379357240684168,-0.14066934659603791,-15.411600412100997,0.32,0.97,0.86,0.979,0.92,0.036862850189208984,51.88252520890453,500.0,True,0.295
ANME2d,rev3_plus,0.32,0.97,0.9,0.979,0.92,0.5235294117647058,0.016856191476399045,0.14159861412536098,-0.17712215462965322,-15.270592068585003,0.32,0.97,0.86,0.979,0.92,0.036862850189208984,51.88252520890453,500.0,True,0.295
ANME2d,rev3_plus,0.32,0.97,0.9,0.979,0.92,0.5294117647058824,0.016603686573772574,0.13941977911316153,-0.21212042847209966,-15.127179834600797,0.32,0.97,0.86,0.979,0.92,0.036862850189208984,51.88252520890453,500.0,True,0.295
ANME2d,rev3_plus,0.32,0.97,0.9,0.979,0.92,0.5352941176470588,0.01635328031857502,0.137256758125688,-0.24569953846442527,-14.981447446567653,0.32,0.97,0.86,0.979,0.92,0.036862850189208984,51.88252520890453,500.0,True,0.295
ANME2d,rev3_plus,0.32,0.97,0.9,0.979,0.92,0.5411764705882353,0.01610492987139766,0.13510925220427933,-0.27789343671673666,-14.833474973002318,0.32,0.97,0.86,0.979,0.92,0.036862850189208984,51.88252520890453,500.0,True,0.295
ANME2d,rev3_plus,0.32,0.97,0.9,0.979,0.92,0.5470588235294118,0.015858593443651304,0.1329769646102855,-0.30873591685907575,-14.683342320489551,0.32,0.97,0.86,0.979,0.92,0.036862850189208984,51.88252520890453,500.0,True,0.295
ANME2d,rev3_plus,0.32,0.97,0.9,0.979,0.92,0.5529411764705883,0.015614230441289248,0.13085962083948421,-0.3382574685347227,-14.531120484498487,0.32,0.97,0.86,0.979,0.92,0.036862850189208984,51.88252520890453,500.0,True,0.295
ANME2d,rev3_plus,0.32,0.97,0.9,0.979,0.92,0.5588235294117647,0.015371801310478847,0.12875695831822148,-0.36648688197685764,-14.376875930805623,0.32,0.97,0.86,0.979,0.92,0.036862850189208984,51.88252520890453,500.0,True,0.295
ANME2d,rev3_plus,0.32,0.97,0.9,0.979,0.92,0.5647058823529412,0.015131267344892018,0.12666871186234843,-0.393453526193106,-14.22067695058657,0.32,0.97,0.86,0.979,0.92,0.036862850189208984,51.88252520890453,500.0,True,0.295
ANME2d,rev3_plus,0.32,0.97,0.9,0.979,0.92,0.5705882352941176,0.014892590883465154,0.12459462153539703,-0.4191861557328849,-14.062590290022378,0.32,0.97,0.86,0.979,0.92,0.036862850189208984,51.88252520890453,500.0,True,0.295
ANME2d,rev3_plus,0.32,0.97,0.9,0.979,0.92,0.5764705882352941,0.01465573489371804,0.1225344385969476,-0.44371187223775366,-13.902678578101293,0.32,0.97,0.86,0.979,0.92,0.036862850189208984,51.88252520890453,500.0,True,0.295
ANME2d,rev3_plus,0.32,0.97,0.9,0.979,0.92,0.5823529411764705,0.014420663014260678,0.12048792380245689,-0.46705640844181,-13.741001006946277,0.32,0.97,0.86,0.979,0.92,0.036862850189208984,51.88252520890453,500.0,True,0.295
ANME2d,rev3_plus,0.32,0.97,0.9,0.979,0.92,0.588235294117647,0.01418733992835586,0.11845484078972283,-0.4892452729785992,-13.577616170470762,0.32,0.97,0.86,0.979,0.92,0.036862850189208984,51.88252520890453,500.0,True,0.295
ANME2d,rev3_plus,0.32,0.97,0.9,0.979,0.92,0.5941176470588235,0.013955731364632268,0.11643495739383777,-0.5103035473913292,-13.412581515099554,0.32,0.97,0.86,0.979,0.92,0.036862850189208984,51.88252520890453,500.0,True,0.295
ANME2d,rev3_plus,0.32,0.97,0.9,0.979,0.92,0.6,0.013725803522721751,0.11442804908731426,-0.530255209000287,-13.24595188540708,0.32,0.97,0.86,0.979,0.92,0.036862850189208984,51.88252520890453,500.0,True,0.295
ANME2d,rev3_plus,0.32,0.97,0.9,0.979,0.92,0.6058823529411765,0.0134975226608595,0.1124339005538944,-0.5491227883817025,-13.077778831157524,0.32,0.97,0.86,0.979,0.92,0.036862850189208984,51.88252520890453,500.0,True,0.295
ANME2d,rev3_plus,0.32,0.97,0.9,0.979,0.92,0.611764705882353,0.013270855988188082,0.11045230072091898,-0.5669283712864345,-12.908112659101967,0.32,0.97,0.86,0.979,0.92,0.036862850189208984,51.88252520890453,500.0,True,0.295
ANME2d,rev3_plus,0.32,0.97,0.9,0.979,0.92,0.6176470588235294,0.013045771905519768,0.10848304136133573,-0.5836938804388484,-12.737003041230379,0.32,0.97,0.86,0.979,0.92,0.036862850189208984,51.88252520890453,500.0,True,0.295
ANME2d,rev3_plus,0.32,0.97,0.9,0.979,0.92,0.6235294117647059,0.012822239600329452,0.10652591916681493,-0.5994406541549234,-12.564498150225113,0.32,0.97,0.86,0.979,0.92,0.036862850189208984,51.88252520890453,500.0,True,0.295
ANME2d,rev3_plus,0.32,0.97,0.9,0.979,0.92,0.6294117647058823,0.01260022768222449,0.10458073905730433,-0.6141886068641518,-12.390643285551754,0.32,0.97,0.86,0.979,0.92,0.036862850189208984,51.88252520890453,500.0,True,0.295
ANME2d,rev3_plus,0.32,0.97,0.9,0.979,0.92,0.6352941176470588,0.012379704891769256,0.10264731196030555,-0.6279567513030304,-12.215481755417281,0.32,0.97,0.86,0.979,0.92,0.036862850189208984,51.88252520890453,500.0,True,0.295
ANME2d,rev3_plus,0.32,0.97,0.9,0.979,0.92,0.6411764705882352,0.01216064174671655,0.10072545008320666,-0.6407643346911578,-12.039056821974155,0.32,0.97,0.86,0.979,0.92,0.036862850189208984,51.88252520890453,500.0,True,0.295
ANME2d,rev3_plus,0.32,0.97,0.9,0.979,0.92,0.6470588235294117,0.011943009619347494,0.09881496960327192,-0.6526301982160385,-11.86141062206936,0.32,0.97,0.86,0.979,0.92,0.036862850189208984,51.88252520890453,500.0,True,0.295
ANME2d,rev3_plus,0.32,0.97,0.9,0.979,0.92,0.6529411764705881,0.011726779268699358,0.09691569304731902,-0.6635720607460024,-11.68258315864138,0.32,0.97,0.86,0.979,0.92,0.036862850189208984,51.88252520890453,500.0,True,0.295
ANME2d,rev3_plus,0.32,0.97,0.9,0.979,0.92,0.6588235294117647,0.011511920663716632,0.09502744936481203,-0.6736064709477767,-11.502612244620664,0.32,0.97,0.86,0.979,0.92,0.036862850189208984,51.88252520890453,500.0,True,0.295
ANME2d,rev3_plus,0.32,0.97,0.9,0.979,0.92,0.6647058823529411,0.011298405664193911,0.09315006885903236,-0.6827502391966304,-11.321535612615166,0.32,0.97,0.86,0.979,0.92,0.036862850189208984,51.88252520890453,500.0,True,0.295
ANME2d,rev3_plus,0.32,0.97,0.9,0.979,0.92,0.6705882352941177,0.011086206723758997,0.09128338545317259,-0.6910197737814275,-11.139389972369171,0.32,0.97,0.86,0.979,0.92,0.036862850189208984,51.88252520890453,500.0,True,0.295
ANME2d,rev3_plus,0.32,0.97,0.9,0.979,0.92,0.6764705882352942,0.010875296082390294,0.08942723761702086,-0.6984307530207305,-10.956210625747897,0.32,0.97,0.86,0.979,0.92,0.036862850189208984,51.88252520890453,500.0,True,0.295
ANME2d,rev3_plus,0.32,0.97,0.9,0.979,0.92,0.6823529411764706,0.010665645244171863,0.08758146883248268,-0.704997937943,-10.772031266525659,0.32,0.97,0.86,0.979,0.92,0.036862850189208984,51.88252520890453,500.0,True,0.295
ANME2d,rev3_plus,0.32,0.97,0.9,0.979,0.92,0.6882352941176471,0.010457226697502136,0.08574592532563989,-0.7107359248105202,-10.586884877261836,0.32,0.97,0.86,0.979,0.92,0.036862850189208984,51.88252520890453,500.0,True,0.295
ANME2d,rev3_plus,0.32,0.97,0.9,0.979,0.92,0.6941176470588235,0.010250013185596114,0.08392045660227956,-0.7156588949604353,-10.40080352131672,0.32,0.97,0.86,0.979,0.92,0.036862850189208984,51.88252520890453,500.0,True,0.295
ANME2d,rev3_plus,0.32,0.97,0.9,0.979,0.92,0.7,0.010043976824030907,0.082104916199502,-0.7197802993732764,-10.213818034541788,0.32,0.97,0.86,0.979,0.92,0.036862850189208984,51.88252520890453,500.0,True,0.295
ANME2d,rev3_plus,0.32,0.97,0.9,0.979,0.92,0.7058823529411764,0.009839090616921408,0.08029916045446647,-0.7231134024219427,-10.025958507684699,0.32,0.97,0.86,0.979,0.92,0.036862850189208984,51.88252520890453,500.0,True,0.295
ANME2d,rev3_plus,0.32,0.97,0.9,0.979,0.92,0.7117647058823529,0.009635327696055856,0.07850304879337748,-0.7256710637488296,-9.837254174476115,0.32,0.97,0.86,0.979,0.92,0.036862850189208984,51.88252520890453,500.0,True,0.295
ANME2d,rev3_plus,0.32,0.97,0.9,0.979,0.92,0.7176470588235294,0.009432660043268034,0.076716444331252,-0.7274653581050105,-9.647733168347612,0.32,0.97,0.86,0.979,0.92,0.036862850189208984,51.88252520890453,500.0,True,0.295
ANME2d,rev3_plus,0.32,0.97,0.9,0.979,0.92,0.7235294117647059,0.009231060495692016,0.0749392128593724,-0.728508193137045,-9.45742290772947,0.32,0.97,0.86,0.979,0.92,0.036862850189208984,51.88252520890453,500.0,True,0.295
ANME2d,rev3_plus,0.32,0.97,0.9,0.979,0.92,0.7294117647058823,0.009030502304704934,0.07317122285381852,-0.7288112088315294,-9.266350095522176,0.32,0.97,0.86,0.979,0.92,0.036862850189208984,51.88252520890453,500.0,True,0.295
ANME2d,rev3_plus,0.32,0.97,0.9,0.979,0.92,0.7352941176470589,0.008830957014796342,0.07141234614475009,-0.7283852015603975,-9.074540456407298,0.32,0.97,0.86,0.979,0.92,0.036862850189208984,51.88252520890453,500.0,True,0.295
ANME2d,rev3_plus,0.32,0.97,0.9,0.979,0.92,0.7411764705882353,0.008632396620648557,0.06966245715999092,-0.7272407298910044,-8.882019018509997,0.32,0.97,0.86,0.979,0.92,0.036862850189208984,51.88252520890453,500.0,True,0.295
ANME2d,rev3_plus,0.32,0.97,0.9,0.979,0.92,0.7470588235294118,0.008434793946579025,0.06792143267742297,-0.7253882376529581,-8.688810208900755,0.32,0.97,0.86,0.979,0.92,0.036862850189208984,51.88252520890453,500.0,True,0.295
ANME2d,rev3_plus,0.32,0.97,0.9,0.979,0.92,0.7529411764705882,0.008238119819569671,0.06618915247698166,-0.7228373329347145,-8.494937598984901,0.32,0.97,0.86,0.979,0.92,0.036862850189208984,51.88252520890453,500.0,True,0.295
ANME2d,rev3_plus,0.32,0.97,0.9,0.979,0.92,0.7588235294117647,0.008042344650128683,0.06446549888069716,-0.7195972153578388,-8.300424075278698,0.32,0.97,0.86,0.979,0.92,0.036862850189208984,51.88252520890453,500.0,True,0.295
ANME2d,rev3_plus,0.32,0.97,0.9,0.979,0.92,0.7647058823529411,0.007847439807159831,0.0627503563353479,-0.7156770429562422,-8.105292000731001,0.32,0.97,0.86,0.979,0.92,0.036862850189208984,51.88252520890453,500.0,True,0.295
ANME2d,rev3_plus,0.32,0.97,0.9,0.979,0.92,0.7705882352941176,0.007653374827544522,0.06104361190549947,-0.7110852545694542,-7.90956302115543,0.32,0.97,0.86,0.979,0.92,0.036862850189208984,51.88252520890453,500.0,True,0.295
ANME2d,rev3_plus,0.32,0.97,0.9,0.979,0.92,0.776470588235294,0.007460118108203014,0.05934515506740879,-0.7058297610553393,-7.713258136478667,0.32,0.97,0.86,0.979,0.92,0.036862850189208984,51.88252520890453,500.0,True,0.295
ANME2d,rev3_plus,0.32,0.97,0.9,0.979,0.92,0.7823529411764706,0.007267638190756261,0.05765487737614729,-0.6999182780940553,-7.5163978224596235,0.32,0.97,0.86,0.979,0.92,0.036862850189208984,51.88252520890453,500.0,True,0.295
ANME2d,rev3_plus,0.32,0.97,0.9,0.979,0.92,0.788235294117647,0.007075901680316297,0.055972672720154694,-0.6933578479584417,-7.319001934366445,0.32,0.97,0.86,0.979,0.92,0.036862850189208984,51.88252520890453,500.0,True,0.295
ANME2d,rev3_plus,0.32,0.97,0.9,0.979,0.92,0.7941176470588236,0.006884875509760477,0.054298436961096444,-0.6861553867046922,-7.121089836551639,0.32,0.97,0.86,0.979,0.92,0.036862850189208984,51.88252520890453,500.0,True,0.295
ANME2d,rev3_plus,0.32,0.97,0.9,0.979,0.92,0.8,0.00669452374277514,0.05263206818505974,-0.6783169750789968,-6.922680310362331,0.32,0.97,0.86,0.979,0.92,0.036862850189208984,51.88252520890453,500.0,True,0.295
ANME2d,rev3_plus,0.32,0.97,0.9,0.979,0.92,0.8058823529411765,0.006504810976277761,0.050973466362394186,-0.6698486368632998,-6.723791670634911,0.32,0.97,0.86,0.979,0.92,0.036862850189208984,51.88252520890453,500.0,True,0.295
ANME2d,rev3_plus,0.32,0.97,0.9,0.979,0.92,0.8117647058823529,0.006315698335857116,0.04932253353577071,-0.6607554846274402,-6.524441702055886,0.32,0.97,0.86,0.979,0.92,0.036862850189208984,51.88252520890453,500.0,True,0.295
ANME2d,rev3_plus,0.32,0.97,0.9,0.979,0.92,0.8176470588235294,0.006127146851482837,0.04767917358364405,-0.6510424638576778,-6.324647735474422,0.32,0.97,0.86,0.979,0.92,0.036862850189208984,51.88252520890453,500.0,True,0.295
ANME2d,rev3_plus,0.32,0.97,0.9,0.979,0.92,0.8235294117647058,0.005939114594664218,0.04604329227909876,-0.6407137696143851,-6.124426629836205,0.32,0.97,0.86,0.979,0.92,0.036862850189208984,51.88252520890453,500.0,True,0.295
ANME2d,rev3_plus,0.32,0.97,0.9,0.979,0.92,0.8294117647058823,0.005751557196066951,0.044414797219416456,-0.6297729779978425,-5.923794794072438,0.32,0.97,0.86,0.979,0.92,0.036862850189208984,51.88252520890453,500.0,True,0.295
ANME2d,rev3_plus,0.32,0.97,0.9,0.979,0.92,0.8352941176470587,0.005564428985921927,0.04279359771284886,-0.6182233071035111,-5.722768224692346,0.32,0.97,0.86,0.979,0.92,0.036862850189208984,51.88252520890453,500.0,True,0.295
ANME2d,rev3_plus,0.32,0.97,0.9,0.979,0.92,0.8411764705882352,0.005377678992396517,0.04117960486259529,-0.6060668237363315,-5.5213624791755045,0.32,0.97,0.86,0.979,0.92,0.036862850189208984,51.88252520890453,500.0,True,0.295
ANME2d,rev3_plus,0.32,0.97,0.9,0.979,0.92,0.8470588235294116,0.005191254074342368,0.03957273140075358,-0.593305115189892,-5.31959272664919,0.32,0.97,0.86,0.979,0.92,0.036862850189208984,51.88252520890453,500.0,True,0.295
ANME2d,rev3_plus,0.32,0.97,0.9,0.979,0.92,0.8529411764705883,0.005005097889542305,0.037972891680857955,-0.5799391058265487,-5.117473750375917,0.32,0.97,0.86,0.979,0.92,0.036862850189208984,51.88252520890453,500.0,True,0.295
ANME2d,rev3_plus,0.32,0.97,0.9,0.979,0.92,0.8588235294117648,0.004819148468520415,0.03638000166036321,-0.5659686098267074,-4.915019957288289,0.32,0.97,0.86,0.979,0.92,0.036862850189208984,51.88252520890453,500.0,True,0.295
ANME2d,rev3_plus,0.32,0.97,0.9,0.979,0.92,0.8647058823529412,0.004633340851911856,0.034793978817653635,-0.5513928829026384,-4.712245398830168,0.32,0.97,0.86,0.979,0.92,0.036862850189208984,51.88252520890453,500.0,True,0.295
ANME2d,rev3_plus,0.32,0.97,0.9,0.979,0.92,0.8705882352941177,0.004447602643737204,0.03321474215594135,-0.5362097954709467,-4.509163777474639,0.32,0.97,0.86,0.979,0.92,0.036862850189208984,51.88252520890453,500.0,True,0.295
ANME2d,rev3_plus,0.32,0.97,0.9,0.979,0.92,0.8764705882352941,0.004261855566249959,0.03164221213464719,-0.5204161797954884,-4.305788464900838,0.32,0.97,0.86,0.979,0.92,0.036862850189208984,51.88252520890453,500.0,True,0.295
ANME2d,rev3_plus,0.32,0.97,0.9,0.979,0.92,0.8823529411764706,0.004076014428422,0.03007631063795728,-0.5040076778602501,-4.102132513321495,0.32,0.97,0.86,0.979,0.92,0.036862850189208984,51.88252520890453,500.0,True,0.295
ANME2d,rev3_plus,0.32,0.97,0.9,0.979,0.92,0.888235294117647,0.0038899834439282536,0.02851696094868477,-0.48697810908463407,-3.898208670609451,0.32,0.97,0.86,0.979,0.92,0.036862850189208984,51.88252520890453,500.0,True,0.295
ANME2d,rev3_plus,0.32,0.97,0.9,0.979,0.92,0.8941176470588235,0.003703657112043803,0.026964087698945045,-0.4693197051479441,-3.6940293923889773,0.32,0.97,0.86,0.979,0.92,0.036862850189208984,51.88252520890453,500.0,True,0.295
ANME2d,rev3_plus,0.32,0.97,0.9,0.979,0.92,0.8999999999999999,0.003516918146750373,0.02541761683627432,-0.4510227995904152,-3.4896068562983915,0.32,0.97,0.86,0.979,0.92,0.036862850189208984,51.88252520890453,500.0,True,0.295
ANME2d,rev3_plus,0.32,0.97,0.9,0.979,0.92,0.9058823529411764,0.003329635515059895,0.02387747558943985,-0.4320755456542192,-3.2849529757922666,0.32,0.97,0.86,0.979,0.92,0.036862850189208984,51.88252520890453,500.0,True,0.295
ANME2d,rev3_plus,0.32,0.97,0.9,0.979,0.92,0.911764705882353,0.0031416619974188992,0.022343592433545473,-0.41246356353897307,-3.0800794151530035,0.32,0.97,0.86,0.979,0.92,0.036862850189208984,51.88252520890453,500.0,True,0.295
ANME2d,rev3_plus,0.32,0.97,0.9,0.979,0.92,0.9176470588235295,0.002952829452220447,0.02081589705439855,-0.392169210235793,-2.874997609754889,0.32,0.97,0.86,0.979,0.92,0.036862850189208984,51.88252520890453,500.0,True,0.295
ANME2d,rev3_plus,0.32,0.97,0.9,0.979,0.92,0.9235294117647059,0.002762945573109189,0.01929432031148693,-0.3711711469286056,-2.669718783152654,0.32,0.97,0.86,0.979,0.92,0.036862850189208984,51.88252520890453,500.0,True,0.295
ANME2d,rev3_plus,0.32,0.97,0.9,0.979,0.92,0.9294117647058824,0.0025717895986532846,0.017778794202204674,-0.34944375397724226,-2.4642539653945925,0.32,0.97,0.86,0.979,0.92,0.036862850189208984,51.88252520890453,500.0,True,0.295
ANME2d,rev3_plus,0.32,0.97,0.9,0.979,0.92,0.9352941176470588,0.0023791060456227527,0.016269251828061732,-0.3269562195206136,-2.2586140137232302,0.32,0.97,0.86,0.979,0.92,0.036862850189208984,51.88252520890453,500.0,True,0.295
ANME2d,rev3_plus,0.32,0.97,0.9,0.979,0.92,0.9411764705882353,0.0021845971539202562,0.014765627350360447,-0.3036714645894925,-2.0528096425385516,0.32,0.97,0.86,0.979,0.92,0.036862850189208984,51.88252520890453,500.0,True,0.295
ANME2d,rev3_plus,0.32,0.97,0.9,0.979,0.92,0.9470588235294117,0.0019879115398995137,0.013267855921865144,-0.27954452765395277,-1.84685147754087,0.32,0.97,0.86,0.979,0.92,0.036862850189208984,51.88252520890453,500.0,True,0.295
ANME2d,rev3_plus,0.32,0.97,0.9,0.979,0.92,0.9529411764705882,0.0017886304702192247,0.011775873746673292,-0.2545205405285186,-1.6407500170833076,0.32,0.97,0.86,0.979,0.92,0.036862850189208984,51.88252520890453,500.0,True,0.295
ANME2d,rev3_plus,0.32,0.97,0.9,0.979,0.92,0.9588235294117646,0.001586249035441306,0.010289617833610955,-0.22853217766634226,-1.4345158208589315,0.32,0.97,0.86,0.979,0.92,0.036862850189208984,51.88252520890453,500.0,True,0.295
ANME2d,rev3_plus,0.32,0.97,0.9,0.979,0.92,0.9647058823529411,0.001380161271921837,0.008809026143218318,-0.20149765154559252,-1.2281594214090907,0.32,0.97,0.86,0.979,0.92,0.036862850189208984,51.88252520890453,500.0,True,0.295
ANME2d,rev3_plus,0.32,0.97,0.9,0.979,0.92,0.9705882352941175,0.001169623496371459,0.007334037406668878,-0.17331546965601521,-1.0216914875219085,0.32,0.97,0.86,0.979,0.92,0.036862850189208984,51.88252520890453,500.0,True,0.295
ANME2d,rev3_plus,0.32,0.97,0.9,0.979,0.92,0.9764705882352942,0.0009536972459624493,0.005864591000940866,-0.14385621801547105,-0.8151229588462446,0.32,0.97,0.86,0.979,0.92,0.036862850189208984,51.88252520890453,500.0,True,0.295
ANME2d,rev3_plus,0.32,0.97,0.9,0.979,0.92,0.9823529411764707,0.0007312000328205953,0.0044006268408506525,-0.11295635508346857,-0.6084651451767653,0.32,0.97,0.86,0.979,0.92,0.036862850189208984,51.88252520890453,500.0,True,0.295
ANME2d,rev3_plus,0.32,0.97,0.9,0.979,0.92,0.9882352941176471,0.0005005936065514002,0.002942079915751799,-0.08040750688735189,-0.40172915843753026,0.32,0.97,0.86,0.979,0.92,0.036862850189208984,51.88252520890453,500.0,True,0.295
ANME2d,rev3_plus,0.32,0.97,0.9,0.979,0.92,0.9941176470588236,0.000259450378028875,0.0014883496238784683,-0.04590985540241801,-0.19497759059537714,0.32,0.97,0.86,0.979,0.92,0.036862850189208984,51.88252520890453,500.0,True,0.295
ANME2d,rev3_plus,0.32,0.97,0.9,0.979,0.92,1.0,0.0,0.0,0.0,0.0,0.32,0.97,0.86,0.979,0.92,0.036862850189208984,51.88252520890453,500.0,True,0.295
ANME2d,rev3_minus,0.32,0.97,0.82,0.979,0.92,0.3,0.02947837589902403,0.24161872581520427,2.423249913124279,-18.22019165821511,0.32,0.97,0.86,0.979,0.92,0.03705596923828125,51.88250548712606,500.0,True,0.295
ANME2d,rev3_minus,0.32,0.97,0.82,0.979,0.92,0.30588235294117644,0.029077869600685226,0.23846057592210665,2.2947390978623026,-18.2710436100811,0.32,0.97,0.86,0.979,0.92,0.03705596923828125,51.88250548712606,500.0,True,0.295
ANME2d,rev3_minus,0.32,0.97,0.82,0.979,0.92,0.31176470588235294,0.02868317394947279,0.23534256701848869,2.1706859532422342,-18.31154892924892,0.32,0.97,0.86,0.979,0.92,0.03705596923828125,51.88250548712606,500.0,True,0.295
ANME2d,rev3_minus,0.32,0.97,0.82,0.979,0.92,0.3176470588235294,0.028294115064629137,0.23226351476682264,2.050929964555895,-18.342130602336027,0.32,0.97,0.86,0.979,0.92,0.03705596923828125,51.88250548712606,500.0,True,0.295
ANME2d,rev3_minus,0.32,0.97,0.82,0.979,0.92,0.32352941176470584,0.027910519036503628,0.22922222551897886,1.9353059033106592,-18.36324290506989,0.32,0.97,0.86,0.979,0.92,0.03705596923828125,51.88250548712606,500.0,True,0.295
ANME2d,rev3_minus,0.32,0.97,0.82,0.979,0.92,0.32941176470588235,0.027532218213678773,0.2262175472369504,1.8236544290119692,-18.375326662629735,0.32,0.97,0.86,0.979,0.92,0.03705596923828125,51.88250548712606,500.0,True,0.295
ANME2d,rev3_minus,0.32,0.97,0.82,0.979,0.92,0.3352941176470588,0.027159053058710834,0.2232483849282367,1.715825412340951,-18.37879463775554,0.32,0.97,0.86,0.979,0.92,0.03705596923828125,51.88250548712606,500.0,True,0.295
ANME2d,rev3_minus,0.32,0.97,0.82,0.979,0.92,0.3411764705882353,0.02679087154291588,0.22031369627581693,1.6116771605182079,-18.374034056234127,0.32,0.97,0.86,0.979,0.92,0.03705596923828125,51.88250548712606,500.0,True,0.295
ANME2d,rev3_minus,0.32,0.97,0.82,0.979,0.92,0.34705882352941175,0.02642752701408649,0.21741247994292365,1.511073388648955,-18.361421346353424,0.32,0.97,0.86,0.979,0.92,0.03705596923828125,51.88250548712606,500.0,True,0.295
ANME2d,rev3_minus,0.32,0.97,0.82,0.979,0.92,0.3529411764705882,0.02606888233667434,0.2145437947000491,1.4138893809395323,-18.34128798903278,0.32,0.97,0.86,0.979,0.92,0.03705596923828125,51.88250548712606,500.0,True,0.295
ANME2d,rev3_minus,0.32,0.97,0.82,0.979,0.92,0.3588235294117647,0.0257148063280643,0.21170674106996573,1.320006915655617,-18.31394632211736,0.32,0.97,0.86,0.979,0.92,0.03705596923828125,51.88250548712606,500.0,True,0.295
ANME2d,rev3_minus,0.32,0.97,0.82,0.979,0.92,0.36470588235294116,0.0253651718395529,0.2089004509939301,1.2293114949880073,-18.279703373672724,0.32,0.97,0.86,0.979,0.92,0.03705596923828125,51.88250548712606,500.0,True,0.295
ANME2d,rev3_minus,0.32,0.97,0.82,0.979,0.92,0.37058823529411766,0.025019856744828234,0.2061240918514478,1.1416938596795285,-18.238851879768816,0.32,0.97,0.86,0.979,0.92,0.03705596923828125,51.88250548712606,500.0,True,0.295
ANME2d,rev3_minus,0.32,0.97,0.82,0.979,0.92,0.3764705882352941,0.024678744004325025,0.20337686607287647,1.0570501666452807,-18.191668481812965,0.32,0.97,0.86,0.979,0.92,0.03705596923828125,51.88250548712606,500.0,True,0.295
ANME2d,rev3_minus,0.32,0.97,0.82,0.979,0.92,0.38235294117647056,0.024341720301960797,0.2006580003604865,0.9752802883637757,-18.138419749253924,0.32,0.97,0.86,0.979,0.92,0.03705596923828125,51.88250548712606,500.0,True,0.295
ANME2d,rev3_minus,0.32,0.97,0.82,0.979,0.92,0.388235294117647,0.024008675750467712,0.19796674356955457,0.8962874126121428,-18.079363669579397,0.32,0.97,0.86,0.979,0.92,0.03705596923828125,51.88250548712606,500.0,True,0.295
ANME2d,rev3_minus,0.32,0.97,0.82,0.979,0.92,0.3941176470588235,0.02367951168518982,0.19530243136221165,0.819987973991985,-18.014713354009164,0.32,0.97,0.86,0.979,0.92,0.03705596923828125,51.88250548712606,500.0,True,0.295
ANME2d,rev3_minus,0.32,0.97,0.82,0.979,0.92,0.4,0.023354129409095505,0.19266439400988877,0.7462974988555359,-17.944688062867346,0.32,0.97,0.86,0.979,0.92,0.03705596923828125,51.88250548712606,500.0,True,0.295
ANME2d,rev3_minus,0.32,0.97,0.82,0.979,0.92,0.40588235294117647,0.02303243195489679,0.19005197106597319,0.6751327766969424,-17.86950549783915,0.32,0.97,0.86,0.979,0.92,0.03705596923828125,51.88250548712606,500.0,True,0.295
ANME2d,rev3_minus,0.32,0.97,0.82,0.979,0.92,0.4117647058823529,0.02271432621462063,0.18746452916340173,0.6064145560955826,-17.78937200401513,0.32,0.97,0.86,0.979,0.92,0.03705596923828125,51.88250548712606,500.0,True,0.295
ANME2d,rev3_minus,0.32,0.97,0.82,0.979,0.92,0.41764705882352937,0.022399722715275048,0.184901460485149,0.5400672995829523,-17.704483322032193,0.32,0.97,0.86,0.979,0.92,0.03705596923828125,51.88250548712606,500.0,True,0.295
ANME2d,rev3_minus,0.32,0.97,0.82,0.979,0.92,0.4235294117647059,0.02208853194556163,0.18236214846129256,0.4760141464563185,-17.615041501278792,0.32,0.97,0.86,0.979,0.92,0.03705596923828125,51.88250548712606,500.0,True,0.295
ANME2d,rev3_minus,0.32,0.97,0.82,0.979,0.92,0.4294117647058823,0.02178067454254877,0.17984606483630658,0.41419106310803544,-17.52120731004685,0.32,0.97,0.86,0.979,0.92,0.03705596923828125,51.88250548712606,500.0,True,0.295
ANME2d,rev3_minus,0.32,0.97,0.82,0.979,0.92,0.43529411764705883,0.021476073393781412,0.17735269549242308,0.3545360673565593,-17.423136007656055,0.32,0.97,0.86,0.979,0.92,0.03705596923828125,51.88250548712606,500.0,True,0.295
ANME2d,rev3_minus,0.32,0.97,0.82,0.979,0.92,0.4411764705882353,0.02117465107861899,0.17488151649238456,0.29698567434397966,-17.320989465780553,0.32,0.97,0.86,0.979,0.92,0.03705596923828125,51.88250548712606,500.0,True,0.295
ANME2d,rev3_minus,0.32,0.97,0.82,0.979,0.92,0.44705882352941173,0.020876332539939757,0.17243201972082903,0.24147859954593956,-17.214923831169713,0.32,0.97,0.86,0.979,0.92,0.03705596923828125,51.88250548712606,500.0,True,0.295
ANME2d,rev3_minus,0.32,0.97,0.82,0.979,0.92,0.45294117647058824,0.020581044400175864,0.1700037050603858,0.18795464931638062,-17.105092859043577,0.32,0.97,0.86,0.979,0.92,0.03705596923828125,51.88250548712606,500.0,True,0.295
ANME2d,rev3_minus,0.32,0.97,0.82,0.979,0.92,0.4588235294117647,0.02028871553399879,0.1675960871578059,0.13635565861715995,-16.99164502158292,0.32,0.97,0.86,0.979,0.92,0.03705596923828125,51.88250548712606,500.0,True,0.295
ANME2d,rev3_minus,0.32,0.97,0.82,0.979,0.92,0.4647058823529412,0.019999281846575317,0.16520874833669552,0.08663312510552809,-16.874698693514194,0.32,0.97,0.86,0.979,0.92,0.03705596923828125,51.88250548712606,500.0,True,0.295
ANME2d,rev3_minus,0.32,0.97,0.82,0.979,0.92,0.47058823529411764,0.019712679674720207,0.1628412670866742,0.038737954117115364,-16.7543749261505,0.32,0.97,0.86,0.979,0.92,0.03705596923828125,51.88250548712606,500.0,True,0.295
ANME2d,rev3_minus,0.32,0.97,0.82,0.979,0.92,0.4764705882352941,0.019428845412397026,0.16049321432556063,-0.007380119794092491,-16.63079949269459,0.32,0.97,0.86,0.979,0.92,0.03705596923828125,51.88250548712606,500.0,True,0.295
ANME2d,rev3_minus,0.32,0.97,0.82,0.979,0.92,0.48235294117647054,0.019147717653702226,0.15816417721306406,-0.05176913151149898,-16.504092017471446,0.32,0.97,0.86,0.979,0.92,0.03705596923828125,51.88250548712606,500.0,True,0.295
ANME2d,rev3_minus,0.32,0.97,0.82,0.979,0.92,0.48823529411764705,0.0188692362970623,0.1558537462907576,-0.09447676624537546,-16.374371626994396,0.32,0.97,0.86,0.979,0.92,0.03705596923828125,51.88250548712606,500.0,True,0.295
ANME2d,rev3_minus,0.32,0.97,0.82,0.979,0.92,0.49411764705882355,0.01859334410659513,0.15356154064029637,-0.1355466829390896,-16.24174591998693,0.32,0.97,0.86,0.979,0.92,0.03705596923828125,51.88250548712606,500.0,True,0.295
ANME2d,rev3_minus,0.32,0.97,0.82,0.979,0.92,0.5,0.018319986798881846,0.15128721024880637,-0.1750181363354049,-16.106309589802397,0.32,0.97,0.86,0.979,0.92,0.03705596923828125,51.88250548712606,500.0,True,0.295
ANME2d,rev3_minus,0.32,0.97,0.82,0.979,0.92,0.5058823529411764,0.018049110809625405,0.1490304021715132,-0.2129309349104475,-15.968159390722226,0.32,0.97,0.86,0.979,0.92,0.03705596923828125,51.88250548712606,500.0,True,0.295
ANME2d,rev3_minus,0.32,0.97,0.82,0.979,0.92,0.5117647058823529,0.017780663486931726,0.1467907642228201,-0.2493249209762554,-15.827392724001443,0.32,0.97,0.86,0.979,0.92,0.03705596923828125,51.88250548712606,500.0,True,0.295
ANME2d,rev3_minus,0.32,0.97,0.82,0.979,0.92,0.5176470588235293,0.01751459379026614,0.144567956541894,-0.2842382777659341,-15.68410254009587,0.32,0.97,0.86,0.979,0.92,0.03705596923828125,51.88250548712606,500.0,True,0.295
ANME2d,rev3_minus,0.32,0.97,0.82,0.979,0.92,0.5235294117647058,0.01725085187979253,0.14236163814556238,-0.3177095855246663,-15.53838311147828,0.32,0.97,0.86,0.979,0.92,0.03705596923828125,51.88250548712606,500.0,True,0.295
ANME2d,rev3_minus,0.32,0.97,0.82,0.979,0.92,0.5294117647058824,0.016989389916487734,0.1401715014722824,-0.3497725159739451,-15.390315191896027,0.32,0.97,0.86,0.979,0.92,0.03705596923828125,51.88250548712606,500.0,True,0.295
ANME2d,rev3_minus,0.32,0.97,0.82,0.979,0.92,0.5352941176470588,0.01673016153876603,0.13799725415811762,-0.380458606481004,-15.239973638878777,0.32,0.97,0.86,0.979,0.92,0.03705596923828125,51.88250548712606,500.0,True,0.295
ANME2d,rev3_minus,0.32,0.97,0.82,0.979,0.92,0.5411764705882353,0.01647312124004373,0.1358385966068167,-0.40980069974145017,-15.087437099669348,0.32,0.97,0.86,0.979,0.92,0.03705596923828125,51.88250548712606,500.0,True,0.295
ANME2d,rev3_minus,0.32,0.97,0.82,0.979,0.92,0.5470588235294118,0.01621822466764041,0.13369523603870537,-0.43783079456814705,-14.932782117270602,0.32,0.97,0.86,0.979,0.92,0.03705596923828125,51.88250548712606,500.0,True,0.295
ANME2d,rev3_minus,0.32,0.97,0.82,0.979,0.92,0.5529411764705883,0.015965428677204355,0.13156688725020071,-0.4645799434258423,-14.776082790562324,0.32,0.97,0.86,0.979,0.92,0.03705596923828125,51.88250548712606,500.0,True,0.295
ANME2d,rev3_minus,0.32,0.97,0.82,0.979,0.92,0.5588235294117647,0.015714691309936704,0.12945327009245686,-0.49007865646627624,-14.617411886932684,0.32,0.97,0.86,0.979,0.92,0.03705596923828125,51.88250548712606,500.0,True,0.295
ANME2d,rev3_minus,0.32,0.97,0.82,0.979,0.92,0.5647058823529412,0.015465971372228918,0.12735412711818225,-0.5143539923544842,-14.456833068945139,0.32,0.97,0.86,0.979,0.92,0.03705596923828125,51.88250548712606,500.0,True,0.295
ANME2d,rev3_minus,0.32,0.97,0.82,0.979,0.92,0.5705882352941176,0.015219228663448067,0.1252692090044991,-0.5374319348024578,-14.294407145472032,0.32,0.97,0.86,0.979,0.92,0.03705596923828125,51.88250548712606,500.0,True,0.295
ANME2d,rev3_minus,0.32,0.97,0.82,0.979,0.92,0.5764705882352941,0.014974424164200896,0.1231982620882331,-0.5593394324207513,-14.130197565845497,0.32,0.97,0.86,0.979,0.92,0.03705596923828125,51.88250548712606,500.0,True,0.295
ANME2d,rev3_minus,0.32,0.97,0.82,0.979,0.92,0.5823529411764705,0.01473151973671588,0.12114104051219188,-0.5801024009719632,-13.96426517349721,0.32,0.97,0.86,0.979,0.92,0.03705596923828125,51.88250548712606,500.0,True,0.295
ANME2d,rev3_minus,0.32,0.97,0.82,0.979,0.92,0.588235294117647,0.014490478253067008,0.11909730354511106,-0.5997461762558036,-13.796669308045288,0.32,0.97,0.86,0.979,0.92,0.03705596923828125,51.88250548712606,500.0,True,0.295
ANME2d,rev3_minus,0.32,0.97,0.82,0.979,0.92,0.5941176470588235,0.014251263211719552,0.11706681966163447,-0.6182947931271243,-13.627466094737184,0.32,0.97,0.86,0.979,0.92,0.03705596923828125,51.88250548712606,500.0,True,0.295
ANME2d,rev3_minus,0.32,0.97,0.82,0.979,0.92,0.6,0.014013838533922261,0.11504936834282098,-0.6357706598424145,-13.456707633294716,0.32,0.97,0.86,0.979,0.92,0.03705596923828125,51.88250548712606,500.0,True,0.295
ANME2d,rev3_minus,0.32,0.97,0.82,0.979,0.92,0.6058823529411765,0.013778169078075603,0.11304473250654277,-0.6521958629969395,-13.284445139325289,0.32,0.97,0.86,0.979,0.92,0.03705596923828125,51.88250548712606,500.0,True,0.295
ANME2d,rev3_minus,0.32,0.97,0.82,0.979,0.92,0.611764705882353,0.01354422080248685,0.11105269723518094,-0.667592410611138,-13.11072951439653,0.32,0.97,0.86,0.979,0.92,0.03705596923828125,51.88250548712606,500.0,True,0.295
ANME2d,rev3_minus,0.32,0.97,0.82,0.979,0.92,0.6176470588235294,0.01331196002372517,0.10907305481071525,-0.6819812761819594,-12.935609245200187,0.32,0.97,0.86,0.979,0.92,0.03705596923828125,51.88250548712606,500.0,True,0.295
ANME2d,rev3_minus,0.32,0.97,0.82,0.979,0.92,0.6235294117647059,0.013081353311714738,0.10710560477168235,-0.6953823688132675,-12.759130351855013,0.32,0.97,0.86,0.979,0.92,0.03705596923828125,51.88250548712606,500.0,True,0.295
ANME2d,rev3_minus,0.32,0.97,0.82,0.979,0.92,0.6294117647058823,0.012852368233595037,0.10515015000399978,-0.7078153223388606,-12.581337999649339,0.32,0.97,0.86,0.979,0.92,0.03705596923828125,51.88250548712606,500.0,True,0.295
ANME2d,rev3_minus,0.32,0.97,0.82,0.979,0.92,0.6352941176470588,0.012624973475014307,0.10320649669074383,-0.7192995337471962,-12.40227652668263,0.32,0.97,0.86,0.979,0.92,0.03705596923828125,51.88250548712606,500.0,True,0.295
ANME2d,rev3_minus,0.32,0.97,0.82,0.979,0.92,0.6411764705882352,0.012399137674801986,0.10127445725083248,-0.7298534351588436,-12.221988238728045,0.32,0.97,0.86,0.979,0.92,0.03705596923828125,51.88250548712606,500.0,True,0.295
ANME2d,rev3_minus,0.32,0.97,0.82,0.979,0.92,0.6470588235294117,0.012174829197165156,0.09935385054862467,-0.7394944122765326,-12.040513303001138,0.32,0.97,0.86,0.979,0.92,0.03705596923828125,51.88250548712606,500.0,True,0.295
ANME2d,rev3_minus,0.32,0.97,0.82,0.979,0.92,0.6529411764705881,0.011952017723162591,0.09744449810690954,-0.7482397693701198,-11.857891266565954,0.32,0.97,0.86,0.979,0.92,0.03705596923828125,51.88250548712606,500.0,True,0.295
ANME2d,rev3_minus,0.32,0.97,0.82,0.979,0.92,0.6588235294117647,0.011730674171362483,0.09554622450129947,-0.7561066481461393,-11.674160907812347,0.32,0.97,0.86,0.979,0.92,0.03705596923828125,51.88250548712606,500.0,True,0.295
ANME2d,rev3_minus,0.32,0.97,0.82,0.979,0.92,0.6647058823529411,0.01151076902533649,0.09365885966781543,-0.7631112847216468,-11.489359309422714,0.32,0.97,0.86,0.979,0.92,0.03705596923828125,51.88250548712606,500.0,True,0.295
ANME2d,rev3_minus,0.32,0.97,0.82,0.979,0.92,0.6705882352941177,0.011292271846717489,0.09178223930261593,-0.7692688404745599,-11.303521682227101,0.32,0.97,0.86,0.979,0.92,0.03705596923828125,51.88250548712606,500.0,True,0.295
ANME2d,rev3_minus,0.32,0.97,0.82,0.979,0.92,0.6764705882352942,0.0110751539360655,0.08991620124854477,-0.7745945803148856,-11.116682789199126,0.32,0.97,0.86,0.979,0.92,0.03705596923828125,51.88250548712606,500.0,True,0.295
ANME2d,rev3_minus,0.32,0.97,0.82,0.979,0.92,0.6823529411764706,0.010859387711054231,0.08806058628485922,-0.7791036040706638,-10.928876649730606,0.32,0.97,0.86,0.979,0.92,0.03705596923828125,51.88250548712606,500.0,True,0.295
ANME2d,rev3_minus,0.32,0.97,0.82,0.979,0.92,0.6882352941176471,0.010644944965701501,0.0862152397108149,-0.7828102059556821,-10.740135893853182,0.32,0.97,0.86,0.979,0.92,0.03705596923828125,51.88250548712606,500.0,True,0.295
ANME2d,rev3_minus,0.32,0.97,0.82,0.979,0.92,0.6941176470588235,0.010431796112315275,0.08438001185239385,-0.7857276290700006,-10.55049153953935,0.32,0.97,0.86,0.979,0.92,0.03705596923828125,51.88250548712606,500.0,True,0.295
ANME2d,rev3_minus,0.32,0.97,0.82,0.979,0.92,0.7,0.010219913409543337,0.08255475497411568,-0.7878692837008319,-10.359974237373129,0.32,0.97,0.86,0.979,0.92,0.03705596923828125,51.88250548712606,500.0,True,0.295
ANME2d,rev3_minus,0.32,0.97,0.82,0.979,0.92,0.7058823529411764,0.010009269740666614,0.08073932429580435,-0.7892483080952777,-10.168613858575087,0.32,0.97,0.86,0.979,0.92,0.03705596923828125,51.88250548712606,500.0,True,0.295
ANME2d,rev3_minus,0.32,0.97,0.82,0.979,0.92,0.7117647058823529,0.00979983745577878,0.07893357871856567,-0.7898772005097952,-9.97643919914149,0.32,0.97,0.86,0.979,0.92,0.03705596923828125,51.88250548712606,500.0,True,0.295
ANME2d,rev3_minus,0.32,0.97,0.82,0.979,0.92,0.7176470588235294,0.009591587695411156,0.07713738113717011,-0.7897676264716894,-9.783477848765132,0.32,0.97,0.86,0.979,0.92,0.03705596923828125,51.88250548712606,500.0,True,0.295
ANME2d,rev3_minus,0.32,0.97,0.82,0.979,0.92,0.7235294117647059,0.009384492970414451,0.0753505966066713,-0.7889312786199653,-9.589756896765707,0.32,0.97,0.86,0.979,0.92,0.03705596923828125,51.88250548712606,500.0,True,0.295
ANME2d,rev3_minus,0.32,0.97,0.82,0.979,0.92,0.7294117647058823,0.00917852537961126,0.07357309327128797,-0.78737933915833,-9.395302572345617,0.32,0.97,0.86,0.979,0.92,0.03705596923828125,51.88250548712606,500.0,True,0.295
ANME2d,rev3_minus,0.32,0.97,0.82,0.979,0.92,0.7352941176470589,0.008973656383093696,0.07180474241021313,-0.7851224271854861,-9.200140219447114,0.32,0.97,0.86,0.979,0.92,0.03705596923828125,51.88250548712606,500.0,True,0.295
ANME2d,rev3_minus,0.32,0.97,0.82,0.979,0.92,0.7411764705882353,0.00876985844895642,0.0700454176011358,-0.7821710952508459,-9.004294618505515,0.32,0.97,0.86,0.979,0.92,0.03705596923828125,51.88250548712606,500.0,True,0.295
ANME2d,rev3_minus,0.32,0.97,0.82,0.979,0.92,0.7470588235294118,0.008567102729645521,0.0682949954410072,-0.7785352102094013,-8.80778970620248,0.32,0.97,0.86,0.979,0.92,0.03705596923828125,51.88250548712606,500.0,True,0.295
ANME2d,rev3_minus,0.32,0.97,0.82,0.979,0.92,0.7529411764705882,0.00836536039352928,0.06655335511919118,-0.7742243149308551,-8.61064872956264,0.32,0.97,0.86,0.979,0.92,0.03705596923828125,51.88250548712606,500.0,True,0.295
ANME2d,rev3_minus,0.32,0.97,0.82,0.979,0.92,0.7588235294117647,0.008164603218451114,0.06482037811865103,-0.7692478062434452,-8.41289435840101,0.32,0.97,0.86,0.979,0.92,0.03705596923828125,51.88250548712606,500.0,True,0.295
ANME2d,rev3_minus,0.32,0.97,0.82,0.979,0.92,0.7647058823529411,0.007964800658738766,0.06309594874248903,-0.7636142272446512,-8.214548485849212,0.32,0.97,0.86,0.979,0.92,0.03705596923828125,51.88250548712606,500.0,True,0.295
ANME2d,rev3_minus,0.32,0.97,0.82,0.979,0.92,0.7705882352941176,0.007765923129483254,0.06137995347518521,-0.7573320739040809,-8.015632458567387,0.32,0.97,0.86,0.979,0.92,0.03705596923828125,51.88250548712606,500.0,True,0.295
ANME2d,rev3_minus,0.32,0.97,0.82,0.979,0.92,0.776470588235294,0.0075679409189823655,0.05967228104663625,-0.7504095555926427,-7.8161670529869935,0.32,0.97,0.86,0.979,0.92,0.03705596923828125,51.88250548712606,500.0,True,0.295
ANME2d,rev3_minus,0.32,0.97,0.82,0.979,0.92,0.7823529411764706,0.007370821167785815,0.05797282278172205,-0.7428539128049553,-7.6161723415680465,0.32,0.97,0.86,0.979,0.92,0.03705596923828125,51.88250548712606,500.0,True,0.295
ANME2d,rev3_minus,0.32,0.97,0.82,0.979,0.92,0.788235294117647,0.007174532411588036,0.05628147193223022,-0.7346724816058816,-7.415667937809011,0.32,0.97,0.86,0.979,0.92,0.03705596923828125,51.88250548712606,500.0,True,0.295
ANME2d,rev3_minus,0.32,0.97,0.82,0.979,0.92,0.7941176470588236,0.006979042058268786,0.05459812390642932,-0.7258721338591462,-7.214672909452531,0.32,0.97,0.86,0.979,0.92,0.03705596923828125,51.88250548712606,500.0,True,0.295
ANME2d,rev3_minus,0.32,0.97,0.82,0.979,0.92,0.8,0.006784314523044929,0.05292267639871577,-0.7164588829056695,-7.013205727936931,0.32,0.97,0.86,0.979,0.92,0.03705596923828125,51.88250548712606,500.0,True,0.295
ANME2d,rev3_minus,0.32,0.97,0.82,0.979,0.92,0.8058823529411765,0.006590314571402752,0.0512550289643353,-0.706438649617519,-6.811284416209115,0.32,0.97,0.86,0.979,0.92,0.03705596923828125,51.88250548712606,500.0,True,0.295
ANME2d,rev3_minus,0.32,0.97,0.82,0.979,0.92,0.8117647058823529,0.006397004502813804,0.04959508321453579,-0.6958166609206572,-6.608926479132349,0.32,0.97,0.86,0.979,0.92,0.03705596923828125,51.88250548712606,500.0,True,0.295
ANME2d,rev3_minus,0.32,0.97,0.82,0.979,0.92,0.8176470588235294,0.006204346295259066,0.04794274259290311,-0.6845979340240016,-6.406148979324772,0.32,0.97,0.86,0.979,0.92,0.03705596923828125,51.88250548712606,500.0,True,0.295
ANME2d,rev3_minus,0.32,0.97,0.82,0.979,0.92,0.8235294117647058,0.006012298432664168,0.04629791249890031,-0.6727866259518185,-6.2029684946587285,0.32,0.97,0.86,0.979,0.92,0.03705596923828125,51.88250548712606,500.0,True,0.295
ANME2d,rev3_minus,0.32,0.97,0.82,0.979,0.92,0.8294117647058823,0.0058208194079177105,0.04466050006329212,-0.6603867830258874,-5.999401190009062,0.32,0.97,0.86,0.979,0.92,0.03705596923828125,51.88250548712606,500.0,True,0.295
ANME2d,rev3_minus,0.32,0.97,0.82,0.979,0.92,0.8352941176470587,0.00562986283232903,0.04303041427386839,-0.6474013654427374,-5.795462779203146,0.32,0.97,0.86,0.979,0.92,0.03705596923828125,51.88250548712606,500.0,True,0.295
ANME2d,rev3_minus,0.32,0.97,0.82,0.979,0.92,0.8411764705882352,0.0054393824423969684,0.041407565760655934,-0.6338332802970784,-5.5911685890879745,0.32,0.97,0.86,0.979,0.92,0.03705596923828125,51.88250548712606,500.0,True,0.295
ANME2d,rev3_minus,0.32,0.97,0.82,0.979,0.92,0.8470588235294116,0.005249325755170672,0.039791866911336404,-0.6196841453593062,-5.38653352833199,0.32,0.97,0.86,0.979,0.92,0.03705596923828125,51.88250548712606,500.0,True,0.295
ANME2d,rev3_minus,0.32,0.97,0.82,0.979,0.92,0.8529411764705883,0.005059639499844071,0.03818323168358359,-0.6049553934456712,-5.181572142022955,0.32,0.97,0.86,0.979,0.92,0.03705596923828125,51.88250548712606,500.0,True,0.295
ANME2d,rev3_minus,0.32,0.97,0.82,0.979,0.92,0.8588235294117648,0.004870263559874966,0.036581575682501206,-0.5896471185100742,-4.97629859297848,0.32,0.97,0.86,0.979,0.92,0.03705596923828125,51.88250548712606,500.0,True,0.295
ANME2d,rev3_minus,0.32,0.97,0.82,0.979,0.92,0.8647058823529412,0.004681134019451097,0.03498681604228244,-0.5737587108262235,-4.770726694378922,0.32,0.97,0.86,0.979,0.92,0.03705596923828125,51.88250548712606,500.0,True,0.295
ANME2d,rev3_minus,0.32,0.97,0.82,0.979,0.92,0.8705882352941177,0.004492182261705036,0.033398871401919966,-0.5572887149205847,-4.564869917942884,0.32,0.97,0.86,0.979,0.92,0.03705596923828125,51.88250548712606,500.0,True,0.295
ANME2d,rev3_minus,0.32,0.97,0.82,0.979,0.92,0.8764705882352941,0.004303332695056045,0.03181766188113023,-0.5402344414613509,-4.358741405006484,0.32,0.97,0.86,0.979,0.92,0.03705596923828125,51.88250548712606,500.0,True,0.295
ANME2d,rev3_minus,0.32,0.97,0.82,0.979,0.92,0.8823529411764706,0.004114502327914829,0.03024310903183631,-0.5225919401165908,-4.152353982009302,0.32,0.97,0.86,0.979,0.92,0.03705596923828125,51.88250548712606,500.0,True,0.295
ANME2d,rev3_minus,0.32,0.97,0.82,0.979,0.92,0.888235294117647,0.00392560082590122,0.028675135799028174,-0.5043560586412409,-3.9457201718089028,0.32,0.97,0.86,0.979,0.92,0.03705596923828125,51.88250548712606,500.0,True,0.295
ANME2d,rev3_minus,0.32,0.97,0.82,0.979,0.92,0.8941176470588235,0.00373652685734082,0.02711366649192684,-0.4855198394959705,-3.7388522088214797,0.32,0.97,0.86,0.979,0.92,0.03705596923828125,51.88250548712606,500.0,True,0.295
ANME2d,rev3_minus,0.32,0.97,0.82,0.979,0.92,0.8999999999999999,0.003547166877692695,0.025558626742814557,-0.46607437780062966,-3.5317620535248264,0.32,0.97,0.86,0.979,0.92,0.03705596923828125,51.88250548712606,500.0,True,0.295
ANME2d,rev3_minus,0.32,0.97,0.82,0.979,0.92,0.9058823529411764,0.0033573935709322127,0.02400994346915688,-0.4460086271069075,-3.3244614047064944,0.32,0.97,0.86,0.979,0.92,0.03705596923828125,51.88250548712606,500.0,True,0.295
ANME2d,rev3_minus,0.32,0.97,0.82,0.979,0.92,0.911764705882353,0.003167063560528808,0.02246754485298976,-0.4253090881977529,-3.116961717829691,0.32,0.97,0.86,0.979,0.92,0.03705596923828125,51.88250548712606,500.0,True,0.295
ANME2d,rev3_minus,0.32,0.97,0.82,0.979,0.92,0.9176470588235295,0.002976014035468345,0.020931360301123515,-0.40395932685668184,-2.909274220331689,0.32,0.97,0.86,0.979,0.92,0.03705596923828125,51.88250548712606,500.0,True,0.295
ANME2d,rev3_minus,0.32,0.97,0.82,0.979,0.92,0.9235294117647059,0.0027840584795025655,0.019401320304646943,-0.3819393601192817,-2.701409906082353,0.32,0.97,0.86,0.979,0.92,0.03705596923828125,51.88250548712606,500.0,True,0.295
ANME2d,rev3_minus,0.32,0.97,0.82,0.979,0.92,0.9294117647058824,0.002590981073580098,0.017877356664429064,-0.3592248876907283,-2.49337961663457,0.32,0.97,0.86,0.979,0.92,0.03705596923828125,51.88250548712606,500.0,True,0.295
ANME2d,rev3_minus,0.32,0.97,0.82,0.979,0.92,0.9352941176470588,0.002396531074549697,0.016359402316698298,-0.3357865096116171,-2.285194031876011,0.32,0.97,0.86,0.979,0.92,0.03705596923828125,51.88250548712606,500.0,True,0.295
ANME2d,rev3_minus,0.32,0.97,0.82,0.979,0.92,0.9411764705882353,0.0022004146917054567,0.014847390089289744,-0.3115884732155714,-2.0768634285632372,0.32,0.97,0.86,0.979,0.92,0.03705596923828125,51.88250548712606,500.0,True,0.295
ANME2d,rev3_minus,0.32,0.97,0.82,0.979,0.92,0.9470588235294117,0.0020022838944765723,0.013341257151540884,-0.28658760630727437,-1.8683987099082235,0.32,0.97,0.86,0.979,0.92,0.03705596923828125,51.88250548712606,500.0,True,0.295
ANME2d,rev3_minus,0.32,0.97,0.82,0.979,0.92,0.9529411764705882,0.0018017206920256008,0.01184093749326946,-0.2607303175931542,-1.6598098010574984,0.32,0.97,0.86,0.979,0.92,0.03705596923828125,51.88250548712606,500.0,True,0.295
ANME2d,rev3_minus,0.32,0.97,0.82,0.979,0.92,0.9588235294117646,0.0015982281770402086,0.010346368459467195,-0.23395225598863023,-1.4511071158759166,0.32,0.97,0.86,0.979,0.92,0.03705596923828125,51.88250548712606,500.0,True,0.295
ANME2d,rev3_minus,0.32,0.97,0.82,0.979,0.92,0.9647058823529411,0.0013911955269363088,0.008857487834438217,-0.20617299987418655,-1.2423010341573804,0.32,0.97,0.86,0.979,0.92,0.03705596923828125,51.88250548712606,500.0,True,0.295
ANME2d,rev3_minus,0.32,0.97,0.82,0.979,0.92,0.9705882352941175,0.0011798606194458649,0.0073742340784858475,-0.17729108347383857,-1.0334020628735137,0.32,0.97,0.86,0.979,0.92,0.03705596923828125,51.88250548712606,500.0,True,0.295
ANME2d,rev3_minus,0.32,0.97,0.82,0.979,0.92,0.9764705882352942,0.0009632617749455589,0.005896546024856824,-0.1471780221340814,-0.8244208932535233,0.32,0.97,0.86,0.979,0.92,0.03705596923828125,51.88250548712606,500.0,True,0.295
ANME2d,rev3_minus,0.32,0.97,0.82,0.979,0.92,0.9823529411764707,0.0007401295518592064,0.004424365243311953,-0.11566614381723918,-0.6153691412492601,0.32,0.97,0.86,0.979,0.92,0.03705596923828125,51.88250548712606,500.0,True,0.295
ANME2d,rev3_minus,0.32,0.97,0.82,0.979,0.92,0.9882352941176471,0.0005085750001888959,0.0029576180337484836,-0.08251992221347053,-0.40625647191015357,0.32,0.97,0.86,0.979,0.92,0.03705596923828125,51.88250548712606,500.0,True,0.295
ANME2d,rev3_minus,0.32,0.97,0.82,0.979,0.92,0.9941176470588236,0.00026469846308358196,0.0014956095841500044,-0.04729108704842964,-0.1971266890109636,0.32,0.97,0.86,0.979,0.92,0.03705596923828125,51.88250548712606,500.0,True,0.295
ANME2d,rev3_minus,0.32,0.97,0.82,0.979,0.92,1.0,0.0,0.0,0.0,0.0,0.32,0.97,0.86,0.979,0.92,0.03705596923828125,51.88250548712606,500.0,True,0.295
ANME2d,gammaCDff2_plus,0.32,0.97,0.86,0.984,0.92,0.3,0.02903926351009276,0.24113284104121055,1.3357180762834382,-18.003834403448508,0.32,0.97,0.86,0.979,0.92,0.04884672164916992,51.88251500549487,500.0,True,0.295
ANME2d,gammaCDff2_plus,0.32,0.97,0.86,0.984,0.92,0.30588235294117644,0.028647680345196002,0.23798055513005054,1.2190018211523335,-18.058050649803086,0.32,0.97,0.86,0.979,0.92,0.04884672164916992,51.88251500549487,500.0,True,0.295
ANME2d,gammaCDff2_plus,0.32,0.97,0.86,0.984,0.92,0.31176470588235294,0.028261718891526285,0.23486842527354973,1.106671071389748,-18.101795853136178,0.32,0.97,0.86,0.979,0.92,0.04884672164916992,51.88251500549487,500.0,True,0.295
ANME2d,gammaCDff2_plus,0.32,0.97,0.86,0.984,0.92,0.3176470588235294,0.027881202172407343,0.23179518338178579,0.9985498149284248,-18.135569796909433,0.32,0.97,0.86,0.979,0.92,0.04884672164916992,51.88251500549487,500.0,True,0.295
ANME2d,gammaCDff2_plus,0.32,0.97,0.86,0.984,0.92,0.32352941176470584,0.027505960723634645,0.22875961501627093,0.894470089485269,-18.159851245387898,0.32,0.97,0.86,0.979,0.92,0.04884672164916992,51.88251500549487,500.0,True,0.295
ANME2d,gammaCDff2_plus,0.32,0.97,0.86,0.984,0.92,0.32941176470588235,0.027135837829391277,0.22576061237704878,0.7942853537602336,-18.175030349166125,0.32,0.97,0.86,0.979,0.92,0.04884672164916992,51.88251500549487,500.0,True,0.295
ANME2d,gammaCDff2_plus,0.32,0.97,0.86,0.984,0.92,0.3352941176470588,0.026770683823193878,0.22279711665038707,0.6978561208251485,-18.181478236985733,0.32,0.97,0.86,0.979,0.92,0.04884672164916992,51.88251500549487,500.0,True,0.295
ANME2d,gammaCDff2_plus,0.32,0.97,0.86,0.984,0.92,0.3411764705882353,0.026410343143823817,0.21986798390277235,0.6050103514794275,-18.1797582210869,0.32,0.97,0.86,0.979,0.92,0.04884672164916992,51.88251500549487,500.0,True,0.295
ANME2d,gammaCDff2_plus,0.32,0.97,0.86,0.984,0.92,0.34705882352941175,0.026054686695489673,0.21697232194368643,0.515639288686879,-18.17012232280598,0.32,0.97,0.86,0.979,0.92,0.04884672164916992,51.88251500549487,500.0,True,0.295
ANME2d,gammaCDff2_plus,0.32,0.97,0.86,0.984,0.92,0.3529411764705882,0.025703581654123214,0.21410919180359542,0.4296223632230264,-18.152886967866298,0.32,0.97,0.86,0.979,0.92,0.04884672164916992,51.88251500549487,500.0,True,0.295
ANME2d,gammaCDff2_plus,0.32,0.97,0.86,0.984,0.92,0.3588235294117647,0.025356897792973468,0.21127766517548163,0.3468375889784747,-18.12838890184398,0.32,0.97,0.86,0.979,0.92,0.04884672164916992,51.88251500549487,500.0,True,0.295
ANME2d,gammaCDff2_plus,0.32,0.97,0.86,0.984,0.92,0.36470588235294116,0.025014507910377168,0.20847683070308795,0.26716578436551597,-18.096958149151636,0.32,0.97,0.86,0.979,0.92,0.04884672164916992,51.88251500549487,500.0,True,0.295
ANME2d,gammaCDff2_plus,0.32,0.97,0.86,0.984,0.92,0.37058823529411766,0.0246762919195389,0.20570583209853027,0.19049588662086236,-18.058899993281486,0.32,0.97,0.86,0.979,0.92,0.04884672164916992,51.88251500549487,500.0,True,0.295
ANME2d,gammaCDff2_plus,0.32,0.97,0.86,0.984,0.92,0.3764705882352941,0.02434214690192646,0.20296396188442403,0.11673846973597554,-18.01444745188083,0.32,0.97,0.86,0.979,0.92,0.04884672164916992,51.88251500549487,500.0,True,0.295
ANME2d,gammaCDff2_plus,0.32,0.97,0.86,0.984,0.92,0.38235294117647056,0.02401196517318704,0.2002504599962041,0.04579689138507086,-17.963860395240808,0.32,0.97,0.86,0.979,0.92,0.04884672164916992,51.88251500549487,500.0,True,0.295
ANME2d,gammaCDff2_plus,0.32,0.97,0.86,0.984,0.92,0.388235294117647,0.02368564002691997,0.19756456680707005,-0.022425294282213896,-17.907400621141797,0.32,0.97,0.86,0.979,0.92,0.04884672164916992,51.88251500549487,500.0,True,0.295
ANME2d,gammaCDff2_plus,0.32,0.97,0.86,0.984,0.92,0.3941176470588235,0.023363069613932887,0.1949055592892904,-0.08801922077597504,-17.845314252223726,0.32,0.97,0.86,0.979,0.92,0.04884672164916992,51.88251500549487,500.0,True,0.295
ANME2d,gammaCDff2_plus,0.32,0.97,0.86,0.984,0.92,0.4,0.023044156583350888,0.19227274822768456,-0.15107112221573854,-17.777832957561394,0.32,0.97,0.86,0.979,0.92,0.04884672164916992,51.88251500549487,500.0,True,0.295
ANME2d,gammaCDff2_plus,0.32,0.97,0.86,0.984,0.92,0.40588235294117647,0.02272880028440709,0.18966540176710436,-0.2116731369525653,-17.705210689414443,0.32,0.97,0.86,0.979,0.92,0.04884672164916992,51.88251500549487,500.0,True,0.295
ANME2d,gammaCDff2_plus,0.32,0.97,0.86,0.984,0.92,0.4117647058823529,0.022416917703491846,0.18708295288001855,-0.26989415057455673,-17.6276244662982,0.32,0.97,0.86,0.979,0.92,0.04884672164916992,51.88251500549487,500.0,True,0.295
ANME2d,gammaCDff2_plus,0.32,0.97,0.86,0.984,0.92,0.41764705882352937,0.022108429576660253,0.1845248632802906,-0.32579879468734524,-17.54523790182822,0.32,0.97,0.86,0.979,0.92,0.04884672164916992,51.88251500549487,500.0,True,0.295
ANME2d,gammaCDff2_plus,0.32,0.97,0.86,0.984,0.92,0.4235294117647059,0.021803253166970585,0.18199055223868438,-0.3794575834472124,-17.45823616152686,0.32,0.97,0.86,0.979,0.92,0.04884672164916992,51.88251500549487,500.0,True,0.295
ANME2d,gammaCDff2_plus,0.32,0.97,0.86,0.984,0.92,0.4294117647058823,0.021501307306414683,0.17947944664238097,-0.4309399603910976,-17.36680264797232,0.32,0.97,0.86,0.979,0.92,0.04884672164916992,51.88251500549487,500.0,True,0.295
ANME2d,gammaCDff2_plus,0.32,0.97,0.86,0.984,0.92,0.43529411764705883,0.021202514071718213,0.17699099801431942,-0.480311915256711,-17.271110794897755,0.32,0.97,0.86,0.979,0.92,0.04884672164916992,51.88251500549487,500.0,True,0.295
ANME2d,gammaCDff2_plus,0.32,0.97,0.86,0.984,0.92,0.4411764705882353,0.020906797803816848,0.17452467201667243,-0.5276374449494332,-17.171328738470365,0.32,0.97,0.86,0.979,0.92,0.04884672164916992,51.88251500549487,500.0,True,0.295
ANME2d,gammaCDff2_plus,0.32,0.97,0.86,0.984,0.92,0.44705882352941173,0.02061408245364265,0.17207991846493856,-0.5729827490683987,-17.067633161621693,0.32,0.97,0.86,0.979,0.92,0.04884672164916992,51.88251500549487,500.0,True,0.295
ANME2d,gammaCDff2_plus,0.32,0.97,0.86,0.984,0.92,0.45294117647058824,0.02032430433309681,0.16965631914536422,-0.6163957298547439,-16.96014203133367,0.32,0.97,0.86,0.979,0.92,0.04884672164916992,51.88251500549487,500.0,True,0.295
ANME2d,gammaCDff2_plus,0.32,0.97,0.86,0.984,0.92,0.4588235294117647,0.020037399226910863,0.16725344006744453,-0.6579264056115929,-16.848980840314272,0.32,0.97,0.86,0.979,0.92,0.04884672164916992,51.88251500549487,500.0,True,0.295
ANME2d,gammaCDff2_plus,0.32,0.97,0.86,0.984,0.92,0.4647058823529412,0.019753301227267293,0.1648708183841325,-0.6976287915971259,-16.73428909296184,0.32,0.97,0.86,0.979,0.92,0.04884672164916992,51.88251500549487,500.0,True,0.295
ANME2d,gammaCDff2_plus,0.32,0.97,0.86,0.984,0.92,0.47058823529411764,0.01947194680179361,0.162508009699303,-0.7355543907654064,-16.616199226603218,0.32,0.97,0.86,0.979,0.92,0.04884672164916992,51.88251500549487,500.0,True,0.295
ANME2d,gammaCDff2_plus,0.32,0.97,0.86,0.984,0.92,0.4764705882352941,0.01919327464597961,0.1601645868827077,-0.7717523597526454,-16.494837080852367,0.32,0.97,0.86,0.979,0.92,0.04884672164916992,51.88251500549487,500.0,True,0.295
ANME2d,gammaCDff2_plus,0.32,0.97,0.86,0.984,0.92,0.48235294117647054,0.018917223966408037,0.15784011635663872,-0.8062728728153915,-16.370332727073635,0.32,0.97,0.86,0.979,0.92,0.04884672164916992,51.88251500549487,500.0,True,0.295
ANME2d,gammaCDff2_plus,0.32,0.97,0.86,0.984,0.92,0.48823529411764705,0.018643738048157645,0.15553420985611655,-0.8391597984482524,-16.242796887181683,0.32,0.97,0.86,0.979,0.92,0.04884672164916992,51.88251500549487,500.0,True,0.295
ANME2d,gammaCDff2_plus,0.32,0.97,0.86,0.984,0.92,0.49411764705882355,0.018372763702661984,0.15324651746714127,-0.8704516366854955,-16.112323550275306,0.32,0.97,0.86,0.979,0.92,0.04884672164916992,51.88251500549487,500.0,True,0.295
ANME2d,gammaCDff2_plus,0.32,0.97,0.86,0.984,0.92,0.5,0.018104247695691918,0.15097667717986715,-0.9001886802786235,-15.979013124316095,0.32,0.97,0.86,0.979,0.92,0.04884672164916992,51.88251500549487,500.0,True,0.295
ANME2d,gammaCDff2_plus,0.32,0.97,0.86,0.984,0.92,0.5058823529411764,0.017838137412141686,0.1487243249011613,-0.9284116284729902,-15.84296817207937,0.32,0.97,0.86,0.979,0.92,0.04884672164916992,51.88251500549487,500.0,True,0.295
ANME2d,gammaCDff2_plus,0.32,0.97,0.86,0.984,0.92,0.5117647058823529,0.017574381875260208,0.14648910961711684,-0.9551594400494282,-15.70428646817417,0.32,0.97,0.86,0.979,0.92,0.04884672164916992,51.88251500549487,500.0,True,0.295
ANME2d,gammaCDff2_plus,0.32,0.97,0.86,0.984,0.92,0.5176470588235293,0.017312931652791883,0.1442706926149528,-0.9804694410804119,-15.563061300074075,0.32,0.97,0.86,0.979,0.92,0.04884672164916992,51.88251500549487,500.0,True,0.295
ANME2d,gammaCDff2_plus,0.32,0.97,0.86,0.984,0.92,0.5235294117647058,0.017053738127272594,0.14206873334293887,-1.0043793525684674,-15.41938771093718,0.32,0.97,0.86,0.979,0.92,0.04884672164916992,51.88251500549487,500.0,True,0.295
ANME2d,gammaCDff2_plus,0.32,0.97,0.86,0.984,0.92,0.5294117647058824,0.01679675522846332,0.1398829265888295,-1.0269219552453825,-15.273346049185195,0.32,0.97,0.86,0.979,0.92,0.04884672164916992,51.88251500549487,500.0,True,0.295
ANME2d,gammaCDff2_plus,0.32,0.97,0.86,0.984,0.92,0.5352941176470588,0.016541938303980725,0.1377129799325441,-1.048128307730384,-15.125011740280266,0.32,0.97,0.86,0.979,0.92,0.04884672164916992,51.88251500549487,500.0,True,0.295
ANME2d,gammaCDff2_plus,0.32,0.97,0.86,0.984,0.92,0.5411764705882353,0.016289243127325426,0.1355585939155129,-1.068030594411632,-14.974464090078015,0.32,0.97,0.86,0.979,0.92,0.04884672164916992,51.88251500549487,500.0,True,0.295
ANME2d,gammaCDff2_plus,0.32,0.97,0.86,0.984,0.92,0.5470588235294118,0.016038626647557203,0.13341947576894772,-1.086660193322493,-14.821780308529977,0.32,0.97,0.86,0.979,0.92,0.04884672164916992,51.88251500549487,500.0,True,0.295
ANME2d,gammaCDff2_plus,0.32,0.97,0.86,0.984,0.92,0.5529411764705883,0.01579004692467021,0.13129534426339187,-1.10404692308095,-14.667033404193376,0.32,0.97,0.86,0.979,0.92,0.04884672164916992,51.88251500549487,500.0,True,0.295
ANME2d,gammaCDff2_plus,0.32,0.97,0.86,0.984,0.92,0.5588235294117647,0.015543463053834443,0.12918593196550468,-1.120218681058454,-14.51029112712634,0.32,0.97,0.86,0.979,0.92,0.04884672164916992,51.88251500549487,500.0,True,0.295
ANME2d,gammaCDff2_plus,0.32,0.97,0.86,0.984,0.92,0.5647058823529412,0.015298835160186383,0.12709097595586488,-1.1352028754987622,-14.35161997298448,0.32,0.97,0.86,0.979,0.92,0.04884672164916992,51.88251500549487,500.0,True,0.295
ANME2d,gammaCDff2_plus,0.32,0.97,0.86,0.984,0.92,0.5705882352941176,0.015056124348192826,0.1250102170041255,-1.1490265505126218,-14.191085593795366,0.32,0.97,0.86,0.979,0.92,0.04884672164916992,51.88251500549487,500.0,True,0.295
ANME2d,gammaCDff2_plus,0.32,0.97,0.86,0.984,0.92,0.5764705882352941,0.014815292951708395,0.12294340051715971,-1.1617163027430617,-14.028752344882653,0.32,0.97,0.86,0.979,0.92,0.04884672164916992,51.88251500549487,500.0,True,0.295
ANME2d,gammaCDff2_plus,0.32,0.97,0.86,0.984,0.92,0.5823529411764705,0.014576303591087615,0.1208902849818809,-1.1732967736181905,-13.864679724793673,0.32,0.97,0.86,0.979,0.92,0.04884672164916992,51.88251500549487,500.0,True,0.295
ANME2d,gammaCDff2_plus,0.32,0.97,0.86,0.984,0.92,0.588235294117647,0.014339119454880344,0.11885063836931255,-1.1837912692970483,-13.698923830282396,0.32,0.97,0.86,0.979,0.92,0.04884672164916992,51.88251500549487,500.0,True,0.295
ANME2d,gammaCDff2_plus,0.32,0.97,0.86,0.984,0.92,0.5941176470588235,0.01410370513007602,0.1168242291408737,-1.1932233364975657,-13.531541138557257,0.32,0.97,0.86,0.979,0.92,0.04884672164916992,51.88251500549487,500.0,True,0.295
ANME2d,gammaCDff2_plus,0.32,0.97,0.86,0.984,0.92,0.6,0.0138700262170491,0.11481083059013433,-1.2016160132575109,-13.362586713903665,0.32,0.97,0.86,0.979,0.92,0.04884672164916992,51.88251500549487,500.0,True,0.295
ANME2d,gammaCDff2_plus,0.32,0.97,0.86,0.984,0.92,0.6058823529411765,0.013638048978573935,0.11281022241645305,-1.20899151016928,-13.192113553213485,0.32,0.97,0.86,0.979,0.92,0.04884672164916992,51.88251500549487,500.0,True,0.295
ANME2d,gammaCDff2_plus,0.32,0.97,0.86,0.984,0.92,0.611764705882353,0.013407739367532822,0.1108221944651399,-1.215370416497144,-13.020171012250138,0.32,0.97,0.86,0.979,0.92,0.04884672164916992,51.88251500549487,500.0,True,0.295
ANME2d,gammaCDff2_plus,0.32,0.97,0.86,0.984,0.92,0.6176470588235294,0.013179064056432049,0.10884654184600571,-1.2207726902364644,-12.846806781297559,0.32,0.97,0.86,0.979,0.92,0.04884672164916992,51.88251500549487,500.0,True,0.295
ANME2d,gammaCDff2_plus,0.32,0.97,0.86,0.984,0.92,0.6235294117647059,0.012951991219636597,0.1068830611215157,-1.2252184258622005,-12.672068481989125,0.32,0.97,0.86,0.979,0.92,0.04884672164916992,51.88251500549487,500.0,True,0.295
ANME2d,gammaCDff2_plus,0.32,0.97,0.86,0.984,0.92,0.6294117647058823,0.012726490011797412,0.10493155303608162,-1.2287273195421173,-12.496002566634877,0.32,0.97,0.86,0.979,0.92,0.04884672164916992,51.88251500549487,500.0,True,0.295
ANME2d,gammaCDff2_plus,0.32,0.97,0.86,0.984,0.92,0.6352941176470588,0.012502529288947252,0.10299182564027427,-1.231317895016209,-12.318652994322264,0.32,0.97,0.86,0.979,0.92,0.04884672164916992,51.88251500549487,500.0,True,0.295
ANME2d,gammaCDff2_plus,0.32,0.97,0.86,0.984,0.92,0.6411764705882352,0.01228007735595508,0.10106369466550029,-1.2330073918517306,-12.14006103838261,0.32,0.97,0.86,0.979,0.92,0.04884672164916992,51.88251500549487,500.0,True,0.295
ANME2d,gammaCDff2_plus,0.32,0.97,0.86,0.984,0.92,0.6470588235294117,0.012059104087374855,0.09914697748550778,-1.2338131890528532,-11.960267805426312,0.32,0.97,0.86,0.979,0.92,0.04884672164916992,51.88251500549487,500.0,True,0.295
ANME2d,gammaCDff2_plus,0.32,0.97,0.86,0.984,0.92,0.6529411764705881,0.01183958014180807,0.09724149501862837,-1.2337523303914535,-11.77931345538095,0.32,0.97,0.86,0.979,0.92,0.04884672164916992,51.88251500549487,500.0,True,0.295
ANME2d,gammaCDff2_plus,0.32,0.97,0.86,0.984,0.92,0.6588235294117647,0.011621476657108552,0.09534707242126293,-1.23284134834441,-11.59723689610634,0.32,0.97,0.86,0.979,0.92,0.04884672164916992,51.88251500549487,500.0,True,0.295
ANME2d,gammaCDff2_plus,0.32,0.97,0.86,0.984,0.92,0.6647058823529411,0.011404764334481718,0.0934635405333325,-1.231095839971921,-11.414075187470464,0.32,0.97,0.86,0.979,0.92,0.04884672164916992,51.88251500549487,500.0,True,0.295
ANME2d,gammaCDff2_plus,0.32,0.97,0.86,0.984,0.92,0.6705882352941177,0.011189413669236406,0.09159073522747277,-1.2285306227525004,-11.229863784791062,0.32,0.97,0.86,0.979,0.92,0.04884672164916992,51.88251500549487,500.0,True,0.295
ANME2d,gammaCDff2_plus,0.32,0.97,0.86,0.984,0.92,0.6764705882352942,0.010975396717370871,0.08972849414239781,-1.2251606353393054,-11.044637855477612,0.32,0.97,0.86,0.979,0.92,0.04884672164916992,51.88251500549487,500.0,True,0.295
ANME2d,gammaCDff2_plus,0.32,0.97,0.86,0.984,0.92,0.6823529411764706,0.01076268524377491,0.08787665935286779,-1.2210001106006256,-10.858431206574936,0.32,0.97,0.86,0.979,0.92,0.04884672164916992,51.88251500549487,500.0,True,0.295
ANME2d,gammaCDff2_plus,0.32,0.97,0.86,0.984,0.92,0.6882352941176471,0.010551250558594294,0.08603507735339921,-1.2160625444501862,-10.671276279979068,0.32,0.97,0.86,0.979,0.92,0.04884672164916992,51.88251500549487,500.0,True,0.295
ANME2d,gammaCDff2_plus,0.32,0.97,0.86,0.984,0.92,0.6941176470588235,0.01034106550314222,0.08420359692449376,-1.210361479642366,-10.483205001442142,0.32,0.97,0.86,0.979,0.92,0.04884672164916992,51.88251500549487,500.0,True,0.295
ANME2d,gammaCDff2_plus,0.32,0.97,0.86,0.984,0.92,0.7,0.010132102590206329,0.08238207061201437,-1.2039098545184057,-10.294248192763403,0.32,0.97,0.86,0.979,0.92,0.04884672164916992,51.88251500549487,500.0,True,0.295
ANME2d,gammaCDff2_plus,0.32,0.97,0.86,0.984,0.92,0.7058823529411764,0.00992433329013918,0.08057035505212605,-1.196719795046232,-10.104435434798155,0.32,0.97,0.86,0.979,0.92,0.04884672164916992,51.88251500549487,500.0,True,0.295
ANME2d,gammaCDff2_plus,0.32,0.97,0.86,0.984,0.92,0.7117647058823529,0.009717730566504252,0.07876830932162493,-1.1888034485610521,-9.913795703502196,0.32,0.97,0.86,0.979,0.92,0.04884672164916992,51.88251500549487,500.0,True,0.295
ANME2d,gammaCDff2_plus,0.32,0.97,0.86,0.984,0.92,0.7176470588235294,0.009512267548922395,0.07697579551230185,-1.1801725933345586,-9.722357150504525,0.32,0.97,0.86,0.979,0.92,0.04884672164916992,51.88251500549487,500.0,True,0.295
ANME2d,gammaCDff2_plus,0.32,0.97,0.86,0.984,0.92,0.7235294117647059,0.00930791582395657,0.0751926793987281,-1.1708381555984668,-9.53014683827435,0.32,0.97,0.86,0.979,0.92,0.04884672164916992,51.88251500549487,500.0,True,0.295
ANME2d,gammaCDff2_plus,0.32,0.97,0.86,0.984,0.92,0.7294117647058823,0.009104647483536062,0.07341882950468907,-1.160810818873257,-9.337191090017509,0.32,0.97,0.86,0.979,0.92,0.04884672164916992,51.88251500549487,500.0,True,0.295
ANME2d,gammaCDff2_plus,0.32,0.97,0.86,0.984,0.92,0.7352941176470589,0.008902435859464706,0.07165411669659945,-1.150101248806069,-9.143515648582218,0.32,0.97,0.86,0.979,0.92,0.04884672164916992,51.88251500549487,500.0,True,0.295
ANME2d,gammaCDff2_plus,0.32,0.97,0.86,0.984,0.92,0.7411764705882353,0.008701252822424038,0.06989841501839886,-1.1387193671790332,-8.949145349256236,0.32,0.97,0.86,0.979,0.92,0.04884672164916992,51.88251500549487,500.0,True,0.295
ANME2d,gammaCDff2_plus,0.32,0.97,0.86,0.984,0.92,0.7470588235294118,0.008501068779317411,0.06815160157572214,-1.1266743777547257,-8.75410415585075,0.32,0.97,0.86,0.979,0.92,0.04884672164916992,51.88251500549487,500.0,True,0.295
ANME2d,gammaCDff2_plus,0.32,0.97,0.86,0.984,0.92,0.7529411764705882,0.008301856195800676,0.06641355540180616,-1.1139757188788546,-8.558415601819258,0.32,0.97,0.86,0.979,0.92,0.04884672164916992,51.88251500549487,500.0,True,0.295
ANME2d,gammaCDff2_plus,0.32,0.97,0.86,0.984,0.92,0.7588235294117647,0.00810358642094124,0.06468415825195967,-1.100632245167545,-8.362102477634593,0.32,0.97,0.86,0.979,0.92,0.04884672164916992,51.88251500549487,500.0,True,0.295
ANME2d,gammaCDff2_plus,0.32,0.97,0.86,0.984,0.92,0.7647058823529411,0.007906228740761948,0.06296329472561185,-1.0866520120375367,-8.16518677991245,0.32,0.97,0.86,0.979,0.92,0.04884672164916992,51.88251500549487,500.0,True,0.295
ANME2d,gammaCDff2_plus,0.32,0.97,0.86,0.984,0.92,0.7705882352941176,0.007709753343010502,0.061250851477568743,-1.0720430460744097,-7.967690001885897,0.32,0.97,0.86,0.979,0.92,0.04884672164916992,51.88251500549487,500.0,True,0.295
ANME2d,gammaCDff2_plus,0.32,0.97,0.86,0.984,0.92,0.776470588235294,0.007514128878925875,0.05954671763596343,-1.0568127563977974,-7.769632976584081,0.32,0.97,0.86,0.979,0.92,0.04884672164916992,51.88251500549487,500.0,True,0.295
ANME2d,gammaCDff2_plus,0.32,0.97,0.86,0.984,0.92,0.7823529411764706,0.0073193241387916426,0.05785078447115848,-1.0409683544841384,-7.571035995484363,0.32,0.97,0.86,0.979,0.92,0.04884672164916992,51.88251500549487,500.0,True,0.295
ANME2d,gammaCDff2_plus,0.32,0.97,0.86,0.984,0.92,0.788235294117647,0.007125306411731963,0.05616294550681936,-1.0245164906661195,-7.371918767322375,0.32,0.97,0.86,0.979,0.92,0.04884672164916992,51.88251500549487,500.0,True,0.295
ANME2d,gammaCDff2_plus,0.32,0.97,0.86,0.984,0.92,0.7941176470588236,0.006932041981247555,0.05448309643132431,-1.007463380157381,-7.172300444953444,0.32,0.97,0.86,0.979,0.92,0.04884672164916992,51.88251500549487,500.0,True,0.295
ANME2d,gammaCDff2_plus,0.32,0.97,0.86,0.984,0.92,0.8,0.006739497147549013,0.05281113490377777,-0.9898150565245656,-6.972199693629744,0.32,0.97,0.86,0.979,0.92,0.04884672164916992,51.88251500549487,500.0,True,0.295
ANME2d,gammaCDff2_plus,0.32,0.97,0.86,0.984,0.92,0.8058823529411765,0.006547634531045479,0.051146960780436686,-0.9715765700263548,-6.771634611106563,0.32,0.97,0.86,0.979,0.92,0.04884672164916992,51.88251500549487,500.0,True,0.295
ANME2d,gammaCDff2_plus,0.32,0.97,0.86,0.984,0.92,0.8117647058823529,0.006356418109068594,0.04949047571087516,-0.952753107900017,-6.570622862932962,0.32,0.97,0.86,0.979,0.92,0.04884672164916992,51.88251500549487,500.0,True,0.295
ANME2d,gammaCDff2_plus,0.32,0.97,0.86,0.984,0.92,0.8176470588235294,0.0061658076249064995,0.04784158339648815,-0.933348807735127,-6.369181595438628,0.32,0.97,0.86,0.979,0.92,0.04884672164916992,51.88251500549487,500.0,True,0.295
ANME2d,gammaCDff2_plus,0.32,0.97,0.86,0.984,0.92,0.8235294117647058,0.00597576249027746,0.046200189329351396,-0.9133676134544454,-6.167327522071178,0.32,0.97,0.86,0.979,0.92,0.04884672164916992,51.88251500549487,500.0,True,0.295
ANME2d,gammaCDff2_plus,0.32,0.97,0.86,0.984,0.92,0.8294117647058823,0.005786239498526001,0.0445662008300845,-0.8928128131813492,-5.965076911431091,0.32,0.97,0.86,0.979,0.92,0.04884672164916992,51.88251500549487,500.0,True,0.295
ANME2d,gammaCDff2_plus,0.32,0.97,0.86,0.984,0.92,0.8352941176470587,0.005597191960478802,0.04293952702917155,-0.8716868864757418,-5.762445591219376,0.32,0.97,0.86,0.979,0.92,0.04884672164916992,51.88251500549487,500.0,True,0.295
ANME2d,gammaCDff2_plus,0.32,0.97,0.86,0.984,0.92,0.8411764705882352,0.005408570705414058,0.04132007875474839,-0.8499917413096995,-5.559448984297454,0.32,0.97,0.86,0.979,0.92,0.04884672164916992,51.88251500549487,500.0,True,0.295
ANME2d,gammaCDff2_plus,0.32,0.97,0.86,0.984,0.92,0.8470588235294116,0.005220324275222576,0.03970776849133688,-0.8277287761639978,-5.356102120572061,0.32,0.97,0.86,0.979,0.92,0.04884672164916992,51.88251500549487,500.0,True,0.295
ANME2d,gammaCDff2_plus,0.32,0.97,0.86,0.984,0.92,0.8529411764705883,0.00503239608344116,0.03810251038399089,-0.8048983364098327,-5.152419639489175,0.32,0.97,0.86,0.979,0.92,0.04884672164916992,51.88251500549487,500.0,True,0.295
ANME2d,gammaCDff2_plus,0.32,0.97,0.86,0.984,0.92,0.8588235294117648,0.0048447270094371135,0.03650422014041251,-0.7815002630440139,-4.948415816318172,0.32,0.97,0.86,0.979,0.92,0.04884672164916992,51.88251500549487,500.0,True,0.295
ANME2d,gammaCDff2_plus,0.32,0.97,0.86,0.984,0.92,0.8647058823529412,0.004657251909855788,0.03491281503675127,-0.7575332360153687,-4.744104565647396,0.32,0.97,0.86,0.979,0.92,0.04884672164916992,51.88251500549487,500.0,True,0.295
ANME2d,gammaCDff2_plus,0.32,0.97,0.86,0.984,0.92,0.8705882352941177,0.0044699003384446375,0.03332821385143624,-0.7329949571557626,-4.539499460610793,0.32,0.97,0.86,0.979,0.92,0.04884672164916992,51.88251500549487,500.0,True,0.295
ANME2d,gammaCDff2_plus,0.32,0.97,0.86,0.984,0.92,0.8764705882352941,0.004282596170285962,0.03175033682807598,-0.7078821184718028,-4.334613744669413,0.32,0.97,0.86,0.979,0.92,0.04884672164916992,51.88251500549487,500.0,True,0.295
ANME2d,gammaCDff2_plus,0.32,0.97,0.86,0.984,0.92,0.8823529411764706,0.004095254148208122,0.030179105652630316,-0.6821897926035386,-4.129460345169889,0.32,0.97,0.86,0.979,0.92,0.04884672164916992,51.88251500549487,500.0,True,0.295
ANME2d,gammaCDff2_plus,0.32,0.97,0.86,0.984,0.92,0.888235294117647,0.003907780699737154,0.028614443400835608,-0.6559116506402611,-3.9240518866523955,0.32,0.97,0.86,0.979,0.92,0.04884672164916992,51.88251500549487,500.0,True,0.295
ANME2d,gammaCDff2_plus,0.32,0.97,0.86,0.984,0.92,0.8941176470588235,0.003720072508318371,0.027056274503197673,-0.6290397532183191,-3.7184007041005116,0.32,0.97,0.86,0.979,0.92,0.04884672164916992,51.88251500549487,500.0,True,0.295
ANME2d,gammaCDff2_plus,0.32,0.97,0.86,0.984,0.92,0.8999999999999999,0.003532015133234741,0.025504524711296436,-0.6015643561524381,-3.512518855319537,0.32,0.97,0.86,0.979,0.92,0.04884672164916992,51.88251500549487,500.0,True,0.295
ANME2d,gammaCDff2_plus,0.32,0.97,0.86,0.984,0.92,0.9058823529411764,0.003343479409096745,0.023959121063679853,-0.5734733320783877,-3.306418138621903,0.32,0.97,0.86,0.979,0.92,0.04884672164916992,51.88251500549487,500.0,True,0.295
ANME2d,gammaCDff2_plus,0.32,0.97,0.86,0.984,0.92,0.911764705882353,0.0031543198231568596,0.022419991848214044,-0.544751972050413,-3.1001101067628363,0.32,0.97,0.86,0.979,0.92,0.04884672164916992,51.88251500549487,500.0,True,0.295
ANME2d,gammaCDff2_plus,0.32,0.97,0.86,0.984,0.92,0.9176470588235295,0.002964370861430477,0.02088706656690946,-0.515382444824159,-2.8936060847457443,0.32,0.97,0.86,0.979,0.92,0.04884672164916992,51.88251500549487,500.0,True,0.295
ANME2d,gammaCDff2_plus,0.32,0.97,0.86,0.984,0.92,0.9235294117647059,0.002773442444991918,0.019360275900476544,-0.4853431189612836,-2.6869171891069743,0.32,0.97,0.86,0.979,0.92,0.04884672164916992,51.88251500549487,500.0,True,0.295
ANME2d,gammaCDff2_plus,0.32,0.97,0.86,0.984,0.92,0.9294117647058824,0.002581316560721198,0.01783955167168397,-0.45460812253184335,-2.480054344856168,0.32,0.97,0.86,0.979,0.92,0.04884672164916992,51.88251500549487,500.0,True,0.295
ANME2d,gammaCDff2_plus,0.32,0.97,0.86,0.984,0.92,0.9352941176470588,0.00238774061979181,0.016324826808247258,-0.4231463652177897,-2.2730283097369064,0.32,0.97,0.86,0.979,0.92,0.04884672164916992,51.88251500549487,500.0,True,0.295
ANME2d,gammaCDff2_plus,0.32,0.97,0.86,0.984,0.92,0.9411764705882353,0.002192418910412203,0.014816035302718385,-0.3909203018226598,-2.0658497031105476,0.32,0.97,0.86,0.979,0.92,0.04884672164916992,51.88251500549487,500.0,True,0.295
ANME2d,gammaCDff2_plus,0.32,0.97,0.86,0.984,0.92,0.9470588235294117,0.001995000971672238,0.013313112168837491,-0.35788423669819,-1.8585290422489165,0.32,0.97,0.86,0.979,0.92,0.04884672164916992,51.88251500549487,500.0,True,0.295
ANME2d,gammaCDff2_plus,0.32,0.97,0.86,0.984,0.92,0.9529411764705882,0.0017950706127064211,0.011815993398124697,-0.3239827988571172,-1.6510767763155512,0.32,0.97,0.86,0.979,0.92,0.04884672164916992,51.88251500549487,500.0,True,0.295
ANME2d,gammaCDff2_plus,0.32,0.97,0.86,0.984,0.92,0.9588235294117646,0.0015921273711747622,0.010324615904478354,-0.2891482769571222,-1.443503339001023,0.32,0.97,0.86,0.979,0.92,0.04884672164916992,51.88251500549487,500.0,True,0.295
ANME2d,gammaCDff2_plus,0.32,0.97,0.86,0.984,0.92,0.9647058823529411,0.001385558561792149,0.008838917456499104,-0.2532966339704428,-1.2358192252733524,0.32,0.97,0.86,0.979,0.92,0.04884672164916992,51.88251500549487,500.0,True,0.295
ANME2d,gammaCDff2_plus,0.32,0.97,0.86,0.984,0.92,0.9705882352941175,0.0011746148692033346,0.00735883662749299,-0.21632420757650841,-1.0280350507270455,0.32,0.97,0.86,0.979,0.92,0.04884672164916992,51.88251500549487,500.0,True,0.295
ANME2d,gammaCDff2_plus,0.32,0.97,0.86,0.984,0.92,0.9764705882352942,0.0009583573444238719,0.005884312675916868,-0.17810018225867066,-0.820161691389813,0.32,0.97,0.86,0.979,0.92,0.04884672164916992,51.88251500549487,500.0,True,0.295
ANME2d,gammaCDff2_plus,0.32,0.97,0.86,0.984,0.92,0.9823529411764707,0.000735575970795826,0.004415285273266332,-0.13845631007347595,-0.6122104406147886,0.32,0.97,0.86,0.979,0.92,0.04884672164916992,51.88251500549487,500.0,True,0.295
ANME2d,gammaCDff2_plus,0.32,0.97,0.86,0.984,0.92,0.9882352941176471,0.0005046130599160312,0.0029516878121472207,-0.0971721206869047,-0.40419221555808604,0.32,0.97,0.86,0.979,0.92,0.04884672164916992,51.88251500549487,500.0,True,0.295
ANME2d,gammaCDff2_plus,0.32,0.97,0.86,0.984,0.92,0.9941176470588236,0.00026231461990548776,0.0014928597328715423,-0.05388673336205688,-0.19615724162149073,0.32,0.97,0.86,0.979,0.92,0.04884672164916992,51.88251500549487,500.0,True,0.295
ANME2d,gammaCDff2_plus,0.32,0.97,0.86,0.984,0.92,1.0,0.0,0.0,0.0,0.0,0.32,0.97,0.86,0.979,0.92,0.04884672164916992,51.88251500549487,500.0,True,0.295
ANME2d,gammaCDff2_minus,0.32,0.97,0.86,0.974,0.92,0.3,0.02903896083357296,0.2411328573058784,3.7981409888304647,-18.05785172284412,0.32,0.97,0.86,0.979,0.92,0.044264793395996094,51.882514893529645,500.0,True,0.295
ANME2d,gammaCDff2_minus,0.32,0.97,0.86,0.974,0.92,0.30588235294117644,0.028647379680608435,0.2379805709803875,3.6519351012688,-18.111397134137324,0.32,0.97,0.86,0.979,0.92,0.044264793395996094,51.882514893529645,500.0,True,0.295
ANME2d,gammaCDff2_minus,0.32,0.97,0.86,0.974,0.92,0.31176470588235294,0.028261420269442922,0.234868440720962,3.510433486981983,-18.154479936402534,0.32,0.97,0.86,0.979,0.92,0.044264793395996094,51.882514893529645,500.0,True,0.295
ANME2d,gammaCDff2_minus,0.32,0.97,0.86,0.974,0.92,0.3176470588235294,0.02788090562152796,0.2317951984361671,3.373449908162867,-18.187599613368608,0.32,0.97,0.86,0.979,0.92,0.044264793395996094,51.882514893529645,500.0,True,0.295
ANME2d,gammaCDff2_minus,0.32,0.97,0.86,0.974,0.92,0.32352941176470584,0.027505666271223233,0.22875962968311592,3.240806583418697,-18.211234647101993,0.32,0.97,0.86,0.979,0.92,0.044264793395996094,51.882514893529645,500.0,True,0.295
ANME2d,gammaCDff2_minus,0.32,0.97,0.86,0.974,0.92,0.32941176470588235,0.02713554550590561,0.22576062671052022,3.1123482133833953,-18.22577486793159,0.32,0.97,0.86,0.979,0.92,0.044264793395996094,51.882514893529645,500.0,True,0.295
ANME2d,gammaCDff2_minus,0.32,0.97,0.86,0.974,0.92,0.3352941176470588,0.026770393646310578,0.22279713059073894,2.987926887695395,-18.231591304055634,0.32,0.97,0.86,0.979,0.92,0.044264793395996094,51.882514893529645,500.0,True,0.295
ANME2d,gammaCDff2_minus,0.32,0.97,0.86,0.974,0.92,0.3411764705882353,0.02641005513990089,0.21986799748808022,2.867360931647935,-18.229246869536635,0.32,0.97,0.86,0.979,0.92,0.044264793395996094,51.882514893529645,500.0,True,0.295
ANME2d,gammaCDff2_minus,0.32,0.97,0.86,0.974,0.92,0.34705882352941175,0.02605440088767747,0.21697233519208203,2.7505347829403997,-18.218993404148904,0.32,0.97,0.86,0.979,0.92,0.044264793395996094,51.882514893529645,500.0,True,0.295
ANME2d,gammaCDff2_minus,0.32,0.97,0.86,0.974,0.92,0.3529411764705882,0.025703298063223964,0.2141092047210917,2.6373203931879248,-18.20114713165451,0.32,0.97,0.86,0.979,0.92,0.044264793395996094,51.882514893529645,500.0,True,0.295
ANME2d,gammaCDff2_minus,0.32,0.97,0.86,0.974,0.92,0.3588235294117647,0.025356616438793157,0.21127767776868256,2.5275882672935075,-18.176044582122948,0.32,0.97,0.86,0.979,0.92,0.044264793395996094,51.882514893529645,500.0,True,0.295
ANME2d,gammaCDff2_minus,0.32,0.97,0.86,0.974,0.92,0.36470588235294116,0.025014228810088916,0.20847684296376232,2.421211787333319,-18.144015575955475,0.32,0.97,0.86,0.979,0.92,0.044264793395996094,51.882514893529645,500.0,True,0.295
ANME2d,gammaCDff2_minus,0.32,0.97,0.86,0.974,0.92,0.37058823529411766,0.024676015093267348,0.20570584405437772,2.318072951031669,-18.1053651817148,0.32,0.97,0.86,0.979,0.92,0.044264793395996094,51.882514893529645,500.0,True,0.295
ANME2d,gammaCDff2_minus,0.32,0.97,0.86,0.974,0.92,0.3764705882352941,0.0243418723672522,0.2029639735473769,2.218076897981735,-18.060326265845205,0.32,0.97,0.86,0.979,0.92,0.044264793395996094,51.882514893529645,500.0,True,0.295
ANME2d,gammaCDff2_minus,0.32,0.97,0.86,0.974,0.92,0.38235294117647056,0.024011692945958837,0.20025047136997967,2.1211209000676226,-18.0091585296602,0.32,0.97,0.86,0.979,0.92,0.044264793395996094,51.882514893529645,500.0,True,0.295
ANME2d,gammaCDff2_minus,0.32,0.97,0.86,0.974,0.92,0.388235294117647,0.02368537012222457,0.19756457789587126,2.027102345354703,-17.952123597333795,0.32,0.97,0.86,0.979,0.92,0.044264793395996094,51.882514893529645,500.0,True,0.295
ANME2d,gammaCDff2_minus,0.32,0.97,0.86,0.974,0.92,0.3941176470588235,0.02336280204613425,0.19490557009773307,1.9359242462777702,-17.889467426976047,0.32,0.97,0.86,0.979,0.92,0.044264793395996094,51.882514893529645,500.0,True,0.295
ANME2d,gammaCDff2_minus,0.32,0.97,0.86,0.974,0.92,0.4,0.023043891366123094,0.1922727587607276,1.8474948018262527,-17.82142153149327,0.32,0.97,0.86,0.979,0.92,0.044264793395996094,51.882514893529645,500.0,True,0.295
ANME2d,gammaCDff2_minus,0.32,0.97,0.86,0.974,0.92,0.40588235294117647,0.022728537429516613,0.18966541201816242,1.761715765258396,-17.748239701002905,0.32,0.97,0.86,0.979,0.92,0.044264793395996094,51.882514893529645,500.0,True,0.295
ANME2d,gammaCDff2_minus,0.32,0.97,0.86,0.974,0.92,0.4117647058823529,0.022416657224584902,0.18708296286702866,1.6785138658694805,-17.67009881718189,0.32,0.97,0.86,0.979,0.92,0.044264793395996094,51.882514893529645,500.0,True,0.295
ANME2d,gammaCDff2_minus,0.32,0.97,0.86,0.974,0.92,0.41764705882352937,0.022108171486134448,0.18452487301447007,1.5978203337282548,-17.58716237888706,0.32,0.97,0.86,0.979,0.92,0.044264793395996094,51.882514893529645,500.0,True,0.295
ANME2d,gammaCDff2_minus,0.32,0.97,0.86,0.974,0.92,0.4235294117647059,0.021802997475922604,0.1819905617241771,1.5195599933631838,-17.499615425551397,0.32,0.97,0.86,0.979,0.92,0.044264793395996094,51.882514893529645,500.0,True,0.295
ANME2d,gammaCDff2_minus,0.32,0.97,0.86,0.974,0.92,0.4294117647058823,0.021501054025393956,0.17947945588352343,1.4436587617708114,-17.407641231700705,0.32,0.97,0.86,0.979,0.92,0.044264793395996094,51.882514893529645,500.0,True,0.295
ANME2d,gammaCDff2_minus,0.32,0.97,0.86,0.974,0.92,0.43529411764705883,0.021202263210753452,0.1769910070156063,1.3700462186607645,-17.311413108993158,0.32,0.97,0.86,0.979,0.92,0.044264793395996094,51.882514893529645,500.0,True,0.295
ANME2d,gammaCDff2_minus,0.32,0.97,0.86,0.974,0.92,0.4411764705882353,0.020906549371699737,0.17452468077426622,1.2986540332087546,-17.2110990786027,0.32,0.97,0.86,0.979,0.92,0.044264793395996094,51.882514893529645,500.0,True,0.295
ANME2d,gammaCDff2_minus,0.32,0.97,0.86,0.974,0.92,0.44705882352941173,0.020613836460052284,0.17207992699113855,1.2294114477619207,-17.10687569299394,0.32,0.97,0.86,0.979,0.92,0.044264793395996094,51.882514893529645,500.0,True,0.295
ANME2d,gammaCDff2_minus,0.32,0.97,0.86,0.974,0.92,0.45294117647058824,0.020324060787085842,0.16965632744996967,1.1622673882860943,-16.99886083070616,0.32,0.97,0.86,0.979,0.92,0.044264793395996094,51.882514893529645,500.0,True,0.295
ANME2d,gammaCDff2_minus,0.32,0.97,0.86,0.974,0.92,0.4588235294117647,0.020037158136609126,0.16725344815436333,1.097168447440308,-16.887179893180477,0.32,0.97,0.86,0.979,0.92,0.044264793395996094,51.882514893529645,500.0,True,0.295
ANME2d,gammaCDff2_minus,0.32,0.97,0.86,0.974,0.92,0.4647058823529412,0.019753062600389053,0.1648708262573515,1.0340568616906736,-16.771972283090296,0.32,0.97,0.86,0.979,0.92,0.044264793395996094,51.882514893529645,500.0,True,0.295
ANME2d,gammaCDff2_minus,0.32,0.97,0.86,0.974,0.92,0.47058823529411764,0.019471710645656382,0.16250801736286888,0.972877536024659,-16.65337034043427,0.32,0.97,0.86,0.979,0.92,0.044264793395996094,51.882514893529645,500.0,True,0.295
ANME2d,gammaCDff2_minus,0.32,0.97,0.86,0.974,0.92,0.4764705882352941,0.019193040967524225,0.16016459434071292,0.913577867357744,-16.53149981159962,0.32,0.97,0.86,0.979,0.92,0.044264793395996094,51.882514893529645,500.0,True,0.295
ANME2d,gammaCDff2_minus,0.32,0.97,0.86,0.974,0.92,0.48235294117647054,0.018916992771968625,0.15784012360997193,0.8561041220110424,-16.406490674209888,0.32,0.97,0.86,0.979,0.92,0.044264793395996094,51.882514893529645,500.0,True,0.295
ANME2d,gammaCDff2_minus,0.32,0.97,0.86,0.974,0.92,0.48823529411764705,0.01864350934414072,0.15553421691150368,0.8004093298388515,-16.278453563610682,0.32,0.97,0.86,0.979,0.92,0.044264793395996094,51.882514893529645,500.0,True,0.295
ANME2d,gammaCDff2_minus,0.32,0.97,0.86,0.974,0.92,0.49411764705882355,0.018372537495169018,0.15324652433118469,0.7464522729098416,-16.147482394625314,0.32,0.97,0.86,0.979,0.92,0.044264793395996094,51.882514893529645,500.0,True,0.295
ANME2d,gammaCDff2_minus,0.32,0.97,0.86,0.974,0.92,0.5,0.018104023990318262,0.15097668385628582,0.6941897727168334,-16.01367749880154,0.32,0.97,0.86,0.979,0.92,0.044264793395996094,51.882514893529645,500.0,True,0.295
ANME2d,gammaCDff2_minus,0.32,0.97,0.86,0.974,0.92,0.5058823529411764,0.017837916214178788,0.1487243313936789,0.6435781868252339,-15.877141360333901,0.32,0.97,0.86,0.979,0.92,0.044264793395996094,51.882514893529645,500.0,True,0.295
ANME2d,gammaCDff2_minus,0.32,0.97,0.86,0.974,0.92,0.5117647058823529,0.01757416318971172,0.14648911592945366,0.594575723039649,-15.737971678305184,0.32,0.97,0.86,0.979,0.92,0.044264793395996094,51.882514893529645,500.0,True,0.295
ANME2d,gammaCDff2_minus,0.32,0.97,0.86,0.974,0.92,0.5176470588235293,0.017312715484387387,0.1442706987508181,0.5471423246563136,-15.596261667524896,0.32,0.97,0.86,0.979,0.92,0.044264793395996094,51.882514893529645,500.0,True,0.295
ANME2d,gammaCDff2_minus,0.32,0.97,0.86,0.974,0.92,0.5235294117647058,0.01705352448042842,0.14206873930525984,0.5012374887905761,-15.452106298094574,0.32,0.97,0.86,0.979,0.92,0.044264793395996094,51.882514893529645,500.0,True,0.295
ANME2d,gammaCDff2_minus,0.32,0.97,0.86,0.974,0.92,0.5294117647058824,0.016796544107422436,0.1398829323817983,0.45682601130947303,-15.30558585320247,0.32,0.97,0.86,0.979,0.92,0.044264793395996094,51.882514893529645,500.0,True,0.295
ANME2d,gammaCDff2_minus,0.32,0.97,0.86,0.974,0.92,0.5352941176470588,0.016541729712775507,0.13771298556052977,0.41387452284401777,-15.156775696569886,0.32,0.97,0.86,0.979,0.92,0.044264793395996094,51.882514893529645,500.0,True,0.295
ANME2d,gammaCDff2_minus,0.32,0.97,0.86,0.974,0.92,0.5411764705882353,0.01628903706971905,0.13555859938199555,0.37234842408677965,-15.005755070749684,0.32,0.97,0.86,0.979,0.92,0.044264793395996094,51.882514893529645,500.0,True,0.295
ANME2d,gammaCDff2_minus,0.32,0.97,0.86,0.974,0.92,0.5470588235294118,0.016038423127092385,0.13341948107707446,0.33221396966220773,-14.852601123615564,0.32,0.97,0.86,0.979,0.92,0.044264793395996094,51.882514893529645,500.0,True,0.295
ANME2d,gammaCDff2_minus,0.32,0.97,0.86,0.974,0.92,0.5529411764705883,0.015789845944679665,0.13129534941681562,0.2934390744909665,-14.697386803957569,0.32,0.97,0.86,0.979,0.92,0.044264793395996094,51.882514893529645,500.0,True,0.295
ANME2d,gammaCDff2_minus,0.32,0.97,0.86,0.974,0.92,0.5588235294117647,0.015543264617462995,0.12918593696793218,0.255993700938765,-14.54017980549853,0.32,0.97,0.86,0.979,0.92,0.044264793395996094,51.882514893529645,500.0,True,0.295
ANME2d,gammaCDff2_minus,0.32,0.97,0.86,0.974,0.92,0.5647058823529412,0.01529863927039811,0.12709098081049627,0.2198483273888792,-14.381046568745274,0.32,0.97,0.86,0.979,0.92,0.044264793395996094,51.882514893529645,500.0,True,0.295
ANME2d,gammaCDff2_minus,0.32,0.97,0.86,0.974,0.92,0.5705882352941176,0.0150559310077697,0.12501022171412574,0.18497381494939572,-14.220052691108819,0.32,0.97,0.86,0.979,0.92,0.044264793395996094,51.882514893529645,500.0,True,0.295
ANME2d,gammaCDff2_minus,0.32,0.97,0.86,0.974,0.92,0.5764705882352941,0.014815102163265606,0.12294340508551427,0.15134150287803447,-14.057262474367905,0.32,0.97,0.86,0.979,0.92,0.044264793395996094,51.882514893529645,500.0,True,0.295
ANME2d,gammaCDff2_minus,0.32,0.97,0.86,0.974,0.92,0.5823529411764705,0.014576115357057863,0.12089028941179278,0.1189248046298207,-13.892735366342988,0.32,0.97,0.86,0.979,0.92,0.044264793395996094,51.882514893529645,500.0,True,0.295
ANME2d,gammaCDff2_minus,0.32,0.97,0.86,0.974,0.92,0.588235294117647,0.014338933777547554,0.11885064266402148,0.08769855119056186,-13.726527415281007,0.32,0.97,0.86,0.979,0.92,0.044264793395996094,51.882514893529645,500.0,True,0.295
ANME2d,gammaCDff2_minus,0.32,0.97,0.86,0.974,0.92,0.5941176470588235,0.014103522011603347,0.11682423330329646,0.05763732225995722,-13.558695050068703,0.32,0.97,0.86,0.979,0.92,0.044264793395996094,51.882514893529645,500.0,True,0.295
ANME2d,gammaCDff2_minus,0.32,0.97,0.86,0.974,0.92,0.6,0.013869845659486464,0.1148108346230019,0.028716241497808215,-13.389293287670348,0.32,0.97,0.86,0.979,0.92,0.044264793395996094,51.882514893529645,500.0,True,0.295
ANME2d,gammaCDff2_minus,0.32,0.97,0.86,0.974,0.92,0.6058823529411765,0.013637870983779993,0.11281022632268477,0.0009113115199037639,-13.21837507891297,0.32,0.97,0.86,0.979,0.92,0.044264793395996094,51.882514893529645,500.0,True,0.295
ANME2d,gammaCDff2_minus,0.32,0.97,0.86,0.974,0.92,0.611764705882353,0.013407563937218456,0.11082219824776345,-0.0257997554567686,-13.045989735741951,0.32,0.97,0.86,0.979,0.92,0.044264793395996094,51.882514893529645,500.0,True,0.295
ANME2d,gammaCDff2_minus,0.32,0.97,0.86,0.974,0.92,0.6176470588235294,0.013178891192265858,0.10884654550772352,-0.051438575121914895,-12.872184905950947,0.32,0.97,0.86,0.979,0.92,0.044264793395996094,51.882514893529645,500.0,True,0.295
ANME2d,gammaCDff2_minus,0.32,0.97,0.86,0.974,0.92,0.6235294117647059,0.012951820923168177,0.10688306466499509,-0.07602689584734318,-12.697008168883013,0.32,0.97,0.86,0.979,0.92,0.044264793395996094,51.882514893529645,500.0,True,0.295
ANME2d,gammaCDff2_minus,0.32,0.97,0.86,0.974,0.92,0.6294117647058823,0.012726322284481928,0.10493155646389106,-0.09958603620822733,-12.520505935510055,0.32,0.97,0.86,0.979,0.92,0.044264793395996094,51.882514893529645,500.0,True,0.295
ANME2d,gammaCDff2_minus,0.32,0.97,0.86,0.974,0.92,0.6352941176470588,0.012502364132108246,0.10299182895503388,-0.12213608237798286,-12.34272212505187,0.32,0.97,0.86,0.979,0.92,0.044264793395996094,51.882514893529645,500.0,True,0.295
ANME2d,gammaCDff2_minus,0.32,0.97,0.86,0.974,0.92,0.6411764705882352,0.012279914770807377,0.10106369786987854,-0.1436957729286288,-12.163697972577117,0.32,0.97,0.86,0.979,0.92,0.044264793395996094,51.882514893529645,500.0,True,0.295
ANME2d,gammaCDff2_minus,0.32,0.97,0.86,0.974,0.92,0.6470588235294117,0.012058944075100084,0.09914698058199015,-0.16428397741084047,-11.983474546924773,0.32,0.97,0.86,0.979,0.92,0.044264793395996094,51.882514893529645,500.0,True,0.295
ANME2d,gammaCDff2_minus,0.32,0.97,0.86,0.974,0.92,0.6529411764705881,0.011839422703520298,0.09724149800963107,-0.18391920424900013,-11.802091970966314,0.32,0.97,0.86,0.979,0.92,0.044264793395996094,51.882514893529645,500.0,True,0.295
ANME2d,gammaCDff2_minus,0.32,0.97,0.86,0.974,0.92,0.6588235294117647,0.011621321793820619,0.095347075309203,-0.20261941809817977,-11.619589116379167,0.32,0.97,0.86,0.979,0.92,0.044264793395996094,51.882514893529645,500.0,True,0.295
ANME2d,gammaCDff2_minus,0.32,0.97,0.86,0.974,0.92,0.6647058823529411,0.01140461204710904,0.09346354332065249,-0.22040160409559734,-11.436003007977444,0.32,0.97,0.86,0.979,0.92,0.044264793395996094,51.882514893529645,500.0,True,0.295
ANME2d,gammaCDff2_minus,0.32,0.97,0.86,0.974,0.92,0.6705882352941177,0.011189263958684897,0.09159073791650246,-0.2372819292154803,-11.251369067097473,0.32,0.97,0.86,0.979,0.92,0.044264793395996094,51.882514893529645,500.0,True,0.295
ANME2d,gammaCDff2_minus,0.32,0.97,0.86,0.974,0.92,0.6764705882352942,0.010975249584491116,0.08972849673542548,-0.25327666924980935,-11.065722427587243,0.32,0.97,0.86,0.979,0.92,0.044264793395996094,51.882514893529645,500.0,True,0.295
ANME2d,gammaCDff2_minus,0.32,0.97,0.86,0.974,0.92,0.6823529411764706,0.010762540689362752,0.08787666185215309,-0.26840136176037266,-10.879096863789165,0.32,0.97,0.86,0.979,0.92,0.044264793395996094,51.882514893529645,500.0,True,0.295
ANME2d,gammaCDff2_minus,0.32,0.97,0.86,0.974,0.92,0.6882352941176471,0.010551108583400628,0.0860350797611774,-0.2826707755585331,-10.691524785738443,0.32,0.97,0.86,0.979,0.92,0.044264793395996094,51.882514893529645,500.0,True,0.295
ANME2d,gammaCDff2_minus,0.32,0.97,0.86,0.974,0.92,0.6941176470588235,0.010340926107902756,0.0842035992429384,-0.29609970711199873,-10.503038087927775,0.32,0.97,0.86,0.979,0.92,0.044264793395996094,51.882514893529645,500.0,True,0.295
ANME2d,gammaCDff2_minus,0.32,0.97,0.86,0.974,0.92,0.7,0.010131965775617391,0.08238207284326997,-0.3087023224971992,-10.313667561587666,0.32,0.97,0.86,0.979,0.92,0.044264793395996094,51.882514893529645,500.0,True,0.295
ANME2d,gammaCDff2_minus,0.32,0.97,0.86,0.974,0.92,0.7058823529411764,0.009924199056861756,0.08057035719831539,-0.3204919493981149,-10.123442757692404,0.32,0.97,0.86,0.979,0.92,0.044264793395996094,51.882514893529645,500.0,True,0.295
ANME2d,gammaCDff2_minus,0.32,0.97,0.86,0.974,0.92,0.7117647058823529,0.00971759891521467,0.07876831138481717,-0.331481914966422,-9.93239262296375,0.32,0.97,0.86,0.979,0.92,0.044264793395996094,51.882514893529645,500.0,True,0.295
ANME2d,gammaCDff2_minus,0.32,0.97,0.86,0.974,0.92,0.7176470588235294,0.009512138480275722,0.07697579749453522,-0.34168515591578924,-9.740545280384238,0.32,0.97,0.86,0.979,0.92,0.044264793395996094,51.882514893529645,500.0,True,0.295
ANME2d,gammaCDff2_minus,0.32,0.97,0.86,0.974,0.92,0.7235294117647059,0.009307789338583835,0.07519268130201907,-0.35111373737976037,-9.547927764303614,0.32,0.97,0.86,0.979,0.92,0.044264793395996094,51.882514893529645,500.0,True,0.295
ANME2d,gammaCDff2_minus,0.32,0.97,0.86,0.974,0.92,0.7294117647058823,0.009104523582104704,0.07341883133101135,-0.35977946090282575,-9.354566370400121,0.32,0.97,0.86,0.979,0.92,0.044264793395996094,51.882514893529645,500.0,True,0.295
ANME2d,gammaCDff2_minus,0.32,0.97,0.86,0.974,0.92,0.7352941176470589,0.008902314542644722,0.07165411844789449,-0.3676940892855951,-9.160486814579174,0.32,0.97,0.86,0.979,0.92,0.044264793395996094,51.882514893529645,500.0,True,0.295
ANME2d,gammaCDff2_minus,0.32,0.97,0.86,0.974,0.92,0.7411764705882353,0.008701134090890822,0.06989841669658203,-0.3748686263803365,-8.965713905608416,0.32,0.97,0.86,0.979,0.92,0.044264793395996094,51.882514893529645,500.0,True,0.295
ANME2d,gammaCDff2_minus,0.32,0.97,0.86,0.974,0.92,0.7470588235294118,0.008500952633787903,0.06815160318267652,-0.3813133441132349,-8.770271581176171,0.32,0.97,0.86,0.979,0.92,0.044264793395996094,51.882514893529645,500.0,True,0.295
ANME2d,gammaCDff2_minus,0.32,0.97,0.86,0.974,0.92,0.7529411764705882,0.008301742637022394,0.06641355693938467,-0.3870387272559548,-8.574183349223095,0.32,0.97,0.86,0.979,0.92,0.044264793395996094,51.882514893529645,500.0,True,0.295
ANME2d,gammaCDff2_minus,0.32,0.97,0.86,0.974,0.92,0.7588235294117647,0.008103475449703402,0.064684159721985,-0.39205466428472274,-8.377471975075396,0.32,0.97,0.86,0.979,0.92,0.044264793395996094,51.882514893529645,500.0,True,0.295
ANME2d,gammaCDff2_minus,0.32,0.97,0.86,0.974,0.92,0.7647058823529411,0.007906120357910086,0.06296329612988043,-0.3963702359514485,-8.180159430462158,0.32,0.97,0.86,0.979,0.92,0.044264793395996094,51.882514893529645,500.0,True,0.295
ANME2d,gammaCDff2_minus,0.32,0.97,0.86,0.974,0.92,0.7705882352941176,0.0077096475494488415,0.06125085281784988,-0.39999447711022823,-7.982267184222148,0.32,0.97,0.86,0.979,0.92,0.044264793395996094,51.882514893529645,500.0,True,0.295
ANME2d,gammaCDff2_minus,0.32,0.97,0.86,0.974,0.92,0.776470588235294,0.007514025675632504,0.05954671891399845,-0.40293579743168656,-7.783816045235305,0.32,0.97,0.86,0.979,0.92,0.044264793395996094,51.882514893529645,500.0,True,0.295
ANME2d,gammaCDff2_minus,0.32,0.97,0.86,0.974,0.92,0.7823529411764706,0.007319223526821103,0.05785078568866344,-0.40520239504539357,-7.584826281236781,0.32,0.97,0.86,0.979,0.92,0.044264793395996094,51.882514893529645,500.0,True,0.295
ANME2d,gammaCDff2_minus,0.32,0.97,0.86,0.974,0.92,0.788235294117647,0.007125208392251037,0.056162946665485464,-0.40680190136518757,-7.385317577422559,0.32,0.97,0.86,0.979,0.92,0.044264793395996094,51.882514893529645,500.0,True,0.295
ANME2d,gammaCDff2_minus,0.32,0.97,0.86,0.974,0.92,0.7941176470588236,0.006931946555509378,0.05448309753282043,-0.40774150503243284,-7.185309063360741,0.32,0.97,0.86,0.979,0.92,0.044264793395996094,51.882514893529645,500.0,True,0.295
ANME2d,gammaCDff2_minus,0.32,0.97,0.86,0.974,0.92,0.8,0.006739404316930645,0.052811135949748345,-0.4080282014210628,-6.984819381365406,0.32,0.97,0.86,0.979,0.92,0.044264793395996094,51.882514893529645,500.0,True,0.295
ANME2d,gammaCDff2_minus,0.32,0.97,0.86,0.974,0.92,0.8058823529411765,0.006547544297064227,0.051146961772501845,-0.4076680107492796,-6.783866606127531,0.32,0.97,0.86,0.979,0.92,0.044264793395996094,51.882514893529645,500.0,True,0.295
ANME2d,gammaCDff2_minus,0.32,0.97,0.86,0.974,0.92,0.8117647058823529,0.006356330473377067,0.049490476650632616,-0.40666707219514553,-6.582468380641349,0.32,0.97,0.86,0.979,0.92,0.044264793395996094,51.882514893529645,500.0,True,0.295
ANME2d,gammaCDff2_minus,0.32,0.97,0.86,0.974,0.92,0.8176470588235294,0.006165722589349801,0.04784158428551092,-0.40503048868159,-6.380641828440581,0.32,0.97,0.86,0.979,0.92,0.044264793395996094,51.882514893529645,500.0,True,0.295
ANME2d,gammaCDff2_minus,0.32,0.97,0.86,0.974,0.92,0.8235294117647058,0.005975680056856606,0.04620019016919167,-0.40276316184774147,-6.178403640437326,0.32,0.97,0.86,0.979,0.92,0.044264793395996094,51.882514893529645,500.0,True,0.295
ANME2d,gammaCDff2_minus,0.32,0.97,0.86,0.974,0.92,0.8294117647058823,0.005786159669491214,0.04456620162227109,-0.39986934372008603,-5.975770062634611,0.32,0.97,0.86,0.979,0.92,0.044264793395996094,51.882514893529645,500.0,True,0.295
ANME2d,gammaCDff2_minus,0.32,0.97,0.86,0.974,0.92,0.8352941176470587,0.00559711473828219,0.042939527775213884,-0.3963524897944702,-5.772756899939505,0.32,0.97,0.86,0.979,0.92,0.044264793395996094,51.882514893529645,500.0,True,0.295
ANME2d,gammaCDff2_minus,0.32,0.97,0.86,0.974,0.92,0.8411764705882352,0.005408496092784333,0.041320079456135264,-0.3922154913006833,-5.5693795523433876,0.32,0.97,0.86,0.979,0.92,0.044264793395996094,51.882514893529645,500.0,True,0.295
ANME2d,gammaCDff2_minus,0.32,0.97,0.86,0.974,0.92,0.8470588235294116,0.005220252275151036,0.03970776914953505,-0.38746073675439885,-5.365653026816317,0.32,0.97,0.86,0.979,0.92,0.044264793395996094,51.882514893529645,500.0,True,0.295
ANME2d,gammaCDff2_minus,0.32,0.97,0.86,0.974,0.92,0.8529411764705883,0.00503232669923958,0.03810251100044671,-0.3820895865465128,-5.161591939388552,0.32,0.97,0.86,0.979,0.92,0.044264793395996094,51.882514893529645,500.0,True,0.295
ANME2d,gammaCDff2_minus,0.32,0.97,0.86,0.974,0.92,0.8588235294117648,0.004844660244830329,0.036504220716550836,-0.3761029066337734,-4.9572105417896735,0.32,0.97,0.86,0.979,0.92,0.044264793395996094,51.882514893529645,500.0,True,0.295
ANME2d,gammaCDff2_minus,0.32,0.97,0.86,0.974,0.92,0.8647058823529412,0.004657187768876103,0.03491281557397907,-0.36950043452663317,-4.752522724431747,0.32,0.97,0.86,0.979,0.92,0.044264793395996094,51.882514893529645,500.0,True,0.295
ANME2d,gammaCDff2_minus,0.32,0.97,0.86,0.974,0.92,0.8705882352941177,0.004469838825641748,0.03332821435114207,-0.36228095896349105,-4.547542035710993,0.32,0.97,0.86,0.979,0.92,0.044264793395996094,51.882514893529645,500.0,True,0.295
ANME2d,gammaCDff2_minus,0.32,0.97,0.86,0.974,0.92,0.8764705882352941,0.00428253729065957,0.03175033729163025,-0.3544422917479868,-4.342281693725215,0.32,0.97,0.86,0.979,0.92,0.044264793395996094,51.882514893529645,500.0,True,0.295
ANME2d,gammaCDff2_minus,0.32,0.97,0.86,0.974,0.92,0.8823529411764706,0.004095197907358188,0.030179106081386377,-0.345980681850206,-4.136754599303502,0.32,0.97,0.86,0.979,0.92,0.044264793395996094,51.882514893529645,500.0,True,0.295
ANME2d,gammaCDff2_minus,0.32,0.97,0.86,0.974,0.92,0.888235294117647,0.003907727103884523,0.02861444379613071,-0.33689102968798273,-3.930973349406346,0.32,0.97,0.86,0.979,0.92,0.044264793395996094,51.882514893529645,500.0,True,0.295
ANME2d,gammaCDff2_minus,0.32,0.97,0.86,0.974,0.92,0.8941176470588235,0.003720021564439731,0.027056274866355923,-0.3271666891189974,-3.7249502501520393,0.32,0.97,0.86,0.979,0.92,0.044264793395996094,51.882514893529645,500.0,True,0.295
ANME2d,gammaCDff2_minus,0.32,0.97,0.86,0.974,0.92,0.8999999999999999,0.003531966849062839,0.025504525043627584,-0.31679928363996096,-3.5186973289636425,0.32,0.97,0.86,0.979,0.92,0.044264793395996094,51.882514893529645,500.0,True,0.295
ANME2d,gammaCDff2_minus,0.32,0.97,0.86,0.974,0.92,0.9058823529411764,0.003343433793306529,0.023959121366477848,-0.30577815418633325,-3.312226351690809,0.32,0.97,0.86,0.979,0.92,0.044264793395996094,51.882514893529645,500.0,True,0.295
ANME2d,gammaCDff2_minus,0.32,0.97,0.86,0.974,0.92,0.911764705882353,0.00315427688550369,0.022419992122755125,-0.2940901740132546,-3.1055488362730834,0.32,0.97,0.86,0.979,0.92,0.044264793395996094,51.882514893529645,500.0,True,0.295
ANME2d,gammaCDff2_minus,0.32,0.97,0.86,0.974,0.92,0.9176470588235295,0.002964330612940555,0.02088706681445512,-0.2817192357217728,-2.8986760699530074,0.32,0.97,0.86,0.979,0.92,0.044264793395996094,51.882514893529645,500.0,True,0.295
ANME2d,gammaCDff2_minus,0.32,0.97,0.86,0.974,0.92,0.9235294117647059,0.0027734048980956336,0.019360276122273826,-0.2686456077204305,-2.6916191278287207,0.32,0.97,0.86,0.979,0.92,0.044264793395996094,51.882514893529645,500.0,True,0.295
ANME2d,gammaCDff2_minus,0.32,0.97,0.86,0.974,0.92,0.9294117647058824,0.002581281729507022,0.017839551868967032,-0.2548455206620579,-2.484388889243375,0.32,0.97,0.86,0.979,0.92,0.044264793395996094,51.882514893529645,500.0,True,0.295
ANME2d,gammaCDff2_minus,0.32,0.97,0.86,0.974,0.92,0.9352941176470588,0.002387708520299292,0.016324826982239537,-0.2402902396800353,-2.2769960609770887,0.32,0.97,0.86,0.979,0.92,0.044264793395996094,51.882514893529645,500.0,True,0.295
ANME2d,gammaCDff2_minus,0.32,0.97,0.86,0.974,0.92,0.9411764705882353,0.002192389561007556,0.014816035454631496,-0.22494489335430107,-2.0694512047476614,0.32,0.97,0.86,0.979,0.92,0.044264793395996094,51.882514893529645,500.0,True,0.295
ANME2d,gammaCDff2_minus,0.32,0.97,0.86,0.974,0.92,0.9470588235294117,0.001994974393571662,0.013313112299862246,-0.2087668665826563,-1.8617647716198908,0.32,0.97,0.86,0.979,0.92,0.044264793395996094,51.882514893529645,500.0,True,0.295
ANME2d,gammaCDff2_minus,0.32,0.97,0.86,0.974,0.92,0.9529411764705882,0.0017950468303532684,0.011815993509444093,-0.19170436040076488,-1.6539471342164946,0.32,0.97,0.86,0.979,0.92,0.044264793395996094,51.882514893529645,500.0,True,0.295
ANME2d,gammaCDff2_minus,0.32,0.97,0.86,0.974,0.92,0.9588235294117646,0.0015921064132460758,0.010324615997272362,-0.17369386911284207,-1.4460086363410762,0.32,0.97,0.86,0.979,0.92,0.044264793395996094,51.882514893529645,500.0,True,0.295
ANME2d,gammaCDff2_minus,0.32,0.97,0.86,0.974,0.92,0.9647058823529411,0.0013855404620205073,0.008838917531939062,-0.15465641177887446,-1.2379596651245894,0.32,0.97,0.86,0.979,0.92,0.044264793395996094,51.882514893529645,500.0,True,0.295
ANME2d,gammaCDff2_minus,0.32,0.97,0.86,0.974,0.92,0.9705882352941175,0.0011745996673770418,0.007358836686738565,-0.13449442361818717,-1.029810706376305,0.32,0.97,0.86,0.979,0.92,0.044264793395996094,51.882514893529645,500.0,True,0.295
ANME2d,gammaCDff2_minus,0.32,0.97,0.86,0.974,0.92,0.9764705882352942,0.000958345088939717,0.005884312720128931,-0.11308464060224738,-0.8215724756317746,0.32,0.97,0.86,0.979,0.92,0.044264793395996094,51.882514893529645,500.0,True,0.295
ANME2d,gammaCDff2_minus,0.32,0.97,0.86,0.974,0.92,0.9823529411764707,0.0007355667213748495,0.0044152853036190575,-0.09026851788904068,-0.6132560601728121,0.32,0.97,0.86,0.979,0.92,0.044264793395996094,51.882514893529645,500.0,True,0.295
ANME2d,gammaCDff2_minus,0.32,0.97,0.86,0.974,0.92,0.9882352941176471,0.0005046068975337071,0.0029516878297743757,-0.06583919470227594,-0.4048720878309634,0.32,0.97,0.86,0.979,0.92,0.044264793395996094,51.882514893529645,500.0,True,0.295
ANME2d,gammaCDff2_minus,0.32,0.97,0.86,0.974,0.92,0.9941176470588236,0.0002623117065303337,0.0014928597389938022,-0.039439825499262726,-0.19647070448146753,0.32,0.97,0.86,0.979,0.92,0.044264793395996094,51.882514893529645,500.0,True,0.295
ANME2d,gammaCDff2_minus,0.32,0.97,0.86,0.974,0.92,1.0,0.0,0.0,0.0,0.0,0.32,0.97,0.86,0.979,0.92,0.044264793395996094,51.882514893529645,500.0,True,0.295
ANME2d,gammaDDff2_plus,0.32,0.97,0.86,0.979,0.93,0.3,0.0290391129103022,0.24113285043544772,2.561600593852637,-19.83947620928182,0.32,0.97,0.86,0.979,0.92,0.04071807861328125,51.88251494750895,500.0,True,0.295
ANME2d,gammaDDff2_plus,0.32,0.97,0.86,0.979,0.93,0.30588235294117644,0.02864753074628198,0.23798056435564602,2.4302018862821115,-19.873513252185486,0.32,0.97,0.86,0.979,0.92,0.04071807861328125,51.88251494750895,500.0,True,0.295
ANME2d,gammaDDff2_plus,0.32,0.97,0.86,0.979,0.93,0.31176470588235294,0.028261570309050774,0.23486843433817584,2.3033474457728174,-19.89726956756725,0.32,0.97,0.86,0.979,0.92,0.04071807861328125,51.88251494750895,500.0,True,0.295
ANME2d,gammaDDff2_plus,0.32,0.97,0.86,0.979,0.93,0.3176470588235294,0.027881054620531417,0.2317951922896757,2.180856166331397,-19.911237999643223,0.32,0.97,0.86,0.979,0.92,0.04071807861328125,51.88251494750895,500.0,True,0.295
ANME2d,gammaDDff2_plus,0.32,0.97,0.86,0.979,0.93,0.32352941176470584,0.02750581422240896,0.22875962382681078,2.0625552086816774,-19.915890566145247,0.32,0.97,0.86,0.979,0.92,0.04071807861328125,51.88251494750895,500.0,True,0.295
ANME2d,gammaDDff2_plus,0.32,0.97,0.86,0.979,0.93,0.32941176470588235,0.02713569233975969,0.22576062057784446,1.9482935149988472,-19.911612426755468,0.32,0.97,0.86,0.979,0.92,0.04071807861328125,51.88251494750895,500.0,True,0.295
ANME2d,gammaDDff2_plus,0.32,0.97,0.86,0.979,0.93,0.3352941176470588,0.026770539437953714,0.22279712504515714,1.8379277601558508,-19.898767586906636,0.32,0.97,0.86,0.979,0.92,0.04071807861328125,51.88251494750895,500.0,True,0.295
ANME2d,gammaDDff2_plus,0.32,0.97,0.86,0.979,0.93,0.3411764705882353,0.026410199839327936,0.21986799215943384,1.7312808080535338,-19.877913532967128,0.32,0.97,0.86,0.979,0.92,0.04071807861328125,51.88251494750895,500.0,True,0.295
ANME2d,gammaDDff2_plus,0.32,0.97,0.86,0.979,0.93,0.34705882352941175,0.026054544472448888,0.21697232996048305,1.628240561525056,-19.84929802259775,0.32,0.97,0.86,0.979,0.92,0.04071807861328125,51.88251494750895,500.0,True,0.295
ANME2d,gammaDDff2_plus,0.32,0.97,0.86,0.979,0.93,0.3529411764705882,0.025703440526861653,0.21410919961584263,1.528682760493352,-19.813232484631722,0.32,0.97,0.86,0.979,0.92,0.04071807861328125,51.88251494750895,500.0,True,0.295
ANME2d,gammaDDff2_plus,0.32,0.97,0.86,0.979,0.93,0.3588235294117647,0.025356757774038802,0.2112776728078033,1.4324816770444817,-19.770048654749704,0.32,0.97,0.86,0.979,0.92,0.04071807861328125,51.88251494750895,500.0,True,0.295
ANME2d,gammaDDff2_plus,0.32,0.97,0.86,0.979,0.93,0.36470588235294116,0.02501436902970524,0.2084768383451564,1.3395144512782424,-19.720071476446005,0.32,0.97,0.86,0.979,0.92,0.04071807861328125,51.88251494750895,500.0,True,0.295
ANME2d,gammaDDff2_plus,0.32,0.97,0.86,0.979,0.93,0.37058823529411766,0.024676154161495496,0.20570583952563504,1.2496664998828169,-19.663601798671163,0.32,0.97,0.86,0.979,0.92,0.04071807861328125,51.88251494750895,500.0,True,0.295
ANME2d,gammaDDff2_plus,0.32,0.97,0.86,0.979,0.93,0.3764705882352941,0.0243420102698585,0.2029639690507947,1.1628457171520608,-19.600869183129287,0.32,0.97,0.86,0.979,0.92,0.04071807861328125,51.88251494750895,500.0,True,0.295
ANME2d,gammaDDff2_plus,0.32,0.97,0.86,0.979,0.93,0.38235294117647056,0.024011829679850882,0.20025046694685425,1.0789524435265752,-19.532129484076837,0.32,0.97,0.86,0.979,0.92,0.04071807861328125,51.88251494750895,500.0,True,0.295
ANME2d,gammaDDff2_plus,0.32,0.97,0.86,0.979,0.93,0.388235294117647,0.023685505683645545,0.19756457357790502,0.9978871606756381,-19.45764041678363,0.32,0.97,0.86,0.979,0.92,0.04071807861328125,51.88251494750895,500.0,True,0.295
ANME2d,gammaDDff2_plus,0.32,0.97,0.86,0.979,0.93,0.3941176470588235,0.02336293643077852,0.19490556590822242,0.9195558181675559,-19.377644247083502,0.32,0.97,0.86,0.979,0.92,0.04071807861328125,51.88251494750895,500.0,True,0.295
ANME2d,gammaDDff2_plus,0.32,0.97,0.86,0.979,0.93,0.4,0.023044024569243354,0.1922727547156748,0.8438694081279445,-19.29236899439001,0.32,0.97,0.86,0.979,0.92,0.04071807861328125,51.88251494750895,500.0,True,0.295
ANME2d,gammaDDff2_plus,0.32,0.97,0.86,0.979,0.93,0.40588235294117647,0.022728669461549385,0.18966540827927666,0.7707327705668388,-19.20206438580547,0.32,0.97,0.86,0.979,0.92,0.04071807861328125,51.88251494750895,500.0,True,0.295
ANME2d,gammaDDff2_plus,0.32,0.97,0.86,0.979,0.93,0.4117647058823529,0.022416788063086907,0.187082959269508,0.7000747895135004,-19.10690487220745,0.32,0.97,0.86,0.979,0.92,0.04071807861328125,51.88251494750895,500.0,True,0.295
ANME2d,gammaDDff2_plus,0.32,0.97,0.86,0.979,0.93,0.41764705882352937,0.02210830111827632,0.1845248694869794,0.6318287850334167,-19.007051508380556,0.32,0.97,0.86,0.979,0.92,0.04071807861328125,51.88251494750895,500.0,True,0.295
ANME2d,gammaDDff2_plus,0.32,0.97,0.86,0.979,0.93,0.4235294117647059,0.021803125898573465,0.18199055828855618,0.5659219344149388,-18.902686415578202,0.32,0.97,0.86,0.979,0.92,0.04071807861328125,51.88251494750895,500.0,True,0.295
ANME2d,gammaDDff2_plus,0.32,0.97,0.86,0.979,0.93,0.4294117647058823,0.021501181235155212,0.17947945255611777,0.5022824826274439,-18.79398997916041,0.32,0.97,0.86,0.979,0.92,0.04071807861328125,51.88251494750895,500.0,True,0.295
ANME2d,gammaDDff2_plus,0.32,0.97,0.86,0.979,0.93,0.43529411764705883,0.021202389204013412,0.17699100380794688,0.4408422325753976,-18.68113276484508,0.32,0.97,0.86,0.979,0.92,0.04071807861328125,51.88251494750895,500.0,True,0.295
ANME2d,gammaDDff2_plus,0.32,0.97,0.86,0.979,0.93,0.4411764705882353,0.020906674155499034,0.17452467781784256,0.38153504547540684,-18.56428004421104,0.32,0.97,0.86,0.979,0.92,0.04071807861328125,51.88251494750895,500.0,True,0.295
ANME2d,gammaDDff2_plus,0.32,0.97,0.86,0.979,0.93,0.44705882352941173,0.020613960020491123,0.17207992417199036,0.3242924175454592,-18.443605555319476,0.32,0.97,0.86,0.979,0.92,0.04071807861328125,51.88251494750895,500.0,True,0.295
ANME2d,gammaDDff2_plus,0.32,0.97,0.86,0.979,0.93,0.45294117647058824,0.020324183113769732,0.16965632469505804,0.26906487226570047,-18.319225389038216,0.32,0.97,0.86,0.979,0.92,0.04071807861328125,51.88251494750895,500.0,True,0.295
ANME2d,gammaDDff2_plus,0.32,0.97,0.86,0.979,0.93,0.4588235294117647,0.02003727922689263,0.1672534454790674,0.215800715566001,-18.191262930744433,0.32,0.97,0.86,0.979,0.92,0.04071807861328125,51.88251494750895,500.0,True,0.295
ANME2d,gammaDDff2_plus,0.32,0.97,0.86,0.979,0.93,0.4647058823529412,0.0197531824515434,0.16487082367338254,0.16444406484901142,-18.059855275890463,0.32,0.97,0.86,0.979,0.92,0.04071807861328125,51.88251494750895,500.0,True,0.295
ANME2d,gammaDDff2_plus,0.32,0.97,0.86,0.979,0.93,0.47058823529411764,0.01947182925489578,0.16250801487869115,0.11494162767877132,-17.925132563526727,0.32,0.97,0.86,0.979,0.92,0.04071807861328125,51.88251494750895,500.0,True,0.295
ANME2d,gammaDDff2_plus,0.32,0.97,0.86,0.979,0.93,0.4764705882352941,0.019193158332028424,0.160164591961941,0.06724253051004382,-17.78721843784126,0.32,0.97,0.86,0.979,0.92,0.04071807861328125,51.88251494750895,500.0,True,0.295
ANME2d,gammaDDff2_plus,0.32,0.97,0.86,0.979,0.93,0.48235294117647054,0.018917108892653647,0.1578401213915632,0.021294833406699226,-17.64624062735029,0.32,0.97,0.86,0.979,0.92,0.04071807861328125,51.88251494750895,500.0,True,0.295
ANME2d,gammaDDff2_plus,0.32,0.97,0.86,0.979,0.93,0.48823529411764705,0.018643624215069446,0.15553421480881244,-0.02294689116005176,-17.50230795488575,0.32,0.97,0.86,0.979,0.92,0.04071807861328125,51.88251494750895,500.0,True,0.295
ANME2d,gammaDDff2_plus,0.32,0.97,0.86,0.979,0.93,0.49411764705882355,0.01837265111063697,0.15324652230326538,-0.06552249641198364,-17.355512788921708,0.32,0.97,0.86,0.979,0.92,0.04071807861328125,51.88251494750895,500.0,True,0.295
ANME2d,gammaDDff2_plus,0.32,0.97,0.86,0.979,0.93,0.5,0.018104136348078115,0.15097668191008531,-0.10647370551698669,-17.20595372909104,0.32,0.97,0.86,0.979,0.92,0.04071807861328125,51.88251494750895,500.0,True,0.295
ANME2d,gammaDDff2_plus,0.32,0.97,0.86,0.979,0.93,0.5058823529411764,0.017838027312020107,0.14872432953403394,-0.14584268385541393,-17.05373147801502,0.32,0.97,0.86,0.979,0.92,0.04071807861328125,51.88251494750895,500.0,True,0.295
ANME2d,gammaDDff2_plus,0.32,0.97,0.86,0.979,0.93,0.5117647058823529,0.01757427302546698,0.14648911415934632,-0.183669801636359,-16.898942027206594,0.32,0.97,0.86,0.979,0.92,0.04071807861328125,51.88251494750895,500.0,True,0.295
ANME2d,gammaDDff2_plus,0.32,0.97,0.86,0.979,0.93,0.5176470588235293,0.017312824055937266,0.1442706970716198,-0.21999374513481582,-16.74167695292711,0.32,0.97,0.86,0.979,0.92,0.04071807861328125,51.88251494750895,500.0,True,0.295
ANME2d,gammaDDff2_plus,0.32,0.97,0.86,0.979,0.93,0.5235294117647058,0.0170536317864742,0.14206873773070647,-0.2548536190402141,-16.58202951540909,0.32,0.97,0.86,0.979,0.92,0.04071807861328125,51.88251494750895,500.0,True,0.295
ANME2d,gammaDDff2_plus,0.32,0.97,0.86,0.979,0.93,0.5294117647058824,0.016796650145440333,0.13988293089956386,-0.2882834148339735,-16.420078599891983,0.32,0.97,0.86,0.979,0.92,0.04071807861328125,51.88251494750895,500.0,True,0.295
ANME2d,gammaDDff2_plus,0.32,0.97,0.86,0.979,0.93,0.5352941176470588,0.01654183448006783,0.13771298415467567,-0.3203153425221902,-16.25589824420372,0.32,0.97,0.86,0.979,0.92,0.04071807861328125,51.88251494750895,500.0,True,0.295
ANME2d,gammaDDff2_plus,0.32,0.97,0.86,0.979,0.93,0.5411764705882353,0.016289140564498667,0.13555859805289833,-0.3509827868468452,-16.08956624794366,0.32,0.97,0.86,0.979,0.92,0.04071807861328125,51.88251494750895,500.0,True,0.295
ANME2d,gammaDDff2_plus,0.32,0.97,0.86,0.979,0.93,0.5470588235294118,0.016038525347648713,0.13341947983039387,-0.38031830402714417,-15.921158344752518,0.32,0.97,0.86,0.979,0.92,0.04071807861328125,51.88251494750895,500.0,True,0.295
ANME2d,gammaDDff2_plus,0.32,0.97,0.86,0.979,0.93,0.5529411764705883,0.01578994688944713,0.13129534824587594,-0.4083528433850495,-15.750746149271949,0.32,0.97,0.86,0.979,0.92,0.04071807861328125,51.88251494750895,500.0,True,0.295
ANME2d,gammaDDff2_plus,0.32,0.97,0.86,0.979,0.93,0.5588235294117647,0.015543364284891874,0.12918593586372074,-0.4351153685740262,-15.578396113796078,0.32,0.97,0.86,0.979,0.92,0.04071807861328125,51.88251494750895,500.0,True,0.295
ANME2d,gammaDDff2_plus,0.32,0.97,0.86,0.979,0.93,0.5647058823529412,0.015298737658936336,0.127090979773444,-0.4606343388802699,-15.404173440395898,0.32,0.97,0.86,0.979,0.92,0.04071807861328125,51.88251494750895,500.0,True,0.295
ANME2d,gammaDDff2_plus,0.32,0.97,0.86,0.979,0.93,0.5705882352941176,0.01505602811597687,0.12501022074390716,-0.48493784179714583,-15.228142492925302,0.32,0.97,0.86,0.979,0.92,0.04071807861328125,51.88251494750895,500.0,True,0.295
ANME2d,gammaDDff2_plus,0.32,0.97,0.86,0.979,0.93,0.5764705882352941,0.014815197989580918,0.1229434041841373,-0.5080535015330142,-15.05036634902423,0.32,0.97,0.86,0.979,0.92,0.04071807861328125,51.88251494750895,500.0,True,0.295
ANME2d,gammaDDff2_plus,0.32,0.97,0.86,0.979,0.93,0.5823529411764705,0.014576209900532612,0.12089028857507113,-0.5300069293201449,-14.87090333098281,0.32,0.97,0.86,0.979,0.92,0.04071807861328125,51.88251494750895,500.0,True,0.295
ANME2d,gammaDDff2_plus,0.32,0.97,0.86,0.979,0.93,0.588235294117647,0.01433902703735859,0.11885064188585441,-0.550822359382875,-14.689808421285516,0.32,0.97,0.86,0.979,0.92,0.04071807861328125,51.88251494750895,500.0,True,0.295
ANME2d,gammaDDff2_plus,0.32,0.97,0.86,0.979,0.93,0.5941176470588235,0.014103613986409406,0.11682423258351832,-0.5705242704719465,-14.50713695387705,0.32,0.97,0.86,0.979,0.92,0.04071807861328125,51.88251494750895,500.0,True,0.295
ANME2d,gammaDDff2_plus,0.32,0.97,0.86,0.979,0.93,0.6,0.013869936347311467,0.11481083396446488,-0.5891366155094873,-14.322942869200572,0.32,0.97,0.86,0.979,0.92,0.04071807861328125,51.88251494750895,500.0,True,0.295
ANME2d,gammaDDff2_plus,0.32,0.97,0.86,0.979,0.93,0.6058823529411765,0.01363796038412449,0.11281022572217232,-0.6066824962049832,-14.137278078961481,0.32,0.97,0.86,0.979,0.92,0.04071807861328125,51.88251494750895,500.0,True,0.295
ANME2d,gammaDDff2_plus,0.32,0.97,0.86,0.979,0.93,0.611764705882353,0.013407652050381691,0.11082219769830003,-0.6231833484689284,-13.950190927457855,0.32,0.97,0.86,0.979,0.92,0.04071807861328125,51.88251494750895,500.0,True,0.295
ANME2d,gammaDDff2_plus,0.32,0.97,0.86,0.979,0.93,0.6176470588235294,0.013178978016916107,0.10884654500917343,-0.6386599544148914,-13.761728115688022,0.32,0.97,0.86,0.979,0.92,0.04071807861328125,51.88251494750895,500.0,True,0.295
ANME2d,gammaDDff2_plus,0.32,0.97,0.86,0.979,0.93,0.6235294117647059,0.012951906458185157,0.10688306421677356,-0.653133232287211,-13.57193626677792,0.32,0.97,0.86,0.979,0.92,0.04071807861328125,51.88251494750895,500.0,True,0.295
ANME2d,gammaDDff2_plus,0.32,0.97,0.86,0.979,0.93,0.6294117647058823,0.012726406528443295,0.10493155606654717,-0.6666236859766287,-13.38086085009776,0.32,0.97,0.86,0.979,0.92,0.04071807861328125,51.88251494750895,500.0,True,0.295
ANME2d,gammaDDff2_plus,0.32,0.97,0.86,0.979,0.93,0.6352941176470588,0.012502447084597105,0.1029918286064506,-0.6791506179635857,-13.188544892773157,0.32,0.97,0.86,0.979,0.92,0.04071807861328125,51.88251494750895,500.0,True,0.295
ANME2d,gammaDDff2_plus,0.32,0.97,0.86,0.979,0.93,0.6411764705882352,0.012279996432141884,0.10106369756565808,-0.6907320148447815,-12.995028790571002,0.32,0.97,0.86,0.979,0.92,0.04071807861328125,51.88251494750895,500.0,True,0.295
ANME2d,gammaDDff2_plus,0.32,0.97,0.86,0.979,0.93,0.6470588235294117,0.012059024444277195,0.09914698032145014,-0.7013859970394242,-12.80035276309869,0.32,0.97,0.86,0.979,0.92,0.04071807861328125,51.88251494750895,500.0,True,0.295
ANME2d,gammaDDff2_plus,0.32,0.97,0.86,0.979,0.93,0.6529411764705881,0.01183950177920776,0.09724149779279946,-0.7111303375342845,-12.604556097506565,0.32,0.97,0.86,0.979,0.92,0.04071807861328125,51.88251494750895,500.0,True,0.295
ANME2d,gammaDDff2_plus,0.32,0.97,0.86,0.979,0.93,0.6588235294117647,0.011621399575566745,0.09534707513463676,-0.7199822824510517,-12.407676850659671,0.32,0.97,0.86,0.979,0.92,0.04071807861328125,51.88251494750895,500.0,True,0.295
ANME2d,gammaDDff2_plus,0.32,0.97,0.86,0.979,0.93,0.6647058823529411,0.011404688535546032,0.0934635431849062,-0.7279581206566682,-12.209751268469807,0.32,0.97,0.86,0.979,0.92,0.04071807861328125,51.88251494750895,500.0,True,0.295
ANME2d,gammaDDff2_plus,0.32,0.97,0.86,0.979,0.93,0.6705882352941177,0.011189339153089376,0.09159073781851486,-0.7350733409994639,-12.010814021568509,0.32,0.97,0.86,0.979,0.92,0.04071807861328125,51.88251494750895,500.0,True,0.295
ANME2d,gammaDDff2_plus,0.32,0.97,0.86,0.979,0.93,0.6764705882352942,0.010975323484208604,0.08972849667409465,-0.7413435480395656,-11.81089949107914,0.32,0.97,0.86,0.979,0.92,0.04071807861328125,51.88251494750895,500.0,True,0.295
ANME2d,gammaDDff2_plus,0.32,0.97,0.86,0.979,0.93,0.6823529411764706,0.010762613294084875,0.08787666182600151,-0.7467836245056739,-11.610040723785865,0.32,0.97,0.86,0.979,0.92,0.04071807861328125,51.88251494750895,500.0,True,0.295
ANME2d,gammaDDff2_plus,0.32,0.97,0.86,0.979,0.93,0.6882352941176471,0.010551179893059355,0.08603507976840785,-0.7514077003013249,-11.408269427735757,0.32,0.97,0.86,0.979,0.92,0.04071807861328125,51.88251494750895,500.0,True,0.295
ANME2d,gammaDDff2_plus,0.32,0.97,0.86,0.979,0.93,0.6941176470588235,0.010340996121637688,0.08420359928256736,-0.755229942209079,-11.205616799004003,0.32,0.97,0.86,0.979,0.92,0.04071807861328125,51.88251494750895,500.0,True,0.295
ANME2d,gammaDDff2_plus,0.32,0.97,0.86,0.979,0.93,0.7,0.010132034493109747,0.08238207291396678,-0.7582639001388187,-11.002112950820399,0.32,0.97,0.86,0.979,0.92,0.04071807861328125,51.88251494750895,500.0,True,0.295
ANME2d,gammaDDff2_plus,0.32,0.97,0.86,0.979,0.93,0.7058823529411764,0.009924266478479863,0.08057035729826238,-0.7605222987181657,-10.79778678025069,0.32,0.97,0.86,0.979,0.92,0.04071807861328125,51.88251494750895,500.0,True,0.295
ANME2d,gammaDDff2_plus,0.32,0.97,0.86,0.979,0.93,0.7117647058823529,0.00971766503971763,0.07876831151312218,-0.7620178723046522,-10.592666586816625,0.32,0.97,0.86,0.979,0.92,0.04071807861328125,51.88251494750895,500.0,True,0.295
ANME2d,gammaDDff2_plus,0.32,0.97,0.86,0.979,0.93,0.7176470588235294,0.009512203307163049,0.0769757976500146,-0.7627629762595862,-10.386779860547012,0.32,0.97,0.86,0.979,0.92,0.04071807861328125,51.88251494750895,500.0,True,0.295
ANME2d,gammaDDff2_plus,0.32,0.97,0.86,0.979,0.93,0.7235294117647059,0.009307852868823224,0.07519268148286866,-0.762769104377434,-10.180153024445167,0.32,0.97,0.86,0.979,0.92,0.04071807861328125,51.88251494750895,500.0,True,0.295
ANME2d,gammaDDff2_plus,0.32,0.97,0.86,0.979,0.93,0.7294117647058823,0.00910458581412146,0.07341883153637364,-0.7620474962144036,-9.972811774305582,0.32,0.97,0.86,0.979,0.92,0.04071807861328125,51.88251494750895,500.0,True,0.295
ANME2d,gammaDDff2_plus,0.32,0.97,0.86,0.979,0.93,0.7352941176470589,0.008902375475637993,0.07165411867670413,-0.7606093639731761,-9.764781234690687,0.32,0.97,0.86,0.979,0.92,0.04071807861328125,51.88251494750895,500.0,True,0.295
ANME2d,gammaDDff2_plus,0.32,0.97,0.86,0.979,0.93,0.7411764705882353,0.00870119372623159,0.06989841694713053,-0.7584651688443812,-9.556085640863884,0.32,0.97,0.86,0.979,0.92,0.04071807861328125,51.88251494750895,500.0,True,0.295
ANME2d,gammaDDff2_plus,0.32,0.97,0.86,0.979,0.93,0.7470588235294118,0.008501010970389184,0.06815160345395714,-0.7556246458459875,-9.34674837346609,0.32,0.97,0.86,0.979,0.92,0.04071807861328125,51.88251494750895,500.0,True,0.295
ANME2d,gammaDDff2_plus,0.32,0.97,0.86,0.979,0.93,0.7529411764705882,0.008301799674070876,0.06641355723034705,-0.7520977544733927,-9.13679238859552,0.32,0.97,0.86,0.979,0.92,0.04071807861328125,51.88251494750895,500.0,True,0.295
ANME2d,gammaDDff2_plus,0.32,0.97,0.86,0.979,0.93,0.7588235294117647,0.008103531186763237,0.06468416003150498,-0.7478938642528562,-8.926239913892589,0.32,0.97,0.86,0.979,0.92,0.04071807861328125,51.88251494750895,500.0,True,0.295
ANME2d,gammaDDff2_plus,0.32,0.97,0.86,0.979,0.93,0.7647058823529411,0.007906174795005107,0.06296329645671032,-0.7430215412840515,-8.715112399434597,0.32,0.97,0.86,0.979,0.92,0.04071807861328125,51.88251494750895,500.0,True,0.295
ANME2d,gammaDDff2_plus,0.32,0.97,0.86,0.979,0.93,0.7705882352941176,0.007709700685998943,0.06125085316090386,-0.7374893140630076,-8.503430799974259,0.32,0.97,0.86,0.979,0.92,0.04071807861328125,51.88251494750895,500.0,True,0.295
ANME2d,gammaDDff2_plus,0.32,0.97,0.86,0.979,0.93,0.776470588235294,0.00751407751133668,0.0595467192721336,-0.7313050899953828,-8.291215423182907,0.32,0.97,0.86,0.979,0.92,0.04071807861328125,51.88251494750895,500.0,True,0.295
ANME2d,gammaDDff2_plus,0.32,0.97,0.86,0.979,0.93,0.7823529411764706,0.007319274060708026,0.05785078606085307,-0.724476571689219,-8.078486044938726,0.32,0.97,0.86,0.979,0.92,0.04071807861328125,51.88251494750895,500.0,True,0.295
ANME2d,gammaDDff2_plus,0.32,0.97,0.86,0.979,0.93,0.788235294117647,0.007125257624778209,0.05616294705056604,-0.7170108983128018,-7.865261869846159,0.32,0.97,0.86,0.979,0.92,0.04071807861328125,51.88251494750895,500.0,True,0.295
ANME2d,gammaDDff2_plus,0.32,0.97,0.86,0.979,0.93,0.7941176470588236,0.0069319944853627165,0.054483097929798614,-0.7089147693766993,-7.651561557301459,0.32,0.97,0.86,0.979,0.92,0.04071807861328125,51.88251494750895,500.0,True,0.295
ANME2d,gammaDDff2_plus,0.32,0.97,0.86,0.979,0.93,0.8,0.0067394509432648145,0.05281113635760488,-0.7001946974595294,-7.437403288146507,0.32,0.97,0.86,0.979,0.92,0.04071807861328125,51.88251494750895,500.0,True,0.295
ANME2d,gammaDDff2_plus,0.32,0.97,0.86,0.979,0.93,0.8058823529411765,0.0065475896192546965,0.05114696219019997,-0.6908562158227716,-7.222804687517406,0.32,0.97,0.86,0.979,0.92,0.04071807861328125,51.88251494750895,500.0,True,0.295
ANME2d,gammaDDff2_plus,0.32,0.97,0.86,0.979,0.93,0.8117647058823529,0.006356374490074474,0.04949047707719844,-0.6809049855283098,-7.007782956002571,0.32,0.97,0.86,0.979,0.92,0.04071807861328125,51.88251494750895,500.0,True,0.295
ANME2d,gammaDDff2_plus,0.32,0.97,0.86,0.979,0.93,0.8176470588235294,0.00616576530021806,0.04784158471992229,-0.6703456250213979,-6.792354785851984,0.32,0.97,0.86,0.979,0.92,0.04071807861328125,51.88251494750895,500.0,True,0.295
ANME2d,gammaDDff2_plus,0.32,0.97,0.86,0.979,0.93,0.8235294117647058,0.005975721460169546,0.046200190610505384,-0.6591825547706766,-6.576536444641387,0.32,0.97,0.86,0.979,0.92,0.04071807861328125,51.88251494750895,500.0,True,0.295
ANME2d,gammaDDff2_plus,0.32,0.97,0.86,0.979,0.93,0.8294117647058823,0.00578619976501017,0.04456620206949396,-0.6474195431235882,-6.36034376410933,0.32,0.97,0.86,0.979,0.92,0.04071807861328125,51.88251494750895,500.0,True,0.295
ANME2d,gammaDDff2_plus,0.32,0.97,0.86,0.979,0.93,0.8352941176470587,0.005597153524459339,0.0429395282274101,-0.6350595552578713,-6.143792144114768,0.32,0.97,0.86,0.979,0.92,0.04071807861328125,51.88251494750895,500.0,True,0.295
ANME2d,gammaDDff2_plus,0.32,0.97,0.86,0.979,0.93,0.8411764705882352,0.005408533568530368,0.041320079912362834,-0.6221049887695904,-5.926896587789801,0.32,0.97,0.86,0.979,0.92,0.04071807861328125,51.88251494750895,500.0,True,0.295
ANME2d,gammaDDff2_plus,0.32,0.97,0.86,0.979,0.93,0.8470588235294116,0.005220288438616897,0.0397077696088828,-0.608557734879453,-5.709671713188743,0.32,0.97,0.86,0.979,0.92,0.04071807861328125,51.88251494750895,500.0,True,0.295
ANME2d,gammaDDff2_plus,0.32,0.97,0.86,0.979,0.93,0.8529411764705883,0.005032361548427064,0.03810251146201186,-0.5944186442476567,-5.492131756116069,0.32,0.97,0.86,0.979,0.92,0.04071807861328125,51.88251494750895,500.0,True,0.295
ANME2d,gammaDDff2_plus,0.32,0.97,0.86,0.979,0.93,0.8588235294117648,0.004844693778966155,0.03650422117942967,-0.5796880683694343,-5.274290595564297,0.32,0.97,0.86,0.979,0.92,0.04071807861328125,51.88251494750895,500.0,True,0.295
ANME2d,gammaDDff2_plus,0.32,0.97,0.86,0.979,0.93,0.8647058823529412,0.004657219984867802,0.03491281603730267,-0.5643652132123632,-5.05616175752343,0.32,0.97,0.86,0.979,0.92,0.04071807861328125,51.88251494750895,500.0,True,0.295
ANME2d,gammaDDff2_plus,0.32,0.97,0.86,0.979,0.93,0.8705882352941177,0.00446986972174385,0.03332821481403694,-0.5484483219381828,-4.8377584337111434,0.32,0.97,0.86,0.979,0.92,0.04071807861328125,51.88251494750895,500.0,True,0.295
ANME2d,gammaDDff2_plus,0.32,0.97,0.86,0.979,0.93,0.8764705882352941,0.00428256686392237,0.031750337753243325,-0.5319346437463107,-4.619093493166077,0.32,0.97,0.86,0.979,0.92,0.04071807861328125,51.88251494750895,500.0,True,0.295
ANME2d,gammaDDff2_plus,0.32,0.97,0.86,0.979,0.93,0.8823529411764706,0.004095226155223562,0.03017910654087018,-0.514819836898533,-4.400179495792708,0.32,0.97,0.86,0.979,0.92,0.04071807861328125,51.88251494750895,500.0,True,0.295
ANME2d,gammaDDff2_plus,0.32,0.97,0.86,0.979,0.93,0.888235294117647,0.003907754023187325,0.028614444252650084,-0.49709818427403546,-4.181028705287238,0.32,0.97,0.86,0.979,0.92,0.04071807861328125,51.88251494750895,500.0,True,0.295
ANME2d,gammaDDff2_plus,0.32,0.97,0.86,0.979,0.93,0.8941176470588235,0.0037200471521877895,0.027056275319084534,-0.47876239023331896,-3.961653102227849,0.32,0.97,0.86,0.979,0.92,0.04071807861328125,51.88251494750895,500.0,True,0.295
ANME2d,gammaDDff2_plus,0.32,0.97,0.86,0.979,0.93,0.8999999999999999,0.0035319911009524915,0.02550452549175144,-0.4598033910774531,-3.742064396270541,0.32,0.97,0.86,0.979,0.92,0.04071807861328125,51.88251494750895,500.0,True,0.295
ANME2d,gammaDDff2_plus,0.32,0.97,0.86,0.979,0.93,0.9058823529411764,0.0033434567047555736,0.02395912180919009,-0.4402097901769631,-3.522274043667493,0.32,0.97,0.86,0.979,0.92,0.04071807861328125,51.88251494750895,500.0,True,0.295
ANME2d,gammaDDff2_plus,0.32,0.97,0.86,0.979,0.93,0.911764705882353,0.003154298451556222,0.022419992559260107,-0.4199676659664223,-3.3022932609801536,0.32,0.97,0.86,0.979,0.92,0.04071807861328125,51.88251494750895,500.0,True,0.295
ANME2d,gammaDDff2_plus,0.32,0.97,0.86,0.979,0.93,0.9176470588235295,0.0029643508284151066,0.020887067243967883,-0.399060045072455,-3.08213304268251,0.32,0.97,0.86,0.979,0.92,0.04071807861328125,51.88251494750895,500.0,True,0.295
ANME2d,gammaDDff2_plus,0.32,0.97,0.86,0.979,0.93,0.9235294117647059,0.0027734237567761375,0.01936027654401958,-0.3774662413363407,-2.861804180247126,0.32,0.97,0.86,0.979,0.92,0.04071807861328125,51.88251494750895,500.0,True,0.295
ANME2d,gammaDDff2_plus,0.32,0.97,0.86,0.979,0.93,0.9294117647058824,0.0025812992242327955,0.01783955228218284,-0.35516142898703557,-2.641317278860415,0.32,0.97,0.86,0.979,0.92,0.04071807861328125,51.88251494750895,500.0,True,0.295
ANME2d,gammaDDff2_plus,0.32,0.97,0.86,0.979,0.93,0.9352941176470588,0.0023877246428370548,0.016324827386168354,-0.3321156896385255,-2.42068278144915,0.32,0.97,0.86,0.979,0.92,0.04071807861328125,51.88251494750895,500.0,True,0.295
ANME2d,gammaDDff2_plus,0.32,0.97,0.86,0.979,0.93,0.9411764705882353,0.002192404302009564,0.01481603584852376,-0.30829280838434175,-2.1999109973088085,0.32,0.97,0.86,0.979,0.92,0.04071807861328125,51.88251494750895,500.0,True,0.295
ANME2d,gammaDDff2_plus,0.32,0.97,0.86,0.979,0.93,0.9470588235294117,0.0019949877428069545,0.013313112682980095,-0.283648622266431,-1.979012138077897,0.32,0.97,0.86,0.979,0.92,0.04071807861328125,51.88251494750895,500.0,True,0.295
ANME2d,gammaDDff2_plus,0.32,0.97,0.86,0.979,0.93,0.9529411764705882,0.0017950587750496416,0.011815993881055397,-0.25812953720449805,-1.7579963514292158,0.32,0.97,0.86,0.979,0.92,0.04071807861328125,51.88251494750895,500.0,True,0.295
ANME2d,gammaDDff2_plus,0.32,0.97,0.86,0.979,0.93,0.9588235294117646,0.0015921169393845406,0.010324616356650426,-0.23166993420917062,-1.5368737732579425,0.32,0.97,0.86,0.979,0.92,0.04071807861328125,51.88251494750895,500.0,True,0.295
ANME2d,gammaDDff2_plus,0.32,0.97,0.86,0.979,0.93,0.9647058823529411,0.0013855495530785379,0.008838917878362258,-0.20418829143494857,-1.315654603868486,0.32,0.97,0.86,0.979,0.92,0.04071807861328125,51.88251494750895,500.0,True,0.295
ANME2d,gammaDDff2_plus,0.32,0.97,0.86,0.979,0.93,0.9705882352941175,0.0011746073023038274,0.0073588370194875834,-0.17558397952551624,-1.0943491668950944,0.32,0.97,0.86,0.979,0.92,0.04071807861328125,51.88251494750895,500.0,True,0.295
ANME2d,gammaDDff2_plus,0.32,0.97,0.86,0.979,0.93,0.9764705882352942,0.0009583512439296175,0.0058843130384948475,-0.14572993951257893,-0.8729680479157107,0.32,0.97,0.86,0.979,0.92,0.04071807861328125,51.88251494750895,500.0,True,0.295
ANME2d,gammaDDff2_plus,0.32,0.97,0.86,0.979,0.93,0.9823529411764707,0.0007355713667235427,0.004415285606909288,-0.11446274969495428,-0.6515222450906784,0.32,0.97,0.86,0.979,0.92,0.04071807861328125,51.88251494750895,500.0,True,0.295
ANME2d,gammaDDff2_plus,0.32,0.97,0.86,0.979,0.93,0.9882352941176471,0.0005046099916274374,0.002951688117252192,-0.08156871082244585,-0.430022154078392,0.32,0.97,0.86,0.979,0.92,0.04071807861328125,51.88251494750895,500.0,True,0.295
ANME2d,gammaDDff2_plus,0.32,0.97,0.86,0.979,0.93,0.9941176470588236,0.0002623131686898646,0.0014928600070136337,-0.046689121681716246,-0.20851513082355563,0.32,0.97,0.86,0.979,0.92,0.04071807861328125,51.88251494750895,500.0,True,0.295
ANME2d,gammaDDff2_plus,0.32,0.97,0.86,0.979,0.93,1.0,0.0,0.0,0.0,0.0,0.32,0.97,0.86,0.979,0.92,0.04071807861328125,51.88251494750895,500.0,True,0.295
ANME2d,gammaDDff2_minus,0.32,0.97,0.86,0.979,0.93,0.3,0.0290391129103022,0.24113285043544772,2.561600593852637,-19.83947620928182,0.32,0.97,0.86,0.979,0.92,0.04196500778198242,51.88251494750895,500.0,True,0.295
ANME2d,gammaDDff2_minus,0.32,0.97,0.86,0.979,0.93,0.30588235294117644,0.02864753074628198,0.23798056435564602,2.4302018862821115,-19.873513252185486,0.32,0.97,0.86,0.979,0.92,0.04196500778198242,51.88251494750895,500.0,True,0.295
ANME2d,gammaDDff2_minus,0.32,0.97,0.86,0.979,0.93,0.31176470588235294,0.028261570309050774,0.23486843433817584,2.3033474457728174,-19.89726956756725,0.32,0.97,0.86,0.979,0.92,0.04196500778198242,51.88251494750895,500.0,True,0.295
ANME2d,gammaDDff2_minus,0.32,0.97,0.86,0.979,0.93,0.3176470588235294,0.027881054620531417,0.2317951922896757,2.180856166331397,-19.911237999643223,0.32,0.97,0.86,0.979,0.92,0.04196500778198242,51.88251494750895,500.0,True,0.295
ANME2d,gammaDDff2_minus,0.32,0.97,0.86,0.979,0.93,0.32352941176470584,0.02750581422240896,0.22875962382681078,2.0625552086816774,-19.915890566145247,0.32,0.97,0.86,0.979,0.92,0.04196500778198242,51.88251494750895,500.0,True,0.295
ANME2d,gammaDDff2_minus,0.32,0.97,0.86,0.979,0.93,0.32941176470588235,0.02713569233975969,0.22576062057784446,1.9482935149988472,-19.911612426755468,0.32,0.97,0.86,0.979,0.92,0.04196500778198242,51.88251494750895,500.0,True,0.295
ANME2d,gammaDDff2_minus,0.32,0.97,0.86,0.979,0.93,0.3352941176470588,0.026770539437953714,0.22279712504515714,1.8379277601558508,-19.898767586906636,0.32,0.97,0.86,0.979,0.92,0.04196500778198242,51.88251494750895,500.0,True,0.295
ANME2d,gammaDDff2_minus,0.32,0.97,0.86,0.979,0.93,0.3411764705882353,0.026410199839327936,0.21986799215943384,1.7312808080535338,-19.877913532967128,0.32,0.97,0.86,0.979,0.92,0.04196500778198242,51.88251494750895,500.0,True,0.295
ANME2d,gammaDDff2_minus,0.32,0.97,0.86,0.979,0.93,0.34705882352941175,0.026054544472448888,0.21697232996048305,1.628240561525056,-19.84929802259775,0.32,0.97,0.86,0.979,0.92,0.04196500778198242,51.88251494750895,500.0,True,0.295
ANME2d,gammaDDff2_minus,0.32,0.97,0.86,0.979,0.93,0.3529411764705882,0.025703440526861653,0.21410919961584263,1.528682760493352,-19.813232484631722,0.32,0.97,0.86,0.979,0.92,0.04196500778198242,51.88251494750895,500.0,True,0.295
ANME2d,gammaDDff2_minus,0.32,0.97,0.86,0.979,0.93,0.3588235294117647,0.025356757774038802,0.2112776728078033,1.4324816770444817,-19.770048654749704,0.32,0.97,0.86,0.979,0.92,0.04196500778198242,51.88251494750895,500.0,True,0.295
ANME2d,gammaDDff2_minus,0.32,0.97,0.86,0.979,0.93,0.36470588235294116,0.02501436902970524,0.2084768383451564,1.3395144512782424,-19.720071476446005,0.32,0.97,0.86,0.979,0.92,0.04196500778198242,51.88251494750895,500.0,True,0.295
ANME2d,gammaDDff2_minus,0.32,0.97,0.86,0.979,0.93,0.37058823529411766,0.024676154161495496,0.20570583952563504,1.2496664998828169,-19.663601798671163,0.32,0.97,0.86,0.979,0.92,0.04196500778198242,51.88251494750895,500.0,True,0.295
ANME2d,gammaDDff2_minus,0.32,0.97,0.86,0.979,0.93,0.3764705882352941,0.0243420102698585,0.2029639690507947,1.1628457171520608,-19.600869183129287,0.32,0.97,0.86,0.979,0.92,0.04196500778198242,51.88251494750895,500.0,True,0.295
ANME2d,gammaDDff2_minus,0.32,0.97,0.86,0.979,0.93,0.38235294117647056,0.024011829679850882,0.20025046694685425,1.0789524435265752,-19.532129484076837,0.32,0.97,0.86,0.979,0.92,0.04196500778198242,51.88251494750895,500.0,True,0.295
ANME2d,gammaDDff2_minus,0.32,0.97,0.86,0.979,0.93,0.388235294117647,0.023685505683645545,0.19756457357790502,0.9978871606756381,-19.45764041678363,0.32,0.97,0.86,0.979,0.92,0.04196500778198242,51.88251494750895,500.0,True,0.295
ANME2d,gammaDDff2_minus,0.32,0.97,0.86,0.979,0.93,0.3941176470588235,0.02336293643077852,0.19490556590822242,0.9195558181675559,-19.377644247083502,0.32,0.97,0.86,0.979,0.92,0.04196500778198242,51.88251494750895,500.0,True,0.295
ANME2d,gammaDDff2_minus,0.32,0.97,0.86,0.979,0.93,0.4,0.023044024569243354,0.1922727547156748,0.8438694081279445,-19.29236899439001,0.32,0.97,0.86,0.979,0.92,0.04196500778198242,51.88251494750895,500.0,True,0.295
ANME2d,gammaDDff2_minus,0.32,0.97,0.86,0.979,0.93,0.40588235294117647,0.022728669461549385,0.18966540827927666,0.7707327705668388,-19.20206438580547,0.32,0.97,0.86,0.979,0.92,0.04196500778198242,51.88251494750895,500.0,True,0.295
ANME2d,gammaDDff2_minus,0.32,0.97,0.86,0.979,0.93,0.4117647058823529,0.022416788063086907,0.187082959269508,0.7000747895135004,-19.10690487220745,0.32,0.97,0.86,0.979,0.92,0.04196500778198242,51.88251494750895,500.0,True,0.295
ANME2d,gammaDDff2_minus,0.32,0.97,0.86,0.979,0.93,0.41764705882352937,0.02210830111827632,0.1845248694869794,0.6318287850334167,-19.007051508380556,0.32,0.97,0.86,0.979,0.92,0.04196500778198242,51.88251494750895,500.0,True,0.295
ANME2d,gammaDDff2_minus,0.32,0.97,0.86,0.979,0.93,0.4235294117647059,0.021803125898573465,0.18199055828855618,0.5659219344149388,-18.902686415578202,0.32,0.97,0.86,0.979,0.92,0.04196500778198242,51.88251494750895,500.0,True,0.295
ANME2d,gammaDDff2_minus,0.32,0.97,0.86,0.979,0.93,0.4294117647058823,0.021501181235155212,0.17947945255611777,0.5022824826274439,-18.79398997916041,0.32,0.97,0.86,0.979,0.92,0.04196500778198242,51.88251494750895,500.0,True,0.295
ANME2d,gammaDDff2_minus,0.32,0.97,0.86,0.979,0.93,0.43529411764705883,0.021202389204013412,0.17699100380794688,0.4408422325753976,-18.68113276484508,0.32,0.97,0.86,0.979,0.92,0.04196500778198242,51.88251494750895,500.0,True,0.295
ANME2d,gammaDDff2_minus,0.32,0.97,0.86,0.979,0.93,0.4411764705882353,0.020906674155499034,0.17452467781784256,0.38153504547540684,-18.56428004421104,0.32,0.97,0.86,0.979,0.92,0.04196500778198242,51.88251494750895,500.0,True,0.295
ANME2d,gammaDDff2_minus,0.32,0.97,0.86,0.979,0.93,0.44705882352941173,0.020613960020491123,0.17207992417199036,0.3242924175454592,-18.443605555319476,0.32,0.97,0.86,0.979,0.92,0.04196500778198242,51.88251494750895,500.0,True,0.295
ANME2d,gammaDDff2_minus,0.32,0.97,0.86,0.979,0.93,0.45294117647058824,0.020324183113769732,0.16965632469505804,0.26906487226570047,-18.319225389038216,0.32,0.97,0.86,0.979,0.92,0.04196500778198242,51.88251494750895,500.0,True,0.295
ANME2d,gammaDDff2_minus,0.32,0.97,0.86,0.979,0.93,0.4588235294117647,0.02003727922689263,0.1672534454790674,0.215800715566001,-18.191262930744433,0.32,0.97,0.86,0.979,0.92,0.04196500778198242,51.88251494750895,500.0,True,0.295
ANME2d,gammaDDff2_minus,0.32,0.97,0.86,0.979,0.93,0.4647058823529412,0.0197531824515434,0.16487082367338254,0.16444406484901142,-18.059855275890463,0.32,0.97,0.86,0.979,0.92,0.04196500778198242,51.88251494750895,500.0,True,0.295
ANME2d,gammaDDff2_minus,0.32,0.97,0.86,0.979,0.93,0.47058823529411764,0.01947182925489578,0.16250801487869115,0.11494162767877132,-17.925132563526727,0.32,0.97,0.86,0.979,0.92,0.04196500778198242,51.88251494750895,500.0,True,0.295
ANME2d,gammaDDff2_minus,0.32,0.97,0.86,0.979,0.93,0.4764705882352941,0.019193158332028424,0.160164591961941,0.06724253051004382,-17.78721843784126,0.32,0.97,0.86,0.979,0.92,0.04196500778198242,51.88251494750895,500.0,True,0.295
ANME2d,gammaDDff2_minus,0.32,0.97,0.86,0.979,0.93,0.48235294117647054,0.018917108892653647,0.1578401213915632,0.021294833406699226,-17.64624062735029,0.32,0.97,0.86,0.979,0.92,0.04196500778198242,51.88251494750895,500.0,True,0.295
ANME2d,gammaDDff2_minus,0.32,0.97,0.86,0.979,0.93,0.48823529411764705,0.018643624215069446,0.15553421480881244,-0.02294689116005176,-17.50230795488575,0.32,0.97,0.86,0.979,0.92,0.04196500778198242,51.88251494750895,500.0,True,0.295
ANME2d,gammaDDff2_minus,0.32,0.97,0.86,0.979,0.93,0.49411764705882355,0.01837265111063697,0.15324652230326538,-0.06552249641198364,-17.355512788921708,0.32,0.97,0.86,0.979,0.92,0.04196500778198242,51.88251494750895,500.0,True,0.295
ANME2d,gammaDDff2_minus,0.32,0.97,0.86,0.979,0.93,0.5,0.018104136348078115,0.15097668191008531,-0.10647370551698669,-17.20595372909104,0.32,0.97,0.86,0.979,0.92,0.04196500778198242,51.88251494750895,500.0,True,0.295
ANME2d,gammaDDff2_minus,0.32,0.97,0.86,0.979,0.93,0.5058823529411764,0.017838027312020107,0.14872432953403394,-0.14584268385541393,-17.05373147801502,0.32,0.97,0.86,0.979,0.92,0.04196500778198242,51.88251494750895,500.0,True,0.295
ANME2d,gammaDDff2_minus,0.32,0.97,0.86,0.979,0.93,0.5117647058823529,0.01757427302546698,0.14648911415934632,-0.183669801636359,-16.898942027206594,0.32,0.97,0.86,0.979,0.92,0.04196500778198242,51.88251494750895,500.0,True,0.295
ANME2d,gammaDDff2_minus,0.32,0.97,0.86,0.979,0.93,0.5176470588235293,0.017312824055937266,0.1442706970716198,-0.21999374513481582,-16.74167695292711,0.32,0.97,0.86,0.979,0.92,0.04196500778198242,51.88251494750895,500.0,True,0.295
ANME2d,gammaDDff2_minus,0.32,0.97,0.86,0.979,0.93,0.5235294117647058,0.0170536317864742,0.14206873773070647,-0.2548536190402141,-16.58202951540909,0.32,0.97,0.86,0.979,0.92,0.04196500778198242,51.88251494750895,500.0,True,0.295
ANME2d,gammaDDff2_minus,0.32,0.97,0.86,0.979,0.93,0.5294117647058824,0.016796650145440333,0.13988293089956386,-0.2882834148339735,-16.420078599891983,0.32,0.97,0.86,0.979,0.92,0.04196500778198242,51.88251494750895,500.0,True,0.295
ANME2d,gammaDDff2_minus,0.32,0.97,0.86,0.979,0.93,0.5352941176470588,0.01654183448006783,0.13771298415467567,-0.3203153425221902,-16.25589824420372,0.32,0.97,0.86,0.979,0.92,0.04196500778198242,51.88251494750895,500.0,True,0.295
ANME2d,gammaDDff2_minus,0.32,0.97,0.86,0.979,0.93,0.5411764705882353,0.016289140564498667,0.13555859805289833,-0.3509827868468452,-16.08956624794366,0.32,0.97,0.86,0.979,0.92,0.04196500778198242,51.88251494750895,500.0,True,0.295
ANME2d,gammaDDff2_minus,0.32,0.97,0.86,0.979,0.93,0.5470588235294118,0.016038525347648713,0.13341947983039387,-0.38031830402714417,-15.921158344752518,0.32,0.97,0.86,0.979,0.92,0.04196500778198242,51.88251494750895,500.0,True,0.295
ANME2d,gammaDDff2_minus,0.32,0.97,0.86,0.979,0.93,0.5529411764705883,0.01578994688944713,0.13129534824587594,-0.4083528433850495,-15.750746149271949,0.32,0.97,0.86,0.979,0.92,0.04196500778198242,51.88251494750895,500.0,True,0.295
ANME2d,gammaDDff2_minus,0.32,0.97,0.86,0.979,0.93,0.5588235294117647,0.015543364284891874,0.12918593586372074,-0.4351153685740262,-15.578396113796078,0.32,0.97,0.86,0.979,0.92,0.04196500778198242,51.88251494750895,500.0,True,0.295
ANME2d,gammaDDff2_minus,0.32,0.97,0.86,0.979,0.93,0.5647058823529412,0.015298737658936336,0.127090979773444,-0.4606343388802699,-15.404173440395898,0.32,0.97,0.86,0.979,0.92,0.04196500778198242,51.88251494750895,500.0,True,0.295
ANME2d,gammaDDff2_minus,0.32,0.97,0.86,0.979,0.93,0.5705882352941176,0.01505602811597687,0.12501022074390716,-0.48493784179714583,-15.228142492925302,0.32,0.97,0.86,0.979,0.92,0.04196500778198242,51.88251494750895,500.0,True,0.295
ANME2d,gammaDDff2_minus,0.32,0.97,0.86,0.979,0.93,0.5764705882352941,0.014815197989580918,0.1229434041841373,-0.5080535015330142,-15.05036634902423,0.32,0.97,0.86,0.979,0.92,0.04196500778198242,51.88251494750895,500.0,True,0.295
ANME2d,gammaDDff2_minus,0.32,0.97,0.86,0.979,0.93,0.5823529411764705,0.014576209900532612,0.12089028857507113,-0.5300069293201449,-14.87090333098281,0.32,0.97,0.86,0.979,0.92,0.04196500778198242,51.88251494750895,500.0,True,0.295
ANME2d,gammaDDff2_minus,0.32,0.97,0.86,0.979,0.93,0.588235294117647,0.01433902703735859,0.11885064188585441,-0.550822359382875,-14.689808421285516,0.32,0.97,0.86,0.979,0.92,0.04196500778198242,51.88251494750895,500.0,True,0.295
ANME2d,gammaDDff2_minus,0.32,0.97,0.86,0.979,0.93,0.5941176470588235,0.014103613986409406,0.11682423258351832,-0.5705242704719465,-14.50713695387705,0.32,0.97,0.86,0.979,0.92,0.04196500778198242,51.88251494750895,500.0,True,0.295
ANME2d,gammaDDff2_minus,0.32,0.97,0.86,0.979,0.93,0.6,0.013869936347311467,0.11481083396446488,-0.5891366155094873,-14.322942869200572,0.32,0.97,0.86,0.979,0.92,0.04196500778198242,51.88251494750895,500.0,True,0.295
ANME2d,gammaDDff2_minus,0.32,0.97,0.86,0.979,0.93,0.6058823529411765,0.01363796038412449,0.11281022572217232,-0.6066824962049832,-14.137278078961481,0.32,0.97,0.86,0.979,0.92,0.04196500778198242,51.88251494750895,500.0,True,0.295
ANME2d,gammaDDff2_minus,0.32,0.97,0.86,0.979,0.93,0.611764705882353,0.013407652050381691,0.11082219769830003,-0.6231833484689284,-13.950190927457855,0.32,0.97,0.86,0.979,0.92,0.04196500778198242,51.88251494750895,500.0,True,0.295
ANME2d,gammaDDff2_minus,0.32,0.97,0.86,0.979,0.93,0.6176470588235294,0.013178978016916107,0.10884654500917343,-0.6386599544148914,-13.761728115688022,0.32,0.97,0.86,0.979,0.92,0.04196500778198242,51.88251494750895,500.0,True,0.295
ANME2d,gammaDDff2_minus,0.32,0.97,0.86,0.979,0.93,0.6235294117647059,0.012951906458185157,0.10688306421677356,-0.653133232287211,-13.57193626677792,0.32,0.97,0.86,0.979,0.92,0.04196500778198242,51.88251494750895,500.0,True,0.295
ANME2d,gammaDDff2_minus,0.32,0.97,0.86,0.979,0.93,0.6294117647058823,0.012726406528443295,0.10493155606654717,-0.6666236859766287,-13.38086085009776,0.32,0.97,0.86,0.979,0.92,0.04196500778198242,51.88251494750895,500.0,True,0.295
ANME2d,gammaDDff2_minus,0.32,0.97,0.86,0.979,0.93,0.6352941176470588,0.012502447084597105,0.1029918286064506,-0.6791506179635857,-13.188544892773157,0.32,0.97,0.86,0.979,0.92,0.04196500778198242,51.88251494750895,500.0,True,0.295
ANME2d,gammaDDff2_minus,0.32,0.97,0.86,0.979,0.93,0.6411764705882352,0.012279996432141884,0.10106369756565808,-0.6907320148447815,-12.995028790571002,0.32,0.97,0.86,0.979,0.92,0.04196500778198242,51.88251494750895,500.0,True,0.295
ANME2d,gammaDDff2_minus,0.32,0.97,0.86,0.979,0.93,0.6470588235294117,0.012059024444277195,0.09914698032145014,-0.7013859970394242,-12.80035276309869,0.32,0.97,0.86,0.979,0.92,0.04196500778198242,51.88251494750895,500.0,True,0.295
ANME2d,gammaDDff2_minus,0.32,0.97,0.86,0.979,0.93,0.6529411764705881,0.01183950177920776,0.09724149779279946,-0.7111303375342845,-12.604556097506565,0.32,0.97,0.86,0.979,0.92,0.04196500778198242,51.88251494750895,500.0,True,0.295
ANME2d,gammaDDff2_minus,0.32,0.97,0.86,0.979,0.93,0.6588235294117647,0.011621399575566745,0.09534707513463676,-0.7199822824510517,-12.407676850659671,0.32,0.97,0.86,0.979,0.92,0.04196500778198242,51.88251494750895,500.0,True,0.295
ANME2d,gammaDDff2_minus,0.32,0.97,0.86,0.979,0.93,0.6647058823529411,0.011404688535546032,0.0934635431849062,-0.7279581206566682,-12.209751268469807,0.32,0.97,0.86,0.979,0.92,0.04196500778198242,51.88251494750895,500.0,True,0.295
ANME2d,gammaDDff2_minus,0.32,0.97,0.86,0.979,0.93,0.6705882352941177,0.011189339153089376,0.09159073781851486,-0.7350733409994639,-12.010814021568509,0.32,0.97,0.86,0.979,0.92,0.04196500778198242,51.88251494750895,500.0,True,0.295
ANME2d,gammaDDff2_minus,0.32,0.97,0.86,0.979,0.93,0.6764705882352942,0.010975323484208604,0.08972849667409465,-0.7413435480395656,-11.81089949107914,0.32,0.97,0.86,0.979,0.92,0.04196500778198242,51.88251494750895,500.0,True,0.295
ANME2d,gammaDDff2_minus,0.32,0.97,0.86,0.979,0.93,0.6823529411764706,0.010762613294084875,0.08787666182600151,-0.7467836245056739,-11.610040723785865,0.32,0.97,0.86,0.979,0.92,0.04196500778198242,51.88251494750895,500.0,True,0.295
ANME2d,gammaDDff2_minus,0.32,0.97,0.86,0.979,0.93,0.6882352941176471,0.010551179893059355,0.08603507976840785,-0.7514077003013249,-11.408269427735757,0.32,0.97,0.86,0.979,0.92,0.04196500778198242,51.88251494750895,500.0,True,0.295
ANME2d,gammaDDff2_minus,0.32,0.97,0.86,0.979,0.93,0.6941176470588235,0.010340996121637688,0.08420359928256736,-0.755229942209079,-11.205616799004003,0.32,0.97,0.86,0.979,0.92,0.04196500778198242,51.88251494750895,500.0,True,0.295
ANME2d,gammaDDff2_minus,0.32,0.97,0.86,0.979,0.93,0.7,0.010132034493109747,0.08238207291396678,-0.7582639001388187,-11.002112950820399,0.32,0.97,0.86,0.979,0.92,0.04196500778198242,51.88251494750895,500.0,True,0.295
ANME2d,gammaDDff2_minus,0.32,0.97,0.86,0.979,0.93,0.7058823529411764,0.009924266478479863,0.08057035729826238,-0.7605222987181657,-10.79778678025069,0.32,0.97,0.86,0.979,0.92,0.04196500778198242,51.88251494750895,500.0,True,0.295
ANME2d,gammaDDff2_minus,0.32,0.97,0.86,0.979,0.93,0.7117647058823529,0.00971766503971763,0.07876831151312218,-0.7620178723046522,-10.592666586816625,0.32,0.97,0.86,0.979,0.92,0.04196500778198242,51.88251494750895,500.0,True,0.295
ANME2d,gammaDDff2_minus,0.32,0.97,0.86,0.979,0.93,0.7176470588235294,0.009512203307163049,0.0769757976500146,-0.7627629762595862,-10.386779860547012,0.32,0.97,0.86,0.979,0.92,0.04196500778198242,51.88251494750895,500.0,True,0.295
ANME2d,gammaDDff2_minus,0.32,0.97,0.86,0.979,0.93,0.7235294117647059,0.009307852868823224,0.07519268148286866,-0.762769104377434,-10.180153024445167,0.32,0.97,0.86,0.979,0.92,0.04196500778198242,51.88251494750895,500.0,True,0.295
ANME2d,gammaDDff2_minus,0.32,0.97,0.86,0.979,0.93,0.7294117647058823,0.00910458581412146,0.07341883153637364,-0.7620474962144036,-9.972811774305582,0.32,0.97,0.86,0.979,0.92,0.04196500778198242,51.88251494750895,500.0,True,0.295
ANME2d,gammaDDff2_minus,0.32,0.97,0.86,0.979,0.93,0.7352941176470589,0.008902375475637993,0.07165411867670413,-0.7606093639731761,-9.764781234690687,0.32,0.97,0.86,0.979,0.92,0.04196500778198242,51.88251494750895,500.0,True,0.295
ANME2d,gammaDDff2_minus,0.32,0.97,0.86,0.979,0.93,0.7411764705882353,0.00870119372623159,0.06989841694713053,-0.7584651688443812,-9.556085640863884,0.32,0.97,0.86,0.979,0.92,0.04196500778198242,51.88251494750895,500.0,True,0.295
ANME2d,gammaDDff2_minus,0.32,0.97,0.86,0.979,0.93,0.7470588235294118,0.008501010970389184,0.06815160345395714,-0.7556246458459875,-9.34674837346609,0.32,0.97,0.86,0.979,0.92,0.04196500778198242,51.88251494750895,500.0,True,0.295
ANME2d,gammaDDff2_minus,0.32,0.97,0.86,0.979,0.93,0.7529411764705882,0.008301799674070876,0.06641355723034705,-0.7520977544733927,-9.13679238859552,0.32,0.97,0.86,0.979,0.92,0.04196500778198242,51.88251494750895,500.0,True,0.295
ANME2d,gammaDDff2_minus,0.32,0.97,0.86,0.979,0.93,0.7588235294117647,0.008103531186763237,0.06468416003150498,-0.7478938642528562,-8.926239913892589,0.32,0.97,0.86,0.979,0.92,0.04196500778198242,51.88251494750895,500.0,True,0.295
ANME2d,gammaDDff2_minus,0.32,0.97,0.86,0.979,0.93,0.7647058823529411,0.007906174795005107,0.06296329645671032,-0.7430215412840515,-8.715112399434597,0.32,0.97,0.86,0.979,0.92,0.04196500778198242,51.88251494750895,500.0,True,0.295
ANME2d,gammaDDff2_minus,0.32,0.97,0.86,0.979,0.93,0.7705882352941176,0.007709700685998943,0.06125085316090386,-0.7374893140630076,-8.503430799974259,0.32,0.97,0.86,0.979,0.92,0.04196500778198242,51.88251494750895,500.0,True,0.295
ANME2d,gammaDDff2_minus,0.32,0.97,0.86,0.979,0.93,0.776470588235294,0.00751407751133668,0.0595467192721336,-0.7313050899953828,-8.291215423182907,0.32,0.97,0.86,0.979,0.92,0.04196500778198242,51.88251494750895,500.0,True,0.295
ANME2d,gammaDDff2_minus,0.32,0.97,0.86,0.979,0.93,0.7823529411764706,0.007319274060708026,0.05785078606085307,-0.724476571689219,-8.078486044938726,0.32,0.97,0.86,0.979,0.92,0.04196500778198242,51.88251494750895,500.0,True,0.295
ANME2d,gammaDDff2_minus,0.32,0.97,0.86,0.979,0.93,0.788235294117647,0.007125257624778209,0.05616294705056604,-0.7170108983128018,-7.865261869846159,0.32,0.97,0.86,0.979,0.92,0.04196500778198242,51.88251494750895,500.0,True,0.295
ANME2d,gammaDDff2_minus,0.32,0.97,0.86,0.979,0.93,0.7941176470588236,0.0069319944853627165,0.054483097929798614,-0.7089147693766993,-7.651561557301459,0.32,0.97,0.86,0.979,0.92,0.04196500778198242,51.88251494750895,500.0,True,0.295
ANME2d,gammaDDff2_minus,0.32,0.97,0.86,0.979,0.93,0.8,0.0067394509432648145,0.05281113635760488,-0.7001946974595294,-7.437403288146507,0.32,0.97,0.86,0.979,0.92,0.04196500778198242,51.88251494750895,500.0,True,0.295
ANME2d,gammaDDff2_minus,0.32,0.97,0.86,0.979,0.93,0.8058823529411765,0.0065475896192546965,0.05114696219019997,-0.6908562158227716,-7.222804687517406,0.32,0.97,0.86,0.979,0.92,0.04196500778198242,51.88251494750895,500.0,True,0.295
ANME2d,gammaDDff2_minus,0.32,0.97,0.86,0.979,0.93,0.8117647058823529,0.006356374490074474,0.04949047707719844,-0.6809049855283098,-7.007782956002571,0.32,0.97,0.86,0.979,0.92,0.04196500778198242,51.88251494750895,500.0,True,0.295
ANME2d,gammaDDff2_minus,0.32,0.97,0.86,0.979,0.93,0.8176470588235294,0.00616576530021806,0.04784158471992229,-0.6703456250213979,-6.792354785851984,0.32,0.97,0.86,0.979,0.92,0.04196500778198242,51.88251494750895,500.0,True,0.295
ANME2d,gammaDDff2_minus,0.32,0.97,0.86,0.979,0.93,0.8235294117647058,0.005975721460169546,0.046200190610505384,-0.6591825547706766,-6.576536444641387,0.32,0.97,0.86,0.979,0.92,0.04196500778198242,51.88251494750895,500.0,True,0.295
ANME2d,gammaDDff2_minus,0.32,0.97,0.86,0.979,0.93,0.8294117647058823,0.00578619976501017,0.04456620206949396,-0.6474195431235882,-6.36034376410933,0.32,0.97,0.86,0.979,0.92,0.04196500778198242,51.88251494750895,500.0,True,0.295
ANME2d,gammaDDff2_minus,0.32,0.97,0.86,0.979,0.93,0.8352941176470587,0.005597153524459339,0.0429395282274101,-0.6350595552578713,-6.143792144114768,0.32,0.97,0.86,0.979,0.92,0.04196500778198242,51.88251494750895,500.0,True,0.295
ANME2d,gammaDDff2_minus,0.32,0.97,0.86,0.979,0.93,0.8411764705882352,0.005408533568530368,0.041320079912362834,-0.6221049887695904,-5.926896587789801,0.32,0.97,0.86,0.979,0.92,0.04196500778198242,51.88251494750895,500.0,True,0.295
ANME2d,gammaDDff2_minus,0.32,0.97,0.86,0.979,0.93,0.8470588235294116,0.005220288438616897,0.0397077696088828,-0.608557734879453,-5.709671713188743,0.32,0.97,0.86,0.979,0.92,0.04196500778198242,51.88251494750895,500.0,True,0.295
ANME2d,gammaDDff2_minus,0.32,0.97,0.86,0.979,0.93,0.8529411764705883,0.005032361548427064,0.03810251146201186,-0.5944186442476567,-5.492131756116069,0.32,0.97,0.86,0.979,0.92,0.04196500778198242,51.88251494750895,500.0,True,0.295
ANME2d,gammaDDff2_minus,0.32,0.97,0.86,0.979,0.93,0.8588235294117648,0.004844693778966155,0.03650422117942967,-0.5796880683694343,-5.274290595564297,0.32,0.97,0.86,0.979,0.92,0.04196500778198242,51.88251494750895,500.0,True,0.295
ANME2d,gammaDDff2_minus,0.32,0.97,0.86,0.979,0.93,0.8647058823529412,0.004657219984867802,0.03491281603730267,-0.5643652132123632,-5.05616175752343,0.32,0.97,0.86,0.979,0.92,0.04196500778198242,51.88251494750895,500.0,True,0.295
ANME2d,gammaDDff2_minus,0.32,0.97,0.86,0.979,0.93,0.8705882352941177,0.00446986972174385,0.03332821481403694,-0.5484483219381828,-4.8377584337111434,0.32,0.97,0.86,0.979,0.92,0.04196500778198242,51.88251494750895,500.0,True,0.295
ANME2d,gammaDDff2_minus,0.32,0.97,0.86,0.979,0.93,0.8764705882352941,0.00428256686392237,0.031750337753243325,-0.5319346437463107,-4.619093493166077,0.32,0.97,0.86,0.979,0.92,0.04196500778198242,51.88251494750895,500.0,True,0.295
ANME2d,gammaDDff2_minus,0.32,0.97,0.86,0.979,0.93,0.8823529411764706,0.004095226155223562,0.03017910654087018,-0.514819836898533,-4.400179495792708,0.32,0.97,0.86,0.979,0.92,0.04196500778198242,51.88251494750895,500.0,True,0.295
ANME2d,gammaDDff2_minus,0.32,0.97,0.86,0.979,0.93,0.888235294117647,0.003907754023187325,0.028614444252650084,-0.49709818427403546,-4.181028705287238,0.32,0.97,0.86,0.979,0.92,0.04196500778198242,51.88251494750895,500.0,True,0.295
ANME2d,gammaDDff2_minus,0.32,0.97,0.86,0.979,0.93,0.8941176470588235,0.0037200471521877895,0.027056275319084534,-0.47876239023331896,-3.961653102227849,0.32,0.97,0.86,0.979,0.92,0.04196500778198242,51.88251494750895,500.0,True,0.295
ANME2d,gammaDDff2_minus,0.32,0.97,0.86,0.979,0.93,0.8999999999999999,0.0035319911009524915,0.02550452549175144,-0.4598033910774531,-3.742064396270541,0.32,0.97,0.86,0.979,0.92,0.04196500778198242,51.88251494750895,500.0,True,0.295
ANME2d,gammaDDff2_minus,0.32,0.97,0.86,0.979,0.93,0.9058823529411764,0.0033434567047555736,0.02395912180919009,-0.4402097901769631,-3.522274043667493,0.32,0.97,0.86,0.979,0.92,0.04196500778198242,51.88251494750895,500.0,True,0.295
ANME2d,gammaDDff2_minus,0.32,0.97,0.86,0.979,0.93,0.911764705882353,0.003154298451556222,0.022419992559260107,-0.4199676659664223,-3.3022932609801536,0.32,0.97,0.86,0.979,0.92,0.04196500778198242,51.88251494750895,500.0,True,0.295
ANME2d,gammaDDff2_minus,0.32,0.97,0.86,0.979,0.93,0.9176470588235295,0.0029643508284151066,0.020887067243967883,-0.399060045072455,-3.08213304268251,0.32,0.97,0.86,0.979,0.92,0.04196500778198242,51.88251494750895,500.0,True,0.295
ANME2d,gammaDDff2_minus,0.32,0.97,0.86,0.979,0.93,0.9235294117647059,0.0027734237567761375,0.01936027654401958,-0.3774662413363407,-2.861804180247126,0.32,0.97,0.86,0.979,0.92,0.04196500778198242,51.88251494750895,500.0,True,0.295
ANME2d,gammaDDff2_minus,0.32,0.97,0.86,0.979,0.93,0.9294117647058824,0.0025812992242327955,0.01783955228218284,-0.35516142898703557,-2.641317278860415,0.32,0.97,0.86,0.979,0.92,0.04196500778198242,51.88251494750895,500.0,True,0.295
ANME2d,gammaDDff2_minus,0.32,0.97,0.86,0.979,0.93,0.9352941176470588,0.0023877246428370548,0.016324827386168354,-0.3321156896385255,-2.42068278144915,0.32,0.97,0.86,0.979,0.92,0.04196500778198242,51.88251494750895,500.0,True,0.295
ANME2d,gammaDDff2_minus,0.32,0.97,0.86,0.979,0.93,0.9411764705882353,0.002192404302009564,0.01481603584852376,-0.30829280838434175,-2.1999109973088085,0.32,0.97,0.86,0.979,0.92,0.04196500778198242,51.88251494750895,500.0,True,0.295
ANME2d,gammaDDff2_minus,0.32,0.97,0.86,0.979,0.93,0.9470588235294117,0.0019949877428069545,0.013313112682980095,-0.283648622266431,-1.979012138077897,0.32,0.97,0.86,0.979,0.92,0.04196500778198242,51.88251494750895,500.0,True,0.295
ANME2d,gammaDDff2_minus,0.32,0.97,0.86,0.979,0.93,0.9529411764705882,0.0017950587750496416,0.011815993881055397,-0.25812953720449805,-1.7579963514292158,0.32,0.97,0.86,0.979,0.92,0.04196500778198242,51.88251494750895,500.0,True,0.295
ANME2d,gammaDDff2_minus,0.32,0.97,0.86,0.979,0.93,0.9588235294117646,0.0015921169393845406,0.010324616356650426,-0.23166993420917062,-1.5368737732579425,0.32,0.97,0.86,0.979,0.92,0.04196500778198242,51.88251494750895,500.0,True,0.295
ANME2d,gammaDDff2_minus,0.32,0.97,0.86,0.979,0.93,0.9647058823529411,0.0013855495530785379,0.008838917878362258,-0.20418829143494857,-1.315654603868486,0.32,0.97,0.86,0.979,0.92,0.04196500778198242,51.88251494750895,500.0,True,0.295
ANME2d,gammaDDff2_minus,0.32,0.97,0.86,0.979,0.93,0.9705882352941175,0.0011746073023038274,0.0073588370194875834,-0.17558397952551624,-1.0943491668950944,0.32,0.97,0.86,0.979,0.92,0.04196500778198242,51.88251494750895,500.0,True,0.295
ANME2d,gammaDDff2_minus,0.32,0.97,0.86,0.979,0.93,0.9764705882352942,0.0009583512439296175,0.0058843130384948475,-0.14572993951257893,-0.8729680479157107,0.32,0.97,0.86,0.979,0.92,0.04196500778198242,51.88251494750895,500.0,True,0.295
ANME2d,gammaDDff2_minus,0.32,0.97,0.86,0.979,0.93,0.9823529411764707,0.0007355713667235427,0.004415285606909288,-0.11446274969495428,-0.6515222450906784,0.32,0.97,0.86,0.979,0.92,0.04196500778198242,51.88251494750895,500.0,True,0.295
ANME2d,gammaDDff2_minus,0.32,0.97,0.86,0.979,0.93,0.9882352941176471,0.0005046099916274374,0.002951688117252192,-0.08156871082244585,-0.430022154078392,0.32,0.97,0.86,0.979,0.92,0.04196500778198242,51.88251494750895,500.0,True,0.295
ANME2d,gammaDDff2_minus,0.32,0.97,0.86,0.979,0.93,0.9941176470588236,0.0002623131686898646,0.0014928600070136337,-0.046689121681716246,-0.20851513082355563,0.32,0.97,0.86,0.979,0.92,0.04196500778198242,51.88251494750895,500.0,True,0.295
ANME2d,gammaDDff2_minus,0.32,0.97,0.86,0.979,0.93,1.0,0.0,0.0,0.0,0.0,0.32,0.97,0.86,0.979,0.92,0.04196500778198242,51.88251494750895,500.0,True,0.295
