series,run_name,rev1,rev2,rev3,gammaCDff2,gammaDDff2,f,ln(c/c0),ln(d/d0),DeltaCD,DeltaDD,central_rev1,central_rev2,central_rev3,central_gammaCDff2,central_gammaDDff2,solve_seconds,t_end,tmax,event_reached,f_stop
AOM_P,central,0.78,0.54,0.03,0.979,0.92,0.1,0.012460876999587261,0.2078687845924797,26.01751289998304,74.07995132512698,0.78,0.54,0.03,0.979,0.92,0.04102015495300293,205.87367754429093,500.0,True,0.095
AOM_P,central,0.78,0.54,0.03,0.979,0.92,0.10756302521008404,0.012141132998981398,0.2054488180265054,25.45869475381938,72.41046196702678,0.78,0.54,0.03,0.979,0.92,0.04102015495300293,205.87367754429093,500.0,True,0.095
AOM_P,central,0.78,0.54,0.03,0.979,0.92,0.11512605042016807,0.01183733862885097,0.20306854487511056,24.921103805888773,70.80899394759275,0.78,0.54,0.03,0.979,0.92,0.04102015495300293,205.87367754429093,500.0,True,0.095
AOM_P,central,0.78,0.54,0.03,0.979,0.92,0.12268907563025211,0.011547925379385551,0.2007249776295962,24.402900336659012,69.26956882411531,0.78,0.54,0.03,0.979,0.92,0.04102015495300293,205.87367754429093,500.0,True,0.095
AOM_P,central,0.78,0.54,0.03,0.979,0.92,0.13025210084033614,0.011271618462703444,0.19841561574138195,23.902589325627304,67.78736350557017,0.78,0.54,0.03,0.979,0.92,0.04102015495300293,205.87367754429093,500.0,True,0.095
AOM_P,central,0.78,0.54,0.03,0.979,0.92,0.13781512605042018,0.011007176261527656,0.1961378642178778,23.418639413348313,66.35731124071536,0.78,0.54,0.03,0.979,0.92,0.04102015495300293,205.87367754429093,500.0,True,0.095
AOM_P,central,0.78,0.54,0.03,0.979,0.92,0.1453781512605042,0.010753638796673017,0.19388981382187173,22.94992277357524,64.97579955243147,0.78,0.54,0.03,0.979,0.92,0.04102015495300293,205.87367754429093,500.0,True,0.095
AOM_P,central,0.78,0.54,0.03,0.979,0.92,0.15294117647058825,0.010510122492701102,0.19166961255823478,22.495366132670384,63.63933894563629,0.78,0.54,0.03,0.979,0.92,0.04102015495300293,205.87367754429093,500.0,True,0.095
AOM_P,central,0.78,0.54,0.03,0.979,0.92,0.16050420168067228,0.010275888731237654,0.18947572490308345,22.05408122499114,62.34508050776524,0.78,0.54,0.03,0.979,0.92,0.04102015495300293,205.87367754429093,500.0,True,0.095
AOM_P,central,0.78,0.54,0.03,0.979,0.92,0.16806722689075632,0.010050276472859979,0.18730673268596007,21.62526030758069,61.09042218733678,0.78,0.54,0.03,0.979,0.92,0.04102015495300293,205.87367754429093,500.0,True,0.095
AOM_P,central,0.78,0.54,0.03,0.979,0.92,0.17563025210084032,0.009832662309056963,0.1851612569942648,21.20812833994341,59.87284883591497,0.78,0.54,0.03,0.979,0.92,0.04102015495300293,205.87367754429093,500.0,True,0.095
AOM_P,central,0.78,0.54,0.03,0.979,0.92,0.18319327731092439,0.009622511280371913,0.18303812261624308,20.802030825093567,58.690270809225126,0.78,0.54,0.03,0.979,0.92,0.04102015495300293,205.87367754429093,500.0,True,0.095
AOM_P,central,0.78,0.54,0.03,0.979,0.92,0.1907563025210084,0.009419265122774642,0.18093598157945065,20.40622704432746,57.54020586772428,0.78,0.54,0.03,0.979,0.92,0.04102015495300293,205.87367754429093,500.0,True,0.095
AOM_P,central,0.78,0.54,0.03,0.979,0.92,0.19831932773109245,0.009222486240995607,0.17885382515249884,20.02016448107225,56.42087354145219,0.78,0.54,0.03,0.979,0.92,0.04102015495300293,205.87367754429093,500.0,True,0.095
AOM_P,central,0.78,0.54,0.03,0.979,0.92,0.20588235294117646,0.00903181559827173,0.17679085209360562,19.643408180187716,55.33092447977948,0.78,0.54,0.03,0.979,0.92,0.04102015495300293,205.87367754429093,500.0,True,0.095
AOM_P,central,0.78,0.54,0.03,0.979,0.92,0.21344537815126052,0.008846840275241252,0.17474600074259722,19.275391700261636,54.26844812715205,0.78,0.54,0.03,0.979,0.92,0.04102015495300293,205.87367754429093,500.0,True,0.095
AOM_P,central,0.78,0.54,0.03,0.979,0.92,0.22100840336134453,0.008667245571386038,0.17271855564670782,18.915725926412634,53.2322294060808,0.78,0.54,0.03,0.979,0.92,0.04102015495300293,205.87367754429093,500.0,True,0.095
AOM_P,central,0.78,0.54,0.03,0.979,0.92,0.22857142857142856,0.00849275219830158,0.17070787822718117,18.564067523934888,52.221209632559415,0.78,0.54,0.03,0.979,0.92,0.04102015495300293,205.87367754429093,500.0,True,0.095
AOM_P,central,0.78,0.54,0.03,0.979,0.92,0.2361344537815126,0.008323037387692096,0.16871309125933306,18.219958570561822,51.23383076120542,0.78,0.54,0.03,0.979,0.92,0.04102015495300293,205.87367754429093,500.0,True,0.095
AOM_P,central,0.78,0.54,0.03,0.979,0.92,0.24369747899159663,0.008157865680243797,0.16673361763459296,17.883099346922833,50.26915999197764,0.78,0.54,0.03,0.979,0.92,0.04102015495300293,205.87367754429093,500.0,True,0.095
AOM_P,central,0.78,0.54,0.03,0.979,0.92,0.25126050420168067,0.007997017988372893,0.16476890824824544,17.553207034759303,49.32631239496692,0.78,0.54,0.03,0.979,0.92,0.04102015495300293,205.87367754429093,500.0,True,0.095
AOM_P,central,0.78,0.54,0.03,0.979,0.92,0.2588235294117647,0.007840228942792281,0.162818189120183,17.229886136923856,48.403914101301545,0.78,0.54,0.03,0.979,0.92,0.04102015495300293,205.87367754429093,500.0,True,0.095
AOM_P,central,0.78,0.54,0.03,0.979,0.92,0.26638655462184874,0.007687296954877267,0.1608809272016368,16.912863490288235,47.50108337341821,0.78,0.54,0.03,0.979,0.92,0.04102015495300293,205.87367754429093,500.0,True,0.095
AOM_P,central,0.78,0.54,0.03,0.979,0.92,0.2739495798319328,0.007538064676308723,0.15895675029199804,16.601948511501263,46.617268467738654,0.78,0.54,0.03,0.979,0.92,0.04102015495300293,205.87367754429093,500.0,True,0.095
AOM_P,central,0.78,0.54,0.03,0.979,0.92,0.2815126050420168,0.00739235000359502,0.15704514551143514,16.2968832505085,45.75161728632389,0.78,0.54,0.03,0.979,0.92,0.04102015495300293,205.87367754429093,500.0,True,0.095
AOM_P,central,0.78,0.54,0.03,0.979,0.92,0.2890756302521008,0.00724996587284498,0.1551455495927739,15.997386516673789,44.90316254155603,0.78,0.54,0.03,0.979,0.92,0.04102015495300293,205.87367754429093,500.0,True,0.095
AOM_P,central,0.78,0.54,0.03,0.979,0.92,0.2966386554621849,0.007110782207362516,0.15325763490334007,15.703293128125036,44.071416302811265,0.78,0.54,0.03,0.979,0.92,0.04102015495300293,205.87367754429093,500.0,True,0.095
AOM_P,central,0.78,0.54,0.03,0.979,0.92,0.30420168067226894,0.006974678526607684,0.1513810948412714,15.41445008049514,43.25593054291049,0.78,0.54,0.03,0.979,0.92,0.04102015495300293,205.87367754429093,500.0,True,0.095
AOM_P,central,0.78,0.54,0.03,0.979,0.92,0.31176470588235294,0.006841495749917235,0.14951541827120346,15.130607369565716,42.455827784841546,0.78,0.54,0.03,0.979,0.92,0.04102015495300293,205.87367754429093,500.0,True,0.095
AOM_P,central,0.78,0.54,0.03,0.979,0.92,0.31932773109243695,0.006711111325594932,0.14766025370463953,14.851592467354829,41.670555791269514,0.78,0.54,0.03,0.979,0.92,0.04102015495300293,205.87367754429093,500.0,True,0.095
AOM_P,central,0.78,0.54,0.03,0.979,0.92,0.326890756302521,0.00658342844836196,0.14581535805108808,14.577285941621197,40.89978360028898,0.78,0.54,0.03,0.979,0.92,0.04102015495300293,205.87367754429093,500.0,True,0.095
AOM_P,central,0.78,0.54,0.03,0.979,0.92,0.3344537815126051,0.006458332792319028,0.1439803800977354,14.30751800590726,40.142948553775156,0.78,0.54,0.03,0.979,0.92,0.04102015495300293,205.87367754429093,500.0,True,0.095
AOM_P,central,0.78,0.54,0.03,0.979,0.92,0.3420168067226891,0.006335701192582323,0.14215490541431192,14.042089606350558,39.39934717935956,0.78,0.54,0.03,0.979,0.92,0.04102015495300293,205.87367754429093,500.0,True,0.095
AOM_P,central,0.78,0.54,0.03,0.979,0.92,0.3495798319327731,0.006215432156402931,0.1403386137795424,13.780847140417789,38.668466457039266,0.78,0.54,0.03,0.979,0.92,0.04102015495300293,205.87367754429093,500.0,True,0.095
AOM_P,central,0.78,0.54,0.03,0.979,0.92,0.3571428571428571,0.006097455486648207,0.13853133057044228,13.523707012958821,37.95009523017464,0.78,0.54,0.03,0.979,0.92,0.04102015495300293,205.87367754429093,500.0,True,0.095
AOM_P,central,0.78,0.54,0.03,0.979,0.92,0.3647058823529412,0.00598169151766556,0.13673281987093505,13.270557299389209,37.24388951124309,0.78,0.54,0.03,0.979,0.92,0.04102015495300293,205.87367754429093,500.0,True,0.095
AOM_P,central,0.78,0.54,0.03,0.979,0.92,0.3722689075630252,0.0058680464975795635,0.13494275571052725,13.021244862038204,36.54931202836966,0.78,0.54,0.03,0.979,0.92,0.04102015495300293,205.87367754429093,500.0,True,0.095
AOM_P,central,0.78,0.54,0.03,0.979,0.92,0.3798319327731092,0.00575643459561327,0.13316084251120527,12.775631127811787,35.86588253079999,0.78,0.54,0.03,0.979,0.92,0.04102015495300293,205.87367754429093,500.0,True,0.095
AOM_P,central,0.78,0.54,0.03,0.979,0.92,0.38739495798319323,0.005646794674142426,0.13138692246192957,12.533639324192743,35.19339732011818,0.78,0.54,0.03,0.979,0.92,0.04102015495300293,205.87367754429093,500.0,True,0.095
AOM_P,central,0.78,0.54,0.03,0.979,0.92,0.39495798319327735,0.00553906860539916,0.12962084138078425,12.295195476970797,34.53165907551945,0.78,0.54,0.03,0.979,0.92,0.04102015495300293,205.87367754429093,500.0,True,0.095
AOM_P,central,0.78,0.54,0.03,0.979,0.92,0.40252100840336136,0.005433183048693493,0.12786233637169994,12.0601785321285,33.88024635492403,0.78,0.54,0.03,0.979,0.92,0.04102015495300293,205.87367754429093,500.0,True,0.095
AOM_P,central,0.78,0.54,0.03,0.979,0.92,0.41008403361344536,0.005329063127138533,0.12611112503175861,11.828458997788175,33.238691479899025,0.78,0.54,0.03,0.979,0.92,0.04102015495300293,205.87367754429093,500.0,True,0.095
AOM_P,central,0.78,0.54,0.03,0.979,0.92,0.41764705882352937,0.005226656678751347,0.12436704678762023,11.599963140619838,32.606777361651375,0.78,0.54,0.03,0.979,0.92,0.04102015495300293,205.87367754429093,500.0,True,0.095
AOM_P,central,0.78,0.54,0.03,0.979,0.92,0.4252100840336135,0.0051259262859038755,0.12263001795580271,11.374652680022795,31.984445557800637,0.78,0.54,0.03,0.979,0.92,0.04102015495300293,205.87367754429093,500.0,True,0.095
AOM_P,central,0.78,0.54,0.03,0.979,0.92,0.4327731092436975,0.005026811710275642,0.12089981497604801,11.152426205292164,31.371341816133082,0.78,0.54,0.03,0.979,0.92,0.04102015495300293,205.87367754429093,500.0,True,0.095
AOM_P,central,0.78,0.54,0.03,0.979,0.92,0.4403361344537815,0.004929256856462194,0.11917623074189457,10.933190002700623,30.767141889482755,0.78,0.54,0.03,0.979,0.92,0.04102015495300293,205.87367754429093,500.0,True,0.095
AOM_P,central,0.78,0.54,0.03,0.979,0.92,0.4478991596638655,0.004833200635327301,0.1174590156129378,10.71683209737365,30.17142821640179,0.78,0.54,0.03,0.979,0.92,0.04102015495300293,205.87367754429093,500.0,True,0.095
AOM_P,central,0.78,0.54,0.03,0.979,0.92,0.4554621848739496,0.0047385923355999695,0.1157479788464646,10.503266736531376,29.583902355506762,0.78,0.54,0.03,0.979,0.92,0.04102015495300293,205.87367754429093,500.0,True,0.095
AOM_P,central,0.78,0.54,0.03,0.979,0.92,0.46302521008403363,0.004645406154222082,0.11404308482800853,10.2924767477106,29.004588504707648,0.78,0.54,0.03,0.979,0.92,0.04102015495300293,205.87367754429093,500.0,True,0.095
AOM_P,central,0.78,0.54,0.03,0.979,0.92,0.47058823529411764,0.004553603453362135,0.11234420667672355,10.084405373482582,28.433318717821514,0.78,0.54,0.03,0.979,0.92,0.04102015495300293,205.87367754429093,500.0,True,0.095
AOM_P,central,0.78,0.54,0.03,0.979,0.92,0.47815126050420165,0.00446313990846799,0.11065117317057414,9.878976653466921,27.86982888284645,0.78,0.54,0.03,0.979,0.92,0.04102015495300293,205.87367754429093,500.0,True,0.095
AOM_P,central,0.78,0.54,0.03,0.979,0.92,0.48571428571428577,0.004373971695752073,0.10896380880419511,9.676113129405886,27.313842676803695,0.78,0.54,0.03,0.979,0.92,0.04102015495300293,205.87367754429093,500.0,True,0.095
AOM_P,central,0.78,0.54,0.03,0.979,0.92,0.49327731092436977,0.004286053840700711,0.10728192275100125,9.475731040175136,26.76504821783031,0.78,0.54,0.03,0.979,0.92,0.04102015495300293,205.87367754429093,500.0,True,0.095
AOM_P,central,0.78,0.54,0.03,0.979,0.92,0.5008403361344538,0.004199354968582681,0.10560541256145639,9.27778491156896,26.223316232513255,0.78,0.54,0.03,0.979,0.92,0.04102015495300293,205.87367754429093,500.0,True,0.095
AOM_P,central,0.78,0.54,0.03,0.979,0.92,0.5084033613445378,0.004113854869162645,0.10393424797461888,9.082260701540358,25.688668050398967,0.78,0.54,0.03,0.979,0.92,0.04102015495300293,205.87367754429093,500.0,True,0.095
AOM_P,central,0.78,0.54,0.03,0.979,0.92,0.5159663865546219,0.004029517844690372,0.10226828488559854,8.889095710945238,25.16088439622438,0.78,0.54,0.03,0.979,0.92,0.04102015495300293,205.87367754429093,500.0,True,0.095
AOM_P,central,0.78,0.54,0.03,0.979,0.92,0.5235294117647059,0.003946310262286922,0.10060738821370852,8.698231315167682,24.639762275379624,0.78,0.54,0.03,0.979,0.92,0.04102015495300293,205.87367754429093,500.0,True,0.095
AOM_P,central,0.78,0.54,0.03,0.979,0.92,0.5310924369747899,0.0038641951774809726,0.09895139323498513,8.509596683369002,24.125034420346715,0.78,0.54,0.03,0.979,0.92,0.04102015495300293,205.87367754429093,500.0,True,0.095
AOM_P,central,0.78,0.54,0.03,0.979,0.92,0.5386554621848739,0.0037831400056460222,0.09730016166926929,8.323132320004834,23.616486206223957,0.78,0.54,0.03,0.979,0.92,0.04102015495300293,205.87367754429093,500.0,True,0.095
AOM_P,central,0.78,0.54,0.03,0.979,0.92,0.546218487394958,0.003703131340495815,0.09565368990347138,8.138835605659938,23.11418245729691,0.78,0.54,0.03,0.979,0.92,0.04102015495300293,205.87367754429093,500.0,True,0.095
AOM_P,central,0.78,0.54,0.03,0.979,0.92,0.553781512605042,0.00362414367962441,0.09401188223176804,7.95666552639178,22.617995574826836,0.78,0.54,0.03,0.979,0.92,0.04102015495300293,205.87367754429093,500.0,True,0.095
AOM_P,central,0.78,0.54,0.03,0.979,0.92,0.561344537815126,0.0035461490575621367,0.09237462079061576,7.776571925917035,22.127749683155248,0.78,0.54,0.03,0.979,0.92,0.04102015495300293,205.87367754429093,500.0,True,0.095
AOM_P,central,0.78,0.54,0.03,0.979,0.92,0.5689075630252101,0.003469119126122268,0.09074177985370618,7.598501580740697,21.643249988680292,0.78,0.54,0.03,0.979,0.92,0.04102015495300293,205.87367754429093,500.0,True,0.095
AOM_P,central,0.78,0.54,0.03,0.979,0.92,0.5764705882352942,0.003393024868375781,0.08911322384281647,7.42239734272558,21.164278411879508,0.78,0.54,0.03,0.979,0.92,0.04102015495300293,205.87367754429093,500.0,True,0.095
AOM_P,central,0.78,0.54,0.03,0.979,0.92,0.5840336134453782,0.003317846973696816,0.08748888906801533,7.248232033557737,20.690767251493426,0.78,0.54,0.03,0.979,0.92,0.04102015495300293,205.87367754429093,500.0,True,0.095
AOM_P,central,0.78,0.54,0.03,0.979,0.92,0.5915966386554622,0.003243571962745082,0.0858687538980808,7.075996167311432,20.222737611613976,0.78,0.54,0.03,0.979,0.92,0.04102015495300293,205.87367754429093,500.0,True,0.095
AOM_P,central,0.78,0.54,0.03,0.979,0.92,0.5991596638655462,0.0031701761854842276,0.0842527132091314,6.905645801804573,19.760032107072885,0.78,0.54,0.03,0.979,0.92,0.04102015495300293,205.87367754429093,500.0,True,0.095
AOM_P,central,0.78,0.54,0.03,0.979,0.92,0.6067226890756302,0.0030976371720312793,0.08264066755649233,6.737139462385071,19.302503430235657,0.78,0.54,0.03,0.979,0.92,0.04102015495300293,205.87367754429093,500.0,True,0.095
AOM_P,central,0.78,0.54,0.03,0.979,0.92,0.6142857142857142,0.003025933560040978,0.08103252282813797,6.570437993135605,18.850013769148898,0.78,0.54,0.03,0.979,0.92,0.04102015495300293,205.87367754429093,500.0,True,0.095
AOM_P,central,0.78,0.54,0.03,0.979,0.92,0.6218487394957983,0.002955041415489598,0.07942816028758883,6.405492394273045,18.40237131067761,0.78,0.54,0.03,0.979,0.92,0.04102015495300293,205.87367754429093,500.0,True,0.095
AOM_P,central,0.78,0.54,0.03,0.979,0.92,0.6294117647058823,0.0028849364557446346,0.07782745494928378,6.242251245809445,17.959369013207997,0.78,0.54,0.03,0.979,0.92,0.04102015495300293,205.87367754429093,500.0,True,0.095
AOM_P,central,0.78,0.54,0.03,0.979,0.92,0.6369747899159663,0.0028156128063140883,0.07623042968452878,6.08072323052495,17.521112137822758,0.78,0.54,0.03,0.979,0.92,0.04102015495300293,205.87367754429093,500.0,True,0.095
AOM_P,central,0.78,0.54,0.03,0.979,0.92,0.6445378151260504,0.0027470555515269604,0.07463703061807193,5.920886131870626,17.08754338656589,0.78,0.54,0.03,0.979,0.92,0.04102015495300293,205.87367754429093,500.0,True,0.095
AOM_P,central,0.78,0.54,0.03,0.979,0.92,0.6521008403361345,0.0026792463354180763,0.07304717286617847,5.762705263482537,16.658538236599213,0.78,0.54,0.03,0.979,0.92,0.04102015495300293,205.87367754429093,500.0,True,0.095
AOM_P,central,0.78,0.54,0.03,0.979,0.92,0.6596638655462185,0.0026121676444781036,0.0714607757869428,5.6061477506372155,16.233979671498908,0.78,0.54,0.03,0.979,0.92,0.04102015495300293,205.87367754429093,500.0,True,0.095
AOM_P,central,0.78,0.54,0.03,0.979,0.92,0.6672268907563025,0.0025458022494492696,0.06987775845081678,5.45118070584961,15.813748557334844,0.78,0.54,0.03,0.979,0.92,0.04102015495300293,205.87367754429093,500.0,True,0.095
AOM_P,central,0.78,0.54,0.03,0.979,0.92,0.6747899159663865,0.0024801311973456234,0.06829802287488539,5.297764477795953,15.397687511854674,0.78,0.54,0.03,0.979,0.92,0.04102015495300293,205.87367754429093,500.0,True,0.095
AOM_P,central,0.78,0.54,0.03,0.979,0.92,0.6823529411764706,0.0024151378989463873,0.06672148849315472,5.145866484873731,14.985674962170595,0.78,0.54,0.03,0.979,0.92,0.04102015495300293,205.87367754429093,500.0,True,0.095
AOM_P,central,0.78,0.54,0.03,0.979,0.92,0.6899159663865546,0.002350817747845984,0.0651481733999085,4.995493923196976,14.57780116785894,0.78,0.54,0.03,0.979,0.92,0.04102015495300293,205.87367754429093,500.0,True,0.095
AOM_P,central,0.78,0.54,0.03,0.979,0.92,0.6974789915966386,0.002287155681728242,0.06357800574849307,4.846617967672493,14.173962291743003,0.78,0.54,0.03,0.979,0.92,0.04102015495300293,205.87367754429093,500.0,True,0.095
AOM_P,central,0.78,0.54,0.03,0.979,0.92,0.7050420168067226,0.0022241372850584852,0.0620109170652879,4.699211214371198,13.774060458197116,0.78,0.54,0.03,0.979,0.92,0.04102015495300293,205.87367754429093,500.0,True,0.095
AOM_P,central,0.78,0.54,0.03,0.979,0.92,0.7126050420168067,0.0021617487547818024,0.06044684207269841,4.5532476069490535,13.378003461602407,0.78,0.54,0.03,0.979,0.92,0.04102015495300293,205.87367754429093,500.0,True,0.095
AOM_P,central,0.78,0.54,0.03,0.979,0.92,0.7201680672268908,0.002099976192900237,0.05888571267011778,4.408700034410858,12.98569163753626,0.78,0.54,0.03,0.979,0.92,0.04102015495300293,205.87367754429093,500.0,True,0.095
AOM_P,central,0.78,0.54,0.03,0.979,0.92,0.7277310924369748,0.002038804943278916,0.05732745227321038,4.265538066725507,12.597005425968087,0.78,0.54,0.03,0.979,0.92,0.04102015495300293,205.87367754429093,500.0,True,0.095
AOM_P,central,0.78,0.54,0.03,0.979,0.92,0.7352941176470588,0.0019782257090567804,0.0557720289132466,4.123749112289132,12.21192195348574,0.78,0.54,0.03,0.979,0.92,0.04102015495300293,205.87367754429093,500.0,True,0.095
AOM_P,central,0.78,0.54,0.03,0.979,0.92,0.7428571428571429,0.0019182288440300745,0.054219406009266745,3.983318837344239,11.830407781969491,0.78,0.54,0.03,0.979,0.92,0.04102015495300293,205.87367754429093,500.0,True,0.095
AOM_P,central,0.78,0.54,0.03,0.979,0.92,0.7504201680672269,0.0018588024233594758,0.05266952569764759,3.844224492790923,11.452381820063065,0.78,0.54,0.03,0.979,0.92,0.04102015495300293,205.87367754429093,500.0,True,0.095
AOM_P,central,0.78,0.54,0.03,0.979,0.92,0.7579831932773109,0.0017999345710201528,0.051122329110655444,3.706442990340613,11.077759754860402,0.78,0.54,0.03,0.979,0.92,0.04102015495300293,205.87367754429093,500.0,True,0.095
AOM_P,central,0.78,0.54,0.03,0.979,0.92,0.7655462184873949,0.00174161629745617,0.04957778012840969,3.569960290952795,10.706506197244078,0.78,0.54,0.03,0.979,0.92,0.04102015495300293,205.87367754429093,500.0,True,0.095
AOM_P,central,0.78,0.54,0.03,0.979,0.92,0.773109243697479,0.0016838372473855544,0.04803583000542022,3.434757430312978,10.338557407424585,0.78,0.54,0.03,0.979,0.92,0.04102015495300293,205.87367754429093,500.0,True,0.095
AOM_P,central,0.78,0.54,0.03,0.979,0.92,0.780672268907563,0.0016265867800366784,0.046496426375699784,3.3008140878668697,9.973840955229615,0.78,0.54,0.03,0.979,0.92,0.04102015495300293,205.87367754429093,500.0,True,0.095
AOM_P,central,0.78,0.54,0.03,0.979,0.92,0.788235294117647,0.0015698542012418865,0.04495951522483895,3.1681093994752776,9.612280264905639,0.78,0.54,0.03,0.979,0.92,0.04102015495300293,205.87367754429093,500.0,True,0.095
AOM_P,central,0.78,0.54,0.03,0.979,0.92,0.795798319327731,0.0015136317018380988,0.04342506565722078,3.036631326602085,9.2538466599895,0.78,0.54,0.03,0.979,0.92,0.04102015495300293,205.87367754429093,500.0,True,0.095
AOM_P,central,0.78,0.54,0.03,0.979,0.92,0.8033613445378152,0.001457909621854622,0.04189303013945467,2.906361629635651,8.89847617906755,0.78,0.54,0.03,0.979,0.92,0.04102015495300293,205.87367754429093,500.0,True,0.095
AOM_P,central,0.78,0.54,0.03,0.979,0.92,0.8109243697478992,0.001402678442892563,0.040363361104522384,2.777282192104552,8.546104527120338,0.78,0.54,0.03,0.979,0.92,0.04102015495300293,205.87367754429093,500.0,True,0.095
AOM_P,central,0.78,0.54,0.03,0.979,0.92,0.8184873949579832,0.0013479290574103105,0.03883601351032654,2.6493758844183652,8.196671929021203,0.78,0.54,0.03,0.979,0.92,0.04102015495300293,205.87367754429093,500.0,True,0.095
AOM_P,central,0.78,0.54,0.03,0.979,0.92,0.8260504201680672,0.001293653636601609,0.03731095326536642,2.5226293283352166,7.8501386869377825,0.78,0.54,0.03,0.979,0.92,0.04102015495300293,205.87367754429093,500.0,True,0.095
AOM_P,central,0.78,0.54,0.03,0.979,0.92,0.8336134453781512,0.0012398435845235813,0.035788137589110085,2.3970264521123075,7.506449203000002,0.78,0.54,0.03,0.979,0.92,0.04102015495300293,205.87367754429093,500.0,True,0.095
AOM_P,central,0.78,0.54,0.03,0.979,0.92,0.8411764705882353,0.00118649058344674,0.03426752493525961,2.2725517812738554,7.165550290758867,0.78,0.54,0.03,0.979,0.92,0.04102015495300293,205.87367754429093,500.0,True,0.095
AOM_P,central,0.78,0.54,0.03,0.979,0.92,0.8487394957983193,0.0011335866492742264,0.03274907633926595,2.1491906537274943,6.8273928788016445,0.78,0.54,0.03,0.979,0.92,0.04102015495300293,205.87367754429093,500.0,True,0.095
AOM_P,central,0.78,0.54,0.03,0.979,0.92,0.8563025210084033,0.0010811240199605353,0.031232754497911554,2.0269288634511966,6.491930517782267,0.78,0.54,0.03,0.979,0.92,0.04102015495300293,205.87367754429093,500.0,True,0.095
AOM_P,central,0.78,0.54,0.03,0.979,0.92,0.8638655462184873,0.0010290949606886013,0.029718521055784753,1.905751998308992,6.159115490211193,0.78,0.54,0.03,0.979,0.92,0.04102015495300293,205.87367754429093,500.0,True,0.095
AOM_P,central,0.78,0.54,0.03,0.979,0.92,0.8714285714285714,0.0009774918630212246,0.02820633779522905,1.7856457255894862,5.828901161225183,0.78,0.54,0.03,0.979,0.92,0.04102015495300293,205.87367754429093,500.0,True,0.095
AOM_P,central,0.78,0.54,0.03,0.979,0.92,0.8789915966386554,0.0009263072312718088,0.026696166865904498,1.6665957301376986,5.501241980295862,0.78,0.54,0.03,0.979,0.92,0.04102015495300293,205.87367754429093,500.0,True,0.095
AOM_P,central,0.78,0.54,0.03,0.979,0.92,0.8865546218487395,0.0008755336700926656,0.025187971521035697,1.5485878338632937,5.1760931530356915,0.78,0.54,0.03,0.979,0.92,0.04102015495300293,205.87367754429093,500.0,True,0.095
AOM_P,central,0.78,0.54,0.03,0.979,0.92,0.8941176470588235,0.0008251637861212411,0.02368171052039245,1.4316066346855671,4.85341141497963,0.78,0.54,0.03,0.979,0.92,0.04102015495300293,205.87367754429093,500.0,True,0.095
AOM_P,central,0.78,0.54,0.03,0.979,0.92,0.9016806722689076,0.0007751901604334371,0.02217733691213079,1.315635227436907,4.533154972320837,0.78,0.54,0.03,0.979,0.92,0.04102015495300293,205.87367754429093,500.0,True,0.095
AOM_P,central,0.78,0.54,0.03,0.979,0.92,0.9092436974789916,0.0007256052904808291,0.02067479427433304,1.2006542449875628,4.215283981787154,0.78,0.54,0.03,0.979,0.92,0.04102015495300293,205.87367754429093,500.0,True,0.095
AOM_P,central,0.78,0.54,0.03,0.979,0.92,0.9168067226890756,0.0006764014938091467,0.019174009351446468,1.0866402477702788,3.899761522349751,0.78,0.54,0.03,0.979,0.92,0.04102015495300293,205.87367754429093,500.0,True,0.095
AOM_P,central,0.78,0.54,0.03,0.979,0.92,0.9243697478991596,0.0006275707210624477,0.017674876560930707,0.9735631952982394,3.5865546918742615,0.78,0.54,0.03,0.979,0.92,0.04102015495300293,205.87367754429093,500.0,True,0.095
AOM_P,central,0.78,0.54,0.03,0.979,0.92,0.9319327731092437,0.0005791042475574773,0.016177220104726175,0.861382084760255,3.275635676461614,0.78,0.54,0.03,0.979,0.92,0.04102015495300293,205.87367754429093,500.0,True,0.095
AOM_P,central,0.78,0.54,0.03,0.979,0.92,0.9394957983193277,0.0005309924251013296,0.01468074178957223,0.7500397286784198,2.9669841223907785,0.78,0.54,0.03,0.979,0.92,0.04102015495300293,205.87367754429093,500.0,True,0.095
AOM_P,central,0.78,0.54,0.03,0.979,0.92,0.9470588235294117,0.0004832240350094917,0.013184926208437307,0.6394556673636724,2.660585241486565,0.78,0.54,0.03,0.979,0.92,0.04102015495300293,205.87367754429093,500.0,True,0.095
AOM_P,central,0.78,0.54,0.03,0.979,0.92,0.9546218487394957,0.00043578486803646165,0.011688809458152071,0.5295128075175001,2.356368024355485,0.78,0.54,0.03,0.979,0.92,0.04102015495300293,205.87367754429093,500.0,True,0.095
AOM_P,central,0.78,0.54,0.03,0.979,0.92,0.9621848739495799,0.00038865571806112815,0.010190581437030721,0.420028860640761,2.053956328638117,0.78,0.54,0.03,0.979,0.92,0.04102015495300293,205.87367754429093,500.0,True,0.095
AOM_P,central,0.78,0.54,0.03,0.979,0.92,0.9697478991596639,0.0003417945440799825,0.008686429868033434,0.3106228225935197,1.751376601829047,0.78,0.54,0.03,0.979,0.92,0.04102015495300293,205.87367754429093,500.0,True,0.095
AOM_P,central,0.78,0.54,0.03,0.979,0.92,0.9773109243697479,0.00029501702822256985,0.007166421919441238,0.20016494478731142,1.4399511551911846,0.78,0.54,0.03,0.979,0.92,0.04102015495300293,205.87367754429093,500.0,True,0.095
AOM_P,central,0.78,0.54,0.03,0.979,0.92,0.9848739495798319,0.0002468622867902171,0.005590834480846092,0.0851245165401874,1.0857692050393237,0.78,0.54,0.03,0.979,0.92,0.04102015495300293,205.87367754429093,500.0,True,0.095
AOM_P,central,0.78,0.54,0.03,0.979,0.92,0.992436974789916,0.00018440479377444173,0.003737120036002832,-0.035205561851497695,0.5955474754513622,0.78,0.54,0.03,0.979,0.92,0.04102015495300293,205.87367754429093,500.0,True,0.095
AOM_P,central,0.78,0.54,0.03,0.979,0.92,1.0,0.0,0.0,0.0,0.0,0.78,0.54,0.03,0.979,0.92,0.04102015495300293,205.87367754429093,500.0,True,0.095
AOM_P,rev1_plus,0.8200000000000001,0.54,0.03,0.979,0.92,0.1,0.006272380969603769,0.1842192383068082,25.805760975277444,72.73213817961127,0.78,0.54,0.03,0.979,0.92,0.0453791618347168,251.62829813659206,500.0,True,0.095
AOM_P,rev1_plus,0.8200000000000001,0.54,0.03,0.979,0.92,0.10756302521008404,0.0061126693908196555,0.1824546801662507,25.337441471216113,71.45450648041063,0.78,0.54,0.03,0.979,0.92,0.0453791618347168,251.62829813659206,500.0,True,0.095
AOM_P,rev1_plus,0.8200000000000001,0.54,0.03,0.979,0.92,0.11512605042016807,0.00596086420674505,0.18070456689072045,24.88298637992266,70.21413646072236,0.78,0.54,0.03,0.979,0.92,0.0453791618347168,251.62829813659206,500.0,True,0.095
AOM_P,rev1_plus,0.8200000000000001,0.54,0.03,0.979,0.92,0.12268907563025211,0.005816240654859353,0.17896791010740415,24.441401737471956,69.00845090834764,0.78,0.54,0.03,0.979,0.92,0.0453791618347168,251.62829813659206,500.0,True,0.095
AOM_P,rev1_plus,0.8200000000000001,0.54,0.03,0.979,0.92,0.13025210084033614,0.005678009289655805,0.17724350705841282,24.01149587815238,67.83418466294592,0.78,0.54,0.03,0.979,0.92,0.0453791618347168,251.62829813659206,500.0,True,0.095
AOM_P,rev1_plus,0.8200000000000001,0.54,0.03,0.979,0.92,0.13781512605042018,0.005545660784629956,0.17553068575864536,23.592595728024794,66.6896544767991,0.78,0.54,0.03,0.979,0.92,0.0453791618347168,251.62829813659206,500.0,True,0.095
AOM_P,rev1_plus,0.8200000000000001,0.54,0.03,0.979,0.92,0.1453781512605042,0.0054187395017024015,0.173828805085195,23.184070437395107,65.57324581403245,0.78,0.54,0.03,0.979,0.92,0.0453791618347168,251.62829813659206,500.0,True,0.095
AOM_P,rev1_plus,0.8200000000000001,0.54,0.03,0.979,0.92,0.15294117647058825,0.005296749639506338,0.17213706728002942,22.785147917168928,64.48284053238224,0.78,0.54,0.03,0.979,0.92,0.0453791618347168,251.62829813659206,500.0,True,0.095
AOM_P,rev1_plus,0.8200000000000001,0.54,0.03,0.979,0.92,0.16050420168067228,0.005179382762900786,0.17045504698848307,22.3954137599131,63.41743049803992,0.78,0.54,0.03,0.979,0.92,0.0453791618347168,251.62829813659206,500.0,True,0.095
AOM_P,rev1_plus,0.8200000000000001,0.54,0.03,0.979,0.92,0.16806722689075632,0.005066298393897937,0.1687821921505653,22.014343002030422,62.37560637304025,0.78,0.54,0.03,0.979,0.92,0.0453791618347168,251.62829813659206,500.0,True,0.095
AOM_P,rev1_plus,0.8200000000000001,0.54,0.03,0.979,0.92,0.17563025210084032,0.004957184676031388,0.16711799663915053,21.641454459079284,61.35608363042073,0.78,0.54,0.03,0.979,0.92,0.0453791618347168,251.62829813659206,500.0,True,0.095
AOM_P,rev1_plus,0.8200000000000001,0.54,0.03,0.979,0.92,0.18319327731092439,0.004851813582185028,0.16546212628262424,21.276430167805493,60.35808889054818,0.78,0.54,0.03,0.979,0.92,0.0453791618347168,251.62829813659206,500.0,True,0.095
AOM_P,rev1_plus,0.8200000000000001,0.54,0.03,0.979,0.92,0.1907563025210084,0.004749925395736719,0.16381412504930526,20.918845952772777,59.38046129870958,0.78,0.54,0.03,0.979,0.92,0.0453791618347168,251.62829813659206,500.0,True,0.095
AOM_P,rev1_plus,0.8200000000000001,0.54,0.03,0.979,0.92,0.19831932773109245,0.004651241998093277,0.16217344389172683,20.568198219364326,58.42173462228063,0.78,0.54,0.03,0.979,0.92,0.0453791618347168,251.62829813659206,500.0,True,0.095
AOM_P,rev1_plus,0.8200000000000001,0.54,0.03,0.979,0.92,0.20588235294117646,0.004555590284496974,0.1605398325024627,20.224249881944573,57.48135691357421,0.78,0.54,0.03,0.979,0.92,0.0453791618347168,251.62829813659206,500.0,True,0.095
AOM_P,rev1_plus,0.8200000000000001,0.54,0.03,0.979,0.92,0.21344537815126052,0.004462808387250129,0.15891303469707957,19.886763312364486,56.55874563885821,0.78,0.54,0.03,0.979,0.92,0.0453791618347168,251.62829813659206,500.0,True,0.095
AOM_P,rev1_plus,0.8200000000000001,0.54,0.03,0.979,0.92,0.22100840336134453,0.004372683897721836,0.15729259524324474,19.555329445900814,55.65268290849651,0.78,0.54,0.03,0.979,0.92,0.0453791618347168,251.62829813659206,500.0,True,0.095
AOM_P,rev1_plus,0.8200000000000001,0.54,0.03,0.979,0.92,0.22857142857142856,0.004285081766639303,0.1556782730971742,19.229730896117278,54.76260811153106,0.78,0.54,0.03,0.979,0.92,0.0453791618347168,251.62829813659206,500.0,True,0.095
AOM_P,rev1_plus,0.8200000000000001,0.54,0.03,0.979,0.92,0.2361344537815126,0.004199895208186299,0.15406989441646204,18.909811785352925,53.88816214767879,0.78,0.54,0.03,0.979,0.92,0.0453791618347168,251.62829813659206,500.0,True,0.095
AOM_P,rev1_plus,0.8200000000000001,0.54,0.03,0.979,0.92,0.24369747899159663,0.004116986766018878,0.15246717387047565,18.59531905746631,53.02862720702949,0.78,0.54,0.03,0.979,0.92,0.0453791618347168,251.62829813659206,500.0,True,0.095
AOM_P,rev1_plus,0.8200000000000001,0.54,0.03,0.979,0.92,0.25126050420168067,0.004036198859801939,0.15086973681877375,18.28592506007312,52.182996245063315,0.78,0.54,0.03,0.979,0.92,0.0453791618347168,251.62829813659206,500.0,True,0.095
AOM_P,rev1_plus,0.8200000000000001,0.54,0.03,0.979,0.92,0.2588235294117647,0.003957434211055717,0.14927740295716269,17.981468860542893,51.35085869316489,0.78,0.54,0.03,0.979,0.92,0.0453791618347168,251.62829813659206,500.0,True,0.095
AOM_P,rev1_plus,0.8200000000000001,0.54,0.03,0.979,0.92,0.26638655462184874,0.003880629414750155,0.14769009565017688,17.681879455872785,50.53212248245883,0.78,0.54,0.03,0.979,0.92,0.0453791618347168,251.62829813659206,500.0,True,0.095
AOM_P,rev1_plus,0.8200000000000001,0.54,0.03,0.979,0.92,0.2739495798319328,0.0038056887015738504,0.14610760851878377,17.38697765385007,49.726286531239936,0.78,0.54,0.03,0.979,0.92,0.0453791618347168,251.62829813659206,500.0,True,0.095
AOM_P,rev1_plus,0.8200000000000001,0.54,0.03,0.979,0.92,0.2815126050420168,0.0037324981539953585,0.14452965067546908,17.096514043368426,48.93257171882757,0.78,0.54,0.03,0.979,0.92,0.0453791618347168,251.62829813659206,500.0,True,0.095
AOM_P,rev1_plus,0.8200000000000001,0.54,0.03,0.979,0.92,0.2890756302521008,0.0036609779429427553,0.14295605166891134,16.81034184762588,48.15057867186636,0.78,0.54,0.03,0.979,0.92,0.0453791618347168,251.62829813659206,500.0,True,0.095
AOM_P,rev1_plus,0.8200000000000001,0.54,0.03,0.979,0.92,0.2966386554621849,0.0035910740652628243,0.14138673075518754,16.528391068713773,47.380191856033,0.78,0.54,0.03,0.979,0.92,0.0453791618347168,251.62829813659206,500.0,True,0.095
AOM_P,rev1_plus,0.8200000000000001,0.54,0.03,0.979,0.92,0.30420168067226894,0.003522714303208992,0.13982152202011283,16.250520813523185,46.62101417599654,0.78,0.54,0.03,0.979,0.92,0.0453791618347168,251.62829813659206,500.0,True,0.095
AOM_P,rev1_plus,0.8200000000000001,0.54,0.03,0.979,0.92,0.31176470588235294,0.0034558231861871493,0.13826023547230085,15.976570495538981,45.87256304529887,0.78,0.54,0.03,0.979,0.92,0.0453791618347168,251.62829813659206,500.0,True,0.095
AOM_P,rev1_plus,0.8200000000000001,0.54,0.03,0.979,0.92,0.31932773109243695,0.0033903186165803907,0.1367026419125917,15.706347873068381,45.13422152165963,0.78,0.54,0.03,0.979,0.92,0.0453791618347168,251.62829813659206,500.0,True,0.095
AOM_P,rev1_plus,0.8200000000000001,0.54,0.03,0.979,0.92,0.326890756302521,0.0033261375924747193,0.13514858255597104,15.439719648517723,44.40559400547646,0.78,0.54,0.03,0.979,0.92,0.0453791618347168,251.62829813659206,500.0,True,0.095
AOM_P,rev1_plus,0.8200000000000001,0.54,0.03,0.979,0.92,0.3344537815126051,0.0032632506003085087,0.13359803120239175,15.176663067453871,43.68671113558796,0.78,0.54,0.03,0.979,0.92,0.0453791618347168,251.62829813659206,500.0,True,0.095
AOM_P,rev1_plus,0.8200000000000001,0.54,0.03,0.979,0.92,0.3420168067226891,0.003201616724913754,0.13205090607472744,14.917110123047589,42.97742072060151,0.78,0.54,0.03,0.979,0.92,0.0453791618347168,251.62829813659206,500.0,True,0.095
AOM_P,rev1_plus,0.8200000000000001,0.54,0.03,0.979,0.92,0.3495798319327731,0.0031411808941698327,0.1305070586137755,14.660937972323525,42.27734904203217,0.78,0.54,0.03,0.979,0.92,0.0453791618347168,251.62829813659206,500.0,True,0.095
AOM_P,rev1_plus,0.8200000000000001,0.54,0.03,0.979,0.92,0.3571428571428571,0.003081886726499038,0.12896632179246068,14.40800997419979,41.58605611910605,0.78,0.54,0.03,0.979,0.92,0.0453791618347168,251.62829813659206,500.0,True,0.095
AOM_P,rev1_plus,0.8200000000000001,0.54,0.03,0.979,0.92,0.3647058823529412,0.003023683217913041,0.12742854668277576,14.158204527562324,40.903155951037384,0.78,0.54,0.03,0.979,0.92,0.0453791618347168,251.62829813659206,500.0,True,0.095
AOM_P,rev1_plus,0.8200000000000001,0.54,0.03,0.979,0.92,0.3722689075630252,0.002966542065004691,0.12589369566083114,13.911488963592872,40.22862540266391,0.78,0.54,0.03,0.979,0.92,0.0453791618347168,251.62829813659206,500.0,True,0.095
AOM_P,rev1_plus,0.8200000000000001,0.54,0.03,0.979,0.92,0.3798319327731092,0.002910435737626679,0.1243617271531137,13.66782823584884,39.56242645447358,0.78,0.54,0.03,0.979,0.92,0.0453791618347168,251.62829813659206,500.0,True,0.095
AOM_P,rev1_plus,0.8200000000000001,0.54,0.03,0.979,0.92,0.38739495798319323,0.002855323144780361,0.1228325200572249,13.427124813845259,38.90425563420233,0.78,0.54,0.03,0.979,0.92,0.0453791618347168,251.62829813659206,500.0,True,0.095
AOM_P,rev1_plus,0.8200000000000001,0.54,0.03,0.979,0.92,0.39495798319327735,0.002801163442329968,0.12130594808524357,13.189277422294875,38.25378750376093,0.78,0.54,0.03,0.979,0.92,0.0453791618347168,251.62829813659206,500.0,True,0.095
AOM_P,rev1_plus,0.8200000000000001,0.54,0.03,0.979,0.92,0.40252100840336136,0.0027479145529018937,0.11978187265486334,12.954175295997999,37.61065066505784,0.78,0.54,0.03,0.979,0.92,0.0453791618347168,251.62829813659206,500.0,True,0.095
AOM_P,rev1_plus,0.8200000000000001,0.54,0.03,0.979,0.92,0.41008403361344536,0.0026955526016066897,0.11826024371072141,12.721778607631029,36.97476756783444,0.78,0.54,0.03,0.979,0.92,0.0453791618347168,251.62829813659206,500.0,True,0.095
AOM_P,rev1_plus,0.8200000000000001,0.54,0.03,0.979,0.92,0.41764705882352937,0.002644062182245668,0.1167410502543532,12.492079085856037,36.346190126193235,0.78,0.54,0.03,0.979,0.92,0.0453791618347168,251.62829813659206,500.0,True,0.095
AOM_P,rev1_plus,0.8200000000000001,0.54,0.03,0.979,0.92,0.4252100840336135,0.002593410987248707,0.11522418981530493,12.264995795061695,35.724660251812224,0.78,0.54,0.03,0.979,0.92,0.0453791618347168,251.62829813659206,500.0,True,0.095
AOM_P,rev1_plus,0.8200000000000001,0.54,0.03,0.979,0.92,0.4327731092436975,0.002543568968941302,0.11370956744381303,12.040453993406475,35.10994169312504,0.78,0.54,0.03,0.979,0.92,0.0453791618347168,251.62829813659206,500.0,True,0.095
AOM_P,rev1_plus,0.8200000000000001,0.54,0.03,0.979,0.92,0.4403361344537815,0.0024945081454488807,0.11219709506718531,11.818384605093682,34.50181820942081,0.78,0.54,0.03,0.979,0.92,0.0453791618347168,251.62829813659206,500.0,True,0.095
AOM_P,rev1_plus,0.8200000000000001,0.54,0.03,0.979,0.92,0.4478991596638655,0.002446193937994852,0.11068664058996365,11.598684499852169,33.89991896697046,0.78,0.54,0.03,0.979,0.92,0.0453791618347168,251.62829813659206,500.0,True,0.095
AOM_P,rev1_plus,0.8200000000000001,0.54,0.03,0.979,0.92,0.4554621848739496,0.0023986012745208403,0.10917812365399258,11.381291107290282,33.304047216227104,0.78,0.54,0.03,0.979,0.92,0.0453791618347168,251.62829813659206,500.0,True,0.095
AOM_P,rev1_plus,0.8200000000000001,0.54,0.03,0.979,0.92,0.46302521008403363,0.00235172545823853,0.10767158060080011,11.166233128473408,32.714404909332096,0.78,0.54,0.03,0.979,0.92,0.0453791618347168,251.62829813659206,500.0,True,0.095
AOM_P,rev1_plus,0.8200000000000001,0.54,0.03,0.979,0.92,0.47058823529411764,0.0023055456258968764,0.10616694843548811,10.953462137501951,32.13085212671318,0.78,0.54,0.03,0.979,0.92,0.0453791618347168,251.62829813659206,500.0,True,0.095
AOM_P,rev1_plus,0.8200000000000001,0.54,0.03,0.979,0.92,0.47815126050420165,0.002260039256398351,0.1046641507756291,10.742919446423027,31.55320032160279,0.78,0.54,0.03,0.979,0.92,0.0453791618347168,251.62829813659206,500.0,True,0.095
AOM_P,rev1_plus,0.8200000000000001,0.54,0.03,0.979,0.92,0.48571428571428577,0.0022151852322356545,0.10316311625391796,10.534550434959668,30.981275641446228,0.78,0.54,0.03,0.979,0.92,0.0453791618347168,251.62829813659206,500.0,True,0.095
AOM_P,rev1_plus,0.8200000000000001,0.54,0.03,0.979,0.92,0.49327731092436977,0.0021709598571130638,0.10166375352579926,10.328285445181434,30.414832513794828,0.78,0.54,0.03,0.979,0.92,0.0453791618347168,251.62829813659206,500.0,True,0.095
AOM_P,rev1_plus,0.8200000000000001,0.54,0.03,0.979,0.92,0.5008403361344538,0.002127340554110354,0.10016597494772603,10.124057819839358,29.8536354154234,0.78,0.54,0.03,0.979,0.92,0.0453791618347168,251.62829813659206,500.0,True,0.095
AOM_P,rev1_plus,0.8200000000000001,0.54,0.03,0.979,0.92,0.5084033613445378,0.0020843186594321815,0.0986697781557551,9.921866225594655,29.297742395161727,0.78,0.54,0.03,0.979,0.92,0.0453791618347168,251.62829813659206,500.0,True,0.095
AOM_P,rev1_plus,0.8200000000000001,0.54,0.03,0.979,0.92,0.5159663865546219,0.0020418849546282843,0.0971751546607682,9.721704924475505,28.74719001734039,0.78,0.54,0.03,0.979,0.92,0.0453791618347168,251.62829813659206,500.0,True,0.095
AOM_P,rev1_plus,0.8200000000000001,0.54,0.03,0.979,0.92,0.5235294117647059,0.002000021825613612,0.09568204001949643,9.523525612341789,28.201819216476835,0.78,0.54,0.03,0.979,0.92,0.0453791618347168,251.62829813659206,500.0,True,0.095
AOM_P,rev1_plus,0.8200000000000001,0.54,0.03,0.979,0.92,0.5310924369747899,0.0019587126621748957,0.094190373640193,9.327283055702523,27.661482262059934,0.78,0.54,0.03,0.979,0.92,0.0453791618347168,251.62829813659206,500.0,True,0.095
AOM_P,rev1_plus,0.8200000000000001,0.54,0.03,0.979,0.92,0.5386554621848739,0.0019179410835939727,0.09270009346503139,9.132931098765393,27.12602413452326,0.78,0.54,0.03,0.979,0.92,0.0453791618347168,251.62829813659206,500.0,True,0.095
AOM_P,rev1_plus,0.8200000000000001,0.54,0.03,0.979,0.92,0.546218487394958,0.0018776874402484994,0.0912111110376398,8.940403965768393,26.59519412094421,0.78,0.54,0.03,0.979,0.92,0.0453791618347168,251.62829813659206,500.0,True,0.095
AOM_P,rev1_plus,0.8200000000000001,0.54,0.03,0.979,0.92,0.553781512605042,0.0018379376139403636,0.08972337483350455,8.74966367085069,26.068870081744308,0.78,0.54,0.03,0.979,0.92,0.0453791618347168,251.62829813659206,500.0,True,0.095
AOM_P,rev1_plus,0.8200000000000001,0.54,0.03,0.979,0.92,0.561344537815126,0.001798691471416027,0.08823693130795453,8.560745796519074,25.547276081216513,0.78,0.54,0.03,0.979,0.92,0.0453791618347168,251.62829813659206,500.0,True,0.095
AOM_P,rev1_plus,0.8200000000000001,0.54,0.03,0.979,0.92,0.5689075630252101,0.0017599347618993027,0.08675172340164886,8.37360859037627,25.030269071535866,0.78,0.54,0.03,0.979,0.92,0.0453791618347168,251.62829813659206,500.0,True,0.095
AOM_P,rev1_plus,0.8200000000000001,0.54,0.03,0.979,0.92,0.5764705882352942,0.0017216539827751497,0.08526769716405846,8.188212732827981,24.517715186336822,0.78,0.54,0.03,0.979,0.92,0.0453791618347168,251.62829813659206,500.0,True,0.095
AOM_P,rev1_plus,0.8200000000000001,0.54,0.03,0.979,0.92,0.5840336134453782,0.0016838363311542533,0.08378480155319205,8.004521181538191,24.009489170021205,0.78,0.54,0.03,0.979,0.92,0.0453791618347168,251.62829813659206,500.0,True,0.095
AOM_P,rev1_plus,0.8200000000000001,0.54,0.03,0.979,0.92,0.5915966386554622,0.0016464696591503181,0.08230298825065911,7.822499027755233,23.505473850586707,0.78,0.54,0.03,0.979,0.92,0.0453791618347168,251.62829813659206,500.0,True,0.095
AOM_P,rev1_plus,0.8200000000000001,0.54,0.03,0.979,0.92,0.5991596638655462,0.0016095422260612344,0.08082220994645928,7.642112210898233,23.005554080275306,0.78,0.54,0.03,0.979,0.92,0.0453791618347168,251.62829813659206,500.0,True,0.095
AOM_P,rev1_plus,0.8200000000000001,0.54,0.03,0.979,0.92,0.6067226890756302,0.0015730388193570628,0.07934239140901356,7.463305906362473,22.509512161335454,0.78,0.54,0.03,0.979,0.92,0.0453791618347168,251.62829813659206,500.0,True,0.095
AOM_P,rev1_plus,0.8200000000000001,0.54,0.03,0.979,0.92,0.6142857142857142,0.0015369454866878763,0.07786346496809271,7.286030995486,22.01715581673726,0.78,0.54,0.03,0.979,0.92,0.0453791618347168,251.62829813659206,500.0,True,0.095
AOM_P,rev1_plus,0.8200000000000001,0.54,0.03,0.979,0.92,0.6218487394957983,0.0015012660431481814,0.07638549430536021,7.110336525887316,21.52876642576273,0.78,0.54,0.03,0.979,0.92,0.0453791618347168,251.62829813659206,500.0,True,0.095
AOM_P,rev1_plus,0.8200000000000001,0.54,0.03,0.979,0.92,0.6294117647058823,0.0014659900577556303,0.07490843509649937,6.936191050518916,21.04423525141193,0.78,0.54,0.03,0.979,0.92,0.0453791618347168,251.62829813659206,500.0,True,0.095
AOM_P,rev1_plus,0.8200000000000001,0.54,0.03,0.979,0.92,0.6369747899159663,0.0014311075951330683,0.07343224519869851,6.763564811011337,20.56346006645701,0.78,0.54,0.03,0.979,0.92,0.0453791618347168,251.62829813659206,500.0,True,0.095
AOM_P,rev1_plus,0.8200000000000001,0.54,0.03,0.979,0.92,0.6445378151260504,0.001396609186434606,0.0719568845234006,6.592429640091888,20.086344790240116,0.78,0.54,0.03,0.979,0.92,0.0453791618347168,251.62829813659206,500.0,True,0.095
AOM_P,rev1_plus,0.8200000000000001,0.54,0.03,0.979,0.92,0.6521008403361345,0.0013624858022972192,0.0704823149178936,6.4227588707581775,19.612799150623694,0.78,0.54,0.03,0.979,0.92,0.0453791618347168,251.62829813659206,500.0,True,0.095
AOM_P,rev1_plus,0.8200000000000001,0.54,0.03,0.979,0.92,0.6596638655462185,0.0013287288276503273,0.06900850005503532,6.254527251660732,19.142738369096094,0.78,0.54,0.03,0.979,0.92,0.0453791618347168,251.62829813659206,500.0,True,0.095
AOM_P,rev1_plus,0.8200000000000001,0.54,0.03,0.979,0.92,0.6672268907563025,0.0012953287078375497,0.06753539542049944,6.087703238262944,18.676046070007985,0.78,0.54,0.03,0.979,0.92,0.0453791618347168,251.62829813659206,500.0,True,0.095
AOM_P,rev1_plus,0.8200000000000001,0.54,0.03,0.979,0.92,0.6747899159663865,0.001262275337808283,0.0660629512565393,5.922251252520218,18.212585144697027,0.78,0.54,0.03,0.979,0.92,0.0453791618347168,251.62829813659206,500.0,True,0.095
AOM_P,rev1_plus,0.8200000000000001,0.54,0.03,0.979,0.92,0.6823529411764706,0.0012295668535877758,0.06459117810034476,5.758182139481727,17.752441110617312,0.78,0.54,0.03,0.979,0.92,0.0453791618347168,251.62829813659206,500.0,True,0.095
AOM_P,rev1_plus,0.8200000000000001,0.54,0.03,0.979,0.92,0.6899159663865546,0.0011971958454661186,0.06312004429605617,5.595474305755441,17.295542615125036,0.78,0.54,0.03,0.979,0.92,0.0453791618347168,251.62829813659206,500.0,True,0.095
AOM_P,rev1_plus,0.8200000000000001,0.54,0.03,0.979,0.92,0.6974789915966386,0.0011651549881906975,0.0616495183707667,5.4341061091805125,16.841818015703197,0.78,0.54,0.03,0.979,0.92,0.0453791618347168,251.62829813659206,500.0,True,0.095
AOM_P,rev1_plus,0.8200000000000001,0.54,0.03,0.979,0.92,0.7050420168067226,0.0011334370937168678,0.06017956982233152,5.274056332050614,16.39119837082916,0.78,0.54,0.03,0.979,0.92,0.0453791618347168,251.62829813659206,500.0,True,0.095
AOM_P,rev1_plus,0.8200000000000001,0.54,0.03,0.979,0.92,0.7126050420168067,0.0011020359707002182,0.05871017122359568,5.115307464969389,15.943625145741255,0.78,0.54,0.03,0.979,0.92,0.0453791618347168,251.62829813659206,500.0,True,0.095
AOM_P,rev1_plus,0.8200000000000001,0.54,0.03,0.979,0.92,0.7201680672268908,0.0010709457516536612,0.05724129652519856,4.957843161343591,15.499044140732343,0.78,0.54,0.03,0.979,0.92,0.0453791618347168,251.62829813659206,500.0,True,0.095
AOM_P,rev1_plus,0.8200000000000001,0.54,0.03,0.979,0.92,0.7277310924369748,0.001040160170898691,0.055772919224845605,4.801645475426638,15.057398845085709,0.78,0.54,0.03,0.979,0.92,0.0453791618347168,251.62829813659206,500.0,True,0.095
AOM_P,rev1_plus,0.8200000000000001,0.54,0.03,0.979,0.92,0.7352941176470588,0.0010096733004295796,0.05430501625250133,4.646698423086375,14.61864490029752,0.78,0.54,0.03,0.979,0.92,0.0453791618347168,251.62829813659206,500.0,True,0.095
AOM_P,rev1_plus,0.8200000000000001,0.54,0.03,0.979,0.92,0.7428571428571429,0.0009794795749268259,0.05283756900875003,4.492988445579822,14.182754094991314,0.78,0.54,0.03,0.979,0.92,0.0453791618347168,251.62829813659206,500.0,True,0.095
AOM_P,rev1_plus,0.8200000000000001,0.54,0.03,0.979,0.92,0.7504201680672269,0.0009495729242574744,0.05137053883008708,4.340493025050617,13.749621965915852,0.78,0.54,0.03,0.979,0.92,0.0453791618347168,251.62829813659206,500.0,True,0.095
AOM_P,rev1_plus,0.8200000000000001,0.54,0.03,0.979,0.92,0.7579831932773109,0.0009199480777596678,0.049903904563339097,4.189198069871409,13.319209144075721,0.78,0.54,0.03,0.979,0.92,0.0453791618347168,251.62829813659206,500.0,True,0.095
AOM_P,rev1_plus,0.8200000000000001,0.54,0.03,0.979,0.92,0.7655462184873949,0.0008906000600299524,0.048437648176173145,4.039091238399656,12.891487610970643,0.78,0.54,0.03,0.979,0.92,0.0453791618347168,251.62829813659206,500.0,True,0.095
AOM_P,rev1_plus,0.8200000000000001,0.54,0.03,0.979,0.92,0.773109243697479,0.0008615241904161607,0.04697175435551587,3.8901617311934626,12.46643946988634,0.78,0.54,0.03,0.979,0.92,0.0453791618347168,251.62829813659206,500.0,True,0.095
AOM_P,rev1_plus,0.8200000000000001,0.54,0.03,0.979,0.92,0.780672268907563,0.0008327157315556395,0.045506203838317494,3.7423972283087177,12.044030801393747,0.78,0.54,0.03,0.979,0.92,0.0453791618347168,251.62829813659206,500.0,True,0.095
AOM_P,rev1_plus,0.8200000000000001,0.54,0.03,0.979,0.92,0.788235294117647,0.0008041699538281004,0.04404097477309784,3.595784493831959,11.624216875771761,0.78,0.54,0.03,0.979,0.92,0.0453791618347168,251.62829813659206,500.0,True,0.095
AOM_P,rev1_plus,0.8200000000000001,0.54,0.03,0.979,0.92,0.795798319327731,0.0007758826655372483,0.042576053155929994,3.4503141395562222,11.206983338589,0.78,0.54,0.03,0.979,0.92,0.0453791618347168,251.62829813659206,500.0,True,0.095
AOM_P,rev1_plus,0.8200000000000001,0.54,0.03,0.979,0.92,0.8033613445378152,0.0007478492807339138,0.041111416956558594,3.3059721456124795,10.792284516849396,0.78,0.54,0.03,0.979,0.92,0.0453791618347168,251.62829813659206,500.0,True,0.095
AOM_P,rev1_plus,0.8200000000000001,0.54,0.03,0.979,0.92,0.8109243697478992,0.0007200635200417768,0.03964701587571986,3.162727754647511,10.379965169637194,0.78,0.54,0.03,0.979,0.92,0.0453791618347168,251.62829813659206,500.0,True,0.095
AOM_P,rev1_plus,0.8200000000000001,0.54,0.03,0.979,0.92,0.8184873949579832,0.0006925255182600764,0.038182897826769056,3.020609149811243,9.970247895204688,0.78,0.54,0.03,0.979,0.92,0.0453791618347168,251.62829813659206,500.0,True,0.095
AOM_P,rev1_plus,0.8200000000000001,0.54,0.03,0.979,0.92,0.8260504201680672,0.0006652239323508259,0.036718928157507276,2.8795362355715315,9.562647556627498,0.78,0.54,0.03,0.979,0.92,0.0453791618347168,251.62829813659206,500.0,True,0.095
AOM_P,rev1_plus,0.8200000000000001,0.54,0.03,0.979,0.92,0.8336134453781512,0.0006381566769634799,0.03525511742611673,2.7395147422662527,9.157241411635932,0.78,0.54,0.03,0.979,0.92,0.0453791618347168,251.62829813659206,500.0,True,0.095
AOM_P,rev1_plus,0.8200000000000001,0.54,0.03,0.979,0.92,0.8411764705882353,0.0006113235673737004,0.03379150504594129,2.6005676535965705,8.754220040583045,0.78,0.54,0.03,0.979,0.92,0.0453791618347168,251.62829813659206,500.0,True,0.095
AOM_P,rev1_plus,0.8200000000000001,0.54,0.03,0.979,0.92,0.8487394957983193,0.0005847165422668664,0.03232800360323623,2.4626430678789815,8.353277917681183,0.78,0.54,0.03,0.979,0.92,0.0453791618347168,251.62829813659206,500.0,True,0.095
AOM_P,rev1_plus,0.8200000000000001,0.54,0.03,0.979,0.92,0.8563025210084033,0.0005583325372363026,0.03086460378153652,2.325735242944242,7.95441436808055,0.78,0.54,0.03,0.979,0.92,0.0453791618347168,251.62829813659206,500.0,True,0.095
AOM_P,rev1_plus,0.8200000000000001,0.54,0.03,0.979,0.92,0.8638655462184873,0.0005321695216958258,0.029401311123592937,2.1898473544016337,7.557687360740429,0.78,0.54,0.03,0.979,0.92,0.0453791618347168,251.62829813659206,500.0,True,0.095
AOM_P,rev1_plus,0.8200000000000001,0.54,0.03,0.979,0.92,0.8714285714285714,0.0005062210995484076,0.027938056594284333,2.054938755321463,7.162861652875183,0.78,0.54,0.03,0.979,0.92,0.0453791618347168,251.62829813659206,500.0,True,0.095
AOM_P,rev1_plus,0.8200000000000001,0.54,0.03,0.979,0.92,0.8789915966386554,0.00048048637132100456,0.026474856043730264,1.921018848535165,6.7700399242949345,0.78,0.54,0.03,0.979,0.92,0.0453791618347168,251.62829813659206,500.0,True,0.095
AOM_P,rev1_plus,0.8200000000000001,0.54,0.03,0.979,0.92,0.8865546218487395,0.0004549625783927959,0.025011693939029772,1.7880786918834053,6.379200009863797,0.78,0.54,0.03,0.979,0.92,0.0453791618347168,251.62829813659206,500.0,True,0.095
AOM_P,rev1_plus,0.8200000000000001,0.54,0.03,0.979,0.92,0.8941176470588235,0.0004296476612917589,0.02354855102967955,1.6561077076354287,5.990313835147909,0.78,0.54,0.03,0.979,0.92,0.0453791618347168,251.62829813659206,500.0,True,0.095
AOM_P,rev1_plus,0.8200000000000001,0.54,0.03,0.979,0.92,0.9016806722689076,0.0004045405233410594,0.02208540245526885,1.525093071355981,5.603345204984955,0.78,0.54,0.03,0.979,0.92,0.0453791618347168,251.62829813659206,500.0,True,0.095
AOM_P,rev1_plus,0.8200000000000001,0.54,0.03,0.979,0.92,0.9092436974789916,0.0003796420821707094,0.020622216579483623,1.3950201643597728,5.218259525991541,0.78,0.54,0.03,0.979,0.92,0.0453791618347168,251.62829813659206,500.0,True,0.095
AOM_P,rev1_plus,0.8200000000000001,0.54,0.03,0.979,0.92,0.9168067226890756,0.0003549559676298997,0.019158952156997366,1.2658721305854461,4.835024717653711,0.78,0.54,0.03,0.979,0.92,0.0453791618347168,251.62829813659206,500.0,True,0.095
AOM_P,rev1_plus,0.8200000000000001,0.54,0.03,0.979,0.92,0.9243697478991596,0.00033049359181639153,0.017695537074568626,1.1376261695091492,4.453613150351869,0.78,0.54,0.03,0.979,0.92,0.0453791618347168,251.62829813659206,500.0,True,0.095
AOM_P,rev1_plus,0.8200000000000001,0.54,0.03,0.979,0.92,0.9319327731092437,0.0003062780426164043,0.01623184960091593,1.0102514245449765,4.073998561132149,0.78,0.54,0.03,0.979,0.92,0.0453791618347168,251.62829813659206,500.0,True,0.095
AOM_P,rev1_plus,0.8200000000000001,0.54,0.03,0.979,0.92,0.9394957983193277,0.000282352161942994,0.014767683100335143,0.8837036175314744,3.696158597102294,0.78,0.54,0.03,0.979,0.92,0.0453791618347168,251.62829813659206,500.0,True,0.095
AOM_P,rev1_plus,0.8200000000000001,0.54,0.03,0.979,0.92,0.9470588235294117,0.0002587898591892264,0.013302696946459665,0.7579193343137671,3.3200867190785486,0.78,0.54,0.03,0.979,0.92,0.0453791618347168,251.62829813659206,500.0,True,0.095
AOM_P,rev1_plus,0.8200000000000001,0.54,0.03,0.979,0.92,0.9546218487394957,0.00023573806452695302,0.011836213081550175,0.6327975260402746,2.9457727169903185,0.78,0.54,0.03,0.979,0.92,0.0453791618347168,251.62829813659206,500.0,True,0.095
AOM_P,rev1_plus,0.8200000000000001,0.54,0.03,0.979,0.92,0.9621848739495799,0.0002134718384901801,0.010366918714290884,0.5081716581931345,2.573070975583118,0.78,0.54,0.03,0.979,0.92,0.0453791618347168,251.62829813659206,500.0,True,0.095
AOM_P,rev1_plus,0.8200000000000001,0.54,0.03,0.979,0.92,0.9697478991596639,0.00019248965429901268,0.008892163536667153,0.38370525947834494,2.200899680738701,0.78,0.54,0.03,0.979,0.92,0.0453791618347168,251.62829813659206,500.0,True,0.095
AOM_P,rev1_plus,0.8200000000000001,0.54,0.03,0.979,0.92,0.9773109243697479,0.00017364996028036405,0.007405087982231942,0.2583329526623962,1.8226960202139602,0.78,0.54,0.03,0.979,0.92,0.0453791618347168,251.62829813659206,500.0,True,0.095
AOM_P,rev1_plus,0.8200000000000001,0.54,0.03,0.979,0.92,0.9848739495798319,0.00015779340352691928,0.005875657690714087,0.12779809115896731,1.4049348160266102,0.78,0.54,0.03,0.979,0.92,0.0453791618347168,251.62829813659206,500.0,True,0.095
AOM_P,rev1_plus,0.8200000000000001,0.54,0.03,0.979,0.92,0.992436974789916,0.00013748541597761267,0.004088860786468259,-0.01623498396699396,0.8200989753354112,0.78,0.54,0.03,0.979,0.92,0.0453791618347168,251.62829813659206,500.0,True,0.095
AOM_P,rev1_plus,0.8200000000000001,0.54,0.03,0.979,0.92,1.0,0.0,0.0,0.0,0.0,0.78,0.54,0.03,0.979,0.92,0.0453791618347168,251.62829813659206,500.0,True,0.095
AOM_P,rev1_minus,0.74,0.54,0.03,0.979,0.92,0.1,0.01866170140238676,0.22949289688134739,25.498319786136967,72.48450294638984,0.78,0.54,0.03,0.979,0.92,0.04599595069885254,174.19838388086737,500.0,True,0.095
AOM_P,rev1_minus,0.74,0.54,0.03,0.979,0.92,0.10756302521008404,0.018179700441819734,0.22641088574244894,24.87660461454934,70.52320741241354,0.78,0.54,0.03,0.979,0.92,0.04599595069885254,174.19838388086737,500.0,True,0.095
AOM_P,rev1_minus,0.74,0.54,0.03,0.979,0.92,0.11512605042016807,0.017721848098339446,0.22339815566421733,24.28233829860135,68.65828047192045,0.78,0.54,0.03,0.979,0.92,0.04599595069885254,174.19838388086737,500.0,True,0.095
AOM_P,rev1_minus,0.74,0.54,0.03,0.979,0.92,0.12268907563025211,0.017285828387473917,0.22044932019321886,23.713039131603686,66.88072435316712,0.78,0.54,0.03,0.979,0.92,0.04599595069885254,174.19838388086737,500.0,True,0.095
AOM_P,rev1_minus,0.74,0.54,0.03,0.979,0.92,0.13025210084033614,0.016869603209980183,0.21755955094024432,23.166505068962316,65.18254777292921,0.78,0.54,0.03,0.979,0.92,0.04599595069885254,174.19838388086737,500.0,True,0.095
AOM_P,rev1_minus,0.74,0.54,0.03,0.979,0.92,0.13781512605042018,0.016471489246917163,0.21472483154991137,22.640937525998773,63.5572878191609,0.78,0.54,0.03,0.979,0.92,0.04599595069885254,174.19838388086737,500.0,True,0.095
AOM_P,rev1_minus,0.74,0.54,0.03,0.979,0.92,0.1453781512605042,0.016089964877849226,0.21194144053555497,22.134690600509586,61.9990099670591,0.78,0.54,0.03,0.979,0.92,0.04599595069885254,174.19838388086737,500.0,True,0.095
AOM_P,rev1_minus,0.74,0.54,0.03,0.979,0.92,0.15294117647058825,0.015723704373407223,0.20920610298939296,21.646334582647413,60.50258640455922,0.78,0.54,0.03,0.979,0.92,0.04599595069885254,174.19838388086737,500.0,True,0.095
AOM_P,rev1_minus,0.74,0.54,0.03,0.979,0.92,0.16050420168067228,0.015371537818770774,0.20651587704375537,21.17460278207623,59.06348149984477,0.78,0.54,0.03,0.979,0.92,0.04599595069885254,174.19838388086737,500.0,True,0.095
AOM_P,rev1_minus,0.74,0.54,0.03,0.979,0.92,0.16806722689075632,0.015032378544101102,0.20386796488357692,20.71829422503962,57.67735817056441,0.78,0.54,0.03,0.979,0.92,0.04599595069885254,174.19838388086737,500.0,True,0.095
AOM_P,rev1_minus,0.74,0.54,0.03,0.979,0.92,0.17563025210084032,0.014705284826206597,0.20125990241558575,20.276375391177993,56.34051546123856,0.78,0.54,0.03,0.979,0.92,0.04599595069885254,174.19838388086737,500.0,True,0.095
AOM_P,rev1_minus,0.74,0.54,0.03,0.979,0.92,0.18319327731092439,0.014389427538315272,0.19868949860034948,19.847937577047812,55.04971531103659,0.78,0.54,0.03,0.979,0.92,0.04599595069885254,174.19838388086737,500.0,True,0.095
AOM_P,rev1_minus,0.74,0.54,0.03,0.979,0.92,0.1907563025210084,0.014084032357567179,0.19615466660438904,19.432115192717202,53.801846644983755,0.78,0.54,0.03,0.979,0.92,0.04599595069885254,174.19838388086737,500.0,True,0.095
AOM_P,rev1_minus,0.74,0.54,0.03,0.979,0.92,0.19831932773109245,0.013788460063957383,0.19365371623107808,19.028215026710754,52.59447636855851,0.78,0.54,0.03,0.979,0.92,0.04599595069885254,174.19838388086737,500.0,True,0.095
AOM_P,rev1_minus,0.74,0.54,0.03,0.979,0.92,0.20588235294117646,0.013502122586814816,0.19118505574604477,18.63559368346314,51.42534360422428,0.78,0.54,0.03,0.979,0.92,0.04599595069885254,174.19838388086737,500.0,True,0.095
AOM_P,rev1_minus,0.74,0.54,0.03,0.979,0.92,0.21344537815126052,0.013224430931960983,0.18874701511003228,18.253580566222208,50.29203825385762,0.78,0.54,0.03,0.979,0.92,0.04599595069885254,174.19838388086737,500.0,True,0.095
AOM_P,rev1_minus,0.74,0.54,0.03,0.979,0.92,0.22100840336134453,0.012954861012722783,0.18633809750073776,17.881581731185907,49.192440784625674,0.78,0.54,0.03,0.979,0.92,0.04599595069885254,174.19838388086737,500.0,True,0.095
AOM_P,rev1_minus,0.74,0.54,0.03,0.979,0.92,0.22857142857142856,0.01269297059584163,0.18395704961675777,17.51911035425354,48.124857813934035,0.78,0.54,0.03,0.979,0.92,0.04599595069885254,174.19838388086737,500.0,True,0.095
AOM_P,rev1_minus,0.74,0.54,0.03,0.979,0.92,0.2361344537815126,0.012438335990742136,0.18160264368815576,17.165689612951756,47.087610052711206,0.78,0.54,0.03,0.979,0.92,0.04599595069885254,174.19838388086737,500.0,True,0.095
AOM_P,rev1_minus,0.74,0.54,0.03,0.979,0.92,0.24369747899159663,0.012190546942588155,0.17927366434923706,16.82084630424188,46.0790068259277,0.78,0.54,0.03,0.979,0.92,0.04599595069885254,174.19838388086737,500.0,True,0.095
AOM_P,rev1_minus,0.74,0.54,0.03,0.979,0.92,0.25126050420168067,0.011949213939754384,0.1769689250268144,16.484121508519948,45.09739106343665,0.78,0.54,0.03,0.979,0.92,0.04599595069885254,174.19838388086737,500.0,True,0.095
AOM_P,rev1_minus,0.74,0.54,0.03,0.979,0.92,0.2588235294117647,0.011714018511684203,0.1746874924302838,16.15516017234358,44.141535483870726,0.78,0.54,0.03,0.979,0.92,0.04599595069885254,174.19838388086737,500.0,True,0.095
AOM_P,rev1_minus,0.74,0.54,0.03,0.979,0.92,0.26638655462184874,0.011484676267261065,0.17242853512329712,15.833650047624447,43.21037896712512,0.78,0.54,0.03,0.979,0.92,0.04599595069885254,174.19838388086737,500.0,True,0.095
AOM_P,rev1_minus,0.74,0.54,0.03,0.979,0.92,0.2739495798319328,0.011260894373621948,0.1701911463518671,15.519249926641066,42.30271371866489,0.78,0.54,0.03,0.979,0.92,0.04599595069885254,174.19838388086737,500.0,True,0.095
AOM_P,rev1_minus,0.74,0.54,0.03,0.979,0.92,0.2815126050420168,0.011042394171340397,0.1679744484255641,15.211630182730529,41.41736364418511,0.78,0.54,0.03,0.979,0.92,0.04599595069885254,174.19838388086737,500.0,True,0.095
AOM_P,rev1_minus,0.74,0.54,0.03,0.979,0.92,0.2890756302521008,0.010828928085756525,0.16577766342101727,14.910502563114942,40.553317088698904,0.78,0.54,0.03,0.979,0.92,0.04599595069885254,174.19838388086737,500.0,True,0.095
AOM_P,rev1_minus,0.74,0.54,0.03,0.979,0.92,0.2966386554621849,0.010620281763609117,0.16360012437915275,14.615625195535259,39.70975128976793,0.78,0.54,0.03,0.979,0.92,0.04599595069885254,174.19838388086737,500.0,True,0.095
AOM_P,rev1_minus,0.74,0.54,0.03,0.979,0.92,0.30420168067226894,0.010416245360938211,0.16144116479361836,14.326755371653322,38.88582620625573,0.78,0.54,0.03,0.979,0.92,0.04599595069885254,174.19838388086737,500.0,True,0.095
AOM_P,rev1_minus,0.74,0.54,0.03,0.979,0.92,0.31176470588235294,0.01021661329644014,0.15930011919070894,14.04364961533459,38.08068524739588,0.78,0.54,0.03,0.979,0.92,0.04599595069885254,174.19838388086737,500.0,True,0.095
AOM_P,rev1_minus,0.74,0.54,0.03,0.979,0.92,0.31932773109243695,0.010021191587702706,0.15717635394123855,13.766076719829947,37.29351360458121,0.78,0.54,0.03,0.979,0.92,0.04599595069885254,174.19838388086737,500.0,True,0.095
AOM_P,rev1_minus,0.74,0.54,0.03,0.979,0.92,0.326890756302521,0.009829807753506807,0.15506930613655254,13.493834964752036,36.523615165221884,0.78,0.54,0.03,0.979,0.92,0.04599595069885254,174.19838388086737,500.0,True,0.095
AOM_P,rev1_minus,0.74,0.54,0.03,0.979,0.92,0.3344537815126051,0.009642303459580788,0.15297845676370692,13.226740497334115,35.77036249087224,0.78,0.54,0.03,0.979,0.92,0.04599595069885254,174.19838388086737,500.0,True,0.095
AOM_P,rev1_minus,0.74,0.54,0.03,0.979,0.92,0.3420168067226891,0.009458522056904459,0.15090328420529872,12.964606981559221,35.033107917058366,0.78,0.54,0.03,0.979,0.92,0.04599595069885254,174.19838388086737,500.0,True,0.095
AOM_P,rev1_minus,0.74,0.54,0.03,0.979,0.92,0.3495798319327731,0.009278317657392968,0.14884330976868554,12.707262004432277,34.31125727842049,0.78,0.54,0.03,0.979,0.92,0.04599595069885254,174.19838388086737,500.0,True,0.095
AOM_P,rev1_minus,0.74,0.54,0.03,0.979,0.92,0.3571428571428571,0.009101553182342473,0.14679806673319004,12.454542111471039,33.60424639026912,0.78,0.54,0.03,0.979,0.92,0.04599595069885254,174.19838388086737,500.0,True,0.095
AOM_P,rev1_minus,0.74,0.54,0.03,0.979,0.92,0.3647058823529412,0.008928099303226727,0.14476709422467077,12.20629113357233,32.9115337921455,0.78,0.54,0.03,0.979,0.92,0.04599595069885254,174.19838388086737,500.0,True,0.095
AOM_P,rev1_minus,0.74,0.54,0.03,0.979,0.92,0.3722689075630252,0.008757834888560644,0.14274997657457159,11.962364496513866,32.232623841662424,0.78,0.54,0.03,0.979,0.92,0.04599595069885254,174.19838388086737,500.0,True,0.095
AOM_P,rev1_minus,0.74,0.54,0.03,0.979,0.92,0.3798319327731092,0.008590645711621488,0.14074632631237863,11.722626152777146,31.567052501740044,0.78,0.54,0.03,0.979,0.92,0.04599595069885254,174.19838388086737,500.0,True,0.095
AOM_P,rev1_minus,0.74,0.54,0.03,0.979,0.92,0.38739495798319323,0.008426423384492718,0.13875576916546314,11.486946028987584,30.91437528691744,0.78,0.54,0.03,0.979,0.92,0.04599595069885254,174.19838388086737,500.0,True,0.095
AOM_P,rev1_minus,0.74,0.54,0.03,0.979,0.92,0.39495798319327735,0.008265065689191674,0.13677795197506573,11.25520218380875,30.274178978130482,0.78,0.54,0.03,0.979,0.92,0.04599595069885254,174.19838388086737,500.0,True,0.095
AOM_P,rev1_minus,0.74,0.54,0.03,0.979,0.92,0.40252100840336136,0.008106475416271177,0.13481253450425973,11.027278102151701,29.646068665774738,0.78,0.54,0.03,0.979,0.92,0.04599595069885254,174.19838388086737,500.0,True,0.095
AOM_P,rev1_minus,0.74,0.54,0.03,0.979,0.92,0.41008403361344536,0.007950558842565804,0.13285917698571745,10.803058701924884,29.029648061084888,0.78,0.54,0.03,0.979,0.92,0.04599595069885254,174.19838388086737,500.0,True,0.095
AOM_P,rev1_minus,0.74,0.54,0.03,0.979,0.92,0.41764705882352937,0.007797218663519252,0.1309175036050196,10.582417632846761,28.424460564008967,0.78,0.54,0.03,0.979,0.92,0.04599595069885254,174.19838388086737,500.0,True,0.095
AOM_P,rev1_minus,0.74,0.54,0.03,0.979,0.92,0.4252100840336135,0.00764637162405991,0.12898720962071142,10.365252938661188,27.83015859286351,0.78,0.54,0.03,0.979,0.92,0.04599595069885254,174.19838388086737,500.0,True,0.095
AOM_P,rev1_minus,0.74,0.54,0.03,0.979,0.92,0.4327731092436975,0.007497952413362409,0.1270680860612016,10.1514953108374,27.246543651039733,0.78,0.54,0.03,0.979,0.92,0.04599595069885254,174.19838388086737,500.0,True,0.095
AOM_P,rev1_minus,0.74,0.54,0.03,0.979,0.92,0.4403361344537815,0.007351878772644378,0.1251598108751823,9.941038196702321,26.673235218121004,0.78,0.54,0.03,0.979,0.92,0.04599595069885254,174.19838388086737,500.0,True,0.095
AOM_P,rev1_minus,0.74,0.54,0.03,0.979,0.92,0.4478991596638655,0.0072080682365832345,0.12326204999722143,9.733771303368533,26.109828741516157,0.78,0.54,0.03,0.979,0.92,0.04599595069885254,174.19838388086737,500.0,True,0.095
AOM_P,rev1_minus,0.74,0.54,0.03,0.979,0.92,0.4554621848739496,0.007066451460939122,0.12137454410041068,9.529608837416793,25.55603243359735,0.78,0.54,0.03,0.979,0.92,0.04599595069885254,174.19838388086737,500.0,True,0.095
AOM_P,rev1_minus,0.74,0.54,0.03,0.979,0.92,0.46302521008403363,0.006926962778052701,0.11949704675128077,9.328469637264607,25.01157147577964,0.78,0.54,0.03,0.979,0.92,0.04599595069885254,174.19838388086737,500.0,True,0.095
AOM_P,rev1_minus,0.74,0.54,0.03,0.979,0.92,0.47058823529411764,0.006789535686760058,0.1176292954514587,9.130267907309042,24.476143940431932,0.78,0.54,0.03,0.979,0.92,0.04599595069885254,174.19838388086737,500.0,True,0.095
AOM_P,rev1_minus,0.74,0.54,0.03,0.979,0.92,0.47815126050420165,0.006654120103554188,0.11577112754867104,8.934950439629139,23.949602301441065,0.78,0.54,0.03,0.979,0.92,0.04599595069885254,174.19838388086737,500.0,True,0.095
AOM_P,rev1_minus,0.74,0.54,0.03,0.979,0.92,0.48571428571428577,0.006520653141013473,0.11392228553891626,8.742433840105388,23.431647248289828,0.78,0.54,0.03,0.979,0.92,0.04599595069885254,174.19838388086737,500.0,True,0.095
AOM_P,rev1_minus,0.74,0.54,0.03,0.979,0.92,0.49327731092436977,0.006389068109309183,0.11208247531707409,8.55262355619842,22.92191910035691,0.78,0.54,0.03,0.979,0.92,0.04599595069885254,174.19838388086737,500.0,True,0.095
AOM_P,rev1_minus,0.74,0.54,0.03,0.979,0.92,0.5008403361344538,0.006259310782091203,0.11025148083558887,8.365449927909454,22.42017666680164,0.78,0.54,0.03,0.979,0.92,0.04599595069885254,174.19838388086737,500.0,True,0.095
AOM_P,rev1_minus,0.74,0.54,0.03,0.979,0.92,0.5084033613445378,0.0061313503625073425,0.1084292418921736,8.18089275809778,21.926420058583748,0.78,0.54,0.03,0.979,0.92,0.04599595069885254,174.19838388086737,500.0,True,0.095
AOM_P,rev1_minus,0.74,0.54,0.03,0.979,0.92,0.5159663865546219,0.006005133670023349,0.10661553392321159,7.99888054276775,21.440392245049793,0.78,0.54,0.03,0.979,0.92,0.04599595069885254,174.19838388086737,500.0,True,0.095
AOM_P,rev1_minus,0.74,0.54,0.03,0.979,0.92,0.5235294117647059,0.0058806091419751575,0.10481013599333662,7.81934321785266,20.961839197472,0.78,0.54,0.03,0.979,0.92,0.04599595069885254,174.19838388086737,500.0,True,0.095
AOM_P,rev1_minus,0.74,0.54,0.03,0.979,0.92,0.5310924369747899,0.0057577238415377156,0.10301280983888399,7.6422056616995855,20.49047753248947,0.78,0.54,0.03,0.979,0.92,0.04599595069885254,174.19838388086737,500.0,True,0.095
AOM_P,rev1_minus,0.74,0.54,0.03,0.979,0.92,0.5386554621848739,0.005636436355658118,0.10122339289320871,7.467416324927299,20.0261380853785,0.78,0.54,0.03,0.979,0.92,0.04599595069885254,174.19838388086737,500.0,True,0.095
AOM_P,rev1_minus,0.74,0.54,0.03,0.979,0.92,0.546218487394958,0.005516720275685164,0.09944182406208946,7.294955273643504,19.56880731204515,0.78,0.54,0.03,0.979,0.92,0.04599595069885254,174.19838388086737,500.0,True,0.095
AOM_P,rev1_minus,0.74,0.54,0.03,0.979,0.92,0.553781512605042,0.005398532012661985,0.09766791323715239,7.124763157758553,19.11827184494564,0.78,0.54,0.03,0.979,0.92,0.04599595069885254,174.19838388086737,500.0,True,0.095
AOM_P,rev1_minus,0.74,0.54,0.03,0.979,0.92,0.561344537815126,0.005281828346458327,0.09590146630914985,6.956779653819712,18.674309703487555,0.78,0.54,0.03,0.979,0.92,0.04599595069885254,174.19838388086737,500.0,True,0.095
AOM_P,rev1_minus,0.74,0.54,0.03,0.979,0.92,0.5689075630252101,0.005166565974698268,0.09414228210600298,6.790942500456446,18.236685432555692,0.78,0.54,0.03,0.979,0.92,0.04599595069885254,174.19838388086737,500.0,True,0.095
AOM_P,rev1_minus,0.74,0.54,0.03,0.979,0.92,0.5764705882352942,0.005052712961723156,0.09239024031412675,6.627214123733065,17.80528689338629,0.78,0.54,0.03,0.979,0.92,0.04599595069885254,174.19838388086737,500.0,True,0.095
AOM_P,rev1_minus,0.74,0.54,0.03,0.979,0.92,0.5840336134453782,0.004940244964677124,0.09064527338291503,6.465573238392209,17.380083372209356,0.78,0.54,0.03,0.979,0.92,0.04599595069885254,174.19838388086737,500.0,True,0.095
AOM_P,rev1_minus,0.74,0.54,0.03,0.979,0.92,0.5915966386554622,0.004829125561537073,0.0889072163262464,6.305969259756386,16.960891461400053,0.78,0.54,0.03,0.979,0.92,0.04599595069885254,174.19838388086737,500.0,True,0.095
AOM_P,rev1_minus,0.74,0.54,0.03,0.979,0.92,0.5991596638655462,0.004719320171458281,0.0871759132162356,6.148354479873274,16.547539666348356,0.78,0.54,0.03,0.979,0.92,0.04599595069885254,174.19838388086737,500.0,True,0.095
AOM_P,rev1_minus,0.74,0.54,0.03,0.979,0.92,0.6067226890756302,0.004610793268023323,0.08545119555852304,5.992677664270701,16.139835258393287,0.78,0.54,0.03,0.979,0.92,0.04599595069885254,174.19838388086737,500.0,True,0.095
AOM_P,rev1_minus,0.74,0.54,0.03,0.979,0.92,0.6142857142857142,0.004503508394475555,0.0837328826476236,5.838884120950679,15.73756461916171,0.78,0.54,0.03,0.979,0.92,0.04599595069885254,174.19838388086737,500.0,True,0.095
AOM_P,rev1_minus,0.74,0.54,0.03,0.979,0.92,0.6218487394957983,0.004397443043297668,0.0820208991784253,5.686950473675711,15.34067467401492,0.78,0.54,0.03,0.979,0.92,0.04599595069885254,174.19838388086737,500.0,True,0.095
AOM_P,rev1_minus,0.74,0.54,0.03,0.979,0.92,0.6294117647058823,0.004292578648187029,0.08031519706228203,5.536861680563334,14.949154465213768,0.78,0.54,0.03,0.979,0.92,0.04599595069885254,174.19838388086737,500.0,True,0.095
AOM_P,rev1_minus,0.74,0.54,0.03,0.979,0.92,0.6369747899159663,0.004188885900427859,0.07861563958696642,5.388576662072737,14.562855318756528,0.78,0.54,0.03,0.979,0.92,0.04599595069885254,174.19838388086737,500.0,True,0.095
AOM_P,rev1_minus,0.74,0.54,0.03,0.979,0.92,0.6445378151260504,0.0040863368685403354,0.0769220970517011,5.24205652469343,14.181637688352053,0.78,0.54,0.03,0.979,0.92,0.04599595069885254,174.19838388086737,500.0,True,0.095
AOM_P,rev1_minus,0.74,0.54,0.03,0.979,0.92,0.6521008403361345,0.003984902801889617,0.07523442933466301,5.097259460644125,13.805344201531941,0.78,0.54,0.03,0.979,0.92,0.04599595069885254,174.19838388086737,500.0,True,0.095
AOM_P,rev1_minus,0.74,0.54,0.03,0.979,0.92,0.6596638655462185,0.003884554081336719,0.07355248566383923,4.954140658295752,13.433799194836249,0.78,0.54,0.03,0.979,0.92,0.04599595069885254,174.19838388086737,500.0,True,0.095
AOM_P,rev1_minus,0.74,0.54,0.03,0.979,0.92,0.6672268907563025,0.0037852738432054577,0.07187621443149646,4.81268438835544,13.06697945679327,0.78,0.54,0.03,0.979,0.92,0.04599595069885254,174.19838388086737,500.0,True,0.095
AOM_P,rev1_minus,0.74,0.54,0.03,0.979,0.92,0.6747899159663865,0.0036870441310508087,0.07020555232383065,4.672871708937508,12.704843570775493,0.78,0.54,0.03,0.979,0.92,0.04599595069885254,174.19838388086737,500.0,True,0.095
AOM_P,rev1_minus,0.74,0.54,0.03,0.979,0.92,0.6823529411764706,0.003589841131551454,0.0685403858805181,4.534669134382399,12.347271028681932,0.78,0.54,0.03,0.979,0.92,0.04599595069885254,174.19838388086737,500.0,True,0.095
AOM_P,rev1_minus,0.74,0.54,0.03,0.979,0.92,0.6899159663865546,0.003493642076805261,0.06688060711611067,4.398044860867565,11.994148413623842,0.78,0.54,0.03,0.979,0.92,0.04599595069885254,174.19838388086737,500.0,True,0.095
AOM_P,rev1_minus,0.74,0.54,0.03,0.979,0.92,0.6974789915966386,0.0033984240105545214,0.06522610353985744,4.262965881509673,11.645353807885868,0.78,0.54,0.03,0.979,0.92,0.04599595069885254,174.19838388086737,500.0,True,0.095
AOM_P,rev1_minus,0.74,0.54,0.03,0.979,0.92,0.7050420168067226,0.003304163368916866,0.06357675484006438,4.129397017514392,11.300751564748484,0.78,0.54,0.03,0.979,0.92,0.04599595069885254,174.19838388086737,500.0,True,0.095
AOM_P,rev1_minus,0.74,0.54,0.03,0.979,0.92,0.7126050420168067,0.003210845544659238,0.06193251172048564,3.997323669173993,10.960316375940465,0.78,0.54,0.03,0.979,0.92,0.04599595069885254,174.19838388086737,500.0,True,0.095
AOM_P,rev1_minus,0.74,0.54,0.03,0.979,0.92,0.7201680672268908,0.0031184532660207226,0.060293300631669655,3.866724375345163,10.623984399719435,0.78,0.54,0.03,0.979,0.92,0.04599595069885254,174.19838388086737,500.0,True,0.095
AOM_P,rev1_minus,0.74,0.54,0.03,0.979,0.92,0.7277310924369748,0.0030269668548235057,0.05865902597888166,3.7375714051793882,10.291656042339136,0.78,0.54,0.03,0.979,0.92,0.04599595069885254,174.19838388086737,500.0,True,0.095
AOM_P,rev1_minus,0.74,0.54,0.03,0.979,0.92,0.7352941176470588,0.0029363667572498958,0.05702959109135045,3.609836802774223,9.96322886445956,0.78,0.54,0.03,0.979,0.92,0.04599595069885254,174.19838388086737,500.0,True,0.095
AOM_P,rev1_minus,0.74,0.54,0.03,0.979,0.92,0.7428571428571429,0.0028466382805628727,0.05540493590911033,3.4835031218334116,9.638656784653511,0.78,0.54,0.03,0.979,0.92,0.04599595069885254,174.19838388086737,500.0,True,0.095
AOM_P,rev1_minus,0.74,0.54,0.03,0.979,0.92,0.7504201680672269,0.0027577648098915555,0.053784983351359006,3.3585481677225433,9.317866377592303,0.78,0.54,0.03,0.979,0.92,0.04599595069885254,174.19838388086737,500.0,True,0.095
AOM_P,rev1_minus,0.74,0.54,0.03,0.979,0.92,0.7579831932773109,0.0026697288530914856,0.05216964770886651,3.234947372021402,9.000769747885185,0.78,0.54,0.03,0.979,0.92,0.04599595069885254,174.19838388086737,500.0,True,0.095
AOM_P,rev1_minus,0.74,0.54,0.03,0.979,0.92,0.7655462184873949,0.002582512880749944,0.05055884149369985,3.112675754215908,8.687275346802812,0.78,0.54,0.03,0.979,0.92,0.04599595069885254,174.19838388086737,500.0,True,0.095
AOM_P,rev1_minus,0.74,0.54,0.03,0.979,0.92,0.773109243697479,0.0024961037393652122,0.04895250912835931,2.991717297102609,8.37733989786419,0.78,0.54,0.03,0.979,0.92,0.04599595069885254,174.19838388086737,500.0,True,0.095
AOM_P,rev1_minus,0.74,0.54,0.03,0.979,0.92,0.780672268907563,0.0024104864247105084,0.04735057965693518,2.8720517999902397,8.070895945092065,0.78,0.54,0.03,0.979,0.92,0.04599595069885254,174.19838388086737,500.0,True,0.095
AOM_P,rev1_minus,0.74,0.54,0.03,0.979,0.92,0.788235294117647,0.002325645417785356,0.04575297690989432,2.753657703172259,7.76786733899375,0.78,0.54,0.03,0.979,0.92,0.04599595069885254,174.19838388086737,500.0,True,0.095
AOM_P,rev1_minus,0.74,0.54,0.03,0.979,0.92,0.795798319327731,0.0022415652599864686,0.044159623949593385,2.636513360911257,7.468176330709247,0.78,0.54,0.03,0.979,0.92,0.04599595069885254,174.19838388086737,500.0,True,0.095
AOM_P,rev1_minus,0.74,0.54,0.03,0.979,0.92,0.8033613445378152,0.0021582334405417488,0.042570465008694686,2.520602786658055,7.171775270452527,0.78,0.54,0.03,0.979,0.92,0.04599595069885254,174.19838388086737,500.0,True,0.095
AOM_P,rev1_minus,0.74,0.54,0.03,0.979,0.92,0.8109243697478992,0.002075636359451194,0.04098543499606617,2.405907668639245,6.878602806228087,0.78,0.54,0.03,0.979,0.92,0.04599595069885254,174.19838388086737,500.0,True,0.095
AOM_P,rev1_minus,0.74,0.54,0.03,0.979,0.92,0.8184873949579832,0.0019937604125726993,0.03940446767055401,2.2924095057515386,6.588595578546944,0.78,0.54,0.03,0.979,0.92,0.04599595069885254,174.19838388086737,500.0,True,0.095
AOM_P,rev1_minus,0.74,0.54,0.03,0.979,0.92,0.8260504201680672,0.0019125923746460634,0.03782749847568054,2.180090377199793,6.301692506450475,0.78,0.54,0.03,0.979,0.92,0.04599595069885254,174.19838388086737,500.0,True,0.095
AOM_P,rev1_minus,0.74,0.54,0.03,0.979,0.92,0.8336134453781512,0.0018321198205909495,0.036254469066790855,2.0689338380986495,6.0178399360120425,0.78,0.54,0.03,0.979,0.92,0.04599595069885254,174.19838388086737,500.0,True,0.095
AOM_P,rev1_minus,0.74,0.54,0.03,0.979,0.92,0.8411764705882353,0.00175233022061466,0.03468531975238315,1.9589232005565518,5.736982695166406,0.78,0.54,0.03,0.979,0.92,0.04599595069885254,174.19838388086737,500.0,True,0.095
AOM_P,rev1_minus,0.74,0.54,0.03,0.979,0.92,0.8487394957983193,0.0016732112640869166,0.03311999166369868,1.850042052100051,5.459066012036909,0.78,0.54,0.03,0.979,0.92,0.04599595069885254,174.19838388086737,500.0,True,0.095
AOM_P,rev1_minus,0.74,0.54,0.03,0.979,0.92,0.8563025210084033,0.001594750655438849,0.03155842659628356,1.7422741129069688,5.184036528828868,0.78,0.54,0.03,0.979,0.92,0.04599595069885254,174.19838388086737,500.0,True,0.095
AOM_P,rev1_minus,0.74,0.54,0.03,0.979,0.92,0.8638655462184873,0.0015169362882686643,0.030000567684003103,1.6356033953509321,4.91184216863009,0.78,0.54,0.03,0.979,0.92,0.04599595069885254,174.19838388086737,500.0,True,0.095
AOM_P,rev1_minus,0.74,0.54,0.03,0.979,0.92,0.8714285714285714,0.001439756340220199,0.028446359906920772,1.5300143122089849,4.642431876750968,0.78,0.54,0.03,0.979,0.92,0.04599595069885254,174.19838388086737,500.0,True,0.095
AOM_P,rev1_minus,0.74,0.54,0.03,0.979,0.92,0.8789915966386554,0.0013631982852829563,0.02689574650053343,1.4254905799052178,4.375756227799729,0.78,0.54,0.03,0.979,0.92,0.04599595069885254,174.19838388086737,500.0,True,0.095
AOM_P,rev1_minus,0.74,0.54,0.03,0.979,0.92,0.8865546218487395,0.0012872492127324478,0.025348669957664625,1.3220155852451774,4.111766919419233,0.78,0.54,0.03,0.979,0.92,0.04599595069885254,174.19838388086737,500.0,True,0.095
AOM_P,rev1_minus,0.74,0.54,0.03,0.979,0.92,0.8941176470588235,0.001211894711463622,0.02380506784662315,1.2195711343220281,3.8504174586833435,0.78,0.54,0.03,0.979,0.92,0.04599595069885254,174.19838388086737,500.0,True,0.095
AOM_P,rev1_minus,0.74,0.54,0.03,0.979,0.92,0.9016806722689076,0.0011371187442325147,0.02226487229875374,1.1181372666788272,3.591663091171207,0.78,0.54,0.03,0.979,0.92,0.04599595069885254,174.19838388086737,500.0,True,0.095
AOM_P,rev1_minus,0.74,0.54,0.03,0.979,0.92,0.9092436974789916,0.0010629023450945325,0.02072800479193864,1.0176907935617163,3.33546168160719,0.78,0.54,0.03,0.979,0.92,0.04599595069885254,174.19838388086737,500.0,True,0.095
AOM_P,rev1_minus,0.74,0.54,0.03,0.979,0.92,0.9168067226890756,0.0009892210174415846,0.019194362591213675,0.9182031400097078,3.081774302029022,0.78,0.54,0.03,0.979,0.92,0.04599595069885254,174.19838388086737,500.0,True,0.095
AOM_P,rev1_minus,0.74,0.54,0.03,0.979,0.92,0.9243697478991596,0.0009160399675494287,0.017663791574498943,0.819637084430568,2.8305660125856407,0.78,0.54,0.03,0.979,0.92,0.04599595069885254,174.19838388086737,500.0,True,0.095
AOM_P,rev1_minus,0.74,0.54,0.03,0.979,0.92,0.9319327731092437,0.0008433088421637927,0.01613605563624098,0.7219433785160205,2.5818075652889925,0.78,0.54,0.03,0.979,0.92,0.04599595069885254,174.19838388086737,500.0,True,0.095
AOM_P,rev1_minus,0.74,0.54,0.03,0.979,0.92,0.9394957983193277,0.0007709512606564593,0.014610770490521022,0.625056032506319,2.335477767153566,0.78,0.54,0.03,0.979,0.92,0.04599595069885254,174.19838388086737,500.0,True,0.095
AOM_P,rev1_minus,0.74,0.54,0.03,0.979,0.92,0.9470588235294117,0.000698844276480546,0.013087254569037003,0.5288858500504887,2.0915377634371066,0.78,0.54,0.03,0.979,0.92,0.04599595069885254,174.19838388086737,500.0,True,0.095
AOM_P,rev1_minus,0.74,0.54,0.03,0.979,0.92,0.9546218487394957,0.000626787603865933,0.01156428217763078,0.4333120807238361,1.8498439749477646,0.78,0.54,0.03,0.979,0.92,0.04599595069885254,174.19838388086737,500.0,True,0.095
AOM_P,rev1_minus,0.74,0.54,0.03,0.979,0.92,0.9621848739495799,0.0005544471791998222,0.010039537261959877,0.33815586263935066,1.6097665149717284,0.78,0.54,0.03,0.979,0.92,0.04599595069885254,174.19838388086737,500.0,True,0.095
AOM_P,rev1_minus,0.74,0.54,0.03,0.979,0.92,0.9697478991596639,0.0004812388334404798,0.00850814469703385,0.24305836047612814,1.368697068518043,0.78,0.54,0.03,0.979,0.92,0.04599595069885254,174.19838388086737,500.0,True,0.095
AOM_P,rev1_minus,0.74,0.54,0.03,0.979,0.92,0.9773109243697479,0.0004059980746283024,0.006957502323435976,0.14705125912794,1.1171115290356763,0.78,0.54,0.03,0.979,0.92,0.04599595069885254,174.19838388086737,500.0,True,0.095
AOM_P,rev1_minus,0.74,0.54,0.03,0.979,0.92,0.9848739495798319,0.0003253286552017094,0.005342153330910925,0.04792864466872897,0.8248031706656477,0.78,0.54,0.03,0.979,0.92,0.04599595069885254,174.19838388086737,500.0,True,0.095
AOM_P,rev1_minus,0.74,0.54,0.03,0.979,0.92,0.992436974789916,0.00022279319059147196,0.0034475071322304543,-0.04905637901149498,0.42786252147682174,0.78,0.54,0.03,0.979,0.92,0.04599595069885254,174.19838388086737,500.0,True,0.095
AOM_P,rev1_minus,0.74,0.54,0.03,0.979,0.92,1.0,0.0,0.0,0.0,0.0,0.78,0.54,0.03,0.979,0.92,0.04599595069885254,174.19838388086737,500.0,True,0.095
AOM_P,rev2_plus,0.78,0.5800000000000001,0.03,0.979,0.92,0.1,0.009036606872300883,0.20825617204560437,26.540379273434503,75.08104595684985,0.78,0.54,0.03,0.979,0.92,0.04404592514038086,205.8738124975966,500.0,True,0.095
AOM_P,rev2_plus,0.78,0.5800000000000001,0.03,0.979,0.92,0.10756302521008404,0.008806064950082836,0.2059779226143765,25.99046007709865,73.39535250976672,0.78,0.54,0.03,0.979,0.92,0.04404592514038086,205.8738124975966,500.0,True,0.095
AOM_P,rev2_plus,0.78,0.5800000000000001,0.03,0.979,0.92,0.11512605042016807,0.008587027845760157,0.20373128659313594,25.460354621082903,71.77647259525298,0.78,0.54,0.03,0.979,0.92,0.04404592514038086,205.8738124975966,500.0,True,0.095
AOM_P,rev2_plus,0.78,0.5800000000000001,0.03,0.979,0.92,0.12268907563025211,0.008378334794417058,0.20151383675241988,24.948343130321017,70.21849091355372,0.78,0.54,0.03,0.979,0.92,0.04404592514038086,205.8738124975966,500.0,True,0.095
AOM_P,rev2_plus,0.78,0.5800000000000001,0.03,0.979,0.92,0.13025210084033614,0.008179066969545625,0.1993235941804414,24.453062701140883,68.71677025287246,0.78,0.54,0.03,0.979,0.92,0.04404592514038086,205.8738124975966,500.0,True,0.095
AOM_P,rev2_plus,0.78,0.5800000000000001,0.03,0.979,0.92,0.13781512605042018,0.007988345935270782,0.19715854314007117,23.97314627497287,67.26655591942362,0.78,0.54,0.03,0.979,0.92,0.04404592514038086,205.8738124975966,500.0,True,0.095
AOM_P,rev2_plus,0.78,0.5800000000000001,0.03,0.979,0.92,0.1453781512605042,0.007805437419805055,0.1950170344894408,23.50747338583693,65.86400469490134,0.78,0.54,0.03,0.979,0.92,0.04404592514038086,205.8738124975966,500.0,True,0.095
AOM_P,rev2_plus,0.78,0.5800000000000001,0.03,0.979,0.92,0.15294117647058825,0.007629761370497761,0.1928977970013997,23.055186744428738,64.50625368242552,0.78,0.54,0.03,0.979,0.92,0.04404592514038086,205.8738124975966,500.0,True,0.095
AOM_P,rev2_plus,0.78,0.5800000000000001,0.03,0.979,0.92,0.16050420168067228,0.007460715615890225,0.19079936832047592,22.6153204752335,63.18993675763546,0.78,0.54,0.03,0.979,0.92,0.04404592514038086,205.8738124975966,500.0,True,0.095
AOM_P,rev2_plus,0.78,0.5800000000000001,0.03,0.979,0.92,0.16806722689075632,0.0072978732841704735,0.18872080557024445,22.18724452224573,61.9129894943494,0.78,0.54,0.03,0.979,0.92,0.04404592514038086,205.8738124975966,500.0,True,0.095
AOM_P,rev2_plus,0.78,0.5800000000000001,0.03,0.979,0.92,0.17563025210084032,0.00714079295766081,0.1866610205597271,21.770251545918445,60.672982040606435,0.78,0.54,0.03,0.979,0.92,0.04404592514038086,205.8738124975966,500.0,True,0.095
AOM_P,rev2_plus,0.78,0.5800000000000001,0.03,0.979,0.92,0.18319327731092439,0.006989076087172385,0.18461903493258755,21.363710711000042,59.46777339876171,0.78,0.54,0.03,0.979,0.92,0.04404592514038086,205.8738124975966,500.0,True,0.095
AOM_P,rev2_plus,0.78,0.5800000000000001,0.03,0.979,0.92,0.1907563025210084,0.006842380726802374,0.18259400917742388,20.967085170347936,58.295565308182255,0.78,0.54,0.03,0.979,0.92,0.04404592514038086,205.8738124975966,500.0,True,0.095
AOM_P,rev2_plus,0.78,0.5800000000000001,0.03,0.979,0.92,0.19831932773109245,0.006700325368528023,0.18058487778152318,20.579705089620116,57.15396126899739,0.78,0.54,0.03,0.979,0.92,0.04404592514038086,205.8738124975966,500.0,True,0.095
AOM_P,rev2_plus,0.78,0.5800000000000001,0.03,0.979,0.92,0.20588235294117646,0.006562631810739431,0.17859092883650587,20.201121254512387,56.041449518637585,0.78,0.54,0.03,0.979,0.92,0.04404592514038086,205.8738124975966,500.0,True,0.095
AOM_P,rev2_plus,0.78,0.5800000000000001,0.03,0.979,0.92,0.21344537815126052,0.006429076180970035,0.17661161852216228,19.830992121695946,54.956939536907846,0.78,0.54,0.03,0.979,0.92,0.04404592514038086,205.8738124975966,500.0,True,0.095
AOM_P,rev2_plus,0.78,0.5800000000000001,0.03,0.979,0.92,0.22100840336134453,0.006299386786562502,0.17464615178244572,19.468830900478803,53.898698626370496,0.78,0.54,0.03,0.979,0.92,0.04404592514038086,205.8738124975966,500.0,True,0.095
AOM_P,rev2_plus,0.78,0.5800000000000001,0.03,0.979,0.92,0.22857142857142856,0.006173345619694936,0.17269394997077436,19.114277130936003,52.865512783491795,0.78,0.54,0.03,0.979,0.92,0.04404592514038086,205.8738124975966,500.0,True,0.095
AOM_P,rev2_plus,0.78,0.5800000000000001,0.03,0.979,0.92,0.2361344537815126,0.006050777202464797,0.17075458633014087,18.76706303253451,51.85654176580254,0.78,0.54,0.03,0.979,0.92,0.04404592514038086,205.8738124975966,500.0,True,0.095
AOM_P,rev2_plus,0.78,0.5800000000000001,0.03,0.979,0.92,0.24369747899159663,0.005931473805802666,0.16882743046868465,18.426808998471632,50.870436845477556,0.78,0.54,0.03,0.979,0.92,0.04404592514038086,205.8738124975966,500.0,True,0.095
AOM_P,rev2_plus,0.78,0.5800000000000001,0.03,0.979,0.92,0.25126050420168067,0.0058152634557245425,0.16691197754362253,18.09321282766868,49.90616249710959,0.78,0.54,0.03,0.979,0.92,0.04404592514038086,205.8738124975966,500.0,True,0.095
AOM_P,rev2_plus,0.78,0.5800000000000001,0.03,0.979,0.92,0.2588235294117647,0.005702009314698462,0.16500785605125057,17.766052696215617,48.96301332378201,0.78,0.54,0.03,0.979,0.92,0.04404592514038086,205.8738124975966,500.0,True,0.095
AOM_P,rev2_plus,0.78,0.5800000000000001,0.03,0.979,0.92,0.26638655462184874,0.005591559826143987,0.16311460028506392,17.44505352638244,48.040034820678805,0.78,0.54,0.03,0.979,0.92,0.04404592514038086,205.8738124975966,500.0,True,0.095
AOM_P,rev2_plus,0.78,0.5800000000000001,0.03,0.979,0.92,0.2739495798319328,0.005483746479280306,0.1612316307944529,17.129877095324606,47.13597427800038,0.78,0.54,0.03,0.979,0.92,0.04404592514038086,205.8738124975966,500.0,True,0.095
AOM_P,rev2_plus,0.78,0.5800000000000001,0.03,0.979,0.92,0.2815126050420168,0.005378451843494136,0.15935860736823323,16.820322145757686,46.25017033492375,0.78,0.54,0.03,0.979,0.92,0.04404592514038086,205.8738124975966,500.0,True,0.095
AOM_P,rev2_plus,0.78,0.5800000000000001,0.03,0.979,0.92,0.2890756302521008,0.005275585589502214,0.157495307080098,16.516255695360005,45.382251599912514,0.78,0.54,0.03,0.979,0.92,0.04404592514038086,205.8738124975966,500.0,True,0.095
AOM_P,rev2_plus,0.78,0.5800000000000001,0.03,0.979,0.92,0.2966386554621849,0.00517503349570973,0.15564135843938598,16.21746291471331,44.53146904222587,0.78,0.54,0.03,0.979,0.92,0.04404592514038086,205.8738124975966,500.0,True,0.095
AOM_P,rev2_plus,0.78,0.5800000000000001,0.03,0.979,0.92,0.30420168067226894,0.005076668068725177,0.15379629513860055,15.92367826982436,43.696831205018604,0.78,0.54,0.03,0.979,0.92,0.04404592514038086,205.8738124975966,500.0,True,0.095
AOM_P,rev2_plus,0.78,0.5800000000000001,0.03,0.979,0.92,0.31176470588235294,0.004980406382268375,0.1519598764637926,15.63476158864294,42.87789844156873,0.78,0.54,0.03,0.979,0.92,0.04404592514038086,205.8738124975966,500.0,True,0.095
AOM_P,rev2_plus,0.78,0.5800000000000001,0.03,0.979,0.92,0.31932773109243695,0.004886184410608956,0.15013194835101987,15.350621902461468,42.074442919736335,0.78,0.54,0.03,0.979,0.92,0.04404592514038086,205.8738124975966,500.0,True,0.095
AOM_P,rev2_plus,0.78,0.5800000000000001,0.03,0.979,0.92,0.326890756302521,0.004793905842040772,0.1483121605809829,15.071062233502932,41.285748182432826,0.78,0.54,0.03,0.979,0.92,0.04404592514038086,205.8738124975966,500.0,True,0.095
AOM_P,rev2_plus,0.78,0.5800000000000001,0.03,0.979,0.92,0.3344537815126051,0.004703478677034511,0.14650017004041174,14.795890564457212,40.51110792508258,0.78,0.54,0.03,0.979,0.92,0.04404592514038086,205.8738124975966,500.0,True,0.095
AOM_P,rev2_plus,0.78,0.5800000000000001,0.03,0.979,0.92,0.3420168067226891,0.00461483840071033,0.14469578391580554,14.524997504815575,39.75018856344128,0.78,0.54,0.03,0.979,0.92,0.04404592514038086,205.8738124975966,500.0,True,0.095
AOM_P,rev2_plus,0.78,0.5800000000000001,0.03,0.979,0.92,0.3495798319327731,0.004527927298222939,0.1428988357236422,14.258289049799618,39.00271930404545,0.78,0.54,0.03,0.979,0.92,0.04404592514038086,205.8738124975966,500.0,True,0.095
AOM_P,rev2_plus,0.78,0.5800000000000001,0.03,0.979,0.92,0.3571428571428571,0.00444267175312332,0.1411090481646715,13.995611921571149,38.268145216546365,0.78,0.54,0.03,0.979,0.92,0.04404592514038086,205.8738124975966,500.0,True,0.095
AOM_P,rev2_plus,0.78,0.5800000000000001,0.03,0.979,0.92,0.3647058823529412,0.004358995852858772,0.1393261154243875,13.736798500492059,37.54583411150391,0.78,0.54,0.03,0.979,0.92,0.04404592514038086,205.8738124975966,500.0,True,0.095
AOM_P,rev2_plus,0.78,0.5800000000000001,0.03,0.979,0.92,0.3722689075630252,0.004276836267817494,0.1375497983550252,13.481717417095261,36.83531494563334,0.78,0.54,0.03,0.979,0.92,0.04404592514038086,205.8738124975966,500.0,True,0.095
AOM_P,rev2_plus,0.78,0.5800000000000001,0.03,0.979,0.92,0.3798319327731092,0.004196154110916243,0.13578000094067028,13.23031439014628,36.136472137545546,0.78,0.54,0.03,0.979,0.92,0.04404592514038086,205.8738124975966,500.0,True,0.095
AOM_P,rev2_plus,0.78,0.5800000000000001,0.03,0.979,0.92,0.38739495798319323,0.004116904121828308,0.13401657713821413,12.982509286477997,35.449063158410745,0.78,0.54,0.03,0.979,0.92,0.04404592514038086,205.8738124975966,500.0,True,0.095
AOM_P,rev2_plus,0.78,0.5800000000000001,0.03,0.979,0.92,0.39495798319327735,0.004039031363324902,0.13225931046716796,12.73818495454303,34.772664742092296,0.78,0.54,0.03,0.979,0.92,0.04404592514038086,205.8738124975966,500.0,True,0.095
AOM_P,rev2_plus,0.78,0.5800000000000001,0.03,0.979,0.92,0.40252100840336136,0.0039624769530162566,0.1305079416468788,12.497203362289548,34.106744114699694,0.78,0.54,0.03,0.979,0.92,0.04404592514038086,205.8738124975966,500.0,True,0.095
AOM_P,rev2_plus,0.78,0.5800000000000001,0.03,0.979,0.92,0.41008403361344536,0.003887196023992044,0.1287623037347965,12.259474144040858,33.450992590062405,0.78,0.54,0.03,0.979,0.92,0.04404592514038086,205.8738124975966,500.0,True,0.095
AOM_P,rev2_plus,0.78,0.5800000000000001,0.03,0.979,0.92,0.41764705882352937,0.0038131616040330014,0.12702235246535604,12.02497005690659,32.80540252013566,0.78,0.54,0.03,0.979,0.92,0.04404592514038086,205.8738124975966,500.0,True,0.095
AOM_P,rev2_plus,0.78,0.5800000000000001,0.03,0.979,0.92,0.4252100840336135,0.0037403321998582843,0.12528792553054752,11.79360467089098,32.169673997795535,0.78,0.54,0.03,0.979,0.92,0.04404592514038086,205.8738124975966,500.0,True,0.095
AOM_P,rev2_plus,0.78,0.5800000000000001,0.03,0.979,0.92,0.4327731092436975,0.003668664628114281,0.12355883891199769,11.565281006049359,31.543449696208512,0.78,0.54,0.03,0.979,0.92,0.04404592514038086,205.8738124975966,500.0,True,0.095
AOM_P,rev2_plus,0.78,0.5800000000000001,0.03,0.979,0.92,0.4403361344537815,0.0035981138476458207,0.12183488700482145,11.339891299163078,30.926312994981068,0.78,0.54,0.03,0.979,0.92,0.04404592514038086,205.8738124975966,500.0,True,0.095
AOM_P,rev2_plus,0.78,0.5800000000000001,0.03,0.979,0.92,0.4478991596638655,0.0035286477030468002,0.12011595056988537,11.11737271151856,30.31806309199044,0.78,0.54,0.03,0.979,0.92,0.04404592514038086,205.8738124975966,500.0,True,0.095
AOM_P,rev2_plus,0.78,0.5800000000000001,0.03,0.979,0.92,0.4554621848739496,0.00346024564838032,0.11840198833124267,10.897703062815106,29.71869550452827,0.78,0.54,0.03,0.979,0.92,0.04404592514038086,205.8738124975966,500.0,True,0.095
AOM_P,rev2_plus,0.78,0.5800000000000001,0.03,0.979,0.92,0.46302521008403363,0.003392872068463567,0.11669284336912694,10.680800827214208,29.12790945672055,0.78,0.54,0.03,0.979,0.92,0.04404592514038086,205.8738124975966,500.0,True,0.095
AOM_P,rev2_plus,0.78,0.5800000000000001,0.03,0.979,0.92,0.47058823529411764,0.003326493639535554,0.11498836960311715,10.466590295509272,28.54542818958451,0.78,0.54,0.03,0.979,0.92,0.04404592514038086,205.8738124975966,500.0,True,0.095
AOM_P,rev2_plus,0.78,0.5800000000000001,0.03,0.979,0.92,0.47815126050420165,0.003261075358745417,0.11328840020021497,10.254985794028602,27.970919701074628,0.78,0.54,0.03,0.979,0.92,0.04404592514038086,205.8738124975966,500.0,True,0.095
AOM_P,rev2_plus,0.78,0.5800000000000001,0.03,0.979,0.92,0.48571428571428577,0.0031965842755136632,0.11159277828643695,10.04590693148911,27.404073754826516,0.78,0.54,0.03,0.979,0.92,0.04404592514038086,205.8738124975966,500.0,True,0.095
AOM_P,rev2_plus,0.78,0.5800000000000001,0.03,0.979,0.92,0.49327731092436977,0.003133001867789988,0.10990145798012531,9.839328992496705,26.844857352131598,0.78,0.54,0.03,0.979,0.92,0.04404592514038086,205.8738124975966,500.0,True,0.095
AOM_P,rev2_plus,0.78,0.5800000000000001,0.03,0.979,0.92,0.5008403361344538,0.003070309921636037,0.10821439065198947,9.635226318859903,26.29323035139129,0.78,0.54,0.03,0.979,0.92,0.04404592514038086,205.8738124975966,500.0,True,0.095
AOM_P,rev2_plus,0.78,0.5800000000000001,0.03,0.979,0.92,0.5084033613445378,0.0030084815389411074,0.1065314520416786,9.433535828844112,25.748960121324266,0.78,0.54,0.03,0.979,0.92,0.04404592514038086,205.8738124975966,500.0,True,0.095
AOM_P,rev2_plus,0.78,0.5800000000000001,0.03,0.979,0.92,0.5159663865546219,0.0029474913999348235,0.10485252576546449,9.234198593207374,25.211831398072157,0.78,0.54,0.03,0.979,0.92,0.04404592514038086,205.8738124975966,500.0,True,0.095
AOM_P,rev2_plus,0.78,0.5800000000000001,0.03,0.979,0.92,0.5235294117647059,0.0028873109932152207,0.10317746311535604,9.037140243089793,24.681545771932743,0.78,0.54,0.03,0.979,0.92,0.04404592514038086,205.8738124975966,500.0,True,0.095
AOM_P,rev2_plus,0.78,0.5800000000000001,0.03,0.979,0.92,0.5310924369747899,0.00282791552170475,0.10150614211579095,8.842299669999385,24.157869307256696,0.78,0.54,0.03,0.979,0.92,0.04404592514038086,205.8738124975966,500.0,True,0.095
AOM_P,rev2_plus,0.78,0.5800000000000001,0.03,0.979,0.92,0.5386554621848739,0.0027692964960522363,0.09983857517764652,8.649681453206805,23.640903067255582,0.78,0.54,0.03,0.979,0.92,0.04404592514038086,205.8738124975966,500.0,True,0.095
AOM_P,rev2_plus,0.78,0.5800000000000001,0.03,0.979,0.92,0.546218487394958,0.0027114351360430456,0.09817468333393696,8.459246042716055,23.130519500036876,0.78,0.54,0.03,0.979,0.92,0.04404592514038086,205.8738124975966,500.0,True,0.095
AOM_P,rev2_plus,0.78,0.5800000000000001,0.03,0.979,0.92,0.553781512605042,0.0026543103050518154,0.09651436363858133,8.270942420841688,22.626529136148,0.78,0.54,0.03,0.979,0.92,0.04404592514038086,205.8738124975966,500.0,True,0.095
AOM_P,rev2_plus,0.78,0.5800000000000001,0.03,0.979,0.92,0.561344537815126,0.002597901519144108,0.09485751463975291,8.084720494239198,22.128744072706642,0.78,0.54,0.03,0.979,0.92,0.04404592514038086,205.8738124975966,500.0,True,0.095
AOM_P,rev2_plus,0.78,0.5800000000000001,0.03,0.979,0.92,0.5689075630252101,0.0025421860198290777,0.09320400951595506,7.9005180857868265,21.636908956320035,0.78,0.54,0.03,0.979,0.92,0.04404592514038086,205.8738124975966,500.0,True,0.095
AOM_P,rev2_plus,0.78,0.5800000000000001,0.03,0.979,0.92,0.5764705882352942,0.0024871454205832332,0.0915537579162747,7.718290802634307,21.150859743620355,0.78,0.54,0.03,0.979,0.92,0.04404592514038086,205.8738124975966,500.0,True,0.095
AOM_P,rev2_plus,0.78,0.5800000000000001,0.03,0.979,0.92,0.5840336134453782,0.0024327742687782136,0.0899067857885397,7.5380506748580505,20.670730044350503,0.78,0.54,0.03,0.979,0.92,0.04404592514038086,205.8738124975966,500.0,True,0.095
AOM_P,rev2_plus,0.78,0.5800000000000001,0.03,0.979,0.92,0.5915966386554622,0.0023790546642695875,0.08826300044699972,7.3597526079493365,20.196348282219333,0.78,0.54,0.03,0.979,0.92,0.04404592514038086,205.8738124975966,500.0,True,0.095
AOM_P,rev2_plus,0.78,0.5800000000000001,0.03,0.979,0.92,0.5991596638655462,0.0023259696112261983,0.086622314238486,7.183354061091555,19.727553787317287,0.78,0.54,0.03,0.979,0.92,0.04404592514038086,205.8738124975966,500.0,True,0.095
AOM_P,rev2_plus,0.78,0.5800000000000001,0.03,0.979,0.92,0.6067226890756302,0.0022735029617839183,0.08498464423141187,7.008814890838841,19.264196154648488,0.78,0.54,0.03,0.979,0.92,0.04404592514038086,205.8738124975966,500.0,True,0.095
AOM_P,rev2_plus,0.78,0.5800000000000001,0.03,0.979,0.92,0.6142857142857142,0.002221639257705578,0.08334991088368249,6.836096717073116,18.806131993697218,0.78,0.54,0.03,0.979,0.92,0.04404592514038086,205.8738124975966,500.0,True,0.095
AOM_P,rev2_plus,0.78,0.5800000000000001,0.03,0.979,0.92,0.6218487394957983,0.002170359574698941,0.08171799731250637,6.665143811947904,18.35312108527237,0.78,0.54,0.03,0.979,0.92,0.04404592514038086,205.8738124975966,500.0,True,0.095
AOM_P,rev2_plus,0.78,0.5800000000000001,0.03,0.979,0.92,0.6294117647058823,0.0021196456811553095,0.08008879034891177,6.495902315587042,17.90493071593802,0.78,0.54,0.03,0.979,0.92,0.04404592514038086,205.8738124975966,500.0,True,0.095
AOM_P,rev2_plus,0.78,0.5800000000000001,0.03,0.979,0.92,0.6369747899159663,0.002069499982160302,0.07846237721952996,6.32841247550416,17.46183798712363,0.78,0.54,0.03,0.979,0.92,0.04404592514038086,205.8738124975966,500.0,True,0.095
AOM_P,rev2_plus,0.78,0.5800000000000001,0.03,0.979,0.92,0.6445378151260504,0.0020199084994111764,0.0768386815595123,6.16263808283026,17.02370369273349,0.78,0.54,0.03,0.979,0.92,0.04404592514038086,205.8738124975966,500.0,True,0.095
AOM_P,rev2_plus,0.78,0.5800000000000001,0.03,0.979,0.92,0.6521008403361345,0.0019708579034220975,0.07521763081644033,5.99854482689477,16.590396840621906,0.78,0.54,0.03,0.979,0.92,0.04404592514038086,205.8738124975966,500.0,True,0.095
AOM_P,rev2_plus,0.78,0.5800000000000001,0.03,0.979,0.92,0.6596638655462185,0.0019223354763430083,0.07359915603388076,5.836100188593435,16.161794211777693,0.78,0.54,0.03,0.979,0.92,0.04404592514038086,205.8738124975966,500.0,True,0.095
AOM_P,rev2_plus,0.78,0.5800000000000001,0.03,0.979,0.92,0.6672268907563025,0.0018743290773070406,0.07198319164961112,5.675273340919053,15.73777994901192,0.78,0.54,0.03,0.979,0.92,0.04404592514038086,205.8738124975966,500.0,True,0.095
AOM_P,rev2_plus,0.78,0.5800000000000001,0.03,0.979,0.92,0.6747899159663865,0.001826824667469721,0.07036965050219234,5.516023518408636,15.31818074688045,0.78,0.54,0.03,0.979,0.92,0.04404592514038086,205.8738124975966,500.0,True,0.095
AOM_P,rev2_plus,0.78,0.5800000000000001,0.03,0.979,0.92,0.6823529411764706,0.0017798068924642987,0.06875842981669841,5.358302780929774,14.902781176076108,0.78,0.54,0.03,0.979,0.92,0.04404592514038086,205.8738124975966,500.0,True,0.095
AOM_P,rev2_plus,0.78,0.5800000000000001,0.03,0.979,0.92,0.6899159663865546,0.001733276152638849,0.06714958464822837,5.202136676031025,14.491774103824058,0.78,0.54,0.03,0.979,0.92,0.04404592514038086,205.8738124975966,500.0,True,0.095
AOM_P,rev2_plus,0.78,0.5800000000000001,0.03,0.979,0.92,0.6974789915966386,0.001687221931620342,0.06554305756943521,5.047498612447681,14.085060969851943,0.78,0.54,0.03,0.979,0.92,0.04404592514038086,205.8738124975966,500.0,True,0.095
AOM_P,rev2_plus,0.78,0.5800000000000001,0.03,0.979,0.92,0.7050420168067226,0.001641633642540087,0.06393878853754308,4.894360859380206,13.682535171456436,0.78,0.54,0.03,0.979,0.92,0.04404592514038086,205.8738124975966,500.0,True,0.095
AOM_P,rev2_plus,0.78,0.5800000000000001,0.03,0.979,0.92,0.7126050420168067,0.001596501148215688,0.06233672027100342,4.742697042059648,13.284096070303988,0.78,0.54,0.03,0.979,0.92,0.04404592514038086,205.8738124975966,500.0,True,0.095
AOM_P,rev2_plus,0.78,0.5800000000000001,0.03,0.979,0.92,0.7201680672268908,0.0015518147375460504,0.060736798106128684,4.592482072169096,12.889648702802265,0.78,0.54,0.03,0.979,0.92,0.04404592514038086,205.8738124975966,500.0,True,0.095
AOM_P,rev2_plus,0.78,0.5800000000000001,0.03,0.979,0.92,0.7277310924369748,0.0015075638597322732,0.05913895710903791,4.443686198838165,12.499069905548067,0.78,0.54,0.03,0.979,0.92,0.04404592514038086,205.8738124975966,500.0,True,0.095
AOM_P,rev2_plus,0.78,0.5800000000000001,0.03,0.979,0.92,0.7352941176470588,0.001463736321090182,0.05754311389402826,4.296271223232358,12.11218666628775,0.78,0.54,0.03,0.979,0.92,0.04404592514038086,205.8738124975966,500.0,True,0.095
AOM_P,rev2_plus,0.78,0.5800000000000001,0.03,0.979,0.92,0.7428571428571429,0.0014203303632592602,0.05594929052372085,4.1502476447222145,11.729102412568825,0.78,0.54,0.03,0.979,0.92,0.04404592514038086,205.8738124975966,500.0,True,0.095
AOM_P,rev2_plus,0.78,0.5800000000000001,0.03,0.979,0.92,0.7504201680672269,0.0013773380657353214,0.05435744467705406,4.005596381882172,11.349751204807996,0.78,0.54,0.03,0.979,0.92,0.04404592514038086,205.8738124975966,500.0,True,0.095
AOM_P,rev2_plus,0.78,0.5800000000000001,0.03,0.979,0.92,0.7579831932773109,0.0013347509709436777,0.052767527160624945,3.8622952410936704,10.974048020378879,0.78,0.54,0.03,0.979,0.92,0.04404592514038086,205.8738124975966,500.0,True,0.095
AOM_P,rev2_plus,0.78,0.5800000000000001,0.03,0.979,0.92,0.7655462184873949,0.0012925609557142366,0.05117949090090518,3.720323059478118,10.601912438618633,0.78,0.54,0.03,0.979,0.92,0.04404592514038086,205.8738124975966,500.0,True,0.095
AOM_P,rev2_plus,0.78,0.5800000000000001,0.03,0.979,0.92,0.773109243697479,0.0012507602149339607,0.04959329084187216,3.579659655771455,10.233268435277605,0.78,0.54,0.03,0.979,0.92,0.04404592514038086,205.8738124975966,500.0,True,0.095
AOM_P,rev2_plus,0.78,0.5800000000000001,0.03,0.979,0.92,0.780672268907563,0.0012093409265375521,0.048008880531672835,3.440284252307238,9.868035236742024,0.78,0.54,0.03,0.979,0.92,0.04404592514038086,205.8738124975966,500.0,True,0.095
AOM_P,rev2_plus,0.78,0.5800000000000001,0.03,0.979,0.92,0.788235294117647,0.001168294626300847,0.04642620568534761,3.3021724986378946,9.506109963080577,0.78,0.54,0.03,0.979,0.92,0.04404592514038086,205.8738124975966,500.0,True,0.095
AOM_P,rev2_plus,0.78,0.5800000000000001,0.03,0.979,0.92,0.795798319327731,0.0011276165257941826,0.04484524903774652,3.165317176654037,9.147488629737266,0.78,0.54,0.03,0.979,0.92,0.04404592514038086,205.8738124975966,500.0,True,0.095
AOM_P,rev2_plus,0.78,0.5800000000000001,0.03,0.979,0.92,0.8033613445378152,0.0010873001838382493,0.04326597522894922,3.02970277228917,8.79211807432191,0.78,0.54,0.03,0.979,0.92,0.04404592514038086,205.8738124975966,500.0,True,0.095
AOM_P,rev2_plus,0.78,0.5800000000000001,0.03,0.979,0.92,0.8109243697478992,0.0010473390597325874,0.04168834677634349,2.895312836109604,8.439938492145615,0.78,0.54,0.03,0.979,0.92,0.04404592514038086,205.8738124975966,500.0,True,0.095
AOM_P,rev2_plus,0.78,0.5800000000000001,0.03,0.979,0.92,0.8184873949579832,0.0010077270099255785,0.040112329257067564,2.7621323862499882,8.090897556662288,0.78,0.54,0.03,0.979,0.92,0.04404592514038086,205.8738124975966,500.0,True,0.095
AOM_P,rev2_plus,0.78,0.5800000000000001,0.03,0.979,0.92,0.8260504201680672,0.0009684575813742381,0.03853788433011851,2.630144686705068,7.744932332610538,0.78,0.54,0.03,0.979,0.92,0.04404592514038086,205.8738124975966,500.0,True,0.095
AOM_P,rev2_plus,0.78,0.5800000000000001,0.03,0.979,0.92,0.8336134453781512,0.0009295249384654561,0.03696497934397526,2.4993354927158924,7.401992935751815,0.78,0.54,0.03,0.979,0.92,0.04404592514038086,205.8738124975966,500.0,True,0.095
AOM_P,rev2_plus,0.78,0.5800000000000001,0.03,0.979,0.92,0.8411764705882353,0.00089092313430732,0.03539357942949602,2.3696897483962083,7.062024335795086,0.78,0.54,0.03,0.979,0.92,0.04404592514038086,205.8738124975966,500.0,True,0.095
AOM_P,rev2_plus,0.78,0.5800000000000001,0.03,0.979,0.92,0.8487394957983193,0.0008526462628008318,0.033823649154853815,2.2411922854453445,6.724970171218049,0.78,0.54,0.03,0.979,0.92,0.04404592514038086,205.8738124975966,500.0,True,0.095
AOM_P,rev2_plus,0.78,0.5800000000000001,0.03,0.979,0.92,0.8563025210084033,0.0008146888633120913,0.03225515792191521,2.1138296311611406,6.390783440969054,0.78,0.54,0.03,0.979,0.92,0.04404592514038086,205.8738124975966,500.0,True,0.095
AOM_P,rev2_plus,0.78,0.5800000000000001,0.03,0.979,0.92,0.8638655462184873,0.0007770453677343951,0.030688071898605465,1.9875876424259677,6.0594118519415705,0.78,0.54,0.03,0.979,0.92,0.04404592514038086,205.8738124975966,500.0,True,0.095
AOM_P,rev2_plus,0.78,0.5800000000000001,0.03,0.979,0.92,0.8714285714285714,0.0007397104121081453,0.02912235891706069,1.862452591067804,5.730806459933619,0.78,0.54,0.03,0.979,0.92,0.04404592514038086,205.8738124975966,500.0,True,0.095
AOM_P,rev2_plus,0.78,0.5800000000000001,0.03,0.979,0.92,0.8789915966386554,0.00070267876834744,0.02755798642817312,1.738410605089833,5.404919524808033,0.78,0.54,0.03,0.979,0.92,0.04404592514038086,205.8738124975966,500.0,True,0.095
AOM_P,rev2_plus,0.78,0.5800000000000001,0.03,0.979,0.92,0.8865546218487395,0.0006659453194745966,0.02599492077568404,1.6154475837065214,5.081703788338351,0.78,0.54,0.03,0.979,0.92,0.04404592514038086,205.8738124975966,500.0,True,0.095
AOM_P,rev2_plus,0.78,0.5800000000000001,0.03,0.979,0.92,0.8941176470588235,0.0006295050743565719,0.024433128014085367,1.4935490913664522,4.7611131867776235,0.78,0.54,0.03,0.979,0.92,0.04404592514038086,205.8738124975966,500.0,True,0.095
AOM_P,rev2_plus,0.78,0.5800000000000001,0.03,0.979,0.92,0.9016806722689076,0.0005933532033824778,0.022872572322929913,1.3726998147246638,4.443102725109138,0.78,0.54,0.03,0.979,0.92,0.04404592514038086,205.8738124975966,500.0,True,0.095
AOM_P,rev2_plus,0.78,0.5800000000000001,0.03,0.979,0.92,0.9092436974789916,0.000557485226459508,0.021313208541223448,1.2528819532786837,4.127629056793342,0.78,0.54,0.03,0.979,0.92,0.04404592514038086,205.8738124975966,500.0,True,0.095
AOM_P,rev2_plus,0.78,0.5800000000000001,0.03,0.979,0.92,0.9168067226890756,0.0005218972704429485,0.01975497212393546,1.1340732249758363,3.8146515293684895,0.78,0.54,0.03,0.979,0.92,0.04404592514038086,205.8738124975966,500.0,True,0.095
AOM_P,rev2_plus,0.78,0.5800000000000001,0.03,0.979,0.92,0.9243697478991596,0.00048658631623670295,0.0181977699687993,1.0162450092803077,3.504133405486518,0.78,0.54,0.03,0.979,0.92,0.04404592514038086,205.8738124975966,500.0,True,0.095
AOM_P,rev2_plus,0.78,0.5800000000000001,0.03,0.979,0.92,0.9319327731092437,0.00045155090443161364,0.016641452281638783,0.8993578787538212,3.19604531560481,0.78,0.54,0.03,0.979,0.92,0.04404592514038086,205.8738124975966,500.0,True,0.095
AOM_P,rev2_plus,0.78,0.5800000000000001,0.03,0.979,0.92,0.9394957983193277,0.0004167926567537081,0.015085739723436952,0.7833542822472944,2.890365271998264,0.78,0.54,0.03,0.979,0.92,0.04404592514038086,205.8738124975966,500.0,True,0.095
AOM_P,rev2_plus,0.78,0.5800000000000001,0.03,0.979,0.92,0.9470588235294117,0.0003823186773424672,0.013530108904399046,0.6681497298994837,2.5870782998526773,0.78,0.54,0.03,0.979,0.92,0.04404592514038086,205.8738124975966,500.0,True,0.095
AOM_P,rev2_plus,0.78,0.5800000000000001,0.03,0.979,0.92,0.9546218487394957,0.00034814587096801793,0.011973576756657311,0.5536218303476518,2.2861655649380026,0.78,0.54,0.03,0.979,0.92,0.04404592514038086,205.8738124975966,500.0,True,0.095
AOM_P,rev2_plus,0.78,0.5800000000000001,0.03,0.979,0.92,0.9621848739495799,0.00031430843067394704,0.010414165986162339,0.43958542941860307,1.9873975705036209,0.78,0.54,0.03,0.979,0.92,0.04404592514038086,205.8738124975966,500.0,True,0.095
AOM_P,rev2_plus,0.78,0.5800000000000001,0.03,0.979,0.92,0.9697478991596639,0.0002808647636671008,0.008847761838224683,0.32571316023379343,1.6894297421266433,0.78,0.54,0.03,0.979,0.92,0.04404592514038086,205.8738124975966,500.0,True,0.095
AOM_P,rev2_plus,0.78,0.5800000000000001,0.03,0.979,0.92,0.9773109243697479,0.00024783445401771784,0.007264110999533405,0.2111178247662542,1.3854091033142832,0.78,0.54,0.03,0.979,0.92,0.04404592514038086,205.8738124975966,500.0,True,0.095
AOM_P,rev2_plus,0.78,0.5800000000000001,0.03,0.979,0.92,0.9848739495798319,0.0002143113515607419,0.005626211229446844,0.09293087132009635,1.0461268803157602,0.78,0.54,0.03,0.979,0.92,0.04404592514038086,205.8738124975966,500.0,True,0.095
AOM_P,rev2_plus,0.78,0.5800000000000001,0.03,0.979,0.92,0.992436974789916,0.00016891508443021185,0.003729203174080457,-0.02980425319916738,0.5815914843198057,0.78,0.54,0.03,0.979,0.92,0.04404592514038086,205.8738124975966,500.0,True,0.095
AOM_P,rev2_plus,0.78,0.5800000000000001,0.03,0.979,0.92,1.0,0.0,0.0,0.0,0.0,0.78,0.54,0.03,0.979,0.92,0.04404592514038086,205.8738124975966,500.0,True,0.095
AOM_P,rev2_minus,0.78,0.5,0.03,0.979,0.92,0.1,0.015886716598784566,0.2070008131649288,25.476751984229384,73.26429037512248,0.78,0.54,0.03,0.979,0.92,0.041449785232543945,205.87354236063422,500.0,True,0.095
AOM_P,rev2_minus,0.78,0.5,0.03,0.979,0.92,0.10756302521008404,0.015477146990160118,0.2044564375326266,24.912651564061818,71.61063584234589,0.78,0.54,0.03,0.979,0.92,0.041449785232543945,205.87354236063422,500.0,True,0.095
AOM_P,rev2_minus,0.78,0.5,0.03,0.979,0.92,0.11512605042016807,0.015088041967381751,0.20195947721167018,24.370952850856245,70.02591988550583,0.78,0.54,0.03,0.979,0.92,0.041449785232543945,205.87354236063422,500.0,True,0.095
AOM_P,rev2_minus,0.78,0.5,0.03,0.979,0.92,0.12268907563025211,0.014717491626895887,0.19950653740917706,23.849797607575855,68.50440769663363,0.78,0.54,0.03,0.979,0.92,0.041449785232543945,205.87354236063422,500.0,True,0.095
AOM_P,rev2_minus,0.78,0.5,0.03,0.979,0.92,0.13025210084033614,0.014363713226853769,0.197094232637589,23.347379958312253,67.04041426819359,0.78,0.54,0.03,0.979,0.92,0.041449785232543945,205.87354236063422,500.0,True,0.095
AOM_P,rev2_minus,0.78,0.5,0.03,0.979,0.92,0.13781512605042018,0.01402519960077048,0.19471970380374035,22.86218303028067,65.62919769468566,0.78,0.54,0.03,0.979,0.92,0.041449785232543945,205.87354236063422,500.0,True,0.095
AOM_P,rev2_minus,0.78,0.5,0.03,0.979,0.92,0.1453781512605042,0.013700688302567697,0.19238055165210244,22.39294928723303,64.2668658476892,0.78,0.54,0.03,0.979,0.92,0.041449785232543945,205.87354236063422,500.0,True,0.095
AOM_P,rev2_minus,0.78,0.5,0.03,0.979,0.92,0.15294117647058825,0.013389069133746014,0.1900746186623082,21.938559302712115,62.94994635183491,0.78,0.54,0.03,0.979,0.92,0.041449785232543945,205.87354236063422,500.0,True,0.095
AOM_P,rev2_minus,0.78,0.5,0.03,0.979,0.92,0.16050420168067228,0.013089394194934588,0.18780004798413105,21.498060134199218,61.67550503006348,0.78,0.54,0.03,0.979,0.92,0.041449785232543945,205.87354236063422,500.0,True,0.095
AOM_P,rev2_minus,0.78,0.5,0.03,0.979,0.92,0.16806722689075632,0.012800773957241636,0.1855550324367567,21.07053809917723,60.44069824839143,0.78,0.54,0.03,0.979,0.92,0.041449785232543945,205.87354236063422,500.0,True,0.095
AOM_P,rev2_minus,0.78,0.5,0.03,0.979,0.92,0.17563025210084032,0.012522431062141638,0.1833379934698939,20.655203812517396,59.24309772698724,0.78,0.54,0.03,0.979,0.92,0.041449785232543945,205.87354236063422,500.0,True,0.095
AOM_P,rev2_minus,0.78,0.5,0.03,0.979,0.92,0.18319327731092439,0.012253584815786001,0.1811472241663665,20.25121306922268,58.08000797540644,0.78,0.54,0.03,0.979,0.92,0.041449785232543945,205.87354236063422,500.0,True,0.095
AOM_P,rev2_minus,0.78,0.5,0.03,0.979,0.92,0.1907563025210084,0.011993615985890492,0.17898141765833775,19.85792440379685,56.94944965398033,0.78,0.54,0.03,0.979,0.92,0.041449785232543945,205.87354236063422,500.0,True,0.095
AOM_P,rev2_minus,0.78,0.5,0.03,0.979,0.92,0.19831932773109245,0.01174199188350386,0.17683945086876757,19.474793749033587,55.849769980476054,0.78,0.54,0.03,0.979,0.92,0.041449785232543945,205.87354236063422,500.0,True,0.095
AOM_P,rev2_minus,0.78,0.5,0.03,0.979,0.92,0.20588235294117646,0.011498144021808985,0.17472001701345763,19.101192385368297,54.778956650349784,0.78,0.54,0.03,0.979,0.92,0.041449785232543945,205.87354236063422,500.0,True,0.095
AOM_P,rev2_minus,0.78,0.5,0.03,0.979,0.92,0.21344537815126052,0.011261636834509023,0.17262221264796787,18.73668116952202,53.73570261888255,0.78,0.54,0.03,0.979,0.92,0.041449785232543945,205.87354236063422,500.0,True,0.095
AOM_P,rev2_minus,0.78,0.5,0.03,0.979,0.92,0.22100840336134453,0.011032036629932724,0.17054505937298786,18.380794218565594,52.71855972317446,0.78,0.54,0.03,0.979,0.92,0.041449785232543945,205.87354236063422,500.0,True,0.095
AOM_P,rev2_minus,0.78,0.5,0.03,0.979,0.92,0.22857142857142856,0.010808940814078767,0.1684876114911273,18.033089505534104,51.72614059123038,0.78,0.54,0.03,0.979,0.92,0.041449785232543945,205.87354236063422,500.0,True,0.095
AOM_P,rev2_minus,0.78,0.5,0.03,0.979,0.92,0.2361344537815126,0.010592015139786937,0.16644911083749264,17.693216139201116,50.75738771505681,0.78,0.54,0.03,0.979,0.92,0.041449785232543945,205.87354236063422,500.0,True,0.095
AOM_P,rev2_minus,0.78,0.5,0.03,0.979,0.92,0.24369747899159663,0.0103808961505763,0.164428647421586,17.360755079301054,49.810949090534834,0.78,0.54,0.03,0.979,0.92,0.041449785232543945,205.87354236063422,500.0,True,0.095
AOM_P,rev2_minus,0.78,0.5,0.03,0.979,0.92,0.25126050420168067,0.010175256620654508,0.1624254067992891,17.035331922499875,48.885627560363,0.78,0.54,0.03,0.979,0.92,0.041449785232543945,205.87354236063422,500.0,True,0.095
AOM_P,rev2_minus,0.78,0.5,0.03,0.979,0.92,0.2588235294117647,0.009974848511180157,0.16043883386479926,16.716692797826333,47.980687171948475,0.78,0.54,0.03,0.979,0.92,0.041449785232543945,205.87354236063422,500.0,True,0.095
AOM_P,rev2_minus,0.78,0.5,0.03,0.979,0.92,0.26638655462184874,0.00977941340220853,0.15846829265203924,16.404550245824975,47.09523723195308,0.78,0.54,0.03,0.979,0.92,0.041449785232543945,205.87354236063422,500.0,True,0.095
AOM_P,rev2_minus,0.78,0.5,0.03,0.979,0.92,0.2739495798319328,0.009588679429024291,0.15651305941028412,16.098578839814795,46.228214982403905,0.78,0.54,0.03,0.979,0.92,0.041449785232543945,205.87354236063422,500.0,True,0.095
AOM_P,rev2_minus,0.78,0.5,0.03,0.979,0.92,0.2815126050420168,0.009402450105579413,0.15457267768356117,15.798573310291316,45.379027531551735,0.78,0.54,0.03,0.979,0.92,0.041449785232543945,205.87354236063422,500.0,True,0.095
AOM_P,rev2_minus,0.78,0.5,0.03,0.979,0.92,0.2890756302521008,0.009220538314882872,0.15264669887400248,15.504334169095415,44.54709096250127,0.78,0.54,0.03,0.979,0.92,0.041449785232543945,205.87354236063422,500.0,True,0.095
AOM_P,rev2_minus,0.78,0.5,0.03,0.979,0.92,0.2966386554621849,0.009042712173048674,0.15073446143214145,15.215570286466733,43.7314305976055,0.78,0.54,0.03,0.979,0.92,0.041449785232543945,205.87354236063422,500.0,True,0.095
AOM_P,rev2_minus,0.78,0.5,0.03,0.979,0.92,0.30420168067226894,0.00886880231368024,0.14883554623278727,14.932097235958945,42.93150131613236,0.78,0.54,0.03,0.979,0.92,0.041449785232543945,205.87354236063422,500.0,True,0.095
AOM_P,rev2_minus,0.78,0.5,0.03,0.979,0.92,0.31176470588235294,0.008698662638540631,0.14694960865215836,14.653764513866543,42.146886152436856,0.78,0.54,0.03,0.979,0.92,0.041449785232543945,205.87354236063422,500.0,True,0.095
AOM_P,rev2_minus,0.78,0.5,0.03,0.979,0.92,0.31932773109243695,0.008532112144051827,0.14507612658363608,14.38034585207244,41.37683802228302,0.78,0.54,0.03,0.979,0.92,0.041449785232543945,205.87354236063422,500.0,True,0.095
AOM_P,rev2_minus,0.78,0.5,0.03,0.979,0.92,0.326890756302521,0.008368977664054292,0.1432145901855486,14.111620915287702,40.6206211616027,0.78,0.54,0.03,0.979,0.92,0.041449785232543945,205.87354236063422,500.0,True,0.095
AOM_P,rev2_minus,0.78,0.5,0.03,0.979,0.92,0.3344537815126051,0.008209136395775788,0.1413646896150672,13.847457347122432,39.87785887827487,0.78,0.54,0.03,0.979,0.92,0.041449785232543945,205.87354236063422,500.0,True,0.095
AOM_P,rev2_minus,0.78,0.5,0.03,0.979,0.92,0.3420168067226891,0.008052480475329447,0.13952616335077372,13.587744682059448,39.14825755930289,0.78,0.54,0.03,0.979,0.92,0.041449785232543945,205.87354236063422,500.0,True,0.095
AOM_P,rev2_minus,0.78,0.5,0.03,0.979,0.92,0.3495798319327731,0.007898867835890545,0.13769857905446528,13.33229974129782,38.43120586848946,0.78,0.54,0.03,0.979,0.92,0.041449785232543945,205.87354236063422,500.0,True,0.095
AOM_P,rev2_minus,0.78,0.5,0.03,0.979,0.92,0.3571428571428571,0.00774816975913892,0.13588155025313994,13.080959145115441,37.72616710637466,0.78,0.54,0.03,0.979,0.92,0.041449785232543945,205.87354236063422,500.0,True,0.095
AOM_P,rev2_minus,0.78,0.5,0.03,0.979,0.92,0.3647058823529412,0.007600291100040631,0.13407484855653887,12.83362385275523,37.03287692349184,0.78,0.54,0.03,0.979,0.92,0.041449785232543945,205.87354236063422,500.0,True,0.095
AOM_P,rev2_minus,0.78,0.5,0.03,0.979,0.92,0.3722689075630252,0.007455140278404163,0.13227824423738563,12.590195855470364,36.35106721694712,0.78,0.54,0.03,0.979,0.92,0.041449785232543945,205.87354236063422,500.0,True,0.095
AOM_P,rev2_minus,0.78,0.5,0.03,0.979,0.92,0.3798319327731092,0.007312601627026558,0.1304913629472787,12.350520164645811,35.68021142642692,0.78,0.54,0.03,0.979,0.92,0.041449785232543945,205.87354236063422,500.0,True,0.095
AOM_P,rev2_minus,0.78,0.5,0.03,0.979,0.92,0.38739495798319323,0.007172575731332553,0.12871389661277663,12.114469644827006,35.01989612340405,0.78,0.54,0.03,0.979,0.92,0.041449785232543945,205.87354236063422,500.0,True,0.095
AOM_P,rev2_minus,0.78,0.5,0.03,0.979,0.92,0.39495798319327735,0.007034993325594665,0.1269456730178617,11.881973943380228,34.36994900941649,0.78,0.54,0.03,0.979,0.92,0.041449785232543945,205.87354236063422,500.0,True,0.095
AOM_P,rev2_minus,0.78,0.5,0.03,0.979,0.92,0.40252100840336136,0.006899778037943019,0.1251864747497002,11.652944582069775,33.730113113017225,0.78,0.54,0.03,0.979,0.92,0.041449785232543945,205.87354236063422,500.0,True,0.095
AOM_P,rev2_minus,0.78,0.5,0.03,0.979,0.92,0.41008403361344536,0.0067668412713032785,0.12343601460067281,11.427264460167336,33.100000127253935,0.78,0.54,0.03,0.979,0.92,0.041449785232543945,205.87354236063422,500.0,True,0.095
AOM_P,rev2_minus,0.78,0.5,0.03,0.979,0.92,0.41764705882352937,0.006636092326486604,0.12169398022864963,11.204806932331953,32.479170759701354,0.78,0.54,0.03,0.979,0.92,0.041449785232543945,205.87354236063422,500.0,True,0.095
AOM_P,rev2_minus,0.78,0.5,0.03,0.979,0.92,0.4252100840336135,0.006507450865951538,0.11996010448738388,10.985463821861273,31.867262087924303,0.78,0.54,0.03,0.979,0.92,0.041449785232543945,205.87354236063422,500.0,True,0.095
AOM_P,rev2_minus,0.78,0.5,0.03,0.979,0.92,0.4327731092436975,0.006380865574495843,0.1182342704918129,10.769187521487314,31.26417991587079,0.78,0.54,0.03,0.979,0.92,0.041449785232543945,205.87354236063422,500.0,True,0.095
AOM_P,rev2_minus,0.78,0.5,0.03,0.979,0.92,0.4403361344537815,0.006256281285873601,0.11651633017691768,10.555918563633131,30.669771810829765,0.78,0.54,0.03,0.979,0.92,0.041449785232543945,205.87354236063422,500.0,True,0.095
AOM_P,rev2_minus,0.78,0.5,0.03,0.979,0.92,0.4478991596638655,0.006133629950188909,0.11480605444878772,10.345565419463332,30.08373457678141,0.78,0.54,0.03,0.979,0.92,0.041449785232543945,205.87354236063422,500.0,True,0.095
AOM_P,rev2_minus,0.78,0.5,0.03,0.979,0.92,0.4554621848739496,0.006012841983302342,0.11310319509168289,10.138029403588899,29.505726004484796,0.78,0.54,0.03,0.979,0.92,0.041449785232543945,205.87354236063422,500.0,True,0.095
AOM_P,rev2_minus,0.78,0.5,0.03,0.979,0.92,0.46302521008403363,0.005893854484929921,0.11140753364878593,9.933223818517153,28.935453686432037,0.78,0.54,0.03,0.979,0.92,0.041449785232543945,205.87354236063422,500.0,True,0.095
AOM_P,rev2_minus,0.78,0.5,0.03,0.979,0.92,0.47058823529411764,0.0057766266480543905,0.10971897264559358,9.731109872366138,28.372842223815084,0.78,0.54,0.03,0.979,0.92,0.041449785232543945,205.87354236063422,500.0,True,0.095
AOM_P,rev2_minus,0.78,0.5,0.03,0.979,0.92,0.47815126050420165,0.005661114669551,0.10803738953086206,9.531639362922787,27.817769216915426,0.78,0.54,0.03,0.979,0.92,0.041449785232543945,205.87354236063422,500.0,True,0.095
AOM_P,rev2_minus,0.78,0.5,0.03,0.979,0.92,0.48571428571428577,0.005547265054615531,0.10636259765528122,9.334739139008406,27.269992586259885,0.78,0.54,0.03,0.979,0.92,0.041449785232543945,205.87354236063422,500.0,True,0.095
AOM_P,rev2_minus,0.78,0.5,0.03,0.979,0.92,0.49327731092436977,0.00543502231771978,0.10469439081435473,9.140328904633975,26.729232290790378,0.78,0.54,0.03,0.979,0.92,0.041449785232543945,205.87354236063422,500.0,True,0.095
AOM_P,rev2_minus,0.78,0.5,0.03,0.979,0.92,0.5008403361344538,0.00532433548028056,0.10303258308115895,8.94833637502715,26.195241483915538,0.78,0.54,0.03,0.979,0.92,0.041449785232543945,205.87354236063422,500.0,True,0.095
AOM_P,rev2_minus,0.78,0.5,0.03,0.979,0.92,0.5084033613445378,0.005215173890660125,0.10137710528345774,8.758734169055368,25.667980194274637,0.78,0.54,0.03,0.979,0.92,0.041449785232543945,205.87354236063422,500.0,True,0.095
AOM_P,rev2_minus,0.78,0.5,0.03,0.979,0.92,0.5159663865546219,0.005107503374820889,0.09972786131439791,8.571485026257317,25.14735966592354,0.78,0.54,0.03,0.979,0.92,0.041449785232543945,205.87354236063422,500.0,True,0.095
AOM_P,rev2_minus,0.78,0.5,0.03,0.979,0.92,0.5235294117647059,0.005001280329025618,0.09808469239699708,8.386527975650486,24.6331766966876,0.78,0.54,0.03,0.979,0.92,0.041449785232543945,205.87354236063422,500.0,True,0.095
AOM_P,rev2_minus,0.78,0.5,0.03,0.979,0.92,0.5310924369747899,0.0048964593932950785,0.09644742175514581,8.203795524121494,24.12519267319001,0.78,0.54,0.03,0.979,0.92,0.041449785232543945,205.87354236063422,500.0,True,0.095
AOM_P,rev2_minus,0.78,0.5,0.03,0.979,0.92,0.5386554621848739,0.0047929979758026976,0.09481588464404524,8.023224889925427,23.623187942862682,0.78,0.54,0.03,0.979,0.92,0.041449785232543945,205.87354236063422,500.0,True,0.095
AOM_P,rev2_minus,0.78,0.5,0.03,0.979,0.92,0.546218487394958,0.004690871357203602,0.09319002785583223,7.844795398820515,23.127143143699012,0.78,0.54,0.03,0.979,0.92,0.041449785232543945,205.87354236063422,500.0,True,0.095
AOM_P,rev2_minus,0.78,0.5,0.03,0.979,0.92,0.553781512605042,0.0045900513567766026,0.09156977059122857,7.66847633880699,22.63698827140269,0.78,0.54,0.03,0.979,0.92,0.041449785232543945,205.87354236063422,500.0,True,0.095
AOM_P,rev2_minus,0.78,0.5,0.03,0.979,0.92,0.561344537815126,0.004490501608099175,0.08995497349116538,7.494215175432903,22.152544895897393,0.78,0.54,0.03,0.979,0.92,0.041449785232543945,205.87354236063422,500.0,True,0.095
AOM_P,rev2_minus,0.78,0.5,0.03,0.979,0.92,0.5689075630252101,0.00439218768057406,0.08834550521081079,7.321962511046612,21.6736467756618,0.78,0.54,0.03,0.979,0.92,0.041449785232543945,205.87354236063422,500.0,True,0.095
AOM_P,rev2_minus,0.78,0.5,0.03,0.979,0.92,0.5764705882352942,0.004295074886414376,0.08674122768715108,7.1516666151691854,21.20011299479623,0.78,0.54,0.03,0.979,0.92,0.041449785232543945,205.87354236063422,500.0,True,0.095
AOM_P,rev2_minus,0.78,0.5,0.03,0.979,0.92,0.5840336134453782,0.00419912587911206,0.08514197986213204,6.98326735194101,20.73171784784184,0.78,0.54,0.03,0.979,0.92,0.041449785232543945,205.87354236063422,500.0,True,0.095
AOM_P,rev2_minus,0.78,0.5,0.03,0.979,0.92,0.5915966386554622,0.004104314369446705,0.08354767233250117,6.816731266539076,20.268364983088393,0.78,0.54,0.03,0.979,0.92,0.041449785232543945,205.87354236063422,500.0,True,0.095
AOM_P,rev2_minus,0.78,0.5,0.03,0.979,0.92,0.5991596638655462,0.0040106285921754446,0.0819583118502001,6.652060802497907,19.810134403280568,0.78,0.54,0.03,0.979,0.92,0.041449785232543945,205.87354236063422,500.0,True,0.095
AOM_P,rev2_minus,0.78,0.5,0.03,0.979,0.92,0.6067226890756302,0.00391803955639844,0.08037378298253754,6.489213268691363,19.35688037483943,0.78,0.54,0.03,0.979,0.92,0.041449785232543945,205.87354236063422,500.0,True,0.095
AOM_P,rev2_minus,0.78,0.5,0.03,0.979,0.92,0.6142857142857142,0.0038265197003699183,0.07879397646910043,6.328148348603199,18.90846651019219,0.78,0.54,0.03,0.979,0.92,0.041449785232543945,205.87354236063422,500.0,True,0.095
AOM_P,rev2_minus,0.78,0.5,0.03,0.979,0.92,0.6218487394957983,0.0037360428046461177,0.0772187888496686,6.1688279592808914,18.46476523734666,0.78,0.54,0.03,0.979,0.92,0.041449785232543945,205.87354236063422,500.0,True,0.095
AOM_P,rev2_minus,0.78,0.5,0.03,0.979,0.92,0.6294117647058823,0.003646579112712876,0.07564808754491363,6.011203660357766,18.025593959255982,0.78,0.54,0.03,0.979,0.92,0.041449785232543945,205.87354236063422,500.0,True,0.095
AOM_P,rev2_minus,0.78,0.5,0.03,0.979,0.92,0.6369747899159663,0.0035580992411220922,0.0740817391709803,5.8552268256100595,17.590766705236188,0.78,0.54,0.03,0.979,0.92,0.041449785232543945,205.87354236063422,500.0,True,0.095
AOM_P,rev2_minus,0.78,0.5,0.03,0.979,0.92,0.6445378151260504,0.0034705993896073963,0.07251979138878237,5.700914177728043,17.160427506615346,0.78,0.54,0.03,0.979,0.92,0.041449785232543945,205.87354236063422,500.0,True,0.095
AOM_P,rev2_minus,0.78,0.5,0.03,0.979,0.92,0.6521008403361345,0.0033840566983159796,0.07096215188817685,5.548232245356646,16.734464387500886,0.78,0.54,0.03,0.979,0.92,0.041449785232543945,205.87354236063422,500.0,True,0.095
AOM_P,rev2_minus,0.78,0.5,0.03,0.979,0.92,0.6596638655462185,0.003298448615660771,0.06940872765520567,5.397147390066309,16.312762517713892,0.78,0.54,0.03,0.979,0.92,0.041449785232543945,205.87354236063422,500.0,True,0.095
AOM_P,rev2_minus,0.78,0.5,0.03,0.979,0.92,0.6672268907563025,0.0032137536135649685,0.06785943028552663,5.247627715240595,15.895214025511875,0.78,0.54,0.03,0.979,0.92,0.041449785232543945,205.87354236063422,500.0,True,0.095
AOM_P,rev2_minus,0.78,0.5,0.03,0.979,0.92,0.6747899159663865,0.003129948811616605,0.06631415875291578,5.099636903662437,15.481686068024448,0.78,0.54,0.03,0.979,0.92,0.041449785232543945,205.87354236063422,500.0,True,0.095
AOM_P,rev2_minus,0.78,0.5,0.03,0.979,0.92,0.6823529411764706,0.003047009876210761,0.0647727987788728,4.953133973550524,15.072019554385239,0.78,0.54,0.03,0.979,0.92,0.041449785232543945,205.87354236063422,500.0,True,0.095
AOM_P,rev2_minus,0.78,0.5,0.03,0.979,0.92,0.6899159663865546,0.002964927509680309,0.06323534368240444,4.808116460267713,14.666253876823939,0.78,0.54,0.03,0.979,0.92,0.041449785232543945,205.87354236063422,500.0,True,0.095
AOM_P,rev2_minus,0.78,0.5,0.03,0.979,0.92,0.6974789915966386,0.002883686897174075,0.06170174435129945,4.6645669001363,14.264349524424992,0.78,0.54,0.03,0.979,0.92,0.041449785232543945,205.87354236063422,500.0,True,0.095
AOM_P,rev2_minus,0.78,0.5,0.03,0.979,0.92,0.7050420168067226,0.00280326942753188,0.060171921700020864,4.522457189714616,13.866210081470808,0.78,0.54,0.03,0.979,0.92,0.041449785232543945,205.87354236063422,500.0,True,0.095
AOM_P,rev2_minus,0.78,0.5,0.03,0.979,0.92,0.7126050420168067,0.0027236572804349617,0.05864580032630862,4.381760596497177,13.471744678504466,0.78,0.54,0.03,0.979,0.92,0.041449785232543945,205.87354236063422,500.0,True,0.095
AOM_P,rev2_minus,0.78,0.5,0.03,0.979,0.92,0.7201680672268908,0.0026448325391551612,0.05712330214499427,4.242449502588254,13.080856134302534,0.78,0.54,0.03,0.979,0.92,0.041449785232543945,205.87354236063422,500.0,True,0.095
AOM_P,rev2_minus,0.78,0.5,0.03,0.979,0.92,0.7277310924369748,0.0025667758789335742,0.0556043368931762,4.104492033112909,12.69342310970889,0.78,0.54,0.03,0.979,0.92,0.041449785232543945,205.87354236063422,500.0,True,0.095
AOM_P,rev2_minus,0.78,0.5,0.03,0.979,0.92,0.7352941176470588,0.0024894740403758205,0.05408885675869952,3.967871385067859,12.309402574823826,0.78,0.54,0.03,0.979,0.92,0.041449785232543945,205.87354236063422,500.0,True,0.095
AOM_P,rev2_minus,0.78,0.5,0.03,0.979,0.92,0.7428571428571429,0.0024129174841915945,0.05257683955554853,3.8325799356891097,11.928799269601774,0.78,0.54,0.03,0.979,0.92,0.041449785232543945,205.87354236063422,500.0,True,0.095
AOM_P,rev2_minus,0.78,0.5,0.03,0.979,0.92,0.7504201680672269,0.0023370908087885054,0.051068218727139195,3.6985944172596414,11.551533813897972,0.78,0.54,0.03,0.979,0.92,0.041449785232543945,205.87354236063422,500.0,True,0.095
AOM_P,rev2_minus,0.78,0.5,0.03,0.979,0.92,0.7579831932773109,0.0022619792278630786,0.04956293065411224,3.5658926432954274,11.17753126166463,0.78,0.54,0.03,0.979,0.92,0.041449785232543945,205.87354236063422,500.0,True,0.095
AOM_P,rev2_minus,0.78,0.5,0.03,0.979,0.92,0.7655462184873949,0.002187568460566849,0.04806091393087813,3.4344532516055195,10.80671979433004,0.78,0.54,0.03,0.979,0.92,0.041449785232543945,205.87354236063422,500.0,True,0.095
AOM_P,rev2_minus,0.78,0.5,0.03,0.979,0.92,0.773109243697479,0.002113844118855577,0.04656210496044429,3.3042541439132616,10.439022350526077,0.78,0.54,0.03,0.979,0.92,0.041449785232543945,205.87354236063422,500.0,True,0.095
AOM_P,rev2_minus,0.78,0.5,0.03,0.979,0.92,0.780672268907563,0.0020407919882913486,0.045066440056932,3.1752732225676046,10.074360626973707,0.78,0.54,0.03,0.979,0.92,0.041449785232543945,205.87354236063422,500.0,True,0.095
AOM_P,rev2_minus,0.78,0.5,0.03,0.979,0.92,0.788235294117647,0.001968402983326237,0.043573891785046455,3.0475012551198484,9.712724857878678,0.78,0.54,0.03,0.979,0.92,0.041449785232543945,205.87354236063422,500.0,True,0.095
AOM_P,rev2_minus,0.78,0.5,0.03,0.979,0.92,0.795798319327731,0.0018966644263674684,0.04208440538250282,2.9209193911588973,9.354052429318875,0.78,0.54,0.03,0.979,0.92,0.041449785232543945,205.87354236063422,500.0,True,0.095
AOM_P,rev2_minus,0.78,0.5,0.03,0.979,0.92,0.8033613445378152,0.0018255648643266723,0.04059793341757168,2.795511421497393,8.998293565247822,0.78,0.54,0.03,0.979,0.92,0.041449785232543945,205.87354236063422,500.0,True,0.095
AOM_P,rev2_minus,0.78,0.5,0.03,0.979,0.92,0.8109243697478992,0.001755092640118868,0.03911442626164946,2.671260384431895,8.645393839052984,0.78,0.54,0.03,0.979,0.92,0.041449785232543945,205.87354236063422,500.0,True,0.095
AOM_P,rev2_minus,0.78,0.5,0.03,0.979,0.92,0.8184873949579832,0.0016852360990229894,0.037633833490618974,2.5481490570085708,8.295296698087789,0.78,0.54,0.03,0.979,0.92,0.041449785232543945,205.87354236063422,500.0,True,0.095
AOM_P,rev2_minus,0.78,0.5,0.03,0.979,0.92,0.8260504201680672,0.0016159847592056892,0.03615611172545938,2.4261626872068223,7.947957525299688,0.78,0.54,0.03,0.979,0.92,0.041449785232543945,205.87354236063422,500.0,True,0.095
AOM_P,rev2_minus,0.78,0.5,0.03,0.979,0.92,0.8336134453781512,0.0015473274516424093,0.03468121222505389,2.3052847719488567,7.6033219669341605,0.78,0.54,0.03,0.979,0.92,0.041449785232543945,205.87354236063422,500.0,True,0.095
AOM_P,rev2_minus,0.78,0.5,0.03,0.979,0.92,0.8411764705882353,0.0014792537712579774,0.033209090920685,2.185500274218457,7.261343083213527,0.78,0.54,0.03,0.979,0.92,0.041449785232543945,205.87354236063422,500.0,True,0.095
AOM_P,rev2_minus,0.78,0.5,0.03,0.979,0.92,0.8487394957983193,0.001411753462060411,0.03173970387668859,2.066794364296188,6.921973983547992,0.78,0.54,0.03,0.979,0.92,0.041449785232543945,205.87354236063422,500.0,True,0.095
AOM_P,rev2_minus,0.78,0.5,0.03,0.979,0.92,0.8563025210084033,0.0013448163737249243,0.030273006958685497,1.9491523342385912,6.585167311067608,0.78,0.54,0.03,0.979,0.92,0.041449785232543945,205.87354236063422,500.0,True,0.095
AOM_P,rev2_minus,0.78,0.5,0.03,0.979,0.92,0.8638655462184873,0.001278432587278553,0.028808957444811222,1.8325595949981321,6.250878901570216,0.78,0.54,0.03,0.979,0.92,0.041449785232543945,205.87354236063422,500.0,True,0.095
AOM_P,rev2_minus,0.78,0.5,0.03,0.979,0.92,0.8714285714285714,0.0012125922759286514,0.027347512167406225,1.717001610002524,5.919064610959764,0.78,0.54,0.03,0.979,0.92,0.041449785232543945,205.87354236063422,500.0,True,0.095
AOM_P,rev2_minus,0.78,0.5,0.03,0.979,0.92,0.8789915966386554,0.001147285655419143,0.02588862745067338,1.602463610360695,5.589681210955152,0.78,0.54,0.03,0.979,0.92,0.041449785232543945,205.87354236063422,500.0,True,0.095
AOM_P,rev2_minus,0.78,0.5,0.03,0.979,0.92,0.8865546218487395,0.0010825029889870372,0.02443225920589784,1.488930540607625,5.262686768565776,0.78,0.54,0.03,0.979,0.92,0.041449785232543945,205.87354236063422,500.0,True,0.095
AOM_P,rev2_minus,0.78,0.5,0.03,0.979,0.92,0.8941176470588235,0.0010182344965880652,0.022978361894014327,1.37638669667043,4.938040501898875,0.78,0.54,0.03,0.979,0.92,0.041449785232543945,205.87354236063422,500.0,True,0.095
AOM_P,rev2_minus,0.78,0.5,0.03,0.979,0.92,0.9016806722689076,0.0009544700743687654,0.021526883473929566,1.2648146740899473,4.6157029060205925,0.78,0.54,0.03,0.979,0.92,0.041449785232543945,205.87354236063422,500.0,True,0.095
AOM_P,rev2_minus,0.78,0.5,0.03,0.979,0.92,0.9092436974789916,0.0008911989087352404,0.020077758216912774,1.1541939420413303,4.295636842115576,0.78,0.54,0.03,0.979,0.92,0.041449785232543945,205.87354236063422,500.0,True,0.095
AOM_P,rev2_minus,0.78,0.5,0.03,0.979,0.92,0.9168067226890756,0.0008284092611872158,0.018630902398826796,1.0444999975138423,3.9778075752385904,0.78,0.54,0.03,0.979,0.92,0.041449785232543945,205.87354236063422,500.0,True,0.095
AOM_P,rev2_minus,0.78,0.5,0.03,0.979,0.92,0.9243697478991596,0.0007660877979672717,0.017186201204283963,0.9357021428740606,3.6621858002932246,0.78,0.54,0.03,0.979,0.92,0.041449785232543945,205.87354236063422,500.0,True,0.095
AOM_P,rev2_minus,0.78,0.5,0.03,0.979,0.92,0.9319327731092437,0.0007042181985718807,0.015743477124213232,0.8277597379076181,3.348747283784234,0.78,0.54,0.03,0.979,0.92,0.041449785232543945,205.87354236063422,500.0,True,0.095
AOM_P,rev2_minus,0.78,0.5,0.03,0.979,0.92,0.9394957983193277,0.0006427788571868904,0.014302432642853512,0.720616643345295,3.0374683491914203,0.78,0.54,0.03,0.979,0.92,0.041449785232543945,205.87354236063422,500.0,True,0.095
AOM_P,rev2_minus,0.78,0.5,0.03,0.979,0.92,0.9470588235294117,0.0005817400599885818,0.012862578248777486,0.614195156240799,2.728317884798608,0.78,0.54,0.03,0.979,0.92,0.041449785232543945,205.87354236063422,500.0,True,0.095
AOM_P,rev2_minus,0.78,0.5,0.03,0.979,0.92,0.9546218487394957,0.0005210572918124763,0.011423050939971629,0.5083830000683532,2.4211837808790224,0.78,0.54,0.03,0.979,0.92,0.041449785232543945,205.87354236063422,500.0,True,0.095
AOM_P,rev2_minus,0.78,0.5,0.03,0.979,0.92,0.9621848739495799,0.0004606597316852145,0.009982247229085328,0.40298655585884985,2.1154834872629222,0.78,0.54,0.03,0.979,0.92,0.041449785232543945,205.87354236063422,500.0,True,0.095
AOM_P,rev2_minus,0.78,0.5,0.03,0.979,0.92,0.9697478991596639,0.0004004122737916238,0.008536704067188306,0.2975531812403673,1.808600251229447,0.78,0.54,0.03,0.979,0.92,0.041449785232543945,205.87354236063422,500.0,True,0.095
AOM_P,rev2_minus,0.78,0.5,0.03,0.979,0.92,0.9773109243697479,0.000339936504689134,0.007076504037453525,0.19066366706190518,1.4898343560975695,0.78,0.54,0.03,0.979,0.92,0.041449785232543945,205.87354236063422,500.0,True,0.095
AOM_P,rev2_minus,0.78,0.5,0.03,0.979,0.92,0.9848739495798319,0.00027728923402153854,0.00555900214646419,0.07823521496647175,1.1213404859262763,0.78,0.54,0.03,0.979,0.92,0.041449785232543945,205.87354236063422,500.0,True,0.095
AOM_P,rev2_minus,0.78,0.5,0.03,0.979,0.92,0.992436974789916,0.00019836102052411272,0.003744229011845558,-0.04000411953296481,0.6076097318618816,0.78,0.54,0.03,0.979,0.92,0.041449785232543945,205.87354236063422,500.0,True,0.095
AOM_P,rev2_minus,0.78,0.5,0.03,0.979,0.92,1.0,0.0,0.0,0.0,0.0,0.78,0.54,0.03,0.979,0.92,0.041449785232543945,205.87354236063422,500.0,True,0.095
AOM_P,rev3_plus,0.78,0.54,0.05,0.979,0.92,0.1,0.011911905571709137,0.20738832172212704,26.09079499368883,74.20729766850599,0.78,0.54,0.03,0.979,0.92,0.04295086860656738,205.87368894058082,500.0,True,0.095
AOM_P,rev3_plus,0.78,0.54,0.05,0.979,0.92,0.10756302521008404,0.011608030984497619,0.2049774891771117,25.530947823556144,72.53546141461759,0.78,0.54,0.03,0.979,0.92,0.04295086860656738,205.87368894058082,500.0,True,0.095
AOM_P,rev3_plus,0.78,0.54,0.05,0.979,0.92,0.11512605042016807,0.01131922634130787,0.20260602364300226,24.99231522029176,70.93160962819712,0.78,0.54,0.03,0.979,0.92,0.04295086860656738,205.87368894058082,500.0,True,0.095
AOM_P,rev3_plus,0.78,0.54,0.05,0.979,0.92,0.12268907563025211,0.01104405580628158,0.20027106842690176,24.473128501023652,69.39002049630062,0.78,0.54,0.03,0.979,0.92,0.04295086860656738,205.87368894058082,500.0,True,0.095
AOM_P,rev3_plus,0.78,0.54,0.05,0.979,0.92,0.13025210084033614,0.0107812833011706,0.197970047358256,23.971837578024434,67.9056615262292,0.78,0.54,0.03,0.979,0.92,0.04295086860656738,205.87368894058082,500.0,True,0.095
AOM_P,rev3_plus,0.78,0.54,0.05,0.979,0.92,0.13781512605042018,0.01052971621296866,0.19570033414169674,23.48687951586747,66.47334428303137,0.78,0.54,0.03,0.979,0.92,0.04295086860656738,205.87368894058082,500.0,True,0.095
AOM_P,rev3_plus,0.78,0.54,0.05,0.979,0.92,0.1453781512605042,0.010288478968905253,0.19346012590972406,23.017179963051504,65.08965788654159,0.78,0.54,0.03,0.979,0.92,0.04295086860656738,205.87368894058082,500.0,True,0.095
AOM_P,rev3_plus,0.78,0.54,0.05,0.979,0.92,0.15294117647058825,0.010056725364028176,0.1912475467247606,22.56164424116807,63.75102884480098,0.78,0.54,0.03,0.979,0.92,0.04295086860656738,205.87368894058082,500.0,True,0.095
AOM_P,rev3_plus,0.78,0.54,0.05,0.979,0.92,0.16050420168067228,0.009833773845740024,0.18906112453439297,22.119412227200797,62.4547156208193,0.78,0.54,0.03,0.979,0.92,0.04295086860656738,205.87368894058082,500.0,True,0.095
AOM_P,rev3_plus,0.78,0.54,0.05,0.979,0.92,0.16806722689075632,0.009618985529826672,0.186899402857368,21.68964939233693,61.198011509894705,0.78,0.54,0.03,0.979,0.92,0.04295086860656738,205.87368894058082,500.0,True,0.095
AOM_P,rev3_plus,0.78,0.54,0.05,0.979,0.92,0.17563025210084032,0.009411778759666315,0.18476104449927577,21.271597637792805,59.97847109544499,0.78,0.54,0.03,0.979,0.92,0.04295086860656738,205.87368894058082,500.0,True,0.095
AOM_P,rev3_plus,0.78,0.54,0.05,0.979,0.92,0.18319327731092439,0.009211644327562326,0.18264486817369974,20.864594093217647,58.793970782613194,0.78,0.54,0.03,0.979,0.92,0.04295086860656738,205.87368894058082,500.0,True,0.095
AOM_P,rev3_plus,0.78,0.54,0.05,0.979,0.92,0.1907563025210084,0.00901803750880314,0.18054947591914164,20.467864925584088,57.64189548934065,0.78,0.54,0.03,0.979,0.92,0.04295086860656738,205.87368894058082,500.0,True,0.095
AOM_P,rev3_plus,0.78,0.54,0.05,0.979,0.92,0.19831932773109245,0.008830568909374965,0.17847395330177593,20.08090448372329,56.52065066871861,0.78,0.54,0.03,0.979,0.92,0.04295086860656738,205.87368894058082,500.0,True,0.095
AOM_P,rev3_plus,0.78,0.54,0.05,0.979,0.92,0.20588235294117646,0.008648894142504067,0.17641748466002172,19.703266806314346,55.42884322889588,0.78,0.54,0.03,0.979,0.92,0.04295086860656738,205.87368894058082,500.0,True,0.095
AOM_P,rev3_plus,0.78,0.54,0.05,0.979,0.92,0.21344537815126052,0.008472613923386444,0.1743789887159071,19.33436956490531,54.3645000201164,0.78,0.54,0.03,0.979,0.92,0.04295086860656738,205.87368894058082,500.0,True,0.095
AOM_P,rev3_plus,0.78,0.54,0.05,0.979,0.92,0.22100840336134453,0.008301441943006582,0.1723578016438737,18.973847062441447,53.32650189376296,0.78,0.54,0.03,0.979,0.92,0.04295086860656738,205.87368894058082,500.0,True,0.095
AOM_P,rev3_plus,0.78,0.54,0.05,0.979,0.92,0.22857142857142856,0.00813510051209193,0.17035323042807893,18.621325656623018,52.31366560802974,0.78,0.54,0.03,0.979,0.92,0.04295086860656738,205.87368894058082,500.0,True,0.095
AOM_P,rev3_plus,0.78,0.54,0.05,0.979,0.92,0.2361344537815126,0.007973298081071903,0.16836446007775863,18.276376759544327,51.32455343033308,0.78,0.54,0.03,0.979,0.92,0.04295086860656738,205.87368894058082,500.0,True,0.095
AOM_P,rev3_plus,0.78,0.54,0.05,0.979,0.92,0.24369747899159663,0.007815813520075161,0.16639092387549848,17.93870353887326,50.35824493813119,0.78,0.54,0.03,0.979,0.92,0.04295086860656738,205.87368894058082,500.0,True,0.095
AOM_P,rev3_plus,0.78,0.54,0.05,0.979,0.92,0.25126050420168067,0.007662425472064917,0.1644320185580852,17.607992625257623,49.413729753822935,0.78,0.54,0.03,0.979,0.92,0.04295086860656738,205.87368894058082,500.0,True,0.095
AOM_P,rev3_plus,0.78,0.54,0.05,0.979,0.92,0.2588235294117647,0.007512880156836665,0.1624869643118667,17.283842677791977,48.489608302511925,0.78,0.54,0.03,0.979,0.92,0.04295086860656738,205.87368894058082,500.0,True,0.095
AOM_P,rev3_plus,0.78,0.54,0.05,0.979,0.92,0.26638655462184874,0.007366999910316328,0.16055529186675765,16.96601030724573,47.58512446876154,0.78,0.54,0.03,0.979,0.92,0.04295086860656738,205.87368894058082,500.0,True,0.095
AOM_P,rev3_plus,0.78,0.54,0.05,0.979,0.92,0.2739495798319328,0.007224637525254753,0.1586366384823648,16.65430806737486,46.699740411228696,0.78,0.54,0.03,0.979,0.92,0.04295086860656738,205.87368894058082,500.0,True,0.095
AOM_P,rev3_plus,0.78,0.54,0.05,0.979,0.92,0.2815126050420168,0.007085604256201912,0.15673041863012013,16.348440069862477,45.832443331595584,0.78,0.54,0.03,0.979,0.92,0.04295086860656738,205.87368894058082,500.0,True,0.095
AOM_P,rev3_plus,0.78,0.54,0.05,0.979,0.92,0.2890756302521008,0.006949737773863466,0.1548361445070165,16.048159733188058,44.9824131161038,0.78,0.54,0.03,0.979,0.92,0.04295086860656738,205.87368894058082,500.0,True,0.095
AOM_P,rev3_plus,0.78,0.54,0.05,0.979,0.92,0.2966386554621849,0.0068169191691620805,0.15295351053883072,15.75331128343325,44.14920253859131,0.78,0.54,0.03,0.979,0.92,0.04295086860656738,205.87368894058082,500.0,True,0.095
AOM_P,rev3_plus,0.78,0.54,0.05,0.979,0.92,0.30420168067226894,0.006687022096607181,0.15108215305599193,15.463712698777107,43.3322405100389,0.78,0.54,0.03,0.979,0.92,0.04295086860656738,205.87368894058082,500.0,True,0.095
AOM_P,rev3_plus,0.78,0.54,0.05,0.979,0.92,0.31176470588235294,0.006559894527962954,0.14922155797135928,15.179110692759052,42.53063456580206,0.78,0.54,0.03,0.979,0.92,0.04295086860656738,205.87368894058082,500.0,True,0.095
AOM_P,rev3_plus,0.78,0.54,0.05,0.979,0.92,0.31932773109243695,0.006435427140435056,0.1473714115539624,14.899349479713516,41.74390614707794,0.78,0.54,0.03,0.979,0.92,0.04295086860656738,205.87368894058082,500.0,True,0.095
AOM_P,rev3_plus,0.78,0.54,0.05,0.979,0.92,0.326890756302521,0.006313529970467154,0.14553148075392752,14.624313402032351,40.97174139434411,0.78,0.54,0.03,0.979,0.92,0.04295086860656738,205.87368894058082,500.0,True,0.095
AOM_P,rev3_plus,0.78,0.54,0.05,0.979,0.92,0.3344537815126051,0.006194088320120529,0.1437013833750423,14.353816441328766,40.21350633867684,0.78,0.54,0.03,0.979,0.92,0.04295086860656738,205.87368894058082,500.0,True,0.095
AOM_P,rev3_plus,0.78,0.54,0.05,0.979,0.92,0.3420168067226891,0.006076982258332873,0.14188069144474594,14.087651527002896,39.46846157033824,0.78,0.54,0.03,0.979,0.92,0.04295086860656738,205.87368894058082,500.0,True,0.095
AOM_P,rev3_plus,0.78,0.54,0.05,0.979,0.92,0.3495798319327731,0.005962123381067567,0.14006912856375622,13.825684769830819,38.73618163744493,0.78,0.54,0.03,0.979,0.92,0.04295086860656738,205.87368894058082,500.0,True,0.095
AOM_P,rev3_plus,0.78,0.54,0.05,0.979,0.92,0.3571428571428571,0.005849449664610353,0.13826654464912083,13.56784351824898,38.01650458975724,0.78,0.54,0.03,0.979,0.92,0.04295086860656738,205.87368894058082,500.0,True,0.095
AOM_P,rev3_plus,0.78,0.54,0.05,0.979,0.92,0.3647058823529412,0.005738877071464514,0.1364726599927987,13.313993929640544,37.30898946789601,0.78,0.54,0.03,0.979,0.92,0.04295086860656738,205.87368894058082,500.0,True,0.095
AOM_P,rev3_plus,0.78,0.54,0.05,0.979,0.92,0.3722689075630252,0.005630313859864691,0.1346871321853677,13.063974549946268,36.61306033981916,0.78,0.54,0.03,0.979,0.92,0.04295086860656738,205.87368894058082,500.0,True,0.095
AOM_P,rev3_plus,0.78,0.54,0.05,0.979,0.92,0.3798319327731092,0.005523684585757076,0.1329097062833944,12.81766382449218,35.928315270403594,0.78,0.54,0.03,0.979,0.92,0.04295086860656738,205.87368894058082,500.0,True,0.095
AOM_P,rev3_plus,0.78,0.54,0.05,0.979,0.92,0.38739495798319323,0.0054189361559231885,0.1311402564176211,12.574998525295301,35.2546133888539,0.78,0.54,0.03,0.979,0.92,0.04295086860656738,205.87368894058082,500.0,True,0.095
AOM_P,rev3_plus,0.78,0.54,0.05,0.979,0.92,0.39495798319327735,0.005316005904648974,0.12937857947693548,12.335882455960885,34.59165525675832,0.78,0.54,0.03,0.979,0.92,0.04295086860656738,205.87368894058082,500.0,True,0.095
AOM_P,rev3_plus,0.78,0.54,0.05,0.979,0.92,0.40252100840336136,0.0052148207040875446,0.12762439321359262,12.100184787124237,33.93897427256305,0.78,0.54,0.03,0.979,0.92,0.04295086860656738,205.87368894058082,500.0,True,0.095
AOM_P,rev3_plus,0.78,0.54,0.05,0.979,0.92,0.41008403361344536,0.005115315489566464,0.12587745348142212,11.867792509979742,33.29617857714045,0.78,0.54,0.03,0.979,0.92,0.04295086860656738,205.87368894058082,500.0,True,0.095
AOM_P,rev3_plus,0.78,0.54,0.05,0.979,0.92,0.41764705882352937,0.00501744749432756,0.1241376409045261,11.63865006664357,32.663135194523164,0.78,0.54,0.03,0.979,0.92,0.04295086860656738,205.87368894058082,500.0,True,0.095
AOM_P,rev3_plus,0.78,0.54,0.05,0.979,0.92,0.4252100840336135,0.004921171918383919,0.12240481580307372,11.4126931909402,32.03966650151379,0.78,0.54,0.03,0.979,0.92,0.04295086860656738,205.87368894058082,500.0,True,0.095
AOM_P,rev3_plus,0.78,0.54,0.05,0.979,0.92,0.4327731092436975,0.004826431925059557,0.12067875838534875,11.18982137203872,31.42542235098724,0.78,0.54,0.03,0.979,0.92,0.04295086860656738,205.87368894058082,500.0,True,0.095
AOM_P,rev3_plus,0.78,0.54,0.05,0.979,0.92,0.4403361344537815,0.004733174586710481,0.11895926505703078,10.969941734929346,30.820082380116826,0.78,0.54,0.03,0.979,0.92,0.04295086860656738,205.87368894058082,500.0,True,0.095
AOM_P,rev3_plus,0.78,0.54,0.05,0.979,0.92,0.4478991596638655,0.004641339477048158,0.11724607162616345,10.752935066578441,30.223194214968313,0.78,0.54,0.03,0.979,0.92,0.04295086860656738,205.87368894058082,500.0,True,0.095
AOM_P,rev3_plus,0.78,0.54,0.05,0.979,0.92,0.4554621848739496,0.0045508819749447964,0.11553901262089844,10.538726127676638,29.63450961130803,0.78,0.54,0.03,0.979,0.92,0.04295086860656738,205.87368894058082,500.0,True,0.095
AOM_P,rev3_plus,0.78,0.54,0.05,0.979,0.92,0.46302521008403363,0.004461783646562742,0.11383809298178674,10.327315415029883,29.054137718777366,0.78,0.54,0.03,0.979,0.92,0.04295086860656738,205.87368894058082,500.0,True,0.095
AOM_P,rev3_plus,0.78,0.54,0.05,0.979,0.92,0.47058823529411764,0.004374000729267074,0.11214313826462685,10.118624682229084,28.48180820026607,0.78,0.54,0.03,0.979,0.92,0.04295086860656738,205.87368894058082,500.0,True,0.095
AOM_P,rev3_plus,0.78,0.54,0.05,0.979,0.92,0.47815126050420165,0.004287491368200308,0.11045398006233936,9.91257861211148,27.91725999612095,0.78,0.54,0.03,0.979,0.92,0.04295086860656738,205.87368894058082,500.0,True,0.095
AOM_P,rev3_plus,0.78,0.54,0.05,0.979,0.92,0.48571428571428577,0.0042022115779916215,0.10877042695909475,9.709092294701254,27.360180316760133,0.78,0.54,0.03,0.979,0.92,0.04295086860656738,205.87368894058082,500.0,True,0.095
AOM_P,rev3_plus,0.78,0.54,0.05,0.979,0.92,0.49327731092436977,0.00411812114095312,0.1070923077602484,9.508089847196352,26.810295615679653,0.78,0.54,0.03,0.979,0.92,0.04295086860656738,205.87368894058082,500.0,True,0.095
AOM_P,rev3_plus,0.78,0.54,0.05,0.979,0.92,0.5008403361344538,0.004035197095662424,0.10541956993528295,9.309546988018317,26.267580306809016,0.78,0.54,0.03,0.979,0.92,0.04295086860656738,205.87368894058082,500.0,True,0.095
AOM_P,rev3_plus,0.78,0.54,0.05,0.979,0.92,0.5084033613445378,0.003953413342327225,0.1037521325910284,9.113427592952114,25.731948405274096,0.78,0.54,0.03,0.979,0.92,0.04295086860656738,205.87368894058082,500.0,True,0.095
AOM_P,rev3_plus,0.78,0.54,0.05,0.979,0.92,0.5159663865546219,0.003872736143474754,0.1020898539125345,8.919669462966189,25.203183067511613,0.78,0.54,0.03,0.979,0.92,0.04295086860656738,205.87368894058082,500.0,True,0.095
AOM_P,rev3_plus,0.78,0.54,0.05,0.979,0.92,0.5235294117647059,0.0037931330721211413,0.10043259615760014,8.728212409499656,24.68107352970246,0.78,0.54,0.03,0.979,0.92,0.04295086860656738,205.87368894058082,500.0,True,0.095
AOM_P,rev3_plus,0.78,0.54,0.05,0.979,0.92,0.5310924369747899,0.003714568471259627,0.09878019185191385,8.538983936157003,24.165344138653428,0.78,0.54,0.03,0.979,0.92,0.04295086860656738,205.87368894058082,500.0,True,0.095
AOM_P,rev3_plus,0.78,0.54,0.05,0.979,0.92,0.5386554621848739,0.003637014331217462,0.09713252600427948,8.351933950300335,23.655826953859755,0.78,0.54,0.03,0.979,0.92,0.04295086860656738,205.87368894058082,500.0,True,0.095
AOM_P,rev3_plus,0.78,0.54,0.05,0.979,0.92,0.546218487394958,0.0035604598247985135,0.0954896084628739,8.16706540538184,23.152615026685105,0.78,0.54,0.03,0.979,0.92,0.04295086860656738,205.87368894058082,500.0,True,0.095
AOM_P,rev3_plus,0.78,0.54,0.05,0.979,0.92,0.553781512605042,0.003484876984210876,0.09385131595506269,7.984325303415005,22.65552137291963,0.78,0.54,0.03,0.979,0.92,0.04295086860656738,205.87368894058082,500.0,True,0.095
AOM_P,rev3_plus,0.78,0.54,0.05,0.979,0.92,0.561344537815126,0.0034102393502438693,0.09221753240946783,7.803663857877041,22.164371971828118,0.78,0.54,0.03,0.979,0.92,0.04295086860656738,205.87368894058082,500.0,True,0.095
AOM_P,rev3_plus,0.78,0.54,0.05,0.979,0.92,0.5689075630252101,0.003336518590174478,0.09058812188809004,7.625023201803025,21.678948198751616,0.78,0.54,0.03,0.979,0.92,0.04295086860656738,205.87368894058082,500.0,True,0.095
AOM_P,rev3_plus,0.78,0.54,0.05,0.979,0.92,0.5764705882352942,0.0032636878041108256,0.08896295561444852,7.448348616563913,21.199044319312566,0.78,0.54,0.03,0.979,0.92,0.04295086860656738,205.87368894058082,500.0,True,0.095
AOM_P,rev3_plus,0.78,0.54,0.05,0.979,0.92,0.5840336134453782,0.0031917345665484465,0.08734201798815995,7.27363271911864,20.724694174400543,0.78,0.54,0.03,0.979,0.92,0.04295086860656738,205.87368894058082,500.0,True,0.095
AOM_P,rev3_plus,0.78,0.54,0.05,0.979,0.92,0.5915966386554622,0.003120640746008916,0.08572524365337278,7.1008476582612055,20.255825252356285,0.78,0.54,0.03,0.979,0.92,0.04295086860656738,205.87368894058082,500.0,True,0.095
AOM_P,rev3_plus,0.78,0.54,0.05,0.979,0.92,0.5991596638655462,0.003050383935957942,0.0841125289941182,6.929949783997549,19.79228163573537,0.78,0.54,0.03,0.979,0.92,0.04295086860656738,205.87368894058082,500.0,True,0.095
AOM_P,rev3_plus,0.78,0.54,0.05,0.979,0.92,0.6067226890756302,0.0029809428479738876,0.08250377599896518,6.760897899355187,19.333917432659824,0.78,0.54,0.03,0.979,0.92,0.04295086860656738,205.87368894058082,500.0,True,0.095
AOM_P,rev3_plus,0.78,0.54,0.05,0.979,0.92,0.6142857142857142,0.002912296954746361,0.08089888949592021,6.593652126001968,18.88059103756151,0.78,0.54,0.03,0.979,0.92,0.04295086860656738,205.87368894058082,500.0,True,0.095
AOM_P,rev3_plus,0.78,0.54,0.05,0.979,0.92,0.6218487394957983,0.002844422480018534,0.07929774359590402,6.428160217363277,18.432093505616223,0.78,0.54,0.03,0.979,0.92,0.04295086860656738,205.87368894058082,500.0,True,0.095
AOM_P,rev3_plus,0.78,0.54,0.05,0.979,0.92,0.6294117647058823,0.0027772975697996057,0.07770022534600296,6.264375312538465,17.98824150514912,0.78,0.54,0.03,0.979,0.92,0.04295086860656738,205.87368894058082,500.0,True,0.095
AOM_P,rev3_plus,0.78,0.54,0.05,0.979,0.92,0.6369747899159663,0.002710920757023879,0.07610639048353772,6.102319431446727,17.549210728498768,0.78,0.54,0.03,0.979,0.92,0.04295086860656738,205.87368894058082,500.0,True,0.095
AOM_P,rev3_plus,0.78,0.54,0.05,0.979,0.92,0.6445378151260504,0.002645273770398879,0.07451615083107849,5.9419561860819865,17.114869830644007,0.78,0.54,0.03,0.979,0.92,0.04295086860656738,205.87368894058082,500.0,True,0.095
AOM_P,rev3_plus,0.78,0.54,0.05,0.979,0.92,0.6521008403361345,0.002580339186874562,0.07292942265268379,5.783251097413516,16.685095360797003,0.78,0.54,0.03,0.979,0.92,0.04295086860656738,205.87368894058082,500.0,True,0.095
AOM_P,rev3_plus,0.78,0.54,0.05,0.979,0.92,0.6596638655462185,0.0025161003830401238,0.07134612640176574,5.62617148834011,16.259771340771014,0.78,0.54,0.03,0.979,0.92,0.04295086860656738,205.87368894058082,500.0,True,0.095
AOM_P,rev3_plus,0.78,0.54,0.05,0.979,0.92,0.6672268907563025,0.002452540050134009,0.06976617419900456,5.470681429975974,15.838762296827214,0.78,0.54,0.03,0.979,0.92,0.04295086860656738,205.87368894058082,500.0,True,0.095
AOM_P,rev3_plus,0.78,0.54,0.05,0.979,0.92,0.6747899159663865,0.002389639470673303,0.06818946375609897,5.316739274064445,15.421900006339106,0.78,0.54,0.03,0.979,0.92,0.04295086860656738,205.87368894058082,500.0,True,0.095
AOM_P,rev3_plus,0.78,0.54,0.05,0.979,0.92,0.6823529411764706,0.002327388525812421,0.06661596388859693,5.164332117369126,15.0091684125269,0.78,0.54,0.03,0.979,0.92,0.04295086860656738,205.87368894058082,500.0,True,0.095
AOM_P,rev3_plus,0.78,0.54,0.05,0.979,0.92,0.6899159663865546,0.002265778795250661,0.06504565604725107,5.013452311671374,14.600578733848407,0.78,0.54,0.03,0.979,0.92,0.04295086860656738,205.87368894058082,500.0,True,0.095
AOM_P,rev3_plus,0.78,0.54,0.05,0.979,0.92,0.6974789915966386,0.002204795944370235,0.06347846926341941,4.864071172439527,14.196027869607821,0.78,0.54,0.03,0.979,0.92,0.04295086860656738,205.87368894058082,500.0,True,0.095
AOM_P,rev3_plus,0.78,0.54,0.05,0.979,0.92,0.7050420168067226,0.002144426254081185,0.06191433590352582,4.716161429717282,13.79541865909146,0.78,0.54,0.03,0.979,0.92,0.04295086860656738,205.87368894058082,500.0,True,0.095
AOM_P,rev3_plus,0.78,0.54,0.05,0.979,0.92,0.7126050420168067,0.002084656588173425,0.060353191494046055,4.569697154852211,13.398659591041685,0.78,0.54,0.03,0.979,0.92,0.04295086860656738,205.87368894058082,500.0,True,0.095
AOM_P,rev3_plus,0.78,0.54,0.05,0.979,0.92,0.7201680672268908,0.002025473368819656,0.058794965977458466,4.424650262796968,13.005645582972193,0.78,0.54,0.03,0.979,0.92,0.04295086860656738,205.87368894058082,500.0,True,0.095
AOM_P,rev3_plus,0.78,0.54,0.05,0.979,0.92,0.7277310924369748,0.001966862092560522,0.05723957960754345,4.280988862966043,12.616248900179832,0.78,0.54,0.03,0.979,0.92,0.04295086860656738,205.87368894058082,500.0,True,0.095
AOM_P,rev3_plus,0.78,0.54,0.05,0.979,0.92,0.7352941176470588,0.001908816583411241,0.05568702289296582,4.138709198997473,12.230495666156008,0.78,0.54,0.03,0.979,0.92,0.04295086860656738,205.87368894058082,500.0,True,0.095
AOM_P,rev3_plus,0.78,0.54,0.05,0.979,0.92,0.7428571428571429,0.0018513259114468126,0.05413724393767341,3.9977906743392917,11.84831805732292,0.78,0.54,0.03,0.979,0.92,0.04295086860656738,205.87368894058082,500.0,True,0.095
AOM_P,rev3_plus,0.78,0.54,0.05,0.979,0.92,0.7504201680672269,0.0017943786109029499,0.052590184963922405,3.8582104105270143,11.469634245188944,0.78,0.54,0.03,0.979,0.92,0.04295086860656738,205.87368894058082,500.0,True,0.095
AOM_P,rev3_plus,0.78,0.54,0.05,0.979,0.92,0.7579831932773109,0.001737963177525675,0.0510457867759995,3.7199450309750928,11.094358263352023,0.78,0.54,0.03,0.979,0.92,0.04295086860656738,205.87368894058082,500.0,True,0.095
AOM_P,rev3_plus,0.78,0.54,0.05,0.979,0.92,0.7655462184873949,0.0016820718083305527,0.04950401877547415,3.582982533190666,10.72246627368458,0.78,0.54,0.03,0.979,0.92,0.04295086860656738,205.87368894058082,500.0,True,0.095
AOM_P,rev3_plus,0.78,0.54,0.05,0.979,0.92,0.773109243697479,0.0016266940741212004,0.047964828382565695,3.4473022953936105,10.353885343935028,0.78,0.54,0.03,0.979,0.92,0.04295086860656738,205.87368894058082,500.0,True,0.095
AOM_P,rev3_plus,0.78,0.54,0.05,0.979,0.92,0.780672268907563,0.001571819640096177,0.04642816287040452,3.312883725601723,9.988541496505826,0.78,0.54,0.03,0.979,0.92,0.04295086860656738,205.87368894058082,500.0,True,0.095
AOM_P,rev3_plus,0.78,0.54,0.05,0.979,0.92,0.788235294117647,0.001517438497230319,0.04489397120422175,3.179706955190046,9.62636362292509,0.78,0.54,0.03,0.979,0.92,0.04295086860656738,205.87368894058082,500.0,True,0.095
AOM_P,rev3_plus,0.78,0.54,0.05,0.979,0.92,0.795798319327731,0.0014635432617329295,0.04336222195783528,3.047759613514898,9.267321438844334,0.78,0.54,0.03,0.979,0.92,0.04295086860656738,205.87368894058082,500.0,True,0.095
AOM_P,rev3_plus,0.78,0.54,0.05,0.979,0.92,0.8033613445378152,0.0014101245189623813,0.04183286717952685,2.917023184930894,8.911349414177142,0.78,0.54,0.03,0.979,0.92,0.04295086860656738,205.87368894058082,500.0,True,0.095
AOM_P,rev3_plus,0.78,0.54,0.05,0.979,0.92,0.8109243697478992,0.0013571730127803522,0.04030585924436617,2.787479430145464,8.558382522307635,0.78,0.54,0.03,0.979,0.92,0.04295086860656738,205.87368894058082,500.0,True,0.095
AOM_P,rev3_plus,0.78,0.54,0.05,0.979,0.92,0.8184873949579832,0.0013046800503107787,0.03878115439751598,2.6591115403176495,8.20836275897165,0.78,0.54,0.03,0.979,0.92,0.04295086860656738,205.87368894058082,500.0,True,0.095
AOM_P,rev3_plus,0.78,0.54,0.05,0.979,0.92,0.8260504201680672,0.001252638150759702,0.03725871843639209,2.531906001746911,7.86124974079965,0.78,0.54,0.03,0.979,0.92,0.04295086860656738,205.87368894058082,500.0,True,0.095
AOM_P,rev3_plus,0.78,0.54,0.05,0.979,0.92,0.8336134453781512,0.0012010389770646518,0.03573850881580366,2.4058467229125142,7.516987739598132,0.78,0.54,0.03,0.979,0.92,0.04295086860656738,205.87368894058082,500.0,True,0.095
AOM_P,rev3_plus,0.78,0.54,0.05,0.979,0.92,0.8411764705882353,0.0011498744619848175,0.034220484217808135,2.280918210963666,7.175523448039376,0.78,0.54,0.03,0.979,0.92,0.04295086860656738,205.87368894058082,500.0,True,0.095
AOM_P,rev3_plus,0.78,0.54,0.05,0.979,0.92,0.8487394957983193,0.0010991368620556087,0.03270460586842153,2.157105801874489,6.8368076637595605,0.78,0.54,0.03,0.979,0.92,0.04295086860656738,205.87368894058082,500.0,True,0.095
AOM_P,rev3_plus,0.78,0.54,0.05,0.979,0.92,0.8563025210084033,0.0010488185676075753,0.03119083663621002,2.0343951978992107,6.500793614029676,0.78,0.54,0.03,0.979,0.92,0.04295086860656738,205.87368894058082,500.0,True,0.095
AOM_P,rev3_plus,0.78,0.54,0.05,0.979,0.92,0.8638655462184873,0.0009989120454963983,0.029679138705568188,1.912772136877041,6.1674340206443,0.78,0.54,0.03,0.979,0.92,0.04295086860656738,205.87368894058082,500.0,True,0.095
AOM_P,rev3_plus,0.78,0.54,0.05,0.979,0.92,0.8714285714285714,0.0009494097519185387,0.02816947400280052,1.7922222390387776,5.836681965480661,0.78,0.54,0.03,0.979,0.92,0.04295086860656738,205.87368894058082,500.0,True,0.095
AOM_P,rev3_plus,0.78,0.54,0.05,0.979,0.92,0.8789915966386554,0.0009003042185990402,0.026661804989596725,1.6727312145482272,5.508491794896177,0.78,0.54,0.03,0.979,0.92,0.04295086860656738,205.87368894058082,500.0,True,0.095
AOM_P,rev3_plus,0.78,0.54,0.05,0.979,0.92,0.8865546218487395,0.0008515880312600296,0.025156095349107597,1.5542849520854833,5.182818588905,0.78,0.54,0.03,0.979,0.92,0.04295086860656738,205.87368894058082,500.0,True,0.095
AOM_P,rev3_plus,0.78,0.54,0.05,0.979,0.92,0.8941176470588235,0.000803253595173409,0.023652304194327043,1.4368680811313896,4.859618986984866,0.78,0.54,0.03,0.979,0.92,0.04295086860656738,205.87368894058082,500.0,True,0.095
AOM_P,rev3_plus,0.78,0.54,0.05,0.979,0.92,0.9016806722689076,0.0007552931011999834,0.022150385268361432,1.3204638102797073,4.538851024573377,0.78,0.54,0.03,0.979,0.92,0.04295086860656738,205.87368894058082,500.0,True,0.095
AOM_P,rev3_plus,0.78,0.54,0.05,0.979,0.92,0.9092436974789916,0.0007076983757371583,0.020650283115541308,1.2050529050358292,4.220474660767573,0.78,0.54,0.03,0.979,0.92,0.04295086860656738,205.87368894058082,500.0,True,0.095
AOM_P,rev3_plus,0.78,0.54,0.05,0.979,0.92,0.9168067226890756,0.0006604606393510424,0.019151925570610805,1.0906120606393812,3.9044527170664476,0.78,0.54,0.03,0.979,0.92,0.04295086860656738,205.87368894058082,500.0,True,0.095
AOM_P,rev3_plus,0.78,0.54,0.05,0.979,0.92,0.9243697478991596,0.0006135700823968264,0.01765520877516279,0.9771114002187946,3.5907519412262596,0.78,0.54,0.03,0.979,0.92,0.04295086860656738,205.87368894058082,500.0,True,0.095
AOM_P,rev3_plus,0.78,0.54,0.05,0.979,0.92,0.9319327731092437,0.0005670150164942509,0.01615995927414266,0.8645100619408084,3.2793440156308207,0.78,0.54,0.03,0.979,0.92,0.04295086860656738,205.87368894058082,500.0,True,0.095
AOM_P,rev3_plus,0.78,0.54,0.05,0.979,0.92,0.9394957983193277,0.0005207808870245363,0.014665881444695206,0.7527508841453204,2.970207821997097,0.78,0.54,0.03,0.979,0.92,0.04295086860656738,205.87368894058082,500.0,True,0.095
AOM_P,rev3_plus,0.78,0.54,0.05,0.979,0.92,0.9470588235294117,0.0004748484640599077,0.013172462245607768,0.641753212662688,2.6633275003132115,0.78,0.54,0.03,0.979,0.92,0.04295086860656738,205.87368894058082,500.0,True,0.095
AOM_P,rev3_plus,0.78,0.54,0.05,0.979,0.92,0.9546218487394957,0.0004291899203273948,0.011678736929161042,0.5313994613517234,2.35863063092711,0.78,0.54,0.03,0.979,0.92,0.04295086860656738,205.87368894058082,500.0,True,0.095
AOM_P,rev3_plus,0.78,0.54,0.05,0.979,0.92,0.9621848739495799,0.00038376301451159507,0.010182884666486106,0.4215067235519143,2.0557393907273855,0.78,0.54,0.03,0.979,0.92,0.04295086860656738,205.87368894058082,500.0,True,0.095
AOM_P,rev3_plus,0.78,0.54,0.05,0.979,0.92,0.9697478991596639,0.00033848645522197756,0.008681056817837542,0.31169466202507506,1.7526799085433267,0.78,0.54,0.03,0.979,0.92,0.04295086860656738,205.87368894058082,500.0,True,0.095
AOM_P,rev3_plus,0.78,0.54,0.05,0.979,0.92,0.9773109243697479,0.0002931093066137335,0.007163226092059153,0.2008403387894564,1.4407808357535168,0.78,0.54,0.03,0.979,0.92,0.04295086860656738,205.87368894058082,500.0,True,0.095
AOM_P,rev3_plus,0.78,0.54,0.05,0.979,0.92,0.9848739495798319,0.0002460605573952566,0.005589461793691648,0.08544015306436506,1.0861619759639507,0.78,0.54,0.03,0.979,0.92,0.04295086860656738,205.87368894058082,500.0,True,0.095
AOM_P,rev3_plus,0.78,0.54,0.05,0.979,0.92,0.992436974789916,0.00018426001348577592,0.003736873371891173,-0.035141786430803484,0.5956280556821367,0.78,0.54,0.03,0.979,0.92,0.04295086860656738,205.87368894058082,500.0,True,0.095
AOM_P,rev3_plus,0.78,0.54,0.05,0.979,0.92,1.0,0.0,0.0,0.0,0.0,0.78,0.54,0.03,0.979,0.92,0.04295086860656738,205.87368894058082,500.0,True,0.095
AOM_P,rev3_minus,0.78,0.54,0.009999999999999998,0.979,0.92,0.1,0.013013433787664635,0.20833843176861394,25.94333423020328,73.9551704571596,0.78,0.54,0.03,0.979,0.92,0.04313182830810547,205.87366463164543,500.0,True,0.095
AOM_P,rev3_minus,0.78,0.54,0.009999999999999998,0.979,0.92,0.10756302521008404,0.012677604561201483,0.205909528309279,25.385618744169285,72.28799960928478,0.78,0.54,0.03,0.979,0.92,0.04313182830810547,205.87366463164543,500.0,True,0.095
AOM_P,rev3_minus,0.78,0.54,0.009999999999999998,0.979,0.92,0.11512605042016807,0.012358600186180933,0.20352058040068144,24.849102863007847,70.68875633307016,0.78,0.54,0.03,0.979,0.92,0.04313182830810547,205.87366463164543,500.0,True,0.095
AOM_P,rev3_minus,0.78,0.54,0.009999999999999998,0.979,0.92,0.12268907563025211,0.012054768722402716,0.20116860688396662,24.331959397999007,69.15151548064199,0.78,0.54,0.03,0.979,0.92,0.04313182830810547,205.87366463164543,500.0,True,0.095
AOM_P,rev3_minus,0.78,0.54,0.009999999999999998,0.979,0.92,0.13025210084033614,0.011764765864555025,0.19885110460937339,23.83270054396945,67.671483244472,0.78,0.54,0.03,0.979,0.92,0.04313182830810547,205.87366463164543,500.0,True,0.095
AOM_P,rev3_minus,0.78,0.54,0.009999999999999998,0.979,0.92,0.13781512605042018,0.011487291090852197,0.19656548690838313,23.34981202962643,66.24365932060492,0.78,0.54,0.03,0.979,0.92,0.04313182830810547,205.87366463164543,500.0,True,0.095
AOM_P,rev3_minus,0.78,0.54,0.009999999999999998,0.979,0.92,0.1453781512605042,0.01122130539829089,0.19430975948726656,22.88212667868657,64.86428088950994,0.78,0.54,0.03,0.979,0.92,0.04313182830810547,205.87366463164543,500.0,True,0.095
AOM_P,rev3_minus,0.78,0.54,0.009999999999999998,0.979,0.92,0.15294117647058825,0.0109658906748832,0.19208210328211775,22.428597335343596,63.52995912493341,0.78,0.54,0.03,0.979,0.92,0.04313182830810547,205.87366463164543,500.0,True,0.095
AOM_P,rev3_minus,0.78,0.54,0.009999999999999998,0.979,0.92,0.16050420168067228,0.010720246037773535,0.18988091070020202,21.988303579845535,62.23772163122006,0.78,0.54,0.03,0.979,0.92,0.04313182830810547,205.87366463164543,500.0,True,0.095
AOM_P,rev3_minus,0.78,0.54,0.009999999999999998,0.979,0.92,0.16806722689075632,0.010483690049856574,0.18770480680272725,21.560466870868773,60.98507967646661,0.78,0.54,0.03,0.979,0.92,0.04313182830810547,205.87366463164543,500.0,True,0.095
AOM_P,rev3_minus,0.78,0.54,0.009999999999999998,0.979,0.92,0.17563025210084032,0.010255554875079325,0.18555236610897868,21.144292926004375,59.76943843954179,0.78,0.54,0.03,0.979,0.92,0.04313182830810547,205.87366463164543,500.0,True,0.095
AOM_P,rev3_minus,0.78,0.54,0.009999999999999998,0.979,0.92,0.18319327731092439,0.010035278632944396,0.1834224167820962,20.739134142370688,58.58873545888186,0.78,0.54,0.03,0.979,0.92,0.04313182830810547,205.87366463164543,500.0,True,0.095
AOM_P,rev3_minus,0.78,0.54,0.009999999999999998,0.979,0.92,0.1907563025210084,0.009822294396669708,0.18131367453192937,20.344289911746625,57.440647817931776,0.78,0.54,0.03,0.979,0.92,0.04313182830810547,205.87366463164543,500.0,True,0.095
AOM_P,rev3_minus,0.78,0.54,0.009999999999999998,0.979,0.92,0.19831932773109245,0.009616111270224475,0.17922502807089494,19.959157112542066,56.32319429940694,0.78,0.54,0.03,0.979,0.92,0.04313182830810547,205.87366463164543,500.0,True,0.095
AOM_P,rev3_minus,0.78,0.54,0.009999999999999998,0.979,0.92,0.20588235294117646,0.009416351856680591,0.17715567654913542,19.583304623982098,55.23503958763336,0.78,0.54,0.03,0.979,0.92,0.04313182830810547,205.87366463164543,500.0,True,0.095
AOM_P,rev3_minus,0.78,0.54,0.009999999999999998,0.979,0.92,0.21344537815126052,0.0092225990172457,0.1751046137431592,19.216199675257815,54.1744074737932,0.78,0.54,0.03,0.979,0.92,0.04313182830810547,205.87366463164543,500.0,True,0.095
AOM_P,rev3_minus,0.78,0.54,0.009999999999999998,0.979,0.92,0.22100840336134453,0.009034504250861027,0.17307105597704714,18.857421898757625,53.139954648481904,0.78,0.54,0.03,0.979,0.92,0.04313182830810547,205.87366463164543,500.0,True,0.095
AOM_P,rev3_minus,0.78,0.54,0.009999999999999998,0.979,0.92,0.22857142857142856,0.008851776269463455,0.17105437555357506,18.50663592230372,52.13065454182471,0.78,0.54,0.03,0.979,0.92,0.04313182830810547,205.87366463164543,500.0,True,0.095
AOM_P,rev3_minus,0.78,0.54,0.009999999999999998,0.979,0.92,0.2361344537815126,0.008674080006257736,0.16905371144667125,18.163394880423404,51.14499461083071,0.78,0.54,0.03,0.979,0.92,0.04313182830810547,205.87366463164543,500.0,True,0.095
AOM_P,rev3_minus,0.78,0.54,0.009999999999999998,0.979,0.92,0.24369747899159663,0.008501158807286165,0.16706845158658076,17.82738365325589,50.18197795245303,0.78,0.54,0.03,0.979,0.92,0.04313182830810547,205.87366463164543,500.0,True,0.095
AOM_P,rev3_minus,0.78,0.54,0.009999999999999998,0.979,0.92,0.25126050420168067,0.008332786238027176,0.165098060961233,17.498329091301308,49.240758578889505,0.78,0.54,0.03,0.979,0.92,0.04313182830810547,205.87366463164543,500.0,True,0.095
AOM_P,rev3_minus,0.78,0.54,0.009999999999999998,0.979,0.92,0.2588235294117647,0.008168693185857973,0.16314180219048474,17.175857157849396,48.32005230768291,0.78,0.54,0.03,0.979,0.92,0.04313182830810547,205.87366463164543,500.0,True,0.095
AOM_P,rev3_minus,0.78,0.54,0.009999999999999998,0.979,0.92,0.26638655462184874,0.00800865192248831,0.16119907453345939,16.85966338424103,47.41884540369505,0.78,0.54,0.03,0.979,0.92,0.04313182830810547,205.87366463164543,500.0,True,0.095
AOM_P,rev3_minus,0.78,0.54,0.009999999999999998,0.979,0.92,0.2739495798319328,0.00785249377112052,0.15926949256409845,16.549552270103288,46.5365645179519,0.78,0.54,0.03,0.979,0.92,0.04313182830810547,205.87366463164543,500.0,True,0.095
AOM_P,rev3_minus,0.78,0.54,0.009999999999999998,0.979,0.92,0.2815126050420168,0.007700043273171807,0.1573526109039247,16.245300932981145,45.672505304550135,0.78,0.54,0.03,0.979,0.92,0.04313182830810547,205.87366463164543,500.0,True,0.095
AOM_P,rev3_minus,0.78,0.54,0.009999999999999998,0.979,0.92,0.2890756302521008,0.007551092308629871,0.15544781339902067,15.946604859982886,44.825601426793234,0.78,0.54,0.03,0.979,0.92,0.04313182830810547,205.87366463164543,500.0,True,0.095
AOM_P,rev3_minus,0.78,0.54,0.009999999999999998,0.979,0.92,0.2966386554621849,0.007405497641732769,0.1535547436672021,15.653286397170762,43.99531113559241,0.78,0.54,0.03,0.979,0.92,0.04313182830810547,205.87366463164543,500.0,True,0.095
AOM_P,rev3_minus,0.78,0.54,0.009999999999999998,0.979,0.92,0.30420168067226894,0.007263141298543553,0.15167313339539595,15.365212214778142,43.18126924844734,0.78,0.54,0.03,0.979,0.92,0.04313182830810547,205.87366463164543,500.0,True,0.095
AOM_P,rev3_minus,0.78,0.54,0.009999999999999998,0.979,0.92,0.31176470588235294,0.007123860417938176,0.14980248953687111,15.082142808646408,42.3826439545118,0.78,0.54,0.03,0.979,0.92,0.04313182830810547,205.87366463164543,500.0,True,0.095
AOM_P,rev3_minus,0.78,0.54,0.009999999999999998,0.979,0.92,0.31932773109243695,0.0069875179503780475,0.14794241992196047,14.803887739583574,41.59880423409359,0.78,0.54,0.03,0.979,0.92,0.04313182830810547,205.87366463164543,500.0,True,0.095
AOM_P,rev3_minus,0.78,0.54,0.009999999999999998,0.979,0.92,0.326890756302521,0.006854009203281345,0.1460926674487242,14.530321987462335,40.82939394936651,0.78,0.54,0.03,0.979,0.92,0.04313182830810547,205.87366463164543,500.0,True,0.095
AOM_P,rev3_minus,0.78,0.54,0.009999999999999998,0.979,0.92,0.3344537815126051,0.006723221225556123,0.1442529148264716,14.261293212980991,40.073926701227286,0.78,0.54,0.03,0.979,0.92,0.04313182830810547,205.87366463164543,500.0,True,0.095
AOM_P,rev3_minus,0.78,0.54,0.009999999999999998,0.979,0.92,0.3420168067226891,0.006595028373951885,0.14242276426113806,13.996611749515571,39.33174076252175,0.78,0.54,0.03,0.979,0.92,0.04313182830810547,205.87366463164543,500.0,True,0.095
AOM_P,rev3_minus,0.78,0.54,0.009999999999999998,0.979,0.92,0.3495798319327731,0.006469315114417388,0.14060185060514976,13.73610400107257,38.602234398394316,0.78,0.54,0.03,0.979,0.92,0.04313182830810547,205.87366463164543,500.0,True,0.095
AOM_P,rev3_minus,0.78,0.54,0.009999999999999998,0.979,0.92,0.3571428571428571,0.006346002000744379,0.13878997148560382,13.479674061781107,37.88514120147741,0.78,0.54,0.03,0.979,0.92,0.04313182830810547,205.87366463164543,500.0,True,0.095
AOM_P,rev3_minus,0.78,0.54,0.009999999999999998,0.979,0.92,0.3647058823529412,0.00622501465000895,0.136986936277189,13.227232385930337,37.18021582157898,0.78,0.54,0.03,0.979,0.92,0.04313182830810547,205.87366463164543,500.0,True,0.095
AOM_P,rev3_minus,0.78,0.54,0.009999999999999998,0.979,0.92,0.3722689075630252,0.006106257859504759,0.13519243798135186,12.978635182854081,36.48696414631814,0.78,0.54,0.03,0.979,0.92,0.04313182830810547,205.87366463164543,500.0,True,0.095
AOM_P,rev3_minus,0.78,0.54,0.009999999999999998,0.979,0.92,0.3798319327731092,0.005989634789344202,0.13340613989745043,12.733726851420164,35.80482762722205,0.78,0.54,0.03,0.979,0.92,0.04313182830810547,205.87366463164543,500.0,True,0.095
AOM_P,rev3_minus,0.78,0.54,0.009999999999999998,0.979,0.92,0.38739495798319323,0.00587507532838611,0.131627849260028,12.492415929479828,35.133534514305765,0.78,0.54,0.03,0.979,0.92,0.04313182830810547,205.87366463164543,500.0,True,0.095
AOM_P,rev3_minus,0.78,0.54,0.009999999999999998,0.979,0.92,0.39495798319327735,0.005762526594601473,0.12985746179976979,12.254650867971293,34.47299018681818,0.78,0.54,0.03,0.979,0.92,0.04313182830810547,205.87366463164543,500.0,True,0.095
AOM_P,rev3_minus,0.78,0.54,0.009999999999999998,0.979,0.92,0.40252100840336136,0.005651913093916799,0.1280947219962507,12.020314876250989,33.82279279534081,0.78,0.54,0.03,0.979,0.92,0.04313182830810547,205.87366463164543,500.0,True,0.095
AOM_P,rev3_minus,0.78,0.54,0.009999999999999998,0.979,0.92,0.41008403361344536,0.0055431539052514,0.12633933319136037,11.789272999791983,33.18244961380677,0.78,0.54,0.03,0.979,0.92,0.04313182830810547,205.87366463164543,500.0,True,0.095
AOM_P,rev3_minus,0.78,0.54,0.009999999999999998,0.979,0.92,0.41764705882352937,0.005436188648609253,0.12459110335542095,11.56143794112029,32.55168077416982,0.78,0.54,0.03,0.979,0.92,0.04313182830810547,205.87366463164543,500.0,True,0.095
AOM_P,rev3_minus,0.78,0.54,0.009999999999999998,0.979,0.92,0.4252100840336135,0.005330980753513761,0.12284996449145394,11.336778931795397,31.93046169315034,0.78,0.54,0.03,0.979,0.92,0.04313182830810547,205.87366463164543,500.0,True,0.095
AOM_P,rev3_minus,0.78,0.54,0.009999999999999998,0.979,0.92,0.4327731092436975,0.005227469842314642,0.12111570790314176,11.115202081869244,31.318472655330883,0.78,0.54,0.03,0.979,0.92,0.04313182830810547,205.87366463164543,500.0,True,0.095
AOM_P,rev3_minus,0.78,0.54,0.009999999999999998,0.979,0.92,0.4403361344537815,0.0051255966236337935,0.1193881232430046,10.896612970622032,30.71538606695146,0.78,0.54,0.03,0.979,0.92,0.04313182830810547,205.87366463164543,500.0,True,0.095
AOM_P,rev3_minus,0.78,0.54,0.009999999999999998,0.979,0.92,0.4478991596638655,0.005025299724832481,0.11766697696367287,10.680907455081428,30.1208218349818,0.78,0.54,0.03,0.979,0.92,0.04313182830810547,205.87366463164543,500.0,True,0.095
AOM_P,rev3_minus,0.78,0.54,0.009999999999999998,0.979,0.92,0.4554621848739496,0.0049265220971530825,0.11595205348571101,10.467989576740704,29.534432844326325,0.78,0.54,0.03,0.979,0.92,0.04313182830810547,205.87366463164543,500.0,True,0.095
AOM_P,rev3_minus,0.78,0.54,0.009999999999999998,0.979,0.92,0.46302521008403363,0.004829229727740224,0.11424327439442263,10.257823722500277,28.956154820613662,0.78,0.54,0.03,0.979,0.92,0.04313182830810547,205.87366463164543,500.0,True,0.095
AOM_P,rev3_minus,0.78,0.54,0.009999999999999998,0.979,0.92,0.47058823529411764,0.004733389654027528,0.11254056057044512,10.050374483649634,28.385921219185395,0.78,0.54,0.03,0.979,0.92,0.04313182830810547,205.87366463164543,500.0,True,0.095
AOM_P,rev3_minus,0.78,0.54,0.009999999999999998,0.979,0.92,0.47815126050420165,0.004638955061785997,0.11084373819907677,9.845565361416034,27.8234653132761,0.78,0.54,0.03,0.979,0.92,0.04313182830810547,205.87366463164543,500.0,True,0.095
AOM_P,rev3_minus,0.78,0.54,0.009999999999999998,0.979,0.92,0.48571428571428577,0.004545882055671166,0.1091526451543024,9.643325190038302,27.268541443341316,0.78,0.54,0.03,0.979,0.92,0.04313182830810547,205.87366463164543,500.0,True,0.095
AOM_P,rev3_minus,0.78,0.54,0.009999999999999998,0.979,0.92,0.49327731092436977,0.004454121452724338,0.10746707619464406,9.443564644126202,26.720810698912373,0.78,0.54,0.03,0.979,0.92,0.04313182830810547,205.87366463164543,500.0,True,0.095
AOM_P,rev3_minus,0.78,0.54,0.009999999999999998,0.979,0.92,0.5008403361344538,0.004363633782514899,0.10578688471437867,9.246219751981215,26.180053445832343,0.78,0.54,0.03,0.979,0.92,0.04313182830810547,205.87366463164543,500.0,True,0.095
AOM_P,rev3_minus,0.78,0.54,0.009999999999999998,0.979,0.92,0.5084033613445378,0.0042744031536706755,0.10411207707343345,9.051292341145883,25.646367758932396,0.78,0.54,0.03,0.979,0.92,0.04313182830810547,205.87366463164543,500.0,True,0.095
AOM_P,rev3_minus,0.78,0.54,0.009999999999999998,0.979,0.92,0.5159663865546219,0.004186392709665416,0.1024425125619357,8.858721649495473,25.119543754526454,0.78,0.54,0.03,0.979,0.92,0.04313182830810547,205.87366463164543,500.0,True,0.095
AOM_P,rev3_minus,0.78,0.54,0.009999999999999998,0.979,0.92,0.5235294117647059,0.0040995669571816315,0.10077805411411042,8.668448661059593,24.599376455960396,0.78,0.54,0.03,0.979,0.92,0.04313182830810547,205.87366463164543,500.0,True,0.095
AOM_P,rev3_minus,0.78,0.54,0.009999999999999998,0.979,0.92,0.5310924369747899,0.004013888591408199,0.09911854619896411,8.480406886016093,24.085620158199312,0.78,0.54,0.03,0.979,0.92,0.04313182830810547,205.87366463164543,500.0,True,0.095
AOM_P,rev3_minus,0.78,0.54,0.009999999999999998,0.979,0.92,0.5386554621848739,0.0039293221182337195,0.0974638406022402,8.29453310460828,23.578041733637974,0.78,0.54,0.03,0.979,0.92,0.04313182830810547,205.87366463164543,500.0,True,0.095
AOM_P,rev3_minus,0.78,0.54,0.009999999999999998,0.979,0.92,0.546218487394958,0.003845847932391299,0.09581389584781522,8.110808994855136,23.076627673505758,0.78,0.54,0.03,0.979,0.92,0.04313182830810547,205.87366463164543,500.0,True,0.095
AOM_P,rev3_minus,0.78,0.54,0.009999999999999998,0.979,0.92,0.553781512605042,0.0037634445637897405,0.09416865305953569,7.929209280830711,22.58132815661294,0.78,0.54,0.03,0.979,0.92,0.04313182830810547,205.87366463164543,500.0,True,0.095
AOM_P,rev3_minus,0.78,0.54,0.009999999999999998,0.979,0.92,0.561344537815126,0.0036820825311634723,0.09252799272791587,7.749683501622626,22.09196573830269,0.78,0.54,0.03,0.979,0.92,0.04313182830810547,205.87366463164543,500.0,True,0.095
AOM_P,rev3_minus,0.78,0.54,0.009999999999999998,0.979,0.92,0.5689075630252101,0.003601733614974903,0.0908917999120716,7.572183268782688,21.608370324101223,0.78,0.54,0.03,0.979,0.92,0.04313182830810547,205.87366463164543,500.0,True,0.095
AOM_P,rev3_minus,0.78,0.54,0.009999999999999998,0.979,0.92,0.5764705882352942,0.003522366718303026,0.08925993301888234,7.3966493514627825,21.130313259506533,0.78,0.54,0.03,0.979,0.92,0.04313182830810547,205.87366463164543,500.0,True,0.095
AOM_P,rev3_minus,0.78,0.54,0.009999999999999998,0.979,0.92,0.5840336134453782,0.0034439551361734174,0.0876322794331095,7.223034628936247,20.657624797136833,0.78,0.54,0.03,0.979,0.92,0.04313182830810547,205.87366463164543,500.0,True,0.095
AOM_P,rev3_minus,0.78,0.54,0.009999999999999998,0.979,0.92,0.5915966386554622,0.0033664902816843687,0.08600886052384488,7.051347512587743,20.190416970657427,0.78,0.54,0.03,0.979,0.92,0.04313182830810547,205.87366463164543,500.0,True,0.095
AOM_P,rev3_minus,0.78,0.54,0.009999999999999998,0.979,0.92,0.5991596638655462,0.0032899472552279734,0.08438956978349474,6.881543821297119,19.72853116343133,0.78,0.54,0.03,0.979,0.92,0.04313182830810547,205.87366463164543,500.0,True,0.095
AOM_P,rev3_minus,0.78,0.54,0.009999999999999998,0.979,0.92,0.6067226890756302,0.003214302399694668,0.08277430645263578,6.713581853689071,19.27181888041786,0.78,0.54,0.03,0.979,0.92,0.04313182830810547,205.87366463164543,500.0,True,0.095
AOM_P,rev3_minus,0.78,0.54,0.009999999999999998,0.979,0.92,0.6142857142857142,0.0031395332240246082,0.08116297516925705,6.547422238672186,18.820141163845484,0.78,0.54,0.03,0.979,0.92,0.04313182830810547,205.87366463164543,500.0,True,0.095
AOM_P,rev3_minus,0.78,0.54,0.009999999999999998,0.979,0.92,0.6218487394957983,0.0030656158317263846,0.07955546561977965,6.383019705647039,18.373325760409926,0.78,0.54,0.03,0.979,0.92,0.04313182830810547,205.87366463164543,500.0,True,0.095
AOM_P,rev3_minus,0.78,0.54,0.009999999999999998,0.979,0.92,0.6294117647058823,0.0029925249295032308,0.07795165276074272,6.220323144255565,17.931167364409934,0.78,0.54,0.03,0.979,0.92,0.04313182830810547,205.87366463164543,500.0,True,0.095
AOM_P,rev3_minus,0.78,0.54,0.009999999999999998,0.979,0.92,0.6369747899159663,0.0029202480524005226,0.07635151092913546,6.059321704946967,17.49366870841162,0.78,0.54,0.03,0.979,0.92,0.04313182830810547,205.87366463164543,500.0,True,0.095
AOM_P,rev3_minus,0.78,0.54,0.009999999999999998,0.979,0.92,0.6445378151260504,0.0028487744286977805,0.07475502526590187,5.900009126907971,17.060855563219338,0.78,0.54,0.03,0.979,0.92,0.04313182830810547,205.87366463164543,500.0,True,0.095
AOM_P,rev3_minus,0.78,0.54,0.009999999999999998,0.979,0.92,0.6521008403361345,0.0027780847671137043,0.07316210983546399,5.74235055617506,16.63260251643874,0.78,0.54,0.03,0.979,0.92,0.04313182830810547,205.87366463164543,500.0,True,0.095
AOM_P,rev3_minus,0.78,0.54,0.009999999999999998,0.979,0.92,0.6596638655462185,0.002708160661750075,0.07157268299252492,5.586312958596124,16.208791690515554,0.78,0.54,0.03,0.979,0.92,0.04313182830810547,205.87366463164543,500.0,True,0.095
AOM_P,rev3_minus,0.78,0.54,0.009999999999999998,0.979,0.92,0.6672268907563025,0.0026389845419403247,0.06998666714134982,5.431865019061849,15.789312345968908,0.78,0.54,0.03,0.979,0.92,0.04313182830810547,205.87366463164543,500.0,True,0.095
AOM_P,rev3_minus,0.78,0.54,0.009999999999999998,0.979,0.92,0.6747899159663865,0.0025705371993039487,0.0684039683522154,5.278968965948813,15.374017247195797,0.78,0.54,0.03,0.979,0.92,0.04313182830810547,205.87366463164543,500.0,True,0.095
AOM_P,rev3_minus,0.78,0.54,0.009999999999999998,0.979,0.92,0.6823529411764706,0.002502798300394577,0.06682448072652282,5.127582302829327,14.96273189828705,0.78,0.54,0.03,0.979,0.92,0.04313182830810547,205.87366463164543,500.0,True,0.095
AOM_P,rev3_minus,0.78,0.54,0.009999999999999998,0.979,0.92,0.6899159663865546,0.0024357634362824317,0.0652482281839995,4.977714639298498,14.555558829355515,0.78,0.54,0.03,0.979,0.92,0.04313182830810547,205.87366463164543,500.0,True,0.095
AOM_P,rev3_minus,0.78,0.54,0.009999999999999998,0.979,0.92,0.6974789915966386,0.0023694180940440563,0.06367514866863018,4.829341281749128,14.15241626383155,0.78,0.54,0.03,0.979,0.92,0.04313182830810547,205.87366463164543,500.0,True,0.095
AOM_P,rev3_minus,0.78,0.54,0.009999999999999998,0.979,0.92,0.7050420168067226,0.00230374716152949,0.06210517293582574,4.6824347200654,13.753205742351776,0.78,0.54,0.03,0.979,0.92,0.04313182830810547,205.87366463164543,500.0,True,0.095
AOM_P,rev3_minus,0.78,0.54,0.009999999999999998,0.979,0.92,0.7126050420168067,0.0022387361686769668,0.06053823497032956,4.53696879702731,13.357834492689484,0.78,0.54,0.03,0.979,0.92,0.04313182830810547,205.87366463164543,500.0,True,0.095
AOM_P,rev3_minus,0.78,0.54,0.009999999999999998,0.979,0.92,0.7201680672268908,0.0021743708769439156,0.05897426853085653,4.392917331410675,12.966207972814734,0.78,0.54,0.03,0.979,0.92,0.04313182830810547,205.87366463164543,500.0,True,0.095
AOM_P,rev3_minus,0.78,0.54,0.009999999999999998,0.979,0.92,0.7277310924369748,0.0021106364626341276,0.057413200128272425,4.250251318181777,12.578214538423234,0.78,0.54,0.03,0.979,0.92,0.04313182830810547,205.87366463164543,500.0,True,0.095
AOM_P,rev3_minus,0.78,0.54,0.009999999999999998,0.979,0.92,0.7352941176470588,0.0020475207079820993,0.05585497695057283,4.108950025947046,12.193786408752073,0.78,0.54,0.03,0.979,0.92,0.04313182830810547,205.87366463164543,500.0,True,0.095
AOM_P,rev3_minus,0.78,0.54,0.009999999999999998,0.979,0.92,0.7428571428571429,0.0019850150595169917,0.05429957633567601,3.9690048011112764,11.812921107873994,0.78,0.54,0.03,0.979,0.92,0.04313182830810547,205.87366463164543,500.0,True,0.095
AOM_P,rev3_minus,0.78,0.54,0.009999999999999998,0.979,0.92,0.7504201680672269,0.0019231071238912983,0.05274694033420554,3.830393023530912,11.435538254069028,0.78,0.54,0.03,0.979,0.92,0.04313182830810547,205.87366463164543,500.0,True,0.095
AOM_P,rev3_minus,0.78,0.54,0.009999999999999998,0.979,0.92,0.7579831932773109,0.0018617846404236737,0.05119701039620886,3.693091888249763,11.061555128217773,0.78,0.54,0.03,0.979,0.92,0.04313182830810547,205.87366463164543,500.0,True,0.095
AOM_P,rev3_minus,0.78,0.54,0.009999999999999998,0.979,0.92,0.7655462184873949,0.001801037536297468,0.04964974542981096,3.557085540637622,10.690926109358402,0.78,0.54,0.03,0.979,0.92,0.04313182830810547,205.87366463164543,500.0,True,0.095
AOM_P,rev3_minus,0.78,0.54,0.009999999999999998,0.979,0.92,0.773109243697479,0.0017408553943388401,0.048105099784948355,3.4223563852094028,10.323594948376849,0.78,0.54,0.03,0.979,0.92,0.04313182830810547,205.87366463164543,500.0,True,0.095
AOM_P,rev3_minus,0.78,0.54,0.009999999999999998,0.979,0.92,0.780672268907563,0.0016812271891612314,0.046563020900875655,3.2888841629536922,9.959489573770266,0.78,0.54,0.03,0.979,0.92,0.04313182830810547,205.87366463164543,500.0,True,0.095
AOM_P,rev3_minus,0.78,0.54,0.009999999999999998,0.979,0.92,0.788235294117647,0.0016221419358533322,0.045023454939828796,3.1566482061551033,9.598534558765019,0.78,0.54,0.03,0.979,0.92,0.04313182830810547,205.87366463164543,500.0,True,0.095
AOM_P,rev3_minus,0.78,0.54,0.009999999999999998,0.979,0.92,0.795798319327731,0.00156359101713033,0.04348636827319108,3.025635576106129,9.240696022902757,0.78,0.54,0.03,0.979,0.92,0.04313182830810547,205.87366463164543,500.0,True,0.095
AOM_P,rev3_minus,0.78,0.54,0.009999999999999998,0.979,0.92,0.8033613445378152,0.0015055646161140853,0.04195171475777534,2.8958286786360903,8.885913572003464,0.78,0.54,0.03,0.979,0.92,0.04313182830810547,205.87366463164543,500.0,True,0.095
AOM_P,rev3_minus,0.78,0.54,0.009999999999999998,0.979,0.92,0.8109243697478992,0.0014480529346224107,0.04041944680819791,2.7672094952425077,8.534123486118926,0.78,0.54,0.03,0.979,0.92,0.04313182830810547,205.87366463164543,500.0,True,0.095
AOM_P,rev3_minus,0.78,0.54,0.009999999999999998,0.979,0.92,0.8184873949579832,0.0013910464990218826,0.03888951839229596,2.6397606730778103,8.185264768732546,0.78,0.54,0.03,0.979,0.92,0.04313182830810547,205.87366463164543,500.0,True,0.095
AOM_P,rev3_minus,0.78,0.54,0.009999999999999998,0.979,0.92,0.8260504201680672,0.001334537107550366,0.0373618953844926,2.5134689243398447,7.839298138030026,0.78,0.54,0.03,0.979,0.92,0.04313182830810547,205.87366463164543,500.0,True,0.095
AOM_P,rev3_minus,0.78,0.54,0.009999999999999998,0.979,0.92,0.8336134453781512,0.0012785159033456364,0.03583653477592021,2.3883181993803193,7.496168128734771,0.78,0.54,0.03,0.979,0.92,0.04313182830810547,205.87366463164543,500.0,True,0.095
AOM_P,rev3_minus,0.78,0.54,0.009999999999999998,0.979,0.92,0.8411764705882353,0.0012229743183395027,0.03431339480995591,2.2642930505399335,7.155821696775061,0.78,0.54,0.03,0.979,0.92,0.04313182830810547,205.87366463164543,500.0,True,0.095
AOM_P,rev3_minus,0.78,0.54,0.009999999999999998,0.979,0.92,0.8487394957983193,0.0011679041403900065,0.032792436392715583,2.1413788501479822,6.818210003025229,0.78,0.54,0.03,0.979,0.92,0.04313182830810547,205.87366463164543,500.0,True,0.095
AOM_P,rev3_minus,0.78,0.54,0.009999999999999998,0.979,0.92,0.8563025210084033,0.0011132974059392593,0.031273621792802075,2.01956134879584,6.483286469483818,0.78,0.54,0.03,0.979,0.92,0.04313182830810547,205.87366463164543,500.0,True,0.095
AOM_P,rev3_minus,0.78,0.54,0.009999999999999998,0.979,0.92,0.8638655462184873,0.0010591462427974982,0.029756912429301077,1.898826144203014,6.151003470950405,0.78,0.54,0.03,0.979,0.92,0.04313182830810547,205.87366463164543,500.0,True,0.095
AOM_P,rev3_minus,0.78,0.54,0.009999999999999998,0.979,0.92,0.8714285714285714,0.0010054429626488962,0.028242269838416385,1.7791588980142234,5.821314468281269,0.78,0.54,0.03,0.979,0.92,0.04313182830810547,205.87366463164543,500.0,True,0.095
AOM_P,rev3_minus,0.78,0.54,0.009999999999999998,0.979,0.92,0.8789915966386554,0.0009521800538452326,0.026729655866968727,1.660545273662222,5.494174011823969,0.78,0.54,0.03,0.979,0.92,0.04313182830810547,205.87366463164543,500.0,True,0.095
AOM_P,rev3_minus,0.78,0.54,0.009999999999999998,0.979,0.92,0.8865546218487395,0.0008993501592473739,0.02521903333124377,1.5429710282850753,5.1695374339003335,0.78,0.54,0.03,0.979,0.92,0.04313182830810547,205.87366463164543,500.0,True,0.095
AOM_P,rev3_minus,0.78,0.54,0.009999999999999998,0.979,0.92,0.8941176470588235,0.0008469461098991864,0.023710360654205398,1.4264207347869735,4.847361562514319,0.78,0.54,0.03,0.979,0.92,0.04313182830810547,205.87366463164543,500.0,True,0.095
AOM_P,rev3_minus,0.78,0.54,0.009999999999999998,0.979,0.92,0.9016806722689076,0.0007949609269899879,0.02220359019883536,1.3108773815044612,4.527604773053185,0.78,0.54,0.03,0.979,0.92,0.04313182830810547,205.87366463164543,500.0,True,0.095
AOM_P,rev3_minus,0.78,0.54,0.009999999999999998,0.979,0.92,0.9092436974789916,0.0007433878525634079,0.020698664612734317,1.1963214801603295,4.21022741621934,0.78,0.54,0.03,0.979,0.92,0.04313182830810547,205.87366463164543,500.0,True,0.095
AOM_P,rev3_minus,0.78,0.54,0.009999999999999998,0.979,0.92,0.9168067226890756,0.0006922204049398174,0.019195509592119173,1.0827294691891063,3.895192821936458,0.78,0.54,0.03,0.979,0.92,0.04313182830810547,205.87366463164543,500.0,True,0.095
AOM_P,rev3_minus,0.78,0.54,0.009999999999999998,0.979,0.92,0.9243697478991596,0.0006414524571621202,0.017694017914547083,0.9700711607996201,3.582468427199897,0.78,0.54,0.03,0.979,0.92,0.04313182830810547,205.87366463164543,500.0,True,0.095
AOM_P,rev3_minus,0.78,0.54,0.009999999999999998,0.979,0.92,0.9319327731092437,0.0005910784951087849,0.01619401159579127,0.858305425543709,3.2720269014638936,0.78,0.54,0.03,0.979,0.92,0.04313182830810547,205.87366463164543,500.0,True,0.095
AOM_P,rev3_minus,0.78,0.54,0.009999999999999998,0.979,0.92,0.9394957983193277,0.0005410941331847437,0.014695190126674374,0.7473750524209372,2.963848616150085,0.78,0.54,0.03,0.979,0.92,0.04313182830810547,205.87366463164543,500.0,True,0.095
AOM_P,rev3_minus,0.78,0.54,0.009999999999999998,0.979,0.92,0.9470588235294117,0.0004914966667922297,0.013197036139648278,0.6371997480872683,2.657919785775481,0.78,0.54,0.03,0.979,0.92,0.04313182830810547,205.87366463164543,500.0,True,0.095
AOM_P,rev3_minus,0.78,0.54,0.009999999999999998,0.979,0.92,0.9546218487394957,0.00044228617017109863,0.0116985871452453,0.5276628124464965,2.354170689360364,0.78,0.54,0.03,0.979,0.92,0.04313182830810547,205.87366463164543,500.0,True,0.095
AOM_P,rev3_minus,0.78,0.54,0.009999999999999998,0.979,0.92,0.9621848739495799,0.0003934672599048117,0.01019804439710351,0.41858234981655384,2.052226657951132,0.78,0.54,0.03,0.979,0.92,0.04313182830810547,205.87366463164543,500.0,True,0.095
AOM_P,rev3_minus,0.78,0.54,0.009999999999999998,0.979,0.92,0.9697478991596639,0.00034503784341855795,0.008691632207772132,0.3095762970402099,1.7501141750799458,0.78,0.54,0.03,0.979,0.92,0.04313182830810547,205.87366463164543,500.0,True,0.095
AOM_P,rev3_minus,0.78,0.54,0.009999999999999998,0.979,0.92,0.9773109243697479,0.00029688023120597436,0.007169510722419311,0.19950762508922334,1.439148996395068,0.78,0.54,0.03,0.979,0.92,0.04313182830810547,205.87366463164543,500.0,True,0.095
AOM_P,rev3_minus,0.78,0.54,0.009999999999999998,0.979,0.92,0.9848739495798319,0.0002476415731343204,0.005592158392787697,0.08481856300019505,1.0853903220738133,0.78,0.54,0.03,0.979,0.92,0.04313182830810547,205.87366463164543,500.0,True,0.095
AOM_P,rev3_minus,0.78,0.54,0.009999999999999998,0.979,0.92,0.992436974789916,0.00018454469715854528,0.003737357372413759,-0.03526708883244705,0.5954699436675758,0.78,0.54,0.03,0.979,0.92,0.04313182830810547,205.87366463164543,500.0,True,0.095
AOM_P,rev3_minus,0.78,0.54,0.009999999999999998,0.979,0.92,1.0,0.0,0.0,0.0,0.0,0.78,0.54,0.03,0.979,0.92,0.04313182830810547,205.87366463164543,500.0,True,0.095
AOM_P,gammaCDff2_plus,0.78,0.54,0.03,0.984,0.92,0.1,0.01246003568518459,0.20786808880763463,21.65235604583428,74.18308898002253,0.78,0.54,0.03,0.979,0.92,0.04403209686279297,205.87367728129604,500.0,True,0.095
AOM_P,gammaCDff2_plus,0.78,0.54,0.03,0.984,0.92,0.10756302521008404,0.012140356464765275,0.20544814568744804,21.155888644729888,72.51193542621981,0.78,0.54,0.03,0.979,0.92,0.04403209686279297,205.87367728129604,500.0,True,0.095
AOM_P,gammaCDff2_plus,0.78,0.54,0.03,0.984,0.92,0.11512605042016807,0.01183662205583283,0.20306789486829277,20.67901530653841,70.90885519796078,0.78,0.54,0.03,0.979,0.92,0.04403209686279297,205.87367728129604,500.0,True,0.095
AOM_P,gammaCDff2_plus,0.78,0.54,0.03,0.984,0.92,0.12268907563025211,0.01154726445896426,0.20072434891386376,20.220034218216203,69.36786530532183,0.78,0.54,0.03,0.979,0.92,0.04403209686279297,205.87367728129604,500.0,True,0.095
AOM_P,gammaCDff2_plus,0.78,0.54,0.03,0.984,0.92,0.13025210084033614,0.011271009296076873,0.19841500733279085,19.77756362256771,67.88413890390962,0.78,0.54,0.03,0.979,0.92,0.04403209686279297,205.87367728129604,500.0,True,0.095
AOM_P,gammaCDff2_plus,0.78,0.54,0.03,0.984,0.92,0.13781512605042018,0.011006615337298067,0.19613727518566038,19.35018869893727,66.45260543754716,0.78,0.54,0.03,0.979,0.92,0.04403209686279297,205.87367728129604,500.0,True,0.095
AOM_P,gammaCDff2_plus,0.78,0.54,0.03,0.984,0.92,0.1453781512605042,0.0107531229410699,0.19388924337868696,18.936867469029036,65.06964979286678,0.78,0.54,0.03,0.979,0.92,0.04403209686279297,205.87367728129604,500.0,True,0.095
AOM_P,gammaCDff2_plus,0.78,0.54,0.03,0.984,0.92,0.15294117647058825,0.010509648800441784,0.19166905993039354,18.53660883540635,63.73177971950916,0.78,0.54,0.03,0.979,0.92,0.04403209686279297,205.87367728129604,500.0,True,0.095
AOM_P,gammaCDff2_plus,0.78,0.54,0.03,0.984,0.92,0.16050420168067228,0.01027545455325906,0.18947518942635103,18.148592468924193,62.43614421721479,0.78,0.54,0.03,0.979,0.92,0.04403209686279297,205.87367728129604,500.0,True,0.095
AOM_P,gammaCDff2_plus,0.78,0.54,0.03,0.984,0.92,0.16806722689075632,0.010049879354079685,0.1873062136872919,17.77207266403597,61.180139109286074,0.78,0.54,0.03,0.979,0.92,0.04403209686279297,205.87367728129604,500.0,True,0.095
AOM_P,gammaCDff2_plus,0.78,0.54,0.03,0.984,0.92,0.17563025210084032,0.009832299998878446,0.18516075387626477,17.406334361101422,59.96124739575522,0.78,0.54,0.03,0.979,0.92,0.04403209686279297,205.87367728129604,500.0,True,0.095
AOM_P,gammaCDff2_plus,0.78,0.54,0.03,0.984,0.92,0.18319327731092439,0.009622181693772958,0.18303763480619747,17.050773874287444,58.77737776298892,0.78,0.54,0.03,0.979,0.92,0.04403209686279297,205.87367728129604,500.0,True,0.095
AOM_P,gammaCDff2_plus,0.78,0.54,0.03,0.984,0.92,0.1907563025210084,0.009418966326457142,0.1809355084744929,16.704708178997553,57.62604600799815,0.78,0.54,0.03,0.979,0.92,0.04403209686279297,205.87367728129604,500.0,True,0.095
AOM_P,gammaCDff2_plus,0.78,0.54,0.03,0.984,0.92,0.19831932773109245,0.009222216463685564,0.17885336626943957,16.36762783976845,56.50547046994403,0.78,0.54,0.03,0.979,0.92,0.04403209686279297,205.87367728129604,500.0,True,0.095
AOM_P,gammaCDff2_plus,0.78,0.54,0.03,0.984,0.92,0.20588235294117646,0.009031573179377458,0.17679040696854809,16.03913184508271,55.41430067538656,0.78,0.54,0.03,0.979,0.92,0.04403209686279297,205.87367728129604,500.0,True,0.095
AOM_P,gammaCDff2_plus,0.78,0.54,0.03,0.984,0.92,0.21344537815126052,0.008846623662867299,0.1747455688848578,15.718698253772207,54.35062455918616,0.78,0.54,0.03,0.979,0.92,0.04403209686279297,205.87367728129604,500.0,True,0.095
AOM_P,gammaCDff2_plus,0.78,0.54,0.03,0.984,0.92,0.22100840336134453,0.008667053325092664,0.1727181366427987,15.405968331828166,53.31322617432074,0.78,0.54,0.03,0.979,0.92,0.04403209686279297,205.87367728129604,500.0,True,0.095
AOM_P,gammaCDff2_plus,0.78,0.54,0.03,0.984,0.92,0.22857142857142856,0.00849258295482205,0.17070747164464362,15.100625593997039,52.30104588142991,0.78,0.54,0.03,0.979,0.92,0.04403209686279297,205.87367728129604,500.0,True,0.095
AOM_P,gammaCDff2_plus,0.78,0.54,0.03,0.984,0.92,0.2361344537815126,0.008322889889520537,0.1687126967273152,14.802248372057848,51.312524597426936,0.78,0.54,0.03,0.979,0.92,0.04403209686279297,205.87367728129604,500.0,True,0.095
AOM_P,gammaCDff2_plus,0.78,0.54,0.03,0.984,0.92,0.24369747899159663,0.008157738743328926,0.16673323480695137,14.510560670702466,50.34672877252244,0.78,0.54,0.03,0.979,0.92,0.04403209686279297,205.87367728129604,500.0,True,0.095
AOM_P,gammaCDff2_plus,0.78,0.54,0.03,0.984,0.92,0.25126050420168067,0.007996910482108722,0.16476853674494976,14.225302084296066,49.40277264908854,0.78,0.54,0.03,0.979,0.92,0.04403209686279297,205.87367728129604,500.0,True,0.095
AOM_P,gammaCDff2_plus,0.78,0.54,0.03,0.984,0.92,0.2588235294117647,0.007840139810696322,0.16281782856899824,13.946108610923758,48.47928137166459,0.78,0.54,0.03,0.979,0.92,0.04403209686279297,205.87367728129604,500.0,True,0.095
AOM_P,gammaCDff2_plus,0.78,0.54,0.03,0.984,0.92,0.26638655462184874,0.007687225211369932,0.1608805772938075,13.672728812673194,47.575372619250984,0.78,0.54,0.03,0.979,0.92,0.04403209686279297,205.87367728129604,500.0,True,0.095
AOM_P,gammaCDff2_plus,0.78,0.54,0.03,0.984,0.92,0.2739495798319328,0.007538009385634014,0.1589564107385493,13.404987221157969,46.69049416677128,0.78,0.54,0.03,0.979,0.92,0.04403209686279297,205.87367728129604,500.0,True,0.095
AOM_P,gammaCDff2_plus,0.78,0.54,0.03,0.984,0.92,0.2815126050420168,0.007392310269619829,0.15704481597695055,13.14264647817074,45.823793148751086,0.78,0.54,0.03,0.979,0.92,0.04403209686279297,205.87367728129604,500.0,True,0.095
AOM_P,gammaCDff2_plus,0.78,0.54,0.03,0.984,0.92,0.2890756302521008,0.0072499408639447585,0.15514522980740134,12.885447966951238,44.9743016951263,0.78,0.54,0.03,0.979,0.92,0.04403209686279297,205.87367728129604,500.0,True,0.095
AOM_P,gammaCDff2_plus,0.78,0.54,0.03,0.984,0.92,0.2966386554621849,0.0071107711342833484,0.15325732462317115,12.633239638073452,44.14153148051736,0.78,0.54,0.03,0.979,0.92,0.04403209686279297,205.87367728129604,500.0,True,0.095
AOM_P,gammaCDff2_plus,0.78,0.54,0.03,0.984,0.92,0.30420168067226894,0.006974680626760328,0.15138079378935443,12.38588066282954,43.325033992628555,0.78,0.54,0.03,0.979,0.92,0.04403209686279297,205.87367728129604,500.0,True,0.095
AOM_P,gammaCDff2_plus,0.78,0.54,0.03,0.984,0.92,0.31176470588235294,0.006841510303773692,0.14951512617646814,12.143141218350982,42.52393113227885,0.78,0.54,0.03,0.979,0.92,0.04403209686279297,205.87367728129604,500.0,True,0.095
AOM_P,gammaCDff2_plus,0.78,0.54,0.03,0.984,0.92,0.31932773109243695,0.006711137653659645,0.14765997032958442,11.904862672377808,41.73767027796784,0.78,0.54,0.03,0.979,0.92,0.04403209686279297,205.87367728129604,500.0,True,0.095
AOM_P,gammaCDff2_plus,0.78,0.54,0.03,0.984,0.92,0.326890756302521,0.006583465901388391,0.1458150831732839,11.67093517599837,40.96592016839127,0.78,0.54,0.03,0.979,0.92,0.04403209686279297,205.87367728129604,500.0,True,0.095
AOM_P,gammaCDff2_plus,0.78,0.54,0.03,0.984,0.92,0.3344537815126051,0.006458380748654074,0.14398011348065307,11.44120266421926,40.208117673934105,0.78,0.54,0.03,0.979,0.92,0.04403209686279297,205.87367728129604,500.0,True,0.095
AOM_P,gammaCDff2_plus,0.78,0.54,0.03,0.984,0.92,0.3420168067226891,0.006335759062051041,0.1421546468200865,11.215482235365055,39.46355881503333,0.78,0.54,0.03,0.979,0.92,0.04403209686279297,205.87367728129604,500.0,True,0.095
AOM_P,gammaCDff2_plus,0.78,0.54,0.03,0.984,0.92,0.3495798319327731,0.006215499381798312,0.14033836300252603,10.993632747534674,38.73173024116407,0.78,0.54,0.03,0.979,0.92,0.04403209686279297,205.87367728129604,500.0,True,0.095
AOM_P,gammaCDff2_plus,0.78,0.54,0.03,0.984,0.92,0.3571428571428571,0.0060975315344502816,0.13853108742579598,10.775577340612669,38.01242060109515,0.78,0.54,0.03,0.979,0.92,0.04403209686279297,205.87367728129604,500.0,True,0.095
AOM_P,gammaCDff2_plus,0.78,0.54,0.03,0.984,0.92,0.3647058823529412,0.005981775871639504,0.13673258415359663,10.561213156510913,37.30528556453647,0.78,0.54,0.03,0.979,0.92,0.04403209686279297,205.87367728129604,500.0,True,0.095
AOM_P,gammaCDff2_plus,0.78,0.54,0.03,0.984,0.92,0.3722689075630252,0.005868138665030368,0.13494252721236116,10.350399563966823,36.60978746353945,0.78,0.54,0.03,0.979,0.92,0.04403209686279297,205.87367728129604,500.0,True,0.095
AOM_P,gammaCDff2_plus,0.78,0.54,0.03,0.984,0.92,0.3798319327731092,0.0057565341100812096,0.1331606210503974,10.143009320620136,35.92544574640233,0.78,0.54,0.03,0.979,0.92,0.04403209686279297,205.87367728129604,500.0,True,0.095
AOM_P,gammaCDff2_plus,0.78,0.54,0.03,0.984,0.92,0.38739495798319323,0.0056469010897300526,0.13138670787860002,9.938971806441929,35.25205654741933,0.78,0.54,0.03,0.979,0.92,0.04403209686279297,205.87367728129604,500.0,True,0.095
AOM_P,gammaCDff2_plus,0.78,0.54,0.03,0.984,0.92,0.39495798319327735,0.005539181488996876,0.1296206334944734,9.738218983934,34.58942229975003,0.78,0.54,0.03,0.979,0.92,0.04403209686279297,205.87367728129604,500.0,True,0.095
AOM_P,gammaCDff2_plus,0.78,0.54,0.03,0.984,0.92,0.40252100840336136,0.005433301984825876,0.12786213499778434,9.540639743151768,33.93712124223182,0.78,0.54,0.03,0.979,0.92,0.04403209686279297,205.87367728129604,500.0,True,0.095
AOM_P,gammaCDff2_plus,0.78,0.54,0.03,0.984,0.92,0.41008403361344536,0.005329187722481433,0.1261109300074591,9.346115272870186,33.294685415020524,0.78,0.54,0.03,0.979,0.92,0.04403209686279297,205.87367728129604,500.0,True,0.095
AOM_P,gammaCDff2_plus,0.78,0.54,0.03,0.984,0.92,0.41764705882352937,0.005226786557578646,0.1243668579730333,9.154577872639658,32.66189757694791,0.78,0.54,0.03,0.979,0.92,0.04403209686279297,205.87367728129604,500.0,True,0.095
AOM_P,gammaCDff2_plus,0.78,0.54,0.03,0.984,0.92,0.4252100840336135,0.005126061079254154,0.12262983518939248,8.965992328045877,32.038699120824084,0.78,0.54,0.03,0.979,0.92,0.04403209686279297,205.87367728129604,500.0,True,0.095
AOM_P,gammaCDff2_plus,0.78,0.54,0.03,0.984,0.92,0.4327731092436975,0.005026951064967953,0.12089963810202245,8.780265605419368,31.424735546557205,0.78,0.54,0.03,0.979,0.92,0.04403209686279297,205.87367728129604,500.0,True,0.095
AOM_P,gammaCDff2_plus,0.78,0.54,0.03,0.984,0.92,0.4403361344537815,0.004929400434013639,0.11917605960979569,8.597311735940956,30.819682377207418,0.78,0.54,0.03,0.979,0.92,0.04403209686279297,205.87367728129604,500.0,True,0.095
AOM_P,gammaCDff2_plus,0.78,0.54,0.03,0.984,0.92,0.4478991596638655,0.004833348111533629,0.11745885007071048,8.417028048701455,30.22312176777366,0.78,0.54,0.03,0.979,0.92,0.04403209686279297,205.87367728129604,500.0,True,0.095
AOM_P,gammaCDff2_plus,0.78,0.54,0.03,0.984,0.92,0.4554621848739496,0.0047387434005806695,0.11574781875446796,8.239335898110387,29.634755082960066,0.78,0.54,0.03,0.979,0.92,0.04403209686279297,205.87367728129604,500.0,True,0.095
AOM_P,gammaCDff2_plus,0.78,0.54,0.03,0.984,0.92,0.46302521008403363,0.004645560508600108,0.1140429300646044,8.06421943632806,29.054606492967817,0.78,0.54,0.03,0.979,0.92,0.04403209686279297,205.87367728129604,500.0,True,0.095
AOM_P,gammaCDff2_plus,0.78,0.54,0.03,0.984,0.92,0.47058823529411764,0.0045537608054645184,0.11234405710617656,7.891626581291508,28.48250786858826,0.78,0.54,0.03,0.979,0.92,0.04403209686279297,205.87367728129604,500.0,True,0.095
AOM_P,gammaCDff2_plus,0.78,0.54,0.03,0.984,0.92,0.47815126050420165,0.004463299977946912,0.11065102866129099,7.7214876913391866,27.91819491118917,0.78,0.54,0.03,0.979,0.92,0.04403209686279297,205.87367728129604,500.0,True,0.095
AOM_P,gammaCDff2_plus,0.78,0.54,0.03,0.984,0.92,0.48571428571428577,0.00437413421251161,0.10896366922319084,7.553731767988412,27.361391097382505,0.78,0.54,0.03,0.979,0.92,0.04403209686279297,205.87367728129604,500.0,True,0.095
AOM_P,gammaCDff2_plus,0.78,0.54,0.03,0.984,0.92,0.49327731092436977,0.004286218546316536,0.10728178797372272,7.388282065985216,26.81178435260748,0.78,0.54,0.03,0.979,0.92,0.04403209686279297,205.87367728129604,500.0,True,0.095
AOM_P,gammaCDff2_plus,0.78,0.54,0.03,0.984,0.92,0.5008403361344538,0.004199521615001327,0.10560528248000875,7.225096872023533,26.269245314518255,0.78,0.54,0.03,0.979,0.92,0.04403209686279297,205.87367728129604,500.0,True,0.095
AOM_P,gammaCDff2_plus,0.78,0.54,0.03,0.984,0.92,0.5084033613445378,0.004114023212568809,0.10393412246925712,7.064163221578239,25.733795234582175,0.78,0.54,0.03,0.979,0.92,0.04403209686279297,205.87367728129604,500.0,True,0.095
AOM_P,gammaCDff2_plus,0.78,0.54,0.03,0.984,0.92,0.5159663865546219,0.004029687650162963,0.10226816383986513,6.90542366763353,25.205214683158722,0.78,0.54,0.03,0.979,0.92,0.04403209686279297,205.87367728129604,500.0,True,0.095
AOM_P,gammaCDff2_plus,0.78,0.54,0.03,0.984,0.92,0.5235294117647059,0.00394648130328554,0.10060727151423196,6.748824499313517,24.68330052083144,0.78,0.54,0.03,0.979,0.92,0.04403209686279297,205.87367728129604,500.0,True,0.095
AOM_P,gammaCDff2_plus,0.78,0.54,0.03,0.984,0.92,0.5310924369747899,0.003864367235950977,0.09895128076923501,6.594300868457397,24.167785304224974,0.78,0.54,0.03,0.979,0.92,0.04403209686279297,205.87367728129604,500.0,True,0.095
AOM_P,gammaCDff2_plus,0.78,0.54,0.03,0.984,0.92,0.5386554621848739,0.0037833128716543633,0.09730005332904966,6.441798294578447,23.658454266005144,0.78,0.54,0.03,0.979,0.92,0.04403209686279297,205.87367728129604,500.0,True,0.095
AOM_P,gammaCDff2_plus,0.78,0.54,0.03,0.984,0.92,0.546218487394958,0.0037033048096357887,0.0956535855899722,6.29131426422384,23.155372225948895,0.78,0.54,0.03,0.979,0.92,0.04403209686279297,205.87367728129604,500.0,True,0.095
AOM_P,gammaCDff2_plus,0.78,0.54,0.03,0.984,0.92,0.553781512605042,0.0036243175528791263,0.09401178184080411,6.142811198739102,22.65841146462945,0.78,0.54,0.03,0.979,0.92,0.04403209686279297,205.87367728129604,500.0,True,0.095
AOM_P,gammaCDff2_plus,0.78,0.54,0.03,0.984,0.92,0.561344537815126,0.0035463231426984773,0.09237452422052041,5.996243181171382,22.1673959824372,0.78,0.54,0.03,0.979,0.92,0.04403209686279297,205.87367728129604,500.0,True,0.095
AOM_P,gammaCDff2_plus,0.78,0.54,0.03,0.984,0.92,0.5689075630252101,0.0034692932374225127,0.09074168700364976,5.851561503216515,21.682130852157897,0.78,0.54,0.03,0.979,0.92,0.04403209686279297,205.87367728129604,500.0,True,0.095
AOM_P,gammaCDff2_plus,0.78,0.54,0.03,0.984,0.92,0.5764705882352942,0.003393198826904163,0.08911313461491155,5.7087138829347035,21.202397857143414,0.78,0.54,0.03,0.979,0.92,0.04403209686279297,205.87367728129604,500.0,True,0.095
AOM_P,gammaCDff2_plus,0.78,0.54,0.03,0.984,0.92,0.5840336134453782,0.003318020606356945,0.08748880337243561,5.567675414798871,20.72812923694211,0.78,0.54,0.03,0.979,0.92,0.04403209686279297,205.87367728129604,500.0,True,0.095
AOM_P,gammaCDff2_plus,0.78,0.54,0.03,0.984,0.92,0.5915966386554622,0.003243745099731622,0.08586867164083846,5.4284373525559335,20.259346049955827,0.78,0.54,0.03,0.979,0.92,0.04403209686279297,205.87367728129604,500.0,True,0.095
AOM_P,gammaCDff2_plus,0.78,0.54,0.03,0.984,0.92,0.5991596638655462,0.003170348662563701,0.08425263429834644,5.2909594976157965,19.79589080265115,0.78,0.54,0.03,0.979,0.92,0.04403209686279297,205.87367728129604,500.0,True,0.095
AOM_P,gammaCDff2_plus,0.78,0.54,0.03,0.984,0.92,0.6067226890756302,0.003097808830265917,0.08264059190227968,5.15520391141954,19.337616084839297,0.78,0.54,0.03,0.979,0.92,0.04403209686279297,205.87367728129604,500.0,True,0.095
AOM_P,gammaCDff2_plus,0.78,0.54,0.03,0.984,0.92,0.6142857142857142,0.003026104245527504,0.08103245034250295,5.021134779163829,18.884383987459895,0.78,0.54,0.03,0.979,0.92,0.04403209686279297,205.87367728129604,500.0,True,0.095
AOM_P,gammaCDff2_plus,0.78,0.54,0.03,0.984,0.92,0.6218487394957983,0.0029552109796096584,0.07942809088398745,4.888707317304209,18.436002578091706,0.78,0.54,0.03,0.979,0.92,0.04403209686279297,205.87367728129604,500.0,True,0.095
AOM_P,gammaCDff2_plus,0.78,0.54,0.03,0.984,0.92,0.6294117647058823,0.002885104755172834,0.07782738854286511,4.7578745432794625,17.992264691561346,0.78,0.54,0.03,0.979,0.92,0.04403209686279297,205.87367728129604,500.0,True,0.095
AOM_P,gammaCDff2_plus,0.78,0.54,0.03,0.984,0.92,0.6369747899159663,0.00281577970043622,0.07623036619393046,4.628644294161379,17.55327560250754,0.78,0.54,0.03,0.979,0.92,0.04403209686279297,205.87367728129604,500.0,True,0.095
AOM_P,gammaCDff2_plus,0.78,0.54,0.03,0.984,0.92,0.6445378151260504,0.002747220903225957,0.07463696996140066,4.500996234270376,17.11897794967045,0.78,0.54,0.03,0.979,0.92,0.04403209686279297,205.87367728129604,500.0,True,0.095
AOM_P,gammaCDff2_plus,0.78,0.54,0.03,0.984,0.92,0.6521008403361345,0.0026794100117840582,0.07304711496313904,4.374898663429521,16.689247124259232,0.78,0.54,0.03,0.979,0.92,0.04403209686279297,205.87367728129604,500.0,True,0.095
AOM_P,gammaCDff2_plus,0.78,0.54,0.03,0.984,0.92,0.6596638655462185,0.0026123295166160395,0.07146072055875942,4.2503215398365395,16.26396602815307,0.78,0.54,0.03,0.979,0.92,0.04403209686279297,205.87367728129604,500.0,True,0.095
AOM_P,gammaCDff2_plus,0.78,0.54,0.03,0.984,0.92,0.6672268907563025,0.0025459621924069946,0.06987770582044929,4.127234817114037,15.843015446577938,0.78,0.54,0.03,0.979,0.92,0.04403209686279297,205.87367728129604,500.0,True,0.095
AOM_P,gammaCDff2_plus,0.78,0.54,0.03,0.984,0.92,0.6747899159663865,0.0024802890903053722,0.06829797276696918,4.005602291257979,15.4262379018719,0.78,0.54,0.03,0.979,0.92,0.04403209686279297,205.87367728129604,500.0,True,0.095
AOM_P,gammaCDff2_plus,0.78,0.54,0.03,0.984,0.92,0.6823529411764706,0.0024152936245869358,0.06672144083197863,3.8853942066262244,15.013511737362855,0.78,0.54,0.03,0.979,0.92,0.04403209686279297,205.87367728129604,500.0,True,0.095
AOM_P,gammaCDff2_plus,0.78,0.54,0.03,0.984,0.92,0.6899159663865546,0.0023509711908255276,0.06514812811178597,3.7666170655254954,14.604927221446744,0.78,0.54,0.03,0.979,0.92,0.04403209686279297,205.87367728129604,500.0,True,0.095
AOM_P,gammaCDff2_plus,0.78,0.54,0.03,0.984,0.92,0.6974789915966386,0.0022873067300817123,0.06357796276103433,3.6492445480231823,14.200380445246518,0.78,0.54,0.03,0.979,0.92,0.04403209686279297,205.87367728129604,500.0,True,0.095
AOM_P,gammaCDff2_plus,0.78,0.54,0.03,0.984,0.92,0.7050420168067226,0.0022242858300540553,0.06201087630733784,3.533251634525895,13.799773464772654,0.78,0.54,0.03,0.979,0.92,0.04403209686279297,205.87367728129604,500.0,True,0.095
AOM_P,gammaCDff2_plus,0.78,0.54,0.03,0.984,0.92,0.7126050420168067,0.0021618946907834367,0.060446803474279526,3.418614538452535,13.403014009194127,0.78,0.54,0.03,0.979,0.92,0.04403209686279297,205.87367728129604,500.0,True,0.095
AOM_P,gammaCDff2_plus,0.78,0.54,0.03,0.984,0.92,0.7201680672268908,0.0021001194173766433,0.05888567616274003,3.3053085178556763,13.010002347577284,0.78,0.54,0.03,0.979,0.92,0.04403209686279297,205.87367728129604,500.0,True,0.095
AOM_P,gammaCDff2_plus,0.78,0.54,0.03,0.984,0.92,0.7277310924369748,0.002038945356890325,0.057327417790011,3.19330581243036,12.620618846777822,0.78,0.54,0.03,0.979,0.92,0.04403209686279297,205.87367728129604,500.0,True,0.095
AOM_P,gammaCDff2_plus,0.78,0.54,0.03,0.984,0.92,0.7352941176470588,0.0019783632144663166,0.055771996385654624,3.0825949146117146,12.234840592121179,0.78,0.54,0.03,0.979,0.92,0.04403209686279297,205.87367728129604,500.0,True,0.095
AOM_P,gammaCDff2_plus,0.78,0.54,0.03,0.984,0.92,0.7428571428571429,0.001918363346425556,0.05421937537140297,2.9731627359451838,11.852634110192655,0.78,0.54,0.03,0.979,0.92,0.04403209686279297,205.87367728129604,500.0,True,0.095
AOM_P,gammaCDff2_plus,0.78,0.54,0.03,0.984,0.92,0.7504201680672269,0.0018589338305686144,0.052669496884721514,2.8649885262745953,11.473918252734657,0.78,0.54,0.03,0.979,0.92,0.04403209686279297,205.87367728129604,500.0,True,0.095
AOM_P,gammaCDff2_plus,0.78,0.54,0.03,0.984,0.92,0.7579831932773109,0.0018000627934816704,0.05112230205900197,2.7580512310471526,11.098608649551867,0.78,0.54,0.03,0.979,0.92,0.04403209686279297,205.87367728129604,500.0,True,0.095
AOM_P,gammaCDff2_plus,0.78,0.54,0.03,0.984,0.92,0.7655462184873949,0.001741741247619413,0.04957775477447828,2.652338038916441,10.72666987187349,0.78,0.54,0.03,0.979,0.92,0.04403209686279297,205.87367728129604,500.0,True,0.095
AOM_P,gammaCDff2_plus,0.78,0.54,0.03,0.984,0.92,0.773109243697479,0.0016839588400588614,0.048035806287044396,2.5478316585147183,10.358038132534645,0.78,0.54,0.03,0.979,0.92,0.04403209686279297,205.87367728129604,500.0,True,0.095
AOM_P,gammaCDff2_plus,0.78,0.54,0.03,0.984,0.92,0.780672268907563,0.001626704932362437,0.0464964042316657,2.4445135682129555,9.992640950322745,0.78,0.54,0.03,0.979,0.92,0.04403209686279297,205.87367728129604,500.0,True,0.095
AOM_P,gammaCDff2_plus,0.78,0.54,0.03,0.984,0.92,0.788235294117647,0.0015699688327023074,0.04495949459493414,2.3423647573216524,9.630401697569521,0.78,0.54,0.03,0.979,0.92,0.04403209686279297,205.87367728129604,500.0,True,0.095
AOM_P,gammaCDff2_plus,0.78,0.54,0.03,0.984,0.92,0.795798319327731,0.0015137427336357724,0.043425046481492625,2.2413742416771996,9.27129166378193,0.78,0.54,0.03,0.979,0.92,0.04403209686279297,205.87367728129604,500.0,True,0.095
AOM_P,gammaCDff2_plus,0.78,0.54,0.03,0.984,0.92,0.8033613445378152,0.0014580169773427938,0.0418930123590947,2.1415254059306927,8.915246841965523,0.78,0.54,0.03,0.979,0.92,0.04403209686279297,205.87367728129604,500.0,True,0.095
AOM_P,gammaCDff2_plus,0.78,0.54,0.03,0.984,0.92,0.8109243697478992,0.0014027820475102145,0.040363344661617194,2.0428017536210636,8.56220289138616,0.78,0.54,0.03,0.979,0.92,0.04403209686279297,205.87367728129604,500.0,True,0.095
AOM_P,gammaCDff2_plus,0.78,0.54,0.03,0.984,0.92,0.8184873949579832,0.0013480288385616741,0.03883599834749573,1.945187688121596,8.212099992889655,0.78,0.54,0.03,0.979,0.92,0.04403209686279297,205.87367728129604,500.0,True,0.095
AOM_P,gammaCDff2_plus,0.78,0.54,0.03,0.984,0.92,0.8260504201680672,0.0012937495234314155,0.03731093932605057,1.84867100859473,7.864898413742749,0.78,0.54,0.03,0.979,0.92,0.04403209686279297,205.87367728129604,500.0,True,0.095
AOM_P,gammaCDff2_plus,0.78,0.54,0.03,0.984,0.92,0.8336134453781512,0.0012399355080534588,0.03578812481749184,1.7532370907543178,7.520542514948886,0.78,0.54,0.03,0.979,0.92,0.04403209686279297,205.87367728129604,500.0,True,0.095
AOM_P,gammaCDff2_plus,0.78,0.54,0.03,0.984,0.92,0.8411764705882353,0.0011865784765163771,0.034267513276247594,1.6588718603692694,7.178979070264083,0.78,0.54,0.03,0.979,0.92,0.04403209686279297,205.87367728129604,500.0,True,0.095
AOM_P,gammaCDff2_plus,0.78,0.54,0.03,0.984,0.92,0.8487394957983193,0.0011336704464747598,0.032749065738418875,1.5655619737627084,6.840158970520302,0.78,0.54,0.03,0.979,0.92,0.04403209686279297,205.87367728129604,500.0,True,0.095
AOM_P,gammaCDff2_plus,0.78,0.54,0.03,0.984,0.92,0.8563025210084033,0.0010812036576100744,0.031232744901464382,1.4732944908408592,6.504035730079323,0.78,0.54,0.03,0.979,0.92,0.04403209686279297,205.87367728129604,500.0,True,0.095
AOM_P,gammaCDff2_plus,0.78,0.54,0.03,0.984,0.92,0.8638655462184873,0.0010291703768431494,0.02971851241062208,1.382056289342652,6.170561594823926,0.78,0.54,0.03,0.979,0.92,0.04403209686279297,205.87367728129604,500.0,True,0.095
AOM_P,gammaCDff2_plus,0.78,0.54,0.03,0.984,0.92,0.8714285714285714,0.0009775629974862487,0.0282063300488741,1.2918343136989732,5.839689893760305,0.78,0.54,0.03,0.979,0.92,0.04403209686279297,205.87367728129604,500.0,True,0.095
AOM_P,gammaCDff2_plus,0.78,0.54,0.03,0.984,0.92,0.8789915966386554,0.0009263740256133906,0.026696159966502066,1.2026155113043422,5.5113750407799165,0.78,0.54,0.03,0.979,0.92,0.04403209686279297,205.87367728129604,500.0,True,0.095
AOM_P,gammaCDff2_plus,0.78,0.54,0.03,0.984,0.92,0.8865546218487395,0.0008755960676303081,0.025187965417353308,1.1143869358332699,5.185572206793191,0.78,0.54,0.03,0.979,0.92,0.04403209686279297,205.87367728129604,500.0,True,0.095
AOM_P,gammaCDff2_plus,0.78,0.54,0.03,0.984,0.92,0.8941176470588235,0.0008252217321528261,0.023681705161767454,1.0271344983923458,4.862238091080889,0.78,0.54,0.03,0.979,0.92,0.04403209686279297,205.87367728129604,500.0,True,0.095
AOM_P,gammaCDff2_plus,0.78,0.54,0.03,0.984,0.92,0.9016806722689076,0.0007752436025043005,0.022177332248489383,0.940842712033815,4.541330861494217,0.78,0.54,0.03,0.979,0.92,0.04403209686279297,205.87367728129604,500.0,True,0.095
AOM_P,gammaCDff2_plus,0.78,0.54,0.03,0.984,0.92,0.9092436974789916,0.0007256541788159403,0.02067479025619249,0.85549381346332,4.222810632584777,0.78,0.54,0.03,0.979,0.92,0.04403209686279297,205.87367728129604,500.0,True,0.095
AOM_P,gammaCDff2_plus,0.78,0.54,0.03,0.984,0.92,0.9168067226890756,0.0006764457820181392,0.01917400592985037,0.7710662997035418,3.906640434104387,0.78,0.54,0.03,0.979,0.92,0.04403209686279297,205.87367728129604,500.0,True,0.095
AOM_P,gammaCDff2_plus,0.78,0.54,0.03,0.984,0.92,0.9243697478991596,0.0006276103673187681,0.017674873687452682,0.687532683528629,3.592787301485873,0.78,0.54,0.03,0.979,0.92,0.04403209686279297,205.87367728129604,500.0,True,0.095
AOM_P,gammaCDff2_plus,0.78,0.54,0.03,0.984,0.92,0.9319327731092437,0.0005791392167870434,0.01617721773148407,0.6048558320605075,3.281223329956938,0.78,0.54,0.03,0.979,0.92,0.04403209686279297,205.87367728129604,500.0,True,0.095
AOM_P,gammaCDff2_plus,0.78,0.54,0.03,0.984,0.92,0.9394957983193277,0.0005310226925373608,0.014680739869168952,0.5229847590722454,2.9719280244185406,0.78,0.54,0.03,0.979,0.92,0.04403209686279297,205.87367728129604,500.0,True,0.095
AOM_P,gammaCDff2_plus,0.78,0.54,0.03,0.984,0.92,0.9470588235294117,0.0004832495918650285,0.013184924693970363,0.4418492217939196,2.6648863682635677,0.78,0.54,0.03,0.979,0.92,0.04403209686279297,205.87367728129604,500.0,True,0.095
AOM_P,gammaCDff2_plus,0.78,0.54,0.03,0.984,0.92,0.9546218487394957,0.0004358057315079507,0.011688808303224902,0.3613504090420438,2.360026948361268,0.78,0.54,0.03,0.979,0.92,0.04403209686279297,205.87367728129604,500.0,True,0.095
AOM_P,gammaCDff2_plus,0.78,0.54,0.03,0.984,0.92,0.9621848739495799,0.00038867194762904613,0.010190580595609393,0.2813394462377707,2.0569728893804813,0.78,0.54,0.03,0.979,0.92,0.04403209686279297,205.87367728129604,500.0,True,0.095
AOM_P,gammaCDff2_plus,0.78,0.54,0.03,0.984,0.92,0.9697478991596639,0.0003418062690159007,0.008686429294641439,0.2014990267537476,1.7537492457939627,0.78,0.54,0.03,0.979,0.92,0.04403209686279297,205.87367728129604,500.0,True,0.095
AOM_P,gammaCDff2_plus,0.78,0.54,0.03,0.984,0.92,0.9773109243697479,0.00029502449605582745,0.007166421569399959,0.12082244653497326,1.441675641352968,0.78,0.54,0.03,0.979,0.92,0.04403209686279297,205.87367728129604,500.0,True,0.095
AOM_P,gammaCDff2_plus,0.78,0.54,0.03,0.984,0.92,0.9848739495798319,0.00024686596791430874,0.005590834310012531,0.03595747341608909,1.086837398215608,0.78,0.54,0.03,0.979,0.92,0.04403209686279297,205.87367728129604,500.0,True,0.095
AOM_P,gammaCDff2_plus,0.78,0.54,0.03,0.984,0.92,0.992436974789916,0.00018440566523021407,0.003737119998356313,-0.0543819630329541,0.5959638620746476,0.78,0.54,0.03,0.979,0.92,0.04403209686279297,205.87367728129604,500.0,True,0.095
AOM_P,gammaCDff2_plus,0.78,0.54,0.03,0.984,0.92,1.0,5.421010862427522e-18,1.0972125985553305e-16,-1.5959455978986625e-15,1.7541523789077473e-14,0.78,0.54,0.03,0.979,0.92,0.04403209686279297,205.87367728129604,500.0,True,0.095
AOM_P,gammaCDff2_minus,0.78,0.54,0.03,0.974,0.92,0.1,0.012461723316146483,0.20786948677423733,30.42179361562325,73.97589357312972,0.78,0.54,0.03,0.979,0.92,0.04328298568725586,205.87367700701293,500.0,True,0.095
AOM_P,gammaCDff2_minus,0.78,0.54,0.03,0.974,0.92,0.10756302521008404,0.012141914037857868,0.20544949645581395,29.79961655513688,72.30809380069381,0.78,0.54,0.03,0.979,0.92,0.04328298568725586,205.87367700701293,500.0,True,0.095
AOM_P,gammaCDff2_minus,0.78,0.54,0.03,0.974,0.92,0.11512605042016807,0.011838059252936434,0.20306920068260786,29.200344543413973,70.7082621643363,0.78,0.54,0.03,0.979,0.92,0.04328298568725586,205.87367700701293,500.0,True,0.095
AOM_P,gammaCDff2_minus,0.78,0.54,0.03,0.974,0.92,0.12268907563025211,0.011548589937200432,0.20072561187879065,28.62199595141949,69.17042488769452,0.78,0.54,0.03,0.979,0.92,0.04328298568725586,205.87367700701293,500.0,True,0.095
AOM_P,gammaCDff2_minus,0.78,0.54,0.03,0.974,0.92,0.13025210084033614,0.011272230889082609,0.19841622943615805,28.062959230012314,67.68976273052529,0.78,0.54,0.03,0.979,0.92,0.04328298568725586,205.87367700701293,500.0,True,0.095
AOM_P,gammaCDff2_minus,0.78,0.54,0.03,0.974,0.92,0.13781512605042018,0.011007740101335126,0.19613845830894186,27.521583191867624,66.26121284689712,0.78,0.54,0.03,0.979,0.92,0.04328298568725586,205.87367700701293,500.0,True,0.095
AOM_P,gammaCDff2_minus,0.78,0.54,0.03,0.974,0.92,0.1453781512605042,0.010754157250784723,0.19389038910752232,26.996651678730526,64.88116543876265,0.78,0.54,0.03,0.979,0.92,0.04328298568725586,205.87367700701293,500.0,True,0.095
AOM_P,gammaCDff2_minus,0.78,0.54,0.03,0.974,0.92,0.15294117647058825,0.010510598493459084,0.1916701698316634,26.48700692204296,63.54613384585971,0.78,0.54,0.03,0.979,0.92,0.04328298568725586,205.87367700701293,500.0,True,0.095
AOM_P,gammaCDff2_minus,0.78,0.54,0.03,0.974,0.92,0.16050420168067228,0.010276324948954804,0.1894762648352326,25.991690775369747,62.25327127788753,0.78,0.54,0.03,0.979,0.92,0.04328298568725586,205.87367700701293,500.0,True,0.095
AOM_P,gammaCDff2_minus,0.78,0.54,0.03,0.974,0.92,0.16806722689075632,0.010050675383975083,0.18730725596192477,25.50983171701762,60.99997787482642,0.78,0.54,0.03,0.979,0.92,0.04328298568725586,205.87367700701293,500.0,True,0.095
AOM_P,gammaCDff2_minus,0.78,0.54,0.03,0.974,0.92,0.17563025210084032,0.009833026182334155,0.18516176421745914,25.04059304576291,59.78374037387724,0.78,0.54,0.03,0.979,0.92,0.04328298568725586,205.87367700701293,500.0,True,0.095
AOM_P,gammaCDff2_minus,0.78,0.54,0.03,0.974,0.92,0.18319327731092439,0.009622842218018245,0.18303861436747534,24.583268031469448,58.602470843752805,0.78,0.54,0.03,0.979,0.92,0.04328298568725586,205.87367700701293,500.0,True,0.095
AOM_P,gammaCDff2_minus,0.78,0.54,0.03,0.974,0.92,0.1907563025210084,0.009419565076934096,0.18093645848014528,24.137056707399925,57.45368907438697,0.78,0.54,0.03,0.979,0.92,0.04328298568725586,205.87367700701293,500.0,True,0.095
AOM_P,gammaCDff2_minus,0.78,0.54,0.03,0.974,0.92,0.19831932773109245,0.009222756995883659,0.17885428768804626,23.701362269404306,56.335615787150324,0.78,0.54,0.03,0.979,0.92,0.04328298568725586,205.87367700701293,500.0,True,0.095
AOM_P,gammaCDff2_minus,0.78,0.54,0.03,0.974,0.92,0.20588235294117646,0.00903205882650635,0.17679130073030477,23.275714867634164,55.24690278318415,0.78,0.54,0.03,0.979,0.92,0.04328298568725586,205.87367700701293,500.0,True,0.095
AOM_P,gammaCDff2_minus,0.78,0.54,0.03,0.974,0.92,0.21344537815126052,0.008847057542276406,0.17474643598246717,22.85950238419003,54.18564106854379,0.78,0.54,0.03,0.979,0.92,0.04328298568725586,205.87367700701293,500.0,True,0.095
AOM_P,gammaCDff2_minus,0.78,0.54,0.03,0.974,0.92,0.22100840336134453,0.008667438327956111,0.1727189779046162,22.45230446630302,53.15061643851372,0.78,0.54,0.03,0.979,0.92,0.04328298568725586,205.87367700701293,500.0,True,0.095
AOM_P,gammaCDff2_minus,0.78,0.54,0.03,0.974,0.92,0.22857142857142856,0.0084929218191453,0.17070828794469317,22.053750187482517,52.14077120149443,0.78,0.54,0.03,0.979,0.92,0.04328298568725586,205.87367700701293,500.0,True,0.095
AOM_P,gammaCDff2_minus,0.78,0.54,0.03,0.974,0.92,0.2361344537815126,0.008323185138834571,0.1687134888081143,21.66334441392857,51.154548357966235,0.78,0.54,0.03,0.979,0.92,0.04328298568725586,205.87367700701293,500.0,True,0.095
AOM_P,gammaCDff2_minus,0.78,0.54,0.03,0.974,0.92,0.24369747899159663,0.008157992753193436,0.16673400335989919,21.280763052772986,50.19101587226774,0.78,0.54,0.03,0.979,0.92,0.04328298568725586,205.87367700701293,500.0,True,0.095
AOM_P,gammaCDff2_minus,0.78,0.54,0.03,0.974,0.92,0.25126050420168067,0.007997125523086939,0.1647692825389118,20.90570027429164,49.24928967975529,0.78,0.54,0.03,0.979,0.92,0.04328298568725586,205.87367700701293,500.0,True,0.095
AOM_P,gammaCDff2_minus,0.78,0.54,0.03,0.974,0.92,0.2588235294117647,0.007840318004986493,0.1628185523593521,20.537728281201247,48.3279969246395,0.78,0.54,0.03,0.979,0.92,0.04328298568725586,205.87367700701293,500.0,True,0.095
AOM_P,gammaCDff2_minus,0.78,0.54,0.03,0.974,0.92,0.26638655462184874,0.007687368536634829,0.16088127969913657,20.176551598478994,47.42625644834618,0.78,0.54,0.03,0.979,0.92,0.04328298568725586,205.87367700701293,500.0,True,0.095
AOM_P,gammaCDff2_minus,0.78,0.54,0.03,0.974,0.92,0.2739495798319328,0.007538119719037078,0.15895709233598931,19.82196410483091,46.54351699673863,0.78,0.54,0.03,0.979,0.92,0.04328298568725586,205.87367700701293,500.0,True,0.095
AOM_P,gammaCDff2_minus,0.78,0.54,0.03,0.974,0.92,0.2815126050420168,0.007392389411241679,0.15704547744808403,19.473686732404296,45.678927278052996,0.78,0.54,0.03,0.979,0.92,0.04328298568725586,205.87367700701293,500.0,True,0.095
AOM_P,gammaCDff2_minus,0.78,0.54,0.03,0.974,0.92,0.2890756302521008,0.007249990482225245,0.1551458716924963,19.131415134151,44.831520581833644,0.78,0.54,0.03,0.979,0.92,0.04328298568725586,205.87367700701293,500.0,True,0.095
AOM_P,gammaCDff2_minus,0.78,0.54,0.03,0.974,0.92,0.2966386554621849,0.007110792811801319,0.15325794740691562,18.794970633602325,44.000809374906886,0.78,0.54,0.03,0.979,0.92,0.04328298568725586,205.87367700701293,500.0,True,0.095
AOM_P,gammaCDff2_minus,0.78,0.54,0.03,0.974,0.92,0.30420168067226894,0.006974675894202889,0.1513813980304457,18.46418772554386,43.1863461408702,0.78,0.54,0.03,0.979,0.92,0.04328298568725586,205.87367700701293,500.0,True,0.095
AOM_P,gammaCDff2_minus,0.78,0.54,0.03,0.974,0.92,0.31176470588235294,0.0068414806056467355,0.14951571242322415,18.13879572364896,42.387254041157455,0.78,0.54,0.03,0.979,0.92,0.04328298568725586,205.87367700701293,500.0,True,0.095
AOM_P,gammaCDff2_minus,0.78,0.54,0.03,0.974,0.92,0.31932773109243695,0.0067110843531284605,0.1476605390581747,17.818607838550307,41.602981222062745,0.78,0.54,0.03,0.979,0.92,0.04328298568725586,205.87367700701293,500.0,True,0.095
AOM_P,gammaCDff2_minus,0.78,0.54,0.03,0.974,0.92,0.326890756302521,0.006583390300513091,0.14581563482790064,17.503494789239888,40.8331970247181,0.78,0.54,0.03,0.979,0.92,0.04328298568725586,205.87367700701293,500.0,True,0.095
AOM_P,gammaCDff2_minus,0.78,0.54,0.03,0.974,0.92,0.3344537815126051,0.00645828409495939,0.14398064853820716,17.193272723472337,40.07733928129109,0.78,0.54,0.03,0.979,0.92,0.04328298568725586,205.87367700701293,500.0,True,0.095
AOM_P,gammaCDff2_minus,0.78,0.54,0.03,0.974,0.92,0.3420168067226891,0.0063356425402688165,0.14215516576225803,16.887726041060006,39.33470504134032,0.78,0.54,0.03,0.979,0.92,0.04328298568725586,205.87367700701293,500.0,True,0.095
AOM_P,gammaCDff2_minus,0.78,0.54,0.03,0.974,0.92,0.3495798319327731,0.006215364109754708,0.1403388662426741,16.58668836169264,38.6047816156878,0.78,0.54,0.03,0.979,0.92,0.04328298568725586,205.87367700701293,500.0,True,0.095
AOM_P,gammaCDff2_minus,0.78,0.54,0.03,0.974,0.92,0.3571428571428571,0.006097378581821242,0.13853157533248137,16.290069164360233,37.88735804125729,0.78,0.54,0.03,0.979,0.92,0.04328298568725586,205.87367700701293,500.0,True,0.095
AOM_P,gammaCDff2_minus,0.78,0.54,0.03,0.974,0.92,0.3647058823529412,0.00598160627412692,0.1367330571397021,15.99774722698981,37.18209068789068,0.78,0.54,0.03,0.979,0.92,0.04328298568725586,205.87367700701293,500.0,True,0.095
AOM_P,gammaCDff2_minus,0.78,0.54,0.03,0.974,0.92,0.3722689075630252,0.005867953411306991,0.13494298569837695,15.709556603174489,36.48844269045718,0.78,0.54,0.03,0.979,0.92,0.04328298568725586,205.87367700701293,500.0,True,0.095
AOM_P,gammaCDff2_minus,0.78,0.54,0.03,0.974,0.92,0.3798319327731092,0.005756334135868758,0.13316106540221576,15.425347110523061,35.80593410230499,0.78,0.54,0.03,0.979,0.92,0.04328298568725586,205.87367700701293,500.0,True,0.095
AOM_P,gammaCDff2_minus,0.78,0.54,0.03,0.974,0.92,0.38739495798319323,0.0056466872890789796,0.13138713841573868,15.145035652232789,35.13436139232265,0.78,0.54,0.03,0.979,0.92,0.04328298568725586,205.87367700701293,500.0,True,0.095
AOM_P,gammaCDff2_minus,0.78,0.54,0.03,0.974,0.92,0.39495798319327735,0.005538954730618012,0.12962105057993692,14.86854215811318,34.47352749517164,0.78,0.54,0.03,0.979,0.92,0.04328298568725586,205.87367700701293,500.0,True,0.095
AOM_P,gammaCDff2_minus,0.78,0.54,0.03,0.974,0.92,0.40252100840336136,0.00543306310214931,0.1278625390035758,14.595735391769598,33.82301129539812,0.78,0.54,0.03,0.979,0.92,0.04328298568725586,205.87367700701293,500.0,True,0.095
AOM_P,gammaCDff2_minus,0.78,0.54,0.03,0.974,0.92,0.41008403361344536,0.005328937504375192,0.12611132126106037,14.326474927363819,33.182345401195754,0.78,0.54,0.03,0.979,0.92,0.04328298568725586,205.87367700701293,500.0,True,0.095
AOM_P,gammaCDff2_minus,0.78,0.54,0.03,0.974,0.92,0.41764705882352937,0.00522652575743246,0.12436723675524143,14.060680841609498,32.55131287760794,0.78,0.54,0.03,0.979,0.92,0.04328298568725586,205.87367700701293,500.0,True,0.095
AOM_P,gammaCDff2_minus,0.78,0.54,0.03,0.974,0.92,0.4252100840336135,0.005125790437097989,0.1226302018259083,13.798311696966621,31.92985545162467,0.78,0.54,0.03,0.979,0.92,0.04328298568725586,205.87367700701293,500.0,True,0.095
AOM_P,gammaCDff2_minus,0.78,0.54,0.03,0.974,0.92,0.4327731092436975,0.005026671289146476,0.12089999290685392,13.539257506372191,31.3176191240636,0.78,0.54,0.03,0.979,0.92,0.04328298568725586,205.87367700701293,500.0,True,0.095
AOM_P,gammaCDff2_minus,0.78,0.54,0.03,0.974,0.92,0.4403361344537815,0.004929112203360248,0.11917640288609209,13.283416626432738,30.71427988231522,0.78,0.54,0.03,0.979,0.92,0.04328298568725586,205.87367700701293,500.0,True,0.095
AOM_P,gammaCDff2_minus,0.78,0.54,0.03,0.974,0.92,0.4478991596638655,0.0048330520762910854,0.11745918212527012,13.03066756575684,30.119420454528594,0.78,0.54,0.03,0.979,0.92,0.04328298568725586,205.87367700701293,500.0,True,0.095
AOM_P,gammaCDff2_minus,0.78,0.54,0.03,0.974,0.92,0.4554621848739496,0.004738440182220445,0.1157481398689811,12.780917295395748,29.53274259720575,0.78,0.54,0.03,0.979,0.92,0.04328298568725586,205.87367700701293,500.0,True,0.095
AOM_P,gammaCDff2_minus,0.78,0.54,0.03,0.974,0.92,0.46302521008403363,0.0046452507073516894,0.11404324048333687,12.53414726323277,28.954270536513928,0.78,0.54,0.03,0.979,0.92,0.04328298568725586,205.87367700701293,500.0,True,0.095
AOM_P,gammaCDff2_minus,0.78,0.54,0.03,0.974,0.92,0.47058823529411764,0.004553445006102709,0.1123443571016423,12.290295920084684,28.383836513083047,0.78,0.54,0.03,0.979,0.92,0.04328298568725586,205.87367700701293,500.0,True,0.095
AOM_P,gammaCDff2_minus,0.78,0.54,0.03,0.974,0.92,0.47815126050420165,0.004462978742529064,0.11065131849776229,12.049280838476713,27.821176605375122,0.78,0.54,0.03,0.979,0.92,0.04328298568725586,205.87367700701293,500.0,True,0.095
AOM_P,gammaCDff2_minus,0.78,0.54,0.03,0.974,0.92,0.48571428571428577,0.004373808082498258,0.10896394916753213,11.811017951183684,27.26601469444355,0.78,0.54,0.03,0.979,0.92,0.04328298568725586,205.87367700701293,500.0,True,0.095
AOM_P,gammaCDff2_minus,0.78,0.54,0.03,0.974,0.92,0.49327731092436977,0.004285888039766161,0.10728205827593822,11.575416322414696,26.718039095818924,0.78,0.54,0.03,0.979,0.92,0.04328298568725586,205.87367700701293,500.0,True,0.095
AOM_P,gammaCDff2_minus,0.78,0.54,0.03,0.974,0.92,0.5008403361344538,0.0041991872292522015,0.1056055433574075,11.34242662107381,26.177120628156132,0.78,0.54,0.03,0.979,0.92,0.04328298568725586,205.87367700701293,500.0,True,0.095
AOM_P,gammaCDff2_minus,0.78,0.54,0.03,0.974,0.92,0.5084033613445378,0.004113685436424677,0.10393437416293913,11.11203368531086,25.643280698741894,0.78,0.54,0.03,0.979,0.92,0.04328298568725586,205.87367700701293,500.0,True,0.095
AOM_P,gammaCDff2_minus,0.78,0.54,0.03,0.974,0.92,0.5159663865546219,0.0040293469545728215,0.10226840658423345,10.884169442489103,25.116300189918025,0.78,0.54,0.03,0.979,0.92,0.04328298568725586,205.87367700701293,500.0,True,0.095
AOM_P,gammaCDff2_minus,0.78,0.54,0.03,0.974,0.92,0.5235294117647059,0.0039461381423743095,0.10060750553740666,10.658770240427359,24.595976254908553,0.78,0.54,0.03,0.979,0.92,0.04328298568725586,205.87367700701293,500.0,True,0.095
AOM_P,gammaCDff2_minus,0.78,0.54,0.03,0.974,0.92,0.5310924369747899,0.003864022046807663,0.09895150629753943,10.435759133050952,24.0820418050839,0.78,0.54,0.03,0.979,0.92,0.04328298568725586,205.87367700701293,500.0,True,0.095
AOM_P,gammaCDff2_minus,0.78,0.54,0.03,0.974,0.92,0.5386554621848739,0.0037829660751087313,0.09730027058033261,10.215071496258249,23.574282361371065,0.78,0.54,0.03,0.979,0.92,0.04328298568725586,205.87367700701293,500.0,True,0.095
AOM_P,gammaCDff2_minus,0.78,0.54,0.03,0.974,0.92,0.546218487394958,0.003702956815458859,0.095653794763523,9.996704583628398,23.07276275508766,0.78,0.54,0.03,0.979,0.92,0.04328298568725586,205.87367700701293,500.0,True,0.095
AOM_P,gammaCDff2_minus,0.78,0.54,0.03,0.974,0.92,0.553781512605042,0.0036239687598736067,0.09401198314557951,9.780613863803206,22.57735550835761,0.78,0.54,0.03,0.979,0.92,0.04328298568725586,205.87367700701293,500.0,True,0.095
AOM_P,gammaCDff2_minus,0.78,0.54,0.03,0.974,0.92,0.561344537815126,0.003545973936064575,0.09237471786047134,9.566744844828381,22.087884871993264,0.78,0.54,0.03,0.979,0.92,0.04328298568725586,205.87367700701293,500.0,True,0.095
AOM_P,gammaCDff2_minus,0.78,0.54,0.03,0.974,0.92,0.5689075630252101,0.003468943989231547,0.09074187318058188,9.355039687516276,21.604156187649867,0.78,0.54,0.03,0.979,0.92,0.04328298568725586,205.87367700701293,500.0,True,0.095
AOM_P,gammaCDff2_minus,0.78,0.54,0.03,0.974,0.92,0.5764705882352942,0.0033928498956504105,0.08911331352492807,9.145436271723202,21.125951516183765,0.78,0.54,0.03,0.979,0.92,0.04328298568725586,205.87367700701293,500.0,True,0.095
AOM_P,gammaCDff2_minus,0.78,0.54,0.03,0.974,0.92,0.5840336134453782,0.0033176723390751007,0.08748897519749423,8.937905088852528,20.65320322102053,0.78,0.54,0.03,0.979,0.92,0.04328298568725586,205.87367700701293,500.0,True,0.095
AOM_P,gammaCDff2_minus,0.78,0.54,0.03,0.974,0.92,0.5915966386554622,0.003243397836634708,0.0858688365695734,8.732435883479686,20.18593244882801,0.78,0.54,0.03,0.979,0.92,0.04328298568725586,205.87367700701293,500.0,True,0.095
AOM_P,gammaCDff2_minus,0.78,0.54,0.03,0.974,0.92,0.5991596638655462,0.003170002732687069,0.08425279251515468,8.528980886594617,19.723981924985182,0.78,0.54,0.03,0.979,0.92,0.04328298568725586,205.87367700701293,500.0,True,0.095
AOM_P,gammaCDff2_minus,0.78,0.54,0.03,0.974,0.92,0.6067226890756302,0.0030974645520227954,0.08264074358754749,8.327495008687274,19.267204446482125,0.78,0.54,0.03,0.979,0.92,0.04328298568725586,205.87367700701293,500.0,True,0.095
AOM_P,gammaCDff2_minus,0.78,0.54,0.03,0.974,0.92,0.6142857142857142,0.0030257619272312866,0.08103259567282041,8.127935678161945,18.815462300434746,0.78,0.54,0.03,0.979,0.92,0.04328298568725586,205.87367700701293,500.0,True,0.095
AOM_P,gammaCDff2_minus,0.78,0.54,0.03,0.974,0.92,0.6218487394957983,0.0029548709189364344,0.0794282300326663,7.930249589457448,18.36856379442278,0.78,0.54,0.03,0.979,0.92,0.04328298568725586,205.87367700701293,500.0,True,0.095
AOM_P,gammaCDff2_minus,0.78,0.54,0.03,0.974,0.92,0.6294117647058823,0.002884767239188724,0.07782752167978865,7.734380792492435,17.9263020125634,0.78,0.54,0.03,0.979,0.92,0.04328298568725586,205.87367700701293,500.0,True,0.095
AOM_P,gammaCDff2_minus,0.78,0.54,0.03,0.974,0.92,0.6369747899159663,0.0028154450109831855,0.07623049348396747,7.5403388182104365,17.488782207067512,0.78,0.54,0.03,0.979,0.92,0.04328298568725586,205.87367700701293,500.0,True,0.095
AOM_P,gammaCDff2_minus,0.78,0.54,0.03,0.974,0.92,0.6445378151260504,0.002746889314903254,0.07463709156869139,7.3480995223642545,17.05594714082804,0.78,0.54,0.03,0.979,0.92,0.04328298568725586,205.87367700701293,500.0,True,0.095
AOM_P,gammaCDff2_minus,0.78,0.54,0.03,0.974,0.92,0.6521008403361345,0.002679081790757982,0.07304723104864123,7.157625167158227,16.627672378652836,0.78,0.54,0.03,0.979,0.92,0.04328298568725586,205.87367700701293,500.0,True,0.095
AOM_P,gammaCDff2_minus,0.78,0.54,0.03,0.974,0.92,0.6596638655462185,0.0026120049210050012,0.07146083128040645,6.9688799829494945,16.20384098742139,0.78,0.54,0.03,0.979,0.92,0.04328298568725586,205.87367700701293,500.0,True,0.095
AOM_P,gammaCDff2_minus,0.78,0.54,0.03,0.974,0.92,0.6672268907563025,0.0025456414723831608,0.06987781133235009,6.781828179370547,15.784333914859399,0.78,0.54,0.03,0.979,0.92,0.04328298568725586,205.87367700701293,500.0,True,0.095
AOM_P,gammaCDff2_minus,0.78,0.54,0.03,0.974,0.92,0.6747899159663865,0.002479972487726924,0.06829807321964514,6.596426586011395,15.368993875420724,0.78,0.54,0.03,0.979,0.92,0.04328298568725586,205.87367700701293,500.0,True,0.095
AOM_P,gammaCDff2_minus,0.78,0.54,0.03,0.974,0.92,0.6823529411764706,0.0024149813745609006,0.06672153637883853,6.412639736066552,14.957699386249429,0.78,0.54,0.03,0.979,0.92,0.04328298568725586,205.87367700701293,500.0,True,0.095
AOM_P,gammaCDff2_minus,0.78,0.54,0.03,0.974,0.92,0.6899159663865546,0.0023506635242881387,0.06514821890054176,6.230475520088704,14.550540694621722,0.78,0.54,0.03,0.979,0.92,0.04328298568725586,205.87367700701293,500.0,True,0.095
AOM_P,gammaCDff2_minus,0.78,0.54,0.03,0.974,0.92,0.6974789915966386,0.0022870038711992045,0.06357804893681204,6.049902553919107,14.147414036448676,0.78,0.54,0.03,0.979,0.92,0.04328298568725586,205.87367700701293,500.0,True,0.095
AOM_P,gammaCDff2_minus,0.78,0.54,0.03,0.974,0.92,0.7050420168067226,0.002223987996513627,0.06201095801279914,5.870890997908172,13.748221605794507,0.78,0.54,0.03,0.979,0.92,0.04328298568725586,205.87367700701293,500.0,True,0.095
AOM_P,gammaCDff2_minus,0.78,0.54,0.03,0.974,0.92,0.7126050420168067,0.002161602094066595,0.060446880849736866,5.6934124769574606,13.35287126352048,0.78,0.54,0.03,0.979,0.92,0.04328298568725586,205.87367700701293,500.0,True,0.095
AOM_P,gammaCDff2_minus,0.78,0.54,0.03,0.974,0.92,0.7201680672268908,0.002099832262727556,0.0588857493454101,5.517437460678481,12.96126341272511,0.78,0.54,0.03,0.979,0.92,0.04328298568725586,205.87367700701293,500.0,True,0.095
AOM_P,gammaCDff2_minus,0.78,0.54,0.03,0.974,0.92,0.7277310924369748,0.0020386638431332876,0.057327486913668055,5.342932794203701,12.573278567456523,0.78,0.54,0.03,0.979,0.92,0.04328298568725586,205.87367700701293,500.0,True,0.095
AOM_P,gammaCDff2_minus,0.78,0.54,0.03,0.974,0.92,0.7352941176470588,0.001978087536531699,0.055772061588540985,5.169884774933052,12.188893898622783,0.78,0.54,0.03,0.979,0.92,0.04328298568725586,205.87367700701293,500.0,True,0.095
AOM_P,gammaCDff2_minus,0.78,0.54,0.03,0.974,0.92,0.7428571428571429,0.0019180936940927432,0.054219436785614854,4.998277793355585,11.808076002542283,0.78,0.54,0.03,0.979,0.92,0.04328298568725586,205.87367700701293,500.0,True,0.095
AOM_P,gammaCDff2_minus,0.78,0.54,0.03,0.974,0.92,0.7504201680672269,0.0018586703883248673,0.05266955464015682,4.828087058903119,11.430743845796274,0.78,0.54,0.03,0.979,0.92,0.04328298568725586,205.87367700701293,500.0,True,0.095
AOM_P,gammaCDff2_minus,0.78,0.54,0.03,0.974,0.92,0.7579831932773109,0.0017998057405740633,0.0511223562832618,4.659287406778176,11.056813173759236,0.78,0.54,0.03,0.979,0.92,0.04328298568725586,205.87367700701293,500.0,True,0.095
AOM_P,gammaCDff2_minus,0.78,0.54,0.03,0.974,0.92,0.7655462184873949,0.0017414907592934914,0.049577805595196665,4.49186354153662,10.686248638293614,0.78,0.54,0.03,0.979,0.92,0.04328298568725586,205.87367700701293,500.0,True,0.095
AOM_P,gammaCDff2_minus,0.78,0.54,0.03,0.974,0.92,0.773109243697479,0.0016837150868091242,0.04803585382887586,4.325794789737758,10.318986547444382,0.78,0.54,0.03,0.979,0.92,0.04328298568725586,205.87367700701293,500.0,True,0.095
AOM_P,gammaCDff2_minus,0.78,0.54,0.03,0.974,0.92,0.780672268907563,0.0016264680800021766,0.04649644861734695,4.161058994035961,9.954954523014827,0.78,0.54,0.03,0.979,0.92,0.04328298568725586,205.87367700701293,500.0,True,0.095
AOM_P,gammaCDff2_minus,0.78,0.54,0.03,0.974,0.92,0.788235294117647,0.001569739042352165,0.04495953594516495,3.9976333983795027,9.594076042066131,0.78,0.54,0.03,0.979,0.92,0.04328298568725586,205.87367700701293,500.0,True,0.095
AOM_P,gammaCDff2_minus,0.78,0.54,0.03,0.974,0.92,0.795798319327731,0.0015135201629810201,0.04342508491660192,3.835504884995748,9.236322463160938,0.78,0.54,0.03,0.979,0.92,0.04328298568725586,205.87367700701293,500.0,True,0.095
AOM_P,gammaCDff2_minus,0.78,0.54,0.03,0.974,0.92,0.8033613445378152,0.0014578017797431029,0.04189304799698927,3.6746535558442193,8.881629871052942,0.78,0.54,0.03,0.979,0.92,0.04328298568725586,205.87367700701293,500.0,True,0.095
AOM_P,gammaCDff2_minus,0.78,0.54,0.03,0.974,0.92,0.8109243697478992,0.0014025743721403417,0.040363377618381095,3.51505964069765,8.529934017233487,0.78,0.54,0.03,0.979,0.92,0.04328298568725586,205.87367700701293,500.0,True,0.095
AOM_P,gammaCDff2_minus,0.78,0.54,0.03,0.974,0.92,0.8184873949579832,0.0013478288306671407,0.03883602873824942,3.3567044450173893,8.181175171612761,0.78,0.54,0.03,0.979,0.92,0.04328298568725586,205.87367700701293,500.0,True,0.095
AOM_P,gammaCDff2_minus,0.78,0.54,0.03,0.974,0.92,0.8260504201680672,0.001293557324771481,0.03731096726420839,3.199573387024838,7.835313671775597,0.78,0.54,0.03,0.979,0.92,0.04328298568725586,205.87367700701293,500.0,True,0.095
AOM_P,gammaCDff2_minus,0.78,0.54,0.03,0.974,0.92,0.8336134453781512,0.0012397512566208106,0.035788150414975475,3.043648917393962,7.492293961739866,0.78,0.54,0.03,0.979,0.92,0.04328298568725586,205.87367700701293,500.0,True,0.095
AOM_P,gammaCDff2_minus,0.78,0.54,0.03,0.974,0.92,0.8411764705882353,0.0011864023066591486,0.03426753664351554,2.8889141322896092,7.152062895580816,0.78,0.54,0.03,0.979,0.92,0.04328298568725586,205.87367700701293,500.0,True,0.095
AOM_P,gammaCDff2_minus,0.78,0.54,0.03,0.974,0.92,0.8487394957983193,0.0011335024890297165,0.03274908698463672,2.735353023645313,6.814571440356917,0.78,0.54,0.03,0.979,0.92,0.04328298568725586,205.87367700701293,500.0,True,0.095
AOM_P,gammaCDff2_minus,0.78,0.54,0.03,0.974,0.92,0.8563025210084033,0.0010810440399514662,0.031232764134431174,2.582950093027955,6.47977318366172,0.78,0.54,0.03,0.979,0.92,0.04328298568725586,205.87367700701293,500.0,True,0.095
AOM_P,gammaCDff2_minus,0.78,0.54,0.03,0.974,0.92,0.8638655462184873,0.0010290192228622954,0.029718529736833747,2.4316896118657496,6.14762044529705,0.78,0.54,0.03,0.979,0.92,0.04328298568725586,205.87367700701293,500.0,True,0.095
AOM_P,gammaCDff2_minus,0.78,0.54,0.03,0.974,0.92,0.8714285714285714,0.0009774204275722826,0.02820634557354891,2.28155594424149,5.818066627167881,0.78,0.54,0.03,0.979,0.92,0.04328298568725586,205.87367700701293,500.0,True,0.095
AOM_P,gammaCDff2_minus,0.78,0.54,0.03,0.974,0.92,0.8789915966386554,0.0009262401566251583,0.026696173793607603,2.1325334869454906,5.491066214965117,0.78,0.54,0.03,0.979,0.92,0.04328298568725586,205.87367700701293,500.0,True,0.095
AOM_P,gammaCDff2_minus,0.78,0.54,0.03,0.974,0.92,0.8865546218487395,0.0008754710129119565,0.025187977649591232,1.9846068053028063,5.166574449618683,0.78,0.54,0.03,0.979,0.92,0.04328298568725586,205.87367700701293,500.0,True,0.095
AOM_P,gammaCDff2_minus,0.78,0.54,0.03,0.974,0.92,0.8941176470588235,0.0008251056010835629,0.023681715900703327,1.8377591588751474,4.84454810353776,0.78,0.54,0.03,0.979,0.92,0.04328298568725586,205.87367700701293,500.0,True,0.095
AOM_P,gammaCDff2_minus,0.78,0.54,0.03,0.974,0.92,0.9016806722689076,0.0007751364999562607,0.022177341594499706,1.6919721985121199,4.524945421895989,0.78,0.54,0.03,0.979,0.92,0.04328298568725586,205.87367700701293,500.0,True,0.095
AOM_P,gammaCDff2_minus,0.78,0.54,0.03,0.974,0.92,0.9092436974789916,0.0007255562042909968,0.02067479830846608,1.547224926122541,4.207726604265639,0.78,0.54,0.03,0.979,0.92,0.04328298568725586,205.87367700701293,500.0,True,0.095
AOM_P,gammaCDff2_minus,0.78,0.54,0.03,0.974,0.92,0.9168067226890756,0.0006763570282367979,0.019174012786535185,1.403491935671978,3.8928547795518718,0.78,0.54,0.03,0.979,0.92,0.04328298568725586,205.87367700701293,500.0,True,0.095
AOM_P,gammaCDff2_minus,0.78,0.54,0.03,0.974,0.92,0.9243697478991596,0.0006275309178534358,0.017674879445620358,1.2607405980476778,3.5802971088823003,0.78,0.54,0.03,0.979,0.92,0.04328298568725586,205.87367700701293,500.0,True,0.095
AOM_P,gammaCDff2_minus,0.78,0.54,0.03,0.974,0.92,0.9319327731092437,0.0005790691416773558,0.01617722248710372,1.1189259923985615,3.270025870333727,0.78,0.54,0.03,0.979,0.92,0.04328298568725586,205.87367700701293,500.0,True,0.095
AOM_P,gammaCDff2_minus,0.78,0.54,0.03,0.974,0.92,0.9394957983193277,0.0005309620411681605,0.014680743717260613,0.9779846583227711,2.962020853197899,0.78,0.54,0.03,0.979,0.92,0.04328298568725586,205.87367700701293,500.0,True,0.095
AOM_P,gammaCDff2_minus,0.78,0.54,0.03,0.974,0.92,0.9470588235294117,0.0004831983815972024,0.013184927728539129,0.8378258063160191,2.656267500257124,0.78,0.54,0.03,0.979,0.92,0.04328298568725586,205.87367700701293,500.0,True,0.095
AOM_P,gammaCDff2_minus,0.78,0.54,0.03,0.974,0.92,0.9546218487394957,0.0004357639276048738,0.011688810617275596,0.6983138641318628,2.35269521014804,0.78,0.54,0.03,0.979,0.92,0.04328298568725586,205.87367700701293,500.0,True,0.095
AOM_P,gammaCDff2_minus,0.78,0.54,0.03,0.974,0.92,0.9621848739495799,0.00038863943060373364,0.010190582281386583,0.5592327791834858,2.0509285812211986,0.78,0.54,0.03,0.979,0.92,0.04328298568725586,205.87367700701293,500.0,True,0.095
AOM_P,gammaCDff2_minus,0.78,0.54,0.03,0.974,0.92,0.9697478991596639,0.0003417827794163664,0.00868643044342601,0.420137265672901,1.7489954667798338,0.78,0.54,0.03,0.979,0.92,0.04328298568725586,205.87367700701293,500.0,True,0.095
AOM_P,gammaCDff2_minus,0.78,0.54,0.03,0.974,0.92,0.9773109243697479,0.00029500953723207143,0.007166422271025007,0.2797738721081685,1.4382208801001257,0.78,0.54,0.03,0.979,0.92,0.04328298568725586,205.87367700701293,500.0,True,0.095
AOM_P,gammaCDff2_minus,0.78,0.54,0.03,0.974,0.92,0.9848739495798319,0.0002468585962805531,0.005590834653789031,0.13443498573746038,1.0846978969980359,0.78,0.54,0.03,0.979,0.92,0.04328298568725586,205.87367700701293,500.0,True,0.095
AOM_P,gammaCDff2_minus,0.78,0.54,0.03,0.974,0.92,0.992436974789916,0.00018440392130032585,0.003737120079631919,-0.01599166259029256,0.5951302746655787,0.78,0.54,0.03,0.979,0.92,0.04328298568725586,205.87367700701293,500.0,True,0.095
AOM_P,gammaCDff2_minus,0.78,0.54,0.03,0.974,0.92,1.0,0.0,0.0,0.0,0.0,0.78,0.54,0.03,0.979,0.92,0.04328298568725586,205.87367700701293,500.0,True,0.095
AOM_P,gammaDDff2_plus,0.78,0.54,0.03,0.979,0.93,0.1,0.012460877120791188,0.2078682579748818,26.020908931047092,68.12246300092733,0.78,0.54,0.03,0.979,0.92,0.04189705848693848,205.87367710257413,500.0,True,0.095
AOM_P,gammaDDff2_plus,0.78,0.54,0.03,0.979,0.93,0.10756302521008404,0.012141133099976218,0.20544831626300003,25.462022548300762,66.5264041945719,0.78,0.54,0.03,0.979,0.92,0.04189705848693848,205.87367710257413,500.0,True,0.095
AOM_P,gammaDDff2_plus,0.78,0.54,0.03,0.979,0.93,0.11512605042016807,0.011837338722598994,0.20306806668017735,24.924365989476165,64.99652463807688,0.78,0.54,0.03,0.979,0.92,0.04189705848693848,205.87367710257413,500.0,True,0.095
AOM_P,gammaDDff2_plus,0.78,0.54,0.03,0.979,0.93,0.12268907563025211,0.011547925469600253,0.20072452179423556,24.40609928501815,63.527017376054395,0.78,0.54,0.03,0.979,0.92,0.04189705848693848,205.87367710257413,500.0,True,0.095
AOM_P,gammaDDff2_plus,0.78,0.54,0.03,0.979,0.93,0.13025210084033614,0.011271618544204444,0.19841518111765724,23.90572720894334,62.11319825516201,0.78,0.54,0.03,0.979,0.92,0.04189705848693848,205.87367710257413,500.0,True,0.095
AOM_P,gammaDDff2_plus,0.78,0.54,0.03,0.979,0.93,0.13781512605042018,0.011007176311869295,0.19613744971356234,23.42171818542131,60.750144944613396,0.78,0.54,0.03,0.979,0.92,0.04189705848693848,205.87367710257413,500.0,True,0.095
AOM_P,gammaDDff2_plus,0.78,0.54,0.03,0.979,0.93,0.1453781512605042,0.010753638829984515,0.1938894185309206,22.952944308210288,59.43434961718948,0.78,0.54,0.03,0.979,0.92,0.04189705848693848,205.87367710257413,500.0,True,0.095
AOM_P,gammaDDff2_plus,0.78,0.54,0.03,0.979,0.93,0.15294117647058825,0.010510122501399417,0.19166923557681723,22.49833213125922,58.162422928062036,0.78,0.54,0.03,0.979,0.92,0.04189705848693848,205.87367710257413,500.0,True,0.095
AOM_P,gammaDDff2_plus,0.78,0.54,0.03,0.979,0.93,0.16050420168067228,0.010275888735914911,0.1894753654722372,22.05699332448591,56.93159825920849,0.78,0.54,0.03,0.979,0.92,0.04189705848693848,205.87367710257413,500.0,True,0.095
AOM_P,gammaDDff2_plus,0.78,0.54,0.03,0.979,0.93,0.16806722689075632,0.010050276470311993,0.18730639002028723,21.62812000145868,55.73934827168235,0.78,0.54,0.03,0.979,0.92,0.04189705848693848,205.87367710257413,500.0,True,0.095
AOM_P,gammaDDff2_plus,0.78,0.54,0.03,0.979,0.93,0.17563025210084032,0.00983266230791324,0.18516093040721704,21.210937051286646,54.58323030532918,0.78,0.54,0.03,0.979,0.92,0.04189705848693848,205.87367710257413,500.0,True,0.095
AOM_P,gammaDDff2_plus,0.78,0.54,0.03,0.979,0.93,0.18319327731092439,0.009622511284591158,0.18303781144553713,20.804789884564318,53.461215274770254,0.78,0.54,0.03,0.979,0.92,0.04189705848693848,205.87367710257413,500.0,True,0.095
AOM_P,gammaDDff2_plus,0.78,0.54,0.03,0.979,0.93,0.1907563025210084,0.009419265106293139,0.1809356851066804,20.40893763556784,52.37089123826941,0.78,0.54,0.03,0.979,0.92,0.04189705848693848,205.87367710257413,500.0,True,0.095
AOM_P,gammaDDff2_plus,0.78,0.54,0.03,0.979,0.93,0.19831932773109245,0.009222486216566812,0.17885354282791452,20.022827790591755,51.31052932286916,0.78,0.54,0.03,0.979,0.92,0.04189705848693848,205.87367710257413,500.0,True,0.095
AOM_P,gammaDDff2_plus,0.78,0.54,0.03,0.979,0.93,0.20588235294117646,0.009031815576181676,0.17679058338670778,19.646025334296564,50.2788196482137,0.78,0.54,0.03,0.979,0.92,0.04189705848693848,205.87367710257413,500.0,True,0.095
AOM_P,gammaDDff2_plus,0.78,0.54,0.03,0.979,0.93,0.21344537815126052,0.008846840241705647,0.17474574507293658,19.2779637107272,49.273905594366276,0.78,0.54,0.03,0.979,0.92,0.04189705848693848,205.87367710257413,500.0,True,0.095
AOM_P,gammaDDff2_plus,0.78,0.54,0.03,0.979,0.93,0.22100840336134453,0.008667245533517852,0.17271831254347472,18.918253798268868,48.294607743009706,0.78,0.54,0.03,0.979,0.92,0.04189705848693848,205.87367710257413,500.0,True,0.095
AOM_P,gammaDDff2_plus,0.78,0.54,0.03,0.979,0.93,0.22857142857142856,0.008492752148465193,0.17070764718096626,18.56655218755235,47.339898366461114,0.78,0.54,0.03,0.979,0.92,0.04189705848693848,205.87367710257413,500.0,True,0.095
AOM_P,gammaDDff2_plus,0.78,0.54,0.03,0.979,0.93,0.2361344537815126,0.008323037334452783,0.1687128718497146,18.22240093313619,46.40826353737462,0.78,0.54,0.03,0.979,0.92,0.04189705848693848,205.87367710257413,500.0,True,0.095
AOM_P,gammaDDff2_plus,0.78,0.54,0.03,0.979,0.93,0.24369747899159663,0.008157865635338176,0.16673340947208531,17.885500283938075,45.49879779118283,0.78,0.54,0.03,0.979,0.92,0.04189705848693848,205.87367710257413,500.0,True,0.095
AOM_P,gammaDDff2_plus,0.78,0.54,0.03,0.979,0.93,0.25126050420168067,0.007997017943731208,0.16476871088261577,17.55556734545522,44.61064188649757,0.78,0.54,0.03,0.979,0.92,0.04189705848693848,205.87367710257413,500.0,True,0.095
AOM_P,gammaDDff2_plus,0.78,0.54,0.03,0.979,0.93,0.2588235294117647,0.007840228885897816,0.1628180021050811,17.232206563324215,43.74246040420456,0.78,0.54,0.03,0.979,0.92,0.04189705848693848,205.87367710257413,500.0,True,0.095
AOM_P,gammaDDff2_plus,0.78,0.54,0.03,0.979,0.93,0.26638655462184874,0.007687296891396856,0.16088075018757342,16.91514478016938,42.8933972118422,0.78,0.54,0.03,0.979,0.92,0.04189705848693848,205.87367710257413,500.0,True,0.095
AOM_P,gammaDDff2_plus,0.78,0.54,0.03,0.979,0.93,0.2739495798319328,0.007538064615081792,0.15895658295524373,16.604191394449284,42.06291725898595,0.78,0.54,0.03,0.979,0.92,0.04189705848693848,205.87367710257413,500.0,True,0.095
AOM_P,gammaDDff2_plus,0.78,0.54,0.03,0.979,0.93,0.2815126050420168,0.007392349931115658,0.15704498744356182,16.29908837512637,41.25019261754175,0.78,0.54,0.03,0.979,0.92,0.04189705848693848,205.87367710257413,500.0,True,0.095
AOM_P,gammaDDff2_plus,0.78,0.54,0.03,0.979,0.93,0.2890756302521008,0.007249965794788041,0.15514540049051664,15.99955454054946,40.45428342692049,0.78,0.54,0.03,0.979,0.92,0.04189705848693848,205.87367710257413,500.0,True,0.095
AOM_P,gammaDDff2_plus,0.78,0.54,0.03,0.979,0.93,0.2966386554621849,0.00711078213544877,0.15325749450140094,15.705424701143725,39.674716403549915,0.78,0.54,0.03,0.979,0.92,0.04189705848693848,205.87367710257413,500.0,True,0.095
AOM_P,gammaDDff2_plus,0.78,0.54,0.03,0.979,0.93,0.30420168067226894,0.006974678456772639,0.15138096281119867,15.41654579780687,38.91105683209619,0.78,0.54,0.03,0.979,0.92,0.04189705848693848,205.87367710257413,500.0,True,0.095
AOM_P,gammaDDff2_plus,0.78,0.54,0.03,0.979,0.93,0.31176470588235294,0.006841495675880059,0.14951529428795407,15.132667791253649,38.162451766735835,0.78,0.54,0.03,0.979,0.92,0.04189705848693848,205.87367710257413,500.0,True,0.095
AOM_P,gammaDDff2_plus,0.78,0.54,0.03,0.979,0.93,0.31932773109243695,0.006711111249786901,0.14766013749751355,14.85361815306107,37.428365121459976,0.78,0.54,0.03,0.979,0.92,0.04189705848693848,205.87367710257413,500.0,True,0.095
AOM_P,gammaDDff2_plus,0.78,0.54,0.03,0.979,0.93,0.326890756302521,0.006583428375990402,0.14581524937073598,14.579277441932065,36.70847622724412,0.78,0.54,0.03,0.979,0.92,0.04189705848693848,205.87367710257413,500.0,True,0.095
AOM_P,gammaDDff2_plus,0.78,0.54,0.03,0.979,0.93,0.3344537815126051,0.006458332720432262,0.1439802786637167,14.309475831062775,36.00223847976491,0.78,0.54,0.03,0.979,0.92,0.04189705848693848,205.87367710257413,500.0,True,0.095
AOM_P,gammaDDff2_plus,0.78,0.54,0.03,0.979,0.93,0.3420168067226891,0.006335701114073555,0.1421548109367121,14.044014233027871,35.30896803767846,0.78,0.54,0.03,0.979,0.92,0.04189705848693848,205.87367710257413,500.0,True,0.095
AOM_P,gammaDDff2_plus,0.78,0.54,0.03,0.979,0.93,0.3495798319327731,0.006215432073446922,0.14033852602516048,13.782739049304121,34.62816667098118,0.78,0.54,0.03,0.979,0.92,0.04189705848693848,205.87367710257413,500.0,True,0.095
AOM_P,gammaDDff2_plus,0.78,0.54,0.03,0.979,0.93,0.3571428571428571,0.006097455407176976,0.138531249340847,13.525566687573303,33.95963013958328,0.78,0.54,0.03,0.979,0.92,0.04189705848693848,205.87367710257413,500.0,True,0.095
AOM_P,gammaDDff2_plus,0.78,0.54,0.03,0.979,0.93,0.3647058823529412,0.005981691439460882,0.13673274492270268,13.272385184629707,33.30302456626896,0.78,0.54,0.03,0.979,0.92,0.04189705848693848,205.87367710257413,500.0,True,0.095
AOM_P,gammaDDff2_plus,0.78,0.54,0.03,0.979,0.93,0.3722689075630252,0.005868046414973274,0.13494268678703067,13.023041375036126,32.65782775071931,0.78,0.54,0.03,0.979,0.92,0.04189705848693848,205.87367710257413,500.0,True,0.095
AOM_P,gammaDDff2_plus,0.78,0.54,0.03,0.979,0.93,0.3798319327731092,0.005756434509669727,0.13316077940572685,12.77739668769237,32.02357311996802,0.78,0.54,0.03,0.979,0.92,0.04189705848693848,205.87367710257413,500.0,True,0.095
AOM_P,gammaDDff2_plus,0.78,0.54,0.03,0.979,0.93,0.38739495798319323,0.005646794591731573,0.1313868650086522,12.53537435599521,31.40006354128516,0.78,0.54,0.03,0.979,0.92,0.04189705848693848,205.87367710257413,500.0,True,0.095
AOM_P,gammaDDff2_plus,0.78,0.54,0.03,0.979,0.93,0.39495798319327735,0.005539068524834464,0.1296207893645728,12.296900372433209,30.787107869108134,0.78,0.54,0.03,0.979,0.92,0.04189705848693848,205.87367710257413,500.0,True,0.095
AOM_P,gammaDDff2_plus,0.78,0.54,0.03,0.979,0.93,0.40252100840336136,0.005433182964234318,0.12786228956096268,12.061853658018466,30.184296554589633,0.78,0.54,0.03,0.979,0.92,0.04189705848693848,205.87367710257413,500.0,True,0.095
AOM_P,gammaDDff2_plus,0.78,0.54,0.03,0.979,0.93,0.41008403361344536,0.005329063039474844,0.12611108323947018,11.830104722742062,29.591175073547593,0.78,0.54,0.03,0.979,0.92,0.04189705848693848,205.87367710257413,500.0,True,0.095
AOM_P,gammaDDff2_plus,0.78,0.54,0.03,0.979,0.93,0.41764705882352937,0.005226656596170611,0.12436700987519592,11.60157984386485,29.007533061207283,0.78,0.54,0.03,0.979,0.92,0.04189705848693848,205.87367710257413,500.0,True,0.095
AOM_P,gammaDDff2_plus,0.78,0.54,0.03,0.979,0.93,0.4252100840336135,0.005125926206688101,0.12262998572948794,11.376240708789604,28.4333145044793,0.78,0.54,0.03,0.979,0.92,0.04189705848693848,205.87367710257413,500.0,True,0.095
AOM_P,gammaDDff2_plus,0.78,0.54,0.03,0.979,0.93,0.4327731092436975,0.005026811633024883,0.1208997872497914,11.153985895747812,27.86817523080707,0.78,0.54,0.03,0.979,0.92,0.04189705848693848,205.87367710257413,500.0,True,0.095
AOM_P,gammaDDff2_plus,0.78,0.54,0.03,0.979,0.93,0.4403361344537815,0.004929256780073259,0.11917620733680807,10.934721680766502,27.31180027371743,0.78,0.54,0.03,0.979,0.92,0.04189705848693848,205.87367710257413,500.0,True,0.095
AOM_P,gammaDDff2_plus,0.78,0.54,0.03,0.979,0.93,0.4478991596638655,0.004833200556056808,0.11745899633903573,10.718336068521019,26.76378362905679,0.78,0.54,0.03,0.979,0.92,0.04189705848693848,205.87367710257413,500.0,True,0.095
AOM_P,gammaDDff2_plus,0.78,0.54,0.03,0.979,0.93,0.4554621848739496,0.004738592253207162,0.11574796354153094,10.504743306203977,26.22383545412925,0.78,0.54,0.03,0.979,0.92,0.04189705848693848,205.87367710257413,500.0,True,0.095
AOM_P,gammaDDff2_plus,0.78,0.54,0.03,0.979,0.93,0.46302521008403363,0.004645406074859215,0.11404307337290982,10.29392623665095,25.691980414211255,0.78,0.54,0.03,0.979,0.92,0.04189705848693848,205.87367710257413,500.0,True,0.095
AOM_P,gammaDDff2_plus,0.78,0.54,0.03,0.979,0.93,0.47058823529411764,0.004553603375988275,0.11234419890851816,10.085828074684212,25.16805566991501,0.78,0.54,0.03,0.979,0.92,0.04189705848693848,205.87367710257413,500.0,True,0.095
AOM_P,gammaDDff2_plus,0.78,0.54,0.03,0.979,0.93,0.47815126050420165,0.004463139832254789,0.11065116893202452,9.88037285158938,24.651804713331472,0.78,0.54,0.03,0.979,0.92,0.04189705848693848,205.87367710257413,500.0,True,0.095
AOM_P,gammaDDff2_plus,0.78,0.54,0.03,0.979,0.93,0.48571428571428577,0.00437397161754495,0.1089638079260794,9.677483093103268,24.142959068884107,0.78,0.54,0.03,0.979,0.92,0.04189705848693848,205.87367710257413,500.0,True,0.095
AOM_P,gammaDDff2_plus,0.78,0.54,0.03,0.979,0.93,0.49327731092436977,0.004286053759613942,0.10728192508448754,9.477075035383388,23.64121563592122,0.78,0.54,0.03,0.979,0.92,0.04189705848693848,205.87367710257413,500.0,True,0.095
AOM_P,gammaDDff2_plus,0.78,0.54,0.03,0.979,0.93,0.5008403361344538,0.004199354890325695,0.1056054180065141,9.279103218243117,23.146449369354766,0.78,0.54,0.03,0.979,0.92,0.04189705848693848,205.87367710257413,500.0,True,0.095
AOM_P,gammaDDff2_plus,0.78,0.54,0.03,0.979,0.93,0.5084033613445378,0.004113854793025896,0.1039342563876138,9.083553577646468,22.658681835249197,0.78,0.54,0.03,0.979,0.92,0.04189705848693848,205.87367710257413,500.0,True,0.095
AOM_P,gammaDDff2_plus,0.78,0.54,0.03,0.979,0.93,0.5159663865546219,0.004029517770104722,0.10226829612735427,8.890363407551458,22.177700118515737,0.78,0.54,0.03,0.979,0.92,0.04189705848693848,205.87367710257413,500.0,True,0.095
AOM_P,gammaDDff2_plus,0.78,0.54,0.03,0.979,0.93,0.5235294117647059,0.003946310188814999,0.1006074021492439,8.699474076877506,21.703307156183108,0.78,0.54,0.03,0.979,0.92,0.04189705848693848,205.87367710257413,500.0,True,0.095
AOM_P,gammaDDff2_plus,0.78,0.54,0.03,0.979,0.93,0.5310924369747899,0.003864195103470473,0.0989514097243085,8.510814743027106,21.23524319299769,0.78,0.54,0.03,0.979,0.92,0.04189705848693848,205.87367710257413,500.0,True,0.095
AOM_P,gammaDDff2_plus,0.78,0.54,0.03,0.979,0.93,0.5386554621848739,0.0037831399305021094,0.09730018058333283,8.32432590681829,20.77329980858343,0.78,0.54,0.03,0.979,0.92,0.04189705848693848,205.87367710257413,500.0,True,0.095
AOM_P,gammaDDff2_plus,0.78,0.54,0.03,0.979,0.93,0.546218487394958,0.003703131268107504,0.09565371114634767,8.14000496142876,20.317541034338618,0.78,0.54,0.03,0.979,0.92,0.04189705848693848,205.87367710257413,500.0,True,0.095
AOM_P,gammaDDff2_plus,0.78,0.54,0.03,0.979,0.93,0.553781512605042,0.003624143609466679,0.09401190567783406,7.9578108744891045,19.867843178527004,0.78,0.54,0.03,0.979,0.92,0.04189705848693848,205.87367710257413,500.0,True,0.095
AOM_P,gammaDDff2_plus,0.78,0.54,0.03,0.979,0.93,0.561344537815126,0.0035461489892089615,0.09237464631775075,7.7776934841709044,19.424035541092024,0.78,0.54,0.03,0.979,0.92,0.04189705848693848,205.87367710257413,500.0,True,0.095
AOM_P,gammaDDff2_plus,0.78,0.54,0.03,0.979,0.93,0.5689075630252101,0.0034691190579623776,0.0907418073333439,7.5995995570142645,18.985928938466294,0.78,0.54,0.03,0.979,0.92,0.04189705848693848,205.87367710257413,500.0,True,0.095
AOM_P,gammaDDff2_plus,0.78,0.54,0.03,0.979,0.93,0.5764705882352942,0.003393024799314454,0.08911325315345486,7.423471940117934,18.553311493589117,0.78,0.54,0.03,0.979,0.92,0.04189705848693848,205.87367710257413,500.0,True,0.095
AOM_P,gammaDDff2_plus,0.78,0.54,0.03,0.979,0.93,0.5840336134453782,0.0033178469076228577,0.08748892012889524,7.249283467857024,18.126118023583125,0.78,0.54,0.03,0.979,0.92,0.04189705848693848,205.87367710257413,500.0,True,0.095
AOM_P,gammaDDff2_plus,0.78,0.54,0.03,0.979,0.93,0.5915966386554622,0.0032435718991774757,0.08586878659502302,7.077024638316527,17.704369777426926,0.78,0.54,0.03,0.979,0.92,0.04189705848693848,205.87367710257413,500.0,True,0.095
AOM_P,gammaDDff2_plus,0.78,0.54,0.03,0.979,0.93,0.5991596638655462,0.0031701761240098825,0.08425274743086089,6.906651504458737,17.287914017644166,0.78,0.54,0.03,0.979,0.92,0.04189705848693848,205.87367710257413,500.0,True,0.095
AOM_P,gammaDDff2_plus,0.78,0.54,0.03,0.979,0.93,0.6067226890756302,0.0030976371123020807,0.08264070319448719,6.738122587040195,16.876607822186436,0.78,0.54,0.03,0.979,0.92,0.04189705848693848,205.87367710257413,500.0,True,0.095
AOM_P,gammaDDff2_plus,0.78,0.54,0.03,0.979,0.93,0.6142857142857142,0.003025933501770086,0.08103255977649021,6.571398725798965,16.470317517863723,0.78,0.54,0.03,0.979,0.92,0.04189705848693848,205.87367710257413,500.0,True,0.095
AOM_P,gammaDDff2_plus,0.78,0.54,0.03,0.979,0.93,0.6218487394957983,0.00295504135753399,0.07942819843587154,6.406430912608385,16.068856748759792,0.78,0.54,0.03,0.979,0.92,0.04189705848693848,205.87367710257413,500.0,True,0.095
AOM_P,gammaDDff2_plus,0.78,0.54,0.03,0.979,0.93,0.6294117647058823,0.0028849363968741,0.07782749418894351,6.2431677214837835,15.672024313241428,0.78,0.54,0.03,0.979,0.92,0.04189705848693848,205.87367710257413,500.0,True,0.095
AOM_P,gammaDDff2_plus,0.78,0.54,0.03,0.979,0.93,0.6369747899159663,0.0028156127498321884,0.0762304699442584,6.081617850533422,15.279923610910917,0.78,0.54,0.03,0.979,0.92,0.04189705848693848,205.87367710257413,500.0,True,0.095
AOM_P,gammaDDff2_plus,0.78,0.54,0.03,0.979,0.93,0.6445378151260504,0.0027470554971092387,0.07463707179817938,5.921759068363774,14.892499382079972,0.78,0.54,0.03,0.979,0.92,0.04189705848693848,205.87367710257413,500.0,True,0.095
AOM_P,gammaDDff2_plus,0.78,0.54,0.03,0.979,0.93,0.6521008403361345,0.0026792462827851843,0.0730472148691916,5.763556684757516,14.509630869728067,0.78,0.54,0.03,0.979,0.92,0.04189705848693848,205.87367710257413,500.0,True,0.095
AOM_P,gammaDDff2_plus,0.78,0.54,0.03,0.979,0.93,0.6596638655462185,0.0026121675933948904,0.07146081851750338,5.6069778213297825,14.13120462940793,0.78,0.54,0.03,0.979,0.92,0.04189705848693848,205.87367710257413,500.0,True,0.095
AOM_P,gammaDDff2_plus,0.78,0.54,0.03,0.979,0.93,0.6672268907563025,0.0025458021990772306,0.06987780181022782,5.4519895847707796,13.757105133339143,0.78,0.54,0.03,0.979,0.92,0.04189705848693848,205.87367710257413,500.0,True,0.095
AOM_P,gammaDDff2_plus,0.78,0.54,0.03,0.979,0.93,0.6747899159663865,0.0024801311464167806,0.06829806676283806,5.298552317883592,13.387179551208238,0.78,0.54,0.03,0.979,0.92,0.04189705848693848,205.87367710257413,500.0,True,0.095
AOM_P,gammaDDff2_plus,0.78,0.54,0.03,0.979,0.93,0.6823529411764706,0.00241513785006132,0.06672153284355312,5.146633448418162,13.02131004298156,0.78,0.54,0.03,0.979,0.92,0.04189705848693848,205.87367710257413,500.0,True,0.095
AOM_P,gammaDDff2_plus,0.78,0.54,0.03,0.979,0.93,0.6899159663865546,0.002350817700784433,0.06514821812301219,4.996240163128992,12.659585220554192,0.78,0.54,0.03,0.979,0.92,0.04189705848693848,205.87367710257413,500.0,True,0.095
AOM_P,gammaDDff2_plus,0.78,0.54,0.03,0.979,0.93,0.6974789915966386,0.0022871556363000776,0.06357805075633384,4.847343633702326,12.301904461177866,0.78,0.54,0.03,0.979,0.92,0.04189705848693848,205.87367710257413,500.0,True,0.095
AOM_P,gammaDDff2_plus,0.78,0.54,0.03,0.979,0.93,0.7050420168067226,0.002224137241102706,0.06201096227158729,4.699916453137904,11.948172950713113,0.78,0.54,0.03,0.979,0.92,0.04189705848693848,205.87367710257413,500.0,True,0.095
AOM_P,gammaDDff2_plus,0.78,0.54,0.03,0.979,0.93,0.7126050420168067,0.002161748712165137,0.06044688739279164,4.553932562166018,11.598301399679553,0.78,0.54,0.03,0.979,0.92,0.04189705848693848,205.87367710257413,500.0,True,0.095
AOM_P,gammaDDff2_plus,0.78,0.54,0.03,0.979,0.93,0.7201680672268908,0.002099976151322175,0.05888575801929352,4.409364846103335,11.252193234805022,0.78,0.54,0.03,0.979,0.92,0.04189705848693848,205.87367710257413,500.0,True,0.095
AOM_P,gammaDDff2_plus,0.78,0.54,0.03,0.979,0.93,0.7277310924369748,0.002038804902175645,0.05732749756599682,4.26618287059767,10.90973247093537,0.78,0.54,0.03,0.979,0.92,0.04189705848693848,205.87367710257413,500.0,True,0.095
AOM_P,gammaDDff2_plus,0.78,0.54,0.03,0.979,0.93,0.7352941176470588,0.0019782256694095544,0.05577207407837035,4.124374047702216,10.570897455646813,0.78,0.54,0.03,0.979,0.92,0.04189705848693848,205.87367710257413,500.0,True,0.095
AOM_P,gammaDDff2_plus,0.78,0.54,0.03,0.979,0.93,0.7428571428571429,0.0019182288057569823,0.05421945096712873,3.9839240381617502,10.23565617962468,0.78,0.54,0.03,0.979,0.92,0.04189705848693848,205.87367710257413,500.0,True,0.095
AOM_P,gammaDDff2_plus,0.78,0.54,0.03,0.979,0.93,0.7504201680672269,0.0018588023863611062,0.05266957036969346,3.844810090186797,9.90393017032957,0.78,0.54,0.03,0.979,0.92,0.04189705848693848,205.87367710257413,500.0,True,0.095
AOM_P,gammaDDff2_plus,0.78,0.54,0.03,0.979,0.93,0.7579831932773109,0.0017999345351533557,0.05112237341915574,3.7070091126926803,9.575637809212967,0.78,0.54,0.03,0.979,0.92,0.04189705848693848,205.87367710257413,500.0,True,0.095
AOM_P,gammaDDff2_plus,0.78,0.54,0.03,0.979,0.93,0.7655462184873949,0.0017416162629663408,0.04957782399973068,3.5705070661549243,9.250745198553128,0.78,0.54,0.03,0.979,0.92,0.04189705848693848,205.87367710257413,500.0,True,0.095
AOM_P,gammaDDff2_plus,0.78,0.54,0.03,0.979,0.93,0.773109243697479,0.0016838372142156924,0.048035873364419564,3.4352849830284713,8.929190774262109,0.78,0.54,0.03,0.979,0.92,0.04189705848693848,205.87367710257413,500.0,True,0.095
AOM_P,gammaDDff2_plus,0.78,0.54,0.03,0.979,0.93,0.780672268907563,0.001626586748123448,0.046496469148241376,3.3013225403903825,8.610904500034628,0.78,0.54,0.03,0.979,0.92,0.04189705848693848,205.87367710257413,500.0,True,0.095
AOM_P,gammaDDff2_plus,0.78,0.54,0.03,0.979,0.93,0.788235294117647,0.0015698541704894503,0.0449595573375766,3.1685988716066995,8.295812295989274,0.78,0.54,0.03,0.979,0.92,0.04189705848693848,205.87367710257413,500.0,True,0.095
AOM_P,gammaDDff2_plus,0.78,0.54,0.03,0.979,0.93,0.795798319327731,0.001513631672382996,0.04342510703949588,3.037101937347791,7.98388678672788,0.78,0.54,0.03,0.979,0.92,0.04189705848693848,205.87367710257413,500.0,True,0.095
AOM_P,gammaDDff2_plus,0.78,0.54,0.03,0.979,0.93,0.8033613445378152,0.0014579095936500626,0.0418930707200061,2.9068134953020954,7.675066186862037,0.78,0.54,0.03,0.979,0.92,0.04189705848693848,205.87367710257413,500.0,True,0.095
AOM_P,gammaDDff2_plus,0.78,0.54,0.03,0.979,0.93,0.8109243697478992,0.0014026784158615731,0.04036340081272954,2.777715426801957,7.369288390122426,0.78,0.54,0.03,0.979,0.92,0.04189705848693848,205.87367710257413,500.0,True,0.095
AOM_P,gammaDDff2_plus,0.78,0.54,0.03,0.979,0.93,0.8184873949579832,0.001347929031620583,0.03883605227783041,2.6497906007141054,7.0664956982022,0.78,0.54,0.03,0.979,0.92,0.04189705848693848,205.87367710257413,500.0,True,0.095
AOM_P,gammaDDff2_plus,0.78,0.54,0.03,0.979,0.93,0.8260504201680672,0.0012936536120346856,0.03731099102370527,2.5230256369032893,6.766649966256172,0.78,0.54,0.03,0.979,0.92,0.04189705848693848,205.87367710257413,500.0,True,0.095
AOM_P,gammaDDff2_plus,0.78,0.54,0.03,0.979,0.93,0.8336134453781512,0.0012398435611644901,0.03578817427068445,2.397404461759116,6.469697567935955,0.78,0.54,0.03,0.979,0.92,0.04189705848693848,205.87367710257413,500.0,True,0.095
AOM_P,gammaDDff2_plus,0.78,0.54,0.03,0.979,0.93,0.8411764705882353,0.001186490561281612,0.03426756047326335,2.2729115989930366,6.1755872300812475,0.78,0.54,0.03,0.979,0.92,0.04189705848693848,205.87367710257413,500.0,True,0.095
AOM_P,gammaDDff2_plus,0.78,0.54,0.03,0.979,0.93,0.8487394957983193,0.0011335866283019194,0.03274911066783731,2.149532384832275,5.884271685812574,0.78,0.54,0.03,0.979,0.92,0.04189705848693848,205.87367710257413,500.0,True,0.095
AOM_P,gammaDDff2_plus,0.78,0.54,0.03,0.979,0.93,0.8563025210084033,0.0010811240001731138,0.031232787551814505,2.0272526115733758,5.595706220852971,0.78,0.54,0.03,0.979,0.92,0.04189705848693848,205.87367710257413,500.0,True,0.095
AOM_P,gammaDDff2_plus,0.78,0.54,0.03,0.979,0.93,0.8638655462184873,0.0010290949420805398,0.029718552770557193,1.9060578654342424,5.309844893959173,0.78,0.54,0.03,0.979,0.92,0.04189705848693848,205.87367710257413,500.0,True,0.095
AOM_P,gammaDDff2_plus,0.78,0.54,0.03,0.979,0.93,0.8714285714285714,0.0009774918455860042,0.02820636810715091,1.7859338120780908,5.026642827678656,0.78,0.54,0.03,0.979,0.92,0.04189705848693848,205.87367710257413,500.0,True,0.095
AOM_P,gammaDDff2_plus,0.78,0.54,0.03,0.979,0.93,0.8789915966386554,0.0009263072150029854,0.02669619571195076,1.6668661347586071,4.746056206325353,0.78,0.54,0.03,0.979,0.92,0.04189705848693848,205.87367710257413,500.0,True,0.095
AOM_P,gammaDDff2_plus,0.78,0.54,0.03,0.979,0.93,0.8865546218487395,0.0008755336549820656,0.02518799883877227,1.5488406538113146,4.4680419437348995,0.78,0.54,0.03,0.979,0.92,0.04189705848693848,205.87367710257413,500.0,True,0.095
AOM_P,gammaDDff2_plus,0.78,0.54,0.03,0.979,0.93,0.8941176470588235,0.0008251637721620448,0.02368173624817728,1.4318419656368904,4.19255852063704,0.78,0.54,0.03,0.979,0.92,0.04189705848693848,205.87367710257413,500.0,True,0.095
AOM_P,gammaDDff2_plus,0.78,0.54,0.03,0.979,0.93,0.9016806722689076,0.0007751901476185109,0.022177360988932766,1.3158531634853674,3.919565943795331,0.78,0.54,0.03,0.979,0.92,0.04189705848693848,205.87367710257413,500.0,True,0.095
AOM_P,gammaDDff2_plus,0.78,0.54,0.03,0.979,0.93,0.9092436974789916,0.000725605278803082,0.0206748166397073,1.2008548786146493,3.6490262746736657,0.78,0.54,0.03,0.979,0.92,0.04189705848693848,205.87367710257413,500.0,True,0.095
AOM_P,gammaDDff2_plus,0.78,0.54,0.03,0.979,0.93,0.9168067226890756,0.000676401483262835,0.019174029945782007,1.0868236697754443,3.3809046791503246,0.78,0.54,0.03,0.979,0.92,0.04189705848693848,205.87367710257413,500.0,True,0.095
AOM_P,gammaDDff2_plus,0.78,0.54,0.03,0.979,0.93,0.9243697478991596,0.0006275707116382485,0.017674895325362205,0.9737294945902757,3.115170706234337,0.78,0.54,0.03,0.979,0.92,0.04189705848693848,205.87367710257413,500.0,True,0.095
AOM_P,gammaDDff2_plus,0.78,0.54,0.03,0.979,0.93,0.9319327731092437,0.000579104239240129,0.016177236981199012,0.8615313478211027,2.8517999425353486,0.78,0.54,0.03,0.979,0.92,0.04189705848693848,205.87367710257413,500.0,True,0.095
AOM_P,gammaDDff2_plus,0.78,0.54,0.03,0.979,0.93,0.9394957983193277,0.0005309924178746976,0.014680756721398878,0.7501720385710282,2.590777256264634,0.78,0.54,0.03,0.979,0.92,0.04189705848693848,205.87367710257413,500.0,True,0.095
AOM_P,gammaDDff2_plus,0.78,0.54,0.03,0.979,0.93,0.9470588235294117,0.000483224028865793,0.013184939140643507,0.6395711018393857,2.332096484643019,0.78,0.54,0.03,0.979,0.92,0.04189705848693848,205.87367710257413,500.0,True,0.095
AOM_P,gammaDDff2_plus,0.78,0.54,0.03,0.979,0.93,0.9546218487394957,0.0004357848629538451,0.011688820338530519,0.5296114342743967,2.0757047438003196,0.78,0.54,0.03,0.979,0.92,0.04189705848693848,205.87367710257413,500.0,True,0.095
AOM_P,gammaDDff2_plus,0.78,0.54,0.03,0.979,0.93,0.9621848739495799,0.0003886557140239198,0.01019059021816974,0.4201107260057827,1.8212687546254445,0.78,0.54,0.03,0.979,0.92,0.04189705848693848,205.87367710257413,500.0,True,0.095
AOM_P,gammaDDff2_plus,0.78,0.54,0.03,0.979,0.93,0.9697478991596639,0.00034179454105832117,0.008686436510449615,0.31068791961707753,1.5669314388066828,0.78,0.54,0.03,0.979,0.92,0.04189705848693848,205.87367710257413,500.0,True,0.095
AOM_P,gammaDDff2_plus,0.78,0.54,0.03,0.979,0.93,0.9773109243697479,0.0002950170261464723,0.007166426401317747,0.20021312361299895,1.3043381112404377,0.78,0.54,0.03,0.979,0.92,0.04189705848693848,205.87367710257413,500.0,True,0.095
AOM_P,gammaDDff2_plus,0.78,0.54,0.03,0.979,0.93,0.9848739495798319,0.00024686228564471495,0.005590836849528456,0.08515527303528327,1.0003190321863231,0.78,0.54,0.03,0.979,0.92,0.04189705848693848,205.87367710257413,500.0,True,0.095
AOM_P,gammaDDff2_plus,0.78,0.54,0.03,0.979,0.93,0.992436974789916,0.00018440479357264346,0.0037371206421277334,-0.03519299747175777,0.5615083989698029,0.78,0.54,0.03,0.979,0.92,0.04189705848693848,205.87367710257413,500.0,True,0.095
AOM_P,gammaDDff2_plus,0.78,0.54,0.03,0.979,0.93,1.0,0.0,0.0,0.0,0.0,0.78,0.54,0.03,0.979,0.92,0.04189705848693848,205.87367710257413,500.0,True,0.095
AOM_P,gammaDDff2_minus,0.78,0.54,0.03,0.979,0.93,0.1,0.012460877120791188,0.2078682579748818,26.020908931047092,68.12246300092733,0.78,0.54,0.03,0.979,0.92,0.043228864669799805,205.87367710257413,500.0,True,0.095
AOM_P,gammaDDff2_minus,0.78,0.54,0.03,0.979,0.93,0.10756302521008404,0.012141133099976218,0.20544831626300003,25.462022548300762,66.5264041945719,0.78,0.54,0.03,0.979,0.92,0.043228864669799805,205.87367710257413,500.0,True,0.095
AOM_P,gammaDDff2_minus,0.78,0.54,0.03,0.979,0.93,0.11512605042016807,0.011837338722598994,0.20306806668017735,24.924365989476165,64.99652463807688,0.78,0.54,0.03,0.979,0.92,0.043228864669799805,205.87367710257413,500.0,True,0.095
AOM_P,gammaDDff2_minus,0.78,0.54,0.03,0.979,0.93,0.12268907563025211,0.011547925469600253,0.20072452179423556,24.40609928501815,63.527017376054395,0.78,0.54,0.03,0.979,0.92,0.043228864669799805,205.87367710257413,500.0,True,0.095
AOM_P,gammaDDff2_minus,0.78,0.54,0.03,0.979,0.93,0.13025210084033614,0.011271618544204444,0.19841518111765724,23.90572720894334,62.11319825516201,0.78,0.54,0.03,0.979,0.92,0.043228864669799805,205.87367710257413,500.0,True,0.095
AOM_P,gammaDDff2_minus,0.78,0.54,0.03,0.979,0.93,0.13781512605042018,0.011007176311869295,0.19613744971356234,23.42171818542131,60.750144944613396,0.78,0.54,0.03,0.979,0.92,0.043228864669799805,205.87367710257413,500.0,True,0.095
AOM_P,gammaDDff2_minus,0.78,0.54,0.03,0.979,0.93,0.1453781512605042,0.010753638829984515,0.1938894185309206,22.952944308210288,59.43434961718948,0.78,0.54,0.03,0.979,0.92,0.043228864669799805,205.87367710257413,500.0,True,0.095
AOM_P,gammaDDff2_minus,0.78,0.54,0.03,0.979,0.93,0.15294117647058825,0.010510122501399417,0.19166923557681723,22.49833213125922,58.162422928062036,0.78,0.54,0.03,0.979,0.92,0.043228864669799805,205.87367710257413,500.0,True,0.095
AOM_P,gammaDDff2_minus,0.78,0.54,0.03,0.979,0.93,0.16050420168067228,0.010275888735914911,0.1894753654722372,22.05699332448591,56.93159825920849,0.78,0.54,0.03,0.979,0.92,0.043228864669799805,205.87367710257413,500.0,True,0.095
AOM_P,gammaDDff2_minus,0.78,0.54,0.03,0.979,0.93,0.16806722689075632,0.010050276470311993,0.18730639002028723,21.62812000145868,55.73934827168235,0.78,0.54,0.03,0.979,0.92,0.043228864669799805,205.87367710257413,500.0,True,0.095
AOM_P,gammaDDff2_minus,0.78,0.54,0.03,0.979,0.93,0.17563025210084032,0.00983266230791324,0.18516093040721704,21.210937051286646,54.58323030532918,0.78,0.54,0.03,0.979,0.92,0.043228864669799805,205.87367710257413,500.0,True,0.095
AOM_P,gammaDDff2_minus,0.78,0.54,0.03,0.979,0.93,0.18319327731092439,0.009622511284591158,0.18303781144553713,20.804789884564318,53.461215274770254,0.78,0.54,0.03,0.979,0.92,0.043228864669799805,205.87367710257413,500.0,True,0.095
AOM_P,gammaDDff2_minus,0.78,0.54,0.03,0.979,0.93,0.1907563025210084,0.009419265106293139,0.1809356851066804,20.40893763556784,52.37089123826941,0.78,0.54,0.03,0.979,0.92,0.043228864669799805,205.87367710257413,500.0,True,0.095
AOM_P,gammaDDff2_minus,0.78,0.54,0.03,0.979,0.93,0.19831932773109245,0.009222486216566812,0.17885354282791452,20.022827790591755,51.31052932286916,0.78,0.54,0.03,0.979,0.92,0.043228864669799805,205.87367710257413,500.0,True,0.095
AOM_P,gammaDDff2_minus,0.78,0.54,0.03,0.979,0.93,0.20588235294117646,0.009031815576181676,0.17679058338670778,19.646025334296564,50.2788196482137,0.78,0.54,0.03,0.979,0.92,0.043228864669799805,205.87367710257413,500.0,True,0.095
AOM_P,gammaDDff2_minus,0.78,0.54,0.03,0.979,0.93,0.21344537815126052,0.008846840241705647,0.17474574507293658,19.2779637107272,49.273905594366276,0.78,0.54,0.03,0.979,0.92,0.043228864669799805,205.87367710257413,500.0,True,0.095
AOM_P,gammaDDff2_minus,0.78,0.54,0.03,0.979,0.93,0.22100840336134453,0.008667245533517852,0.17271831254347472,18.918253798268868,48.294607743009706,0.78,0.54,0.03,0.979,0.92,0.043228864669799805,205.87367710257413,500.0,True,0.095
AOM_P,gammaDDff2_minus,0.78,0.54,0.03,0.979,0.93,0.22857142857142856,0.008492752148465193,0.17070764718096626,18.56655218755235,47.339898366461114,0.78,0.54,0.03,0.979,0.92,0.043228864669799805,205.87367710257413,500.0,True,0.095
AOM_P,gammaDDff2_minus,0.78,0.54,0.03,0.979,0.93,0.2361344537815126,0.008323037334452783,0.1687128718497146,18.22240093313619,46.40826353737462,0.78,0.54,0.03,0.979,0.92,0.043228864669799805,205.87367710257413,500.0,True,0.095
AOM_P,gammaDDff2_minus,0.78,0.54,0.03,0.979,0.93,0.24369747899159663,0.008157865635338176,0.16673340947208531,17.885500283938075,45.49879779118283,0.78,0.54,0.03,0.979,0.92,0.043228864669799805,205.87367710257413,500.0,True,0.095
AOM_P,gammaDDff2_minus,0.78,0.54,0.03,0.979,0.93,0.25126050420168067,0.007997017943731208,0.16476871088261577,17.55556734545522,44.61064188649757,0.78,0.54,0.03,0.979,0.92,0.043228864669799805,205.87367710257413,500.0,True,0.095
AOM_P,gammaDDff2_minus,0.78,0.54,0.03,0.979,0.93,0.2588235294117647,0.007840228885897816,0.1628180021050811,17.232206563324215,43.74246040420456,0.78,0.54,0.03,0.979,0.92,0.043228864669799805,205.87367710257413,500.0,True,0.095
AOM_P,gammaDDff2_minus,0.78,0.54,0.03,0.979,0.93,0.26638655462184874,0.007687296891396856,0.16088075018757342,16.91514478016938,42.8933972118422,0.78,0.54,0.03,0.979,0.92,0.043228864669799805,205.87367710257413,500.0,True,0.095
AOM_P,gammaDDff2_minus,0.78,0.54,0.03,0.979,0.93,0.2739495798319328,0.007538064615081792,0.15895658295524373,16.604191394449284,42.06291725898595,0.78,0.54,0.03,0.979,0.92,0.043228864669799805,205.87367710257413,500.0,True,0.095
AOM_P,gammaDDff2_minus,0.78,0.54,0.03,0.979,0.93,0.2815126050420168,0.007392349931115658,0.15704498744356182,16.29908837512637,41.25019261754175,0.78,0.54,0.03,0.979,0.92,0.043228864669799805,205.87367710257413,500.0,True,0.095
AOM_P,gammaDDff2_minus,0.78,0.54,0.03,0.979,0.93,0.2890756302521008,0.007249965794788041,0.15514540049051664,15.99955454054946,40.45428342692049,0.78,0.54,0.03,0.979,0.92,0.043228864669799805,205.87367710257413,500.0,True,0.095
AOM_P,gammaDDff2_minus,0.78,0.54,0.03,0.979,0.93,0.2966386554621849,0.00711078213544877,0.15325749450140094,15.705424701143725,39.674716403549915,0.78,0.54,0.03,0.979,0.92,0.043228864669799805,205.87367710257413,500.0,True,0.095
AOM_P,gammaDDff2_minus,0.78,0.54,0.03,0.979,0.93,0.30420168067226894,0.006974678456772639,0.15138096281119867,15.41654579780687,38.91105683209619,0.78,0.54,0.03,0.979,0.92,0.043228864669799805,205.87367710257413,500.0,True,0.095
AOM_P,gammaDDff2_minus,0.78,0.54,0.03,0.979,0.93,0.31176470588235294,0.006841495675880059,0.14951529428795407,15.132667791253649,38.162451766735835,0.78,0.54,0.03,0.979,0.92,0.043228864669799805,205.87367710257413,500.0,True,0.095
AOM_P,gammaDDff2_minus,0.78,0.54,0.03,0.979,0.93,0.31932773109243695,0.006711111249786901,0.14766013749751355,14.85361815306107,37.428365121459976,0.78,0.54,0.03,0.979,0.92,0.043228864669799805,205.87367710257413,500.0,True,0.095
AOM_P,gammaDDff2_minus,0.78,0.54,0.03,0.979,0.93,0.326890756302521,0.006583428375990402,0.14581524937073598,14.579277441932065,36.70847622724412,0.78,0.54,0.03,0.979,0.92,0.043228864669799805,205.87367710257413,500.0,True,0.095
AOM_P,gammaDDff2_minus,0.78,0.54,0.03,0.979,0.93,0.3344537815126051,0.006458332720432262,0.1439802786637167,14.309475831062775,36.00223847976491,0.78,0.54,0.03,0.979,0.92,0.043228864669799805,205.87367710257413,500.0,True,0.095
AOM_P,gammaDDff2_minus,0.78,0.54,0.03,0.979,0.93,0.3420168067226891,0.006335701114073555,0.1421548109367121,14.044014233027871,35.30896803767846,0.78,0.54,0.03,0.979,0.92,0.043228864669799805,205.87367710257413,500.0,True,0.095
AOM_P,gammaDDff2_minus,0.78,0.54,0.03,0.979,0.93,0.3495798319327731,0.006215432073446922,0.14033852602516048,13.782739049304121,34.62816667098118,0.78,0.54,0.03,0.979,0.92,0.043228864669799805,205.87367710257413,500.0,True,0.095
AOM_P,gammaDDff2_minus,0.78,0.54,0.03,0.979,0.93,0.3571428571428571,0.006097455407176976,0.138531249340847,13.525566687573303,33.95963013958328,0.78,0.54,0.03,0.979,0.92,0.043228864669799805,205.87367710257413,500.0,True,0.095
AOM_P,gammaDDff2_minus,0.78,0.54,0.03,0.979,0.93,0.3647058823529412,0.005981691439460882,0.13673274492270268,13.272385184629707,33.30302456626896,0.78,0.54,0.03,0.979,0.92,0.043228864669799805,205.87367710257413,500.0,True,0.095
AOM_P,gammaDDff2_minus,0.78,0.54,0.03,0.979,0.93,0.3722689075630252,0.005868046414973274,0.13494268678703067,13.023041375036126,32.65782775071931,0.78,0.54,0.03,0.979,0.92,0.043228864669799805,205.87367710257413,500.0,True,0.095
AOM_P,gammaDDff2_minus,0.78,0.54,0.03,0.979,0.93,0.3798319327731092,0.005756434509669727,0.13316077940572685,12.77739668769237,32.02357311996802,0.78,0.54,0.03,0.979,0.92,0.043228864669799805,205.87367710257413,500.0,True,0.095
AOM_P,gammaDDff2_minus,0.78,0.54,0.03,0.979,0.93,0.38739495798319323,0.005646794591731573,0.1313868650086522,12.53537435599521,31.40006354128516,0.78,0.54,0.03,0.979,0.92,0.043228864669799805,205.87367710257413,500.0,True,0.095
AOM_P,gammaDDff2_minus,0.78,0.54,0.03,0.979,0.93,0.39495798319327735,0.005539068524834464,0.1296207893645728,12.296900372433209,30.787107869108134,0.78,0.54,0.03,0.979,0.92,0.043228864669799805,205.87367710257413,500.0,True,0.095
AOM_P,gammaDDff2_minus,0.78,0.54,0.03,0.979,0.93,0.40252100840336136,0.005433182964234318,0.12786228956096268,12.061853658018466,30.184296554589633,0.78,0.54,0.03,0.979,0.92,0.043228864669799805,205.87367710257413,500.0,True,0.095
AOM_P,gammaDDff2_minus,0.78,0.54,0.03,0.979,0.93,0.41008403361344536,0.005329063039474844,0.12611108323947018,11.830104722742062,29.591175073547593,0.78,0.54,0.03,0.979,0.92,0.043228864669799805,205.87367710257413,500.0,True,0.095
AOM_P,gammaDDff2_minus,0.78,0.54,0.03,0.979,0.93,0.41764705882352937,0.005226656596170611,0.12436700987519592,11.60157984386485,29.007533061207283,0.78,0.54,0.03,0.979,0.92,0.043228864669799805,205.87367710257413,500.0,True,0.095
AOM_P,gammaDDff2_minus,0.78,0.54,0.03,0.979,0.93,0.4252100840336135,0.005125926206688101,0.12262998572948794,11.376240708789604,28.4333145044793,0.78,0.54,0.03,0.979,0.92,0.043228864669799805,205.87367710257413,500.0,True,0.095
AOM_P,gammaDDff2_minus,0.78,0.54,0.03,0.979,0.93,0.4327731092436975,0.005026811633024883,0.1208997872497914,11.153985895747812,27.86817523080707,0.78,0.54,0.03,0.979,0.92,0.043228864669799805,205.87367710257413,500.0,True,0.095
AOM_P,gammaDDff2_minus,0.78,0.54,0.03,0.979,0.93,0.4403361344537815,0.004929256780073259,0.11917620733680807,10.934721680766502,27.31180027371743,0.78,0.54,0.03,0.979,0.92,0.043228864669799805,205.87367710257413,500.0,True,0.095
AOM_P,gammaDDff2_minus,0.78,0.54,0.03,0.979,0.93,0.4478991596638655,0.004833200556056808,0.11745899633903573,10.718336068521019,26.76378362905679,0.78,0.54,0.03,0.979,0.92,0.043228864669799805,205.87367710257413,500.0,True,0.095
AOM_P,gammaDDff2_minus,0.78,0.54,0.03,0.979,0.93,0.4554621848739496,0.004738592253207162,0.11574796354153094,10.504743306203977,26.22383545412925,0.78,0.54,0.03,0.979,0.92,0.043228864669799805,205.87367710257413,500.0,True,0.095
AOM_P,gammaDDff2_minus,0.78,0.54,0.03,0.979,0.93,0.46302521008403363,0.004645406074859215,0.11404307337290982,10.29392623665095,25.691980414211255,0.78,0.54,0.03,0.979,0.92,0.043228864669799805,205.87367710257413,500.0,True,0.095
AOM_P,gammaDDff2_minus,0.78,0.54,0.03,0.979,0.93,0.47058823529411764,0.004553603375988275,0.11234419890851816,10.085828074684212,25.16805566991501,0.78,0.54,0.03,0.979,0.92,0.043228864669799805,205.87367710257413,500.0,True,0.095
AOM_P,gammaDDff2_minus,0.78,0.54,0.03,0.979,0.93,0.47815126050420165,0.004463139832254789,0.11065116893202452,9.88037285158938,24.651804713331472,0.78,0.54,0.03,0.979,0.92,0.043228864669799805,205.87367710257413,500.0,True,0.095
AOM_P,gammaDDff2_minus,0.78,0.54,0.03,0.979,0.93,0.48571428571428577,0.00437397161754495,0.1089638079260794,9.677483093103268,24.142959068884107,0.78,0.54,0.03,0.979,0.92,0.043228864669799805,205.87367710257413,500.0,True,0.095
AOM_P,gammaDDff2_minus,0.78,0.54,0.03,0.979,0.93,0.49327731092436977,0.004286053759613942,0.10728192508448754,9.477075035383388,23.64121563592122,0.78,0.54,0.03,0.979,0.92,0.043228864669799805,205.87367710257413,500.0,True,0.095
AOM_P,gammaDDff2_minus,0.78,0.54,0.03,0.979,0.93,0.5008403361344538,0.004199354890325695,0.1056054180065141,9.279103218243117,23.146449369354766,0.78,0.54,0.03,0.979,0.92,0.043228864669799805,205.87367710257413,500.0,True,0.095
AOM_P,gammaDDff2_minus,0.78,0.54,0.03,0.979,0.93,0.5084033613445378,0.004113854793025896,0.1039342563876138,9.083553577646468,22.658681835249197,0.78,0.54,0.03,0.979,0.92,0.043228864669799805,205.87367710257413,500.0,True,0.095
AOM_P,gammaDDff2_minus,0.78,0.54,0.03,0.979,0.93,0.5159663865546219,0.004029517770104722,0.10226829612735427,8.890363407551458,22.177700118515737,0.78,0.54,0.03,0.979,0.92,0.043228864669799805,205.87367710257413,500.0,True,0.095
AOM_P,gammaDDff2_minus,0.78,0.54,0.03,0.979,0.93,0.5235294117647059,0.003946310188814999,0.1006074021492439,8.699474076877506,21.703307156183108,0.78,0.54,0.03,0.979,0.92,0.043228864669799805,205.87367710257413,500.0,True,0.095
AOM_P,gammaDDff2_minus,0.78,0.54,0.03,0.979,0.93,0.5310924369747899,0.003864195103470473,0.0989514097243085,8.510814743027106,21.23524319299769,0.78,0.54,0.03,0.979,0.92,0.043228864669799805,205.87367710257413,500.0,True,0.095
AOM_P,gammaDDff2_minus,0.78,0.54,0.03,0.979,0.93,0.5386554621848739,0.0037831399305021094,0.09730018058333283,8.32432590681829,20.77329980858343,0.78,0.54,0.03,0.979,0.92,0.043228864669799805,205.87367710257413,500.0,True,0.095
AOM_P,gammaDDff2_minus,0.78,0.54,0.03,0.979,0.93,0.546218487394958,0.003703131268107504,0.09565371114634767,8.14000496142876,20.317541034338618,0.78,0.54,0.03,0.979,0.92,0.043228864669799805,205.87367710257413,500.0,True,0.095
AOM_P,gammaDDff2_minus,0.78,0.54,0.03,0.979,0.93,0.553781512605042,0.003624143609466679,0.09401190567783406,7.9578108744891045,19.867843178527004,0.78,0.54,0.03,0.979,0.92,0.043228864669799805,205.87367710257413,500.0,True,0.095
AOM_P,gammaDDff2_minus,0.78,0.54,0.03,0.979,0.93,0.561344537815126,0.0035461489892089615,0.09237464631775075,7.7776934841709044,19.424035541092024,0.78,0.54,0.03,0.979,0.92,0.043228864669799805,205.87367710257413,500.0,True,0.095
AOM_P,gammaDDff2_minus,0.78,0.54,0.03,0.979,0.93,0.5689075630252101,0.0034691190579623776,0.0907418073333439,7.5995995570142645,18.985928938466294,0.78,0.54,0.03,0.979,0.92,0.043228864669799805,205.87367710257413,500.0,True,0.095
AOM_P,gammaDDff2_minus,0.78,0.54,0.03,0.979,0.93,0.5764705882352942,0.003393024799314454,0.08911325315345486,7.423471940117934,18.553311493589117,0.78,0.54,0.03,0.979,0.92,0.043228864669799805,205.87367710257413,500.0,True,0.095
AOM_P,gammaDDff2_minus,0.78,0.54,0.03,0.979,0.93,0.5840336134453782,0.0033178469076228577,0.08748892012889524,7.249283467857024,18.126118023583125,0.78,0.54,0.03,0.979,0.92,0.043228864669799805,205.87367710257413,500.0,True,0.095
AOM_P,gammaDDff2_minus,0.78,0.54,0.03,0.979,0.93,0.5915966386554622,0.0032435718991774757,0.08586878659502302,7.077024638316527,17.704369777426926,0.78,0.54,0.03,0.979,0.92,0.043228864669799805,205.87367710257413,500.0,True,0.095
AOM_P,gammaDDff2_minus,0.78,0.54,0.03,0.979,0.93,0.5991596638655462,0.0031701761240098825,0.08425274743086089,6.906651504458737,17.287914017644166,0.78,0.54,0.03,0.979,0.92,0.043228864669799805,205.87367710257413,500.0,True,0.095
AOM_P,gammaDDff2_minus,0.78,0.54,0.03,0.979,0.93,0.6067226890756302,0.0030976371123020807,0.08264070319448719,6.738122587040195,16.876607822186436,0.78,0.54,0.03,0.979,0.92,0.043228864669799805,205.87367710257413,500.0,True,0.095
AOM_P,gammaDDff2_minus,0.78,0.54,0.03,0.979,0.93,0.6142857142857142,0.003025933501770086,0.08103255977649021,6.571398725798965,16.470317517863723,0.78,0.54,0.03,0.979,0.92,0.043228864669799805,205.87367710257413,500.0,True,0.095
AOM_P,gammaDDff2_minus,0.78,0.54,0.03,0.979,0.93,0.6218487394957983,0.00295504135753399,0.07942819843587154,6.406430912608385,16.068856748759792,0.78,0.54,0.03,0.979,0.92,0.043228864669799805,205.87367710257413,500.0,True,0.095
AOM_P,gammaDDff2_minus,0.78,0.54,0.03,0.979,0.93,0.6294117647058823,0.0028849363968741,0.07782749418894351,6.2431677214837835,15.672024313241428,0.78,0.54,0.03,0.979,0.92,0.043228864669799805,205.87367710257413,500.0,True,0.095
AOM_P,gammaDDff2_minus,0.78,0.54,0.03,0.979,0.93,0.6369747899159663,0.0028156127498321884,0.0762304699442584,6.081617850533422,15.279923610910917,0.78,0.54,0.03,0.979,0.92,0.043228864669799805,205.87367710257413,500.0,True,0.095
AOM_P,gammaDDff2_minus,0.78,0.54,0.03,0.979,0.93,0.6445378151260504,0.0027470554971092387,0.07463707179817938,5.921759068363774,14.892499382079972,0.78,0.54,0.03,0.979,0.92,0.043228864669799805,205.87367710257413,500.0,True,0.095
AOM_P,gammaDDff2_minus,0.78,0.54,0.03,0.979,0.93,0.6521008403361345,0.0026792462827851843,0.0730472148691916,5.763556684757516,14.509630869728067,0.78,0.54,0.03,0.979,0.92,0.043228864669799805,205.87367710257413,500.0,True,0.095
AOM_P,gammaDDff2_minus,0.78,0.54,0.03,0.979,0.93,0.6596638655462185,0.0026121675933948904,0.07146081851750338,5.6069778213297825,14.13120462940793,0.78,0.54,0.03,0.979,0.92,0.043228864669799805,205.87367710257413,500.0,True,0.095
AOM_P,gammaDDff2_minus,0.78,0.54,0.03,0.979,0.93,0.6672268907563025,0.0025458021990772306,0.06987780181022782,5.4519895847707796,13.757105133339143,0.78,0.54,0.03,0.979,0.92,0.043228864669799805,205.87367710257413,500.0,True,0.095
AOM_P,gammaDDff2_minus,0.78,0.54,0.03,0.979,0.93,0.6747899159663865,0.0024801311464167806,0.06829806676283806,5.298552317883592,13.387179551208238,0.78,0.54,0.03,0.979,0.92,0.043228864669799805,205.87367710257413,500.0,True,0.095
AOM_P,gammaDDff2_minus,0.78,0.54,0.03,0.979,0.93,0.6823529411764706,0.00241513785006132,0.06672153284355312,5.146633448418162,13.02131004298156,0.78,0.54,0.03,0.979,0.92,0.043228864669799805,205.87367710257413,500.0,True,0.095
AOM_P,gammaDDff2_minus,0.78,0.54,0.03,0.979,0.93,0.6899159663865546,0.002350817700784433,0.06514821812301219,4.996240163128992,12.659585220554192,0.78,0.54,0.03,0.979,0.92,0.043228864669799805,205.87367710257413,500.0,True,0.095
AOM_P,gammaDDff2_minus,0.78,0.54,0.03,0.979,0.93,0.6974789915966386,0.0022871556363000776,0.06357805075633384,4.847343633702326,12.301904461177866,0.78,0.54,0.03,0.979,0.92,0.043228864669799805,205.87367710257413,500.0,True,0.095
AOM_P,gammaDDff2_minus,0.78,0.54,0.03,0.979,0.93,0.7050420168067226,0.002224137241102706,0.06201096227158729,4.699916453137904,11.948172950713113,0.78,0.54,0.03,0.979,0.92,0.043228864669799805,205.87367710257413,500.0,True,0.095
AOM_P,gammaDDff2_minus,0.78,0.54,0.03,0.979,0.93,0.7126050420168067,0.002161748712165137,0.06044688739279164,4.553932562166018,11.598301399679553,0.78,0.54,0.03,0.979,0.92,0.043228864669799805,205.87367710257413,500.0,True,0.095
AOM_P,gammaDDff2_minus,0.78,0.54,0.03,0.979,0.93,0.7201680672268908,0.002099976151322175,0.05888575801929352,4.409364846103335,11.252193234805022,0.78,0.54,0.03,0.979,0.92,0.043228864669799805,205.87367710257413,500.0,True,0.095
AOM_P,gammaDDff2_minus,0.78,0.54,0.03,0.979,0.93,0.7277310924369748,0.002038804902175645,0.05732749756599682,4.26618287059767,10.90973247093537,0.78,0.54,0.03,0.979,0.92,0.043228864669799805,205.87367710257413,500.0,True,0.095
AOM_P,gammaDDff2_minus,0.78,0.54,0.03,0.979,0.93,0.7352941176470588,0.0019782256694095544,0.05577207407837035,4.124374047702216,10.570897455646813,0.78,0.54,0.03,0.979,0.92,0.043228864669799805,205.87367710257413,500.0,True,0.095
AOM_P,gammaDDff2_minus,0.78,0.54,0.03,0.979,0.93,0.7428571428571429,0.0019182288057569823,0.05421945096712873,3.9839240381617502,10.23565617962468,0.78,0.54,0.03,0.979,0.92,0.043228864669799805,205.87367710257413,500.0,True,0.095
AOM_P,gammaDDff2_minus,0.78,0.54,0.03,0.979,0.93,0.7504201680672269,0.0018588023863611062,0.05266957036969346,3.844810090186797,9.90393017032957,0.78,0.54,0.03,0.979,0.92,0.043228864669799805,205.87367710257413,500.0,True,0.095
AOM_P,gammaDDff2_minus,0.78,0.54,0.03,0.979,0.93,0.7579831932773109,0.0017999345351533557,0.05112237341915574,3.7070091126926803,9.575637809212967,0.78,0.54,0.03,0.979,0.92,0.043228864669799805,205.87367710257413,500.0,True,0.095
AOM_P,gammaDDff2_minus,0.78,0.54,0.03,0.979,0.93,0.7655462184873949,0.0017416162629663408,0.04957782399973068,3.5705070661549243,9.250745198553128,0.78,0.54,0.03,0.979,0.92,0.043228864669799805,205.87367710257413,500.0,True,0.095
AOM_P,gammaDDff2_minus,0.78,0.54,0.03,0.979,0.93,0.773109243697479,0.0016838372142156924,0.048035873364419564,3.4352849830284713,8.929190774262109,0.78,0.54,0.03,0.979,0.92,0.043228864669799805,205.87367710257413,500.0,True,0.095
AOM_P,gammaDDff2_minus,0.78,0.54,0.03,0.979,0.93,0.780672268907563,0.001626586748123448,0.046496469148241376,3.3013225403903825,8.610904500034628,0.78,0.54,0.03,0.979,0.92,0.043228864669799805,205.87367710257413,500.0,True,0.095
AOM_P,gammaDDff2_minus,0.78,0.54,0.03,0.979,0.93,0.788235294117647,0.0015698541704894503,0.0449595573375766,3.1685988716066995,8.295812295989274,0.78,0.54,0.03,0.979,0.92,0.043228864669799805,205.87367710257413,500.0,True,0.095
AOM_P,gammaDDff2_minus,0.78,0.54,0.03,0.979,0.93,0.795798319327731,0.001513631672382996,0.04342510703949588,3.037101937347791,7.98388678672788,0.78,0.54,0.03,0.979,0.92,0.043228864669799805,205.87367710257413,500.0,True,0.095
AOM_P,gammaDDff2_minus,0.78,0.54,0.03,0.979,0.93,0.8033613445378152,0.0014579095936500626,0.0418930707200061,2.9068134953020954,7.675066186862037,0.78,0.54,0.03,0.979,0.92,0.043228864669799805,205.87367710257413,500.0,True,0.095
AOM_P,gammaDDff2_minus,0.78,0.54,0.03,0.979,0.93,0.8109243697478992,0.0014026784158615731,0.04036340081272954,2.777715426801957,7.369288390122426,0.78,0.54,0.03,0.979,0.92,0.043228864669799805,205.87367710257413,500.0,True,0.095
AOM_P,gammaDDff2_minus,0.78,0.54,0.03,0.979,0.93,0.8184873949579832,0.001347929031620583,0.03883605227783041,2.6497906007141054,7.0664956982022,0.78,0.54,0.03,0.979,0.92,0.043228864669799805,205.87367710257413,500.0,True,0.095
AOM_P,gammaDDff2_minus,0.78,0.54,0.03,0.979,0.93,0.8260504201680672,0.0012936536120346856,0.03731099102370527,2.5230256369032893,6.766649966256172,0.78,0.54,0.03,0.979,0.92,0.043228864669799805,205.87367710257413,500.0,True,0.095
AOM_P,gammaDDff2_minus,0.78,0.54,0.03,0.979,0.93,0.8336134453781512,0.0012398435611644901,0.03578817427068445,2.397404461759116,6.469697567935955,0.78,0.54,0.03,0.979,0.92,0.043228864669799805,205.87367710257413,500.0,True,0.095
AOM_P,gammaDDff2_minus,0.78,0.54,0.03,0.979,0.93,0.8411764705882353,0.001186490561281612,0.03426756047326335,2.2729115989930366,6.1755872300812475,0.78,0.54,0.03,0.979,0.92,0.043228864669799805,205.87367710257413,500.0,True,0.095
AOM_P,gammaDDff2_minus,0.78,0.54,0.03,0.979,0.93,0.8487394957983193,0.0011335866283019194,0.03274911066783731,2.149532384832275,5.884271685812574,0.78,0.54,0.03,0.979,0.92,0.043228864669799805,205.87367710257413,500.0,True,0.095
AOM_P,gammaDDff2_minus,0.78,0.54,0.03,0.979,0.93,0.8563025210084033,0.0010811240001731138,0.031232787551814505,2.0272526115733758,5.595706220852971,0.78,0.54,0.03,0.979,0.92,0.043228864669799805,205.87367710257413,500.0,True,0.095
AOM_P,gammaDDff2_minus,0.78,0.54,0.03,0.979,0.93,0.8638655462184873,0.0010290949420805398,0.029718552770557193,1.9060578654342424,5.309844893959173,0.78,0.54,0.03,0.979,0.92,0.043228864669799805,205.87367710257413,500.0,True,0.095
AOM_P,gammaDDff2_minus,0.78,0.54,0.03,0.979,0.93,0.8714285714285714,0.0009774918455860042,0.02820636810715091,1.7859338120780908,5.026642827678656,0.78,0.54,0.03,0.979,0.92,0.043228864669799805,205.87367710257413,500.0,True,0.095
AOM_P,gammaDDff2_minus,0.78,0.54,0.03,0.979,0.93,0.8789915966386554,0.0009263072150029854,0.02669619571195076,1.6668661347586071,4.746056206325353,0.78,0.54,0.03,0.979,0.92,0.043228864669799805,205.87367710257413,500.0,True,0.095
AOM_P,gammaDDff2_minus,0.78,0.54,0.03,0.979,0.93,0.8865546218487395,0.0008755336549820656,0.02518799883877227,1.5488406538113146,4.4680419437348995,0.78,0.54,0.03,0.979,0.92,0.043228864669799805,205.87367710257413,500.0,True,0.095
AOM_P,gammaDDff2_minus,0.78,0.54,0.03,0.979,0.93,0.8941176470588235,0.0008251637721620448,0.02368173624817728,1.4318419656368904,4.19255852063704,0.78,0.54,0.03,0.979,0.92,0.043228864669799805,205.87367710257413,500.0,True,0.095
AOM_P,gammaDDff2_minus,0.78,0.54,0.03,0.979,0.93,0.9016806722689076,0.0007751901476185109,0.022177360988932766,1.3158531634853674,3.919565943795331,0.78,0.54,0.03,0.979,0.92,0.043228864669799805,205.87367710257413,500.0,True,0.095
AOM_P,gammaDDff2_minus,0.78,0.54,0.03,0.979,0.93,0.9092436974789916,0.000725605278803082,0.0206748166397073,1.2008548786146493,3.6490262746736657,0.78,0.54,0.03,0.979,0.92,0.043228864669799805,205.87367710257413,500.0,True,0.095
AOM_P,gammaDDff2_minus,0.78,0.54,0.03,0.979,0.93,0.9168067226890756,0.000676401483262835,0.019174029945782007,1.0868236697754443,3.3809046791503246,0.78,0.54,0.03,0.979,0.92,0.043228864669799805,205.87367710257413,500.0,True,0.095
AOM_P,gammaDDff2_minus,0.78,0.54,0.03,0.979,0.93,0.9243697478991596,0.0006275707116382485,0.017674895325362205,0.9737294945902757,3.115170706234337,0.78,0.54,0.03,0.979,0.92,0.043228864669799805,205.87367710257413,500.0,True,0.095
AOM_P,gammaDDff2_minus,0.78,0.54,0.03,0.979,0.93,0.9319327731092437,0.000579104239240129,0.016177236981199012,0.8615313478211027,2.8517999425353486,0.78,0.54,0.03,0.979,0.92,0.043228864669799805,205.87367710257413,500.0,True,0.095
AOM_P,gammaDDff2_minus,0.78,0.54,0.03,0.979,0.93,0.9394957983193277,0.0005309924178746976,0.014680756721398878,0.7501720385710282,2.590777256264634,0.78,0.54,0.03,0.979,0.92,0.043228864669799805,205.87367710257413,500.0,True,0.095
AOM_P,gammaDDff2_minus,0.78,0.54,0.03,0.979,0.93,0.9470588235294117,0.000483224028865793,0.013184939140643507,0.6395711018393857,2.332096484643019,0.78,0.54,0.03,0.979,0.92,0.043228864669799805,205.87367710257413,500.0,True,0.095
AOM_P,gammaDDff2_minus,0.78,0.54,0.03,0.979,0.93,0.9546218487394957,0.0004357848629538451,0.011688820338530519,0.5296114342743967,2.0757047438003196,0.78,0.54,0.03,0.979,0.92,0.043228864669799805,205.87367710257413,500.0,True,0.095
AOM_P,gammaDDff2_minus,0.78,0.54,0.03,0.979,0.93,0.9621848739495799,0.0003886557140239198,0.01019059021816974,0.4201107260057827,1.8212687546254445,0.78,0.54,0.03,0.979,0.92,0.043228864669799805,205.87367710257413,500.0,True,0.095
AOM_P,gammaDDff2_minus,0.78,0.54,0.03,0.979,0.93,0.9697478991596639,0.00034179454105832117,0.008686436510449615,0.31068791961707753,1.5669314388066828,0.78,0.54,0.03,0.979,0.92,0.043228864669799805,205.87367710257413,500.0,True,0.095
AOM_P,gammaDDff2_minus,0.78,0.54,0.03,0.979,0.93,0.9773109243697479,0.0002950170261464723,0.007166426401317747,0.20021312361299895,1.3043381112404377,0.78,0.54,0.03,0.979,0.92,0.043228864669799805,205.87367710257413,500.0,True,0.095
AOM_P,gammaDDff2_minus,0.78,0.54,0.03,0.979,0.93,0.9848739495798319,0.00024686228564471495,0.005590836849528456,0.08515527303528327,1.0003190321863231,0.78,0.54,0.03,0.979,0.92,0.043228864669799805,205.87367710257413,500.0,True,0.095
AOM_P,gammaDDff2_minus,0.78,0.54,0.03,0.979,0.93,0.992436974789916,0.00018440479357264346,0.0037371206421277334,-0.03519299747175777,0.5615083989698029,0.78,0.54,0.03,0.979,0.92,0.043228864669799805,205.87367710257413,500.0,True,0.095
AOM_P,gammaDDff2_minus,0.78,0.54,0.03,0.979,0.93,1.0,0.0,0.0,0.0,0.0,0.78,0.54,0.03,0.979,0.92,0.043228864669799805,205.87367710257413,500.0,True,0.095
