series,run_name,rev1,rev2,rev3,gammaCDff2,gammaDDff2,f,ln(c/c0),ln(d/d0),DeltaCD,DeltaDD,central_rev1,central_rev2,central_rev3,central_gammaCDff2,central_gammaDDff2,solve_seconds,t_end,tmax,event_reached,f_stop
AOM_LS,central,0.9,0.96,0.96,0.979,0.92,0.5,-0.0272530863684446,0.09326989297112055,18.378010574678935,56.34729466190538,0.9,0.96,0.96,0.979,0.92,0.046231985092163086,252.76382124559132,500.0,True,0.495
AOM_LS,central,0.9,0.96,0.96,0.979,0.92,0.5042016806722689,-0.02701752677238303,0.09311665574776315,18.326703893172695,56.03678638070028,0.9,0.96,0.96,0.979,0.92,0.046231985092163086,252.76382124559132,500.0,True,0.495
AOM_LS,central,0.9,0.96,0.96,0.979,0.92,0.5084033613445378,-0.026782320785312574,0.09295885587437427,18.274040908826027,55.72181350320881,0.9,0.96,0.96,0.979,0.92,0.046231985092163086,252.76382124559132,500.0,True,0.495
AOM_LS,central,0.9,0.96,0.96,0.979,0.92,0.5126050420168067,-0.026547466943593095,0.09279640998925198,18.22000856520891,55.40236542937939,0.9,0.96,0.96,0.979,0.92,0.046231985092163086,252.76382124559132,500.0,True,0.495
AOM_LS,central,0.9,0.96,0.96,0.979,0.92,0.5168067226890757,-0.026312963882506993,0.09262925775506599,18.164593872558427,55.07840202108287,0.9,0.96,0.96,0.979,0.92,0.046231985092163086,252.76382124559132,500.0,True,0.495
AOM_LS,central,0.9,0.96,0.96,0.979,0.92,0.5210084033613446,-0.0260788100222681,0.09245727084824484,18.107783963982843,54.74996916346217,0.9,0.96,0.96,0.979,0.92,0.046231985092163086,252.76382124559132,500.0,True,0.495
AOM_LS,central,0.9,0.96,0.96,0.979,0.92,0.5252100840336135,-0.025845003741406972,0.09228030343373467,18.049566094489002,54.41713443799294,0.9,0.96,0.96,0.979,0.92,0.046231985092163086,252.76382124559132,500.0,True,0.495
AOM_LS,central,0.9,0.96,0.96,0.979,0.92,0.5294117647058824,-0.025611543632358298,0.0920982666764535,17.989927557778852,54.07989255179473,0.9,0.96,0.96,0.979,0.92,0.046231985092163086,252.76382124559132,500.0,True,0.495
AOM_LS,central,0.9,0.96,0.96,0.979,0.92,0.5336134453781513,-0.02537842828876022,0.0919110671365214,17.928855719938067,53.73824356027119,0.9,0.96,0.96,0.979,0.92,0.046231985092163086,252.76382124559132,500.0,True,0.495
AOM_LS,central,0.9,0.96,0.96,0.979,0.92,0.5378151260504201,-0.025145656305469215,0.09171860693477576,17.86633801860504,53.39219259631393,0.9,0.96,0.96,0.979,0.92,0.046231985092163086,252.76382124559132,500.0,True,0.495
AOM_LS,central,0.9,0.96,0.96,0.979,0.92,0.542016806722689,-0.02491322627268028,0.09152078375666792,17.802361715953232,53.041748384295005,0.9,0.96,0.96,0.979,0.92,0.046231985092163086,252.76382124559132,500.0,True,0.495
AOM_LS,central,0.9,0.96,0.96,0.979,0.92,0.5462184873949579,-0.024681136728802226,0.0913174897765027,17.7369119314936,52.68691318939771,0.9,0.96,0.96,0.979,0.92,0.046231985092163086,252.76382124559132,500.0,True,0.495
AOM_LS,central,0.9,0.96,0.96,0.979,0.92,0.5504201680672269,-0.024449386377162936,0.091108617429873,17.669980678889736,52.327727621724804,0.9,0.96,0.96,0.979,0.92,0.046231985092163086,252.76382124559132,500.0,True,0.495
AOM_LS,central,0.9,0.96,0.96,0.979,0.92,0.5546218487394958,-0.02421797380924231,0.09089405235821559,17.601555320642024,51.9642129021355,0.9,0.96,0.96,0.979,0.92,0.046231985092163086,252.76382124559132,500.0,True,0.495
AOM_LS,central,0.9,0.96,0.96,0.979,0.92,0.5588235294117647,-0.023986897615056815,0.09067367640240591,17.531623169276504,51.59639355206582,0.9,0.96,0.96,0.979,0.92,0.046231985092163086,252.76382124559132,500.0,True,0.495
AOM_LS,central,0.9,0.96,0.96,0.979,0.92,0.5630252100840336,-0.023756156387661608,0.09044736784092605,17.460171672914658,51.224298115538986,0.9,0.96,0.96,0.979,0.92,0.046231985092163086,252.76382124559132,500.0,True,0.495
AOM_LS,central,0.9,0.96,0.96,0.979,0.92,0.5672268907563025,-0.023525748718699287,0.09021500063722475,17.387188358357694,50.84795971482267,0.9,0.96,0.96,0.979,0.92,0.046231985092163086,252.76382124559132,500.0,True,0.495
AOM_LS,central,0.9,0.96,0.96,0.979,0.92,0.5714285714285714,-0.023295672997994874,0.08997640505565582,17.312658450816198,50.46745109871545,0.9,0.96,0.96,0.979,0.92,0.046231985092163086,252.76382124559132,500.0,True,0.495
AOM_LS,central,0.9,0.96,0.96,0.979,0.92,0.5756302521008403,-0.0230659279764805,0.08973147868415716,17.23657155782717,50.08278530654862,0.9,0.96,0.96,0.979,0.92,0.046231985092163086,252.76382124559132,500.0,True,0.495
AOM_LS,central,0.9,0.96,0.96,0.979,0.92,0.5798319327731092,-0.022836515751154314,0.08948007474160209,17.15890325673495,49.693917582760776,0.9,0.96,0.96,0.979,0.92,0.046231985092163086,252.76382124559132,500.0,True,0.495
AOM_LS,central,0.9,0.96,0.96,0.979,0.92,0.5840336134453782,-0.0226074318403267,0.08922213137774761,17.079656983594305,49.30091707835849,0.9,0.96,0.96,0.979,0.92,0.046231985092163086,252.76382124559132,500.0,True,0.495
AOM_LS,central,0.9,0.96,0.96,0.979,0.92,0.5882352941176471,-0.022378674495280998,0.08895745482702792,16.998818697002125,48.90388566217579,0.9,0.96,0.96,0.979,0.92,0.046231985092163086,252.76382124559132,500.0,True,0.495
AOM_LS,central,0.9,0.96,0.96,0.979,0.92,0.592436974789916,-0.022150242814507736,0.08868599786372136,16.916380805984964,48.50277949879407,0.9,0.96,0.96,0.979,0.92,0.046231985092163086,252.76382124559132,500.0,True,0.495
AOM_LS,central,0.9,0.96,0.96,0.979,0.92,0.5966386554621849,-0.0219221354155815,0.08840761442520824,16.832331543646198,48.09765128780221,0.9,0.96,0.96,0.979,0.92,0.046231985092163086,252.76382124559132,500.0,True,0.495
AOM_LS,central,0.9,0.96,0.96,0.979,0.92,0.6008403361344538,-0.02169435079220933,0.08812213056580125,16.74665840015362,47.68858206608666,0.9,0.96,0.96,0.979,0.92,0.046231985092163086,252.76382124559132,500.0,True,0.495
AOM_LS,central,0.9,0.96,0.96,0.979,0.92,0.6050420168067226,-0.021466887841985652,0.08782944951457994,16.65935187161216,47.27557402533907,0.9,0.96,0.96,0.979,0.92,0.046231985092163086,252.76382124559132,500.0,True,0.495
AOM_LS,central,0.9,0.96,0.96,0.979,0.92,0.6092436974789917,-0.02123974535202401,0.0875294495291744,16.570401787113244,46.85865481992961,0.9,0.96,0.96,0.979,0.92,0.046231985092163086,252.76382124559132,500.0,True,0.495
AOM_LS,central,0.9,0.96,0.96,0.979,0.92,0.6134453781512605,-0.021012921946673275,0.08722197108927632,16.479796863667406,46.43789026635813,0.9,0.96,0.96,0.979,0.92,0.046231985092163086,252.76382124559132,500.0,True,0.495
AOM_LS,central,0.9,0.96,0.96,0.979,0.92,0.6176470588235294,-0.020786416270167366,0.08690685548087769,16.387526074765905,46.01334496119934,0.9,0.96,0.96,0.979,0.92,0.046231985092163086,252.76382124559132,500.0,True,0.495
AOM_LS,central,0.9,0.96,0.96,0.979,0.92,0.6218487394957983,-0.020560227238283966,0.08658401097209041,16.29358096021152,45.58501577211528,0.9,0.96,0.96,0.979,0.92,0.046231985092163086,252.76382124559132,500.0,True,0.495
AOM_LS,central,0.9,0.96,0.96,0.979,0.92,0.6260504201680672,-0.020334353558743253,0.08625328600222484,16.197951137884385,45.15295926998233,0.9,0.96,0.96,0.979,0.92,0.046231985092163086,252.76382124559132,500.0,True,0.495
AOM_LS,central,0.9,0.96,0.96,0.979,0.92,0.6302521008403361,-0.020108793961676565,0.08591449698743124,16.100624646877453,44.71725884230406,0.9,0.96,0.96,0.979,0.92,0.046231985092163086,252.76382124559132,500.0,True,0.495
AOM_LS,central,0.9,0.96,0.96,0.979,0.92,0.634453781512605,-0.019883547162081166,0.08556753929816209,16.001594184643054,44.27793025333806,0.9,0.96,0.96,0.979,0.92,0.046231985092163086,252.76382124559132,500.0,True,0.495
AOM_LS,central,0.9,0.96,0.96,0.979,0.92,0.6386554621848739,-0.019658612019383764,0.08521225749464113,15.90084908042077,43.83502711918204,0.9,0.96,0.96,0.979,0.92,0.046231985092163086,252.76382124559132,500.0,True,0.495
AOM_LS,central,0.9,0.96,0.96,0.979,0.92,0.6428571428571428,-0.019433987225934587,0.08484851317730328,15.798380919896113,43.388595634553795,0.9,0.96,0.96,0.979,0.92,0.046231985092163086,252.76382124559132,500.0,True,0.495
AOM_LS,central,0.9,0.96,0.96,0.979,0.92,0.6470588235294118,-0.019209671457614652,0.08447617686648218,15.694182132697826,42.938674998133656,0.9,0.96,0.96,0.979,0.92,0.046231985092163086,252.76382124559132,500.0,True,0.495
AOM_LS,central,0.9,0.96,0.96,0.979,0.92,0.6512605042016807,-0.01898566404947537,0.0840950292110719,15.588236241813528,42.485351498495,0.9,0.96,0.96,0.979,0.92,0.046231985092163086,252.76382124559132,500.0,True,0.495
AOM_LS,central,0.9,0.96,0.96,0.979,0.92,0.6554621848739496,-0.01876196333862677,0.08370497947586869,15.48054081004862,42.028647939888096,0.9,0.96,0.96,0.979,0.92,0.046231985092163086,252.76382124559132,500.0,True,0.495
AOM_LS,central,0.9,0.96,0.96,0.979,0.92,0.6596638655462185,-0.018538568746240814,0.08330580489944837,15.371079011235087,41.568647944371875,0.9,0.96,0.96,0.979,0.92,0.046231985092163086,252.76382124559132,500.0,True,0.495
AOM_LS,central,0.9,0.96,0.96,0.979,0.92,0.6638655462184874,-0.018315479538939177,0.08289731656402616,15.2598374724073,41.10541505446294,0.9,0.96,0.96,0.979,0.92,0.046231985092163086,252.76382124559132,500.0,True,0.495
AOM_LS,central,0.9,0.96,0.96,0.979,0.92,0.6680672268907563,-0.01809269490716494,0.08247932614548284,15.146803625676558,40.639014991283105,0.9,0.96,0.96,0.979,0.92,0.046231985092163086,252.76382124559132,500.0,True,0.495
AOM_LS,central,0.9,0.96,0.96,0.979,0.92,0.6722689075630253,-0.0178702144172136,0.08205160030519679,15.031959885464751,40.16953121920886,0.9,0.96,0.96,0.979,0.92,0.046231985092163086,252.76382124559132,500.0,True,0.495
AOM_LS,central,0.9,0.96,0.96,0.979,0.92,0.6764705882352942,-0.01764803412620561,0.08161423714230066,14.915333537736297,39.69694932129088,0.9,0.96,0.96,0.979,0.92,0.046231985092163086,252.76382124559132,500.0,True,0.495
AOM_LS,central,0.9,0.96,0.96,0.979,0.92,0.680672268907563,-0.017426154550910115,0.08116692458769206,14.796895964445646,39.221369221897916,0.9,0.96,0.96,0.979,0.92,0.046231985092163086,252.76382124559132,500.0,True,0.495
AOM_LS,central,0.9,0.96,0.96,0.979,0.92,0.6848739495798319,-0.017204573669437215,0.08070957497333749,14.67664966933203,38.74282934565534,0.9,0.96,0.96,0.979,0.92,0.046231985092163086,252.76382124559132,500.0,True,0.495
AOM_LS,central,0.9,0.96,0.96,0.979,0.92,0.6890756302521008,-0.016983289558296148,0.08024209232620974,14.554596073492274,38.26136898496845,0.9,0.96,0.96,0.979,0.92,0.046231985092163086,252.76382124559132,500.0,True,0.495
AOM_LS,central,0.9,0.96,0.96,0.979,0.92,0.6932773109243697,-0.016762302012093833,0.07976421815702861,14.430715819297806,37.77707893330091,0.9,0.96,0.96,0.979,0.92,0.046231985092163086,252.76382124559132,500.0,True,0.495
AOM_LS,central,0.9,0.96,0.96,0.979,0.92,0.6974789915966386,-0.016541610223152054,0.07927576502156375,14.304999595618094,37.290030234600124,0.9,0.96,0.96,0.979,0.92,0.046231985092163086,252.76382124559132,500.0,True,0.495
AOM_LS,central,0.9,0.96,0.96,0.979,0.92,0.7016806722689075,-0.01632121365853744,0.07877657281336616,14.17743884540529,36.80026434952778,0.9,0.96,0.96,0.979,0.92,0.046231985092163086,252.76382124559132,500.0,True,0.495
AOM_LS,central,0.9,0.96,0.96,0.979,0.92,0.7058823529411764,-0.016101110535540367,0.0782664179538863,14.048026364484144,36.30790080102523,0.9,0.96,0.96,0.979,0.92,0.046231985092163086,252.76382124559132,500.0,True,0.495
AOM_LS,central,0.9,0.96,0.96,0.979,0.92,0.7100840336134454,-0.01588129925342211,0.07774509951673902,13.91675497848576,35.81303215799083,0.9,0.96,0.96,0.979,0.92,0.046231985092163086,252.76382124559132,500.0,True,0.495
AOM_LS,central,0.9,0.96,0.96,0.979,0.92,0.7142857142857143,-0.015661778626840095,0.07721243810463,13.783617036940283,35.315721494037575,0.9,0.96,0.96,0.979,0.92,0.046231985092163086,252.76382124559132,500.0,True,0.495
AOM_LS,central,0.9,0.96,0.96,0.979,0.92,0.7184873949579832,-0.015442547832710249,0.07666825981763391,13.648604359771115,34.81602012363616,0.9,0.96,0.96,0.979,0.92,0.046231985092163086,252.76382124559132,500.0,True,0.495
AOM_LS,central,0.9,0.96,0.96,0.979,0.92,0.7226890756302521,-0.015223605708744339,0.07611238001602533,13.511709772029542,34.31399489726421,0.9,0.96,0.96,0.979,0.92,0.046231985092163086,252.76382124559132,500.0,True,0.495
AOM_LS,central,0.9,0.96,0.96,0.979,0.92,0.726890756302521,-0.015004950556844202,0.0755445991256361,13.37292753806699,33.80973536024994,0.9,0.96,0.96,0.979,0.92,0.046231985092163086,252.76382124559132,500.0,True,0.495
AOM_LS,central,0.9,0.96,0.96,0.979,0.92,0.7310924369747899,-0.014786581269719446,0.0749647268467289,13.232250820946842,33.303311522654596,0.9,0.96,0.96,0.979,0.92,0.046231985092163086,252.76382124559132,500.0,True,0.495
AOM_LS,central,0.9,0.96,0.96,0.979,0.92,0.7352941176470589,-0.014568497103739475,0.07437257735086003,13.089672173658878,32.794782155703274,0.9,0.96,0.96,0.979,0.92,0.046231985092163086,252.76382124559132,500.0,True,0.495
AOM_LS,central,0.9,0.96,0.96,0.979,0.92,0.7394957983193278,-0.014350697270576068,0.07376796056883236,12.945184441533362,32.28420985942348,0.9,0.96,0.96,0.979,0.92,0.046231985092163086,252.76382124559132,500.0,True,0.495
AOM_LS,central,0.9,0.96,0.96,0.979,0.92,0.7436974789915967,-0.014133182693710295,0.07315072488323389,12.798778078589939,31.7715972953936,0.9,0.96,0.96,0.979,0.92,0.046231985092163086,252.76382124559132,500.0,True,0.495
AOM_LS,central,0.9,0.96,0.96,0.979,0.92,0.7478991596638656,-0.013915950747705406,0.07252062942619227,12.650449128113332,31.257077503603366,0.9,0.96,0.96,0.979,0.92,0.046231985092163086,252.76382124559132,500.0,True,0.495
AOM_LS,central,0.9,0.96,0.96,0.979,0.92,0.7521008403361344,-0.013698998925734947,0.07187743305872837,12.500193653726242,30.74078093100435,0.9,0.96,0.96,0.979,0.92,0.046231985092163086,252.76382124559132,500.0,True,0.495
AOM_LS,central,0.9,0.96,0.96,0.979,0.92,0.7563025210084033,-0.01348232680982627,0.07122094227815005,12.348004725479115,30.2227639421346,0.9,0.96,0.96,0.979,0.92,0.046231985092163086,252.76382124559132,500.0,True,0.495
AOM_LS,central,0.9,0.96,0.96,0.979,0.92,0.7605042016806722,-0.013265933959174138,0.07055096003082793,12.193875605477075,29.703085134582487,0.9,0.96,0.96,0.979,0.92,0.046231985092163086,252.76382124559132,500.0,True,0.495
AOM_LS,central,0.9,0.96,0.96,0.979,0.92,0.7647058823529411,-0.013049820445105111,0.06986728394596947,12.037799571120594,29.181805775341427,0.9,0.96,0.96,0.979,0.92,0.046231985092163086,252.76382124559132,500.0,True,0.495
AOM_LS,central,0.9,0.96,0.96,0.979,0.92,0.76890756302521,-0.012833985411768145,0.06916970348280056,11.879770686888458,28.658998363841363,0.9,0.96,0.96,0.979,0.92,0.046231985092163086,252.76382124559132,500.0,True,0.495
AOM_LS,central,0.9,0.96,0.96,0.979,0.92,0.7731092436974789,-0.012618426825714704,0.06845799950355112,11.719783931737217,28.1347479106807,0.9,0.96,0.96,0.979,0.92,0.046231985092163086,252.76382124559132,500.0,True,0.495
AOM_LS,central,0.9,0.96,0.96,0.979,0.92,0.7773109243697479,-0.012403143362334555,0.06773194822985777,11.557834154719872,27.609140070565402,0.9,0.96,0.96,0.979,0.92,0.046231985092163086,252.76382124559132,500.0,True,0.495
AOM_LS,central,0.9,0.96,0.96,0.979,0.92,0.7815126050420168,-0.012188134265027115,0.06699132103994775,11.3939161350118,27.082261733189203,0.9,0.96,0.96,0.979,0.92,0.046231985092163086,252.76382124559132,500.0,True,0.495
AOM_LS,central,0.9,0.96,0.96,0.979,0.92,0.7857142857142857,-0.011973398519773146,0.06623587966410709,11.228025133680703,26.554209973901607,0.9,0.96,0.96,0.979,0.92,0.046231985092163086,252.76382124559132,500.0,True,0.495
AOM_LS,central,0.9,0.96,0.96,0.979,0.92,0.7899159663865546,-0.011758934404961141,0.0654653457746977,11.060158186349927,26.02513282496793,0.9,0.96,0.96,0.979,0.92,0.046231985092163086,252.76382124559132,500.0,True,0.495
AOM_LS,central,0.9,0.96,0.96,0.979,0.92,0.7941176470588236,-0.011544741034661255,0.0646795038079125,10.890309683751696,25.495090522621677,0.9,0.96,0.96,0.979,0.92,0.046231985092163086,252.76382124559132,500.0,True,0.495
AOM_LS,central,0.9,0.96,0.96,0.979,0.92,0.7983193277310925,-0.011330817695978442,0.06387815650019263,10.718473260167887,24.96411542749469,0.9,0.96,0.96,0.979,0.92,0.046231985092163086,252.76382124559132,500.0,True,0.495
AOM_LS,central,0.9,0.96,0.96,0.979,0.92,0.8025210084033614,-0.011117162966102148,0.06306104716479516,10.544645022161507,24.432315933604944,0.9,0.96,0.96,0.979,0.92,0.046231985092163086,252.76382124559132,500.0,True,0.495
AOM_LS,central,0.9,0.96,0.96,0.979,0.92,0.8067226890756303,-0.010903774766300832,0.0622278974834972,10.368822093268767,23.899826396974788,0.9,0.96,0.96,0.979,0.92,0.046231985092163086,252.76382124559132,500.0,True,0.495
AOM_LS,central,0.9,0.96,0.96,0.979,0.92,0.8109243697478992,-0.010690651934128019,0.06137846413399152,10.190999925498105,23.366729199242553,0.9,0.96,0.96,0.979,0.92,0.046231985092163086,252.76382124559132,500.0,True,0.495
AOM_LS,central,0.9,0.96,0.96,0.979,0.92,0.8151260504201681,-0.010477794313750736,0.06051254194943023,10.01117213532781,22.83305031714863,0.9,0.96,0.96,0.979,0.92,0.046231985092163086,252.76382124559132,500.0,True,0.495
AOM_LS,central,0.9,0.96,0.96,0.979,0.92,0.819327731092437,-0.010265199086709958,0.05962983685372589,9.829336517233987,22.29893413127502,0.9,0.96,0.96,0.979,0.92,0.046231985092163086,252.76382124559132,500.0,True,0.495
AOM_LS,central,0.9,0.96,0.96,0.979,0.92,0.8235294117647058,-0.0100528639155686,0.058730069624222996,9.645490089181193,21.764500011815105,0.9,0.96,0.96,0.979,0.92,0.046231985092163086,252.76382124559132,500.0,True,0.495
AOM_LS,central,0.9,0.96,0.96,0.979,0.92,0.8277310924369747,-0.009840788234068672,0.05781301075536282,9.45962736396462,21.229793931951264,0.9,0.96,0.96,0.979,0.92,0.046231985092163086,252.76382124559132,500.0,True,0.495
AOM_LS,central,0.9,0.96,0.96,0.979,0.92,0.8319327731092436,-0.009628970662844388,0.05687841048117761,9.271743764547942,20.69488555499935,0.9,0.96,0.96,0.979,0.92,0.046231985092163086,252.76382124559132,500.0,True,0.495
AOM_LS,central,0.9,0.96,0.96,0.979,0.92,0.8361344537815125,-0.009417407981567835,0.05592597004599741,9.081837043085004,20.15990771814626,0.9,0.96,0.96,0.979,0.92,0.046231985092163086,252.76382124559132,500.0,True,0.495
AOM_LS,central,0.9,0.96,0.96,0.979,0.92,0.8403361344537815,-0.009206097397741414,0.05495540417445056,8.889904175331793,19.62496959007033,0.9,0.96,0.96,0.979,0.92,0.046231985092163086,252.76382124559132,500.0,True,0.495
AOM_LS,central,0.9,0.96,0.96,0.979,0.92,0.8445378151260504,-0.008995037286838004,0.05396646223582461,8.695940277833198,19.090127290322677,0.9,0.96,0.96,0.979,0.92,0.046231985092163086,252.76382124559132,500.0,True,0.495
AOM_LS,central,0.9,0.96,0.96,0.979,0.92,0.8487394957983193,-0.008784225088109086,0.05295886781777551,8.499941637894842,18.55546752073123,0.9,0.96,0.96,0.979,0.92,0.046231985092163086,252.76382124559132,500.0,True,0.495
AOM_LS,central,0.9,0.96,0.96,0.979,0.92,0.8529411764705882,-0.008573657998041492,0.05193232983902956,8.30190518075653,18.021091755296606,0.9,0.96,0.96,0.979,0.92,0.046231985092163086,252.76382124559132,500.0,True,0.495
AOM_LS,central,0.9,0.96,0.96,0.979,0.92,0.8571428571428572,-0.008363333066942124,0.0508865614037516,8.101827436408868,17.487090205220948,0.9,0.96,0.96,0.979,0.92,0.046231985092163086,252.76382124559132,500.0,True,0.495
AOM_LS,central,0.9,0.96,0.96,0.979,0.92,0.8613445378151261,-0.008153245900732702,0.049821278439776434,7.899704465110241,16.953544145531858,0.9,0.96,0.96,0.979,0.92,0.046231985092163086,252.76382124559132,500.0,True,0.495
AOM_LS,central,0.9,0.96,0.96,0.979,0.92,0.865546218487395,-0.007943391349974217,0.04873618399383446,7.695532764282946,16.42054677834906,0.9,0.96,0.96,0.979,0.92,0.046231985092163086,252.76382124559132,500.0,True,0.495
AOM_LS,central,0.9,0.96,0.96,0.979,0.92,0.8697478991596639,-0.007733764394958748,0.04763098398730766,7.4893084923381394,15.888181112856037,0.9,0.96,0.96,0.979,0.92,0.046231985092163086,252.76382124559132,500.0,True,0.495
AOM_LS,central,0.9,0.96,0.96,0.979,0.92,0.8739495798319328,-0.00752435917610386,0.046505372800865516,7.281028231782548,15.356540303229814,0.9,0.96,0.96,0.979,0.92,0.046231985092163086,252.76382124559132,500.0,True,0.495
AOM_LS,central,0.9,0.96,0.96,0.979,0.92,0.8781512605042017,-0.007315167447020966,0.04535904252780591,7.070688095952472,14.825714473394576,0.9,0.96,0.96,0.979,0.92,0.046231985092163086,252.76382124559132,500.0,True,0.495
AOM_LS,central,0.9,0.96,0.96,0.979,0.92,0.8823529411764706,-0.007106182426570298,0.0441916810113895,6.858284575831402,14.295793076193803,0.9,0.96,0.96,0.979,0.92,0.046231985092163086,252.76382124559132,500.0,True,0.495
AOM_LS,central,0.9,0.96,0.96,0.979,0.92,0.8865546218487395,-0.006897393121935976,0.04300297151988631,6.6438134972811955,13.766865424789488,0.9,0.96,0.96,0.979,0.92,0.046231985092163086,252.76382124559132,500.0,True,0.495
AOM_LS,central,0.9,0.96,0.96,0.979,0.92,0.8907563025210083,-0.00668878897131017,0.04179259283369279,6.427270876662235,13.239020186300287,0.9,0.96,0.96,0.979,0.92,0.046231985092163086,252.76382124559132,500.0,True,0.495
AOM_LS,central,0.9,0.96,0.96,0.979,0.92,0.8949579831932772,-0.006480355681074118,0.04056021907017454,6.208652166688031,12.712345540466886,0.9,0.96,0.96,0.979,0.92,0.046231985092163086,252.76382124559132,500.0,True,0.495
AOM_LS,central,0.9,0.96,0.96,0.979,0.92,0.8991596638655461,-0.006272074406172057,0.03930551957044508,5.987952115492581,12.186929159939536,0.9,0.96,0.96,0.979,0.92,0.046231985092163086,252.76382124559132,500.0,True,0.495
AOM_LS,central,0.9,0.96,0.96,0.979,0.92,0.9033613445378151,-0.006063923936118139,0.03802815891746682,5.76516517133416,11.662857856569047,0.9,0.96,0.96,0.979,0.92,0.046231985092163086,252.76382124559132,500.0,True,0.495
AOM_LS,central,0.9,0.96,0.96,0.979,0.92,0.907563025210084,-0.005855873263156229,0.03672779666959265,5.54028419548927,11.140217945224235,0.9,0.96,0.96,0.979,0.92,0.046231985092163086,252.76382124559132,500.0,True,0.495
AOM_LS,central,0.9,0.96,0.96,0.979,0.92,0.9117647058823529,-0.005647885410289613,0.03540408741974543,5.313301171248016,10.619094762802963,0.9,0.96,0.96,0.979,0.92,0.046231985092163086,252.76382124559132,500.0,True,0.495
AOM_LS,central,0.9,0.96,0.96,0.979,0.92,0.9159663865546218,-0.005439914639086106,0.034056680648868444,5.084206769998707,10.099572699751898,0.9,0.96,0.96,0.979,0.92,0.046231985092163086,252.76382124559132,500.0,True,0.495
AOM_LS,central,0.9,0.96,0.96,0.979,0.92,0.9201680672268908,-0.005231907191366305,0.03268522062344487,4.852990540623276,9.581735092761548,0.9,0.96,0.96,0.979,0.92,0.046231985092163086,252.76382124559132,500.0,True,0.495
AOM_LS,central,0.9,0.96,0.96,0.979,0.92,0.9243697478991597,-0.0050237885274920825,0.03128934627248207,4.619638753285647,9.065664254373416,0.9,0.96,0.96,0.979,0.92,0.046231985092163086,252.76382124559132,500.0,True,0.495
AOM_LS,central,0.9,0.96,0.96,0.979,0.92,0.9285714285714286,-0.004815463269049076,0.02986869110791696,4.384134523905963,8.551441292844975,0.9,0.96,0.96,0.979,0.92,0.046231985092163086,252.76382124559132,500.0,True,0.495
AOM_LS,central,0.9,0.96,0.96,0.979,0.92,0.9327731092436975,-0.004606806193342355,0.028422883116540662,4.146456428271731,8.039146050456818,0.9,0.96,0.96,0.979,0.92,0.046231985092163086,252.76382124559132,500.0,True,0.495
AOM_LS,central,0.9,0.96,0.96,0.979,0.92,0.9369747899159664,-0.004397643960165186,0.02695154465343313,3.9065757219769823,7.528857084532911,0.9,0.96,0.96,0.979,0.92,0.046231985092163086,252.76382124559132,500.0,True,0.495
AOM_LS,central,0.9,0.96,0.96,0.979,0.92,0.9411764705882353,-0.004187750396134356,0.02545429235098241,3.664455975786102,7.020651495809647,0.9,0.96,0.96,0.979,0.92,0.046231985092163086,252.76382124559132,500.0,True,0.495
AOM_LS,central,0.9,0.96,0.96,0.979,0.92,0.9453781512605042,-0.003976821181797525,0.023930737021990684,3.420049348087488,6.514604900180801,0.9,0.96,0.96,0.979,0.92,0.046231985092163086,252.76382124559132,500.0,True,0.495
AOM_LS,central,0.9,0.96,0.96,0.979,0.92,0.9495798319327731,-0.0037644374784403705,0.02238048358528033,3.173291355248596,6.010791397103652,0.9,0.96,0.96,0.979,0.92,0.046231985092163086,252.76382124559132,500.0,True,0.495
AOM_LS,central,0.9,0.96,0.96,0.979,0.92,0.953781512605042,-0.003550008634044692,0.020803131015179676,2.9240929480871585,5.509283579321234,0.9,0.96,0.96,0.979,0.92,0.046231985092163086,252.76382124559132,500.0,True,0.495
AOM_LS,central,0.9,0.96,0.96,0.979,0.92,0.9579831932773109,-0.003332701117482794,0.019198272304885647,2.6723310689025066,5.0101525535984806,0.9,0.96,0.96,0.979,0.92,0.046231985092163086,252.76382124559132,500.0,True,0.495
AOM_LS,central,0.9,0.96,0.96,0.979,0.92,0.9621848739495797,-0.0031113254001777346,0.017565494481271992,2.41783332011735,4.51346807246532,0.9,0.96,0.96,0.979,0.92,0.046231985092163086,252.76382124559132,500.0,True,0.495
AOM_LS,central,0.9,0.96,0.96,0.979,0.92,0.9663865546218486,-0.0028841226905949964,0.01590437875437623,2.160349602002886,4.019298896429313,0.9,0.96,0.96,0.979,0.92,0.046231985092163086,252.76382124559132,500.0,True,0.495
AOM_LS,central,0.9,0.96,0.96,0.979,0.92,0.9705882352941176,-0.0026484704565787696,0.01421450080191868,1.899514672688404,3.5277131963606956,0.9,0.96,0.96,0.979,0.92,0.046231985092163086,252.76382124559132,500.0,True,0.495
AOM_LS,central,0.9,0.96,0.96,0.979,0.92,0.9747899159663865,-0.0024004489392056346,0.012495431136480085,1.6347936130344476,3.038779349070612,0.9,0.96,0.96,0.979,0.92,0.046231985092163086,252.76382124559132,500.0,True,0.495
AOM_LS,central,0.9,0.96,0.96,0.979,0.92,0.9789915966386554,-0.0021338115306554464,0.010746736304461999,1.3653503033043413,2.5525682476227267,0.9,0.96,0.96,0.979,0.92,0.046231985092163086,252.76382124559132,500.0,True,0.495
AOM_LS,central,0.9,0.96,0.96,0.979,0.92,0.9831932773109244,-0.0018385160588456917,0.0089679770710158,1.0898711672703472,2.069159207751881,0.9,0.96,0.96,0.979,0.92,0.046231985092163086,252.76382124559132,500.0,True,0.495
AOM_LS,central,0.9,0.96,0.96,0.979,0.92,0.9873949579831933,-0.0014982451626768868,0.007158721943646715,0.8062660585226338,1.588629764106125,0.9,0.96,0.96,0.979,0.92,0.046231985092163086,252.76382124559132,500.0,True,0.495
AOM_LS,central,0.9,0.96,0.96,0.979,0.92,0.9915966386554622,-0.001084957535182314,0.005318251867210785,0.5109695900179688,1.1110336514762893,0.9,0.96,0.96,0.979,0.92,0.046231985092163086,252.76382124559132,500.0,True,0.495
AOM_LS,central,0.9,0.96,0.96,0.979,0.92,0.9957983193277311,-0.0005516810051733391,0.0034217375552377002,0.19782073255891763,0.6329820147816492,0.9,0.96,0.96,0.979,0.92,0.046231985092163086,252.76382124559132,500.0,True,0.495
AOM_LS,central,0.9,0.96,0.96,0.979,0.92,1.0,0.0,0.0,0.0,0.0,0.9,0.96,0.96,0.979,0.92,0.046231985092163086,252.76382124559132,500.0,True,0.495
AOM_LS,rev1_plus,0.93,0.96,0.96,0.979,0.92,0.5,-0.029169104866604158,0.08374025435984293,17.778758670256618,56.87980629974257,0.9,0.96,0.96,0.979,0.92,0.045285701751708984,361.1208089918503,500.0,True,0.495
AOM_LS,rev1_plus,0.93,0.96,0.96,0.979,0.92,0.5042016806722689,-0.028921994384258003,0.0836763734637469,17.756742860520628,56.719409623260816,0.9,0.96,0.96,0.979,0.92,0.045285701751708984,361.1208089918503,500.0,True,0.495
AOM_LS,rev1_plus,0.93,0.96,0.96,0.979,0.92,0.5084033613445378,-0.02867517829594449,0.08360979366895537,17.73369128578217,56.55458379971084,0.9,0.96,0.96,0.979,0.92,0.045285701751708984,361.1208089918503,500.0,True,0.495
AOM_LS,rev1_plus,0.93,0.96,0.96,0.979,0.92,0.5126050420168067,-0.028428655588440464,0.08354042492207404,17.70958079138026,56.38526193377031,0.9,0.96,0.96,0.979,0.92,0.045285701751708984,361.1208089918503,500.0,True,0.495
AOM_LS,rev1_plus,0.93,0.96,0.96,0.979,0.92,0.5168067226890757,-0.02818242525558711,0.08346817446896593,17.684387914607033,56.21137786066346,0.9,0.96,0.96,0.979,0.92,0.045285701751708984,361.1208089918503,500.0,True,0.495
AOM_LS,rev1_plus,0.93,0.96,0.96,0.979,0.92,0.5210084033613446,-0.027936486298364226,0.08339294707490098,17.658088902377347,56.0328659363292,0.9,0.96,0.96,0.979,0.92,0.045285701751708984,361.1208089918503,500.0,True,0.495
AOM_LS,rev1_plus,0.93,0.96,0.96,0.979,0.92,0.5252100840336135,-0.027690837711620658,0.0833146417114289,17.630659618945298,55.849664480015434,0.9,0.96,0.96,0.979,0.92,0.045285701751708984,361.1208089918503,500.0,True,0.495
AOM_LS,rev1_plus,0.93,0.96,0.96,0.979,0.92,0.5294117647058824,-0.027445478507051115,0.08323315714104751,17.60207579066162,55.6617104142856,0.9,0.96,0.96,0.979,0.92,0.045285701751708984,361.1208089918503,500.0,True,0.495
AOM_LS,rev1_plus,0.93,0.96,0.96,0.979,0.92,0.5336134453781513,-0.027200407700288483,0.08314839011882381,17.572312853549732,55.468940400056205,0.9,0.96,0.96,0.979,0.92,0.045285701751708984,361.1208089918503,500.0,True,0.495
AOM_LS,rev1_plus,0.93,0.96,0.96,0.979,0.92,0.5378151260504201,-0.02695562431608314,0.08306023507545181,17.541345947969333,55.271291395582956,0.9,0.96,0.96,0.979,0.92,0.045285701751708984,361.1208089918503,500.0,True,0.495
AOM_LS,rev1_plus,0.93,0.96,0.96,0.979,0.92,0.542016806722689,-0.026711127378057087,0.08296858288403063,17.509150115664422,55.06870296679764,0.9,0.96,0.96,0.979,0.92,0.045285701751708984,361.1208089918503,500.0,True,0.495
AOM_LS,rev1_plus,0.93,0.96,0.96,0.979,0.92,0.5462184873949579,-0.026466915918304815,0.08287332398705494,17.47569995834333,54.861111368998706,0.9,0.96,0.96,0.979,0.92,0.045285701751708984,361.1208089918503,500.0,True,0.495
AOM_LS,rev1_plus,0.93,0.96,0.96,0.979,0.92,0.5504201680672269,-0.026222988961321966,0.08277433920685263,17.4409703646046,54.648465931363916,0.9,0.96,0.96,0.979,0.92,0.045285701751708984,361.1208089918503,500.0,True,0.495
AOM_LS,rev1_plus,0.93,0.96,0.96,0.979,0.92,0.5546218487394958,-0.025979345544726806,0.08267151066628238,17.404935756454996,54.43071025247748,0.9,0.96,0.96,0.979,0.92,0.045285701751708984,361.1208089918503,500.0,True,0.495
AOM_LS,rev1_plus,0.93,0.96,0.96,0.979,0.92,0.5588235294117647,-0.025735984734699666,0.08256471782898263,17.367570286553544,54.20778905831745,0.9,0.96,0.96,0.979,0.92,0.045285701751708984,361.1208089918503,500.0,True,0.495
AOM_LS,rev1_plus,0.93,0.96,0.96,0.979,0.92,0.5630252100840336,-0.02549290561010896,0.0824538415809289,17.328847578516687,53.97964085279161,0.9,0.96,0.96,0.979,0.92,0.045285701751708984,361.1208089918503,500.0,True,0.495
AOM_LS,rev1_plus,0.93,0.96,0.96,0.979,0.92,0.5672268907563025,-0.025250107225926636,0.08233877102225705,17.28874039032784,53.746184762936295,0.9,0.96,0.96,0.979,0.92,0.045285701751708984,361.1208089918503,500.0,True,0.495
AOM_LS,rev1_plus,0.93,0.96,0.96,0.979,0.92,0.5714285714285714,-0.025007588409853846,0.08221933346395127,17.24722418888069,53.507435439249406,0.9,0.96,0.96,0.979,0.92,0.045285701751708984,361.1208089918503,500.0,True,0.495
AOM_LS,rev1_plus,0.93,0.96,0.96,0.979,0.92,0.5756302521008403,-0.02476534838955855,0.0820954027474376,17.204271285794587,53.26333002464414,0.9,0.96,0.96,0.979,0.92,0.045285701751708984,361.1208089918503,500.0,True,0.495
AOM_LS,rev1_plus,0.93,0.96,0.96,0.979,0.92,0.5798319327731092,-0.024523389826337373,0.08196692103971018,17.159832469419655,53.01356358823074,0.9,0.96,0.96,0.979,0.92,0.045285701751708984,361.1208089918503,500.0,True,0.495
AOM_LS,rev1_plus,0.93,0.96,0.96,0.979,0.92,0.5840336134453782,-0.024281708258479095,0.08183369555142858,17.113901206250798,52.758299622527495,0.9,0.96,0.96,0.979,0.92,0.045285701751708984,361.1208089918503,500.0,True,0.495
AOM_LS,rev1_plus,0.93,0.96,0.96,0.979,0.92,0.5882352941176471,-0.024040302678939633,0.08169558226895829,17.066450737685283,52.497497751607135,0.9,0.96,0.96,0.979,0.92,0.045285701751708984,361.1208089918503,500.0,True,0.495
AOM_LS,rev1_plus,0.93,0.96,0.96,0.979,0.92,0.592436974789916,-0.02379917219786946,0.08155243732038174,17.01745341003151,52.231110053511216,0.9,0.96,0.96,0.979,0.92,0.045285701751708984,361.1208089918503,500.0,True,0.495
AOM_LS,rev1_plus,0.93,0.96,0.96,0.979,0.92,0.5966386554621849,-0.023558315931447776,0.08140411335999354,16.966881376326857,51.959090239202744,0.9,0.96,0.96,0.979,0.92,0.045285701751708984,361.1208089918503,500.0,True,0.495
AOM_LS,rev1_plus,0.93,0.96,0.96,0.979,0.92,0.6008403361344538,-0.023317733001195728,0.08125045947666337,16.91470660609504,51.68139377606578,0.9,0.96,0.96,0.979,0.92,0.045285701751708984,361.1208089918503,500.0,True,0.495
AOM_LS,rev1_plus,0.93,0.96,0.96,0.979,0.92,0.6050420168067226,-0.023077422483358576,0.08109130232221959,16.860902323431002,51.39800989189136,0.9,0.96,0.96,0.979,0.92,0.045285701751708984,361.1208089918503,500.0,True,0.495
AOM_LS,rev1_plus,0.93,0.96,0.96,0.979,0.92,0.6092436974789917,-0.0228373835237359,0.08092648906261514,16.80543975073745,51.10888858747596,0.9,0.96,0.96,0.979,0.92,0.045285701751708984,361.1208089918503,500.0,True,0.495
AOM_LS,rev1_plus,0.93,0.96,0.96,0.979,0.92,0.6134453781512605,-0.02259761535400814,0.08075589358765345,16.74828761598177,50.81393013741246,0.9,0.96,0.96,0.979,0.92,0.045285701751708984,361.1208089918503,500.0,True,0.495
AOM_LS,rev1_plus,0.93,0.96,0.96,0.979,0.92,0.6176470588235294,-0.022358117098571804,0.08057934430789063,16.689417657712916,50.51310757993663,0.9,0.96,0.96,0.979,0.92,0.045285701751708984,361.1208089918503,500.0,True,0.495
AOM_LS,rev1_plus,0.93,0.96,0.96,0.979,0.92,0.6218487394957983,-0.022118887882185946,0.08039666441659803,16.62880157058433,50.20639828868363,0.9,0.96,0.96,0.979,0.92,0.045285701751708984,361.1208089918503,500.0,True,0.495
AOM_LS,rev1_plus,0.93,0.96,0.96,0.979,0.92,0.6260504201680672,-0.021879926838508687,0.08020767511836492,16.56641075945902,49.89377844069032,0.9,0.96,0.96,0.979,0.92,0.045285701751708984,361.1208089918503,500.0,True,0.495
AOM_LS,rev1_plus,0.93,0.96,0.96,0.979,0.92,0.6302521008403361,-0.021641233109292037,0.0800121953648078,16.502216358472435,49.575223411838195,0.9,0.96,0.96,0.979,0.92,0.045285701751708984,361.1208089918503,500.0,True,0.495
AOM_LS,rev1_plus,0.93,0.96,0.96,0.979,0.92,0.634453781512605,-0.02140280586522234,0.0798100237161664,16.436190585218124,49.2507383514695,0.9,0.96,0.96,0.979,0.92,0.045285701751708984,361.1208089918503,500.0,True,0.495
AOM_LS,rev1_plus,0.93,0.96,0.96,0.979,0.92,0.6386554621848739,-0.02116464423209814,0.07960099856232562,16.368302245010963,48.92025640742668,0.9,0.96,0.96,0.979,0.92,0.045285701751708984,361.1208089918503,500.0,True,0.495
AOM_LS,rev1_plus,0.93,0.96,0.96,0.979,0.92,0.6428571428571428,-0.020926747367514816,0.07938493386169138,16.298521518674104,48.58374723430915,0.9,0.96,0.96,0.979,0.92,0.045285701751708984,361.1208089918503,500.0,True,0.495
AOM_LS,rev1_plus,0.93,0.96,0.96,0.979,0.92,0.6470588235294118,-0.02068911444264661,0.07916163340888949,16.226818903507095,48.241192790996585,0.9,0.96,0.96,0.979,0.92,0.045285701751708984,361.1208089918503,500.0,True,0.495
AOM_LS,rev1_plus,0.93,0.96,0.96,0.979,0.92,0.6512605042016807,-0.020451744632758624,0.07893089792030998,16.153164683736016,47.89257529302409,0.9,0.96,0.96,0.979,0.92,0.045285701751708984,361.1208089918503,500.0,True,0.495
AOM_LS,rev1_plus,0.93,0.96,0.96,0.979,0.92,0.6554621848739496,-0.020214637115979674,0.07869252531147114,16.077528907315063,47.537876666429845,0.9,0.96,0.96,0.979,0.92,0.045285701751708984,361.1208089918503,500.0,True,0.495
AOM_LS,rev1_plus,0.93,0.96,0.96,0.979,0.92,0.6596638655462185,-0.019977790936703706,0.07844631089465735,15.999881612444062,47.17707951584843,0.9,0.96,0.96,0.979,0.92,0.045285701751708984,361.1208089918503,500.0,True,0.495
AOM_LS,rev1_plus,0.93,0.96,0.96,0.979,0.92,0.6638655462184874,-0.019741205312746847,0.07819204590241008,15.920192383779185,46.81016640451397,0.9,0.96,0.96,0.979,0.92,0.045285701751708984,361.1208089918503,500.0,True,0.495
AOM_LS,rev1_plus,0.93,0.96,0.96,0.979,0.92,0.6680672268907563,-0.019504879666046762,0.0779295170683953,15.838430324708417,46.43712014238988,0.9,0.96,0.96,0.979,0.92,0.045285701751708984,361.1208089918503,500.0,True,0.495
AOM_LS,rev1_plus,0.93,0.96,0.96,0.979,0.92,0.6722689075630253,-0.01926881317993464,0.0776585080173054,15.754564743014551,46.05792584122669,0.9,0.96,0.96,0.979,0.92,0.045285701751708984,361.1208089918503,500.0,True,0.495
AOM_LS,rev1_plus,0.93,0.96,0.96,0.979,0.92,0.6764705882352942,-0.01903300498016378,0.07737879829498853,15.668564894758259,45.6725706052222,0.9,0.96,0.96,0.979,0.92,0.045285701751708984,361.1208089918503,500.0,True,0.495
AOM_LS,rev1_plus,0.93,0.96,0.96,0.979,0.92,0.680672268907563,-0.018797454207283095,0.07709016281874205,15.580399891191888,45.281043607738944,0.9,0.96,0.96,0.979,0.92,0.045285701751708984,361.1208089918503,500.0,True,0.495
AOM_LS,rev1_plus,0.93,0.96,0.96,0.979,0.92,0.6848739495798319,-0.018562160014512018,0.0767923716180952,15.490038717213691,44.88333642848601,0.9,0.96,0.96,0.979,0.92,0.045285701751708984,361.1208089918503,500.0,True,0.495
AOM_LS,rev1_plus,0.93,0.96,0.96,0.979,0.92,0.6890756302521008,-0.0183271214511714,0.07648521179141632,15.397449136446372,44.47940957794411,0.9,0.96,0.96,0.979,0.92,0.045285701751708984,361.1208089918503,500.0,True,0.495
AOM_LS,rev1_plus,0.93,0.96,0.96,0.979,0.92,0.6932773109243697,-0.01809233782775726,0.07616841609842379,15.30260126814751,44.06930111333989,0.9,0.96,0.96,0.979,0.92,0.045285701751708984,361.1208089918503,500.0,True,0.495
AOM_LS,rev1_plus,0.93,0.96,0.96,0.979,0.92,0.6974789915966386,-0.017857808376105403,0.07584172821212827,15.205464333371776,43.65302718107036,0.9,0.96,0.96,0.979,0.92,0.045285701751708984,361.1208089918503,500.0,True,0.495
AOM_LS,rev1_plus,0.93,0.96,0.96,0.979,0.92,0.7016806722689075,-0.01762353225474458,0.07550490111538713,15.10600673234882,43.23058441108129,0.9,0.96,0.96,0.979,0.92,0.045285701751708984,361.1208089918503,500.0,True,0.495
AOM_LS,rev1_plus,0.93,0.96,0.96,0.979,0.92,0.7058823529411764,-0.01738950862594075,0.07515768160546374,15.00419681957074,42.80197342479468,0.9,0.96,0.96,0.979,0.92,0.045285701751708984,361.1208089918503,500.0,True,0.495
AOM_LS,rev1_plus,0.93,0.96,0.96,0.979,0.92,0.7100840336134454,-0.01715573691049787,0.07479983457211141,14.900001567264708,42.36716093047491,0.9,0.96,0.96,0.979,0.92,0.045285701751708984,361.1208089918503,500.0,True,0.495
AOM_LS,rev1_plus,0.93,0.96,0.96,0.979,0.92,0.7142857142857143,-0.016922216116874,0.07443107456699345,14.79339031658739,41.92618605286731,0.9,0.96,0.96,0.979,0.92,0.045285701751708984,361.1208089918503,500.0,True,0.495
AOM_LS,rev1_plus,0.93,0.96,0.96,0.979,0.92,0.7184873949579832,-0.01668894529540444,0.07405111240147957,14.68433223114292,41.479087661119685,0.9,0.96,0.96,0.979,0.92,0.045285701751708984,361.1208089918503,500.0,True,0.495
AOM_LS,rev1_plus,0.93,0.96,0.96,0.979,0.92,0.7226890756302521,-0.016455923712537963,0.07365967316048418,14.572795303719895,41.025876261439166,0.9,0.96,0.96,0.979,0.92,0.045285701751708984,361.1208089918503,500.0,True,0.495
AOM_LS,rev1_plus,0.93,0.96,0.96,0.979,0.92,0.726890756302521,-0.016223150679338542,0.07325647884034017,14.458747302366476,40.56656090101429,0.9,0.96,0.96,0.979,0.92,0.045285701751708984,361.1208089918503,500.0,True,0.495
AOM_LS,rev1_plus,0.93,0.96,0.96,0.979,0.92,0.7310924369747899,-0.015990625725774667,0.07284125413182775,14.34215529424967,40.10113912295251,0.9,0.96,0.96,0.979,0.92,0.045285701751708984,361.1208089918503,500.0,True,0.495
AOM_LS,rev1_plus,0.93,0.96,0.96,0.979,0.92,0.7352941176470589,-0.015758348188602802,0.07241370744637576,14.222986976537202,39.62962805600808,0.9,0.96,0.96,0.979,0.92,0.045285701751708984,361.1208089918503,500.0,True,0.495
AOM_LS,rev1_plus,0.93,0.96,0.96,0.979,0.92,0.7394957983193278,-0.015526316915632431,0.07197351728045527,14.101211640163479,39.152086621693215,0.9,0.96,0.96,0.979,0.92,0.045285701751708984,361.1208089918503,500.0,True,0.495
AOM_LS,rev1_plus,0.93,0.96,0.96,0.979,0.92,0.7436974789915967,-0.015294531089497947,0.0715203705817726,13.976797468784632,38.66855228183179,0.9,0.96,0.96,0.979,0.92,0.045285701751708984,361.1208089918503,500.0,True,0.495
AOM_LS,rev1_plus,0.93,0.96,0.96,0.979,0.92,0.7478991596638656,-0.01506299018673828,0.07105396099662234,13.849711653249374,38.17904380613667,0.9,0.96,0.96,0.979,0.92,0.045285701751708984,361.1208089918503,500.0,True,0.495
AOM_LS,rev1_plus,0.93,0.96,0.96,0.979,0.92,0.7521008403361344,-0.014831693680384865,0.07057397575693092,13.71992125826079,37.68358240936437,0.9,0.96,0.96,0.979,0.92,0.045285701751708984,361.1208089918503,500.0,True,0.495
AOM_LS,rev1_plus,0.93,0.96,0.96,0.979,0.92,0.7563025210084033,-0.014600641169775722,0.0700801045030415,13.587392363265945,37.182175846612466,0.9,0.96,0.96,0.979,0.92,0.045285701751708984,361.1208089918503,500.0,True,0.495
AOM_LS,rev1_plus,0.93,0.96,0.96,0.979,0.92,0.7605042016806722,-0.01436983180335038,0.06957200050452042,13.452093827640638,36.67488744184527,0.9,0.96,0.96,0.979,0.92,0.045285701751708984,361.1208089918503,500.0,True,0.495
AOM_LS,rev1_plus,0.93,0.96,0.96,0.979,0.92,0.7647058823529411,-0.014139264737820994,0.06904931160060859,13.313994284386663,36.16178063230831,0.9,0.96,0.96,0.979,0.92,0.045285701751708984,361.1208089918503,500.0,True,0.495
AOM_LS,rev1_plus,0.93,0.96,0.96,0.979,0.92,0.76890756302521,-0.013908939396422114,0.06851169765586226,13.173060437376467,35.64288763975446,0.9,0.96,0.96,0.979,0.92,0.045285701751708984,361.1208089918503,500.0,True,0.495
AOM_LS,rev1_plus,0.93,0.96,0.96,0.979,0.92,0.7731092436974789,-0.013678855157970696,0.06795880970766124,13.029259078281044,35.11824651327596,0.9,0.96,0.96,0.979,0.92,0.045285701751708984,361.1208089918503,500.0,True,0.495
AOM_LS,rev1_plus,0.93,0.96,0.96,0.979,0.92,0.7773109243697479,-0.013449010716905723,0.06739029604203613,12.882555877104265,34.58788732049084,0.9,0.96,0.96,0.979,0.92,0.045285701751708984,361.1208089918503,500.0,True,0.495
AOM_LS,rev1_plus,0.93,0.96,0.96,0.979,0.92,0.7815126050420168,-0.013219405790692172,0.06680578649472044,12.7329185277239,34.05186722221908,0.9,0.96,0.96,0.979,0.92,0.045285701751708984,361.1208089918503,500.0,True,0.495
AOM_LS,rev1_plus,0.93,0.96,0.96,0.979,0.92,0.7857142857142857,-0.012990040532228278,0.0662048980069114,12.580315637164214,33.510257783061626,0.9,0.96,0.96,0.979,0.92,0.045285701751708984,361.1208089918503,500.0,True,0.495
AOM_LS,rev1_plus,0.93,0.96,0.96,0.979,0.92,0.7899159663865546,-0.012760914014959813,0.06558724878666547,12.424713891442432,32.96311296165775,0.9,0.96,0.96,0.979,0.92,0.045285701751708984,361.1208089918503,500.0,True,0.495
AOM_LS,rev1_plus,0.93,0.96,0.96,0.979,0.92,0.7941176470588236,-0.012532025135663325,0.06495245005588965,12.266079705168314,32.41048743419227,0.9,0.96,0.96,0.979,0.92,0.045285701751708984,361.1208089918503,500.0,True,0.495
AOM_LS,rev1_plus,0.93,0.96,0.96,0.979,0.92,0.7983193277310925,-0.01230337222061389,0.0643001056254464,12.10437908320434,31.852436551894865,0.9,0.96,0.96,0.979,0.92,0.045285701751708984,361.1208089918503,500.0,True,0.495
AOM_LS,rev1_plus,0.93,0.96,0.96,0.979,0.92,0.8025210084033614,-0.012074954224709835,0.06362980932368728,11.939578572297432,31.289023381885542,0.9,0.96,0.96,0.979,0.92,0.045285701751708984,361.1208089918503,500.0,True,0.495
AOM_LS,rev1_plus,0.93,0.96,0.96,0.979,0.92,0.8067226890756303,-0.011846771262140954,0.06294114389344307,11.77164566781066,30.720321582839947,0.9,0.96,0.96,0.979,0.92,0.045285701751708984,361.1208089918503,500.0,True,0.495
AOM_LS,rev1_plus,0.93,0.96,0.96,0.979,0.92,0.8109243697478992,-0.01161882263817821,0.062233686057346686,11.60054714015295,30.146401653912527,0.9,0.96,0.96,0.979,0.92,0.045285701751708984,361.1208089918503,500.0,True,0.495
AOM_LS,rev1_plus,0.93,0.96,0.96,0.979,0.92,0.8151260504201681,-0.011391107060922657,0.061507008637990655,11.426248995743435,29.567327833204814,0.9,0.96,0.96,0.979,0.92,0.045285701751708984,361.1208089918503,500.0,True,0.495
AOM_LS,rev1_plus,0.93,0.96,0.96,0.979,0.92,0.819327731092437,-0.011163623059087876,0.06076066797757166,11.24871765393383,28.98317868630789,0.9,0.96,0.96,0.979,0.92,0.045285701751708984,361.1208089918503,500.0,True,0.495
AOM_LS,rev1_plus,0.93,0.96,0.96,0.979,0.92,0.8235294117647058,-0.010936369147964895,0.05999420878366116,11.06791967477495,28.39403954425116,0.9,0.96,0.96,0.979,0.92,0.045285701751708984,361.1208089918503,500.0,True,0.495
AOM_LS,rev1_plus,0.93,0.96,0.96,0.979,0.92,0.8277310924369747,-0.01070934544254736,0.05920718873615243,10.883820839891374,27.799967109379857,0.9,0.96,0.96,0.979,0.92,0.045285701751708984,361.1208089918503,500.0,True,0.495
AOM_LS,rev1_plus,0.93,0.96,0.96,0.979,0.92,0.8319327731092436,-0.010482550769415318,0.05839914489006934,10.696387015022411,27.20103570474264,0.9,0.96,0.96,0.979,0.92,0.045285701751708984,361.1208089918503,500.0,True,0.495
AOM_LS,rev1_plus,0.93,0.96,0.96,0.979,0.92,0.8361344537815125,-0.01025598151398425,0.0575695845810407,10.505584188964553,26.597348751322443,0.9,0.96,0.96,0.979,0.92,0.045285701751708984,361.1208089918503,500.0,True,0.495
AOM_LS,rev1_plus,0.93,0.96,0.96,0.979,0.92,0.8403361344537815,-0.010029637773950969,0.056718032825531804,10.311378144840244,25.98897598449443,0.9,0.96,0.96,0.979,0.92,0.045285701751708984,361.1208089918503,500.0,True,0.495
AOM_LS,rev1_plus,0.93,0.96,0.96,0.979,0.92,0.8445378151260504,-0.009803521732674235,0.0558440184969301,10.113734547281304,25.375971389820915,0.9,0.96,0.96,0.979,0.92,0.045285701751708984,361.1208089918503,500.0,True,0.495
AOM_LS,rev1_plus,0.93,0.96,0.96,0.979,0.92,0.8487394957983193,-0.009577631335739448,0.054947036281693104,9.912618815254028,24.75842199419912,0.9,0.96,0.96,0.979,0.92,0.045285701751708984,361.1208089918503,500.0,True,0.495
AOM_LS,rev1_plus,0.93,0.96,0.96,0.979,0.92,0.8529411764705882,-0.009351961818411194,0.05402655482133116,9.70799616318543,24.13643678365412,0.9,0.96,0.96,0.979,0.92,0.045285701751708984,361.1208089918503,500.0,True,0.495
AOM_LS,rev1_plus,0.93,0.96,0.96,0.979,0.92,0.8571428571428572,-0.009126516494579174,0.05308206888489534,9.499832027491761,23.510078362973662,0.9,0.96,0.96,0.979,0.92,0.045285701751708984,361.1208089918503,500.0,True,0.495
AOM_LS,rev1_plus,0.93,0.96,0.96,0.979,0.92,0.8613445378151261,-0.008901296275366554,0.05211305365873643,9.288091549915192,22.879422735698583,0.9,0.96,0.96,0.979,0.92,0.045285701751708984,361.1208089918503,500.0,True,0.495
AOM_LS,rev1_plus,0.93,0.96,0.96,0.979,0.92,0.865546218487395,-0.008676296917606302,0.05111896505080439,9.072739383683222,22.244560534189127,0.9,0.96,0.96,0.979,0.92,0.045285701751708984,361.1208089918503,500.0,True,0.495
AOM_LS,rev1_plus,0.93,0.96,0.96,0.979,0.92,0.8697478991596639,-0.008451516700478546,0.05009923535100621,8.8537401282959,21.60559492651684,0.9,0.96,0.96,0.979,0.92,0.045285701751708984,361.1208089918503,500.0,True,0.495
AOM_LS,rev1_plus,0.93,0.96,0.96,0.979,0.92,0.8739495798319328,-0.008226953231808672,0.04905327300000342,8.631058092059916,20.96264369671588,0.9,0.96,0.96,0.979,0.92,0.045285701751708984,361.1208089918503,500.0,True,0.495
AOM_LS,rev1_plus,0.93,0.96,0.96,0.979,0.92,0.8781512605042017,-0.008002603553521153,0.047980494047653095,8.404657337686443,20.315804554003197,0.9,0.96,0.96,0.979,0.92,0.045285701751708984,361.1208089918503,500.0,True,0.495
AOM_LS,rev1_plus,0.93,0.96,0.96,0.979,0.92,0.8823529411764706,-0.0077784647032456255,0.04688032232818177,8.17450169226063,19.665154105617717,0.9,0.96,0.96,0.979,0.92,0.045285701751708984,361.1208089918503,500.0,True,0.495
AOM_LS,rev1_plus,0.93,0.96,0.96,0.979,0.92,0.8865546218487395,-0.007554532098366269,0.04575214261557508,7.940554525580715,19.01079918305257,0.9,0.96,0.96,0.979,0.92,0.045285701751708984,361.1208089918503,500.0,True,0.495
AOM_LS,rev1_plus,0.93,0.96,0.96,0.979,0.92,0.8907563025210083,-0.007330801318420477,0.04459534597503792,7.702778907011182,18.35282572971872,0.9,0.96,0.96,0.979,0.92,0.045285701751708984,361.1208089918503,500.0,True,0.495
AOM_LS,rev1_plus,0.93,0.96,0.96,0.979,0.92,0.8949579831932772,-0.007107264869104443,0.04340929129569984,7.461137278759545,17.691341921152667,0.9,0.96,0.96,0.979,0.92,0.045285701751708984,361.1208089918503,500.0,True,0.495
AOM_LS,rev1_plus,0.93,0.96,0.96,0.979,0.92,0.8991596638655461,-0.006883915733879104,0.04219334460315575,7.2155917434780745,17.026432664112257,0.9,0.96,0.96,0.979,0.92,0.045285701751708984,361.1208089918503,500.0,True,0.495
AOM_LS,rev1_plus,0.93,0.96,0.96,0.979,0.92,0.9033613445378151,-0.006660742196755163,0.040946837962559414,6.966103532553592,16.35820616648659,0.9,0.96,0.96,0.979,0.92,0.045285701751708984,361.1208089918503,500.0,True,0.495
AOM_LS,rev1_plus,0.93,0.96,0.96,0.979,0.92,0.907563025210084,-0.00643773340028374,0.039669113108717964,6.712633501545008,15.68674298367729,0.9,0.96,0.96,0.979,0.92,0.045285701751708984,361.1208089918503,500.0,True,0.495
AOM_LS,rev1_plus,0.93,0.96,0.96,0.979,0.92,0.9117647058823529,-0.006214873846322417,0.03835948427515574,6.455141535117767,15.012138222208407,0.9,0.96,0.96,0.979,0.92,0.045285701751708984,361.1208089918503,500.0,True,0.495
AOM_LS,rev1_plus,0.93,0.96,0.96,0.979,0.92,0.9159663865546218,-0.0059921397798142935,0.03701725614717017,6.193585847455223,14.3344807064312,0.9,0.96,0.96,0.979,0.92,0.045285701751708984,361.1208089918503,500.0,True,0.495
AOM_LS,rev1_plus,0.93,0.96,0.96,0.979,0.92,0.9201680672268908,-0.005769503087072197,0.035641718674039306,5.927923603668105,13.653857574233317,0.9,0.96,0.96,0.979,0.92,0.045285701751708984,361.1208089918503,500.0,True,0.495
AOM_LS,rev1_plus,0.93,0.96,0.96,0.979,0.92,0.9243697478991597,-0.005546924198746503,0.03423214276937284,5.658109890741905,12.970358974421039,0.9,0.96,0.96,0.979,0.92,0.045285701751708984,361.1208089918503,500.0,True,0.495
AOM_LS,rev1_plus,0.93,0.96,0.96,0.979,0.92,0.9285714285714286,-0.005324352227761141,0.03278778484071382,5.384097732507988,12.284071873235883,0.9,0.96,0.96,0.979,0.92,0.045285701751708984,361.1208089918503,500.0,True,0.495
AOM_LS,rev1_plus,0.93,0.96,0.96,0.979,0.92,0.9327731092436975,-0.005101720736329139,0.031307885359932376,5.105837434331115,11.595080949691104,0.9,0.96,0.96,0.979,0.92,0.045285701751708984,361.1208089918503,500.0,True,0.495
AOM_LS,rev1_plus,0.93,0.96,0.96,0.979,0.92,0.9369747899159664,-0.0048789284516174225,0.02979166834870851,4.823273621482832,10.903468530108992,0.9,0.96,0.96,0.979,0.92,0.045285701751708984,361.1208089918503,500.0,True,0.495
AOM_LS,rev1_plus,0.93,0.96,0.96,0.979,0.92,0.9411764705882353,-0.004655830657382045,0.02823834104109533,4.536344127802533,10.209314058259027,0.9,0.96,0.96,0.979,0.92,0.045285701751708984,361.1208089918503,500.0,True,0.495
AOM_LS,rev1_plus,0.93,0.96,0.96,0.979,0.92,0.9453781512605042,-0.004432222773377574,0.026647093458637288,4.244977854213075,9.51269371563117,0.9,0.96,0.96,0.979,0.92,0.045285701751708984,361.1208089918503,500.0,True,0.495
AOM_LS,rev1_plus,0.93,0.96,0.96,0.979,0.92,0.9495798319327731,-0.004207810500071234,0.025017097977450418,3.94909071250959,8.813680072665397,0.9,0.96,0.96,0.979,0.92,0.045285701751708984,361.1208089918503,500.0,True,0.495
AOM_LS,rev1_plus,0.93,0.96,0.96,0.979,0.92,0.953781512605042,-0.003982159741524413,0.023347508903259095,3.648578797501613,8.112341768395018,0.9,0.96,0.96,0.979,0.92,0.045285701751708984,361.1208089918503,500.0,True,0.495
AOM_LS,rev1_plus,0.93,0.96,0.96,0.979,0.92,0.9579831932773109,-0.0037546069751933525,0.02163746207413372,3.3433066908832987,7.408743255464087,0.9,0.96,0.96,0.979,0.92,0.045285701751708984,361.1208089918503,500.0,True,0.495
AOM_LS,rev1_plus,0.93,0.96,0.96,0.979,0.92,0.9621848739495797,-0.0035241356255490516,0.01988607450159554,3.0330919369512968,6.7029445375976024,0.9,0.96,0.96,0.979,0.92,0.045285701751708984,361.1208089918503,500.0,True,0.495
AOM_LS,rev1_plus,0.93,0.96,0.96,0.979,0.92,0.9663865546218486,-0.003289168528172433,0.018092444067932485,2.717678840512628,5.995001110714019,0.9,0.96,0.96,0.979,0.92,0.045285701751708984,361.1208089918503,500.0,True,0.495
AOM_LS,rev1_plus,0.93,0.96,0.96,0.979,0.92,0.9705882352941176,-0.0030471171200361566,0.016255649524737965,2.396682951974171,5.284964378687208,0.9,0.96,0.96,0.979,0.92,0.045285701751708984,361.1208089918503,500.0,True,0.495
AOM_LS,rev1_plus,0.93,0.96,0.96,0.979,0.92,0.9747899159663865,-0.0027937761957620016,0.014374750812976109,2.0695204647152297,4.572881936574456,0.9,0.96,0.96,0.979,0.92,0.045285701751708984,361.1208089918503,500.0,True,0.495
AOM_LS,rev1_plus,0.93,0.96,0.96,0.979,0.92,0.9789915966386554,-0.0025219516146110185,0.012448789800326087,1.7352463153311344,3.8588001849755127,0.9,0.96,0.96,0.979,0.92,0.045285701751708984,361.1208089918503,500.0,True,0.495
AOM_LS,rev1_plus,0.93,0.96,0.96,0.979,0.92,0.9831932773109244,-0.0022188857489359093,0.010476791317631436,1.3922615214369405,3.1427694230166967,0.9,0.96,0.96,0.979,0.92,0.045285701751708984,361.1208089918503,500.0,True,0.495
AOM_LS,rev1_plus,0.93,0.96,0.96,0.979,0.92,0.9873949579831933,-0.001861313356297286,0.008457769675813997,1.03777414253804,2.424849219162875,0.9,0.96,0.96,0.979,0.92,0.045285701751708984,361.1208089918503,500.0,True,0.495
AOM_LS,rev1_plus,0.93,0.96,0.96,0.979,0.92,0.9915966386554622,-0.0014050440631483202,0.006390514780165607,0.6666283041101555,1.705072220950412,0.9,0.96,0.96,0.979,0.92,0.045285701751708984,361.1208089918503,500.0,True,0.495
AOM_LS,rev1_plus,0.93,0.96,0.96,0.979,0.92,0.9957983193277311,-0.0007646777285435732,0.004245112124412715,0.2690642908099934,0.9789798336288438,0.9,0.96,0.96,0.979,0.92,0.045285701751708984,361.1208089918503,500.0,True,0.495
AOM_LS,rev1_plus,0.93,0.96,0.96,0.979,0.92,1.0,0.0,0.0,0.0,0.0,0.9,0.96,0.96,0.979,0.92,0.045285701751708984,361.1208089918503,500.0,True,0.495
AOM_LS,rev1_minus,0.87,0.96,0.96,0.979,0.92,0.5,-0.025275648929807177,0.10135670740354802,18.36704763693358,52.77838741406168,0.9,0.96,0.96,0.979,0.92,0.034905195236206055,194.42488501190095,500.0,True,0.495
AOM_LS,rev1_minus,0.87,0.96,0.96,0.979,0.92,0.5042016806722689,-0.025052686674256384,0.10109180352902891,18.28706513556666,52.35502751146815,0.9,0.96,0.96,0.979,0.92,0.034905195236206055,194.42488501190095,500.0,True,0.495
AOM_LS,rev1_minus,0.87,0.96,0.96,0.979,0.92,0.5084033613445378,-0.02483012916453509,0.10082112548478525,18.20576929407164,51.9289791860259,0.9,0.96,0.96,0.979,0.92,0.034905195236206055,194.42488501190095,500.0,True,0.495
AOM_LS,rev1_minus,0.87,0.96,0.96,0.979,0.92,0.5126050420168067,-0.024607974372753274,0.10054459376995636,18.123158156519715,51.50029139232935,0.9,0.96,0.96,0.979,0.92,0.034905195236206055,194.42488501190095,500.0,True,0.495
AOM_LS,rev1_minus,0.87,0.96,0.96,0.979,0.92,0.5168067226890757,-0.024386220288906805,0.10026212803394048,18.039229992749203,51.06901439781958,0.9,0.96,0.96,0.979,0.92,0.034905195236206055,194.42488501190095,500.0,True,0.495
AOM_LS,rev1_minus,0.87,0.96,0.96,0.979,0.92,0.5210084033613446,-0.024164864708636415,0.09997364679242453,17.95398248883612,50.63519678094341,0.9,0.96,0.96,0.979,0.92,0.034905195236206055,194.42488501190095,500.0,True,0.495
AOM_LS,rev1_minus,0.87,0.96,0.96,0.979,0.92,0.5252100840336135,-0.023943904527276877,0.09967906643007965,17.86741007355336,50.19887563093792,0.9,0.96,0.96,0.979,0.92,0.034905195236206055,194.42488501190095,500.0,True,0.495
AOM_LS,rev1_minus,0.87,0.96,0.96,0.979,0.92,0.5294117647058824,-0.02372333973348983,0.09937830697535772,17.779518989301142,49.76013144030675,0.9,0.96,0.96,0.979,0.92,0.034905195236206055,194.42488501190095,500.0,True,0.495
AOM_LS,rev1_minus,0.87,0.96,0.96,0.979,0.92,0.5336134453781513,-0.023503168303468002,0.09907128476271679,17.690308009281875,49.31901781228483,0.9,0.96,0.96,0.979,0.92,0.034905195236206055,194.42488501190095,500.0,True,0.495
AOM_LS,rev1_minus,0.87,0.96,0.96,0.979,0.92,0.5378151260504201,-0.02328338818775505,0.09875791531015259,17.599775930278977,48.87558869311738,0.9,0.96,0.96,0.979,0.92,0.034905195236206055,194.42488501190095,500.0,True,0.495
AOM_LS,rev1_minus,0.87,0.96,0.96,0.979,0.92,0.542016806722689,-0.023063997364079717,0.09843811341089811,17.507921765461507,48.42989903545724,0.9,0.96,0.96,0.979,0.92,0.034905195236206055,194.42488501190095,500.0,True,0.495
AOM_LS,rev1_minus,0.87,0.96,0.96,0.979,0.92,0.5462184873949579,-0.02284499383635735,0.09811179314646346,17.414744734217482,47.982004723958376,0.9,0.96,0.96,0.979,0.92,0.034905195236206055,194.42488501190095,500.0,True,0.495
AOM_LS,rev1_minus,0.87,0.96,0.96,0.979,0.92,0.5504201680672269,-0.022626375633737792,0.09777886789868975,17.32024425239417,47.53196250397408,0.9,0.96,0.96,0.979,0.92,0.034905195236206055,194.42488501190095,500.0,True,0.495
AOM_LS,rev1_minus,0.87,0.96,0.96,0.979,0.92,0.5546218487394958,-0.02240814080969641,0.09743925036085997,17.22441992292482,47.0798299131985,0.9,0.96,0.96,0.979,0.92,0.034905195236206055,194.42488501190095,500.0,True,0.495
AOM_LS,rev1_minus,0.87,0.96,0.96,0.979,0.92,0.5588235294117647,-0.022190287421639168,0.09709285267186997,17.127271390846538,46.62566452470797,0.9,0.96,0.96,0.979,0.92,0.034905195236206055,194.42488501190095,500.0,True,0.495
AOM_LS,rev1_minus,0.87,0.96,0.96,0.979,0.92,0.5630252100840336,-0.02197281311658251,0.0967395890506313,17.028795454961376,46.16950924246585,0.9,0.96,0.96,0.979,0.92,0.034905195236206055,194.42488501190095,500.0,True,0.495
AOM_LS,rev1_minus,0.87,0.96,0.96,0.979,0.92,0.5672268907563025,-0.02175571630384584,0.09637936835889908,16.928994228842818,45.71143376747683,0.9,0.96,0.96,0.979,0.92,0.034905195236206055,194.42488501190095,500.0,True,0.495
AOM_LS,rev1_minus,0.87,0.96,0.96,0.979,0.92,0.5714285714285714,-0.021538995624119726,0.09601209746508187,16.827871447988365,45.2515158269828,0.9,0.96,0.96,0.979,0.92,0.034905195236206055,194.42488501190095,500.0,True,0.495
AOM_LS,rev1_minus,0.87,0.96,0.96,0.979,0.92,0.5756302521008403,-0.021322649174344326,0.09563768617171564,16.7254270657236,44.78981367152084,0.9,0.96,0.96,0.979,0.92,0.034905195236206055,194.42488501190095,500.0,True,0.495
AOM_LS,rev1_minus,0.87,0.96,0.96,0.979,0.92,0.5798319327731092,-0.02110667871706591,0.0952559716463583,16.62164824117806,44.32636986786392,0.9,0.96,0.96,0.979,0.92,0.034905195236206055,194.42488501190095,500.0,True,0.495
AOM_LS,rev1_minus,0.87,0.96,0.96,0.979,0.92,0.5840336134453782,-0.02089107882284017,0.09486693050105181,16.51654792603474,43.86126106367261,0.9,0.96,0.96,0.979,0.92,0.034905195236206055,194.42488501190095,500.0,True,0.495
AOM_LS,rev1_minus,0.87,0.96,0.96,0.979,0.92,0.5882352941176471,-0.02067584756745392,0.0944704724031266,16.410126953160855,43.39454780648034,0.9,0.96,0.96,0.979,0.92,0.034905195236206055,194.42488501190095,500.0,True,0.495
AOM_LS,rev1_minus,0.87,0.96,0.96,0.979,0.92,0.592436974789916,-0.020460983148657907,0.09406650444924955,16.302385964946335,42.92629068150017,0.9,0.96,0.96,0.979,0.92,0.034905195236206055,194.42488501190095,500.0,True,0.495
AOM_LS,rev1_minus,0.87,0.96,0.96,0.979,0.92,0.5966386554621849,-0.020246483743371433,0.09365494273415971,16.19332310982129,42.45652793197817,0.9,0.96,0.96,0.979,0.92,0.034905195236206055,194.42488501190095,500.0,True,0.495
AOM_LS,rev1_minus,0.87,0.96,0.96,0.979,0.92,0.6008403361344538,-0.02003234761647718,0.09323568818427196,16.08294065343165,41.985332457421826,0.9,0.96,0.96,0.979,0.92,0.034905195236206055,194.42488501190095,500.0,True,0.495
AOM_LS,rev1_minus,0.87,0.96,0.96,0.979,0.92,0.6050420168067226,-0.019818573087470814,0.09280863372787439,15.971243011206829,41.51279480714609,0.9,0.96,0.96,0.979,0.92,0.034905195236206055,194.42488501190095,500.0,True,0.495
AOM_LS,rev1_minus,0.87,0.96,0.96,0.979,0.92,0.6092436974789917,-0.019605158435592216,0.09237368509997113,15.858231042879817,41.038974072319476,0.9,0.96,0.96,0.979,0.92,0.034905195236206055,194.42488501190095,500.0,True,0.495
AOM_LS,rev1_minus,0.87,0.96,0.96,0.979,0.92,0.6134453781512605,-0.019392101957788496,0.09193074790843929,15.743905588014123,40.563928374121,0.9,0.96,0.96,0.979,0.92,0.034905195236206055,194.42488501190095,500.0,True,0.495
AOM_LS,rev1_minus,0.87,0.96,0.96,0.979,0.92,0.6176470588235294,-0.019179401971415985,0.0914797268974529,15.628267661714093,40.08771656104107,0.9,0.96,0.96,0.979,0.92,0.034905195236206055,194.42488501190095,500.0,True,0.495
AOM_LS,rev1_minus,0.87,0.96,0.96,0.979,0.92,0.6218487394957983,-0.0189670568135831,0.09102052595594869,15.511318446380093,39.61039814786166,0.9,0.96,0.96,0.979,0.92,0.034905195236206055,194.42488501190095,500.0,True,0.495
AOM_LS,rev1_minus,0.87,0.96,0.96,0.979,0.92,0.6260504201680672,-0.01875506484052147,0.09055304812524952,15.393059283752336,39.13203325678309,0.9,0.96,0.96,0.979,0.92,0.034905195236206055,194.42488501190095,500.0,True,0.495
AOM_LS,rev1_minus,0.87,0.96,0.96,0.979,0.92,0.6302521008403361,-0.018543425568492353,0.09007722703022959,15.273486614353573,38.65262207689524,0.9,0.96,0.96,0.979,0.92,0.034905195236206055,194.42488501190095,500.0,True,0.495
AOM_LS,rev1_minus,0.87,0.96,0.96,0.979,0.92,0.634453781512605,-0.018332137127464582,0.08959295686217997,15.152603222756253,38.17223967163836,0.9,0.96,0.96,0.979,0.92,0.034905195236206055,194.42488501190095,500.0,True,0.495
AOM_LS,rev1_minus,0.87,0.96,0.96,0.979,0.92,0.6386554621848739,-0.01812119615770059,0.08910008942060964,15.030418722352161,37.69104143289496,0.9,0.96,0.96,0.979,0.92,0.034905195236206055,194.42488501190095,500.0,True,0.495
AOM_LS,rev1_minus,0.87,0.96,0.96,0.979,0.92,0.6428571428571428,-0.01791060107205031,0.08859852398263755,14.90693509323283,37.20909012887181,0.9,0.96,0.96,0.979,0.92,0.034905195236206055,194.42488501190095,500.0,True,0.495
AOM_LS,rev1_minus,0.87,0.96,0.96,0.979,0.92,0.6470588235294118,-0.017700350566859473,0.08808816637171532,14.782153252569914,36.7264347088471,0.9,0.96,0.96,0.979,0.92,0.034905195236206055,194.42488501190095,500.0,True,0.495
AOM_LS,rev1_minus,0.87,0.96,0.96,0.979,0.92,0.6512605042016807,-0.017490443322733445,0.08756892074008914,14.656074369710849,36.24312608212504,0.9,0.96,0.96,0.979,0.92,0.034905195236206055,194.42488501190095,500.0,True,0.495
AOM_LS,rev1_minus,0.87,0.96,0.96,0.979,0.92,0.6554621848739496,-0.01728087800509963,0.08704068959734826,14.52869985609995,35.7592170171148,0.9,0.96,0.96,0.979,0.92,0.034905195236206055,194.42488501190095,500.0,True,0.495
AOM_LS,rev1_minus,0.87,0.96,0.96,0.979,0.92,0.6596638655462185,-0.017071653264748562,0.08650337383725083,14.400031355546874,35.27476204401281,0.9,0.96,0.96,0.979,0.92,0.034905195236206055,194.42488501190095,500.0,True,0.495
AOM_LS,rev1_minus,0.87,0.96,0.96,0.979,0.92,0.6638655462184874,-0.01686276953114516,0.08595690358747395,14.27006637184336,34.78976019099837,0.9,0.96,0.96,0.979,0.92,0.034905195236206055,194.42488501190095,500.0,True,0.495
AOM_LS,rev1_minus,0.87,0.96,0.96,0.979,0.92,0.6680672268907563,-0.01665422561627324,0.08540117989997482,14.138806508368326,34.30426317988886,0.9,0.96,0.96,0.979,0.92,0.034905195236206055,194.42488501190095,500.0,True,0.495
AOM_LS,rev1_minus,0.87,0.96,0.96,0.979,0.92,0.6722689075630253,-0.016446016804211906,0.08483604177413219,14.00626214704818,33.81843633509121,0.9,0.96,0.96,0.979,0.92,0.034905195236206055,194.42488501190095,500.0,True,0.495
AOM_LS,rev1_minus,0.87,0.96,0.96,0.979,0.92,0.6764705882352942,-0.016238141239105424,0.08426137602702113,13.872436888154805,33.33235480032612,0.9,0.96,0.96,0.979,0.92,0.034905195236206055,194.42488501190095,500.0,True,0.495
AOM_LS,rev1_minus,0.87,0.96,0.96,0.979,0.92,0.680672268907563,-0.016030597996440514,0.08367708420505247,13.73733222082829,32.84606494980827,0.9,0.96,0.96,0.979,0.92,0.034905195236206055,194.42488501190095,500.0,True,0.495
AOM_LS,rev1_minus,0.87,0.96,0.96,0.979,0.92,0.6848739495798319,-0.015823386079875646,0.08308306535609859,13.600949955047907,32.35961630808064,0.9,0.96,0.96,0.979,0.92,0.034905195236206055,194.42488501190095,500.0,True,0.495
AOM_LS,rev1_minus,0.87,0.96,0.96,0.979,0.92,0.6890756302521008,-0.0156165044235334,0.08247921607490437,13.463292210315405,31.873061414505383,0.9,0.96,0.96,0.979,0.92,0.034905195236206055,194.42488501190095,500.0,True,0.495
AOM_LS,rev1_minus,0.87,0.96,0.96,0.979,0.92,0.6932773109243697,-0.015409951894207434,0.08186543054602424,13.324361404722783,31.386455692516456,0.9,0.96,0.96,0.979,0.92,0.034905195236206055,194.42488501190095,500.0,True,0.495
AOM_LS,rev1_minus,0.87,0.96,0.96,0.979,0.92,0.6974789915966386,-0.01520372817409084,0.08124159989043334,13.184159872921324,30.899855998453422,0.9,0.96,0.96,0.979,0.92,0.034905195236206055,194.42488501190095,500.0,True,0.495
AOM_LS,rev1_minus,0.87,0.96,0.96,0.979,0.92,0.7016806722689075,-0.014997832463730707,0.08060761322570473,13.042690401136754,30.413322443198254,0.9,0.96,0.96,0.979,0.92,0.034905195236206055,194.42488501190095,500.0,True,0.495
AOM_LS,rev1_minus,0.87,0.96,0.96,0.979,0.92,0.7058823529411764,-0.01479226153237749,0.07996335924347953,12.899957045880688,29.926921232623442,0.9,0.96,0.96,0.979,0.92,0.034905195236206055,194.42488501190095,500.0,True,0.495
AOM_LS,rev1_minus,0.87,0.96,0.96,0.979,0.92,0.7100840336134454,-0.014587013421323559,0.07930872332658082,12.755963563191601,29.44071898522702,0.9,0.96,0.96,0.979,0.92,0.034905195236206055,194.42488501190095,500.0,True,0.495
AOM_LS,rev1_minus,0.87,0.96,0.96,0.979,0.92,0.7142857142857143,-0.014382086995645554,0.07864358793354502,12.610713586289267,28.954783287458635,0.9,0.96,0.96,0.979,0.92,0.034905195236206055,194.42488501190095,500.0,True,0.495
AOM_LS,rev1_minus,0.87,0.96,0.96,0.979,0.92,0.7184873949579832,-0.014177481028186983,0.0779678333511378,12.464211003006005,28.469183965340754,0.9,0.96,0.96,0.979,0.92,0.034905195236206055,194.42488501190095,500.0,True,0.495
AOM_LS,rev1_minus,0.87,0.96,0.96,0.979,0.92,0.7226890756302521,-0.013973194202361408,0.07728133772140316,12.31645994680985,27.983992980714905,0.9,0.96,0.96,0.979,0.92,0.034905195236206055,194.42488501190095,500.0,True,0.495
AOM_LS,rev1_minus,0.87,0.96,0.96,0.979,0.92,0.726890756302521,-0.013769225114861823,0.07658397706684135,12.167464788123207,27.49928433089351,0.9,0.96,0.96,0.979,0.92,0.034905195236206055,194.42488501190095,500.0,True,0.495
AOM_LS,rev1_minus,0.87,0.96,0.96,0.979,0.92,0.7310924369747899,-0.013565571911612319,0.07587560268160913,12.017232530477042,27.0151715346506,0.9,0.96,0.96,0.979,0.92,0.034905195236206055,194.42488501190095,500.0,True,0.495
AOM_LS,rev1_minus,0.87,0.96,0.96,0.979,0.92,0.7352941176470589,-0.01336223263331715,0.07515606225220123,11.865770564354387,26.531772401264227,0.9,0.96,0.96,0.979,0.92,0.034905195236206055,194.42488501190095,500.0,True,0.495
AOM_LS,rev1_minus,0.87,0.96,0.96,0.979,0.92,0.7394957983193278,-0.0131592065324938,0.07442528114859588,11.713078018274453,26.049074152895486,0.9,0.96,0.96,0.979,0.92,0.034905195236206055,194.42488501190095,500.0,True,0.495
AOM_LS,rev1_minus,0.87,0.96,0.96,0.979,0.92,0.7436974789915967,-0.012956492374126414,0.07368315744570052,11.55915690479331,25.567107748178906,0.9,0.96,0.96,0.979,0.92,0.034905195236206055,194.42488501190095,500.0,True,0.495
AOM_LS,rev1_minus,0.87,0.96,0.96,0.979,0.92,0.7478991596638656,-0.012754088193527283,0.07292954676190248,11.404013730454684,25.08597287698518,0.9,0.96,0.96,0.979,0.92,0.034905195236206055,194.42488501190095,500.0,True,0.495
AOM_LS,rev1_minus,0.87,0.96,0.96,0.979,0.92,0.7521008403361344,-0.012551992992134544,0.07216433310560666,11.247651814211004,24.605719367252835,0.9,0.96,0.96,0.979,0.92,0.034905195236206055,194.42488501190095,500.0,True,0.495
AOM_LS,rev1_minus,0.87,0.96,0.96,0.979,0.92,0.7563025210084033,-0.012350204214469359,0.0713873565069844,11.090079340250783,24.12646945888101,0.9,0.96,0.96,0.979,0.92,0.034905195236206055,194.42488501190095,500.0,True,0.495
AOM_LS,rev1_minus,0.87,0.96,0.96,0.979,0.92,0.7605042016806722,-0.01214872105766636,0.07059850791482075,10.931298778783704,23.648257484216984,0.9,0.96,0.96,0.979,0.92,0.034905195236206055,194.42488501190095,500.0,True,0.495
AOM_LS,rev1_minus,0.87,0.96,0.96,0.979,0.92,0.7647058823529411,-0.011947543002170774,0.06979768701625819,10.771311578544283,23.17110109492042,0.9,0.96,0.96,0.979,0.92,0.034905195236206055,194.42488501190095,500.0,True,0.495
AOM_LS,rev1_minus,0.87,0.96,0.96,0.979,0.92,0.76890756302521,-0.011746668010143763,0.06898475046949433,10.610123930579359,22.695088611702197,0.9,0.96,0.96,0.979,0.92,0.034905195236206055,194.42488501190095,500.0,True,0.495
AOM_LS,rev1_minus,0.87,0.96,0.96,0.979,0.92,0.7731092436974789,-0.011546092550813463,0.06815952865310748,10.447744927469854,22.220351035157123,0.9,0.96,0.96,0.979,0.92,0.034905195236206055,194.42488501190095,500.0,True,0.495
AOM_LS,rev1_minus,0.87,0.96,0.96,0.979,0.92,0.7773109243697479,-0.011345815283553804,0.06732189254638248,10.284179041600488,21.746948000824776,0.9,0.96,0.96,0.979,0.92,0.034905195236206055,194.42488501190095,500.0,True,0.495
AOM_LS,rev1_minus,0.87,0.96,0.96,0.979,0.92,0.7815126050420168,-0.011145836746337602,0.06647174811930912,10.11942674238687,21.274877428400767,0.9,0.96,0.96,0.979,0.92,0.034905195236206055,194.42488501190095,500.0,True,0.495
AOM_LS,rev1_minus,0.87,0.96,0.96,0.979,0.92,0.7857142857142857,-0.0109461554215191,0.0656089647530157,9.95349253615527,20.804197463287448,0.9,0.96,0.96,0.979,0.92,0.034905195236206055,194.42488501190095,500.0,True,0.495
AOM_LS,rev1_minus,0.87,0.96,0.96,0.979,0.92,0.7899159663865546,-0.010746768753705033,0.06473339358461895,9.786382905958272,20.334995041099344,0.9,0.96,0.96,0.979,0.92,0.034905195236206055,194.42488501190095,500.0,True,0.495
AOM_LS,rev1_minus,0.87,0.96,0.96,0.979,0.92,0.7941176470588236,-0.010547672060679669,0.06384486108983457,9.618106982863786,19.867397011618984,0.9,0.96,0.96,0.979,0.92,0.034905195236206055,194.42488501190095,500.0,True,0.495
AOM_LS,rev1_minus,0.87,0.96,0.96,0.979,0.92,0.7983193277310925,-0.010348863895011912,0.06294323338645215,9.448669427208134,19.40145986327737,0.9,0.96,0.96,0.979,0.92,0.034905195236206055,194.42488501190095,500.0,True,0.495
AOM_LS,rev1_minus,0.87,0.96,0.96,0.979,0.92,0.8025210084033614,-0.010150345532581533,0.06202841012402309,9.278071091374265,18.93718025015471,0.9,0.96,0.96,0.979,0.92,0.034905195236206055,194.42488501190095,500.0,True,0.495
AOM_LS,rev1_minus,0.87,0.96,0.96,0.979,0.92,0.8067226890756303,-0.009952114467443212,0.06110024632782105,9.106317661153076,18.474628911297277,0.9,0.96,0.96,0.979,0.92,0.034905195236206055,194.42488501190095,500.0,True,0.495
AOM_LS,rev1_minus,0.87,0.96,0.96,0.979,0.92,0.8109243697478992,-0.009754167459443418,0.06015858883021173,8.933415629268252,18.01388806090563,0.9,0.96,0.96,0.979,0.92,0.034905195236206055,194.42488501190095,500.0,True,0.495
AOM_LS,rev1_minus,0.87,0.96,0.96,0.979,0.92,0.8151260504201681,-0.009556499147390152,0.05920326939988794,8.759372938798577,17.555063230491704,0.9,0.96,0.96,0.979,0.92,0.034905195236206055,194.42488501190095,500.0,True,0.495
AOM_LS,rev1_minus,0.87,0.96,0.96,0.979,0.92,0.819327731092437,-0.009359107284184941,0.05823414396470261,8.584194909481027,17.098215682873292,0.9,0.96,0.96,0.979,0.92,0.034905195236206055,194.42488501190095,500.0,True,0.495
AOM_LS,rev1_minus,0.87,0.96,0.96,0.979,0.92,0.8235294117647058,-0.00916199316065503,0.05725109578528934,8.407883896881735,16.643356952791216,0.9,0.96,0.96,0.979,0.92,0.034905195236206055,194.42488501190095,500.0,True,0.495
AOM_LS,rev1_minus,0.87,0.96,0.96,0.979,0.92,0.8277310924369747,-0.008965151594403281,0.05625396505478377,8.230446479093033,16.190570087324286,0.9,0.96,0.96,0.979,0.92,0.034905195236206055,194.42488501190095,500.0,True,0.495
AOM_LS,rev1_minus,0.87,0.96,0.96,0.979,0.92,0.8319327731092436,-0.008768579730985607,0.05524260182152784,8.051888277484784,15.739918194419115,0.9,0.96,0.96,0.979,0.92,0.034905195236206055,194.42488501190095,500.0,True,0.495
AOM_LS,rev1_minus,0.87,0.96,0.96,0.979,0.92,0.8361344537815125,-0.008572277363485079,0.05421686761061757,7.872213797109998,15.291441605216448,0.9,0.96,0.96,0.979,0.92,0.034905195236206055,194.42488501190095,500.0,True,0.495
AOM_LS,rev1_minus,0.87,0.96,0.96,0.979,0.92,0.8403361344537815,-0.008376236962890889,0.05317659807631852,7.691429408302493,14.845222657186794,0.9,0.96,0.96,0.979,0.92,0.034905195236206055,194.42488501190095,500.0,True,0.495
AOM_LS,rev1_minus,0.87,0.96,0.96,0.979,0.92,0.8445378151260504,-0.008180453960715034,0.05212163715782401,7.509540836072487,14.401326216880378,0.9,0.96,0.96,0.979,0.92,0.034905195236206055,194.42488501190095,500.0,True,0.495
AOM_LS,rev1_minus,0.87,0.96,0.96,0.979,0.92,0.8487394957983193,-0.00798492871143818,0.05105184222081084,7.326552847079297,13.95979067738582,0.9,0.96,0.96,0.979,0.92,0.034905195236206055,194.42488501190095,500.0,True,0.495
AOM_LS,rev1_minus,0.87,0.96,0.96,0.979,0.92,0.8529411764705882,-0.00778965069211986,0.049967045257845115,7.1424713372664,13.520695574130649,0.9,0.96,0.96,0.979,0.92,0.034905195236206055,194.42488501190095,500.0,True,0.495
AOM_LS,rev1_minus,0.87,0.96,0.96,0.979,0.92,0.8571428571428572,-0.007594612330441385,0.04886708402493588,6.9573018775008855,13.084107125254047,0.9,0.96,0.96,0.979,0.92,0.034905195236206055,194.42488501190095,500.0,True,0.495
AOM_LS,rev1_minus,0.87,0.96,0.96,0.979,0.92,0.8613445378151261,-0.007399813507309212,0.04775180999420998,6.771049507683465,12.650064269093917,0.9,0.96,0.96,0.979,0.92,0.034905195236206055,194.42488501190095,500.0,True,0.495
AOM_LS,rev1_minus,0.87,0.96,0.96,0.979,0.92,0.865546218487395,-0.007205240716077769,0.04662105293083539,6.583719445517474,12.218640603402676,0.9,0.96,0.96,0.979,0.92,0.034905195236206055,194.42488501190095,500.0,True,0.495
AOM_LS,rev1_minus,0.87,0.96,0.96,0.979,0.92,0.8697478991596639,-0.007010882212035883,0.04547464532530719,6.395316755800074,11.78990149142877,0.9,0.96,0.96,0.979,0.92,0.034905195236206055,194.42488501190095,500.0,True,0.495
AOM_LS,rev1_minus,0.87,0.96,0.96,0.979,0.92,0.8739495798319328,-0.006816733805646493,0.04431242945478523,6.205846504575942,11.363891601183218,0.9,0.96,0.96,0.979,0.92,0.034905195236206055,194.42488501190095,500.0,True,0.495
AOM_LS,rev1_minus,0.87,0.96,0.96,0.979,0.92,0.8781512605042017,-0.006622781963614883,0.043134236395970325,6.015313323173684,10.940671693420963,0.9,0.96,0.96,0.979,0.92,0.034905195236206055,194.42488501190095,500.0,True,0.495
AOM_LS,rev1_minus,0.87,0.96,0.96,0.979,0.92,0.8823529411764706,-0.0064290143937215365,0.04193989862574153,5.823721762547406,10.52029639008937,0.9,0.96,0.96,0.979,0.92,0.034905195236206055,194.42488501190095,500.0,True,0.495
AOM_LS,rev1_minus,0.87,0.96,0.96,0.979,0.92,0.8865546218487395,-0.006235412796087697,0.040729244146080555,5.631075693791582,10.10282446180082,0.9,0.96,0.96,0.979,0.92,0.034905195236206055,194.42488501190095,500.0,True,0.495
AOM_LS,rev1_minus,0.87,0.96,0.96,0.979,0.92,0.8907563025210083,-0.006041957704104611,0.03950210086524249,5.437378663650193,9.688311016946512,0.9,0.96,0.96,0.979,0.92,0.034905195236206055,194.42488501190095,500.0,True,0.495
AOM_LS,rev1_minus,0.87,0.96,0.96,0.979,0.92,0.8949579831932772,-0.005848624292841119,0.03825829377020601,5.242633497593217,9.276812414927615,0.9,0.96,0.96,0.979,0.92,0.034905195236206055,194.42488501190095,500.0,True,0.495
AOM_LS,rev1_minus,0.87,0.96,0.96,0.979,0.92,0.8991596638655461,-0.005655382271815845,0.036997646314547265,5.046842108307303,8.868383745348172,0.9,0.96,0.96,0.979,0.92,0.034905195236206055,194.42488501190095,500.0,True,0.495
AOM_LS,rev1_minus,0.87,0.96,0.96,0.979,0.92,0.9033613445378151,-0.005462197194355953,0.035719980305873575,4.85000579383339,8.463078912459864,0.9,0.96,0.96,0.979,0.92,0.034905195236206055,194.42488501190095,500.0,True,0.495
AOM_LS,rev1_minus,0.87,0.96,0.96,0.979,0.92,0.907563025210084,-0.0052690295658705,0.0344251163755585,4.652125011723687,8.060949734361445,0.9,0.96,0.96,0.979,0.92,0.034905195236206055,194.42488501190095,500.0,True,0.495
AOM_LS,rev1_minus,0.87,0.96,0.96,0.979,0.92,0.9117647058823529,-0.005075827078747094,0.03311287221345623,4.453198227338382,7.662049021062234,0.9,0.96,0.96,0.979,0.92,0.034905195236206055,194.42488501190095,500.0,True,0.495
AOM_LS,rev1_minus,0.87,0.96,0.96,0.979,0.92,0.9159663865546218,-0.004882526770051672,0.03178306356215893,4.253222363176854,7.2664286949054295,0.9,0.96,0.96,0.979,0.92,0.034905195236206055,194.42488501190095,500.0,True,0.495
AOM_LS,rev1_minus,0.87,0.96,0.96,0.979,0.92,0.9201680672268908,-0.004689052371446012,0.03043550437804715,4.052192252047271,6.874139429831161,0.9,0.96,0.96,0.979,0.92,0.034905195236206055,194.42488501190095,500.0,True,0.495
AOM_LS,rev1_minus,0.87,0.96,0.96,0.979,0.92,0.9243697478991597,-0.004495305472825532,0.029070006498325612,3.8500991277904992,6.485231204684923,0.9,0.96,0.96,0.979,0.92,0.034905195236206055,194.42488501190095,500.0,True,0.495
AOM_LS,rev1_minus,0.87,0.96,0.96,0.979,0.92,0.9285714285714286,-0.0043011641816973825,0.02768637951852403,3.6469307488831295,6.09975340411299,0.9,0.96,0.96,0.979,0.92,0.034905195236206055,194.42488501190095,500.0,True,0.495
AOM_LS,rev1_minus,0.87,0.96,0.96,0.979,0.92,0.9327731092436975,-0.0041064709186347135,0.026284430911529957,3.442669423736745,5.717754579306754,0.9,0.96,0.96,0.979,0.92,0.034905195236206055,194.42488501190095,500.0,True,0.495
AOM_LS,rev1_minus,0.87,0.96,0.96,0.979,0.92,0.9369747899159664,-0.003911023527061481,0.024863966000630244,3.237290568162303,5.339282438640493,0.9,0.96,0.96,0.979,0.92,0.034905195236206055,194.42488501190095,500.0,True,0.495
AOM_LS,rev1_minus,0.87,0.96,0.96,0.979,0.92,0.9411764705882353,-0.0037145631972656194,0.023424787936571226,3.030761245485227,4.964383830089297,0.9,0.96,0.96,0.979,0.92,0.034905195236206055,194.42488501190095,500.0,True,0.495
AOM_LS,rev1_minus,0.87,0.96,0.96,0.979,0.92,0.9453781512605042,-0.0035167529953859505,0.021966697690846488,2.8230367727838575,4.5931047621851775,0.9,0.96,0.96,0.979,0.92,0.034905195236206055,194.42488501190095,500.0,True,0.495
AOM_LS,rev1_minus,0.87,0.96,0.96,0.979,0.92,0.9495798319327731,-0.003317148618308941,0.020489494056198078,2.614056647053871,4.225490432048694,0.9,0.96,0.96,0.979,0.92,0.034905195236206055,194.42488501190095,500.0,True,0.495
AOM_LS,rev1_minus,0.87,0.96,0.96,0.979,0.92,0.953781512605042,-0.0031151485278108726,0.018992973680406835,2.403737347364473,3.8615853058081235,0.9,0.96,0.96,0.979,0.92,0.034905195236206055,194.42488501190095,500.0,True,0.495
AOM_LS,rev1_minus,0.87,0.96,0.96,0.979,0.92,0.9579831932773109,-0.0029099400402958493,0.017476931098663107,2.1919650539220235,3.501433197364875,0.9,0.96,0.96,0.979,0.92,0.034905195236206055,194.42488501190095,500.0,True,0.495
AOM_LS,rev1_minus,0.87,0.96,0.96,0.979,0.92,0.9621848739495797,-0.0027004186001205674,0.015941158804894495,1.9785844603547758,3.1450774183899552,0.9,0.96,0.96,0.979,0.92,0.034905195236206055,194.42488501190095,500.0,True,0.495
AOM_LS,rev1_minus,0.87,0.96,0.96,0.979,0.92,0.9663865546218486,-0.0024850358636601933,0.014385447426446043,1.763377655740607,2.792561104676101,0.9,0.96,0.96,0.979,0.92,0.034905195236206055,194.42488501190095,500.0,True,0.495
AOM_LS,rev1_minus,0.87,0.96,0.96,0.979,0.92,0.9705882352941176,-0.0022615793371670613,0.01280958600096853,1.5460349280101955,2.443927646859869,0.9,0.96,0.96,0.979,0.92,0.034905195236206055,194.42488501190095,500.0,True,0.495
AOM_LS,rev1_minus,0.87,0.96,0.96,0.979,0.92,0.9747899159663865,-0.002026914018698149,0.011213362266031082,1.3261214306425846,2.099221189379167,0.9,0.96,0.96,0.979,0.92,0.034905195236206055,194.42488501190095,500.0,True,0.495
AOM_LS,rev1_minus,0.87,0.96,0.96,0.979,0.92,0.9789915966386554,-0.0017763941430005974,0.00959656344502486,1.1029989996657383,1.7584879770664235,0.9,0.96,0.96,0.979,0.92,0.034905195236206055,194.42488501190095,500.0,True,0.495
AOM_LS,rev1_minus,0.87,0.96,0.96,0.979,0.92,0.9831932773109244,-0.0015030125323967618,0.00795897757944514,0.8757175046259222,1.4217778413800095,0.9,0.96,0.96,0.979,0.92,0.034905195236206055,194.42488501190095,500.0,True,0.495
AOM_LS,rev1_minus,0.87,0.96,0.96,0.979,0.92,0.9873949579831933,-0.0011958472622883643,0.006300387887451658,0.6428164818308574,1.089149369138133,0.9,0.96,0.96,0.979,0.92,0.034905195236206055,194.42488501190095,500.0,True,0.495
AOM_LS,rev1_minus,0.87,0.96,0.96,0.979,0.92,0.9915966386554622,-0.0008379567180976036,0.004620281188678811,0.4020031179506728,0.7606152221787963,0.9,0.96,0.96,0.979,0.92,0.034905195236206055,194.42488501190095,500.0,True,0.495
AOM_LS,rev1_minus,0.87,0.96,0.96,0.979,0.92,0.9957983193277311,-0.000403596136087928,0.002897452416822084,0.14955595300083263,0.4335295288977802,0.9,0.96,0.96,0.979,0.92,0.034905195236206055,194.42488501190095,500.0,True,0.495
AOM_LS,rev1_minus,0.87,0.96,0.96,0.979,0.92,1.0,0.0,0.0,0.0,0.0,0.9,0.96,0.96,0.979,0.92,0.034905195236206055,194.42488501190095,500.0,True,0.495
AOM_LS,rev2_plus,0.9,0.99,0.96,0.979,0.92,0.5,-0.02823868575381901,0.10540827851560161,18.81388306798329,59.258556230692605,0.9,0.96,0.96,0.979,0.92,0.034268856048583984,252.76439851367599,500.0,True,0.495
AOM_LS,rev2_plus,0.9,0.99,0.96,0.979,0.92,0.5042016806722689,-0.02799817072310613,0.10530241627199008,18.777035445325446,58.95997953961068,0.9,0.96,0.96,0.979,0.92,0.034268856048583984,252.76439851367599,500.0,True,0.495
AOM_LS,rev2_plus,0.9,0.99,0.96,0.979,0.92,0.5084033613445378,-0.027757951555490518,0.1051925413552053,18.73884839704427,58.65573105061938,0.9,0.96,0.96,0.979,0.92,0.034268856048583984,252.76439851367599,500.0,True,0.495
AOM_LS,rev2_plus,0.9,0.99,0.96,0.979,0.92,0.5126050420168067,-0.027518027180354145,0.10507853455432244,18.699300477163256,58.345792667054766,0.9,0.96,0.96,0.979,0.92,0.034268856048583984,252.76439851367599,500.0,True,0.495
AOM_LS,rev2_plus,0.9,0.99,0.96,0.979,0.92,0.5168067226890757,-0.027278396545730894,0.10496026999558324,18.658371082923946,58.030156601681846,0.9,0.96,0.96,0.979,0.92,0.034268856048583984,252.76439851367599,500.0,True,0.495
AOM_LS,rev2_plus,0.9,0.99,0.96,0.979,0.92,0.5210084033613446,-0.027039058581282888,0.10483763190303469,18.61603672771307,57.70879103059797,0.9,0.96,0.96,0.979,0.92,0.034268856048583984,252.76439851367599,500.0,True,0.495
AOM_LS,rev2_plus,0.9,0.99,0.96,0.979,0.92,0.5252100840336135,-0.026800012240481917,0.10471049505915064,18.572275389142167,57.38168008965674,0.9,0.96,0.96,0.979,0.92,0.034268856048583984,252.76439851367599,500.0,True,0.495
AOM_LS,rev2_plus,0.9,0.99,0.96,0.979,0.92,0.5294117647058824,-0.026561256494022897,0.10457872762496125,18.527065886924053,57.04881805485762,0.9,0.96,0.96,0.979,0.92,0.034268856048583984,252.76439851367599,500.0,True,0.495
AOM_LS,rev2_plus,0.9,0.99,0.96,0.979,0.92,0.5336134453781513,-0.026322790320653974,0.10444219515653005,18.480386990874393,56.710201083950096,0.9,0.96,0.96,0.979,0.92,0.034268856048583984,252.76439851367599,500.0,True,0.495
AOM_LS,rev2_plus,0.9,0.99,0.96,0.979,0.92,0.5378151260504201,-0.026084612706949648,0.10430076009405737,18.432217499943174,56.36582810684375,0.9,0.96,0.96,0.979,0.92,0.034268856048583984,252.76439851367599,500.0,True,0.495
AOM_LS,rev2_plus,0.9,0.99,0.96,0.979,0.92,0.542016806722689,-0.025846722647481907,0.10415427662841437,18.38253698564478,56.01570994583177,0.9,0.96,0.96,0.979,0.92,0.034268856048583984,252.76439851367599,500.0,True,0.495
AOM_LS,rev2_plus,0.9,0.99,0.96,0.979,0.92,0.5462184873949579,-0.025609119144752404,0.10400258862721407,18.33132609851654,55.65987296564027,0.9,0.96,0.96,0.979,0.92,0.034268856048583984,252.76439851367599,500.0,True,0.495
AOM_LS,rev2_plus,0.9,0.99,0.96,0.979,0.92,0.5504201680672269,-0.02537180120399266,0.10384558905935028,18.278558019036293,55.298253234002715,0.9,0.96,0.96,0.979,0.92,0.034268856048583984,252.76439851367599,500.0,True,0.495
AOM_LS,rev2_plus,0.9,0.99,0.96,0.979,0.92,0.5546218487394958,-0.02513476784102449,0.10368312302577302,18.22421240441901,54.93086922090608,0.9,0.96,0.96,0.979,0.92,0.034268856048583984,252.76439851367599,500.0,True,0.495
AOM_LS,rev2_plus,0.9,0.99,0.96,0.979,0.92,0.5588235294117647,-0.02489801807819346,0.10351503411877491,18.168268734080424,54.55773914333675,0.9,0.96,0.96,0.979,0.92,0.034268856048583984,252.76439851367599,500.0,True,0.495
AOM_LS,rev2_plus,0.9,0.99,0.96,0.979,0.92,0.5630252100840336,-0.02466155094417851,0.10334116421352614,18.110706341360466,54.17888130226375,0.9,0.96,0.96,0.979,0.92,0.034268856048583984,252.76439851367599,500.0,True,0.495
AOM_LS,rev2_plus,0.9,0.99,0.96,0.979,0.92,0.5672268907563025,-0.024425365474729333,0.10316135296584562,18.051504487566458,53.79431493404437,0.9,0.96,0.96,0.979,0.92,0.034268856048583984,252.76439851367599,500.0,True,0.495
AOM_LS,rev2_plus,0.9,0.99,0.96,0.979,0.92,0.5714285714285714,-0.02418946075398424,0.10297542395172735,17.990644371426907,53.40408461782473,0.9,0.96,0.96,0.979,0.92,0.034268856048583984,252.76439851367599,500.0,True,0.495
AOM_LS,rev2_plus,0.9,0.99,0.96,0.979,0.92,0.5756302521008403,-0.023953835781379232,0.10278322826375298,17.928102816572824,53.008183318893025,0.9,0.96,0.96,0.979,0.92,0.034268856048583984,252.76439851367599,500.0,True,0.495
AOM_LS,rev2_plus,0.9,0.99,0.96,0.979,0.92,0.5798319327731092,-0.02371849228751594,0.10258454516381436,17.863840499746036,52.60655907248989,0.9,0.96,0.96,0.979,0.92,0.034268856048583984,252.76439851367599,500.0,True,0.495
AOM_LS,rev2_plus,0.9,0.99,0.96,0.979,0.92,0.5840336134453782,-0.023483426705619093,0.1023792593510572,17.79785294444426,52.199296672498534,0.9,0.96,0.96,0.979,0.92,0.034268856048583984,252.76439851367599,500.0,True,0.495
AOM_LS,rev2_plus,0.9,0.99,0.96,0.979,0.92,0.5882352941176471,-0.02324863801831915,0.1021671970251658,17.73012025195501,51.78642901375517,0.9,0.96,0.96,0.979,0.92,0.034268856048583984,252.76439851367599,500.0,True,0.495
AOM_LS,rev2_plus,0.9,0.99,0.96,0.979,0.92,0.592436974789916,-0.023014125301980687,0.10194818017547681,17.660621881615135,51.36798758609965,0.9,0.96,0.96,0.979,0.92,0.034268856048583984,252.76439851367599,500.0,True,0.495
AOM_LS,rev2_plus,0.9,0.99,0.96,0.979,0.92,0.5966386554621849,-0.02277988763575928,0.10172202841812021,17.589337244971176,50.944004735298684,0.9,0.96,0.96,0.979,0.92,0.034268856048583984,252.76439851367599,500.0,True,0.495
AOM_LS,rev2_plus,0.9,0.99,0.96,0.979,0.92,0.6008403361344538,-0.02254592402013248,0.10148855834096758,17.516246333739094,50.51451596931495,0.9,0.96,0.96,0.979,0.92,0.034268856048583984,252.76439851367599,500.0,True,0.495
AOM_LS,rev2_plus,0.9,0.99,0.96,0.979,0.92,0.6050420168067226,-0.022312233669563017,0.10124758469461702,17.441327631556888,50.07955345161704,0.9,0.96,0.96,0.979,0.92,0.034268856048583984,252.76439851367599,500.0,True,0.495
AOM_LS,rev2_plus,0.9,0.99,0.96,0.979,0.92,0.6092436974789917,-0.022078815661881485,0.10099891843401354,17.36456069103614,49.639154590897704,0.9,0.96,0.96,0.979,0.92,0.034268856048583984,252.76439851367599,500.0,True,0.495
AOM_LS,rev2_plus,0.9,0.99,0.96,0.979,0.92,0.6134453781512605,-0.02184566907404266,0.10074236715514617,17.28592518158752,49.193359186225265,0.9,0.96,0.96,0.979,0.92,0.034268856048583984,252.76439851367599,500.0,True,0.495
AOM_LS,rev2_plus,0.9,0.99,0.96,0.979,0.92,0.6176470588235294,-0.021612792990226296,0.10047773491307532,17.205400861429446,48.74220955236817,0.9,0.96,0.96,0.979,0.92,0.034268856048583984,252.76439851367599,500.0,True,0.495
AOM_LS,rev2_plus,0.9,0.99,0.96,0.979,0.92,0.6218487394957983,-0.021380186501588214,0.10020482200609858,17.12296760882193,48.28575082441159,0.9,0.96,0.96,0.979,0.92,0.034268856048583984,252.76439851367599,500.0,True,0.495
AOM_LS,rev2_plus,0.9,0.99,0.96,0.979,0.92,0.6260504201680672,-0.02114784866576673,0.09992343929974862,17.038603708331,47.82400673002217,0.9,0.96,0.96,0.979,0.92,0.034268856048583984,252.76439851367599,500.0,True,0.495
AOM_LS,rev2_plus,0.9,0.99,0.96,0.979,0.92,0.6302521008403361,-0.02091577861072211,0.0996333704458578,16.952290384136102,47.3570432888065,0.9,0.96,0.96,0.979,0.92,0.034268856048583984,252.76439851367599,500.0,True,0.495
AOM_LS,rev2_plus,0.9,0.99,0.96,0.979,0.92,0.634453781512605,-0.02068397550175819,0.099334383473778,16.8640104234884,46.88494909288487,0.9,0.96,0.96,0.979,0.92,0.034268856048583984,252.76439851367599,500.0,True,0.495
AOM_LS,rev2_plus,0.9,0.99,0.96,0.979,0.92,0.6386554621848739,-0.02045243844764479,0.09902626444424295,16.773744136617843,46.40777850184734,0.9,0.96,0.96,0.979,0.92,0.034268856048583984,252.76439851367599,500.0,True,0.495
AOM_LS,rev2_plus,0.9,0.99,0.96,0.979,0.92,0.6428571428571428,-0.020221166557100247,0.09870879679559715,16.681471834322,45.92558642711599,0.9,0.96,0.96,0.979,0.92,0.034268856048583984,252.76439851367599,500.0,True,0.495
AOM_LS,rev2_plus,0.9,0.99,0.96,0.979,0.92,0.6470588235294118,-0.019990158947767955,0.09838175784628186,16.587174250008296,45.43843414032578,0.9,0.96,0.96,0.979,0.92,0.034268856048583984,252.76439851367599,500.0,True,0.495
AOM_LS,rev2_plus,0.9,0.99,0.96,0.979,0.92,0.6512605042016807,-0.019759414818949425,0.09804495743848249,16.49082770717566,44.946324089396676,0.9,0.96,0.96,0.979,0.92,0.034268856048583984,252.76439851367599,500.0,True,0.495
AOM_LS,rev2_plus,0.9,0.99,0.96,0.979,0.92,0.6554621848739496,-0.019528933225154872,0.09769811883875841,16.392419013472328,44.44940045910026,0.9,0.96,0.96,0.979,0.92,0.034268856048583984,252.76439851367599,500.0,True,0.495
AOM_LS,rev2_plus,0.9,0.99,0.96,0.979,0.92,0.6596638655462185,-0.019298713302247635,0.0973409981605087,16.291930535670037,43.94774777515819,0.9,0.96,0.96,0.979,0.92,0.034268856048583984,252.76439851367599,500.0,True,0.495
AOM_LS,rev2_plus,0.9,0.99,0.96,0.979,0.92,0.6638655462184874,-0.019068754219794374,0.09697335954460184,16.189343294799784,43.44143269454883,0.9,0.96,0.96,0.979,0.92,0.034268856048583984,252.76439851367599,500.0,True,0.495
AOM_LS,rev2_plus,0.9,0.99,0.96,0.979,0.92,0.6680672268907563,-0.018839055154849446,0.09659496158842801,16.08463866028014,42.930526778011966,0.9,0.96,0.96,0.979,0.92,0.034268856048583984,252.76439851367599,500.0,True,0.495
AOM_LS,rev2_plus,0.9,0.99,0.96,0.979,0.92,0.6722689075630253,-0.01860961533615037,0.09620556283525496,15.977797559205753,42.41509683881989,0.9,0.96,0.96,0.979,0.92,0.034268856048583984,252.76439851367599,500.0,True,0.495
AOM_LS,rev2_plus,0.9,0.99,0.96,0.979,0.92,0.6764705882352942,-0.018380434072734764,0.09580492567478972,15.868799917961816,41.89519810582829,0.9,0.96,0.96,0.979,0.92,0.034268856048583984,252.76439851367599,500.0,True,0.495
AOM_LS,rev2_plus,0.9,0.99,0.96,0.979,0.92,0.680672268907563,-0.01815151029805327,0.09539275699357319,15.757633120046648,41.37097686177054,0.9,0.96,0.96,0.979,0.92,0.034268856048583984,252.76439851367599,500.0,True,0.495
AOM_LS,rev2_plus,0.9,0.99,0.96,0.979,0.92,0.6848739495798319,-0.017922843173808795,0.09496878704552998,15.644280771827722,40.84253365784048,0.9,0.96,0.96,0.979,0.92,0.034268856048583984,252.76439851367599,500.0,True,0.495
AOM_LS,rev2_plus,0.9,0.99,0.96,0.979,0.92,0.6890756302521008,-0.01769443196248411,0.09453275298733048,15.528725040189832,40.30995177393735,0.9,0.96,0.96,0.979,0.92,0.034268856048583984,252.76439851367599,500.0,True,0.495
AOM_LS,rev2_plus,0.9,0.99,0.96,0.979,0.92,0.6932773109243697,-0.01746627592198196,0.0940843852635006,15.410948587508672,39.77332068892342,0.9,0.96,0.96,0.979,0.92,0.034268856048583984,252.76439851367599,500.0,True,0.495
AOM_LS,rev2_plus,0.9,0.99,0.96,0.979,0.92,0.6974789915966386,-0.017238374427653445,0.09362342029950216,15.290932390417666,39.23271255170337,0.9,0.96,0.96,0.979,0.92,0.034268856048583984,252.76439851367599,500.0,True,0.495
AOM_LS,rev2_plus,0.9,0.99,0.96,0.979,0.92,0.7016806722689075,-0.017010726658497937,0.09314956827083347,15.168661276978305,38.688241499150955,0.9,0.96,0.96,0.979,0.92,0.034268856048583984,252.76439851367599,500.0,True,0.495
AOM_LS,rev2_plus,0.9,0.99,0.96,0.979,0.92,0.7058823529411764,-0.01678333170009464,0.09266252376762109,15.044122096696926,38.140043780654224,0.9,0.96,0.96,0.979,0.92,0.034268856048583984,252.76439851367599,500.0,True,0.495
AOM_LS,rev2_plus,0.9,0.99,0.96,0.979,0.92,0.7100840336134454,-0.01655618878740165,0.09216199093244012,14.917299395555737,37.58823129419701,0.9,0.96,0.96,0.979,0.92,0.034268856048583984,252.76439851367599,500.0,True,0.495
AOM_LS,rev2_plus,0.9,0.99,0.96,0.979,0.92,0.7142857142857143,-0.016329297208916526,0.09164767368644298,14.788177089727306,37.03290949526617,0.9,0.96,0.96,0.979,0.92,0.034268856048583984,252.76439851367599,500.0,True,0.495
AOM_LS,rev2_plus,0.9,0.99,0.96,0.979,0.92,0.7184873949579832,-0.016102656239949737,0.09111926892922556,14.656739629492225,36.47418978220629,0.9,0.96,0.96,0.979,0.92,0.034268856048583984,252.76439851367599,500.0,True,0.495
AOM_LS,rev2_plus,0.9,0.99,0.96,0.979,0.92,0.7226890756302521,-0.015876264867997064,0.09057647366511143,14.522969761317079,35.91217228995425,0.9,0.96,0.96,0.979,0.92,0.034268856048583984,252.76439851367599,500.0,True,0.495
AOM_LS,rev2_plus,0.9,0.99,0.96,0.979,0.92,0.726890756302521,-0.015650122628157237,0.09001896382454888,14.386855219678822,35.346996618349735,0.9,0.96,0.96,0.979,0.92,0.034268856048583984,252.76439851367599,500.0,True,0.495
AOM_LS,rev2_plus,0.9,0.99,0.96,0.979,0.92,0.7310924369747899,-0.015424228971454963,0.08944641045841045,14.248383623277327,34.77880281730871,0.9,0.96,0.96,0.979,0.92,0.034268856048583984,252.76439851367599,500.0,True,0.495
AOM_LS,rev2_plus,0.9,0.99,0.96,0.979,0.92,0.7352941176470589,-0.015198583063421383,0.08885848498073194,14.107540825177807,34.20771868027838,0.9,0.96,0.96,0.979,0.92,0.034268856048583984,252.76439851367599,500.0,True,0.495
AOM_LS,rev2_plus,0.9,0.99,0.96,0.979,0.92,0.7394957983193278,-0.014973184040630198,0.08825485273040011,13.964312947060785,33.633875067764905,0.9,0.96,0.96,0.979,0.92,0.034268856048583984,252.76439851367599,500.0,True,0.495
AOM_LS,rev2_plus,0.9,0.99,0.96,0.979,0.92,0.7436974789915967,-0.014748030885159727,0.08763517281444383,13.818686243459997,33.05740548200412,0.9,0.96,0.96,0.979,0.92,0.034268856048583984,252.76439851367599,500.0,True,0.495
AOM_LS,rev2_plus,0.9,0.99,0.96,0.979,0.92,0.7478991596638656,-0.014523122498861323,0.08699909790049441,13.670647252596043,32.47844670195265,0.9,0.96,0.96,0.979,0.92,0.034268856048583984,252.76439851367599,500.0,True,0.495
AOM_LS,rev2_plus,0.9,0.99,0.96,0.979,0.92,0.7521008403361344,-0.014298458574554938,0.0863462709052681,13.520184854597472,31.897150107048784,0.9,0.96,0.96,0.979,0.92,0.034268856048583984,252.76439851367599,500.0,True,0.495
AOM_LS,rev2_plus,0.9,0.99,0.96,0.979,0.92,0.7563025210084033,-0.014074038579194932,0.08567632900088194,13.36728781551993,31.313667738234013,0.9,0.96,0.96,0.979,0.92,0.034268856048583984,252.76439851367599,500.0,True,0.495
AOM_LS,rev2_plus,0.9,0.99,0.96,0.979,0.92,0.7605042016806722,-0.013849861492339122,0.08498890468987377,13.211944135773127,30.728148455003446,0.9,0.96,0.96,0.979,0.92,0.034268856048583984,252.76439851367599,500.0,True,0.495
AOM_LS,rev2_plus,0.9,0.99,0.96,0.979,0.92,0.7647058823529411,-0.013625926371048461,0.08428363409868529,13.054140953684408,30.140728308476987,0.9,0.96,0.96,0.979,0.92,0.034268856048583984,252.76439851367599,500.0,True,0.495
AOM_LS,rev2_plus,0.9,0.99,0.96,0.979,0.92,0.76890756302521,-0.013402232221150173,0.08356012564352713,12.893868556376306,29.551580014288817,0.9,0.96,0.96,0.979,0.92,0.034268856048583984,252.76439851367599,500.0,True,0.495
AOM_LS,rev2_plus,0.9,0.99,0.96,0.979,0.92,0.7731092436974789,-0.013178778078879709,0.0828179803301183,12.731117747417569,28.960880431063696,0.9,0.96,0.96,0.979,0.92,0.034268856048583984,252.76439851367599,500.0,True,0.495
AOM_LS,rev2_plus,0.9,0.99,0.96,0.979,0.92,0.7773109243697479,-0.012955563085211586,0.08205681028559383,12.565877439589784,28.36878090334466,0.9,0.96,0.96,0.979,0.92,0.034268856048583984,252.76439851367599,500.0,True,0.495
AOM_LS,rev2_plus,0.9,0.99,0.96,0.979,0.92,0.7815126050420168,-0.01273258715261151,0.08127624173874223,12.398135070850344,27.77540530587238,0.9,0.96,0.96,0.979,0.92,0.034268856048583984,252.76439851367599,500.0,True,0.495
AOM_LS,rev2_plus,0.9,0.99,0.96,0.979,0.92,0.7857142857142857,-0.012509849015949814,0.08047585837254635,12.22788171375647,27.180931828515316,0.9,0.96,0.96,0.979,0.92,0.034268856048583984,252.76439851367599,500.0,True,0.495
AOM_LS,rev2_plus,0.9,0.99,0.96,0.979,0.92,0.7899159663865546,-0.012287346664653028,0.07965521372507865,12.055110938258373,26.585574608712683,0.9,0.96,0.96,0.979,0.92,0.034268856048583984,252.76439851367599,500.0,True,0.495
AOM_LS,rev2_plus,0.9,0.99,0.96,0.979,0.92,0.7941176470588236,-0.01206507948875841,0.0788138928789627,11.879813229282725,25.989494213552458,0.9,0.96,0.96,0.979,0.92,0.034268856048583984,252.76439851367599,500.0,True,0.495
AOM_LS,rev2_plus,0.9,0.99,0.96,0.979,0.92,0.7983193277310925,-0.011843048189757016,0.07795150139732589,11.70197709634144,25.392813959258554,0.9,0.96,0.96,0.979,0.92,0.034268856048583984,252.76439851367599,500.0,True,0.495
AOM_LS,rev2_plus,0.9,0.99,0.96,0.979,0.92,0.8025210084033614,-0.011621252660186142,0.0770676198031549,11.521592887432778,24.79568462159979,0.9,0.96,0.96,0.979,0.92,0.034268856048583984,252.76439851367599,500.0,True,0.495
AOM_LS,rev2_plus,0.9,0.99,0.96,0.979,0.92,0.8067226890756303,-0.011399690326216062,0.0761617721806752,11.338655322977887,24.198328439214148,0.9,0.96,0.96,0.979,0.92,0.034268856048583984,252.76439851367599,500.0,True,0.495
AOM_LS,rev2_plus,0.9,0.99,0.96,0.979,0.92,0.8109243697478992,-0.011178359702004962,0.07523349342937843,11.153158000641787,23.600943333175444,0.9,0.96,0.96,0.979,0.92,0.034268856048583984,252.76439851367599,500.0,True,0.495
AOM_LS,rev2_plus,0.9,0.99,0.96,0.979,0.92,0.8151260504201681,-0.010957261443739501,0.07428234654930937,10.96509191143135,23.0036779436579,0.9,0.96,0.96,0.979,0.92,0.034268856048583984,252.76439851367599,500.0,True,0.495
AOM_LS,rev2_plus,0.9,0.99,0.96,0.979,0.92,0.819327731092437,-0.010736396394256765,0.07330787823638135,10.774448915730822,22.406693436523227,0.9,0.96,0.96,0.979,0.92,0.034268856048583984,252.76439851367599,500.0,True,0.495
AOM_LS,rev2_plus,0.9,0.99,0.96,0.979,0.92,0.8235294117647058,-0.010515763400268387,0.07230961483197952,10.581222577389754,21.81017268000005,0.9,0.96,0.96,0.979,0.92,0.034268856048583984,252.76439851367599,500.0,True,0.495
AOM_LS,rev2_plus,0.9,0.99,0.96,0.979,0.92,0.8277310924369747,-0.010295360024064717,0.0712870638441704,10.385407847683394,21.214316389222972,0.9,0.96,0.96,0.979,0.92,0.034268856048583984,252.76439851367599,500.0,True,0.495
AOM_LS,rev2_plus,0.9,0.99,0.96,0.979,0.92,0.8319327731092436,-0.010075185988870236,0.07023972074595684,10.186999652061553,20.619326938011078,0.9,0.96,0.96,0.979,0.92,0.034268856048583984,252.76439851367599,500.0,True,0.495
AOM_LS,rev2_plus,0.9,0.99,0.96,0.979,0.92,0.8361344537815125,-0.009855239988096426,0.06916703468418645,9.985995756224671,20.025457577797244,0.9,0.96,0.96,0.979,0.92,0.034268856048583984,252.76439851367599,500.0,True,0.495
AOM_LS,rev2_plus,0.9,0.99,0.96,0.979,0.92,0.8403361344537815,-0.009635520690838208,0.06806847202006548,9.782392774040106,19.43293000566895,0.9,0.96,0.96,0.979,0.92,0.034268856048583984,252.76439851367599,500.0,True,0.495
AOM_LS,rev2_plus,0.9,0.99,0.96,0.979,0.92,0.8445378151260504,-0.009416027790542727,0.06694356805733477,9.576182865075728,18.84186703439208,0.9,0.96,0.96,0.979,0.92,0.034268856048583984,252.76439851367599,500.0,True,0.495
AOM_LS,rev2_plus,0.9,0.99,0.96,0.979,0.92,0.8487394957983193,-0.0091967588136976,0.06579174274772567,9.367365250730282,18.25253010635161,0.9,0.96,0.96,0.979,0.92,0.034268856048583984,252.76439851367599,500.0,True,0.495
AOM_LS,rev2_plus,0.9,0.99,0.96,0.979,0.92,0.8529411764705882,-0.008977711633658951,0.06461242366929486,9.155938403378267,17.66515940085419,0.9,0.96,0.96,0.979,0.92,0.034268856048583984,252.76439851367599,500.0,True,0.495
AOM_LS,rev2_plus,0.9,0.99,0.96,0.979,0.92,0.8571428571428572,-0.008758886356778984,0.0634051167763299,8.941895444869234,17.079881341610367,0.9,0.96,0.96,0.979,0.92,0.034268856048583984,252.76439851367599,500.0,True,0.495
AOM_LS,rev2_plus,0.9,0.99,0.96,0.979,0.92,0.8613445378151261,-0.008540279071057534,0.06216920157826157,8.72523747132537,16.496975974750676,0.9,0.96,0.96,0.979,0.92,0.034268856048583984,252.76439851367599,500.0,True,0.495
AOM_LS,rev2_plus,0.9,0.99,0.96,0.979,0.92,0.865546218487395,-0.008321887418143074,0.06090409940441479,8.505962502365,15.916655961122673,0.9,0.96,0.96,0.979,0.92,0.034268856048583984,252.76439851367599,500.0,True,0.495
AOM_LS,rev2_plus,0.9,0.99,0.96,0.979,0.92,0.8697478991596639,-0.008103709707630802,0.05960925022028224,8.284066987584385,15.33909682258405,0.9,0.96,0.96,0.979,0.92,0.034268856048583984,252.76439851367599,500.0,True,0.495
AOM_LS,rev2_plus,0.9,0.99,0.96,0.979,0.92,0.8739495798319328,-0.007885741000203617,0.05828401519130687,8.059552222020297,14.764564293781213,0.9,0.96,0.96,0.979,0.92,0.034268856048583984,252.76439851367599,500.0,True,0.495
AOM_LS,rev2_plus,0.9,0.99,0.96,0.979,0.92,0.8781512605042017,-0.007667977440398457,0.05692778901287304,7.83241680913263,14.193266236211867,0.9,0.96,0.96,0.979,0.92,0.034268856048583984,252.76439851367599,500.0,True,0.495
AOM_LS,rev2_plus,0.9,0.99,0.96,0.979,0.92,0.8823529411764706,-0.007450415131339716,0.05553995967519613,7.602659403033738,13.625404993592477,0.9,0.96,0.96,0.979,0.92,0.034268856048583984,252.76439851367599,500.0,True,0.495
AOM_LS,rev2_plus,0.9,0.99,0.96,0.979,0.92,0.8865546218487395,-0.007233049001249185,0.05411988202674289,7.370280439967193,13.061211422799422,0.9,0.96,0.96,0.979,0.92,0.034268856048583984,252.76439851367599,500.0,True,0.495
AOM_LS,rev2_plus,0.9,0.99,0.96,0.979,0.92,0.8907563025210083,-0.007015871726119227,0.05266691271389386,7.135279393273174,12.500899157721234,0.9,0.96,0.96,0.979,0.92,0.034268856048583984,252.76439851367599,500.0,True,0.495
AOM_LS,rev2_plus,0.9,0.99,0.96,0.979,0.92,0.8949579831932772,-0.0067988732737598164,0.05118038702897027,6.89765639547411,11.944694233317346,0.9,0.96,0.96,0.979,0.92,0.034268856048583984,252.76439851367599,500.0,True,0.495
AOM_LS,rev2_plus,0.9,0.99,0.96,0.979,0.92,0.8991596638655461,-0.006582042900734152,0.04965963616169775,6.657411178515904,11.392811300117527,0.9,0.96,0.96,0.979,0.92,0.034268856048583984,252.76439851367599,500.0,True,0.495
AOM_LS,rev2_plus,0.9,0.99,0.96,0.979,0.92,0.9033613445378151,-0.006365366547088159,0.04810396699000023,6.414544257550664,10.845480208146512,0.9,0.96,0.96,0.979,0.92,0.034268856048583984,252.76439851367599,500.0,True,0.495
AOM_LS,rev2_plus,0.9,0.99,0.96,0.979,0.92,0.907563025210084,-0.006148827592213897,0.04651267542115965,6.169055990435959,10.302927589969691,0.9,0.96,0.96,0.979,0.92,0.034268856048583984,252.76439851367599,500.0,True,0.495
AOM_LS,rev2_plus,0.9,0.99,0.96,0.979,0.92,0.9117647058823529,-0.005932402827546577,0.04488504304644476,5.920946055667255,9.76538070894114,0.9,0.96,0.96,0.979,0.92,0.034268856048583984,252.76439851367599,500.0,True,0.495
AOM_LS,rev2_plus,0.9,0.99,0.96,0.979,0.92,0.9159663865546218,-0.005716068365622086,0.04322033700485196,5.670214623442538,9.233066785469308,0.9,0.96,0.96,0.979,0.92,0.034268856048583984,252.76439851367599,500.0,True,0.495
AOM_LS,rev2_plus,0.9,0.99,0.96,0.979,0.92,0.9201680672268908,-0.0054997831766497515,0.04151780914658461,5.416859273585548,8.706213758973313,0.9,0.96,0.96,0.979,0.92,0.034268856048583984,252.76439851367599,500.0,True,0.495
AOM_LS,rev2_plus,0.9,0.99,0.96,0.979,0.92,0.9243697478991597,-0.005283498253024613,0.03977669608438081,5.160876804271034,8.185049162088056,0.9,0.96,0.96,0.979,0.92,0.034268856048583984,252.76439851367599,500.0,True,0.495
AOM_LS,rev2_plus,0.9,0.99,0.96,0.979,0.92,0.9285714285714286,-0.005067141063711965,0.03799621845237624,4.902260441829511,7.669800610189369,0.9,0.96,0.96,0.979,0.92,0.034268856048583984,252.76439851367599,500.0,True,0.495
AOM_LS,rev2_plus,0.9,0.99,0.96,0.979,0.92,0.9327731092436975,-0.004850619717549307,0.03617558072723613,4.6410007946835,7.160695053262544,0.9,0.96,0.96,0.979,0.92,0.034268856048583984,252.76439851367599,500.0,True,0.495
AOM_LS,rev2_plus,0.9,0.99,0.96,0.979,0.92,0.9369747899159664,-0.004633810447016128,0.03431397070104633,4.37708376302049,6.657958747476929,0.9,0.96,0.96,0.979,0.92,0.034268856048583984,252.76439851367599,500.0,True,0.495
AOM_LS,rev2_plus,0.9,0.99,0.96,0.979,0.92,0.9411764705882353,-0.004416544081688911,0.032410559048098204,4.110488397053401,6.161817002510141,0.9,0.96,0.96,0.979,0.92,0.034268856048583984,252.76439851367599,500.0,True,0.495
AOM_LS,rev2_plus,0.9,0.99,0.96,0.979,0.92,0.9453781512605042,-0.004198580620321352,0.030464498871673056,3.8411827850537263,5.672493985890575,0.9,0.96,0.96,0.979,0.92,0.034268856048583984,252.76439851367599,500.0,True,0.495
AOM_LS,rev2_plus,0.9,0.99,0.96,0.979,0.92,0.9495798319327731,-0.00397957255479118,0.028474925256191688,3.5691182922440903,5.190212520781231,0.9,0.96,0.96,0.979,0.92,0.034268856048583984,252.76439851367599,500.0,True,0.495
AOM_LS,rev2_plus,0.9,0.99,0.96,0.979,0.92,0.953781512605042,-0.003759020183977969,0.026440954828993325,3.2942229361435773,4.715193835314997,0.9,0.96,0.96,0.979,0.92,0.034268856048583984,252.76439851367599,500.0,True,0.495
AOM_LS,rev2_plus,0.9,0.99,0.96,0.979,0.92,0.9579831932773109,-0.003536205314710738,0.024361685328342427,3.0163916677826923,4.247657347445299,0.9,0.96,0.96,0.979,0.92,0.034268856048583984,252.76439851367599,500.0,True,0.495
AOM_LS,rev2_plus,0.9,0.99,0.96,0.979,0.92,0.9621848739495797,-0.0033100492189497895,0.02223619523449228,2.7354648250640925,3.7878206879602754,0.9,0.96,0.96,0.979,0.92,0.034268856048583984,252.76439851367599,500.0,True,0.495
AOM_LS,rev2_plus,0.9,0.99,0.96,0.979,0.92,0.9663865546218486,-0.0030789113959810714,0.020063543473974748,2.451198886820671,3.3358997756589597,0.9,0.96,0.96,0.979,0.92,0.034268856048583984,252.76439851367599,500.0,True,0.495
AOM_LS,rev2_plus,0.9,0.99,0.96,0.979,0.92,0.9705882352941176,-0.002840262361592104,0.01784276927144348,2.1632197737664263,2.892109157276548,0.9,0.96,0.96,0.979,0.92,0.034268856048583984,252.76439851367599,500.0,True,0.495
AOM_LS,rev2_plus,0.9,0.99,0.96,0.979,0.92,0.9747899159663865,-0.002590090546215011,0.015572892311383259,1.870938839405687,2.456662962032197,0.9,0.96,0.96,0.979,0.92,0.034268856048583984,252.76439851367599,500.0,True,0.495
AOM_LS,rev2_plus,0.9,0.99,0.96,0.979,0.92,0.9789915966386554,-0.0023219265997829683,0.013252913366030626,1.5734180409844647,2.0297766640351815,0.9,0.96,0.96,0.979,0.92,0.034268856048583984,252.76439851367599,500.0,True,0.495
AOM_LS,rev2_plus,0.9,0.99,0.96,0.979,0.92,0.9831932773109244,-0.0020249663127996143,0.010881816029301711,1.2691133052825885,1.6116708582874462,0.9,0.96,0.96,0.979,0.92,0.034268856048583984,252.76439851367599,500.0,True,0.495
AOM_LS,rev2_plus,0.9,0.99,0.96,0.979,0.92,0.9873949579831933,-0.0016806833051343417,0.008458570231600085,0.9554224124075869,1.2025782840605768,0.9,0.96,0.96,0.979,0.92,0.034268856048583984,252.76439851367599,500.0,True,0.495
AOM_LS,rev2_plus,0.9,0.99,0.96,0.979,0.92,0.9915966386554622,-0.0012562429966908161,0.00598213940699526,0.6278229241521038,0.8027576645471199,0.9,0.96,0.96,0.979,0.92,0.034268856048583984,252.76439851367599,500.0,True,0.495
AOM_LS,rev2_plus,0.9,0.99,0.96,0.979,0.92,0.9957983193277311,-0.0006924021859432346,0.0034429344075066425,0.2792119009297983,0.4122038610899131,0.9,0.96,0.96,0.979,0.92,0.034268856048583984,252.76439851367599,500.0,True,0.495
AOM_LS,rev2_plus,0.9,0.99,0.96,0.979,0.92,1.0,0.0,0.0,0.0,0.0,0.9,0.96,0.96,0.979,0.92,0.034268856048583984,252.76439851367599,500.0,True,0.495
AOM_LS,rev2_minus,0.9,0.9299999999999999,0.96,0.979,0.92,0.5,-0.026233782276613438,0.0871669527503688,18.056460030101025,53.659193405464556,0.9,0.96,0.96,0.979,0.92,0.03603696823120117,252.7634005787948,500.0,True,0.495
AOM_LS,rev2_minus,0.9,0.9299999999999999,0.96,0.979,0.92,0.5042016806722689,-0.026003719979261434,0.08697418146189449,17.993201214798898,53.34240284543195,0.9,0.96,0.96,0.979,0.92,0.03603696823120117,252.7634005787948,500.0,True,0.495
AOM_LS,rev2_minus,0.9,0.9299999999999999,0.96,0.979,0.92,0.5084033613445378,-0.025774065954728465,0.0867766777867154,17.92863427757297,53.02199002046903,0.9,0.96,0.96,0.979,0.92,0.03603696823120117,252.7634005787948,500.0,True,0.495
AOM_LS,rev2_minus,0.9,0.9299999999999999,0.96,0.979,0.92,0.5126050420168067,-0.02554481825103035,0.08657434848946585,17.862754710960836,52.698009578316736,0.9,0.96,0.96,0.979,0.92,0.03603696823120117,252.7634005787948,500.0,True,0.495
AOM_LS,rev2_minus,0.9,0.9299999999999999,0.96,0.979,0.92,0.5168067226890757,-0.0253159748394928,0.0863671167560241,17.795554738692584,52.37047451686576,0.9,0.96,0.96,0.979,0.92,0.03603696823120117,252.7634005787948,500.0,True,0.495
AOM_LS,rev2_minus,0.9,0.9299999999999999,0.96,0.979,0.92,0.5210084033613446,-0.025087533715173718,0.0861549045671508,17.72702677305924,52.039399783824905,0.9,0.96,0.96,0.979,0.92,0.03603696823120117,252.7634005787948,500.0,True,0.495
AOM_LS,rev2_minus,0.9,0.9299999999999999,0.96,0.979,0.92,0.5252100840336135,-0.02485949289596993,0.08593763273634503,17.657163406504143,51.7048021599229,0.9,0.96,0.96,0.979,0.92,0.03603696823120117,252.7634005787948,500.0,True,0.495
AOM_LS,rev2_minus,0.9,0.9299999999999999,0.96,0.979,0.92,0.5294117647058824,-0.024631850421770147,0.08571522094556355,17.585957403514925,51.366700147009986,0.9,0.96,0.96,0.979,0.92,0.03603696823120117,252.7634005787948,500.0,True,0.495
AOM_LS,rev2_minus,0.9,0.9299999999999999,0.96,0.979,0.92,0.5336134453781513,-0.02440460435397549,0.08548758784638202,17.513401677096862,51.02511368323675,0.9,0.96,0.96,0.979,0.92,0.03603696823120117,252.7634005787948,500.0,True,0.495
AOM_LS,rev2_minus,0.9,0.9299999999999999,0.96,0.979,0.92,0.5378151260504201,-0.02417775278972406,0.08525465412380272,17.439488575379155,50.68005606239161,0.9,0.96,0.96,0.979,0.92,0.03603696823120117,252.7634005787948,500.0,True,0.495
AOM_LS,rev2_minus,0.9,0.9299999999999999,0.96,0.979,0.92,0.542016806722689,-0.023951293939948073,0.08501635846401899,17.36420616330268,50.331491904606764,0.9,0.96,0.96,0.979,0.92,0.03603696823120117,252.7634005787948,500.0,True,0.495
AOM_LS,rev2_minus,0.9,0.9299999999999999,0.96,0.979,0.92,0.5462184873949579,-0.0237252257330196,0.08477257758398742,17.287556836779704,49.97954756194197,0.9,0.96,0.96,0.979,0.92,0.03603696823120117,252.7634005787948,500.0,True,0.495
AOM_LS,rev2_minus,0.9,0.9299999999999999,0.96,0.979,0.92,0.5504201680672269,-0.02349954632218001,0.08452322895766776,17.209533417701405,49.62424075315162,0.9,0.96,0.96,0.979,0.92,0.03603696823120117,252.7634005787948,500.0,True,0.495
AOM_LS,rev2_minus,0.9,0.9299999999999999,0.96,0.979,0.92,0.5546218487394958,-0.023274253876690926,0.08426822877675133,17.130128931462597,49.26559119888031,0.9,0.96,0.96,0.979,0.92,0.03603696823120117,252.7634005787948,500.0,True,0.495
AOM_LS,rev2_minus,0.9,0.9299999999999999,0.96,0.979,0.92,0.5588235294117647,-0.023049346581285105,0.08400749198626067,17.049336597917183,48.90362050456109,0.9,0.96,0.96,0.979,0.92,0.03603696823120117,252.7634005787948,500.0,True,0.495
AOM_LS,rev2_minus,0.9,0.9299999999999999,0.96,0.979,0.92,0.5630252100840336,-0.022824822635642294,0.08374093231816881,16.967149822639758,48.53835204789354,0.9,0.96,0.96,0.979,0.92,0.03603696823120117,252.7634005787948,500.0,True,0.495
AOM_LS,rev2_minus,0.9,0.9299999999999999,0.96,0.979,0.92,0.5672268907563025,-0.02260068025388825,0.08346846232313457,16.88356218847914,48.16981087066227,0.9,0.96,0.96,0.979,0.92,0.03603696823120117,252.7634005787948,500.0,True,0.495
AOM_LS,rev2_minus,0.9,0.9299999999999999,0.96,0.979,0.92,0.5714285714285714,-0.022376917664426534,0.08318999352273432,16.7985674099618,47.798023204550596,0.9,0.96,0.96,0.979,0.92,0.03603696823120117,252.7634005787948,500.0,True,0.495
AOM_LS,rev2_minus,0.9,0.9299999999999999,0.96,0.979,0.92,0.5756302521008403,-0.022153533138834846,0.08290544792636162,16.712155810320713,47.42298160232835,0.9,0.96,0.96,0.979,0.92,0.03603696823120117,252.7634005787948,500.0,True,0.495
AOM_LS,rev2_minus,0.9,0.9299999999999999,0.96,0.979,0.92,0.5798319327731092,-0.02193052860042299,0.08261466273015852,16.624310487454224,47.044714923995905,0.9,0.96,0.96,0.979,0.92,0.03603696823120117,252.7634005787948,500.0,True,0.495
AOM_LS,rev2_minus,0.9,0.9299999999999999,0.96,0.979,0.92,0.5840336134453782,-0.021707898648031635,0.08231759548105468,16.535042081788074,46.66331266440825,0.9,0.96,0.96,0.979,0.92,0.03603696823120117,252.7634005787948,500.0,True,0.495
AOM_LS,rev2_minus,0.9,0.9299999999999999,0.96,0.979,0.92,0.5882352941176471,-0.02148564148166611,0.08201415635526405,16.44434472990472,46.27880211165818,0.9,0.96,0.96,0.979,0.92,0.03603696823120117,252.7634005787948,500.0,True,0.495
AOM_LS,rev2_minus,0.9,0.9299999999999999,0.96,0.979,0.92,0.592436974789916,-0.02126375539710905,0.08170425291757,16.352212441919637,45.891211534820705,0.9,0.96,0.96,0.979,0.92,0.03603696823120117,252.7634005787948,500.0,True,0.495
AOM_LS,rev2_minus,0.9,0.9299999999999999,0.96,0.979,0.92,0.5966386554621849,-0.021042238701125832,0.08138779153802529,16.258639410559613,45.50057078863659,0.9,0.96,0.96,0.979,0.92,0.03603696823120117,252.7634005787948,500.0,True,0.495
AOM_LS,rev2_minus,0.9,0.9299999999999999,0.96,0.979,0.92,0.6008403361344538,-0.020821089711128716,0.08106467741781984,16.163620002645196,45.106911212720405,0.9,0.96,0.96,0.979,0.92,0.03603696823120117,252.7634005787948,500.0,True,0.495
AOM_LS,rev2_minus,0.9,0.9299999999999999,0.96,0.979,0.92,0.6050420168067226,-0.020600306754855666,0.08073481461362036,16.067148750822597,44.710265534271024,0.9,0.96,0.96,0.979,0.92,0.03603696823120117,252.7634005787948,500.0,True,0.495
AOM_LS,rev2_minus,0.9,0.9299999999999999,0.96,0.979,0.92,0.6092436974789917,-0.020379888026654743,0.08039810656023554,15.969219710653922,44.31066369990583,0.9,0.96,0.96,0.979,0.92,0.03603696823120117,252.7634005787948,500.0,True,0.495
AOM_LS,rev2_minus,0.9,0.9299999999999999,0.96,0.979,0.92,0.6134453781512605,-0.020159831289245506,0.08005445713244548,15.869825132236343,43.90812429931002,0.9,0.96,0.96,0.979,0.92,0.03603696823120117,252.7634005787948,500.0,True,0.495
AOM_LS,rev2_minus,0.9,0.9299999999999999,0.96,0.979,0.92,0.6176470588235294,-0.019940135966509405,0.07970376336638314,15.768964722256053,43.50271398444704,0.9,0.96,0.96,0.979,0.92,0.03603696823120117,252.7634005787948,500.0,True,0.495
AOM_LS,rev2_minus,0.9,0.9299999999999999,0.96,0.979,0.92,0.6218487394957983,-0.019720800432020565,0.07934592492755813,15.666633633326896,43.0944703565249,0.9,0.96,0.96,0.979,0.92,0.03603696823120117,252.7634005787948,500.0,True,0.495
AOM_LS,rev2_minus,0.9,0.9299999999999999,0.96,0.979,0.92,0.6260504201680672,-0.019501822972809606,0.07898084077085996,15.562826723098677,42.683429248576566,0.9,0.96,0.96,0.979,0.92,0.03603696823120117,252.7634005787948,500.0,True,0.495
AOM_LS,rev2_minus,0.9,0.9299999999999999,0.96,0.979,0.92,0.6302521008403361,-0.019283201894801837,0.07860840878869821,15.457539015115039,42.2696276471861,0.9,0.96,0.96,0.979,0.92,0.03603696823120117,252.7634005787948,500.0,True,0.495
AOM_LS,rev2_minus,0.9,0.9299999999999999,0.96,0.979,0.92,0.634453781512605,-0.01906493552222699,0.07822852582734871,15.350765690544351,41.85310360620627,0.9,0.96,0.96,0.979,0.92,0.03603696823120117,252.7634005787948,500.0,True,0.495
AOM_LS,rev2_minus,0.9,0.9299999999999999,0.96,0.979,0.92,0.6386554621848739,-0.018847022197053757,0.07784108770214104,15.2425020801479,41.4338961631861,0.9,0.96,0.96,0.979,0.92,0.03603696823120117,252.7634005787948,500.0,True,0.495
AOM_LS,rev2_minus,0.9,0.9299999999999999,0.96,0.979,0.92,0.6428571428571428,-0.01862946027844351,0.07744598921152976,15.132743656462303,41.012045258351556,0.9,0.96,0.96,0.979,0.92,0.03603696823120117,252.7634005787948,500.0,True,0.495
AOM_LS,rev2_minus,0.9,0.9299999999999999,0.96,0.979,0.92,0.6470588235294118,-0.018412247413653028,0.07704312347563513,15.021484627447418,40.58758540455057,0.9,0.96,0.96,0.979,0.92,0.03603696823120117,252.7634005787948,500.0,True,0.495
AOM_LS,rev2_minus,0.9,0.9299999999999999,0.96,0.979,0.92,0.6512605042016807,-0.018195382638932195,0.07663238389269122,14.908721963208738,40.160563627025304,0.9,0.96,0.96,0.979,0.92,0.03603696823120117,252.7634005787948,500.0,True,0.495
AOM_LS,rev2_minus,0.9,0.9299999999999999,0.96,0.979,0.92,0.6554621848739496,-0.017978864829977948,0.07621366271794326,14.794452415354126,39.73102613280356,0.9,0.96,0.96,0.979,0.92,0.03603696823120117,252.7634005787948,500.0,True,0.495
AOM_LS,rev2_minus,0.9,0.9299999999999999,0.96,0.979,0.92,0.6596638655462185,-0.01776269238623194,0.07578685078098389,14.678671904545611,39.299015518824625,0.9,0.96,0.96,0.979,0.92,0.03603696823120117,252.7634005787948,500.0,True,0.495
AOM_LS,rev2_minus,0.9,0.9299999999999999,0.96,0.979,0.92,0.6638655462184874,-0.017546863647199536,0.07535183788015629,14.5613763136296,38.86457426968496,0.9,0.96,0.96,0.979,0.92,0.03603696823120117,252.7634005787948,500.0,True,0.495
AOM_LS,rev2_minus,0.9,0.9299999999999999,0.96,0.979,0.92,0.6680672268907563,-0.01733137697852816,0.07490851287076182,14.442561647019307,38.427745431321135,0.9,0.96,0.96,0.979,0.92,0.03603696823120117,252.7634005787948,500.0,True,0.495
AOM_LS,rev2_minus,0.9,0.9299999999999999,0.96,0.979,0.92,0.6722689075630253,-0.017116230920470123,0.07445677034592965,14.322223047107903,37.988558895484346,0.9,0.96,0.96,0.979,0.92,0.03603696823120117,252.7634005787948,500.0,True,0.495
AOM_LS,rev2_minus,0.9,0.9299999999999999,0.96,0.979,0.92,0.6764705882352942,-0.016901423743638767,0.07399649082044112,14.200357686052305,37.547071873778485,0.9,0.96,0.96,0.979,0.92,0.03603696823120117,252.7634005787948,500.0,True,0.495
AOM_LS,rev2_minus,0.9,0.9299999999999999,0.96,0.979,0.92,0.680672268907563,-0.016686953773955016,0.07352755527838116,14.076962633813764,37.10333906952234,0.9,0.96,0.96,0.979,0.92,0.03603696823120117,252.7634005787948,500.0,True,0.495
AOM_LS,rev2_minus,0.9,0.9299999999999999,0.96,0.979,0.92,0.6848739495798319,-0.016472819490573904,0.07304984959770387,13.952034203638743,36.65740358869743,0.9,0.96,0.96,0.979,0.92,0.03603696823120117,252.7634005787948,500.0,True,0.495
AOM_LS,rev2_minus,0.9,0.9299999999999999,0.96,0.979,0.92,0.6890756302521008,-0.01625901941853373,0.07256325979135773,13.825568641384471,36.209306624648164,0.9,0.96,0.96,0.979,0.92,0.03603696823120117,252.7634005787948,500.0,True,0.495
AOM_LS,rev2_minus,0.9,0.9299999999999999,0.96,0.979,0.92,0.6932773109243697,-0.01604555209750833,0.07206767064238374,13.697562319189894,35.75909019367157,0.9,0.96,0.96,0.979,0.92,0.03603696823120117,252.7634005787948,500.0,True,0.495
AOM_LS,rev2_minus,0.9,0.9299999999999999,0.96,0.979,0.92,0.6974789915966386,-0.01583241733545093,0.07156298343597062,13.568010341107325,35.306766666301975,0.9,0.96,0.96,0.979,0.92,0.03603696823120117,252.7634005787948,500.0,True,0.495
AOM_LS,rev2_minus,0.9,0.9299999999999999,0.96,0.979,0.92,0.7016806722689075,-0.01561961265514297,0.07104906578499508,13.436910459747997,34.85240478489209,0.9,0.96,0.96,0.979,0.92,0.03603696823120117,252.7634005787948,500.0,True,0.495
AOM_LS,rev2_minus,0.9,0.9299999999999999,0.96,0.979,0.92,0.7058823529411764,-0.015407135470291428,0.07052578233768464,13.304260675439153,34.39607685760191,0.9,0.96,0.96,0.979,0.92,0.03603696823120117,252.7634005787948,500.0,True,0.495
AOM_LS,rev2_minus,0.9,0.9299999999999999,0.96,0.979,0.92,0.7100840336134454,-0.01519498443819806,0.06999301392522482,13.170057728067192,33.93782589302414,0.9,0.96,0.96,0.979,0.92,0.03603696823120117,252.7634005787948,500.0,True,0.495
AOM_LS,rev2_minus,0.9,0.9299999999999999,0.96,0.979,0.92,0.7142857142857143,-0.014983158543077265,0.06945064464582999,13.034298097655153,33.47768772779649,0.9,0.96,0.96,0.979,0.92,0.03603696823120117,252.7634005787948,500.0,True,0.495
AOM_LS,rev2_minus,0.9,0.9299999999999999,0.96,0.979,0.92,0.7184873949579832,-0.014771656715025965,0.06889855649246547,12.896978418507702,33.01570018059451,0.9,0.96,0.96,0.979,0.92,0.03603696823120117,252.7634005787948,500.0,True,0.495
AOM_LS,rev2_minus,0.9,0.9299999999999999,0.96,0.979,0.92,0.7226890756302521,-0.014560479884199597,0.06833665021838678,12.75809414006683,32.55186846902169,0.9,0.96,0.96,0.979,0.92,0.03603696823120117,252.7634005787948,500.0,True,0.495
AOM_LS,rev2_minus,0.9,0.9299999999999999,0.96,0.979,0.92,0.726890756302521,-0.014349625493658435,0.06776478967857193,12.617643071968493,32.086257259302734,0.9,0.96,0.96,0.979,0.92,0.03603696823120117,252.7634005787948,500.0,True,0.495
AOM_LS,rev2_minus,0.9,0.9299999999999999,0.96,0.979,0.92,0.7310924369747899,-0.01413909002374111,0.06718282739659286,12.475623756051482,31.618948202302494,0.9,0.96,0.96,0.979,0.92,0.03603696823120117,252.7634005787948,500.0,True,0.495
AOM_LS,rev2_minus,0.9,0.9299999999999999,0.96,0.979,0.92,0.7352941176470589,-0.013928872136250542,0.06659063650497038,12.332033417345372,31.149987051356863,0.9,0.96,0.96,0.979,0.92,0.03603696823120117,252.7634005787948,500.0,True,0.495
AOM_LS,rev2_minus,0.9,0.9299999999999999,0.96,0.979,0.92,0.7394957983193278,-0.013718971212608365,0.06598809595493406,12.18686889640428,30.679408122686,0.9,0.96,0.96,0.979,0.92,0.03603696823120117,252.7634005787948,500.0,True,0.495
AOM_LS,rev2_minus,0.9,0.9299999999999999,0.96,0.979,0.92,0.7436974789915967,-0.013509386468056309,0.06537508153485183,12.040127216910044,30.207249089913766,0.9,0.96,0.96,0.979,0.92,0.03603696823120117,252.7634005787948,500.0,True,0.495
AOM_LS,rev2_minus,0.9,0.9299999999999999,0.96,0.979,0.92,0.7478991596638656,-0.013300117991450274,0.06475146580181444,11.891805435640467,29.733548957010974,0.9,0.96,0.96,0.979,0.92,0.03603696823120117,252.7634005787948,500.0,True,0.495
AOM_LS,rev2_minus,0.9,0.9299999999999999,0.96,0.979,0.92,0.7521008403361344,-0.013091164174960201,0.06411711842772319,11.741900985272922,29.258352546902447,0.9,0.96,0.96,0.979,0.92,0.03603696823120117,252.7634005787948,500.0,True,0.495
AOM_LS,rev2_minus,0.9,0.9299999999999999,0.96,0.979,0.92,0.7563025210084033,-0.012882522388000693,0.06347190616798722,11.5904115783371,28.78170915504332,0.9,0.96,0.96,0.979,0.92,0.03603696823120117,252.7634005787948,500.0,True,0.495
AOM_LS,rev2_minus,0.9,0.9299999999999999,0.96,0.979,0.92,0.7605042016806722,-0.012674191076125356,0.0628156926624079,11.43733491260173,28.303668622256133,0.9,0.96,0.96,0.979,0.92,0.03603696823120117,252.7634005787948,500.0,True,0.495
AOM_LS,rev2_minus,0.9,0.9299999999999999,0.96,0.979,0.92,0.7647058823529411,-0.01246616909493469,0.062148338552955054,11.28266875242587,27.824282393261985,0.9,0.96,0.96,0.979,0.92,0.03603696823120117,252.7634005787948,500.0,True,0.495
AOM_LS,rev2_minus,0.9,0.9299999999999999,0.96,0.979,0.92,0.76890756302521,-0.012258455091971963,0.06146970159373315,11.126411006137179,27.34360450035966,0.9,0.96,0.96,0.979,0.92,0.03603696823120117,252.7634005787948,500.0,True,0.495
AOM_LS,rev2_minus,0.9,0.9299999999999999,0.96,0.979,0.92,0.7731092436974789,-0.012051046854836012,0.06077961629641588,10.968560642874504,26.86172103673352,0.9,0.96,0.96,0.979,0.92,0.03603696823120117,252.7634005787948,500.0,True,0.495
AOM_LS,rev2_minus,0.9,0.9299999999999999,0.96,0.979,0.92,0.7773109243697479,-0.011843942807715726,0.0600779401413268,10.809115594725665,26.378682907646155,0.9,0.96,0.96,0.979,0.92,0.03603696823120117,252.7634005787948,500.0,True,0.495
AOM_LS,rev2_minus,0.9,0.9299999999999999,0.96,0.979,0.92,0.7815126050420168,-0.0116371420394748,0.05936455437654277,10.64807270968055,25.894504689120385,0.9,0.96,0.96,0.979,0.92,0.03603696823120117,252.7634005787948,500.0,True,0.495
AOM_LS,rev2_minus,0.9,0.9299999999999999,0.96,0.979,0.92,0.7857142857142857,-0.011430642621447851,0.05863931175575997,10.485430113591951,25.40924046832272,0.9,0.96,0.96,0.979,0.92,0.03603696823120117,252.7634005787948,500.0,True,0.495
AOM_LS,rev2_minus,0.9,0.9299999999999999,0.96,0.979,0.92,0.7899159663865546,-0.011224442717048993,0.057902060964301845,10.321186065853757,24.92294771085686,0.9,0.96,0.96,0.979,0.92,0.03603696823120117,252.7634005787948,500.0,True,0.495
AOM_LS,rev2_minus,0.9,0.9299999999999999,0.96,0.979,0.92,0.7941176470588236,-0.011018540458157403,0.0571526512514944,10.15533877298172,24.4356809001942,0.9,0.96,0.96,0.979,0.92,0.03603696823120117,252.7634005787948,500.0,True,0.495
AOM_LS,rev2_minus,0.9,0.9299999999999999,0.96,0.979,0.92,0.7983193277310925,-0.010812934380254892,0.05639094034344784,9.987885998879777,23.947479778630118,0.9,0.96,0.96,0.979,0.92,0.03603696823120117,252.7634005787948,500.0,True,0.495
AOM_LS,rev2_minus,0.9,0.9299999999999999,0.96,0.979,0.92,0.8025210084033614,-0.010607623018030596,0.05561678698148564,9.81882541760735,23.45838034153456,0.9,0.96,0.96,0.979,0.92,0.03603696823120117,252.7634005787948,500.0,True,0.495
AOM_LS,rev2_minus,0.9,0.9299999999999999,0.96,0.979,0.92,0.8067226890756303,-0.010402602605629344,0.05483001373772546,9.64815638658871,22.96847009599767,0.9,0.96,0.96,0.979,0.92,0.03603696823120117,252.7634005787948,500.0,True,0.495
AOM_LS,rev2_minus,0.9,0.9299999999999999,0.96,0.979,0.92,0.8109243697478992,-0.010197871101815357,0.054030467962595495,9.475877037835119,22.47779703796843,0.9,0.96,0.96,0.979,0.92,0.03603696823120117,252.7634005787948,500.0,True,0.495
AOM_LS,rev2_minus,0.9,0.9299999999999999,0.96,0.979,0.92,0.8151260504201681,-0.009993428104222032,0.05321802058969291,9.301984323381959,21.986371446502776,0.9,0.96,0.96,0.979,0.92,0.03603696823120117,252.7634005787948,500.0,True,0.495
AOM_LS,rev2_minus,0.9,0.9299999999999999,0.96,0.979,0.92,0.819327731092437,-0.009789270709621193,0.05239250918975706,9.126476711114663,21.494250999515376,0.9,0.96,0.96,0.979,0.92,0.03603696823120117,252.7634005787948,500.0,True,0.495
AOM_LS,rev2_minus,0.9,0.9299999999999999,0.96,0.979,0.92,0.8235294117647058,-0.009585395129062611,0.05155375853442871,8.949353237263212,21.001509836053422,0.9,0.96,0.96,0.979,0.92,0.03603696823120117,252.7634005787948,500.0,True,0.495
AOM_LS,rev2_minus,0.9,0.9299999999999999,0.96,0.979,0.92,0.8277310924369747,-0.009381798387013553,0.05070160752286132,8.770612154047768,20.5081982347202,0.9,0.96,0.96,0.979,0.92,0.03603696823120117,252.7634005787948,500.0,True,0.495
AOM_LS,rev2_minus,0.9,0.9299999999999999,0.96,0.979,0.92,0.8319327731092436,-0.009178478547750205,0.04983591291706546,8.590250731455479,20.01433700442994,0.9,0.96,0.96,0.979,0.92,0.03603696823120117,252.7634005787948,500.0,True,0.495
AOM_LS,rev2_minus,0.9,0.9299999999999999,0.96,0.979,0.92,0.8361344537815125,-0.008975432243217436,0.04895650767801414,8.408267367536887,19.519979687116773,0.9,0.96,0.96,0.979,0.92,0.03603696823120117,252.7634005787948,500.0,True,0.495
AOM_LS,rev2_minus,0.9,0.9299999999999999,0.96,0.979,0.92,0.8403361344537815,-0.008772656375656086,0.04806322394451218,8.224660467092614,19.025178010122207,0.9,0.96,0.96,0.979,0.92,0.03603696823120117,252.7634005787948,500.0,True,0.495
AOM_LS,rev2_minus,0.9,0.9299999999999999,0.96,0.979,0.92,0.8445378151260504,-0.008570147467770737,0.04715589712317734,8.03942809262206,18.52997591127712,0.9,0.96,0.96,0.979,0.92,0.03603696823120117,252.7634005787948,500.0,True,0.495
AOM_LS,rev2_minus,0.9,0.9299999999999999,0.96,0.979,0.92,0.8487394957983193,-0.008367900397948179,0.04623436247548997,7.852567989468296,18.034414861471436,0.9,0.96,0.96,0.979,0.92,0.03603696823120117,252.7634005787948,500.0,True,0.495
AOM_LS,rev2_minus,0.9,0.9299999999999999,0.96,0.979,0.92,0.8529411764705882,-0.008165909676711738,0.04529844851189252,7.664078150750588,17.53854316242407,0.9,0.96,0.96,0.979,0.92,0.03603696823120117,252.7634005787948,500.0,True,0.495
AOM_LS,rev2_minus,0.9,0.9299999999999999,0.96,0.979,0.92,0.8571428571428572,-0.007964170262811023,0.04434798748511504,7.47395630083083,17.042400146392808,0.9,0.96,0.96,0.979,0.92,0.03603696823120117,252.7634005787948,500.0,True,0.495
AOM_LS,rev2_minus,0.9,0.9299999999999999,0.96,0.979,0.92,0.8613445378151261,-0.007762676031708244,0.043382804440188445,7.282200373299477,16.546032867607824,0.9,0.96,0.96,0.979,0.92,0.03603696823120117,252.7634005787948,500.0,True,0.495
AOM_LS,rev2_minus,0.9,0.9299999999999999,0.96,0.979,0.92,0.865546218487395,-0.007561418725852637,0.042402724100577445,7.088807847694676,16.049485551217963,0.9,0.96,0.96,0.979,0.92,0.03603696823120117,252.7634005787948,500.0,True,0.495
AOM_LS,rev2_minus,0.9,0.9299999999999999,0.96,0.979,0.92,0.8697478991596639,-0.0073603912822841795,0.04140756932237842,6.893776450998798,15.552801739785094,0.9,0.96,0.96,0.979,0.92,0.03603696823120117,252.7634005787948,500.0,True,0.495
AOM_LS,rev2_minus,0.9,0.9299999999999999,0.96,0.979,0.92,0.8739495798319328,-0.007159584880523547,0.040397161021905145,6.697103639462821,15.056024404053307,0.9,0.96,0.96,0.979,0.92,0.03603696823120117,252.7634005787948,500.0,True,0.495
AOM_LS,rev2_minus,0.9,0.9299999999999999,0.96,0.979,0.92,0.8781512605042017,-0.006958987191222125,0.039371318099867034,6.498786293231312,14.559196049509582,0.9,0.96,0.96,0.979,0.92,0.03603696823120117,252.7634005787948,500.0,True,0.495
AOM_LS,rev2_minus,0.9,0.9299999999999999,0.96,0.979,0.92,0.8823529411764706,-0.00675858834037259,0.038329857526315805,6.298821757131492,14.062358286914687,0.9,0.96,0.96,0.979,0.92,0.03603696823120117,252.7634005787948,500.0,True,0.495
AOM_LS,rev2_minus,0.9,0.9299999999999999,0.96,0.979,0.92,0.8865546218487395,-0.006558370316607255,0.037272594159629524,6.09720602874541,13.565552312714495,0.9,0.96,0.96,0.979,0.92,0.03603696823120117,252.7634005787948,500.0,True,0.495
AOM_LS,rev2_minus,0.9,0.9299999999999999,0.96,0.979,0.92,0.8907563025210083,-0.006358316903184258,0.036199340849387134,5.8939354501820596,13.068818388185239,0.9,0.96,0.96,0.979,0.92,0.03603696823120117,252.7634005787948,500.0,True,0.495
AOM_LS,rev2_minus,0.9,0.9299999999999999,0.96,0.979,0.92,0.8949579831932772,-0.006158404708540736,0.03510990830943796,5.689005215174466,12.57219614029996,0.9,0.96,0.96,0.979,0.92,0.03603696823120117,252.7634005787948,500.0,True,0.495
AOM_LS,rev2_minus,0.9,0.9299999999999999,0.96,0.979,0.92,0.8991596638655461,-0.005958606268216969,0.03400410512142591,5.482409915026314,12.075724378701285,0.9,0.96,0.96,0.979,0.92,0.03603696823120117,252.7634005787948,500.0,True,0.495
AOM_LS,rev2_minus,0.9,0.9299999999999999,0.96,0.979,0.92,0.9033613445378151,-0.0057588877291114655,0.032881737699099065,5.274143177282589,11.579441068177145,0.9,0.96,0.96,0.979,0.92,0.03603696823120117,252.7634005787948,500.0,True,0.495
AOM_LS,rev2_minus,0.9,0.9299999999999999,0.96,0.979,0.92,0.907563025210084,-0.005559208815590257,0.03174261025564142,5.064197705199075,11.083383268259663,0.9,0.96,0.96,0.979,0.92,0.03603696823120117,252.7634005787948,500.0,True,0.495
AOM_LS,rev2_minus,0.9,0.9299999999999999,0.96,0.979,0.92,0.9117647058823529,-0.005359524046106715,0.030586524762644705,4.852565509891246,10.587587083377306,0.9,0.96,0.96,0.979,0.92,0.03603696823120117,252.7634005787948,500.0,True,0.495
AOM_LS,rev2_minus,0.9,0.9299999999999999,0.96,0.979,0.92,0.9159663865546218,-0.005159771245075156,0.02941328091184768,4.639236088686307,10.092087703965877,0.9,0.96,0.96,0.979,0.92,0.03603696823120117,252.7634005787948,500.0,True,0.495
AOM_LS,rev2_minus,0.9,0.9299999999999999,0.96,0.979,0.92,0.9201680672268908,-0.004959875983294027,0.028222676086118077,4.424197216495601,9.596919285326424,0.9,0.96,0.96,0.979,0.92,0.03603696823120117,252.7634005787948,500.0,True,0.495
AOM_LS,rev2_minus,0.9,0.9299999999999999,0.96,0.979,0.92,0.9243697478991597,-0.004759744752473303,0.027014505322414794,4.207433940469911,9.102114935409343,0.9,0.96,0.96,0.979,0.92,0.03603696823120117,252.7634005787948,500.0,True,0.495
AOM_LS,rev2_minus,0.9,0.9299999999999999,0.96,0.979,0.92,0.9285714285714286,-0.004559251120093836,0.02578856128271367,3.988926580766971,8.607706724187231,0.9,0.96,0.96,0.979,0.92,0.03603696823120117,252.7634005787948,500.0,True,0.495
AOM_LS,rev2_minus,0.9,0.9299999999999999,0.96,0.979,0.92,0.9327731092436975,-0.004358237195109066,0.024544634218731366,3.768651193471906,8.113725582232293,0.9,0.96,0.96,0.979,0.92,0.03603696823120117,252.7634005787948,500.0,True,0.495
AOM_LS,rev2_minus,0.9,0.9299999999999999,0.96,0.979,0.92,0.9369747899159664,-0.004156500576569012,0.023282511942860296,3.5465778147599436,7.62020128822221,0.9,0.96,0.96,0.979,0.92,0.03603696823120117,252.7634005787948,500.0,True,0.495
AOM_LS,rev2_minus,0.9,0.9299999999999999,0.96,0.979,0.92,0.9411764705882353,-0.0039537778178526314,0.022001979806728824,3.322668257150945,7.127162452878105,0.9,0.96,0.96,0.979,0.92,0.03603696823120117,252.7634005787948,500.0,True,0.495
AOM_LS,rev2_minus,0.9,0.9299999999999999,0.96,0.979,0.92,0.9453781512605042,-0.0037497184058100474,0.020702820691488433,3.096872700780194,6.634636521694725,0.9,0.96,0.96,0.979,0.92,0.03603696823120117,252.7634005787948,500.0,True,0.495
AOM_LS,rev2_minus,0.9,0.9299999999999999,0.96,0.979,0.92,0.9495798319327731,-0.0035438469918802028,0.019384815009805115,2.8691249469081326,6.142649797887345,0.9,0.96,0.96,0.979,0.92,0.03603696823120117,252.7634005787948,500.0,True,0.495
AOM_LS,rev2_minus,0.9,0.9299999999999999,0.96,0.979,0.92,0.953781512605042,-0.003335518126135252,0.01804774071513395,2.6393369716062156,5.651227471371038,0.9,0.96,0.96,0.979,0.92,0.03603696823120117,252.7634005787948,500.0,True,0.495
AOM_LS,rev2_minus,0.9,0.9299999999999999,0.96,0.979,0.92,0.9579831932773109,-0.0031238519163836165,0.016691373346589294,2.4073910712959847,5.160393698128156,0.9,0.96,0.96,0.979,0.92,0.03603696823120117,252.7634005787948,500.0,True,0.495
AOM_LS,rev2_minus,0.9,0.9299999999999999,0.96,0.979,0.92,0.9621848739495797,-0.0029076183194736644,0.015315486124076334,2.173125927746831,4.670171777372338,0.9,0.96,0.96,0.979,0.92,0.03603696823120117,252.7634005787948,500.0,True,0.495
AOM_LS,rev2_minus,0.9,0.9299999999999999,0.96,0.979,0.92,0.9663865546218486,-0.002685053941559949,0.013919850103024984,1.9363150225985652,4.180584443153222,0.9,0.96,0.96,0.979,0.92,0.03603696823120117,252.7634005787948,500.0,True,0.495
AOM_LS,rev2_minus,0.9,0.9299999999999999,0.96,0.979,0.92,0.9705882352941176,-0.002453623593522061,0.01250423448064705,1.6966391554882962,3.691654329488166,0.9,0.96,0.96,0.979,0.92,0.03603696823120117,252.7634005787948,500.0,True,0.495
AOM_LS,rev2_minus,0.9,0.9299999999999999,0.96,0.979,0.92,0.9747899159663865,-0.0022095602542203086,0.011068407110797226,1.4536344171429263,3.2034048197658778,0.9,0.96,0.96,0.979,0.92,0.03603696823120117,252.7634005787948,500.0,True,0.495
AOM_LS,rev2_minus,0.9,0.9299999999999999,0.96,0.979,0.92,0.9789915966386554,-0.0019471827280070752,0.009612134763264935,1.2066174136256689,2.7158608492344802,0.9,0.96,0.96,0.979,0.92,0.03603696823120117,252.7634005787948,500.0,True,0.495
AOM_LS,rev2_minus,0.9,0.9299999999999999,0.96,0.979,0.92,0.9831932773109244,-0.001657743898393316,0.008135182686085084,0.9545598360913109,2.2290502420201492,0.9,0.96,0.96,0.979,0.92,0.03603696823120117,252.7634005787948,500.0,True,0.495
AOM_LS,rev2_minus,0.9,0.9299999999999999,0.96,0.979,0.92,0.9873949579831933,-0.001327115143893751,0.006637249177507908,0.6958198408226676,1.742969089166161,0.9,0.96,0.96,0.979,0.92,0.03603696823120117,252.7634005787948,500.0,True,0.495
AOM_LS,rev2_minus,0.9,0.9299999999999999,0.96,0.979,0.92,0.9915966386554622,-0.0009322274768024818,0.005116209179974335,0.42738846380483797,1.2565282441926093,0.9,0.96,0.96,0.979,0.92,0.03603696823120117,252.7634005787948,500.0,True,0.495
AOM_LS,rev2_minus,0.9,0.9299999999999999,0.96,0.979,0.92,0.9957983193277311,-0.000438367989325519,0.003514109218682469,0.1423634243899624,0.7492509708959492,0.9,0.96,0.96,0.979,0.92,0.03603696823120117,252.7634005787948,500.0,True,0.495
AOM_LS,rev2_minus,0.9,0.9299999999999999,0.96,0.979,0.92,1.0,0.0,0.0,0.0,0.0,0.9,0.96,0.96,0.979,0.92,0.03603696823120117,252.7634005787948,500.0,True,0.495
AOM_LS,rev3_plus,0.9,0.96,0.99,0.979,0.92,0.5,-0.027402847360621936,0.08069481761485604,18.60021464184575,57.06463695529898,0.9,0.96,0.96,0.979,0.92,0.03511214256286621,252.76374673375096,500.0,True,0.495
AOM_LS,rev3_plus,0.9,0.96,0.99,0.979,0.92,0.5042016806722689,-0.027168916796243125,0.08057045136217474,18.554207794544386,56.77231927202569,0.9,0.96,0.96,0.979,0.92,0.03511214256286621,252.76374673375096,500.0,True,0.495
AOM_LS,rev3_plus,0.9,0.96,0.99,0.979,0.92,0.5084033613445378,-0.026935279674402558,0.08044226358635245,18.506875809798874,56.47549325516254,0.9,0.96,0.96,0.979,0.92,0.03511214256286621,252.76374673375096,500.0,True,0.495
AOM_LS,rev3_plus,0.9,0.96,0.99,0.979,0.92,0.5126050420168067,-0.026701934733970718,0.08031016376970211,18.45820367527055,56.17416458834155,0.9,0.96,0.96,0.979,0.92,0.03511214256286621,252.76374673375096,500.0,True,0.495
AOM_LS,rev3_plus,0.9,0.96,0.99,0.979,0.92,0.5168067226890757,-0.02646888060065027,0.0801740443366161,18.40817650367155,55.86836254159404,0.9,0.96,0.96,0.979,0.92,0.03511214256286621,252.76374673375096,500.0,True,0.495
AOM_LS,rev3_plus,0.9,0.96,0.99,0.979,0.92,0.5210084033613446,-0.026236116063933935,0.0800338102460799,18.356779293280624,55.55809775662997,0.9,0.96,0.96,0.979,0.92,0.03511214256286621,252.76374673375096,500.0,True,0.495
AOM_LS,rev3_plus,0.9,0.96,0.99,0.979,0.92,0.5252100840336135,-0.026003640002756533,0.07988936952546123,18.30399692232884,55.24337542476772,0.9,0.96,0.96,0.979,0.92,0.03511214256286621,252.76374673375096,500.0,True,0.495
AOM_LS,rev3_plus,0.9,0.96,0.99,0.979,0.92,0.5294117647058824,-0.025771451491892288,0.07974063613463547,18.249813746111133,54.924189668799684,0.9,0.96,0.96,0.979,0.92,0.03511214256286621,252.76374673375096,500.0,True,0.495
AOM_LS,rev3_plus,0.9,0.96,0.99,0.979,0.92,0.5336134453781513,-0.025539549311438405,0.07958750934965685,18.194215140958438,54.60055841050851,0.9,0.96,0.96,0.979,0.92,0.03511214256286621,252.76374673375096,500.0,True,0.495
AOM_LS,rev3_plus,0.9,0.96,0.99,0.979,0.92,0.5378151260504201,-0.025307931957548418,0.0794298742696507,18.137187478633923,54.27252244854125,0.9,0.96,0.96,0.979,0.92,0.03511214256286621,252.76374673375096,500.0,True,0.495
AOM_LS,rev3_plus,0.9,0.96,0.99,0.979,0.92,0.542016806722689,-0.02507659858906836,0.07926764186778947,18.07871511953274,53.94007771976551,0.9,0.96,0.96,0.979,0.92,0.03511214256286621,252.76374673375096,500.0,True,0.495
AOM_LS,rev3_plus,0.9,0.96,0.99,0.979,0.92,0.5462184873949579,-0.024845548352855847,0.07910072059182095,18.01878253786687,53.60322333590601,0.9,0.96,0.96,0.979,0.92,0.03511214256286621,252.76374673375096,500.0,True,0.495
AOM_LS,rev3_plus,0.9,0.96,0.99,0.979,0.92,0.5504201680672269,-0.024614780355679912,0.07892901672238482,17.95737425123452,53.26196064766147,0.9,0.96,0.96,0.979,0.92,0.03511214256286621,252.76374673375096,500.0,True,0.495
AOM_LS,rev3_plus,0.9,0.96,0.99,0.979,0.92,0.5546218487394958,-0.024384293317594476,0.07875243776358141,17.894474009731912,52.91628380950683,0.9,0.96,0.96,0.979,0.92,0.03511214256286621,252.76374673375096,500.0,True,0.495
AOM_LS,rev3_plus,0.9,0.96,0.99,0.979,0.92,0.5588235294117647,-0.024154087067209267,0.07857087827142503,17.830068265872008,52.566219536977336,0.9,0.96,0.96,0.979,0.92,0.03511214256286621,252.76374673375096,500.0,True,0.495
AOM_LS,rev3_plus,0.9,0.96,0.99,0.979,0.92,0.5630252100840336,-0.023924160673001717,0.0783842377389038,17.76414182911578,52.21177704841821,0.9,0.96,0.96,0.979,0.92,0.03511214256286621,252.76374673375096,500.0,True,0.495
AOM_LS,rev3_plus,0.9,0.96,0.99,0.979,0.92,0.5672268907563025,-0.023694513121149705,0.07819241421398122,17.69667943353367,51.852965998635774,0.9,0.96,0.96,0.979,0.92,0.03511214256286621,252.76374673375096,500.0,True,0.495
AOM_LS,rev3_plus,0.9,0.96,0.99,0.979,0.92,0.5714285714285714,-0.023465143409261216,0.07799530347577667,17.627665950804623,51.48979882899783,0.9,0.96,0.96,0.979,0.92,0.03511214256286621,252.76374673375096,500.0,True,0.495
AOM_LS,rev3_plus,0.9,0.96,0.99,0.979,0.92,0.5756302521008403,-0.023236050545985088,0.07779279910412858,17.557086384611768,51.12229061000469,0.9,0.96,0.96,0.979,0.92,0.03511214256286621,252.76374673375096,500.0,True,0.495
AOM_LS,rev3_plus,0.9,0.96,0.99,0.979,0.92,0.5798319327731092,-0.02300723627587211,0.07758473687582935,17.48491004185893,50.750416226429714,0.9,0.96,0.96,0.979,0.92,0.03511214256286621,252.76374673375096,500.0,True,0.495
AOM_LS,rev3_plus,0.9,0.96,0.99,0.979,0.92,0.5840336134453782,-0.02277869724489647,0.07737108070893145,17.41113487328178,50.37419613742606,0.9,0.96,0.96,0.979,0.92,0.03511214256286621,252.76374673375096,500.0,True,0.495
AOM_LS,rev3_plus,0.9,0.96,0.99,0.979,0.92,0.5882352941176471,-0.022550432307438084,0.07715170920893222,17.33574763248762,49.99367152715839,0.9,0.96,0.96,0.979,0.92,0.03511214256286621,252.76374673375096,500.0,True,0.495
AOM_LS,rev3_plus,0.9,0.96,0.99,0.979,0.92,0.592436974789916,-0.02232244005519887,0.07692647527446034,17.25873753546227,49.60892777864191,0.9,0.96,0.96,0.979,0.92,0.03511214256286621,252.76374673375096,500.0,True,0.495
AOM_LS,rev3_plus,0.9,0.96,0.99,0.979,0.92,0.5966386554621849,-0.02209471961409232,0.07669526708806088,17.180089628409334,49.219982025453035,0.9,0.96,0.96,0.979,0.92,0.03511214256286621,252.76374673375096,500.0,True,0.495
AOM_LS,rev3_plus,0.9,0.96,0.99,0.979,0.92,0.6008403361344538,-0.021867270120306922,0.07645797108015406,17.09978904291259,48.82685302067753,0.9,0.96,0.96,0.979,0.92,0.03511214256286621,252.76374673375096,500.0,True,0.495
AOM_LS,rev3_plus,0.9,0.96,0.99,0.979,0.92,0.6050420168067226,-0.021640090709269883,0.07621447121406907,17.017821078729288,48.429562450648895,0.9,0.96,0.96,0.979,0.92,0.03511214256286621,252.76374673375096,500.0,True,0.495
AOM_LS,rev3_plus,0.9,0.96,0.99,0.979,0.92,0.6092436974789917,-0.021413180515707175,0.07596464905375533,16.93417119637118,48.028134770446776,0.9,0.96,0.96,0.979,0.92,0.03511214256286621,252.76374673375096,500.0,True,0.495
AOM_LS,rev3_plus,0.9,0.96,0.99,0.979,0.92,0.6134453781512605,-0.02118653867370407,0.07570838382806408,16.848825009779826,47.62259704485576,0.9,0.96,0.96,0.979,0.92,0.03511214256286621,252.76374673375096,500.0,True,0.495
AOM_LS,rev3_plus,0.9,0.96,0.99,0.979,0.92,0.6176470588235294,-0.02096016384917095,0.07544556185331903,16.761764837130507,47.212949335574685,0.9,0.96,0.96,0.979,0.92,0.03511214256286621,252.76374673375096,500.0,True,0.495
AOM_LS,rev3_plus,0.9,0.96,0.99,0.979,0.92,0.6218487394957983,-0.020734055822147015,0.07517604491997498,16.672981337665576,46.79926422265207,0.9,0.96,0.96,0.979,0.92,0.03511214256286621,252.76374673375096,500.0,True,0.495
AOM_LS,rev3_plus,0.9,0.96,0.99,0.979,0.92,0.6260504201680672,-0.020508213753079117,0.0748997050403445,16.5824607506229,46.38157746800332,0.9,0.96,0.96,0.979,0.92,0.03511214256286621,252.76374673375096,500.0,True,0.495
AOM_LS,rev3_plus,0.9,0.96,0.99,0.979,0.92,0.6302521008403361,-0.020282636716197226,0.07461641383536058,16.490188808413134,45.95992145069313,0.9,0.96,0.96,0.979,0.92,0.03511214256286621,252.76374673375096,500.0,True,0.495
AOM_LS,rev3_plus,0.9,0.96,0.99,0.979,0.92,0.634453781512605,-0.020057323790892766,0.07432604075653568,16.39615140139829,45.53433078263691,0.9,0.96,0.96,0.979,0.92,0.03511214256286621,252.76374673375096,500.0,True,0.495
AOM_LS,rev3_plus,0.9,0.96,0.99,0.979,0.92,0.6386554621848739,-0.01983227406382046,0.0740284530910233,16.300334586282982,45.10484230700082,0.9,0.96,0.96,0.979,0.92,0.03511214256286621,252.76374673375096,500.0,True,0.495
AOM_LS,rev3_plus,0.9,0.96,0.99,0.979,0.92,0.6428571428571428,-0.019607486628684268,0.07372351601031772,16.20272457757798,44.67149495498419,0.9,0.96,0.96,0.979,0.92,0.03511214256286621,252.76374673375096,500.0,True,0.495
AOM_LS,rev3_plus,0.9,0.96,0.99,0.979,0.92,0.6470588235294118,-0.019382960379563625,0.07341109808917548,16.103305995422925,44.23431434908873,0.9,0.96,0.96,0.979,0.92,0.03511214256286621,252.76374673375096,500.0,True,0.495
AOM_LS,rev3_plus,0.9,0.96,0.99,0.979,0.92,0.6512605042016807,-0.01915869454463437,0.07309105720325267,16.002066363884275,43.79335211290072,0.9,0.96,0.96,0.979,0.92,0.03511214256286621,252.76374673375096,500.0,True,0.495
AOM_LS,rev3_plus,0.9,0.96,0.99,0.979,0.92,0.6554621848739496,-0.01893468846715849,0.07276324635487268,15.898994260737165,43.3486695937847,0.9,0.96,0.96,0.979,0.92,0.03511214256286621,252.76374673375096,500.0,True,0.495
AOM_LS,rev3_plus,0.9,0.96,0.99,0.979,0.92,0.6596638655462185,-0.018710941266921178,0.0724275226868045,15.794076449238215,42.90031272092187,0.9,0.96,0.96,0.979,0.92,0.03511214256286621,252.76374673375096,500.0,True,0.495
AOM_LS,rev3_plus,0.9,0.96,0.99,0.979,0.92,0.6638655462184874,-0.018487452025126135,0.0720837426178149,15.687299431192777,42.44832554983294,0.9,0.96,0.96,0.979,0.92,0.03511214256286621,252.76374673375096,500.0,True,0.495
AOM_LS,rev3_plus,0.9,0.96,0.99,0.979,0.92,0.6680672268907563,-0.018264219835030335,0.07173176053052291,15.578649867926353,41.992753895051045,0.9,0.96,0.96,0.979,0.92,0.03511214256286621,252.76374673375096,500.0,True,0.495
AOM_LS,rev3_plus,0.9,0.96,0.99,0.979,0.92,0.6722689075630253,-0.018041243792904685,0.07137143208613077,15.468114249179918,41.53363958731649,0.9,0.96,0.96,0.979,0.92,0.03511214256286621,252.76374673375096,500.0,True,0.495
AOM_LS,rev3_plus,0.9,0.96,0.99,0.979,0.92,0.6764705882352942,-0.017818522977138845,0.07100262203124619,15.355678118950108,41.07100706591816,0.9,0.96,0.96,0.979,0.92,0.03511214256286621,252.76374673375096,500.0,True,0.495
AOM_LS,rev3_plus,0.9,0.96,0.99,0.979,0.92,0.680672268907563,-0.017596056581112764,0.07062515390791654,15.241331009713175,40.60494934245154,0.9,0.96,0.96,0.979,0.92,0.03511214256286621,252.76374673375096,500.0,True,0.495
AOM_LS,rev3_plus,0.9,0.96,0.99,0.979,0.92,0.6848739495798319,-0.01737384375616195,0.07023886925774621,15.125060625646809,40.13552658468036,0.9,0.96,0.96,0.979,0.92,0.03511214256286621,252.76374673375096,500.0,True,0.495
AOM_LS,rev3_plus,0.9,0.96,0.99,0.979,0.92,0.6890756302521008,-0.017151883639395443,0.06984361704718091,15.006853871311064,39.66278418317162,0.9,0.96,0.96,0.979,0.92,0.03511214256286621,252.76374673375096,500.0,True,0.495
AOM_LS,rev3_plus,0.9,0.96,0.99,0.979,0.92,0.6932773109243697,-0.016930175379750608,0.06943924374678001,14.886697818520926,39.186769669540425,0.9,0.96,0.96,0.979,0.92,0.03511214256286621,252.76374673375096,500.0,True,0.495
AOM_LS,rev3_plus,0.9,0.96,0.99,0.979,0.92,0.6974789915966386,-0.016708718137653993,0.06902559337415783,14.76457969609689,38.707532567945236,0.9,0.96,0.96,0.979,0.92,0.03511214256286621,252.76374673375096,500.0,True,0.495
AOM_LS,rev3_plus,0.9,0.96,0.99,0.979,0.92,0.7016806722689075,-0.016487511812354822,0.06860255685361515,14.640484277210867,38.22505086560239,0.9,0.96,0.96,0.979,0.92,0.03511214256286621,252.76374673375096,500.0,True,0.495
AOM_LS,rev3_plus,0.9,0.96,0.99,0.979,0.92,0.7058823529411764,-0.01626655494382527,0.06816992992647905,14.51440136150001,37.73944245397931,0.9,0.96,0.96,0.979,0.92,0.03511214256286621,252.76374673375096,500.0,True,0.495
AOM_LS,rev3_plus,0.9,0.96,0.99,0.979,0.92,0.7100840336134454,-0.01604584612491884,0.06772750878420407,14.386320739804916,37.25082249380251,0.9,0.96,0.96,0.979,0.92,0.03511214256286621,252.76374673375096,500.0,True,0.495
AOM_LS,rev3_plus,0.9,0.96,0.99,0.979,0.92,0.7142857142857143,-0.015825384606475708,0.06727513117947669,14.256230009762051,36.75924224347361,0.9,0.96,0.96,0.979,0.92,0.03511214256286621,252.76374673375096,500.0,True,0.495
AOM_LS,rev3_plus,0.9,0.96,0.99,0.979,0.92,0.7184873949579832,-0.015605169784199839,0.06681264175698402,14.124116388813372,36.264740669262004,0.9,0.96,0.96,0.979,0.92,0.03511214256286621,252.76374673375096,500.0,True,0.495
AOM_LS,rev3_plus,0.9,0.96,0.99,0.979,0.92,0.7226890756302521,-0.015385201033540267,0.0663398809106548,13.989967294136619,35.767360941660606,0.9,0.96,0.96,0.979,0.92,0.03511214256286621,252.76374673375096,500.0,True,0.495
AOM_LS,rev3_plus,0.9,0.96,0.99,0.979,0.92,0.726890756302521,-0.015165478491285266,0.06585671254340059,13.853769149931612,35.26711035059471,0.9,0.96,0.96,0.979,0.92,0.03511214256286621,252.76374673375096,500.0,True,0.495
AOM_LS,rev3_plus,0.9,0.96,0.99,0.979,0.92,0.7310924369747899,-0.014946001918275893,0.06536298387504343,13.7155090872341,34.76401820353055,0.9,0.96,0.96,0.979,0.92,0.03511214256286621,252.76374673375096,500.0,True,0.495
AOM_LS,rev3_plus,0.9,0.96,0.99,0.979,0.92,0.7352941176470589,-0.014726768822552595,0.06485845885529054,13.575177793201785,34.25823140785572,0.9,0.96,0.96,0.979,0.92,0.03511214256286621,252.76374673375096,500.0,True,0.495
AOM_LS,rev3_plus,0.9,0.96,0.99,0.979,0.92,0.7394957983193278,-0.014507777788324334,0.06434293618300273,13.432764467026653,33.749844357834185,0.9,0.96,0.96,0.979,0.92,0.03511214256286621,252.76374673375096,500.0,True,0.495
AOM_LS,rev3_plus,0.9,0.96,0.99,0.979,0.92,0.7436974789915967,-0.014289028560253528,0.06381625242614335,13.288256667142875,33.23889449892791,0.9,0.96,0.96,0.979,0.92,0.03511214256286621,252.76374673375096,500.0,True,0.495
AOM_LS,rev3_plus,0.9,0.96,0.99,0.979,0.92,0.7478991596638656,-0.014070520795261571,0.06327823785022924,13.141642185328326,32.725425889068426,0.9,0.96,0.96,0.979,0.92,0.03511214256286621,252.76374673375096,500.0,True,0.495
AOM_LS,rev3_plus,0.9,0.96,0.99,0.979,0.92,0.7521008403361344,-0.013852254065088656,0.06272871654070329,12.992909034296746,32.209488902697935,0.9,0.96,0.96,0.979,0.92,0.03511214256286621,252.76374673375096,500.0,True,0.495
AOM_LS,rev3_plus,0.9,0.96,0.99,0.979,0.92,0.7563025210084033,-0.013634229169061932,0.06216751170468411,12.84204422027295,31.691126913675078,0.9,0.96,0.96,0.979,0.92,0.03511214256286621,252.76374673375096,500.0,True,0.495
AOM_LS,rev3_plus,0.9,0.96,0.99,0.979,0.92,0.7605042016806722,-0.0134164444729605,0.06159443128913385,12.68903712503634,31.170412434453223,0.9,0.96,0.96,0.979,0.92,0.03511214256286621,252.76374673375096,500.0,True,0.495
AOM_LS,rev3_plus,0.9,0.96,0.99,0.979,0.92,0.7647058823529411,-0.013198897942159019,0.061009276109105365,12.533877616931916,30.647426669361955,0.9,0.96,0.96,0.979,0.92,0.03511214256286621,252.76374673375096,500.0,True,0.495
AOM_LS,rev3_plus,0.9,0.96,0.99,0.979,0.92,0.76890756302521,-0.01298158909645268,0.06041184767481785,12.376554227610077,30.122239831758538,0.9,0.96,0.96,0.979,0.92,0.03511214256286621,252.76374673375096,500.0,True,0.495
AOM_LS,rev3_plus,0.9,0.96,0.99,0.979,0.92,0.7731092436974789,-0.012764517447613881,0.05980194210386013,12.21705558567211,29.594926426654705,0.9,0.96,0.96,0.979,0.92,0.03511214256286621,252.76374673375096,500.0,True,0.495
AOM_LS,rev3_plus,0.9,0.96,0.99,0.979,0.92,0.7773109243697479,-0.012547682381557427,0.05917934973466034,12.055370515888022,29.065566190391735,0.9,0.96,0.96,0.979,0.92,0.03511214256286621,252.76374673375096,500.0,True,0.495
AOM_LS,rev3_plus,0.9,0.96,0.99,0.979,0.92,0.7815126050420168,-0.012331082978991216,0.058543817735525035,11.89148837748547,28.53429039601986,0.9,0.96,0.96,0.979,0.92,0.03511214256286621,252.76374673375096,500.0,True,0.495
AOM_LS,rev3_plus,0.9,0.96,0.99,0.979,0.92,0.7857142857142857,-0.012114718379793594,0.05789512408957291,11.725398362062547,28.00118965275821,0.9,0.96,0.96,0.979,0.92,0.03511214256286621,252.76374673375096,500.0,True,0.495
AOM_LS,rev3_plus,0.9,0.96,0.99,0.979,0.92,0.7899159663865546,-0.011898587929497276,0.05723310713924706,11.557089196583894,27.46627727058782,0.9,0.96,0.96,0.979,0.92,0.03511214256286621,252.76374673375096,500.0,True,0.495
AOM_LS,rev3_plus,0.9,0.96,0.99,0.979,0.92,0.7941176470588236,-0.011682690660547652,0.056557558760341936,11.38655012939754,26.929621951205622,0.9,0.96,0.96,0.979,0.92,0.03511214256286621,252.76374673375096,500.0,True,0.495
AOM_LS,rev3_plus,0.9,0.96,0.99,0.979,0.92,0.7983193277310925,-0.011467025820813484,0.05586825151973863,11.213770480793368,26.391312600662403,0.9,0.96,0.96,0.979,0.92,0.03511214256286621,252.76374673375096,500.0,True,0.495
AOM_LS,rev3_plus,0.9,0.96,0.99,0.979,0.92,0.8025210084033614,-0.011251592264513409,0.05516493968054433,11.038739918931375,25.851458605959195,0.9,0.96,0.96,0.979,0.92,0.03511214256286621,252.76374673375096,500.0,True,0.495
AOM_LS,rev3_plus,0.9,0.96,0.99,0.979,0.92,0.8067226890756303,-0.011036389426877059,0.054447410118264414,10.8614476103357,25.310124697525783,0.9,0.96,0.96,0.979,0.92,0.03511214256286621,252.76374673375096,500.0,True,0.495
AOM_LS,rev3_plus,0.9,0.96,0.99,0.979,0.92,0.8109243697478992,-0.010821417293090309,0.05371548058734872,10.681882234557133,24.767333074265917,0.9,0.96,0.96,0.979,0.92,0.03511214256286621,252.76374673375096,500.0,True,0.495
AOM_LS,rev3_plus,0.9,0.96,0.99,0.979,0.92,0.8151260504201681,-0.010606673736642536,0.05296887832905488,10.500034004250091,24.223218946492477,0.9,0.96,0.96,0.979,0.92,0.03511214256286621,252.76374673375096,500.0,True,0.495
AOM_LS,rev3_plus,0.9,0.96,0.99,0.979,0.92,0.819327731092437,-0.010392156906771723,0.05220734053073656,10.315892954205417,23.67790111750471,0.9,0.96,0.96,0.979,0.92,0.03511214256286621,252.76374673375096,500.0,True,0.495
AOM_LS,rev3_plus,0.9,0.96,0.99,0.979,0.92,0.8235294117647058,-0.010177867348896684,0.05143067227567868,10.129447834954865,23.131406680142362,0.9,0.96,0.96,0.979,0.92,0.03511214256286621,252.76374673375096,500.0,True,0.495
AOM_LS,rev3_plus,0.9,0.96,0.99,0.979,0.92,0.8277310924369747,-0.009963805160587404,0.05063866874991296,9.940687551608224,22.583772237274903,0.9,0.96,0.96,0.979,0.92,0.03511214256286621,252.76374673375096,500.0,True,0.495
AOM_LS,rev3_plus,0.9,0.96,0.99,0.979,0.92,0.8319327731092436,-0.009749967334063546,0.04983105090294152,9.749602361489153,22.035127354933245,0.9,0.96,0.96,0.979,0.92,0.03511214256286621,252.76374673375096,500.0,True,0.495
AOM_LS,rev3_plus,0.9,0.96,0.99,0.979,0.92,0.8361344537815125,-0.009536350611361457,0.04900753799800682,9.556182509686698,21.485599851783565,0.9,0.96,0.96,0.979,0.92,0.03511214256286621,252.76374673375096,500.0,True,0.495
AOM_LS,rev3_plus,0.9,0.96,0.99,0.979,0.92,0.8403361344537815,-0.009322955067904924,0.04816790545723758,9.360417151495248,20.93523977310289,0.9,0.96,0.96,0.979,0.92,0.03511214256286621,252.76374673375096,500.0,True,0.495
AOM_LS,rev3_plus,0.9,0.96,0.99,0.979,0.92,0.8445378151260504,-0.009109781470820831,0.04731194216003429,9.162295112341786,20.384075580694,0.9,0.96,0.96,0.979,0.92,0.03511214256286621,252.76374673375096,500.0,True,0.495
AOM_LS,rev3_plus,0.9,0.96,0.99,0.979,0.92,0.8487394957983193,-0.008896825886902588,0.04643936626495682,8.961806405663111,19.83222447656567,0.9,0.96,0.96,0.979,0.92,0.03511214256286621,252.76374673375096,500.0,True,0.495
AOM_LS,rev3_plus,0.9,0.96,0.99,0.979,0.92,0.8529411764705882,-0.008684083685447756,0.0455498914156457,8.758941003078181,19.279805166889805,0.9,0.96,0.96,0.979,0.92,0.03511214256286621,252.76374673375096,500.0,True,0.495
AOM_LS,rev3_plus,0.9,0.96,0.99,0.979,0.92,0.8571428571428572,-0.008471552996145614,0.044643260182249275,8.553688352799929,18.726893513839403,0.9,0.96,0.96,0.979,0.92,0.03511214256286621,252.76374673375096,500.0,True,0.495
AOM_LS,rev3_plus,0.9,0.96,0.99,0.979,0.92,0.8613445378151261,-0.00825923353388944,0.04371923542994774,8.346037438308656,18.173534028488497,0.9,0.96,0.96,0.979,0.92,0.03511214256286621,252.76374673375096,500.0,True,0.495
AOM_LS,rev3_plus,0.9,0.96,0.99,0.979,0.92,0.865546218487395,-0.008047121122322549,0.0427775400783983,8.135977713343635,17.619819230972826,0.9,0.96,0.96,0.979,0.92,0.03511214256286621,252.76374673375096,500.0,True,0.495
AOM_LS,rev3_plus,0.9,0.96,0.99,0.979,0.92,0.8697478991596639,-0.007835213680220453,0.041817911696527356,7.923498379215934,17.06581711119861,0.9,0.96,0.96,0.979,0.92,0.03511214256286621,252.76374673375096,500.0,True,0.495
AOM_LS,rev3_plus,0.9,0.96,0.99,0.979,0.92,0.8739495798319328,-0.007623504584075003,0.040840063496434674,7.7085885522729525,16.51162316681602,0.9,0.96,0.96,0.979,0.92,0.03511214256286621,252.76374673375096,500.0,True,0.495
AOM_LS,rev3_plus,0.9,0.96,0.99,0.979,0.92,0.8781512605042017,-0.007411989693157164,0.03984372122125555,7.491237197144124,15.957310757059574,0.9,0.96,0.96,0.979,0.92,0.03511214256286621,252.76374673375096,500.0,True,0.495
AOM_LS,rev3_plus,0.9,0.96,0.99,0.979,0.92,0.8823529411764706,-0.007200661343462102,0.038828596339633495,7.271433027798732,15.402967007657411,0.9,0.96,0.96,0.979,0.92,0.03511214256286621,252.76374673375096,500.0,True,0.495
AOM_LS,rev3_plus,0.9,0.96,0.99,0.979,0.92,0.8865546218487395,-0.006989510913099105,0.03779439897591789,7.049164478115982,14.848675221022829,0.9,0.96,0.96,0.979,0.92,0.03511214256286621,252.76374673375096,500.0,True,0.495
AOM_LS,rev3_plus,0.9,0.96,0.99,0.979,0.92,0.8907563025210083,-0.006778530172184759,0.03674084103692284,6.824419821346443,14.294510507670338,0.9,0.96,0.96,0.979,0.92,0.03511214256286621,252.76374673375096,500.0,True,0.495
AOM_LS,rev3_plus,0.9,0.96,0.99,0.979,0.92,0.8949579831932772,-0.006567708312988357,0.03566762434199117,6.597187082514558,13.740555556400498,0.9,0.96,0.96,0.979,0.92,0.03511214256286621,252.76374673375096,500.0,True,0.495
AOM_LS,rev3_plus,0.9,0.96,0.99,0.979,0.92,0.8991596638655461,-0.006357029195940272,0.03457445056715062,6.367453157698117,13.186887314438575,0.9,0.96,0.96,0.979,0.92,0.03511214256286621,252.76374673375096,500.0,True,0.495
AOM_LS,rev3_plus,0.9,0.96,0.99,0.979,0.92,0.9033613445378151,-0.006146473660922553,0.03346101519606431,6.135204471958857,12.633584726908898,0.9,0.96,0.96,0.979,0.92,0.03511214256286621,252.76374673375096,500.0,True,0.495
AOM_LS,rev3_plus,0.9,0.96,0.99,0.979,0.92,0.907563025210084,-0.005936019522619086,0.03232700863355412,5.900426955371246,12.080727122652265,0.9,0.96,0.96,0.979,0.92,0.03511214256286621,252.76374673375096,500.0,True,0.495
AOM_LS,rev3_plus,0.9,0.96,0.99,0.979,0.92,0.9117647058823529,-0.005725635992309817,0.031172116936498746,5.663105013549165,11.528393110563306,0.9,0.96,0.96,0.979,0.92,0.03511214256286621,252.76374673375096,500.0,True,0.495
AOM_LS,rev3_plus,0.9,0.96,0.99,0.979,0.92,0.9159663865546218,-0.005515285393139673,0.02999602162751366,5.423221889272198,10.97666058389474,0.9,0.96,0.96,0.979,0.92,0.03511214256286621,252.76374673375096,500.0,True,0.495
AOM_LS,rev3_plus,0.9,0.96,0.99,0.979,0.92,0.9201680672268908,-0.0053049233513596614,0.02879839960675141,5.1807597265849035,10.425606637512992,0.9,0.96,0.96,0.979,0.92,0.03511214256286621,252.76374673375096,500.0,True,0.495
AOM_LS,rev3_plus,0.9,0.96,0.99,0.979,0.92,0.9243697478991597,-0.0050944830305902555,0.027578923024374497,4.935696822159606,9.875307674619927,0.9,0.96,0.96,0.979,0.92,0.03511214256286621,252.76374673375096,500.0,True,0.495
AOM_LS,rev3_plus,0.9,0.96,0.99,0.979,0.92,0.9285714285714286,-0.004883878509909348,0.026337259240673608,4.688008345123546,9.325839177582578,0.9,0.96,0.96,0.979,0.92,0.03511214256286621,252.76374673375096,500.0,True,0.495
AOM_LS,rev3_plus,0.9,0.96,0.99,0.979,0.92,0.9327731092436975,-0.004672992789101429,0.02507307072185299,4.437664383228464,8.777275714357378,0.9,0.96,0.96,0.979,0.92,0.03511214256286621,252.76374673375096,500.0,True,0.495
AOM_LS,rev3_plus,0.9,0.96,0.99,0.979,0.92,0.9369747899159664,-0.004461672645948753,0.023786014967895692,4.184629275729987,8.22969081500737,0.9,0.96,0.96,0.979,0.92,0.03511214256286621,252.76374673375096,500.0,True,0.495
AOM_LS,rev3_plus,0.9,0.96,0.99,0.979,0.92,0.9411764705882353,-0.004249712701393883,0.022475744428179643,3.928859164565357,7.683156936444169,0.9,0.96,0.96,0.979,0.92,0.03511214256286621,252.76374673375096,500.0,True,0.495
AOM_LS,rev3_plus,0.9,0.96,0.99,0.979,0.92,0.9453781512605042,-0.0040368302601320495,0.02114190643670706,3.6702981251779434,7.137745432565176,0.9,0.96,0.96,0.979,0.92,0.03511214256286621,252.76374673375096,500.0,True,0.495
AOM_LS,rev3_plus,0.9,0.96,0.99,0.979,0.92,0.9495798319327731,-0.003822624735524656,0.019784143167862662,3.4088719872110738,6.5935265631125315,0.9,0.96,0.96,0.979,0.92,0.03511214256286621,252.76374673375096,500.0,True,0.495
AOM_LS,rev3_plus,0.9,0.96,0.99,0.979,0.92,0.953781512605042,-0.003606528493978305,0.01840209160340579,3.144481177356023,6.050569505403465,0.9,0.96,0.96,0.979,0.92,0.03511214256286621,252.76374673375096,500.0,True,0.495
AOM_LS,rev3_plus,0.9,0.96,0.99,0.979,0.92,0.9579831932773109,-0.003387736157444531,0.01699538353014657,2.876990618119129,5.508942406875291,0.9,0.96,0.96,0.979,0.92,0.03511214256286621,252.76374673375096,500.0,True,0.495
AOM_LS,rev3_plus,0.9,0.96,0.99,0.979,0.92,0.9621848739495797,-0.003165079710386166,0.015563645613288206,2.6062116523154013,4.968712585313367,0.9,0.96,0.96,0.979,0.92,0.03511214256286621,252.76374673375096,500.0,True,0.495
AOM_LS,rev3_plus,0.9,0.96,0.99,0.979,0.92,0.9663865546218486,-0.0029368162704351618,0.014106499600447143,2.3318714644009906,4.429946940352882,0.9,0.96,0.96,0.979,0.92,0.03511214256286621,252.76374673375096,500.0,True,0.495
AOM_LS,rev3_plus,0.9,0.96,0.99,0.979,0.92,0.9705882352941176,-0.002700333597452852,0.012623562630632234,2.053572563182634,3.8927125212549334,0.9,0.96,0.96,0.979,0.92,0.03511214256286621,252.76374673375096,500.0,True,0.495
AOM_LS,rev3_plus,0.9,0.96,0.99,0.979,0.92,0.9747899159663865,-0.0024515997263819364,0.011114447931636505,1.7707155998698378,3.3570777312073226,0.9,0.96,0.96,0.979,0.92,0.03511214256286621,252.76374673375096,500.0,True,0.495
AOM_LS,rev3_plus,0.9,0.96,0.99,0.979,0.92,0.9789915966386554,-0.0021842795835331314,0.009578765960338007,1.4823795847985133,2.8231142978934174,0.9,0.96,0.96,0.979,0.92,0.03511214256286621,252.76374673375096,500.0,True,0.495
AOM_LS,rev3_plus,0.9,0.96,0.99,0.979,0.92,0.9831932773109244,-0.0018881327450037694,0.008016126550367193,1.1871060744875652,2.2909006716672287,0.9,0.96,0.96,0.979,0.92,0.03511214256286621,252.76374673375096,500.0,True,0.495
AOM_LS,rev3_plus,0.9,0.96,0.99,0.979,0.92,0.9873949579831933,-0.00154635905557062,0.0064261420983491285,0.8825496219376849,1.7605274494878147,0.9,0.96,0.96,0.979,0.92,0.03511214256286621,252.76374673375096,500.0,True,0.495
AOM_LS,rev3_plus,0.9,0.96,0.99,0.979,0.92,0.9915966386554622,-0.0011299078560961086,0.00480837193818248,0.5647152989163653,1.2320452390579657,0.9,0.96,0.96,0.979,0.92,0.03511214256286621,252.76374673375096,500.0,True,0.495
AOM_LS,rev3_plus,0.9,0.96,0.99,0.979,0.92,0.9957983193277311,-0.0005892079267727584,0.0031452863146719163,0.22761851241606698,0.7014732486414703,0.9,0.96,0.96,0.979,0.92,0.03511214256286621,252.76374673375096,500.0,True,0.495
AOM_LS,rev3_plus,0.9,0.96,0.99,0.979,0.92,1.0,0.0,0.0,0.0,0.0,0.9,0.96,0.96,0.979,0.92,0.03511214256286621,252.76374673375096,500.0,True,0.495
AOM_LS,rev3_minus,0.9,0.96,0.9299999999999999,0.979,0.92,0.5,-0.027089501478847054,0.09910247640227535,18.409789331838564,55.89461372879637,0.9,0.96,0.96,0.979,0.92,0.0379948616027832,252.7638316023425,500.0,True,0.495
AOM_LS,rev3_minus,0.9,0.96,0.9299999999999999,0.979,0.92,0.5042016806722689,-0.026852483250075568,0.09893511587148256,18.35540851080368,55.57622335517882,0.9,0.96,0.96,0.979,0.92,0.0379948616027832,252.7638316023425,500.0,True,0.495
AOM_LS,rev3_minus,0.9,0.96,0.9299999999999999,0.979,0.92,0.5084033613445378,-0.026615880585700163,0.09876284608222281,18.299654382137174,55.253408852946755,0.9,0.96,0.96,0.979,0.92,0.0379948616027832,252.7638316023425,500.0,True,0.495
AOM_LS,rev3_minus,0.9,0.96,0.9299999999999999,0.979,0.92,0.5126050420168067,-0.02637969140078872,0.09858556823897717,18.24251424456409,54.9261727685018,0.9,0.96,0.96,0.979,0.92,0.0379948616027832,252.7638316023425,500.0,True,0.495
AOM_LS,rev3_minus,0.9,0.96,0.9299999999999999,0.979,0.92,0.5168067226890757,-0.026143913635758263,0.09840318118109438,18.18397562709684,54.59452097889821,0.9,0.96,0.96,0.979,0.92,0.0379948616027832,252.7638316023425,500.0,True,0.495
AOM_LS,rev3_minus,0.9,0.96,0.9299999999999999,0.979,0.92,0.5210084033613446,-0.02590854525541185,0.09821558146524732,18.12402628002718,54.25846250156191,0.9,0.96,0.96,0.979,0.92,0.0379948616027832,252.7638316023425,500.0,True,0.495
AOM_LS,rev3_minus,0.9,0.96,0.9299999999999999,0.979,0.92,0.5252100840336135,-0.02567358424802782,0.09802266344340946,18.062654166194203,53.918009311881626,0.9,0.96,0.96,0.979,0.92,0.0379948616027832,252.7638316023425,500.0,True,0.495
AOM_LS,rev3_minus,0.9,0.96,0.9299999999999999,0.979,0.92,0.5294117647058824,-0.025439028595596578,0.09782432494752108,17.999846555994694,53.57316433391437,0.9,0.96,0.96,0.979,0.92,0.0379948616027832,252.7638316023425,500.0,True,0.495
AOM_LS,rev3_minus,0.9,0.96,0.9299999999999999,0.979,0.92,0.5336134453781513,-0.025204876133939413,0.0976204943694856,17.935585702436647,53.22386430990637,0.9,0.96,0.96,0.979,0.92,0.0379948616027832,252.7638316023425,500.0,True,0.495
AOM_LS,rev3_minus,0.9,0.96,0.9299999999999999,0.979,0.92,0.5378151260504201,-0.024971125222314365,0.09741100054422172,17.869869625533095,52.87025425277638,0.9,0.96,0.96,0.979,0.92,0.0379948616027832,252.7638316023425,500.0,True,0.495
AOM_LS,rev3_minus,0.9,0.96,0.9299999999999999,0.979,0.92,0.542016806722689,-0.024737773966830492,0.09719572341674951,17.802688067675245,52.512369505665646,0.9,0.96,0.96,0.979,0.92,0.0379948616027832,252.7638316023425,500.0,True,0.495
AOM_LS,rev3_minus,0.9,0.96,0.9299999999999999,0.979,0.92,0.5462184873949579,-0.024504820431816607,0.09697455296393984,17.734029039544374,52.15022245531754,0.9,0.96,0.96,0.979,0.92,0.0379948616027832,252.7638316023425,500.0,True,0.495
AOM_LS,rev3_minus,0.9,0.96,0.9299999999999999,0.979,0.92,0.5504201680672269,-0.02427226270393309,0.09674737666941235,17.66388082149545,51.783828929642254,0.9,0.96,0.96,0.979,0.92,0.0379948616027832,252.7638316023425,500.0,True,0.495
AOM_LS,rev3_minus,0.9,0.96,0.9299999999999999,0.979,0.92,0.5546218487394958,-0.024040098891376652,0.09651407960118152,17.592231952685793,51.41320800399525,0.9,0.96,0.96,0.979,0.92,0.0379948616027832,252.7638316023425,500.0,True,0.495
AOM_LS,rev3_minus,0.9,0.96,0.9299999999999999,0.979,0.92,0.5588235294117647,-0.02380832712312392,0.096274544485144,17.519071220515848,51.038381814900255,0.9,0.96,0.96,0.979,0.92,0.0379948616027832,252.7638316023425,500.0,True,0.495
AOM_LS,rev3_minus,0.9,0.96,0.9299999999999999,0.979,0.92,0.5630252100840336,-0.023576945545879004,0.09602865278711355,17.444387480724373,50.65937321806533,0.9,0.96,0.96,0.979,0.92,0.0379948616027832,252.7638316023425,500.0,True,0.495
AOM_LS,rev3_minus,0.9,0.96,0.9299999999999999,0.979,0.92,0.5672268907563025,-0.023345952255491815,0.09577631425587478,17.368164708633604,50.276142651735846,0.9,0.96,0.96,0.979,0.92,0.0379948616027832,252.7638316023425,500.0,True,0.495
AOM_LS,rev3_minus,0.9,0.96,0.9299999999999999,0.979,0.92,0.5714285714285714,-0.0231153455085729,0.09551737484222314,17.290397419470086,49.88878484314702,0.9,0.96,0.96,0.979,0.92,0.0379948616027832,252.7638316023425,500.0,True,0.495
AOM_LS,rev3_minus,0.9,0.96,0.9299999999999999,0.979,0.92,0.5756302521008403,-0.022885123562437465,0.09525168591131093,17.211079093014376,49.4973808009666,0.9,0.96,0.96,0.979,0.92,0.0379948616027832,252.7638316023425,500.0,True,0.495
AOM_LS,rev3_minus,0.9,0.96,0.9299999999999999,0.979,0.92,0.5798319327731092,-0.022655288359543203,0.09497905591200753,17.130183383176792,49.10191562414562,0.9,0.96,0.96,0.979,0.92,0.0379948616027832,252.7638316023425,500.0,True,0.495
AOM_LS,rev3_minus,0.9,0.96,0.9299999999999999,0.979,0.92,0.5840336134453782,-0.022425834475896318,0.0946994231369602,17.047714344369503,48.70245535261267,0.9,0.96,0.96,0.979,0.92,0.0379948616027832,252.7638316023425,500.0,True,0.495
AOM_LS,rev3_minus,0.9,0.96,0.9299999999999999,0.979,0.92,0.5882352941176471,-0.022196760045323095,0.094412661486121,16.96366205558872,48.29903191969896,0.9,0.96,0.96,0.979,0.92,0.0379948616027832,252.7638316023425,500.0,True,0.495
AOM_LS,rev3_minus,0.9,0.96,0.9299999999999999,0.979,0.92,0.592436974789916,-0.0219680633323655,0.09411864040278135,16.878016393113356,47.891679008269136,0.9,0.96,0.96,0.979,0.92,0.0379948616027832,252.7638316023425,500.0,True,0.495
AOM_LS,rev3_minus,0.9,0.96,0.9299999999999999,0.979,0.92,0.5966386554621849,-0.02173974261804355,0.09381722697612237,16.790767482973994,47.48043306847054,0.9,0.96,0.96,0.979,0.92,0.0379948616027832,252.7638316023425,500.0,True,0.495
AOM_LS,rev3_minus,0.9,0.96,0.9299999999999999,0.979,0.92,0.6008403361344538,-0.021511796300984074,0.09350831075371416,16.701900927286214,47.06527832610051,0.9,0.96,0.96,0.979,0.92,0.0379948616027832,252.7638316023425,500.0,True,0.495
AOM_LS,rev3_minus,0.9,0.96,0.9299999999999999,0.979,0.92,0.6050420168067226,-0.0212842226880867,0.09319175299058477,16.611407561954668,46.646259195347824,0.9,0.96,0.96,0.979,0.92,0.0379948616027832,252.7638316023425,500.0,True,0.495
AOM_LS,rev3_minus,0.9,0.96,0.9299999999999999,0.979,0.92,0.6092436974789917,-0.02105701991717609,0.09286736788731176,16.51928708253216,46.223521654492956,0.9,0.96,0.96,0.979,0.92,0.0379948616027832,252.7638316023425,500.0,True,0.495
AOM_LS,rev3_minus,0.9,0.96,0.9299999999999999,0.979,0.92,0.6134453781512605,-0.02083018634157114,0.09253501643092656,16.425529981912316,45.7971054216483,0.9,0.96,0.96,0.979,0.92,0.0379948616027832,252.7638316023425,500.0,True,0.495
AOM_LS,rev3_minus,0.9,0.96,0.9299999999999999,0.979,0.92,0.6176470588235294,-0.0206037203395915,0.0921945601958671,16.330126433101587,45.36704626617813,0.9,0.96,0.96,0.979,0.92,0.0379948616027832,252.7638316023425,500.0,True,0.495
AOM_LS,rev3_minus,0.9,0.96,0.9299999999999999,0.979,0.92,0.6218487394957983,-0.020377620300409675,0.09184585804694517,16.233066922302807,44.933383263123496,0.9,0.96,0.96,0.979,0.92,0.0379948616027832,252.7638316023425,500.0,True,0.495
AOM_LS,rev3_minus,0.9,0.96,0.9299999999999999,0.979,0.92,0.6260504201680672,-0.020151884623728987,0.09148876620190877,16.134342235596648,44.49615860300032,0.9,0.96,0.96,0.979,0.92,0.0379948616027832,252.7638316023425,500.0,True,0.495
AOM_LS,rev3_minus,0.9,0.96,0.9299999999999999,0.979,0.92,0.6302521008403361,-0.0199265117194821,0.09112313829051598,16.033943445962038,44.05541740778745,0.9,0.96,0.96,0.979,0.92,0.0379948616027832,252.7638316023425,500.0,True,0.495
AOM_LS,rev3_minus,0.9,0.96,0.9299999999999999,0.979,0.92,0.634453781512605,-0.01970150006458347,0.09074883332055199,15.931860300993478,43.61118982148628,0.9,0.96,0.96,0.979,0.92,0.0379948616027832,252.7638316023425,500.0,True,0.495
AOM_LS,rev3_minus,0.9,0.96,0.9299999999999999,0.979,0.92,0.6386554621848739,-0.019476848288510977,0.09036572766891225,15.82807879222151,43.16346411902,0.9,0.96,0.96,0.979,0.92,0.0379948616027832,252.7638316023425,500.0,True,0.495
AOM_LS,rev3_minus,0.9,0.96,0.9299999999999999,0.979,0.92,0.6428571428571428,-0.019252554466913596,0.08997361715302339,15.722600964478964,42.71240607801551,0.9,0.96,0.96,0.979,0.92,0.0379948616027832,252.7638316023425,500.0,True,0.495
AOM_LS,rev3_minus,0.9,0.96,0.9299999999999999,0.979,0.92,0.6470588235294118,-0.019028617017155254,0.08957234129416144,15.615419784599423,42.258080378280624,0.9,0.96,0.96,0.979,0.92,0.0379948616027832,252.7638316023425,500.0,True,0.495
AOM_LS,rev3_minus,0.9,0.96,0.9299999999999999,0.979,0.92,0.6512605042016807,-0.018805034431663793,0.08916174645745407,15.506526587739137,41.800533214349684,0.9,0.96,0.96,0.979,0.92,0.0379948616027832,252.7638316023425,500.0,True,0.495
AOM_LS,rev3_minus,0.9,0.96,0.9299999999999999,0.979,0.92,0.6554621848739496,-0.018581805207286927,0.08874167613432246,15.395913038934326,41.339814022387976,0.9,0.96,0.96,0.979,0.92,0.0379948616027832,252.7638316023425,500.0,True,0.495
AOM_LS,rev3_minus,0.9,0.96,0.9299999999999999,0.979,0.92,0.6596638655462185,-0.01835892784519501,0.08831197099823743,15.283571118776969,40.875975289850274,0.9,0.96,0.96,0.979,0.92,0.0379948616027832,252.7638316023425,500.0,True,0.495
AOM_LS,rev3_minus,0.9,0.96,0.9299999999999999,0.979,0.92,0.6638655462184874,-0.01813640085079143,0.08787246895714898,15.16949310943859,40.40907237088447,0.9,0.96,0.96,0.979,0.92,0.0379948616027832,252.7638316023425,500.0,True,0.495
AOM_LS,rev3_minus,0.9,0.96,0.9299999999999999,0.979,0.92,0.6680672268907563,-0.017914222733626656,0.08742300520271114,15.053671581034163,39.939163307205455,0.9,0.96,0.96,0.979,0.92,0.0379948616027832,252.7638316023425,500.0,True,0.495
AOM_LS,rev3_minus,0.9,0.96,0.9299999999999999,0.979,0.92,0.6722689075630253,-0.01769239201135118,0.08696344145949571,14.936093135104079,39.46624256433622,0.9,0.96,0.96,0.979,0.92,0.0379948616027832,252.7638316023425,500.0,True,0.495
AOM_LS,rev3_minus,0.9,0.96,0.9299999999999999,0.979,0.92,0.6764705882352942,-0.017470907197098522,0.08649357546733037,14.816757749485951,38.990445852304646,0.9,0.96,0.96,0.979,0.92,0.0379948616027832,252.7638316023425,500.0,True,0.495
AOM_LS,rev3_minus,0.9,0.96,0.9299999999999999,0.979,0.92,0.680672268907563,-0.017249766810761364,0.08601322290793241,14.695661266067319,38.511864544628175,0.9,0.96,0.96,0.979,0.92,0.0379948616027832,252.7638316023425,500.0,True,0.495
AOM_LS,rev3_minus,0.9,0.96,0.9299999999999999,0.979,0.92,0.6848739495798319,-0.01702896937805796,0.08552221132574604,14.57279668276899,38.03055940618196,0.9,0.96,0.96,0.979,0.92,0.0379948616027832,252.7638316023425,500.0,True,0.495
AOM_LS,rev3_minus,0.9,0.96,0.9299999999999999,0.979,0.92,0.6890756302521008,-0.01680851342854098,0.08502036636872815,14.448157088709019,37.54659167834763,0.9,0.96,0.96,0.979,0.92,0.0379948616027832,252.7638316023425,500.0,True,0.495
AOM_LS,rev3_minus,0.9,0.96,0.9299999999999999,0.979,0.92,0.6932773109243697,-0.016588397495385713,0.0845075107815579,14.321735874456818,37.06002527760609,0.9,0.96,0.96,0.979,0.92,0.0379948616027832,252.7638316023425,500.0,True,0.495
AOM_LS,rev3_minus,0.9,0.96,0.9299999999999999,0.979,0.92,0.6974789915966386,-0.016368620115321694,0.08398346444723485,14.193526717884353,36.57092661861559,0.9,0.96,0.96,0.979,0.92,0.0379948616027832,252.7638316023425,500.0,True,0.495
AOM_LS,rev3_minus,0.9,0.96,0.9299999999999999,0.979,0.92,0.7016806722689075,-0.01614917982857101,0.08344804442569544,14.063523570337292,36.07936444200274,0.9,0.96,0.96,0.979,0.92,0.0379948616027832,252.7638316023425,500.0,True,0.495
AOM_LS,rev3_minus,0.9,0.96,0.9299999999999999,0.979,0.92,0.7058823529411764,-0.01593007512145806,0.08290107371476008,13.931718717421619,35.585389821542456,0.9,0.96,0.96,0.979,0.92,0.0379948616027832,252.7638316023425,500.0,True,0.495
AOM_LS,rev3_minus,0.9,0.96,0.9299999999999999,0.979,0.92,0.7100840336134454,-0.015711304579250213,0.08234235802397996,13.798107898521828,35.08908886346355,0.9,0.96,0.96,0.979,0.92,0.0379948616027832,252.7638316023425,500.0,True,0.495
AOM_LS,rev3_minus,0.9,0.96,0.9299999999999999,0.979,0.92,0.7142857142857143,-0.015492866803295825,0.081771698380952,13.662687519491493,34.59055394058214,0.9,0.96,0.96,0.979,0.92,0.0379948616027832,252.7638316023425,500.0,True,0.495
AOM_LS,rev3_minus,0.9,0.96,0.9299999999999999,0.979,0.92,0.7184873949579832,-0.015274760350923395,0.08118890030320414,13.52545262142836,34.08986276557364,0.9,0.96,0.96,0.979,0.92,0.0379948616027832,252.7638316023425,500.0,True,0.495
AOM_LS,rev3_minus,0.9,0.96,0.9299999999999999,0.979,0.92,0.7226890756302521,-0.015056983769150442,0.08059376869559634,13.386397999294902,33.587089903055954,0.9,0.96,0.96,0.979,0.92,0.0379948616027832,252.7638316023425,500.0,True,0.495
AOM_LS,rev3_minus,0.9,0.96,0.9299999999999999,0.979,0.92,0.726890756302521,-0.014839535821462123,0.07998610860002539,13.24551805190278,33.08230488528872,0.9,0.96,0.96,0.979,0.92,0.0379948616027832,252.7638316023425,500.0,True,0.495
AOM_LS,rev3_minus,0.9,0.96,0.9299999999999999,0.979,0.92,0.7310924369747899,-0.01462241486193975,0.07936571648489103,13.10280862924833,32.57559215508941,0.9,0.96,0.96,0.979,0.92,0.0379948616027832,252.7638316023425,500.0,True,0.495
AOM_LS,rev3_minus,0.9,0.96,0.9299999999999999,0.979,0.92,0.7352941176470589,-0.014405619241642274,0.07873238593344015,12.958265813739276,32.06703786610745,0.9,0.96,0.96,0.979,0.92,0.0379948616027832,252.7638316023425,500.0,True,0.495
AOM_LS,rev3_minus,0.9,0.96,0.9299999999999999,0.979,0.92,0.7394957983193278,-0.014189147567460909,0.07808591128262499,12.811885136309165,31.55672140942675,0.9,0.96,0.96,0.979,0.92,0.0379948616027832,252.7638316023425,500.0,True,0.495
AOM_LS,rev3_minus,0.9,0.96,0.9299999999999999,0.979,0.92,0.7436974789915967,-0.013972998496687292,0.07742608477858219,12.663662173030936,31.044721855808447,0.9,0.96,0.96,0.979,0.92,0.0379948616027832,252.7638316023425,500.0,True,0.495
AOM_LS,rev3_minus,0.9,0.96,0.9299999999999999,0.979,0.92,0.7478991596638656,-0.013757171311409366,0.07675269857900212,12.513592188348635,30.53111317499215,0.9,0.96,0.96,0.979,0.92,0.0379948616027832,252.7638316023425,500.0,True,0.495
AOM_LS,rev3_minus,0.9,0.96,0.9299999999999999,0.979,0.92,0.7521008403361344,-0.013541664081219634,0.07606553639993885,12.361671678939809,30.015983521035203,0.9,0.96,0.96,0.979,0.92,0.0379948616027832,252.7638316023425,500.0,True,0.495
AOM_LS,rev3_minus,0.9,0.96,0.9299999999999999,0.979,0.92,0.7563025210084033,-0.01332647469090388,0.0753643782044737,12.207897493519694,29.499424218188363,0.9,0.96,0.96,0.979,0.92,0.0379948616027832,252.7638316023425,500.0,True,0.495
AOM_LS,rev3_minus,0.9,0.96,0.9299999999999999,0.979,0.92,0.7605042016806722,-0.013111601874180753,0.0746490049283397,12.052265942736016,28.981518669308326,0.9,0.96,0.96,0.979,0.92,0.0379948616027832,252.7638316023425,500.0,True,0.495
AOM_LS,rev3_minus,0.9,0.96,0.9299999999999999,0.979,0.92,0.7647058823529411,-0.012897044494791171,0.07391919522040864,11.894773393495575,28.462349808058004,0.9,0.96,0.96,0.979,0.92,0.0379948616027832,252.7638316023425,500.0,True,0.495
AOM_LS,rev3_minus,0.9,0.96,0.9299999999999999,0.979,0.92,0.76890756302521,-0.012682802232017837,0.07317472712299616,11.73541600438149,27.941996029259723,0.9,0.96,0.96,0.979,0.92,0.0379948616027832,252.7638316023425,500.0,True,0.495
AOM_LS,rev3_minus,0.9,0.96,0.9299999999999999,0.979,0.92,0.7731092436974789,-0.012468873118907481,0.07241537085287503,11.574190895554747,27.420547934470836,0.9,0.96,0.96,0.979,0.92,0.0379948616027832,252.7638316023425,500.0,True,0.495
AOM_LS,rev3_minus,0.9,0.96,0.9299999999999999,0.979,0.92,0.7773109243697479,-0.012255254601317824,0.07164089190729718,11.411095631947221,26.898100929477387,0.9,0.96,0.96,0.979,0.92,0.0379948616027832,252.7638316023425,500.0,True,0.495
AOM_LS,rev3_minus,0.9,0.96,0.9299999999999999,0.979,0.92,0.7815126050420168,-0.012041945460895894,0.07085105671376854,11.246127286604187,26.374741880341077,0.9,0.96,0.96,0.979,0.92,0.0379948616027832,252.7638316023425,500.0,True,0.495
AOM_LS,rev3_minus,0.9,0.96,0.9299999999999999,0.979,0.92,0.7857142857142857,-0.011828944608148819,0.07004562909408085,11.079283005075707,25.850557244060766,0.9,0.96,0.96,0.979,0.92,0.0379948616027832,252.7638316023425,500.0,True,0.495
AOM_LS,rev3_minus,0.9,0.96,0.9299999999999999,0.979,0.92,0.7899159663865546,-0.01161625141542577,0.0692243712283947,10.910559827656451,25.325630656744103,0.9,0.96,0.96,0.979,0.92,0.0379948616027832,252.7638316023425,500.0,True,0.495
AOM_LS,rev3_minus,0.9,0.96,0.9299999999999999,0.979,0.92,0.7941176470588236,-0.011403864086876589,0.06838703889234934,10.739955478216194,24.800053949085193,0.9,0.96,0.96,0.979,0.92,0.0379948616027832,252.7638316023425,500.0,True,0.495
AOM_LS,rev3_minus,0.9,0.96,0.9299999999999999,0.979,0.92,0.7983193277310925,-0.011191780057352347,0.06753338260709789,10.567468160904667,24.273924291133152,0.9,0.96,0.96,0.979,0.92,0.0379948616027832,252.7638316023425,500.0,True,0.495
AOM_LS,rev3_minus,0.9,0.96,0.9299999999999999,0.979,0.92,0.8025210084033614,-0.010979997789898345,0.06666315287509626,10.393095667672432,23.747331759536888,0.9,0.96,0.96,0.979,0.92,0.0379948616027832,252.7638316023425,500.0,True,0.495
AOM_LS,rev3_minus,0.9,0.96,0.9299999999999999,0.979,0.92,0.8067226890756303,-0.010768515731457986,0.06577609712556066,10.216835877192102,23.220366340286976,0.9,0.96,0.96,0.979,0.92,0.0379948616027832,252.7638316023425,500.0,True,0.495
AOM_LS,rev3_minus,0.9,0.96,0.9299999999999999,0.979,0.92,0.8109243697478992,-0.01055733236559769,0.06487195984108056,10.038686717641559,22.69311746081364,0.9,0.96,0.96,0.979,0.92,0.0379948616027832,252.7638316023425,500.0,True,0.495
AOM_LS,rev3_minus,0.9,0.96,0.9299999999999999,0.979,0.92,0.8151260504201681,-0.010346445608376845,0.06395048080285631,9.858646457493789,22.165677937856746,0.9,0.96,0.96,0.979,0.92,0.0379948616027832,252.7638316023425,500.0,True,0.495
AOM_LS,rev3_minus,0.9,0.96,0.9299999999999999,0.979,0.92,0.819327731092437,-0.010135852791030032,0.06301139501746318,9.676713706172443,21.638143969884094,0.9,0.96,0.96,0.979,0.92,0.0379948616027832,252.7638316023425,500.0,True,0.495
AOM_LS,rev3_minus,0.9,0.96,0.9299999999999999,0.979,0.92,0.8235294117647058,-0.009925551958296952,0.062054435664825956,9.492886946032634,21.110608026337275,0.9,0.96,0.96,0.979,0.92,0.0379948616027832,252.7638316023425,500.0,True,0.495
AOM_LS,rev3_minus,0.9,0.96,0.9299999999999999,0.979,0.92,0.8277310924369747,-0.009715540390873034,0.06107933199484569,9.307164725473662,20.58316361534789,0.9,0.96,0.96,0.979,0.92,0.0379948616027832,252.7638316023425,500.0,True,0.495
AOM_LS,rev3_minus,0.9,0.96,0.9299999999999999,0.979,0.92,0.8319327731092436,-0.009505814650809187,0.06008580916030697,9.119545694459408,20.05590548052583,0.9,0.96,0.96,0.979,0.92,0.0379948616027832,252.7638316023425,500.0,True,0.495
AOM_LS,rev3_minus,0.9,0.96,0.9299999999999999,0.979,0.92,0.8361344537815125,-0.009296373191765989,0.05907358950022607,8.930028814751658,19.52892635115261,0.9,0.96,0.96,0.979,0.92,0.0379948616027832,252.7638316023425,500.0,True,0.495
AOM_LS,rev3_minus,0.9,0.96,0.9299999999999999,0.979,0.92,0.8403361344537815,-0.009087212816377789,0.05804239109680783,8.738612959539218,19.002320177379023,0.9,0.96,0.96,0.979,0.92,0.0379948616027832,252.7638316023425,500.0,True,0.495
AOM_LS,rev3_minus,0.9,0.96,0.9299999999999999,0.979,0.92,0.8445378151260504,-0.008878328380634015,0.0569919276433268,8.545296870164664,18.476182233168743,0.9,0.96,0.96,0.979,0.92,0.0379948616027832,252.7638316023425,500.0,True,0.495
AOM_LS,rev3_minus,0.9,0.96,0.9299999999999999,0.979,0.92,0.8487394957983193,-0.008669718846513288,0.05592190987978107,8.350080040958316,17.95060544480616,0.9,0.96,0.96,0.979,0.92,0.0379948616027832,252.7638316023425,500.0,True,0.495
AOM_LS,rev3_minus,0.9,0.96,0.9299999999999999,0.979,0.92,0.8529411764705882,-0.008461380518994005,0.054832044097643064,8.152961670925079,17.425683771252658,0.9,0.96,0.96,0.979,0.92,0.0379948616027832,252.7638316023425,500.0,True,0.495
AOM_LS,rev3_minus,0.9,0.96,0.9299999999999999,0.979,0.92,0.8571428571428572,-0.008253306085500378,0.053722031945551856,7.9539405037710775,16.9015124419189,0.9,0.96,0.96,0.979,0.92,0.0379948616027832,252.7638316023425,500.0,True,0.495
AOM_LS,rev3_minus,0.9,0.96,0.9299999999999999,0.979,0.92,0.8613445378151261,-0.008045493754882314,0.05259157182970275,7.753016318909398,16.378184313361295,0.9,0.96,0.96,0.979,0.92,0.0379948616027832,252.7638316023425,500.0,True,0.495
AOM_LS,rev3_minus,0.9,0.96,0.9299999999999999,0.979,0.92,0.865546218487395,-0.007837938257139215,0.051440357530204615,7.550188436864524,15.855792989674196,0.9,0.96,0.96,0.979,0.92,0.0379948616027832,252.7638316023425,500.0,True,0.495
AOM_LS,rev3_minus,0.9,0.96,0.9299999999999999,0.979,0.92,0.8697478991596639,-0.007630630189214854,0.05026807808066721,7.345455613797016,15.33443286025701,0.9,0.96,0.96,0.979,0.92,0.0379948616027832,252.7638316023425,500.0,True,0.495
AOM_LS,rev3_minus,0.9,0.96,0.9299999999999999,0.979,0.92,0.8739495798319328,-0.0074235639713488245,0.04907441871851378,7.1388173518462255,14.814196512587824,0.9,0.96,0.96,0.979,0.92,0.0379948616027832,252.7638316023425,500.0,True,0.495
AOM_LS,rev3_minus,0.9,0.96,0.9299999999999999,0.979,0.92,0.8781512605042017,-0.007216730613818549,0.04785905995021367,6.930272698264438,14.295176747566325,0.9,0.96,0.96,0.979,0.92,0.0379948616027832,252.7638316023425,500.0,True,0.495
AOM_LS,rev3_minus,0.9,0.96,0.9299999999999999,0.979,0.92,0.8823529411764706,-0.007010117230850479,0.04662167747595505,6.719820167016676,13.777466484672285,0.9,0.96,0.96,0.979,0.92,0.0379948616027832,252.7638316023425,500.0,True,0.495
AOM_LS,rev3_minus,0.9,0.96,0.9299999999999999,0.979,0.92,0.8865546218487395,-0.006803710525271857,0.045361942522550394,6.507458312842103,13.261157654651603,0.9,0.96,0.96,0.979,0.92,0.0379948616027832,252.7638316023425,500.0,True,0.495
AOM_LS,rev3_minus,0.9,0.96,0.9299999999999999,0.979,0.92,0.8907563025210083,-0.006597495247839178,0.0440795215477608,6.293185505210855,12.746341620122879,0.9,0.96,0.96,0.979,0.92,0.0379948616027832,252.7638316023425,500.0,True,0.495
AOM_LS,rev3_minus,0.9,0.96,0.9299999999999999,0.979,0.92,0.8949579831932772,-0.006391451875128359,0.04277407612415613,6.076999503187551,12.233109167447557,0.9,0.96,0.96,0.979,0.92,0.0379948616027832,252.7638316023425,500.0,True,0.495
AOM_LS,rev3_minus,0.9,0.96,0.9299999999999999,0.979,0.92,0.8991596638655461,-0.006185560589605144,0.04144526291465361,5.8588982133693825,11.721550216091448,0.9,0.96,0.96,0.979,0.92,0.0379948616027832,252.7638316023425,500.0,True,0.495
AOM_LS,rev3_minus,0.9,0.96,0.9299999999999999,0.979,0.92,0.9033613445378151,-0.005979792085433067,0.04009273345735145,5.638878031353503,11.211754082773709,0.9,0.96,0.96,0.979,0.92,0.0379948616027832,252.7638316023425,500.0,True,0.495
AOM_LS,rev3_minus,0.9,0.96,0.9299999999999999,0.979,0.92,0.907563025210084,-0.00577411805385969,0.03871613420826832,5.416935746361683,10.703808958382673,0.9,0.96,0.96,0.979,0.92,0.0379948616027832,252.7638316023425,500.0,True,0.495
AOM_LS,rev3_minus,0.9,0.96,0.9299999999999999,0.979,0.92,0.9117647058823529,-0.005568493457071235,0.037315106273441874,5.193065431528981,10.197802341198507,0.9,0.96,0.96,0.979,0.92,0.0379948616027832,252.7638316023425,500.0,True,0.495
AOM_LS,rev3_minus,0.9,0.96,0.9299999999999999,0.979,0.92,0.9159663865546218,-0.005362870089208896,0.035889285458075675,4.967260887488432,9.693820452511753,0.9,0.96,0.96,0.979,0.92,0.0379948616027832,252.7638316023425,500.0,True,0.495
AOM_LS,rev3_minus,0.9,0.96,0.9299999999999999,0.979,0.92,0.9201680672268908,-0.005157177607075228,0.034438302024671304,4.739512421880917,9.191948588488854,0.9,0.96,0.96,0.979,0.92,0.0379948616027832,252.7638316023425,500.0,True,0.495
AOM_LS,rev3_minus,0.9,0.96,0.9299999999999999,0.979,0.92,0.9243697478991597,-0.004951331572371353,0.03296178067856563,4.509808383923909,8.692270704001432,0.9,0.96,0.96,0.979,0.92,0.0379948616027832,252.7638316023425,500.0,True,0.495
AOM_LS,rev3_minus,0.9,0.96,0.9299999999999999,0.979,0.92,0.9285714285714286,-0.004745224375213801,0.03145934042443074,4.278133756027581,8.19486942308087,0.9,0.96,0.96,0.979,0.92,0.0379948616027832,252.7638316023425,500.0,True,0.495
AOM_LS,rev3_minus,0.9,0.96,0.9299999999999999,0.979,0.92,0.9327731092436975,-0.0045387180599256345,0.029930594454087116,4.044469109239905,7.699825944397847,0.9,0.96,0.96,0.979,0.92,0.0379948616027832,252.7638316023425,500.0,True,0.495
AOM_LS,rev3_minus,0.9,0.96,0.9299999999999999,0.979,0.92,0.9369747899159664,-0.004331633862798696,0.028375150035533862,3.808789080428018,7.207219950469852,0.9,0.96,0.96,0.979,0.92,0.0379948616027832,252.7638316023425,500.0,True,0.495
AOM_LS,rev3_minus,0.9,0.96,0.9299999999999999,0.979,0.92,0.9411764705882353,-0.004123732476209244,0.026792608408034102,3.5710595592700183,6.717129543039072,0.9,0.96,0.96,0.979,0.92,0.0379948616027832,252.7638316023425,500.0,True,0.495
AOM_LS,rev3_minus,0.9,0.96,0.9299999999999999,0.979,0.92,0.9453781512605042,-0.003914681673023369,0.025182564688141434,3.3312330543718742,6.229631215012905,0.9,0.96,0.96,0.979,0.92,0.0379948616027832,252.7638316023425,500.0,True,0.495
AOM_LS,rev3_minus,0.9,0.96,0.9299999999999999,0.979,0.92,0.9495798319327731,-0.003704040188291735,0.02354460776612566,3.089246996675047,5.744799699772767,0.9,0.96,0.96,0.979,0.92,0.0379948616027832,252.7638316023425,500.0,True,0.495
AOM_LS,rev3_minus,0.9,0.96,0.9299999999999999,0.979,0.92,0.953781512605042,-0.003491205004481235,0.021878320231464115,2.8450164316667124,5.2627079778104795,0.9,0.96,0.96,0.979,0.92,0.0379948616027832,252.7638316023425,500.0,True,0.495
AOM_LS,rev3_minus,0.9,0.96,0.9299999999999999,0.979,0.92,0.9579831932773109,-0.0032753298872876977,0.020183278336409857,2.5984232956179207,4.783427316211459,0.9,0.96,0.96,0.979,0.92,0.0379948616027832,252.7638316023425,500.0,True,0.495
AOM_LS,rev3_minus,0.9,0.96,0.9299999999999999,0.979,0.92,0.9621848739495797,-0.0030551968449142506,0.018459052015512976,2.3492997465703107,4.307027404608545,0.9,0.96,0.96,0.979,0.92,0.0379948616027832,252.7638316023425,500.0,True,0.495
AOM_LS,rev3_minus,0.9,0.96,0.9299999999999999,0.979,0.92,0.9663865546218486,-0.002829065914046336,0.016705204924527896,2.0974094738942264,3.8335765078826136,0.9,0.96,0.96,0.979,0.92,0.0379948616027832,252.7638316023425,500.0,True,0.495
AOM_LS,rev3_minus,0.9,0.96,0.9299999999999999,0.979,0.92,0.9705882352941176,-0.0025943464749267064,0.014921294695911323,1.8424064308842762,3.363142035593044,0.9,0.96,0.96,0.979,0.92,0.0379948616027832,252.7638316023425,500.0,True,0.495
AOM_LS,rev3_minus,0.9,0.96,0.9299999999999999,0.979,0.92,0.9747899159663865,-0.0023471127980949553,0.013106873400200454,1.583776709952234,2.8957913015160313,0.9,0.96,0.96,0.979,0.92,0.0379948616027832,252.7638316023425,500.0,True,0.495
AOM_LS,rev3_minus,0.9,0.96,0.9299999999999999,0.979,0.92,0.9789915966386554,-0.0020813731862172344,0.011261488242306172,1.3207525672348055,2.4315927872717986,0.9,0.96,0.96,0.979,0.92,0.0379948616027832,252.7638316023425,500.0,True,0.495
AOM_LS,rev3_minus,0.9,0.96,0.9299999999999999,0.979,0.92,0.9831932773109244,-0.001787468541997529,0.009384683297589715,1.0521237888018566,1.9706190556850387,0.9,0.96,0.96,0.979,0.92,0.0379948616027832,252.7638316023425,500.0,True,0.495
AOM_LS,rev3_minus,0.9,0.96,0.9299999999999999,0.979,0.92,0.9873949579831933,-0.0014494304619835547,0.007475987221547458,0.7759341085374553,1.5129535478087253,0.9,0.96,0.96,0.979,0.92,0.0379948616027832,252.7638316023425,500.0,True,0.495
AOM_LS,rev3_minus,0.9,0.96,0.9299999999999999,0.979,0.92,0.9915966386554622,-0.0010405389511890508,0.005534351694856573,0.4888164105790102,1.0586651452755493,0.9,0.96,0.96,0.979,0.92,0.0379948616027832,252.7638316023425,500.0,True,0.495
AOM_LS,rev3_minus,0.9,0.96,0.9299999999999999,0.979,0.92,0.9957983193277311,-0.000518339037229992,0.003529015751201864,0.18430917445686434,0.605304573785644,0.9,0.96,0.96,0.979,0.92,0.0379948616027832,252.7638316023425,500.0,True,0.495
AOM_LS,rev3_minus,0.9,0.96,0.9299999999999999,0.979,0.92,1.0,0.0,0.0,0.0,0.0,0.9,0.96,0.96,0.979,0.92,0.0379948616027832,252.7638316023425,500.0,True,0.495
AOM_LS,gammaCDff2_plus,0.9,0.96,0.96,0.984,0.92,0.5,-0.02725197054464887,0.09326903520785881,14.336586048126795,56.437585926251224,0.9,0.96,0.96,0.979,0.92,0.042424917221069336,252.7638210712718,500.0,True,0.495
AOM_LS,gammaCDff2_plus,0.9,0.96,0.96,0.984,0.92,0.5042016806722689,-0.027016404802671715,0.09311579704159098,14.293148802641353,56.126906023687965,0.9,0.96,0.96,0.979,0.92,0.042424917221069336,252.7638210712718,500.0,True,0.495
AOM_LS,gammaCDff2_plus,0.9,0.96,0.96,0.984,0.92,0.5084033613445378,-0.026781192855532092,0.09295801026336137,14.248566514516613,55.81173903669749,0.9,0.96,0.96,0.979,0.92,0.042424917221069336,252.7638210712718,500.0,True,0.495
AOM_LS,gammaCDff2_plus,0.9,0.96,0.96,0.984,0.92,0.5126050420168067,-0.02654633331665173,0.0927956118995108,14.20282894844268,55.49204889528186,0.9,0.96,0.96,0.979,0.92,0.042424917221069336,252.7638210712718,500.0,True,0.495
AOM_LS,gammaCDff2_plus,0.9,0.96,0.96,0.984,0.92,0.5168067226890757,-0.02631182463992018,0.09262848787285108,14.155927536865075,55.16786355170825,0.9,0.96,0.96,0.979,0.92,0.042424917221069336,252.7638210712718,500.0,True,0.495
AOM_LS,gammaCDff2_plus,0.9,0.96,0.96,0.984,0.92,0.5210084033613446,-0.026077665162636852,0.0924564853826004,14.10785502867139,54.839259189431814,0.9,0.96,0.96,0.979,0.92,0.042424917221069336,252.7638210712718,500.0,True,0.495
AOM_LS,gammaCDff2_plus,0.9,0.96,0.96,0.984,0.92,0.5252100840336135,-0.025843853469439283,0.09227951718361736,14.058602216303626,54.50622903282348,0.9,0.96,0.96,0.979,0.92,0.042424917221069336,252.7638210712718,500.0,True,0.495
AOM_LS,gammaCDff2_plus,0.9,0.96,0.96,0.984,0.92,0.5294117647058824,-0.02561038814615974,0.09209749142316007,14.008160108412062,54.16877163765304,0.9,0.96,0.96,0.979,0.92,0.042424917221069336,252.7638210712718,500.0,True,0.495
AOM_LS,gammaCDff2_plus,0.9,0.96,0.96,0.984,0.92,0.5336134453781513,-0.025377267779841037,0.09191031180840195,13.956519924396332,53.826890620264024,0.9,0.96,0.96,0.979,0.92,0.042424917221069336,252.7638210712718,500.0,True,0.495
AOM_LS,gammaCDff2_plus,0.9,0.96,0.96,0.984,0.92,0.5378151260504201,-0.02514449095241919,0.09171787761513449,13.903672841795972,53.48059306075232,0.9,0.96,0.96,0.979,0.92,0.042424917221069336,252.7638210712718,500.0,True,0.495
AOM_LS,gammaCDff2_plus,0.9,0.96,0.96,0.984,0.92,0.542016806722689,-0.024912056198723168,0.09152008284143932,13.849608350899281,53.12988038222068,0.9,0.96,0.96,0.979,0.92,0.042424917221069336,252.7638210712718,500.0,True,0.495
AOM_LS,gammaCDff2_plus,0.9,0.96,0.96,0.984,0.92,0.5462184873949579,-0.024679962206348605,0.09131682109420697,13.794322051236268,52.774790296983554,0.9,0.96,0.96,0.979,0.92,0.042424917221069336,252.7638210712718,500.0,True,0.495
AOM_LS,gammaCDff2_plus,0.9,0.96,0.96,0.984,0.92,0.5504201680672269,-0.02444820756312208,0.09110797973351428,13.737805788619081,52.41534329936733,0.9,0.96,0.96,0.979,0.92,0.042424917221069336,252.7638210712718,500.0,True,0.495
AOM_LS,gammaCDff2_plus,0.9,0.96,0.96,0.984,0.92,0.5546218487394958,-0.024216790851189073,0.09089344223247983,13.680051321678876,52.051562270940735,0.9,0.96,0.96,0.979,0.92,0.042424917221069336,252.7638210712718,500.0,True,0.495
AOM_LS,gammaCDff2_plus,0.9,0.96,0.96,0.984,0.92,0.5588235294117647,-0.023985710655738162,0.09067308850682043,13.621050657055083,51.68347410820451,0.9,0.96,0.96,0.979,0.92,0.042424917221069336,252.7638210712718,500.0,True,0.495
AOM_LS,gammaCDff2_plus,0.9,0.96,0.96,0.984,0.92,0.5630252100840336,-0.02375496555848436,0.09044679377620045,13.560796008081967,51.31111060878723,0.9,0.96,0.96,0.979,0.92,0.042424917221069336,252.7638210712718,500.0,True,0.495
AOM_LS,gammaCDff2_plus,0.9,0.96,0.96,0.984,0.92,0.5672268907563025,-0.02352455394817927,0.09021439191487103,13.499278799780713,50.9345406262042,0.9,0.96,0.96,0.979,0.92,0.042424917221069336,252.7638210712718,500.0,True,0.495
AOM_LS,gammaCDff2_plus,0.9,0.96,0.96,0.984,0.92,0.5714285714285714,-0.023294474559811117,0.08997578014487544,13.436492488341813,50.55377767973379,0.9,0.96,0.96,0.979,0.92,0.042424917221069336,252.7638210712718,500.0,True,0.495
AOM_LS,gammaCDff2_plus,0.9,0.96,0.96,0.984,0.92,0.5756302521008403,-0.02306472626225072,0.08973087806573676,13.372431405509028,50.168816186020905,0.9,0.96,0.96,0.979,0.92,0.042424917221069336,252.7638210712718,500.0,True,0.495
AOM_LS,gammaCDff2_plus,0.9,0.96,0.96,0.984,0.92,0.5798319327731092,-0.022835310967666073,0.0894795016821868,13.307076015164222,49.77964238830979,0.9,0.96,0.96,0.979,0.92,0.042424917221069336,252.7638210712718,500.0,True,0.495
AOM_LS,gammaCDff2_plus,0.9,0.96,0.96,0.984,0.92,0.5840336134453782,-0.022606223812144634,0.08922151424928901,13.24043100705795,49.38639804421365,0.9,0.96,0.96,0.979,0.92,0.042424917221069336,252.7638210712718,500.0,True,0.495
AOM_LS,gammaCDff2_plus,0.9,0.96,0.96,0.984,0.92,0.5882352941176471,-0.022377463826302287,0.08895687512744348,13.172491279456564,48.98903667071825,0.9,0.96,0.96,0.979,0.92,0.042424917221069336,252.7638210712718,500.0,True,0.495
AOM_LS,gammaCDff2_plus,0.9,0.96,0.96,0.984,0.92,0.592436974789916,-0.02214902961436295,0.08868543888463302,13.103250409603657,48.5876103214571,0.9,0.96,0.96,0.979,0.92,0.042424917221069336,252.7638210712718,500.0,True,0.495
AOM_LS,gammaCDff2_plus,0.9,0.96,0.96,0.984,0.92,0.5966386554621849,-0.021920919661809424,0.08840703364783922,13.032702153871796,48.18219772591932,0.9,0.96,0.96,0.979,0.92,0.042424917221069336,252.7638210712718,500.0,True,0.495
AOM_LS,gammaCDff2_plus,0.9,0.96,0.96,0.984,0.92,0.6008403361344538,-0.021693132855944864,0.08812156299801345,12.960840765160546,47.77280136854214,0.9,0.96,0.96,0.979,0.92,0.042424917221069336,252.7638210712718,500.0,True,0.495
AOM_LS,gammaCDff2_plus,0.9,0.96,0.96,0.984,0.92,0.6050420168067226,-0.021465667985140227,0.08782890820095775,12.88766065104933,47.359446295479245,0.9,0.96,0.96,0.979,0.92,0.042424917221069336,252.7638210712718,500.0,True,0.495
AOM_LS,gammaCDff2_plus,0.9,0.96,0.96,0.984,0.92,0.6092436974789917,-0.021238523668932315,0.08752891239973262,12.813156338028136,46.94219572760382,0.9,0.96,0.96,0.979,0.92,0.042424917221069336,252.7638210712718,500.0,True,0.495
AOM_LS,gammaCDff2_plus,0.9,0.96,0.96,0.984,0.92,0.6134453781512605,-0.021011698530157708,0.08722141508665675,12.73732257622331,46.52111615558622,0.9,0.96,0.96,0.979,0.92,0.042424917221069336,252.7638210712718,500.0,True,0.495
AOM_LS,gammaCDff2_plus,0.9,0.96,0.96,0.984,0.92,0.6176470588235294,-0.020785191492638747,0.08690632943439415,12.660154523299804,46.09620040576355,0.9,0.96,0.96,0.979,0.92,0.042424917221069336,252.7638210712718,500.0,True,0.495
AOM_LS,gammaCDff2_plus,0.9,0.96,0.96,0.984,0.92,0.6218487394957983,-0.02055900125497867,0.08658350509473738,12.581647361197218,45.66750411864561,0.9,0.96,0.96,0.979,0.92,0.042424917221069336,252.7638210712718,500.0,True,0.495
AOM_LS,gammaCDff2_plus,0.9,0.96,0.96,0.984,0.92,0.6260504201680672,-0.02033312654133095,0.08625276038838758,12.501795781465056,45.235108798905394,0.9,0.96,0.96,0.979,0.92,0.042424917221069336,252.7638210712718,500.0,True,0.495
AOM_LS,gammaCDff2_plus,0.9,0.96,0.96,0.984,0.92,0.6302521008403361,-0.02010756605869496,0.08591399147999658,12.420596461364898,44.79903012734322,0.9,0.96,0.96,0.979,0.92,0.042424917221069336,252.7638210712718,500.0,True,0.495
AOM_LS,gammaCDff2_plus,0.9,0.96,0.96,0.984,0.92,0.634453781512605,-0.01988231865404546,0.08556704704817893,12.338044576233273,44.35931867267081,0.9,0.96,0.96,0.979,0.92,0.042424917221069336,252.7638210712718,500.0,True,0.495
AOM_LS,gammaCDff2_plus,0.9,0.96,0.96,0.984,0.92,0.6386554621848739,-0.019657383038546677,0.08521178596344937,12.254136596219716,43.916022155160384,0.9,0.96,0.96,0.979,0.92,0.042424917221069336,252.7638210712718,500.0,True,0.495
AOM_LS,gammaCDff2_plus,0.9,0.96,0.96,0.984,0.92,0.6428571428571428,-0.019432757850624895,0.08484808524217317,12.168870049910895,43.46917595038657,0.9,0.96,0.96,0.979,0.92,0.042424917221069336,252.7638210712718,500.0,True,0.495
AOM_LS,gammaCDff2_plus,0.9,0.96,0.96,0.984,0.92,0.6470588235294118,-0.019208442437533103,0.08447572652381719,12.082236471155165,43.018864829552534,0.9,0.96,0.96,0.979,0.92,0.042424917221069336,252.7638210712718,500.0,True,0.495
AOM_LS,gammaCDff2_plus,0.9,0.96,0.96,0.984,0.92,0.6512605042016807,-0.01898443512210215,0.08409462037736698,11.994236823548405,42.565111349266104,0.9,0.96,0.96,0.979,0.92,0.042424917221069336,252.7638210712718,500.0,True,0.495
AOM_LS,gammaCDff2_plus,0.9,0.96,0.96,0.984,0.92,0.6554621848739496,-0.018760735294640448,0.08370455064609955,11.904862863966223,42.107995072401806,0.9,0.96,0.96,0.979,0.92,0.042424917221069336,252.7638210712718,500.0,True,0.495
AOM_LS,gammaCDff2_plus,0.9,0.96,0.96,0.984,0.92,0.6596638655462185,-0.01853734225699233,0.08330532534985746,11.814107927007345,41.64758049397545,0.9,0.96,0.96,0.979,0.92,0.042424917221069336,252.7638210712718,500.0,True,0.495
AOM_LS,gammaCDff2_plus,0.9,0.96,0.96,0.984,0.92,0.6638655462184874,-0.018314255325272633,0.08289675036050015,11.72196545468774,41.183932311912095,0.9,0.96,0.96,0.979,0.92,0.042424917221069336,252.7638210712718,500.0,True,0.495
AOM_LS,gammaCDff2_plus,0.9,0.96,0.96,0.984,0.92,0.6680672268907563,-0.018091473578202472,0.08247863478982133,11.628430794335593,40.71712276923613,0.9,0.96,0.96,0.979,0.92,0.042424917221069336,252.7638210712718,500.0,True,0.495
AOM_LS,gammaCDff2_plus,0.9,0.96,0.96,0.984,0.92,0.6722689075630253,-0.017868993906822915,0.08205100177542761,11.53351970084085,40.24715861952923,0.9,0.96,0.96,0.979,0.92,0.042424917221069336,252.7638210712718,500.0,True,0.495
AOM_LS,gammaCDff2_plus,0.9,0.96,0.96,0.984,0.92,0.6764705882352942,-0.017646816512011866,0.08161357111050037,11.437218278031203,39.77412941280836,0.9,0.96,0.96,0.979,0.92,0.042424917221069336,252.7638210712718,500.0,True,0.495
AOM_LS,gammaCDff2_plus,0.9,0.96,0.96,0.984,0.92,0.680672268907563,-0.017424938814911473,0.08116630656353654,11.339537171359241,39.29806005840139,0.9,0.96,0.96,0.979,0.92,0.042424917221069336,252.7638210712718,500.0,True,0.495
AOM_LS,gammaCDff2_plus,0.9,0.96,0.96,0.984,0.92,0.6848739495798319,-0.017203359563373693,0.08070905121295702,11.240475239222635,38.8190067082208,0.9,0.96,0.96,0.979,0.92,0.042424917221069336,252.7638210712718,500.0,True,0.495
AOM_LS,gammaCDff2_plus,0.9,0.96,0.96,0.984,0.92,0.6890756302521008,-0.01698207800340907,0.08024159975073963,11.140027521380492,38.33704259832778,0.9,0.96,0.96,0.979,0.92,0.042424917221069336,252.7638210712718,500.0,True,0.495
AOM_LS,gammaCDff2_plus,0.9,0.96,0.96,0.984,0.92,0.6932773109243697,-0.016761093426279558,0.07976374715893886,11.03819011747604,37.85224507893503,0.9,0.96,0.96,0.979,0.92,0.042424917221069336,252.7638210712718,500.0,True,0.495
AOM_LS,gammaCDff2_plus,0.9,0.96,0.96,0.984,0.92,0.6974789915966386,-0.016540405432280532,0.07927532909700498,10.934959634979016,37.36465435602986,0.9,0.96,0.96,0.979,0.92,0.042424917221069336,252.7638210712718,500.0,True,0.495
AOM_LS,gammaCDff2_plus,0.9,0.96,0.96,0.984,0.92,0.7016806722689075,-0.016320012380165932,0.07877613365191898,10.830337160631426,36.874380681507304,0.9,0.96,0.96,0.979,0.92,0.042424917221069336,252.7638210712718,500.0,True,0.495
AOM_LS,gammaCDff2_plus,0.9,0.96,0.96,0.984,0.92,0.7058823529411764,-0.016099912653871954,0.07826595840734696,10.724323247034482,36.38152051133948,0.9,0.96,0.96,0.979,0.92,0.042424917221069336,252.7638210712718,500.0,True,0.495
AOM_LS,gammaCDff2_plus,0.9,0.96,0.96,0.984,0.92,0.7100840336134454,-0.015880105033163606,0.07774462343153254,10.616917169858771,35.88613927708296,0.9,0.96,0.96,0.979,0.92,0.042424917221069336,252.7638210712718,500.0,True,0.495
AOM_LS,gammaCDff2_plus,0.9,0.96,0.96,0.984,0.92,0.7142857142857143,-0.015660588506829436,0.07721195342424297,10.508117883951416,35.38829359743165,0.9,0.96,0.96,0.979,0.92,0.042424917221069336,252.7638210712718,500.0,True,0.495
AOM_LS,gammaCDff2_plus,0.9,0.96,0.96,0.984,0.92,0.7184873949579832,-0.015441362289860443,0.07666777518241197,10.39792399763341,34.88803345294431,0.9,0.96,0.96,0.979,0.92,0.042424917221069336,252.7638210712718,500.0,True,0.495
AOM_LS,gammaCDff2_plus,0.9,0.96,0.96,0.984,0.92,0.7226890756302521,-0.015222424613655108,0.0761118879109879,10.28633766367872,34.385453240772726,0.9,0.96,0.96,0.979,0.92,0.042424917221069336,252.7638210712718,500.0,True,0.495
AOM_LS,gammaCDff2_plus,0.9,0.96,0.96,0.984,0.92,0.726890756302521,-0.015003774221013027,0.0755440999924703,10.173359749881907,33.88062827827877,0.9,0.96,0.96,0.979,0.92,0.042424917221069336,252.7638210712718,500.0,True,0.495
AOM_LS,gammaCDff2_plus,0.9,0.96,0.96,0.984,0.92,0.7310924369747899,-0.014785410346556185,0.07496422857597976,10.05898988272822,33.37361545084519,0.9,0.96,0.96,0.979,0.92,0.042424917221069336,252.7638210712718,500.0,True,0.495
AOM_LS,gammaCDff2_plus,0.9,0.96,0.96,0.984,0.92,0.7352941176470589,-0.014567332185355997,0.07437208657339499,9.943228145411812,32.86447554189939,0.9,0.96,0.96,0.979,0.92,0.042424917221069336,252.7638210712718,500.0,True,0.495
AOM_LS,gammaCDff2_plus,0.9,0.96,0.96,0.984,0.92,0.7394957983193278,-0.014349540206081719,0.0737675182566172,9.826071744642443,32.353220149839196,0.9,0.96,0.96,0.979,0.92,0.042424917221069336,252.7638210712718,500.0,True,0.495
AOM_LS,gammaCDff2_plus,0.9,0.96,0.96,0.984,0.92,0.7436974789915967,-0.014132032543228507,0.0731503016195258,9.707524114971225,31.839956900196164,0.9,0.96,0.96,0.979,0.92,0.042424917221069336,252.7638210712718,500.0,True,0.495
AOM_LS,gammaCDff2_plus,0.9,0.96,0.96,0.984,0.92,0.7478991596638656,-0.013914806778114035,0.0725201965237705,9.587590428634552,31.324817498473966,0.9,0.96,0.96,0.979,0.92,0.042424917221069336,252.7638210712718,500.0,True,0.495
AOM_LS,gammaCDff2_plus,0.9,0.96,0.96,0.984,0.92,0.7521008403361344,-0.013697862049441744,0.07187700190552178,9.466272241246743,30.80787253172123,0.9,0.96,0.96,0.979,0.92,0.042424917221069336,252.7638210712718,500.0,True,0.495
AOM_LS,gammaCDff2_plus,0.9,0.96,0.96,0.984,0.92,0.7563025210084033,-0.013481197894166519,0.0712205244834518,9.343570395302,30.28917803203242,0.9,0.96,0.96,0.979,0.92,0.042424917221069336,252.7638210712718,500.0,True,0.495
AOM_LS,gammaCDff2_plus,0.9,0.96,0.96,0.984,0.92,0.7605042016806722,-0.013264814034071266,0.07055056507753033,9.219486139582395,29.768794589657325,0.9,0.96,0.96,0.979,0.92,0.042424917221069336,252.7638210712718,500.0,True,0.495
AOM_LS,gammaCDff2_plus,0.9,0.96,0.96,0.984,0.92,0.7647058823529411,-0.013048710154027117,0.06986691816629514,9.094021267266475,29.24678864413956,0.9,0.96,0.96,0.979,0.92,0.042424917221069336,252.7638210712718,500.0,True,0.495
AOM_LS,gammaCDff2_plus,0.9,0.96,0.96,0.984,0.92,0.76890756302521,-0.012832884408057825,0.06916936829875521,8.967179145013903,28.72324286826298,0.9,0.96,0.96,0.979,0.92,0.042424917221069336,252.7638210712718,500.0,True,0.495
AOM_LS,gammaCDff2_plus,0.9,0.96,0.96,0.984,0.92,0.7731092436974789,-0.012617335142691253,0.0684576944240678,8.838963501046697,28.198243619814907,0.9,0.96,0.96,0.979,0.92,0.042424917221069336,252.7638210712718,500.0,True,0.495
AOM_LS,gammaCDff2_plus,0.9,0.96,0.96,0.984,0.92,0.7773109243697479,-0.012402061626368331,0.06773167177566511,8.709377900641869,27.671875467930185,0.9,0.96,0.96,0.979,0.92,0.042424917221069336,252.7638210712718,500.0,True,0.495
AOM_LS,gammaCDff2_plus,0.9,0.96,0.96,0.984,0.92,0.7815126050420168,-0.012187062940190797,0.06699106921994553,8.578426504076239,27.1442288391772,0.9,0.96,0.96,0.979,0.92,0.042424917221069336,252.7638210712718,500.0,True,0.495
AOM_LS,gammaCDff2_plus,0.9,0.96,0.96,0.984,0.92,0.7857142857142857,-0.011972337473091383,0.06623561193259551,8.446116823739716,26.615449965293294,0.9,0.96,0.96,0.979,0.92,0.042424917221069336,252.7638210712718,500.0,True,0.495
AOM_LS,gammaCDff2_plus,0.9,0.96,0.96,0.984,0.92,0.7899159663865546,-0.011757884221371058,0.06546507635979264,8.312452680081696,26.08561310163014,0.9,0.96,0.96,0.979,0.92,0.042424917221069336,252.7638210712718,500.0,True,0.495
AOM_LS,gammaCDff2_plus,0.9,0.96,0.96,0.984,0.92,0.7941176470588236,-0.011543702512990634,0.06467926982869597,8.177435694389223,25.55474792389875,0.9,0.96,0.96,0.979,0.92,0.042424917221069336,252.7638210712718,500.0,True,0.495
AOM_LS,gammaCDff2_plus,0.9,0.96,0.96,0.984,0.92,0.7983193277310925,-0.0113297906534035,0.0638779309822333,8.041072657574208,25.022973103259343,0.9,0.96,0.96,0.979,0.92,0.042424917221069336,252.7638210712718,500.0,True,0.495
AOM_LS,gammaCDff2_plus,0.9,0.96,0.96,0.984,0.92,0.8025210084033614,-0.011116147400763476,0.06306081217557834,7.903369287147303,24.49038440146114,0.9,0.96,0.96,0.979,0.92,0.042424917221069336,252.7638210712718,500.0,True,0.495
AOM_LS,gammaCDff2_plus,0.9,0.96,0.96,0.984,0.92,0.8067226890756303,-0.010902771687280067,0.06222767465061718,7.764330652265147,23.957061662663374,0.9,0.96,0.96,0.979,0.92,0.042424917221069336,252.7638210712718,500.0,True,0.495
AOM_LS,gammaCDff2_plus,0.9,0.96,0.96,0.984,0.92,0.8109243697478992,-0.010689662285218839,0.061378275120334995,7.623962210872403,23.423087199963152,0.9,0.96,0.96,0.979,0.92,0.042424917221069336,252.7638210712718,500.0,True,0.495
AOM_LS,gammaCDff2_plus,0.9,0.96,0.96,0.984,0.92,0.8151260504201681,-0.010476817729486098,0.06051236429812767,7.482269930337718,22.888547648966195,0.9,0.96,0.96,0.979,0.92,0.042424917221069336,252.7638210712718,500.0,True,0.495
AOM_LS,gammaCDff2_plus,0.9,0.96,0.96,0.984,0.92,0.819327731092437,-0.01026423525553272,0.05962964761345487,7.339263393775372,22.35358766563971,0.9,0.96,0.96,0.979,0.92,0.042424917221069336,252.7638210712718,500.0,True,0.495
AOM_LS,gammaCDff2_plus,0.9,0.96,0.96,0.984,0.92,0.8235294117647058,-0.010051913674007056,0.05872987951191591,7.194948247205795,21.818279779966044,0.9,0.96,0.96,0.979,0.92,0.042424917221069336,252.7638210712718,500.0,True,0.495
AOM_LS,gammaCDff2_plus,0.9,0.96,0.96,0.984,0.92,0.8277310924369747,-0.009839852671209164,0.05781284244931821,7.049327874541473,21.2826534742002,0.9,0.96,0.96,0.979,0.92,0.042424917221069336,252.7638210712718,500.0,True,0.495
AOM_LS,gammaCDff2_plus,0.9,0.96,0.96,0.984,0.92,0.8319327731092436,-0.009628049395953684,0.05687824405653222,6.902411695062518,20.746837172292476,0.9,0.96,0.96,0.979,0.92,0.042424917221069336,252.7638210712718,500.0,True,0.495
AOM_LS,gammaCDff2_plus,0.9,0.96,0.96,0.984,0.92,0.8361344537815125,-0.009416501007862727,0.05592579354656152,6.754208991480629,20.210952253003466,0.9,0.96,0.96,0.979,0.92,0.042424917221069336,252.7638210712718,500.0,True,0.495
AOM_LS,gammaCDff2_plus,0.9,0.96,0.96,0.984,0.92,0.8403361344537815,-0.0092052055689453,0.05495522956359789,6.604726614257664,19.675074517796997,0.9,0.96,0.96,0.979,0.92,0.042424917221069336,252.7638210712718,500.0,True,0.495
AOM_LS,gammaCDff2_plus,0.9,0.96,0.96,0.984,0.92,0.8445378151260504,-0.00899416127367008,0.05396629601884612,6.453970945105411,19.13926751839914,0.9,0.96,0.96,0.979,0.92,0.042424917221069336,252.7638210712718,500.0,True,0.495
AOM_LS,gammaCDff2_plus,0.9,0.96,0.96,0.984,0.92,0.8487394957983193,-0.008783365422249468,0.05295870396642862,6.301951035565554,18.603634855435843,0.9,0.96,0.96,0.979,0.92,0.042424917221069336,252.7638210712718,500.0,True,0.495
AOM_LS,gammaCDff2_plus,0.9,0.96,0.96,0.984,0.92,0.8529411764705882,-0.008572815326518811,0.051932167406448876,6.148675637253377,18.068270663120273,0.9,0.96,0.96,0.979,0.92,0.042424917221069336,252.7638210712718,500.0,True,0.495
AOM_LS,gammaCDff2_plus,0.9,0.96,0.96,0.984,0.92,0.8571428571428572,-0.008362507459802934,0.05088640424848896,5.99415302507365,17.533258621553745,0.9,0.96,0.96,0.979,0.92,0.042424917221069336,252.7638210712718,500.0,True,0.495
AOM_LS,gammaCDff2_plus,0.9,0.96,0.96,0.984,0.92,0.8613445378151261,-0.008152437556749366,0.04982112656677275,5.838391826831763,16.998684962453552,0.9,0.96,0.96,0.979,0.92,0.042424917221069336,252.7638210712718,500.0,True,0.495
AOM_LS,gammaCDff2_plus,0.9,0.96,0.96,0.984,0.92,0.865546218487395,-0.007942600795665233,0.048736041264337455,5.68140094704012,16.46463709227448,0.9,0.96,0.96,0.979,0.92,0.042424917221069336,252.7638210712718,500.0,True,0.495
AOM_LS,gammaCDff2_plus,0.9,0.96,0.96,0.984,0.92,0.8697478991596639,-0.007732991972964934,0.04763084817527838,5.523189844514013,15.931206413656604,0.9,0.96,0.96,0.979,0.92,0.042424917221069336,252.7638210712718,500.0,True,0.495
AOM_LS,gammaCDff2_plus,0.9,0.96,0.96,0.984,0.92,0.8739495798319328,-0.007523605119038988,0.046505243809807015,5.3637680795301526,15.39848277964624,0.9,0.96,0.96,0.979,0.92,0.042424917221069336,252.7638210712718,500.0,True,0.495
AOM_LS,gammaCDff2_plus,0.9,0.96,0.96,0.984,0.92,0.8781512605042017,-0.007314432395357424,0.04535892024261679,5.203145235517646,14.866556070629297,0.9,0.96,0.96,0.979,0.92,0.042424917221069336,252.7638210712718,500.0,True,0.495
AOM_LS,gammaCDff2_plus,0.9,0.96,0.96,0.984,0.92,0.8823529411764706,-0.007105467680622583,0.044191565365403467,5.041331554257536,14.335515335257021,0.9,0.96,0.96,0.979,0.92,0.042424917221069336,252.7638210712718,500.0,True,0.495
AOM_LS,gammaCDff2_plus,0.9,0.96,0.96,0.984,0.92,0.8865546218487395,-0.006896698623415508,0.043002862359618754,4.878336506102824,13.805449802862716,0.9,0.96,0.96,0.979,0.92,0.042424917221069336,252.7638210712718,500.0,True,0.495
AOM_LS,gammaCDff2_plus,0.9,0.96,0.96,0.984,0.92,0.8907563025210083,-0.0066881167524241725,0.04179249009300401,4.714170635587742,13.276447623537363,0.9,0.96,0.96,0.979,0.92,0.042424917221069336,252.7638210712718,500.0,True,0.495
AOM_LS,gammaCDff2_plus,0.9,0.96,0.96,0.984,0.92,0.8949579831932772,-0.006479704881737647,0.04056012257798977,4.548843290506851,12.748596934895527,0.9,0.96,0.96,0.979,0.92,0.042424917221069336,252.7638210712718,500.0,True,0.495
AOM_LS,gammaCDff2_plus,0.9,0.96,0.96,0.984,0.92,0.8991596638655461,-0.006271446873812226,0.03930542923745628,4.382364389432477,12.221984888512747,0.9,0.96,0.96,0.979,0.92,0.042424917221069336,252.7638210712718,500.0,True,0.495
AOM_LS,gammaCDff2_plus,0.9,0.96,0.96,0.984,0.92,0.9033613445378151,-0.006063318469394409,0.03802807457258176,4.214742806808375,11.69669818912848,0.9,0.96,0.96,0.979,0.92,0.042424917221069336,252.7638210712718,500.0,True,0.495
AOM_LS,gammaCDff2_plus,0.9,0.96,0.96,0.984,0.92,0.907563025210084,-0.0058552900783879844,0.036727718173499485,4.045986904309397,11.172822742438107,0.9,0.96,0.96,0.979,0.92,0.042424917221069336,252.7638210712718,500.0,True,0.495
AOM_LS,gammaCDff2_plus,0.9,0.96,0.96,0.984,0.92,0.9117647058823529,-0.005647325784295729,0.035404014627808865,3.876104394816638,10.650443557446598,0.9,0.96,0.96,0.979,0.92,0.042424917221069336,252.7638210712718,500.0,True,0.495
AOM_LS,gammaCDff2_plus,0.9,0.96,0.96,0.984,0.92,0.9159663865546218,-0.005439379501458866,0.03405661340415099,3.7051017134385855,10.129644717133912,0.9,0.96,0.96,0.979,0.92,0.042424917221069336,252.7638210712718,500.0,True,0.495
AOM_LS,gammaCDff2_plus,0.9,0.96,0.96,0.984,0.92,0.9201680672268908,-0.005231395070516039,0.032685158758770434,3.532984116999524,9.610509254062936,0.9,0.96,0.96,0.979,0.92,0.042424917221069336,252.7638210712718,500.0,True,0.495
AOM_LS,gammaCDff2_plus,0.9,0.96,0.96,0.984,0.92,0.9243697478991597,-0.00502330276692136,0.03128928962557528,3.3597551167326167,9.093119081789691,0.9,0.96,0.96,0.979,0.92,0.042424917221069336,252.7638210712718,500.0,True,0.495
AOM_LS,gammaCDff2_plus,0.9,0.96,0.96,0.984,0.92,0.9285714285714286,-0.004815004596484579,0.02986863950356957,3.185414061632497,8.577554999565422,0.9,0.96,0.96,0.979,0.92,0.042424917221069336,252.7638210712718,500.0,True,0.495
AOM_LS,gammaCDff2_plus,0.9,0.96,0.96,0.984,0.92,0.9327731092436975,-0.004606373344256517,0.028422836372238535,3.009956154659797,8.063896516122423,0.9,0.96,0.96,0.979,0.92,0.042424917221069336,252.7638210712718,500.0,True,0.495
AOM_LS,gammaCDff2_plus,0.9,0.96,0.96,0.984,0.92,0.9369747899159664,-0.004397237349439169,0.02695150258076879,2.833370152941879,7.552221819395023,0.9,0.96,0.96,0.979,0.92,0.042424917221069336,252.7638210712718,500.0,True,0.495
AOM_LS,gammaCDff2_plus,0.9,0.96,0.96,0.984,0.92,0.9411764705882353,-0.0041873711373173,0.025454254753361782,2.655637179413823,7.042607648166699,0.9,0.96,0.96,0.979,0.92,0.042424917221069336,252.7638210712718,500.0,True,0.495
AOM_LS,gammaCDff2_plus,0.9,0.96,0.96,0.984,0.92,0.9453781512605042,-0.003976470741201017,0.023930703695263,2.476727040027621,6.535129254159243,0.9,0.96,0.96,0.979,0.92,0.042424917221069336,252.7638210712718,500.0,True,0.495
AOM_LS,gammaCDff2_plus,0.9,0.96,0.96,0.984,0.92,0.9495798319327731,-0.0037641162500902593,0.02238045431978858,2.2965927486595197,6.029860375664646,0.9,0.96,0.96,0.979,0.92,0.042424917221069336,252.7638210712718,500.0,True,0.495
AOM_LS,gammaCDff2_plus,0.9,0.96,0.96,0.984,0.92,0.953781512605042,-0.0035497160622496287,0.020803105595035645,2.1151627190152196,5.526873245077067,0.9,0.96,0.96,0.979,0.92,0.042424917221069336,252.7638210712718,500.0,True,0.495
AOM_LS,gammaCDff2_plus,0.9,0.96,0.96,0.984,0.92,0.9579831932773109,-0.003332436547983544,0.01919825050630756,1.9323312273924722,5.0262386112750335,0.9,0.96,0.96,0.979,0.92,0.042424917221069336,252.7638210712718,500.0,True,0.495
AOM_LS,gammaCDff2_plus,0.9,0.96,0.96,0.984,0.92,0.9621848739495797,-0.00311109151895664,0.017565476066383052,1.7479430652756207,4.528025876333651,0.9,0.96,0.96,0.979,0.92,0.042424917221069336,252.7638210712718,500.0,True,0.495
AOM_LS,gammaCDff2_plus,0.9,0.96,0.96,0.984,0.92,0.9663865546218486,-0.0028839168447126456,0.015904363486949666,1.5617627930710498,4.032303496252403,0.9,0.96,0.96,0.979,0.92,0.042424917221069336,252.7638210712718,500.0,True,0.495
AOM_LS,gammaCDff2_plus,0.9,0.96,0.96,0.984,0.92,0.9705882352941176,-0.002648291374121314,0.014214488438964216,1.373438719274195,3.5391393581817074,0.9,0.96,0.96,0.979,0.92,0.042424917221069336,252.7638210712718,500.0,True,0.495
AOM_LS,gammaCDff2_plus,0.9,0.96,0.96,0.984,0.92,0.9747899159663865,-0.002400300725756342,0.012495421414093133,1.1824463684593196,3.0486016268145106,0.9,0.96,0.96,0.979,0.92,0.042424917221069336,252.7638210712718,500.0,True,0.495
AOM_LS,gammaCDff2_plus,0.9,0.96,0.96,0.984,0.92,0.9789915966386554,-0.002133693358361216,0.010746728955035811,0.9879517460283697,2.560761153902997,0.9,0.96,0.96,0.979,0.92,0.042424917221069336,252.7638210712718,500.0,True,0.495
AOM_LS,gammaCDff2_plus,0.9,0.96,0.96,0.984,0.92,0.9831932773109244,-0.0018384274161981785,0.008967971820615333,0.7886324680852214,2.075697424363661,0.9,0.96,0.96,0.979,0.92,0.042424917221069336,252.7638210712718,500.0,True,0.495
AOM_LS,gammaCDff2_plus,0.9,0.96,0.96,0.984,0.92,0.9873949579831933,-0.0014981849187370299,0.007158718509329186,0.582368697155456,1.5934885594566381,0.9,0.96,0.96,0.979,0.92,0.042424917221069336,252.7638210712718,500.0,True,0.495
AOM_LS,gammaCDff2_plus,0.9,0.96,0.96,0.984,0.92,0.9915966386554622,-0.0010849235059102896,0.005318249959365231,0.3655281867069236,1.114189604975321,0.9,0.96,0.96,0.979,0.92,0.042424917221069336,252.7638210712718,500.0,True,0.495
AOM_LS,gammaCDff2_plus,0.9,0.96,0.96,0.984,0.92,0.9957983193277311,-0.0005516691022296455,0.0034217369141405435,0.13168487996103762,0.6344171510523988,0.9,0.96,0.96,0.979,0.92,0.042424917221069336,252.7638210712718,500.0,True,0.495
AOM_LS,gammaCDff2_plus,0.9,0.96,0.96,0.984,0.92,1.0,0.0,0.0,0.0,0.0,0.9,0.96,0.96,0.979,0.92,0.042424917221069336,252.7638210712718,500.0,True,0.495
AOM_LS,gammaCDff2_minus,0.9,0.96,0.96,0.974,0.92,0.5,-0.027254212058789168,0.09327054391977022,22.45843424471941,56.25641905363345,0.9,0.96,0.96,0.979,0.92,0.04230999946594238,252.76382145287184,500.0,True,0.495
AOM_LS,gammaCDff2_minus,0.9,0.96,0.96,0.974,0.92,0.5042016806722689,-0.027018658557117072,0.09311729643678475,22.39914143751263,55.946100047800144,0.9,0.96,0.96,0.979,0.92,0.04230999946594238,252.76382145287184,500.0,True,0.495
AOM_LS,gammaCDff2_minus,0.9,0.96,0.96,0.974,0.92,0.5084033613445378,-0.026783458568796017,0.09295950015609576,22.338278754006634,55.63130431507228,0.9,0.96,0.96,0.979,0.92,0.04230999946594238,252.76382145287184,500.0,True,0.495
AOM_LS,gammaCDff2_minus,0.9,0.96,0.96,0.974,0.92,0.5126050420168067,-0.026548610703832565,0.09279709205907005,22.275830435586712,55.31199596469781,0.9,0.96,0.96,0.979,0.92,0.04230999946594238,252.76382145287184,500.0,True,0.495
AOM_LS,gammaCDff2_minus,0.9,0.96,0.96,0.974,0.92,0.5168067226890757,-0.026314113411055374,0.09262995826949523,22.211779032395405,54.988202884962845,0.9,0.96,0.96,0.979,0.92,0.04230999946594238,252.76382145287184,500.0,True,0.495
AOM_LS,gammaCDff2_minus,0.9,0.96,0.96,0.974,0.92,0.5210084033613446,-0.026079965019556547,0.09245794583745488,22.14610584604886,54.660001687012155,0.9,0.96,0.96,0.979,0.92,0.04230999946594238,252.76382145287184,500.0,True,0.495
AOM_LS,gammaCDff2_minus,0.9,0.96,0.96,0.974,0.92,0.5252100840336135,-0.02584616410956832,0.09228096752144291,22.07879454166412,54.32738574445508,0.9,0.96,0.96,0.979,0.92,0.04230999946594238,252.76382145287184,500.0,True,0.495
AOM_LS,gammaCDff2_minus,0.9,0.96,0.96,0.974,0.92,0.5294117647058824,-0.025612709262303225,0.09209893147232699,22.009828693090363,53.99035376820794,0.9,0.96,0.96,0.979,0.92,0.04230999946594238,252.76382145287184,500.0,True,0.495
AOM_LS,gammaCDff2_minus,0.9,0.96,0.96,0.974,0.92,0.5336134453781513,-0.02537959905997782,0.0919117414008674,21.9391917877188,53.64890953546731,0.9,0.96,0.96,0.979,0.92,0.04230999946594238,252.76382145287184,500.0,True,0.495
AOM_LS,gammaCDff2_minus,0.9,0.96,0.96,0.974,0.92,0.5378151260504201,-0.0251468320794869,0.09171929658648471,21.866866950507852,53.30306029501293,0.9,0.96,0.96,0.979,0.92,0.04230999946594238,252.76382145287184,500.0,True,0.495
AOM_LS,gammaCDff2_minus,0.9,0.96,0.96,0.974,0.92,0.542016806722689,-0.024914406850321324,0.09152149103120973,21.792835088229577,52.95280766027882,0.9,0.96,0.96,0.979,0.92,0.04230999946594238,252.76382145287184,500.0,True,0.495
AOM_LS,gammaCDff2_minus,0.9,0.96,0.96,0.974,0.92,0.5462184873949579,-0.024682322054818136,0.09131821834296418,21.717083734926828,52.5981894718505,0.9,0.96,0.96,0.979,0.92,0.04230999946594238,252.76382145287184,500.0,True,0.495
AOM_LS,gammaCDff2_minus,0.9,0.96,0.96,0.974,0.92,0.5504201680672269,-0.024450576275335943,0.09110936588807327,21.639595890200326,52.23922643157441,0.9,0.96,0.96,0.979,0.92,0.04230999946594238,252.76382145287184,500.0,True,0.495
AOM_LS,gammaCDff2_minus,0.9,0.96,0.96,0.974,0.92,0.5546218487394958,-0.024219168088239387,0.0908948171429519,21.560354170361887,51.87594160929033,0.9,0.96,0.96,0.979,0.92,0.04230999946594238,252.76382145287184,500.0,True,0.495
AOM_LS,gammaCDff2_minus,0.9,0.96,0.96,0.974,0.92,0.5588235294117647,-0.023988096072780945,0.09067445202661024,21.479341201917517,51.50836209424893,0.9,0.96,0.96,0.979,0.92,0.04230999946594238,252.76382145287184,500.0,True,0.495
AOM_LS,gammaCDff2_minus,0.9,0.96,0.96,0.974,0.92,0.5630252100840336,-0.023757358804540264,0.09044814576501066,21.3965394972831,51.13651988041146,0.9,0.96,0.96,0.979,0.92,0.04230999946594238,252.76382145287184,500.0,True,0.495
AOM_LS,gammaCDff2_minus,0.9,0.96,0.96,0.974,0.92,0.5672268907563025,-0.02352695466450607,0.09021573232639606,21.311927846502314,50.76048400124641,0.9,0.96,0.96,0.979,0.92,0.04230999946594238,252.76382145287184,500.0,True,0.495
AOM_LS,gammaCDff2_minus,0.9,0.96,0.96,0.974,0.92,0.5714285714285714,-0.023296882381403563,0.08997710868819593,21.225491576080465,50.380268359558066,0.9,0.96,0.96,0.979,0.92,0.04230999946594238,252.76382145287184,500.0,True,0.495
AOM_LS,gammaCDff2_minus,0.9,0.96,0.96,0.974,0.92,0.5756302521008403,-0.023067140821180065,0.08973219462364898,21.13721853865466,49.99586735230887,0.9,0.96,0.96,0.979,0.92,0.04230999946594238,252.76382145287184,500.0,True,0.495
AOM_LS,gammaCDff2_minus,0.9,0.96,0.96,0.974,0.92,0.5798319327731092,-0.022837731886467576,0.08948080618311965,21.04707415057954,49.60726751051008,0.9,0.96,0.96,0.979,0.92,0.04230999946594238,252.76382145287184,500.0,True,0.495
AOM_LS,gammaCDff2_minus,0.9,0.96,0.96,0.974,0.92,0.5840336134453782,-0.02260865070656637,0.08922280641999948,20.95505370993746,49.214610953832555,0.9,0.96,0.96,0.979,0.92,0.04230999946594238,252.76382145287184,500.0,True,0.495
AOM_LS,gammaCDff2_minus,0.9,0.96,0.96,0.974,0.92,0.5882352941176471,-0.022379896310900215,0.08895815484690875,20.86114837705712,48.81785113448444,0.9,0.96,0.96,0.979,0.92,0.04230999946594238,252.76382145287184,500.0,True,0.495
AOM_LS,gammaCDff2_minus,0.9,0.96,0.96,0.974,0.92,0.592436974789916,-0.022151467296632404,0.0886867060284337,20.765340595538344,48.417040338398905,0.9,0.96,0.96,0.979,0.92,0.04230999946594238,252.76382145287184,500.0,True,0.495
AOM_LS,gammaCDff2_minus,0.9,0.96,0.96,0.974,0.92,0.5966386554621849,-0.02192336214111648,0.08840828813120925,20.66761115597405,48.01225752114336,0.9,0.96,0.96,0.979,0.92,0.04230999946594238,252.76382145287184,500.0,True,0.495
AOM_LS,gammaCDff2_minus,0.9,0.96,0.96,0.974,0.92,0.6008403361344538,-0.02169557972640022,0.08812280459679292,20.567946571860272,47.60350546610263,0.9,0.96,0.96,0.979,0.92,0.04230999946594238,252.76382145287184,500.0,True,0.495
AOM_LS,gammaCDff2_minus,0.9,0.96,0.96,0.974,0.92,0.6050420168067226,-0.02146811883575387,0.08783013679224858,20.46633197884827,47.19080930649194,0.9,0.96,0.96,0.979,0.92,0.04230999946594238,252.76382145287184,500.0,True,0.495
AOM_LS,gammaCDff2_minus,0.9,0.96,0.96,0.974,0.92,0.6092436974789917,-0.02124097808148492,0.08753012792998482,20.362749977866397,46.77423243770986,0.9,0.96,0.96,0.979,0.92,0.04230999946594238,252.76382145287184,500.0,True,0.495
AOM_LS,gammaCDff2_minus,0.9,0.96,0.96,0.974,0.92,0.6134453781512605,-0.02101415607804018,0.08722261731362017,20.257183115187285,46.353841787382365,0.9,0.96,0.96,0.979,0.92,0.04230999946594238,252.76382145287184,500.0,True,0.495
AOM_LS,gammaCDff2_minus,0.9,0.96,0.96,0.974,0.92,0.6176470588235294,-0.02078765174575946,0.08690751823640967,20.149619483133918,45.929630204622846,0.9,0.96,0.96,0.979,0.92,0.04230999946594238,252.76382145287184,500.0,True,0.495
AOM_LS,gammaCDff2_minus,0.9,0.96,0.96,0.974,0.92,0.6218487394957983,-0.020561463776182398,0.08658468035789496,20.04004276600663,45.5016535560545,0.9,0.96,0.96,0.979,0.92,0.04230999946594238,252.76382145287184,500.0,True,0.495
AOM_LS,gammaCDff2_minus,0.9,0.96,0.96,0.974,0.92,0.6260504201680672,-0.020335590884777908,0.08625392202576047,19.928433910160415,45.06999360509999,0.9,0.96,0.96,0.979,0.92,0.04230999946594238,252.76382145287184,500.0,True,0.495
AOM_LS,gammaCDff2_minus,0.9,0.96,0.96,0.974,0.92,0.6302521008403361,-0.020110031773916688,0.08591513930293469,19.81478139277293,44.634666281920246,0.9,0.96,0.96,0.979,0.92,0.04230999946594238,252.76382145287184,500.0,True,0.495
AOM_LS,gammaCDff2_minus,0.9,0.96,0.96,0.974,0.92,0.634453781512605,-0.019884785283151105,0.08556818098659756,19.699068745361018,44.19572230533396,0.9,0.96,0.96,0.979,0.92,0.04230999946594238,252.76382145287184,500.0,True,0.495
AOM_LS,gammaCDff2_minus,0.9,0.96,0.96,0.974,0.92,0.6386554621848739,-0.019659850118025547,0.08521290580504755,19.581281561945175,43.75320969853872,0.9,0.96,0.96,0.979,0.92,0.04230999946594238,252.76382145287184,500.0,True,0.495
AOM_LS,gammaCDff2_minus,0.9,0.96,0.96,0.974,0.92,0.6428571428571428,-0.019435224910719324,0.08484919089211819,19.461407859122097,43.307163958568694,0.9,0.96,0.96,0.979,0.92,0.04230999946594238,252.76382145287184,500.0,True,0.495
AOM_LS,gammaCDff2_minus,0.9,0.96,0.96,0.974,0.92,0.6470588235294118,-0.019210908997758017,0.08447681791737895,19.33942241339168,42.85767018722155,0.9,0.96,0.96,0.979,0.92,0.04230999946594238,252.76382145287184,500.0,True,0.495
AOM_LS,gammaCDff2_minus,0.9,0.96,0.96,0.974,0.92,0.6512605042016807,-0.018986900698941826,0.08409569736541514,19.215319240142364,42.40475111593906,0.9,0.96,0.96,0.979,0.92,0.04230999946594238,252.76382145287184,500.0,True,0.495
AOM_LS,gammaCDff2_minus,0.9,0.96,0.96,0.974,0.92,0.6554621848739496,-0.018763199393101084,0.08370561322356347,19.089073454616234,41.94848658469241,0.9,0.96,0.96,0.979,0.92,0.04230999946594238,252.76382145287184,500.0,True,0.495
AOM_LS,gammaCDff2_minus,0.9,0.96,0.96,0.974,0.92,0.6596638655462185,-0.018539804373730442,0.08330637340544815,18.9606635020545,41.48894144673039,0.9,0.96,0.96,0.979,0.92,0.04230999946594238,252.76382145287184,500.0,True,0.495
AOM_LS,gammaCDff2_minus,0.9,0.96,0.96,0.974,0.92,0.6638655462184874,-0.018316714949682376,0.08289778367393821,18.830067742648176,41.02618071030008,0.9,0.96,0.96,0.979,0.92,0.04230999946594238,252.76382145287184,500.0,True,0.495
AOM_LS,gammaCDff2_minus,0.9,0.96,0.96,0.974,0.92,0.6680672268907563,-0.018093930183573605,0.0824796537413482,18.69726693650611,40.56027677485208,0.9,0.96,0.96,0.979,0.92,0.04230999946594238,252.76382145287184,500.0,True,0.495
AOM_LS,gammaCDff2_minus,0.9,0.96,0.96,0.974,0.92,0.6722689075630253,-0.01787144698178956,0.0820520056446107,18.562278758337786,40.09123660236147,0.9,0.96,0.96,0.979,0.92,0.04230999946594238,252.76382145287184,500.0,True,0.495
AOM_LS,gammaCDff2_minus,0.9,0.96,0.96,0.974,0.92,0.6764705882352942,-0.017649265525728562,0.08161455970014553,18.42506752580518,39.619150062559456,0.9,0.96,0.96,0.979,0.92,0.04230999946594238,252.76382145287184,500.0,True,0.495
AOM_LS,gammaCDff2_minus,0.9,0.96,0.96,0.974,0.92,0.680672268907563,-0.017427383231268474,0.08116728012713038,18.28564138926937,39.14404197184486,0.9,0.96,0.96,0.979,0.92,0.04230999946594238,252.76382145287184,500.0,True,0.495
AOM_LS,gammaCDff2_minus,0.9,0.96,0.96,0.974,0.92,0.6848739495798319,-0.017205798846007675,0.08071000939830807,18.143986944275607,38.66596888811115,0.9,0.96,0.96,0.979,0.92,0.04230999946594238,252.76382145287184,500.0,True,0.495
AOM_LS,gammaCDff2_minus,0.9,0.96,0.96,0.974,0.92,0.6890756302521008,-0.01698451160215541,0.08024254262456404,18.00008336186979,38.185004243935644,0.9,0.96,0.96,0.979,0.92,0.04230999946594238,252.76382145287184,500.0,True,0.495
AOM_LS,gammaCDff2_minus,0.9,0.96,0.96,0.974,0.92,0.6932773109243697,-0.016763520782582197,0.07976467467451473,17.85391085112313,37.701225745380924,0.9,0.96,0.96,0.979,0.92,0.04230999946594238,252.76382145287184,500.0,True,0.495
AOM_LS,gammaCDff2_minus,0.9,0.96,0.96,0.974,0.92,0.6974789915966386,-0.016542825981563,0.07927624113899039,17.70545297120215,37.2146738843972,0.9,0.96,0.96,0.979,0.92,0.04230999946594238,252.76382145287184,500.0,True,0.495
AOM_LS,gammaCDff2_minus,0.9,0.96,0.96,0.974,0.92,0.7016806722689075,-0.0163224255492591,0.07877703019233177,17.554694804907456,36.72545914655065,0.9,0.96,0.96,0.979,0.92,0.04230999946594238,252.76382145287184,500.0,True,0.495
AOM_LS,gammaCDff2_minus,0.9,0.96,0.96,0.974,0.92,0.7058823529411764,-0.016102317860083645,0.07826683939027565,17.40162146223394,36.23367833455442,0.9,0.96,0.96,0.979,0.92,0.04230999946594238,252.76382145287184,500.0,True,0.495
AOM_LS,gammaCDff2_minus,0.9,0.96,0.96,0.974,0.92,0.7100840336134454,-0.015882501685620203,0.07774548878143286,17.24621817817756,35.739397185536674,0.9,0.96,0.96,0.979,0.92,0.04230999946594238,252.76382145287184,500.0,True,0.495
AOM_LS,gammaCDff2_minus,0.9,0.96,0.96,0.974,0.92,0.7142857142857143,-0.01566297600603407,0.07721280304304126,17.08847010426236,35.24267263514588,0.9,0.96,0.96,0.979,0.92,0.04230999946594238,252.76382145287184,500.0,True,0.495
AOM_LS,gammaCDff2_minus,0.9,0.96,0.96,0.974,0.92,0.7184873949579832,-0.015443740031449585,0.07666860903720953,16.928362091604285,34.74355482883695,0.9,0.96,0.96,0.979,0.92,0.04230999946594238,252.76382145287184,500.0,True,0.495
AOM_LS,gammaCDff2_minus,0.9,0.96,0.96,0.974,0.92,0.7226890756302521,-0.015224791983817874,0.07611270595560642,16.765880886312328,34.24213849540967,0.9,0.96,0.96,0.979,0.92,0.04230999946594238,252.76382145287184,500.0,True,0.495
AOM_LS,gammaCDff2_minus,0.9,0.96,0.96,0.974,0.92,0.726890756302521,-0.015006130596768825,0.07554490216062847,16.60101240222184,33.73849928752044,0.9,0.96,0.96,0.979,0.92,0.04230999946594238,252.76382145287184,500.0,True,0.495
AOM_LS,gammaCDff2_minus,0.9,0.96,0.96,0.974,0.92,0.7310924369747899,-0.014787755097385514,0.07496501480821667,16.43374173666499,33.232694371736585,0.9,0.96,0.96,0.979,0.92,0.04230999946594238,252.76382145287184,500.0,True,0.495
AOM_LS,gammaCDff2_minus,0.9,0.96,0.96,0.974,0.92,0.7352941176470589,-0.014569664673053198,0.0743728568171422,16.264054121434317,32.72478481895981,0.9,0.96,0.96,0.979,0.92,0.04230999946594238,252.76382145287184,500.0,True,0.495
AOM_LS,gammaCDff2_minus,0.9,0.96,0.96,0.974,0.92,0.7394957983193278,-0.01435185978452252,0.0737682724108672,16.091933774681134,32.21478256113959,0.9,0.96,0.96,0.979,0.92,0.04230999946594238,252.76382145287184,500.0,True,0.495
AOM_LS,gammaCDff2_minus,0.9,0.96,0.96,0.974,0.92,0.7436974789915967,-0.014134338561215548,0.07315103970841906,15.917366998467386,31.702795379997113,0.9,0.96,0.96,0.979,0.92,0.04230999946594238,252.76382145287184,500.0,True,0.495
AOM_LS,gammaCDff2_minus,0.9,0.96,0.96,0.974,0.92,0.7478991596638656,-0.013917098573521395,0.0725209185628572,15.740340647021192,31.188955360099747,0.9,0.96,0.96,0.979,0.92,0.04230999946594238,252.76382145287184,500.0,True,0.495
AOM_LS,gammaCDff2_minus,0.9,0.96,0.96,0.974,0.92,0.7521008403361344,-0.01370013894949537,0.07187770784860097,15.560840281386675,30.67333350154568,0.9,0.96,0.96,0.979,0.92,0.04230999946594238,252.76382145287184,500.0,True,0.495
AOM_LS,gammaCDff2_minus,0.9,0.96,0.96,0.974,0.92,0.7563025210084033,-0.013483459218646176,0.0712212142951448,15.37885114660474,30.15598613375985,0.9,0.96,0.96,0.979,0.92,0.04230999946594238,252.76382145287184,500.0,True,0.495
AOM_LS,gammaCDff2_minus,0.9,0.96,0.96,0.974,0.92,0.7605042016806722,-0.013267059093292148,0.07055123872877829,15.194358431419786,29.636974167039465,0.9,0.96,0.96,0.979,0.92,0.04230999946594238,252.76382145287184,500.0,True,0.495
AOM_LS,gammaCDff2_minus,0.9,0.96,0.96,0.974,0.92,0.7647058823529411,-0.013050938253897398,0.06986757564747087,15.007347383714482,29.116364332985956,0.9,0.96,0.96,0.979,0.92,0.04230999946594238,252.76382145287184,500.0,True,0.495
AOM_LS,gammaCDff2_minus,0.9,0.96,0.96,0.974,0.92,0.76890756302521,-0.01283509484626381,0.06917000961239975,14.817804207652634,28.59423962947385,0.9,0.96,0.96,0.979,0.92,0.04230999946594238,252.76382145287184,500.0,True,0.495
AOM_LS,gammaCDff2_minus,0.9,0.96,0.96,0.974,0.92,0.7731092436974789,-0.012619527205605975,0.06845831957769012,14.625715011938569,28.07068677003365,0.9,0.96,0.96,0.979,0.92,0.04230999946594238,252.76382145287184,500.0,True,0.495
AOM_LS,gammaCDff2_minus,0.9,0.96,0.96,0.974,0.92,0.7773109243697479,-0.012404234591839746,0.06773228078827598,14.431065350231636,27.545790669494274,0.9,0.96,0.96,0.979,0.92,0.04230999946594238,252.76382145287184,500.0,True,0.495
AOM_LS,gammaCDff2_minus,0.9,0.96,0.96,0.974,0.92,0.7815126050420168,-0.012189216077277487,0.06699166212216147,14.233840878294771,27.0196421101973,0.9,0.96,0.96,0.979,0.92,0.04230999946594238,252.76382145287184,500.0,True,0.495
AOM_LS,gammaCDff2_minus,0.9,0.96,0.96,0.974,0.92,0.7857142857142857,-0.01197447004069391,0.06623618881804336,14.034027711917751,26.492387669385067,0.9,0.96,0.96,0.979,0.92,0.04230999946594238,252.76382145287184,500.0,True,0.495
AOM_LS,gammaCDff2_minus,0.9,0.96,0.96,0.974,0.92,0.7899159663865546,-0.011759995468784725,0.06546563723997613,13.831611465470921,25.9641020789828,0.9,0.96,0.96,0.979,0.92,0.04230999946594238,252.76382145287184,500.0,True,0.495
AOM_LS,gammaCDff2_minus,0.9,0.96,0.96,0.974,0.92,0.7941176470588236,-0.011545791682272079,0.06467981469278554,13.626577435808828,25.434815373085943,0.9,0.96,0.96,0.979,0.92,0.04230999946594238,252.76382145287184,500.0,True,0.495
AOM_LS,gammaCDff2_minus,0.9,0.96,0.96,0.974,0.92,0.7983193277310925,-0.01133185697799344,0.06387845993597932,13.418911581824798,24.904646486114938,0.9,0.96,0.96,0.979,0.92,0.04230999946594238,252.76382145287184,500.0,True,0.495
AOM_LS,gammaCDff2_minus,0.9,0.96,0.96,0.974,0.92,0.8025210084033614,-0.011118190103384166,0.06306132527574665,13.208599543511678,24.373691652787983,0.9,0.96,0.96,0.979,0.92,0.04230999946594238,252.76382145287184,500.0,True,0.495
AOM_LS,gammaCDff2_minus,0.9,0.96,0.96,0.974,0.92,0.8067226890756303,-0.010904789980358617,0.06222817190095421,12.9956267622248,23.84203118695188,0.9,0.96,0.96,0.979,0.92,0.04230999946594238,252.76382145287184,500.0,True,0.495
AOM_LS,gammaCDff2_minus,0.9,0.96,0.96,0.974,0.92,0.8109243697478992,-0.010691655373384184,0.06137875657784277,12.779978660932759,23.309747734054472,0.9,0.96,0.96,0.979,0.92,0.04230999946594238,252.76382145287184,500.0,True,0.495
AOM_LS,gammaCDff2_minus,0.9,0.96,0.96,0.974,0.92,0.8151260504201681,-0.01047878481163981,0.06051283014286825,12.561640664297439,22.77692817645288,0.9,0.96,0.96,0.979,0.92,0.04230999946594238,252.76382145287184,500.0,True,0.495
AOM_LS,gammaCDff2_minus,0.9,0.96,0.96,0.974,0.92,0.819327731092437,-0.01026617551565365,0.05963009792650326,12.340598796607393,22.243717785745254,0.9,0.96,0.96,0.979,0.92,0.04230999946594238,252.76382145287184,500.0,True,0.495
AOM_LS,gammaCDff2_minus,0.9,0.96,0.96,0.974,0.92,0.8235294117647058,-0.01005382628341775,0.0587303142636686,12.116838126879115,21.71018966366963,0.9,0.96,0.96,0.979,0.92,0.04230999946594238,252.76382145287184,500.0,True,0.495
AOM_LS,gammaCDff2_minus,0.9,0.96,0.96,0.974,0.92,0.8277310924369747,-0.00984173679947986,0.0578132617796285,11.890343103094542,21.17637344321754,0.9,0.96,0.96,0.979,0.92,0.04230999946594238,252.76382145287184,500.0,True,0.495
AOM_LS,gammaCDff2_minus,0.9,0.96,0.96,0.974,0.92,0.8319327731092436,-0.009629904202338615,0.05687864813518953,11.661099302239553,20.642397993173933,0.9,0.96,0.96,0.979,0.92,0.04230999946594238,252.76382145287184,500.0,True,0.495
AOM_LS,gammaCDff2_minus,0.9,0.96,0.96,0.974,0.92,0.8361344537815125,-0.009418325639153988,0.055926182500835295,11.429092109911382,20.108385239301434,0.9,0.96,0.96,0.979,0.92,0.04230999946594238,252.76382145287184,500.0,True,0.495
AOM_LS,gammaCDff2_minus,0.9,0.96,0.96,0.974,0.92,0.8403361344537815,-0.009206999160090735,0.054955603447288975,11.19430619886305,19.574411538355612,0.9,0.96,0.96,0.979,0.92,0.04230999946594238,252.76382145287184,500.0,True,0.495
AOM_LS,gammaCDff2_minus,0.9,0.96,0.96,0.974,0.92,0.8445378151260504,-0.008995922953638191,0.053966654984379386,10.956725945529826,19.040540756492618,0.9,0.96,0.96,0.979,0.92,0.04230999946594238,252.76382145287184,500.0,True,0.495
AOM_LS,gammaCDff2_minus,0.9,0.96,0.96,0.974,0.92,0.8487394957983193,-0.008785094308821944,0.052959048168252865,10.716336128832321,18.506876990034115,0.9,0.96,0.96,0.979,0.92,0.04230999946594238,252.76382145287184,500.0,True,0.495
AOM_LS,gammaCDff2_minus,0.9,0.96,0.96,0.974,0.92,0.8529411764705882,-0.008574510527410557,0.05193249699279227,10.47312123956298,17.973514880290395,0.9,0.96,0.96,0.979,0.92,0.04230999946594238,252.76382145287184,500.0,True,0.495
AOM_LS,gammaCDff2_minus,0.9,0.96,0.96,0.974,0.92,0.8571428571428572,-0.008364168074323095,0.0508867193633246,10.227065369355818,17.440538609784948,0.9,0.96,0.96,0.979,0.92,0.04230999946594238,252.76382145287184,500.0,True,0.495
AOM_LS,gammaCDff2_minus,0.9,0.96,0.96,0.974,0.92,0.8613445378151261,-0.00815406267508842,0.049821427385160114,9.978152405125327,16.908034877425234,0.9,0.96,0.96,0.979,0.92,0.04230999946594238,252.76382145287184,500.0,True,0.495
AOM_LS,gammaCDff2_minus,0.9,0.96,0.96,0.974,0.92,0.865546218487395,-0.007944189497388197,0.048736327961430743,9.72636598437065,16.376091611185657,0.9,0.96,0.96,0.979,0.92,0.04230999946594238,252.76382145287184,500.0,True,0.495
AOM_LS,gammaCDff2_minus,0.9,0.96,0.96,0.974,0.92,0.8697478991596639,-0.00773454332585415,0.04763112093971074,9.471689649468582,15.844800731019284,0.9,0.96,0.96,0.979,0.92,0.04230999946594238,252.76382145287184,500.0,True,0.495
AOM_LS,gammaCDff2_minus,0.9,0.96,0.96,0.974,0.92,0.8739495798319328,-0.00752511818957951,0.046505502840971984,9.214106627204746,15.31425261970262,0.9,0.96,0.96,0.979,0.92,0.04230999946594238,252.76382145287184,500.0,True,0.495
AOM_LS,gammaCDff2_minus,0.9,0.96,0.96,0.974,0.92,0.8781512605042017,-0.007315906228431404,0.045359165749492954,8.953599671225659,14.784537701419627,0.9,0.96,0.96,0.979,0.92,0.04230999946594238,252.76382145287184,500.0,True,0.495
AOM_LS,gammaCDff2_minus,0.9,0.96,0.96,0.974,0.92,0.8823529411764706,-0.007106901315060897,0.04419179756768491,8.690151703843332,14.25574557751486,0.9,0.96,0.96,0.979,0.92,0.04230999946594238,252.76382145287184,500.0,True,0.495
AOM_LS,gammaCDff2_minus,0.9,0.96,0.96,0.974,0.92,0.8865546218487395,-0.006898091089734258,0.04300308148787933,8.423744358953014,13.727966041121288,0.9,0.96,0.96,0.979,0.92,0.04230999946594238,252.76382145287184,500.0,True,0.495
AOM_LS,gammaCDff2_minus,0.9,0.96,0.96,0.974,0.92,0.8907563025210083,-0.006689467068684513,0.04179269638861346,8.154359823454344,13.20128781885153,0.9,0.96,0.96,0.979,0.92,0.04230999946594238,252.76382145287184,500.0,True,0.495
AOM_LS,gammaCDff2_minus,0.9,0.96,0.96,0.974,0.92,0.8949579831932772,-0.006481012061869289,0.04056031629373735,7.881978553940336,12.675799635167294,0.9,0.96,0.96,0.979,0.92,0.04230999946594238,252.76382145287184,500.0,True,0.495
AOM_LS,gammaCDff2_minus,0.9,0.96,0.96,0.974,0.92,0.8991596638655461,-0.006272709917079831,0.039305610637379466,7.606581028245266,12.15158924194741,0.9,0.96,0.96,0.979,0.92,0.04230999946594238,252.76382145287184,500.0,True,0.495
AOM_LS,gammaCDff2_minus,0.9,0.96,0.96,0.974,0.92,0.9033613445378151,-0.00606453637276861,0.03802824393259651,7.328146128000468,11.628743955192279,0.9,0.96,0.96,0.979,0.92,0.04230999946594238,252.76382145287184,500.0,True,0.495
AOM_LS,gammaCDff2_minus,0.9,0.96,0.96,0.974,0.92,0.907563025210084,-0.005856461832000858,0.036727875781428374,7.046651654971057,11.107350304933457,0.9,0.96,0.96,0.979,0.92,0.04230999946594238,252.76382145287184,500.0,True,0.495
AOM_LS,gammaCDff2_minus,0.9,0.96,0.96,0.974,0.92,0.9117647058823529,-0.005648450361452828,0.035404160783596164,6.762074184591464,10.587493937457646,0.9,0.96,0.96,0.979,0.92,0.04230999946594238,252.76382145287184,500.0,True,0.495
AOM_LS,gammaCDff2_minus,0.9,0.96,0.96,0.974,0.92,0.9159663865546218,-0.00544045586999712,0.03405674842024339,6.4743884379043575,10.069259585378962,0.9,0.96,0.96,0.979,0.92,0.04230999946594238,252.76382145287184,500.0,True,0.495
AOM_LS,gammaCDff2_minus,0.9,0.96,0.96,0.974,0.92,0.9201680672268908,-0.005232422198991199,0.03268528296036408,6.183567370589236,9.55273094400647,0.9,0.96,0.96,0.979,0.92,0.04230999946594238,252.76382145287184,500.0,True,0.495
AOM_LS,gammaCDff2_minus,0.9,0.96,0.96,0.974,0.92,0.9243697478991597,-0.005024279607456717,0.03128940335083616,5.889581599697558,9.037990603026353,0.9,0.96,0.96,0.979,0.92,0.04230999946594238,252.76382145287184,500.0,True,0.495
AOM_LS,gammaCDff2_minus,0.9,0.96,0.96,0.974,0.92,0.9285714285714286,-0.004815930104123862,0.029868743103965426,5.5923970295645296,8.525120049354586,0.9,0.96,0.96,0.979,0.92,0.04230999946594238,252.76382145287184,500.0,True,0.495
AOM_LS,gammaCDff2_minus,0.9,0.96,0.96,0.974,0.92,0.9327731092436975,-0.004607246479390979,0.028422930212810286,5.291974869889998,8.014199491505288,0.9,0.96,0.96,0.979,0.92,0.04230999946594238,252.76382145287184,500.0,True,0.495
AOM_LS,gammaCDff2_minus,0.9,0.96,0.96,0.974,0.92,0.9369747899159664,-0.004398057070032735,0.026951587040417068,4.988269389390994,7.505307827924439,0.9,0.96,0.96,0.979,0.92,0.04230999946594238,252.76382145287184,500.0,True,0.495
AOM_LS,gammaCDff2_minus,0.9,0.96,0.96,0.974,0.92,0.9411764705882353,-0.004188136406178801,0.02545433022514858,4.681226778402909,6.998522517746242,0.9,0.96,0.96,0.979,0.92,0.04230999946594238,252.76382145287184,500.0,True,0.495
AOM_LS,gammaCDff2_minus,0.9,0.96,0.96,0.974,0.92,0.9453781512605042,-0.003977180533607118,0.02393077058670692,4.370781575523025,6.493919540407247,0.9,0.96,0.96,0.979,0.92,0.04230999946594238,252.76382145287184,500.0,True,0.495
AOM_LS,gammaCDff2_minus,0.9,0.96,0.96,0.974,0.92,0.9495798319327731,-0.0037647695675772663,0.022380513053161053,4.05685137705209,5.991573365115039,0.9,0.96,0.96,0.979,0.92,0.04230999946594238,252.76382145287184,500.0,True,0.495
AOM_LS,gammaCDff2_minus,0.9,0.96,0.96,0.974,0.92,0.953781512605042,-0.003550311945418409,0.020803156607671226,3.7393293306963713,5.491556951761648,0.9,0.96,0.96,0.979,0.92,0.04230999946594238,252.76382145287184,500.0,True,0.495
AOM_LS,gammaCDff2_minus,0.9,0.96,0.96,0.974,0.92,0.9579831932773109,-0.0033329740879804717,0.01919829425091879,3.418075013807188,4.9939417648505255,0.9,0.96,0.96,0.979,0.92,0.04230999946594238,252.76382145287184,500.0,True,0.495
AOM_LS,gammaCDff2_minus,0.9,0.96,0.96,0.974,0.92,0.9621848739495797,-0.003111569882804526,0.01756551301137257,3.092899735269367,4.49879789693929,0.9,0.96,0.96,0.979,0.92,0.04230999946594238,252.76382145287184,500.0,True,0.495
AOM_LS,gammaCDff2_minus,0.9,0.96,0.96,0.974,0.92,0.9663865546218486,-0.002884335347013748,0.015904394116657245,2.763537120852607,4.006194440595224,0.9,0.96,0.96,0.979,0.92,0.04230999946594238,252.76382145287184,500.0,True,0.495
AOM_LS,gammaCDff2_minus,0.9,0.96,0.96,0.974,0.92,0.9705882352941176,-0.002648649506619241,0.014214513253990533,2.429608905792941,3.516199829692787,0.9,0.96,0.96,0.979,0.92,0.04230999946594238,252.76382145287184,500.0,True,0.495
AOM_LS,gammaCDff2_minus,0.9,0.96,0.96,0.974,0.92,0.9747899159663865,-0.0024005982681249718,0.012495440931480806,2.0905712705820703,3.028882629938776,0.9,0.96,0.96,0.979,0.92,0.04230999946594238,252.76382145287184,500.0,True,0.495
AOM_LS,gammaCDff2_minus,0.9,0.96,0.96,0.974,0.92,0.9789915966386554,-0.0021339305764872286,0.010746743708214664,1.7455846781216817,2.5443138113297183,0.9,0.96,0.96,0.979,0.92,0.04230999946594238,252.76382145287184,500.0,True,0.495
AOM_LS,gammaCDff2_minus,0.9,0.96,0.96,0.974,0.92,0.9831932773109244,-0.001838605345742231,0.008967982359610084,1.39334473475941,2.062572505363351,0.9,0.96,0.96,0.979,0.92,0.04230999946594238,252.76382145287184,500.0,True,0.495
AOM_LS,gammaCDff2_minus,0.9,0.96,0.96,0.974,0.92,0.9873949579831933,-0.001498305833151055,0.007158725402507968,1.0317913286127574,1.583735652859493,0.9,0.96,0.96,0.979,0.92,0.04230999946594238,252.76382145287184,500.0,True,0.495
AOM_LS,gammaCDff2_minus,0.9,0.96,0.96,0.974,0.92,0.9915966386554622,-0.0010849917933338747,0.005318253788144692,0.6574266780403952,1.1078556632530734,0.9,0.96,0.96,0.979,0.92,0.04230999946594238,252.76382145287184,500.0,True,0.495
AOM_LS,gammaCDff2_minus,0.9,0.96,0.96,0.974,0.92,0.9957983193277311,-0.0005516929764651318,0.003421738199968275,0.2643609972667817,0.6315381037976094,0.9,0.96,0.96,0.979,0.92,0.04230999946594238,252.76382145287184,500.0,True,0.495
AOM_LS,gammaCDff2_minus,0.9,0.96,0.96,0.974,0.92,1.0,0.0,0.0,0.0,0.0,0.9,0.96,0.96,0.979,0.92,0.04230999946594238,252.76382145287184,500.0,True,0.495
AOM_LS,gammaDDff2_plus,0.9,0.96,0.96,0.979,0.93,0.5,-0.027253086345167033,0.09326965469163091,18.38090374655434,49.84132016669171,0.9,0.96,0.96,0.979,0.92,0.04246687889099121,252.76382122625355,500.0,True,0.495
AOM_LS,gammaDDff2_plus,0.9,0.96,0.96,0.979,0.93,0.5042016806722689,-0.02701752670174621,0.09311641344763451,18.329588501619895,49.54661883989369,0.9,0.96,0.96,0.979,0.92,0.04246687889099121,252.76382122625355,500.0,True,0.495
AOM_LS,gammaDDff2_plus,0.9,0.96,0.96,0.979,0.93,0.5084033613445378,-0.026782320713780054,0.09295862369486867,18.276916848705675,49.247775645810556,0.9,0.96,0.96,0.979,0.92,0.04246687889099121,252.76382122625355,500.0,True,0.495
AOM_LS,gammaDDff2_plus,0.9,0.96,0.96,0.979,0.93,0.5126050420168067,-0.026547466994085923,0.09279622273784818,18.22287580424383,48.94475833071164,0.9,0.96,0.96,0.979,0.92,0.04246687889099121,252.76382122625355,500.0,True,0.495
AOM_LS,gammaDDff2_plus,0.9,0.96,0.96,0.979,0.93,0.5168067226890757,-0.02631296398922562,0.0926290952330108,18.167452364875107,48.63760171303169,0.9,0.96,0.96,0.979,0.92,0.04246687889099121,252.76382122625355,500.0,True,0.495
AOM_LS,gammaDDff2_plus,0.9,0.96,0.96,0.979,0.93,0.5210084033613446,-0.026078810036018824,0.09245708933244325,18.110633570684556,48.32638683185663,0.9,0.96,0.96,0.979,0.92,0.04246687889099121,252.76382122625355,500.0,True,0.495
AOM_LS,gammaDDff2_plus,0.9,0.96,0.96,0.979,0.93,0.5252100840336135,-0.025845003716830045,0.09228011776631125,18.052406661917637,48.01111169228312,0.9,0.96,0.96,0.979,0.92,0.04246687889099121,252.76382122625355,500.0,True,0.495
AOM_LS,gammaDDff2_plus,0.9,0.96,0.96,0.979,0.93,0.5294117647058824,-0.025611543615111417,0.09209808865857919,17.99275894120934,47.69177975083184,0.9,0.96,0.96,0.979,0.92,0.04246687889099121,252.76382122625355,500.0,True,0.495
AOM_LS,gammaDDff2_plus,0.9,0.96,0.96,0.979,0.93,0.5336134453781513,-0.02537842831542362,0.09191090569447015,17.931677773272163,47.36839964370829,0.9,0.96,0.96,0.979,0.92,0.04246687889099121,252.76382122625355,500.0,True,0.495
AOM_LS,gammaDDff2_plus,0.9,0.96,0.96,0.979,0.93,0.5378151260504201,-0.02514565639706999,0.09171846812834428,17.869150319131677,47.040983617797096,0.9,0.96,0.96,0.979,0.92,0.04246687889099121,252.76382122625355,500.0,True,0.495
AOM_LS,gammaDDff2_plus,0.9,0.96,0.96,0.979,0.93,0.542016806722689,-0.02491322639182395,0.09152066993313326,17.805161777540302,46.70953860678883,0.9,0.96,0.96,0.979,0.92,0.04246687889099121,252.76382122625355,500.0,True,0.495
AOM_LS,gammaDDff2_plus,0.9,0.96,0.96,0.979,0.93,0.5462184873949579,-0.02468113698563717,0.09131740471848579,17.739703766531882,46.37410734016127,0.9,0.96,0.96,0.979,0.92,0.04246687889099121,252.76382122625355,500.0,True,0.495
AOM_LS,gammaDDff2_plus,0.9,0.96,0.96,0.979,0.93,0.5504201680672269,-0.02444938676274588,0.09110855981028698,17.67276368727163,46.034715677823705,0.9,0.96,0.96,0.979,0.92,0.04246687889099121,252.76382122625355,500.0,True,0.495
AOM_LS,gammaDDff2_plus,0.9,0.96,0.96,0.979,0.93,0.5546218487394958,-0.02421797430234667,0.09089401866616206,17.604328739220996,45.69139217538875,0.9,0.96,0.96,0.979,0.92,0.04246687889099121,252.76382122625355,500.0,True,0.495
AOM_LS,gammaDDff2_plus,0.9,0.96,0.96,0.979,0.93,0.5588235294117647,-0.0239868981866008,0.09067366118735477,17.534386250843063,45.34416951084882,0.9,0.96,0.96,0.979,0.92,0.04246687889099121,252.76382122625355,500.0,True,0.495
AOM_LS,gammaDDff2_plus,0.9,0.96,0.96,0.979,0.93,0.5630252100840336,-0.02375615699399541,0.09044736256208846,17.46292359557138,44.99308542430794,0.9,0.96,0.96,0.979,0.92,0.04246687889099121,252.76382122625355,500.0,True,0.495
AOM_LS,gammaDDff2_plus,0.9,0.96,0.96,0.979,0.93,0.5672268907563025,-0.0235257491062843,0.09021495611312505,17.389925855417626,44.638216403389364,0.9,0.96,0.96,0.979,0.92,0.04246687889099121,252.76382122625355,500.0,True,0.495
AOM_LS,gammaDDff2_plus,0.9,0.96,0.96,0.979,0.93,0.5714285714285714,-0.023295673263597733,0.08997634053073697,17.315382537580742,44.27957993765687,0.9,0.96,0.96,0.979,0.92,0.04246687889099121,252.76382122625355,500.0,True,0.495
AOM_LS,gammaDDff2_plus,0.9,0.96,0.96,0.979,0.93,0.5756302521008403,-0.02306592832757386,0.0897314343797025,17.239284671929482,43.91717605109783,0.9,0.96,0.96,0.979,0.92,0.04246687889099121,252.76382122625355,500.0,True,0.495
AOM_LS,gammaDDff2_plus,0.9,0.96,0.96,0.979,0.93,0.5798319327731092,-0.02283651620427762,0.0894800534222457,17.16160520988309,43.551001471182836,0.9,0.96,0.96,0.979,0.92,0.04246687889099121,252.76382122625355,500.0,True,0.495
AOM_LS,gammaDDff2_plus,0.9,0.96,0.96,0.979,0.93,0.5840336134453782,-0.022607432032840925,0.08922206207778977,17.08234420981953,43.18120070687941,0.9,0.96,0.96,0.979,0.92,0.04246687889099121,252.76382122625355,500.0,True,0.495
AOM_LS,gammaDDff2_plus,0.9,0.96,0.96,0.979,0.93,0.5882352941176471,-0.022378674838452777,0.08895741883137392,17.00149466396653,42.80773185755583,0.9,0.96,0.96,0.979,0.92,0.04246687889099121,252.76382122625355,500.0,True,0.495
AOM_LS,gammaDDff2_plus,0.9,0.96,0.96,0.979,0.93,0.592436974789916,-0.022150243221964322,0.08868597828242693,16.91904459651903,42.430653628216646,0.9,0.96,0.96,0.979,0.92,0.04246687889099121,252.76382122625355,500.0,True,0.495
AOM_LS,gammaDDff2_plus,0.9,0.96,0.96,0.979,0.93,0.5966386554621849,-0.021922135663553027,0.08840756834207636,16.83498128399959,42.050052397705954,0.9,0.96,0.96,0.979,0.92,0.04246687889099121,252.76382122625355,500.0,True,0.495
AOM_LS,gammaDDff2_plus,0.9,0.96,0.96,0.979,0.93,0.6008403361344538,-0.021694351052472624,0.08812209341024235,16.749295157352798,41.665935260756704,0.9,0.96,0.96,0.979,0.92,0.04246687889099121,252.76382122625355,500.0,True,0.495
AOM_LS,gammaDDff2_plus,0.9,0.96,0.96,0.979,0.93,0.6050420168067226,-0.02146688817128562,0.08782943417041464,16.661975974243948,41.27833395359728,0.9,0.96,0.96,0.979,0.92,0.04246687889099121,252.76382122625355,500.0,True,0.495
AOM_LS,gammaDDff2_plus,0.9,0.96,0.96,0.979,0.93,0.6092436974789917,-0.02123974563427131,0.08752943337969428,16.573012293476705,40.887319241807134,0.9,0.96,0.96,0.979,0.92,0.04246687889099121,252.76382122625355,500.0,True,0.495
AOM_LS,gammaDDff2_plus,0.9,0.96,0.96,0.979,0.93,0.6134453781512605,-0.02101292206471896,0.08722193163392956,16.482392823521806,40.49296378828708,0.9,0.96,0.96,0.979,0.92,0.04246687889099121,252.76382122625355,500.0,True,0.495
AOM_LS,gammaDDff2_plus,0.9,0.96,0.96,0.979,0.93,0.6176470588235294,-0.020786416381865482,0.08690684141559195,16.390109170070442,40.095266473998215,0.9,0.96,0.96,0.979,0.92,0.04246687889099121,252.76382122625355,500.0,True,0.495
AOM_LS,gammaDDff2_plus,0.9,0.96,0.96,0.979,0.93,0.6218487394957983,-0.020560227280672423,0.08658401234574883,16.296150776529217,39.69429009692648,0.9,0.96,0.96,0.979,0.92,0.04246687889099121,252.76382122625355,500.0,True,0.495
AOM_LS,gammaDDff2_plus,0.9,0.96,0.96,0.979,0.93,0.6260504201680672,-0.02033435348124974,0.08625326260888738,16.20050546405087,39.290124429683,0.9,0.96,0.96,0.979,0.92,0.04246687889099121,252.76382122625355,500.0,True,0.495
AOM_LS,gammaDDff2_plus,0.9,0.96,0.96,0.979,0.93,0.6302521008403361,-0.02010879368808823,0.08591448895963978,16.1031658591761,38.882790436588905,0.9,0.96,0.96,0.979,0.92,0.04246687889099121,252.76382122625355,500.0,True,0.495
AOM_LS,gammaDDff2_plus,0.9,0.96,0.96,0.979,0.93,0.634453781512605,-0.019883546746680407,0.08556753941707272,16.00412127149579,38.47234662619676,0.9,0.96,0.96,0.979,0.92,0.04246687889099121,252.76382122625355,500.0,True,0.495
AOM_LS,gammaDDff2_plus,0.9,0.96,0.96,0.979,0.93,0.6386554621848739,-0.019658611360101913,0.08521227366944266,15.903362829258725,38.058847236184604,0.9,0.96,0.96,0.979,0.92,0.04246687889099121,252.76382122625355,500.0,True,0.495
AOM_LS,gammaDDff2_plus,0.9,0.96,0.96,0.979,0.93,0.6428571428571428,-0.019433986168258456,0.08484856808261375,15.800883244799337,37.64233449053642,0.9,0.96,0.96,0.979,0.92,0.04246687889099121,252.76382122625355,500.0,True,0.495
AOM_LS,gammaDDff2_plus,0.9,0.96,0.96,0.979,0.93,0.6470588235294118,-0.01920967051463892,0.08447620414390072,15.696665669969839,37.22290345185375,0.9,0.96,0.96,0.979,0.92,0.04246687889099121,252.76382122625355,500.0,True,0.495
AOM_LS,gammaDDff2_plus,0.9,0.96,0.96,0.979,0.93,0.6512605042016807,-0.018985662716628285,0.08409509291068641,15.590707658581431,36.8005815534232,0.9,0.96,0.96,0.979,0.92,0.04246687889099121,252.76382122625355,500.0,True,0.495
AOM_LS,gammaDDff2_plus,0.9,0.96,0.96,0.979,0.93,0.6554621848739496,-0.018761962166123847,0.08370501743665139,15.482992562552038,36.37545909182727,0.9,0.96,0.96,0.979,0.92,0.04246687889099121,252.76382122625355,500.0,True,0.495
AOM_LS,gammaDDff2_plus,0.9,0.96,0.96,0.979,0.93,0.6596638655462185,-0.018538568156704543,0.08330578635030728,15.373506357178867,35.9476097575482,0.9,0.96,0.96,0.979,0.92,0.04246687889099121,252.76382122625355,500.0,True,0.495
AOM_LS,gammaDDff2_plus,0.9,0.96,0.96,0.979,0.93,0.6638655462184874,-0.018315479989884545,0.08289720614024565,15.262235077456376,35.51710790142123,0.9,0.96,0.96,0.979,0.92,0.04246687889099121,252.76382122625355,500.0,True,0.495
AOM_LS,gammaDDff2_plus,0.9,0.96,0.96,0.979,0.93,0.6680672268907563,-0.01809269678054354,0.08247908261572112,15.149166257858733,35.08403611878276,0.9,0.96,0.96,0.979,0.92,0.04246687889099121,252.76382122625355,500.0,True,0.495
AOM_LS,gammaDDff2_plus,0.9,0.96,0.96,0.979,0.93,0.6722689075630253,-0.01787021534967078,0.08205144503708373,15.034317570805793,34.648399366000454,0.9,0.96,0.96,0.979,0.92,0.04246687889099121,252.76382122625355,500.0,True,0.495
AOM_LS,gammaDDff2_plus,0.9,0.96,0.96,0.979,0.93,0.6764705882352942,-0.01764803592505535,0.08161401028602604,14.917663791791467,34.21030182341878,0.9,0.96,0.96,0.979,0.92,0.04246687889099121,252.76382122625355,500.0,True,0.495
AOM_LS,gammaDDff2_plus,0.9,0.96,0.96,0.979,0.93,0.680672268907563,-0.01742615595343121,0.0811667397208387,14.799213945627168,33.769771937437774,0.9,0.96,0.96,0.979,0.92,0.04246687889099121,252.76382122625355,500.0,True,0.495
AOM_LS,gammaDDff2_plus,0.9,0.96,0.96,0.979,0.93,0.6848739495798319,-0.01720457414339482,0.08070947971825361,14.678961276375828,33.32687313857101,0.9,0.96,0.96,0.979,0.92,0.04246687889099121,252.76382122625355,500.0,True,0.495
AOM_LS,gammaDDff2_plus,0.9,0.96,0.96,0.979,0.93,0.6890756302521008,-0.016983289760693906,0.08024202272329477,14.556892569698709,32.881689932133575,0.9,0.96,0.96,0.979,0.92,0.04246687889099121,252.76382122625355,500.0,True,0.495
AOM_LS,gammaDDff2_plus,0.9,0.96,0.96,0.979,0.93,0.6932773109243697,-0.016762302087722405,0.07976416435823758,14.432996086085716,32.43430992036185,0.9,0.96,0.96,0.979,0.92,0.04246687889099121,252.76382122625355,500.0,True,0.495
AOM_LS,gammaDDff2_plus,0.9,0.96,0.96,0.979,0.93,0.6974789915966386,-0.016541610715609095,0.07927574066718533,14.30726197631784,31.984782492439386,0.9,0.96,0.96,0.979,0.92,0.04246687889099121,252.76382122625355,500.0,True,0.495
AOM_LS,gammaDDff2_plus,0.9,0.96,0.96,0.979,0.93,0.7016806722689075,-0.016321213994138505,0.07877653929961112,14.179683322387762,31.533228593546973,0.9,0.96,0.96,0.979,0.92,0.04246687889099121,252.76382122625355,500.0,True,0.495
AOM_LS,gammaDDff2_plus,0.9,0.96,0.96,0.979,0.93,0.7058823529411764,-0.016101110305940258,0.07826635800983486,14.050252961044588,31.079754624580406,0.9,0.96,0.96,0.979,0.92,0.04246687889099121,252.76382122625355,500.0,True,0.495
AOM_LS,gammaDDff2_plus,0.9,0.96,0.96,0.979,0.93,0.7100840336134454,-0.015881298429122503,0.0777450169906074,13.918963157928905,30.62443568715289,0.9,0.96,0.96,0.979,0.92,0.04246687889099121,252.76382122625355,500.0,True,0.495
AOM_LS,gammaDDff2_plus,0.9,0.96,0.96,0.979,0.93,0.7142857142857143,-0.01566177735447009,0.07721234107702846,13.78580596465643,30.167338049327185,0.9,0.96,0.96,0.979,0.92,0.04246687889099121,252.76382122625355,500.0,True,0.495
AOM_LS,gammaDDff2_plus,0.9,0.96,0.96,0.979,0.93,0.7184873949579832,-0.015442546280643872,0.07666815675646653,13.650773158494077,29.708522246977136,0.9,0.96,0.96,0.979,0.92,0.04246687889099121,252.76382122625355,500.0,True,0.495
AOM_LS,gammaDDff2_plus,0.9,0.96,0.96,0.979,0.93,0.7226890756302521,-0.015223603439628594,0.07611226332642679,13.513859190816635,29.24809309247672,0.9,0.96,0.96,0.979,0.92,0.04246687889099121,252.76382122625355,500.0,True,0.495
AOM_LS,gammaDDff2_plus,0.9,0.96,0.96,0.979,0.93,0.726890756302521,-0.01500494757577373,0.07554446929557183,13.375057451476852,28.78613630852619,0.9,0.96,0.96,0.979,0.92,0.04246687889099121,252.76382122625355,500.0,True,0.495
AOM_LS,gammaDDff2_plus,0.9,0.96,0.96,0.979,0.93,0.7310924369747899,-0.014786577919250045,0.07496459180123115,13.234360317323421,28.32271948314956,0.9,0.96,0.96,0.979,0.92,0.04246687889099121,252.76382122625355,500.0,True,0.495
AOM_LS,gammaDDff2_plus,0.9,0.96,0.96,0.979,0.93,0.7352941176470589,-0.014568493660665184,0.07437244374428648,13.091760460680902,27.857914346913073,0.9,0.96,0.96,0.979,0.92,0.04246687889099121,252.76382122625355,500.0,True,0.495
AOM_LS,gammaDDff2_plus,0.9,0.96,0.96,0.979,0.93,0.7394957983193278,-0.014350695273405743,0.07376786965214603,12.947248592442849,27.391742623315803,0.9,0.96,0.96,0.979,0.92,0.04246687889099121,252.76382122625355,500.0,True,0.495
AOM_LS,gammaDDff2_plus,0.9,0.96,0.96,0.979,0.93,0.7436974789915967,-0.014133180866961682,0.07315064694064183,12.80081963214312,26.92432474775746,0.9,0.96,0.96,0.979,0.92,0.04246687889099121,252.76382122625355,500.0,True,0.495
AOM_LS,gammaDDff2_plus,0.9,0.96,0.96,0.979,0.93,0.7478991596638656,-0.013915948021802762,0.07252053554210293,12.652469600994243,26.455804798452096,0.9,0.96,0.96,0.979,0.92,0.04246687889099121,252.76382122625355,500.0,True,0.495
AOM_LS,gammaDDff2_plus,0.9,0.96,0.96,0.979,0.93,0.7521008403361344,-0.013698995884331726,0.07187733471644107,12.502192050109993,25.986264817529403,0.9,0.96,0.96,0.979,0.92,0.04246687889099121,252.76382122625355,500.0,True,0.495
AOM_LS,gammaDDff2_plus,0.9,0.96,0.96,0.979,0.93,0.7563025210084033,-0.013482323986008337,0.0712208511551763,12.349980039590081,25.515772874183053,0.9,0.96,0.96,0.979,0.92,0.04246687889099121,252.76382122625355,500.0,True,0.495
AOM_LS,gammaDDff2_plus,0.9,0.96,0.96,0.979,0.93,0.7605042016806722,-0.013265932051342352,0.07055088567337607,12.19582679836101,25.044401874691978,0.9,0.96,0.96,0.979,0.92,0.04246687889099121,252.76382122625355,500.0,True,0.495
AOM_LS,gammaDDff2_plus,0.9,0.96,0.96,0.979,0.93,0.7647058823529411,-0.013049819743533454,0.06986723268586345,12.039725874451497,24.5722310904997,0.9,0.96,0.96,0.979,0.92,0.04246687889099121,252.76382122625355,500.0,True,0.495
AOM_LS,gammaDDff2_plus,0.9,0.96,0.96,0.979,0.93,0.76890756302521,-0.012833985210720598,0.06916967671385953,11.881672070281247,24.0993562467968,0.9,0.96,0.96,0.979,0.92,0.04246687889099121,252.76382122625355,500.0,True,0.495
AOM_LS,gammaDDff2_plus,0.9,0.96,0.96,0.979,0.93,0.7731092436974789,-0.012618426806797435,0.06845799671328395,11.721660311605863,23.62587702196296,0.9,0.96,0.96,0.979,0.92,0.04246687889099121,252.76382122625355,500.0,True,0.495
AOM_LS,gammaDDff2_plus,0.9,0.96,0.96,0.979,0.93,0.7773109243697479,-0.012403143794083533,0.0677319678950263,11.559685174183707,23.151891781370054,0.9,0.96,0.96,0.979,0.92,0.04246687889099121,252.76382122625355,500.0,True,0.495
AOM_LS,gammaDDff2_plus,0.9,0.96,0.96,0.979,0.93,0.7815126050420168,-0.01218813524770856,0.06699135910404048,11.395741582271121,22.677505122095965,0.9,0.96,0.96,0.979,0.92,0.04246687889099121,252.76382122625355,500.0,True,0.495
AOM_LS,gammaDDff2_plus,0.9,0.96,0.96,0.979,0.93,0.7857142857142857,-0.011973399547331823,0.06623589527097196,11.229826374887697,22.20287899261058,0.9,0.96,0.96,0.979,0.92,0.04246687889099121,252.76382122625355,500.0,True,0.495
AOM_LS,gammaDDff2_plus,0.9,0.96,0.96,0.979,0.93,0.7899159663865546,-0.011758935689400455,0.06546535323496404,11.061934268369251,21.72810158277925,0.9,0.96,0.96,0.979,0.92,0.04246687889099121,252.76382122625355,500.0,True,0.495
AOM_LS,gammaDDff2_plus,0.9,0.96,0.96,0.979,0.93,0.7941176470588236,-0.011544742998911572,0.0646795404518433,10.892058733114364,21.253216416011075,0.9,0.96,0.96,0.979,0.92,0.04246687889099121,252.76382122625355,500.0,True,0.495
AOM_LS,gammaDDff2_plus,0.9,0.96,0.96,0.979,0.93,0.7983193277310925,-0.011330819769591865,0.06387819508884436,10.720196179883128,20.778358673034692,0.9,0.96,0.96,0.979,0.92,0.04246687889099121,252.76382122625355,500.0,True,0.495
AOM_LS,gammaDDff2_plus,0.9,0.96,0.96,0.979,0.93,0.8025210084033614,-0.011117164760373423,0.06306106974868189,10.546342291416023,20.303639618871046,0.9,0.96,0.96,0.979,0.92,0.04246687889099121,252.76382122625355,500.0,True,0.495
AOM_LS,gammaDDff2_plus,0.9,0.96,0.96,0.979,0.93,0.8067226890756303,-0.010903776904510777,0.06222792592821708,10.37049232702622,19.829154687543113,0.9,0.96,0.96,0.979,0.92,0.04246687889099121,252.76382122625355,500.0,True,0.495
AOM_LS,gammaDDff2_plus,0.9,0.96,0.96,0.979,0.93,0.8109243697478992,-0.010690654964161881,0.06137852014346846,10.192641753254295,19.355002811318222,0.9,0.96,0.96,0.979,0.92,0.04246687889099121,252.76382122625355,500.0,True,0.495
AOM_LS,gammaDDff2_plus,0.9,0.96,0.96,0.979,0.93,0.8151260504201681,-0.010477797455100253,0.060512602634468955,10.01278630644061,18.88128808383353,0.9,0.96,0.96,0.979,0.92,0.04246687889099121,252.76382122625355,500.0,True,0.495
AOM_LS,gammaDDff2_plus,0.9,0.96,0.96,0.979,0.93,0.819327731092437,-0.010265201622629602,0.05962987927430511,9.830923783671674,18.40817270039888,0.9,0.96,0.96,0.979,0.92,0.04246687889099121,252.76382122625355,500.0,True,0.495
AOM_LS,gammaDDff2_plus,0.9,0.96,0.96,0.979,0.93,0.8235294117647058,-0.010052866288288689,0.05873010499753149,9.64704953509716,17.935745890806352,0.9,0.96,0.96,0.979,0.92,0.04246687889099121,252.76382122625355,500.0,True,0.495
AOM_LS,gammaDDff2_plus,0.9,0.96,0.96,0.979,0.93,0.8277310924369747,-0.00984079111069843,0.057813061598272264,9.461157528856392,17.46405515555473,0.9,0.96,0.96,0.979,0.92,0.04246687889099121,252.76382122625355,500.0,True,0.495
AOM_LS,gammaDDff2_plus,0.9,0.96,0.96,0.979,0.93,0.8319327731092436,-0.009628973231648344,0.05687845662817589,9.273245284255818,16.993248191013752,0.9,0.96,0.96,0.979,0.92,0.04246687889099121,252.76382122625355,500.0,True,0.495
AOM_LS,gammaDDff2_plus,0.9,0.96,0.96,0.979,0.93,0.8361344537815125,-0.009417409812978431,0.055925999507381544,9.083310142053843,16.523465596836797,0.9,0.96,0.96,0.979,0.92,0.04246687889099121,252.76382122625355,500.0,True,0.495
AOM_LS,gammaDDff2_plus,0.9,0.96,0.96,0.979,0.93,0.8403361344537815,-0.009206098922681424,0.05495542920773099,8.891347865342704,16.05480193078203,0.9,0.96,0.96,0.979,0.92,0.04246687889099121,252.76382122625355,500.0,True,0.495
AOM_LS,gammaDDff2_plus,0.9,0.96,0.96,0.979,0.93,0.8445378151260504,-0.008995038739501719,0.05396648928579848,8.697353870844392,15.58734072954929,0.9,0.96,0.96,0.979,0.92,0.04246687889099121,252.76382122625355,500.0,True,0.495
AOM_LS,gammaDDff2_plus,0.9,0.96,0.96,0.979,0.93,0.8487394957983193,-0.008784226562507746,0.052958890826909,8.501325090990273,15.121206220712311,0.9,0.96,0.96,0.979,0.92,0.04246687889099121,252.76382122625355,500.0,True,0.495
AOM_LS,gammaDDff2_plus,0.9,0.96,0.96,0.979,0.93,0.8529411764705882,-0.00857365969913434,0.05193234789331874,8.303258162528651,14.656513485735962,0.9,0.96,0.96,0.979,0.92,0.04246687889099121,252.76382122625355,500.0,True,0.495
AOM_LS,gammaDDff2_plus,0.9,0.96,0.96,0.979,0.93,0.8571428571428572,-0.008363334613334158,0.0508865784486953,8.10314928500437,14.193367507294042,0.9,0.96,0.96,0.979,0.92,0.04246687889099121,252.76382122625355,500.0,True,0.495
AOM_LS,gammaDDff2_plus,0.9,0.96,0.96,0.979,0.93,0.8613445378151261,-0.008153247032931129,0.049821294486964825,7.900994739891412,13.731876594422333,0.9,0.96,0.96,0.979,0.92,0.04246687889099121,252.76382122625355,500.0,True,0.495
AOM_LS,gammaDDff2_plus,0.9,0.96,0.96,0.979,0.93,0.865546218487395,-0.007943392134337961,0.04873620295081117,7.696790816670095,13.27215066175979,0.9,0.96,0.96,0.979,0.92,0.04246687889099121,252.76382122625355,500.0,True,0.495
AOM_LS,gammaDDff2_plus,0.9,0.96,0.96,0.979,0.93,0.8697478991596639,-0.0077337647162634545,0.04763100366351021,7.490534038721041,12.814304345782508,0.9,0.96,0.96,0.979,0.92,0.04246687889099121,252.76382122625355,500.0,True,0.495
AOM_LS,gammaDDff2_plus,0.9,0.96,0.96,0.979,0.93,0.8739495798319328,-0.007524358773621586,0.046505393135969054,7.282220814269482,12.358451306385039,0.9,0.96,0.96,0.979,0.92,0.04246687889099121,252.76382122625355,500.0,True,0.495
AOM_LS,gammaDDff2_plus,0.9,0.96,0.96,0.979,0.93,0.8781512605042017,-0.007315166504657153,0.0453590634486106,7.071847341839204,11.9047058452659,0.9,0.96,0.96,0.979,0.92,0.04246687889099121,252.76382122625355,500.0,True,0.495
AOM_LS,gammaDDff2_plus,0.9,0.96,0.96,0.979,0.93,0.8823529411764706,-0.007106181770514022,0.0441917024957141,6.859410222540526,11.453182084934824,0.9,0.96,0.96,0.979,0.92,0.04246687889099121,252.76382122625355,500.0,True,0.495
AOM_LS,gammaDDff2_plus,0.9,0.96,0.96,0.979,0.93,0.8865546218487395,-0.0068973922093086585,0.04300299346160037,6.644905029495731,11.00399499680657,0.9,0.96,0.96,0.979,0.92,0.04246687889099121,252.76382122625355,500.0,True,0.495
AOM_LS,gammaDDff2_plus,0.9,0.96,0.96,0.979,0.93,0.8907563025210083,-0.006688789355556611,0.04179261521805329,6.428328153169936,10.557259157992478,0.9,0.96,0.96,0.979,0.92,0.04246687889099121,252.76382122625355,500.0,True,0.495
AOM_LS,gammaDDff2_plus,0.9,0.96,0.96,0.979,0.93,0.8949579831932772,-0.006480356000878653,0.04056024178031748,6.20967451505934,10.113089849698902,0.9,0.96,0.96,0.979,0.92,0.04246687889099121,252.76382122625355,500.0,True,0.495
AOM_LS,gammaDDff2_plus,0.9,0.96,0.96,0.979,0.93,0.8991596638655461,-0.00627207602073971,0.03930554257549637,5.98893934047225,9.671602098363593,0.9,0.96,0.96,0.979,0.92,0.04246687889099121,252.76382122625355,500.0,True,0.495
AOM_LS,gammaDDff2_plus,0.9,0.96,0.96,0.979,0.93,0.9033613445378151,-0.006063925132013364,0.038028182107885285,5.766116527375742,9.232911247357265,0.9,0.96,0.96,0.979,0.92,0.04246687889099121,252.76382122625355,500.0,True,0.495
AOM_LS,gammaDDff2_plus,0.9,0.96,0.96,0.979,0.93,0.907563025210084,-0.0058558737352521146,0.03672781997147788,5.541199180822748,8.797132624867109,0.9,0.96,0.96,0.979,0.92,0.04246687889099121,252.76382122625355,500.0,True,0.495
AOM_LS,gammaDDff2_plus,0.9,0.96,0.96,0.979,0.93,0.9117647058823529,-0.0056478859368488355,0.03540411075795873,5.314179475535234,8.364381473673282,0.9,0.96,0.96,0.979,0.92,0.04246687889099121,252.76382122625355,500.0,True,0.495
AOM_LS,gammaDDff2_plus,0.9,0.96,0.96,0.979,0.93,0.9159663865546218,-0.005439915642886085,0.034056703939782634,5.085048013943463,7.9347729509732545,0.9,0.96,0.96,0.979,0.92,0.04246687889099121,252.76382122625355,500.0,True,0.495
AOM_LS,gammaDDff2_plus,0.9,0.96,0.96,0.979,0.93,0.9201680672268908,-0.005231906669081752,0.03268524377715734,4.853793923720028,7.5084220313547,0.9,0.96,0.96,0.979,0.92,0.04246687889099121,252.76382122625355,500.0,True,0.495
AOM_LS,gammaDDff2_plus,0.9,0.96,0.96,0.979,0.93,0.9243697478991597,-0.005023789321969212,0.03128936920820397,4.620404302103919,7.085443467050417,0.9,0.96,0.96,0.979,0.92,0.04246687889099121,252.76382122625355,500.0,True,0.495
AOM_LS,gammaDDff2_plus,0.9,0.96,0.96,0.979,0.93,0.9285714285714286,-0.004815465589258196,0.02986871373607146,4.384861799042853,6.665951824878322,0.9,0.96,0.96,0.979,0.92,0.04246687889099121,252.76382122625355,500.0,True,0.495
AOM_LS,gammaDDff2_plus,0.9,0.96,0.96,0.979,0.93,0.9327731092436975,-0.004606808237998793,0.02842290534451923,4.147144644486898,6.250061341055303,0.9,0.96,0.96,0.979,0.92,0.04246687889099121,252.76382122625355,500.0,True,0.495
AOM_LS,gammaDDff2_plus,0.9,0.96,0.96,0.979,0.93,0.9369747899159664,-0.004397645631842555,0.026951566387123566,3.9072243828862145,5.837885923898354,0.9,0.96,0.96,0.979,0.92,0.04246687889099121,252.76382122625355,500.0,True,0.495
AOM_LS,gammaDDff2_plus,0.9,0.96,0.96,0.979,0.93,0.9411764705882353,-0.004187752313204748,0.025454313492545955,3.665064700377766,5.429539060465633,0.9,0.96,0.96,0.979,0.92,0.04246687889099121,252.76382122625355,500.0,True,0.495
AOM_LS,gammaDDff2_plus,0.9,0.96,0.96,0.979,0.93,0.9453781512605042,-0.003976824318286509,0.023930757470614582,3.4206177958639015,5.025133814482465,0.9,0.96,0.96,0.979,0.92,0.04246687889099121,252.76382122625355,500.0,True,0.495
AOM_LS,gammaDDff2_plus,0.9,0.96,0.96,0.979,0.93,0.9495798319327731,-0.0037644417061596493,0.022380503239388456,3.173818994490073,4.624782837358135,0.9,0.96,0.96,0.979,0.92,0.04246687889099121,252.76382122625355,500.0,True,0.495
AOM_LS,gammaDDff2_plus,0.9,0.96,0.96,0.979,0.93,0.953781512605042,-0.0035500128700280496,0.020803149771781066,2.924579098622407,4.228598414493036,0.9,0.96,0.96,0.979,0.92,0.04246687889099121,252.76382122625355,500.0,True,0.495
AOM_LS,gammaDDff2_plus,0.9,0.96,0.96,0.979,0.93,0.9579831932773109,-0.0033327042643839823,0.01919829005789072,2.6727750675597495,3.836692528419793,0.9,0.96,0.96,0.979,0.92,0.04246687889099121,252.76382122625355,500.0,True,0.495
AOM_LS,gammaDDff2_plus,0.9,0.96,0.96,0.979,0.93,0.9621848739495797,-0.00311132978820924,0.01756551111533285,2.4182349784200423,3.4491770388794065,0.9,0.96,0.96,0.979,0.92,0.04246687889099121,252.76382122625355,500.0,True,0.495
AOM_LS,gammaDDff2_plus,0.9,0.96,0.96,0.979,0.93,0.9663865546218486,-0.002884125236829407,0.015904394161058988,2.1607079168567167,3.066164127945025,0.9,0.96,0.96,0.979,0.92,0.04246687889099121,252.76382122625355,500.0,True,0.495
AOM_LS,gammaDDff2_plus,0.9,0.96,0.96,0.979,0.93,0.9705882352941176,-0.0026484696743418177,0.014214514870999746,1.8998289280598126,2.6877667236330427,0.9,0.96,0.96,0.979,0.92,0.04246687889099121,252.76382122625355,500.0,True,0.495
AOM_LS,gammaDDff2_plus,0.9,0.96,0.96,0.979,0.93,0.9747899159663865,-0.0024004489181972477,0.012495443742114877,1.6350638598247427,2.3140994021921775,0.9,0.96,0.96,0.979,0.92,0.04246687889099121,252.76382122625355,500.0,True,0.495
AOM_LS,gammaDDff2_plus,0.9,0.96,0.96,0.979,0.93,0.9789915966386554,-0.0021338115717035957,0.010746747323855917,1.3655758899858237,1.945280847744719,0.9,0.96,0.96,0.979,0.92,0.04246687889099121,252.76382122625355,500.0,True,0.495
AOM_LS,gammaDDff2_plus,0.9,0.96,0.96,0.979,0.93,0.9831932773109244,-0.0018385160953770733,0.008967986380084362,1.0900515249931662,1.5814399916588808,0.9,0.96,0.96,0.979,0.92,0.04246687889099121,252.76382122625355,500.0,True,0.495
AOM_LS,gammaDDff2_plus,0.9,0.96,0.96,0.979,0.93,0.9873949579831933,-0.0014982451820719027,0.007158729405525419,0.8064006267701056,1.2227059090126475,0.9,0.96,0.96,0.979,0.92,0.04246687889099121,252.76382122625355,500.0,True,0.495
AOM_LS,gammaDDff2_plus,0.9,0.96,0.96,0.979,0.93,0.9915966386554622,-0.001084957547515559,0.005318257355264088,0.5110577882525115,0.8692010388826714,0.9,0.96,0.96,0.979,0.92,0.04246687889099121,252.76382122625355,500.0,True,0.495
AOM_LS,gammaDDff2_plus,0.9,0.96,0.96,0.979,0.93,0.9957983193277311,-0.0005516810098062354,0.003421740905389048,0.19786189002943083,0.517888081057978,0.9,0.96,0.96,0.979,0.92,0.04246687889099121,252.76382122625355,500.0,True,0.495
AOM_LS,gammaDDff2_plus,0.9,0.96,0.96,0.979,0.93,1.0,0.0,0.0,0.0,0.0,0.9,0.96,0.96,0.979,0.92,0.04246687889099121,252.76382122625355,500.0,True,0.495
AOM_LS,gammaDDff2_minus,0.9,0.96,0.96,0.979,0.93,0.5,-0.027253086345167033,0.09326965469163091,18.38090374655434,49.84132016669171,0.9,0.96,0.96,0.979,0.92,0.04210186004638672,252.76382122625355,500.0,True,0.495
AOM_LS,gammaDDff2_minus,0.9,0.96,0.96,0.979,0.93,0.5042016806722689,-0.02701752670174621,0.09311641344763451,18.329588501619895,49.54661883989369,0.9,0.96,0.96,0.979,0.92,0.04210186004638672,252.76382122625355,500.0,True,0.495
AOM_LS,gammaDDff2_minus,0.9,0.96,0.96,0.979,0.93,0.5084033613445378,-0.026782320713780054,0.09295862369486867,18.276916848705675,49.247775645810556,0.9,0.96,0.96,0.979,0.92,0.04210186004638672,252.76382122625355,500.0,True,0.495
AOM_LS,gammaDDff2_minus,0.9,0.96,0.96,0.979,0.93,0.5126050420168067,-0.026547466994085923,0.09279622273784818,18.22287580424383,48.94475833071164,0.9,0.96,0.96,0.979,0.92,0.04210186004638672,252.76382122625355,500.0,True,0.495
AOM_LS,gammaDDff2_minus,0.9,0.96,0.96,0.979,0.93,0.5168067226890757,-0.02631296398922562,0.0926290952330108,18.167452364875107,48.63760171303169,0.9,0.96,0.96,0.979,0.92,0.04210186004638672,252.76382122625355,500.0,True,0.495
AOM_LS,gammaDDff2_minus,0.9,0.96,0.96,0.979,0.93,0.5210084033613446,-0.026078810036018824,0.09245708933244325,18.110633570684556,48.32638683185663,0.9,0.96,0.96,0.979,0.92,0.04210186004638672,252.76382122625355,500.0,True,0.495
AOM_LS,gammaDDff2_minus,0.9,0.96,0.96,0.979,0.93,0.5252100840336135,-0.025845003716830045,0.09228011776631125,18.052406661917637,48.01111169228312,0.9,0.96,0.96,0.979,0.92,0.04210186004638672,252.76382122625355,500.0,True,0.495
AOM_LS,gammaDDff2_minus,0.9,0.96,0.96,0.979,0.93,0.5294117647058824,-0.025611543615111417,0.09209808865857919,17.99275894120934,47.69177975083184,0.9,0.96,0.96,0.979,0.92,0.04210186004638672,252.76382122625355,500.0,True,0.495
AOM_LS,gammaDDff2_minus,0.9,0.96,0.96,0.979,0.93,0.5336134453781513,-0.02537842831542362,0.09191090569447015,17.931677773272163,47.36839964370829,0.9,0.96,0.96,0.979,0.92,0.04210186004638672,252.76382122625355,500.0,True,0.495
AOM_LS,gammaDDff2_minus,0.9,0.96,0.96,0.979,0.93,0.5378151260504201,-0.02514565639706999,0.09171846812834428,17.869150319131677,47.040983617797096,0.9,0.96,0.96,0.979,0.92,0.04210186004638672,252.76382122625355,500.0,True,0.495
AOM_LS,gammaDDff2_minus,0.9,0.96,0.96,0.979,0.93,0.542016806722689,-0.02491322639182395,0.09152066993313326,17.805161777540302,46.70953860678883,0.9,0.96,0.96,0.979,0.92,0.04210186004638672,252.76382122625355,500.0,True,0.495
AOM_LS,gammaDDff2_minus,0.9,0.96,0.96,0.979,0.93,0.5462184873949579,-0.02468113698563717,0.09131740471848579,17.739703766531882,46.37410734016127,0.9,0.96,0.96,0.979,0.92,0.04210186004638672,252.76382122625355,500.0,True,0.495
AOM_LS,gammaDDff2_minus,0.9,0.96,0.96,0.979,0.93,0.5504201680672269,-0.02444938676274588,0.09110855981028698,17.67276368727163,46.034715677823705,0.9,0.96,0.96,0.979,0.92,0.04210186004638672,252.76382122625355,500.0,True,0.495
AOM_LS,gammaDDff2_minus,0.9,0.96,0.96,0.979,0.93,0.5546218487394958,-0.02421797430234667,0.09089401866616206,17.604328739220996,45.69139217538875,0.9,0.96,0.96,0.979,0.92,0.04210186004638672,252.76382122625355,500.0,True,0.495
AOM_LS,gammaDDff2_minus,0.9,0.96,0.96,0.979,0.93,0.5588235294117647,-0.0239868981866008,0.09067366118735477,17.534386250843063,45.34416951084882,0.9,0.96,0.96,0.979,0.92,0.04210186004638672,252.76382122625355,500.0,True,0.495
AOM_LS,gammaDDff2_minus,0.9,0.96,0.96,0.979,0.93,0.5630252100840336,-0.02375615699399541,0.09044736256208846,17.46292359557138,44.99308542430794,0.9,0.96,0.96,0.979,0.92,0.04210186004638672,252.76382122625355,500.0,True,0.495
AOM_LS,gammaDDff2_minus,0.9,0.96,0.96,0.979,0.93,0.5672268907563025,-0.0235257491062843,0.09021495611312505,17.389925855417626,44.638216403389364,0.9,0.96,0.96,0.979,0.92,0.04210186004638672,252.76382122625355,500.0,True,0.495
AOM_LS,gammaDDff2_minus,0.9,0.96,0.96,0.979,0.93,0.5714285714285714,-0.023295673263597733,0.08997634053073697,17.315382537580742,44.27957993765687,0.9,0.96,0.96,0.979,0.92,0.04210186004638672,252.76382122625355,500.0,True,0.495
AOM_LS,gammaDDff2_minus,0.9,0.96,0.96,0.979,0.93,0.5756302521008403,-0.02306592832757386,0.0897314343797025,17.239284671929482,43.91717605109783,0.9,0.96,0.96,0.979,0.92,0.04210186004638672,252.76382122625355,500.0,True,0.495
AOM_LS,gammaDDff2_minus,0.9,0.96,0.96,0.979,0.93,0.5798319327731092,-0.02283651620427762,0.0894800534222457,17.16160520988309,43.551001471182836,0.9,0.96,0.96,0.979,0.92,0.04210186004638672,252.76382122625355,500.0,True,0.495
AOM_LS,gammaDDff2_minus,0.9,0.96,0.96,0.979,0.93,0.5840336134453782,-0.022607432032840925,0.08922206207778977,17.08234420981953,43.18120070687941,0.9,0.96,0.96,0.979,0.92,0.04210186004638672,252.76382122625355,500.0,True,0.495
AOM_LS,gammaDDff2_minus,0.9,0.96,0.96,0.979,0.93,0.5882352941176471,-0.022378674838452777,0.08895741883137392,17.00149466396653,42.80773185755583,0.9,0.96,0.96,0.979,0.92,0.04210186004638672,252.76382122625355,500.0,True,0.495
AOM_LS,gammaDDff2_minus,0.9,0.96,0.96,0.979,0.93,0.592436974789916,-0.022150243221964322,0.08868597828242693,16.91904459651903,42.430653628216646,0.9,0.96,0.96,0.979,0.92,0.04210186004638672,252.76382122625355,500.0,True,0.495
AOM_LS,gammaDDff2_minus,0.9,0.96,0.96,0.979,0.93,0.5966386554621849,-0.021922135663553027,0.08840756834207636,16.83498128399959,42.050052397705954,0.9,0.96,0.96,0.979,0.92,0.04210186004638672,252.76382122625355,500.0,True,0.495
AOM_LS,gammaDDff2_minus,0.9,0.96,0.96,0.979,0.93,0.6008403361344538,-0.021694351052472624,0.08812209341024235,16.749295157352798,41.665935260756704,0.9,0.96,0.96,0.979,0.92,0.04210186004638672,252.76382122625355,500.0,True,0.495
AOM_LS,gammaDDff2_minus,0.9,0.96,0.96,0.979,0.93,0.6050420168067226,-0.02146688817128562,0.08782943417041464,16.661975974243948,41.27833395359728,0.9,0.96,0.96,0.979,0.92,0.04210186004638672,252.76382122625355,500.0,True,0.495
AOM_LS,gammaDDff2_minus,0.9,0.96,0.96,0.979,0.93,0.6092436974789917,-0.02123974563427131,0.08752943337969428,16.573012293476705,40.887319241807134,0.9,0.96,0.96,0.979,0.92,0.04210186004638672,252.76382122625355,500.0,True,0.495
AOM_LS,gammaDDff2_minus,0.9,0.96,0.96,0.979,0.93,0.6134453781512605,-0.02101292206471896,0.08722193163392956,16.482392823521806,40.49296378828708,0.9,0.96,0.96,0.979,0.92,0.04210186004638672,252.76382122625355,500.0,True,0.495
AOM_LS,gammaDDff2_minus,0.9,0.96,0.96,0.979,0.93,0.6176470588235294,-0.020786416381865482,0.08690684141559195,16.390109170070442,40.095266473998215,0.9,0.96,0.96,0.979,0.92,0.04210186004638672,252.76382122625355,500.0,True,0.495
AOM_LS,gammaDDff2_minus,0.9,0.96,0.96,0.979,0.93,0.6218487394957983,-0.020560227280672423,0.08658401234574883,16.296150776529217,39.69429009692648,0.9,0.96,0.96,0.979,0.92,0.04210186004638672,252.76382122625355,500.0,True,0.495
AOM_LS,gammaDDff2_minus,0.9,0.96,0.96,0.979,0.93,0.6260504201680672,-0.02033435348124974,0.08625326260888738,16.20050546405087,39.290124429683,0.9,0.96,0.96,0.979,0.92,0.04210186004638672,252.76382122625355,500.0,True,0.495
AOM_LS,gammaDDff2_minus,0.9,0.96,0.96,0.979,0.93,0.6302521008403361,-0.02010879368808823,0.08591448895963978,16.1031658591761,38.882790436588905,0.9,0.96,0.96,0.979,0.92,0.04210186004638672,252.76382122625355,500.0,True,0.495
AOM_LS,gammaDDff2_minus,0.9,0.96,0.96,0.979,0.93,0.634453781512605,-0.019883546746680407,0.08556753941707272,16.00412127149579,38.47234662619676,0.9,0.96,0.96,0.979,0.92,0.04210186004638672,252.76382122625355,500.0,True,0.495
AOM_LS,gammaDDff2_minus,0.9,0.96,0.96,0.979,0.93,0.6386554621848739,-0.019658611360101913,0.08521227366944266,15.903362829258725,38.058847236184604,0.9,0.96,0.96,0.979,0.92,0.04210186004638672,252.76382122625355,500.0,True,0.495
AOM_LS,gammaDDff2_minus,0.9,0.96,0.96,0.979,0.93,0.6428571428571428,-0.019433986168258456,0.08484856808261375,15.800883244799337,37.64233449053642,0.9,0.96,0.96,0.979,0.92,0.04210186004638672,252.76382122625355,500.0,True,0.495
AOM_LS,gammaDDff2_minus,0.9,0.96,0.96,0.979,0.93,0.6470588235294118,-0.01920967051463892,0.08447620414390072,15.696665669969839,37.22290345185375,0.9,0.96,0.96,0.979,0.92,0.04210186004638672,252.76382122625355,500.0,True,0.495
AOM_LS,gammaDDff2_minus,0.9,0.96,0.96,0.979,0.93,0.6512605042016807,-0.018985662716628285,0.08409509291068641,15.590707658581431,36.8005815534232,0.9,0.96,0.96,0.979,0.92,0.04210186004638672,252.76382122625355,500.0,True,0.495
AOM_LS,gammaDDff2_minus,0.9,0.96,0.96,0.979,0.93,0.6554621848739496,-0.018761962166123847,0.08370501743665139,15.482992562552038,36.37545909182727,0.9,0.96,0.96,0.979,0.92,0.04210186004638672,252.76382122625355,500.0,True,0.495
AOM_LS,gammaDDff2_minus,0.9,0.96,0.96,0.979,0.93,0.6596638655462185,-0.018538568156704543,0.08330578635030728,15.373506357178867,35.9476097575482,0.9,0.96,0.96,0.979,0.92,0.04210186004638672,252.76382122625355,500.0,True,0.495
AOM_LS,gammaDDff2_minus,0.9,0.96,0.96,0.979,0.93,0.6638655462184874,-0.018315479989884545,0.08289720614024565,15.262235077456376,35.51710790142123,0.9,0.96,0.96,0.979,0.92,0.04210186004638672,252.76382122625355,500.0,True,0.495
AOM_LS,gammaDDff2_minus,0.9,0.96,0.96,0.979,0.93,0.6680672268907563,-0.01809269678054354,0.08247908261572112,15.149166257858733,35.08403611878276,0.9,0.96,0.96,0.979,0.92,0.04210186004638672,252.76382122625355,500.0,True,0.495
AOM_LS,gammaDDff2_minus,0.9,0.96,0.96,0.979,0.93,0.6722689075630253,-0.01787021534967078,0.08205144503708373,15.034317570805793,34.648399366000454,0.9,0.96,0.96,0.979,0.92,0.04210186004638672,252.76382122625355,500.0,True,0.495
AOM_LS,gammaDDff2_minus,0.9,0.96,0.96,0.979,0.93,0.6764705882352942,-0.01764803592505535,0.08161401028602604,14.917663791791467,34.21030182341878,0.9,0.96,0.96,0.979,0.92,0.04210186004638672,252.76382122625355,500.0,True,0.495
AOM_LS,gammaDDff2_minus,0.9,0.96,0.96,0.979,0.93,0.680672268907563,-0.01742615595343121,0.0811667397208387,14.799213945627168,33.769771937437774,0.9,0.96,0.96,0.979,0.92,0.04210186004638672,252.76382122625355,500.0,True,0.495
AOM_LS,gammaDDff2_minus,0.9,0.96,0.96,0.979,0.93,0.6848739495798319,-0.01720457414339482,0.08070947971825361,14.678961276375828,33.32687313857101,0.9,0.96,0.96,0.979,0.92,0.04210186004638672,252.76382122625355,500.0,True,0.495
AOM_LS,gammaDDff2_minus,0.9,0.96,0.96,0.979,0.93,0.6890756302521008,-0.016983289760693906,0.08024202272329477,14.556892569698709,32.881689932133575,0.9,0.96,0.96,0.979,0.92,0.04210186004638672,252.76382122625355,500.0,True,0.495
AOM_LS,gammaDDff2_minus,0.9,0.96,0.96,0.979,0.93,0.6932773109243697,-0.016762302087722405,0.07976416435823758,14.432996086085716,32.43430992036185,0.9,0.96,0.96,0.979,0.92,0.04210186004638672,252.76382122625355,500.0,True,0.495
AOM_LS,gammaDDff2_minus,0.9,0.96,0.96,0.979,0.93,0.6974789915966386,-0.016541610715609095,0.07927574066718533,14.30726197631784,31.984782492439386,0.9,0.96,0.96,0.979,0.92,0.04210186004638672,252.76382122625355,500.0,True,0.495
AOM_LS,gammaDDff2_minus,0.9,0.96,0.96,0.979,0.93,0.7016806722689075,-0.016321213994138505,0.07877653929961112,14.179683322387762,31.533228593546973,0.9,0.96,0.96,0.979,0.92,0.04210186004638672,252.76382122625355,500.0,True,0.495
AOM_LS,gammaDDff2_minus,0.9,0.96,0.96,0.979,0.93,0.7058823529411764,-0.016101110305940258,0.07826635800983486,14.050252961044588,31.079754624580406,0.9,0.96,0.96,0.979,0.92,0.04210186004638672,252.76382122625355,500.0,True,0.495
AOM_LS,gammaDDff2_minus,0.9,0.96,0.96,0.979,0.93,0.7100840336134454,-0.015881298429122503,0.0777450169906074,13.918963157928905,30.62443568715289,0.9,0.96,0.96,0.979,0.92,0.04210186004638672,252.76382122625355,500.0,True,0.495
AOM_LS,gammaDDff2_minus,0.9,0.96,0.96,0.979,0.93,0.7142857142857143,-0.01566177735447009,0.07721234107702846,13.78580596465643,30.167338049327185,0.9,0.96,0.96,0.979,0.92,0.04210186004638672,252.76382122625355,500.0,True,0.495
AOM_LS,gammaDDff2_minus,0.9,0.96,0.96,0.979,0.93,0.7184873949579832,-0.015442546280643872,0.07666815675646653,13.650773158494077,29.708522246977136,0.9,0.96,0.96,0.979,0.92,0.04210186004638672,252.76382122625355,500.0,True,0.495
AOM_LS,gammaDDff2_minus,0.9,0.96,0.96,0.979,0.93,0.7226890756302521,-0.015223603439628594,0.07611226332642679,13.513859190816635,29.24809309247672,0.9,0.96,0.96,0.979,0.92,0.04210186004638672,252.76382122625355,500.0,True,0.495
AOM_LS,gammaDDff2_minus,0.9,0.96,0.96,0.979,0.93,0.726890756302521,-0.01500494757577373,0.07554446929557183,13.375057451476852,28.78613630852619,0.9,0.96,0.96,0.979,0.92,0.04210186004638672,252.76382122625355,500.0,True,0.495
AOM_LS,gammaDDff2_minus,0.9,0.96,0.96,0.979,0.93,0.7310924369747899,-0.014786577919250045,0.07496459180123115,13.234360317323421,28.32271948314956,0.9,0.96,0.96,0.979,0.92,0.04210186004638672,252.76382122625355,500.0,True,0.495
AOM_LS,gammaDDff2_minus,0.9,0.96,0.96,0.979,0.93,0.7352941176470589,-0.014568493660665184,0.07437244374428648,13.091760460680902,27.857914346913073,0.9,0.96,0.96,0.979,0.92,0.04210186004638672,252.76382122625355,500.0,True,0.495
AOM_LS,gammaDDff2_minus,0.9,0.96,0.96,0.979,0.93,0.7394957983193278,-0.014350695273405743,0.07376786965214603,12.947248592442849,27.391742623315803,0.9,0.96,0.96,0.979,0.92,0.04210186004638672,252.76382122625355,500.0,True,0.495
AOM_LS,gammaDDff2_minus,0.9,0.96,0.96,0.979,0.93,0.7436974789915967,-0.014133180866961682,0.07315064694064183,12.80081963214312,26.92432474775746,0.9,0.96,0.96,0.979,0.92,0.04210186004638672,252.76382122625355,500.0,True,0.495
AOM_LS,gammaDDff2_minus,0.9,0.96,0.96,0.979,0.93,0.7478991596638656,-0.013915948021802762,0.07252053554210293,12.652469600994243,26.455804798452096,0.9,0.96,0.96,0.979,0.92,0.04210186004638672,252.76382122625355,500.0,True,0.495
AOM_LS,gammaDDff2_minus,0.9,0.96,0.96,0.979,0.93,0.7521008403361344,-0.013698995884331726,0.07187733471644107,12.502192050109993,25.986264817529403,0.9,0.96,0.96,0.979,0.92,0.04210186004638672,252.76382122625355,500.0,True,0.495
AOM_LS,gammaDDff2_minus,0.9,0.96,0.96,0.979,0.93,0.7563025210084033,-0.013482323986008337,0.0712208511551763,12.349980039590081,25.515772874183053,0.9,0.96,0.96,0.979,0.92,0.04210186004638672,252.76382122625355,500.0,True,0.495
AOM_LS,gammaDDff2_minus,0.9,0.96,0.96,0.979,0.93,0.7605042016806722,-0.013265932051342352,0.07055088567337607,12.19582679836101,25.044401874691978,0.9,0.96,0.96,0.979,0.92,0.04210186004638672,252.76382122625355,500.0,True,0.495
AOM_LS,gammaDDff2_minus,0.9,0.96,0.96,0.979,0.93,0.7647058823529411,-0.013049819743533454,0.06986723268586345,12.039725874451497,24.5722310904997,0.9,0.96,0.96,0.979,0.92,0.04210186004638672,252.76382122625355,500.0,True,0.495
AOM_LS,gammaDDff2_minus,0.9,0.96,0.96,0.979,0.93,0.76890756302521,-0.012833985210720598,0.06916967671385953,11.881672070281247,24.0993562467968,0.9,0.96,0.96,0.979,0.92,0.04210186004638672,252.76382122625355,500.0,True,0.495
AOM_LS,gammaDDff2_minus,0.9,0.96,0.96,0.979,0.93,0.7731092436974789,-0.012618426806797435,0.06845799671328395,11.721660311605863,23.62587702196296,0.9,0.96,0.96,0.979,0.92,0.04210186004638672,252.76382122625355,500.0,True,0.495
AOM_LS,gammaDDff2_minus,0.9,0.96,0.96,0.979,0.93,0.7773109243697479,-0.012403143794083533,0.0677319678950263,11.559685174183707,23.151891781370054,0.9,0.96,0.96,0.979,0.92,0.04210186004638672,252.76382122625355,500.0,True,0.495
AOM_LS,gammaDDff2_minus,0.9,0.96,0.96,0.979,0.93,0.7815126050420168,-0.01218813524770856,0.06699135910404048,11.395741582271121,22.677505122095965,0.9,0.96,0.96,0.979,0.92,0.04210186004638672,252.76382122625355,500.0,True,0.495
AOM_LS,gammaDDff2_minus,0.9,0.96,0.96,0.979,0.93,0.7857142857142857,-0.011973399547331823,0.06623589527097196,11.229826374887697,22.20287899261058,0.9,0.96,0.96,0.979,0.92,0.04210186004638672,252.76382122625355,500.0,True,0.495
AOM_LS,gammaDDff2_minus,0.9,0.96,0.96,0.979,0.93,0.7899159663865546,-0.011758935689400455,0.06546535323496404,11.061934268369251,21.72810158277925,0.9,0.96,0.96,0.979,0.92,0.04210186004638672,252.76382122625355,500.0,True,0.495
AOM_LS,gammaDDff2_minus,0.9,0.96,0.96,0.979,0.93,0.7941176470588236,-0.011544742998911572,0.0646795404518433,10.892058733114364,21.253216416011075,0.9,0.96,0.96,0.979,0.92,0.04210186004638672,252.76382122625355,500.0,True,0.495
AOM_LS,gammaDDff2_minus,0.9,0.96,0.96,0.979,0.93,0.7983193277310925,-0.011330819769591865,0.06387819508884436,10.720196179883128,20.778358673034692,0.9,0.96,0.96,0.979,0.92,0.04210186004638672,252.76382122625355,500.0,True,0.495
AOM_LS,gammaDDff2_minus,0.9,0.96,0.96,0.979,0.93,0.8025210084033614,-0.011117164760373423,0.06306106974868189,10.546342291416023,20.303639618871046,0.9,0.96,0.96,0.979,0.92,0.04210186004638672,252.76382122625355,500.0,True,0.495
AOM_LS,gammaDDff2_minus,0.9,0.96,0.96,0.979,0.93,0.8067226890756303,-0.010903776904510777,0.06222792592821708,10.37049232702622,19.829154687543113,0.9,0.96,0.96,0.979,0.92,0.04210186004638672,252.76382122625355,500.0,True,0.495
AOM_LS,gammaDDff2_minus,0.9,0.96,0.96,0.979,0.93,0.8109243697478992,-0.010690654964161881,0.06137852014346846,10.192641753254295,19.355002811318222,0.9,0.96,0.96,0.979,0.92,0.04210186004638672,252.76382122625355,500.0,True,0.495
AOM_LS,gammaDDff2_minus,0.9,0.96,0.96,0.979,0.93,0.8151260504201681,-0.010477797455100253,0.060512602634468955,10.01278630644061,18.88128808383353,0.9,0.96,0.96,0.979,0.92,0.04210186004638672,252.76382122625355,500.0,True,0.495
AOM_LS,gammaDDff2_minus,0.9,0.96,0.96,0.979,0.93,0.819327731092437,-0.010265201622629602,0.05962987927430511,9.830923783671674,18.40817270039888,0.9,0.96,0.96,0.979,0.92,0.04210186004638672,252.76382122625355,500.0,True,0.495
AOM_LS,gammaDDff2_minus,0.9,0.96,0.96,0.979,0.93,0.8235294117647058,-0.010052866288288689,0.05873010499753149,9.64704953509716,17.935745890806352,0.9,0.96,0.96,0.979,0.92,0.04210186004638672,252.76382122625355,500.0,True,0.495
AOM_LS,gammaDDff2_minus,0.9,0.96,0.96,0.979,0.93,0.8277310924369747,-0.00984079111069843,0.057813061598272264,9.461157528856392,17.46405515555473,0.9,0.96,0.96,0.979,0.92,0.04210186004638672,252.76382122625355,500.0,True,0.495
AOM_LS,gammaDDff2_minus,0.9,0.96,0.96,0.979,0.93,0.8319327731092436,-0.009628973231648344,0.05687845662817589,9.273245284255818,16.993248191013752,0.9,0.96,0.96,0.979,0.92,0.04210186004638672,252.76382122625355,500.0,True,0.495
AOM_LS,gammaDDff2_minus,0.9,0.96,0.96,0.979,0.93,0.8361344537815125,-0.009417409812978431,0.055925999507381544,9.083310142053843,16.523465596836797,0.9,0.96,0.96,0.979,0.92,0.04210186004638672,252.76382122625355,500.0,True,0.495
AOM_LS,gammaDDff2_minus,0.9,0.96,0.96,0.979,0.93,0.8403361344537815,-0.009206098922681424,0.05495542920773099,8.891347865342704,16.05480193078203,0.9,0.96,0.96,0.979,0.92,0.04210186004638672,252.76382122625355,500.0,True,0.495
AOM_LS,gammaDDff2_minus,0.9,0.96,0.96,0.979,0.93,0.8445378151260504,-0.008995038739501719,0.05396648928579848,8.697353870844392,15.58734072954929,0.9,0.96,0.96,0.979,0.92,0.04210186004638672,252.76382122625355,500.0,True,0.495
AOM_LS,gammaDDff2_minus,0.9,0.96,0.96,0.979,0.93,0.8487394957983193,-0.008784226562507746,0.052958890826909,8.501325090990273,15.121206220712311,0.9,0.96,0.96,0.979,0.92,0.04210186004638672,252.76382122625355,500.0,True,0.495
AOM_LS,gammaDDff2_minus,0.9,0.96,0.96,0.979,0.93,0.8529411764705882,-0.00857365969913434,0.05193234789331874,8.303258162528651,14.656513485735962,0.9,0.96,0.96,0.979,0.92,0.04210186004638672,252.76382122625355,500.0,True,0.495
AOM_LS,gammaDDff2_minus,0.9,0.96,0.96,0.979,0.93,0.8571428571428572,-0.008363334613334158,0.0508865784486953,8.10314928500437,14.193367507294042,0.9,0.96,0.96,0.979,0.92,0.04210186004638672,252.76382122625355,500.0,True,0.495
AOM_LS,gammaDDff2_minus,0.9,0.96,0.96,0.979,0.93,0.8613445378151261,-0.008153247032931129,0.049821294486964825,7.900994739891412,13.731876594422333,0.9,0.96,0.96,0.979,0.92,0.04210186004638672,252.76382122625355,500.0,True,0.495
AOM_LS,gammaDDff2_minus,0.9,0.96,0.96,0.979,0.93,0.865546218487395,-0.007943392134337961,0.04873620295081117,7.696790816670095,13.27215066175979,0.9,0.96,0.96,0.979,0.92,0.04210186004638672,252.76382122625355,500.0,True,0.495
AOM_LS,gammaDDff2_minus,0.9,0.96,0.96,0.979,0.93,0.8697478991596639,-0.0077337647162634545,0.04763100366351021,7.490534038721041,12.814304345782508,0.9,0.96,0.96,0.979,0.92,0.04210186004638672,252.76382122625355,500.0,True,0.495
AOM_LS,gammaDDff2_minus,0.9,0.96,0.96,0.979,0.93,0.8739495798319328,-0.007524358773621586,0.046505393135969054,7.282220814269482,12.358451306385039,0.9,0.96,0.96,0.979,0.92,0.04210186004638672,252.76382122625355,500.0,True,0.495
AOM_LS,gammaDDff2_minus,0.9,0.96,0.96,0.979,0.93,0.8781512605042017,-0.007315166504657153,0.0453590634486106,7.071847341839204,11.9047058452659,0.9,0.96,0.96,0.979,0.92,0.04210186004638672,252.76382122625355,500.0,True,0.495
AOM_LS,gammaDDff2_minus,0.9,0.96,0.96,0.979,0.93,0.8823529411764706,-0.007106181770514022,0.0441917024957141,6.859410222540526,11.453182084934824,0.9,0.96,0.96,0.979,0.92,0.04210186004638672,252.76382122625355,500.0,True,0.495
AOM_LS,gammaDDff2_minus,0.9,0.96,0.96,0.979,0.93,0.8865546218487395,-0.0068973922093086585,0.04300299346160037,6.644905029495731,11.00399499680657,0.9,0.96,0.96,0.979,0.92,0.04210186004638672,252.76382122625355,500.0,True,0.495
AOM_LS,gammaDDff2_minus,0.9,0.96,0.96,0.979,0.93,0.8907563025210083,-0.006688789355556611,0.04179261521805329,6.428328153169936,10.557259157992478,0.9,0.96,0.96,0.979,0.92,0.04210186004638672,252.76382122625355,500.0,True,0.495
AOM_LS,gammaDDff2_minus,0.9,0.96,0.96,0.979,0.93,0.8949579831932772,-0.006480356000878653,0.04056024178031748,6.20967451505934,10.113089849698902,0.9,0.96,0.96,0.979,0.92,0.04210186004638672,252.76382122625355,500.0,True,0.495
AOM_LS,gammaDDff2_minus,0.9,0.96,0.96,0.979,0.93,0.8991596638655461,-0.00627207602073971,0.03930554257549637,5.98893934047225,9.671602098363593,0.9,0.96,0.96,0.979,0.92,0.04210186004638672,252.76382122625355,500.0,True,0.495
AOM_LS,gammaDDff2_minus,0.9,0.96,0.96,0.979,0.93,0.9033613445378151,-0.006063925132013364,0.038028182107885285,5.766116527375742,9.232911247357265,0.9,0.96,0.96,0.979,0.92,0.04210186004638672,252.76382122625355,500.0,True,0.495
AOM_LS,gammaDDff2_minus,0.9,0.96,0.96,0.979,0.93,0.907563025210084,-0.0058558737352521146,0.03672781997147788,5.541199180822748,8.797132624867109,0.9,0.96,0.96,0.979,0.92,0.04210186004638672,252.76382122625355,500.0,True,0.495
AOM_LS,gammaDDff2_minus,0.9,0.96,0.96,0.979,0.93,0.9117647058823529,-0.0056478859368488355,0.03540411075795873,5.314179475535234,8.364381473673282,0.9,0.96,0.96,0.979,0.92,0.04210186004638672,252.76382122625355,500.0,True,0.495
AOM_LS,gammaDDff2_minus,0.9,0.96,0.96,0.979,0.93,0.9159663865546218,-0.005439915642886085,0.034056703939782634,5.085048013943463,7.9347729509732545,0.9,0.96,0.96,0.979,0.92,0.04210186004638672,252.76382122625355,500.0,True,0.495
AOM_LS,gammaDDff2_minus,0.9,0.96,0.96,0.979,0.93,0.9201680672268908,-0.005231906669081752,0.03268524377715734,4.853793923720028,7.5084220313547,0.9,0.96,0.96,0.979,0.92,0.04210186004638672,252.76382122625355,500.0,True,0.495
AOM_LS,gammaDDff2_minus,0.9,0.96,0.96,0.979,0.93,0.9243697478991597,-0.005023789321969212,0.03128936920820397,4.620404302103919,7.085443467050417,0.9,0.96,0.96,0.979,0.92,0.04210186004638672,252.76382122625355,500.0,True,0.495
AOM_LS,gammaDDff2_minus,0.9,0.96,0.96,0.979,0.93,0.9285714285714286,-0.004815465589258196,0.02986871373607146,4.384861799042853,6.665951824878322,0.9,0.96,0.96,0.979,0.92,0.04210186004638672,252.76382122625355,500.0,True,0.495
AOM_LS,gammaDDff2_minus,0.9,0.96,0.96,0.979,0.93,0.9327731092436975,-0.004606808237998793,0.02842290534451923,4.147144644486898,6.250061341055303,0.9,0.96,0.96,0.979,0.92,0.04210186004638672,252.76382122625355,500.0,True,0.495
AOM_LS,gammaDDff2_minus,0.9,0.96,0.96,0.979,0.93,0.9369747899159664,-0.004397645631842555,0.026951566387123566,3.9072243828862145,5.837885923898354,0.9,0.96,0.96,0.979,0.92,0.04210186004638672,252.76382122625355,500.0,True,0.495
AOM_LS,gammaDDff2_minus,0.9,0.96,0.96,0.979,0.93,0.9411764705882353,-0.004187752313204748,0.025454313492545955,3.665064700377766,5.429539060465633,0.9,0.96,0.96,0.979,0.92,0.04210186004638672,252.76382122625355,500.0,True,0.495
AOM_LS,gammaDDff2_minus,0.9,0.96,0.96,0.979,0.93,0.9453781512605042,-0.003976824318286509,0.023930757470614582,3.4206177958639015,5.025133814482465,0.9,0.96,0.96,0.979,0.92,0.04210186004638672,252.76382122625355,500.0,True,0.495
AOM_LS,gammaDDff2_minus,0.9,0.96,0.96,0.979,0.93,0.9495798319327731,-0.0037644417061596493,0.022380503239388456,3.173818994490073,4.624782837358135,0.9,0.96,0.96,0.979,0.92,0.04210186004638672,252.76382122625355,500.0,True,0.495
AOM_LS,gammaDDff2_minus,0.9,0.96,0.96,0.979,0.93,0.953781512605042,-0.0035500128700280496,0.020803149771781066,2.924579098622407,4.228598414493036,0.9,0.96,0.96,0.979,0.92,0.04210186004638672,252.76382122625355,500.0,True,0.495
AOM_LS,gammaDDff2_minus,0.9,0.96,0.96,0.979,0.93,0.9579831932773109,-0.0033327042643839823,0.01919829005789072,2.6727750675597495,3.836692528419793,0.9,0.96,0.96,0.979,0.92,0.04210186004638672,252.76382122625355,500.0,True,0.495
AOM_LS,gammaDDff2_minus,0.9,0.96,0.96,0.979,0.93,0.9621848739495797,-0.00311132978820924,0.01756551111533285,2.4182349784200423,3.4491770388794065,0.9,0.96,0.96,0.979,0.92,0.04210186004638672,252.76382122625355,500.0,True,0.495
AOM_LS,gammaDDff2_minus,0.9,0.96,0.96,0.979,0.93,0.9663865546218486,-0.002884125236829407,0.015904394161058988,2.1607079168567167,3.066164127945025,0.9,0.96,0.96,0.979,0.92,0.04210186004638672,252.76382122625355,500.0,True,0.495
AOM_LS,gammaDDff2_minus,0.9,0.96,0.96,0.979,0.93,0.9705882352941176,-0.0026484696743418177,0.014214514870999746,1.8998289280598126,2.6877667236330427,0.9,0.96,0.96,0.979,0.92,0.04210186004638672,252.76382122625355,500.0,True,0.495
AOM_LS,gammaDDff2_minus,0.9,0.96,0.96,0.979,0.93,0.9747899159663865,-0.0024004489181972477,0.012495443742114877,1.6350638598247427,2.3140994021921775,0.9,0.96,0.96,0.979,0.92,0.04210186004638672,252.76382122625355,500.0,True,0.495
AOM_LS,gammaDDff2_minus,0.9,0.96,0.96,0.979,0.93,0.9789915966386554,-0.0021338115717035957,0.010746747323855917,1.3655758899858237,1.945280847744719,0.9,0.96,0.96,0.979,0.92,0.04210186004638672,252.76382122625355,500.0,True,0.495
AOM_LS,gammaDDff2_minus,0.9,0.96,0.96,0.979,0.93,0.9831932773109244,-0.0018385160953770733,0.008967986380084362,1.0900515249931662,1.5814399916588808,0.9,0.96,0.96,0.979,0.92,0.04210186004638672,252.76382122625355,500.0,True,0.495
AOM_LS,gammaDDff2_minus,0.9,0.96,0.96,0.979,0.93,0.9873949579831933,-0.0014982451820719027,0.007158729405525419,0.8064006267701056,1.2227059090126475,0.9,0.96,0.96,0.979,0.92,0.04210186004638672,252.76382122625355,500.0,True,0.495
AOM_LS,gammaDDff2_minus,0.9,0.96,0.96,0.979,0.93,0.9915966386554622,-0.001084957547515559,0.005318257355264088,0.5110577882525115,0.8692010388826714,0.9,0.96,0.96,0.979,0.92,0.04210186004638672,252.76382122625355,500.0,True,0.495
AOM_LS,gammaDDff2_minus,0.9,0.96,0.96,0.979,0.93,0.9957983193277311,-0.0005516810098062354,0.003421740905389048,0.19786189002943083,0.517888081057978,0.9,0.96,0.96,0.979,0.92,0.04210186004638672,252.76382122625355,500.0,True,0.495
AOM_LS,gammaDDff2_minus,0.9,0.96,0.96,0.979,0.93,1.0,0.0,0.0,0.0,0.0,0.9,0.96,0.96,0.979,0.92,0.04210186004638672,252.76382122625355,500.0,True,0.495
