,Mode,,Frequency,,Isotopologue
12-1-1-1-1,,,,,
MODE,1,FREQUENCY=,-1163.02307,(CM**-1),CHHHH
MODE,8,FREQUENCY=,24.12322,(CM**-1),CHHHH
MODE,9,FREQUENCY=,32.27273,(CM**-1),CHHHH
MODE,10,FREQUENCY=,33.11771,(CM**-1),CHHHH
MODE,11,FREQUENCY=,36.81041,(CM**-1),CHHHH
MODE,12,FREQUENCY=,42.86683,(CM**-1),CHHHH
MODE,13,FREQUENCY=,46.18493,(CM**-1),CHHHH
MODE,14,FREQUENCY=,49.58865,(CM**-1),CHHHH
MODE,15,FREQUENCY=,51.97644,(CM**-1),CHHHH
MODE,16,FREQUENCY=,53.49755,(CM**-1),CHHHH
MODE,17,FREQUENCY=,58.98820,(CM**-1),CHHHH
MODE,18,FREQUENCY=,65.46863,(CM**-1),CHHHH
MODE,19,FREQUENCY=,67.60012,(CM**-1),CHHHH
MODE,20,FREQUENCY=,75.39500,(CM**-1),CHHHH
MODE,21,FREQUENCY=,77.16202,(CM**-1),CHHHH
MODE,22,FREQUENCY=,83.06782,(CM**-1),CHHHH
MODE,23,FREQUENCY=,89.04665,(CM**-1),CHHHH
MODE,24,FREQUENCY=,90.39704,(CM**-1),CHHHH
MODE,25,FREQUENCY=,96.75273,(CM**-1),CHHHH
MODE,26,FREQUENCY=,102.25149,(CM**-1),CHHHH
MODE,27,FREQUENCY=,107.37499,(CM**-1),CHHHH
MODE,28,FREQUENCY=,112.46018,(CM**-1),CHHHH
MODE,29,FREQUENCY=,114.27614,(CM**-1),CHHHH
MODE,30,FREQUENCY=,115.67188,(CM**-1),CHHHH
MODE,31,FREQUENCY=,122.19413,(CM**-1),CHHHH
MODE,32,FREQUENCY=,124.60859,(CM**-1),CHHHH
MODE,33,FREQUENCY=,127.31531,(CM**-1),CHHHH
MODE,34,FREQUENCY=,137.35493,(CM**-1),CHHHH
MODE,35,FREQUENCY=,138.53857,(CM**-1),CHHHH
MODE,36,FREQUENCY=,148.47732,(CM**-1),CHHHH
MODE,37,FREQUENCY=,153.61736,(CM**-1),CHHHH
MODE,38,FREQUENCY=,157.18504,(CM**-1),CHHHH
MODE,39,FREQUENCY=,160.35884,(CM**-1),CHHHH
MODE,40,FREQUENCY=,165.04193,(CM**-1),CHHHH
MODE,41,FREQUENCY=,168.57651,(CM**-1),CHHHH
MODE,42,FREQUENCY=,172.82390,(CM**-1),CHHHH
MODE,43,FREQUENCY=,175.37403,(CM**-1),CHHHH
MODE,44,FREQUENCY=,183.09437,(CM**-1),CHHHH
MODE,45,FREQUENCY=,184.11475,(CM**-1),CHHHH
MODE,46,FREQUENCY=,197.74374,(CM**-1),CHHHH
MODE,47,FREQUENCY=,199.56484,(CM**-1),CHHHH
MODE,48,FREQUENCY=,207.20424,(CM**-1),CHHHH
MODE,49,FREQUENCY=,221.47078,(CM**-1),CHHHH
MODE,50,FREQUENCY=,228.67377,(CM**-1),CHHHH
MODE,51,FREQUENCY=,245.56019,(CM**-1),CHHHH
MODE,52,FREQUENCY=,252.31982,(CM**-1),CHHHH
MODE,53,FREQUENCY=,271.21002,(CM**-1),CHHHH
MODE,54,FREQUENCY=,276.00333,(CM**-1),CHHHH
MODE,55,FREQUENCY=,279.88158,(CM**-1),CHHHH
MODE,56,FREQUENCY=,306.59181,(CM**-1),CHHHH
MODE,57,FREQUENCY=,324.26702,(CM**-1),CHHHH
MODE,58,FREQUENCY=,326.68418,(CM**-1),CHHHH
MODE,59,FREQUENCY=,328.42016,(CM**-1),CHHHH
MODE,60,FREQUENCY=,353.26683,(CM**-1),CHHHH
MODE,61,FREQUENCY=,360.25810,(CM**-1),CHHHH
MODE,62,FREQUENCY=,368.86025,(CM**-1),CHHHH
MODE,63,FREQUENCY=,372.63730,(CM**-1),CHHHH
MODE,64,FREQUENCY=,376.22208,(CM**-1),CHHHH
MODE,65,FREQUENCY=,389.50554,(CM**-1),CHHHH
MODE,66,FREQUENCY=,453.14395,(CM**-1),CHHHH
MODE,67,FREQUENCY=,483.17613,(CM**-1),CHHHH
MODE,68,FREQUENCY=,492.14679,(CM**-1),CHHHH
MODE,69,FREQUENCY=,513.44333,(CM**-1),CHHHH
MODE,70,FREQUENCY=,523.18754,(CM**-1),CHHHH
MODE,71,FREQUENCY=,526.03237,(CM**-1),CHHHH
MODE,72,FREQUENCY=,534.97521,(CM**-1),CHHHH
MODE,73,FREQUENCY=,550.32379,(CM**-1),CHHHH
MODE,74,FREQUENCY=,569.13005,(CM**-1),CHHHH
MODE,75,FREQUENCY=,603.06231,(CM**-1),CHHHH
MODE,76,FREQUENCY=,614.66004,(CM**-1),CHHHH
MODE,77,FREQUENCY=,616.98306,(CM**-1),CHHHH
MODE,78,FREQUENCY=,618.04199,(CM**-1),CHHHH
MODE,79,FREQUENCY=,628.29492,(CM**-1),CHHHH
MODE,80,FREQUENCY=,636.30292,(CM**-1),CHHHH
MODE,81,FREQUENCY=,637.57077,(CM**-1),CHHHH
MODE,82,FREQUENCY=,649.13582,(CM**-1),CHHHH
MODE,83,FREQUENCY=,652.13650,(CM**-1),CHHHH
MODE,84,FREQUENCY=,663.80314,(CM**-1),CHHHH
MODE,85,FREQUENCY=,668.35505,(CM**-1),CHHHH
MODE,86,FREQUENCY=,669.79021,(CM**-1),CHHHH
MODE,87,FREQUENCY=,678.86325,(CM**-1),CHHHH
MODE,88,FREQUENCY=,680.51693,(CM**-1),CHHHH
MODE,89,FREQUENCY=,687.54429,(CM**-1),CHHHH
MODE,90,FREQUENCY=,722.75221,(CM**-1),CHHHH
MODE,91,FREQUENCY=,729.21538,(CM**-1),CHHHH
MODE,92,FREQUENCY=,751.81896,(CM**-1),CHHHH
MODE,93,FREQUENCY=,786.47794,(CM**-1),CHHHH
MODE,94,FREQUENCY=,819.06468,(CM**-1),CHHHH
MODE,95,FREQUENCY=,875.80681,(CM**-1),CHHHH
MODE,96,FREQUENCY=,924.91430,(CM**-1),CHHHH
MODE,97,FREQUENCY=,943.29149,(CM**-1),CHHHH
MODE,98,FREQUENCY=,947.08961,(CM**-1),CHHHH
MODE,99,FREQUENCY=,948.36089,(CM**-1),CHHHH
MODE,100,FREQUENCY=,951.51686,(CM**-1),CHHHH
MODE,101,FREQUENCY=,960.65072,(CM**-1),CHHHH
MODE,102,FREQUENCY=,997.34393,(CM**-1),CHHHH
MODE,103,FREQUENCY=,1016.53902,(CM**-1),CHHHH
MODE,104,FREQUENCY=,1021.20233,(CM**-1),CHHHH
MODE,105,FREQUENCY=,1027.13057,(CM**-1),CHHHH
MODE,106,FREQUENCY=,1034.07045,(CM**-1),CHHHH
MODE,107,FREQUENCY=,1035.18158,(CM**-1),CHHHH
MODE,108,FREQUENCY=,1038.58346,(CM**-1),CHHHH
MODE,109,FREQUENCY=,1047.66677,(CM**-1),CHHHH
MODE,110,FREQUENCY=,1054.67099,(CM**-1),CHHHH
MODE,111,FREQUENCY=,1072.11908,(CM**-1),CHHHH
MODE,112,FREQUENCY=,1077.86778,(CM**-1),CHHHH
MODE,113,FREQUENCY=,1081.84792,(CM**-1),CHHHH
MODE,114,FREQUENCY=,1085.14879,(CM**-1),CHHHH
MODE,115,FREQUENCY=,1089.93953,(CM**-1),CHHHH
MODE,116,FREQUENCY=,1092.84637,(CM**-1),CHHHH
MODE,117,FREQUENCY=,1101.48333,(CM**-1),CHHHH
MODE,118,FREQUENCY=,1103.61804,(CM**-1),CHHHH
MODE,119,FREQUENCY=,1157.46592,(CM**-1),CHHHH
MODE,120,FREQUENCY=,1174.90681,(CM**-1),CHHHH
MODE,121,FREQUENCY=,1183.69589,(CM**-1),CHHHH
MODE,122,FREQUENCY=,1205.71423,(CM**-1),CHHHH
MODE,123,FREQUENCY=,1214.49735,(CM**-1),CHHHH
MODE,124,FREQUENCY=,1265.24185,(CM**-1),CHHHH
MODE,125,FREQUENCY=,1268.28052,(CM**-1),CHHHH
MODE,126,FREQUENCY=,1274.14450,(CM**-1),CHHHH
MODE,127,FREQUENCY=,1301.47889,(CM**-1),CHHHH
MODE,128,FREQUENCY=,1305.91546,(CM**-1),CHHHH
MODE,129,FREQUENCY=,1309.61693,(CM**-1),CHHHH
MODE,130,FREQUENCY=,1356.78851,(CM**-1),CHHHH
MODE,131,FREQUENCY=,1361.82213,(CM**-1),CHHHH
MODE,132,FREQUENCY=,1367.62607,(CM**-1),CHHHH
MODE,133,FREQUENCY=,1393.42307,(CM**-1),CHHHH
MODE,134,FREQUENCY=,1404.79468,(CM**-1),CHHHH
MODE,135,FREQUENCY=,1410.59060,(CM**-1),CHHHH
MODE,136,FREQUENCY=,1428.64194,(CM**-1),CHHHH
MODE,137,FREQUENCY=,1441.11051,(CM**-1),CHHHH
MODE,138,FREQUENCY=,1444.09752,(CM**-1),CHHHH
MODE,139,FREQUENCY=,1448.10376,(CM**-1),CHHHH
MODE,140,FREQUENCY=,1458.64497,(CM**-1),CHHHH
MODE,141,FREQUENCY=,1466.97556,(CM**-1),CHHHH
MODE,142,FREQUENCY=,1482.33944,(CM**-1),CHHHH
MODE,143,FREQUENCY=,1493.19579,(CM**-1),CHHHH
MODE,144,FREQUENCY=,1494.12891,(CM**-1),CHHHH
MODE,145,FREQUENCY=,1494.73002,(CM**-1),CHHHH
MODE,146,FREQUENCY=,1497.84413,(CM**-1),CHHHH
MODE,147,FREQUENCY=,1499.48524,(CM**-1),CHHHH
MODE,148,FREQUENCY=,1501.17101,(CM**-1),CHHHH
MODE,149,FREQUENCY=,1501.37364,(CM**-1),CHHHH
MODE,150,FREQUENCY=,1506.96394,(CM**-1),CHHHH
MODE,151,FREQUENCY=,1509.02140,(CM**-1),CHHHH
MODE,152,FREQUENCY=,1509.54404,(CM**-1),CHHHH
MODE,153,FREQUENCY=,1510.06293,(CM**-1),CHHHH
MODE,154,FREQUENCY=,1513.87121,(CM**-1),CHHHH
MODE,155,FREQUENCY=,1526.36663,(CM**-1),CHHHH
MODE,156,FREQUENCY=,1532.09439,(CM**-1),CHHHH
MODE,157,FREQUENCY=,1550.70753,(CM**-1),CHHHH
MODE,158,FREQUENCY=,1552.89976,(CM**-1),CHHHH
MODE,159,FREQUENCY=,1600.39694,(CM**-1),CHHHH
MODE,160,FREQUENCY=,1630.77194,(CM**-1),CHHHH
MODE,161,FREQUENCY=,1633.93193,(CM**-1),CHHHH
MODE,162,FREQUENCY=,1636.10504,(CM**-1),CHHHH
MODE,163,FREQUENCY=,1676.60064,(CM**-1),CHHHH
MODE,164,FREQUENCY=,1730.00684,(CM**-1),CHHHH
MODE,165,FREQUENCY=,1737.29448,(CM**-1),CHHHH
MODE,166,FREQUENCY=,3059.05888,(CM**-1),CHHHH
MODE,167,FREQUENCY=,3061.36370,(CM**-1),CHHHH
MODE,168,FREQUENCY=,3062.11040,(CM**-1),CHHHH
MODE,169,FREQUENCY=,3066.27372,(CM**-1),CHHHH
MODE,170,FREQUENCY=,3066.45703,(CM**-1),CHHHH
MODE,171,FREQUENCY=,3066.94662,(CM**-1),CHHHH
MODE,172,FREQUENCY=,3091.86763,(CM**-1),CHHHH
MODE,173,FREQUENCY=,3120.82260,(CM**-1),CHHHH
MODE,174,FREQUENCY=,3126.70959,(CM**-1),CHHHH
MODE,175,FREQUENCY=,3129.26887,(CM**-1),CHHHH
MODE,176,FREQUENCY=,3132.43943,(CM**-1),CHHHH
MODE,177,FREQUENCY=,3135.13210,(CM**-1),CHHHH
MODE,178,FREQUENCY=,3135.97701,(CM**-1),CHHHH
MODE,179,FREQUENCY=,3139.60686,(CM**-1),CHHHH
MODE,180,FREQUENCY=,3152.26755,(CM**-1),CHHHH
MODE,181,FREQUENCY=,3163.19972,(CM**-1),CHHHH
MODE,182,FREQUENCY=,3168.64656,(CM**-1),CHHHH
MODE,183,FREQUENCY=,3168.85910,(CM**-1),CHHHH
MODE,184,FREQUENCY=,3172.82052,(CM**-1),CHHHH
MODE,185,FREQUENCY=,3204.49894,(CM**-1),CHHHH
MODE,186,FREQUENCY=,3219.40545,(CM**-1),CHHHH
MODE,187,FREQUENCY=,3236.63937,(CM**-1),CHHHH
MODE,188,FREQUENCY=,3279.38965,(CM**-1),CHHHH
MODE,189,FREQUENCY=,3298.61061,(CM**-1),CHHHH
MODE,190,FREQUENCY=,3299.58559,(CM**-1),CHHHH
MODE,191,FREQUENCY=,3314.43917,(CM**-1),CHHHH
MODE,192,FREQUENCY=,3389.84466,(CM**-1),CHHHH
MODE,193,FREQUENCY=,3659.80886,(CM**-1),CHHHH
MODE,194,FREQUENCY=,3662.88139,(CM**-1),CHHHH
MODE,195,FREQUENCY=,3696.79566,(CM**-1),CHHHH
12-1-1-1-2,,,,,
MODE,1,FREQUENCY=,-890.45772,(CM**-1),CHHHD
MODE,8,FREQUENCY=,24.09022,(CM**-1),CHHHD
MODE,9,FREQUENCY=,32.24814,(CM**-1),CHHHD
MODE,10,FREQUENCY=,33.08824,(CM**-1),CHHHD
MODE,11,FREQUENCY=,36.73208,(CM**-1),CHHHD
MODE,12,FREQUENCY=,42.86187,(CM**-1),CHHHD
MODE,13,FREQUENCY=,46.18276,(CM**-1),CHHHD
MODE,14,FREQUENCY=,49.58520,(CM**-1),CHHHD
MODE,15,FREQUENCY=,51.96307,(CM**-1),CHHHD
MODE,16,FREQUENCY=,53.49507,(CM**-1),CHHHD
MODE,17,FREQUENCY=,58.98715,(CM**-1),CHHHD
MODE,18,FREQUENCY=,65.35350,(CM**-1),CHHHD
MODE,19,FREQUENCY=,67.55830,(CM**-1),CHHHD
MODE,20,FREQUENCY=,75.35102,(CM**-1),CHHHD
MODE,21,FREQUENCY=,77.04449,(CM**-1),CHHHD
MODE,22,FREQUENCY=,83.05998,(CM**-1),CHHHD
MODE,23,FREQUENCY=,89.04393,(CM**-1),CHHHD
MODE,24,FREQUENCY=,90.39557,(CM**-1),CHHHD
MODE,25,FREQUENCY=,96.75223,(CM**-1),CHHHD
MODE,26,FREQUENCY=,102.24190,(CM**-1),CHHHD
MODE,27,FREQUENCY=,107.29315,(CM**-1),CHHHD
MODE,28,FREQUENCY=,112.45819,(CM**-1),CHHHD
MODE,29,FREQUENCY=,114.25553,(CM**-1),CHHHD
MODE,30,FREQUENCY=,115.67147,(CM**-1),CHHHD
MODE,31,FREQUENCY=,122.19259,(CM**-1),CHHHD
MODE,32,FREQUENCY=,124.60141,(CM**-1),CHHHD
MODE,33,FREQUENCY=,127.30586,(CM**-1),CHHHD
MODE,34,FREQUENCY=,137.34303,(CM**-1),CHHHD
MODE,35,FREQUENCY=,138.50218,(CM**-1),CHHHD
MODE,36,FREQUENCY=,148.44686,(CM**-1),CHHHD
MODE,37,FREQUENCY=,153.31742,(CM**-1),CHHHD
MODE,38,FREQUENCY=,157.08422,(CM**-1),CHHHD
MODE,39,FREQUENCY=,160.27195,(CM**-1),CHHHD
MODE,40,FREQUENCY=,165.00918,(CM**-1),CHHHD
MODE,41,FREQUENCY=,168.56301,(CM**-1),CHHHD
MODE,42,FREQUENCY=,172.80846,(CM**-1),CHHHD
MODE,43,FREQUENCY=,175.33654,(CM**-1),CHHHD
MODE,44,FREQUENCY=,182.97777,(CM**-1),CHHHD
MODE,45,FREQUENCY=,183.86213,(CM**-1),CHHHD
MODE,46,FREQUENCY=,197.73567,(CM**-1),CHHHD
MODE,47,FREQUENCY=,199.35524,(CM**-1),CHHHD
MODE,48,FREQUENCY=,207.07087,(CM**-1),CHHHD
MODE,49,FREQUENCY=,221.25419,(CM**-1),CHHHD
MODE,50,FREQUENCY=,228.55272,(CM**-1),CHHHD
MODE,51,FREQUENCY=,242.53505,(CM**-1),CHHHD
MODE,52,FREQUENCY=,250.79503,(CM**-1),CHHHD
MODE,53,FREQUENCY=,270.77733,(CM**-1),CHHHD
MODE,54,FREQUENCY=,275.97075,(CM**-1),CHHHD
MODE,55,FREQUENCY=,279.86169,(CM**-1),CHHHD
MODE,56,FREQUENCY=,305.48691,(CM**-1),CHHHD
MODE,57,FREQUENCY=,316.00536,(CM**-1),CHHHD
MODE,58,FREQUENCY=,324.48033,(CM**-1),CHHHD
MODE,59,FREQUENCY=,325.84019,(CM**-1),CHHHD
MODE,60,FREQUENCY=,329.16052,(CM**-1),CHHHD
MODE,61,FREQUENCY=,358.68933,(CM**-1),CHHHD
MODE,62,FREQUENCY=,359.96169,(CM**-1),CHHHD
MODE,63,FREQUENCY=,366.35978,(CM**-1),CHHHD
MODE,64,FREQUENCY=,373.24915,(CM**-1),CHHHD
MODE,65,FREQUENCY=,382.27003,(CM**-1),CHHHD
MODE,66,FREQUENCY=,444.18320,(CM**-1),CHHHD
MODE,67,FREQUENCY=,454.04382,(CM**-1),CHHHD
MODE,68,FREQUENCY=,492.11588,(CM**-1),CHHHD
MODE,69,FREQUENCY=,513.24080,(CM**-1),CHHHD
MODE,70,FREQUENCY=,523.11386,(CM**-1),CHHHD
MODE,71,FREQUENCY=,525.93558,(CM**-1),CHHHD
MODE,72,FREQUENCY=,534.97324,(CM**-1),CHHHD
MODE,73,FREQUENCY=,550.30016,(CM**-1),CHHHD
MODE,74,FREQUENCY=,569.12884,(CM**-1),CHHHD
MODE,75,FREQUENCY=,603.05696,(CM**-1),CHHHD
MODE,76,FREQUENCY=,614.65900,(CM**-1),CHHHD
MODE,77,FREQUENCY=,616.97661,(CM**-1),CHHHD
MODE,78,FREQUENCY=,618.04151,(CM**-1),CHHHD
MODE,79,FREQUENCY=,628.28826,(CM**-1),CHHHD
MODE,80,FREQUENCY=,636.29582,(CM**-1),CHHHD
MODE,81,FREQUENCY=,637.55104,(CM**-1),CHHHD
MODE,82,FREQUENCY=,649.13495,(CM**-1),CHHHD
MODE,83,FREQUENCY=,652.13643,(CM**-1),CHHHD
MODE,84,FREQUENCY=,663.69461,(CM**-1),CHHHD
MODE,85,FREQUENCY=,668.35392,(CM**-1),CHHHD
MODE,86,FREQUENCY=,669.77379,(CM**-1),CHHHD
MODE,87,FREQUENCY=,678.85688,(CM**-1),CHHHD
MODE,88,FREQUENCY=,680.40510,(CM**-1),CHHHD
MODE,89,FREQUENCY=,687.53706,(CM**-1),CHHHD
MODE,90,FREQUENCY=,722.75178,(CM**-1),CHHHD
MODE,91,FREQUENCY=,728.18091,(CM**-1),CHHHD
MODE,92,FREQUENCY=,729.24129,(CM**-1),CHHHD
MODE,93,FREQUENCY=,786.20461,(CM**-1),CHHHD
MODE,94,FREQUENCY=,819.05722,(CM**-1),CHHHD
MODE,95,FREQUENCY=,875.80584,(CM**-1),CHHHD
MODE,96,FREQUENCY=,924.90378,(CM**-1),CHHHD
MODE,97,FREQUENCY=,943.28706,(CM**-1),CHHHD
MODE,98,FREQUENCY=,947.04365,(CM**-1),CHHHD
MODE,99,FREQUENCY=,948.35821,(CM**-1),CHHHD
MODE,100,FREQUENCY=,951.51408,(CM**-1),CHHHD
MODE,101,FREQUENCY=,960.56596,(CM**-1),CHHHD
MODE,102,FREQUENCY=,965.74344,(CM**-1),CHHHD
MODE,103,FREQUENCY=,990.86284,(CM**-1),CHHHD
MODE,104,FREQUENCY=,997.34530,(CM**-1),CHHHD
MODE,105,FREQUENCY=,1016.54285,(CM**-1),CHHHD
MODE,106,FREQUENCY=,1021.19593,(CM**-1),CHHHD
MODE,107,FREQUENCY=,1027.13029,(CM**-1),CHHHD
MODE,108,FREQUENCY=,1034.09097,(CM**-1),CHHHD
MODE,109,FREQUENCY=,1035.18574,(CM**-1),CHHHD
MODE,110,FREQUENCY=,1038.61178,(CM**-1),CHHHD
MODE,111,FREQUENCY=,1047.67800,(CM**-1),CHHHD
MODE,112,FREQUENCY=,1054.67106,(CM**-1),CHHHD
MODE,113,FREQUENCY=,1072.14144,(CM**-1),CHHHD
MODE,114,FREQUENCY=,1077.90602,(CM**-1),CHHHD
MODE,115,FREQUENCY=,1081.89197,(CM**-1),CHHHD
MODE,116,FREQUENCY=,1085.15312,(CM**-1),CHHHD
MODE,117,FREQUENCY=,1089.93947,(CM**-1),CHHHD
MODE,118,FREQUENCY=,1092.84720,(CM**-1),CHHHD
MODE,119,FREQUENCY=,1101.48217,(CM**-1),CHHHD
MODE,120,FREQUENCY=,1103.61669,(CM**-1),CHHHD
MODE,121,FREQUENCY=,1174.90299,(CM**-1),CHHHD
MODE,122,FREQUENCY=,1183.69443,(CM**-1),CHHHD
MODE,123,FREQUENCY=,1205.75844,(CM**-1),CHHHD
MODE,124,FREQUENCY=,1220.47624,(CM**-1),CHHHD
MODE,125,FREQUENCY=,1268.26956,(CM**-1),CHHHD
MODE,126,FREQUENCY=,1274.14282,(CM**-1),CHHHD
MODE,127,FREQUENCY=,1301.46388,(CM**-1),CHHHD
MODE,128,FREQUENCY=,1305.91138,(CM**-1),CHHHD
MODE,129,FREQUENCY=,1309.55443,(CM**-1),CHHHD
MODE,130,FREQUENCY=,1356.78826,(CM**-1),CHHHD
MODE,131,FREQUENCY=,1361.82205,(CM**-1),CHHHD
MODE,132,FREQUENCY=,1367.61176,(CM**-1),CHHHD
MODE,133,FREQUENCY=,1393.40685,(CM**-1),CHHHD
MODE,134,FREQUENCY=,1404.78787,(CM**-1),CHHHD
MODE,135,FREQUENCY=,1410.57258,(CM**-1),CHHHD
MODE,136,FREQUENCY=,1428.63829,(CM**-1),CHHHD
MODE,137,FREQUENCY=,1441.09429,(CM**-1),CHHHD
MODE,138,FREQUENCY=,1444.09659,(CM**-1),CHHHD
MODE,139,FREQUENCY=,1448.09975,(CM**-1),CHHHD
MODE,140,FREQUENCY=,1457.69486,(CM**-1),CHHHD
MODE,141,FREQUENCY=,1465.39100,(CM**-1),CHHHD
MODE,142,FREQUENCY=,1482.29720,(CM**-1),CHHHD
MODE,143,FREQUENCY=,1493.19194,(CM**-1),CHHHD
MODE,144,FREQUENCY=,1494.12414,(CM**-1),CHHHD
MODE,145,FREQUENCY=,1494.72983,(CM**-1),CHHHD
MODE,146,FREQUENCY=,1497.84410,(CM**-1),CHHHD
MODE,147,FREQUENCY=,1499.45852,(CM**-1),CHHHD
MODE,148,FREQUENCY=,1501.17037,(CM**-1),CHHHD
MODE,149,FREQUENCY=,1501.36882,(CM**-1),CHHHD
MODE,150,FREQUENCY=,1506.96244,(CM**-1),CHHHD
MODE,151,FREQUENCY=,1509.02099,(CM**-1),CHHHD
MODE,152,FREQUENCY=,1509.54286,(CM**-1),CHHHD
MODE,153,FREQUENCY=,1510.05697,(CM**-1),CHHHD
MODE,154,FREQUENCY=,1513.86079,(CM**-1),CHHHD
MODE,155,FREQUENCY=,1526.36374,(CM**-1),CHHHD
MODE,156,FREQUENCY=,1532.09403,(CM**-1),CHHHD
MODE,157,FREQUENCY=,1550.70614,(CM**-1),CHHHD
MODE,158,FREQUENCY=,1552.88943,(CM**-1),CHHHD
MODE,159,FREQUENCY=,1600.34911,(CM**-1),CHHHD
MODE,160,FREQUENCY=,1630.74754,(CM**-1),CHHHD
MODE,161,FREQUENCY=,1633.92894,(CM**-1),CHHHD
MODE,162,FREQUENCY=,1636.08326,(CM**-1),CHHHD
MODE,163,FREQUENCY=,1676.59666,(CM**-1),CHHHD
MODE,164,FREQUENCY=,1730.00579,(CM**-1),CHHHD
MODE,165,FREQUENCY=,1737.27922,(CM**-1),CHHHD
MODE,166,FREQUENCY=,3059.05853,(CM**-1),CHHHD
MODE,167,FREQUENCY=,3061.36367,(CM**-1),CHHHD
MODE,168,FREQUENCY=,3062.11031,(CM**-1),CHHHD
MODE,169,FREQUENCY=,3066.27365,(CM**-1),CHHHD
MODE,170,FREQUENCY=,3066.45701,(CM**-1),CHHHD
MODE,171,FREQUENCY=,3066.94659,(CM**-1),CHHHD
MODE,172,FREQUENCY=,3091.75283,(CM**-1),CHHHD
MODE,173,FREQUENCY=,3120.82258,(CM**-1),CHHHD
MODE,174,FREQUENCY=,3126.70959,(CM**-1),CHHHD
MODE,175,FREQUENCY=,3129.26882,(CM**-1),CHHHD
MODE,176,FREQUENCY=,3132.43937,(CM**-1),CHHHD
MODE,177,FREQUENCY=,3135.13210,(CM**-1),CHHHD
MODE,178,FREQUENCY=,3135.97698,(CM**-1),CHHHD
MODE,179,FREQUENCY=,3139.60685,(CM**-1),CHHHD
MODE,180,FREQUENCY=,3152.26755,(CM**-1),CHHHD
MODE,181,FREQUENCY=,3163.19945,(CM**-1),CHHHD
MODE,182,FREQUENCY=,3168.64651,(CM**-1),CHHHD
MODE,183,FREQUENCY=,3168.85909,(CM**-1),CHHHD
MODE,184,FREQUENCY=,3172.82051,(CM**-1),CHHHD
MODE,185,FREQUENCY=,3204.42892,(CM**-1),CHHHD
MODE,186,FREQUENCY=,3219.24866,(CM**-1),CHHHD
MODE,187,FREQUENCY=,3236.50169,(CM**-1),CHHHD
MODE,188,FREQUENCY=,3279.38947,(CM**-1),CHHHD
MODE,189,FREQUENCY=,3298.61061,(CM**-1),CHHHD
MODE,190,FREQUENCY=,3299.58558,(CM**-1),CHHHD
MODE,191,FREQUENCY=,3314.43900,(CM**-1),CHHHD
MODE,192,FREQUENCY=,3389.84331,(CM**-1),CHHHD
MODE,193,FREQUENCY=,3659.80878,(CM**-1),CHHHD
MODE,194,FREQUENCY=,3662.88137,(CM**-1),CHHHD
MODE,195,FREQUENCY=,3696.79551,(CM**-1),CHHHD
12-1-1-2-1,,,,,
MODE,1,FREQUENCY=,-1153.81014,(CM**-1),CHHDH
MODE,8,FREQUENCY=,23.82566,(CM**-1),CHHDH
MODE,9,FREQUENCY=,31.86153,(CM**-1),CHHDH
MODE,10,FREQUENCY=,32.90097,(CM**-1),CHHDH
MODE,11,FREQUENCY=,36.18903,(CM**-1),CHHDH
MODE,12,FREQUENCY=,42.80594,(CM**-1),CHHDH
MODE,13,FREQUENCY=,46.16775,(CM**-1),CHHDH
MODE,14,FREQUENCY=,49.54080,(CM**-1),CHHDH
MODE,15,FREQUENCY=,51.83175,(CM**-1),CHHDH
MODE,16,FREQUENCY=,53.48769,(CM**-1),CHHDH
MODE,17,FREQUENCY=,58.94953,(CM**-1),CHHDH
MODE,18,FREQUENCY=,64.86291,(CM**-1),CHHDH
MODE,19,FREQUENCY=,67.48699,(CM**-1),CHHDH
MODE,20,FREQUENCY=,74.61767,(CM**-1),CHHDH
MODE,21,FREQUENCY=,76.32627,(CM**-1),CHHDH
MODE,22,FREQUENCY=,83.02391,(CM**-1),CHHDH
MODE,23,FREQUENCY=,84.22076,(CM**-1),CHHDH
MODE,24,FREQUENCY=,89.07780,(CM**-1),CHHDH
MODE,25,FREQUENCY=,96.73458,(CM**-1),CHHDH
MODE,26,FREQUENCY=,99.44369,(CM**-1),CHHDH
MODE,27,FREQUENCY=,105.98986,(CM**-1),CHHDH
MODE,28,FREQUENCY=,111.75214,(CM**-1),CHHDH
MODE,29,FREQUENCY=,113.65101,(CM**-1),CHHDH
MODE,30,FREQUENCY=,115.66706,(CM**-1),CHHDH
MODE,31,FREQUENCY=,121.89688,(CM**-1),CHHDH
MODE,32,FREQUENCY=,124.55454,(CM**-1),CHHDH
MODE,33,FREQUENCY=,127.30679,(CM**-1),CHHDH
MODE,34,FREQUENCY=,137.34990,(CM**-1),CHHDH
MODE,35,FREQUENCY=,138.52747,(CM**-1),CHHDH
MODE,36,FREQUENCY=,148.44726,(CM**-1),CHHDH
MODE,37,FREQUENCY=,153.33981,(CM**-1),CHHDH
MODE,38,FREQUENCY=,157.07516,(CM**-1),CHHDH
MODE,39,FREQUENCY=,160.25854,(CM**-1),CHHDH
MODE,40,FREQUENCY=,165.03172,(CM**-1),CHHDH
MODE,41,FREQUENCY=,168.56499,(CM**-1),CHHDH
MODE,42,FREQUENCY=,172.81282,(CM**-1),CHHDH
MODE,43,FREQUENCY=,175.36451,(CM**-1),CHHDH
MODE,44,FREQUENCY=,182.93901,(CM**-1),CHHDH
MODE,45,FREQUENCY=,183.74822,(CM**-1),CHHDH
MODE,46,FREQUENCY=,197.74095,(CM**-1),CHHDH
MODE,47,FREQUENCY=,199.10487,(CM**-1),CHHDH
MODE,48,FREQUENCY=,207.11300,(CM**-1),CHHDH
MODE,49,FREQUENCY=,221.43475,(CM**-1),CHHDH
MODE,50,FREQUENCY=,228.36809,(CM**-1),CHHDH
MODE,51,FREQUENCY=,245.53082,(CM**-1),CHHDH
MODE,52,FREQUENCY=,251.36029,(CM**-1),CHHDH
MODE,53,FREQUENCY=,270.93747,(CM**-1),CHHDH
MODE,54,FREQUENCY=,275.96713,(CM**-1),CHHDH
MODE,55,FREQUENCY=,279.82466,(CM**-1),CHHDH
MODE,56,FREQUENCY=,306.56091,(CM**-1),CHHDH
MODE,57,FREQUENCY=,318.93682,(CM**-1),CHHDH
MODE,58,FREQUENCY=,325.04252,(CM**-1),CHHDH
MODE,59,FREQUENCY=,328.36586,(CM**-1),CHHDH
MODE,60,FREQUENCY=,342.68563,(CM**-1),CHHDH
MODE,61,FREQUENCY=,359.79640,(CM**-1),CHHDH
MODE,62,FREQUENCY=,368.00758,(CM**-1),CHHDH
MODE,63,FREQUENCY=,370.49162,(CM**-1),CHHDH
MODE,64,FREQUENCY=,374.59038,(CM**-1),CHHDH
MODE,65,FREQUENCY=,386.05355,(CM**-1),CHHDH
MODE,66,FREQUENCY=,432.21207,(CM**-1),CHHDH
MODE,67,FREQUENCY=,453.48307,(CM**-1),CHHDH
MODE,68,FREQUENCY=,492.11540,(CM**-1),CHHDH
MODE,69,FREQUENCY=,513.36595,(CM**-1),CHHDH
MODE,70,FREQUENCY=,523.09236,(CM**-1),CHHDH
MODE,71,FREQUENCY=,525.85964,(CM**-1),CHHDH
MODE,72,FREQUENCY=,534.96035,(CM**-1),CHHDH
MODE,73,FREQUENCY=,550.26660,(CM**-1),CHHDH
MODE,74,FREQUENCY=,569.12409,(CM**-1),CHHDH
MODE,75,FREQUENCY=,603.06151,(CM**-1),CHHDH
MODE,76,FREQUENCY=,614.65986,(CM**-1),CHHDH
MODE,77,FREQUENCY=,616.98068,(CM**-1),CHHDH
MODE,78,FREQUENCY=,618.04099,(CM**-1),CHHDH
MODE,79,FREQUENCY=,628.29338,(CM**-1),CHHDH
MODE,80,FREQUENCY=,636.30117,(CM**-1),CHHDH
MODE,81,FREQUENCY=,637.56464,(CM**-1),CHHDH
MODE,82,FREQUENCY=,649.13577,(CM**-1),CHHDH
MODE,83,FREQUENCY=,652.13644,(CM**-1),CHHDH
MODE,84,FREQUENCY=,663.78690,(CM**-1),CHHDH
MODE,85,FREQUENCY=,668.35483,(CM**-1),CHHDH
MODE,86,FREQUENCY=,669.78689,(CM**-1),CHHDH
MODE,87,FREQUENCY=,678.86271,(CM**-1),CHHDH
MODE,88,FREQUENCY=,680.47941,(CM**-1),CHHDH
MODE,89,FREQUENCY=,687.54310,(CM**-1),CHHDH
MODE,90,FREQUENCY=,722.75218,(CM**-1),CHHDH
MODE,91,FREQUENCY=,729.21533,(CM**-1),CHHDH
MODE,92,FREQUENCY=,750.88035,(CM**-1),CHHDH
MODE,93,FREQUENCY=,786.47072,(CM**-1),CHHDH
MODE,94,FREQUENCY=,819.06460,(CM**-1),CHHDH
MODE,95,FREQUENCY=,875.80677,(CM**-1),CHHDH
MODE,96,FREQUENCY=,924.91375,(CM**-1),CHHDH
MODE,97,FREQUENCY=,943.29021,(CM**-1),CHHDH
MODE,98,FREQUENCY=,947.08945,(CM**-1),CHHDH
MODE,99,FREQUENCY=,948.36081,(CM**-1),CHHDH
MODE,100,FREQUENCY=,951.51683,(CM**-1),CHHDH
MODE,101,FREQUENCY=,960.65011,(CM**-1),CHHDH
MODE,102,FREQUENCY=,997.32987,(CM**-1),CHHDH
MODE,103,FREQUENCY=,1016.53894,(CM**-1),CHHDH
MODE,104,FREQUENCY=,1021.20220,(CM**-1),CHHDH
MODE,105,FREQUENCY=,1027.13052,(CM**-1),CHHDH
MODE,106,FREQUENCY=,1034.05885,(CM**-1),CHHDH
MODE,107,FREQUENCY=,1035.17440,(CM**-1),CHHDH
MODE,108,FREQUENCY=,1038.57535,(CM**-1),CHHDH
MODE,109,FREQUENCY=,1047.66271,(CM**-1),CHHDH
MODE,110,FREQUENCY=,1054.66699,(CM**-1),CHHDH
MODE,111,FREQUENCY=,1072.11797,(CM**-1),CHHDH
MODE,112,FREQUENCY=,1077.85377,(CM**-1),CHHDH
MODE,113,FREQUENCY=,1081.84101,(CM**-1),CHHDH
MODE,114,FREQUENCY=,1085.14860,(CM**-1),CHHDH
MODE,115,FREQUENCY=,1089.93947,(CM**-1),CHHDH
MODE,116,FREQUENCY=,1092.84449,(CM**-1),CHHDH
MODE,117,FREQUENCY=,1101.47984,(CM**-1),CHHDH
MODE,118,FREQUENCY=,1103.61564,(CM**-1),CHHDH
MODE,119,FREQUENCY=,1116.77065,(CM**-1),CHHDH
MODE,120,FREQUENCY=,1147.48403,(CM**-1),CHHDH
MODE,121,FREQUENCY=,1174.91660,(CM**-1),CHHDH
MODE,122,FREQUENCY=,1183.69554,(CM**-1),CHHDH
MODE,123,FREQUENCY=,1205.70388,(CM**-1),CHHDH
MODE,124,FREQUENCY=,1223.00466,(CM**-1),CHHDH
MODE,125,FREQUENCY=,1248.61354,(CM**-1),CHHDH
MODE,126,FREQUENCY=,1268.27183,(CM**-1),CHHDH
MODE,127,FREQUENCY=,1274.14388,(CM**-1),CHHDH
MODE,128,FREQUENCY=,1301.47916,(CM**-1),CHHDH
MODE,129,FREQUENCY=,1305.91592,(CM**-1),CHHDH
MODE,130,FREQUENCY=,1309.62816,(CM**-1),CHHDH
MODE,131,FREQUENCY=,1356.78852,(CM**-1),CHHDH
MODE,132,FREQUENCY=,1361.82214,(CM**-1),CHHDH
MODE,133,FREQUENCY=,1367.62025,(CM**-1),CHHDH
MODE,134,FREQUENCY=,1393.42270,(CM**-1),CHHDH
MODE,135,FREQUENCY=,1404.79268,(CM**-1),CHHDH
MODE,136,FREQUENCY=,1410.59032,(CM**-1),CHHDH
MODE,137,FREQUENCY=,1428.64207,(CM**-1),CHHDH
MODE,138,FREQUENCY=,1441.09943,(CM**-1),CHHDH
MODE,139,FREQUENCY=,1444.09387,(CM**-1),CHHDH
MODE,140,FREQUENCY=,1448.10147,(CM**-1),CHHDH
MODE,141,FREQUENCY=,1450.12431,(CM**-1),CHHDH
MODE,142,FREQUENCY=,1482.29556,(CM**-1),CHHDH
MODE,143,FREQUENCY=,1493.19259,(CM**-1),CHHDH
MODE,144,FREQUENCY=,1494.12316,(CM**-1),CHHDH
MODE,145,FREQUENCY=,1494.72936,(CM**-1),CHHDH
MODE,146,FREQUENCY=,1497.84409,(CM**-1),CHHDH
MODE,147,FREQUENCY=,1499.10135,(CM**-1),CHHDH
MODE,148,FREQUENCY=,1501.16980,(CM**-1),CHHDH
MODE,149,FREQUENCY=,1501.32427,(CM**-1),CHHDH
MODE,150,FREQUENCY=,1506.96362,(CM**-1),CHHDH
MODE,151,FREQUENCY=,1509.01845,(CM**-1),CHHDH
MODE,152,FREQUENCY=,1509.51809,(CM**-1),CHHDH
MODE,153,FREQUENCY=,1509.99906,(CM**-1),CHHDH
MODE,154,FREQUENCY=,1513.86400,(CM**-1),CHHDH
MODE,155,FREQUENCY=,1526.36536,(CM**-1),CHHDH
MODE,156,FREQUENCY=,1532.09400,(CM**-1),CHHDH
MODE,157,FREQUENCY=,1550.70750,(CM**-1),CHHDH
MODE,158,FREQUENCY=,1552.89926,(CM**-1),CHHDH
MODE,159,FREQUENCY=,1600.36684,(CM**-1),CHHDH
MODE,160,FREQUENCY=,1630.76508,(CM**-1),CHHDH
MODE,161,FREQUENCY=,1633.93134,(CM**-1),CHHDH
MODE,162,FREQUENCY=,1636.09891,(CM**-1),CHHDH
MODE,163,FREQUENCY=,1676.59884,(CM**-1),CHHDH
MODE,164,FREQUENCY=,1730.00671,(CM**-1),CHHDH
MODE,165,FREQUENCY=,1737.29059,(CM**-1),CHHDH
MODE,166,FREQUENCY=,2320.06934,(CM**-1),CHHDH
MODE,167,FREQUENCY=,3059.05895,(CM**-1),CHHDH
MODE,168,FREQUENCY=,3061.36372,(CM**-1),CHHDH
MODE,169,FREQUENCY=,3062.11054,(CM**-1),CHHDH
MODE,170,FREQUENCY=,3066.27379,(CM**-1),CHHDH
MODE,171,FREQUENCY=,3066.45706,(CM**-1),CHHDH
MODE,172,FREQUENCY=,3066.94663,(CM**-1),CHHDH
MODE,173,FREQUENCY=,3120.80632,(CM**-1),CHHDH
MODE,174,FREQUENCY=,3126.70959,(CM**-1),CHHDH
MODE,175,FREQUENCY=,3129.26855,(CM**-1),CHHDH
MODE,176,FREQUENCY=,3132.43939,(CM**-1),CHHDH
MODE,177,FREQUENCY=,3135.13210,(CM**-1),CHHDH
MODE,178,FREQUENCY=,3135.97692,(CM**-1),CHHDH
MODE,179,FREQUENCY=,3139.60683,(CM**-1),CHHDH
MODE,180,FREQUENCY=,3147.22961,(CM**-1),CHHDH
MODE,181,FREQUENCY=,3152.26757,(CM**-1),CHHDH
MODE,182,FREQUENCY=,3163.20300,(CM**-1),CHHDH
MODE,183,FREQUENCY=,3168.64655,(CM**-1),CHHDH
MODE,184,FREQUENCY=,3168.85917,(CM**-1),CHHDH
MODE,185,FREQUENCY=,3172.82054,(CM**-1),CHHDH
MODE,186,FREQUENCY=,3204.50097,(CM**-1),CHHDH
MODE,187,FREQUENCY=,3233.19265,(CM**-1),CHHDH
MODE,188,FREQUENCY=,3279.38963,(CM**-1),CHHDH
MODE,189,FREQUENCY=,3298.61061,(CM**-1),CHHDH
MODE,190,FREQUENCY=,3299.58559,(CM**-1),CHHDH
MODE,191,FREQUENCY=,3314.43917,(CM**-1),CHHDH
MODE,192,FREQUENCY=,3389.84437,(CM**-1),CHHDH
MODE,193,FREQUENCY=,3659.80886,(CM**-1),CHHDH
MODE,194,FREQUENCY=,3662.88139,(CM**-1),CHHDH
MODE,195,FREQUENCY=,3696.79562,(CM**-1),CHHDH
12-1-1-2-2,,,,,
MODE,1,FREQUENCY=,-884.49192,(CM**-1),CHHDD
MODE,8,FREQUENCY=,23.79096,(CM**-1),CHHDD
MODE,9,FREQUENCY=,31.82172,(CM**-1),CHHDD
MODE,10,FREQUENCY=,32.88471,(CM**-1),CHHDD
MODE,11,FREQUENCY=,36.14258,(CM**-1),CHHDD
MODE,12,FREQUENCY=,42.80331,(CM**-1),CHHDD
MODE,13,FREQUENCY=,46.16566,(CM**-1),CHHDD
MODE,14,FREQUENCY=,49.53720,(CM**-1),CHHDD
MODE,15,FREQUENCY=,51.81952,(CM**-1),CHHDD
MODE,16,FREQUENCY=,53.48509,(CM**-1),CHHDD
MODE,17,FREQUENCY=,58.94765,(CM**-1),CHHDD
MODE,18,FREQUENCY=,64.73274,(CM**-1),CHHDD
MODE,19,FREQUENCY=,67.44931,(CM**-1),CHHDD
MODE,20,FREQUENCY=,74.53392,(CM**-1),CHHDD
MODE,21,FREQUENCY=,76.28972,(CM**-1),CHHDD
MODE,22,FREQUENCY=,83.01896,(CM**-1),CHHDD
MODE,23,FREQUENCY=,84.18848,(CM**-1),CHHDD
MODE,24,FREQUENCY=,89.07625,(CM**-1),CHHDD
MODE,25,FREQUENCY=,96.73424,(CM**-1),CHHDD
MODE,26,FREQUENCY=,99.43920,(CM**-1),CHHDD
MODE,27,FREQUENCY=,105.88566,(CM**-1),CHHDD
MODE,28,FREQUENCY=,111.75007,(CM**-1),CHHDD
MODE,29,FREQUENCY=,113.63348,(CM**-1),CHHDD
MODE,30,FREQUENCY=,115.66646,(CM**-1),CHHDD
MODE,31,FREQUENCY=,121.89579,(CM**-1),CHHDD
MODE,32,FREQUENCY=,124.54756,(CM**-1),CHHDD
MODE,33,FREQUENCY=,127.29675,(CM**-1),CHHDD
MODE,34,FREQUENCY=,137.33818,(CM**-1),CHHDD
MODE,35,FREQUENCY=,138.49017,(CM**-1),CHHDD
MODE,36,FREQUENCY=,148.41041,(CM**-1),CHHDD
MODE,37,FREQUENCY=,153.00240,(CM**-1),CHHDD
MODE,38,FREQUENCY=,156.97968,(CM**-1),CHHDD
MODE,39,FREQUENCY=,160.16285,(CM**-1),CHHDD
MODE,40,FREQUENCY=,164.99777,(CM**-1),CHHDD
MODE,41,FREQUENCY=,168.55085,(CM**-1),CHHDD
MODE,42,FREQUENCY=,172.79697,(CM**-1),CHHDD
MODE,43,FREQUENCY=,175.32627,(CM**-1),CHHDD
MODE,44,FREQUENCY=,182.70722,(CM**-1),CHHDD
MODE,45,FREQUENCY=,183.59192,(CM**-1),CHHDD
MODE,46,FREQUENCY=,197.73262,(CM**-1),CHHDD
MODE,47,FREQUENCY=,198.90029,(CM**-1),CHHDD
MODE,48,FREQUENCY=,206.95271,(CM**-1),CHHDD
MODE,49,FREQUENCY=,221.20502,(CM**-1),CHHDD
MODE,50,FREQUENCY=,228.25340,(CM**-1),CHHDD
MODE,51,FREQUENCY=,242.29969,(CM**-1),CHHDD
MODE,52,FREQUENCY=,249.59396,(CM**-1),CHHDD
MODE,53,FREQUENCY=,270.37851,(CM**-1),CHHDD
MODE,54,FREQUENCY=,275.91249,(CM**-1),CHHDD
MODE,55,FREQUENCY=,279.78712,(CM**-1),CHHDD
MODE,56,FREQUENCY=,304.15561,(CM**-1),CHHDD
MODE,57,FREQUENCY=,310.46798,(CM**-1),CHHDD
MODE,58,FREQUENCY=,315.37848,(CM**-1),CHHDD
MODE,59,FREQUENCY=,325.77732,(CM**-1),CHHDD
MODE,60,FREQUENCY=,328.57949,(CM**-1),CHHDD
MODE,61,FREQUENCY=,356.62834,(CM**-1),CHHDD
MODE,62,FREQUENCY=,359.63811,(CM**-1),CHHDD
MODE,63,FREQUENCY=,364.67381,(CM**-1),CHHDD
MODE,64,FREQUENCY=,373.20721,(CM**-1),CHHDD
MODE,65,FREQUENCY=,376.82749,(CM**-1),CHHDD
MODE,66,FREQUENCY=,417.53482,(CM**-1),CHHDD
MODE,67,FREQUENCY=,453.42637,(CM**-1),CHHDD
MODE,68,FREQUENCY=,492.11150,(CM**-1),CHHDD
MODE,69,FREQUENCY=,513.23010,(CM**-1),CHHDD
MODE,70,FREQUENCY=,523.07955,(CM**-1),CHHDD
MODE,71,FREQUENCY=,525.84484,(CM**-1),CHHDD
MODE,72,FREQUENCY=,534.95653,(CM**-1),CHHDD
MODE,73,FREQUENCY=,550.18033,(CM**-1),CHHDD
MODE,74,FREQUENCY=,569.11557,(CM**-1),CHHDD
MODE,75,FREQUENCY=,603.05691,(CM**-1),CHHDD
MODE,76,FREQUENCY=,614.65897,(CM**-1),CHHDD
MODE,77,FREQUENCY=,616.97559,(CM**-1),CHHDD
MODE,78,FREQUENCY=,618.04081,(CM**-1),CHHDD
MODE,79,FREQUENCY=,628.28602,(CM**-1),CHHDD
MODE,80,FREQUENCY=,636.29455,(CM**-1),CHHDD
MODE,81,FREQUENCY=,637.54578,(CM**-1),CHHDD
MODE,82,FREQUENCY=,649.13494,(CM**-1),CHHDD
MODE,83,FREQUENCY=,652.13630,(CM**-1),CHHDD
MODE,84,FREQUENCY=,663.64566,(CM**-1),CHHDD
MODE,85,FREQUENCY=,668.35328,(CM**-1),CHHDD
MODE,86,FREQUENCY=,669.76482,(CM**-1),CHHDD
MODE,87,FREQUENCY=,678.85439,(CM**-1),CHHDD
MODE,88,FREQUENCY=,680.30729,(CM**-1),CHHDD
MODE,89,FREQUENCY=,687.53279,(CM**-1),CHHDD
MODE,90,FREQUENCY=,722.75114,(CM**-1),CHHDD
MODE,91,FREQUENCY=,725.65274,(CM**-1),CHHDD
MODE,92,FREQUENCY=,729.22351,(CM**-1),CHHDD
MODE,93,FREQUENCY=,786.19485,(CM**-1),CHHDD
MODE,94,FREQUENCY=,819.05639,(CM**-1),CHHDD
MODE,95,FREQUENCY=,875.80379,(CM**-1),CHHDD
MODE,96,FREQUENCY=,897.03097,(CM**-1),CHHDD
MODE,97,FREQUENCY=,924.92191,(CM**-1),CHHDD
MODE,98,FREQUENCY=,943.28945,(CM**-1),CHHDD
MODE,99,FREQUENCY=,947.03880,(CM**-1),CHHDD
MODE,100,FREQUENCY=,948.35751,(CM**-1),CHHDD
MODE,101,FREQUENCY=,951.51440,(CM**-1),CHHDD
MODE,102,FREQUENCY=,960.51519,(CM**-1),CHHDD
MODE,103,FREQUENCY=,963.26784,(CM**-1),CHHDD
MODE,104,FREQUENCY=,997.33034,(CM**-1),CHHDD
MODE,105,FREQUENCY=,1016.53978,(CM**-1),CHHDD
MODE,106,FREQUENCY=,1021.19512,(CM**-1),CHHDD
MODE,107,FREQUENCY=,1027.12996,(CM**-1),CHHDD
MODE,108,FREQUENCY=,1034.09017,(CM**-1),CHHDD
MODE,109,FREQUENCY=,1035.18435,(CM**-1),CHHDD
MODE,110,FREQUENCY=,1038.60005,(CM**-1),CHHDD
MODE,111,FREQUENCY=,1047.66717,(CM**-1),CHHDD
MODE,112,FREQUENCY=,1054.67081,(CM**-1),CHHDD
MODE,113,FREQUENCY=,1072.13448,(CM**-1),CHHDD
MODE,114,FREQUENCY=,1077.90595,(CM**-1),CHHDD
MODE,115,FREQUENCY=,1081.89170,(CM**-1),CHHDD
MODE,116,FREQUENCY=,1085.15264,(CM**-1),CHHDD
MODE,117,FREQUENCY=,1089.93942,(CM**-1),CHHDD
MODE,118,FREQUENCY=,1092.84559,(CM**-1),CHHDD
MODE,119,FREQUENCY=,1101.48184,(CM**-1),CHHDD
MODE,120,FREQUENCY=,1103.61600,(CM**-1),CHHDD
MODE,121,FREQUENCY=,1151.68031,(CM**-1),CHHDD
MODE,122,FREQUENCY=,1174.90901,(CM**-1),CHHDD
MODE,123,FREQUENCY=,1183.69607,(CM**-1),CHHDD
MODE,124,FREQUENCY=,1205.76764,(CM**-1),CHHDD
MODE,125,FREQUENCY=,1238.24376,(CM**-1),CHHDD
MODE,126,FREQUENCY=,1268.26960,(CM**-1),CHHDD
MODE,127,FREQUENCY=,1274.14282,(CM**-1),CHHDD
MODE,128,FREQUENCY=,1301.46431,(CM**-1),CHHDD
MODE,129,FREQUENCY=,1305.91001,(CM**-1),CHHDD
MODE,130,FREQUENCY=,1309.55412,(CM**-1),CHHDD
MODE,131,FREQUENCY=,1356.78823,(CM**-1),CHHDD
MODE,132,FREQUENCY=,1361.82205,(CM**-1),CHHDD
MODE,133,FREQUENCY=,1367.59939,(CM**-1),CHHDD
MODE,134,FREQUENCY=,1393.39894,(CM**-1),CHHDD
MODE,135,FREQUENCY=,1404.78200,(CM**-1),CHHDD
MODE,136,FREQUENCY=,1410.57203,(CM**-1),CHHDD
MODE,137,FREQUENCY=,1428.63774,(CM**-1),CHHDD
MODE,138,FREQUENCY=,1441.06980,(CM**-1),CHHDD
MODE,139,FREQUENCY=,1444.09190,(CM**-1),CHHDD
MODE,140,FREQUENCY=,1448.08462,(CM**-1),CHHDD
MODE,141,FREQUENCY=,1449.04645,(CM**-1),CHHDD
MODE,142,FREQUENCY=,1482.27383,(CM**-1),CHHDD
MODE,143,FREQUENCY=,1493.19031,(CM**-1),CHHDD
MODE,144,FREQUENCY=,1494.11805,(CM**-1),CHHDD
MODE,145,FREQUENCY=,1494.72927,(CM**-1),CHHDD
MODE,146,FREQUENCY=,1497.84405,(CM**-1),CHHDD
MODE,147,FREQUENCY=,1499.07420,(CM**-1),CHHDD
MODE,148,FREQUENCY=,1501.16930,(CM**-1),CHHDD
MODE,149,FREQUENCY=,1501.32292,(CM**-1),CHHDD
MODE,150,FREQUENCY=,1506.96239,(CM**-1),CHHDD
MODE,151,FREQUENCY=,1509.01761,(CM**-1),CHHDD
MODE,152,FREQUENCY=,1509.51405,(CM**-1),CHHDD
MODE,153,FREQUENCY=,1509.99451,(CM**-1),CHHDD
MODE,154,FREQUENCY=,1513.85710,(CM**-1),CHHDD
MODE,155,FREQUENCY=,1526.36310,(CM**-1),CHHDD
MODE,156,FREQUENCY=,1532.09364,(CM**-1),CHHDD
MODE,157,FREQUENCY=,1550.70611,(CM**-1),CHHDD
MODE,158,FREQUENCY=,1552.88813,(CM**-1),CHHDD
MODE,159,FREQUENCY=,1600.32622,(CM**-1),CHHDD
MODE,160,FREQUENCY=,1630.74403,(CM**-1),CHHDD
MODE,161,FREQUENCY=,1633.92848,(CM**-1),CHHDD
MODE,162,FREQUENCY=,1636.08039,(CM**-1),CHHDD
MODE,163,FREQUENCY=,1676.59567,(CM**-1),CHHDD
MODE,164,FREQUENCY=,1730.00568,(CM**-1),CHHDD
MODE,165,FREQUENCY=,1737.27577,(CM**-1),CHHDD
MODE,166,FREQUENCY=,2319.96932,(CM**-1),CHHDD
MODE,167,FREQUENCY=,3059.05862,(CM**-1),CHHDD
MODE,168,FREQUENCY=,3061.36370,(CM**-1),CHHDD
MODE,169,FREQUENCY=,3062.11045,(CM**-1),CHHDD
MODE,170,FREQUENCY=,3066.27373,(CM**-1),CHHDD
MODE,171,FREQUENCY=,3066.45703,(CM**-1),CHHDD
MODE,172,FREQUENCY=,3066.94659,(CM**-1),CHHDD
MODE,173,FREQUENCY=,3120.80617,(CM**-1),CHHDD
MODE,174,FREQUENCY=,3126.70959,(CM**-1),CHHDD
MODE,175,FREQUENCY=,3129.26848,(CM**-1),CHHDD
MODE,176,FREQUENCY=,3132.43933,(CM**-1),CHHDD
MODE,177,FREQUENCY=,3135.13209,(CM**-1),CHHDD
MODE,178,FREQUENCY=,3135.97689,(CM**-1),CHHDD
MODE,179,FREQUENCY=,3139.60682,(CM**-1),CHHDD
MODE,180,FREQUENCY=,3147.10821,(CM**-1),CHHDD
MODE,181,FREQUENCY=,3152.26757,(CM**-1),CHHDD
MODE,182,FREQUENCY=,3163.20275,(CM**-1),CHHDD
MODE,183,FREQUENCY=,3168.64650,(CM**-1),CHHDD
MODE,184,FREQUENCY=,3168.85915,(CM**-1),CHHDD
MODE,185,FREQUENCY=,3172.82052,(CM**-1),CHHDD
MODE,186,FREQUENCY=,3204.43074,(CM**-1),CHHDD
MODE,187,FREQUENCY=,3233.05073,(CM**-1),CHHDD
MODE,188,FREQUENCY=,3279.38945,(CM**-1),CHHDD
MODE,189,FREQUENCY=,3298.61061,(CM**-1),CHHDD
MODE,190,FREQUENCY=,3299.58558,(CM**-1),CHHDD
MODE,191,FREQUENCY=,3314.43900,(CM**-1),CHHDD
MODE,192,FREQUENCY=,3389.84300,(CM**-1),CHHDD
MODE,193,FREQUENCY=,3659.80878,(CM**-1),CHHDD
MODE,194,FREQUENCY=,3662.88136,(CM**-1),CHHDD
MODE,195,FREQUENCY=,3696.79548,(CM**-1),CHHDD
12-1-2-1-1,,,,,
MODE,1,FREQUENCY=,-1152.82400,(CM**-1),CHDHH
MODE,8,FREQUENCY=,23.91382,(CM**-1),CHDHH
MODE,9,FREQUENCY=,31.91055,(CM**-1),CHDHH
MODE,10,FREQUENCY=,32.92098,(CM**-1),CHDHH
MODE,11,FREQUENCY=,36.33395,(CM**-1),CHDHH
MODE,12,FREQUENCY=,42.84401,(CM**-1),CHDHH
MODE,13,FREQUENCY=,46.16926,(CM**-1),CHDHH
MODE,14,FREQUENCY=,49.58194,(CM**-1),CHDHH
MODE,15,FREQUENCY=,51.94181,(CM**-1),CHDHH
MODE,16,FREQUENCY=,53.48540,(CM**-1),CHDHH
MODE,17,FREQUENCY=,58.93307,(CM**-1),CHDHH
MODE,18,FREQUENCY=,63.19509,(CM**-1),CHDHH
MODE,19,FREQUENCY=,67.38167,(CM**-1),CHDHH
MODE,20,FREQUENCY=,72.51338,(CM**-1),CHDHH
MODE,21,FREQUENCY=,76.03319,(CM**-1),CHDHH
MODE,22,FREQUENCY=,83.02953,(CM**-1),CHDHH
MODE,23,FREQUENCY=,87.06001,(CM**-1),CHDHH
MODE,24,FREQUENCY=,89.46270,(CM**-1),CHDHH
MODE,25,FREQUENCY=,96.72839,(CM**-1),CHDHH
MODE,26,FREQUENCY=,99.87634,(CM**-1),CHDHH
MODE,27,FREQUENCY=,106.59035,(CM**-1),CHDHH
MODE,28,FREQUENCY=,112.03563,(CM**-1),CHDHH
MODE,29,FREQUENCY=,113.82643,(CM**-1),CHDHH
MODE,30,FREQUENCY=,115.66379,(CM**-1),CHDHH
MODE,31,FREQUENCY=,121.80980,(CM**-1),CHDHH
MODE,32,FREQUENCY=,124.49154,(CM**-1),CHDHH
MODE,33,FREQUENCY=,127.31327,(CM**-1),CHDHH
MODE,34,FREQUENCY=,137.34767,(CM**-1),CHDHH
MODE,35,FREQUENCY=,138.53010,(CM**-1),CHDHH
MODE,36,FREQUENCY=,148.47317,(CM**-1),CHDHH
MODE,37,FREQUENCY=,153.59680,(CM**-1),CHDHH
MODE,38,FREQUENCY=,157.17897,(CM**-1),CHDHH
MODE,39,FREQUENCY=,160.32865,(CM**-1),CHDHH
MODE,40,FREQUENCY=,165.03667,(CM**-1),CHDHH
MODE,41,FREQUENCY=,168.55717,(CM**-1),CHDHH
MODE,42,FREQUENCY=,172.79051,(CM**-1),CHDHH
MODE,43,FREQUENCY=,175.36028,(CM**-1),CHDHH
MODE,44,FREQUENCY=,183.07058,(CM**-1),CHDHH
MODE,45,FREQUENCY=,183.97799,(CM**-1),CHDHH
MODE,46,FREQUENCY=,197.73641,(CM**-1),CHDHH
MODE,47,FREQUENCY=,199.25266,(CM**-1),CHDHH
MODE,48,FREQUENCY=,207.18261,(CM**-1),CHDHH
MODE,49,FREQUENCY=,221.43078,(CM**-1),CHDHH
MODE,50,FREQUENCY=,228.18488,(CM**-1),CHDHH
MODE,51,FREQUENCY=,243.11427,(CM**-1),CHDHH
MODE,52,FREQUENCY=,251.45113,(CM**-1),CHDHH
MODE,53,FREQUENCY=,271.02016,(CM**-1),CHDHH
MODE,54,FREQUENCY=,275.99964,(CM**-1),CHDHH
MODE,55,FREQUENCY=,279.87384,(CM**-1),CHDHH
MODE,56,FREQUENCY=,302.73920,(CM**-1),CHDHH
MODE,57,FREQUENCY=,317.36254,(CM**-1),CHDHH
MODE,58,FREQUENCY=,325.19528,(CM**-1),CHDHH
MODE,59,FREQUENCY=,327.53864,(CM**-1),CHDHH
MODE,60,FREQUENCY=,329.27230,(CM**-1),CHDHH
MODE,61,FREQUENCY=,355.94661,(CM**-1),CHDHH
MODE,62,FREQUENCY=,361.85407,(CM**-1),CHDHH
MODE,63,FREQUENCY=,369.18185,(CM**-1),CHDHH
MODE,64,FREQUENCY=,373.19618,(CM**-1),CHDHH
MODE,65,FREQUENCY=,389.08086,(CM**-1),CHDHH
MODE,66,FREQUENCY=,453.11523,(CM**-1),CHDHH
MODE,67,FREQUENCY=,479.40259,(CM**-1),CHDHH
MODE,68,FREQUENCY=,492.13396,(CM**-1),CHDHH
MODE,69,FREQUENCY=,513.41321,(CM**-1),CHDHH
MODE,70,FREQUENCY=,523.17170,(CM**-1),CHDHH
MODE,71,FREQUENCY=,526.01192,(CM**-1),CHDHH
MODE,72,FREQUENCY=,534.97097,(CM**-1),CHDHH
MODE,73,FREQUENCY=,550.15485,(CM**-1),CHDHH
MODE,74,FREQUENCY=,569.12732,(CM**-1),CHDHH
MODE,75,FREQUENCY=,603.06211,(CM**-1),CHDHH
MODE,76,FREQUENCY=,614.65660,(CM**-1),CHDHH
MODE,77,FREQUENCY=,616.97961,(CM**-1),CHDHH
MODE,78,FREQUENCY=,618.02414,(CM**-1),CHDHH
MODE,79,FREQUENCY=,628.29431,(CM**-1),CHDHH
MODE,80,FREQUENCY=,636.29766,(CM**-1),CHDHH
MODE,81,FREQUENCY=,637.56504,(CM**-1),CHDHH
MODE,82,FREQUENCY=,649.13580,(CM**-1),CHDHH
MODE,83,FREQUENCY=,652.13642,(CM**-1),CHDHH
MODE,84,FREQUENCY=,663.75903,(CM**-1),CHDHH
MODE,85,FREQUENCY=,668.35408,(CM**-1),CHDHH
MODE,86,FREQUENCY=,669.78343,(CM**-1),CHDHH
MODE,87,FREQUENCY=,678.86140,(CM**-1),CHDHH
MODE,88,FREQUENCY=,680.47960,(CM**-1),CHDHH
MODE,89,FREQUENCY=,687.54193,(CM**-1),CHDHH
MODE,90,FREQUENCY=,722.75219,(CM**-1),CHDHH
MODE,91,FREQUENCY=,729.21529,(CM**-1),CHDHH
MODE,92,FREQUENCY=,749.97933,(CM**-1),CHDHH
MODE,93,FREQUENCY=,786.47135,(CM**-1),CHDHH
MODE,94,FREQUENCY=,819.06434,(CM**-1),CHDHH
MODE,95,FREQUENCY=,875.80634,(CM**-1),CHDHH
MODE,96,FREQUENCY=,924.91271,(CM**-1),CHDHH
MODE,97,FREQUENCY=,943.27830,(CM**-1),CHDHH
MODE,98,FREQUENCY=,947.08199,(CM**-1),CHDHH
MODE,99,FREQUENCY=,948.35954,(CM**-1),CHDHH
MODE,100,FREQUENCY=,951.51681,(CM**-1),CHDHH
MODE,101,FREQUENCY=,960.65029,(CM**-1),CHDHH
MODE,102,FREQUENCY=,997.26823,(CM**-1),CHDHH
MODE,103,FREQUENCY=,1016.53688,(CM**-1),CHDHH
MODE,104,FREQUENCY=,1021.18782,(CM**-1),CHDHH
MODE,105,FREQUENCY=,1027.12737,(CM**-1),CHDHH
MODE,106,FREQUENCY=,1034.00369,(CM**-1),CHDHH
MODE,107,FREQUENCY=,1035.15306,(CM**-1),CHDHH
MODE,108,FREQUENCY=,1038.58092,(CM**-1),CHDHH
MODE,109,FREQUENCY=,1047.65089,(CM**-1),CHDHH
MODE,110,FREQUENCY=,1050.08623,(CM**-1),CHDHH
MODE,111,FREQUENCY=,1054.74950,(CM**-1),CHDHH
MODE,112,FREQUENCY=,1072.18455,(CM**-1),CHDHH
MODE,113,FREQUENCY=,1077.94832,(CM**-1),CHDHH
MODE,114,FREQUENCY=,1081.91976,(CM**-1),CHDHH
MODE,115,FREQUENCY=,1085.15731,(CM**-1),CHDHH
MODE,116,FREQUENCY=,1089.93953,(CM**-1),CHDHH
MODE,117,FREQUENCY=,1092.84653,(CM**-1),CHDHH
MODE,118,FREQUENCY=,1101.48521,(CM**-1),CHDHH
MODE,119,FREQUENCY=,1103.61803,(CM**-1),CHDHH
MODE,120,FREQUENCY=,1174.87916,(CM**-1),CHDHH
MODE,121,FREQUENCY=,1182.83556,(CM**-1),CHDHH
MODE,122,FREQUENCY=,1183.70576,(CM**-1),CHDHH
MODE,123,FREQUENCY=,1205.75953,(CM**-1),CHDHH
MODE,124,FREQUENCY=,1229.03016,(CM**-1),CHDHH
MODE,125,FREQUENCY=,1268.25623,(CM**-1),CHDHH
MODE,126,FREQUENCY=,1268.78607,(CM**-1),CHDHH
MODE,127,FREQUENCY=,1274.14586,(CM**-1),CHDHH
MODE,128,FREQUENCY=,1301.51969,(CM**-1),CHDHH
MODE,129,FREQUENCY=,1305.92243,(CM**-1),CHDHH
MODE,130,FREQUENCY=,1309.91852,(CM**-1),CHDHH
MODE,131,FREQUENCY=,1356.78849,(CM**-1),CHDHH
MODE,132,FREQUENCY=,1361.82225,(CM**-1),CHDHH
MODE,133,FREQUENCY=,1367.65529,(CM**-1),CHDHH
MODE,134,FREQUENCY=,1393.42308,(CM**-1),CHDHH
MODE,135,FREQUENCY=,1404.80150,(CM**-1),CHDHH
MODE,136,FREQUENCY=,1410.58782,(CM**-1),CHDHH
MODE,137,FREQUENCY=,1428.64535,(CM**-1),CHDHH
MODE,138,FREQUENCY=,1441.12312,(CM**-1),CHDHH
MODE,139,FREQUENCY=,1443.51386,(CM**-1),CHDHH
MODE,140,FREQUENCY=,1444.14508,(CM**-1),CHDHH
MODE,141,FREQUENCY=,1448.10374,(CM**-1),CHDHH
MODE,142,FREQUENCY=,1482.30734,(CM**-1),CHDHH
MODE,143,FREQUENCY=,1493.19305,(CM**-1),CHDHH
MODE,144,FREQUENCY=,1494.12675,(CM**-1),CHDHH
MODE,145,FREQUENCY=,1494.72935,(CM**-1),CHDHH
MODE,146,FREQUENCY=,1497.84407,(CM**-1),CHDHH
MODE,147,FREQUENCY=,1499.22106,(CM**-1),CHDHH
MODE,148,FREQUENCY=,1501.16982,(CM**-1),CHDHH
MODE,149,FREQUENCY=,1501.34661,(CM**-1),CHDHH
MODE,150,FREQUENCY=,1506.96346,(CM**-1),CHDHH
MODE,151,FREQUENCY=,1509.01275,(CM**-1),CHDHH
MODE,152,FREQUENCY=,1509.46514,(CM**-1),CHDHH
MODE,153,FREQUENCY=,1509.94283,(CM**-1),CHDHH
MODE,154,FREQUENCY=,1513.85496,(CM**-1),CHDHH
MODE,155,FREQUENCY=,1526.36465,(CM**-1),CHDHH
MODE,156,FREQUENCY=,1532.09389,(CM**-1),CHDHH
MODE,157,FREQUENCY=,1550.70732,(CM**-1),CHDHH
MODE,158,FREQUENCY=,1552.89908,(CM**-1),CHDHH
MODE,159,FREQUENCY=,1600.39400,(CM**-1),CHDHH
MODE,160,FREQUENCY=,1630.76869,(CM**-1),CHDHH
MODE,161,FREQUENCY=,1633.93169,(CM**-1),CHDHH
MODE,162,FREQUENCY=,1636.10229,(CM**-1),CHDHH
MODE,163,FREQUENCY=,1676.60053,(CM**-1),CHDHH
MODE,164,FREQUENCY=,1730.00655,(CM**-1),CHDHH
MODE,165,FREQUENCY=,1737.29422,(CM**-1),CHDHH
MODE,166,FREQUENCY=,2322.12165,(CM**-1),CHDHH
MODE,167,FREQUENCY=,3059.05915,(CM**-1),CHDHH
MODE,168,FREQUENCY=,3061.36372,(CM**-1),CHDHH
MODE,169,FREQUENCY=,3062.11053,(CM**-1),CHDHH
MODE,170,FREQUENCY=,3066.27380,(CM**-1),CHDHH
MODE,171,FREQUENCY=,3066.45706,(CM**-1),CHDHH
MODE,172,FREQUENCY=,3066.94664,(CM**-1),CHDHH
MODE,173,FREQUENCY=,3120.81381,(CM**-1),CHDHH
MODE,174,FREQUENCY=,3126.70958,(CM**-1),CHDHH
MODE,175,FREQUENCY=,3129.26878,(CM**-1),CHDHH
MODE,176,FREQUENCY=,3132.43899,(CM**-1),CHDHH
MODE,177,FREQUENCY=,3135.13209,(CM**-1),CHDHH
MODE,178,FREQUENCY=,3135.97698,(CM**-1),CHDHH
MODE,179,FREQUENCY=,3139.60682,(CM**-1),CHDHH
MODE,180,FREQUENCY=,3144.50816,(CM**-1),CHDHH
MODE,181,FREQUENCY=,3152.26766,(CM**-1),CHDHH
MODE,182,FREQUENCY=,3163.19975,(CM**-1),CHDHH
MODE,183,FREQUENCY=,3168.64663,(CM**-1),CHDHH
MODE,184,FREQUENCY=,3168.85913,(CM**-1),CHDHH
MODE,185,FREQUENCY=,3172.82055,(CM**-1),CHDHH
MODE,186,FREQUENCY=,3204.49795,(CM**-1),CHDHH
MODE,187,FREQUENCY=,3233.13018,(CM**-1),CHDHH
MODE,188,FREQUENCY=,3279.38964,(CM**-1),CHDHH
MODE,189,FREQUENCY=,3298.61061,(CM**-1),CHDHH
MODE,190,FREQUENCY=,3299.58559,(CM**-1),CHDHH
MODE,191,FREQUENCY=,3314.43916,(CM**-1),CHDHH
MODE,192,FREQUENCY=,3389.84462,(CM**-1),CHDHH
MODE,193,FREQUENCY=,3659.80886,(CM**-1),CHDHH
MODE,194,FREQUENCY=,3662.88139,(CM**-1),CHDHH
MODE,195,FREQUENCY=,3696.79566,(CM**-1),CHDHH
12-1-2-1-2,,,,,
MODE,1,FREQUENCY=,-883.69768,(CM**-1),CHDHD
MODE,8,FREQUENCY=,23.87949,(CM**-1),CHDHD
MODE,9,FREQUENCY=,31.87225,(CM**-1),CHDHD
MODE,10,FREQUENCY=,32.90331,(CM**-1),CHDHD
MODE,11,FREQUENCY=,36.28155,(CM**-1),CHDHD
MODE,12,FREQUENCY=,42.84048,(CM**-1),CHDHD
MODE,13,FREQUENCY=,46.16717,(CM**-1),CHDHD
MODE,14,FREQUENCY=,49.57807,(CM**-1),CHDHD
MODE,15,FREQUENCY=,51.92841,(CM**-1),CHDHD
MODE,16,FREQUENCY=,53.48267,(CM**-1),CHDHD
MODE,17,FREQUENCY=,58.92983,(CM**-1),CHDHD
MODE,18,FREQUENCY=,63.05241,(CM**-1),CHDHD
MODE,19,FREQUENCY=,67.35151,(CM**-1),CHDHD
MODE,20,FREQUENCY=,72.47778,(CM**-1),CHDHD
MODE,21,FREQUENCY=,76.02654,(CM**-1),CHDHD
MODE,22,FREQUENCY=,83.02064,(CM**-1),CHDHD
MODE,23,FREQUENCY=,87.01411,(CM**-1),CHDHD
MODE,24,FREQUENCY=,89.45842,(CM**-1),CHDHD
MODE,25,FREQUENCY=,96.72757,(CM**-1),CHDHD
MODE,26,FREQUENCY=,99.85353,(CM**-1),CHDHD
MODE,27,FREQUENCY=,106.49921,(CM**-1),CHDHD
MODE,28,FREQUENCY=,112.03231,(CM**-1),CHDHD
MODE,29,FREQUENCY=,113.81009,(CM**-1),CHDHD
MODE,30,FREQUENCY=,115.66365,(CM**-1),CHDHD
MODE,31,FREQUENCY=,121.80786,(CM**-1),CHDHD
MODE,32,FREQUENCY=,124.48144,(CM**-1),CHDHD
MODE,33,FREQUENCY=,127.30356,(CM**-1),CHDHD
MODE,34,FREQUENCY=,137.33458,(CM**-1),CHDHD
MODE,35,FREQUENCY=,138.49333,(CM**-1),CHDHD
MODE,36,FREQUENCY=,148.44281,(CM**-1),CHDHD
MODE,37,FREQUENCY=,153.28616,(CM**-1),CHDHD
MODE,38,FREQUENCY=,157.07657,(CM**-1),CHDHD
MODE,39,FREQUENCY=,160.23349,(CM**-1),CHDHD
MODE,40,FREQUENCY=,165.00544,(CM**-1),CHDHD
MODE,41,FREQUENCY=,168.54165,(CM**-1),CHDHD
MODE,42,FREQUENCY=,172.77146,(CM**-1),CHDHD
MODE,43,FREQUENCY=,175.32439,(CM**-1),CHDHD
MODE,44,FREQUENCY=,182.94044,(CM**-1),CHDHD
MODE,45,FREQUENCY=,183.76173,(CM**-1),CHDHD
MODE,46,FREQUENCY=,197.72753,(CM**-1),CHDHD
MODE,47,FREQUENCY=,199.05642,(CM**-1),CHDHD
MODE,48,FREQUENCY=,207.04086,(CM**-1),CHDHD
MODE,49,FREQUENCY=,221.08874,(CM**-1),CHDHD
MODE,50,FREQUENCY=,227.92205,(CM**-1),CHDHD
MODE,51,FREQUENCY=,237.32531,(CM**-1),CHDHD
MODE,52,FREQUENCY=,250.11299,(CM**-1),CHDHD
MODE,53,FREQUENCY=,270.45124,(CM**-1),CHDHD
MODE,54,FREQUENCY=,275.95592,(CM**-1),CHDHD
MODE,55,FREQUENCY=,279.85877,(CM**-1),CHDHD
MODE,56,FREQUENCY=,290.53650,(CM**-1),CHDHD
MODE,57,FREQUENCY=,306.53702,(CM**-1),CHDHD
MODE,58,FREQUENCY=,321.18982,(CM**-1),CHDHD
MODE,59,FREQUENCY=,325.50410,(CM**-1),CHDHD
MODE,60,FREQUENCY=,328.28517,(CM**-1),CHDHD
MODE,61,FREQUENCY=,354.77326,(CM**-1),CHDHD
MODE,62,FREQUENCY=,359.75458,(CM**-1),CHDHD
MODE,63,FREQUENCY=,365.05860,(CM**-1),CHDHD
MODE,64,FREQUENCY=,373.00149,(CM**-1),CHDHD
MODE,65,FREQUENCY=,381.98245,(CM**-1),CHDHD
MODE,66,FREQUENCY=,442.27366,(CM**-1),CHDHD
MODE,67,FREQUENCY=,453.91236,(CM**-1),CHDHD
MODE,68,FREQUENCY=,492.11376,(CM**-1),CHDHD
MODE,69,FREQUENCY=,513.22763,(CM**-1),CHDHD
MODE,70,FREQUENCY=,523.10870,(CM**-1),CHDHD
MODE,71,FREQUENCY=,525.92865,(CM**-1),CHDHD
MODE,72,FREQUENCY=,534.96877,(CM**-1),CHDHD
MODE,73,FREQUENCY=,550.13316,(CM**-1),CHDHD
MODE,74,FREQUENCY=,569.12561,(CM**-1),CHDHD
MODE,75,FREQUENCY=,603.05689,(CM**-1),CHDHD
MODE,76,FREQUENCY=,614.65425,(CM**-1),CHDHD
MODE,77,FREQUENCY=,616.97358,(CM**-1),CHDHD
MODE,78,FREQUENCY=,618.02032,(CM**-1),CHDHD
MODE,79,FREQUENCY=,628.28668,(CM**-1),CHDHD
MODE,80,FREQUENCY=,636.29290,(CM**-1),CHDHD
MODE,81,FREQUENCY=,637.54918,(CM**-1),CHDHD
MODE,82,FREQUENCY=,649.13492,(CM**-1),CHDHD
MODE,83,FREQUENCY=,652.13635,(CM**-1),CHDHD
MODE,84,FREQUENCY=,663.60691,(CM**-1),CHDHD
MODE,85,FREQUENCY=,668.35217,(CM**-1),CHDHD
MODE,86,FREQUENCY=,669.75901,(CM**-1),CHDHD
MODE,87,FREQUENCY=,678.85102,(CM**-1),CHDHD
MODE,88,FREQUENCY=,680.31372,(CM**-1),CHDHD
MODE,89,FREQUENCY=,687.53098,(CM**-1),CHDHD
MODE,90,FREQUENCY=,722.74496,(CM**-1),CHDHD
MODE,91,FREQUENCY=,723.22156,(CM**-1),CHDHD
MODE,92,FREQUENCY=,729.22047,(CM**-1),CHDHD
MODE,93,FREQUENCY=,786.19819,(CM**-1),CHDHD
MODE,94,FREQUENCY=,819.05459,(CM**-1),CHDHD
MODE,95,FREQUENCY=,859.47924,(CM**-1),CHDHD
MODE,96,FREQUENCY=,875.80836,(CM**-1),CHDHD
MODE,97,FREQUENCY=,924.90038,(CM**-1),CHDHD
MODE,98,FREQUENCY=,943.28879,(CM**-1),CHDHD
MODE,99,FREQUENCY=,947.10640,(CM**-1),CHDHD
MODE,100,FREQUENCY=,948.36056,(CM**-1),CHDHD
MODE,101,FREQUENCY=,951.51577,(CM**-1),CHDHD
MODE,102,FREQUENCY=,960.59020,(CM**-1),CHDHD
MODE,103,FREQUENCY=,982.95710,(CM**-1),CHDHD
MODE,104,FREQUENCY=,997.33680,(CM**-1),CHDHD
MODE,105,FREQUENCY=,1016.54195,(CM**-1),CHDHD
MODE,106,FREQUENCY=,1021.19563,(CM**-1),CHDHD
MODE,107,FREQUENCY=,1027.13020,(CM**-1),CHDHD
MODE,108,FREQUENCY=,1034.08390,(CM**-1),CHDHD
MODE,109,FREQUENCY=,1035.18254,(CM**-1),CHDHD
MODE,110,FREQUENCY=,1038.60281,(CM**-1),CHDHD
MODE,111,FREQUENCY=,1047.67572,(CM**-1),CHDHD
MODE,112,FREQUENCY=,1054.66910,(CM**-1),CHDHD
MODE,113,FREQUENCY=,1072.13823,(CM**-1),CHDHD
MODE,114,FREQUENCY=,1077.88953,(CM**-1),CHDHD
MODE,115,FREQUENCY=,1081.89026,(CM**-1),CHDHD
MODE,116,FREQUENCY=,1085.15283,(CM**-1),CHDHD
MODE,117,FREQUENCY=,1089.93939,(CM**-1),CHDHD
MODE,118,FREQUENCY=,1092.84708,(CM**-1),CHDHD
MODE,119,FREQUENCY=,1101.48200,(CM**-1),CHDHD
MODE,120,FREQUENCY=,1103.61647,(CM**-1),CHDHD
MODE,121,FREQUENCY=,1161.70428,(CM**-1),CHDHD
MODE,122,FREQUENCY=,1174.91199,(CM**-1),CHDHD
MODE,123,FREQUENCY=,1183.69678,(CM**-1),CHDHD
MODE,124,FREQUENCY=,1205.76768,(CM**-1),CHDHD
MODE,125,FREQUENCY=,1245.50913,(CM**-1),CHDHD
MODE,126,FREQUENCY=,1268.26990,(CM**-1),CHDHD
MODE,127,FREQUENCY=,1274.14288,(CM**-1),CHDHD
MODE,128,FREQUENCY=,1301.48065,(CM**-1),CHDHD
MODE,129,FREQUENCY=,1305.91570,(CM**-1),CHDHD
MODE,130,FREQUENCY=,1309.69703,(CM**-1),CHDHD
MODE,131,FREQUENCY=,1356.78822,(CM**-1),CHDHD
MODE,132,FREQUENCY=,1361.82213,(CM**-1),CHDHD
MODE,133,FREQUENCY=,1367.61853,(CM**-1),CHDHD
MODE,134,FREQUENCY=,1393.40164,(CM**-1),CHDHD
MODE,135,FREQUENCY=,1404.79122,(CM**-1),CHDHD
MODE,136,FREQUENCY=,1410.57120,(CM**-1),CHDHD
MODE,137,FREQUENCY=,1428.63919,(CM**-1),CHDHD
MODE,138,FREQUENCY=,1441.08001,(CM**-1),CHDHD
MODE,139,FREQUENCY=,1442.58481,(CM**-1),CHDHD
MODE,140,FREQUENCY=,1444.11927,(CM**-1),CHDHD
MODE,141,FREQUENCY=,1448.10061,(CM**-1),CHDHD
MODE,142,FREQUENCY=,1482.27802,(CM**-1),CHDHD
MODE,143,FREQUENCY=,1493.18990,(CM**-1),CHDHD
MODE,144,FREQUENCY=,1494.12260,(CM**-1),CHDHD
MODE,145,FREQUENCY=,1494.72927,(CM**-1),CHDHD
MODE,146,FREQUENCY=,1497.84403,(CM**-1),CHDHD
MODE,147,FREQUENCY=,1499.21816,(CM**-1),CHDHD
MODE,148,FREQUENCY=,1501.16934,(CM**-1),CHDHD
MODE,149,FREQUENCY=,1501.34501,(CM**-1),CHDHD
MODE,150,FREQUENCY=,1506.96204,(CM**-1),CHDHD
MODE,151,FREQUENCY=,1509.01233,(CM**-1),CHDHD
MODE,152,FREQUENCY=,1509.46411,(CM**-1),CHDHD
MODE,153,FREQUENCY=,1509.94215,(CM**-1),CHDHD
MODE,154,FREQUENCY=,1513.84603,(CM**-1),CHDHD
MODE,155,FREQUENCY=,1526.36192,(CM**-1),CHDHD
MODE,156,FREQUENCY=,1532.09357,(CM**-1),CHDHD
MODE,157,FREQUENCY=,1550.70594,(CM**-1),CHDHD
MODE,158,FREQUENCY=,1552.88768,(CM**-1),CHDHD
MODE,159,FREQUENCY=,1600.34779,(CM**-1),CHDHD
MODE,160,FREQUENCY=,1630.74437,(CM**-1),CHDHD
MODE,161,FREQUENCY=,1633.92868,(CM**-1),CHDHD
MODE,162,FREQUENCY=,1636.08065,(CM**-1),CHDHD
MODE,163,FREQUENCY=,1676.59654,(CM**-1),CHDHD
MODE,164,FREQUENCY=,1730.00551,(CM**-1),CHDHD
MODE,165,FREQUENCY=,1737.27903,(CM**-1),CHDHD
MODE,166,FREQUENCY=,2322.02390,(CM**-1),CHDHD
MODE,167,FREQUENCY=,3059.05883,(CM**-1),CHDHD
MODE,168,FREQUENCY=,3061.36370,(CM**-1),CHDHD
MODE,169,FREQUENCY=,3062.11045,(CM**-1),CHDHD
MODE,170,FREQUENCY=,3066.27374,(CM**-1),CHDHD
MODE,171,FREQUENCY=,3066.45703,(CM**-1),CHDHD
MODE,172,FREQUENCY=,3066.94660,(CM**-1),CHDHD
MODE,173,FREQUENCY=,3120.81366,(CM**-1),CHDHD
MODE,174,FREQUENCY=,3126.70958,(CM**-1),CHDHD
MODE,175,FREQUENCY=,3129.26871,(CM**-1),CHDHD
MODE,176,FREQUENCY=,3132.43890,(CM**-1),CHDHD
MODE,177,FREQUENCY=,3135.13209,(CM**-1),CHDHD
MODE,178,FREQUENCY=,3135.97695,(CM**-1),CHDHD
MODE,179,FREQUENCY=,3139.60681,(CM**-1),CHDHD
MODE,180,FREQUENCY=,3144.37931,(CM**-1),CHDHD
MODE,181,FREQUENCY=,3152.26765,(CM**-1),CHDHD
MODE,182,FREQUENCY=,3163.19948,(CM**-1),CHDHD
MODE,183,FREQUENCY=,3168.64658,(CM**-1),CHDHD
MODE,184,FREQUENCY=,3168.85911,(CM**-1),CHDHD
MODE,185,FREQUENCY=,3172.82053,(CM**-1),CHDHD
MODE,186,FREQUENCY=,3204.42728,(CM**-1),CHDHD
MODE,187,FREQUENCY=,3232.99171,(CM**-1),CHDHD
MODE,188,FREQUENCY=,3279.38945,(CM**-1),CHDHD
MODE,189,FREQUENCY=,3298.61061,(CM**-1),CHDHD
MODE,190,FREQUENCY=,3299.58558,(CM**-1),CHDHD
MODE,191,FREQUENCY=,3314.43899,(CM**-1),CHDHD
MODE,192,FREQUENCY=,3389.84326,(CM**-1),CHDHD
MODE,193,FREQUENCY=,3659.80878,(CM**-1),CHDHD
MODE,194,FREQUENCY=,3662.88137,(CM**-1),CHDHD
MODE,195,FREQUENCY=,3696.79551,(CM**-1),CHDHD
12-1-2-2-1,,,,,
MODE,1,FREQUENCY=,-1142.71273,(CM**-1),CHDDH
MODE,8,FREQUENCY=,23.59232,(CM**-1),CHDDH
MODE,9,FREQUENCY=,31.37640,(CM**-1),CHDDH
MODE,10,FREQUENCY=,32.81590,(CM**-1),CHDDH
MODE,11,FREQUENCY=,35.91132,(CM**-1),CHDDH
MODE,12,FREQUENCY=,42.79364,(CM**-1),CHDDH
MODE,13,FREQUENCY=,46.15223,(CM**-1),CHDDH
MODE,14,FREQUENCY=,49.53348,(CM**-1),CHDDH
MODE,15,FREQUENCY=,51.80982,(CM**-1),CHDDH
MODE,16,FREQUENCY=,53.47238,(CM**-1),CHDDH
MODE,17,FREQUENCY=,58.85924,(CM**-1),CHDDH
MODE,18,FREQUENCY=,62.22890,(CM**-1),CHDDH
MODE,19,FREQUENCY=,67.24508,(CM**-1),CHDDH
MODE,20,FREQUENCY=,71.79523,(CM**-1),CHDDH
MODE,21,FREQUENCY=,75.99383,(CM**-1),CHDDH
MODE,22,FREQUENCY=,80.90144,(CM**-1),CHDDH
MODE,23,FREQUENCY=,83.07555,(CM**-1),CHDDH
MODE,24,FREQUENCY=,89.05772,(CM**-1),CHDDH
MODE,25,FREQUENCY=,96.70239,(CM**-1),CHDDH
MODE,26,FREQUENCY=,98.28889,(CM**-1),CHDDH
MODE,27,FREQUENCY=,105.88329,(CM**-1),CHDDH
MODE,28,FREQUENCY=,111.61630,(CM**-1),CHDDH
MODE,29,FREQUENCY=,113.59741,(CM**-1),CHDDH
MODE,30,FREQUENCY=,115.65145,(CM**-1),CHDDH
MODE,31,FREQUENCY=,121.71906,(CM**-1),CHDDH
MODE,32,FREQUENCY=,124.48172,(CM**-1),CHDDH
MODE,33,FREQUENCY=,127.30587,(CM**-1),CHDDH
MODE,34,FREQUENCY=,137.34449,(CM**-1),CHDDH
MODE,35,FREQUENCY=,138.52160,(CM**-1),CHDDH
MODE,36,FREQUENCY=,148.44232,(CM**-1),CHDDH
MODE,37,FREQUENCY=,153.30618,(CM**-1),CHDDH
MODE,38,FREQUENCY=,157.07239,(CM**-1),CHDDH
MODE,39,FREQUENCY=,160.22819,(CM**-1),CHDDH
MODE,40,FREQUENCY=,165.02707,(CM**-1),CHDDH
MODE,41,FREQUENCY=,168.54902,(CM**-1),CHDDH
MODE,42,FREQUENCY=,172.78517,(CM**-1),CHDDH
MODE,43,FREQUENCY=,175.35180,(CM**-1),CHDDH
MODE,44,FREQUENCY=,182.88306,(CM**-1),CHDDH
MODE,45,FREQUENCY=,183.65464,(CM**-1),CHDDH
MODE,46,FREQUENCY=,197.73466,(CM**-1),CHDDH
MODE,47,FREQUENCY=,198.84842,(CM**-1),CHDDH
MODE,48,FREQUENCY=,207.08030,(CM**-1),CHDDH
MODE,49,FREQUENCY=,221.38653,(CM**-1),CHDDH
MODE,50,FREQUENCY=,227.97951,(CM**-1),CHDDH
MODE,51,FREQUENCY=,242.84917,(CM**-1),CHDDH
MODE,52,FREQUENCY=,250.34768,(CM**-1),CHDDH
MODE,53,FREQUENCY=,270.79587,(CM**-1),CHDDH
MODE,54,FREQUENCY=,275.95689,(CM**-1),CHDDH
MODE,55,FREQUENCY=,279.82300,(CM**-1),CHDDH
MODE,56,FREQUENCY=,301.40095,(CM**-1),CHDDH
MODE,57,FREQUENCY=,313.63429,(CM**-1),CHDDH
MODE,58,FREQUENCY=,319.68635,(CM**-1),CHDDH
MODE,59,FREQUENCY=,325.39972,(CM**-1),CHDDH
MODE,60,FREQUENCY=,328.42594,(CM**-1),CHDDH
MODE,61,FREQUENCY=,352.16989,(CM**-1),CHDDH
MODE,62,FREQUENCY=,361.23620,(CM**-1),CHDDH
MODE,63,FREQUENCY=,369.04969,(CM**-1),CHDDH
MODE,64,FREQUENCY=,372.94216,(CM**-1),CHDDH
MODE,65,FREQUENCY=,385.32789,(CM**-1),CHDDH
MODE,66,FREQUENCY=,429.99686,(CM**-1),CHDDH
MODE,67,FREQUENCY=,453.46731,(CM**-1),CHDDH
MODE,68,FREQUENCY=,492.11205,(CM**-1),CHDDH
MODE,69,FREQUENCY=,513.35359,(CM**-1),CHDDH
MODE,70,FREQUENCY=,523.08943,(CM**-1),CHDDH
MODE,71,FREQUENCY=,525.84754,(CM**-1),CHDDH
MODE,72,FREQUENCY=,534.95256,(CM**-1),CHDDH
MODE,73,FREQUENCY=,550.04927,(CM**-1),CHDDH
MODE,74,FREQUENCY=,569.11948,(CM**-1),CHDDH
MODE,75,FREQUENCY=,603.06129,(CM**-1),CHDDH
MODE,76,FREQUENCY=,614.65655,(CM**-1),CHDDH
MODE,77,FREQUENCY=,616.97663,(CM**-1),CHDDH
MODE,78,FREQUENCY=,618.02412,(CM**-1),CHDDH
MODE,79,FREQUENCY=,628.29289,(CM**-1),CHDDH
MODE,80,FREQUENCY=,636.29428,(CM**-1),CHDDH
MODE,81,FREQUENCY=,637.55640,(CM**-1),CHDDH
MODE,82,FREQUENCY=,649.13575,(CM**-1),CHDDH
MODE,83,FREQUENCY=,652.13633,(CM**-1),CHDDH
MODE,84,FREQUENCY=,663.73140,(CM**-1),CHDDH
MODE,85,FREQUENCY=,668.35365,(CM**-1),CHDDH
MODE,86,FREQUENCY=,669.77808,(CM**-1),CHDDH
MODE,87,FREQUENCY=,678.86034,(CM**-1),CHDDH
MODE,88,FREQUENCY=,680.42524,(CM**-1),CHDDH
MODE,89,FREQUENCY=,687.54002,(CM**-1),CHDDH
MODE,90,FREQUENCY=,722.75216,(CM**-1),CHDDH
MODE,91,FREQUENCY=,729.21519,(CM**-1),CHDDH
MODE,92,FREQUENCY=,748.62708,(CM**-1),CHDDH
MODE,93,FREQUENCY=,786.46376,(CM**-1),CHDDH
MODE,94,FREQUENCY=,819.06430,(CM**-1),CHDDH
MODE,95,FREQUENCY=,875.80620,(CM**-1),CHDDH
MODE,96,FREQUENCY=,924.91217,(CM**-1),CHDDH
MODE,97,FREQUENCY=,943.27096,(CM**-1),CHDDH
MODE,98,FREQUENCY=,947.08051,(CM**-1),CHDDH
MODE,99,FREQUENCY=,948.35885,(CM**-1),CHDDH
MODE,100,FREQUENCY=,951.51679,(CM**-1),CHDDH
MODE,101,FREQUENCY=,960.64925,(CM**-1),CHDDH
MODE,102,FREQUENCY=,997.12980,(CM**-1),CHDDH
MODE,103,FREQUENCY=,1016.53267,(CM**-1),CHDDH
MODE,104,FREQUENCY=,1021.09117,(CM**-1),CHDDH
MODE,105,FREQUENCY=,1024.71019,(CM**-1),CHDDH
MODE,106,FREQUENCY=,1027.16305,(CM**-1),CHDDH
MODE,107,FREQUENCY=,1034.22938,(CM**-1),CHDDH
MODE,108,FREQUENCY=,1035.27128,(CM**-1),CHDDH
MODE,109,FREQUENCY=,1038.58012,(CM**-1),CHDDH
MODE,110,FREQUENCY=,1047.66272,(CM**-1),CHDDH
MODE,111,FREQUENCY=,1054.68905,(CM**-1),CHDDH
MODE,112,FREQUENCY=,1072.01048,(CM**-1),CHDDH
MODE,113,FREQUENCY=,1073.18333,(CM**-1),CHDDH
MODE,114,FREQUENCY=,1078.09620,(CM**-1),CHDDH
MODE,115,FREQUENCY=,1082.09522,(CM**-1),CHDDH
MODE,116,FREQUENCY=,1085.15880,(CM**-1),CHDDH
MODE,117,FREQUENCY=,1089.93955,(CM**-1),CHDDH
MODE,118,FREQUENCY=,1092.84542,(CM**-1),CHDDH
MODE,119,FREQUENCY=,1101.48536,(CM**-1),CHDDH
MODE,120,FREQUENCY=,1103.61704,(CM**-1),CHDDH
MODE,121,FREQUENCY=,1127.97475,(CM**-1),CHDDH
MODE,122,FREQUENCY=,1174.91940,(CM**-1),CHDDH
MODE,123,FREQUENCY=,1183.69483,(CM**-1),CHDDH
MODE,124,FREQUENCY=,1205.71292,(CM**-1),CHDDH
MODE,125,FREQUENCY=,1220.44302,(CM**-1),CHDDH
MODE,126,FREQUENCY=,1268.27108,(CM**-1),CHDDH
MODE,127,FREQUENCY=,1274.14367,(CM**-1),CHDDH
MODE,128,FREQUENCY=,1301.46124,(CM**-1),CHDDH
MODE,129,FREQUENCY=,1305.90832,(CM**-1),CHDDH
MODE,130,FREQUENCY=,1309.33364,(CM**-1),CHDDH
MODE,131,FREQUENCY=,1327.29534,(CM**-1),CHDDH
MODE,132,FREQUENCY=,1356.78879,(CM**-1),CHDDH
MODE,133,FREQUENCY=,1361.82229,(CM**-1),CHDDH
MODE,134,FREQUENCY=,1367.64642,(CM**-1),CHDDH
MODE,135,FREQUENCY=,1393.42605,(CM**-1),CHDDH
MODE,136,FREQUENCY=,1404.80059,(CM**-1),CHDDH
MODE,137,FREQUENCY=,1410.59014,(CM**-1),CHDDH
MODE,138,FREQUENCY=,1428.64271,(CM**-1),CHDDH
MODE,139,FREQUENCY=,1441.12062,(CM**-1),CHDDH
MODE,140,FREQUENCY=,1444.09932,(CM**-1),CHDDH
MODE,141,FREQUENCY=,1448.10334,(CM**-1),CHDDH
MODE,142,FREQUENCY=,1482.28840,(CM**-1),CHDDH
MODE,143,FREQUENCY=,1493.19150,(CM**-1),CHDDH
MODE,144,FREQUENCY=,1494.12282,(CM**-1),CHDDH
MODE,145,FREQUENCY=,1494.72919,(CM**-1),CHDDH
MODE,146,FREQUENCY=,1497.84406,(CM**-1),CHDDH
MODE,147,FREQUENCY=,1498.93585,(CM**-1),CHDDH
MODE,148,FREQUENCY=,1501.16916,(CM**-1),CHDDH
MODE,149,FREQUENCY=,1501.31820,(CM**-1),CHDDH
MODE,150,FREQUENCY=,1506.96330,(CM**-1),CHDDH
MODE,151,FREQUENCY=,1509.01108,(CM**-1),CHDDH
MODE,152,FREQUENCY=,1509.45064,(CM**-1),CHDDH
MODE,153,FREQUENCY=,1509.92176,(CM**-1),CHDDH
MODE,154,FREQUENCY=,1513.85362,(CM**-1),CHDDH
MODE,155,FREQUENCY=,1526.36416,(CM**-1),CHDDH
MODE,156,FREQUENCY=,1532.09381,(CM**-1),CHDDH
MODE,157,FREQUENCY=,1550.70729,(CM**-1),CHDDH
MODE,158,FREQUENCY=,1552.89874,(CM**-1),CHDDH
MODE,159,FREQUENCY=,1600.36537,(CM**-1),CHDDH
MODE,160,FREQUENCY=,1630.76342,(CM**-1),CHDDH
MODE,161,FREQUENCY=,1633.93126,(CM**-1),CHDDH
MODE,162,FREQUENCY=,1636.09743,(CM**-1),CHDDH
MODE,163,FREQUENCY=,1676.59850,(CM**-1),CHDDH
MODE,164,FREQUENCY=,1730.00645,(CM**-1),CHDDH
MODE,165,FREQUENCY=,1737.29045,(CM**-1),CHDDH
MODE,166,FREQUENCY=,2257.56149,(CM**-1),CHDDH
MODE,167,FREQUENCY=,2391.26856,(CM**-1),CHDDH
MODE,168,FREQUENCY=,3059.05902,(CM**-1),CHDDH
MODE,169,FREQUENCY=,3061.36373,(CM**-1),CHDDH
MODE,170,FREQUENCY=,3062.11056,(CM**-1),CHDDH
MODE,171,FREQUENCY=,3066.27381,(CM**-1),CHDDH
MODE,172,FREQUENCY=,3066.45706,(CM**-1),CHDDH
MODE,173,FREQUENCY=,3066.94663,(CM**-1),CHDDH
MODE,174,FREQUENCY=,3120.81517,(CM**-1),CHDDH
MODE,175,FREQUENCY=,3126.70959,(CM**-1),CHDDH
MODE,176,FREQUENCY=,3129.26879,(CM**-1),CHDDH
MODE,177,FREQUENCY=,3132.43939,(CM**-1),CHDDH
MODE,178,FREQUENCY=,3135.13210,(CM**-1),CHDDH
MODE,179,FREQUENCY=,3135.97699,(CM**-1),CHDDH
MODE,180,FREQUENCY=,3139.60686,(CM**-1),CHDDH
MODE,181,FREQUENCY=,3152.26754,(CM**-1),CHDDH
MODE,182,FREQUENCY=,3163.19894,(CM**-1),CHDDH
MODE,183,FREQUENCY=,3168.64655,(CM**-1),CHDDH
MODE,184,FREQUENCY=,3168.85913,(CM**-1),CHDDH
MODE,185,FREQUENCY=,3172.82054,(CM**-1),CHDDH
MODE,186,FREQUENCY=,3203.12087,(CM**-1),CHDDH
MODE,187,FREQUENCY=,3204.53221,(CM**-1),CHDDH
MODE,188,FREQUENCY=,3279.38962,(CM**-1),CHDDH
MODE,189,FREQUENCY=,3298.61061,(CM**-1),CHDDH
MODE,190,FREQUENCY=,3299.58559,(CM**-1),CHDDH
MODE,191,FREQUENCY=,3314.43915,(CM**-1),CHDDH
MODE,192,FREQUENCY=,3389.84432,(CM**-1),CHDDH
MODE,193,FREQUENCY=,3659.80886,(CM**-1),CHDDH
MODE,194,FREQUENCY=,3662.88139,(CM**-1),CHDDH
MODE,195,FREQUENCY=,3696.79562,(CM**-1),CHDDH
12-1-2-2-2,,,,,
MODE,1,FREQUENCY=,-877.11773,(CM**-1),CHDDD
MODE,8,FREQUENCY=,23.55668,(CM**-1),CHDDD
MODE,9,FREQUENCY=,31.33438,(CM**-1),CHDDD
MODE,10,FREQUENCY=,32.80576,(CM**-1),CHDDD
MODE,11,FREQUENCY=,35.87973,(CM**-1),CHDDD
MODE,12,FREQUENCY=,42.79162,(CM**-1),CHDDD
MODE,13,FREQUENCY=,46.15009,(CM**-1),CHDDD
MODE,14,FREQUENCY=,49.52937,(CM**-1),CHDDD
MODE,15,FREQUENCY=,51.79728,(CM**-1),CHDDD
MODE,16,FREQUENCY=,53.46938,(CM**-1),CHDDD
MODE,17,FREQUENCY=,58.85233,(CM**-1),CHDDD
MODE,18,FREQUENCY=,62.08623,(CM**-1),CHDDD
MODE,19,FREQUENCY=,67.21896,(CM**-1),CHDDD
MODE,20,FREQUENCY=,71.76873,(CM**-1),CHDDD
MODE,21,FREQUENCY=,75.98815,(CM**-1),CHDDD
MODE,22,FREQUENCY=,80.84905,(CM**-1),CHDDD
MODE,23,FREQUENCY=,83.06147,(CM**-1),CHDDD
MODE,24,FREQUENCY=,89.05587,(CM**-1),CHDDD
MODE,25,FREQUENCY=,96.70173,(CM**-1),CHDDD
MODE,26,FREQUENCY=,98.28169,(CM**-1),CHDDD
MODE,27,FREQUENCY=,105.78416,(CM**-1),CHDDD
MODE,28,FREQUENCY=,111.61335,(CM**-1),CHDDD
MODE,29,FREQUENCY=,113.58216,(CM**-1),CHDDD
MODE,30,FREQUENCY=,115.65111,(CM**-1),CHDDD
MODE,31,FREQUENCY=,121.71799,(CM**-1),CHDDD
MODE,32,FREQUENCY=,124.47196,(CM**-1),CHDDD
MODE,33,FREQUENCY=,127.29559,(CM**-1),CHDDD
MODE,34,FREQUENCY=,137.33145,(CM**-1),CHDDD
MODE,35,FREQUENCY=,138.48379,(CM**-1),CHDDD
MODE,36,FREQUENCY=,148.40512,(CM**-1),CHDDD
MODE,37,FREQUENCY=,152.95446,(CM**-1),CHDDD
MODE,38,FREQUENCY=,156.97506,(CM**-1),CHDDD
MODE,39,FREQUENCY=,160.12446,(CM**-1),CHDDD
MODE,40,FREQUENCY=,164.99441,(CM**-1),CHDDD
MODE,41,FREQUENCY=,168.53288,(CM**-1),CHDDD
MODE,42,FREQUENCY=,172.76586,(CM**-1),CHDDD
MODE,43,FREQUENCY=,175.31513,(CM**-1),CHDDD
MODE,44,FREQUENCY=,182.63709,(CM**-1),CHDDD
MODE,45,FREQUENCY=,183.53666,(CM**-1),CHDDD
MODE,46,FREQUENCY=,197.72543,(CM**-1),CHDDD
MODE,47,FREQUENCY=,198.66444,(CM**-1),CHDDD
MODE,48,FREQUENCY=,206.90585,(CM**-1),CHDDD
MODE,49,FREQUENCY=,221.00680,(CM**-1),CHDDD
MODE,50,FREQUENCY=,227.78216,(CM**-1),CHDDD
MODE,51,FREQUENCY=,236.44320,(CM**-1),CHDDD
MODE,52,FREQUENCY=,248.95231,(CM**-1),CHDDD
MODE,53,FREQUENCY=,270.14426,(CM**-1),CHDDD
MODE,54,FREQUENCY=,275.86708,(CM**-1),CHDDD
MODE,55,FREQUENCY=,279.77954,(CM**-1),CHDDD
MODE,56,FREQUENCY=,287.29505,(CM**-1),CHDDD
MODE,57,FREQUENCY=,306.33692,(CM**-1),CHDDD
MODE,58,FREQUENCY=,311.51722,(CM**-1),CHDDD
MODE,59,FREQUENCY=,325.28780,(CM**-1),CHDDD
MODE,60,FREQUENCY=,328.25778,(CM**-1),CHDDD
MODE,61,FREQUENCY=,351.83668,(CM**-1),CHDDD
MODE,62,FREQUENCY=,359.32663,(CM**-1),CHDDD
MODE,63,FREQUENCY=,363.02910,(CM**-1),CHDDD
MODE,64,FREQUENCY=,372.90821,(CM**-1),CHDDD
MODE,65,FREQUENCY=,376.56614,(CM**-1),CHDDD
MODE,66,FREQUENCY=,416.83559,(CM**-1),CHDDD
MODE,67,FREQUENCY=,453.42364,(CM**-1),CHDDD
MODE,68,FREQUENCY=,492.10965,(CM**-1),CHDDD
MODE,69,FREQUENCY=,513.21334,(CM**-1),CHDDD
MODE,70,FREQUENCY=,523.07781,(CM**-1),CHDDD
MODE,71,FREQUENCY=,525.83938,(CM**-1),CHDDD
MODE,72,FREQUENCY=,534.94977,(CM**-1),CHDDD
MODE,73,FREQUENCY=,549.97651,(CM**-1),CHDDD
MODE,74,FREQUENCY=,569.11085,(CM**-1),CHDDD
MODE,75,FREQUENCY=,603.05683,(CM**-1),CHDDD
MODE,76,FREQUENCY=,614.65415,(CM**-1),CHDDD
MODE,77,FREQUENCY=,616.97226,(CM**-1),CHDDD
MODE,78,FREQUENCY=,618.02031,(CM**-1),CHDDD
MODE,79,FREQUENCY=,628.28450,(CM**-1),CHDDD
MODE,80,FREQUENCY=,636.29099,(CM**-1),CHDDD
MODE,81,FREQUENCY=,637.54319,(CM**-1),CHDDD
MODE,82,FREQUENCY=,649.13491,(CM**-1),CHDDD
MODE,83,FREQUENCY=,652.13619,(CM**-1),CHDDD
MODE,84,FREQUENCY=,663.53787,(CM**-1),CHDDD
MODE,85,FREQUENCY=,668.35119,(CM**-1),CHDDD
MODE,86,FREQUENCY=,669.74662,(CM**-1),CHDDD
MODE,87,FREQUENCY=,678.84646,(CM**-1),CHDDD
MODE,88,FREQUENCY=,680.18551,(CM**-1),CHDDD
MODE,89,FREQUENCY=,687.52507,(CM**-1),CHDDD
MODE,90,FREQUENCY=,720.38205,(CM**-1),CHDDD
MODE,91,FREQUENCY=,722.75400,(CM**-1),CHDDD
MODE,92,FREQUENCY=,729.21913,(CM**-1),CHDDD
MODE,93,FREQUENCY=,786.18979,(CM**-1),CHDDD
MODE,94,FREQUENCY=,819.05333,(CM**-1),CHDDD
MODE,95,FREQUENCY=,855.10637,(CM**-1),CHDDD
MODE,96,FREQUENCY=,875.80381,(CM**-1),CHDDD
MODE,97,FREQUENCY=,908.88628,(CM**-1),CHDDD
MODE,98,FREQUENCY=,924.94708,(CM**-1),CHDDD
MODE,99,FREQUENCY=,943.30022,(CM**-1),CHDDD
MODE,100,FREQUENCY=,947.11296,(CM**-1),CHDDD
MODE,101,FREQUENCY=,948.36370,(CM**-1),CHDDD
MODE,102,FREQUENCY=,951.51575,(CM**-1),CHDDD
MODE,103,FREQUENCY=,960.60180,(CM**-1),CHDDD
MODE,104,FREQUENCY=,997.30746,(CM**-1),CHDDD
MODE,105,FREQUENCY=,1016.53547,(CM**-1),CHDDD
MODE,106,FREQUENCY=,1021.19505,(CM**-1),CHDDD
MODE,107,FREQUENCY=,1027.12885,(CM**-1),CHDDD
MODE,108,FREQUENCY=,1034.00013,(CM**-1),CHDDD
MODE,109,FREQUENCY=,1035.07719,(CM**-1),CHDDD
MODE,110,FREQUENCY=,1037.62875,(CM**-1),CHDDD
MODE,111,FREQUENCY=,1038.62158,(CM**-1),CHDDD
MODE,112,FREQUENCY=,1047.67641,(CM**-1),CHDDD
MODE,113,FREQUENCY=,1054.68794,(CM**-1),CHDDD
MODE,114,FREQUENCY=,1072.14116,(CM**-1),CHDDD
MODE,115,FREQUENCY=,1077.90395,(CM**-1),CHDDD
MODE,116,FREQUENCY=,1081.89087,(CM**-1),CHDDD
MODE,117,FREQUENCY=,1085.15281,(CM**-1),CHDDD
MODE,118,FREQUENCY=,1089.93953,(CM**-1),CHDDD
MODE,119,FREQUENCY=,1092.84622,(CM**-1),CHDDD
MODE,120,FREQUENCY=,1101.48208,(CM**-1),CHDDD
MODE,121,FREQUENCY=,1103.61659,(CM**-1),CHDDD
MODE,122,FREQUENCY=,1141.94655,(CM**-1),CHDDD
MODE,123,FREQUENCY=,1174.90771,(CM**-1),CHDDD
MODE,124,FREQUENCY=,1183.69584,(CM**-1),CHDDD
MODE,125,FREQUENCY=,1205.76745,(CM**-1),CHDDD
MODE,126,FREQUENCY=,1268.26924,(CM**-1),CHDDD
MODE,127,FREQUENCY=,1274.14281,(CM**-1),CHDDD
MODE,128,FREQUENCY=,1301.44720,(CM**-1),CHDDD
MODE,129,FREQUENCY=,1305.90378,(CM**-1),CHDDD
MODE,130,FREQUENCY=,1309.26607,(CM**-1),CHDDD
MODE,131,FREQUENCY=,1327.03767,(CM**-1),CHDDD
MODE,132,FREQUENCY=,1356.78849,(CM**-1),CHDDD
MODE,133,FREQUENCY=,1361.82218,(CM**-1),CHDDD
MODE,134,FREQUENCY=,1367.61406,(CM**-1),CHDDD
MODE,135,FREQUENCY=,1393.40161,(CM**-1),CHDDD
MODE,136,FREQUENCY=,1404.79171,(CM**-1),CHDDD
MODE,137,FREQUENCY=,1410.57420,(CM**-1),CHDDD
MODE,138,FREQUENCY=,1428.63744,(CM**-1),CHDDD
MODE,139,FREQUENCY=,1441.09986,(CM**-1),CHDDD
MODE,140,FREQUENCY=,1444.09886,(CM**-1),CHDDD
MODE,141,FREQUENCY=,1448.09812,(CM**-1),CHDDD
MODE,142,FREQUENCY=,1482.26814,(CM**-1),CHDDD
MODE,143,FREQUENCY=,1493.18916,(CM**-1),CHDDD
MODE,144,FREQUENCY=,1494.11718,(CM**-1),CHDDD
MODE,145,FREQUENCY=,1494.72910,(CM**-1),CHDDD
MODE,146,FREQUENCY=,1497.84402,(CM**-1),CHDDD
MODE,147,FREQUENCY=,1498.92277,(CM**-1),CHDDD
MODE,148,FREQUENCY=,1501.16871,(CM**-1),CHDDD
MODE,149,FREQUENCY=,1501.31763,(CM**-1),CHDDD
MODE,150,FREQUENCY=,1506.96202,(CM**-1),CHDDD
MODE,151,FREQUENCY=,1509.01032,(CM**-1),CHDDD
MODE,152,FREQUENCY=,1509.44793,(CM**-1),CHDDD
MODE,153,FREQUENCY=,1509.92060,(CM**-1),CHDDD
MODE,154,FREQUENCY=,1513.84587,(CM**-1),CHDDD
MODE,155,FREQUENCY=,1526.36175,(CM**-1),CHDDD
MODE,156,FREQUENCY=,1532.09348,(CM**-1),CHDDD
MODE,157,FREQUENCY=,1550.70587,(CM**-1),CHDDD
MODE,158,FREQUENCY=,1552.88658,(CM**-1),CHDDD
MODE,159,FREQUENCY=,1600.32574,(CM**-1),CHDDD
MODE,160,FREQUENCY=,1630.74183,(CM**-1),CHDDD
MODE,161,FREQUENCY=,1633.92829,(CM**-1),CHDDD
MODE,162,FREQUENCY=,1636.07854,(CM**-1),CHDDD
MODE,163,FREQUENCY=,1676.59536,(CM**-1),CHDDD
MODE,164,FREQUENCY=,1730.00543,(CM**-1),CHDDD
MODE,165,FREQUENCY=,1737.27562,(CM**-1),CHDDD
MODE,166,FREQUENCY=,2257.40424,(CM**-1),CHDDD
MODE,167,FREQUENCY=,2391.21841,(CM**-1),CHDDD
MODE,168,FREQUENCY=,3059.05869,(CM**-1),CHDDD
MODE,169,FREQUENCY=,3061.36370,(CM**-1),CHDDD
MODE,170,FREQUENCY=,3062.11047,(CM**-1),CHDDD
MODE,171,FREQUENCY=,3066.27375,(CM**-1),CHDDD
MODE,172,FREQUENCY=,3066.45704,(CM**-1),CHDDD
MODE,173,FREQUENCY=,3066.94660,(CM**-1),CHDDD
MODE,174,FREQUENCY=,3120.81507,(CM**-1),CHDDD
MODE,175,FREQUENCY=,3126.70959,(CM**-1),CHDDD
MODE,176,FREQUENCY=,3129.26873,(CM**-1),CHDDD
MODE,177,FREQUENCY=,3132.43932,(CM**-1),CHDDD
MODE,178,FREQUENCY=,3135.13210,(CM**-1),CHDDD
MODE,179,FREQUENCY=,3135.97696,(CM**-1),CHDDD
MODE,180,FREQUENCY=,3139.60685,(CM**-1),CHDDD
MODE,181,FREQUENCY=,3152.26753,(CM**-1),CHDDD
MODE,182,FREQUENCY=,3163.19860,(CM**-1),CHDDD
MODE,183,FREQUENCY=,3168.64650,(CM**-1),CHDDD
MODE,184,FREQUENCY=,3168.85911,(CM**-1),CHDDD
MODE,185,FREQUENCY=,3172.82052,(CM**-1),CHDDD
MODE,186,FREQUENCY=,3202.98599,(CM**-1),CHDDD
MODE,187,FREQUENCY=,3204.47473,(CM**-1),CHDDD
MODE,188,FREQUENCY=,3279.38944,(CM**-1),CHDDD
MODE,189,FREQUENCY=,3298.61060,(CM**-1),CHDDD
MODE,190,FREQUENCY=,3299.58558,(CM**-1),CHDDD
MODE,191,FREQUENCY=,3314.43898,(CM**-1),CHDDD
MODE,192,FREQUENCY=,3389.84294,(CM**-1),CHDDD
MODE,193,FREQUENCY=,3659.80878,(CM**-1),CHDDD
MODE,194,FREQUENCY=,3662.88136,(CM**-1),CHDDD
MODE,195,FREQUENCY=,3696.79548,(CM**-1),CHDDD
12-2-1-1-1,,,,,
MODE,1,FREQUENCY=,-1153.17249,(CM**-1),CDHHH
MODE,8,FREQUENCY=,24.04583,(CM**-1),CDHHH
MODE,9,FREQUENCY=,32.10003,(CM**-1),CDHHH
MODE,10,FREQUENCY=,32.93998,(CM**-1),CDHHH
MODE,11,FREQUENCY=,36.48421,(CM**-1),CDHHH
MODE,12,FREQUENCY=,42.84620,(CM**-1),CDHHH
MODE,13,FREQUENCY=,46.17057,(CM**-1),CDHHH
MODE,14,FREQUENCY=,49.54804,(CM**-1),CDHHH
MODE,15,FREQUENCY=,51.89523,(CM**-1),CDHHH
MODE,16,FREQUENCY=,53.49500,(CM**-1),CDHHH
MODE,17,FREQUENCY=,58.97573,(CM**-1),CDHHH
MODE,18,FREQUENCY=,65.10070,(CM**-1),CDHHH
MODE,19,FREQUENCY=,67.53639,(CM**-1),CDHHH
MODE,20,FREQUENCY=,74.76137,(CM**-1),CDHHH
MODE,21,FREQUENCY=,76.41973,(CM**-1),CDHHH
MODE,22,FREQUENCY=,82.23992,(CM**-1),CDHHH
MODE,23,FREQUENCY=,83.54067,(CM**-1),CDHHH
MODE,24,FREQUENCY=,89.10126,(CM**-1),CDHHH
MODE,25,FREQUENCY=,96.71911,(CM**-1),CDHHH
MODE,26,FREQUENCY=,98.61198,(CM**-1),CDHHH
MODE,27,FREQUENCY=,105.84246,(CM**-1),CDHHH
MODE,28,FREQUENCY=,111.62555,(CM**-1),CDHHH
MODE,29,FREQUENCY=,113.56564,(CM**-1),CDHHH
MODE,30,FREQUENCY=,115.65797,(CM**-1),CDHHH
MODE,31,FREQUENCY=,121.78251,(CM**-1),CDHHH
MODE,32,FREQUENCY=,124.50175,(CM**-1),CDHHH
MODE,33,FREQUENCY=,127.31320,(CM**-1),CDHHH
MODE,34,FREQUENCY=,137.34421,(CM**-1),CDHHH
MODE,35,FREQUENCY=,138.50705,(CM**-1),CDHHH
MODE,36,FREQUENCY=,148.41853,(CM**-1),CDHHH
MODE,37,FREQUENCY=,153.06806,(CM**-1),CDHHH
MODE,38,FREQUENCY=,157.08315,(CM**-1),CDHHH
MODE,39,FREQUENCY=,160.33910,(CM**-1),CDHHH
MODE,40,FREQUENCY=,164.98486,(CM**-1),CDHHH
MODE,41,FREQUENCY=,168.56660,(CM**-1),CDHHH
MODE,42,FREQUENCY=,172.80915,(CM**-1),CDHHH
MODE,43,FREQUENCY=,175.31221,(CM**-1),CDHHH
MODE,44,FREQUENCY=,182.86689,(CM**-1),CDHHH
MODE,45,FREQUENCY=,183.66416,(CM**-1),CDHHH
MODE,46,FREQUENCY=,197.72756,(CM**-1),CDHHH
MODE,47,FREQUENCY=,199.13884,(CM**-1),CDHHH
MODE,48,FREQUENCY=,207.13838,(CM**-1),CDHHH
MODE,49,FREQUENCY=,221.21818,(CM**-1),CDHHH
MODE,50,FREQUENCY=,228.31877,(CM**-1),CDHHH
MODE,51,FREQUENCY=,244.64476,(CM**-1),CDHHH
MODE,52,FREQUENCY=,251.71778,(CM**-1),CDHHH
MODE,53,FREQUENCY=,271.03491,(CM**-1),CDHHH
MODE,54,FREQUENCY=,276.00196,(CM**-1),CDHHH
MODE,55,FREQUENCY=,279.84869,(CM**-1),CDHHH
MODE,56,FREQUENCY=,303.65584,(CM**-1),CDHHH
MODE,57,FREQUENCY=,317.82408,(CM**-1),CDHHH
MODE,58,FREQUENCY=,325.92709,(CM**-1),CDHHH
MODE,59,FREQUENCY=,327.64973,(CM**-1),CDHHH
MODE,60,FREQUENCY=,335.74333,(CM**-1),CDHHH
MODE,61,FREQUENCY=,358.68747,(CM**-1),CDHHH
MODE,62,FREQUENCY=,362.47928,(CM**-1),CDHHH
MODE,63,FREQUENCY=,371.59045,(CM**-1),CDHHH
MODE,64,FREQUENCY=,374.79858,(CM**-1),CDHHH
MODE,65,FREQUENCY=,387.46884,(CM**-1),CDHHH
MODE,66,FREQUENCY=,452.15082,(CM**-1),CDHHH
MODE,67,FREQUENCY=,458.68636,(CM**-1),CDHHH
MODE,68,FREQUENCY=,492.10231,(CM**-1),CDHHH
MODE,69,FREQUENCY=,513.24647,(CM**-1),CDHHH
MODE,70,FREQUENCY=,523.09234,(CM**-1),CDHHH
MODE,71,FREQUENCY=,525.93800,(CM**-1),CDHHH
MODE,72,FREQUENCY=,534.97474,(CM**-1),CDHHH
MODE,73,FREQUENCY=,550.30474,(CM**-1),CDHHH
MODE,74,FREQUENCY=,569.12755,(CM**-1),CDHHH
MODE,75,FREQUENCY=,603.05834,(CM**-1),CDHHH
MODE,76,FREQUENCY=,614.65915,(CM**-1),CDHHH
MODE,77,FREQUENCY=,616.94853,(CM**-1),CDHHH
MODE,78,FREQUENCY=,618.03975,(CM**-1),CDHHH
MODE,79,FREQUENCY=,628.29421,(CM**-1),CDHHH
MODE,80,FREQUENCY=,636.30281,(CM**-1),CDHHH
MODE,81,FREQUENCY=,637.56937,(CM**-1),CDHHH
MODE,82,FREQUENCY=,649.13570,(CM**-1),CDHHH
MODE,83,FREQUENCY=,652.13649,(CM**-1),CDHHH
MODE,84,FREQUENCY=,663.80055,(CM**-1),CDHHH
MODE,85,FREQUENCY=,668.35496,(CM**-1),CDHHH
MODE,86,FREQUENCY=,669.78967,(CM**-1),CDHHH
MODE,87,FREQUENCY=,678.86306,(CM**-1),CDHHH
MODE,88,FREQUENCY=,680.50882,(CM**-1),CDHHH
MODE,89,FREQUENCY=,687.54419,(CM**-1),CDHHH
MODE,90,FREQUENCY=,722.75219,(CM**-1),CDHHH
MODE,91,FREQUENCY=,729.21533,(CM**-1),CDHHH
MODE,92,FREQUENCY=,751.47824,(CM**-1),CDHHH
MODE,93,FREQUENCY=,786.47342,(CM**-1),CDHHH
MODE,94,FREQUENCY=,819.06455,(CM**-1),CDHHH
MODE,95,FREQUENCY=,875.80680,(CM**-1),CDHHH
MODE,96,FREQUENCY=,924.90983,(CM**-1),CDHHH
MODE,97,FREQUENCY=,943.29124,(CM**-1),CDHHH
MODE,98,FREQUENCY=,947.08881,(CM**-1),CDHHH
MODE,99,FREQUENCY=,948.36088,(CM**-1),CDHHH
MODE,100,FREQUENCY=,951.51668,(CM**-1),CDHHH
MODE,101,FREQUENCY=,960.64809,(CM**-1),CDHHH
MODE,102,FREQUENCY=,997.34068,(CM**-1),CDHHH
MODE,103,FREQUENCY=,1016.53710,(CM**-1),CDHHH
MODE,104,FREQUENCY=,1021.20135,(CM**-1),CDHHH
MODE,105,FREQUENCY=,1027.13017,(CM**-1),CDHHH
MODE,106,FREQUENCY=,1034.06233,(CM**-1),CDHHH
MODE,107,FREQUENCY=,1035.17887,(CM**-1),CDHHH
MODE,108,FREQUENCY=,1038.58063,(CM**-1),CDHHH
MODE,109,FREQUENCY=,1047.66480,(CM**-1),CDHHH
MODE,110,FREQUENCY=,1054.67081,(CM**-1),CDHHH
MODE,111,FREQUENCY=,1072.11061,(CM**-1),CDHHH
MODE,112,FREQUENCY=,1074.28218,(CM**-1),CDHHH
MODE,113,FREQUENCY=,1078.22169,(CM**-1),CDHHH
MODE,114,FREQUENCY=,1082.14895,(CM**-1),CDHHH
MODE,115,FREQUENCY=,1085.15943,(CM**-1),CDHHH
MODE,116,FREQUENCY=,1089.93971,(CM**-1),CDHHH
MODE,117,FREQUENCY=,1092.84667,(CM**-1),CDHHH
MODE,118,FREQUENCY=,1101.48465,(CM**-1),CDHHH
MODE,119,FREQUENCY=,1103.61852,(CM**-1),CDHHH
MODE,120,FREQUENCY=,1163.56552,(CM**-1),CDHHH
MODE,121,FREQUENCY=,1174.93531,(CM**-1),CDHHH
MODE,122,FREQUENCY=,1183.69565,(CM**-1),CDHHH
MODE,123,FREQUENCY=,1205.79469,(CM**-1),CDHHH
MODE,124,FREQUENCY=,1227.90281,(CM**-1),CDHHH
MODE,125,FREQUENCY=,1262.03612,(CM**-1),CDHHH
MODE,126,FREQUENCY=,1268.27617,(CM**-1),CDHHH
MODE,127,FREQUENCY=,1274.14413,(CM**-1),CDHHH
MODE,128,FREQUENCY=,1301.49381,(CM**-1),CDHHH
MODE,129,FREQUENCY=,1305.91790,(CM**-1),CDHHH
MODE,130,FREQUENCY=,1309.73501,(CM**-1),CDHHH
MODE,131,FREQUENCY=,1356.78856,(CM**-1),CDHHH
MODE,132,FREQUENCY=,1361.82217,(CM**-1),CDHHH
MODE,133,FREQUENCY=,1367.63181,(CM**-1),CDHHH
MODE,134,FREQUENCY=,1393.42222,(CM**-1),CDHHH
MODE,135,FREQUENCY=,1404.79822,(CM**-1),CDHHH
MODE,136,FREQUENCY=,1410.58383,(CM**-1),CDHHH
MODE,137,FREQUENCY=,1428.63970,(CM**-1),CDHHH
MODE,138,FREQUENCY=,1441.10518,(CM**-1),CDHHH
MODE,139,FREQUENCY=,1444.02861,(CM**-1),CDHHH
MODE,140,FREQUENCY=,1444.12308,(CM**-1),CDHHH
MODE,141,FREQUENCY=,1448.10633,(CM**-1),CDHHH
MODE,142,FREQUENCY=,1482.29777,(CM**-1),CDHHH
MODE,143,FREQUENCY=,1493.19166,(CM**-1),CDHHH
MODE,144,FREQUENCY=,1494.12435,(CM**-1),CDHHH
MODE,145,FREQUENCY=,1494.72962,(CM**-1),CDHHH
MODE,146,FREQUENCY=,1497.84409,(CM**-1),CDHHH
MODE,147,FREQUENCY=,1498.85677,(CM**-1),CDHHH
MODE,148,FREQUENCY=,1501.16927,(CM**-1),CDHHH
MODE,149,FREQUENCY=,1501.32245,(CM**-1),CDHHH
MODE,150,FREQUENCY=,1506.96348,(CM**-1),CDHHH
MODE,151,FREQUENCY=,1509.01135,(CM**-1),CDHHH
MODE,152,FREQUENCY=,1509.45172,(CM**-1),CDHHH
MODE,153,FREQUENCY=,1509.91552,(CM**-1),CDHHH
MODE,154,FREQUENCY=,1513.85873,(CM**-1),CDHHH
MODE,155,FREQUENCY=,1526.36550,(CM**-1),CDHHH
MODE,156,FREQUENCY=,1532.09394,(CM**-1),CDHHH
MODE,157,FREQUENCY=,1550.70733,(CM**-1),CDHHH
MODE,158,FREQUENCY=,1552.89953,(CM**-1),CDHHH
MODE,159,FREQUENCY=,1600.38670,(CM**-1),CDHHH
MODE,160,FREQUENCY=,1630.76620,(CM**-1),CDHHH
MODE,161,FREQUENCY=,1633.93120,(CM**-1),CDHHH
MODE,162,FREQUENCY=,1636.09954,(CM**-1),CDHHH
MODE,163,FREQUENCY=,1676.60019,(CM**-1),CDHHH
MODE,164,FREQUENCY=,1730.00660,(CM**-1),CDHHH
MODE,165,FREQUENCY=,1737.28080,(CM**-1),CDHHH
MODE,166,FREQUENCY=,2337.31364,(CM**-1),CDHHH
MODE,167,FREQUENCY=,3059.06029,(CM**-1),CDHHH
MODE,168,FREQUENCY=,3061.36372,(CM**-1),CDHHH
MODE,169,FREQUENCY=,3062.11053,(CM**-1),CDHHH
MODE,170,FREQUENCY=,3066.27377,(CM**-1),CDHHH
MODE,171,FREQUENCY=,3066.45706,(CM**-1),CDHHH
MODE,172,FREQUENCY=,3066.94664,(CM**-1),CDHHH
MODE,173,FREQUENCY=,3120.81965,(CM**-1),CDHHH
MODE,174,FREQUENCY=,3126.70957,(CM**-1),CDHHH
MODE,175,FREQUENCY=,3129.26874,(CM**-1),CDHHH
MODE,176,FREQUENCY=,3132.43929,(CM**-1),CDHHH
MODE,177,FREQUENCY=,3135.13189,(CM**-1),CDHHH
MODE,178,FREQUENCY=,3135.97456,(CM**-1),CDHHH
MODE,179,FREQUENCY=,3137.91851,(CM**-1),CDHHH
MODE,180,FREQUENCY=,3139.60690,(CM**-1),CDHHH
MODE,181,FREQUENCY=,3152.26763,(CM**-1),CDHHH
MODE,182,FREQUENCY=,3163.20061,(CM**-1),CDHHH
MODE,183,FREQUENCY=,3168.64662,(CM**-1),CDHHH
MODE,184,FREQUENCY=,3168.85911,(CM**-1),CDHHH
MODE,185,FREQUENCY=,3172.82055,(CM**-1),CDHHH
MODE,186,FREQUENCY=,3204.49916,(CM**-1),CDHHH
MODE,187,FREQUENCY=,3219.26862,(CM**-1),CDHHH
MODE,188,FREQUENCY=,3279.38963,(CM**-1),CDHHH
MODE,189,FREQUENCY=,3298.61061,(CM**-1),CDHHH
MODE,190,FREQUENCY=,3299.58559,(CM**-1),CDHHH
MODE,191,FREQUENCY=,3314.43916,(CM**-1),CDHHH
MODE,192,FREQUENCY=,3389.84461,(CM**-1),CDHHH
MODE,193,FREQUENCY=,3659.80886,(CM**-1),CDHHH
MODE,194,FREQUENCY=,3662.88139,(CM**-1),CDHHH
MODE,195,FREQUENCY=,3696.79562,(CM**-1),CDHHH
12-2-1-1-2,,,,,
MODE,1,FREQUENCY=,-883.91903,(CM**-1),CDHHD
MODE,8,FREQUENCY=,24.01205,(CM**-1),CDHHD
MODE,9,FREQUENCY=,32.06452,(CM**-1),CDHHD
MODE,10,FREQUENCY=,32.91874,(CM**-1),CDHHD
MODE,11,FREQUENCY=,36.42295,(CM**-1),CDHHD
MODE,12,FREQUENCY=,42.84198,(CM**-1),CDHHD
MODE,13,FREQUENCY=,46.16847,(CM**-1),CDHHD
MODE,14,FREQUENCY=,49.54416,(CM**-1),CDHHD
MODE,15,FREQUENCY=,51.88178,(CM**-1),CDHHD
MODE,16,FREQUENCY=,53.49256,(CM**-1),CDHHD
MODE,17,FREQUENCY=,58.97475,(CM**-1),CDHHD
MODE,18,FREQUENCY=,64.97845,(CM**-1),CDHHD
MODE,19,FREQUENCY=,67.49558,(CM**-1),CDHHD
MODE,20,FREQUENCY=,74.68372,(CM**-1),CDHHD
MODE,21,FREQUENCY=,76.37691,(CM**-1),CDHHD
MODE,22,FREQUENCY=,82.23755,(CM**-1),CDHHD
MODE,23,FREQUENCY=,83.53428,(CM**-1),CDHHD
MODE,24,FREQUENCY=,89.09993,(CM**-1),CDHHD
MODE,25,FREQUENCY=,96.71840,(CM**-1),CDHHD
MODE,26,FREQUENCY=,98.60989,(CM**-1),CDHHD
MODE,27,FREQUENCY=,105.75785,(CM**-1),CDHHD
MODE,28,FREQUENCY=,111.62095,(CM**-1),CDHHD
MODE,29,FREQUENCY=,113.55315,(CM**-1),CDHHD
MODE,30,FREQUENCY=,115.65769,(CM**-1),CDHHD
MODE,31,FREQUENCY=,121.78207,(CM**-1),CDHHD
MODE,32,FREQUENCY=,124.49280,(CM**-1),CDHHD
MODE,33,FREQUENCY=,127.30414,(CM**-1),CDHHD
MODE,34,FREQUENCY=,137.32952,(CM**-1),CDHHD
MODE,35,FREQUENCY=,138.46610,(CM**-1),CDHHD
MODE,36,FREQUENCY=,148.37343,(CM**-1),CDHHD
MODE,37,FREQUENCY=,152.70066,(CM**-1),CDHHD
MODE,38,FREQUENCY=,156.99291,(CM**-1),CDHHD
MODE,39,FREQUENCY=,160.24730,(CM**-1),CDHHD
MODE,40,FREQUENCY=,164.94766,(CM**-1),CDHHD
MODE,41,FREQUENCY=,168.55346,(CM**-1),CDHHD
MODE,42,FREQUENCY=,172.79519,(CM**-1),CDHHD
MODE,43,FREQUENCY=,175.26502,(CM**-1),CDHHD
MODE,44,FREQUENCY=,182.58404,(CM**-1),CDHHD
MODE,45,FREQUENCY=,183.53329,(CM**-1),CDHHD
MODE,46,FREQUENCY=,197.71395,(CM**-1),CDHHD
MODE,47,FREQUENCY=,198.94365,(CM**-1),CDHHD
MODE,48,FREQUENCY=,206.98604,(CM**-1),CDHHD
MODE,49,FREQUENCY=,220.85793,(CM**-1),CDHHD
MODE,50,FREQUENCY=,228.19322,(CM**-1),CDHHD
MODE,51,FREQUENCY=,240.38569,(CM**-1),CDHHD
MODE,52,FREQUENCY=,250.39170,(CM**-1),CDHHD
MODE,53,FREQUENCY=,270.34810,(CM**-1),CDHHD
MODE,54,FREQUENCY=,275.96714,(CM**-1),CDHHD
MODE,55,FREQUENCY=,279.82020,(CM**-1),CDHHD
MODE,56,FREQUENCY=,295.19487,(CM**-1),CDHHD
MODE,57,FREQUENCY=,306.78271,(CM**-1),CDHHD
MODE,58,FREQUENCY=,323.51213,(CM**-1),CDHHD
MODE,59,FREQUENCY=,325.54364,(CM**-1),CDHHD
MODE,60,FREQUENCY=,328.86789,(CM**-1),CDHHD
MODE,61,FREQUENCY=,353.29319,(CM**-1),CDHHD
MODE,62,FREQUENCY=,359.20468,(CM**-1),CDHHD
MODE,63,FREQUENCY=,364.67650,(CM**-1),CDHHD
MODE,64,FREQUENCY=,372.97253,(CM**-1),CDHHD
MODE,65,FREQUENCY=,380.44647,(CM**-1),CDHHD
MODE,66,FREQUENCY=,432.48708,(CM**-1),CDHHD
MODE,67,FREQUENCY=,453.63653,(CM**-1),CDHHD
MODE,68,FREQUENCY=,492.09752,(CM**-1),CDHHD
MODE,69,FREQUENCY=,513.20370,(CM**-1),CDHHD
MODE,70,FREQUENCY=,523.06959,(CM**-1),CDHHD
MODE,71,FREQUENCY=,525.90366,(CM**-1),CDHHD
MODE,72,FREQUENCY=,534.97188,(CM**-1),CDHHD
MODE,73,FREQUENCY=,550.26200,(CM**-1),CDHHD
MODE,74,FREQUENCY=,569.12640,(CM**-1),CDHHD
MODE,75,FREQUENCY=,603.05562,(CM**-1),CDHHD
MODE,76,FREQUENCY=,614.65802,(CM**-1),CDHHD
MODE,77,FREQUENCY=,616.93506,(CM**-1),CDHHD
MODE,78,FREQUENCY=,618.03848,(CM**-1),CDHHD
MODE,79,FREQUENCY=,628.28198,(CM**-1),CDHHD
MODE,80,FREQUENCY=,636.29580,(CM**-1),CDHHD
MODE,81,FREQUENCY=,637.54914,(CM**-1),CDHHD
MODE,82,FREQUENCY=,649.13470,(CM**-1),CDHHD
MODE,83,FREQUENCY=,652.13640,(CM**-1),CDHHD
MODE,84,FREQUENCY=,663.68202,(CM**-1),CDHHD
MODE,85,FREQUENCY=,668.35366,(CM**-1),CDHHD
MODE,86,FREQUENCY=,669.77147,(CM**-1),CDHHD
MODE,87,FREQUENCY=,678.85608,(CM**-1),CDHHD
MODE,88,FREQUENCY=,680.37916,(CM**-1),CDHHD
MODE,89,FREQUENCY=,687.53669,(CM**-1),CDHHD
MODE,90,FREQUENCY=,722.75172,(CM**-1),CDHHD
MODE,91,FREQUENCY=,726.82154,(CM**-1),CDHHD
MODE,92,FREQUENCY=,729.22832,(CM**-1),CDHHD
MODE,93,FREQUENCY=,786.20280,(CM**-1),CDHHD
MODE,94,FREQUENCY=,819.05665,(CM**-1),CDHHD
MODE,95,FREQUENCY=,870.17990,(CM**-1),CDHHD
MODE,96,FREQUENCY=,875.80657,(CM**-1),CDHHD
MODE,97,FREQUENCY=,924.92521,(CM**-1),CDHHD
MODE,98,FREQUENCY=,943.28823,(CM**-1),CDHHD
MODE,99,FREQUENCY=,947.08291,(CM**-1),CDHHD
MODE,100,FREQUENCY=,948.36130,(CM**-1),CDHHD
MODE,101,FREQUENCY=,951.51473,(CM**-1),CDHHD
MODE,102,FREQUENCY=,960.58723,(CM**-1),CDHHD
MODE,103,FREQUENCY=,973.97446,(CM**-1),CDHHD
MODE,104,FREQUENCY=,997.33680,(CM**-1),CDHHD
MODE,105,FREQUENCY=,1016.54126,(CM**-1),CDHHD
MODE,106,FREQUENCY=,1021.19535,(CM**-1),CDHHD
MODE,107,FREQUENCY=,1027.13005,(CM**-1),CDHHD
MODE,108,FREQUENCY=,1034.07310,(CM**-1),CDHHD
MODE,109,FREQUENCY=,1035.17800,(CM**-1),CDHHD
MODE,110,FREQUENCY=,1038.60287,(CM**-1),CDHHD
MODE,111,FREQUENCY=,1047.67408,(CM**-1),CDHHD
MODE,112,FREQUENCY=,1054.66471,(CM**-1),CDHHD
MODE,113,FREQUENCY=,1072.13610,(CM**-1),CDHHD
MODE,114,FREQUENCY=,1077.90538,(CM**-1),CDHHD
MODE,115,FREQUENCY=,1081.87432,(CM**-1),CDHHD
MODE,116,FREQUENCY=,1085.15142,(CM**-1),CDHHD
MODE,117,FREQUENCY=,1089.93943,(CM**-1),CDHHD
MODE,118,FREQUENCY=,1092.84712,(CM**-1),CDHHD
MODE,119,FREQUENCY=,1101.48215,(CM**-1),CDHHD
MODE,120,FREQUENCY=,1103.61660,(CM**-1),CDHHD
MODE,121,FREQUENCY=,1157.17315,(CM**-1),CDHHD
MODE,122,FREQUENCY=,1174.90548,(CM**-1),CDHHD
MODE,123,FREQUENCY=,1183.69560,(CM**-1),CDHHD
MODE,124,FREQUENCY=,1205.76464,(CM**-1),CDHHD
MODE,125,FREQUENCY=,1241.38572,(CM**-1),CDHHD
MODE,126,FREQUENCY=,1268.27046,(CM**-1),CDHHD
MODE,127,FREQUENCY=,1274.14286,(CM**-1),CDHHD
MODE,128,FREQUENCY=,1301.47264,(CM**-1),CDHHD
MODE,129,FREQUENCY=,1305.91264,(CM**-1),CDHHD
MODE,130,FREQUENCY=,1309.63137,(CM**-1),CDHHD
MODE,131,FREQUENCY=,1356.78832,(CM**-1),CDHHD
MODE,132,FREQUENCY=,1361.82209,(CM**-1),CDHHD
MODE,133,FREQUENCY=,1367.60133,(CM**-1),CDHHD
MODE,134,FREQUENCY=,1393.39532,(CM**-1),CDHHD
MODE,135,FREQUENCY=,1404.78991,(CM**-1),CDHHD
MODE,136,FREQUENCY=,1410.57055,(CM**-1),CDHHD
MODE,137,FREQUENCY=,1428.63331,(CM**-1),CDHHD
MODE,138,FREQUENCY=,1441.09504,(CM**-1),CDHHD
MODE,139,FREQUENCY=,1442.86866,(CM**-1),CDHHD
MODE,140,FREQUENCY=,1444.10155,(CM**-1),CDHHD
MODE,141,FREQUENCY=,1448.10412,(CM**-1),CDHHD
MODE,142,FREQUENCY=,1482.27207,(CM**-1),CDHHD
MODE,143,FREQUENCY=,1493.18888,(CM**-1),CDHHD
MODE,144,FREQUENCY=,1494.11843,(CM**-1),CDHHD
MODE,145,FREQUENCY=,1494.72948,(CM**-1),CDHHD
MODE,146,FREQUENCY=,1497.84405,(CM**-1),CDHHD
MODE,147,FREQUENCY=,1498.84311,(CM**-1),CDHHD
MODE,148,FREQUENCY=,1501.16877,(CM**-1),CDHHD
MODE,149,FREQUENCY=,1501.32140,(CM**-1),CDHHD
MODE,150,FREQUENCY=,1506.96201,(CM**-1),CDHHD
MODE,151,FREQUENCY=,1509.01092,(CM**-1),CDHHD
MODE,152,FREQUENCY=,1509.45059,(CM**-1),CDHHD
MODE,153,FREQUENCY=,1509.91517,(CM**-1),CDHHD
MODE,154,FREQUENCY=,1513.84900,(CM**-1),CDHHD
MODE,155,FREQUENCY=,1526.36250,(CM**-1),CDHHD
MODE,156,FREQUENCY=,1532.09370,(CM**-1),CDHHD
MODE,157,FREQUENCY=,1550.70596,(CM**-1),CDHHD
MODE,158,FREQUENCY=,1552.88836,(CM**-1),CDHHD
MODE,159,FREQUENCY=,1600.34000,(CM**-1),CDHHD
MODE,160,FREQUENCY=,1630.74090,(CM**-1),CDHHD
MODE,161,FREQUENCY=,1633.92788,(CM**-1),CDHHD
MODE,162,FREQUENCY=,1636.07744,(CM**-1),CDHHD
MODE,163,FREQUENCY=,1676.59614,(CM**-1),CDHHD
MODE,164,FREQUENCY=,1730.00563,(CM**-1),CDHHD
MODE,165,FREQUENCY=,1737.26706,(CM**-1),CDHHD
MODE,166,FREQUENCY=,2337.23574,(CM**-1),CDHHD
MODE,167,FREQUENCY=,3059.06001,(CM**-1),CDHHD
MODE,168,FREQUENCY=,3061.36370,(CM**-1),CDHHD
MODE,169,FREQUENCY=,3062.11045,(CM**-1),CDHHD
MODE,170,FREQUENCY=,3066.27370,(CM**-1),CDHHD
MODE,171,FREQUENCY=,3066.45704,(CM**-1),CDHHD
MODE,172,FREQUENCY=,3066.94660,(CM**-1),CDHHD
MODE,173,FREQUENCY=,3120.81958,(CM**-1),CDHHD
MODE,174,FREQUENCY=,3126.70957,(CM**-1),CDHHD
MODE,175,FREQUENCY=,3129.26867,(CM**-1),CDHHD
MODE,176,FREQUENCY=,3132.43921,(CM**-1),CDHHD
MODE,177,FREQUENCY=,3135.13188,(CM**-1),CDHHD
MODE,178,FREQUENCY=,3135.97437,(CM**-1),CDHHD
MODE,179,FREQUENCY=,3137.78627,(CM**-1),CDHHD
MODE,180,FREQUENCY=,3139.60688,(CM**-1),CDHHD
MODE,181,FREQUENCY=,3152.26763,(CM**-1),CDHHD
MODE,182,FREQUENCY=,3163.20027,(CM**-1),CDHHD
MODE,183,FREQUENCY=,3168.64657,(CM**-1),CDHHD
MODE,184,FREQUENCY=,3168.85909,(CM**-1),CDHHD
MODE,185,FREQUENCY=,3172.82053,(CM**-1),CDHHD
MODE,186,FREQUENCY=,3204.42886,(CM**-1),CDHHD
MODE,187,FREQUENCY=,3219.11174,(CM**-1),CDHHD
MODE,188,FREQUENCY=,3279.38945,(CM**-1),CDHHD
MODE,189,FREQUENCY=,3298.61061,(CM**-1),CDHHD
MODE,190,FREQUENCY=,3299.58558,(CM**-1),CDHHD
MODE,191,FREQUENCY=,3314.43900,(CM**-1),CDHHD
MODE,192,FREQUENCY=,3389.84327,(CM**-1),CDHHD
MODE,193,FREQUENCY=,3659.80878,(CM**-1),CDHHD
MODE,194,FREQUENCY=,3662.88137,(CM**-1),CDHHD
MODE,195,FREQUENCY=,3696.79547,(CM**-1),CDHHD
12-2-1-2-1,,,,,
MODE,1,FREQUENCY=,-1143.12514,(CM**-1),CDHDH
MODE,8,FREQUENCY=,23.74220,(CM**-1),CDHDH
MODE,9,FREQUENCY=,31.60674,(CM**-1),CDHDH
MODE,10,FREQUENCY=,32.81536,(CM**-1),CDHDH
MODE,11,FREQUENCY=,36.01518,(CM**-1),CDHDH
MODE,12,FREQUENCY=,42.78944,(CM**-1),CDHDH
MODE,13,FREQUENCY=,46.15358,(CM**-1),CDHDH
MODE,14,FREQUENCY=,49.48663,(CM**-1),CDHDH
MODE,15,FREQUENCY=,51.73515,(CM**-1),CDHDH
MODE,16,FREQUENCY=,53.48504,(CM**-1),CDHDH
MODE,17,FREQUENCY=,58.92208,(CM**-1),CDHDH
MODE,18,FREQUENCY=,64.34965,(CM**-1),CDHDH
MODE,19,FREQUENCY=,67.35063,(CM**-1),CDHDH
MODE,20,FREQUENCY=,73.61201,(CM**-1),CDHDH
MODE,21,FREQUENCY=,75.74086,(CM**-1),CDHDH
MODE,22,FREQUENCY=,76.32944,(CM**-1),CDHDH
MODE,23,FREQUENCY=,83.09787,(CM**-1),CDHDH
MODE,24,FREQUENCY=,89.01684,(CM**-1),CDHDH
MODE,25,FREQUENCY=,96.68552,(CM**-1),CDHDH
MODE,26,FREQUENCY=,97.74328,(CM**-1),CDHDH
MODE,27,FREQUENCY=,105.53780,(CM**-1),CDHDH
MODE,28,FREQUENCY=,111.44369,(CM**-1),CDHDH
MODE,29,FREQUENCY=,113.50676,(CM**-1),CDHDH
MODE,30,FREQUENCY=,115.65261,(CM**-1),CDHDH
MODE,31,FREQUENCY=,121.71426,(CM**-1),CDHDH
MODE,32,FREQUENCY=,124.49159,(CM**-1),CDHDH
MODE,33,FREQUENCY=,127.30599,(CM**-1),CDHDH
MODE,34,FREQUENCY=,137.34026,(CM**-1),CDHDH
MODE,35,FREQUENCY=,138.50196,(CM**-1),CDHDH
MODE,36,FREQUENCY=,148.37924,(CM**-1),CDHDH
MODE,37,FREQUENCY=,152.77594,(CM**-1),CDHDH
MODE,38,FREQUENCY=,156.99165,(CM**-1),CDHDH
MODE,39,FREQUENCY=,160.24327,(CM**-1),CDHDH
MODE,40,FREQUENCY=,164.98063,(CM**-1),CDHDH
MODE,41,FREQUENCY=,168.55955,(CM**-1),CDHDH
MODE,42,FREQUENCY=,172.80289,(CM**-1),CDHDH
MODE,43,FREQUENCY=,175.30266,(CM**-1),CDHDH
MODE,44,FREQUENCY=,182.53280,(CM**-1),CDHDH
MODE,45,FREQUENCY=,183.49273,(CM**-1),CDHDH
MODE,46,FREQUENCY=,197.72630,(CM**-1),CDHDH
MODE,47,FREQUENCY=,198.73520,(CM**-1),CDHDH
MODE,48,FREQUENCY=,207.03931,(CM**-1),CDHDH
MODE,49,FREQUENCY=,221.18501,(CM**-1),CDHDH
MODE,50,FREQUENCY=,228.05610,(CM**-1),CDHDH
MODE,51,FREQUENCY=,244.60024,(CM**-1),CDHDH
MODE,52,FREQUENCY=,250.89620,(CM**-1),CDHDH
MODE,53,FREQUENCY=,270.70378,(CM**-1),CDHDH
MODE,54,FREQUENCY=,275.96451,(CM**-1),CDHDH
MODE,55,FREQUENCY=,279.80018,(CM**-1),CDHDH
MODE,56,FREQUENCY=,303.47492,(CM**-1),CDHDH
MODE,57,FREQUENCY=,315.67398,(CM**-1),CDHDH
MODE,58,FREQUENCY=,323.07075,(CM**-1),CDHDH
MODE,59,FREQUENCY=,326.35139,(CM**-1),CDHDH
MODE,60,FREQUENCY=,330.56160,(CM**-1),CDHDH
MODE,61,FREQUENCY=,357.01050,(CM**-1),CDHDH
MODE,62,FREQUENCY=,360.47867,(CM**-1),CDHDH
MODE,63,FREQUENCY=,369.97218,(CM**-1),CDHDH
MODE,64,FREQUENCY=,374.28172,(CM**-1),CDHDH
MODE,65,FREQUENCY=,377.36577,(CM**-1),CDHDH
MODE,66,FREQUENCY=,415.85448,(CM**-1),CDHDH
MODE,67,FREQUENCY=,453.42568,(CM**-1),CDHDH
MODE,68,FREQUENCY=,492.10196,(CM**-1),CDHDH
MODE,69,FREQUENCY=,513.24162,(CM**-1),CDHDH
MODE,70,FREQUENCY=,523.06202,(CM**-1),CDHDH
MODE,71,FREQUENCY=,525.84998,(CM**-1),CDHDH
MODE,72,FREQUENCY=,534.95578,(CM**-1),CDHDH
MODE,73,FREQUENCY=,550.19885,(CM**-1),CDHDH
MODE,74,FREQUENCY=,569.11710,(CM**-1),CDHDH
MODE,75,FREQUENCY=,603.05821,(CM**-1),CDHDH
MODE,76,FREQUENCY=,614.65909,(CM**-1),CDHDH
MODE,77,FREQUENCY=,616.94787,(CM**-1),CDHDH
MODE,78,FREQUENCY=,618.03895,(CM**-1),CDHDH
MODE,79,FREQUENCY=,628.29166,(CM**-1),CDHDH
MODE,80,FREQUENCY=,636.30101,(CM**-1),CDHDH
MODE,81,FREQUENCY=,637.56416,(CM**-1),CDHDH
MODE,82,FREQUENCY=,649.13568,(CM**-1),CDHDH
MODE,83,FREQUENCY=,652.13642,(CM**-1),CDHDH
MODE,84,FREQUENCY=,663.78090,(CM**-1),CDHDH
MODE,85,FREQUENCY=,668.35466,(CM**-1),CDHDH
MODE,86,FREQUENCY=,669.78547,(CM**-1),CDHDH
MODE,87,FREQUENCY=,678.86242,(CM**-1),CDHDH
MODE,88,FREQUENCY=,680.46073,(CM**-1),CDHDH
MODE,89,FREQUENCY=,687.54291,(CM**-1),CDHDH
MODE,90,FREQUENCY=,722.75218,(CM**-1),CDHDH
MODE,91,FREQUENCY=,729.21524,(CM**-1),CDHDH
MODE,92,FREQUENCY=,750.38102,(CM**-1),CDHDH
MODE,93,FREQUENCY=,786.46577,(CM**-1),CDHDH
MODE,94,FREQUENCY=,819.06441,(CM**-1),CDHDH
MODE,95,FREQUENCY=,875.80672,(CM**-1),CDHDH
MODE,96,FREQUENCY=,924.90824,(CM**-1),CDHDH
MODE,97,FREQUENCY=,943.28830,(CM**-1),CDHDH
MODE,98,FREQUENCY=,947.08844,(CM**-1),CDHDH
MODE,99,FREQUENCY=,948.36072,(CM**-1),CDHDH
MODE,100,FREQUENCY=,951.51648,(CM**-1),CDHDH
MODE,101,FREQUENCY=,960.64692,(CM**-1),CDHDH
MODE,102,FREQUENCY=,997.27418,(CM**-1),CDHDH
MODE,103,FREQUENCY=,1016.53115,(CM**-1),CDHDH
MODE,104,FREQUENCY=,1021.17450,(CM**-1),CDHDH
MODE,105,FREQUENCY=,1024.36686,(CM**-1),CDHDH
MODE,106,FREQUENCY=,1027.14162,(CM**-1),CDHDH
MODE,107,FREQUENCY=,1034.07833,(CM**-1),CDHDH
MODE,108,FREQUENCY=,1035.20529,(CM**-1),CDHDH
MODE,109,FREQUENCY=,1038.57990,(CM**-1),CDHDH
MODE,110,FREQUENCY=,1047.66395,(CM**-1),CDHDH
MODE,111,FREQUENCY=,1054.67534,(CM**-1),CDHDH
MODE,112,FREQUENCY=,1072.10746,(CM**-1),CDHDH
MODE,113,FREQUENCY=,1076.46787,(CM**-1),CDHDH
MODE,114,FREQUENCY=,1079.16745,(CM**-1),CDHDH
MODE,115,FREQUENCY=,1082.16660,(CM**-1),CDHDH
MODE,116,FREQUENCY=,1085.15524,(CM**-1),CDHDH
MODE,117,FREQUENCY=,1089.93963,(CM**-1),CDHDH
MODE,118,FREQUENCY=,1092.84566,(CM**-1),CDHDH
MODE,119,FREQUENCY=,1101.48527,(CM**-1),CDHDH
MODE,120,FREQUENCY=,1103.61712,(CM**-1),CDHDH
MODE,121,FREQUENCY=,1144.36025,(CM**-1),CDHDH
MODE,122,FREQUENCY=,1174.92232,(CM**-1),CDHDH
MODE,123,FREQUENCY=,1183.69551,(CM**-1),CDHDH
MODE,124,FREQUENCY=,1201.41424,(CM**-1),CDHDH
MODE,125,FREQUENCY=,1205.90836,(CM**-1),CDHDH
MODE,126,FREQUENCY=,1268.27076,(CM**-1),CDHDH
MODE,127,FREQUENCY=,1274.14343,(CM**-1),CDHDH
MODE,128,FREQUENCY=,1301.45581,(CM**-1),CDHDH
MODE,129,FREQUENCY=,1305.90743,(CM**-1),CDHDH
MODE,130,FREQUENCY=,1309.19480,(CM**-1),CDHDH
MODE,131,FREQUENCY=,1320.91526,(CM**-1),CDHDH
MODE,132,FREQUENCY=,1356.78874,(CM**-1),CDHDH
MODE,133,FREQUENCY=,1361.82225,(CM**-1),CDHDH
MODE,134,FREQUENCY=,1367.65165,(CM**-1),CDHDH
MODE,135,FREQUENCY=,1393.42303,(CM**-1),CDHDH
MODE,136,FREQUENCY=,1404.80582,(CM**-1),CDHDH
MODE,137,FREQUENCY=,1410.58532,(CM**-1),CDHDH
MODE,138,FREQUENCY=,1428.64256,(CM**-1),CDHDH
MODE,139,FREQUENCY=,1441.11957,(CM**-1),CDHDH
MODE,140,FREQUENCY=,1444.09904,(CM**-1),CDHDH
MODE,141,FREQUENCY=,1448.10358,(CM**-1),CDHDH
MODE,142,FREQUENCY=,1482.28767,(CM**-1),CDHDH
MODE,143,FREQUENCY=,1493.19067,(CM**-1),CDHDH
MODE,144,FREQUENCY=,1494.12222,(CM**-1),CDHDH
MODE,145,FREQUENCY=,1494.72921,(CM**-1),CDHDH
MODE,146,FREQUENCY=,1497.84405,(CM**-1),CDHDH
MODE,147,FREQUENCY=,1498.82521,(CM**-1),CDHDH
MODE,148,FREQUENCY=,1501.16905,(CM**-1),CDHDH
MODE,149,FREQUENCY=,1501.31284,(CM**-1),CDHDH
MODE,150,FREQUENCY=,1506.96332,(CM**-1),CDHDH
MODE,151,FREQUENCY=,1509.00988,(CM**-1),CDHDH
MODE,152,FREQUENCY=,1509.44175,(CM**-1),CDHDH
MODE,153,FREQUENCY=,1509.90795,(CM**-1),CDHDH
MODE,154,FREQUENCY=,1513.85547,(CM**-1),CDHDH
MODE,155,FREQUENCY=,1526.36461,(CM**-1),CDHDH
MODE,156,FREQUENCY=,1532.09369,(CM**-1),CDHDH
MODE,157,FREQUENCY=,1550.70731,(CM**-1),CDHDH
MODE,158,FREQUENCY=,1552.89892,(CM**-1),CDHDH
MODE,159,FREQUENCY=,1600.36362,(CM**-1),CDHDH
MODE,160,FREQUENCY=,1630.75988,(CM**-1),CDHDH
MODE,161,FREQUENCY=,1633.93076,(CM**-1),CDHDH
MODE,162,FREQUENCY=,1636.09380,(CM**-1),CDHDH
MODE,163,FREQUENCY=,1676.59819,(CM**-1),CDHDH
MODE,164,FREQUENCY=,1730.00653,(CM**-1),CDHDH
MODE,165,FREQUENCY=,1737.27860,(CM**-1),CDHDH
MODE,166,FREQUENCY=,2262.94448,(CM**-1),CDHDH
MODE,167,FREQUENCY=,2401.52288,(CM**-1),CDHDH
MODE,168,FREQUENCY=,3059.06036,(CM**-1),CDHDH
MODE,169,FREQUENCY=,3061.36372,(CM**-1),CDHDH
MODE,170,FREQUENCY=,3062.11056,(CM**-1),CDHDH
MODE,171,FREQUENCY=,3066.27379,(CM**-1),CDHDH
MODE,172,FREQUENCY=,3066.45706,(CM**-1),CDHDH
MODE,173,FREQUENCY=,3066.94664,(CM**-1),CDHDH
MODE,174,FREQUENCY=,3120.81965,(CM**-1),CDHDH
MODE,175,FREQUENCY=,3126.70959,(CM**-1),CDHDH
MODE,176,FREQUENCY=,3129.26879,(CM**-1),CDHDH
MODE,177,FREQUENCY=,3132.43940,(CM**-1),CDHDH
MODE,178,FREQUENCY=,3135.13211,(CM**-1),CDHDH
MODE,179,FREQUENCY=,3135.97694,(CM**-1),CDHDH
MODE,180,FREQUENCY=,3139.60686,(CM**-1),CDHDH
MODE,181,FREQUENCY=,3152.26753,(CM**-1),CDHDH
MODE,182,FREQUENCY=,3163.20049,(CM**-1),CDHDH
MODE,183,FREQUENCY=,3168.64654,(CM**-1),CDHDH
MODE,184,FREQUENCY=,3168.85903,(CM**-1),CDHDH
MODE,185,FREQUENCY=,3172.82054,(CM**-1),CDHDH
MODE,186,FREQUENCY=,3182.17013,(CM**-1),CDHDH
MODE,187,FREQUENCY=,3204.50539,(CM**-1),CDHDH
MODE,188,FREQUENCY=,3279.38962,(CM**-1),CDHDH
MODE,189,FREQUENCY=,3298.61061,(CM**-1),CDHDH
MODE,190,FREQUENCY=,3299.58559,(CM**-1),CDHDH
MODE,191,FREQUENCY=,3314.43916,(CM**-1),CDHDH
MODE,192,FREQUENCY=,3389.84435,(CM**-1),CDHDH
MODE,193,FREQUENCY=,3659.80886,(CM**-1),CDHDH
MODE,194,FREQUENCY=,3662.88139,(CM**-1),CDHDH
MODE,195,FREQUENCY=,3696.79558,(CM**-1),CDHDH
12-2-1-2-2,,,,,
MODE,1,FREQUENCY=,-877.37982,(CM**-1),CDHDD
MODE,8,FREQUENCY=,23.70688,(CM**-1),CDHDD
MODE,9,FREQUENCY=,31.56290,(CM**-1),CDHDD
MODE,10,FREQUENCY=,32.80408,(CM**-1),CDHDD
MODE,11,FREQUENCY=,35.97763,(CM**-1),CDHDD
MODE,12,FREQUENCY=,42.78702,(CM**-1),CDHDD
MODE,13,FREQUENCY=,46.15146,(CM**-1),CDHDD
MODE,14,FREQUENCY=,49.48261,(CM**-1),CDHDD
MODE,15,FREQUENCY=,51.72293,(CM**-1),CDHDD
MODE,16,FREQUENCY=,53.48247,(CM**-1),CDHDD
MODE,17,FREQUENCY=,58.92016,(CM**-1),CDHDD
MODE,18,FREQUENCY=,64.21439,(CM**-1),CDHDD
MODE,19,FREQUENCY=,67.31646,(CM**-1),CDHDD
MODE,20,FREQUENCY=,73.54138,(CM**-1),CDHDD
MODE,21,FREQUENCY=,75.73398,(CM**-1),CDHDD
MODE,22,FREQUENCY=,76.31083,(CM**-1),CDHDD
MODE,23,FREQUENCY=,83.08732,(CM**-1),CDHDD
MODE,24,FREQUENCY=,89.01441,(CM**-1),CDHDD
MODE,25,FREQUENCY=,96.68506,(CM**-1),CDHDD
MODE,26,FREQUENCY=,97.74210,(CM**-1),CDHDD
MODE,27,FREQUENCY=,105.44311,(CM**-1),CDHDD
MODE,28,FREQUENCY=,111.43873,(CM**-1),CDHDD
MODE,29,FREQUENCY=,113.49330,(CM**-1),CDHDD
MODE,30,FREQUENCY=,115.65223,(CM**-1),CDHDD
MODE,31,FREQUENCY=,121.71388,(CM**-1),CDHDD
MODE,32,FREQUENCY=,124.48263,(CM**-1),CDHDD
MODE,33,FREQUENCY=,127.29617,(CM**-1),CDHDD
MODE,34,FREQUENCY=,137.32579,(CM**-1),CDHDD
MODE,35,FREQUENCY=,138.46049,(CM**-1),CDHDD
MODE,36,FREQUENCY=,148.32349,(CM**-1),CDHDD
MODE,37,FREQUENCY=,152.37406,(CM**-1),CDHDD
MODE,38,FREQUENCY=,156.90630,(CM**-1),CDHDD
MODE,39,FREQUENCY=,160.14277,(CM**-1),CDHDD
MODE,40,FREQUENCY=,164.94250,(CM**-1),CDHDD
MODE,41,FREQUENCY=,168.54583,(CM**-1),CDHDD
MODE,42,FREQUENCY=,172.78846,(CM**-1),CDHDD
MODE,43,FREQUENCY=,175.25447,(CM**-1),CDHDD
MODE,44,FREQUENCY=,182.16316,(CM**-1),CDHDD
MODE,45,FREQUENCY=,183.43709,(CM**-1),CDHDD
MODE,46,FREQUENCY=,197.71278,(CM**-1),CDHDD
MODE,47,FREQUENCY=,198.54826,(CM**-1),CDHDD
MODE,48,FREQUENCY=,206.85688,(CM**-1),CDHDD
MODE,49,FREQUENCY=,220.80835,(CM**-1),CDHDD
MODE,50,FREQUENCY=,227.93418,(CM**-1),CDHDD
MODE,51,FREQUENCY=,240.16603,(CM**-1),CDHDD
MODE,52,FREQUENCY=,249.38939,(CM**-1),CDHDD
MODE,53,FREQUENCY=,269.78028,(CM**-1),CDHDD
MODE,54,FREQUENCY=,275.90571,(CM**-1),CDHDD
MODE,55,FREQUENCY=,279.75874,(CM**-1),CDHDD
MODE,56,FREQUENCY=,294.49674,(CM**-1),CDHDD
MODE,57,FREQUENCY=,304.91220,(CM**-1),CDHDD
MODE,58,FREQUENCY=,310.62064,(CM**-1),CDHDD
MODE,59,FREQUENCY=,325.49538,(CM**-1),CDHDD
MODE,60,FREQUENCY=,328.54390,(CM**-1),CDHDD
MODE,61,FREQUENCY=,350.71412,(CM**-1),CDHDD
MODE,62,FREQUENCY=,356.58746,(CM**-1),CDHDD
MODE,63,FREQUENCY=,362.68119,(CM**-1),CDHDD
MODE,64,FREQUENCY=,372.96126,(CM**-1),CDHDD
MODE,65,FREQUENCY=,375.06462,(CM**-1),CDHDD
MODE,66,FREQUENCY=,411.72099,(CM**-1),CDHDD
MODE,67,FREQUENCY=,453.41017,(CM**-1),CDHDD
MODE,68,FREQUENCY=,492.09695,(CM**-1),CDHDD
MODE,69,FREQUENCY=,513.18724,(CM**-1),CDHDD
MODE,70,FREQUENCY=,523.05207,(CM**-1),CDHDD
MODE,71,FREQUENCY=,525.83616,(CM**-1),CDHDD
MODE,72,FREQUENCY=,534.95156,(CM**-1),CDHDD
MODE,73,FREQUENCY=,550.09767,(CM**-1),CDHDD
MODE,74,FREQUENCY=,569.10992,(CM**-1),CDHDD
MODE,75,FREQUENCY=,603.05550,(CM**-1),CDHDD
MODE,76,FREQUENCY=,614.65794,(CM**-1),CDHDD
MODE,77,FREQUENCY=,616.93381,(CM**-1),CDHDD
MODE,78,FREQUENCY=,618.03779,(CM**-1),CDHDD
MODE,79,FREQUENCY=,628.27938,(CM**-1),CDHDD
MODE,80,FREQUENCY=,636.29444,(CM**-1),CDHDD
MODE,81,FREQUENCY=,637.54477,(CM**-1),CDHDD
MODE,82,FREQUENCY=,649.13470,(CM**-1),CDHDD
MODE,83,FREQUENCY=,652.13624,(CM**-1),CDHDD
MODE,84,FREQUENCY=,663.62165,(CM**-1),CDHDD
MODE,85,FREQUENCY=,668.35282,(CM**-1),CDHDD
MODE,86,FREQUENCY=,669.76031,(CM**-1),CDHDD
MODE,87,FREQUENCY=,678.85285,(CM**-1),CDHDD
MODE,88,FREQUENCY=,680.25865,(CM**-1),CDHDD
MODE,89,FREQUENCY=,687.53186,(CM**-1),CDHDD
MODE,90,FREQUENCY=,722.74955,(CM**-1),CDHDD
MODE,91,FREQUENCY=,723.72925,(CM**-1),CDHDD
MODE,92,FREQUENCY=,729.22159,(CM**-1),CDHDD
MODE,93,FREQUENCY=,786.19269,(CM**-1),CDHDD
MODE,94,FREQUENCY=,819.05594,(CM**-1),CDHDD
MODE,95,FREQUENCY=,869.65341,(CM**-1),CDHDD
MODE,96,FREQUENCY=,875.80473,(CM**-1),CDHDD
MODE,97,FREQUENCY=,897.17103,(CM**-1),CDHDD
MODE,98,FREQUENCY=,924.93667,(CM**-1),CDHDD
MODE,99,FREQUENCY=,943.29050,(CM**-1),CDHDD
MODE,100,FREQUENCY=,947.09326,(CM**-1),CDHDD
MODE,101,FREQUENCY=,948.36134,(CM**-1),CDHDD
MODE,102,FREQUENCY=,951.51541,(CM**-1),CDHDD
MODE,103,FREQUENCY=,960.58445,(CM**-1),CDHDD
MODE,104,FREQUENCY=,997.31744,(CM**-1),CDHDD
MODE,105,FREQUENCY=,1016.53799,(CM**-1),CDHDD
MODE,106,FREQUENCY=,1021.19509,(CM**-1),CDHDD
MODE,107,FREQUENCY=,1027.12972,(CM**-1),CDHDD
MODE,108,FREQUENCY=,1030.72399,(CM**-1),CDHDD
MODE,109,FREQUENCY=,1034.53040,(CM**-1),CDHDD
MODE,110,FREQUENCY=,1035.82309,(CM**-1),CDHDD
MODE,111,FREQUENCY=,1038.60071,(CM**-1),CDHDD
MODE,112,FREQUENCY=,1047.67420,(CM**-1),CDHDD
MODE,113,FREQUENCY=,1054.69131,(CM**-1),CDHDD
MODE,114,FREQUENCY=,1072.13086,(CM**-1),CDHDD
MODE,115,FREQUENCY=,1077.90592,(CM**-1),CDHDD
MODE,116,FREQUENCY=,1081.88852,(CM**-1),CDHDD
MODE,117,FREQUENCY=,1085.15083,(CM**-1),CDHDD
MODE,118,FREQUENCY=,1089.93962,(CM**-1),CDHDD
MODE,119,FREQUENCY=,1092.84705,(CM**-1),CDHDD
MODE,120,FREQUENCY=,1101.48239,(CM**-1),CDHDD
MODE,121,FREQUENCY=,1103.61671,(CM**-1),CDHDD
MODE,122,FREQUENCY=,1143.21253,(CM**-1),CDHDD
MODE,123,FREQUENCY=,1174.90471,(CM**-1),CDHDD
MODE,124,FREQUENCY=,1183.69538,(CM**-1),CDHDD
MODE,125,FREQUENCY=,1205.76474,(CM**-1),CDHDD
MODE,126,FREQUENCY=,1268.26950,(CM**-1),CDHDD
MODE,127,FREQUENCY=,1274.14279,(CM**-1),CDHDD
MODE,128,FREQUENCY=,1301.44314,(CM**-1),CDHDD
MODE,129,FREQUENCY=,1305.90197,(CM**-1),CDHDD
MODE,130,FREQUENCY=,1309.11623,(CM**-1),CDHDD
MODE,131,FREQUENCY=,1320.87507,(CM**-1),CDHDD
MODE,132,FREQUENCY=,1356.78844,(CM**-1),CDHDD
MODE,133,FREQUENCY=,1361.82217,(CM**-1),CDHDD
MODE,134,FREQUENCY=,1367.62591,(CM**-1),CDHDD
MODE,135,FREQUENCY=,1393.39855,(CM**-1),CDHDD
MODE,136,FREQUENCY=,1404.79571,(CM**-1),CDHDD
MODE,137,FREQUENCY=,1410.57328,(CM**-1),CDHDD
MODE,138,FREQUENCY=,1428.63785,(CM**-1),CDHDD
MODE,139,FREQUENCY=,1441.09819,(CM**-1),CDHDD
MODE,140,FREQUENCY=,1444.09863,(CM**-1),CDHDD
MODE,141,FREQUENCY=,1448.09817,(CM**-1),CDHDD
MODE,142,FREQUENCY=,1482.26792,(CM**-1),CDHDD
MODE,143,FREQUENCY=,1493.18856,(CM**-1),CDHDD
MODE,144,FREQUENCY=,1494.11629,(CM**-1),CDHDD
MODE,145,FREQUENCY=,1494.72912,(CM**-1),CDHDD
MODE,146,FREQUENCY=,1497.84402,(CM**-1),CDHDD
MODE,147,FREQUENCY=,1498.81103,(CM**-1),CDHDD
MODE,148,FREQUENCY=,1501.16857,(CM**-1),CDHDD
MODE,149,FREQUENCY=,1501.31204,(CM**-1),CDHDD
MODE,150,FREQUENCY=,1506.96201,(CM**-1),CDHDD
MODE,151,FREQUENCY=,1509.00919,(CM**-1),CDHDD
MODE,152,FREQUENCY=,1509.43922,(CM**-1),CDHDD
MODE,153,FREQUENCY=,1509.90746,(CM**-1),CDHDD
MODE,154,FREQUENCY=,1513.84741,(CM**-1),CDHDD
MODE,155,FREQUENCY=,1526.36207,(CM**-1),CDHDD
MODE,156,FREQUENCY=,1532.09343,(CM**-1),CDHDD
MODE,157,FREQUENCY=,1550.70591,(CM**-1),CDHDD
MODE,158,FREQUENCY=,1552.88679,(CM**-1),CDHDD
MODE,159,FREQUENCY=,1600.32369,(CM**-1),CDHDD
MODE,160,FREQUENCY=,1630.73813,(CM**-1),CDHDD
MODE,161,FREQUENCY=,1633.92763,(CM**-1),CDHDD
MODE,162,FREQUENCY=,1636.07506,(CM**-1),CDHDD
MODE,163,FREQUENCY=,1676.59502,(CM**-1),CDHDD
MODE,164,FREQUENCY=,1730.00557,(CM**-1),CDHDD
MODE,165,FREQUENCY=,1737.26556,(CM**-1),CDHDD
MODE,166,FREQUENCY=,2262.79697,(CM**-1),CDHDD
MODE,167,FREQUENCY=,2401.48408,(CM**-1),CDHDD
MODE,168,FREQUENCY=,3059.06006,(CM**-1),CDHDD
MODE,169,FREQUENCY=,3061.36370,(CM**-1),CDHDD
MODE,170,FREQUENCY=,3062.11048,(CM**-1),CDHDD
MODE,171,FREQUENCY=,3066.27373,(CM**-1),CDHDD
MODE,172,FREQUENCY=,3066.45704,(CM**-1),CDHDD
MODE,173,FREQUENCY=,3066.94660,(CM**-1),CDHDD
MODE,174,FREQUENCY=,3120.81957,(CM**-1),CDHDD
MODE,175,FREQUENCY=,3126.70959,(CM**-1),CDHDD
MODE,176,FREQUENCY=,3129.26872,(CM**-1),CDHDD
MODE,177,FREQUENCY=,3132.43933,(CM**-1),CDHDD
MODE,178,FREQUENCY=,3135.13211,(CM**-1),CDHDD
MODE,179,FREQUENCY=,3135.97691,(CM**-1),CDHDD
MODE,180,FREQUENCY=,3139.60685,(CM**-1),CDHDD
MODE,181,FREQUENCY=,3152.26753,(CM**-1),CDHDD
MODE,182,FREQUENCY=,3163.20016,(CM**-1),CDHDD
MODE,183,FREQUENCY=,3168.64648,(CM**-1),CDHDD
MODE,184,FREQUENCY=,3168.85901,(CM**-1),CDHDD
MODE,185,FREQUENCY=,3172.82052,(CM**-1),CDHDD
MODE,186,FREQUENCY=,3182.02577,(CM**-1),CDHDD
MODE,187,FREQUENCY=,3204.43525,(CM**-1),CDHDD
MODE,188,FREQUENCY=,3279.38944,(CM**-1),CDHDD
MODE,189,FREQUENCY=,3298.61060,(CM**-1),CDHDD
MODE,190,FREQUENCY=,3299.58558,(CM**-1),CDHDD
MODE,191,FREQUENCY=,3314.43899,(CM**-1),CDHDD
MODE,192,FREQUENCY=,3389.84298,(CM**-1),CDHDD
MODE,193,FREQUENCY=,3659.80878,(CM**-1),CDHDD
MODE,194,FREQUENCY=,3662.88136,(CM**-1),CDHDD
MODE,195,FREQUENCY=,3696.79544,(CM**-1),CDHDD
12-2-2-1-1,,,,,
MODE,1,FREQUENCY=,-1142.05483,(CM**-1),CDDHH
MODE,8,FREQUENCY=,23.82964,(CM**-1),CDDHH
MODE,9,FREQUENCY=,31.64556,(CM**-1),CDDHH
MODE,10,FREQUENCY=,32.82194,(CM**-1),CDDHH
MODE,11,FREQUENCY=,36.12089,(CM**-1),CDDHH
MODE,12,FREQUENCY=,42.82751,(CM**-1),CDDHH
MODE,13,FREQUENCY=,46.15729,(CM**-1),CDDHH
MODE,14,FREQUENCY=,49.54286,(CM**-1),CDDHH
MODE,15,FREQUENCY=,51.86319,(CM**-1),CDDHH
MODE,16,FREQUENCY=,53.48263,(CM**-1),CDDHH
MODE,17,FREQUENCY=,58.89856,(CM**-1),CDDHH
MODE,18,FREQUENCY=,62.38126,(CM**-1),CDDHH
MODE,19,FREQUENCY=,67.27898,(CM**-1),CDDHH
MODE,20,FREQUENCY=,71.71393,(CM**-1),CDDHH
MODE,21,FREQUENCY=,75.95900,(CM**-1),CDDHH
MODE,22,FREQUENCY=,79.54516,(CM**-1),CDDHH
MODE,23,FREQUENCY=,83.11913,(CM**-1),CDDHH
MODE,24,FREQUENCY=,89.05509,(CM**-1),CDDHH
MODE,25,FREQUENCY=,96.67808,(CM**-1),CDDHH
MODE,26,FREQUENCY=,97.83589,(CM**-1),CDDHH
MODE,27,FREQUENCY=,105.74633,(CM**-1),CDDHH
MODE,28,FREQUENCY=,111.54463,(CM**-1),CDDHH
MODE,29,FREQUENCY=,113.53719,(CM**-1),CDDHH
MODE,30,FREQUENCY=,115.64901,(CM**-1),CDDHH
MODE,31,FREQUENCY=,121.65308,(CM**-1),CDDHH
MODE,32,FREQUENCY=,124.45704,(CM**-1),CDDHH
MODE,33,FREQUENCY=,127.31212,(CM**-1),CDDHH
MODE,34,FREQUENCY=,137.33822,(CM**-1),CDDHH
MODE,35,FREQUENCY=,138.50089,(CM**-1),CDDHH
MODE,36,FREQUENCY=,148.41468,(CM**-1),CDDHH
MODE,37,FREQUENCY=,153.04928,(CM**-1),CDDHH
MODE,38,FREQUENCY=,157.07712,(CM**-1),CDDHH
MODE,39,FREQUENCY=,160.30864,(CM**-1),CDDHH
MODE,40,FREQUENCY=,164.98127,(CM**-1),CDDHH
MODE,41,FREQUENCY=,168.55091,(CM**-1),CDDHH
MODE,42,FREQUENCY=,172.78178,(CM**-1),CDDHH
MODE,43,FREQUENCY=,175.30076,(CM**-1),CDDHH
MODE,44,FREQUENCY=,182.81157,(CM**-1),CDDHH
MODE,45,FREQUENCY=,183.60028,(CM**-1),CDDHH
MODE,46,FREQUENCY=,197.72057,(CM**-1),CDDHH
MODE,47,FREQUENCY=,198.90440,(CM**-1),CDDHH
MODE,48,FREQUENCY=,207.12137,(CM**-1),CDDHH
MODE,49,FREQUENCY=,221.13938,(CM**-1),CDDHH
MODE,50,FREQUENCY=,227.99129,(CM**-1),CDDHH
MODE,51,FREQUENCY=,241.25834,(CM**-1),CDDHH
MODE,52,FREQUENCY=,250.94126,(CM**-1),CDDHH
MODE,53,FREQUENCY=,270.77590,(CM**-1),CDDHH
MODE,54,FREQUENCY=,275.99874,(CM**-1),CDDHH
MODE,55,FREQUENCY=,279.84624,(CM**-1),CDDHH
MODE,56,FREQUENCY=,300.70113,(CM**-1),CDDHH
MODE,57,FREQUENCY=,303.56813,(CM**-1),CDDHH
MODE,58,FREQUENCY=,325.09854,(CM**-1),CDDHH
MODE,59,FREQUENCY=,327.31853,(CM**-1),CDDHH
MODE,60,FREQUENCY=,329.16814,(CM**-1),CDDHH
MODE,61,FREQUENCY=,348.30602,(CM**-1),CDDHH
MODE,62,FREQUENCY=,359.38487,(CM**-1),CDDHH
MODE,63,FREQUENCY=,366.15019,(CM**-1),CDDHH
MODE,64,FREQUENCY=,372.79659,(CM**-1),CDDHH
MODE,65,FREQUENCY=,385.28758,(CM**-1),CDDHH
MODE,66,FREQUENCY=,449.62710,(CM**-1),CDDHH
MODE,67,FREQUENCY=,455.09494,(CM**-1),CDDHH
MODE,68,FREQUENCY=,492.10176,(CM**-1),CDDHH
MODE,69,FREQUENCY=,513.22746,(CM**-1),CDDHH
MODE,70,FREQUENCY=,523.08535,(CM**-1),CDDHH
MODE,71,FREQUENCY=,525.93083,(CM**-1),CDDHH
MODE,72,FREQUENCY=,534.97000,(CM**-1),CDDHH
MODE,73,FREQUENCY=,550.11993,(CM**-1),CDDHH
MODE,74,FREQUENCY=,569.12390,(CM**-1),CDDHH
MODE,75,FREQUENCY=,603.05830,(CM**-1),CDDHH
MODE,76,FREQUENCY=,614.65529,(CM**-1),CDDHH
MODE,77,FREQUENCY=,616.94807,(CM**-1),CDDHH
MODE,78,FREQUENCY=,618.02055,(CM**-1),CDDHH
MODE,79,FREQUENCY=,628.29362,(CM**-1),CDDHH
MODE,80,FREQUENCY=,636.29762,(CM**-1),CDDHH
MODE,81,FREQUENCY=,637.56414,(CM**-1),CDDHH
MODE,82,FREQUENCY=,649.13569,(CM**-1),CDDHH
MODE,83,FREQUENCY=,652.13640,(CM**-1),CDDHH
MODE,84,FREQUENCY=,663.75414,(CM**-1),CDDHH
MODE,85,FREQUENCY=,668.35391,(CM**-1),CDDHH
MODE,86,FREQUENCY=,669.78230,(CM**-1),CDDHH
MODE,87,FREQUENCY=,678.86109,(CM**-1),CDDHH
MODE,88,FREQUENCY=,680.46601,(CM**-1),CDDHH
MODE,89,FREQUENCY=,687.54177,(CM**-1),CDDHH
MODE,90,FREQUENCY=,722.75218,(CM**-1),CDDHH
MODE,91,FREQUENCY=,729.21521,(CM**-1),CDDHH
MODE,92,FREQUENCY=,749.53260,(CM**-1),CDDHH
MODE,93,FREQUENCY=,786.46682,(CM**-1),CDDHH
MODE,94,FREQUENCY=,819.06423,(CM**-1),CDDHH
MODE,95,FREQUENCY=,875.80626,(CM**-1),CDDHH
MODE,96,FREQUENCY=,924.90807,(CM**-1),CDDHH
MODE,97,FREQUENCY=,943.27363,(CM**-1),CDDHH
MODE,98,FREQUENCY=,947.08192,(CM**-1),CDDHH
MODE,99,FREQUENCY=,948.35922,(CM**-1),CDDHH
MODE,100,FREQUENCY=,951.51664,(CM**-1),CDDHH
MODE,101,FREQUENCY=,960.64754,(CM**-1),CDDHH
MODE,102,FREQUENCY=,997.18926,(CM**-1),CDDHH
MODE,103,FREQUENCY=,1016.52271,(CM**-1),CDDHH
MODE,104,FREQUENCY=,1021.13177,(CM**-1),CDDHH
MODE,105,FREQUENCY=,1027.00796,(CM**-1),CDDHH
MODE,106,FREQUENCY=,1027.97287,(CM**-1),CDDHH
MODE,107,FREQUENCY=,1034.04934,(CM**-1),CDDHH
MODE,108,FREQUENCY=,1035.16808,(CM**-1),CDDHH
MODE,109,FREQUENCY=,1038.59084,(CM**-1),CDDHH
MODE,110,FREQUENCY=,1047.66889,(CM**-1),CDDHH
MODE,111,FREQUENCY=,1054.67971,(CM**-1),CDDHH
MODE,112,FREQUENCY=,1070.75435,(CM**-1),CDDHH
MODE,113,FREQUENCY=,1072.45141,(CM**-1),CDDHH
MODE,114,FREQUENCY=,1078.25676,(CM**-1),CDDHH
MODE,115,FREQUENCY=,1082.02919,(CM**-1),CDDHH
MODE,116,FREQUENCY=,1085.16331,(CM**-1),CDDHH
MODE,117,FREQUENCY=,1089.93927,(CM**-1),CDDHH
MODE,118,FREQUENCY=,1092.84128,(CM**-1),CDDHH
MODE,119,FREQUENCY=,1097.12888,(CM**-1),CDDHH
MODE,120,FREQUENCY=,1101.49249,(CM**-1),CDDHH
MODE,121,FREQUENCY=,1103.61993,(CM**-1),CDDHH
MODE,122,FREQUENCY=,1174.92752,(CM**-1),CDDHH
MODE,123,FREQUENCY=,1183.69553,(CM**-1),CDDHH
MODE,124,FREQUENCY=,1205.80637,(CM**-1),CDDHH
MODE,125,FREQUENCY=,1246.52435,(CM**-1),CDDHH
MODE,126,FREQUENCY=,1268.27199,(CM**-1),CDDHH
MODE,127,FREQUENCY=,1274.14350,(CM**-1),CDDHH
MODE,128,FREQUENCY=,1301.49199,(CM**-1),CDDHH
MODE,129,FREQUENCY=,1305.91742,(CM**-1),CDDHH
MODE,130,FREQUENCY=,1309.73137,(CM**-1),CDDHH
MODE,131,FREQUENCY=,1318.12873,(CM**-1),CDDHH
MODE,132,FREQUENCY=,1356.78852,(CM**-1),CDDHH
MODE,133,FREQUENCY=,1361.82221,(CM**-1),CDDHH
MODE,134,FREQUENCY=,1367.65400,(CM**-1),CDDHH
MODE,135,FREQUENCY=,1393.42181,(CM**-1),CDDHH
MODE,136,FREQUENCY=,1404.80118,(CM**-1),CDDHH
MODE,137,FREQUENCY=,1410.58465,(CM**-1),CDDHH
MODE,138,FREQUENCY=,1428.64570,(CM**-1),CDDHH
MODE,139,FREQUENCY=,1441.12024,(CM**-1),CDDHH
MODE,140,FREQUENCY=,1444.09897,(CM**-1),CDDHH
MODE,141,FREQUENCY=,1448.10308,(CM**-1),CDDHH
MODE,142,FREQUENCY=,1482.29641,(CM**-1),CDDHH
MODE,143,FREQUENCY=,1493.19159,(CM**-1),CDDHH
MODE,144,FREQUENCY=,1494.12306,(CM**-1),CDDHH
MODE,145,FREQUENCY=,1494.72926,(CM**-1),CDDHH
MODE,146,FREQUENCY=,1497.84405,(CM**-1),CDDHH
MODE,147,FREQUENCY=,1498.85014,(CM**-1),CDDHH
MODE,148,FREQUENCY=,1501.16887,(CM**-1),CDDHH
MODE,149,FREQUENCY=,1501.31567,(CM**-1),CDDHH
MODE,150,FREQUENCY=,1506.96334,(CM**-1),CDDHH
MODE,151,FREQUENCY=,1509.00821,(CM**-1),CDDHH
MODE,152,FREQUENCY=,1509.42891,(CM**-1),CDDHH
MODE,153,FREQUENCY=,1509.90178,(CM**-1),CDDHH
MODE,154,FREQUENCY=,1513.85367,(CM**-1),CDDHH
MODE,155,FREQUENCY=,1526.36457,(CM**-1),CDDHH
MODE,156,FREQUENCY=,1532.09364,(CM**-1),CDDHH
MODE,157,FREQUENCY=,1550.70721,(CM**-1),CDDHH
MODE,158,FREQUENCY=,1552.89884,(CM**-1),CDDHH
MODE,159,FREQUENCY=,1600.38635,(CM**-1),CDDHH
MODE,160,FREQUENCY=,1630.76441,(CM**-1),CDDHH
MODE,161,FREQUENCY=,1633.93105,(CM**-1),CDDHH
MODE,162,FREQUENCY=,1636.09816,(CM**-1),CDDHH
MODE,163,FREQUENCY=,1676.60009,(CM**-1),CDDHH
MODE,164,FREQUENCY=,1730.00633,(CM**-1),CDDHH
MODE,165,FREQUENCY=,1737.28065,(CM**-1),CDDHH
MODE,166,FREQUENCY=,2265.03905,(CM**-1),CDDHH
MODE,167,FREQUENCY=,2401.26326,(CM**-1),CDDHH
MODE,168,FREQUENCY=,3059.06042,(CM**-1),CDDHH
MODE,169,FREQUENCY=,3061.36373,(CM**-1),CDDHH
MODE,170,FREQUENCY=,3062.11056,(CM**-1),CDDHH
MODE,171,FREQUENCY=,3066.27380,(CM**-1),CDDHH
MODE,172,FREQUENCY=,3066.45706,(CM**-1),CDDHH
MODE,173,FREQUENCY=,3066.94664,(CM**-1),CDDHH
MODE,174,FREQUENCY=,3120.81978,(CM**-1),CDDHH
MODE,175,FREQUENCY=,3126.70959,(CM**-1),CDDHH
MODE,176,FREQUENCY=,3129.26882,(CM**-1),CDDHH
MODE,177,FREQUENCY=,3132.43935,(CM**-1),CDDHH
MODE,178,FREQUENCY=,3135.13209,(CM**-1),CDDHH
MODE,179,FREQUENCY=,3135.97698,(CM**-1),CDDHH
MODE,180,FREQUENCY=,3139.60685,(CM**-1),CDDHH
MODE,181,FREQUENCY=,3152.26749,(CM**-1),CDDHH
MODE,182,FREQUENCY=,3163.19938,(CM**-1),CDDHH
MODE,183,FREQUENCY=,3168.64625,(CM**-1),CDDHH
MODE,184,FREQUENCY=,3168.85910,(CM**-1),CDDHH
MODE,185,FREQUENCY=,3172.82031,(CM**-1),CDDHH
MODE,186,FREQUENCY=,3179.66785,(CM**-1),CDDHH
MODE,187,FREQUENCY=,3204.49774,(CM**-1),CDDHH
MODE,188,FREQUENCY=,3279.38962,(CM**-1),CDDHH
MODE,189,FREQUENCY=,3298.61061,(CM**-1),CDDHH
MODE,190,FREQUENCY=,3299.58559,(CM**-1),CDDHH
MODE,191,FREQUENCY=,3314.43915,(CM**-1),CDDHH
MODE,192,FREQUENCY=,3389.84458,(CM**-1),CDDHH
MODE,193,FREQUENCY=,3659.80885,(CM**-1),CDDHH
MODE,194,FREQUENCY=,3662.88139,(CM**-1),CDDHH
MODE,195,FREQUENCY=,3696.79561,(CM**-1),CDDHH
12-2-2-1-2,,,,,
MODE,1,FREQUENCY=,-876.53197,(CM**-1),CDDHD
MODE,8,FREQUENCY=,23.79464,(CM**-1),CDDHD
MODE,9,FREQUENCY=,31.60211,(CM**-1),CDDHD
MODE,10,FREQUENCY=,32.80998,(CM**-1),CDDHD
MODE,11,FREQUENCY=,36.07942,(CM**-1),CDDHD
MODE,12,FREQUENCY=,42.82435,(CM**-1),CDDHD
MODE,13,FREQUENCY=,46.15520,(CM**-1),CDDHD
MODE,14,FREQUENCY=,49.53863,(CM**-1),CDDHD
MODE,15,FREQUENCY=,51.84966,(CM**-1),CDDHD
MODE,16,FREQUENCY=,53.47993,(CM**-1),CDDHD
MODE,17,FREQUENCY=,58.89446,(CM**-1),CDDHD
MODE,18,FREQUENCY=,62.24891,(CM**-1),CDDHD
MODE,19,FREQUENCY=,67.25062,(CM**-1),CDDHD
MODE,20,FREQUENCY=,71.70021,(CM**-1),CDDHD
MODE,21,FREQUENCY=,75.95528,(CM**-1),CDDHD
MODE,22,FREQUENCY=,79.48909,(CM**-1),CDDHD
MODE,23,FREQUENCY=,83.10715,(CM**-1),CDDHD
MODE,24,FREQUENCY=,89.05304,(CM**-1),CDDHD
MODE,25,FREQUENCY=,96.67672,(CM**-1),CDDHD
MODE,26,FREQUENCY=,97.82873,(CM**-1),CDDHD
MODE,27,FREQUENCY=,105.65796,(CM**-1),CDDHD
MODE,28,FREQUENCY=,111.53949,(CM**-1),CDDHD
MODE,29,FREQUENCY=,113.52457,(CM**-1),CDDHD
MODE,30,FREQUENCY=,115.64876,(CM**-1),CDDHD
MODE,31,FREQUENCY=,121.65148,(CM**-1),CDDHD
MODE,32,FREQUENCY=,124.44595,(CM**-1),CDDHD
MODE,33,FREQUENCY=,127.30275,(CM**-1),CDDHD
MODE,34,FREQUENCY=,137.32229,(CM**-1),CDDHD
MODE,35,FREQUENCY=,138.45889,(CM**-1),CDDHD
MODE,36,FREQUENCY=,148.36963,(CM**-1),CDDHD
MODE,37,FREQUENCY=,152.67033,(CM**-1),CDDHD
MODE,38,FREQUENCY=,156.98502,(CM**-1),CDDHD
MODE,39,FREQUENCY=,160.20797,(CM**-1),CDDHD
MODE,40,FREQUENCY=,164.94501,(CM**-1),CDDHD
MODE,41,FREQUENCY=,168.53536,(CM**-1),CDDHD
MODE,42,FREQUENCY=,172.76399,(CM**-1),CDDHD
MODE,43,FREQUENCY=,175.25546,(CM**-1),CDDHD
MODE,44,FREQUENCY=,182.52579,(CM**-1),CDDHD
MODE,45,FREQUENCY=,183.49983,(CM**-1),CDDHD
MODE,46,FREQUENCY=,197.70611,(CM**-1),CDDHD
MODE,47,FREQUENCY=,198.73482,(CM**-1),CDDHD
MODE,48,FREQUENCY=,206.96381,(CM**-1),CDDHD
MODE,49,FREQUENCY=,220.50769,(CM**-1),CDDHD
MODE,50,FREQUENCY=,227.83053,(CM**-1),CDDHD
MODE,51,FREQUENCY=,234.00007,(CM**-1),CDDHD
MODE,52,FREQUENCY=,249.85925,(CM**-1),CDDHD
MODE,53,FREQUENCY=,269.83783,(CM**-1),CDDHD
MODE,54,FREQUENCY=,275.95430,(CM**-1),CDDHD
MODE,55,FREQUENCY=,279.81264,(CM**-1),CDDHD
MODE,56,FREQUENCY=,284.53173,(CM**-1),CDDHD
MODE,57,FREQUENCY=,300.66121,(CM**-1),CDDHD
MODE,58,FREQUENCY=,320.16223,(CM**-1),CDDHD
MODE,59,FREQUENCY=,325.49370,(CM**-1),CDDHD
MODE,60,FREQUENCY=,328.11143,(CM**-1),CDDHD
MODE,61,FREQUENCY=,345.23981,(CM**-1),CDDHD
MODE,62,FREQUENCY=,357.92189,(CM**-1),CDDHD
MODE,63,FREQUENCY=,363.64177,(CM**-1),CDDHD
MODE,64,FREQUENCY=,372.77640,(CM**-1),CDDHD
MODE,65,FREQUENCY=,380.20693,(CM**-1),CDDHD
MODE,66,FREQUENCY=,430.67106,(CM**-1),CDDHD
MODE,67,FREQUENCY=,453.60615,(CM**-1),CDDHD
MODE,68,FREQUENCY=,492.09696,(CM**-1),CDDHD
MODE,69,FREQUENCY=,513.18844,(CM**-1),CDDHD
MODE,70,FREQUENCY=,523.06589,(CM**-1),CDDHD
MODE,71,FREQUENCY=,525.89903,(CM**-1),CDDHD
MODE,72,FREQUENCY=,534.96671,(CM**-1),CDDHD
MODE,73,FREQUENCY=,550.08220,(CM**-1),CDDHD
MODE,74,FREQUENCY=,569.12260,(CM**-1),CDDHD
MODE,75,FREQUENCY=,603.05553,(CM**-1),CDDHD
MODE,76,FREQUENCY=,614.65304,(CM**-1),CDDHD
MODE,77,FREQUENCY=,616.93415,(CM**-1),CDDHD
MODE,78,FREQUENCY=,618.01650,(CM**-1),CDDHD
MODE,79,FREQUENCY=,628.28077,(CM**-1),CDDHD
MODE,80,FREQUENCY=,636.29287,(CM**-1),CDDHD
MODE,81,FREQUENCY=,637.54748,(CM**-1),CDDHD
MODE,82,FREQUENCY=,649.13466,(CM**-1),CDDHD
MODE,83,FREQUENCY=,652.13631,(CM**-1),CDDHD
MODE,84,FREQUENCY=,663.58953,(CM**-1),CDDHD
MODE,85,FREQUENCY=,668.35181,(CM**-1),CDDHD
MODE,86,FREQUENCY=,669.75576,(CM**-1),CDDHD
MODE,87,FREQUENCY=,678.84974,(CM**-1),CDDHD
MODE,88,FREQUENCY=,680.27969,(CM**-1),CDDHD
MODE,89,FREQUENCY=,687.53038,(CM**-1),CDDHD
MODE,90,FREQUENCY=,721.92666,(CM**-1),CDDHD
MODE,91,FREQUENCY=,722.75566,(CM**-1),CDDHD
MODE,92,FREQUENCY=,729.22009,(CM**-1),CDDHD
MODE,93,FREQUENCY=,786.19722,(CM**-1),CDDHD
MODE,94,FREQUENCY=,819.05452,(CM**-1),CDDHD
MODE,95,FREQUENCY=,843.95394,(CM**-1),CDDHD
MODE,96,FREQUENCY=,875.80643,(CM**-1),CDDHD
MODE,97,FREQUENCY=,900.68997,(CM**-1),CDDHD
MODE,98,FREQUENCY=,924.95480,(CM**-1),CDDHD
MODE,99,FREQUENCY=,943.28768,(CM**-1),CDDHD
MODE,100,FREQUENCY=,947.10644,(CM**-1),CDDHD
MODE,101,FREQUENCY=,948.36131,(CM**-1),CDDHD
MODE,102,FREQUENCY=,951.51584,(CM**-1),CDDHD
MODE,103,FREQUENCY=,960.58984,(CM**-1),CDDHD
MODE,104,FREQUENCY=,997.32722,(CM**-1),CDDHD
MODE,105,FREQUENCY=,1016.54056,(CM**-1),CDDHD
MODE,106,FREQUENCY=,1021.19475,(CM**-1),CDDHD
MODE,107,FREQUENCY=,1027.12998,(CM**-1),CDDHD
MODE,108,FREQUENCY=,1034.07090,(CM**-1),CDDHD
MODE,109,FREQUENCY=,1035.17526,(CM**-1),CDDHD
MODE,110,FREQUENCY=,1038.56653,(CM**-1),CDDHD
MODE,111,FREQUENCY=,1043.72745,(CM**-1),CDDHD
MODE,112,FREQUENCY=,1047.67151,(CM**-1),CDDHD
MODE,113,FREQUENCY=,1054.69955,(CM**-1),CDDHD
MODE,114,FREQUENCY=,1072.13956,(CM**-1),CDDHD
MODE,115,FREQUENCY=,1077.91710,(CM**-1),CDDHD
MODE,116,FREQUENCY=,1081.89563,(CM**-1),CDDHD
MODE,117,FREQUENCY=,1085.15322,(CM**-1),CDDHD
MODE,118,FREQUENCY=,1089.93946,(CM**-1),CDDHD
MODE,119,FREQUENCY=,1092.84699,(CM**-1),CDDHD
MODE,120,FREQUENCY=,1101.48218,(CM**-1),CDDHD
MODE,121,FREQUENCY=,1103.61708,(CM**-1),CDDHD
MODE,122,FREQUENCY=,1150.47455,(CM**-1),CDDHD
MODE,123,FREQUENCY=,1174.90557,(CM**-1),CDDHD
MODE,124,FREQUENCY=,1183.69538,(CM**-1),CDDHD
MODE,125,FREQUENCY=,1205.76501,(CM**-1),CDDHD
MODE,126,FREQUENCY=,1268.26969,(CM**-1),CDDHD
MODE,127,FREQUENCY=,1274.14281,(CM**-1),CDDHD
MODE,128,FREQUENCY=,1301.47162,(CM**-1),CDDHD
MODE,129,FREQUENCY=,1305.91152,(CM**-1),CDDHD
MODE,130,FREQUENCY=,1309.62857,(CM**-1),CDDHD
MODE,131,FREQUENCY=,1318.01859,(CM**-1),CDDHD
MODE,132,FREQUENCY=,1356.78830,(CM**-1),CDDHD
MODE,133,FREQUENCY=,1361.82213,(CM**-1),CDDHD
MODE,134,FREQUENCY=,1367.62184,(CM**-1),CDDHD
MODE,135,FREQUENCY=,1393.39526,(CM**-1),CDDHD
MODE,136,FREQUENCY=,1404.79065,(CM**-1),CDDHD
MODE,137,FREQUENCY=,1410.57185,(CM**-1),CDDHD
MODE,138,FREQUENCY=,1428.64004,(CM**-1),CDDHD
MODE,139,FREQUENCY=,1441.09519,(CM**-1),CDDHD
MODE,140,FREQUENCY=,1444.09851,(CM**-1),CDDHD
MODE,141,FREQUENCY=,1448.09759,(CM**-1),CDDHD
MODE,142,FREQUENCY=,1482.27032,(CM**-1),CDDHD
MODE,143,FREQUENCY=,1493.18880,(CM**-1),CDDHD
MODE,144,FREQUENCY=,1494.11740,(CM**-1),CDDHD
MODE,145,FREQUENCY=,1494.72917,(CM**-1),CDDHD
MODE,146,FREQUENCY=,1497.84402,(CM**-1),CDDHD
MODE,147,FREQUENCY=,1498.83923,(CM**-1),CDDHD
MODE,148,FREQUENCY=,1501.16847,(CM**-1),CDDHD
MODE,149,FREQUENCY=,1501.31485,(CM**-1),CDDHD
MODE,150,FREQUENCY=,1506.96186,(CM**-1),CDDHD
MODE,151,FREQUENCY=,1509.00762,(CM**-1),CDDHD
MODE,152,FREQUENCY=,1509.42695,(CM**-1),CDDHD
MODE,153,FREQUENCY=,1509.90144,(CM**-1),CDDHD
MODE,154,FREQUENCY=,1513.84444,(CM**-1),CDDHD
MODE,155,FREQUENCY=,1526.36168,(CM**-1),CDDHD
MODE,156,FREQUENCY=,1532.09342,(CM**-1),CDDHD
MODE,157,FREQUENCY=,1550.70581,(CM**-1),CDDHD
MODE,158,FREQUENCY=,1552.88656,(CM**-1),CDDHD
MODE,159,FREQUENCY=,1600.33989,(CM**-1),CDDHD
MODE,160,FREQUENCY=,1630.73913,(CM**-1),CDDHD
MODE,161,FREQUENCY=,1633.92772,(CM**-1),CDDHD
MODE,162,FREQUENCY=,1636.07607,(CM**-1),CDDHD
MODE,163,FREQUENCY=,1676.59603,(CM**-1),CDDHD
MODE,164,FREQUENCY=,1730.00538,(CM**-1),CDDHD
MODE,165,FREQUENCY=,1737.26696,(CM**-1),CDDHD
MODE,166,FREQUENCY=,2264.89857,(CM**-1),CDDHD
MODE,167,FREQUENCY=,2401.21834,(CM**-1),CDDHD
MODE,168,FREQUENCY=,3059.06013,(CM**-1),CDDHD
MODE,169,FREQUENCY=,3061.36370,(CM**-1),CDDHD
MODE,170,FREQUENCY=,3062.11047,(CM**-1),CDDHD
MODE,171,FREQUENCY=,3066.27374,(CM**-1),CDDHD
MODE,172,FREQUENCY=,3066.45704,(CM**-1),CDDHD
MODE,173,FREQUENCY=,3066.94660,(CM**-1),CDDHD
MODE,174,FREQUENCY=,3120.81972,(CM**-1),CDDHD
MODE,175,FREQUENCY=,3126.70959,(CM**-1),CDDHD
MODE,176,FREQUENCY=,3129.26876,(CM**-1),CDDHD
MODE,177,FREQUENCY=,3132.43928,(CM**-1),CDDHD
MODE,178,FREQUENCY=,3135.13209,(CM**-1),CDDHD
MODE,179,FREQUENCY=,3135.97695,(CM**-1),CDDHD
MODE,180,FREQUENCY=,3139.60684,(CM**-1),CDDHD
MODE,181,FREQUENCY=,3152.26749,(CM**-1),CDDHD
MODE,182,FREQUENCY=,3163.19914,(CM**-1),CDDHD
MODE,183,FREQUENCY=,3168.64618,(CM**-1),CDDHD
MODE,184,FREQUENCY=,3168.85908,(CM**-1),CDDHD
MODE,185,FREQUENCY=,3172.82030,(CM**-1),CDDHD
MODE,186,FREQUENCY=,3179.52059,(CM**-1),CDDHD
MODE,187,FREQUENCY=,3204.42691,(CM**-1),CDDHD
MODE,188,FREQUENCY=,3279.38943,(CM**-1),CDDHD
MODE,189,FREQUENCY=,3298.61060,(CM**-1),CDDHD
MODE,190,FREQUENCY=,3299.58558,(CM**-1),CDDHD
MODE,191,FREQUENCY=,3314.43898,(CM**-1),CDDHD
MODE,192,FREQUENCY=,3389.84322,(CM**-1),CDDHD
MODE,193,FREQUENCY=,3659.80878,(CM**-1),CDDHD
MODE,194,FREQUENCY=,3662.88136,(CM**-1),CDDHD
MODE,195,FREQUENCY=,3696.79547,(CM**-1),CDDHD
12-2-2-2-1,,,,,
MODE,1,FREQUENCY=,-1131.08163,(CM**-1),CDDDH
MODE,8,FREQUENCY=,23.50300,(CM**-1),CDDDH
MODE,9,FREQUENCY=,31.10270,(CM**-1),CDDDH
MODE,10,FREQUENCY=,32.76426,(CM**-1),CDDDH
MODE,11,FREQUENCY=,35.79653,(CM**-1),CDDDH
MODE,12,FREQUENCY=,42.77841,(CM**-1),CDDDH
MODE,13,FREQUENCY=,46.13989,(CM**-1),CDDDH
MODE,14,FREQUENCY=,49.48170,(CM**-1),CDDDH
MODE,15,FREQUENCY=,51.71628,(CM**-1),CDDDH
MODE,16,FREQUENCY=,53.46820,(CM**-1),CDDDH
MODE,17,FREQUENCY=,58.75048,(CM**-1),CDDDH
MODE,18,FREQUENCY=,61.18394,(CM**-1),CDDDH
MODE,19,FREQUENCY=,67.00200,(CM**-1),CDDDH
MODE,20,FREQUENCY=,70.79314,(CM**-1),CDDDH
MODE,21,FREQUENCY=,74.29906,(CM**-1),CDDDH
MODE,22,FREQUENCY=,76.02619,(CM**-1),CDDDH
MODE,23,FREQUENCY=,83.05969,(CM**-1),CDDDH
MODE,24,FREQUENCY=,88.97661,(CM**-1),CDDDH
MODE,25,FREQUENCY=,96.63157,(CM**-1),CDDDH
MODE,26,FREQUENCY=,97.38809,(CM**-1),CDDDH
MODE,27,FREQUENCY=,105.51400,(CM**-1),CDDDH
MODE,28,FREQUENCY=,111.40357,(CM**-1),CDDDH
MODE,29,FREQUENCY=,113.49537,(CM**-1),CDDDH
MODE,30,FREQUENCY=,115.64165,(CM**-1),CDDDH
MODE,31,FREQUENCY=,121.62518,(CM**-1),CDDDH
MODE,32,FREQUENCY=,124.45198,(CM**-1),CDDDH
MODE,33,FREQUENCY=,127.30519,(CM**-1),CDDDH
MODE,34,FREQUENCY=,137.33539,(CM**-1),CDDDH
MODE,35,FREQUENCY=,138.49645,(CM**-1),CDDDH
MODE,36,FREQUENCY=,148.37499,(CM**-1),CDDDH
MODE,37,FREQUENCY=,152.75069,(CM**-1),CDDDH
MODE,38,FREQUENCY=,156.98848,(CM**-1),CDDDH
MODE,39,FREQUENCY=,160.21349,(CM**-1),CDDDH
MODE,40,FREQUENCY=,164.97708,(CM**-1),CDDDH
MODE,41,FREQUENCY=,168.54519,(CM**-1),CDDDH
MODE,42,FREQUENCY=,172.77833,(CM**-1),CDDDH
MODE,43,FREQUENCY=,175.29154,(CM**-1),CDDDH
MODE,44,FREQUENCY=,182.45450,(CM**-1),CDDDH
MODE,45,FREQUENCY=,183.46092,(CM**-1),CDDDH
MODE,46,FREQUENCY=,197.72001,(CM**-1),CDDDH
MODE,47,FREQUENCY=,198.54233,(CM**-1),CDDDH
MODE,48,FREQUENCY=,207.01627,(CM**-1),CDDDH
MODE,49,FREQUENCY=,221.09627,(CM**-1),CDDDH
MODE,50,FREQUENCY=,227.79815,(CM**-1),CDDDH
MODE,51,FREQUENCY=,241.01307,(CM**-1),CDDDH
MODE,52,FREQUENCY=,250.03763,(CM**-1),CDDDH
MODE,53,FREQUENCY=,270.50189,(CM**-1),CDDDH
MODE,54,FREQUENCY=,275.95546,(CM**-1),CDDDH
MODE,55,FREQUENCY=,279.79930,(CM**-1),CDDDH
MODE,56,FREQUENCY=,299.30471,(CM**-1),CDDDH
MODE,57,FREQUENCY=,303.32797,(CM**-1),CDDDH
MODE,58,FREQUENCY=,317.23354,(CM**-1),CDDDH
MODE,59,FREQUENCY=,325.35624,(CM**-1),CDDDH
MODE,60,FREQUENCY=,328.29698,(CM**-1),CDDDH
MODE,61,FREQUENCY=,348.23045,(CM**-1),CDDDH
MODE,62,FREQUENCY=,357.13211,(CM**-1),CDDDH
MODE,63,FREQUENCY=,363.04890,(CM**-1),CDDDH
MODE,64,FREQUENCY=,372.78228,(CM**-1),CDDDH
MODE,65,FREQUENCY=,377.21996,(CM**-1),CDDDH
MODE,66,FREQUENCY=,415.48694,(CM**-1),CDDDH
MODE,67,FREQUENCY=,453.42394,(CM**-1),CDDDH
MODE,68,FREQUENCY=,492.10129,(CM**-1),CDDDH
MODE,69,FREQUENCY=,513.21880,(CM**-1),CDDDH
MODE,70,FREQUENCY=,523.06138,(CM**-1),CDDDH
MODE,71,FREQUENCY=,525.84206,(CM**-1),CDDDH
MODE,72,FREQUENCY=,534.94493,(CM**-1),CDDDH
MODE,73,FREQUENCY=,549.92747,(CM**-1),CDDDH
MODE,74,FREQUENCY=,569.11009,(CM**-1),CDDDH
MODE,75,FREQUENCY=,603.05818,(CM**-1),CDDDH
MODE,76,FREQUENCY=,614.65511,(CM**-1),CDDDH
MODE,77,FREQUENCY=,616.94758,(CM**-1),CDDDH
MODE,78,FREQUENCY=,618.01983,(CM**-1),CDDDH
MODE,79,FREQUENCY=,628.29125,(CM**-1),CDDDH
MODE,80,FREQUENCY=,636.29376,(CM**-1),CDDDH
MODE,81,FREQUENCY=,637.55601,(CM**-1),CDDDH
MODE,82,FREQUENCY=,649.13568,(CM**-1),CDDDH
MODE,83,FREQUENCY=,652.13628,(CM**-1),CDDDH
MODE,84,FREQUENCY=,663.71806,(CM**-1),CDDDH
MODE,85,FREQUENCY=,668.35328,(CM**-1),CDDDH
MODE,86,FREQUENCY=,669.77509,(CM**-1),CDDDH
MODE,87,FREQUENCY=,678.85970,(CM**-1),CDDDH
MODE,88,FREQUENCY=,680.39264,(CM**-1),CDDDH
MODE,89,FREQUENCY=,687.53953,(CM**-1),CDDDH
MODE,90,FREQUENCY=,722.75216,(CM**-1),CDDDH
MODE,91,FREQUENCY=,729.21505,(CM**-1),CDDDH
MODE,92,FREQUENCY=,747.81046,(CM**-1),CDDDH
MODE,93,FREQUENCY=,786.45855,(CM**-1),CDDDH
MODE,94,FREQUENCY=,819.06417,(CM**-1),CDDDH
MODE,95,FREQUENCY=,875.80599,(CM**-1),CDDDH
MODE,96,FREQUENCY=,924.90702,(CM**-1),CDDDH
MODE,97,FREQUENCY=,943.25142,(CM**-1),CDDDH
MODE,98,FREQUENCY=,947.07911,(CM**-1),CDDDH
MODE,99,FREQUENCY=,948.35726,(CM**-1),CDDDH
MODE,100,FREQUENCY=,951.51634,(CM**-1),CDDDH
MODE,101,FREQUENCY=,960.64421,(CM**-1),CDDDH
MODE,102,FREQUENCY=,983.74366,(CM**-1),CDDDH
MODE,103,FREQUENCY=,997.81537,(CM**-1),CDDDH
MODE,104,FREQUENCY=,1016.54278,(CM**-1),CDDDH
MODE,105,FREQUENCY=,1021.21278,(CM**-1),CDDDH
MODE,106,FREQUENCY=,1027.13305,(CM**-1),CDDDH
MODE,107,FREQUENCY=,1034.03972,(CM**-1),CDDDH
MODE,108,FREQUENCY=,1035.16347,(CM**-1),CDDDH
MODE,109,FREQUENCY=,1038.57571,(CM**-1),CDDDH
MODE,110,FREQUENCY=,1047.66234,(CM**-1),CDDDH
MODE,111,FREQUENCY=,1054.67346,(CM**-1),CDDDH
MODE,112,FREQUENCY=,1061.46455,(CM**-1),CDDDH
MODE,113,FREQUENCY=,1067.17330,(CM**-1),CDDDH
MODE,114,FREQUENCY=,1071.91547,(CM**-1),CDDDH
MODE,115,FREQUENCY=,1072.79718,(CM**-1),CDDDH
MODE,116,FREQUENCY=,1078.35287,(CM**-1),CDDDH
MODE,117,FREQUENCY=,1082.12650,(CM**-1),CDDDH
MODE,118,FREQUENCY=,1085.16625,(CM**-1),CDDDH
MODE,119,FREQUENCY=,1089.93966,(CM**-1),CDDDH
MODE,120,FREQUENCY=,1092.84564,(CM**-1),CDDDH
MODE,121,FREQUENCY=,1101.48631,(CM**-1),CDDDH
MODE,122,FREQUENCY=,1103.61728,(CM**-1),CDDDH
MODE,123,FREQUENCY=,1147.80702,(CM**-1),CDDDH
MODE,124,FREQUENCY=,1174.93022,(CM**-1),CDDDH
MODE,125,FREQUENCY=,1183.69555,(CM**-1),CDDDH
MODE,126,FREQUENCY=,1205.81172,(CM**-1),CDDDH
MODE,127,FREQUENCY=,1268.27102,(CM**-1),CDDDH
MODE,128,FREQUENCY=,1274.14327,(CM**-1),CDDDH
MODE,129,FREQUENCY=,1301.47998,(CM**-1),CDDDH
MODE,130,FREQUENCY=,1305.91660,(CM**-1),CDDDH
MODE,131,FREQUENCY=,1309.66717,(CM**-1),CDDDH
MODE,132,FREQUENCY=,1356.78850,(CM**-1),CDDDH
MODE,133,FREQUENCY=,1361.82218,(CM**-1),CDDDH
MODE,134,FREQUENCY=,1367.62517,(CM**-1),CDDDH
MODE,135,FREQUENCY=,1393.42000,(CM**-1),CDDDH
MODE,136,FREQUENCY=,1404.79933,(CM**-1),CDDDH
MODE,137,FREQUENCY=,1410.58333,(CM**-1),CDDDH
MODE,138,FREQUENCY=,1428.64239,(CM**-1),CDDDH
MODE,139,FREQUENCY=,1441.11716,(CM**-1),CDDDH
MODE,140,FREQUENCY=,1444.09889,(CM**-1),CDDDH
MODE,141,FREQUENCY=,1448.10303,(CM**-1),CDDDH
MODE,142,FREQUENCY=,1482.28615,(CM**-1),CDDDH
MODE,143,FREQUENCY=,1493.19063,(CM**-1),CDDDH
MODE,144,FREQUENCY=,1494.12203,(CM**-1),CDDDH
MODE,145,FREQUENCY=,1494.72916,(CM**-1),CDDDH
MODE,146,FREQUENCY=,1497.84404,(CM**-1),CDDDH
MODE,147,FREQUENCY=,1498.82112,(CM**-1),CDDDH
MODE,148,FREQUENCY=,1501.16881,(CM**-1),CDDDH
MODE,149,FREQUENCY=,1501.31174,(CM**-1),CDDDH
MODE,150,FREQUENCY=,1506.96318,(CM**-1),CDDDH
MODE,151,FREQUENCY=,1509.00814,(CM**-1),CDDDH
MODE,152,FREQUENCY=,1509.42852,(CM**-1),CDDDH
MODE,153,FREQUENCY=,1509.90026,(CM**-1),CDDDH
MODE,154,FREQUENCY=,1513.85241,(CM**-1),CDDDH
MODE,155,FREQUENCY=,1526.36407,(CM**-1),CDDDH
MODE,156,FREQUENCY=,1532.09358,(CM**-1),CDDDH
MODE,157,FREQUENCY=,1550.70718,(CM**-1),CDDDH
MODE,158,FREQUENCY=,1552.89851,(CM**-1),CDDDH
MODE,159,FREQUENCY=,1600.36317,(CM**-1),CDDDH
MODE,160,FREQUENCY=,1630.75907,(CM**-1),CDDDH
MODE,161,FREQUENCY=,1633.93072,(CM**-1),CDDDH
MODE,162,FREQUENCY=,1636.09311,(CM**-1),CDDDH
MODE,163,FREQUENCY=,1676.59792,(CM**-1),CDDDH
MODE,164,FREQUENCY=,1730.00628,(CM**-1),CDDDH
MODE,165,FREQUENCY=,1737.27854,(CM**-1),CDDDH
MODE,166,FREQUENCY=,2202.22010,(CM**-1),CDDDH
MODE,167,FREQUENCY=,2391.26322,(CM**-1),CDDDH
MODE,168,FREQUENCY=,2404.36208,(CM**-1),CDDDH
MODE,169,FREQUENCY=,3059.06040,(CM**-1),CDDDH
MODE,170,FREQUENCY=,3061.36373,(CM**-1),CDDDH
MODE,171,FREQUENCY=,3062.11057,(CM**-1),CDDDH
MODE,172,FREQUENCY=,3066.27381,(CM**-1),CDDDH
MODE,173,FREQUENCY=,3066.45706,(CM**-1),CDDDH
MODE,174,FREQUENCY=,3066.94664,(CM**-1),CDDDH
MODE,175,FREQUENCY=,3120.82019,(CM**-1),CDDDH
MODE,176,FREQUENCY=,3126.70959,(CM**-1),CDDDH
MODE,177,FREQUENCY=,3129.26882,(CM**-1),CDDDH
MODE,178,FREQUENCY=,3132.43941,(CM**-1),CDDDH
MODE,179,FREQUENCY=,3135.13211,(CM**-1),CDDDH
MODE,180,FREQUENCY=,3135.97701,(CM**-1),CDDDH
MODE,181,FREQUENCY=,3139.60687,(CM**-1),CDDDH
MODE,182,FREQUENCY=,3152.26754,(CM**-1),CDDDH
MODE,183,FREQUENCY=,3163.20056,(CM**-1),CDDDH
MODE,184,FREQUENCY=,3168.64655,(CM**-1),CDDDH
MODE,185,FREQUENCY=,3168.85913,(CM**-1),CDDDH
MODE,186,FREQUENCY=,3172.82054,(CM**-1),CDDDH
MODE,187,FREQUENCY=,3204.49419,(CM**-1),CDDDH
MODE,188,FREQUENCY=,3279.38961,(CM**-1),CDDDH
MODE,189,FREQUENCY=,3298.61061,(CM**-1),CDDDH
MODE,190,FREQUENCY=,3299.58559,(CM**-1),CDDDH
MODE,191,FREQUENCY=,3314.43915,(CM**-1),CDDDH
MODE,192,FREQUENCY=,3389.84430,(CM**-1),CDDDH
MODE,193,FREQUENCY=,3659.80885,(CM**-1),CDDDH
MODE,194,FREQUENCY=,3662.88139,(CM**-1),CDDDH
MODE,195,FREQUENCY=,3696.79558,(CM**-1),CDDDH
12-2-2-2-2,,,,,
MODE,1,FREQUENCY=,-869.39447,(CM**-1),CDDDD
MODE,8,FREQUENCY=,23.46688,(CM**-1),CDDDD
MODE,9,FREQUENCY=,31.06088,(CM**-1),CDDDD
MODE,10,FREQUENCY=,32.75645,(CM**-1),CDDDD
MODE,11,FREQUENCY=,35.77027,(CM**-1),CDDDD
MODE,12,FREQUENCY=,42.77649,(CM**-1),CDDDD
MODE,13,FREQUENCY=,46.13768,(CM**-1),CDDDD
MODE,14,FREQUENCY=,49.47727,(CM**-1),CDDDD
MODE,15,FREQUENCY=,51.70385,(CM**-1),CDDDD
MODE,16,FREQUENCY=,53.46515,(CM**-1),CDDDD
MODE,17,FREQUENCY=,58.73817,(CM**-1),CDDDD
MODE,18,FREQUENCY=,61.06525,(CM**-1),CDDDD
MODE,19,FREQUENCY=,66.98085,(CM**-1),CDDDD
MODE,20,FREQUENCY=,70.78276,(CM**-1),CDDDD
MODE,21,FREQUENCY=,74.24524,(CM**-1),CDDDD
MODE,22,FREQUENCY=,76.01884,(CM**-1),CDDDD
MODE,23,FREQUENCY=,83.04804,(CM**-1),CDDDD
MODE,24,FREQUENCY=,88.97337,(CM**-1),CDDDD
MODE,25,FREQUENCY=,96.63042,(CM**-1),CDDDD
MODE,26,FREQUENCY=,97.38524,(CM**-1),CDDDD
MODE,27,FREQUENCY=,105.41740,(CM**-1),CDDDD
MODE,28,FREQUENCY=,111.39794,(CM**-1),CDDDD
MODE,29,FREQUENCY=,113.48203,(CM**-1),CDDDD
MODE,30,FREQUENCY=,115.64128,(CM**-1),CDDDD
MODE,31,FREQUENCY=,121.62392,(CM**-1),CDDDD
MODE,32,FREQUENCY=,124.44084,(CM**-1),CDDDD
MODE,33,FREQUENCY=,127.29511,(CM**-1),CDDDD
MODE,34,FREQUENCY=,137.31961,(CM**-1),CDDDD
MODE,35,FREQUENCY=,138.45397,(CM**-1),CDDDD
MODE,36,FREQUENCY=,148.31888,(CM**-1),CDDDD
MODE,37,FREQUENCY=,152.33532,(CM**-1),CDDDD
MODE,38,FREQUENCY=,156.90124,(CM**-1),CDDDD
MODE,39,FREQUENCY=,160.10475,(CM**-1),CDDDD
MODE,40,FREQUENCY=,164.93985,(CM**-1),CDDDD
MODE,41,FREQUENCY=,168.52913,(CM**-1),CDDDD
MODE,42,FREQUENCY=,172.76027,(CM**-1),CDDDD
MODE,43,FREQUENCY=,175.24529,(CM**-1),CDDDD
MODE,44,FREQUENCY=,182.09839,(CM**-1),CDDDD
MODE,45,FREQUENCY=,183.41910,(CM**-1),CDDDD
MODE,46,FREQUENCY=,197.70544,(CM**-1),CDDDD
MODE,47,FREQUENCY=,198.38356,(CM**-1),CDDDD
MODE,48,FREQUENCY=,206.82581,(CM**-1),CDDDD
MODE,49,FREQUENCY=,220.41196,(CM**-1),CDDDD
MODE,50,FREQUENCY=,227.68208,(CM**-1),CDDDD
MODE,51,FREQUENCY=,233.40595,(CM**-1),CDDDD
MODE,52,FREQUENCY=,248.86626,(CM**-1),CDDDD
MODE,53,FREQUENCY=,269.39204,(CM**-1),CDDDD
MODE,54,FREQUENCY=,275.86444,(CM**-1),CDDDD
MODE,55,FREQUENCY=,279.71936,(CM**-1),CDDDD
MODE,56,FREQUENCY=,283.58412,(CM**-1),CDDDD
MODE,57,FREQUENCY=,297.34794,(CM**-1),CDDDD
MODE,58,FREQUENCY=,310.34668,(CM**-1),CDDDD
MODE,59,FREQUENCY=,325.27801,(CM**-1),CDDDD
MODE,60,FREQUENCY=,328.10183,(CM**-1),CDDDD
MODE,61,FREQUENCY=,345.20493,(CM**-1),CDDDD
MODE,62,FREQUENCY=,353.40087,(CM**-1),CDDDD
MODE,63,FREQUENCY=,361.76274,(CM**-1),CDDDD
MODE,64,FREQUENCY=,372.76953,(CM**-1),CDDDD
MODE,65,FREQUENCY=,374.88472,(CM**-1),CDDDD
MODE,66,FREQUENCY=,411.48295,(CM**-1),CDDDD
MODE,67,FREQUENCY=,453.40915,(CM**-1),CDDDD
MODE,68,FREQUENCY=,492.09639,(CM**-1),CDDDD
MODE,69,FREQUENCY=,513.16677,(CM**-1),CDDDD
MODE,70,FREQUENCY=,523.05104,(CM**-1),CDDDD
MODE,71,FREQUENCY=,525.83224,(CM**-1),CDDDD
MODE,72,FREQUENCY=,534.94355,(CM**-1),CDDDD
MODE,73,FREQUENCY=,549.87178,(CM**-1),CDDDD
MODE,74,FREQUENCY=,569.10436,(CM**-1),CDDDD
MODE,75,FREQUENCY=,603.05539,(CM**-1),CDDDD
MODE,76,FREQUENCY=,614.65278,(CM**-1),CDDDD
MODE,77,FREQUENCY=,616.93313,(CM**-1),CDDDD
MODE,78,FREQUENCY=,618.01623,(CM**-1),CDDDD
MODE,79,FREQUENCY=,628.27828,(CM**-1),CDDDD
MODE,80,FREQUENCY=,636.29081,(CM**-1),CDDDD
MODE,81,FREQUENCY=,637.54241,(CM**-1),CDDDD
MODE,82,FREQUENCY=,649.13466,(CM**-1),CDDDD
MODE,83,FREQUENCY=,652.13611,(CM**-1),CDDDD
MODE,84,FREQUENCY=,663.50445,(CM**-1),CDDDD
MODE,85,FREQUENCY=,668.35054,(CM**-1),CDDDD
MODE,86,FREQUENCY=,669.74041,(CM**-1),CDDDD
MODE,87,FREQUENCY=,678.84370,(CM**-1),CDDDD
MODE,88,FREQUENCY=,680.12179,(CM**-1),CDDDD
MODE,89,FREQUENCY=,687.52359,(CM**-1),CDDDD
MODE,90,FREQUENCY=,718.53985,(CM**-1),CDDDD
MODE,91,FREQUENCY=,722.75305,(CM**-1),CDDDD
MODE,92,FREQUENCY=,729.21892,(CM**-1),CDDDD
MODE,93,FREQUENCY=,786.18860,(CM**-1),CDDDD
MODE,94,FREQUENCY=,819.05332,(CM**-1),CDDDD
MODE,95,FREQUENCY=,842.27091,(CM**-1),CDDDD
MODE,96,FREQUENCY=,875.80362,(CM**-1),CDDDD
MODE,97,FREQUENCY=,883.07349,(CM**-1),CDDDD
MODE,98,FREQUENCY=,924.93544,(CM**-1),CDDDD
MODE,99,FREQUENCY=,943.23004,(CM**-1),CDDDD
MODE,100,FREQUENCY=,947.06341,(CM**-1),CDDDD
MODE,101,FREQUENCY=,948.35369,(CM**-1),CDDDD
MODE,102,FREQUENCY=,951.51357,(CM**-1),CDDDD
MODE,103,FREQUENCY=,955.01300,(CM**-1),CDDDD
MODE,104,FREQUENCY=,960.78592,(CM**-1),CDDDD
MODE,105,FREQUENCY=,997.40080,(CM**-1),CDDDD
MODE,106,FREQUENCY=,1016.54277,(CM**-1),CDDDD
MODE,107,FREQUENCY=,1021.19509,(CM**-1),CDDDD
MODE,108,FREQUENCY=,1027.13010,(CM**-1),CDDDD
MODE,109,FREQUENCY=,1034.06992,(CM**-1),CDDDD
MODE,110,FREQUENCY=,1035.17130,(CM**-1),CDDDD
MODE,111,FREQUENCY=,1038.59901,(CM**-1),CDDDD
MODE,112,FREQUENCY=,1047.67108,(CM**-1),CDDDD
MODE,113,FREQUENCY=,1054.68246,(CM**-1),CDDDD
MODE,114,FREQUENCY=,1064.05381,(CM**-1),CDDDD
MODE,115,FREQUENCY=,1069.36837,(CM**-1),CDDDD
MODE,116,FREQUENCY=,1072.14886,(CM**-1),CDDDD
MODE,117,FREQUENCY=,1077.94666,(CM**-1),CDDDD
MODE,118,FREQUENCY=,1081.90474,(CM**-1),CDDDD
MODE,119,FREQUENCY=,1085.15364,(CM**-1),CDDDD
MODE,120,FREQUENCY=,1089.93963,(CM**-1),CDDDD
MODE,121,FREQUENCY=,1092.84706,(CM**-1),CDDDD
MODE,122,FREQUENCY=,1101.48242,(CM**-1),CDDDD
MODE,123,FREQUENCY=,1103.61716,(CM**-1),CDDDD
MODE,124,FREQUENCY=,1174.90473,(CM**-1),CDDDD
MODE,125,FREQUENCY=,1183.69526,(CM**-1),CDDDD
MODE,126,FREQUENCY=,1205.76486,(CM**-1),CDDDD
MODE,127,FREQUENCY=,1268.26972,(CM**-1),CDDDD
MODE,128,FREQUENCY=,1274.14280,(CM**-1),CDDDD
MODE,129,FREQUENCY=,1301.47044,(CM**-1),CDDDD
MODE,130,FREQUENCY=,1305.91151,(CM**-1),CDDDD
MODE,131,FREQUENCY=,1309.60858,(CM**-1),CDDDD
MODE,132,FREQUENCY=,1356.78824,(CM**-1),CDDDD
MODE,133,FREQUENCY=,1361.82210,(CM**-1),CDDDD
MODE,134,FREQUENCY=,1367.59624,(CM**-1),CDDDD
MODE,135,FREQUENCY=,1393.39298,(CM**-1),CDDDD
MODE,136,FREQUENCY=,1404.78921,(CM**-1),CDDDD
MODE,137,FREQUENCY=,1410.57172,(CM**-1),CDDDD
MODE,138,FREQUENCY=,1428.63739,(CM**-1),CDDDD
MODE,139,FREQUENCY=,1441.09493,(CM**-1),CDDDD
MODE,140,FREQUENCY=,1444.09849,(CM**-1),CDDDD
MODE,141,FREQUENCY=,1448.09726,(CM**-1),CDDDD
MODE,142,FREQUENCY=,1482.26672,(CM**-1),CDDDD
MODE,143,FREQUENCY=,1493.18847,(CM**-1),CDDDD
MODE,144,FREQUENCY=,1494.11581,(CM**-1),CDDDD
MODE,145,FREQUENCY=,1494.72907,(CM**-1),CDDDD
MODE,146,FREQUENCY=,1497.84401,(CM**-1),CDDDD
MODE,147,FREQUENCY=,1498.80761,(CM**-1),CDDDD
MODE,148,FREQUENCY=,1501.16841,(CM**-1),CDDDD
MODE,149,FREQUENCY=,1501.31116,(CM**-1),CDDDD
MODE,150,FREQUENCY=,1506.96185,(CM**-1),CDDDD
MODE,151,FREQUENCY=,1509.00745,(CM**-1),CDDDD
MODE,152,FREQUENCY=,1509.42605,(CM**-1),CDDDD
MODE,153,FREQUENCY=,1509.89980,(CM**-1),CDDDD
MODE,154,FREQUENCY=,1513.84415,(CM**-1),CDDDD
MODE,155,FREQUENCY=,1526.36152,(CM**-1),CDDDD
MODE,156,FREQUENCY=,1532.09334,(CM**-1),CDDDD
MODE,157,FREQUENCY=,1550.70577,(CM**-1),CDDDD
MODE,158,FREQUENCY=,1552.88560,(CM**-1),CDDDD
MODE,159,FREQUENCY=,1600.32365,(CM**-1),CDDDD
MODE,160,FREQUENCY=,1630.73695,(CM**-1),CDDDD
MODE,161,FREQUENCY=,1633.92752,(CM**-1),CDDDD
MODE,162,FREQUENCY=,1636.07409,(CM**-1),CDDDD
MODE,163,FREQUENCY=,1676.59477,(CM**-1),CDDDD
MODE,164,FREQUENCY=,1730.00534,(CM**-1),CDDDD
MODE,165,FREQUENCY=,1737.26550,(CM**-1),CDDDD
MODE,166,FREQUENCY=,2202.00612,(CM**-1),CDDDD
MODE,167,FREQUENCY=,2391.21299,(CM**-1),CDDDD
MODE,168,FREQUENCY=,2404.32242,(CM**-1),CDDDD
MODE,169,FREQUENCY=,3059.06009,(CM**-1),CDDDD
MODE,170,FREQUENCY=,3061.36370,(CM**-1),CDDDD
MODE,171,FREQUENCY=,3062.11048,(CM**-1),CDDDD
MODE,172,FREQUENCY=,3066.27374,(CM**-1),CDDDD
MODE,173,FREQUENCY=,3066.45704,(CM**-1),CDDDD
MODE,174,FREQUENCY=,3066.94660,(CM**-1),CDDDD
MODE,175,FREQUENCY=,3120.82011,(CM**-1),CDDDD
MODE,176,FREQUENCY=,3126.70959,(CM**-1),CDDDD
MODE,177,FREQUENCY=,3129.26876,(CM**-1),CDDDD
MODE,178,FREQUENCY=,3132.43934,(CM**-1),CDDDD
MODE,179,FREQUENCY=,3135.13211,(CM**-1),CDDDD
MODE,180,FREQUENCY=,3135.97698,(CM**-1),CDDDD
MODE,181,FREQUENCY=,3139.60685,(CM**-1),CDDDD
MODE,182,FREQUENCY=,3152.26753,(CM**-1),CDDDD
MODE,183,FREQUENCY=,3163.20024,(CM**-1),CDDDD
MODE,184,FREQUENCY=,3168.64649,(CM**-1),CDDDD
MODE,185,FREQUENCY=,3168.85911,(CM**-1),CDDDD
MODE,186,FREQUENCY=,3172.82052,(CM**-1),CDDDD
MODE,187,FREQUENCY=,3204.42176,(CM**-1),CDDDD
MODE,188,FREQUENCY=,3279.38943,(CM**-1),CDDDD
MODE,189,FREQUENCY=,3298.61060,(CM**-1),CDDDD
MODE,190,FREQUENCY=,3299.58558,(CM**-1),CDDDD
MODE,191,FREQUENCY=,3314.43898,(CM**-1),CDDDD
MODE,192,FREQUENCY=,3389.84293,(CM**-1),CDDDD
MODE,193,FREQUENCY=,3659.80877,(CM**-1),CDDDD
MODE,194,FREQUENCY=,3662.88136,(CM**-1),CDDDD
MODE,195,FREQUENCY=,3696.79543,(CM**-1),CDDDD
13-1-1-1-1,,,,,
MODE,1,FREQUENCY=,-1162.62550,(CM**-1),QHHHH
MODE,8,FREQUENCY=,23.99598,(CM**-1),QHHHH
MODE,9,FREQUENCY=,32.08274,(CM**-1),QHHHH
MODE,10,FREQUENCY=,32.96613,(CM**-1),QHHHH
MODE,11,FREQUENCY=,36.46339,(CM**-1),QHHHH
MODE,12,FREQUENCY=,42.84704,(CM**-1),QHHHH
MODE,13,FREQUENCY=,46.17407,(CM**-1),QHHHH
MODE,14,FREQUENCY=,49.57254,(CM**-1),QHHHH
MODE,15,FREQUENCY=,51.92700,(CM**-1),QHHHH
MODE,16,FREQUENCY=,53.49286,(CM**-1),QHHHH
MODE,17,FREQUENCY=,58.98625,(CM**-1),QHHHH
MODE,18,FREQUENCY=,65.01359,(CM**-1),QHHHH
MODE,19,FREQUENCY=,67.55506,(CM**-1),QHHHH
MODE,20,FREQUENCY=,74.85257,(CM**-1),QHHHH
MODE,21,FREQUENCY=,76.45449,(CM**-1),QHHHH
MODE,22,FREQUENCY=,83.06096,(CM**-1),QHHHH
MODE,23,FREQUENCY=,89.02393,(CM**-1),QHHHH
MODE,24,FREQUENCY=,90.32815,(CM**-1),QHHHH
MODE,25,FREQUENCY=,96.75227,(CM**-1),QHHHH
MODE,26,FREQUENCY=,102.21943,(CM**-1),QHHHH
MODE,27,FREQUENCY=,107.29989,(CM**-1),QHHHH
MODE,28,FREQUENCY=,112.43112,(CM**-1),QHHHH
MODE,29,FREQUENCY=,114.21548,(CM**-1),QHHHH
MODE,30,FREQUENCY=,115.66544,(CM**-1),QHHHH
MODE,31,FREQUENCY=,122.18438,(CM**-1),QHHHH
MODE,32,FREQUENCY=,124.60115,(CM**-1),QHHHH
MODE,33,FREQUENCY=,127.31412,(CM**-1),QHHHH
MODE,34,FREQUENCY=,137.35460,(CM**-1),QHHHH
MODE,35,FREQUENCY=,138.53753,(CM**-1),QHHHH
MODE,36,FREQUENCY=,148.45546,(CM**-1),QHHHH
MODE,37,FREQUENCY=,153.45095,(CM**-1),QHHHH
MODE,38,FREQUENCY=,157.13948,(CM**-1),QHHHH
MODE,39,FREQUENCY=,160.35638,(CM**-1),QHHHH
MODE,40,FREQUENCY=,165.03316,(CM**-1),QHHHH
MODE,41,FREQUENCY=,168.57417,(CM**-1),QHHHH
MODE,42,FREQUENCY=,172.81930,(CM**-1),QHHHH
MODE,43,FREQUENCY=,175.35857,(CM**-1),QHHHH
MODE,44,FREQUENCY=,183.00927,(CM**-1),QHHHH
MODE,45,FREQUENCY=,183.83303,(CM**-1),QHHHH
MODE,46,FREQUENCY=,197.74272,(CM**-1),QHHHH
MODE,47,FREQUENCY=,199.21238,(CM**-1),QHHHH
MODE,48,FREQUENCY=,207.20257,(CM**-1),QHHHH
MODE,49,FREQUENCY=,221.43932,(CM**-1),QHHHH
MODE,50,FREQUENCY=,228.32221,(CM**-1),QHHHH
MODE,51,FREQUENCY=,245.54050,(CM**-1),QHHHH
MODE,52,FREQUENCY=,252.26725,(CM**-1),QHHHH
MODE,53,FREQUENCY=,271.17863,(CM**-1),QHHHH
MODE,54,FREQUENCY=,276.00158,(CM**-1),QHHHH
MODE,55,FREQUENCY=,279.85766,(CM**-1),QHHHH
MODE,56,FREQUENCY=,306.03631,(CM**-1),QHHHH
MODE,57,FREQUENCY=,324.23874,(CM**-1),QHHHH
MODE,58,FREQUENCY=,326.32835,(CM**-1),QHHHH
MODE,59,FREQUENCY=,328.41635,(CM**-1),QHHHH
MODE,60,FREQUENCY=,351.71477,(CM**-1),QHHHH
MODE,61,FREQUENCY=,358.68656,(CM**-1),QHHHH
MODE,62,FREQUENCY=,368.49179,(CM**-1),QHHHH
MODE,63,FREQUENCY=,372.58385,(CM**-1),QHHHH
MODE,64,FREQUENCY=,375.16878,(CM**-1),QHHHH
MODE,65,FREQUENCY=,389.39107,(CM**-1),QHHHH
MODE,66,FREQUENCY=,453.13947,(CM**-1),QHHHH
MODE,67,FREQUENCY=,482.41924,(CM**-1),QHHHH
MODE,68,FREQUENCY=,492.14182,(CM**-1),QHHHH
MODE,69,FREQUENCY=,513.38807,(CM**-1),QHHHH
MODE,70,FREQUENCY=,523.18230,(CM**-1),QHHHH
MODE,71,FREQUENCY=,526.02509,(CM**-1),QHHHH
MODE,72,FREQUENCY=,534.96618,(CM**-1),QHHHH
MODE,73,FREQUENCY=,550.16726,(CM**-1),QHHHH
MODE,74,FREQUENCY=,569.12080,(CM**-1),QHHHH
MODE,75,FREQUENCY=,603.06122,(CM**-1),QHHHH
MODE,76,FREQUENCY=,614.65890,(CM**-1),QHHHH
MODE,77,FREQUENCY=,616.97689,(CM**-1),QHHHH
MODE,78,FREQUENCY=,618.03705,(CM**-1),QHHHH
MODE,79,FREQUENCY=,628.29217,(CM**-1),QHHHH
MODE,80,FREQUENCY=,636.30210,(CM**-1),QHHHH
MODE,81,FREQUENCY=,637.57048,(CM**-1),QHHHH
MODE,82,FREQUENCY=,649.13571,(CM**-1),QHHHH
MODE,83,FREQUENCY=,652.13640,(CM**-1),QHHHH
MODE,84,FREQUENCY=,663.71866,(CM**-1),QHHHH
MODE,85,FREQUENCY=,668.35379,(CM**-1),QHHHH
MODE,86,FREQUENCY=,669.77876,(CM**-1),QHHHH
MODE,87,FREQUENCY=,678.85861,(CM**-1),QHHHH
MODE,88,FREQUENCY=,680.40606,(CM**-1),QHHHH
MODE,89,FREQUENCY=,687.54037,(CM**-1),QHHHH
MODE,90,FREQUENCY=,722.75217,(CM**-1),QHHHH
MODE,91,FREQUENCY=,729.21475,(CM**-1),QHHHH
MODE,92,FREQUENCY=,744.58252,(CM**-1),QHHHH
MODE,93,FREQUENCY=,786.40247,(CM**-1),QHHHH
MODE,94,FREQUENCY=,819.06373,(CM**-1),QHHHH
MODE,95,FREQUENCY=,875.80673,(CM**-1),QHHHH
MODE,96,FREQUENCY=,924.91400,(CM**-1),QHHHH
MODE,97,FREQUENCY=,943.29128,(CM**-1),QHHHH
MODE,98,FREQUENCY=,947.08937,(CM**-1),QHHHH
MODE,99,FREQUENCY=,948.36087,(CM**-1),QHHHH
MODE,100,FREQUENCY=,951.51667,(CM**-1),QHHHH
MODE,101,FREQUENCY=,960.64749,(CM**-1),QHHHH
MODE,102,FREQUENCY=,997.34273,(CM**-1),QHHHH
MODE,103,FREQUENCY=,1016.53900,(CM**-1),QHHHH
MODE,104,FREQUENCY=,1021.20208,(CM**-1),QHHHH
MODE,105,FREQUENCY=,1027.13055,(CM**-1),QHHHH
MODE,106,FREQUENCY=,1034.07002,(CM**-1),QHHHH
MODE,107,FREQUENCY=,1035.18138,(CM**-1),QHHHH
MODE,108,FREQUENCY=,1038.58331,(CM**-1),QHHHH
MODE,109,FREQUENCY=,1047.66647,(CM**-1),QHHHH
MODE,110,FREQUENCY=,1054.67092,(CM**-1),QHHHH
MODE,111,FREQUENCY=,1072.11858,(CM**-1),QHHHH
MODE,112,FREQUENCY=,1077.86601,(CM**-1),QHHHH
MODE,113,FREQUENCY=,1081.84613,(CM**-1),QHHHH
MODE,114,FREQUENCY=,1085.14866,(CM**-1),QHHHH
MODE,115,FREQUENCY=,1089.93953,(CM**-1),QHHHH
MODE,116,FREQUENCY=,1092.84631,(CM**-1),QHHHH
MODE,117,FREQUENCY=,1101.48321,(CM**-1),QHHHH
MODE,118,FREQUENCY=,1103.61797,(CM**-1),QHHHH
MODE,119,FREQUENCY=,1154.06746,(CM**-1),QHHHH
MODE,120,FREQUENCY=,1174.90413,(CM**-1),QHHHH
MODE,121,FREQUENCY=,1183.69578,(CM**-1),QHHHH
MODE,122,FREQUENCY=,1205.67493,(CM**-1),QHHHH
MODE,123,FREQUENCY=,1211.28871,(CM**-1),QHHHH
MODE,124,FREQUENCY=,1259.63594,(CM**-1),QHHHH
MODE,125,FREQUENCY=,1268.27446,(CM**-1),QHHHH
MODE,126,FREQUENCY=,1274.14413,(CM**-1),QHHHH
MODE,127,FREQUENCY=,1301.47750,(CM**-1),QHHHH
MODE,128,FREQUENCY=,1305.91532,(CM**-1),QHHHH
MODE,129,FREQUENCY=,1309.60588,(CM**-1),QHHHH
MODE,130,FREQUENCY=,1356.78850,(CM**-1),QHHHH
MODE,131,FREQUENCY=,1361.82212,(CM**-1),QHHHH
MODE,132,FREQUENCY=,1367.61851,(CM**-1),QHHHH
MODE,133,FREQUENCY=,1393.42119,(CM**-1),QHHHH
MODE,134,FREQUENCY=,1404.79353,(CM**-1),QHHHH
MODE,135,FREQUENCY=,1410.59027,(CM**-1),QHHHH
MODE,136,FREQUENCY=,1428.64079,(CM**-1),QHHHH
MODE,137,FREQUENCY=,1441.10633,(CM**-1),QHHHH
MODE,138,FREQUENCY=,1444.09721,(CM**-1),QHHHH
MODE,139,FREQUENCY=,1448.10333,(CM**-1),QHHHH
MODE,140,FREQUENCY=,1455.02597,(CM**-1),QHHHH
MODE,141,FREQUENCY=,1463.62479,(CM**-1),QHHHH
MODE,142,FREQUENCY=,1482.33386,(CM**-1),QHHHH
MODE,143,FREQUENCY=,1493.19551,(CM**-1),QHHHH
MODE,144,FREQUENCY=,1494.12813,(CM**-1),QHHHH
MODE,145,FREQUENCY=,1494.72993,(CM**-1),QHHHH
MODE,146,FREQUENCY=,1497.84412,(CM**-1),QHHHH
MODE,147,FREQUENCY=,1499.42002,(CM**-1),QHHHH
MODE,148,FREQUENCY=,1501.17086,(CM**-1),QHHHH
MODE,149,FREQUENCY=,1501.36665,(CM**-1),QHHHH
MODE,150,FREQUENCY=,1506.96390,(CM**-1),QHHHH
MODE,151,FREQUENCY=,1509.02054,(CM**-1),QHHHH
MODE,152,FREQUENCY=,1509.53593,(CM**-1),QHHHH
MODE,153,FREQUENCY=,1510.04562,(CM**-1),QHHHH
MODE,154,FREQUENCY=,1513.87007,(CM**-1),QHHHH
MODE,155,FREQUENCY=,1526.36651,(CM**-1),QHHHH
MODE,156,FREQUENCY=,1532.09437,(CM**-1),QHHHH
MODE,157,FREQUENCY=,1550.70750,(CM**-1),QHHHH
MODE,158,FREQUENCY=,1552.89948,(CM**-1),QHHHH
MODE,159,FREQUENCY=,1600.39612,(CM**-1),QHHHH
MODE,160,FREQUENCY=,1630.77180,(CM**-1),QHHHH
MODE,161,FREQUENCY=,1633.93189,(CM**-1),QHHHH
MODE,162,FREQUENCY=,1636.10493,(CM**-1),QHHHH
MODE,163,FREQUENCY=,1676.60049,(CM**-1),QHHHH
MODE,164,FREQUENCY=,1730.00684,(CM**-1),QHHHH
MODE,165,FREQUENCY=,1737.29422,(CM**-1),QHHHH
MODE,166,FREQUENCY=,3059.05881,(CM**-1),QHHHH
MODE,167,FREQUENCY=,3061.36370,(CM**-1),QHHHH
MODE,168,FREQUENCY=,3062.11040,(CM**-1),QHHHH
MODE,169,FREQUENCY=,3066.27372,(CM**-1),QHHHH
MODE,170,FREQUENCY=,3066.45703,(CM**-1),QHHHH
MODE,171,FREQUENCY=,3066.94661,(CM**-1),QHHHH
MODE,172,FREQUENCY=,3090.28989,(CM**-1),QHHHH
MODE,173,FREQUENCY=,3120.82170,(CM**-1),QHHHH
MODE,174,FREQUENCY=,3126.70959,(CM**-1),QHHHH
MODE,175,FREQUENCY=,3129.26886,(CM**-1),QHHHH
MODE,176,FREQUENCY=,3132.43941,(CM**-1),QHHHH
MODE,177,FREQUENCY=,3135.13210,(CM**-1),QHHHH
MODE,178,FREQUENCY=,3135.97700,(CM**-1),QHHHH
MODE,179,FREQUENCY=,3139.60686,(CM**-1),QHHHH
MODE,180,FREQUENCY=,3152.26755,(CM**-1),QHHHH
MODE,181,FREQUENCY=,3163.19941,(CM**-1),QHHHH
MODE,182,FREQUENCY=,3168.64655,(CM**-1),QHHHH
MODE,183,FREQUENCY=,3168.85909,(CM**-1),QHHHH
MODE,184,FREQUENCY=,3172.82052,(CM**-1),QHHHH
MODE,185,FREQUENCY=,3204.49025,(CM**-1),QHHHH
MODE,186,FREQUENCY=,3206.98582,(CM**-1),QHHHH
MODE,187,FREQUENCY=,3224.12998,(CM**-1),QHHHH
MODE,188,FREQUENCY=,3279.38964,(CM**-1),QHHHH
MODE,189,FREQUENCY=,3298.61061,(CM**-1),QHHHH
MODE,190,FREQUENCY=,3299.58559,(CM**-1),QHHHH
MODE,191,FREQUENCY=,3314.43917,(CM**-1),QHHHH
MODE,192,FREQUENCY=,3389.84464,(CM**-1),QHHHH
MODE,193,FREQUENCY=,3659.80886,(CM**-1),QHHHH
MODE,194,FREQUENCY=,3662.88139,(CM**-1),QHHHH
MODE,195,FREQUENCY=,3696.79566,(CM**-1),QHHHH
13-1-1-1-2,,,,,
MODE,1,FREQUENCY=,-890.06525,(CM**-1),QHHHD
MODE,8,FREQUENCY=,23.96206,(CM**-1),QHHHD
MODE,9,FREQUENCY=,32.04802,(CM**-1),QHHHD
MODE,10,FREQUENCY=,32.94436,(CM**-1),QHHHD
MODE,11,FREQUENCY=,36.40292,(CM**-1),QHHHD
MODE,12,FREQUENCY=,42.84311,(CM**-1),QHHHD
MODE,13,FREQUENCY=,46.17196,(CM**-1),QHHHD
MODE,14,FREQUENCY=,49.56884,(CM**-1),QHHHD
MODE,15,FREQUENCY=,51.91347,(CM**-1),QHHHD
MODE,16,FREQUENCY=,53.49038,(CM**-1),QHHHD
MODE,17,FREQUENCY=,58.98510,(CM**-1),QHHHD
MODE,18,FREQUENCY=,64.88776,(CM**-1),QHHHD
MODE,19,FREQUENCY=,67.51512,(CM**-1),QHHHD
MODE,20,FREQUENCY=,74.77496,(CM**-1),QHHHD
MODE,21,FREQUENCY=,76.40512,(CM**-1),QHHHD
MODE,22,FREQUENCY=,83.05286,(CM**-1),QHHHD
MODE,23,FREQUENCY=,89.02124,(CM**-1),QHHHD
MODE,24,FREQUENCY=,90.32713,(CM**-1),QHHHD
MODE,25,FREQUENCY=,96.75175,(CM**-1),QHHHD
MODE,26,FREQUENCY=,102.20992,(CM**-1),QHHHD
MODE,27,FREQUENCY=,107.21857,(CM**-1),QHHHD
MODE,28,FREQUENCY=,112.42906,(CM**-1),QHHHD
MODE,29,FREQUENCY=,114.19604,(CM**-1),QHHHD
MODE,30,FREQUENCY=,115.66504,(CM**-1),QHHHD
MODE,31,FREQUENCY=,122.18307,(CM**-1),QHHHD
MODE,32,FREQUENCY=,124.59379,(CM**-1),QHHHD
MODE,33,FREQUENCY=,127.30479,(CM**-1),QHHHD
MODE,34,FREQUENCY=,137.34270,(CM**-1),QHHHD
MODE,35,FREQUENCY=,138.50136,(CM**-1),QHHHD
MODE,36,FREQUENCY=,148.42165,(CM**-1),QHHHD
MODE,37,FREQUENCY=,153.14092,(CM**-1),QHHHD
MODE,38,FREQUENCY=,157.04498,(CM**-1),QHHHD
MODE,39,FREQUENCY=,160.26957,(CM**-1),QHHHD
MODE,40,FREQUENCY=,165.00061,(CM**-1),QHHHD
MODE,41,FREQUENCY=,168.56062,(CM**-1),QHHHD
MODE,42,FREQUENCY=,172.80368,(CM**-1),QHHHD
MODE,43,FREQUENCY=,175.31976,(CM**-1),QHHHD
MODE,44,FREQUENCY=,182.82312,(CM**-1),QHHHD
MODE,45,FREQUENCY=,183.65011,(CM**-1),QHHHD
MODE,46,FREQUENCY=,197.73433,(CM**-1),QHHHD
MODE,47,FREQUENCY=,199.01658,(CM**-1),QHHHD
MODE,48,FREQUENCY=,207.06858,(CM**-1),QHHHD
MODE,49,FREQUENCY=,221.22566,(CM**-1),QHHHD
MODE,50,FREQUENCY=,228.20917,(CM**-1),QHHHD
MODE,51,FREQUENCY=,242.52261,(CM**-1),QHHHD
MODE,52,FREQUENCY=,250.74673,(CM**-1),QHHHD
MODE,53,FREQUENCY=,270.74608,(CM**-1),QHHHD
MODE,54,FREQUENCY=,275.96945,(CM**-1),QHHHD
MODE,55,FREQUENCY=,279.83884,(CM**-1),QHHHD
MODE,56,FREQUENCY=,304.95819,(CM**-1),QHHHD
MODE,57,FREQUENCY=,315.96167,(CM**-1),QHHHD
MODE,58,FREQUENCY=,324.08253,(CM**-1),QHHHD
MODE,59,FREQUENCY=,325.82446,(CM**-1),QHHHD
MODE,60,FREQUENCY=,329.14961,(CM**-1),QHHHD
MODE,61,FREQUENCY=,355.31333,(CM**-1),QHHHD
MODE,62,FREQUENCY=,359.94661,(CM**-1),QHHHD
MODE,63,FREQUENCY=,365.91055,(CM**-1),QHHHD
MODE,64,FREQUENCY=,373.01439,(CM**-1),QHHHD
MODE,65,FREQUENCY=,382.21902,(CM**-1),QHHHD
MODE,66,FREQUENCY=,443.90303,(CM**-1),QHHHD
MODE,67,FREQUENCY=,454.01685,(CM**-1),QHHHD
MODE,68,FREQUENCY=,492.11315,(CM**-1),QHHHD
MODE,69,FREQUENCY=,513.18871,(CM**-1),QHHHD
MODE,70,FREQUENCY=,523.11083,(CM**-1),QHHHD
MODE,71,FREQUENCY=,525.93317,(CM**-1),QHHHD
MODE,72,FREQUENCY=,534.96435,(CM**-1),QHHHD
MODE,73,FREQUENCY=,550.13769,(CM**-1),QHHHD
MODE,74,FREQUENCY=,569.11913,(CM**-1),QHHHD
MODE,75,FREQUENCY=,603.05591,(CM**-1),QHHHD
MODE,76,FREQUENCY=,614.65764,(CM**-1),QHHHD
MODE,77,FREQUENCY=,616.96937,(CM**-1),QHHHD
MODE,78,FREQUENCY=,618.03643,(CM**-1),QHHHD
MODE,79,FREQUENCY=,628.28557,(CM**-1),QHHHD
MODE,80,FREQUENCY=,636.29549,(CM**-1),QHHHD
MODE,81,FREQUENCY=,637.55035,(CM**-1),QHHHD
MODE,82,FREQUENCY=,649.13473,(CM**-1),QHHHD
MODE,83,FREQUENCY=,652.13631,(CM**-1),QHHHD
MODE,84,FREQUENCY=,663.56717,(CM**-1),QHHHD
MODE,85,FREQUENCY=,668.35214,(CM**-1),QHHHD
MODE,86,FREQUENCY=,669.75619,(CM**-1),QHHHD
MODE,87,FREQUENCY=,678.84762,(CM**-1),QHHHD
MODE,88,FREQUENCY=,680.23403,(CM**-1),QHHHD
MODE,89,FREQUENCY=,687.52987,(CM**-1),QHHHD
MODE,90,FREQUENCY=,721.33788,(CM**-1),QHHHD
MODE,91,FREQUENCY=,722.75442,(CM**-1),QHHHD
MODE,92,FREQUENCY=,729.21994,(CM**-1),QHHHD
MODE,93,FREQUENCY=,786.18660,(CM**-1),QHHHD
MODE,94,FREQUENCY=,819.05692,(CM**-1),QHHHD
MODE,95,FREQUENCY=,875.80579,(CM**-1),QHHHD
MODE,96,FREQUENCY=,924.90280,(CM**-1),QHHHD
MODE,97,FREQUENCY=,943.28668,(CM**-1),QHHHD
MODE,98,FREQUENCY=,947.03153,(CM**-1),QHHHD
MODE,99,FREQUENCY=,948.35757,(CM**-1),QHHHD
MODE,100,FREQUENCY=,951.51356,(CM**-1),QHHHD
MODE,101,FREQUENCY=,960.51181,(CM**-1),QHHHD
MODE,102,FREQUENCY=,962.09291,(CM**-1),QHHHD
MODE,103,FREQUENCY=,987.20891,(CM**-1),QHHHD
MODE,104,FREQUENCY=,997.34031,(CM**-1),QHHHD
MODE,105,FREQUENCY=,1016.54245,(CM**-1),QHHHD
MODE,106,FREQUENCY=,1021.19579,(CM**-1),QHHHD
MODE,107,FREQUENCY=,1027.13024,(CM**-1),QHHHD
MODE,108,FREQUENCY=,1034.09005,(CM**-1),QHHHD
MODE,109,FREQUENCY=,1035.18539,(CM**-1),QHHHD
MODE,110,FREQUENCY=,1038.61035,(CM**-1),QHHHD
MODE,111,FREQUENCY=,1047.67716,(CM**-1),QHHHD
MODE,112,FREQUENCY=,1054.67090,(CM**-1),QHHHD
MODE,113,FREQUENCY=,1072.14107,(CM**-1),QHHHD
MODE,114,FREQUENCY=,1077.90567,(CM**-1),QHHHD
MODE,115,FREQUENCY=,1081.89159,(CM**-1),QHHHD
MODE,116,FREQUENCY=,1085.15306,(CM**-1),QHHHD
MODE,117,FREQUENCY=,1089.93947,(CM**-1),QHHHD
MODE,118,FREQUENCY=,1092.84718,(CM**-1),QHHHD
MODE,119,FREQUENCY=,1101.48214,(CM**-1),QHHHD
MODE,120,FREQUENCY=,1103.61668,(CM**-1),QHHHD
MODE,121,FREQUENCY=,1174.90231,(CM**-1),QHHHD
MODE,122,FREQUENCY=,1183.69436,(CM**-1),QHHHD
MODE,123,FREQUENCY=,1205.75176,(CM**-1),QHHHD
MODE,124,FREQUENCY=,1214.23933,(CM**-1),QHHHD
MODE,125,FREQUENCY=,1268.26953,(CM**-1),QHHHD
MODE,126,FREQUENCY=,1274.14282,(CM**-1),QHHHD
MODE,127,FREQUENCY=,1301.46363,(CM**-1),QHHHD
MODE,128,FREQUENCY=,1305.91111,(CM**-1),QHHHD
MODE,129,FREQUENCY=,1309.54737,(CM**-1),QHHHD
MODE,130,FREQUENCY=,1356.78824,(CM**-1),QHHHD
MODE,131,FREQUENCY=,1361.82204,(CM**-1),QHHHD
MODE,132,FREQUENCY=,1367.60444,(CM**-1),QHHHD
MODE,133,FREQUENCY=,1393.40426,(CM**-1),QHHHD
MODE,134,FREQUENCY=,1404.78658,(CM**-1),QHHHD
MODE,135,FREQUENCY=,1410.57253,(CM**-1),QHHHD
MODE,136,FREQUENCY=,1428.63735,(CM**-1),QHHHD
MODE,137,FREQUENCY=,1441.09068,(CM**-1),QHHHD
MODE,138,FREQUENCY=,1444.09613,(CM**-1),QHHHD
MODE,139,FREQUENCY=,1448.09924,(CM**-1),QHHHD
MODE,140,FREQUENCY=,1453.84705,(CM**-1),QHHHD
MODE,141,FREQUENCY=,1461.69139,(CM**-1),QHHHD
MODE,142,FREQUENCY=,1482.29327,(CM**-1),QHHHD
MODE,143,FREQUENCY=,1493.19170,(CM**-1),QHHHD
MODE,144,FREQUENCY=,1494.12323,(CM**-1),QHHHD
MODE,145,FREQUENCY=,1494.72975,(CM**-1),QHHHD
MODE,146,FREQUENCY=,1497.84409,(CM**-1),QHHHD
MODE,147,FREQUENCY=,1499.39335,(CM**-1),QHHHD
MODE,148,FREQUENCY=,1501.17021,(CM**-1),QHHHD
MODE,149,FREQUENCY=,1501.36205,(CM**-1),QHHHD
MODE,150,FREQUENCY=,1506.96238,(CM**-1),QHHHD
MODE,151,FREQUENCY=,1509.02011,(CM**-1),QHHHD
MODE,152,FREQUENCY=,1509.53467,(CM**-1),QHHHD
MODE,153,FREQUENCY=,1510.03977,(CM**-1),QHHHD
MODE,154,FREQUENCY=,1513.85951,(CM**-1),QHHHD
MODE,155,FREQUENCY=,1526.36359,(CM**-1),QHHHD
MODE,156,FREQUENCY=,1532.09400,(CM**-1),QHHHD
MODE,157,FREQUENCY=,1550.70610,(CM**-1),QHHHD
MODE,158,FREQUENCY=,1552.88900,(CM**-1),QHHHD
MODE,159,FREQUENCY=,1600.34827,(CM**-1),QHHHD
MODE,160,FREQUENCY=,1630.74733,(CM**-1),QHHHD
MODE,161,FREQUENCY=,1633.92887,(CM**-1),QHHHD
MODE,162,FREQUENCY=,1636.08312,(CM**-1),QHHHD
MODE,163,FREQUENCY=,1676.59656,(CM**-1),QHHHD
MODE,164,FREQUENCY=,1730.00579,(CM**-1),QHHHD
MODE,165,FREQUENCY=,1737.27900,(CM**-1),QHHHD
MODE,166,FREQUENCY=,3059.05846,(CM**-1),QHHHD
MODE,167,FREQUENCY=,3061.36367,(CM**-1),QHHHD
MODE,168,FREQUENCY=,3062.11030,(CM**-1),QHHHD
MODE,169,FREQUENCY=,3066.27365,(CM**-1),QHHHD
MODE,170,FREQUENCY=,3066.45700,(CM**-1),QHHHD
MODE,171,FREQUENCY=,3066.94658,(CM**-1),QHHHD
MODE,172,FREQUENCY=,3090.17899,(CM**-1),QHHHD
MODE,173,FREQUENCY=,3120.82168,(CM**-1),QHHHD
MODE,174,FREQUENCY=,3126.70959,(CM**-1),QHHHD
MODE,175,FREQUENCY=,3129.26881,(CM**-1),QHHHD
MODE,176,FREQUENCY=,3132.43936,(CM**-1),QHHHD
MODE,177,FREQUENCY=,3135.13210,(CM**-1),QHHHD
MODE,178,FREQUENCY=,3135.97697,(CM**-1),QHHHD
MODE,179,FREQUENCY=,3139.60684,(CM**-1),QHHHD
MODE,180,FREQUENCY=,3152.26755,(CM**-1),QHHHD
MODE,181,FREQUENCY=,3163.19913,(CM**-1),QHHHD
MODE,182,FREQUENCY=,3168.64650,(CM**-1),QHHHD
MODE,183,FREQUENCY=,3168.85908,(CM**-1),QHHHD
MODE,184,FREQUENCY=,3172.82050,(CM**-1),QHHHD
MODE,185,FREQUENCY=,3204.42034,(CM**-1),QHHHD
MODE,186,FREQUENCY=,3206.81329,(CM**-1),QHHHD
MODE,187,FREQUENCY=,3223.97818,(CM**-1),QHHHD
MODE,188,FREQUENCY=,3279.38946,(CM**-1),QHHHD
MODE,189,FREQUENCY=,3298.61061,(CM**-1),QHHHD
MODE,190,FREQUENCY=,3299.58558,(CM**-1),QHHHD
MODE,191,FREQUENCY=,3314.43900,(CM**-1),QHHHD
MODE,192,FREQUENCY=,3389.84328,(CM**-1),QHHHD
MODE,193,FREQUENCY=,3659.80878,(CM**-1),QHHHD
MODE,194,FREQUENCY=,3662.88137,(CM**-1),QHHHD
MODE,195,FREQUENCY=,3696.79551,(CM**-1),QHHHD
13-1-1-2-1,,,,,
MODE,1,FREQUENCY=,-1153.34150,(CM**-1),QHHDH
MODE,8,FREQUENCY=,23.68588,(CM**-1),QHHDH
MODE,9,FREQUENCY=,31.57964,(CM**-1),QHHDH
MODE,10,FREQUENCY=,32.83035,(CM**-1),QHHDH
MODE,11,FREQUENCY=,35.98688,(CM**-1),QHHDH
MODE,12,FREQUENCY=,42.79520,(CM**-1),QHHDH
MODE,13,FREQUENCY=,46.15714,(CM**-1),QHHDH
MODE,14,FREQUENCY=,49.52112,(CM**-1),QHHDH
MODE,15,FREQUENCY=,51.78618,(CM**-1),QHHDH
MODE,16,FREQUENCY=,53.48275,(CM**-1),QHHDH
MODE,17,FREQUENCY=,58.94853,(CM**-1),QHHDH
MODE,18,FREQUENCY=,64.31153,(CM**-1),QHHDH
MODE,19,FREQUENCY=,67.44958,(CM**-1),QHHDH
MODE,20,FREQUENCY=,73.81418,(CM**-1),QHHDH
MODE,21,FREQUENCY=,76.12583,(CM**-1),QHHDH
MODE,22,FREQUENCY=,83.00639,(CM**-1),QHHDH
MODE,23,FREQUENCY=,84.11152,(CM**-1),QHHDH
MODE,24,FREQUENCY=,89.04386,(CM**-1),QHHDH
MODE,25,FREQUENCY=,96.73352,(CM**-1),QHHDH
MODE,26,FREQUENCY=,99.37829,(CM**-1),QHHDH
MODE,27,FREQUENCY=,105.93584,(CM**-1),QHHDH
MODE,28,FREQUENCY=,111.73326,(CM**-1),QHHDH
MODE,29,FREQUENCY=,113.63637,(CM**-1),QHHDH
MODE,30,FREQUENCY=,115.66133,(CM**-1),QHHDH
MODE,31,FREQUENCY=,121.88566,(CM**-1),QHHDH
MODE,32,FREQUENCY=,124.54657,(CM**-1),QHHDH
MODE,33,FREQUENCY=,127.30551,(CM**-1),QHHDH
MODE,34,FREQUENCY=,137.34969,(CM**-1),QHHDH
MODE,35,FREQUENCY=,138.52624,(CM**-1),QHHDH
MODE,36,FREQUENCY=,148.42164,(CM**-1),QHHDH
MODE,37,FREQUENCY=,153.15850,(CM**-1),QHHDH
MODE,38,FREQUENCY=,157.03431,(CM**-1),QHHDH
MODE,39,FREQUENCY=,160.25732,(CM**-1),QHHDH
MODE,40,FREQUENCY=,165.02339,(CM**-1),QHHDH
MODE,41,FREQUENCY=,168.56225,(CM**-1),QHHDH
MODE,42,FREQUENCY=,172.80780,(CM**-1),QHHDH
MODE,43,FREQUENCY=,175.34783,(CM**-1),QHHDH
MODE,44,FREQUENCY=,182.74244,(CM**-1),QHHDH
MODE,45,FREQUENCY=,183.56278,(CM**-1),QHHDH
MODE,46,FREQUENCY=,197.74034,(CM**-1),QHHDH
MODE,47,FREQUENCY=,198.77122,(CM**-1),QHHDH
MODE,48,FREQUENCY=,207.11142,(CM**-1),QHHDH
MODE,49,FREQUENCY=,221.40180,(CM**-1),QHHDH
MODE,50,FREQUENCY=,228.02858,(CM**-1),QHHDH
MODE,51,FREQUENCY=,245.50959,(CM**-1),QHHDH
MODE,52,FREQUENCY=,251.30970,(CM**-1),QHHDH
MODE,53,FREQUENCY=,270.90714,(CM**-1),QHHDH
MODE,54,FREQUENCY=,275.96479,(CM**-1),QHHDH
MODE,55,FREQUENCY=,279.80141,(CM**-1),QHHDH
MODE,56,FREQUENCY=,306.01016,(CM**-1),QHHDH
MODE,57,FREQUENCY=,318.40582,(CM**-1),QHHDH
MODE,58,FREQUENCY=,324.94628,(CM**-1),QHHDH
MODE,59,FREQUENCY=,328.35250,(CM**-1),QHHDH
MODE,60,FREQUENCY=,342.05902,(CM**-1),QHHDH
MODE,61,FREQUENCY=,358.61425,(CM**-1),QHHDH
MODE,62,FREQUENCY=,367.87304,(CM**-1),QHHDH
MODE,63,FREQUENCY=,369.17802,(CM**-1),QHHDH
MODE,64,FREQUENCY=,373.56109,(CM**-1),QHHDH
MODE,65,FREQUENCY=,385.80322,(CM**-1),QHHDH
MODE,66,FREQUENCY=,431.51454,(CM**-1),QHHDH
MODE,67,FREQUENCY=,453.47757,(CM**-1),QHHDH
MODE,68,FREQUENCY=,492.11250,(CM**-1),QHHDH
MODE,69,FREQUENCY=,513.30596,(CM**-1),QHHDH
MODE,70,FREQUENCY=,523.08829,(CM**-1),QHHDH
MODE,71,FREQUENCY=,525.85781,(CM**-1),QHHDH
MODE,72,FREQUENCY=,534.95244,(CM**-1),QHHDH
MODE,73,FREQUENCY=,550.11867,(CM**-1),QHHDH
MODE,74,FREQUENCY=,569.11565,(CM**-1),QHHDH
MODE,75,FREQUENCY=,603.06037,(CM**-1),QHHDH
MODE,76,FREQUENCY=,614.65868,(CM**-1),QHHDH
MODE,77,FREQUENCY=,616.97416,(CM**-1),QHHDH
MODE,78,FREQUENCY=,618.03585,(CM**-1),QHHDH
MODE,79,FREQUENCY=,628.29060,(CM**-1),QHHDH
MODE,80,FREQUENCY=,636.30046,(CM**-1),QHHDH
MODE,81,FREQUENCY=,637.56434,(CM**-1),QHHDH
MODE,82,FREQUENCY=,649.13566,(CM**-1),QHHDH
MODE,83,FREQUENCY=,652.13634,(CM**-1),QHHDH
MODE,84,FREQUENCY=,663.70463,(CM**-1),QHHDH
MODE,85,FREQUENCY=,668.35361,(CM**-1),QHHDH
MODE,86,FREQUENCY=,669.77588,(CM**-1),QHHDH
MODE,87,FREQUENCY=,678.85805,(CM**-1),QHHDH
MODE,88,FREQUENCY=,680.37323,(CM**-1),QHHDH
MODE,89,FREQUENCY=,687.53934,(CM**-1),QHHDH
MODE,90,FREQUENCY=,722.75214,(CM**-1),QHHDH
MODE,91,FREQUENCY=,729.21467,(CM**-1),QHHDH
MODE,92,FREQUENCY=,743.93994,(CM**-1),QHHDH
MODE,93,FREQUENCY=,786.39907,(CM**-1),QHHDH
MODE,94,FREQUENCY=,819.06359,(CM**-1),QHHDH
MODE,95,FREQUENCY=,875.80670,(CM**-1),QHHDH
MODE,96,FREQUENCY=,924.91336,(CM**-1),QHHDH
MODE,97,FREQUENCY=,943.28988,(CM**-1),QHHDH
MODE,98,FREQUENCY=,947.08919,(CM**-1),QHHDH
MODE,99,FREQUENCY=,948.36078,(CM**-1),QHHDH
MODE,100,FREQUENCY=,951.51662,(CM**-1),QHHDH
MODE,101,FREQUENCY=,960.64694,(CM**-1),QHHDH
MODE,102,FREQUENCY=,997.32720,(CM**-1),QHHDH
MODE,103,FREQUENCY=,1016.53891,(CM**-1),QHHDH
MODE,104,FREQUENCY=,1021.20190,(CM**-1),QHHDH
MODE,105,FREQUENCY=,1027.13048,(CM**-1),QHHDH
MODE,106,FREQUENCY=,1034.05779,(CM**-1),QHHDH
MODE,107,FREQUENCY=,1035.17391,(CM**-1),QHHDH
MODE,108,FREQUENCY=,1038.57481,(CM**-1),QHHDH
MODE,109,FREQUENCY=,1047.66173,(CM**-1),QHHDH
MODE,110,FREQUENCY=,1054.66681,(CM**-1),QHHDH
MODE,111,FREQUENCY=,1072.11728,(CM**-1),QHHDH
MODE,112,FREQUENCY=,1077.84939,(CM**-1),QHHDH
MODE,113,FREQUENCY=,1081.83706,(CM**-1),QHHDH
MODE,114,FREQUENCY=,1085.14837,(CM**-1),QHHDH
MODE,115,FREQUENCY=,1089.93946,(CM**-1),QHHDH
MODE,116,FREQUENCY=,1092.84383,(CM**-1),QHHDH
MODE,117,FREQUENCY=,1101.47803,(CM**-1),QHHDH
MODE,118,FREQUENCY=,1103.61404,(CM**-1),QHHDH
MODE,119,FREQUENCY=,1112.70858,(CM**-1),QHHDH
MODE,120,FREQUENCY=,1141.37677,(CM**-1),QHHDH
MODE,121,FREQUENCY=,1174.91486,(CM**-1),QHHDH
MODE,122,FREQUENCY=,1183.69546,(CM**-1),QHHDH
MODE,123,FREQUENCY=,1205.66937,(CM**-1),QHHDH
MODE,124,FREQUENCY=,1218.66203,(CM**-1),QHHDH
MODE,125,FREQUENCY=,1246.77426,(CM**-1),QHHDH
MODE,126,FREQUENCY=,1268.27180,(CM**-1),QHHDH
MODE,127,FREQUENCY=,1274.14382,(CM**-1),QHHDH
MODE,128,FREQUENCY=,1301.47868,(CM**-1),QHHDH
MODE,129,FREQUENCY=,1305.91586,(CM**-1),QHHDH
MODE,130,FREQUENCY=,1309.62288,(CM**-1),QHHDH
MODE,131,FREQUENCY=,1356.78851,(CM**-1),QHHDH
MODE,132,FREQUENCY=,1361.82214,(CM**-1),QHHDH
MODE,133,FREQUENCY=,1367.61615,(CM**-1),QHHDH
MODE,134,FREQUENCY=,1393.42102,(CM**-1),QHHDH
MODE,135,FREQUENCY=,1404.79132,(CM**-1),QHHDH
MODE,136,FREQUENCY=,1410.59019,(CM**-1),QHHDH
MODE,137,FREQUENCY=,1428.64144,(CM**-1),QHHDH
MODE,138,FREQUENCY=,1441.08284,(CM**-1),QHHDH
MODE,139,FREQUENCY=,1444.08766,(CM**-1),QHHDH
MODE,140,FREQUENCY=,1446.74591,(CM**-1),QHHDH
MODE,141,FREQUENCY=,1448.10744,(CM**-1),QHHDH
MODE,142,FREQUENCY=,1482.29523,(CM**-1),QHHDH
MODE,143,FREQUENCY=,1493.19253,(CM**-1),QHHDH
MODE,144,FREQUENCY=,1494.12289,(CM**-1),QHHDH
MODE,145,FREQUENCY=,1494.72934,(CM**-1),QHHDH
MODE,146,FREQUENCY=,1497.84408,(CM**-1),QHHDH
MODE,147,FREQUENCY=,1499.08307,(CM**-1),QHHDH
MODE,148,FREQUENCY=,1501.16976,(CM**-1),QHHDH
MODE,149,FREQUENCY=,1501.32366,(CM**-1),QHHDH
MODE,150,FREQUENCY=,1506.96358,(CM**-1),QHHDH
MODE,151,FREQUENCY=,1509.01792,(CM**-1),QHHDH
MODE,152,FREQUENCY=,1509.51300,(CM**-1),QHHDH
MODE,153,FREQUENCY=,1509.99180,(CM**-1),QHHDH
MODE,154,FREQUENCY=,1513.86332,(CM**-1),QHHDH
MODE,155,FREQUENCY=,1526.36528,(CM**-1),QHHDH
MODE,156,FREQUENCY=,1532.09399,(CM**-1),QHHDH
MODE,157,FREQUENCY=,1550.70747,(CM**-1),QHHDH
MODE,158,FREQUENCY=,1552.89902,(CM**-1),QHHDH
MODE,159,FREQUENCY=,1600.36642,(CM**-1),QHHDH
MODE,160,FREQUENCY=,1630.76490,(CM**-1),QHHDH
MODE,161,FREQUENCY=,1633.93130,(CM**-1),QHHDH
MODE,162,FREQUENCY=,1636.09876,(CM**-1),QHHDH
MODE,163,FREQUENCY=,1676.59870,(CM**-1),QHHDH
MODE,164,FREQUENCY=,1730.00670,(CM**-1),QHHDH
MODE,165,FREQUENCY=,1737.29036,(CM**-1),QHHDH
MODE,166,FREQUENCY=,2308.55809,(CM**-1),QHHDH
MODE,167,FREQUENCY=,3059.05883,(CM**-1),QHHDH
MODE,168,FREQUENCY=,3061.36372,(CM**-1),QHHDH
MODE,169,FREQUENCY=,3062.11054,(CM**-1),QHHDH
MODE,170,FREQUENCY=,3066.27379,(CM**-1),QHHDH
MODE,171,FREQUENCY=,3066.45706,(CM**-1),QHHDH
MODE,172,FREQUENCY=,3066.94663,(CM**-1),QHHDH
MODE,173,FREQUENCY=,3120.80196,(CM**-1),QHHDH
MODE,174,FREQUENCY=,3126.70959,(CM**-1),QHHDH
MODE,175,FREQUENCY=,3129.26840,(CM**-1),QHHDH
MODE,176,FREQUENCY=,3132.43939,(CM**-1),QHHDH
MODE,177,FREQUENCY=,3135.13209,(CM**-1),QHHDH
MODE,178,FREQUENCY=,3135.97685,(CM**-1),QHHDH
MODE,179,FREQUENCY=,3139.60667,(CM**-1),QHHDH
MODE,180,FREQUENCY=,3140.87870,(CM**-1),QHHDH
MODE,181,FREQUENCY=,3152.26755,(CM**-1),QHHDH
MODE,182,FREQUENCY=,3163.20213,(CM**-1),QHHDH
MODE,183,FREQUENCY=,3168.64655,(CM**-1),QHHDH
MODE,184,FREQUENCY=,3168.85916,(CM**-1),QHHDH
MODE,185,FREQUENCY=,3172.82054,(CM**-1),QHHDH
MODE,186,FREQUENCY=,3204.49952,(CM**-1),QHHDH
MODE,187,FREQUENCY=,3220.74793,(CM**-1),QHHDH
MODE,188,FREQUENCY=,3279.38963,(CM**-1),QHHDH
MODE,189,FREQUENCY=,3298.61061,(CM**-1),QHHDH
MODE,190,FREQUENCY=,3299.58559,(CM**-1),QHHDH
MODE,191,FREQUENCY=,3314.43916,(CM**-1),QHHDH
MODE,192,FREQUENCY=,3389.84436,(CM**-1),QHHDH
MODE,193,FREQUENCY=,3659.80886,(CM**-1),QHHDH
MODE,194,FREQUENCY=,3662.88139,(CM**-1),QHHDH
MODE,195,FREQUENCY=,3696.79562,(CM**-1),QHHDH
13-1-1-2-2,,,,,
MODE,1,FREQUENCY=,-884.03291,(CM**-1),QHHDD
MODE,8,FREQUENCY=,23.65050,(CM**-1),QHHDD
MODE,9,FREQUENCY=,31.53671,(CM**-1),QHHDD
MODE,10,FREQUENCY=,32.81876,(CM**-1),QHHDD
MODE,11,FREQUENCY=,35.95067,(CM**-1),QHHDD
MODE,12,FREQUENCY=,42.79295,(CM**-1),QHHDD
MODE,13,FREQUENCY=,46.15502,(CM**-1),QHHDD
MODE,14,FREQUENCY=,49.51718,(CM**-1),QHHDD
MODE,15,FREQUENCY=,51.77353,(CM**-1),QHHDD
MODE,16,FREQUENCY=,53.48015,(CM**-1),QHHDD
MODE,17,FREQUENCY=,58.94653,(CM**-1),QHHDD
MODE,18,FREQUENCY=,64.17381,(CM**-1),QHHDD
MODE,19,FREQUENCY=,67.41332,(CM**-1),QHHDD
MODE,20,FREQUENCY=,73.73845,(CM**-1),QHHDD
MODE,21,FREQUENCY=,76.11074,(CM**-1),QHHDD
MODE,22,FREQUENCY=,83.00169,(CM**-1),QHHDD
MODE,23,FREQUENCY=,84.08058,(CM**-1),QHHDD
MODE,24,FREQUENCY=,89.04189,(CM**-1),QHHDD
MODE,25,FREQUENCY=,96.73316,(CM**-1),QHHDD
MODE,26,FREQUENCY=,99.37446,(CM**-1),QHHDD
MODE,27,FREQUENCY=,105.83261,(CM**-1),QHHDD
MODE,28,FREQUENCY=,111.73085,(CM**-1),QHHDD
MODE,29,FREQUENCY=,113.61951,(CM**-1),QHHDD
MODE,30,FREQUENCY=,115.66078,(CM**-1),QHHDD
MODE,31,FREQUENCY=,121.88474,(CM**-1),QHHDD
MODE,32,FREQUENCY=,124.53934,(CM**-1),QHHDD
MODE,33,FREQUENCY=,127.29558,(CM**-1),QHHDD
MODE,34,FREQUENCY=,137.33797,(CM**-1),QHHDD
MODE,35,FREQUENCY=,138.48924,(CM**-1),QHHDD
MODE,36,FREQUENCY=,148.38038,(CM**-1),QHHDD
MODE,37,FREQUENCY=,152.81250,(CM**-1),QHHDD
MODE,38,FREQUENCY=,156.94522,(CM**-1),QHHDD
MODE,39,FREQUENCY=,160.16195,(CM**-1),QHHDD
MODE,40,FREQUENCY=,164.98973,(CM**-1),QHHDD
MODE,41,FREQUENCY=,168.54806,(CM**-1),QHHDD
MODE,42,FREQUENCY=,172.79180,(CM**-1),QHHDD
MODE,43,FREQUENCY=,175.30817,(CM**-1),QHHDD
MODE,44,FREQUENCY=,182.43879,(CM**-1),QHHDD
MODE,45,FREQUENCY=,183.48119,(CM**-1),QHHDD
MODE,46,FREQUENCY=,197.73186,(CM**-1),QHHDD
MODE,47,FREQUENCY=,198.58171,(CM**-1),QHHDD
MODE,48,FREQUENCY=,206.95066,(CM**-1),QHHDD
MODE,49,FREQUENCY=,221.17522,(CM**-1),QHHDD
MODE,50,FREQUENCY=,227.92353,(CM**-1),QHHDD
MODE,51,FREQUENCY=,242.28160,(CM**-1),QHHDD
MODE,52,FREQUENCY=,249.55199,(CM**-1),QHHDD
MODE,53,FREQUENCY=,270.34991,(CM**-1),QHHDD
MODE,54,FREQUENCY=,275.91043,(CM**-1),QHHDD
MODE,55,FREQUENCY=,279.76589,(CM**-1),QHHDD
MODE,56,FREQUENCY=,303.83535,(CM**-1),QHHDD
MODE,57,FREQUENCY=,309.83219,(CM**-1),QHHDD
MODE,58,FREQUENCY=,315.32811,(CM**-1),QHHDD
MODE,59,FREQUENCY=,325.73053,(CM**-1),QHHDD
MODE,60,FREQUENCY=,328.54192,(CM**-1),QHHDD
MODE,61,FREQUENCY=,354.35178,(CM**-1),QHHDD
MODE,62,FREQUENCY=,359.09434,(CM**-1),QHHDD
MODE,63,FREQUENCY=,363.71819,(CM**-1),QHHDD
MODE,64,FREQUENCY=,372.97588,(CM**-1),QHHDD
MODE,65,FREQUENCY=,376.76168,(CM**-1),QHHDD
MODE,66,FREQUENCY=,417.29004,(CM**-1),QHHDD
MODE,67,FREQUENCY=,453.42463,(CM**-1),QHHDD
MODE,68,FREQUENCY=,492.10836,(CM**-1),QHHDD
MODE,69,FREQUENCY=,513.17927,(CM**-1),QHHDD
MODE,70,FREQUENCY=,523.07549,(CM**-1),QHHDD
MODE,71,FREQUENCY=,525.84346,(CM**-1),QHHDD
MODE,72,FREQUENCY=,534.94883,(CM**-1),QHHDD
MODE,73,FREQUENCY=,550.03280,(CM**-1),QHHDD
MODE,74,FREQUENCY=,569.10716,(CM**-1),QHHDD
MODE,75,FREQUENCY=,603.05588,(CM**-1),QHHDD
MODE,76,FREQUENCY=,614.65761,(CM**-1),QHHDD
MODE,77,FREQUENCY=,616.96817,(CM**-1),QHHDD
MODE,78,FREQUENCY=,618.03555,(CM**-1),QHHDD
MODE,79,FREQUENCY=,628.28346,(CM**-1),QHHDD
MODE,80,FREQUENCY=,636.29426,(CM**-1),QHHDD
MODE,81,FREQUENCY=,637.54493,(CM**-1),QHHDD
MODE,82,FREQUENCY=,649.13471,(CM**-1),QHHDD
MODE,83,FREQUENCY=,652.13618,(CM**-1),QHHDD
MODE,84,FREQUENCY=,663.51999,(CM**-1),QHHDD
MODE,85,FREQUENCY=,668.35153,(CM**-1),QHHDD
MODE,86,FREQUENCY=,669.74762,(CM**-1),QHHDD
MODE,87,FREQUENCY=,678.84425,(CM**-1),QHHDD
MODE,88,FREQUENCY=,680.13864,(CM**-1),QHHDD
MODE,89,FREQUENCY=,687.52568,(CM**-1),QHHDD
MODE,90,FREQUENCY=,719.51495,(CM**-1),QHHDD
MODE,91,FREQUENCY=,722.75335,(CM**-1),QHHDD
MODE,92,FREQUENCY=,729.21922,(CM**-1),QHHDD
MODE,93,FREQUENCY=,786.18057,(CM**-1),QHHDD
MODE,94,FREQUENCY=,819.05583,(CM**-1),QHHDD
MODE,95,FREQUENCY=,875.80348,(CM**-1),QHHDD
MODE,96,FREQUENCY=,893.34836,(CM**-1),QHHDD
MODE,97,FREQUENCY=,924.92037,(CM**-1),QHHDD
MODE,98,FREQUENCY=,943.28810,(CM**-1),QHHDD
MODE,99,FREQUENCY=,947.01765,(CM**-1),QHHDD
MODE,100,FREQUENCY=,948.35583,(CM**-1),QHHDD
MODE,101,FREQUENCY=,951.51376,(CM**-1),QHHDD
MODE,102,FREQUENCY=,958.49216,(CM**-1),QHHDD
MODE,103,FREQUENCY=,960.68657,(CM**-1),QHHDD
MODE,104,FREQUENCY=,997.32932,(CM**-1),QHHDD
MODE,105,FREQUENCY=,1016.53969,(CM**-1),QHHDD
MODE,106,FREQUENCY=,1021.19507,(CM**-1),QHHDD
MODE,107,FREQUENCY=,1027.12994,(CM**-1),QHHDD
MODE,108,FREQUENCY=,1034.08905,(CM**-1),QHHDD
MODE,109,FREQUENCY=,1035.18373,(CM**-1),QHHDD
MODE,110,FREQUENCY=,1038.59979,(CM**-1),QHHDD
MODE,111,FREQUENCY=,1047.66707,(CM**-1),QHHDD
MODE,112,FREQUENCY=,1054.67059,(CM**-1),QHHDD
MODE,113,FREQUENCY=,1072.13377,(CM**-1),QHHDD
MODE,114,FREQUENCY=,1077.90557,(CM**-1),QHHDD
MODE,115,FREQUENCY=,1081.89125,(CM**-1),QHHDD
MODE,116,FREQUENCY=,1085.15253,(CM**-1),QHHDD
MODE,117,FREQUENCY=,1089.93942,(CM**-1),QHHDD
MODE,118,FREQUENCY=,1092.84551,(CM**-1),QHHDD
MODE,119,FREQUENCY=,1101.48174,(CM**-1),QHHDD
MODE,120,FREQUENCY=,1103.61595,(CM**-1),QHHDD
MODE,121,FREQUENCY=,1145.17852,(CM**-1),QHHDD
MODE,122,FREQUENCY=,1174.90836,(CM**-1),QHHDD
MODE,123,FREQUENCY=,1183.69583,(CM**-1),QHHDD
MODE,124,FREQUENCY=,1205.76732,(CM**-1),QHHDD
MODE,125,FREQUENCY=,1234.40833,(CM**-1),QHHDD
MODE,126,FREQUENCY=,1268.26958,(CM**-1),QHHDD
MODE,127,FREQUENCY=,1274.14281,(CM**-1),QHHDD
MODE,128,FREQUENCY=,1301.46411,(CM**-1),QHHDD
MODE,129,FREQUENCY=,1305.90988,(CM**-1),QHHDD
MODE,130,FREQUENCY=,1309.54953,(CM**-1),QHHDD
MODE,131,FREQUENCY=,1356.78822,(CM**-1),QHHDD
MODE,132,FREQUENCY=,1361.82204,(CM**-1),QHHDD
MODE,133,FREQUENCY=,1367.59499,(CM**-1),QHHDD
MODE,134,FREQUENCY=,1393.39683,(CM**-1),QHHDD
MODE,135,FREQUENCY=,1404.78051,(CM**-1),QHHDD
MODE,136,FREQUENCY=,1410.57197,(CM**-1),QHHDD
MODE,137,FREQUENCY=,1428.63731,(CM**-1),QHHDD
MODE,138,FREQUENCY=,1441.04212,(CM**-1),QHHDD
MODE,139,FREQUENCY=,1444.07633,(CM**-1),QHHDD
MODE,140,FREQUENCY=,1445.55271,(CM**-1),QHHDD
MODE,141,FREQUENCY=,1448.10404,(CM**-1),QHHDD
MODE,142,FREQUENCY=,1482.27341,(CM**-1),QHHDD
MODE,143,FREQUENCY=,1493.19024,(CM**-1),QHHDD
MODE,144,FREQUENCY=,1494.11766,(CM**-1),QHHDD
MODE,145,FREQUENCY=,1494.72924,(CM**-1),QHHDD
MODE,146,FREQUENCY=,1497.84405,(CM**-1),QHHDD
MODE,147,FREQUENCY=,1499.05678,(CM**-1),QHHDD
MODE,148,FREQUENCY=,1501.16926,(CM**-1),QHHDD
MODE,149,FREQUENCY=,1501.32229,(CM**-1),QHHDD
MODE,150,FREQUENCY=,1506.96233,(CM**-1),QHHDD
MODE,151,FREQUENCY=,1509.01710,(CM**-1),QHHDD
MODE,152,FREQUENCY=,1509.50919,(CM**-1),QHHDD
MODE,153,FREQUENCY=,1509.98757,(CM**-1),QHHDD
MODE,154,FREQUENCY=,1513.85623,(CM**-1),QHHDD
MODE,155,FREQUENCY=,1526.36299,(CM**-1),QHHDD
MODE,156,FREQUENCY=,1532.09363,(CM**-1),QHHDD
MODE,157,FREQUENCY=,1550.70607,(CM**-1),QHHDD
MODE,158,FREQUENCY=,1552.88777,(CM**-1),QHHDD
MODE,159,FREQUENCY=,1600.32578,(CM**-1),QHHDD
MODE,160,FREQUENCY=,1630.74382,(CM**-1),QHHDD
MODE,161,FREQUENCY=,1633.92842,(CM**-1),QHHDD
MODE,162,FREQUENCY=,1636.08023,(CM**-1),QHHDD
MODE,163,FREQUENCY=,1676.59557,(CM**-1),QHHDD
MODE,164,FREQUENCY=,1730.00567,(CM**-1),QHHDD
MODE,165,FREQUENCY=,1737.27559,(CM**-1),QHHDD
MODE,166,FREQUENCY=,2308.44970,(CM**-1),QHHDD
MODE,167,FREQUENCY=,3059.05851,(CM**-1),QHHDD
MODE,168,FREQUENCY=,3061.36370,(CM**-1),QHHDD
MODE,169,FREQUENCY=,3062.11045,(CM**-1),QHHDD
MODE,170,FREQUENCY=,3066.27373,(CM**-1),QHHDD
MODE,171,FREQUENCY=,3066.45703,(CM**-1),QHHDD
MODE,172,FREQUENCY=,3066.94659,(CM**-1),QHHDD
MODE,173,FREQUENCY=,3120.80176,(CM**-1),QHHDD
MODE,174,FREQUENCY=,3126.70959,(CM**-1),QHHDD
MODE,175,FREQUENCY=,3129.26832,(CM**-1),QHHDD
MODE,176,FREQUENCY=,3132.43932,(CM**-1),QHHDD
MODE,177,FREQUENCY=,3135.13208,(CM**-1),QHHDD
MODE,178,FREQUENCY=,3135.97681,(CM**-1),QHHDD
MODE,179,FREQUENCY=,3139.60663,(CM**-1),QHHDD
MODE,180,FREQUENCY=,3140.75291,(CM**-1),QHHDD
MODE,181,FREQUENCY=,3152.26755,(CM**-1),QHHDD
MODE,182,FREQUENCY=,3163.20186,(CM**-1),QHHDD
MODE,183,FREQUENCY=,3168.64650,(CM**-1),QHHDD
MODE,184,FREQUENCY=,3168.85914,(CM**-1),QHHDD
MODE,185,FREQUENCY=,3172.82052,(CM**-1),QHHDD
MODE,186,FREQUENCY=,3204.42913,(CM**-1),QHHDD
MODE,187,FREQUENCY=,3220.59204,(CM**-1),QHHDD
MODE,188,FREQUENCY=,3279.38945,(CM**-1),QHHDD
MODE,189,FREQUENCY=,3298.61060,(CM**-1),QHHDD
MODE,190,FREQUENCY=,3299.58558,(CM**-1),QHHDD
MODE,191,FREQUENCY=,3314.43900,(CM**-1),QHHDD
MODE,192,FREQUENCY=,3389.84299,(CM**-1),QHHDD
MODE,193,FREQUENCY=,3659.80878,(CM**-1),QHHDD
MODE,194,FREQUENCY=,3662.88136,(CM**-1),QHHDD
MODE,195,FREQUENCY=,3696.79548,(CM**-1),QHHDD
13-1-2-1-1,,,,,
MODE,1,FREQUENCY=,-1152.35082,(CM**-1),QHDHH
MODE,8,FREQUENCY=,23.77660,(CM**-1),QHDHH
MODE,9,FREQUENCY=,31.63557,(CM**-1),QHDHH
MODE,10,FREQUENCY=,32.84253,(CM**-1),QHDHH
MODE,11,FREQUENCY=,36.10426,(CM**-1),QHDHH
MODE,12,FREQUENCY=,42.82975,(CM**-1),QHDHH
MODE,13,FREQUENCY=,46.15885,(CM**-1),QHDHH
MODE,14,FREQUENCY=,49.56402,(CM**-1),QHDHH
MODE,15,FREQUENCY=,51.89177,(CM**-1),QHDHH
MODE,16,FREQUENCY=,53.47965,(CM**-1),QHDHH
MODE,17,FREQUENCY=,58.92637,(CM**-1),QHDHH
MODE,18,FREQUENCY=,62.55944,(CM**-1),QHDHH
MODE,19,FREQUENCY=,67.35591,(CM**-1),QHDHH
MODE,20,FREQUENCY=,72.11491,(CM**-1),QHDHH
MODE,21,FREQUENCY=,76.00739,(CM**-1),QHDHH
MODE,22,FREQUENCY=,83.01952,(CM**-1),QHDHH
MODE,23,FREQUENCY=,86.72253,(CM**-1),QHDHH
MODE,24,FREQUENCY=,89.32309,(CM**-1),QHDHH
MODE,25,FREQUENCY=,96.72751,(CM**-1),QHDHH
MODE,26,FREQUENCY=,99.74594,(CM**-1),QHDHH
MODE,27,FREQUENCY=,106.47838,(CM**-1),QHDHH
MODE,28,FREQUENCY=,111.98641,(CM**-1),QHDHH
MODE,29,FREQUENCY=,113.78464,(CM**-1),QHDHH
MODE,30,FREQUENCY=,115.65717,(CM**-1),QHDHH
MODE,31,FREQUENCY=,121.80303,(CM**-1),QHDHH
MODE,32,FREQUENCY=,124.48737,(CM**-1),QHDHH
MODE,33,FREQUENCY=,127.31203,(CM**-1),QHDHH
MODE,34,FREQUENCY=,137.34727,(CM**-1),QHDHH
MODE,35,FREQUENCY=,138.52906,(CM**-1),QHDHH
MODE,36,FREQUENCY=,148.45094,(CM**-1),QHDHH
MODE,37,FREQUENCY=,153.43089,(CM**-1),QHDHH
MODE,38,FREQUENCY=,157.13359,(CM**-1),QHDHH
MODE,39,FREQUENCY=,160.32664,(CM**-1),QHDHH
MODE,40,FREQUENCY=,165.02801,(CM**-1),QHDHH
MODE,41,FREQUENCY=,168.55432,(CM**-1),QHDHH
MODE,42,FREQUENCY=,172.78483,(CM**-1),QHDHH
MODE,43,FREQUENCY=,175.34389,(CM**-1),QHDHH
MODE,44,FREQUENCY=,182.95776,(CM**-1),QHDHH
MODE,45,FREQUENCY=,183.71079,(CM**-1),QHDHH
MODE,46,FREQUENCY=,197.73535,(CM**-1),QHDHH
MODE,47,FREQUENCY=,198.89873,(CM**-1),QHDHH
MODE,48,FREQUENCY=,207.18133,(CM**-1),QHDHH
MODE,49,FREQUENCY=,221.40189,(CM**-1),QHDHH
MODE,50,FREQUENCY=,227.83162,(CM**-1),QHDHH
MODE,51,FREQUENCY=,243.06984,(CM**-1),QHDHH
MODE,52,FREQUENCY=,251.38730,(CM**-1),QHDHH
MODE,53,FREQUENCY=,270.97966,(CM**-1),QHDHH
MODE,54,FREQUENCY=,275.99784,(CM**-1),QHDHH
MODE,55,FREQUENCY=,279.84847,(CM**-1),QHDHH
MODE,56,FREQUENCY=,302.03936,(CM**-1),QHDHH
MODE,57,FREQUENCY=,317.11236,(CM**-1),QHDHH
MODE,58,FREQUENCY=,325.15819,(CM**-1),QHDHH
MODE,59,FREQUENCY=,327.22644,(CM**-1),QHDHH
MODE,60,FREQUENCY=,329.17170,(CM**-1),QHDHH
MODE,61,FREQUENCY=,353.13094,(CM**-1),QHDHH
MODE,62,FREQUENCY=,361.45779,(CM**-1),QHDHH
MODE,63,FREQUENCY=,368.68415,(CM**-1),QHDHH
MODE,64,FREQUENCY=,372.96432,(CM**-1),QHDHH
MODE,65,FREQUENCY=,388.99926,(CM**-1),QHDHH
MODE,66,FREQUENCY=,453.10812,(CM**-1),QHDHH
MODE,67,FREQUENCY=,478.43875,(CM**-1),QHDHH
MODE,68,FREQUENCY=,492.12975,(CM**-1),QHDHH
MODE,69,FREQUENCY=,513.36044,(CM**-1),QHDHH
MODE,70,FREQUENCY=,523.16641,(CM**-1),QHDHH
MODE,71,FREQUENCY=,526.00417,(CM**-1),QHDHH
MODE,72,FREQUENCY=,534.96244,(CM**-1),QHDHH
MODE,73,FREQUENCY=,550.01631,(CM**-1),QHDHH
MODE,74,FREQUENCY=,569.11864,(CM**-1),QHDHH
MODE,75,FREQUENCY=,603.06098,(CM**-1),QHDHH
MODE,76,FREQUENCY=,614.65565,(CM**-1),QHDHH
MODE,77,FREQUENCY=,616.97299,(CM**-1),QHDHH
MODE,78,FREQUENCY=,618.02003,(CM**-1),QHDHH
MODE,79,FREQUENCY=,628.29162,(CM**-1),QHDHH
MODE,80,FREQUENCY=,636.29699,(CM**-1),QHDHH
MODE,81,FREQUENCY=,637.56466,(CM**-1),QHDHH
MODE,82,FREQUENCY=,649.13569,(CM**-1),QHDHH
MODE,83,FREQUENCY=,652.13633,(CM**-1),QHDHH
MODE,84,FREQUENCY=,663.67842,(CM**-1),QHDHH
MODE,85,FREQUENCY=,668.35290,(CM**-1),QHDHH
MODE,86,FREQUENCY=,669.77266,(CM**-1),QHDHH
MODE,87,FREQUENCY=,678.85673,(CM**-1),QHDHH
MODE,88,FREQUENCY=,680.37295,(CM**-1),QHDHH
MODE,89,FREQUENCY=,687.53822,(CM**-1),QHDHH
MODE,90,FREQUENCY=,722.75215,(CM**-1),QHDHH
MODE,91,FREQUENCY=,729.21460,(CM**-1),QHDHH
MODE,92,FREQUENCY=,743.28255,(CM**-1),QHDHH
MODE,93,FREQUENCY=,786.39991,(CM**-1),QHDHH
MODE,94,FREQUENCY=,819.06352,(CM**-1),QHDHH
MODE,95,FREQUENCY=,875.80630,(CM**-1),QHDHH
MODE,96,FREQUENCY=,924.91224,(CM**-1),QHDHH
MODE,97,FREQUENCY=,943.27711,(CM**-1),QHDHH
MODE,98,FREQUENCY=,947.08177,(CM**-1),QHDHH
MODE,99,FREQUENCY=,948.35943,(CM**-1),QHDHH
MODE,100,FREQUENCY=,951.51664,(CM**-1),QHDHH
MODE,101,FREQUENCY=,960.64717,(CM**-1),QHDHH
MODE,102,FREQUENCY=,997.25617,(CM**-1),QHDHH
MODE,103,FREQUENCY=,1016.53661,(CM**-1),QHDHH
MODE,104,FREQUENCY=,1021.18372,(CM**-1),QHDHH
MODE,105,FREQUENCY=,1027.12644,(CM**-1),QHDHH
MODE,106,FREQUENCY=,1033.97729,(CM**-1),QHDHH
MODE,107,FREQUENCY=,1035.14225,(CM**-1),QHDHH
MODE,108,FREQUENCY=,1038.57911,(CM**-1),QHDHH
MODE,109,FREQUENCY=,1045.84424,(CM**-1),QHDHH
MODE,110,FREQUENCY=,1047.68251,(CM**-1),QHDHH
MODE,111,FREQUENCY=,1054.71111,(CM**-1),QHDHH
MODE,112,FREQUENCY=,1072.17531,(CM**-1),QHDHH
MODE,113,FREQUENCY=,1077.94116,(CM**-1),QHDHH
MODE,114,FREQUENCY=,1081.91065,(CM**-1),QHDHH
MODE,115,FREQUENCY=,1085.15650,(CM**-1),QHDHH
MODE,116,FREQUENCY=,1089.93953,(CM**-1),QHDHH
MODE,117,FREQUENCY=,1092.84640,(CM**-1),QHDHH
MODE,118,FREQUENCY=,1101.48513,(CM**-1),QHDHH
MODE,119,FREQUENCY=,1103.61797,(CM**-1),QHDHH
MODE,120,FREQUENCY=,1174.77586,(CM**-1),QHDHH
MODE,121,FREQUENCY=,1176.53876,(CM**-1),QHDHH
MODE,122,FREQUENCY=,1183.69607,(CM**-1),QHDHH
MODE,123,FREQUENCY=,1205.73032,(CM**-1),QHDHH
MODE,124,FREQUENCY=,1224.02319,(CM**-1),QHDHH
MODE,125,FREQUENCY=,1268.01323,(CM**-1),QHDHH
MODE,126,FREQUENCY=,1268.29949,(CM**-1),QHDHH
MODE,127,FREQUENCY=,1274.14566,(CM**-1),QHDHH
MODE,128,FREQUENCY=,1301.51920,(CM**-1),QHDHH
MODE,129,FREQUENCY=,1305.92229,(CM**-1),QHDHH
MODE,130,FREQUENCY=,1309.91387,(CM**-1),QHDHH
MODE,131,FREQUENCY=,1356.78848,(CM**-1),QHDHH
MODE,132,FREQUENCY=,1361.82225,(CM**-1),QHDHH
MODE,133,FREQUENCY=,1367.65227,(CM**-1),QHDHH
MODE,134,FREQUENCY=,1393.42181,(CM**-1),QHDHH
MODE,135,FREQUENCY=,1404.80128,(CM**-1),QHDHH
MODE,136,FREQUENCY=,1410.58735,(CM**-1),QHDHH
MODE,137,FREQUENCY=,1428.64482,(CM**-1),QHDHH
MODE,138,FREQUENCY=,1440.04495,(CM**-1),QHDHH
MODE,139,FREQUENCY=,1441.12319,(CM**-1),QHDHH
MODE,140,FREQUENCY=,1444.10559,(CM**-1),QHDHH
MODE,141,FREQUENCY=,1448.10331,(CM**-1),QHDHH
MODE,142,FREQUENCY=,1482.30657,(CM**-1),QHDHH
MODE,143,FREQUENCY=,1493.19298,(CM**-1),QHDHH
MODE,144,FREQUENCY=,1494.12620,(CM**-1),QHDHH
MODE,145,FREQUENCY=,1494.72933,(CM**-1),QHDHH
MODE,146,FREQUENCY=,1497.84407,(CM**-1),QHDHH
MODE,147,FREQUENCY=,1499.19370,(CM**-1),QHDHH
MODE,148,FREQUENCY=,1501.16978,(CM**-1),QHDHH
MODE,149,FREQUENCY=,1501.34410,(CM**-1),QHDHH
MODE,150,FREQUENCY=,1506.96344,(CM**-1),QHDHH
MODE,151,FREQUENCY=,1509.01246,(CM**-1),QHDHH
MODE,152,FREQUENCY=,1509.46289,(CM**-1),QHDHH
MODE,153,FREQUENCY=,1509.94022,(CM**-1),QHDHH
MODE,154,FREQUENCY=,1513.85485,(CM**-1),QHDHH
MODE,155,FREQUENCY=,1526.36462,(CM**-1),QHDHH
MODE,156,FREQUENCY=,1532.09389,(CM**-1),QHDHH
MODE,157,FREQUENCY=,1550.70729,(CM**-1),QHDHH
MODE,158,FREQUENCY=,1552.89886,(CM**-1),QHDHH
MODE,159,FREQUENCY=,1600.39301,(CM**-1),QHDHH
MODE,160,FREQUENCY=,1630.76849,(CM**-1),QHDHH
MODE,161,FREQUENCY=,1633.93165,(CM**-1),QHDHH
MODE,162,FREQUENCY=,1636.10213,(CM**-1),QHDHH
MODE,163,FREQUENCY=,1676.60040,(CM**-1),QHDHH
MODE,164,FREQUENCY=,1730.00655,(CM**-1),QHDHH
MODE,165,FREQUENCY=,1737.29398,(CM**-1),QHDHH
MODE,166,FREQUENCY=,2310.59003,(CM**-1),QHDHH
MODE,167,FREQUENCY=,3059.05907,(CM**-1),QHDHH
MODE,168,FREQUENCY=,3061.36372,(CM**-1),QHDHH
MODE,169,FREQUENCY=,3062.11053,(CM**-1),QHDHH
MODE,170,FREQUENCY=,3066.27380,(CM**-1),QHDHH
MODE,171,FREQUENCY=,3066.45706,(CM**-1),QHDHH
MODE,172,FREQUENCY=,3066.94664,(CM**-1),QHDHH
MODE,173,FREQUENCY=,3120.81243,(CM**-1),QHDHH
MODE,174,FREQUENCY=,3126.70958,(CM**-1),QHDHH
MODE,175,FREQUENCY=,3129.26875,(CM**-1),QHDHH
MODE,176,FREQUENCY=,3132.43852,(CM**-1),QHDHH
MODE,177,FREQUENCY=,3135.13207,(CM**-1),QHDHH
MODE,178,FREQUENCY=,3135.97696,(CM**-1),QHDHH
MODE,179,FREQUENCY=,3138.19429,(CM**-1),QHDHH
MODE,180,FREQUENCY=,3139.60701,(CM**-1),QHDHH
MODE,181,FREQUENCY=,3152.26760,(CM**-1),QHDHH
MODE,182,FREQUENCY=,3163.19940,(CM**-1),QHDHH
MODE,183,FREQUENCY=,3168.64661,(CM**-1),QHDHH
MODE,184,FREQUENCY=,3168.85913,(CM**-1),QHDHH
MODE,185,FREQUENCY=,3172.82054,(CM**-1),QHDHH
MODE,186,FREQUENCY=,3204.49702,(CM**-1),QHDHH
MODE,187,FREQUENCY=,3220.66406,(CM**-1),QHDHH
MODE,188,FREQUENCY=,3279.38963,(CM**-1),QHDHH
MODE,189,FREQUENCY=,3298.61061,(CM**-1),QHDHH
MODE,190,FREQUENCY=,3299.58559,(CM**-1),QHDHH
MODE,191,FREQUENCY=,3314.43915,(CM**-1),QHDHH
MODE,192,FREQUENCY=,3389.84460,(CM**-1),QHDHH
MODE,193,FREQUENCY=,3659.80886,(CM**-1),QHDHH
MODE,194,FREQUENCY=,3662.88139,(CM**-1),QHDHH
MODE,195,FREQUENCY=,3696.79565,(CM**-1),QHDHH
13-1-2-1-2,,,,,
MODE,1,FREQUENCY=,-883.23224,(CM**-1),QHDHD
MODE,8,FREQUENCY=,23.74151,(CM**-1),QHDHD
MODE,9,FREQUENCY=,31.59312,(CM**-1),QHDHD
MODE,10,FREQUENCY=,32.82997,(CM**-1),QHDHD
MODE,11,FREQUENCY=,36.06344,(CM**-1),QHDHD
MODE,12,FREQUENCY=,42.82680,(CM**-1),QHDHD
MODE,13,FREQUENCY=,46.15672,(CM**-1),QHDHD
MODE,14,FREQUENCY=,49.55983,(CM**-1),QHDHD
MODE,15,FREQUENCY=,51.87791,(CM**-1),QHDHD
MODE,16,FREQUENCY=,53.47691,(CM**-1),QHDHD
MODE,17,FREQUENCY=,58.92247,(CM**-1),QHDHD
MODE,18,FREQUENCY=,62.41832,(CM**-1),QHDHD
MODE,19,FREQUENCY=,67.32618,(CM**-1),QHDHD
MODE,20,FREQUENCY=,72.08694,(CM**-1),QHDHD
MODE,21,FREQUENCY=,76.00177,(CM**-1),QHDHD
MODE,22,FREQUENCY=,83.01062,(CM**-1),QHDHD
MODE,23,FREQUENCY=,86.68239,(CM**-1),QHDHD
MODE,24,FREQUENCY=,89.32118,(CM**-1),QHDHD
MODE,25,FREQUENCY=,96.72669,(CM**-1),QHDHD
MODE,26,FREQUENCY=,99.72662,(CM**-1),QHDHD
MODE,27,FREQUENCY=,106.38812,(CM**-1),QHDHD
MODE,28,FREQUENCY=,111.98328,(CM**-1),QHDHD
MODE,29,FREQUENCY=,113.76926,(CM**-1),QHDHD
MODE,30,FREQUENCY=,115.65700,(CM**-1),QHDHD
MODE,31,FREQUENCY=,121.80121,(CM**-1),QHDHD
MODE,32,FREQUENCY=,124.47714,(CM**-1),QHDHD
MODE,33,FREQUENCY=,127.30245,(CM**-1),QHDHD
MODE,34,FREQUENCY=,137.33419,(CM**-1),QHDHD
MODE,35,FREQUENCY=,138.49245,(CM**-1),QHDHD
MODE,36,FREQUENCY=,148.41726,(CM**-1),QHDHD
MODE,37,FREQUENCY=,153.11105,(CM**-1),QHDHD
MODE,38,FREQUENCY=,157.03786,(CM**-1),QHDHD
MODE,39,FREQUENCY=,160.23172,(CM**-1),QHDHD
MODE,40,FREQUENCY=,164.99692,(CM**-1),QHDHD
MODE,41,FREQUENCY=,168.53864,(CM**-1),QHDHD
MODE,42,FREQUENCY=,172.76545,(CM**-1),QHDHD
MODE,43,FREQUENCY=,175.30662,(CM**-1),QHDHD
MODE,44,FREQUENCY=,182.75124,(CM**-1),QHDHD
MODE,45,FREQUENCY=,183.57235,(CM**-1),QHDHD
MODE,46,FREQUENCY=,197.72615,(CM**-1),QHDHD
MODE,47,FREQUENCY=,198.71365,(CM**-1),QHDHD
MODE,48,FREQUENCY=,207.03913,(CM**-1),QHDHD
MODE,49,FREQUENCY=,221.06648,(CM**-1),QHDHD
MODE,50,FREQUENCY=,227.56710,(CM**-1),QHDHD
MODE,51,FREQUENCY=,237.28307,(CM**-1),QHDHD
MODE,52,FREQUENCY=,250.06129,(CM**-1),QHDHD
MODE,53,FREQUENCY=,270.40642,(CM**-1),QHDHD
MODE,54,FREQUENCY=,275.95449,(CM**-1),QHDHD
MODE,55,FREQUENCY=,279.83485,(CM**-1),QHDHD
MODE,56,FREQUENCY=,290.25946,(CM**-1),QHDHD
MODE,57,FREQUENCY=,306.14758,(CM**-1),QHDHD
MODE,58,FREQUENCY=,320.93810,(CM**-1),QHDHD
MODE,59,FREQUENCY=,325.37683,(CM**-1),QHDHD
MODE,60,FREQUENCY=,328.24900,(CM**-1),QHDHD
MODE,61,FREQUENCY=,351.49203,(CM**-1),QHDHD
MODE,62,FREQUENCY=,359.59691,(CM**-1),QHDHD
MODE,63,FREQUENCY=,364.95679,(CM**-1),QHDHD
MODE,64,FREQUENCY=,372.88064,(CM**-1),QHDHD
MODE,65,FREQUENCY=,381.89519,(CM**-1),QHDHD
MODE,66,FREQUENCY=,441.87854,(CM**-1),QHDHD
MODE,67,FREQUENCY=,453.88650,(CM**-1),QHDHD
MODE,68,FREQUENCY=,492.11080,(CM**-1),QHDHD
MODE,69,FREQUENCY=,513.17826,(CM**-1),QHDHD
MODE,70,FREQUENCY=,523.10566,(CM**-1),QHDHD
MODE,71,FREQUENCY=,525.92599,(CM**-1),QHDHD
MODE,72,FREQUENCY=,534.96046,(CM**-1),QHDHD
MODE,73,FREQUENCY=,549.98841,(CM**-1),QHDHD
MODE,74,FREQUENCY=,569.11652,(CM**-1),QHDHD
MODE,75,FREQUENCY=,603.05585,(CM**-1),QHDHD
MODE,76,FREQUENCY=,614.65307,(CM**-1),QHDHD
MODE,77,FREQUENCY=,616.96589,(CM**-1),QHDHD
MODE,78,FREQUENCY=,618.01582,(CM**-1),QHDHD
MODE,79,FREQUENCY=,628.28404,(CM**-1),QHDHD
MODE,80,FREQUENCY=,636.29260,(CM**-1),QHDHD
MODE,81,FREQUENCY=,637.54836,(CM**-1),QHDHD
MODE,82,FREQUENCY=,649.13469,(CM**-1),QHDHD
MODE,83,FREQUENCY=,652.13623,(CM**-1),QHDHD
MODE,84,FREQUENCY=,663.47903,(CM**-1),QHDHD
MODE,85,FREQUENCY=,668.35039,(CM**-1),QHDHD
MODE,86,FREQUENCY=,669.74160,(CM**-1),QHDHD
MODE,87,FREQUENCY=,678.84014,(CM**-1),QHDHD
MODE,88,FREQUENCY=,680.14050,(CM**-1),QHDHD
MODE,89,FREQUENCY=,687.52348,(CM**-1),QHDHD
MODE,90,FREQUENCY=,717.57453,(CM**-1),QHDHD
MODE,91,FREQUENCY=,722.75298,(CM**-1),QHDHD
MODE,92,FREQUENCY=,729.21867,(CM**-1),QHDHD
MODE,93,FREQUENCY=,786.18396,(CM**-1),QHDHD
MODE,94,FREQUENCY=,819.05435,(CM**-1),QHDHD
MODE,95,FREQUENCY=,854.91930,(CM**-1),QHDHD
MODE,96,FREQUENCY=,875.80770,(CM**-1),QHDHD
MODE,97,FREQUENCY=,924.89873,(CM**-1),QHDHD
MODE,98,FREQUENCY=,943.28847,(CM**-1),QHDHD
MODE,99,FREQUENCY=,947.10514,(CM**-1),QHDHD
MODE,100,FREQUENCY=,948.36036,(CM**-1),QHDHD
MODE,101,FREQUENCY=,951.51560,(CM**-1),QHDHD
MODE,102,FREQUENCY=,960.58761,(CM**-1),QHDHD
MODE,103,FREQUENCY=,978.31603,(CM**-1),QHDHD
MODE,104,FREQUENCY=,997.33408,(CM**-1),QHDHD
MODE,105,FREQUENCY=,1016.54159,(CM**-1),QHDHD
MODE,106,FREQUENCY=,1021.19552,(CM**-1),QHDHD
MODE,107,FREQUENCY=,1027.13015,(CM**-1),QHDHD
MODE,108,FREQUENCY=,1034.08304,(CM**-1),QHDHD
MODE,109,FREQUENCY=,1035.18219,(CM**-1),QHDHD
MODE,110,FREQUENCY=,1038.60165,(CM**-1),QHDHD
MODE,111,FREQUENCY=,1047.67485,(CM**-1),QHDHD
MODE,112,FREQUENCY=,1054.66885,(CM**-1),QHDHD
MODE,113,FREQUENCY=,1072.13812,(CM**-1),QHDHD
MODE,114,FREQUENCY=,1077.88877,(CM**-1),QHDHD
MODE,115,FREQUENCY=,1081.88998,(CM**-1),QHDHD
MODE,116,FREQUENCY=,1085.15280,(CM**-1),QHDHD
MODE,117,FREQUENCY=,1089.93938,(CM**-1),QHDHD
MODE,118,FREQUENCY=,1092.84706,(CM**-1),QHDHD
MODE,119,FREQUENCY=,1101.48194,(CM**-1),QHDHD
MODE,120,FREQUENCY=,1103.61645,(CM**-1),QHDHD
MODE,121,FREQUENCY=,1155.32881,(CM**-1),QHDHD
MODE,122,FREQUENCY=,1174.91007,(CM**-1),QHDHD
MODE,123,FREQUENCY=,1183.69628,(CM**-1),QHDHD
MODE,124,FREQUENCY=,1205.76746,(CM**-1),QHDHD
MODE,125,FREQUENCY=,1241.97658,(CM**-1),QHDHD
MODE,126,FREQUENCY=,1268.26984,(CM**-1),QHDHD
MODE,127,FREQUENCY=,1274.14288,(CM**-1),QHDHD
MODE,128,FREQUENCY=,1301.48007,(CM**-1),QHDHD
MODE,129,FREQUENCY=,1305.91544,(CM**-1),QHDHD
MODE,130,FREQUENCY=,1309.69045,(CM**-1),QHDHD
MODE,131,FREQUENCY=,1356.78821,(CM**-1),QHDHD
MODE,132,FREQUENCY=,1361.82213,(CM**-1),QHDHD
MODE,133,FREQUENCY=,1367.61465,(CM**-1),QHDHD
MODE,134,FREQUENCY=,1393.39997,(CM**-1),QHDHD
MODE,135,FREQUENCY=,1404.79073,(CM**-1),QHDHD
MODE,136,FREQUENCY=,1410.57085,(CM**-1),QHDHD
MODE,137,FREQUENCY=,1428.63850,(CM**-1),QHDHD
MODE,138,FREQUENCY=,1438.96425,(CM**-1),QHDHD
MODE,139,FREQUENCY=,1441.11176,(CM**-1),QHDHD
MODE,140,FREQUENCY=,1444.10465,(CM**-1),QHDHD
MODE,141,FREQUENCY=,1448.09936,(CM**-1),QHDHD
MODE,142,FREQUENCY=,1482.27743,(CM**-1),QHDHD
MODE,143,FREQUENCY=,1493.18985,(CM**-1),QHDHD
MODE,144,FREQUENCY=,1494.12189,(CM**-1),QHDHD
MODE,145,FREQUENCY=,1494.72925,(CM**-1),QHDHD
MODE,146,FREQUENCY=,1497.84403,(CM**-1),QHDHD
MODE,147,FREQUENCY=,1499.19014,(CM**-1),QHDHD
MODE,148,FREQUENCY=,1501.16929,(CM**-1),QHDHD
MODE,149,FREQUENCY=,1501.34248,(CM**-1),QHDHD
MODE,150,FREQUENCY=,1506.96200,(CM**-1),QHDHD
MODE,151,FREQUENCY=,1509.01204,(CM**-1),QHDHD
MODE,152,FREQUENCY=,1509.46189,(CM**-1),QHDHD
MODE,153,FREQUENCY=,1509.93954,(CM**-1),QHDHD
MODE,154,FREQUENCY=,1513.84583,(CM**-1),QHDHD
MODE,155,FREQUENCY=,1526.36186,(CM**-1),QHDHD
MODE,156,FREQUENCY=,1532.09357,(CM**-1),QHDHD
MODE,157,FREQUENCY=,1550.70590,(CM**-1),QHDHD
MODE,158,FREQUENCY=,1552.88734,(CM**-1),QHDHD
MODE,159,FREQUENCY=,1600.34690,(CM**-1),QHDHD
MODE,160,FREQUENCY=,1630.74414,(CM**-1),QHDHD
MODE,161,FREQUENCY=,1633.92861,(CM**-1),QHDHD
MODE,162,FREQUENCY=,1636.08050,(CM**-1),QHDHD
MODE,163,FREQUENCY=,1676.59645,(CM**-1),QHDHD
MODE,164,FREQUENCY=,1730.00551,(CM**-1),QHDHD
MODE,165,FREQUENCY=,1737.27883,(CM**-1),QHDHD
MODE,166,FREQUENCY=,2310.48483,(CM**-1),QHDHD
MODE,167,FREQUENCY=,3059.05875,(CM**-1),QHDHD
MODE,168,FREQUENCY=,3061.36370,(CM**-1),QHDHD
MODE,169,FREQUENCY=,3062.11044,(CM**-1),QHDHD
MODE,170,FREQUENCY=,3066.27374,(CM**-1),QHDHD
MODE,171,FREQUENCY=,3066.45703,(CM**-1),QHDHD
MODE,172,FREQUENCY=,3066.94660,(CM**-1),QHDHD
MODE,173,FREQUENCY=,3120.81224,(CM**-1),QHDHD
MODE,174,FREQUENCY=,3126.70958,(CM**-1),QHDHD
MODE,175,FREQUENCY=,3129.26868,(CM**-1),QHDHD
MODE,176,FREQUENCY=,3132.43839,(CM**-1),QHDHD
MODE,177,FREQUENCY=,3135.13206,(CM**-1),QHDHD
MODE,178,FREQUENCY=,3135.97693,(CM**-1),QHDHD
MODE,179,FREQUENCY=,3138.06096,(CM**-1),QHDHD
MODE,180,FREQUENCY=,3139.60697,(CM**-1),QHDHD
MODE,181,FREQUENCY=,3152.26760,(CM**-1),QHDHD
MODE,182,FREQUENCY=,3163.19912,(CM**-1),QHDHD
MODE,183,FREQUENCY=,3168.64656,(CM**-1),QHDHD
MODE,184,FREQUENCY=,3168.85911,(CM**-1),QHDHD
MODE,185,FREQUENCY=,3172.82052,(CM**-1),QHDHD
MODE,186,FREQUENCY=,3204.42614,(CM**-1),QHDHD
MODE,187,FREQUENCY=,3220.51131,(CM**-1),QHDHD
MODE,188,FREQUENCY=,3279.38945,(CM**-1),QHDHD
MODE,189,FREQUENCY=,3298.61060,(CM**-1),QHDHD
MODE,190,FREQUENCY=,3299.58558,(CM**-1),QHDHD
MODE,191,FREQUENCY=,3314.43899,(CM**-1),QHDHD
MODE,192,FREQUENCY=,3389.84323,(CM**-1),QHDHD
MODE,193,FREQUENCY=,3659.80878,(CM**-1),QHDHD
MODE,194,FREQUENCY=,3662.88137,(CM**-1),QHDHD
MODE,195,FREQUENCY=,3696.79551,(CM**-1),QHDHD
13-1-2-2-1,,,,,
MODE,1,FREQUENCY=,-1142.15431,(CM**-1),QHDDH
MODE,8,FREQUENCY=,23.44379,(CM**-1),QHDDH
MODE,9,FREQUENCY=,31.08206,(CM**-1),QHDDH
MODE,10,FREQUENCY=,32.77706,(CM**-1),QHDDH
MODE,11,FREQUENCY=,35.77544,(CM**-1),QHDDH
MODE,12,FREQUENCY=,42.78533,(CM**-1),QHDDH
MODE,13,FREQUENCY=,46.14147,(CM**-1),QHDDH
MODE,14,FREQUENCY=,49.51175,(CM**-1),QHDDH
MODE,15,FREQUENCY=,51.76231,(CM**-1),QHDDH
MODE,16,FREQUENCY=,53.46585,(CM**-1),QHDDH
MODE,17,FREQUENCY=,58.84408,(CM**-1),QHDDH
MODE,18,FREQUENCY=,61.58108,(CM**-1),QHDDH
MODE,19,FREQUENCY=,67.22449,(CM**-1),QHDDH
MODE,20,FREQUENCY=,71.52570,(CM**-1),QHDDH
MODE,21,FREQUENCY=,75.97841,(CM**-1),QHDDH
MODE,22,FREQUENCY=,80.35881,(CM**-1),QHDDH
MODE,23,FREQUENCY=,83.07062,(CM**-1),QHDDH
MODE,24,FREQUENCY=,89.02754,(CM**-1),QHDDH
MODE,25,FREQUENCY=,96.70059,(CM**-1),QHDDH
MODE,26,FREQUENCY=,98.22309,(CM**-1),QHDDH
MODE,27,FREQUENCY=,105.82352,(CM**-1),QHDDH
MODE,28,FREQUENCY=,111.59588,(CM**-1),QHDDH
MODE,29,FREQUENCY=,113.58390,(CM**-1),QHDDH
MODE,30,FREQUENCY=,115.64707,(CM**-1),QHDDH
MODE,31,FREQUENCY=,121.71277,(CM**-1),QHDDH
MODE,32,FREQUENCY=,124.47715,(CM**-1),QHDDH
MODE,33,FREQUENCY=,127.30454,(CM**-1),QHDDH
MODE,34,FREQUENCY=,137.34418,(CM**-1),QHDDH
MODE,35,FREQUENCY=,138.52041,(CM**-1),QHDDH
MODE,36,FREQUENCY=,148.41629,(CM**-1),QHDDH
MODE,37,FREQUENCY=,153.12642,(CM**-1),QHDDH
MODE,38,FREQUENCY=,157.03160,(CM**-1),QHDDH
MODE,39,FREQUENCY=,160.22723,(CM**-1),QHDDH
MODE,40,FREQUENCY=,165.01887,(CM**-1),QHDDH
MODE,41,FREQUENCY=,168.54589,(CM**-1),QHDDH
MODE,42,FREQUENCY=,172.77921,(CM**-1),QHDDH
MODE,43,FREQUENCY=,175.33415,(CM**-1),QHDDH
MODE,44,FREQUENCY=,182.64522,(CM**-1),QHDDH
MODE,45,FREQUENCY=,183.49996,(CM**-1),QHDDH
MODE,46,FREQUENCY=,197.73409,(CM**-1),QHDDH
MODE,47,FREQUENCY=,198.51413,(CM**-1),QHDDH
MODE,48,FREQUENCY=,207.07895,(CM**-1),QHDDH
MODE,49,FREQUENCY=,221.35606,(CM**-1),QHDDH
MODE,50,FREQUENCY=,227.63724,(CM**-1),QHDDH
MODE,51,FREQUENCY=,242.78960,(CM**-1),QHDDH
MODE,52,FREQUENCY=,250.28377,(CM**-1),QHDDH
MODE,53,FREQUENCY=,270.75796,(CM**-1),QHDDH
MODE,54,FREQUENCY=,275.95420,(CM**-1),QHDDH
MODE,55,FREQUENCY=,279.79922,(CM**-1),QHDDH
MODE,56,FREQUENCY=,300.76831,(CM**-1),QHDDH
MODE,57,FREQUENCY=,313.02427,(CM**-1),QHDDH
MODE,58,FREQUENCY=,319.33348,(CM**-1),QHDDH
MODE,59,FREQUENCY=,325.28766,(CM**-1),QHDDH
MODE,60,FREQUENCY=,328.40491,(CM**-1),QHDDH
MODE,61,FREQUENCY=,349.86481,(CM**-1),QHDDH
MODE,62,FREQUENCY=,361.12976,(CM**-1),QHDDH
MODE,63,FREQUENCY=,368.42463,(CM**-1),QHDDH
MODE,64,FREQUENCY=,372.81101,(CM**-1),QHDDH
MODE,65,FREQUENCY=,384.89291,(CM**-1),QHDDH
MODE,66,FREQUENCY=,429.13453,(CM**-1),QHDDH
MODE,67,FREQUENCY=,453.46204,(CM**-1),QHDDH
MODE,68,FREQUENCY=,492.10876,(CM**-1),QHDDH
MODE,69,FREQUENCY=,513.29580,(CM**-1),QHDDH
MODE,70,FREQUENCY=,523.08506,(CM**-1),QHDDH
MODE,71,FREQUENCY=,525.84591,(CM**-1),QHDDH
MODE,72,FREQUENCY=,534.94558,(CM**-1),QHDDH
MODE,73,FREQUENCY=,549.92561,(CM**-1),QHDDH
MODE,74,FREQUENCY=,569.11192,(CM**-1),QHDDH
MODE,75,FREQUENCY=,603.06010,(CM**-1),QHDDH
MODE,76,FREQUENCY=,614.65560,(CM**-1),QHDDH
MODE,77,FREQUENCY=,616.96956,(CM**-1),QHDDH
MODE,78,FREQUENCY=,618.02002,(CM**-1),QHDDH
MODE,79,FREQUENCY=,628.29021,(CM**-1),QHDDH
MODE,80,FREQUENCY=,636.29380,(CM**-1),QHDDH
MODE,81,FREQUENCY=,637.55599,(CM**-1),QHDDH
MODE,82,FREQUENCY=,649.13563,(CM**-1),QHDDH
MODE,83,FREQUENCY=,652.13625,(CM**-1),QHDDH
MODE,84,FREQUENCY=,663.65487,(CM**-1),QHDDH
MODE,85,FREQUENCY=,668.35254,(CM**-1),QHDDH
MODE,86,FREQUENCY=,669.76805,(CM**-1),QHDDH
MODE,87,FREQUENCY=,678.85568,(CM**-1),QHDDH
MODE,88,FREQUENCY=,680.32592,(CM**-1),QHDDH
MODE,89,FREQUENCY=,687.53658,(CM**-1),QHDDH
MODE,90,FREQUENCY=,722.75211,(CM**-1),QHDDH
MODE,91,FREQUENCY=,729.21446,(CM**-1),QHDDH
MODE,92,FREQUENCY=,742.39023,(CM**-1),QHDDH
MODE,93,FREQUENCY=,786.39641,(CM**-1),QHDDH
MODE,94,FREQUENCY=,819.06344,(CM**-1),QHDDH
MODE,95,FREQUENCY=,875.80618,(CM**-1),QHDDH
MODE,96,FREQUENCY=,924.91152,(CM**-1),QHDDH
MODE,97,FREQUENCY=,943.26839,(CM**-1),QHDDH
MODE,98,FREQUENCY=,947.08021,(CM**-1),QHDDH
MODE,99,FREQUENCY=,948.35861,(CM**-1),QHDDH
MODE,100,FREQUENCY=,951.51659,(CM**-1),QHDDH
MODE,101,FREQUENCY=,960.64577,(CM**-1),QHDDH
MODE,102,FREQUENCY=,997.05806,(CM**-1),QHDDH
MODE,103,FREQUENCY=,1016.51940,(CM**-1),QHDDH
MODE,104,FREQUENCY=,1018.83433,(CM**-1),QHDDH
MODE,105,FREQUENCY=,1021.38159,(CM**-1),QHDDH
MODE,106,FREQUENCY=,1027.14110,(CM**-1),QHDDH
MODE,107,FREQUENCY=,1034.16958,(CM**-1),QHDDH
MODE,108,FREQUENCY=,1035.23509,(CM**-1),QHDDH
MODE,109,FREQUENCY=,1038.57864,(CM**-1),QHDDH
MODE,110,FREQUENCY=,1047.66230,(CM**-1),QHDDH
MODE,111,FREQUENCY=,1054.68430,(CM**-1),QHDDH
MODE,112,FREQUENCY=,1066.61783,(CM**-1),QHDDH
MODE,113,FREQUENCY=,1072.16077,(CM**-1),QHDDH
MODE,114,FREQUENCY=,1077.97526,(CM**-1),QHDDH
MODE,115,FREQUENCY=,1082.00330,(CM**-1),QHDDH
MODE,116,FREQUENCY=,1085.15603,(CM**-1),QHDDH
MODE,117,FREQUENCY=,1089.93954,(CM**-1),QHDDH
MODE,118,FREQUENCY=,1092.84498,(CM**-1),QHDDH
MODE,119,FREQUENCY=,1101.48531,(CM**-1),QHDDH
MODE,120,FREQUENCY=,1103.61675,(CM**-1),QHDDH
MODE,121,FREQUENCY=,1124.63999,(CM**-1),QHDDH
MODE,122,FREQUENCY=,1174.91883,(CM**-1),QHDDH
MODE,123,FREQUENCY=,1183.69482,(CM**-1),QHDDH
MODE,124,FREQUENCY=,1205.70327,(CM**-1),QHDDH
MODE,125,FREQUENCY=,1219.04954,(CM**-1),QHDDH
MODE,126,FREQUENCY=,1268.27104,(CM**-1),QHDDH
MODE,127,FREQUENCY=,1274.14365,(CM**-1),QHDDH
MODE,128,FREQUENCY=,1301.45589,(CM**-1),QHDDH
MODE,129,FREQUENCY=,1305.90603,(CM**-1),QHDDH
MODE,130,FREQUENCY=,1309.23116,(CM**-1),QHDDH
MODE,131,FREQUENCY=,1323.56646,(CM**-1),QHDDH
MODE,132,FREQUENCY=,1356.78874,(CM**-1),QHDDH
MODE,133,FREQUENCY=,1361.82228,(CM**-1),QHDDH
MODE,134,FREQUENCY=,1367.64338,(CM**-1),QHDDH
MODE,135,FREQUENCY=,1393.42505,(CM**-1),QHDDH
MODE,136,FREQUENCY=,1404.80029,(CM**-1),QHDDH
MODE,137,FREQUENCY=,1410.58985,(CM**-1),QHDDH
MODE,138,FREQUENCY=,1428.64248,(CM**-1),QHDDH
MODE,139,FREQUENCY=,1441.12004,(CM**-1),QHDDH
MODE,140,FREQUENCY=,1444.09929,(CM**-1),QHDDH
MODE,141,FREQUENCY=,1448.10315,(CM**-1),QHDDH
MODE,142,FREQUENCY=,1482.28826,(CM**-1),QHDDH
MODE,143,FREQUENCY=,1493.19148,(CM**-1),QHDDH
MODE,144,FREQUENCY=,1494.12259,(CM**-1),QHDDH
MODE,145,FREQUENCY=,1494.72918,(CM**-1),QHDDH
MODE,146,FREQUENCY=,1497.84406,(CM**-1),QHDDH
MODE,147,FREQUENCY=,1498.93203,(CM**-1),QHDDH
MODE,148,FREQUENCY=,1501.16915,(CM**-1),QHDDH
MODE,149,FREQUENCY=,1501.31804,(CM**-1),QHDDH
MODE,150,FREQUENCY=,1506.96328,(CM**-1),QHDDH
MODE,151,FREQUENCY=,1509.01096,(CM**-1),QHDDH
MODE,152,FREQUENCY=,1509.44978,(CM**-1),QHDDH
MODE,153,FREQUENCY=,1509.92107,(CM**-1),QHDDH
MODE,154,FREQUENCY=,1513.85347,(CM**-1),QHDDH
MODE,155,FREQUENCY=,1526.36413,(CM**-1),QHDDH
MODE,156,FREQUENCY=,1532.09380,(CM**-1),QHDDH
MODE,157,FREQUENCY=,1550.70726,(CM**-1),QHDDH
MODE,158,FREQUENCY=,1552.89855,(CM**-1),QHDDH
MODE,159,FREQUENCY=,1600.36482,(CM**-1),QHDDH
MODE,160,FREQUENCY=,1630.76321,(CM**-1),QHDDH
MODE,161,FREQUENCY=,1633.93121,(CM**-1),QHDDH
MODE,162,FREQUENCY=,1636.09725,(CM**-1),QHDDH
MODE,163,FREQUENCY=,1676.59839,(CM**-1),QHDDH
MODE,164,FREQUENCY=,1730.00645,(CM**-1),QHDDH
MODE,165,FREQUENCY=,1737.29024,(CM**-1),QHDDH
MODE,166,FREQUENCY=,2250.94704,(CM**-1),QHDDH
MODE,167,FREQUENCY=,2373.71403,(CM**-1),QHDDH
MODE,168,FREQUENCY=,3059.05892,(CM**-1),QHDDH
MODE,169,FREQUENCY=,3061.36373,(CM**-1),QHDDH
MODE,170,FREQUENCY=,3062.11056,(CM**-1),QHDDH
MODE,171,FREQUENCY=,3066.27381,(CM**-1),QHDDH
MODE,172,FREQUENCY=,3066.45706,(CM**-1),QHDDH
MODE,173,FREQUENCY=,3066.94663,(CM**-1),QHDDH
MODE,174,FREQUENCY=,3120.81442,(CM**-1),QHDDH
MODE,175,FREQUENCY=,3126.70959,(CM**-1),QHDDH
MODE,176,FREQUENCY=,3129.26879,(CM**-1),QHDDH
MODE,177,FREQUENCY=,3132.43939,(CM**-1),QHDDH
MODE,178,FREQUENCY=,3135.13210,(CM**-1),QHDDH
MODE,179,FREQUENCY=,3135.97698,(CM**-1),QHDDH
MODE,180,FREQUENCY=,3139.60686,(CM**-1),QHDDH
MODE,181,FREQUENCY=,3152.26754,(CM**-1),QHDDH
MODE,182,FREQUENCY=,3163.19841,(CM**-1),QHDDH
MODE,183,FREQUENCY=,3168.64655,(CM**-1),QHDDH
MODE,184,FREQUENCY=,3168.85913,(CM**-1),QHDDH
MODE,185,FREQUENCY=,3172.82054,(CM**-1),QHDDH
MODE,186,FREQUENCY=,3193.33046,(CM**-1),QHDDH
MODE,187,FREQUENCY=,3204.49878,(CM**-1),QHDDH
MODE,188,FREQUENCY=,3279.38962,(CM**-1),QHDDH
MODE,189,FREQUENCY=,3298.61061,(CM**-1),QHDDH
MODE,190,FREQUENCY=,3299.58559,(CM**-1),QHDDH
MODE,191,FREQUENCY=,3314.43915,(CM**-1),QHDDH
MODE,192,FREQUENCY=,3389.84431,(CM**-1),QHDDH
MODE,193,FREQUENCY=,3659.80886,(CM**-1),QHDDH
MODE,194,FREQUENCY=,3662.88139,(CM**-1),QHDDH
MODE,195,FREQUENCY=,3696.79562,(CM**-1),QHDDH
13-1-2-2-2,,,,,
MODE,1,FREQUENCY=,-876.57378,(CM**-1),QHDDD
MODE,8,FREQUENCY=,23.40769,(CM**-1),QHDDD
MODE,9,FREQUENCY=,31.04122,(CM**-1),QHDDD
MODE,10,FREQUENCY=,32.76899,(CM**-1),QHDDD
MODE,11,FREQUENCY=,35.75011,(CM**-1),QHDDD
MODE,12,FREQUENCY=,42.78355,(CM**-1),QHDDD
MODE,13,FREQUENCY=,46.13924,(CM**-1),QHDDD
MODE,14,FREQUENCY=,49.50722,(CM**-1),QHDDD
MODE,15,FREQUENCY=,51.74914,(CM**-1),QHDDD
MODE,16,FREQUENCY=,53.46282,(CM**-1),QHDDD
MODE,17,FREQUENCY=,58.83525,(CM**-1),QHDDD
MODE,18,FREQUENCY=,61.44465,(CM**-1),QHDDD
MODE,19,FREQUENCY=,67.19844,(CM**-1),QHDDD
MODE,20,FREQUENCY=,71.50444,(CM**-1),QHDDD
MODE,21,FREQUENCY=,75.97335,(CM**-1),QHDDD
MODE,22,FREQUENCY=,80.31485,(CM**-1),QHDDD
MODE,23,FREQUENCY=,83.05708,(CM**-1),QHDDD
MODE,24,FREQUENCY=,89.02524,(CM**-1),QHDDD
MODE,25,FREQUENCY=,96.69992,(CM**-1),QHDDD
MODE,26,FREQUENCY=,98.21687,(CM**-1),QHDDD
MODE,27,FREQUENCY=,105.72507,(CM**-1),QHDDD
MODE,28,FREQUENCY=,111.59264,(CM**-1),QHDDD
MODE,29,FREQUENCY=,113.56912,(CM**-1),QHDDD
MODE,30,FREQUENCY=,115.64672,(CM**-1),QHDDD
MODE,31,FREQUENCY=,121.71171,(CM**-1),QHDDD
MODE,32,FREQUENCY=,124.46724,(CM**-1),QHDDD
MODE,33,FREQUENCY=,127.29436,(CM**-1),QHDDD
MODE,34,FREQUENCY=,137.33116,(CM**-1),QHDDD
MODE,35,FREQUENCY=,138.48284,(CM**-1),QHDDD
MODE,36,FREQUENCY=,148.37466,(CM**-1),QHDDD
MODE,37,FREQUENCY=,152.76717,(CM**-1),QHDDD
MODE,38,FREQUENCY=,156.94097,(CM**-1),QHDDD
MODE,39,FREQUENCY=,160.12391,(CM**-1),QHDDD
MODE,40,FREQUENCY=,164.98644,(CM**-1),QHDDD
MODE,41,FREQUENCY=,168.52959,(CM**-1),QHDDD
MODE,42,FREQUENCY=,172.75959,(CM**-1),QHDDD
MODE,43,FREQUENCY=,175.29599,(CM**-1),QHDDD
MODE,44,FREQUENCY=,182.34121,(CM**-1),QHDDD
MODE,45,FREQUENCY=,183.44422,(CM**-1),QHDDD
MODE,46,FREQUENCY=,197.72472,(CM**-1),QHDDD
MODE,47,FREQUENCY=,198.34227,(CM**-1),QHDDD
MODE,48,FREQUENCY=,206.90407,(CM**-1),QHDDD
MODE,49,FREQUENCY=,220.98284,(CM**-1),QHDDD
MODE,50,FREQUENCY=,227.43660,(CM**-1),QHDDD
MODE,51,FREQUENCY=,236.37807,(CM**-1),QHDDD
MODE,52,FREQUENCY=,248.90611,(CM**-1),QHDDD
MODE,53,FREQUENCY=,270.10454,(CM**-1),QHDDD
MODE,54,FREQUENCY=,275.86351,(CM**-1),QHDDD
MODE,55,FREQUENCY=,279.75989,(CM**-1),QHDDD
MODE,56,FREQUENCY=,287.01076,(CM**-1),QHDDD
MODE,57,FREQUENCY=,305.96432,(CM**-1),QHDDD
MODE,58,FREQUENCY=,310.99820,(CM**-1),QHDDD
MODE,59,FREQUENCY=,325.20544,(CM**-1),QHDDD
MODE,60,FREQUENCY=,328.21323,(CM**-1),QHDDD
MODE,61,FREQUENCY=,349.41920,(CM**-1),QHDDD
MODE,62,FREQUENCY=,358.71893,(CM**-1),QHDDD
MODE,63,FREQUENCY=,362.71521,(CM**-1),QHDDD
MODE,64,FREQUENCY=,372.80188,(CM**-1),QHDDD
MODE,65,FREQUENCY=,376.48385,(CM**-1),QHDDD
MODE,66,FREQUENCY=,416.54530,(CM**-1),QHDDD
MODE,67,FREQUENCY=,453.42177,(CM**-1),QHDDD
MODE,68,FREQUENCY=,492.10621,(CM**-1),QHDDD
MODE,69,FREQUENCY=,513.16605,(CM**-1),QHDDD
MODE,70,FREQUENCY=,523.07367,(CM**-1),QHDDD
MODE,71,FREQUENCY=,525.83796,(CM**-1),QHDDD
MODE,72,FREQUENCY=,534.94288,(CM**-1),QHDDD
MODE,73,FREQUENCY=,549.85032,(CM**-1),QHDDD
MODE,74,FREQUENCY=,569.10327,(CM**-1),QHDDD
MODE,75,FREQUENCY=,603.05582,(CM**-1),QHDDD
MODE,76,FREQUENCY=,614.65300,(CM**-1),QHDDD
MODE,77,FREQUENCY=,616.96431,(CM**-1),QHDDD
MODE,78,FREQUENCY=,618.01581,(CM**-1),QHDDD
MODE,79,FREQUENCY=,628.28206,(CM**-1),QHDDD
MODE,80,FREQUENCY=,636.29075,(CM**-1),QHDDD
MODE,81,FREQUENCY=,637.54217,(CM**-1),QHDDD
MODE,82,FREQUENCY=,649.13468,(CM**-1),QHDDD
MODE,83,FREQUENCY=,652.13607,(CM**-1),QHDDD
MODE,84,FREQUENCY=,663.41283,(CM**-1),QHDDD
MODE,85,FREQUENCY=,668.34945,(CM**-1),QHDDD
MODE,86,FREQUENCY=,669.72980,(CM**-1),QHDDD
MODE,87,FREQUENCY=,678.83401,(CM**-1),QHDDD
MODE,88,FREQUENCY=,680.01645,(CM**-1),QHDDD
MODE,89,FREQUENCY=,687.51765,(CM**-1),QHDDD
MODE,90,FREQUENCY=,715.48724,(CM**-1),QHDDD
MODE,91,FREQUENCY=,722.75285,(CM**-1),QHDDD
MODE,92,FREQUENCY=,729.21829,(CM**-1),QHDDD
MODE,93,FREQUENCY=,786.17847,(CM**-1),QHDDD
MODE,94,FREQUENCY=,819.05290,(CM**-1),QHDDD
MODE,95,FREQUENCY=,851.53026,(CM**-1),QHDDD
MODE,96,FREQUENCY=,875.80343,(CM**-1),QHDDD
MODE,97,FREQUENCY=,903.62897,(CM**-1),QHDDD
MODE,98,FREQUENCY=,924.94007,(CM**-1),QHDDD
MODE,99,FREQUENCY=,943.29873,(CM**-1),QHDDD
MODE,100,FREQUENCY=,947.11035,(CM**-1),QHDDD
MODE,101,FREQUENCY=,948.36337,(CM**-1),QHDDD
MODE,102,FREQUENCY=,951.51559,(CM**-1),QHDDD
MODE,103,FREQUENCY=,960.59864,(CM**-1),QHDDD
MODE,104,FREQUENCY=,997.30018,(CM**-1),QHDDD
MODE,105,FREQUENCY=,1016.53338,(CM**-1),QHDDD
MODE,106,FREQUENCY=,1021.19492,(CM**-1),QHDDD
MODE,107,FREQUENCY=,1027.12593,(CM**-1),QHDDD
MODE,108,FREQUENCY=,1029.69136,(CM**-1),QHDDD
MODE,109,FREQUENCY=,1034.15230,(CM**-1),QHDDD
MODE,110,FREQUENCY=,1035.24413,(CM**-1),QHDDD
MODE,111,FREQUENCY=,1038.60200,(CM**-1),QHDDD
MODE,112,FREQUENCY=,1047.67176,(CM**-1),QHDDD
MODE,113,FREQUENCY=,1054.68350,(CM**-1),QHDDD
MODE,114,FREQUENCY=,1072.14043,(CM**-1),QHDDD
MODE,115,FREQUENCY=,1077.90204,(CM**-1),QHDDD
MODE,116,FREQUENCY=,1081.89035,(CM**-1),QHDDD
MODE,117,FREQUENCY=,1085.15274,(CM**-1),QHDDD
MODE,118,FREQUENCY=,1089.93952,(CM**-1),QHDDD
MODE,119,FREQUENCY=,1092.84615,(CM**-1),QHDDD
MODE,120,FREQUENCY=,1101.48201,(CM**-1),QHDDD
MODE,121,FREQUENCY=,1103.61651,(CM**-1),QHDDD
MODE,122,FREQUENCY=,1138.37928,(CM**-1),QHDDD
MODE,123,FREQUENCY=,1174.90760,(CM**-1),QHDDD
MODE,124,FREQUENCY=,1183.69572,(CM**-1),QHDDD
MODE,125,FREQUENCY=,1205.76740,(CM**-1),QHDDD
MODE,126,FREQUENCY=,1268.26919,(CM**-1),QHDDD
MODE,127,FREQUENCY=,1274.14281,(CM**-1),QHDDD
MODE,128,FREQUENCY=,1301.44290,(CM**-1),QHDDD
MODE,129,FREQUENCY=,1305.90156,(CM**-1),QHDDD
MODE,130,FREQUENCY=,1309.17538,(CM**-1),QHDDD
MODE,131,FREQUENCY=,1323.31351,(CM**-1),QHDDD
MODE,132,FREQUENCY=,1356.78845,(CM**-1),QHDDD
MODE,133,FREQUENCY=,1361.82217,(CM**-1),QHDDD
MODE,134,FREQUENCY=,1367.61042,(CM**-1),QHDDD
MODE,135,FREQUENCY=,1393.40022,(CM**-1),QHDDD
MODE,136,FREQUENCY=,1404.79128,(CM**-1),QHDDD
MODE,137,FREQUENCY=,1410.57407,(CM**-1),QHDDD
MODE,138,FREQUENCY=,1428.63715,(CM**-1),QHDDD
MODE,139,FREQUENCY=,1441.09912,(CM**-1),QHDDD
MODE,140,FREQUENCY=,1444.09884,(CM**-1),QHDDD
MODE,141,FREQUENCY=,1448.09786,(CM**-1),QHDDD
MODE,142,FREQUENCY=,1482.26806,(CM**-1),QHDDD
MODE,143,FREQUENCY=,1493.18915,(CM**-1),QHDDD
MODE,144,FREQUENCY=,1494.11687,(CM**-1),QHDDD
MODE,145,FREQUENCY=,1494.72909,(CM**-1),QHDDD
MODE,146,FREQUENCY=,1497.84402,(CM**-1),QHDDD
MODE,147,FREQUENCY=,1498.91888,(CM**-1),QHDDD
MODE,148,FREQUENCY=,1501.16871,(CM**-1),QHDDD
MODE,149,FREQUENCY=,1501.31745,(CM**-1),QHDDD
MODE,150,FREQUENCY=,1506.96199,(CM**-1),QHDDD
MODE,151,FREQUENCY=,1509.01021,(CM**-1),QHDDD
MODE,152,FREQUENCY=,1509.44715,(CM**-1),QHDDD
MODE,153,FREQUENCY=,1509.91994,(CM**-1),QHDDD
MODE,154,FREQUENCY=,1513.84566,(CM**-1),QHDDD
MODE,155,FREQUENCY=,1526.36170,(CM**-1),QHDDD
MODE,156,FREQUENCY=,1532.09348,(CM**-1),QHDDD
MODE,157,FREQUENCY=,1550.70584,(CM**-1),QHDDD
MODE,158,FREQUENCY=,1552.88630,(CM**-1),QHDDD
MODE,159,FREQUENCY=,1600.32525,(CM**-1),QHDDD
MODE,160,FREQUENCY=,1630.74161,(CM**-1),QHDDD
MODE,161,FREQUENCY=,1633.92823,(CM**-1),QHDDD
MODE,162,FREQUENCY=,1636.07837,(CM**-1),QHDDD
MODE,163,FREQUENCY=,1676.59528,(CM**-1),QHDDD
MODE,164,FREQUENCY=,1730.00542,(CM**-1),QHDDD
MODE,165,FREQUENCY=,1737.27546,(CM**-1),QHDDD
MODE,166,FREQUENCY=,2250.79234,(CM**-1),QHDDD
MODE,167,FREQUENCY=,2373.64408,(CM**-1),QHDDD
MODE,168,FREQUENCY=,3059.05860,(CM**-1),QHDDD
MODE,169,FREQUENCY=,3061.36370,(CM**-1),QHDDD
MODE,170,FREQUENCY=,3062.11047,(CM**-1),QHDDD
MODE,171,FREQUENCY=,3066.27375,(CM**-1),QHDDD
MODE,172,FREQUENCY=,3066.45704,(CM**-1),QHDDD
MODE,173,FREQUENCY=,3066.94660,(CM**-1),QHDDD
MODE,174,FREQUENCY=,3120.81432,(CM**-1),QHDDD
MODE,175,FREQUENCY=,3126.70959,(CM**-1),QHDDD
MODE,176,FREQUENCY=,3129.26873,(CM**-1),QHDDD
MODE,177,FREQUENCY=,3132.43932,(CM**-1),QHDDD
MODE,178,FREQUENCY=,3135.13210,(CM**-1),QHDDD
MODE,179,FREQUENCY=,3135.97696,(CM**-1),QHDDD
MODE,180,FREQUENCY=,3139.60685,(CM**-1),QHDDD
MODE,181,FREQUENCY=,3152.26753,(CM**-1),QHDDD
MODE,182,FREQUENCY=,3163.19806,(CM**-1),QHDDD
MODE,183,FREQUENCY=,3168.64649,(CM**-1),QHDDD
MODE,184,FREQUENCY=,3168.85911,(CM**-1),QHDDD
MODE,185,FREQUENCY=,3172.82052,(CM**-1),QHDDD
MODE,186,FREQUENCY=,3193.19850,(CM**-1),QHDDD
MODE,187,FREQUENCY=,3204.42868,(CM**-1),QHDDD
MODE,188,FREQUENCY=,3279.38944,(CM**-1),QHDDD
MODE,189,FREQUENCY=,3298.61060,(CM**-1),QHDDD
MODE,190,FREQUENCY=,3299.58558,(CM**-1),QHDDD
MODE,191,FREQUENCY=,3314.43898,(CM**-1),QHDDD
MODE,192,FREQUENCY=,3389.84293,(CM**-1),QHDDD
MODE,193,FREQUENCY=,3659.80878,(CM**-1),QHDDD
MODE,194,FREQUENCY=,3662.88136,(CM**-1),QHDDD
MODE,195,FREQUENCY=,3696.79548,(CM**-1),QHDDD
13-2-1-1-1,,,,,
MODE,1,FREQUENCY=,-1152.70012,(CM**-1),QDHHH
MODE,8,FREQUENCY=,23.91335,(CM**-1),QDHHH
MODE,9,FREQUENCY=,31.84016,(CM**-1),QDHHH
MODE,10,FREQUENCY=,32.84395,(CM**-1),QDHHH
MODE,11,FREQUENCY=,36.21582,(CM**-1),QDHHH
MODE,12,FREQUENCY=,42.82902,(CM**-1),QDHHH
MODE,13,FREQUENCY=,46.15989,(CM**-1),QDHHH
MODE,14,FREQUENCY=,49.52937,(CM**-1),QDHHH
MODE,15,FREQUENCY=,51.84374,(CM**-1),QDHHH
MODE,16,FREQUENCY=,53.49034,(CM**-1),QDHHH
MODE,17,FREQUENCY=,58.97360,(CM**-1),QDHHH
MODE,18,FREQUENCY=,64.57823,(CM**-1),QDHHH
MODE,19,FREQUENCY=,67.49407,(CM**-1),QDHHH
MODE,20,FREQUENCY=,73.93810,(CM**-1),QDHHH
MODE,21,FREQUENCY=,76.16911,(CM**-1),QDHHH
MODE,22,FREQUENCY=,82.21782,(CM**-1),QDHHH
MODE,23,FREQUENCY=,83.53218,(CM**-1),QDHHH
MODE,24,FREQUENCY=,89.06474,(CM**-1),QDHHH
MODE,25,FREQUENCY=,96.71864,(CM**-1),QDHHH
MODE,26,FREQUENCY=,98.60072,(CM**-1),QDHHH
MODE,27,FREQUENCY=,105.80602,(CM**-1),QDHHH
MODE,28,FREQUENCY=,111.61437,(CM**-1),QDHHH
MODE,29,FREQUENCY=,113.55922,(CM**-1),QDHHH
MODE,30,FREQUENCY=,115.65291,(CM**-1),QDHHH
MODE,31,FREQUENCY=,121.77896,(CM**-1),QDHHH
MODE,32,FREQUENCY=,124.49767,(CM**-1),QDHHH
MODE,33,FREQUENCY=,127.31223,(CM**-1),QDHHH
MODE,34,FREQUENCY=,137.34368,(CM**-1),QDHHH
MODE,35,FREQUENCY=,138.50589,(CM**-1),QDHHH
MODE,36,FREQUENCY=,148.39028,(CM**-1),QDHHH
MODE,37,FREQUENCY=,152.89072,(CM**-1),QDHHH
MODE,38,FREQUENCY=,157.04425,(CM**-1),QDHHH
MODE,39,FREQUENCY=,160.33694,(CM**-1),QDHHH
MODE,40,FREQUENCY=,164.97685,(CM**-1),QDHHH
MODE,41,FREQUENCY=,168.56440,(CM**-1),QDHHH
MODE,42,FREQUENCY=,172.80445,(CM**-1),QDHHH
MODE,43,FREQUENCY=,175.29295,(CM**-1),QDHHH
MODE,44,FREQUENCY=,182.64248,(CM**-1),QDHHH
MODE,45,FREQUENCY=,183.51571,(CM**-1),QDHHH
MODE,46,FREQUENCY=,197.72470,(CM**-1),QDHHH
MODE,47,FREQUENCY=,198.81343,(CM**-1),QDHHH
MODE,48,FREQUENCY=,207.13799,(CM**-1),QDHHH
MODE,49,FREQUENCY=,221.18382,(CM**-1),QDHHH
MODE,50,FREQUENCY=,227.99537,(CM**-1),QDHHH
MODE,51,FREQUENCY=,244.61163,(CM**-1),QDHHH
MODE,52,FREQUENCY=,251.66250,(CM**-1),QDHHH
MODE,53,FREQUENCY=,271.00354,(CM**-1),QDHHH
MODE,54,FREQUENCY=,276.00025,(CM**-1),QDHHH
MODE,55,FREQUENCY=,279.82233,(CM**-1),QDHHH
MODE,56,FREQUENCY=,303.03948,(CM**-1),QDHHH
MODE,57,FREQUENCY=,317.66040,(CM**-1),QDHHH
MODE,58,FREQUENCY=,325.82251,(CM**-1),QDHHH
MODE,59,FREQUENCY=,327.43727,(CM**-1),QDHHH
MODE,60,FREQUENCY=,334.88424,(CM**-1),QDHHH
MODE,61,FREQUENCY=,358.28037,(CM**-1),QDHHH
MODE,62,FREQUENCY=,361.25498,(CM**-1),QDHHH
MODE,63,FREQUENCY=,371.06459,(CM**-1),QDHHH
MODE,64,FREQUENCY=,373.67180,(CM**-1),QDHHH
MODE,65,FREQUENCY=,387.34586,(CM**-1),QDHHH
MODE,66,FREQUENCY=,451.93653,(CM**-1),QDHHH
MODE,67,FREQUENCY=,457.79563,(CM**-1),QDHHH
MODE,68,FREQUENCY=,492.10048,(CM**-1),QDHHH
MODE,69,FREQUENCY=,513.19950,(CM**-1),QDHHH
MODE,70,FREQUENCY=,523.09032,(CM**-1),QDHHH
MODE,71,FREQUENCY=,525.93224,(CM**-1),QDHHH
MODE,72,FREQUENCY=,534.96568,(CM**-1),QDHHH
MODE,73,FREQUENCY=,550.15231,(CM**-1),QDHHH
MODE,74,FREQUENCY=,569.11874,(CM**-1),QDHHH
MODE,75,FREQUENCY=,603.05750,(CM**-1),QDHHH
MODE,76,FREQUENCY=,614.65810,(CM**-1),QDHHH
MODE,77,FREQUENCY=,616.94387,(CM**-1),QDHHH
MODE,78,FREQUENCY=,618.03514,(CM**-1),QDHHH
MODE,79,FREQUENCY=,628.29131,(CM**-1),QDHHH
MODE,80,FREQUENCY=,636.30196,(CM**-1),QDHHH
MODE,81,FREQUENCY=,637.56912,(CM**-1),QDHHH
MODE,82,FREQUENCY=,649.13561,(CM**-1),QDHHH
MODE,83,FREQUENCY=,652.13640,(CM**-1),QDHHH
MODE,84,FREQUENCY=,663.71626,(CM**-1),QDHHH
MODE,85,FREQUENCY=,668.35373,(CM**-1),QDHHH
MODE,86,FREQUENCY=,669.77833,(CM**-1),QDHHH
MODE,87,FREQUENCY=,678.85840,(CM**-1),QDHHH
MODE,88,FREQUENCY=,680.39963,(CM**-1),QDHHH
MODE,89,FREQUENCY=,687.54023,(CM**-1),QDHHH
MODE,90,FREQUENCY=,722.75215,(CM**-1),QDHHH
MODE,91,FREQUENCY=,729.21469,(CM**-1),QDHHH
MODE,92,FREQUENCY=,744.32236,(CM**-1),QDHHH
MODE,93,FREQUENCY=,786.39965,(CM**-1),QDHHH
MODE,94,FREQUENCY=,819.06356,(CM**-1),QDHHH
MODE,95,FREQUENCY=,875.80672,(CM**-1),QDHHH
MODE,96,FREQUENCY=,924.90964,(CM**-1),QDHHH
MODE,97,FREQUENCY=,943.29102,(CM**-1),QDHHH
MODE,98,FREQUENCY=,947.08845,(CM**-1),QDHHH
MODE,99,FREQUENCY=,948.36086,(CM**-1),QDHHH
MODE,100,FREQUENCY=,951.51644,(CM**-1),QDHHH
MODE,101,FREQUENCY=,960.64400,(CM**-1),QDHHH
MODE,102,FREQUENCY=,997.33904,(CM**-1),QDHHH
MODE,103,FREQUENCY=,1016.53701,(CM**-1),QDHHH
MODE,104,FREQUENCY=,1021.20090,(CM**-1),QDHHH
MODE,105,FREQUENCY=,1027.13009,(CM**-1),QDHHH
MODE,106,FREQUENCY=,1034.06072,(CM**-1),QDHHH
MODE,107,FREQUENCY=,1035.17829,(CM**-1),QDHHH
MODE,108,FREQUENCY=,1038.58017,(CM**-1),QDHHH
MODE,109,FREQUENCY=,1047.66462,(CM**-1),QDHHH
MODE,110,FREQUENCY=,1054.67078,(CM**-1),QDHHH
MODE,111,FREQUENCY=,1071.32274,(CM**-1),QDHHH
MODE,112,FREQUENCY=,1072.14442,(CM**-1),QDHHH
MODE,113,FREQUENCY=,1078.06809,(CM**-1),QDHHH
MODE,114,FREQUENCY=,1082.06651,(CM**-1),QDHHH
MODE,115,FREQUENCY=,1085.15706,(CM**-1),QDHHH
MODE,116,FREQUENCY=,1089.93968,(CM**-1),QDHHH
MODE,117,FREQUENCY=,1092.84646,(CM**-1),QDHHH
MODE,118,FREQUENCY=,1101.48438,(CM**-1),QDHHH
MODE,119,FREQUENCY=,1103.61834,(CM**-1),QDHHH
MODE,120,FREQUENCY=,1157.26430,(CM**-1),QDHHH
MODE,121,FREQUENCY=,1174.92982,(CM**-1),QDHHH
MODE,122,FREQUENCY=,1183.69560,(CM**-1),QDHHH
MODE,123,FREQUENCY=,1205.78597,(CM**-1),QDHHH
MODE,124,FREQUENCY=,1222.40943,(CM**-1),QDHHH
MODE,125,FREQUENCY=,1260.88592,(CM**-1),QDHHH
MODE,126,FREQUENCY=,1268.27542,(CM**-1),QDHHH
MODE,127,FREQUENCY=,1274.14408,(CM**-1),QDHHH
MODE,128,FREQUENCY=,1301.49229,(CM**-1),QDHHH
MODE,129,FREQUENCY=,1305.91769,(CM**-1),QDHHH
MODE,130,FREQUENCY=,1309.72236,(CM**-1),QDHHH
MODE,131,FREQUENCY=,1356.78854,(CM**-1),QDHHH
MODE,132,FREQUENCY=,1361.82216,(CM**-1),QDHHH
MODE,133,FREQUENCY=,1367.62594,(CM**-1),QDHHH
MODE,134,FREQUENCY=,1393.42153,(CM**-1),QDHHH
MODE,135,FREQUENCY=,1404.79724,(CM**-1),QDHHH
MODE,136,FREQUENCY=,1410.58368,(CM**-1),QDHHH
MODE,137,FREQUENCY=,1428.63749,(CM**-1),QDHHH
MODE,138,FREQUENCY=,1440.50715,(CM**-1),QDHHH
MODE,139,FREQUENCY=,1441.21375,(CM**-1),QDHHH
MODE,140,FREQUENCY=,1444.09943,(CM**-1),QDHHH
MODE,141,FREQUENCY=,1448.10465,(CM**-1),QDHHH
MODE,142,FREQUENCY=,1482.29756,(CM**-1),QDHHH
MODE,143,FREQUENCY=,1493.19165,(CM**-1),QDHHH
MODE,144,FREQUENCY=,1494.12406,(CM**-1),QDHHH
MODE,145,FREQUENCY=,1494.72959,(CM**-1),QDHHH
MODE,146,FREQUENCY=,1497.84408,(CM**-1),QDHHH
MODE,147,FREQUENCY=,1498.85431,(CM**-1),QDHHH
MODE,148,FREQUENCY=,1501.16926,(CM**-1),QDHHH
MODE,149,FREQUENCY=,1501.32178,(CM**-1),QDHHH
MODE,150,FREQUENCY=,1506.96346,(CM**-1),QDHHH
MODE,151,FREQUENCY=,1509.01115,(CM**-1),QDHHH
MODE,152,FREQUENCY=,1509.45015,(CM**-1),QDHHH
MODE,153,FREQUENCY=,1509.91461,(CM**-1),QDHHH
MODE,154,FREQUENCY=,1513.85847,(CM**-1),QDHHH
MODE,155,FREQUENCY=,1526.36544,(CM**-1),QDHHH
MODE,156,FREQUENCY=,1532.09392,(CM**-1),QDHHH
MODE,157,FREQUENCY=,1550.70731,(CM**-1),QDHHH
MODE,158,FREQUENCY=,1552.89927,(CM**-1),QDHHH
MODE,159,FREQUENCY=,1600.38587,(CM**-1),QDHHH
MODE,160,FREQUENCY=,1630.76607,(CM**-1),QDHHH
MODE,161,FREQUENCY=,1633.93117,(CM**-1),QDHHH
MODE,162,FREQUENCY=,1636.09944,(CM**-1),QDHHH
MODE,163,FREQUENCY=,1676.60006,(CM**-1),QDHHH
MODE,164,FREQUENCY=,1730.00659,(CM**-1),QDHHH
MODE,165,FREQUENCY=,1737.28065,(CM**-1),QDHHH
MODE,166,FREQUENCY=,2325.69618,(CM**-1),QDHHH
MODE,167,FREQUENCY=,3059.06025,(CM**-1),QDHHH
MODE,168,FREQUENCY=,3061.36372,(CM**-1),QDHHH
MODE,169,FREQUENCY=,3062.11053,(CM**-1),QDHHH
MODE,170,FREQUENCY=,3066.27376,(CM**-1),QDHHH
MODE,171,FREQUENCY=,3066.45706,(CM**-1),QDHHH
MODE,172,FREQUENCY=,3066.94664,(CM**-1),QDHHH
MODE,173,FREQUENCY=,3120.81948,(CM**-1),QDHHH
MODE,174,FREQUENCY=,3126.70955,(CM**-1),QDHHH
MODE,175,FREQUENCY=,3129.26855,(CM**-1),QDHHH
MODE,176,FREQUENCY=,3131.62305,(CM**-1),QDHHH
MODE,177,FREQUENCY=,3132.43991,(CM**-1),QDHHH
MODE,178,FREQUENCY=,3135.13227,(CM**-1),QDHHH
MODE,179,FREQUENCY=,3135.97812,(CM**-1),QDHHH
MODE,180,FREQUENCY=,3139.60687,(CM**-1),QDHHH
MODE,181,FREQUENCY=,3152.26760,(CM**-1),QDHHH
MODE,182,FREQUENCY=,3163.20042,(CM**-1),QDHHH
MODE,183,FREQUENCY=,3168.64660,(CM**-1),QDHHH
MODE,184,FREQUENCY=,3168.85909,(CM**-1),QDHHH
MODE,185,FREQUENCY=,3172.82054,(CM**-1),QDHHH
MODE,186,FREQUENCY=,3204.48943,(CM**-1),QDHHH
MODE,187,FREQUENCY=,3206.82115,(CM**-1),QDHHH
MODE,188,FREQUENCY=,3279.38963,(CM**-1),QDHHH
MODE,189,FREQUENCY=,3298.61061,(CM**-1),QDHHH
MODE,190,FREQUENCY=,3299.58559,(CM**-1),QDHHH
MODE,191,FREQUENCY=,3314.43916,(CM**-1),QDHHH
MODE,192,FREQUENCY=,3389.84459,(CM**-1),QDHHH
MODE,193,FREQUENCY=,3659.80886,(CM**-1),QDHHH
MODE,194,FREQUENCY=,3662.88139,(CM**-1),QDHHH
MODE,195,FREQUENCY=,3696.79562,(CM**-1),QDHHH
13-2-1-1-2,,,,,
MODE,1,FREQUENCY=,-883.45470,(CM**-1),QDHHD
MODE,8,FREQUENCY=,23.87872,(CM**-1),QDHHD
MODE,9,FREQUENCY=,31.79750,(CM**-1),QDHHD
MODE,10,FREQUENCY=,32.82971,(CM**-1),QDHHD
MODE,11,FREQUENCY=,36.16844,(CM**-1),QDHHD
MODE,12,FREQUENCY=,42.82556,(CM**-1),QDHHD
MODE,13,FREQUENCY=,46.15779,(CM**-1),QDHHD
MODE,14,FREQUENCY=,49.52521,(CM**-1),QDHHD
MODE,15,FREQUENCY=,51.83009,(CM**-1),QDHHD
MODE,16,FREQUENCY=,53.48791,(CM**-1),QDHHD
MODE,17,FREQUENCY=,58.97253,(CM**-1),QDHHD
MODE,18,FREQUENCY=,64.44707,(CM**-1),QDHHD
MODE,19,FREQUENCY=,67.45503,(CM**-1),QDHHD
MODE,20,FREQUENCY=,73.86361,(CM**-1),QDHHD
MODE,21,FREQUENCY=,76.15213,(CM**-1),QDHHD
MODE,22,FREQUENCY=,82.21539,(CM**-1),QDHHD
MODE,23,FREQUENCY=,83.52572,(CM**-1),QDHHD
MODE,24,FREQUENCY=,89.06311,(CM**-1),QDHHD
MODE,25,FREQUENCY=,96.71791,(CM**-1),QDHHD
MODE,26,FREQUENCY=,98.59877,(CM**-1),QDHHD
MODE,27,FREQUENCY=,105.72122,(CM**-1),QDHHD
MODE,28,FREQUENCY=,111.60949,(CM**-1),QDHHD
MODE,29,FREQUENCY=,113.54696,(CM**-1),QDHHD
MODE,30,FREQUENCY=,115.65263,(CM**-1),QDHHD
MODE,31,FREQUENCY=,121.77846,(CM**-1),QDHHD
MODE,32,FREQUENCY=,124.48852,(CM**-1),QDHHD
MODE,33,FREQUENCY=,127.30324,(CM**-1),QDHHD
MODE,34,FREQUENCY=,137.32899,(CM**-1),QDHHD
MODE,35,FREQUENCY=,138.46516,(CM**-1),QDHHD
MODE,36,FREQUENCY=,148.33975,(CM**-1),QDHHD
MODE,37,FREQUENCY=,152.51659,(CM**-1),QDHHD
MODE,38,FREQUENCY=,156.95976,(CM**-1),QDHHD
MODE,39,FREQUENCY=,160.24546,(CM**-1),QDHHD
MODE,40,FREQUENCY=,164.93993,(CM**-1),QDHHD
MODE,41,FREQUENCY=,168.55119,(CM**-1),QDHHD
MODE,42,FREQUENCY=,172.79025,(CM**-1),QDHHD
MODE,43,FREQUENCY=,175.24393,(CM**-1),QDHHD
MODE,44,FREQUENCY=,182.30021,(CM**-1),QDHHD
MODE,45,FREQUENCY=,183.44977,(CM**-1),QDHHD
MODE,46,FREQUENCY=,197.70963,(CM**-1),QDHHD
MODE,47,FREQUENCY=,198.63520,(CM**-1),QDHHD
MODE,48,FREQUENCY=,206.98543,(CM**-1),QDHHD
MODE,49,FREQUENCY=,220.82809,(CM**-1),QDHHD
MODE,50,FREQUENCY=,227.88466,(CM**-1),QDHHD
MODE,51,FREQUENCY=,240.34893,(CM**-1),QDHHD
MODE,52,FREQUENCY=,250.34438,(CM**-1),QDHHD
MODE,53,FREQUENCY=,270.31680,(CM**-1),QDHHD
MODE,54,FREQUENCY=,275.96588,(CM**-1),QDHHD
MODE,55,FREQUENCY=,279.79414,(CM**-1),QDHHD
MODE,56,FREQUENCY=,294.96147,(CM**-1),QDHHD
MODE,57,FREQUENCY=,306.35934,(CM**-1),QDHHD
MODE,58,FREQUENCY=,323.13699,(CM**-1),QDHHD
MODE,59,FREQUENCY=,325.47671,(CM**-1),QDHHD
MODE,60,FREQUENCY=,328.85876,(CM**-1),QDHHD
MODE,61,FREQUENCY=,351.10353,(CM**-1),QDHHD
MODE,62,FREQUENCY=,358.21354,(CM**-1),QDHHD
MODE,63,FREQUENCY=,364.60038,(CM**-1),QDHHD
MODE,64,FREQUENCY=,372.87198,(CM**-1),QDHHD
MODE,65,FREQUENCY=,380.14778,(CM**-1),QDHHD
MODE,66,FREQUENCY=,431.86481,(CM**-1),QDHHD
MODE,67,FREQUENCY=,453.62355,(CM**-1),QDHHD
MODE,68,FREQUENCY=,492.09536,(CM**-1),QDHHD
MODE,69,FREQUENCY=,513.15547,(CM**-1),QDHHD
MODE,70,FREQUENCY=,523.06744,(CM**-1),QDHHD
MODE,71,FREQUENCY=,525.90041,(CM**-1),QDHHD
MODE,72,FREQUENCY=,534.96324,(CM**-1),QDHHD
MODE,73,FREQUENCY=,550.10677,(CM**-1),QDHHD
MODE,74,FREQUENCY=,569.11716,(CM**-1),QDHHD
MODE,75,FREQUENCY=,603.05468,(CM**-1),QDHHD
MODE,76,FREQUENCY=,614.65674,(CM**-1),QDHHD
MODE,77,FREQUENCY=,616.92894,(CM**-1),QDHHD
MODE,78,FREQUENCY=,618.03380,(CM**-1),QDHHD
MODE,79,FREQUENCY=,628.27881,(CM**-1),QDHHD
MODE,80,FREQUENCY=,636.29546,(CM**-1),QDHHD
MODE,81,FREQUENCY=,637.54850,(CM**-1),QDHHD
MODE,82,FREQUENCY=,649.13449,(CM**-1),QDHHD
MODE,83,FREQUENCY=,652.13628,(CM**-1),QDHHD
MODE,84,FREQUENCY=,663.55627,(CM**-1),QDHHD
MODE,85,FREQUENCY=,668.35191,(CM**-1),QDHHD
MODE,86,FREQUENCY=,669.75417,(CM**-1),QDHHD
MODE,87,FREQUENCY=,678.84663,(CM**-1),QDHHD
MODE,88,FREQUENCY=,680.21040,(CM**-1),QDHHD
MODE,89,FREQUENCY=,687.52952,(CM**-1),QDHHD
MODE,90,FREQUENCY=,720.43616,(CM**-1),QDHHD
MODE,91,FREQUENCY=,722.75336,(CM**-1),QDHHD
MODE,92,FREQUENCY=,729.21978,(CM**-1),QDHHD
MODE,93,FREQUENCY=,786.18585,(CM**-1),QDHHD
MODE,94,FREQUENCY=,819.05642,(CM**-1),QDHHD
MODE,95,FREQUENCY=,866.81520,(CM**-1),QDHHD
MODE,96,FREQUENCY=,875.80642,(CM**-1),QDHHD
MODE,97,FREQUENCY=,924.92270,(CM**-1),QDHHD
MODE,98,FREQUENCY=,943.28815,(CM**-1),QDHHD
MODE,99,FREQUENCY=,947.08010,(CM**-1),QDHHD
MODE,100,FREQUENCY=,948.36127,(CM**-1),QDHHD
MODE,101,FREQUENCY=,951.51449,(CM**-1),QDHHD
MODE,102,FREQUENCY=,960.58633,(CM**-1),QDHHD
MODE,103,FREQUENCY=,969.35103,(CM**-1),QDHHD
MODE,104,FREQUENCY=,997.33609,(CM**-1),QDHHD
MODE,105,FREQUENCY=,1016.54117,(CM**-1),QDHHD
MODE,106,FREQUENCY=,1021.19530,(CM**-1),QDHHD
MODE,107,FREQUENCY=,1027.13004,(CM**-1),QDHHD
MODE,108,FREQUENCY=,1034.07279,(CM**-1),QDHHD
MODE,109,FREQUENCY=,1035.17783,(CM**-1),QDHHD
MODE,110,FREQUENCY=,1038.60190,(CM**-1),QDHHD
MODE,111,FREQUENCY=,1047.67345,(CM**-1),QDHHD
MODE,112,FREQUENCY=,1054.66447,(CM**-1),QDHHD
MODE,113,FREQUENCY=,1072.13543,(CM**-1),QDHHD
MODE,114,FREQUENCY=,1077.90516,(CM**-1),QDHHD
MODE,115,FREQUENCY=,1081.87351,(CM**-1),QDHHD
MODE,116,FREQUENCY=,1085.15129,(CM**-1),QDHHD
MODE,117,FREQUENCY=,1089.93943,(CM**-1),QDHHD
MODE,118,FREQUENCY=,1092.84710,(CM**-1),QDHHD
MODE,119,FREQUENCY=,1101.48211,(CM**-1),QDHHD
MODE,120,FREQUENCY=,1103.61659,(CM**-1),QDHHD
MODE,121,FREQUENCY=,1150.52803,(CM**-1),QDHHD
MODE,122,FREQUENCY=,1174.90532,(CM**-1),QDHHD
MODE,123,FREQUENCY=,1183.69544,(CM**-1),QDHHD
MODE,124,FREQUENCY=,1205.76454,(CM**-1),QDHHD
MODE,125,FREQUENCY=,1237.63843,(CM**-1),QDHHD
MODE,126,FREQUENCY=,1268.27036,(CM**-1),QDHHD
MODE,127,FREQUENCY=,1274.14285,(CM**-1),QDHHD
MODE,128,FREQUENCY=,1301.47213,(CM**-1),QDHHD
MODE,129,FREQUENCY=,1305.91244,(CM**-1),QDHHD
MODE,130,FREQUENCY=,1309.62374,(CM**-1),QDHHD
MODE,131,FREQUENCY=,1356.78830,(CM**-1),QDHHD
MODE,132,FREQUENCY=,1361.82208,(CM**-1),QDHHD
MODE,133,FREQUENCY=,1367.59591,(CM**-1),QDHHD
MODE,134,FREQUENCY=,1393.39384,(CM**-1),QDHHD
MODE,135,FREQUENCY=,1404.78891,(CM**-1),QDHHD
MODE,136,FREQUENCY=,1410.57040,(CM**-1),QDHHD
MODE,137,FREQUENCY=,1428.63064,(CM**-1),QDHHD
MODE,138,FREQUENCY=,1439.32257,(CM**-1),QDHHD
MODE,139,FREQUENCY=,1441.10181,(CM**-1),QDHHD
MODE,140,FREQUENCY=,1444.09929,(CM**-1),QDHHD
MODE,141,FREQUENCY=,1448.10128,(CM**-1),QDHHD
MODE,142,FREQUENCY=,1482.27186,(CM**-1),QDHHD
MODE,143,FREQUENCY=,1493.18887,(CM**-1),QDHHD
MODE,144,FREQUENCY=,1494.11806,(CM**-1),QDHHD
MODE,145,FREQUENCY=,1494.72945,(CM**-1),QDHHD
MODE,146,FREQUENCY=,1497.84405,(CM**-1),QDHHD
MODE,147,FREQUENCY=,1498.84061,(CM**-1),QDHHD
MODE,148,FREQUENCY=,1501.16876,(CM**-1),QDHHD
MODE,149,FREQUENCY=,1501.32074,(CM**-1),QDHHD
MODE,150,FREQUENCY=,1506.96198,(CM**-1),QDHHD
MODE,151,FREQUENCY=,1509.01071,(CM**-1),QDHHD
MODE,152,FREQUENCY=,1509.44904,(CM**-1),QDHHD
MODE,153,FREQUENCY=,1509.91423,(CM**-1),QDHHD
MODE,154,FREQUENCY=,1513.84869,(CM**-1),QDHHD
MODE,155,FREQUENCY=,1526.36243,(CM**-1),QDHHD
MODE,156,FREQUENCY=,1532.09368,(CM**-1),QDHHD
MODE,157,FREQUENCY=,1550.70592,(CM**-1),QDHHD
MODE,158,FREQUENCY=,1552.88797,(CM**-1),QDHHD
MODE,159,FREQUENCY=,1600.33932,(CM**-1),QDHHD
MODE,160,FREQUENCY=,1630.74076,(CM**-1),QDHHD
MODE,161,FREQUENCY=,1633.92784,(CM**-1),QDHHD
MODE,162,FREQUENCY=,1636.07734,(CM**-1),QDHHD
MODE,163,FREQUENCY=,1676.59605,(CM**-1),QDHHD
MODE,164,FREQUENCY=,1730.00563,(CM**-1),QDHHD
MODE,165,FREQUENCY=,1737.26696,(CM**-1),QDHHD
MODE,166,FREQUENCY=,2325.61342,(CM**-1),QDHHD
MODE,167,FREQUENCY=,3059.05997,(CM**-1),QDHHD
MODE,168,FREQUENCY=,3061.36369,(CM**-1),QDHHD
MODE,169,FREQUENCY=,3062.11044,(CM**-1),QDHHD
MODE,170,FREQUENCY=,3066.27370,(CM**-1),QDHHD
MODE,171,FREQUENCY=,3066.45704,(CM**-1),QDHHD
MODE,172,FREQUENCY=,3066.94660,(CM**-1),QDHHD
MODE,173,FREQUENCY=,3120.81941,(CM**-1),QDHHD
MODE,174,FREQUENCY=,3126.70955,(CM**-1),QDHHD
MODE,175,FREQUENCY=,3129.26843,(CM**-1),QDHHD
MODE,176,FREQUENCY=,3131.48692,(CM**-1),QDHHD
MODE,177,FREQUENCY=,3132.43988,(CM**-1),QDHHD
MODE,178,FREQUENCY=,3135.13226,(CM**-1),QDHHD
MODE,179,FREQUENCY=,3135.97805,(CM**-1),QDHHD
MODE,180,FREQUENCY=,3139.60685,(CM**-1),QDHHD
MODE,181,FREQUENCY=,3152.26760,(CM**-1),QDHHD
MODE,182,FREQUENCY=,3163.20009,(CM**-1),QDHHD
MODE,183,FREQUENCY=,3168.64655,(CM**-1),QDHHD
MODE,184,FREQUENCY=,3168.85908,(CM**-1),QDHHD
MODE,185,FREQUENCY=,3172.82052,(CM**-1),QDHHD
MODE,186,FREQUENCY=,3204.41914,(CM**-1),QDHHD
MODE,187,FREQUENCY=,3206.64850,(CM**-1),QDHHD
MODE,188,FREQUENCY=,3279.38945,(CM**-1),QDHHD
MODE,189,FREQUENCY=,3298.61061,(CM**-1),QDHHD
MODE,190,FREQUENCY=,3299.58558,(CM**-1),QDHHD
MODE,191,FREQUENCY=,3314.43899,(CM**-1),QDHHD
MODE,192,FREQUENCY=,3389.84325,(CM**-1),QDHHD
MODE,193,FREQUENCY=,3659.80878,(CM**-1),QDHHD
MODE,194,FREQUENCY=,3662.88136,(CM**-1),QDHHD
MODE,195,FREQUENCY=,3696.79547,(CM**-1),QDHHD
13-2-1-2-1,,,,,
MODE,1,FREQUENCY=,-1142.56831,(CM**-1),QDHDH
MODE,8,FREQUENCY=,23.59770,(CM**-1),QDHDH
MODE,9,FREQUENCY=,31.30329,(CM**-1),QDHDH
MODE,10,FREQUENCY=,32.77143,(CM**-1),QDHDH
MODE,11,FREQUENCY=,35.85339,(CM**-1),QDHDH
MODE,12,FREQUENCY=,42.77925,(CM**-1),QDHDH
MODE,13,FREQUENCY=,46.14252,(CM**-1),QDHDH
MODE,14,FREQUENCY=,49.46361,(CM**-1),QDHDH
MODE,15,FREQUENCY=,51.68760,(CM**-1),QDHDH
MODE,16,FREQUENCY=,53.48005,(CM**-1),QDHDH
MODE,17,FREQUENCY=,58.92097,(CM**-1),QDHDH
MODE,18,FREQUENCY=,63.73706,(CM**-1),QDHDH
MODE,19,FREQUENCY=,67.32206,(CM**-1),QDHDH
MODE,20,FREQUENCY=,72.83978,(CM**-1),QDHDH
MODE,21,FREQUENCY=,75.67748,(CM**-1),QDHDH
MODE,22,FREQUENCY=,76.28063,(CM**-1),QDHDH
MODE,23,FREQUENCY=,83.09570,(CM**-1),QDHDH
MODE,24,FREQUENCY=,88.99469,(CM**-1),QDHDH
MODE,25,FREQUENCY=,96.68402,(CM**-1),QDHDH
MODE,26,FREQUENCY=,97.72518,(CM**-1),QDHDH
MODE,27,FREQUENCY=,105.50502,(CM**-1),QDHDH
MODE,28,FREQUENCY=,111.43661,(CM**-1),QDHDH
MODE,29,FREQUENCY=,113.50189,(CM**-1),QDHDH
MODE,30,FREQUENCY=,115.64819,(CM**-1),QDHDH
MODE,31,FREQUENCY=,121.70862,(CM**-1),QDHDH
MODE,32,FREQUENCY=,124.48707,(CM**-1),QDHDH
MODE,33,FREQUENCY=,127.30483,(CM**-1),QDHDH
MODE,34,FREQUENCY=,137.33989,(CM**-1),QDHDH
MODE,35,FREQUENCY=,138.50059,(CM**-1),QDHDH
MODE,36,FREQUENCY=,148.34558,(CM**-1),QDHDH
MODE,37,FREQUENCY=,152.58580,(CM**-1),QDHDH
MODE,38,FREQUENCY=,156.95671,(CM**-1),QDHDH
MODE,39,FREQUENCY=,160.24195,(CM**-1),QDHDH
MODE,40,FREQUENCY=,164.97277,(CM**-1),QDHDH
MODE,41,FREQUENCY=,168.55701,(CM**-1),QDHDH
MODE,42,FREQUENCY=,172.79786,(CM**-1),QDHDH
MODE,43,FREQUENCY=,175.28190,(CM**-1),QDHDH
MODE,44,FREQUENCY=,182.22189,(CM**-1),QDHDH
MODE,45,FREQUENCY=,183.42093,(CM**-1),QDHDH
MODE,46,FREQUENCY=,197.72354,(CM**-1),QDHDH
MODE,47,FREQUENCY=,198.42817,(CM**-1),QDHDH
MODE,48,FREQUENCY=,207.03886,(CM**-1),QDHDH
MODE,49,FREQUENCY=,221.14940,(CM**-1),QDHDH
MODE,50,FREQUENCY=,227.74378,(CM**-1),QDHDH
MODE,51,FREQUENCY=,244.56266,(CM**-1),QDHDH
MODE,52,FREQUENCY=,250.84399,(CM**-1),QDHDH
MODE,53,FREQUENCY=,270.67094,(CM**-1),QDHDH
MODE,54,FREQUENCY=,275.96215,(CM**-1),QDHDH
MODE,55,FREQUENCY=,279.77495,(CM**-1),QDHDH
MODE,56,FREQUENCY=,302.88724,(CM**-1),QDHDH
MODE,57,FREQUENCY=,315.27794,(CM**-1),QDHDH
MODE,58,FREQUENCY=,322.45560,(CM**-1),QDHDH
MODE,59,FREQUENCY=,326.29064,(CM**-1),QDHDH
MODE,60,FREQUENCY=,330.38503,(CM**-1),QDHDH
MODE,61,FREQUENCY=,356.71339,(CM**-1),QDHDH
MODE,62,FREQUENCY=,359.37272,(CM**-1),QDHDH
MODE,63,FREQUENCY=,368.49641,(CM**-1),QDHDH
MODE,64,FREQUENCY=,373.43896,(CM**-1),QDHDH
MODE,65,FREQUENCY=,377.16878,(CM**-1),QDHDH
MODE,66,FREQUENCY=,415.39536,(CM**-1),QDHDH
MODE,67,FREQUENCY=,453.42282,(CM**-1),QDHDH
MODE,68,FREQUENCY=,492.10005,(CM**-1),QDHDH
MODE,69,FREQUENCY=,513.19414,(CM**-1),QDHDH
MODE,70,FREQUENCY=,523.05975,(CM**-1),QDHDH
MODE,71,FREQUENCY=,525.84793,(CM**-1),QDHDH
MODE,72,FREQUENCY=,534.94867,(CM**-1),QDHDH
MODE,73,FREQUENCY=,550.06449,(CM**-1),QDHDH
MODE,74,FREQUENCY=,569.10978,(CM**-1),QDHDH
MODE,75,FREQUENCY=,603.05734,(CM**-1),QDHDH
MODE,76,FREQUENCY=,614.65802,(CM**-1),QDHDH
MODE,77,FREQUENCY=,616.94330,(CM**-1),QDHDH
MODE,78,FREQUENCY=,618.03419,(CM**-1),QDHDH
MODE,79,FREQUENCY=,628.28857,(CM**-1),QDHDH
MODE,80,FREQUENCY=,636.30031,(CM**-1),QDHDH
MODE,81,FREQUENCY=,637.56388,(CM**-1),QDHDH
MODE,82,FREQUENCY=,649.13559,(CM**-1),QDHDH
MODE,83,FREQUENCY=,652.13633,(CM**-1),QDHDH
MODE,84,FREQUENCY=,663.70037,(CM**-1),QDHDH
MODE,85,FREQUENCY=,668.35348,(CM**-1),QDHDH
MODE,86,FREQUENCY=,669.77485,(CM**-1),QDHDH
MODE,87,FREQUENCY=,678.85777,(CM**-1),QDHDH
MODE,88,FREQUENCY=,680.35942,(CM**-1),QDHDH
MODE,89,FREQUENCY=,687.53920,(CM**-1),QDHDH
MODE,90,FREQUENCY=,722.75213,(CM**-1),QDHDH
MODE,91,FREQUENCY=,729.21458,(CM**-1),QDHDH
MODE,92,FREQUENCY=,743.63365,(CM**-1),QDHDH
MODE,93,FREQUENCY=,786.39600,(CM**-1),QDHDH
MODE,94,FREQUENCY=,819.06333,(CM**-1),QDHDH
MODE,95,FREQUENCY=,875.80666,(CM**-1),QDHDH
MODE,96,FREQUENCY=,924.90806,(CM**-1),QDHDH
MODE,97,FREQUENCY=,943.28760,(CM**-1),QDHDH
MODE,98,FREQUENCY=,947.08796,(CM**-1),QDHDH
MODE,99,FREQUENCY=,948.36068,(CM**-1),QDHDH
MODE,100,FREQUENCY=,951.51613,(CM**-1),QDHDH
MODE,101,FREQUENCY=,960.64188,(CM**-1),QDHDH
MODE,102,FREQUENCY=,997.25023,(CM**-1),QDHDH
MODE,103,FREQUENCY=,1016.52008,(CM**-1),QDHDH
MODE,104,FREQUENCY=,1019.47877,(CM**-1),QDHDH
MODE,105,FREQUENCY=,1021.26347,(CM**-1),QDHDH
MODE,106,FREQUENCY=,1027.13500,(CM**-1),QDHDH
MODE,107,FREQUENCY=,1034.05981,(CM**-1),QDHDH
MODE,108,FREQUENCY=,1035.18913,(CM**-1),QDHDH
MODE,109,FREQUENCY=,1038.57893,(CM**-1),QDHDH
MODE,110,FREQUENCY=,1047.66358,(CM**-1),QDHDH
MODE,111,FREQUENCY=,1054.67367,(CM**-1),QDHDH
MODE,112,FREQUENCY=,1070.08106,(CM**-1),QDHDH
MODE,113,FREQUENCY=,1072.16031,(CM**-1),QDHDH
MODE,114,FREQUENCY=,1078.14622,(CM**-1),QDHDH
MODE,115,FREQUENCY=,1081.96773,(CM**-1),QDHDH
MODE,116,FREQUENCY=,1085.15252,(CM**-1),QDHDH
MODE,117,FREQUENCY=,1089.93962,(CM**-1),QDHDH
MODE,118,FREQUENCY=,1092.84546,(CM**-1),QDHDH
MODE,119,FREQUENCY=,1101.48526,(CM**-1),QDHDH
MODE,120,FREQUENCY=,1103.61692,(CM**-1),QDHDH
MODE,121,FREQUENCY=,1142.08953,(CM**-1),QDHDH
MODE,122,FREQUENCY=,1174.92181,(CM**-1),QDHDH
MODE,123,FREQUENCY=,1183.69544,(CM**-1),QDHDH
MODE,124,FREQUENCY=,1199.43626,(CM**-1),QDHDH
MODE,125,FREQUENCY=,1205.87689,(CM**-1),QDHDH
MODE,126,FREQUENCY=,1268.27073,(CM**-1),QDHDH
MODE,127,FREQUENCY=,1274.14342,(CM**-1),QDHDH
MODE,128,FREQUENCY=,1301.44755,(CM**-1),QDHDH
MODE,129,FREQUENCY=,1305.90329,(CM**-1),QDHDH
MODE,130,FREQUENCY=,1308.95084,(CM**-1),QDHDH
MODE,131,FREQUENCY=,1317.33296,(CM**-1),QDHDH
MODE,132,FREQUENCY=,1356.78871,(CM**-1),QDHDH
MODE,133,FREQUENCY=,1361.82225,(CM**-1),QDHDH
MODE,134,FREQUENCY=,1367.64828,(CM**-1),QDHDH
MODE,135,FREQUENCY=,1393.42209,(CM**-1),QDHDH
MODE,136,FREQUENCY=,1404.80532,(CM**-1),QDHDH
MODE,137,FREQUENCY=,1410.58494,(CM**-1),QDHDH
MODE,138,FREQUENCY=,1428.64230,(CM**-1),QDHDH
MODE,139,FREQUENCY=,1441.11902,(CM**-1),QDHDH
MODE,140,FREQUENCY=,1444.09902,(CM**-1),QDHDH
MODE,141,FREQUENCY=,1448.10337,(CM**-1),QDHDH
MODE,142,FREQUENCY=,1482.28751,(CM**-1),QDHDH
MODE,143,FREQUENCY=,1493.19065,(CM**-1),QDHDH
MODE,144,FREQUENCY=,1494.12202,(CM**-1),QDHDH
MODE,145,FREQUENCY=,1494.72920,(CM**-1),QDHDH
MODE,146,FREQUENCY=,1497.84405,(CM**-1),QDHDH
MODE,147,FREQUENCY=,1498.82421,(CM**-1),QDHDH
MODE,148,FREQUENCY=,1501.16905,(CM**-1),QDHDH
MODE,149,FREQUENCY=,1501.31279,(CM**-1),QDHDH
MODE,150,FREQUENCY=,1506.96329,(CM**-1),QDHDH
MODE,151,FREQUENCY=,1509.00979,(CM**-1),QDHDH
MODE,152,FREQUENCY=,1509.44109,(CM**-1),QDHDH
MODE,153,FREQUENCY=,1509.90760,(CM**-1),QDHDH
MODE,154,FREQUENCY=,1513.85528,(CM**-1),QDHDH
MODE,155,FREQUENCY=,1526.36456,(CM**-1),QDHDH
MODE,156,FREQUENCY=,1532.09368,(CM**-1),QDHDH
MODE,157,FREQUENCY=,1550.70729,(CM**-1),QDHDH
MODE,158,FREQUENCY=,1552.89872,(CM**-1),QDHDH
MODE,159,FREQUENCY=,1600.36306,(CM**-1),QDHDH
MODE,160,FREQUENCY=,1630.75972,(CM**-1),QDHDH
MODE,161,FREQUENCY=,1633.93073,(CM**-1),QDHDH
MODE,162,FREQUENCY=,1636.09366,(CM**-1),QDHDH
MODE,163,FREQUENCY=,1676.59808,(CM**-1),QDHDH
MODE,164,FREQUENCY=,1730.00653,(CM**-1),QDHDH
MODE,165,FREQUENCY=,1737.27844,(CM**-1),QDHDH
MODE,166,FREQUENCY=,2256.32140,(CM**-1),QDHDH
MODE,167,FREQUENCY=,2383.84585,(CM**-1),QDHDH
MODE,168,FREQUENCY=,3059.06034,(CM**-1),QDHDH
MODE,169,FREQUENCY=,3061.36372,(CM**-1),QDHDH
MODE,170,FREQUENCY=,3062.11056,(CM**-1),QDHDH
MODE,171,FREQUENCY=,3066.27379,(CM**-1),QDHDH
MODE,172,FREQUENCY=,3066.45706,(CM**-1),QDHDH
MODE,173,FREQUENCY=,3066.94664,(CM**-1),QDHDH
MODE,174,FREQUENCY=,3120.81947,(CM**-1),QDHDH
MODE,175,FREQUENCY=,3126.70959,(CM**-1),QDHDH
MODE,176,FREQUENCY=,3129.26878,(CM**-1),QDHDH
MODE,177,FREQUENCY=,3132.43939,(CM**-1),QDHDH
MODE,178,FREQUENCY=,3135.13211,(CM**-1),QDHDH
MODE,179,FREQUENCY=,3135.97691,(CM**-1),QDHDH
MODE,180,FREQUENCY=,3139.60686,(CM**-1),QDHDH
MODE,181,FREQUENCY=,3152.26753,(CM**-1),QDHDH
MODE,182,FREQUENCY=,3163.20035,(CM**-1),QDHDH
MODE,183,FREQUENCY=,3168.64652,(CM**-1),QDHDH
MODE,184,FREQUENCY=,3168.85876,(CM**-1),QDHDH
MODE,185,FREQUENCY=,3172.44038,(CM**-1),QDHDH
MODE,186,FREQUENCY=,3172.82054,(CM**-1),QDHDH
MODE,187,FREQUENCY=,3204.50174,(CM**-1),QDHDH
MODE,188,FREQUENCY=,3279.38962,(CM**-1),QDHDH
MODE,189,FREQUENCY=,3298.61061,(CM**-1),QDHDH
MODE,190,FREQUENCY=,3299.58559,(CM**-1),QDHDH
MODE,191,FREQUENCY=,3314.43916,(CM**-1),QDHDH
MODE,192,FREQUENCY=,3389.84433,(CM**-1),QDHDH
MODE,193,FREQUENCY=,3659.80886,(CM**-1),QDHDH
MODE,194,FREQUENCY=,3662.88139,(CM**-1),QDHDH
MODE,195,FREQUENCY=,3696.79558,(CM**-1),QDHDH
13-2-1-2-2,,,,,
MODE,1,FREQUENCY=,-876.83792,(CM**-1),QDHDD
MODE,8,FREQUENCY=,23.56178,(CM**-1),QDHDD
MODE,9,FREQUENCY=,31.25951,(CM**-1),QDHDD
MODE,10,FREQUENCY=,32.76292,(CM**-1),QDHDD
MODE,11,FREQUENCY=,35.82372,(CM**-1),QDHDD
MODE,12,FREQUENCY=,42.77715,(CM**-1),QDHDD
MODE,13,FREQUENCY=,46.14035,(CM**-1),QDHDD
MODE,14,FREQUENCY=,49.45921,(CM**-1),QDHDD
MODE,15,FREQUENCY=,51.67498,(CM**-1),QDHDD
MODE,16,FREQUENCY=,53.47749,(CM**-1),QDHDD
MODE,17,FREQUENCY=,58.91891,(CM**-1),QDHDD
MODE,18,FREQUENCY=,63.59765,(CM**-1),QDHDD
MODE,19,FREQUENCY=,67.28880,(CM**-1),QDHDD
MODE,20,FREQUENCY=,72.78655,(CM**-1),QDHDD
MODE,21,FREQUENCY=,75.67271,(CM**-1),QDHDD
MODE,22,FREQUENCY=,76.26542,(CM**-1),QDHDD
MODE,23,FREQUENCY=,83.08500,(CM**-1),QDHDD
MODE,24,FREQUENCY=,88.99188,(CM**-1),QDHDD
MODE,25,FREQUENCY=,96.68353,(CM**-1),QDHDD
MODE,26,FREQUENCY=,97.72416,(CM**-1),QDHDD
MODE,27,FREQUENCY=,105.41035,(CM**-1),QDHDD
MODE,28,FREQUENCY=,111.43139,(CM**-1),QDHDD
MODE,29,FREQUENCY=,113.48867,(CM**-1),QDHDD
MODE,30,FREQUENCY=,115.64782,(CM**-1),QDHDD
MODE,31,FREQUENCY=,121.70819,(CM**-1),QDHDD
MODE,32,FREQUENCY=,124.47792,(CM**-1),QDHDD
MODE,33,FREQUENCY=,127.29508,(CM**-1),QDHDD
MODE,34,FREQUENCY=,137.32543,(CM**-1),QDHDD
MODE,35,FREQUENCY=,138.45936,(CM**-1),QDHDD
MODE,36,FREQUENCY=,148.28254,(CM**-1),QDHDD
MODE,37,FREQUENCY=,152.17985,(CM**-1),QDHDD
MODE,38,FREQUENCY=,156.87704,(CM**-1),QDHDD
MODE,39,FREQUENCY=,160.14192,(CM**-1),QDHDD
MODE,40,FREQUENCY=,164.93496,(CM**-1),QDHDD
MODE,41,FREQUENCY=,168.54321,(CM**-1),QDHDD
MODE,42,FREQUENCY=,172.78321,(CM**-1),QDHDD
MODE,43,FREQUENCY=,175.23167,(CM**-1),QDHDD
MODE,44,FREQUENCY=,181.83265,(CM**-1),QDHDD
MODE,45,FREQUENCY=,183.39331,(CM**-1),QDHDD
MODE,46,FREQUENCY=,197.70807,(CM**-1),QDHDD
MODE,47,FREQUENCY=,198.25922,(CM**-1),QDHDD
MODE,48,FREQUENCY=,206.85635,(CM**-1),QDHDD
MODE,49,FREQUENCY=,220.77742,(CM**-1),QDHDD
MODE,50,FREQUENCY=,227.63812,(CM**-1),QDHDD
MODE,51,FREQUENCY=,240.11924,(CM**-1),QDHDD
MODE,52,FREQUENCY=,249.34790,(CM**-1),QDHDD
MODE,53,FREQUENCY=,269.74632,(CM**-1),QDHDD
MODE,54,FREQUENCY=,275.90347,(CM**-1),QDHDD
MODE,55,FREQUENCY=,279.73503,(CM**-1),QDHDD
MODE,56,FREQUENCY=,294.24303,(CM**-1),QDHDD
MODE,57,FREQUENCY=,304.68554,(CM**-1),QDHDD
MODE,58,FREQUENCY=,309.94682,(CM**-1),QDHDD
MODE,59,FREQUENCY=,325.45414,(CM**-1),QDHDD
MODE,60,FREQUENCY=,328.50763,(CM**-1),QDHDD
MODE,61,FREQUENCY=,349.43403,(CM**-1),QDHDD
MODE,62,FREQUENCY=,354.66705,(CM**-1),QDHDD
MODE,63,FREQUENCY=,362.48106,(CM**-1),QDHDD
MODE,64,FREQUENCY=,372.86761,(CM**-1),QDHDD
MODE,65,FREQUENCY=,374.81939,(CM**-1),QDHDD
MODE,66,FREQUENCY=,411.46986,(CM**-1),QDHDD
MODE,67,FREQUENCY=,453.40833,(CM**-1),QDHDD
MODE,68,FREQUENCY=,492.09466,(CM**-1),QDHDD
MODE,69,FREQUENCY=,513.14219,(CM**-1),QDHDD
MODE,70,FREQUENCY=,523.04922,(CM**-1),QDHDD
MODE,71,FREQUENCY=,525.83449,(CM**-1),QDHDD
MODE,72,FREQUENCY=,534.94459,(CM**-1),QDHDD
MODE,73,FREQUENCY=,549.96388,(CM**-1),QDHDD
MODE,74,FREQUENCY=,569.10241,(CM**-1),QDHDD
MODE,75,FREQUENCY=,603.05459,(CM**-1),QDHDD
MODE,76,FREQUENCY=,614.65668,(CM**-1),QDHDD
MODE,77,FREQUENCY=,616.92784,(CM**-1),QDHDD
MODE,78,FREQUENCY=,618.03299,(CM**-1),QDHDD
MODE,79,FREQUENCY=,628.27629,(CM**-1),QDHDD
MODE,80,FREQUENCY=,636.29417,(CM**-1),QDHDD
MODE,81,FREQUENCY=,637.54398,(CM**-1),QDHDD
MODE,82,FREQUENCY=,649.13449,(CM**-1),QDHDD
MODE,83,FREQUENCY=,652.13613,(CM**-1),QDHDD
MODE,84,FREQUENCY=,663.49927,(CM**-1),QDHDD
MODE,85,FREQUENCY=,668.35112,(CM**-1),QDHDD
MODE,86,FREQUENCY=,669.74369,(CM**-1),QDHDD
MODE,87,FREQUENCY=,678.84236,(CM**-1),QDHDD
MODE,88,FREQUENCY=,680.09481,(CM**-1),QDHDD
MODE,89,FREQUENCY=,687.52483,(CM**-1),QDHDD
MODE,90,FREQUENCY=,718.22507,(CM**-1),QDHDD
MODE,91,FREQUENCY=,722.75290,(CM**-1),QDHDD
MODE,92,FREQUENCY=,729.21909,(CM**-1),QDHDD
MODE,93,FREQUENCY=,786.17974,(CM**-1),QDHDD
MODE,94,FREQUENCY=,819.05548,(CM**-1),QDHDD
MODE,95,FREQUENCY=,866.23811,(CM**-1),QDHDD
MODE,96,FREQUENCY=,875.80416,(CM**-1),QDHDD
MODE,97,FREQUENCY=,893.05496,(CM**-1),QDHDD
MODE,98,FREQUENCY=,924.93531,(CM**-1),QDHDD
MODE,99,FREQUENCY=,943.28999,(CM**-1),QDHDD
MODE,100,FREQUENCY=,947.09286,(CM**-1),QDHDD
MODE,101,FREQUENCY=,948.36129,(CM**-1),QDHDD
MODE,102,FREQUENCY=,951.51538,(CM**-1),QDHDD
MODE,103,FREQUENCY=,960.58341,(CM**-1),QDHDD
MODE,104,FREQUENCY=,997.30810,(CM**-1),QDHDD
MODE,105,FREQUENCY=,1016.53509,(CM**-1),QDHDD
MODE,106,FREQUENCY=,1021.19488,(CM**-1),QDHDD
MODE,107,FREQUENCY=,1023.52555,(CM**-1),QDHDD
MODE,108,FREQUENCY=,1027.13029,(CM**-1),QDHDD
MODE,109,FREQUENCY=,1034.27636,(CM**-1),QDHDD
MODE,110,FREQUENCY=,1035.36113,(CM**-1),QDHDD
MODE,111,FREQUENCY=,1038.59993,(CM**-1),QDHDD
MODE,112,FREQUENCY=,1047.67211,(CM**-1),QDHDD
MODE,113,FREQUENCY=,1054.68591,(CM**-1),QDHDD
MODE,114,FREQUENCY=,1072.12909,(CM**-1),QDHDD
MODE,115,FREQUENCY=,1077.90541,(CM**-1),QDHDD
MODE,116,FREQUENCY=,1081.88643,(CM**-1),QDHDD
MODE,117,FREQUENCY=,1085.15058,(CM**-1),QDHDD
MODE,118,FREQUENCY=,1089.93961,(CM**-1),QDHDD
MODE,119,FREQUENCY=,1092.84697,(CM**-1),QDHDD
MODE,120,FREQUENCY=,1101.48238,(CM**-1),QDHDD
MODE,121,FREQUENCY=,1103.61666,(CM**-1),QDHDD
MODE,122,FREQUENCY=,1139.18965,(CM**-1),QDHDD
MODE,123,FREQUENCY=,1174.90469,(CM**-1),QDHDD
MODE,124,FREQUENCY=,1183.69531,(CM**-1),QDHDD
MODE,125,FREQUENCY=,1205.76471,(CM**-1),QDHDD
MODE,126,FREQUENCY=,1268.26947,(CM**-1),QDHDD
MODE,127,FREQUENCY=,1274.14279,(CM**-1),QDHDD
MODE,128,FREQUENCY=,1301.43577,(CM**-1),QDHDD
MODE,129,FREQUENCY=,1305.89791,(CM**-1),QDHDD
MODE,130,FREQUENCY=,1308.88432,(CM**-1),QDHDD
MODE,131,FREQUENCY=,1317.32970,(CM**-1),QDHDD
MODE,132,FREQUENCY=,1356.78842,(CM**-1),QDHDD
MODE,133,FREQUENCY=,1361.82216,(CM**-1),QDHDD
MODE,134,FREQUENCY=,1367.62184,(CM**-1),QDHDD
MODE,135,FREQUENCY=,1393.39725,(CM**-1),QDHDD
MODE,136,FREQUENCY=,1404.79513,(CM**-1),QDHDD
MODE,137,FREQUENCY=,1410.57308,(CM**-1),QDHDD
MODE,138,FREQUENCY=,1428.63754,(CM**-1),QDHDD
MODE,139,FREQUENCY=,1441.09749,(CM**-1),QDHDD
MODE,140,FREQUENCY=,1444.09862,(CM**-1),QDHDD
MODE,141,FREQUENCY=,1448.09790,(CM**-1),QDHDD
MODE,142,FREQUENCY=,1482.26782,(CM**-1),QDHDD
MODE,143,FREQUENCY=,1493.18855,(CM**-1),QDHDD
MODE,144,FREQUENCY=,1494.11601,(CM**-1),QDHDD
MODE,145,FREQUENCY=,1494.72911,(CM**-1),QDHDD
MODE,146,FREQUENCY=,1497.84402,(CM**-1),QDHDD
MODE,147,FREQUENCY=,1498.80992,(CM**-1),QDHDD
MODE,148,FREQUENCY=,1501.16857,(CM**-1),QDHDD
MODE,149,FREQUENCY=,1501.31199,(CM**-1),QDHDD
MODE,150,FREQUENCY=,1506.96197,(CM**-1),QDHDD
MODE,151,FREQUENCY=,1509.00911,(CM**-1),QDHDD
MODE,152,FREQUENCY=,1509.43862,(CM**-1),QDHDD
MODE,153,FREQUENCY=,1509.90711,(CM**-1),QDHDD
MODE,154,FREQUENCY=,1513.84716,(CM**-1),QDHDD
MODE,155,FREQUENCY=,1526.36202,(CM**-1),QDHDD
MODE,156,FREQUENCY=,1532.09342,(CM**-1),QDHDD
MODE,157,FREQUENCY=,1550.70588,(CM**-1),QDHDD
MODE,158,FREQUENCY=,1552.88650,(CM**-1),QDHDD
MODE,159,FREQUENCY=,1600.32322,(CM**-1),QDHDD
MODE,160,FREQUENCY=,1630.73796,(CM**-1),QDHDD
MODE,161,FREQUENCY=,1633.92758,(CM**-1),QDHDD
MODE,162,FREQUENCY=,1636.07493,(CM**-1),QDHDD
MODE,163,FREQUENCY=,1676.59494,(CM**-1),QDHDD
MODE,164,FREQUENCY=,1730.00557,(CM**-1),QDHDD
MODE,165,FREQUENCY=,1737.26546,(CM**-1),QDHDD
MODE,166,FREQUENCY=,2256.17666,(CM**-1),QDHDD
MODE,167,FREQUENCY=,2383.78938,(CM**-1),QDHDD
MODE,168,FREQUENCY=,3059.06004,(CM**-1),QDHDD
MODE,169,FREQUENCY=,3061.36370,(CM**-1),QDHDD
MODE,170,FREQUENCY=,3062.11047,(CM**-1),QDHDD
MODE,171,FREQUENCY=,3066.27373,(CM**-1),QDHDD
MODE,172,FREQUENCY=,3066.45704,(CM**-1),QDHDD
MODE,173,FREQUENCY=,3066.94660,(CM**-1),QDHDD
MODE,174,FREQUENCY=,3120.81939,(CM**-1),QDHDD
MODE,175,FREQUENCY=,3126.70959,(CM**-1),QDHDD
MODE,176,FREQUENCY=,3129.26871,(CM**-1),QDHDD
MODE,177,FREQUENCY=,3132.43933,(CM**-1),QDHDD
MODE,178,FREQUENCY=,3135.13211,(CM**-1),QDHDD
MODE,179,FREQUENCY=,3135.97689,(CM**-1),QDHDD
MODE,180,FREQUENCY=,3139.60685,(CM**-1),QDHDD
MODE,181,FREQUENCY=,3152.26752,(CM**-1),QDHDD
MODE,182,FREQUENCY=,3163.20000,(CM**-1),QDHDD
MODE,183,FREQUENCY=,3168.64645,(CM**-1),QDHDD
MODE,184,FREQUENCY=,3168.85873,(CM**-1),QDHDD
MODE,185,FREQUENCY=,3172.28666,(CM**-1),QDHDD
MODE,186,FREQUENCY=,3172.82052,(CM**-1),QDHDD
MODE,187,FREQUENCY=,3204.43097,(CM**-1),QDHDD
MODE,188,FREQUENCY=,3279.38944,(CM**-1),QDHDD
MODE,189,FREQUENCY=,3298.61060,(CM**-1),QDHDD
MODE,190,FREQUENCY=,3299.58558,(CM**-1),QDHDD
MODE,191,FREQUENCY=,3314.43899,(CM**-1),QDHDD
MODE,192,FREQUENCY=,3389.84297,(CM**-1),QDHDD
MODE,193,FREQUENCY=,3659.80878,(CM**-1),QDHDD
MODE,194,FREQUENCY=,3662.88136,(CM**-1),QDHDD
MODE,195,FREQUENCY=,3696.79544,(CM**-1),QDHDD
13-2-2-1-1,,,,,
MODE,1,FREQUENCY=,-1141.49254,(CM**-1),QDDHH
MODE,8,FREQUENCY=,23.68739,(CM**-1),QDDHH
MODE,9,FREQUENCY=,31.34271,(CM**-1),QDDHH
MODE,10,FREQUENCY=,32.77468,(CM**-1),QDDHH
MODE,11,FREQUENCY=,35.94111,(CM**-1),QDDHH
MODE,12,FREQUENCY=,42.81450,(CM**-1),QDDHH
MODE,13,FREQUENCY=,46.14664,(CM**-1),QDDHH
MODE,14,FREQUENCY=,49.52236,(CM**-1),QDDHH
MODE,15,FREQUENCY=,51.81086,(CM**-1),QDDHH
MODE,16,FREQUENCY=,53.47672,(CM**-1),QDDHH
MODE,17,FREQUENCY=,58.88736,(CM**-1),QDDHH
MODE,18,FREQUENCY=,61.75685,(CM**-1),QDDHH
MODE,19,FREQUENCY=,67.25662,(CM**-1),QDDHH
MODE,20,FREQUENCY=,71.48044,(CM**-1),QDDHH
MODE,21,FREQUENCY=,75.95329,(CM**-1),QDDHH
MODE,22,FREQUENCY=,78.98904,(CM**-1),QDDHH
MODE,23,FREQUENCY=,83.11177,(CM**-1),QDDHH
MODE,24,FREQUENCY=,89.02712,(CM**-1),QDDHH
MODE,25,FREQUENCY=,96.67647,(CM**-1),QDDHH
MODE,26,FREQUENCY=,97.80194,(CM**-1),QDDHH
MODE,27,FREQUENCY=,105.70057,(CM**-1),QDDHH
MODE,28,FREQUENCY=,111.52908,(CM**-1),QDDHH
MODE,29,FREQUENCY=,113.52944,(CM**-1),QDDHH
MODE,30,FREQUENCY=,115.64466,(CM**-1),QDDHH
MODE,31,FREQUENCY=,121.65057,(CM**-1),QDDHH
MODE,32,FREQUENCY=,124.45405,(CM**-1),QDDHH
MODE,33,FREQUENCY=,127.31108,(CM**-1),QDDHH
MODE,34,FREQUENCY=,137.33766,(CM**-1),QDDHH
MODE,35,FREQUENCY=,138.49969,(CM**-1),QDDHH
MODE,36,FREQUENCY=,148.38603,(CM**-1),QDDHH
MODE,37,FREQUENCY=,152.87239,(CM**-1),QDDHH
MODE,38,FREQUENCY=,157.03848,(CM**-1),QDDHH
MODE,39,FREQUENCY=,160.30691,(CM**-1),QDDHH
MODE,40,FREQUENCY=,164.97334,(CM**-1),QDDHH
MODE,41,FREQUENCY=,168.54822,(CM**-1),QDDHH
MODE,42,FREQUENCY=,172.77599,(CM**-1),QDDHH
MODE,43,FREQUENCY=,175.28053,(CM**-1),QDDHH
MODE,44,FREQUENCY=,182.55512,(CM**-1),QDDHH
MODE,45,FREQUENCY=,183.47337,(CM**-1),QDDHH
MODE,46,FREQUENCY=,197.71687,(CM**-1),QDDHH
MODE,47,FREQUENCY=,198.57752,(CM**-1),QDDHH
MODE,48,FREQUENCY=,207.12116,(CM**-1),QDDHH
MODE,49,FREQUENCY=,221.10752,(CM**-1),QDDHH
MODE,50,FREQUENCY=,227.65908,(CM**-1),QDDHH
MODE,51,FREQUENCY=,241.17665,(CM**-1),QDDHH
MODE,52,FREQUENCY=,250.87782,(CM**-1),QDDHH
MODE,53,FREQUENCY=,270.73261,(CM**-1),QDDHH
MODE,54,FREQUENCY=,275.99693,(CM**-1),QDDHH
MODE,55,FREQUENCY=,279.81931,(CM**-1),QDDHH
MODE,56,FREQUENCY=,300.25189,(CM**-1),QDDHH
MODE,57,FREQUENCY=,302.92456,(CM**-1),QDDHH
MODE,58,FREQUENCY=,325.07527,(CM**-1),QDDHH
MODE,59,FREQUENCY=,326.94030,(CM**-1),QDDHH
MODE,60,FREQUENCY=,329.07246,(CM**-1),QDDHH
MODE,61,FREQUENCY=,345.56238,(CM**-1),QDDHH
MODE,62,FREQUENCY=,359.32223,(CM**-1),QDDHH
MODE,63,FREQUENCY=,366.10044,(CM**-1),QDDHH
MODE,64,FREQUENCY=,372.74890,(CM**-1),QDDHH
MODE,65,FREQUENCY=,385.03433,(CM**-1),QDDHH
MODE,66,FREQUENCY=,448.53022,(CM**-1),QDDHH
MODE,67,FREQUENCY=,454.66809,(CM**-1),QDDHH
MODE,68,FREQUENCY=,492.09979,(CM**-1),QDDHH
MODE,69,FREQUENCY=,513.18367,(CM**-1),QDDHH
MODE,70,FREQUENCY=,523.08341,(CM**-1),QDDHH
MODE,71,FREQUENCY=,525.92478,(CM**-1),QDDHH
MODE,72,FREQUENCY=,534.96154,(CM**-1),QDDHH
MODE,73,FREQUENCY=,549.98809,(CM**-1),QDDHH
MODE,74,FREQUENCY=,569.11580,(CM**-1),QDDHH
MODE,75,FREQUENCY=,603.05747,(CM**-1),QDDHH
MODE,76,FREQUENCY=,614.65446,(CM**-1),QDDHH
MODE,77,FREQUENCY=,616.94323,(CM**-1),QDDHH
MODE,78,FREQUENCY=,618.01697,(CM**-1),QDDHH
MODE,79,FREQUENCY=,628.29081,(CM**-1),QDDHH
MODE,80,FREQUENCY=,636.29697,(CM**-1),QDDHH
MODE,81,FREQUENCY=,637.56382,(CM**-1),QDDHH
MODE,82,FREQUENCY=,649.13560,(CM**-1),QDDHH
MODE,83,FREQUENCY=,652.13632,(CM**-1),QDDHH
MODE,84,FREQUENCY=,663.67491,(CM**-1),QDDHH
MODE,85,FREQUENCY=,668.35278,(CM**-1),QDDHH
MODE,86,FREQUENCY=,669.77183,(CM**-1),QDDHH
MODE,87,FREQUENCY=,678.85645,(CM**-1),QDDHH
MODE,88,FREQUENCY=,680.36262,(CM**-1),QDDHH
MODE,89,FREQUENCY=,687.53809,(CM**-1),QDDHH
MODE,90,FREQUENCY=,722.75214,(CM**-1),QDDHH
MODE,91,FREQUENCY=,729.21451,(CM**-1),QDDHH
MODE,92,FREQUENCY=,743.00025,(CM**-1),QDDHH
MODE,93,FREQUENCY=,786.39699,(CM**-1),QDDHH
MODE,94,FREQUENCY=,819.06337,(CM**-1),QDDHH
MODE,95,FREQUENCY=,875.80623,(CM**-1),QDDHH
MODE,96,FREQUENCY=,924.90765,(CM**-1),QDDHH
MODE,97,FREQUENCY=,943.27162,(CM**-1),QDDHH
MODE,98,FREQUENCY=,947.08170,(CM**-1),QDDHH
MODE,99,FREQUENCY=,948.35905,(CM**-1),QDDHH
MODE,100,FREQUENCY=,951.51639,(CM**-1),QDDHH
MODE,101,FREQUENCY=,960.64287,(CM**-1),QDDHH
MODE,102,FREQUENCY=,997.14366,(CM**-1),QDDHH
MODE,103,FREQUENCY=,1016.50775,(CM**-1),QDDHH
MODE,104,FREQUENCY=,1020.83160,(CM**-1),QDDHH
MODE,105,FREQUENCY=,1022.54041,(CM**-1),QDDHH
MODE,106,FREQUENCY=,1027.15277,(CM**-1),QDDHH
MODE,107,FREQUENCY=,1034.03568,(CM**-1),QDDHH
MODE,108,FREQUENCY=,1035.16251,(CM**-1),QDDHH
MODE,109,FREQUENCY=,1038.58744,(CM**-1),QDDHH
MODE,110,FREQUENCY=,1047.66696,(CM**-1),QDDHH
MODE,111,FREQUENCY=,1054.67586,(CM**-1),QDDHH
MODE,112,FREQUENCY=,1068.22382,(CM**-1),QDDHH
MODE,113,FREQUENCY=,1072.26212,(CM**-1),QDDHH
MODE,114,FREQUENCY=,1078.16254,(CM**-1),QDDHH
MODE,115,FREQUENCY=,1081.89416,(CM**-1),QDDHH
MODE,116,FREQUENCY=,1085.15541,(CM**-1),QDDHH
MODE,117,FREQUENCY=,1089.93710,(CM**-1),QDDHH
MODE,118,FREQUENCY=,1090.82330,(CM**-1),QDDHH
MODE,119,FREQUENCY=,1092.85808,(CM**-1),QDDHH
MODE,120,FREQUENCY=,1101.48862,(CM**-1),QDDHH
MODE,121,FREQUENCY=,1103.61905,(CM**-1),QDDHH
MODE,122,FREQUENCY=,1174.92734,(CM**-1),QDDHH
MODE,123,FREQUENCY=,1183.69550,(CM**-1),QDDHH
MODE,124,FREQUENCY=,1205.80600,(CM**-1),QDDHH
MODE,125,FREQUENCY=,1244.74014,(CM**-1),QDDHH
MODE,126,FREQUENCY=,1268.27194,(CM**-1),QDDHH
MODE,127,FREQUENCY=,1274.14348,(CM**-1),QDDHH
MODE,128,FREQUENCY=,1301.49126,(CM**-1),QDDHH
MODE,129,FREQUENCY=,1305.91740,(CM**-1),QDDHH
MODE,130,FREQUENCY=,1309.71421,(CM**-1),QDDHH
MODE,131,FREQUENCY=,1314.23800,(CM**-1),QDDHH
MODE,132,FREQUENCY=,1356.78851,(CM**-1),QDDHH
MODE,133,FREQUENCY=,1361.82221,(CM**-1),QDDHH
MODE,134,FREQUENCY=,1367.65053,(CM**-1),QDDHH
MODE,135,FREQUENCY=,1393.42108,(CM**-1),QDDHH
MODE,136,FREQUENCY=,1404.80087,(CM**-1),QDDHH
MODE,137,FREQUENCY=,1410.58442,(CM**-1),QDDHH
MODE,138,FREQUENCY=,1428.64529,(CM**-1),QDDHH
MODE,139,FREQUENCY=,1441.11987,(CM**-1),QDDHH
MODE,140,FREQUENCY=,1444.09896,(CM**-1),QDDHH
MODE,141,FREQUENCY=,1448.10290,(CM**-1),QDDHH
MODE,142,FREQUENCY=,1482.29623,(CM**-1),QDDHH
MODE,143,FREQUENCY=,1493.19156,(CM**-1),QDDHH
MODE,144,FREQUENCY=,1494.12282,(CM**-1),QDDHH
MODE,145,FREQUENCY=,1494.72925,(CM**-1),QDDHH
MODE,146,FREQUENCY=,1497.84405,(CM**-1),QDDHH
MODE,147,FREQUENCY=,1498.84824,(CM**-1),QDDHH
MODE,148,FREQUENCY=,1501.16887,(CM**-1),QDDHH
MODE,149,FREQUENCY=,1501.31553,(CM**-1),QDDHH
MODE,150,FREQUENCY=,1506.96332,(CM**-1),QDDHH
MODE,151,FREQUENCY=,1509.00816,(CM**-1),QDDHH
MODE,152,FREQUENCY=,1509.42860,(CM**-1),QDDHH
MODE,153,FREQUENCY=,1509.90160,(CM**-1),QDDHH
MODE,154,FREQUENCY=,1513.85356,(CM**-1),QDDHH
MODE,155,FREQUENCY=,1526.36454,(CM**-1),QDDHH
MODE,156,FREQUENCY=,1532.09363,(CM**-1),QDDHH
MODE,157,FREQUENCY=,1550.70719,(CM**-1),QDDHH
MODE,158,FREQUENCY=,1552.89864,(CM**-1),QDDHH
MODE,159,FREQUENCY=,1600.38546,(CM**-1),QDDHH
MODE,160,FREQUENCY=,1630.76425,(CM**-1),QDDHH
MODE,161,FREQUENCY=,1633.93102,(CM**-1),QDDHH
MODE,162,FREQUENCY=,1636.09802,(CM**-1),QDDHH
MODE,163,FREQUENCY=,1676.59997,(CM**-1),QDDHH
MODE,164,FREQUENCY=,1730.00633,(CM**-1),QDDHH
MODE,165,FREQUENCY=,1737.28051,(CM**-1),QDDHH
MODE,166,FREQUENCY=,2258.36334,(CM**-1),QDDHH
MODE,167,FREQUENCY=,2383.63864,(CM**-1),QDDHH
MODE,168,FREQUENCY=,3059.06038,(CM**-1),QDDHH
MODE,169,FREQUENCY=,3061.36373,(CM**-1),QDDHH
MODE,170,FREQUENCY=,3062.11056,(CM**-1),QDDHH
MODE,171,FREQUENCY=,3066.27380,(CM**-1),QDDHH
MODE,172,FREQUENCY=,3066.45706,(CM**-1),QDDHH
MODE,173,FREQUENCY=,3066.94664,(CM**-1),QDDHH
MODE,174,FREQUENCY=,3120.81965,(CM**-1),QDDHH
MODE,175,FREQUENCY=,3126.70959,(CM**-1),QDDHH
MODE,176,FREQUENCY=,3129.26882,(CM**-1),QDDHH
MODE,177,FREQUENCY=,3132.43933,(CM**-1),QDDHH
MODE,178,FREQUENCY=,3135.13209,(CM**-1),QDDHH
MODE,179,FREQUENCY=,3135.97697,(CM**-1),QDDHH
MODE,180,FREQUENCY=,3139.60685,(CM**-1),QDDHH
MODE,181,FREQUENCY=,3152.26746,(CM**-1),QDDHH
MODE,182,FREQUENCY=,3163.19739,(CM**-1),QDDHH
MODE,183,FREQUENCY=,3168.64390,(CM**-1),QDDHH
MODE,184,FREQUENCY=,3168.85880,(CM**-1),QDDHH
MODE,185,FREQUENCY=,3169.93113,(CM**-1),QDDHH
MODE,186,FREQUENCY=,3172.82107,(CM**-1),QDDHH
MODE,187,FREQUENCY=,3204.49625,(CM**-1),QDDHH
MODE,188,FREQUENCY=,3279.38962,(CM**-1),QDDHH
MODE,189,FREQUENCY=,3298.61061,(CM**-1),QDDHH
MODE,190,FREQUENCY=,3299.58559,(CM**-1),QDDHH
MODE,191,FREQUENCY=,3314.43915,(CM**-1),QDDHH
MODE,192,FREQUENCY=,3389.84456,(CM**-1),QDDHH
MODE,193,FREQUENCY=,3659.80885,(CM**-1),QDDHH
MODE,194,FREQUENCY=,3662.88139,(CM**-1),QDDHH
MODE,195,FREQUENCY=,3696.79561,(CM**-1),QDDHH
13-2-2-1-2,,,,,
MODE,1,FREQUENCY=,-875.98272,(CM**-1),QDDHD
MODE,8,FREQUENCY=,23.65171,(CM**-1),QDDHD
MODE,9,FREQUENCY=,31.29872,(CM**-1),QDDHD
MODE,10,FREQUENCY=,32.76573,(CM**-1),QDDHD
MODE,11,FREQUENCY=,35.90839,(CM**-1),QDDHD
MODE,12,FREQUENCY=,42.81181,(CM**-1),QDDHD
MODE,13,FREQUENCY=,46.14448,(CM**-1),QDDHD
MODE,14,FREQUENCY=,49.51779,(CM**-1),QDDHD
MODE,15,FREQUENCY=,51.79683,(CM**-1),QDDHD
MODE,16,FREQUENCY=,53.47400,(CM**-1),QDDHD
MODE,17,FREQUENCY=,58.88208,(CM**-1),QDDHD
MODE,18,FREQUENCY=,61.62792,(CM**-1),QDDHD
MODE,19,FREQUENCY=,67.22849,(CM**-1),QDDHD
MODE,20,FREQUENCY=,71.46857,(CM**-1),QDDHD
MODE,21,FREQUENCY=,75.94966,(CM**-1),QDDHD
MODE,22,FREQUENCY=,78.94548,(CM**-1),QDDHD
MODE,23,FREQUENCY=,83.10006,(CM**-1),QDDHD
MODE,24,FREQUENCY=,89.02470,(CM**-1),QDDHD
MODE,25,FREQUENCY=,96.67511,(CM**-1),QDDHD
MODE,26,FREQUENCY=,97.79566,(CM**-1),QDDHD
MODE,27,FREQUENCY=,105.61207,(CM**-1),QDDHD
MODE,28,FREQUENCY=,111.52374,(CM**-1),QDDHD
MODE,29,FREQUENCY=,113.51703,(CM**-1),QDDHD
MODE,30,FREQUENCY=,115.64439,(CM**-1),QDDHD
MODE,31,FREQUENCY=,121.64892,(CM**-1),QDDHD
MODE,32,FREQUENCY=,124.44284,(CM**-1),QDDHD
MODE,33,FREQUENCY=,127.30178,(CM**-1),QDDHD
MODE,34,FREQUENCY=,137.32174,(CM**-1),QDDHD
MODE,35,FREQUENCY=,138.45787,(CM**-1),QDDHD
MODE,36,FREQUENCY=,148.33554,(CM**-1),QDDHD
MODE,37,FREQUENCY=,152.48757,(CM**-1),QDDHD
MODE,38,FREQUENCY=,156.95244,(CM**-1),QDDHD
MODE,39,FREQUENCY=,160.20674,(CM**-1),QDDHD
MODE,40,FREQUENCY=,164.93736,(CM**-1),QDDHD
MODE,41,FREQUENCY=,168.53250,(CM**-1),QDDHD
MODE,42,FREQUENCY=,172.75784,(CM**-1),QDDHD
MODE,43,FREQUENCY=,175.23339,(CM**-1),QDDHD
MODE,44,FREQUENCY=,182.22303,(CM**-1),QDDHD
MODE,45,FREQUENCY=,183.42604,(CM**-1),QDDHD
MODE,46,FREQUENCY=,197.70062,(CM**-1),QDDHD
MODE,47,FREQUENCY=,198.42202,(CM**-1),QDDHD
MODE,48,FREQUENCY=,206.96350,(CM**-1),QDDHD
MODE,49,FREQUENCY=,220.48298,(CM**-1),QDDHD
MODE,50,FREQUENCY=,227.49108,(CM**-1),QDDHD
MODE,51,FREQUENCY=,233.92202,(CM**-1),QDDHD
MODE,52,FREQUENCY=,249.80968,(CM**-1),QDDHD
MODE,53,FREQUENCY=,269.78727,(CM**-1),QDDHD
MODE,54,FREQUENCY=,275.95279,(CM**-1),QDDHD
MODE,55,FREQUENCY=,279.78752,(CM**-1),QDDHD
MODE,56,FREQUENCY=,284.37662,(CM**-1),QDDHD
MODE,57,FREQUENCY=,300.03567,(CM**-1),QDDHD
MODE,58,FREQUENCY=,319.89745,(CM**-1),QDDHD
MODE,59,FREQUENCY=,325.37394,(CM**-1),QDDHD
MODE,60,FREQUENCY=,328.03722,(CM**-1),QDDHD
MODE,61,FREQUENCY=,342.93819,(CM**-1),QDDHD
MODE,62,FREQUENCY=,357.60969,(CM**-1),QDDHD
MODE,63,FREQUENCY=,363.56730,(CM**-1),QDDHD
MODE,64,FREQUENCY=,372.73847,(CM**-1),QDDHD
MODE,65,FREQUENCY=,379.82951,(CM**-1),QDDHD
MODE,66,FREQUENCY=,429.87506,(CM**-1),QDDHD
MODE,67,FREQUENCY=,453.59241,(CM**-1),QDDHD
MODE,68,FREQUENCY=,492.09465,(CM**-1),QDDHD
MODE,69,FREQUENCY=,513.14328,(CM**-1),QDDHD
MODE,70,FREQUENCY=,523.06377,(CM**-1),QDDHD
MODE,71,FREQUENCY=,525.89559,(CM**-1),QDDHD
MODE,72,FREQUENCY=,534.95873,(CM**-1),QDDHD
MODE,73,FREQUENCY=,549.94640,(CM**-1),QDDHD
MODE,74,FREQUENCY=,569.11405,(CM**-1),QDDHD
MODE,75,FREQUENCY=,603.05461,(CM**-1),QDDHD
MODE,76,FREQUENCY=,614.65196,(CM**-1),QDDHD
MODE,77,FREQUENCY=,616.92777,(CM**-1),QDDHD
MODE,78,FREQUENCY=,618.01249,(CM**-1),QDDHD
MODE,79,FREQUENCY=,628.27767,(CM**-1),QDDHD
MODE,80,FREQUENCY=,636.29258,(CM**-1),QDDHD
MODE,81,FREQUENCY=,637.54673,(CM**-1),QDDHD
MODE,82,FREQUENCY=,649.13446,(CM**-1),QDDHD
MODE,83,FREQUENCY=,652.13620,(CM**-1),QDDHD
MODE,84,FREQUENCY=,663.46420,(CM**-1),QDDHD
MODE,85,FREQUENCY=,668.35008,(CM**-1),QDDHD
MODE,86,FREQUENCY=,669.73879,(CM**-1),QDDHD
MODE,87,FREQUENCY=,678.83859,(CM**-1),QDDHD
MODE,88,FREQUENCY=,680.10993,(CM**-1),QDDHD
MODE,89,FREQUENCY=,687.52294,(CM**-1),QDDHD
MODE,90,FREQUENCY=,716.70524,(CM**-1),QDDHD
MODE,91,FREQUENCY=,722.75276,(CM**-1),QDDHD
MODE,92,FREQUENCY=,729.21864,(CM**-1),QDDHD
MODE,93,FREQUENCY=,786.18344,(CM**-1),QDDHD
MODE,94,FREQUENCY=,819.05428,(CM**-1),QDDHD
MODE,95,FREQUENCY=,841.07101,(CM**-1),QDDHD
MODE,96,FREQUENCY=,875.80638,(CM**-1),QDDHD
MODE,97,FREQUENCY=,895.31481,(CM**-1),QDDHD
MODE,98,FREQUENCY=,924.94729,(CM**-1),QDDHD
MODE,99,FREQUENCY=,943.28720,(CM**-1),QDDHD
MODE,100,FREQUENCY=,947.10544,(CM**-1),QDDHD
MODE,101,FREQUENCY=,948.36127,(CM**-1),QDDHD
MODE,102,FREQUENCY=,951.51564,(CM**-1),QDDHD
MODE,103,FREQUENCY=,960.58818,(CM**-1),QDDHD
MODE,104,FREQUENCY=,997.32208,(CM**-1),QDDHD
MODE,105,FREQUENCY=,1016.54009,(CM**-1),QDDHD
MODE,106,FREQUENCY=,1021.19468,(CM**-1),QDDHD
MODE,107,FREQUENCY=,1027.12987,(CM**-1),QDDHD
MODE,108,FREQUENCY=,1034.06963,(CM**-1),QDDHD
MODE,109,FREQUENCY=,1035.16614,(CM**-1),QDDHD
MODE,110,FREQUENCY=,1035.88621,(CM**-1),QDDHD
MODE,111,FREQUENCY=,1038.63893,(CM**-1),QDDHD
MODE,112,FREQUENCY=,1047.67087,(CM**-1),QDDHD
MODE,113,FREQUENCY=,1054.68557,(CM**-1),QDDHD
MODE,114,FREQUENCY=,1072.13912,(CM**-1),QDDHD
MODE,115,FREQUENCY=,1077.91378,(CM**-1),QDDHD
MODE,116,FREQUENCY=,1081.89347,(CM**-1),QDDHD
MODE,117,FREQUENCY=,1085.15309,(CM**-1),QDDHD
MODE,118,FREQUENCY=,1089.93945,(CM**-1),QDDHD
MODE,119,FREQUENCY=,1092.84694,(CM**-1),QDDHD
MODE,120,FREQUENCY=,1101.48216,(CM**-1),QDDHD
MODE,121,FREQUENCY=,1103.61703,(CM**-1),QDDHD
MODE,122,FREQUENCY=,1146.88987,(CM**-1),QDDHD
MODE,123,FREQUENCY=,1174.90553,(CM**-1),QDDHD
MODE,124,FREQUENCY=,1183.69531,(CM**-1),QDDHD
MODE,125,FREQUENCY=,1205.76499,(CM**-1),QDDHD
MODE,126,FREQUENCY=,1268.26968,(CM**-1),QDDHD
MODE,127,FREQUENCY=,1274.14281,(CM**-1),QDDHD
MODE,128,FREQUENCY=,1301.47140,(CM**-1),QDDHD
MODE,129,FREQUENCY=,1305.91148,(CM**-1),QDDHD
MODE,130,FREQUENCY=,1309.61456,(CM**-1),QDDHD
MODE,131,FREQUENCY=,1314.18120,(CM**-1),QDDHD
MODE,132,FREQUENCY=,1356.78829,(CM**-1),QDDHD
MODE,133,FREQUENCY=,1361.82212,(CM**-1),QDDHD
MODE,134,FREQUENCY=,1367.61839,(CM**-1),QDDHD
MODE,135,FREQUENCY=,1393.39406,(CM**-1),QDDHD
MODE,136,FREQUENCY=,1404.79023,(CM**-1),QDDHD
MODE,137,FREQUENCY=,1410.57177,(CM**-1),QDDHD
MODE,138,FREQUENCY=,1428.63965,(CM**-1),QDDHD
MODE,139,FREQUENCY=,1441.09461,(CM**-1),QDDHD
MODE,140,FREQUENCY=,1444.09851,(CM**-1),QDDHD
MODE,141,FREQUENCY=,1448.09734,(CM**-1),QDDHD
MODE,142,FREQUENCY=,1482.27025,(CM**-1),QDDHD
MODE,143,FREQUENCY=,1493.18879,(CM**-1),QDDHD
MODE,144,FREQUENCY=,1494.11708,(CM**-1),QDDHD
MODE,145,FREQUENCY=,1494.72916,(CM**-1),QDDHD
MODE,146,FREQUENCY=,1497.84402,(CM**-1),QDDHD
MODE,147,FREQUENCY=,1498.83719,(CM**-1),QDDHD
MODE,148,FREQUENCY=,1501.16847,(CM**-1),QDDHD
MODE,149,FREQUENCY=,1501.31471,(CM**-1),QDDHD
MODE,150,FREQUENCY=,1506.96183,(CM**-1),QDDHD
MODE,151,FREQUENCY=,1509.00758,(CM**-1),QDDHD
MODE,152,FREQUENCY=,1509.42668,(CM**-1),QDDHD
MODE,153,FREQUENCY=,1509.90126,(CM**-1),QDDHD
MODE,154,FREQUENCY=,1513.84428,(CM**-1),QDDHD
MODE,155,FREQUENCY=,1526.36164,(CM**-1),QDDHD
MODE,156,FREQUENCY=,1532.09341,(CM**-1),QDDHD
MODE,157,FREQUENCY=,1550.70578,(CM**-1),QDDHD
MODE,158,FREQUENCY=,1552.88627,(CM**-1),QDDHD
MODE,159,FREQUENCY=,1600.33920,(CM**-1),QDDHD
MODE,160,FREQUENCY=,1630.73898,(CM**-1),QDDHD
MODE,161,FREQUENCY=,1633.92768,(CM**-1),QDDHD
MODE,162,FREQUENCY=,1636.07596,(CM**-1),QDDHD
MODE,163,FREQUENCY=,1676.59595,(CM**-1),QDDHD
MODE,164,FREQUENCY=,1730.00538,(CM**-1),QDDHD
MODE,165,FREQUENCY=,1737.26687,(CM**-1),QDDHD
MODE,166,FREQUENCY=,2258.22718,(CM**-1),QDDHD
MODE,167,FREQUENCY=,2383.57607,(CM**-1),QDDHD
MODE,168,FREQUENCY=,3059.06009,(CM**-1),QDDHD
MODE,169,FREQUENCY=,3061.36370,(CM**-1),QDDHD
MODE,170,FREQUENCY=,3062.11047,(CM**-1),QDDHD
MODE,171,FREQUENCY=,3066.27374,(CM**-1),QDDHD
MODE,172,FREQUENCY=,3066.45704,(CM**-1),QDDHD
MODE,173,FREQUENCY=,3066.94660,(CM**-1),QDDHD
MODE,174,FREQUENCY=,3120.81960,(CM**-1),QDDHD
MODE,175,FREQUENCY=,3126.70958,(CM**-1),QDDHD
MODE,176,FREQUENCY=,3129.26876,(CM**-1),QDDHD
MODE,177,FREQUENCY=,3132.43926,(CM**-1),QDDHD
MODE,178,FREQUENCY=,3135.13208,(CM**-1),QDDHD
MODE,179,FREQUENCY=,3135.97695,(CM**-1),QDDHD
MODE,180,FREQUENCY=,3139.60684,(CM**-1),QDDHD
MODE,181,FREQUENCY=,3152.26746,(CM**-1),QDDHD
MODE,182,FREQUENCY=,3163.19722,(CM**-1),QDDHD
MODE,183,FREQUENCY=,3168.64345,(CM**-1),QDDHD
MODE,184,FREQUENCY=,3168.85878,(CM**-1),QDDHD
MODE,185,FREQUENCY=,3169.77394,(CM**-1),QDDHD
MODE,186,FREQUENCY=,3172.82099,(CM**-1),QDDHD
MODE,187,FREQUENCY=,3204.42498,(CM**-1),QDDHD
MODE,188,FREQUENCY=,3279.38943,(CM**-1),QDDHD
MODE,189,FREQUENCY=,3298.61060,(CM**-1),QDDHD
MODE,190,FREQUENCY=,3299.58558,(CM**-1),QDDHD
MODE,191,FREQUENCY=,3314.43898,(CM**-1),QDDHD
MODE,192,FREQUENCY=,3389.84320,(CM**-1),QDDHD
MODE,193,FREQUENCY=,3659.80877,(CM**-1),QDDHD
MODE,194,FREQUENCY=,3662.88136,(CM**-1),QDDHD
MODE,195,FREQUENCY=,3696.79547,(CM**-1),QDDHD
13-2-2-2-1,,,,,
MODE,1,FREQUENCY=,-1130.41743,(CM**-1),QDDDH
MODE,8,FREQUENCY=,23.35020,(CM**-1),QDDDH
MODE,9,FREQUENCY=,30.80942,(CM**-1),QDDDH
MODE,10,FREQUENCY=,32.73783,(CM**-1),QDDDH
MODE,11,FREQUENCY=,35.68486,(CM**-1),QDDDH
MODE,12,FREQUENCY=,42.77028,(CM**-1),QDDDH
MODE,13,FREQUENCY=,46.12845,(CM**-1),QDDDH
MODE,14,FREQUENCY=,49.45673,(CM**-1),QDDDH
MODE,15,FREQUENCY=,51.66727,(CM**-1),QDDDH
MODE,16,FREQUENCY=,53.46121,(CM**-1),QDDDH
MODE,17,FREQUENCY=,58.71101,(CM**-1),QDDDH
MODE,18,FREQUENCY=,60.61945,(CM**-1),QDDDH
MODE,19,FREQUENCY=,66.98276,(CM**-1),QDDDH
MODE,20,FREQUENCY=,70.73992,(CM**-1),QDDDH
MODE,21,FREQUENCY=,73.67997,(CM**-1),QDDDH
MODE,22,FREQUENCY=,75.98470,(CM**-1),QDDDH
MODE,23,FREQUENCY=,83.05761,(CM**-1),QDDDH
MODE,24,FREQUENCY=,88.96096,(CM**-1),QDDDH
MODE,25,FREQUENCY=,96.62844,(CM**-1),QDDDH
MODE,26,FREQUENCY=,97.36765,(CM**-1),QDDDH
MODE,27,FREQUENCY=,105.47806,(CM**-1),QDDDH
MODE,28,FREQUENCY=,111.39514,(CM**-1),QDDDH
MODE,29,FREQUENCY=,113.49007,(CM**-1),QDDDH
MODE,30,FREQUENCY=,115.63816,(CM**-1),QDDDH
MODE,31,FREQUENCY=,121.62167,(CM**-1),QDDDH
MODE,32,FREQUENCY=,124.44880,(CM**-1),QDDDH
MODE,33,FREQUENCY=,127.30398,(CM**-1),QDDDH
MODE,34,FREQUENCY=,137.33494,(CM**-1),QDDDH
MODE,35,FREQUENCY=,138.49506,(CM**-1),QDDDH
MODE,36,FREQUENCY=,148.34088,(CM**-1),QDDDH
MODE,37,FREQUENCY=,152.56154,(CM**-1),QDDDH
MODE,38,FREQUENCY=,156.95363,(CM**-1),QDDDH
MODE,39,FREQUENCY=,160.21234,(CM**-1),QDDDH
MODE,40,FREQUENCY=,164.96927,(CM**-1),QDDDH
MODE,41,FREQUENCY=,168.54222,(CM**-1),QDDDH
MODE,42,FREQUENCY=,172.77226,(CM**-1),QDDDH
MODE,43,FREQUENCY=,175.26975,(CM**-1),QDDDH
MODE,44,FREQUENCY=,182.12441,(CM**-1),QDDDH
MODE,45,FREQUENCY=,183.39977,(CM**-1),QDDDH
MODE,46,FREQUENCY=,197.71589,(CM**-1),QDDDH
MODE,47,FREQUENCY=,198.23491,(CM**-1),QDDDH
MODE,48,FREQUENCY=,207.01570,(CM**-1),QDDDH
MODE,49,FREQUENCY=,221.06279,(CM**-1),QDDDH
MODE,50,FREQUENCY=,227.47699,(CM**-1),QDDDH
MODE,51,FREQUENCY=,240.91299,(CM**-1),QDDDH
MODE,52,FREQUENCY=,249.97620,(CM**-1),QDDDH
MODE,53,FREQUENCY=,270.45843,(CM**-1),QDDDH
MODE,54,FREQUENCY=,275.95271,(CM**-1),QDDDH
MODE,55,FREQUENCY=,279.77407,(CM**-1),QDDDH
MODE,56,FREQUENCY=,298.79579,(CM**-1),QDDDH
MODE,57,FREQUENCY=,302.73166,(CM**-1),QDDDH
MODE,58,FREQUENCY=,316.61628,(CM**-1),QDDDH
MODE,59,FREQUENCY=,325.26171,(CM**-1),QDDDH
MODE,60,FREQUENCY=,328.24582,(CM**-1),QDDDH
MODE,61,FREQUENCY=,345.52122,(CM**-1),QDDDH
MODE,62,FREQUENCY=,356.95490,(CM**-1),QDDDH
MODE,63,FREQUENCY=,362.94373,(CM**-1),QDDDH
MODE,64,FREQUENCY=,372.73155,(CM**-1),QDDDH
MODE,65,FREQUENCY=,376.97225,(CM**-1),QDDDH
MODE,66,FREQUENCY=,414.97717,(CM**-1),QDDDH
MODE,67,FREQUENCY=,453.42102,(CM**-1),QDDDH
MODE,68,FREQUENCY=,492.09916,(CM**-1),QDDDH
MODE,69,FREQUENCY=,513.17653,(CM**-1),QDDDH
MODE,70,FREQUENCY=,523.05909,(CM**-1),QDDDH
MODE,71,FREQUENCY=,525.84035,(CM**-1),QDDDH
MODE,72,FREQUENCY=,534.93913,(CM**-1),QDDDH
MODE,73,FREQUENCY=,549.82465,(CM**-1),QDDDH
MODE,74,FREQUENCY=,569.10400,(CM**-1),QDDDH
MODE,75,FREQUENCY=,603.05731,(CM**-1),QDDDH
MODE,76,FREQUENCY=,614.65434,(CM**-1),QDDDH
MODE,77,FREQUENCY=,616.94282,(CM**-1),QDDDH
MODE,78,FREQUENCY=,618.01646,(CM**-1),QDDDH
MODE,79,FREQUENCY=,628.28827,(CM**-1),QDDDH
MODE,80,FREQUENCY=,636.29336,(CM**-1),QDDDH
MODE,81,FREQUENCY=,637.55559,(CM**-1),QDDDH
MODE,82,FREQUENCY=,649.13557,(CM**-1),QDDDH
MODE,83,FREQUENCY=,652.13621,(CM**-1),QDDDH
MODE,84,FREQUENCY=,663.64562,(CM**-1),QDDDH
MODE,85,FREQUENCY=,668.35226,(CM**-1),QDDDH
MODE,86,FREQUENCY=,669.76584,(CM**-1),QDDDH
MODE,87,FREQUENCY=,678.85514,(CM**-1),QDDDH
MODE,88,FREQUENCY=,680.30140,(CM**-1),QDDDH
MODE,89,FREQUENCY=,687.53626,(CM**-1),QDDDH
MODE,90,FREQUENCY=,722.75211,(CM**-1),QDDDH
MODE,91,FREQUENCY=,729.21430,(CM**-1),QDDDH
MODE,92,FREQUENCY=,741.95008,(CM**-1),QDDDH
MODE,93,FREQUENCY=,786.39332,(CM**-1),QDDDH
MODE,94,FREQUENCY=,819.06321,(CM**-1),QDDDH
MODE,95,FREQUENCY=,875.80597,(CM**-1),QDDDH
MODE,96,FREQUENCY=,924.90671,(CM**-1),QDDDH
MODE,97,FREQUENCY=,943.23874,(CM**-1),QDDDH
MODE,98,FREQUENCY=,947.07810,(CM**-1),QDDDH
MODE,99,FREQUENCY=,948.35604,(CM**-1),QDDDH
MODE,100,FREQUENCY=,951.51565,(CM**-1),QDDDH
MODE,101,FREQUENCY=,960.63043,(CM**-1),QDDDH
MODE,102,FREQUENCY=,975.07960,(CM**-1),QDDDH
MODE,103,FREQUENCY=,997.64446,(CM**-1),QDDDH
MODE,104,FREQUENCY=,1016.54164,(CM**-1),QDDDH
MODE,105,FREQUENCY=,1021.21123,(CM**-1),QDDDH
MODE,106,FREQUENCY=,1027.13269,(CM**-1),QDDDH
MODE,107,FREQUENCY=,1034.02796,(CM**-1),QDDDH
MODE,108,FREQUENCY=,1035.15600,(CM**-1),QDDDH
MODE,109,FREQUENCY=,1038.57556,(CM**-1),QDDDH
MODE,110,FREQUENCY=,1047.66191,(CM**-1),QDDDH
MODE,111,FREQUENCY=,1054.67177,(CM**-1),QDDDH
MODE,112,FREQUENCY=,1059.20086,(CM**-1),QDDDH
MODE,113,FREQUENCY=,1063.37683,(CM**-1),QDDDH
MODE,114,FREQUENCY=,1067.40148,(CM**-1),QDDDH
MODE,115,FREQUENCY=,1072.24867,(CM**-1),QDDDH
MODE,116,FREQUENCY=,1078.16130,(CM**-1),QDDDH
MODE,117,FREQUENCY=,1082.06376,(CM**-1),QDDDH
MODE,118,FREQUENCY=,1085.16463,(CM**-1),QDDDH
MODE,119,FREQUENCY=,1089.93965,(CM**-1),QDDDH
MODE,120,FREQUENCY=,1092.84548,(CM**-1),QDDDH
MODE,121,FREQUENCY=,1101.48624,(CM**-1),QDDDH
MODE,122,FREQUENCY=,1103.61715,(CM**-1),QDDDH
MODE,123,FREQUENCY=,1145.91036,(CM**-1),QDDDH
MODE,124,FREQUENCY=,1174.93017,(CM**-1),QDDDH
MODE,125,FREQUENCY=,1183.69552,(CM**-1),QDDDH
MODE,126,FREQUENCY=,1205.81163,(CM**-1),QDDDH
MODE,127,FREQUENCY=,1268.27102,(CM**-1),QDDDH
MODE,128,FREQUENCY=,1274.14327,(CM**-1),QDDDH
MODE,129,FREQUENCY=,1301.47991,(CM**-1),QDDDH
MODE,130,FREQUENCY=,1305.91657,(CM**-1),QDDDH
MODE,131,FREQUENCY=,1309.66562,(CM**-1),QDDDH
MODE,132,FREQUENCY=,1356.78850,(CM**-1),QDDDH
MODE,133,FREQUENCY=,1361.82218,(CM**-1),QDDDH
MODE,134,FREQUENCY=,1367.62326,(CM**-1),QDDDH
MODE,135,FREQUENCY=,1393.41929,(CM**-1),QDDDH
MODE,136,FREQUENCY=,1404.79908,(CM**-1),QDDDH
MODE,137,FREQUENCY=,1410.58314,(CM**-1),QDDDH
MODE,138,FREQUENCY=,1428.64213,(CM**-1),QDDDH
MODE,139,FREQUENCY=,1441.11671,(CM**-1),QDDDH
MODE,140,FREQUENCY=,1444.09889,(CM**-1),QDDDH
MODE,141,FREQUENCY=,1448.10286,(CM**-1),QDDDH
MODE,142,FREQUENCY=,1482.28600,(CM**-1),QDDDH
MODE,143,FREQUENCY=,1493.19061,(CM**-1),QDDDH
MODE,144,FREQUENCY=,1494.12184,(CM**-1),QDDDH
MODE,145,FREQUENCY=,1494.72915,(CM**-1),QDDDH
MODE,146,FREQUENCY=,1497.84404,(CM**-1),QDDDH
MODE,147,FREQUENCY=,1498.82022,(CM**-1),QDDDH
MODE,148,FREQUENCY=,1501.16881,(CM**-1),QDDDH
MODE,149,FREQUENCY=,1501.31171,(CM**-1),QDDDH
MODE,150,FREQUENCY=,1506.96316,(CM**-1),QDDDH
MODE,151,FREQUENCY=,1509.00810,(CM**-1),QDDDH
MODE,152,FREQUENCY=,1509.42826,(CM**-1),QDDDH
MODE,153,FREQUENCY=,1509.90013,(CM**-1),QDDDH
MODE,154,FREQUENCY=,1513.85228,(CM**-1),QDDDH
MODE,155,FREQUENCY=,1526.36403,(CM**-1),QDDDH
MODE,156,FREQUENCY=,1532.09357,(CM**-1),QDDDH
MODE,157,FREQUENCY=,1550.70716,(CM**-1),QDDDH
MODE,158,FREQUENCY=,1552.89834,(CM**-1),QDDDH
MODE,159,FREQUENCY=,1600.36258,(CM**-1),QDDDH
MODE,160,FREQUENCY=,1630.75890,(CM**-1),QDDDH
MODE,161,FREQUENCY=,1633.93069,(CM**-1),QDDDH
MODE,162,FREQUENCY=,1636.09296,(CM**-1),QDDDH
MODE,163,FREQUENCY=,1676.59783,(CM**-1),QDDDH
MODE,164,FREQUENCY=,1730.00628,(CM**-1),QDDDH
MODE,165,FREQUENCY=,1737.27840,(CM**-1),QDDDH
MODE,166,FREQUENCY=,2199.84546,(CM**-1),QDDDH
MODE,167,FREQUENCY=,2373.71386,(CM**-1),QDDDH
MODE,168,FREQUENCY=,2386.66177,(CM**-1),QDDDH
MODE,169,FREQUENCY=,3059.06038,(CM**-1),QDDDH
MODE,170,FREQUENCY=,3061.36373,(CM**-1),QDDDH
MODE,171,FREQUENCY=,3062.11057,(CM**-1),QDDDH
MODE,172,FREQUENCY=,3066.27381,(CM**-1),QDDDH
MODE,173,FREQUENCY=,3066.45706,(CM**-1),QDDDH
MODE,174,FREQUENCY=,3066.94664,(CM**-1),QDDDH
MODE,175,FREQUENCY=,3120.82019,(CM**-1),QDDDH
MODE,176,FREQUENCY=,3126.70959,(CM**-1),QDDDH
MODE,177,FREQUENCY=,3129.26882,(CM**-1),QDDDH
MODE,178,FREQUENCY=,3132.43941,(CM**-1),QDDDH
MODE,179,FREQUENCY=,3135.13211,(CM**-1),QDDDH
MODE,180,FREQUENCY=,3135.97700,(CM**-1),QDDDH
MODE,181,FREQUENCY=,3139.60687,(CM**-1),QDDDH
MODE,182,FREQUENCY=,3152.26754,(CM**-1),QDDDH
MODE,183,FREQUENCY=,3163.20055,(CM**-1),QDDDH
MODE,184,FREQUENCY=,3168.64655,(CM**-1),QDDDH
MODE,185,FREQUENCY=,3168.85913,(CM**-1),QDDDH
MODE,186,FREQUENCY=,3172.82054,(CM**-1),QDDDH
MODE,187,FREQUENCY=,3204.49369,(CM**-1),QDDDH
MODE,188,FREQUENCY=,3279.38961,(CM**-1),QDDDH
MODE,189,FREQUENCY=,3298.61061,(CM**-1),QDDDH
MODE,190,FREQUENCY=,3299.58559,(CM**-1),QDDDH
MODE,191,FREQUENCY=,3314.43915,(CM**-1),QDDDH
MODE,192,FREQUENCY=,3389.84429,(CM**-1),QDDDH
MODE,193,FREQUENCY=,3659.80885,(CM**-1),QDDDH
MODE,194,FREQUENCY=,3662.88138,(CM**-1),QDDDH
MODE,195,FREQUENCY=,3696.79558,(CM**-1),QDDDH
13-2-2-2-2,,,,,
MODE,1,FREQUENCY=,-868.75299,(CM**-1),QDDDD
MODE,8,FREQUENCY=,23.31372,(CM**-1),QDDDD
MODE,9,FREQUENCY=,30.77013,(CM**-1),QDDDD
MODE,10,FREQUENCY=,32.73127,(CM**-1),QDDDD
MODE,11,FREQUENCY=,35.66348,(CM**-1),QDDDD
MODE,12,FREQUENCY=,42.76856,(CM**-1),QDDDD
MODE,13,FREQUENCY=,46.12613,(CM**-1),QDDDD
MODE,14,FREQUENCY=,49.45183,(CM**-1),QDDDD
MODE,15,FREQUENCY=,51.65420,(CM**-1),QDDDD
MODE,16,FREQUENCY=,53.45812,(CM**-1),QDDDD
MODE,17,FREQUENCY=,58.69331,(CM**-1),QDDDD
MODE,18,FREQUENCY=,60.50984,(CM**-1),QDDDD
MODE,19,FREQUENCY=,66.96159,(CM**-1),QDDDD
MODE,20,FREQUENCY=,70.73033,(CM**-1),QDDDD
MODE,21,FREQUENCY=,73.63504,(CM**-1),QDDDD
MODE,22,FREQUENCY=,75.97958,(CM**-1),QDDDD
MODE,23,FREQUENCY=,83.04588,(CM**-1),QDDDD
MODE,24,FREQUENCY=,88.95736,(CM**-1),QDDDD
MODE,25,FREQUENCY=,96.62728,(CM**-1),QDDDD
MODE,26,FREQUENCY=,97.36511,(CM**-1),QDDDD
MODE,27,FREQUENCY=,105.38147,(CM**-1),QDDDD
MODE,28,FREQUENCY=,111.38929,(CM**-1),QDDDD
MODE,29,FREQUENCY=,113.47694,(CM**-1),QDDDD
MODE,30,FREQUENCY=,115.63778,(CM**-1),QDDDD
MODE,31,FREQUENCY=,121.62035,(CM**-1),QDDDD
MODE,32,FREQUENCY=,124.43755,(CM**-1),QDDDD
MODE,33,FREQUENCY=,127.29398,(CM**-1),QDDDD
MODE,34,FREQUENCY=,137.31916,(CM**-1),QDDDD
MODE,35,FREQUENCY=,138.45277,(CM**-1),QDDDD
MODE,36,FREQUENCY=,148.27741,(CM**-1),QDDDD
MODE,37,FREQUENCY=,152.14306,(CM**-1),QDDDD
MODE,38,FREQUENCY=,156.87233,(CM**-1),QDDDD
MODE,39,FREQUENCY=,160.10415,(CM**-1),QDDDD
MODE,40,FREQUENCY=,164.93233,(CM**-1),QDDDD
MODE,41,FREQUENCY=,168.52598,(CM**-1),QDDDD
MODE,42,FREQUENCY=,172.75385,(CM**-1),QDDDD
MODE,43,FREQUENCY=,175.22147,(CM**-1),QDDDD
MODE,44,FREQUENCY=,181.75630,(CM**-1),QDDDD
MODE,45,FREQUENCY=,183.37959,(CM**-1),QDDDD
MODE,46,FREQUENCY=,197.69845,(CM**-1),QDDDD
MODE,47,FREQUENCY=,198.09190,(CM**-1),QDDDD
MODE,48,FREQUENCY=,206.82513,(CM**-1),QDDDD
MODE,49,FREQUENCY=,220.38441,(CM**-1),QDDDD
MODE,50,FREQUENCY=,227.35509,(CM**-1),QDDDD
MODE,51,FREQUENCY=,233.30166,(CM**-1),QDDDD
MODE,52,FREQUENCY=,248.82029,(CM**-1),QDDDD
MODE,53,FREQUENCY=,269.34090,(CM**-1),QDDDD
MODE,54,FREQUENCY=,275.86040,(CM**-1),QDDDD
MODE,55,FREQUENCY=,279.69757,(CM**-1),QDDDD
MODE,56,FREQUENCY=,283.39290,(CM**-1),QDDDD
MODE,57,FREQUENCY=,296.88438,(CM**-1),QDDDD
MODE,58,FREQUENCY=,309.65626,(CM**-1),QDDDD
MODE,59,FREQUENCY=,325.19446,(CM**-1),QDDDD
MODE,60,FREQUENCY=,328.02159,(CM**-1),QDDDD
MODE,61,FREQUENCY=,342.91426,(CM**-1),QDDDD
MODE,62,FREQUENCY=,352.94132,(CM**-1),QDDDD
MODE,63,FREQUENCY=,361.73711,(CM**-1),QDDDD
MODE,64,FREQUENCY=,372.72681,(CM**-1),QDDDD
MODE,65,FREQUENCY=,374.69797,(CM**-1),QDDDD
MODE,66,FREQUENCY=,411.20368,(CM**-1),QDDDD
MODE,67,FREQUENCY=,453.40721,(CM**-1),QDDDD
MODE,68,FREQUENCY=,492.09391,(CM**-1),QDDDD
MODE,69,FREQUENCY=,513.12587,(CM**-1),QDDDD
MODE,70,FREQUENCY=,523.04825,(CM**-1),QDDDD
MODE,71,FREQUENCY=,525.83062,(CM**-1),QDDDD
MODE,72,FREQUENCY=,534.93750,(CM**-1),QDDDD
MODE,73,FREQUENCY=,549.76139,(CM**-1),QDDDD
MODE,74,FREQUENCY=,569.09776,(CM**-1),QDDDD
MODE,75,FREQUENCY=,603.05451,(CM**-1),QDDDD
MODE,76,FREQUENCY=,614.65176,(CM**-1),QDDDD
MODE,77,FREQUENCY=,616.92689,(CM**-1),QDDDD
MODE,78,FREQUENCY=,618.01230,(CM**-1),QDDDD
MODE,79,FREQUENCY=,628.27530,(CM**-1),QDDDD
MODE,80,FREQUENCY=,636.29060,(CM**-1),QDDDD
MODE,81,FREQUENCY=,637.54146,(CM**-1),QDDDD
MODE,82,FREQUENCY=,649.13445,(CM**-1),QDDDD
MODE,83,FREQUENCY=,652.13601,(CM**-1),QDDDD
MODE,84,FREQUENCY=,663.38395,(CM**-1),QDDDD
MODE,85,FREQUENCY=,668.34888,(CM**-1),QDDDD
MODE,86,FREQUENCY=,669.72438,(CM**-1),QDDDD
MODE,87,FREQUENCY=,678.83059,(CM**-1),QDDDD
MODE,88,FREQUENCY=,679.95935,(CM**-1),QDDDD
MODE,89,FREQUENCY=,687.51633,(CM**-1),QDDDD
MODE,90,FREQUENCY=,714.20348,(CM**-1),QDDDD
MODE,91,FREQUENCY=,722.75266,(CM**-1),QDDDD
MODE,92,FREQUENCY=,729.21826,(CM**-1),QDDDD
MODE,93,FREQUENCY=,786.17797,(CM**-1),QDDDD
MODE,94,FREQUENCY=,819.05286,(CM**-1),QDDDD
MODE,95,FREQUENCY=,839.53261,(CM**-1),QDDDD
MODE,96,FREQUENCY=,875.80282,(CM**-1),QDDDD
MODE,97,FREQUENCY=,880.49016,(CM**-1),QDDDD
MODE,98,FREQUENCY=,924.93421,(CM**-1),QDDDD
MODE,99,FREQUENCY=,942.90848,(CM**-1),QDDDD
MODE,100,FREQUENCY=,945.10639,(CM**-1),QDDDD
MODE,101,FREQUENCY=,947.22602,(CM**-1),QDDDD
MODE,102,FREQUENCY=,948.37981,(CM**-1),QDDDD
MODE,103,FREQUENCY=,951.51599,(CM**-1),QDDDD
MODE,104,FREQUENCY=,960.64665,(CM**-1),QDDDD
MODE,105,FREQUENCY=,997.39044,(CM**-1),QDDDD
MODE,106,FREQUENCY=,1016.54236,(CM**-1),QDDDD
MODE,107,FREQUENCY=,1021.19506,(CM**-1),QDDDD
MODE,108,FREQUENCY=,1027.13008,(CM**-1),QDDDD
MODE,109,FREQUENCY=,1034.06038,(CM**-1),QDDDD
MODE,110,FREQUENCY=,1035.16401,(CM**-1),QDDDD
MODE,111,FREQUENCY=,1038.59817,(CM**-1),QDDDD
MODE,112,FREQUENCY=,1047.67033,(CM**-1),QDDDD
MODE,113,FREQUENCY=,1054.68070,(CM**-1),QDDDD
MODE,114,FREQUENCY=,1059.31758,(CM**-1),QDDDD
MODE,115,FREQUENCY=,1064.71647,(CM**-1),QDDDD
MODE,116,FREQUENCY=,1072.14474,(CM**-1),QDDDD
MODE,117,FREQUENCY=,1077.93047,(CM**-1),QDDDD
MODE,118,FREQUENCY=,1081.89988,(CM**-1),QDDDD
MODE,119,FREQUENCY=,1085.15346,(CM**-1),QDDDD
MODE,120,FREQUENCY=,1089.93962,(CM**-1),QDDDD
MODE,121,FREQUENCY=,1092.84700,(CM**-1),QDDDD
MODE,122,FREQUENCY=,1101.48241,(CM**-1),QDDDD
MODE,123,FREQUENCY=,1103.61709,(CM**-1),QDDDD
MODE,124,FREQUENCY=,1174.90470,(CM**-1),QDDDD
MODE,125,FREQUENCY=,1183.69523,(CM**-1),QDDDD
MODE,126,FREQUENCY=,1205.76483,(CM**-1),QDDDD
MODE,127,FREQUENCY=,1268.26971,(CM**-1),QDDDD
MODE,128,FREQUENCY=,1274.14280,(CM**-1),QDDDD
MODE,129,FREQUENCY=,1301.47040,(CM**-1),QDDDD
MODE,130,FREQUENCY=,1305.91146,(CM**-1),QDDDD
MODE,131,FREQUENCY=,1309.60696,(CM**-1),QDDDD
MODE,132,FREQUENCY=,1356.78823,(CM**-1),QDDDD
MODE,133,FREQUENCY=,1361.82210,(CM**-1),QDDDD
MODE,134,FREQUENCY=,1367.59406,(CM**-1),QDDDD
MODE,135,FREQUENCY=,1393.39202,(CM**-1),QDDDD
MODE,136,FREQUENCY=,1404.78890,(CM**-1),QDDDD
MODE,137,FREQUENCY=,1410.57165,(CM**-1),QDDDD
MODE,138,FREQUENCY=,1428.63711,(CM**-1),QDDDD
MODE,139,FREQUENCY=,1441.09437,(CM**-1),QDDDD
MODE,140,FREQUENCY=,1444.09849,(CM**-1),QDDDD
MODE,141,FREQUENCY=,1448.09705,(CM**-1),QDDDD
MODE,142,FREQUENCY=,1482.26665,(CM**-1),QDDDD
MODE,143,FREQUENCY=,1493.18846,(CM**-1),QDDDD
MODE,144,FREQUENCY=,1494.11556,(CM**-1),QDDDD
MODE,145,FREQUENCY=,1494.72906,(CM**-1),QDDDD
MODE,146,FREQUENCY=,1497.84401,(CM**-1),QDDDD
MODE,147,FREQUENCY=,1498.80662,(CM**-1),QDDDD
MODE,148,FREQUENCY=,1501.16841,(CM**-1),QDDDD
MODE,149,FREQUENCY=,1501.31112,(CM**-1),QDDDD
MODE,150,FREQUENCY=,1506.96182,(CM**-1),QDDDD
MODE,151,FREQUENCY=,1509.00741,(CM**-1),QDDDD
MODE,152,FREQUENCY=,1509.42583,(CM**-1),QDDDD
MODE,153,FREQUENCY=,1509.89967,(CM**-1),QDDDD
MODE,154,FREQUENCY=,1513.84399,(CM**-1),QDDDD
MODE,155,FREQUENCY=,1526.36148,(CM**-1),QDDDD
MODE,156,FREQUENCY=,1532.09333,(CM**-1),QDDDD
MODE,157,FREQUENCY=,1550.70574,(CM**-1),QDDDD
MODE,158,FREQUENCY=,1552.88536,(CM**-1),QDDDD
MODE,159,FREQUENCY=,1600.32317,(CM**-1),QDDDD
MODE,160,FREQUENCY=,1630.73678,(CM**-1),QDDDD
MODE,161,FREQUENCY=,1633.92748,(CM**-1),QDDDD
MODE,162,FREQUENCY=,1636.07397,(CM**-1),QDDDD
MODE,163,FREQUENCY=,1676.59470,(CM**-1),QDDDD
MODE,164,FREQUENCY=,1730.00534,(CM**-1),QDDDD
MODE,165,FREQUENCY=,1737.26541,(CM**-1),QDDDD
MODE,166,FREQUENCY=,2199.64397,(CM**-1),QDDDD
MODE,167,FREQUENCY=,2373.64389,(CM**-1),QDDDD
MODE,168,FREQUENCY=,2386.60494,(CM**-1),QDDDD
MODE,169,FREQUENCY=,3059.06007,(CM**-1),QDDDD
MODE,170,FREQUENCY=,3061.36370,(CM**-1),QDDDD
MODE,171,FREQUENCY=,3062.11048,(CM**-1),QDDDD
MODE,172,FREQUENCY=,3066.27374,(CM**-1),QDDDD
MODE,173,FREQUENCY=,3066.45704,(CM**-1),QDDDD
MODE,174,FREQUENCY=,3066.94660,(CM**-1),QDDDD
MODE,175,FREQUENCY=,3120.82011,(CM**-1),QDDDD
MODE,176,FREQUENCY=,3126.70959,(CM**-1),QDDDD
MODE,177,FREQUENCY=,3129.26876,(CM**-1),QDDDD
MODE,178,FREQUENCY=,3132.43934,(CM**-1),QDDDD
MODE,179,FREQUENCY=,3135.13211,(CM**-1),QDDDD
MODE,180,FREQUENCY=,3135.97698,(CM**-1),QDDDD
MODE,181,FREQUENCY=,3139.60685,(CM**-1),QDDDD
MODE,182,FREQUENCY=,3152.26753,(CM**-1),QDDDD
MODE,183,FREQUENCY=,3163.20023,(CM**-1),QDDDD
MODE,184,FREQUENCY=,3168.64649,(CM**-1),QDDDD
MODE,185,FREQUENCY=,3168.85911,(CM**-1),QDDDD
MODE,186,FREQUENCY=,3172.82052,(CM**-1),QDDDD
MODE,187,FREQUENCY=,3204.42120,(CM**-1),QDDDD
MODE,188,FREQUENCY=,3279.38943,(CM**-1),QDDDD
MODE,189,FREQUENCY=,3298.61060,(CM**-1),QDDDD
MODE,190,FREQUENCY=,3299.58558,(CM**-1),QDDDD
MODE,191,FREQUENCY=,3314.43898,(CM**-1),QDDDD
MODE,192,FREQUENCY=,3389.84291,(CM**-1),QDDDD
MODE,193,FREQUENCY=,3659.80877,(CM**-1),QDDDD
MODE,194,FREQUENCY=,3662.88136,(CM**-1),QDDDD
MODE,195,FREQUENCY=,3696.79543,(CM**-1),QDDDD
