,Mode,,Frequency,,Isotopologue
12-1-1-1-1,,,,,
MODE,1,FREQUENCY=,-1192.86915,(CM**-1),CHHHH
MODE,8,FREQUENCY=,21.33259,(CM**-1),CHHHH
MODE,9,FREQUENCY=,23.5859,(CM**-1),CHHHH
MODE,10,FREQUENCY=,25.46921,(CM**-1),CHHHH
MODE,11,FREQUENCY=,27.59232,(CM**-1),CHHHH
MODE,12,FREQUENCY=,28.33895,(CM**-1),CHHHH
MODE,13,FREQUENCY=,32.08156,(CM**-1),CHHHH
MODE,14,FREQUENCY=,36.91412,(CM**-1),CHHHH
MODE,15,FREQUENCY=,42.12607,(CM**-1),CHHHH
MODE,16,FREQUENCY=,45.27143,(CM**-1),CHHHH
MODE,17,FREQUENCY=,50.18152,(CM**-1),CHHHH
MODE,18,FREQUENCY=,53.10521,(CM**-1),CHHHH
MODE,19,FREQUENCY=,55.71837,(CM**-1),CHHHH
MODE,20,FREQUENCY=,58.724,(CM**-1),CHHHH
MODE,21,FREQUENCY=,62.99473,(CM**-1),CHHHH
MODE,22,FREQUENCY=,64.69289,(CM**-1),CHHHH
MODE,23,FREQUENCY=,69.92246,(CM**-1),CHHHH
MODE,24,FREQUENCY=,76.65378,(CM**-1),CHHHH
MODE,25,FREQUENCY=,83.33649,(CM**-1),CHHHH
MODE,26,FREQUENCY=,84.58614,(CM**-1),CHHHH
MODE,27,FREQUENCY=,89.89945,(CM**-1),CHHHH
MODE,28,FREQUENCY=,99.1608,(CM**-1),CHHHH
MODE,29,FREQUENCY=,109.7824,(CM**-1),CHHHH
MODE,30,FREQUENCY=,110.52803,(CM**-1),CHHHH
MODE,31,FREQUENCY=,115.61046,(CM**-1),CHHHH
MODE,32,FREQUENCY=,124.73842,(CM**-1),CHHHH
MODE,33,FREQUENCY=,128.04867,(CM**-1),CHHHH
MODE,34,FREQUENCY=,134.7985,(CM**-1),CHHHH
MODE,35,FREQUENCY=,138.48885,(CM**-1),CHHHH
MODE,36,FREQUENCY=,140.59145,(CM**-1),CHHHH
MODE,37,FREQUENCY=,141.91328,(CM**-1),CHHHH
MODE,38,FREQUENCY=,147.73086,(CM**-1),CHHHH
MODE,39,FREQUENCY=,155.58205,(CM**-1),CHHHH
MODE,40,FREQUENCY=,156.91179,(CM**-1),CHHHH
MODE,41,FREQUENCY=,163.10188,(CM**-1),CHHHH
MODE,42,FREQUENCY=,166.9196,(CM**-1),CHHHH
MODE,43,FREQUENCY=,170.54317,(CM**-1),CHHHH
MODE,44,FREQUENCY=,172.43391,(CM**-1),CHHHH
MODE,45,FREQUENCY=,179.00329,(CM**-1),CHHHH
MODE,46,FREQUENCY=,189.71114,(CM**-1),CHHHH
MODE,47,FREQUENCY=,196.95132,(CM**-1),CHHHH
MODE,48,FREQUENCY=,206.5381,(CM**-1),CHHHH
MODE,49,FREQUENCY=,212.90757,(CM**-1),CHHHH
MODE,50,FREQUENCY=,218.88672,(CM**-1),CHHHH
MODE,51,FREQUENCY=,235.3103,(CM**-1),CHHHH
MODE,52,FREQUENCY=,246.94648,(CM**-1),CHHHH
MODE,53,FREQUENCY=,276.03247,(CM**-1),CHHHH
MODE,54,FREQUENCY=,277.76701,(CM**-1),CHHHH
MODE,55,FREQUENCY=,282.88036,(CM**-1),CHHHH
MODE,56,FREQUENCY=,295.43652,(CM**-1),CHHHH
MODE,57,FREQUENCY=,318.21714,(CM**-1),CHHHH
MODE,58,FREQUENCY=,320.51925,(CM**-1),CHHHH
MODE,59,FREQUENCY=,335.02487,(CM**-1),CHHHH
MODE,60,FREQUENCY=,356.7011,(CM**-1),CHHHH
MODE,61,FREQUENCY=,357.27025,(CM**-1),CHHHH
MODE,62,FREQUENCY=,370.04377,(CM**-1),CHHHH
MODE,63,FREQUENCY=,373.91253,(CM**-1),CHHHH
MODE,64,FREQUENCY=,394.17363,(CM**-1),CHHHH
MODE,65,FREQUENCY=,402.72104,(CM**-1),CHHHH
MODE,66,FREQUENCY=,456.02607,(CM**-1),CHHHH
MODE,67,FREQUENCY=,474.14096,(CM**-1),CHHHH
MODE,68,FREQUENCY=,486.56828,(CM**-1),CHHHH
MODE,69,FREQUENCY=,518.09573,(CM**-1),CHHHH
MODE,70,FREQUENCY=,528.69786,(CM**-1),CHHHH
MODE,71,FREQUENCY=,531.67937,(CM**-1),CHHHH
MODE,72,FREQUENCY=,540.00161,(CM**-1),CHHHH
MODE,73,FREQUENCY=,556.63671,(CM**-1),CHHHH
MODE,74,FREQUENCY=,576.2783,(CM**-1),CHHHH
MODE,75,FREQUENCY=,589.93796,(CM**-1),CHHHH
MODE,76,FREQUENCY=,597.43458,(CM**-1),CHHHH
MODE,77,FREQUENCY=,609.6522,(CM**-1),CHHHH
MODE,78,FREQUENCY=,612.89062,(CM**-1),CHHHH
MODE,79,FREQUENCY=,615.39842,(CM**-1),CHHHH
MODE,80,FREQUENCY=,629.75459,(CM**-1),CHHHH
MODE,81,FREQUENCY=,633.36164,(CM**-1),CHHHH
MODE,82,FREQUENCY=,644.35875,(CM**-1),CHHHH
MODE,83,FREQUENCY=,647.85834,(CM**-1),CHHHH
MODE,84,FREQUENCY=,662.26728,(CM**-1),CHHHH
MODE,85,FREQUENCY=,663.23869,(CM**-1),CHHHH
MODE,86,FREQUENCY=,664.15715,(CM**-1),CHHHH
MODE,87,FREQUENCY=,677.18186,(CM**-1),CHHHH
MODE,88,FREQUENCY=,681.24133,(CM**-1),CHHHH
MODE,89,FREQUENCY=,683.88871,(CM**-1),CHHHH
MODE,90,FREQUENCY=,728.59914,(CM**-1),CHHHH
MODE,91,FREQUENCY=,735.78298,(CM**-1),CHHHH
MODE,92,FREQUENCY=,745.38277,(CM**-1),CHHHH
MODE,93,FREQUENCY=,803.63216,(CM**-1),CHHHH
MODE,94,FREQUENCY=,836.47225,(CM**-1),CHHHH
MODE,95,FREQUENCY=,880.46998,(CM**-1),CHHHH
MODE,96,FREQUENCY=,922.52204,(CM**-1),CHHHH
MODE,97,FREQUENCY=,938.29405,(CM**-1),CHHHH
MODE,98,FREQUENCY=,939.39666,(CM**-1),CHHHH
MODE,99,FREQUENCY=,943.49183,(CM**-1),CHHHH
MODE,100,FREQUENCY=,944.254,(CM**-1),CHHHH
MODE,101,FREQUENCY=,954.65633,(CM**-1),CHHHH
MODE,102,FREQUENCY=,998.68362,(CM**-1),CHHHH
MODE,103,FREQUENCY=,1010.04531,(CM**-1),CHHHH
MODE,104,FREQUENCY=,1011.42827,(CM**-1),CHHHH
MODE,105,FREQUENCY=,1014.73522,(CM**-1),CHHHH
MODE,106,FREQUENCY=,1017.15874,(CM**-1),CHHHH
MODE,107,FREQUENCY=,1024.6457,(CM**-1),CHHHH
MODE,108,FREQUENCY=,1026.49414,(CM**-1),CHHHH
MODE,109,FREQUENCY=,1037.10774,(CM**-1),CHHHH
MODE,110,FREQUENCY=,1043.08526,(CM**-1),CHHHH
MODE,111,FREQUENCY=,1058.65581,(CM**-1),CHHHH
MODE,112,FREQUENCY=,1065.39096,(CM**-1),CHHHH
MODE,113,FREQUENCY=,1068.02501,(CM**-1),CHHHH
MODE,114,FREQUENCY=,1070.35097,(CM**-1),CHHHH
MODE,115,FREQUENCY=,1071.13363,(CM**-1),CHHHH
MODE,116,FREQUENCY=,1072.6726,(CM**-1),CHHHH
MODE,117,FREQUENCY=,1092.74566,(CM**-1),CHHHH
MODE,118,FREQUENCY=,1095.65345,(CM**-1),CHHHH
MODE,119,FREQUENCY=,1154.14457,(CM**-1),CHHHH
MODE,120,FREQUENCY=,1169.76332,(CM**-1),CHHHH
MODE,121,FREQUENCY=,1178.40891,(CM**-1),CHHHH
MODE,122,FREQUENCY=,1183.11942,(CM**-1),CHHHH
MODE,123,FREQUENCY=,1222.97547,(CM**-1),CHHHH
MODE,124,FREQUENCY=,1249.65342,(CM**-1),CHHHH
MODE,125,FREQUENCY=,1257.27025,(CM**-1),CHHHH
MODE,126,FREQUENCY=,1260.62492,(CM**-1),CHHHH
MODE,127,FREQUENCY=,1298.50338,(CM**-1),CHHHH
MODE,128,FREQUENCY=,1299.50206,(CM**-1),CHHHH
MODE,129,FREQUENCY=,1315.1242,(CM**-1),CHHHH
MODE,130,FREQUENCY=,1348.77469,(CM**-1),CHHHH
MODE,131,FREQUENCY=,1350.4632,(CM**-1),CHHHH
MODE,132,FREQUENCY=,1370.04814,(CM**-1),CHHHH
MODE,133,FREQUENCY=,1381.30932,(CM**-1),CHHHH
MODE,134,FREQUENCY=,1389.56368,(CM**-1),CHHHH
MODE,135,FREQUENCY=,1399.96397,(CM**-1),CHHHH
MODE,136,FREQUENCY=,1428.44476,(CM**-1),CHHHH
MODE,137,FREQUENCY=,1429.9979,(CM**-1),CHHHH
MODE,138,FREQUENCY=,1433.43746,(CM**-1),CHHHH
MODE,139,FREQUENCY=,1438.75596,(CM**-1),CHHHH
MODE,140,FREQUENCY=,1443.48546,(CM**-1),CHHHH
MODE,141,FREQUENCY=,1447.82385,(CM**-1),CHHHH
MODE,142,FREQUENCY=,1471.25952,(CM**-1),CHHHH
MODE,143,FREQUENCY=,1476.13308,(CM**-1),CHHHH
MODE,144,FREQUENCY=,1477.43474,(CM**-1),CHHHH
MODE,145,FREQUENCY=,1478.68113,(CM**-1),CHHHH
MODE,146,FREQUENCY=,1479.97595,(CM**-1),CHHHH
MODE,147,FREQUENCY=,1482.4442,(CM**-1),CHHHH
MODE,148,FREQUENCY=,1483.39253,(CM**-1),CHHHH
MODE,149,FREQUENCY=,1487.57761,(CM**-1),CHHHH
MODE,150,FREQUENCY=,1488.63797,(CM**-1),CHHHH
MODE,151,FREQUENCY=,1489.48949,(CM**-1),CHHHH
MODE,152,FREQUENCY=,1490.05528,(CM**-1),CHHHH
MODE,153,FREQUENCY=,1491.25238,(CM**-1),CHHHH
MODE,154,FREQUENCY=,1503.96595,(CM**-1),CHHHH
MODE,155,FREQUENCY=,1511.66587,(CM**-1),CHHHH
MODE,156,FREQUENCY=,1512.37568,(CM**-1),CHHHH
MODE,157,FREQUENCY=,1542.07117,(CM**-1),CHHHH
MODE,158,FREQUENCY=,1543.23655,(CM**-1),CHHHH
MODE,159,FREQUENCY=,1594.26625,(CM**-1),CHHHH
MODE,160,FREQUENCY=,1616.20668,(CM**-1),CHHHH
MODE,161,FREQUENCY=,1617.41007,(CM**-1),CHHHH
MODE,162,FREQUENCY=,1623.83446,(CM**-1),CHHHH
MODE,163,FREQUENCY=,1650.17896,(CM**-1),CHHHH
MODE,164,FREQUENCY=,1720.79433,(CM**-1),CHHHH
MODE,165,FREQUENCY=,1724.66594,(CM**-1),CHHHH
MODE,166,FREQUENCY=,3056.12719,(CM**-1),CHHHH
MODE,167,FREQUENCY=,3060.0521,(CM**-1),CHHHH
MODE,168,FREQUENCY=,3060.41278,(CM**-1),CHHHH
MODE,169,FREQUENCY=,3064.3963,(CM**-1),CHHHH
MODE,170,FREQUENCY=,3064.63428,(CM**-1),CHHHH
MODE,171,FREQUENCY=,3065.70426,(CM**-1),CHHHH
MODE,172,FREQUENCY=,3079.74236,(CM**-1),CHHHH
MODE,173,FREQUENCY=,3128.13875,(CM**-1),CHHHH
MODE,174,FREQUENCY=,3134.72234,(CM**-1),CHHHH
MODE,175,FREQUENCY=,3136.619,(CM**-1),CHHHH
MODE,176,FREQUENCY=,3140.43417,(CM**-1),CHHHH
MODE,177,FREQUENCY=,3140.8836,(CM**-1),CHHHH
MODE,178,FREQUENCY=,3142.2731,(CM**-1),CHHHH
MODE,179,FREQUENCY=,3148.08917,(CM**-1),CHHHH
MODE,180,FREQUENCY=,3158.90706,(CM**-1),CHHHH
MODE,181,FREQUENCY=,3169.73717,(CM**-1),CHHHH
MODE,182,FREQUENCY=,3175.31027,(CM**-1),CHHHH
MODE,183,FREQUENCY=,3175.44826,(CM**-1),CHHHH
MODE,184,FREQUENCY=,3178.80358,(CM**-1),CHHHH
MODE,185,FREQUENCY=,3216.19439,(CM**-1),CHHHH
MODE,186,FREQUENCY=,3227.45137,(CM**-1),CHHHH
MODE,187,FREQUENCY=,3240.86445,(CM**-1),CHHHH
MODE,188,FREQUENCY=,3269.7629,(CM**-1),CHHHH
MODE,189,FREQUENCY=,3293.2242,(CM**-1),CHHHH
MODE,190,FREQUENCY=,3293.36641,(CM**-1),CHHHH
MODE,191,FREQUENCY=,3297.09497,(CM**-1),CHHHH
MODE,192,FREQUENCY=,3387.45079,(CM**-1),CHHHH
MODE,193,FREQUENCY=,3661.31527,(CM**-1),CHHHH
MODE,194,FREQUENCY=,3664.94757,(CM**-1),CHHHH
MODE,195,FREQUENCY=,3753.1853,(CM**-1),CHHHH
,,,,,
,,,,,
12-1-1-1-2,,,,,
MODE,1,FREQUENCY=,-909.05876,(CM**-1),CHHHD
MODE,8,FREQUENCY=,21.33203,(CM**-1),CHHHD
MODE,9,FREQUENCY=,23.50389,(CM**-1),CHHHD
MODE,10,FREQUENCY=,25.46843,(CM**-1),CHHHD
MODE,11,FREQUENCY=,27.55969,(CM**-1),CHHHD
MODE,12,FREQUENCY=,28.33404,(CM**-1),CHHHD
MODE,13,FREQUENCY=,32.07887,(CM**-1),CHHHD
MODE,14,FREQUENCY=,36.9122,(CM**-1),CHHHD
MODE,15,FREQUENCY=,42.12246,(CM**-1),CHHHD
MODE,16,FREQUENCY=,45.26641,(CM**-1),CHHHD
MODE,17,FREQUENCY=,50.17812,(CM**-1),CHHHD
MODE,18,FREQUENCY=,53.09378,(CM**-1),CHHHD
MODE,19,FREQUENCY=,55.58684,(CM**-1),CHHHD
MODE,20,FREQUENCY=,58.71356,(CM**-1),CHHHD
MODE,21,FREQUENCY=,62.95121,(CM**-1),CHHHD
MODE,22,FREQUENCY=,64.68378,(CM**-1),CHHHD
MODE,23,FREQUENCY=,69.91592,(CM**-1),CHHHD
MODE,24,FREQUENCY=,76.65061,(CM**-1),CHHHD
MODE,25,FREQUENCY=,83.32893,(CM**-1),CHHHD
MODE,26,FREQUENCY=,84.57992,(CM**-1),CHHHD
MODE,27,FREQUENCY=,89.88957,(CM**-1),CHHHD
MODE,28,FREQUENCY=,99.07681,(CM**-1),CHHHD
MODE,29,FREQUENCY=,109.76527,(CM**-1),CHHHD
MODE,30,FREQUENCY=,110.5198,(CM**-1),CHHHD
MODE,31,FREQUENCY=,115.606,(CM**-1),CHHHD
MODE,32,FREQUENCY=,124.7336,(CM**-1),CHHHD
MODE,33,FREQUENCY=,128.03636,(CM**-1),CHHHD
MODE,34,FREQUENCY=,134.72409,(CM**-1),CHHHD
MODE,35,FREQUENCY=,138.47282,(CM**-1),CHHHD
MODE,36,FREQUENCY=,140.57118,(CM**-1),CHHHD
MODE,37,FREQUENCY=,141.87777,(CM**-1),CHHHD
MODE,38,FREQUENCY=,147.58529,(CM**-1),CHHHD
MODE,39,FREQUENCY=,155.54703,(CM**-1),CHHHD
MODE,40,FREQUENCY=,156.8303,(CM**-1),CHHHD
MODE,41,FREQUENCY=,163.10112,(CM**-1),CHHHD
MODE,42,FREQUENCY=,166.90643,(CM**-1),CHHHD
MODE,43,FREQUENCY=,170.51861,(CM**-1),CHHHD
MODE,44,FREQUENCY=,172.36065,(CM**-1),CHHHD
MODE,45,FREQUENCY=,178.70762,(CM**-1),CHHHD
MODE,46,FREQUENCY=,189.6653,(CM**-1),CHHHD
MODE,47,FREQUENCY=,196.78735,(CM**-1),CHHHD
MODE,48,FREQUENCY=,206.36262,(CM**-1),CHHHD
MODE,49,FREQUENCY=,212.8284,(CM**-1),CHHHD
MODE,50,FREQUENCY=,218.71404,(CM**-1),CHHHD
MODE,51,FREQUENCY=,234.92495,(CM**-1),CHHHD
MODE,52,FREQUENCY=,244.01973,(CM**-1),CHHHD
MODE,53,FREQUENCY=,275.83342,(CM**-1),CHHHD
MODE,54,FREQUENCY=,277.71832,(CM**-1),CHHHD
MODE,55,FREQUENCY=,282.75185,(CM**-1),CHHHD
MODE,56,FREQUENCY=,295.09962,(CM**-1),CHHHD
MODE,57,FREQUENCY=,317.29943,(CM**-1),CHHHD
MODE,58,FREQUENCY=,320.47546,(CM**-1),CHHHD
MODE,59,FREQUENCY=,327.78615,(CM**-1),CHHHD
MODE,60,FREQUENCY=,349.61122,(CM**-1),CHHHD
MODE,61,FREQUENCY=,356.09471,(CM**-1),CHHHD
MODE,62,FREQUENCY=,362.37233,(CM**-1),CHHHD
MODE,63,FREQUENCY=,367.00518,(CM**-1),CHHHD
MODE,64,FREQUENCY=,373.84018,(CM**-1),CHHHD
MODE,65,FREQUENCY=,386.7282,(CM**-1),CHHHD
MODE,66,FREQUENCY=,441.89369,(CM**-1),CHHHD
MODE,67,FREQUENCY=,456.47908,(CM**-1),CHHHD
MODE,68,FREQUENCY=,486.51097,(CM**-1),CHHHD
MODE,69,FREQUENCY=,517.95464,(CM**-1),CHHHD
MODE,70,FREQUENCY=,528.68184,(CM**-1),CHHHD
MODE,71,FREQUENCY=,531.63686,(CM**-1),CHHHD
MODE,72,FREQUENCY=,540.00031,(CM**-1),CHHHD
MODE,73,FREQUENCY=,556.58941,(CM**-1),CHHHD
MODE,74,FREQUENCY=,576.27679,(CM**-1),CHHHD
MODE,75,FREQUENCY=,589.90268,(CM**-1),CHHHD
MODE,76,FREQUENCY=,597.43421,(CM**-1),CHHHD
MODE,77,FREQUENCY=,609.65187,(CM**-1),CHHHD
MODE,78,FREQUENCY=,612.88778,(CM**-1),CHHHD
MODE,79,FREQUENCY=,615.39744,(CM**-1),CHHHD
MODE,80,FREQUENCY=,629.74357,(CM**-1),CHHHD
MODE,81,FREQUENCY=,633.36008,(CM**-1),CHHHD
MODE,82,FREQUENCY=,644.35841,(CM**-1),CHHHD
MODE,83,FREQUENCY=,647.85822,(CM**-1),CHHHD
MODE,84,FREQUENCY=,662.17747,(CM**-1),CHHHD
MODE,85,FREQUENCY=,663.22576,(CM**-1),CHHHD
MODE,86,FREQUENCY=,664.11594,(CM**-1),CHHHD
MODE,87,FREQUENCY=,677.1787,(CM**-1),CHHHD
MODE,88,FREQUENCY=,681.16421,(CM**-1),CHHHD
MODE,89,FREQUENCY=,683.85541,(CM**-1),CHHHD
MODE,90,FREQUENCY=,724.48667,(CM**-1),CHHHD
MODE,91,FREQUENCY=,728.60069,(CM**-1),CHHHD
MODE,92,FREQUENCY=,735.78739,(CM**-1),CHHHD
MODE,93,FREQUENCY=,803.41378,(CM**-1),CHHHD
MODE,94,FREQUENCY=,836.4671,(CM**-1),CHHHD
MODE,95,FREQUENCY=,880.46796,(CM**-1),CHHHD
MODE,96,FREQUENCY=,922.50876,(CM**-1),CHHHD
MODE,97,FREQUENCY=,938.29297,(CM**-1),CHHHD
MODE,98,FREQUENCY=,939.3912,(CM**-1),CHHHD
MODE,99,FREQUENCY=,943.46052,(CM**-1),CHHHD
MODE,100,FREQUENCY=,944.24614,(CM**-1),CHHHD
MODE,101,FREQUENCY=,954.60098,(CM**-1),CHHHD
MODE,102,FREQUENCY=,967.85669,(CM**-1),CHHHD
MODE,103,FREQUENCY=,989.85324,(CM**-1),CHHHD
MODE,104,FREQUENCY=,998.66058,(CM**-1),CHHHD
MODE,105,FREQUENCY=,1010.03343,(CM**-1),CHHHD
MODE,106,FREQUENCY=,1011.4297,(CM**-1),CHHHD
MODE,107,FREQUENCY=,1014.72686,(CM**-1),CHHHD
MODE,108,FREQUENCY=,1017.15893,(CM**-1),CHHHD
MODE,109,FREQUENCY=,1024.64938,(CM**-1),CHHHD
MODE,110,FREQUENCY=,1026.53515,(CM**-1),CHHHD
MODE,111,FREQUENCY=,1037.12394,(CM**-1),CHHHD
MODE,112,FREQUENCY=,1043.08351,(CM**-1),CHHHD
MODE,113,FREQUENCY=,1058.67314,(CM**-1),CHHHD
MODE,114,FREQUENCY=,1065.4355,(CM**-1),CHHHD
MODE,115,FREQUENCY=,1068.06851,(CM**-1),CHHHD
MODE,116,FREQUENCY=,1070.35538,(CM**-1),CHHHD
MODE,117,FREQUENCY=,1071.13446,(CM**-1),CHHHD
MODE,118,FREQUENCY=,1072.67349,(CM**-1),CHHHD
MODE,119,FREQUENCY=,1092.74301,(CM**-1),CHHHD
MODE,120,FREQUENCY=,1095.65121,(CM**-1),CHHHD
MODE,121,FREQUENCY=,1154.14163,(CM**-1),CHHHD
MODE,122,FREQUENCY=,1169.76559,(CM**-1),CHHHD
MODE,123,FREQUENCY=,1183.1364,(CM**-1),CHHHD
MODE,124,FREQUENCY=,1205.32755,(CM**-1),CHHHD
MODE,125,FREQUENCY=,1257.26375,(CM**-1),CHHHD
MODE,126,FREQUENCY=,1260.62346,(CM**-1),CHHHD
MODE,127,FREQUENCY=,1298.49593,(CM**-1),CHHHD
MODE,128,FREQUENCY=,1299.4967,(CM**-1),CHHHD
MODE,129,FREQUENCY=,1315.02134,(CM**-1),CHHHD
MODE,130,FREQUENCY=,1348.77448,(CM**-1),CHHHD
MODE,131,FREQUENCY=,1350.46306,(CM**-1),CHHHD
MODE,132,FREQUENCY=,1370.04379,(CM**-1),CHHHD
MODE,133,FREQUENCY=,1381.29985,(CM**-1),CHHHD
MODE,134,FREQUENCY=,1389.55612,(CM**-1),CHHHD
MODE,135,FREQUENCY=,1399.93302,(CM**-1),CHHHD
MODE,136,FREQUENCY=,1428.44255,(CM**-1),CHHHD
MODE,137,FREQUENCY=,1429.9919,(CM**-1),CHHHD
MODE,138,FREQUENCY=,1433.43585,(CM**-1),CHHHD
MODE,139,FREQUENCY=,1437.62047,(CM**-1),CHHHD
MODE,140,FREQUENCY=,1443.46733,(CM**-1),CHHHD
MODE,141,FREQUENCY=,1445.89492,(CM**-1),CHHHD
MODE,142,FREQUENCY=,1471.22484,(CM**-1),CHHHD
MODE,143,FREQUENCY=,1476.1327,(CM**-1),CHHHD
MODE,144,FREQUENCY=,1477.43158,(CM**-1),CHHHD
MODE,145,FREQUENCY=,1478.68112,(CM**-1),CHHHD
MODE,146,FREQUENCY=,1479.96999,(CM**-1),CHHHD
MODE,147,FREQUENCY=,1482.43295,(CM**-1),CHHHD
MODE,148,FREQUENCY=,1483.38549,(CM**-1),CHHHD
MODE,149,FREQUENCY=,1487.57729,(CM**-1),CHHHD
MODE,150,FREQUENCY=,1488.6377,(CM**-1),CHHHD
MODE,151,FREQUENCY=,1489.48785,(CM**-1),CHHHD
MODE,152,FREQUENCY=,1490.05134,(CM**-1),CHHHD
MODE,153,FREQUENCY=,1491.2517,(CM**-1),CHHHD
MODE,154,FREQUENCY=,1503.94795,(CM**-1),CHHHD
MODE,155,FREQUENCY=,1511.66035,(CM**-1),CHHHD
MODE,156,FREQUENCY=,1512.37339,(CM**-1),CHHHD
MODE,157,FREQUENCY=,1542.06255,(CM**-1),CHHHD
MODE,158,FREQUENCY=,1543.23013,(CM**-1),CHHHD
MODE,159,FREQUENCY=,1594.20936,(CM**-1),CHHHD
MODE,160,FREQUENCY=,1616.20131,(CM**-1),CHHHD
MODE,161,FREQUENCY=,1617.4094,(CM**-1),CHHHD
MODE,162,FREQUENCY=,1623.79778,(CM**-1),CHHHD
MODE,163,FREQUENCY=,1650.17369,(CM**-1),CHHHD
MODE,164,FREQUENCY=,1720.77708,(CM**-1),CHHHD
MODE,165,FREQUENCY=,1724.6644,(CM**-1),CHHHD
MODE,166,FREQUENCY=,3056.12694,(CM**-1),CHHHD
MODE,167,FREQUENCY=,3060.05208,(CM**-1),CHHHD
MODE,168,FREQUENCY=,3060.4127,(CM**-1),CHHHD
MODE,169,FREQUENCY=,3064.39626,(CM**-1),CHHHD
MODE,170,FREQUENCY=,3064.63422,(CM**-1),CHHHD
MODE,171,FREQUENCY=,3065.70422,(CM**-1),CHHHD
MODE,172,FREQUENCY=,3079.65393,(CM**-1),CHHHD
MODE,173,FREQUENCY=,3128.13867,(CM**-1),CHHHD
MODE,174,FREQUENCY=,3134.72234,(CM**-1),CHHHD
MODE,175,FREQUENCY=,3136.61896,(CM**-1),CHHHD
MODE,176,FREQUENCY=,3140.43409,(CM**-1),CHHHD
MODE,177,FREQUENCY=,3140.8836,(CM**-1),CHHHD
MODE,178,FREQUENCY=,3142.27307,(CM**-1),CHHHD
MODE,179,FREQUENCY=,3148.08915,(CM**-1),CHHHD
MODE,180,FREQUENCY=,3158.90706,(CM**-1),CHHHD
MODE,181,FREQUENCY=,3169.73694,(CM**-1),CHHHD
MODE,182,FREQUENCY=,3175.31026,(CM**-1),CHHHD
MODE,183,FREQUENCY=,3175.44824,(CM**-1),CHHHD
MODE,184,FREQUENCY=,3178.80356,(CM**-1),CHHHD
MODE,185,FREQUENCY=,3216.02429,(CM**-1),CHHHD
MODE,186,FREQUENCY=,3227.28493,(CM**-1),CHHHD
MODE,187,FREQUENCY=,3240.8043,(CM**-1),CHHHD
MODE,188,FREQUENCY=,3269.76202,(CM**-1),CHHHD
MODE,189,FREQUENCY=,3293.22407,(CM**-1),CHHHD
MODE,190,FREQUENCY=,3293.36641,(CM**-1),CHHHD
MODE,191,FREQUENCY=,3297.09455,(CM**-1),CHHHD
MODE,192,FREQUENCY=,3387.44721,(CM**-1),CHHHD
MODE,193,FREQUENCY=,3661.31517,(CM**-1),CHHHD
MODE,194,FREQUENCY=,3664.94753,(CM**-1),CHHHD
MODE,195,FREQUENCY=,3753.18524,(CM**-1),CHHHD
,,,,,
,,,,,
12-1-1-2-1,,,,,
MODE,1,FREQUENCY=,-1183.55143,(CM**-1),CHHDH
MODE,8,FREQUENCY=,21.30841,(CM**-1),CHHDH
MODE,9,FREQUENCY=,22.74255,(CM**-1),CHHDH
MODE,10,FREQUENCY=,25.45707,(CM**-1),CHHDH
MODE,11,FREQUENCY=,27.10543,(CM**-1),CHHDH
MODE,12,FREQUENCY=,28.33165,(CM**-1),CHHDH
MODE,13,FREQUENCY=,32.03148,(CM**-1),CHHDH
MODE,14,FREQUENCY=,36.89595,(CM**-1),CHHDH
MODE,15,FREQUENCY=,42.04364,(CM**-1),CHHDH
MODE,16,FREQUENCY=,45.23064,(CM**-1),CHHDH
MODE,17,FREQUENCY=,49.70708,(CM**-1),CHHDH
MODE,18,FREQUENCY=,52.93753,(CM**-1),CHHDH
MODE,19,FREQUENCY=,54.45421,(CM**-1),CHHDH
MODE,20,FREQUENCY=,57.008,(CM**-1),CHHDH
MODE,21,FREQUENCY=,61.08103,(CM**-1),CHHDH
MODE,22,FREQUENCY=,63.26497,(CM**-1),CHHDH
MODE,23,FREQUENCY=,69.52146,(CM**-1),CHHDH
MODE,24,FREQUENCY=,76.45584,(CM**-1),CHHDH
MODE,25,FREQUENCY=,81.81743,(CM**-1),CHHDH
MODE,26,FREQUENCY=,84.38789,(CM**-1),CHHDH
MODE,27,FREQUENCY=,89.34324,(CM**-1),CHHDH
MODE,28,FREQUENCY=,99.13387,(CM**-1),CHHDH
MODE,29,FREQUENCY=,109.77638,(CM**-1),CHHDH
MODE,30,FREQUENCY=,110.52225,(CM**-1),CHHDH
MODE,31,FREQUENCY=,115.60694,(CM**-1),CHHDH
MODE,32,FREQUENCY=,124.73678,(CM**-1),CHHDH
MODE,33,FREQUENCY=,128.03858,(CM**-1),CHHDH
MODE,34,FREQUENCY=,134.79607,(CM**-1),CHHDH
MODE,35,FREQUENCY=,138.45684,(CM**-1),CHHDH
MODE,36,FREQUENCY=,140.55131,(CM**-1),CHHDH
MODE,37,FREQUENCY=,141.85519,(CM**-1),CHHDH
MODE,38,FREQUENCY=,147.623,(CM**-1),CHHDH
MODE,39,FREQUENCY=,155.53823,(CM**-1),CHHDH
MODE,40,FREQUENCY=,156.80492,(CM**-1),CHHDH
MODE,41,FREQUENCY=,163.10079,(CM**-1),CHHDH
MODE,42,FREQUENCY=,166.9167,(CM**-1),CHHDH
MODE,43,FREQUENCY=,170.53987,(CM**-1),CHHDH
MODE,44,FREQUENCY=,172.4176,(CM**-1),CHHDH
MODE,45,FREQUENCY=,178.73175,(CM**-1),CHHDH
MODE,46,FREQUENCY=,189.65687,(CM**-1),CHHDH
MODE,47,FREQUENCY=,196.56147,(CM**-1),CHHDH
MODE,48,FREQUENCY=,206.38527,(CM**-1),CHHDH
MODE,49,FREQUENCY=,212.86617,(CM**-1),CHHDH
MODE,50,FREQUENCY=,218.47219,(CM**-1),CHHDH
MODE,51,FREQUENCY=,234.9501,(CM**-1),CHHDH
MODE,52,FREQUENCY=,246.52459,(CM**-1),CHHDH
MODE,53,FREQUENCY=,275.87588,(CM**-1),CHHDH
MODE,54,FREQUENCY=,277.76552,(CM**-1),CHHDH
MODE,55,FREQUENCY=,282.81448,(CM**-1),CHHDH
MODE,56,FREQUENCY=,295.33169,(CM**-1),CHHDH
MODE,57,FREQUENCY=,318.12382,(CM**-1),CHHDH
MODE,58,FREQUENCY=,320.37848,(CM**-1),CHHDH
MODE,59,FREQUENCY=,324.36655,(CM**-1),CHHDH
MODE,60,FREQUENCY=,354.01062,(CM**-1),CHHDH
MODE,61,FREQUENCY=,356.87931,(CM**-1),CHHDH
MODE,62,FREQUENCY=,369.97434,(CM**-1),CHHDH
MODE,63,FREQUENCY=,372.7102,(CM**-1),CHHDH
MODE,64,FREQUENCY=,382.83818,(CM**-1),CHHDH
MODE,65,FREQUENCY=,395.33709,(CM**-1),CHHDH
MODE,66,FREQUENCY=,430.03809,(CM**-1),CHHDH
MODE,67,FREQUENCY=,456.2632,(CM**-1),CHHDH
MODE,68,FREQUENCY=,486.506,(CM**-1),CHHDH
MODE,69,FREQUENCY=,518.04577,(CM**-1),CHHDH
MODE,70,FREQUENCY=,528.68323,(CM**-1),CHHDH
MODE,71,FREQUENCY=,531.58871,(CM**-1),CHHDH
MODE,72,FREQUENCY=,539.99973,(CM**-1),CHHDH
MODE,73,FREQUENCY=,556.62686,(CM**-1),CHHDH
MODE,74,FREQUENCY=,576.27826,(CM**-1),CHHDH
MODE,75,FREQUENCY=,589.92087,(CM**-1),CHHDH
MODE,76,FREQUENCY=,597.4343,(CM**-1),CHHDH
MODE,77,FREQUENCY=,609.65204,(CM**-1),CHHDH
MODE,78,FREQUENCY=,612.8893,(CM**-1),CHHDH
MODE,79,FREQUENCY=,615.39751,(CM**-1),CHHDH
MODE,80,FREQUENCY=,629.7527,(CM**-1),CHHDH
MODE,81,FREQUENCY=,633.36091,(CM**-1),CHHDH
MODE,82,FREQUENCY=,644.35873,(CM**-1),CHHDH
MODE,83,FREQUENCY=,647.85824,(CM**-1),CHHDH
MODE,84,FREQUENCY=,662.2571,(CM**-1),CHHDH
MODE,85,FREQUENCY=,663.23606,(CM**-1),CHHDH
MODE,86,FREQUENCY=,664.15102,(CM**-1),CHHDH
MODE,87,FREQUENCY=,677.18178,(CM**-1),CHHDH
MODE,88,FREQUENCY=,681.22226,(CM**-1),CHHDH
MODE,89,FREQUENCY=,683.88109,(CM**-1),CHHDH
MODE,90,FREQUENCY=,728.5991,(CM**-1),CHHDH
MODE,91,FREQUENCY=,735.78265,(CM**-1),CHHDH
MODE,92,FREQUENCY=,744.43466,(CM**-1),CHHDH
MODE,93,FREQUENCY=,803.62923,(CM**-1),CHHDH
MODE,94,FREQUENCY=,836.47213,(CM**-1),CHHDH
MODE,95,FREQUENCY=,880.46995,(CM**-1),CHHDH
MODE,96,FREQUENCY=,922.52177,(CM**-1),CHHDH
MODE,97,FREQUENCY=,938.29379,(CM**-1),CHHDH
MODE,98,FREQUENCY=,939.39607,(CM**-1),CHHDH
MODE,99,FREQUENCY=,943.49172,(CM**-1),CHHDH
MODE,100,FREQUENCY=,944.25265,(CM**-1),CHHDH
MODE,101,FREQUENCY=,954.65576,(CM**-1),CHHDH
MODE,102,FREQUENCY=,998.66359,(CM**-1),CHHDH
MODE,103,FREQUENCY=,1010.04499,(CM**-1),CHHDH
MODE,104,FREQUENCY=,1011.42752,(CM**-1),CHHDH
MODE,105,FREQUENCY=,1014.73455,(CM**-1),CHHDH
MODE,106,FREQUENCY=,1017.15837,(CM**-1),CHHDH
MODE,107,FREQUENCY=,1024.62217,(CM**-1),CHHDH
MODE,108,FREQUENCY=,1026.48536,(CM**-1),CHHDH
MODE,109,FREQUENCY=,1037.10559,(CM**-1),CHHDH
MODE,110,FREQUENCY=,1043.08321,(CM**-1),CHHDH
MODE,111,FREQUENCY=,1058.65469,(CM**-1),CHHDH
MODE,112,FREQUENCY=,1065.38386,(CM**-1),CHHDH
MODE,113,FREQUENCY=,1068.01911,(CM**-1),CHHDH
MODE,114,FREQUENCY=,1070.35091,(CM**-1),CHHDH
MODE,115,FREQUENCY=,1071.13339,(CM**-1),CHHDH
MODE,116,FREQUENCY=,1072.67241,(CM**-1),CHHDH
MODE,117,FREQUENCY=,1092.74104,(CM**-1),CHHDH
MODE,118,FREQUENCY=,1095.65267,(CM**-1),CHHDH
MODE,119,FREQUENCY=,1117.29858,(CM**-1),CHHDH
MODE,120,FREQUENCY=,1154.16263,(CM**-1),CHHDH
MODE,121,FREQUENCY=,1160.10764,(CM**-1),CHHDH
MODE,122,FREQUENCY=,1169.76836,(CM**-1),CHHDH
MODE,123,FREQUENCY=,1183.11955,(CM**-1),CHHDH
MODE,124,FREQUENCY=,1221.64742,(CM**-1),CHHDH
MODE,125,FREQUENCY=,1237.92365,(CM**-1),CHHDH
MODE,126,FREQUENCY=,1257.26647,(CM**-1),CHHDH
MODE,127,FREQUENCY=,1260.62483,(CM**-1),CHHDH
MODE,128,FREQUENCY=,1298.5038,(CM**-1),CHHDH
MODE,129,FREQUENCY=,1299.50208,(CM**-1),CHHDH
MODE,130,FREQUENCY=,1315.13275,(CM**-1),CHHDH
MODE,131,FREQUENCY=,1348.77468,(CM**-1),CHHDH
MODE,132,FREQUENCY=,1350.4632,(CM**-1),CHHDH
MODE,133,FREQUENCY=,1370.04536,(CM**-1),CHHDH
MODE,134,FREQUENCY=,1381.30915,(CM**-1),CHHDH
MODE,135,FREQUENCY=,1389.56168,(CM**-1),CHHDH
MODE,136,FREQUENCY=,1399.97477,(CM**-1),CHHDH
MODE,137,FREQUENCY=,1428.41506,(CM**-1),CHHDH
MODE,138,FREQUENCY=,1429.996,(CM**-1),CHHDH
MODE,139,FREQUENCY=,1430.35992,(CM**-1),CHHDH
MODE,140,FREQUENCY=,1433.46155,(CM**-1),CHHDH
MODE,141,FREQUENCY=,1443.52476,(CM**-1),CHHDH
MODE,142,FREQUENCY=,1471.21336,(CM**-1),CHHDH
MODE,143,FREQUENCY=,1476.13299,(CM**-1),CHHDH
MODE,144,FREQUENCY=,1477.43244,(CM**-1),CHHDH
MODE,145,FREQUENCY=,1478.68107,(CM**-1),CHHDH
MODE,146,FREQUENCY=,1479.97141,(CM**-1),CHHDH
MODE,147,FREQUENCY=,1482.26801,(CM**-1),CHHDH
MODE,148,FREQUENCY=,1483.31622,(CM**-1),CHHDH
MODE,149,FREQUENCY=,1487.57757,(CM**-1),CHHDH
MODE,150,FREQUENCY=,1488.6364,(CM**-1),CHHDH
MODE,151,FREQUENCY=,1489.47359,(CM**-1),CHHDH
MODE,152,FREQUENCY=,1490.0088,(CM**-1),CHHDH
MODE,153,FREQUENCY=,1491.25214,(CM**-1),CHHDH
MODE,154,FREQUENCY=,1503.95443,(CM**-1),CHHDH
MODE,155,FREQUENCY=,1511.66218,(CM**-1),CHHDH
MODE,156,FREQUENCY=,1512.37526,(CM**-1),CHHDH
MODE,157,FREQUENCY=,1542.07104,(CM**-1),CHHDH
MODE,158,FREQUENCY=,1543.23646,(CM**-1),CHHDH
MODE,159,FREQUENCY=,1594.22888,(CM**-1),CHHDH
MODE,160,FREQUENCY=,1616.20465,(CM**-1),CHHDH
MODE,161,FREQUENCY=,1617.40979,(CM**-1),CHHDH
MODE,162,FREQUENCY=,1623.82044,(CM**-1),CHHDH
MODE,163,FREQUENCY=,1650.17621,(CM**-1),CHHDH
MODE,164,FREQUENCY=,1720.79006,(CM**-1),CHHDH
MODE,165,FREQUENCY=,1724.66582,(CM**-1),CHHDH
MODE,166,FREQUENCY=,2315.29184,(CM**-1),CHHDH
MODE,167,FREQUENCY=,3056.12723,(CM**-1),CHHDH
MODE,168,FREQUENCY=,3060.05211,(CM**-1),CHHDH
MODE,169,FREQUENCY=,3060.41279,(CM**-1),CHHDH
MODE,170,FREQUENCY=,3064.3963,(CM**-1),CHHDH
MODE,171,FREQUENCY=,3064.6343,(CM**-1),CHHDH
MODE,172,FREQUENCY=,3065.70428,(CM**-1),CHHDH
MODE,173,FREQUENCY=,3128.11532,(CM**-1),CHHDH
MODE,174,FREQUENCY=,3134.72234,(CM**-1),CHHDH
MODE,175,FREQUENCY=,3136.61243,(CM**-1),CHHDH
MODE,176,FREQUENCY=,3137.11765,(CM**-1),CHHDH
MODE,177,FREQUENCY=,3140.43417,(CM**-1),CHHDH
MODE,178,FREQUENCY=,3140.88362,(CM**-1),CHHDH
MODE,179,FREQUENCY=,3142.2732,(CM**-1),CHHDH
MODE,180,FREQUENCY=,3148.08926,(CM**-1),CHHDH
MODE,181,FREQUENCY=,3158.90707,(CM**-1),CHHDH
MODE,182,FREQUENCY=,3169.73842,(CM**-1),CHHDH
MODE,183,FREQUENCY=,3175.31037,(CM**-1),CHHDH
MODE,184,FREQUENCY=,3175.44835,(CM**-1),CHHDH
MODE,185,FREQUENCY=,3178.80362,(CM**-1),CHHDH
MODE,186,FREQUENCY=,3225.16501,(CM**-1),CHHDH
MODE,187,FREQUENCY=,3240.86388,(CM**-1),CHHDH
MODE,188,FREQUENCY=,3269.76285,(CM**-1),CHHDH
MODE,189,FREQUENCY=,3293.2242,(CM**-1),CHHDH
MODE,190,FREQUENCY=,3293.36641,(CM**-1),CHHDH
MODE,191,FREQUENCY=,3297.09497,(CM**-1),CHHDH
MODE,192,FREQUENCY=,3387.45032,(CM**-1),CHHDH
MODE,193,FREQUENCY=,3661.31527,(CM**-1),CHHDH
MODE,194,FREQUENCY=,3664.94756,(CM**-1),CHHDH
MODE,195,FREQUENCY=,3753.18526,(CM**-1),CHHDH
,,,,,
,,,,,
12-1-1-2-2,,,,,
MODE,1,FREQUENCY=,-902.88594,(CM**-1),CHHDD
MODE,8,FREQUENCY=,21.30691,(CM**-1),CHHDD
MODE,9,FREQUENCY=,22.66478,(CM**-1),CHHDD
MODE,10,FREQUENCY=,25.45623,(CM**-1),CHHDD
MODE,11,FREQUENCY=,27.09137,(CM**-1),CHHDD
MODE,12,FREQUENCY=,28.32855,(CM**-1),CHHDD
MODE,13,FREQUENCY=,32.02796,(CM**-1),CHHDD
MODE,14,FREQUENCY=,36.89337,(CM**-1),CHHDD
MODE,15,FREQUENCY=,42.03946,(CM**-1),CHHDD
MODE,16,FREQUENCY=,45.22558,(CM**-1),CHHDD
MODE,17,FREQUENCY=,49.70178,(CM**-1),CHHDD
MODE,18,FREQUENCY=,52.90985,(CM**-1),CHHDD
MODE,19,FREQUENCY=,54.34574,(CM**-1),CHHDD
MODE,20,FREQUENCY=,57.00347,(CM**-1),CHHDD
MODE,21,FREQUENCY=,61.03396,(CM**-1),CHHDD
MODE,22,FREQUENCY=,63.24784,(CM**-1),CHHDD
MODE,23,FREQUENCY=,69.514,(CM**-1),CHHDD
MODE,24,FREQUENCY=,76.45249,(CM**-1),CHHDD
MODE,25,FREQUENCY=,81.80887,(CM**-1),CHHDD
MODE,26,FREQUENCY=,84.37884,(CM**-1),CHHDD
MODE,27,FREQUENCY=,89.33309,(CM**-1),CHHDD
MODE,28,FREQUENCY=,99.04964,(CM**-1),CHHDD
MODE,29,FREQUENCY=,109.75901,(CM**-1),CHHDD
MODE,30,FREQUENCY=,110.51374,(CM**-1),CHHDD
MODE,31,FREQUENCY=,115.60216,(CM**-1),CHHDD
MODE,32,FREQUENCY=,124.73184,(CM**-1),CHHDD
MODE,33,FREQUENCY=,128.02516,(CM**-1),CHHDD
MODE,34,FREQUENCY=,134.72139,(CM**-1),CHHDD
MODE,35,FREQUENCY=,138.43759,(CM**-1),CHHDD
MODE,36,FREQUENCY=,140.52677,(CM**-1),CHHDD
MODE,37,FREQUENCY=,141.81808,(CM**-1),CHHDD
MODE,38,FREQUENCY=,147.47268,(CM**-1),CHHDD
MODE,39,FREQUENCY=,155.49567,(CM**-1),CHHDD
MODE,40,FREQUENCY=,156.71951,(CM**-1),CHHDD
MODE,41,FREQUENCY=,163.10001,(CM**-1),CHHDD
MODE,42,FREQUENCY=,166.90319,(CM**-1),CHHDD
MODE,43,FREQUENCY=,170.51487,(CM**-1),CHHDD
MODE,44,FREQUENCY=,172.3422,(CM**-1),CHHDD
MODE,45,FREQUENCY=,178.43818,(CM**-1),CHHDD
MODE,46,FREQUENCY=,189.61206,(CM**-1),CHHDD
MODE,47,FREQUENCY=,196.39543,(CM**-1),CHHDD
MODE,48,FREQUENCY=,206.16559,(CM**-1),CHHDD
MODE,49,FREQUENCY=,212.78402,(CM**-1),CHHDD
MODE,50,FREQUENCY=,218.2986,(CM**-1),CHHDD
MODE,51,FREQUENCY=,234.53609,(CM**-1),CHHDD
MODE,52,FREQUENCY=,243.40563,(CM**-1),CHHDD
MODE,53,FREQUENCY=,275.57657,(CM**-1),CHHDD
MODE,54,FREQUENCY=,277.71643,(CM**-1),CHHDD
MODE,55,FREQUENCY=,282.65054,(CM**-1),CHHDD
MODE,56,FREQUENCY=,295.03563,(CM**-1),CHHDD
MODE,57,FREQUENCY=,312.02238,(CM**-1),CHHDD
MODE,58,FREQUENCY=,318.55899,(CM**-1),CHHDD
MODE,59,FREQUENCY=,320.65583,(CM**-1),CHHDD
MODE,60,FREQUENCY=,343.61667,(CM**-1),CHHDD
MODE,61,FREQUENCY=,354.59187,(CM**-1),CHHDD
MODE,62,FREQUENCY=,361.57262,(CM**-1),CHHDD
MODE,63,FREQUENCY=,364.1697,(CM**-1),CHHDD
MODE,64,FREQUENCY=,373.52527,(CM**-1),CHHDD
MODE,65,FREQUENCY=,379.92404,(CM**-1),CHHDD
MODE,66,FREQUENCY=,418.91638,(CM**-1),CHHDD
MODE,67,FREQUENCY=,456.2485,(CM**-1),CHHDD
MODE,68,FREQUENCY=,486.49754,(CM**-1),CHHDD
MODE,69,FREQUENCY=,517.94979,(CM**-1),CHHDD
MODE,70,FREQUENCY=,528.67679,(CM**-1),CHHDD
MODE,71,FREQUENCY=,531.56565,(CM**-1),CHHDD
MODE,72,FREQUENCY=,539.99369,(CM**-1),CHHDD
MODE,73,FREQUENCY=,556.52671,(CM**-1),CHHDD
MODE,74,FREQUENCY=,576.276,(CM**-1),CHHDD
MODE,75,FREQUENCY=,589.89067,(CM**-1),CHHDD
MODE,76,FREQUENCY=,597.43328,(CM**-1),CHHDD
MODE,77,FREQUENCY=,609.65129,(CM**-1),CHHDD
MODE,78,FREQUENCY=,612.88707,(CM**-1),CHHDD
MODE,79,FREQUENCY=,615.39622,(CM**-1),CHHDD
MODE,80,FREQUENCY=,629.74219,(CM**-1),CHHDD
MODE,81,FREQUENCY=,633.35954,(CM**-1),CHHDD
MODE,82,FREQUENCY=,644.35841,(CM**-1),CHHDD
MODE,83,FREQUENCY=,647.858,(CM**-1),CHHDD
MODE,84,FREQUENCY=,662.14078,(CM**-1),CHHDD
MODE,85,FREQUENCY=,663.21891,(CM**-1),CHHDD
MODE,86,FREQUENCY=,664.09938,(CM**-1),CHHDD
MODE,87,FREQUENCY=,677.17838,(CM**-1),CHHDD
MODE,88,FREQUENCY=,681.10584,(CM**-1),CHHDD
MODE,89,FREQUENCY=,683.83218,(CM**-1),CHHDD
MODE,90,FREQUENCY=,722.14377,(CM**-1),CHHDD
MODE,91,FREQUENCY=,728.60019,(CM**-1),CHHDD
MODE,92,FREQUENCY=,735.78703,(CM**-1),CHHDD
MODE,93,FREQUENCY=,803.40993,(CM**-1),CHHDD
MODE,94,FREQUENCY=,836.46568,(CM**-1),CHHDD
MODE,95,FREQUENCY=,880.46506,(CM**-1),CHHDD
MODE,96,FREQUENCY=,900.4616,(CM**-1),CHHDD
MODE,97,FREQUENCY=,922.52361,(CM**-1),CHHDD
MODE,98,FREQUENCY=,938.29321,(CM**-1),CHHDD
MODE,99,FREQUENCY=,939.39412,(CM**-1),CHHDD
MODE,100,FREQUENCY=,943.45832,(CM**-1),CHHDD
MODE,101,FREQUENCY=,944.24605,(CM**-1),CHHDD
MODE,102,FREQUENCY=,954.5956,(CM**-1),CHHDD
MODE,103,FREQUENCY=,964.51212,(CM**-1),CHHDD
MODE,104,FREQUENCY=,998.65286,(CM**-1),CHHDD
MODE,105,FREQUENCY=,1010.0333,(CM**-1),CHHDD
MODE,106,FREQUENCY=,1011.42812,(CM**-1),CHHDD
MODE,107,FREQUENCY=,1014.72603,(CM**-1),CHHDD
MODE,108,FREQUENCY=,1017.15891,(CM**-1),CHHDD
MODE,109,FREQUENCY=,1024.64339,(CM**-1),CHHDD
MODE,110,FREQUENCY=,1026.5151,(CM**-1),CHHDD
MODE,111,FREQUENCY=,1037.11021,(CM**-1),CHHDD
MODE,112,FREQUENCY=,1043.0833,(CM**-1),CHHDD
MODE,113,FREQUENCY=,1058.65106,(CM**-1),CHHDD
MODE,114,FREQUENCY=,1065.43518,(CM**-1),CHHDD
MODE,115,FREQUENCY=,1068.06827,(CM**-1),CHHDD
MODE,116,FREQUENCY=,1070.35478,(CM**-1),CHHDD
MODE,117,FREQUENCY=,1071.13437,(CM**-1),CHHDD
MODE,118,FREQUENCY=,1072.67161,(CM**-1),CHHDD
MODE,119,FREQUENCY=,1092.74255,(CM**-1),CHHDD
MODE,120,FREQUENCY=,1095.65072,(CM**-1),CHHDD
MODE,121,FREQUENCY=,1139.06283,(CM**-1),CHHDD
MODE,122,FREQUENCY=,1154.15211,(CM**-1),CHHDD
MODE,123,FREQUENCY=,1169.76623,(CM**-1),CHHDD
MODE,124,FREQUENCY=,1183.13953,(CM**-1),CHHDD
MODE,125,FREQUENCY=,1220.229,(CM**-1),CHHDD
MODE,126,FREQUENCY=,1257.26369,(CM**-1),CHHDD
MODE,127,FREQUENCY=,1260.62341,(CM**-1),CHHDD
MODE,128,FREQUENCY=,1298.49535,(CM**-1),CHHDD
MODE,129,FREQUENCY=,1299.49518,(CM**-1),CHHDD
MODE,130,FREQUENCY=,1315.02369,(CM**-1),CHHDD
MODE,131,FREQUENCY=,1348.77446,(CM**-1),CHHDD
MODE,132,FREQUENCY=,1350.46306,(CM**-1),CHHDD
MODE,133,FREQUENCY=,1370.03825,(CM**-1),CHHDD
MODE,134,FREQUENCY=,1381.29476,(CM**-1),CHHDD
MODE,135,FREQUENCY=,1389.54975,(CM**-1),CHHDD
MODE,136,FREQUENCY=,1399.9394,(CM**-1),CHHDD
MODE,137,FREQUENCY=,1428.39527,(CM**-1),CHHDD
MODE,138,FREQUENCY=,1429.16138,(CM**-1),CHHDD
MODE,139,FREQUENCY=,1429.9959,(CM**-1),CHHDD
MODE,140,FREQUENCY=,1433.45448,(CM**-1),CHHDD
MODE,141,FREQUENCY=,1443.50857,(CM**-1),CHHDD
MODE,142,FREQUENCY=,1471.1938,(CM**-1),CHHDD
MODE,143,FREQUENCY=,1476.1326,(CM**-1),CHHDD
MODE,144,FREQUENCY=,1477.43049,(CM**-1),CHHDD
MODE,145,FREQUENCY=,1478.68105,(CM**-1),CHHDD
MODE,146,FREQUENCY=,1479.96563,(CM**-1),CHHDD
MODE,147,FREQUENCY=,1482.25281,(CM**-1),CHHDD
MODE,148,FREQUENCY=,1483.31393,(CM**-1),CHHDD
MODE,149,FREQUENCY=,1487.57722,(CM**-1),CHHDD
MODE,150,FREQUENCY=,1488.63607,(CM**-1),CHHDD
MODE,151,FREQUENCY=,1489.46898,(CM**-1),CHHDD
MODE,152,FREQUENCY=,1490.00779,(CM**-1),CHHDD
MODE,153,FREQUENCY=,1491.25158,(CM**-1),CHHDD
MODE,154,FREQUENCY=,1503.9425,(CM**-1),CHHDD
MODE,155,FREQUENCY=,1511.65841,(CM**-1),CHHDD
MODE,156,FREQUENCY=,1512.37327,(CM**-1),CHHDD
MODE,157,FREQUENCY=,1542.0622,(CM**-1),CHHDD
MODE,158,FREQUENCY=,1543.22969,(CM**-1),CHHDD
MODE,159,FREQUENCY=,1594.18006,(CM**-1),CHHDD
MODE,160,FREQUENCY=,1616.20011,(CM**-1),CHHDD
MODE,161,FREQUENCY=,1617.40913,(CM**-1),CHHDD
MODE,162,FREQUENCY=,1623.79041,(CM**-1),CHHDD
MODE,163,FREQUENCY=,1650.17214,(CM**-1),CHHDD
MODE,164,FREQUENCY=,1720.77345,(CM**-1),CHHDD
MODE,165,FREQUENCY=,1724.66436,(CM**-1),CHHDD
MODE,166,FREQUENCY=,2315.20109,(CM**-1),CHHDD
MODE,167,FREQUENCY=,3056.12699,(CM**-1),CHHDD
MODE,168,FREQUENCY=,3060.05209,(CM**-1),CHHDD
MODE,169,FREQUENCY=,3060.41272,(CM**-1),CHHDD
MODE,170,FREQUENCY=,3064.39626,(CM**-1),CHHDD
MODE,171,FREQUENCY=,3064.63425,(CM**-1),CHHDD
MODE,172,FREQUENCY=,3065.70424,(CM**-1),CHHDD
MODE,173,FREQUENCY=,3128.11474,(CM**-1),CHHDD
MODE,174,FREQUENCY=,3134.72234,(CM**-1),CHHDD
MODE,175,FREQUENCY=,3136.61026,(CM**-1),CHHDD
MODE,176,FREQUENCY=,3137.00746,(CM**-1),CHHDD
MODE,177,FREQUENCY=,3140.43409,(CM**-1),CHHDD
MODE,178,FREQUENCY=,3140.88362,(CM**-1),CHHDD
MODE,179,FREQUENCY=,3142.27317,(CM**-1),CHHDD
MODE,180,FREQUENCY=,3148.08925,(CM**-1),CHHDD
MODE,181,FREQUENCY=,3158.90707,(CM**-1),CHHDD
MODE,182,FREQUENCY=,3169.7382,(CM**-1),CHHDD
MODE,183,FREQUENCY=,3175.31036,(CM**-1),CHHDD
MODE,184,FREQUENCY=,3175.44831,(CM**-1),CHHDD
MODE,185,FREQUENCY=,3178.80359,(CM**-1),CHHDD
MODE,186,FREQUENCY=,3224.99835,(CM**-1),CHHDD
MODE,187,FREQUENCY=,3240.80342,(CM**-1),CHHDD
MODE,188,FREQUENCY=,3269.76198,(CM**-1),CHHDD
MODE,189,FREQUENCY=,3293.22406,(CM**-1),CHHDD
MODE,190,FREQUENCY=,3293.36641,(CM**-1),CHHDD
MODE,191,FREQUENCY=,3297.09455,(CM**-1),CHHDD
MODE,192,FREQUENCY=,3387.4467,(CM**-1),CHHDD
MODE,193,FREQUENCY=,3661.31517,(CM**-1),CHHDD
MODE,194,FREQUENCY=,3664.94753,(CM**-1),CHHDD
MODE,195,FREQUENCY=,3753.1852,(CM**-1),CHHDD
,,,,,
,,,,,
12-1-2-1-1,,,,,
MODE,1,FREQUENCY=,-1183.20329,(CM**-1),CHDHH
MODE,8,FREQUENCY=,21.30792,(CM**-1),CHDHH
MODE,9,FREQUENCY=,23.00634,(CM**-1),CHDHH
MODE,10,FREQUENCY=,25.46696,(CM**-1),CHDHH
MODE,11,FREQUENCY=,27.24571,(CM**-1),CHDHH
MODE,12,FREQUENCY=,28.32177,(CM**-1),CHDHH
MODE,13,FREQUENCY=,32.07137,(CM**-1),CHDHH
MODE,14,FREQUENCY=,36.74607,(CM**-1),CHDHH
MODE,15,FREQUENCY=,42.06859,(CM**-1),CHDHH
MODE,16,FREQUENCY=,45.22147,(CM**-1),CHDHH
MODE,17,FREQUENCY=,49.46283,(CM**-1),CHDHH
MODE,18,FREQUENCY=,51.21303,(CM**-1),CHDHH
MODE,19,FREQUENCY=,53.23138,(CM**-1),CHDHH
MODE,20,FREQUENCY=,58.43955,(CM**-1),CHDHH
MODE,21,FREQUENCY=,62.46352,(CM**-1),CHDHH
MODE,22,FREQUENCY=,63.04815,(CM**-1),CHDHH
MODE,23,FREQUENCY=,69.36969,(CM**-1),CHDHH
MODE,24,FREQUENCY=,76.52499,(CM**-1),CHDHH
MODE,25,FREQUENCY=,82.16156,(CM**-1),CHDHH
MODE,26,FREQUENCY=,84.49465,(CM**-1),CHDHH
MODE,27,FREQUENCY=,89.5698,(CM**-1),CHDHH
MODE,28,FREQUENCY=,99.09958,(CM**-1),CHDHH
MODE,29,FREQUENCY=,109.78054,(CM**-1),CHDHH
MODE,30,FREQUENCY=,110.51783,(CM**-1),CHDHH
MODE,31,FREQUENCY=,115.60359,(CM**-1),CHDHH
MODE,32,FREQUENCY=,124.72452,(CM**-1),CHDHH
MODE,33,FREQUENCY=,128.04656,(CM**-1),CHDHH
MODE,34,FREQUENCY=,134.78097,(CM**-1),CHDHH
MODE,35,FREQUENCY=,138.48565,(CM**-1),CHDHH
MODE,36,FREQUENCY=,140.58593,(CM**-1),CHDHH
MODE,37,FREQUENCY=,141.90258,(CM**-1),CHDHH
MODE,38,FREQUENCY=,147.72557,(CM**-1),CHDHH
MODE,39,FREQUENCY=,155.57708,(CM**-1),CHDHH
MODE,40,FREQUENCY=,156.90755,(CM**-1),CHDHH
MODE,41,FREQUENCY=,163.10092,(CM**-1),CHDHH
MODE,42,FREQUENCY=,166.90978,(CM**-1),CHDHH
MODE,43,FREQUENCY=,170.53315,(CM**-1),CHDHH
MODE,44,FREQUENCY=,172.43106,(CM**-1),CHDHH
MODE,45,FREQUENCY=,178.84385,(CM**-1),CHDHH
MODE,46,FREQUENCY=,189.63403,(CM**-1),CHDHH
MODE,47,FREQUENCY=,196.71141,(CM**-1),CHDHH
MODE,48,FREQUENCY=,206.50358,(CM**-1),CHDHH
MODE,49,FREQUENCY=,212.90428,(CM**-1),CHDHH
MODE,50,FREQUENCY=,218.48629,(CM**-1),CHDHH
MODE,51,FREQUENCY=,235.02041,(CM**-1),CHDHH
MODE,52,FREQUENCY=,244.65489,(CM**-1),CHDHH
MODE,53,FREQUENCY=,275.92609,(CM**-1),CHDHH
MODE,54,FREQUENCY=,277.76198,(CM**-1),CHDHH
MODE,55,FREQUENCY=,282.7755,(CM**-1),CHDHH
MODE,56,FREQUENCY=,293.90366,(CM**-1),CHDHH
MODE,57,FREQUENCY=,318.14758,(CM**-1),CHDHH
MODE,58,FREQUENCY=,320.4901,(CM**-1),CHDHH
MODE,59,FREQUENCY=,330.3649,(CM**-1),CHDHH
MODE,60,FREQUENCY=,338.9429,(CM**-1),CHDHH
MODE,61,FREQUENCY=,357.21437,(CM**-1),CHDHH
MODE,62,FREQUENCY=,362.687,(CM**-1),CHDHH
MODE,63,FREQUENCY=,370.58431,(CM**-1),CHDHH
MODE,64,FREQUENCY=,374.27227,(CM**-1),CHDHH
MODE,65,FREQUENCY=,394.19713,(CM**-1),CHDHH
MODE,66,FREQUENCY=,455.97675,(CM**-1),CHDHH
MODE,67,FREQUENCY=,470.22518,(CM**-1),CHDHH
MODE,68,FREQUENCY=,486.54955,(CM**-1),CHDHH
MODE,69,FREQUENCY=,518.08327,(CM**-1),CHDHH
MODE,70,FREQUENCY=,528.69465,(CM**-1),CHDHH
MODE,71,FREQUENCY=,531.66875,(CM**-1),CHDHH
MODE,72,FREQUENCY=,539.99828,(CM**-1),CHDHH
MODE,73,FREQUENCY=,556.52344,(CM**-1),CHDHH
MODE,74,FREQUENCY=,576.27825,(CM**-1),CHDHH
MODE,75,FREQUENCY=,589.93275,(CM**-1),CHDHH
MODE,76,FREQUENCY=,597.43456,(CM**-1),CHDHH
MODE,77,FREQUENCY=,609.65005,(CM**-1),CHDHH
MODE,78,FREQUENCY=,612.88938,(CM**-1),CHDHH
MODE,79,FREQUENCY=,615.38395,(CM**-1),CHDHH
MODE,80,FREQUENCY=,629.75448,(CM**-1),CHDHH
MODE,81,FREQUENCY=,633.36149,(CM**-1),CHDHH
MODE,82,FREQUENCY=,644.35871,(CM**-1),CHDHH
MODE,83,FREQUENCY=,647.85827,(CM**-1),CHDHH
MODE,84,FREQUENCY=,662.24294,(CM**-1),CHDHH
MODE,85,FREQUENCY=,663.23443,(CM**-1),CHDHH
MODE,86,FREQUENCY=,664.14346,(CM**-1),CHDHH
MODE,87,FREQUENCY=,677.18152,(CM**-1),CHDHH
MODE,88,FREQUENCY=,681.2261,(CM**-1),CHDHH
MODE,89,FREQUENCY=,683.88023,(CM**-1),CHDHH
MODE,90,FREQUENCY=,728.59911,(CM**-1),CHDHH
MODE,91,FREQUENCY=,735.78271,(CM**-1),CHDHH
MODE,92,FREQUENCY=,744.19571,(CM**-1),CHDHH
MODE,93,FREQUENCY=,803.62968,(CM**-1),CHDHH
MODE,94,FREQUENCY=,836.47202,(CM**-1),CHDHH
MODE,95,FREQUENCY=,880.46972,(CM**-1),CHDHH
MODE,96,FREQUENCY=,922.52145,(CM**-1),CHDHH
MODE,97,FREQUENCY=,938.29274,(CM**-1),CHDHH
MODE,98,FREQUENCY=,939.39421,(CM**-1),CHDHH
MODE,99,FREQUENCY=,943.48897,(CM**-1),CHDHH
MODE,100,FREQUENCY=,944.245,(CM**-1),CHDHH
MODE,101,FREQUENCY=,954.65594,(CM**-1),CHDHH
MODE,102,FREQUENCY=,998.63876,(CM**-1),CHDHH
MODE,103,FREQUENCY=,1010.03995,(CM**-1),CHDHH
MODE,104,FREQUENCY=,1011.42357,(CM**-1),CHDHH
MODE,105,FREQUENCY=,1014.72861,(CM**-1),CHDHH
MODE,106,FREQUENCY=,1017.15754,(CM**-1),CHDHH
MODE,107,FREQUENCY=,1024.62071,(CM**-1),CHDHH
MODE,108,FREQUENCY=,1026.49405,(CM**-1),CHDHH
MODE,109,FREQUENCY=,1037.10717,(CM**-1),CHDHH
MODE,110,FREQUENCY=,1043.07636,(CM**-1),CHDHH
MODE,111,FREQUENCY=,1058.55597,(CM**-1),CHDHH
MODE,112,FREQUENCY=,1065.0278,(CM**-1),CHDHH
MODE,113,FREQUENCY=,1067.56284,(CM**-1),CHDHH
MODE,114,FREQUENCY=,1070.16935,(CM**-1),CHDHH
MODE,115,FREQUENCY=,1070.99621,(CM**-1),CHDHH
MODE,116,FREQUENCY=,1071.38445,(CM**-1),CHDHH
MODE,117,FREQUENCY=,1072.67287,(CM**-1),CHDHH
MODE,118,FREQUENCY=,1092.75269,(CM**-1),CHDHH
MODE,119,FREQUENCY=,1095.65389,(CM**-1),CHDHH
MODE,120,FREQUENCY=,1154.14491,(CM**-1),CHDHH
MODE,121,FREQUENCY=,1169.76412,(CM**-1),CHDHH
MODE,122,FREQUENCY=,1182.4166,(CM**-1),CHDHH
MODE,123,FREQUENCY=,1184.21042,(CM**-1),CHDHH
MODE,124,FREQUENCY=,1219.62845,(CM**-1),CHDHH
MODE,125,FREQUENCY=,1257.26558,(CM**-1),CHDHH
MODE,126,FREQUENCY=,1260.61861,(CM**-1),CHDHH
MODE,127,FREQUENCY=,1263.12196,(CM**-1),CHDHH
MODE,128,FREQUENCY=,1298.51427,(CM**-1),CHDHH
MODE,129,FREQUENCY=,1299.50207,(CM**-1),CHDHH
MODE,130,FREQUENCY=,1315.40273,(CM**-1),CHDHH
MODE,131,FREQUENCY=,1348.77464,(CM**-1),CHDHH
MODE,132,FREQUENCY=,1350.46321,(CM**-1),CHDHH
MODE,133,FREQUENCY=,1370.05633,(CM**-1),CHDHH
MODE,134,FREQUENCY=,1381.30959,(CM**-1),CHDHH
MODE,135,FREQUENCY=,1389.57979,(CM**-1),CHDHH
MODE,136,FREQUENCY=,1399.95137,(CM**-1),CHDHH
MODE,137,FREQUENCY=,1423.41377,(CM**-1),CHDHH
MODE,138,FREQUENCY=,1428.46988,(CM**-1),CHDHH
MODE,139,FREQUENCY=,1430.00471,(CM**-1),CHDHH
MODE,140,FREQUENCY=,1433.45044,(CM**-1),CHDHH
MODE,141,FREQUENCY=,1443.51592,(CM**-1),CHDHH
MODE,142,FREQUENCY=,1471.23624,(CM**-1),CHDHH
MODE,143,FREQUENCY=,1476.13297,(CM**-1),CHDHH
MODE,144,FREQUENCY=,1477.43295,(CM**-1),CHDHH
MODE,145,FREQUENCY=,1478.68106,(CM**-1),CHDHH
MODE,146,FREQUENCY=,1479.97435,(CM**-1),CHDHH
MODE,147,FREQUENCY=,1482.34454,(CM**-1),CHDHH
MODE,148,FREQUENCY=,1483.35415,(CM**-1),CHDHH
MODE,149,FREQUENCY=,1487.57746,(CM**-1),CHDHH
MODE,150,FREQUENCY=,1488.6366,(CM**-1),CHDHH
MODE,151,FREQUENCY=,1489.45407,(CM**-1),CHDHH
MODE,152,FREQUENCY=,1489.97547,(CM**-1),CHDHH
MODE,153,FREQUENCY=,1491.2517,(CM**-1),CHDHH
MODE,154,FREQUENCY=,1503.94603,(CM**-1),CHDHH
MODE,155,FREQUENCY=,1511.66093,(CM**-1),CHDHH
MODE,156,FREQUENCY=,1512.37501,(CM**-1),CHDHH
MODE,157,FREQUENCY=,1542.071,(CM**-1),CHDHH
MODE,158,FREQUENCY=,1543.23594,(CM**-1),CHDHH
MODE,159,FREQUENCY=,1594.26243,(CM**-1),CHDHH
MODE,160,FREQUENCY=,1616.20587,(CM**-1),CHDHH
MODE,161,FREQUENCY=,1617.41003,(CM**-1),CHDHH
MODE,162,FREQUENCY=,1623.82937,(CM**-1),CHDHH
MODE,163,FREQUENCY=,1650.17863,(CM**-1),CHDHH
MODE,164,FREQUENCY=,1720.79402,(CM**-1),CHDHH
MODE,165,FREQUENCY=,1724.66574,(CM**-1),CHDHH
MODE,166,FREQUENCY=,2317.55042,(CM**-1),CHDHH
MODE,167,FREQUENCY=,3056.12736,(CM**-1),CHDHH
MODE,168,FREQUENCY=,3060.05211,(CM**-1),CHDHH
MODE,169,FREQUENCY=,3060.41279,(CM**-1),CHDHH
MODE,170,FREQUENCY=,3064.3963,(CM**-1),CHDHH
MODE,171,FREQUENCY=,3064.6343,(CM**-1),CHDHH
MODE,172,FREQUENCY=,3065.70427,(CM**-1),CHDHH
MODE,173,FREQUENCY=,3128.13416,(CM**-1),CHDHH
MODE,174,FREQUENCY=,3134.62011,(CM**-1),CHDHH
MODE,175,FREQUENCY=,3134.72241,(CM**-1),CHDHH
MODE,176,FREQUENCY=,3136.61906,(CM**-1),CHDHH
MODE,177,FREQUENCY=,3140.43523,(CM**-1),CHDHH
MODE,178,FREQUENCY=,3140.8836,(CM**-1),CHDHH
MODE,179,FREQUENCY=,3142.2731,(CM**-1),CHDHH
MODE,180,FREQUENCY=,3148.08917,(CM**-1),CHDHH
MODE,181,FREQUENCY=,3158.90706,(CM**-1),CHDHH
MODE,182,FREQUENCY=,3169.73718,(CM**-1),CHDHH
MODE,183,FREQUENCY=,3175.31032,(CM**-1),CHDHH
MODE,184,FREQUENCY=,3175.4483,(CM**-1),CHDHH
MODE,185,FREQUENCY=,3178.80359,(CM**-1),CHDHH
MODE,186,FREQUENCY=,3224.701,(CM**-1),CHDHH
MODE,187,FREQUENCY=,3240.86036,(CM**-1),CHDHH
MODE,188,FREQUENCY=,3269.76279,(CM**-1),CHDHH
MODE,189,FREQUENCY=,3293.22419,(CM**-1),CHDHH
MODE,190,FREQUENCY=,3293.36641,(CM**-1),CHDHH
MODE,191,FREQUENCY=,3297.09493,(CM**-1),CHDHH
MODE,192,FREQUENCY=,3387.45071,(CM**-1),CHDHH
MODE,193,FREQUENCY=,3661.31526,(CM**-1),CHDHH
MODE,194,FREQUENCY=,3664.94756,(CM**-1),CHDHH
MODE,195,FREQUENCY=,3753.18529,(CM**-1),CHDHH
,,,,,
,,,,,
12-1-2-1-2,,,,,
MODE,1,FREQUENCY=,-902.59205,(CM**-1),CHDHD
MODE,8,FREQUENCY=,21.30692,(CM**-1),CHDHD
MODE,9,FREQUENCY=,22.92571,(CM**-1),CHDHD
MODE,10,FREQUENCY=,25.46627,(CM**-1),CHDHD
MODE,11,FREQUENCY=,27.22665,(CM**-1),CHDHD
MODE,12,FREQUENCY=,28.31855,(CM**-1),CHDHD
MODE,13,FREQUENCY=,32.06877,(CM**-1),CHDHD
MODE,14,FREQUENCY=,36.7443,(CM**-1),CHDHD
MODE,15,FREQUENCY=,42.06445,(CM**-1),CHDHD
MODE,16,FREQUENCY=,45.21576,(CM**-1),CHDHD
MODE,17,FREQUENCY=,49.43683,(CM**-1),CHDHD
MODE,18,FREQUENCY=,51.14867,(CM**-1),CHDHD
MODE,19,FREQUENCY=,53.22998,(CM**-1),CHDHD
MODE,20,FREQUENCY=,58.42561,(CM**-1),CHDHD
MODE,21,FREQUENCY=,62.44934,(CM**-1),CHDHD
MODE,22,FREQUENCY=,62.99044,(CM**-1),CHDHD
MODE,23,FREQUENCY=,69.364,(CM**-1),CHDHD
MODE,24,FREQUENCY=,76.52178,(CM**-1),CHDHD
MODE,25,FREQUENCY=,82.15045,(CM**-1),CHDHD
MODE,26,FREQUENCY=,84.48706,(CM**-1),CHDHD
MODE,27,FREQUENCY=,89.56314,(CM**-1),CHDHD
MODE,28,FREQUENCY=,99.00916,(CM**-1),CHDHD
MODE,29,FREQUENCY=,109.76346,(CM**-1),CHDHD
MODE,30,FREQUENCY=,110.5087,(CM**-1),CHDHD
MODE,31,FREQUENCY=,115.59883,(CM**-1),CHDHD
MODE,32,FREQUENCY=,124.7187,(CM**-1),CHDHD
MODE,33,FREQUENCY=,128.03399,(CM**-1),CHDHD
MODE,34,FREQUENCY=,134.70202,(CM**-1),CHDHD
MODE,35,FREQUENCY=,138.46944,(CM**-1),CHDHD
MODE,36,FREQUENCY=,140.56542,(CM**-1),CHDHD
MODE,37,FREQUENCY=,141.86774,(CM**-1),CHDHD
MODE,38,FREQUENCY=,147.57685,(CM**-1),CHDHD
MODE,39,FREQUENCY=,155.54096,(CM**-1),CHDHD
MODE,40,FREQUENCY=,156.82322,(CM**-1),CHDHD
MODE,41,FREQUENCY=,163.1002,(CM**-1),CHDHD
MODE,42,FREQUENCY=,166.89445,(CM**-1),CHDHD
MODE,43,FREQUENCY=,170.50584,(CM**-1),CHDHD
MODE,44,FREQUENCY=,172.35769,(CM**-1),CHDHD
MODE,45,FREQUENCY=,178.5591,(CM**-1),CHDHD
MODE,46,FREQUENCY=,189.58429,(CM**-1),CHDHD
MODE,47,FREQUENCY=,196.56275,(CM**-1),CHDHD
MODE,48,FREQUENCY=,206.31801,(CM**-1),CHDHD
MODE,49,FREQUENCY=,212.82086,(CM**-1),CHDHD
MODE,50,FREQUENCY=,218.30826,(CM**-1),CHDHD
MODE,51,FREQUENCY=,234.30618,(CM**-1),CHDHD
MODE,52,FREQUENCY=,240.62901,(CM**-1),CHDHD
MODE,53,FREQUENCY=,275.65651,(CM**-1),CHDHD
MODE,54,FREQUENCY=,277.70406,(CM**-1),CHDHD
MODE,55,FREQUENCY=,282.56102,(CM**-1),CHDHD
MODE,56,FREQUENCY=,292.58379,(CM**-1),CHDHD
MODE,57,FREQUENCY=,314.26247,(CM**-1),CHDHD
MODE,58,FREQUENCY=,317.60135,(CM**-1),CHDHD
MODE,59,FREQUENCY=,320.54166,(CM**-1),CHDHD
MODE,60,FREQUENCY=,328.61372,(CM**-1),CHDHD
MODE,61,FREQUENCY=,355.45133,(CM**-1),CHDHD
MODE,62,FREQUENCY=,359.47222,(CM**-1),CHDHD
MODE,63,FREQUENCY=,364.47167,(CM**-1),CHDHD
MODE,64,FREQUENCY=,373.70926,(CM**-1),CHDHD
MODE,65,FREQUENCY=,386.35114,(CM**-1),CHDHD
MODE,66,FREQUENCY=,439.95678,(CM**-1),CHDHD
MODE,67,FREQUENCY=,456.44054,(CM**-1),CHDHD
MODE,68,FREQUENCY=,486.50719,(CM**-1),CHDHD
MODE,69,FREQUENCY=,517.95042,(CM**-1),CHDHD
MODE,70,FREQUENCY=,528.67984,(CM**-1),CHDHD
MODE,71,FREQUENCY=,531.63102,(CM**-1),CHDHD
MODE,72,FREQUENCY=,539.99699,(CM**-1),CHDHD
MODE,73,FREQUENCY=,556.47303,(CM**-1),CHDHD
MODE,74,FREQUENCY=,576.27674,(CM**-1),CHDHD
MODE,75,FREQUENCY=,589.90109,(CM**-1),CHDHD
MODE,76,FREQUENCY=,597.43418,(CM**-1),CHDHD
MODE,77,FREQUENCY=,609.64937,(CM**-1),CHDHD
MODE,78,FREQUENCY=,612.88661,(CM**-1),CHDHD
MODE,79,FREQUENCY=,615.37977,(CM**-1),CHDHD
MODE,80,FREQUENCY=,629.7431,(CM**-1),CHDHD
MODE,81,FREQUENCY=,633.35941,(CM**-1),CHDHD
MODE,82,FREQUENCY=,644.35833,(CM**-1),CHDHD
MODE,83,FREQUENCY=,647.85813,(CM**-1),CHDHD
MODE,84,FREQUENCY=,662.12184,(CM**-1),CHDHD
MODE,85,FREQUENCY=,663.21711,(CM**-1),CHDHD
MODE,86,FREQUENCY=,664.09031,(CM**-1),CHDHD
MODE,87,FREQUENCY=,677.17722,(CM**-1),CHDHD
MODE,88,FREQUENCY=,681.11924,(CM**-1),CHDHD
MODE,89,FREQUENCY=,683.83422,(CM**-1),CHDHD
MODE,90,FREQUENCY=,720.88581,(CM**-1),CHDHD
MODE,91,FREQUENCY=,728.60018,(CM**-1),CHDHD
MODE,92,FREQUENCY=,735.78671,(CM**-1),CHDHD
MODE,93,FREQUENCY=,803.41062,(CM**-1),CHDHD
MODE,94,FREQUENCY=,836.46323,(CM**-1),CHDHD
MODE,95,FREQUENCY=,869.34584,(CM**-1),CHDHD
MODE,96,FREQUENCY=,880.47199,(CM**-1),CHDHD
MODE,97,FREQUENCY=,922.50823,(CM**-1),CHDHD
MODE,98,FREQUENCY=,938.29307,(CM**-1),CHDHD
MODE,99,FREQUENCY=,939.3912,(CM**-1),CHDHD
MODE,100,FREQUENCY=,943.5065,(CM**-1),CHDHD
MODE,101,FREQUENCY=,944.2551,(CM**-1),CHDHD
MODE,102,FREQUENCY=,954.61276,(CM**-1),CHDHD
MODE,103,FREQUENCY=,981.88348,(CM**-1),CHDHD
MODE,104,FREQUENCY=,998.65301,(CM**-1),CHDHD
MODE,105,FREQUENCY=,1010.03338,(CM**-1),CHDHD
MODE,106,FREQUENCY=,1011.42824,(CM**-1),CHDHD
MODE,107,FREQUENCY=,1014.72654,(CM**-1),CHDHD
MODE,108,FREQUENCY=,1017.15891,(CM**-1),CHDHD
MODE,109,FREQUENCY=,1024.64581,(CM**-1),CHDHD
MODE,110,FREQUENCY=,1026.52032,(CM**-1),CHDHD
MODE,111,FREQUENCY=,1037.12066,(CM**-1),CHDHD
MODE,112,FREQUENCY=,1043.08202,(CM**-1),CHDHD
MODE,113,FREQUENCY=,1058.67243,(CM**-1),CHDHD
MODE,114,FREQUENCY=,1065.41554,(CM**-1),CHDHD
MODE,115,FREQUENCY=,1068.06583,(CM**-1),CHDHD
MODE,116,FREQUENCY=,1070.35499,(CM**-1),CHDHD
MODE,117,FREQUENCY=,1071.13443,(CM**-1),CHDHD
MODE,118,FREQUENCY=,1072.67326,(CM**-1),CHDHD
MODE,119,FREQUENCY=,1092.74269,(CM**-1),CHDHD
MODE,120,FREQUENCY=,1095.65083,(CM**-1),CHDHD
MODE,121,FREQUENCY=,1145.27412,(CM**-1),CHDHD
MODE,122,FREQUENCY=,1154.15116,(CM**-1),CHDHD
MODE,123,FREQUENCY=,1169.7664,(CM**-1),CHDHD
MODE,124,FREQUENCY=,1183.13889,(CM**-1),CHDHD
MODE,125,FREQUENCY=,1229.00868,(CM**-1),CHDHD
MODE,126,FREQUENCY=,1257.26398,(CM**-1),CHDHD
MODE,127,FREQUENCY=,1260.62335,(CM**-1),CHDHD
MODE,128,FREQUENCY=,1298.49904,(CM**-1),CHDHD
MODE,129,FREQUENCY=,1299.49491,(CM**-1),CHDHD
MODE,130,FREQUENCY=,1315.14146,(CM**-1),CHDHD
MODE,131,FREQUENCY=,1348.77444,(CM**-1),CHDHD
MODE,132,FREQUENCY=,1350.46306,(CM**-1),CHDHD
MODE,133,FREQUENCY=,1370.04194,(CM**-1),CHDHD
MODE,134,FREQUENCY=,1381.29737,(CM**-1),CHDHD
MODE,135,FREQUENCY=,1389.56756,(CM**-1),CHDHD
MODE,136,FREQUENCY=,1399.91972,(CM**-1),CHDHD
MODE,137,FREQUENCY=,1422.44021,(CM**-1),CHDHD
MODE,138,FREQUENCY=,1428.46401,(CM**-1),CHDHD
MODE,139,FREQUENCY=,1429.99682,(CM**-1),CHDHD
MODE,140,FREQUENCY=,1433.44827,(CM**-1),CHDHD
MODE,141,FREQUENCY=,1443.49671,(CM**-1),CHDHD
MODE,142,FREQUENCY=,1471.2102,(CM**-1),CHDHD
MODE,143,FREQUENCY=,1476.13259,(CM**-1),CHDHD
MODE,144,FREQUENCY=,1477.43024,(CM**-1),CHDHD
MODE,145,FREQUENCY=,1478.68105,(CM**-1),CHDHD
MODE,146,FREQUENCY=,1479.96926,(CM**-1),CHDHD
MODE,147,FREQUENCY=,1482.34215,(CM**-1),CHDHD
MODE,148,FREQUENCY=,1483.35267,(CM**-1),CHDHD
MODE,149,FREQUENCY=,1487.5771,(CM**-1),CHDHD
MODE,150,FREQUENCY=,1488.63612,(CM**-1),CHDHD
MODE,151,FREQUENCY=,1489.45222,(CM**-1),CHDHD
MODE,152,FREQUENCY=,1489.97477,(CM**-1),CHDHD
MODE,153,FREQUENCY=,1491.25103,(CM**-1),CHDHD
MODE,154,FREQUENCY=,1503.93116,(CM**-1),CHDHD
MODE,155,FREQUENCY=,1511.65611,(CM**-1),CHDHD
MODE,156,FREQUENCY=,1512.37281,(CM**-1),CHDHD
MODE,157,FREQUENCY=,1542.06177,(CM**-1),CHDHD
MODE,158,FREQUENCY=,1543.22893,(CM**-1),CHDHD
MODE,159,FREQUENCY=,1594.20773,(CM**-1),CHDHD
MODE,160,FREQUENCY=,1616.20051,(CM**-1),CHDHD
MODE,161,FREQUENCY=,1617.40939,(CM**-1),CHDHD
MODE,162,FREQUENCY=,1623.79302,(CM**-1),CHDHD
MODE,163,FREQUENCY=,1650.17336,(CM**-1),CHDHD
MODE,164,FREQUENCY=,1720.77685,(CM**-1),CHDHD
MODE,165,FREQUENCY=,1724.66416,(CM**-1),CHDHD
MODE,166,FREQUENCY=,2317.46797,(CM**-1),CHDHD
MODE,167,FREQUENCY=,3056.12712,(CM**-1),CHDHD
MODE,168,FREQUENCY=,3060.05209,(CM**-1),CHDHD
MODE,169,FREQUENCY=,3060.41271,(CM**-1),CHDHD
MODE,170,FREQUENCY=,3064.39626,(CM**-1),CHDHD
MODE,171,FREQUENCY=,3064.63425,(CM**-1),CHDHD
MODE,172,FREQUENCY=,3065.70423,(CM**-1),CHDHD
MODE,173,FREQUENCY=,3128.13383,(CM**-1),CHDHD
MODE,174,FREQUENCY=,3134.49795,(CM**-1),CHDHD
MODE,175,FREQUENCY=,3134.72237,(CM**-1),CHDHD
MODE,176,FREQUENCY=,3136.619,(CM**-1),CHDHD
MODE,177,FREQUENCY=,3140.43516,(CM**-1),CHDHD
MODE,178,FREQUENCY=,3140.8836,(CM**-1),CHDHD
MODE,179,FREQUENCY=,3142.27307,(CM**-1),CHDHD
MODE,180,FREQUENCY=,3148.08915,(CM**-1),CHDHD
MODE,181,FREQUENCY=,3158.90706,(CM**-1),CHDHD
MODE,182,FREQUENCY=,3169.73694,(CM**-1),CHDHD
MODE,183,FREQUENCY=,3175.31031,(CM**-1),CHDHD
MODE,184,FREQUENCY=,3175.44827,(CM**-1),CHDHD
MODE,185,FREQUENCY=,3178.80356,(CM**-1),CHDHD
MODE,186,FREQUENCY=,3224.53403,(CM**-1),CHDHD
MODE,187,FREQUENCY=,3240.79981,(CM**-1),CHDHD
MODE,188,FREQUENCY=,3269.76191,(CM**-1),CHDHD
MODE,189,FREQUENCY=,3293.22406,(CM**-1),CHDHD
MODE,190,FREQUENCY=,3293.36641,(CM**-1),CHDHD
MODE,191,FREQUENCY=,3297.09451,(CM**-1),CHDHD
MODE,192,FREQUENCY=,3387.44711,(CM**-1),CHDHD
MODE,193,FREQUENCY=,3661.31517,(CM**-1),CHDHD
MODE,194,FREQUENCY=,3664.94753,(CM**-1),CHDHD
MODE,195,FREQUENCY=,3753.18523,(CM**-1),CHDHD
,,,,,
,,,,,
12-1-2-2-1,,,,,
MODE,1,FREQUENCY=,-1173.02804,(CM**-1),CHDDH
MODE,8,FREQUENCY=,21.25807,(CM**-1),CHDDH
MODE,9,FREQUENCY=,22.17775,(CM**-1),CHDDH
MODE,10,FREQUENCY=,25.45437,(CM**-1),CHDDH
MODE,11,FREQUENCY=,26.90623,(CM**-1),CHDDH
MODE,12,FREQUENCY=,28.3199,(CM**-1),CHDDH
MODE,13,FREQUENCY=,32.01698,(CM**-1),CHDDH
MODE,14,FREQUENCY=,36.70556,(CM**-1),CHDDH
MODE,15,FREQUENCY=,41.96733,(CM**-1),CHDDH
MODE,16,FREQUENCY=,45.15453,(CM**-1),CHDDH
MODE,17,FREQUENCY=,48.24961,(CM**-1),CHDDH
MODE,18,FREQUENCY=,50.60419,(CM**-1),CHDDH
MODE,19,FREQUENCY=,53.11041,(CM**-1),CHDDH
MODE,20,FREQUENCY=,56.57582,(CM**-1),CHDDH
MODE,21,FREQUENCY=,60.84625,(CM**-1),CHDDH
MODE,22,FREQUENCY=,62.37973,(CM**-1),CHDDH
MODE,23,FREQUENCY=,69.24939,(CM**-1),CHDDH
MODE,24,FREQUENCY=,76.37131,(CM**-1),CHDDH
MODE,25,FREQUENCY=,81.22929,(CM**-1),CHDDH
MODE,26,FREQUENCY=,84.34168,(CM**-1),CHDDH
MODE,27,FREQUENCY=,89.25275,(CM**-1),CHDDH
MODE,28,FREQUENCY=,99.07434,(CM**-1),CHDDH
MODE,29,FREQUENCY=,109.77465,(CM**-1),CHDDH
MODE,30,FREQUENCY=,110.51291,(CM**-1),CHDDH
MODE,31,FREQUENCY=,115.60121,(CM**-1),CHDDH
MODE,32,FREQUENCY=,124.72192,(CM**-1),CHDDH
MODE,33,FREQUENCY=,128.03667,(CM**-1),CHDDH
MODE,34,FREQUENCY=,134.77822,(CM**-1),CHDDH
MODE,35,FREQUENCY=,138.45392,(CM**-1),CHDDH
MODE,36,FREQUENCY=,140.54522,(CM**-1),CHDDH
MODE,37,FREQUENCY=,141.84459,(CM**-1),CHDDH
MODE,38,FREQUENCY=,147.61662,(CM**-1),CHDDH
MODE,39,FREQUENCY=,155.53314,(CM**-1),CHDDH
MODE,40,FREQUENCY=,156.80125,(CM**-1),CHDDH
MODE,41,FREQUENCY=,163.09976,(CM**-1),CHDDH
MODE,42,FREQUENCY=,166.90669,(CM**-1),CHDDH
MODE,43,FREQUENCY=,170.52974,(CM**-1),CHDDH
MODE,44,FREQUENCY=,172.41387,(CM**-1),CHDDH
MODE,45,FREQUENCY=,178.57358,(CM**-1),CHDDH
MODE,46,FREQUENCY=,189.58111,(CM**-1),CHDDH
MODE,47,FREQUENCY=,196.35619,(CM**-1),CHDDH
MODE,48,FREQUENCY=,206.34509,(CM**-1),CHDDH
MODE,49,FREQUENCY=,212.86224,(CM**-1),CHDDH
MODE,50,FREQUENCY=,218.13916,(CM**-1),CHDDH
MODE,51,FREQUENCY=,234.7611,(CM**-1),CHDDH
MODE,52,FREQUENCY=,243.969,(CM**-1),CHDDH
MODE,53,FREQUENCY=,275.78878,(CM**-1),CHDDH
MODE,54,FREQUENCY=,277.75977,(CM**-1),CHDDH
MODE,55,FREQUENCY=,282.72782,(CM**-1),CHDDH
MODE,56,FREQUENCY=,293.881,(CM**-1),CHDDH
MODE,57,FREQUENCY=,317.94862,(CM**-1),CHDDH
MODE,58,FREQUENCY=,320.37269,(CM**-1),CHDDH
MODE,59,FREQUENCY=,323.65884,(CM**-1),CHDDH
MODE,60,FREQUENCY=,330.78623,(CM**-1),CHDDH
MODE,61,FREQUENCY=,353.9423,(CM**-1),CHDDH
MODE,62,FREQUENCY=,359.63101,(CM**-1),CHDDH
MODE,63,FREQUENCY=,370.05357,(CM**-1),CHDDH
MODE,64,FREQUENCY=,373.04281,(CM**-1),CHDDH
MODE,65,FREQUENCY=,389.00653,(CM**-1),CHDDH
MODE,66,FREQUENCY=,426.978,(CM**-1),CHDDH
MODE,67,FREQUENCY=,456.259,(CM**-1),CHDDH
MODE,68,FREQUENCY=,486.49708,(CM**-1),CHDDH
MODE,69,FREQUENCY=,518.04072,(CM**-1),CHDDH
MODE,70,FREQUENCY=,528.68211,(CM**-1),CHDDH
MODE,71,FREQUENCY=,531.57661,(CM**-1),CHDDH
MODE,72,FREQUENCY=,539.9947,(CM**-1),CHDDH
MODE,73,FREQUENCY=,556.49037,(CM**-1),CHDDH
MODE,74,FREQUENCY=,576.27819,(CM**-1),CHDDH
MODE,75,FREQUENCY=,589.91123,(CM**-1),CHDDH
MODE,76,FREQUENCY=,597.43429,(CM**-1),CHDDH
MODE,77,FREQUENCY=,609.64947,(CM**-1),CHDDH
MODE,78,FREQUENCY=,612.88802,(CM**-1),CHDDH
MODE,79,FREQUENCY=,615.3838,(CM**-1),CHDDH
MODE,80,FREQUENCY=,629.75263,(CM**-1),CHDDH
MODE,81,FREQUENCY=,633.36078,(CM**-1),CHDDH
MODE,82,FREQUENCY=,644.3587,(CM**-1),CHDDH
MODE,83,FREQUENCY=,647.85814,(CM**-1),CHDDH
MODE,84,FREQUENCY=,662.22465,(CM**-1),CHDDH
MODE,85,FREQUENCY=,663.23019,(CM**-1),CHDDH
MODE,86,FREQUENCY=,664.13311,(CM**-1),CHDDH
MODE,87,FREQUENCY=,677.18136,(CM**-1),CHDDH
MODE,88,FREQUENCY=,681.19772,(CM**-1),CHDDH
MODE,89,FREQUENCY=,683.86852,(CM**-1),CHDDH
MODE,90,FREQUENCY=,728.59905,(CM**-1),CHDDH
MODE,91,FREQUENCY=,735.78212,(CM**-1),CHDDH
MODE,92,FREQUENCY=,742.8465,(CM**-1),CHDDH
MODE,93,FREQUENCY=,803.62648,(CM**-1),CHDDH
MODE,94,FREQUENCY=,836.47197,(CM**-1),CHDDH
MODE,95,FREQUENCY=,880.46964,(CM**-1),CHDDH
MODE,96,FREQUENCY=,922.52134,(CM**-1),CHDDH
MODE,97,FREQUENCY=,938.29153,(CM**-1),CHDDH
MODE,98,FREQUENCY=,939.39164,(CM**-1),CHDDH
MODE,99,FREQUENCY=,943.48782,(CM**-1),CHDDH
MODE,100,FREQUENCY=,944.23756,(CM**-1),CHDDH
MODE,101,FREQUENCY=,954.65488,(CM**-1),CHDDH
MODE,102,FREQUENCY=,998.45131,(CM**-1),CHDDH
MODE,103,FREQUENCY=,1010.01188,(CM**-1),CHDDH
MODE,104,FREQUENCY=,1011.38638,(CM**-1),CHDDH
MODE,105,FREQUENCY=,1014.66204,(CM**-1),CHDDH
MODE,106,FREQUENCY=,1017.13116,(CM**-1),CHDDH
MODE,107,FREQUENCY=,1019.54897,(CM**-1),CHDDH
MODE,108,FREQUENCY=,1024.99776,(CM**-1),CHDDH
MODE,109,FREQUENCY=,1026.52599,(CM**-1),CHDDH
MODE,110,FREQUENCY=,1037.10695,(CM**-1),CHDDH
MODE,111,FREQUENCY=,1043.09665,(CM**-1),CHDDH
MODE,112,FREQUENCY=,1058.68438,(CM**-1),CHDDH
MODE,113,FREQUENCY=,1065.29877,(CM**-1),CHDDH
MODE,114,FREQUENCY=,1067.79694,(CM**-1),CHDDH
MODE,115,FREQUENCY=,1070.34061,(CM**-1),CHDDH
MODE,116,FREQUENCY=,1071.12385,(CM**-1),CHDDH
MODE,117,FREQUENCY=,1072.67209,(CM**-1),CHDDH
MODE,118,FREQUENCY=,1077.30431,(CM**-1),CHDDH
MODE,119,FREQUENCY=,1092.7511,(CM**-1),CHDDH
MODE,120,FREQUENCY=,1095.65403,(CM**-1),CHDDH
MODE,121,FREQUENCY=,1137.60407,(CM**-1),CHDDH
MODE,122,FREQUENCY=,1154.16715,(CM**-1),CHDDH
MODE,123,FREQUENCY=,1169.76578,(CM**-1),CHDDH
MODE,124,FREQUENCY=,1183.13846,(CM**-1),CHDDH
MODE,125,FREQUENCY=,1223.76635,(CM**-1),CHDDH
MODE,126,FREQUENCY=,1257.26594,(CM**-1),CHDDH
MODE,127,FREQUENCY=,1260.62429,(CM**-1),CHDDH
MODE,128,FREQUENCY=,1298.49248,(CM**-1),CHDDH
MODE,129,FREQUENCY=,1299.5016,(CM**-1),CHDDH
MODE,130,FREQUENCY=,1306.52912,(CM**-1),CHDDH
MODE,131,FREQUENCY=,1315.79191,(CM**-1),CHDDH
MODE,132,FREQUENCY=,1348.77469,(CM**-1),CHDDH
MODE,133,FREQUENCY=,1350.46322,(CM**-1),CHDDH
MODE,134,FREQUENCY=,1370.05846,(CM**-1),CHDDH
MODE,135,FREQUENCY=,1381.31257,(CM**-1),CHDDH
MODE,136,FREQUENCY=,1389.57795,(CM**-1),CHDDH
MODE,137,FREQUENCY=,1399.97563,(CM**-1),CHDDH
MODE,138,FREQUENCY=,1428.45377,(CM**-1),CHDDH
MODE,139,FREQUENCY=,1429.99948,(CM**-1),CHDDH
MODE,140,FREQUENCY=,1433.44894,(CM**-1),CHDDH
MODE,141,FREQUENCY=,1443.51378,(CM**-1),CHDDH
MODE,142,FREQUENCY=,1471.20773,(CM**-1),CHDDH
MODE,143,FREQUENCY=,1476.13295,(CM**-1),CHDDH
MODE,144,FREQUENCY=,1477.43175,(CM**-1),CHDDH
MODE,145,FREQUENCY=,1478.68104,(CM**-1),CHDDH
MODE,146,FREQUENCY=,1479.97141,(CM**-1),CHDDH
MODE,147,FREQUENCY=,1482.20111,(CM**-1),CHDDH
MODE,148,FREQUENCY=,1483.3081,(CM**-1),CHDDH
MODE,149,FREQUENCY=,1487.57743,(CM**-1),CHDDH
MODE,150,FREQUENCY=,1488.63576,(CM**-1),CHDDH
MODE,151,FREQUENCY=,1489.44301,(CM**-1),CHDDH
MODE,152,FREQUENCY=,1489.95515,(CM**-1),CHDDH
MODE,153,FREQUENCY=,1491.25166,(CM**-1),CHDDH
MODE,154,FREQUENCY=,1503.94238,(CM**-1),CHDDH
MODE,155,FREQUENCY=,1511.65951,(CM**-1),CHDDH
MODE,156,FREQUENCY=,1512.37475,(CM**-1),CHDDH
MODE,157,FREQUENCY=,1542.07091,(CM**-1),CHDDH
MODE,158,FREQUENCY=,1543.2359,(CM**-1),CHDDH
MODE,159,FREQUENCY=,1594.22667,(CM**-1),CHDDH
MODE,160,FREQUENCY=,1616.20428,(CM**-1),CHDDH
MODE,161,FREQUENCY=,1617.40976,(CM**-1),CHDDH
MODE,162,FREQUENCY=,1623.81794,(CM**-1),CHDDH
MODE,163,FREQUENCY=,1650.17552,(CM**-1),CHDDH
MODE,164,FREQUENCY=,1720.78983,(CM**-1),CHDDH
MODE,165,FREQUENCY=,1724.6656,(CM**-1),CHDDH
MODE,166,FREQUENCY=,2251.26407,(CM**-1),CHDDH
MODE,167,FREQUENCY=,2388.92518,(CM**-1),CHDDH
MODE,168,FREQUENCY=,3056.12728,(CM**-1),CHDDH
MODE,169,FREQUENCY=,3060.05211,(CM**-1),CHDDH
MODE,170,FREQUENCY=,3060.41279,(CM**-1),CHDDH
MODE,171,FREQUENCY=,3064.3963,(CM**-1),CHDDH
MODE,172,FREQUENCY=,3064.6343,(CM**-1),CHDDH
MODE,173,FREQUENCY=,3065.70428,(CM**-1),CHDDH
MODE,174,FREQUENCY=,3128.13624,(CM**-1),CHDDH
MODE,175,FREQUENCY=,3134.72234,(CM**-1),CHDDH
MODE,176,FREQUENCY=,3136.61902,(CM**-1),CHDDH
MODE,177,FREQUENCY=,3140.43417,(CM**-1),CHDDH
MODE,178,FREQUENCY=,3140.8836,(CM**-1),CHDDH
MODE,179,FREQUENCY=,3142.27308,(CM**-1),CHDDH
MODE,180,FREQUENCY=,3148.08917,(CM**-1),CHDDH
MODE,181,FREQUENCY=,3158.90706,(CM**-1),CHDDH
MODE,182,FREQUENCY=,3169.73647,(CM**-1),CHDDH
MODE,183,FREQUENCY=,3175.31032,(CM**-1),CHDDH
MODE,184,FREQUENCY=,3175.44829,(CM**-1),CHDDH
MODE,185,FREQUENCY=,3178.80357,(CM**-1),CHDDH
MODE,186,FREQUENCY=,3190.48307,(CM**-1),CHDDH
MODE,187,FREQUENCY=,3240.85972,(CM**-1),CHDDH
MODE,188,FREQUENCY=,3269.76277,(CM**-1),CHDDH
MODE,189,FREQUENCY=,3293.22419,(CM**-1),CHDDH
MODE,190,FREQUENCY=,3293.36641,(CM**-1),CHDDH
MODE,191,FREQUENCY=,3297.09493,(CM**-1),CHDDH
MODE,192,FREQUENCY=,3387.45022,(CM**-1),CHDDH
MODE,193,FREQUENCY=,3661.31526,(CM**-1),CHDDH
MODE,194,FREQUENCY=,3664.94756,(CM**-1),CHDDH
MODE,195,FREQUENCY=,3753.18525,(CM**-1),CHDDH
,,,,,
,,,,,
12-1-2-2-2,,,,,
MODE,1,FREQUENCY=,-895.8091,(CM**-1),CHDDD
MODE,8,FREQUENCY=,21.25329,(CM**-1),CHDDD
MODE,9,FREQUENCY=,22.10856,(CM**-1),CHDDD
MODE,10,FREQUENCY=,25.45362,(CM**-1),CHDDD
MODE,11,FREQUENCY=,26.89831,(CM**-1),CHDDD
MODE,12,FREQUENCY=,28.31718,(CM**-1),CHDDD
MODE,13,FREQUENCY=,32.01363,(CM**-1),CHDDD
MODE,14,FREQUENCY=,36.70282,(CM**-1),CHDDD
MODE,15,FREQUENCY=,41.96197,(CM**-1),CHDDD
MODE,16,FREQUENCY=,45.14792,(CM**-1),CHDDD
MODE,17,FREQUENCY=,48.21148,(CM**-1),CHDDD
MODE,18,FREQUENCY=,50.55683,(CM**-1),CHDDD
MODE,19,FREQUENCY=,53.10889,(CM**-1),CHDDD
MODE,20,FREQUENCY=,56.55295,(CM**-1),CHDDD
MODE,21,FREQUENCY=,60.79503,(CM**-1),CHDDD
MODE,22,FREQUENCY=,62.36719,(CM**-1),CHDDD
MODE,23,FREQUENCY=,69.24399,(CM**-1),CHDDD
MODE,24,FREQUENCY=,76.36836,(CM**-1),CHDDD
MODE,25,FREQUENCY=,81.22223,(CM**-1),CHDDD
MODE,26,FREQUENCY=,84.33188,(CM**-1),CHDDD
MODE,27,FREQUENCY=,89.24527,(CM**-1),CHDDD
MODE,28,FREQUENCY=,98.98295,(CM**-1),CHDDD
MODE,29,FREQUENCY=,109.75733,(CM**-1),CHDDD
MODE,30,FREQUENCY=,110.50351,(CM**-1),CHDDD
MODE,31,FREQUENCY=,115.59618,(CM**-1),CHDDD
MODE,32,FREQUENCY=,124.7159,(CM**-1),CHDDD
MODE,33,FREQUENCY=,128.02303,(CM**-1),CHDDD
MODE,34,FREQUENCY=,134.69853,(CM**-1),CHDDD
MODE,35,FREQUENCY=,138.43461,(CM**-1),CHDDD
MODE,36,FREQUENCY=,140.52045,(CM**-1),CHDDD
MODE,37,FREQUENCY=,141.80826,(CM**-1),CHDDD
MODE,38,FREQUENCY=,147.46266,(CM**-1),CHDDD
MODE,39,FREQUENCY=,155.48929,(CM**-1),CHDDD
MODE,40,FREQUENCY=,156.71321,(CM**-1),CHDDD
MODE,41,FREQUENCY=,163.09902,(CM**-1),CHDDD
MODE,42,FREQUENCY=,166.89098,(CM**-1),CHDDD
MODE,43,FREQUENCY=,170.50189,(CM**-1),CHDDD
MODE,44,FREQUENCY=,172.33806,(CM**-1),CHDDD
MODE,45,FREQUENCY=,178.29209,(CM**-1),CHDDD
MODE,46,FREQUENCY=,189.53326,(CM**-1),CHDDD
MODE,47,FREQUENCY=,196.20901,(CM**-1),CHDDD
MODE,48,FREQUENCY=,206.11156,(CM**-1),CHDDD
MODE,49,FREQUENCY=,212.77479,(CM**-1),CHDDD
MODE,50,FREQUENCY=,217.97116,(CM**-1),CHDDD
MODE,51,FREQUENCY=,234.12863,(CM**-1),CHDDD
MODE,52,FREQUENCY=,239.54821,(CM**-1),CHDDD
MODE,53,FREQUENCY=,275.43643,(CM**-1),CHDDD
MODE,54,FREQUENCY=,277.70023,(CM**-1),CHDDD
MODE,55,FREQUENCY=,282.50108,(CM**-1),CHDDD
MODE,56,FREQUENCY=,292.41972,(CM**-1),CHDDD
MODE,57,FREQUENCY=,308.36618,(CM**-1),CHDDD
MODE,58,FREQUENCY=,314.61578,(CM**-1),CHDDD
MODE,59,FREQUENCY=,319.12057,(CM**-1),CHDDD
MODE,60,FREQUENCY=,320.78423,(CM**-1),CHDDD
MODE,61,FREQUENCY=,352.7251,(CM**-1),CHDDD
MODE,62,FREQUENCY=,359.02907,(CM**-1),CHDDD
MODE,63,FREQUENCY=,363.31749,(CM**-1),CHDDD
MODE,64,FREQUENCY=,372.93786,(CM**-1),CHDDD
MODE,65,FREQUENCY=,379.37535,(CM**-1),CHDDD
MODE,66,FREQUENCY=,418.32861,(CM**-1),CHDDD
MODE,67,FREQUENCY=,456.24776,(CM**-1),CHDDD
MODE,68,FREQUENCY=,486.49369,(CM**-1),CHDDD
MODE,69,FREQUENCY=,517.94461,(CM**-1),CHDDD
MODE,70,FREQUENCY=,528.67561,(CM**-1),CHDDD
MODE,71,FREQUENCY=,531.56077,(CM**-1),CHDDD
MODE,72,FREQUENCY=,539.9887,(CM**-1),CHDDD
MODE,73,FREQUENCY=,556.38078,(CM**-1),CHDDD
MODE,74,FREQUENCY=,576.27592,(CM**-1),CHDDD
MODE,75,FREQUENCY=,589.88797,(CM**-1),CHDDD
MODE,76,FREQUENCY=,597.43327,(CM**-1),CHDDD
MODE,77,FREQUENCY=,609.64835,(CM**-1),CHDDD
MODE,78,FREQUENCY=,612.88562,(CM**-1),CHDDD
MODE,79,FREQUENCY=,615.37959,(CM**-1),CHDDD
MODE,80,FREQUENCY=,629.74181,(CM**-1),CHDDD
MODE,81,FREQUENCY=,633.35889,(CM**-1),CHDDD
MODE,82,FREQUENCY=,644.35832,(CM**-1),CHDDD
MODE,83,FREQUENCY=,647.85787,(CM**-1),CHDDD
MODE,84,FREQUENCY=,662.06632,(CM**-1),CHDDD
MODE,85,FREQUENCY=,663.20791,(CM**-1),CHDDD
MODE,86,FREQUENCY=,664.06812,(CM**-1),CHDDD
MODE,87,FREQUENCY=,677.17658,(CM**-1),CHDDD
MODE,88,FREQUENCY=,681.03829,(CM**-1),CHDDD
MODE,89,FREQUENCY=,683.80295,(CM**-1),CHDDD
MODE,90,FREQUENCY=,718.02632,(CM**-1),CHDDD
MODE,91,FREQUENCY=,728.59995,(CM**-1),CHDDD
MODE,92,FREQUENCY=,735.78648,(CM**-1),CHDDD
MODE,93,FREQUENCY=,803.40706,(CM**-1),CHDDD
MODE,94,FREQUENCY=,836.46138,(CM**-1),CHDDD
MODE,95,FREQUENCY=,866.45503,(CM**-1),CHDDD
MODE,96,FREQUENCY=,880.46522,(CM**-1),CHDDD
MODE,97,FREQUENCY=,909.06262,(CM**-1),CHDDD
MODE,98,FREQUENCY=,922.55263,(CM**-1),CHDDD
MODE,99,FREQUENCY=,938.2938,(CM**-1),CHDDD
MODE,100,FREQUENCY=,939.39764,(CM**-1),CHDDD
MODE,101,FREQUENCY=,943.51011,(CM**-1),CHDDD
MODE,102,FREQUENCY=,944.26892,(CM**-1),CHDDD
MODE,103,FREQUENCY=,954.61742,(CM**-1),CHDDD
MODE,104,FREQUENCY=,998.62592,(CM**-1),CHDDD
MODE,105,FREQUENCY=,1010.03323,(CM**-1),CHDDD
MODE,106,FREQUENCY=,1011.41616,(CM**-1),CHDDD
MODE,107,FREQUENCY=,1014.72487,(CM**-1),CHDDD
MODE,108,FREQUENCY=,1017.15877,(CM**-1),CHDDD
MODE,109,FREQUENCY=,1023.77266,(CM**-1),CHDDD
MODE,110,FREQUENCY=,1025.42031,(CM**-1),CHDDD
MODE,111,FREQUENCY=,1026.53497,(CM**-1),CHDDD
MODE,112,FREQUENCY=,1037.11734,(CM**-1),CHDDD
MODE,113,FREQUENCY=,1043.09592,(CM**-1),CHDDD
MODE,114,FREQUENCY=,1058.69057,(CM**-1),CHDDD
MODE,115,FREQUENCY=,1065.42874,(CM**-1),CHDDD
MODE,116,FREQUENCY=,1068.06763,(CM**-1),CHDDD
MODE,117,FREQUENCY=,1070.3549,(CM**-1),CHDDD
MODE,118,FREQUENCY=,1071.13439,(CM**-1),CHDDD
MODE,119,FREQUENCY=,1072.6726,(CM**-1),CHDDD
MODE,120,FREQUENCY=,1092.74282,(CM**-1),CHDDD
MODE,121,FREQUENCY=,1095.65105,(CM**-1),CHDDD
MODE,122,FREQUENCY=,1126.79449,(CM**-1),CHDDD
MODE,123,FREQUENCY=,1154.14563,(CM**-1),CHDDD
MODE,124,FREQUENCY=,1169.7661,(CM**-1),CHDDD
MODE,125,FREQUENCY=,1183.13864,(CM**-1),CHDDD
MODE,126,FREQUENCY=,1257.26352,(CM**-1),CHDDD
MODE,127,FREQUENCY=,1260.62331,(CM**-1),CHDDD
MODE,128,FREQUENCY=,1298.48488,(CM**-1),CHDDD
MODE,129,FREQUENCY=,1299.49389,(CM**-1),CHDDD
MODE,130,FREQUENCY=,1306.33033,(CM**-1),CHDDD
MODE,131,FREQUENCY=,1315.58883,(CM**-1),CHDDD
MODE,132,FREQUENCY=,1348.77448,(CM**-1),CHDDD
MODE,133,FREQUENCY=,1350.46308,(CM**-1),CHDDD
MODE,134,FREQUENCY=,1370.04603,(CM**-1),CHDDD
MODE,135,FREQUENCY=,1381.29808,(CM**-1),CHDDD
MODE,136,FREQUENCY=,1389.5686,(CM**-1),CHDDD
MODE,137,FREQUENCY=,1399.94453,(CM**-1),CHDDD
MODE,138,FREQUENCY=,1428.44875,(CM**-1),CHDDD
MODE,139,FREQUENCY=,1429.99009,(CM**-1),CHDDD
MODE,140,FREQUENCY=,1433.44752,(CM**-1),CHDDD
MODE,141,FREQUENCY=,1443.49374,(CM**-1),CHDDD
MODE,142,FREQUENCY=,1471.19028,(CM**-1),CHDDD
MODE,143,FREQUENCY=,1476.13254,(CM**-1),CHDDD
MODE,144,FREQUENCY=,1477.42972,(CM**-1),CHDDD
MODE,145,FREQUENCY=,1478.68103,(CM**-1),CHDDD
MODE,146,FREQUENCY=,1479.96553,(CM**-1),CHDDD
MODE,147,FREQUENCY=,1482.19166,(CM**-1),CHDDD
MODE,148,FREQUENCY=,1483.30727,(CM**-1),CHDDD
MODE,149,FREQUENCY=,1487.57709,(CM**-1),CHDDD
MODE,150,FREQUENCY=,1488.63537,(CM**-1),CHDDD
MODE,151,FREQUENCY=,1489.43942,(CM**-1),CHDDD
MODE,152,FREQUENCY=,1489.95503,(CM**-1),CHDDD
MODE,153,FREQUENCY=,1491.25097,(CM**-1),CHDDD
MODE,154,FREQUENCY=,1503.93037,(CM**-1),CHDDD
MODE,155,FREQUENCY=,1511.65562,(CM**-1),CHDDD
MODE,156,FREQUENCY=,1512.37276,(CM**-1),CHDDD
MODE,157,FREQUENCY=,1542.06147,(CM**-1),CHDDD
MODE,158,FREQUENCY=,1543.22855,(CM**-1),CHDDD
MODE,159,FREQUENCY=,1594.17929,(CM**-1),CHDDD
MODE,160,FREQUENCY=,1616.19959,(CM**-1),CHDDD
MODE,161,FREQUENCY=,1617.40913,(CM**-1),CHDDD
MODE,162,FREQUENCY=,1623.78731,(CM**-1),CHDDD
MODE,163,FREQUENCY=,1650.17153,(CM**-1),CHDDD
MODE,164,FREQUENCY=,1720.77321,(CM**-1),CHDDD
MODE,165,FREQUENCY=,1724.66411,(CM**-1),CHDDD
MODE,166,FREQUENCY=,2251.13534,(CM**-1),CHDDD
MODE,167,FREQUENCY=,2388.86838,(CM**-1),CHDDD
MODE,168,FREQUENCY=,3056.12704,(CM**-1),CHDDD
MODE,169,FREQUENCY=,3060.05209,(CM**-1),CHDDD
MODE,170,FREQUENCY=,3060.41272,(CM**-1),CHDDD
MODE,171,FREQUENCY=,3064.39625,(CM**-1),CHDDD
MODE,172,FREQUENCY=,3064.63425,(CM**-1),CHDDD
MODE,173,FREQUENCY=,3065.70424,(CM**-1),CHDDD
MODE,174,FREQUENCY=,3128.13608,(CM**-1),CHDDD
MODE,175,FREQUENCY=,3134.72234,(CM**-1),CHDDD
MODE,176,FREQUENCY=,3136.61898,(CM**-1),CHDDD
MODE,177,FREQUENCY=,3140.43407,(CM**-1),CHDDD
MODE,178,FREQUENCY=,3140.8836,(CM**-1),CHDDD
MODE,179,FREQUENCY=,3142.27305,(CM**-1),CHDDD
MODE,180,FREQUENCY=,3148.08915,(CM**-1),CHDDD
MODE,181,FREQUENCY=,3158.90706,(CM**-1),CHDDD
MODE,182,FREQUENCY=,3169.73619,(CM**-1),CHDDD
MODE,183,FREQUENCY=,3175.31031,(CM**-1),CHDDD
MODE,184,FREQUENCY=,3175.44826,(CM**-1),CHDDD
MODE,185,FREQUENCY=,3178.80354,(CM**-1),CHDDD
MODE,186,FREQUENCY=,3190.3431,(CM**-1),CHDDD
MODE,187,FREQUENCY=,3240.79883,(CM**-1),CHDDD
MODE,188,FREQUENCY=,3269.76189,(CM**-1),CHDDD
MODE,189,FREQUENCY=,3293.22405,(CM**-1),CHDDD
MODE,190,FREQUENCY=,3293.36641,(CM**-1),CHDDD
MODE,191,FREQUENCY=,3297.09451,(CM**-1),CHDDD
MODE,192,FREQUENCY=,3387.44658,(CM**-1),CHDDD
MODE,193,FREQUENCY=,3661.31517,(CM**-1),CHDDD
MODE,194,FREQUENCY=,3664.94753,(CM**-1),CHDDD
MODE,195,FREQUENCY=,3753.18519,(CM**-1),CHDDD
,,,,,
,,,,,
12-2-1-1-1,,,,,
MODE,1,FREQUENCY=,-1182.38408,(CM**-1),CDHHH
MODE,8,FREQUENCY=,21.33139,(CM**-1),CDHHH
MODE,9,FREQUENCY=,23.25402,(CM**-1),CDHHH
MODE,10,FREQUENCY=,25.4476,(CM**-1),CDHHH
MODE,11,FREQUENCY=,27.41379,(CM**-1),CDHHH
MODE,12,FREQUENCY=,28.31964,(CM**-1),CDHHH
MODE,13,FREQUENCY=,31.99975,(CM**-1),CDHHH
MODE,14,FREQUENCY=,36.74027,(CM**-1),CDHHH
MODE,15,FREQUENCY=,42.10945,(CM**-1),CDHHH
MODE,16,FREQUENCY=,45.24593,(CM**-1),CDHHH
MODE,17,FREQUENCY=,49.56114,(CM**-1),CDHHH
MODE,18,FREQUENCY=,52.99892,(CM**-1),CDHHH
MODE,19,FREQUENCY=,54.68228,(CM**-1),CDHHH
MODE,20,FREQUENCY=,56.24082,(CM**-1),CDHHH
MODE,21,FREQUENCY=,60.59211,(CM**-1),CDHHH
MODE,22,FREQUENCY=,63.27907,(CM**-1),CDHHH
MODE,23,FREQUENCY=,69.44517,(CM**-1),CDHHH
MODE,24,FREQUENCY=,76.41543,(CM**-1),CDHHH
MODE,25,FREQUENCY=,81.40589,(CM**-1),CDHHH
MODE,26,FREQUENCY=,84.35092,(CM**-1),CDHHH
MODE,27,FREQUENCY=,89.27025,(CM**-1),CDHHH
MODE,28,FREQUENCY=,99.02483,(CM**-1),CDHHH
MODE,29,FREQUENCY=,109.7676,(CM**-1),CDHHH
MODE,30,FREQUENCY=,110.51601,(CM**-1),CDHHH
MODE,31,FREQUENCY=,115.60743,(CM**-1),CDHHH
MODE,32,FREQUENCY=,124.72475,(CM**-1),CDHHH
MODE,33,FREQUENCY=,128.04719,(CM**-1),CDHHH
MODE,34,FREQUENCY=,134.68754,(CM**-1),CDHHH
MODE,35,FREQUENCY=,138.48853,(CM**-1),CDHHH
MODE,36,FREQUENCY=,140.55259,(CM**-1),CDHHH
MODE,37,FREQUENCY=,141.85244,(CM**-1),CDHHH
MODE,38,FREQUENCY=,147.48658,(CM**-1),CDHHH
MODE,39,FREQUENCY=,155.55775,(CM**-1),CDHHH
MODE,40,FREQUENCY=,156.86939,(CM**-1),CDHHH
MODE,41,FREQUENCY=,163.09961,(CM**-1),CDHHH
MODE,42,FREQUENCY=,166.91854,(CM**-1),CDHHH
MODE,43,FREQUENCY=,170.52489,(CM**-1),CDHHH
MODE,44,FREQUENCY=,172.31697,(CM**-1),CDHHH
MODE,45,FREQUENCY=,178.3747,(CM**-1),CDHHH
MODE,46,FREQUENCY=,189.63123,(CM**-1),CDHHH
MODE,47,FREQUENCY=,196.57838,(CM**-1),CDHHH
MODE,48,FREQUENCY=,206.47022,(CM**-1),CDHHH
MODE,49,FREQUENCY=,212.75688,(CM**-1),CDHHH
MODE,50,FREQUENCY=,218.54875,(CM**-1),CDHHH
MODE,51,FREQUENCY=,235.25896,(CM**-1),CDHHH
MODE,52,FREQUENCY=,245.8707,(CM**-1),CDHHH
MODE,53,FREQUENCY=,275.94848,(CM**-1),CDHHH
MODE,54,FREQUENCY=,277.6884,(CM**-1),CDHHH
MODE,55,FREQUENCY=,282.84083,(CM**-1),CDHHH
MODE,56,FREQUENCY=,295.16788,(CM**-1),CDHHH
MODE,57,FREQUENCY=,315.96728,(CM**-1),CDHHH
MODE,58,FREQUENCY=,320.5106,(CM**-1),CDHHH
MODE,59,FREQUENCY=,328.49807,(CM**-1),CDHHH
MODE,60,FREQUENCY=,344.33962,(CM**-1),CDHHH
MODE,61,FREQUENCY=,356.87501,(CM**-1),CDHHH
MODE,62,FREQUENCY=,361.09827,(CM**-1),CDHHH
MODE,63,FREQUENCY=,373.46111,(CM**-1),CDHHH
MODE,64,FREQUENCY=,380.65749,(CM**-1),CDHHH
MODE,65,FREQUENCY=,397.0487,(CM**-1),CDHHH
MODE,66,FREQUENCY=,453.39515,(CM**-1),CDHHH
MODE,67,FREQUENCY=,457.58245,(CM**-1),CDHHH
MODE,68,FREQUENCY=,486.48222,(CM**-1),CDHHH
MODE,69,FREQUENCY=,517.95671,(CM**-1),CDHHH
MODE,70,FREQUENCY=,528.66641,(CM**-1),CDHHH
MODE,71,FREQUENCY=,531.62429,(CM**-1),CDHHH
MODE,72,FREQUENCY=,539.99765,(CM**-1),CDHHH
MODE,73,FREQUENCY=,556.55797,(CM**-1),CDHHH
MODE,74,FREQUENCY=,576.27753,(CM**-1),CDHHH
MODE,75,FREQUENCY=,589.93245,(CM**-1),CDHHH
MODE,76,FREQUENCY=,597.43384,(CM**-1),CDHHH
MODE,77,FREQUENCY=,609.65185,(CM**-1),CDHHH
MODE,78,FREQUENCY=,612.85913,(CM**-1),CDHHH
MODE,79,FREQUENCY=,615.39722,(CM**-1),CDHHH
MODE,80,FREQUENCY=,629.75409,(CM**-1),CDHHH
MODE,81,FREQUENCY=,633.36044,(CM**-1),CDHHH
MODE,82,FREQUENCY=,644.35873,(CM**-1),CDHHH
MODE,83,FREQUENCY=,647.85832,(CM**-1),CDHHH
MODE,84,FREQUENCY=,662.26044,(CM**-1),CDHHH
MODE,85,FREQUENCY=,663.23732,(CM**-1),CDHHH
MODE,86,FREQUENCY=,664.15276,(CM**-1),CDHHH
MODE,87,FREQUENCY=,677.18177,(CM**-1),CDHHH
MODE,88,FREQUENCY=,681.22387,(CM**-1),CDHHH
MODE,89,FREQUENCY=,683.8839,(CM**-1),CDHHH
MODE,90,FREQUENCY=,728.59913,(CM**-1),CDHHH
MODE,91,FREQUENCY=,735.78259,(CM**-1),CDHHH
MODE,92,FREQUENCY=,744.50385,(CM**-1),CDHHH
MODE,93,FREQUENCY=,803.62616,(CM**-1),CDHHH
MODE,94,FREQUENCY=,836.47218,(CM**-1),CDHHH
MODE,95,FREQUENCY=,880.46998,(CM**-1),CDHHH
MODE,96,FREQUENCY=,922.52068,(CM**-1),CDHHH
MODE,97,FREQUENCY=,938.29396,(CM**-1),CDHHH
MODE,98,FREQUENCY=,939.39647,(CM**-1),CDHHH
MODE,99,FREQUENCY=,943.49162,(CM**-1),CDHHH
MODE,100,FREQUENCY=,944.25392,(CM**-1),CDHHH
MODE,101,FREQUENCY=,954.65568,(CM**-1),CDHHH
MODE,102,FREQUENCY=,998.67862,(CM**-1),CDHHH
MODE,103,FREQUENCY=,1010.04392,(CM**-1),CDHHH
MODE,104,FREQUENCY=,1011.42509,(CM**-1),CDHHH
MODE,105,FREQUENCY=,1014.73364,(CM**-1),CDHHH
MODE,106,FREQUENCY=,1017.15873,(CM**-1),CDHHH
MODE,107,FREQUENCY=,1024.64157,(CM**-1),CDHHH
MODE,108,FREQUENCY=,1026.49294,(CM**-1),CDHHH
MODE,109,FREQUENCY=,1037.10695,(CM**-1),CDHHH
MODE,110,FREQUENCY=,1043.08463,(CM**-1),CDHHH
MODE,111,FREQUENCY=,1058.65229,(CM**-1),CDHHH
MODE,112,FREQUENCY=,1065.34409,(CM**-1),CDHHH
MODE,113,FREQUENCY=,1067.97289,(CM**-1),CDHHH
MODE,114,FREQUENCY=,1070.34728,(CM**-1),CDHHH
MODE,115,FREQUENCY=,1071.13254,(CM**-1),CDHHH
MODE,116,FREQUENCY=,1072.67033,(CM**-1),CDHHH
MODE,117,FREQUENCY=,1089.19473,(CM**-1),CDHHH
MODE,118,FREQUENCY=,1092.79146,(CM**-1),CDHHH
MODE,119,FREQUENCY=,1095.65356,(CM**-1),CDHHH
MODE,120,FREQUENCY=,1154.16795,(CM**-1),CDHHH
MODE,121,FREQUENCY=,1169.7653,(CM**-1),CDHHH
MODE,122,FREQUENCY=,1170.64083,(CM**-1),CDHHH
MODE,123,FREQUENCY=,1183.20019,(CM**-1),CDHHH
MODE,124,FREQUENCY=,1220.16228,(CM**-1),CDHHH
MODE,125,FREQUENCY=,1256.00264,(CM**-1),CDHHH
MODE,126,FREQUENCY=,1257.27691,(CM**-1),CDHHH
MODE,127,FREQUENCY=,1260.62684,(CM**-1),CDHHH
MODE,128,FREQUENCY=,1298.50606,(CM**-1),CDHHH
MODE,129,FREQUENCY=,1299.50217,(CM**-1),CDHHH
MODE,130,FREQUENCY=,1315.22362,(CM**-1),CDHHH
MODE,131,FREQUENCY=,1348.77468,(CM**-1),CDHHH
MODE,132,FREQUENCY=,1350.4632,(CM**-1),CDHHH
MODE,133,FREQUENCY=,1370.05043,(CM**-1),CDHHH
MODE,134,FREQUENCY=,1381.30882,(CM**-1),CDHHH
MODE,135,FREQUENCY=,1389.5681,(CM**-1),CDHHH
MODE,136,FREQUENCY=,1399.9549,(CM**-1),CDHHH
MODE,137,FREQUENCY=,1424.4941,(CM**-1),CDHHH
MODE,138,FREQUENCY=,1428.47179,(CM**-1),CDHHH
MODE,139,FREQUENCY=,1430.01046,(CM**-1),CDHHH
MODE,140,FREQUENCY=,1433.45725,(CM**-1),CDHHH
MODE,141,FREQUENCY=,1443.51529,(CM**-1),CDHHH
MODE,142,FREQUENCY=,1471.22158,(CM**-1),CDHHH
MODE,143,FREQUENCY=,1476.13302,(CM**-1),CDHHH
MODE,144,FREQUENCY=,1477.43185,(CM**-1),CDHHH
MODE,145,FREQUENCY=,1478.68111,(CM**-1),CDHHH
MODE,146,FREQUENCY=,1479.97181,(CM**-1),CDHHH
MODE,147,FREQUENCY=,1482.16095,(CM**-1),CDHHH
MODE,148,FREQUENCY=,1483.31441,(CM**-1),CDHHH
MODE,149,FREQUENCY=,1487.57754,(CM**-1),CDHHH
MODE,150,FREQUENCY=,1488.6375,(CM**-1),CDHHH
MODE,151,FREQUENCY=,1489.44202,(CM**-1),CDHHH
MODE,152,FREQUENCY=,1489.95094,(CM**-1),CDHHH
MODE,153,FREQUENCY=,1491.25162,(CM**-1),CDHHH
MODE,154,FREQUENCY=,1503.95104,(CM**-1),CDHHH
MODE,155,FREQUENCY=,1511.6624,(CM**-1),CDHHH
MODE,156,FREQUENCY=,1512.37542,(CM**-1),CDHHH
MODE,157,FREQUENCY=,1542.07112,(CM**-1),CDHHH
MODE,158,FREQUENCY=,1543.23628,(CM**-1),CDHHH
MODE,159,FREQUENCY=,1594.25299,(CM**-1),CDHHH
MODE,160,FREQUENCY=,1616.20511,(CM**-1),CDHHH
MODE,161,FREQUENCY=,1617.40996,(CM**-1),CDHHH
MODE,162,FREQUENCY=,1623.82419,(CM**-1),CDHHH
MODE,163,FREQUENCY=,1650.17828,(CM**-1),CDHHH
MODE,164,FREQUENCY=,1720.77986,(CM**-1),CDHHH
MODE,165,FREQUENCY=,1724.66567,(CM**-1),CDHHH
MODE,166,FREQUENCY=,2327.26049,(CM**-1),CDHHH
MODE,167,FREQUENCY=,3056.12772,(CM**-1),CDHHH
MODE,168,FREQUENCY=,3060.0521,(CM**-1),CDHHH
MODE,169,FREQUENCY=,3060.41279,(CM**-1),CDHHH
MODE,170,FREQUENCY=,3064.3963,(CM**-1),CDHHH
MODE,171,FREQUENCY=,3064.63429,(CM**-1),CDHHH
MODE,172,FREQUENCY=,3065.70427,(CM**-1),CDHHH
MODE,173,FREQUENCY=,3128.13811,(CM**-1),CDHHH
MODE,174,FREQUENCY=,3130.14032,(CM**-1),CDHHH
MODE,175,FREQUENCY=,3134.72235,(CM**-1),CDHHH
MODE,176,FREQUENCY=,3136.61904,(CM**-1),CDHHH
MODE,177,FREQUENCY=,3140.43416,(CM**-1),CDHHH
MODE,178,FREQUENCY=,3140.88365,(CM**-1),CDHHH
MODE,179,FREQUENCY=,3142.27399,(CM**-1),CDHHH
MODE,180,FREQUENCY=,3148.08917,(CM**-1),CDHHH
MODE,181,FREQUENCY=,3158.90706,(CM**-1),CDHHH
MODE,182,FREQUENCY=,3169.73818,(CM**-1),CDHHH
MODE,183,FREQUENCY=,3175.31027,(CM**-1),CDHHH
MODE,184,FREQUENCY=,3175.44835,(CM**-1),CDHHH
MODE,185,FREQUENCY=,3178.80359,(CM**-1),CDHHH
MODE,186,FREQUENCY=,3216.08152,(CM**-1),CDHHH
MODE,187,FREQUENCY=,3240.86343,(CM**-1),CDHHH
MODE,188,FREQUENCY=,3269.76287,(CM**-1),CDHHH
MODE,189,FREQUENCY=,3293.22419,(CM**-1),CDHHH
MODE,190,FREQUENCY=,3293.36641,(CM**-1),CDHHH
MODE,191,FREQUENCY=,3297.09496,(CM**-1),CDHHH
MODE,192,FREQUENCY=,3387.45071,(CM**-1),CDHHH
MODE,193,FREQUENCY=,3661.31527,(CM**-1),CDHHH
MODE,194,FREQUENCY=,3664.94757,(CM**-1),CDHHH
MODE,195,FREQUENCY=,3753.18527,(CM**-1),CDHHH
,,,,,
,,,,,
12-2-1-1-2,,,,,
MODE,1,FREQUENCY=,-901.89735,(CM**-1),CDHHD
MODE,8,FREQUENCY=,21.33085,(CM**-1),CDHHD
MODE,9,FREQUENCY=,23.17207,(CM**-1),CDHHD
MODE,10,FREQUENCY=,25.44692,(CM**-1),CDHHD
MODE,11,FREQUENCY=,27.38822,(CM**-1),CDHHD
MODE,12,FREQUENCY=,28.31675,(CM**-1),CDHHD
MODE,13,FREQUENCY=,31.99745,(CM**-1),CDHHD
MODE,14,FREQUENCY=,36.73919,(CM**-1),CDHHD
MODE,15,FREQUENCY=,42.10585,(CM**-1),CDHHD
MODE,16,FREQUENCY=,45.2409,(CM**-1),CDHHD
MODE,17,FREQUENCY=,49.55804,(CM**-1),CDHHD
MODE,18,FREQUENCY=,52.98132,(CM**-1),CDHHD
MODE,19,FREQUENCY=,54.57548,(CM**-1),CDHHD
MODE,20,FREQUENCY=,56.23081,(CM**-1),CDHHD
MODE,21,FREQUENCY=,60.55492,(CM**-1),CDHHD
MODE,22,FREQUENCY=,63.26773,(CM**-1),CDHHD
MODE,23,FREQUENCY=,69.44147,(CM**-1),CDHHD
MODE,24,FREQUENCY=,76.41226,(CM**-1),CDHHD
MODE,25,FREQUENCY=,81.40445,(CM**-1),CDHHD
MODE,26,FREQUENCY=,84.34174,(CM**-1),CDHHD
MODE,27,FREQUENCY=,89.26455,(CM**-1),CDHHD
MODE,28,FREQUENCY=,98.93112,(CM**-1),CDHHD
MODE,29,FREQUENCY=,109.75049,(CM**-1),CDHHD
MODE,30,FREQUENCY=,110.50725,(CM**-1),CDHHD
MODE,31,FREQUENCY=,115.60314,(CM**-1),CDHHD
MODE,32,FREQUENCY=,124.71876,(CM**-1),CDHHD
MODE,33,FREQUENCY=,128.03506,(CM**-1),CDHHD
MODE,34,FREQUENCY=,134.59802,(CM**-1),CDHHD
MODE,35,FREQUENCY=,138.47255,(CM**-1),CDHHD
MODE,36,FREQUENCY=,140.52799,(CM**-1),CDHHD
MODE,37,FREQUENCY=,141.81527,(CM**-1),CDHHD
MODE,38,FREQUENCY=,147.32511,(CM**-1),CDHHD
MODE,39,FREQUENCY=,155.52013,(CM**-1),CDHHD
MODE,40,FREQUENCY=,156.78484,(CM**-1),CDHHD
MODE,41,FREQUENCY=,163.09874,(CM**-1),CDHHD
MODE,42,FREQUENCY=,166.90535,(CM**-1),CDHHD
MODE,43,FREQUENCY=,170.49445,(CM**-1),CDHHD
MODE,44,FREQUENCY=,172.22107,(CM**-1),CDHHD
MODE,45,FREQUENCY=,178.05462,(CM**-1),CDHHD
MODE,46,FREQUENCY=,189.58669,(CM**-1),CDHHD
MODE,47,FREQUENCY=,196.42321,(CM**-1),CDHHD
MODE,48,FREQUENCY=,206.27678,(CM**-1),CDHHD
MODE,49,FREQUENCY=,212.64803,(CM**-1),CDHHD
MODE,50,FREQUENCY=,218.39712,(CM**-1),CDHHD
MODE,51,FREQUENCY=,234.75368,(CM**-1),CDHHD
MODE,52,FREQUENCY=,242.4958,(CM**-1),CDHHD
MODE,53,FREQUENCY=,275.60166,(CM**-1),CDHHD
MODE,54,FREQUENCY=,277.60357,(CM**-1),CDHHD
MODE,55,FREQUENCY=,282.64068,(CM**-1),CDHHD
MODE,56,FREQUENCY=,294.8325,(CM**-1),CDHHD
MODE,57,FREQUENCY=,306.92303,(CM**-1),CDHHD
MODE,58,FREQUENCY=,320.39012,(CM**-1),CDHHD
MODE,59,FREQUENCY=,321.27652,(CM**-1),CDHHD
MODE,60,FREQUENCY=,337.87856,(CM**-1),CDHHD
MODE,61,FREQUENCY=,353.002,(CM**-1),CDHHD
MODE,62,FREQUENCY=,359.06871,(CM**-1),CDHHD
MODE,63,FREQUENCY=,366.43505,(CM**-1),CDHHD
MODE,64,FREQUENCY=,373.67321,(CM**-1),CDHHD
MODE,65,FREQUENCY=,385.14228,(CM**-1),CDHHD
MODE,66,FREQUENCY=,431.81616,(CM**-1),CDHHD
MODE,67,FREQUENCY=,456.37147,(CM**-1),CDHHD
MODE,68,FREQUENCY=,486.47713,(CM**-1),CDHHD
MODE,69,FREQUENCY=,517.91797,(CM**-1),CDHHD
MODE,70,FREQUENCY=,528.65922,(CM**-1),CDHHD
MODE,71,FREQUENCY=,531.59867,(CM**-1),CDHHD
MODE,72,FREQUENCY=,539.99676,(CM**-1),CDHHD
MODE,73,FREQUENCY=,556.51548,(CM**-1),CDHHD
MODE,74,FREQUENCY=,576.27643,(CM**-1),CDHHD
MODE,75,FREQUENCY=,589.89896,(CM**-1),CDHHD
MODE,76,FREQUENCY=,597.4337,(CM**-1),CDHHD
MODE,77,FREQUENCY=,609.65169,(CM**-1),CDHHD
MODE,78,FREQUENCY=,612.84532,(CM**-1),CDHHD
MODE,79,FREQUENCY=,615.39585,(CM**-1),CDHHD
MODE,80,FREQUENCY=,629.74206,(CM**-1),CDHHD
MODE,81,FREQUENCY=,633.35884,(CM**-1),CDHHD
MODE,82,FREQUENCY=,644.35831,(CM**-1),CDHHD
MODE,83,FREQUENCY=,647.85818,(CM**-1),CDHHD
MODE,84,FREQUENCY=,662.15448,(CM**-1),CDHHD
MODE,85,FREQUENCY=,663.22226,(CM**-1),CDHHD
MODE,86,FREQUENCY=,664.10468,(CM**-1),CDHHD
MODE,87,FREQUENCY=,677.17818,(CM**-1),CDHHD
MODE,88,FREQUENCY=,681.12391,(CM**-1),CDHHD
MODE,89,FREQUENCY=,683.8439,(CM**-1),CDHHD
MODE,90,FREQUENCY=,722.00911,(CM**-1),CDHHD
MODE,91,FREQUENCY=,728.60015,(CM**-1),CDHHD
MODE,92,FREQUENCY=,735.78724,(CM**-1),CDHHD
MODE,93,FREQUENCY=,803.40866,(CM**-1),CDHHD
MODE,94,FREQUENCY=,836.46668,(CM**-1),CDHHD
MODE,95,FREQUENCY=,879.37236,(CM**-1),CDHHD
MODE,96,FREQUENCY=,880.48679,(CM**-1),CDHHD
MODE,97,FREQUENCY=,922.53794,(CM**-1),CDHHD
MODE,98,FREQUENCY=,938.29296,(CM**-1),CDHHD
MODE,99,FREQUENCY=,939.39222,(CM**-1),CDHHD
MODE,100,FREQUENCY=,943.48403,(CM**-1),CDHHD
MODE,101,FREQUENCY=,944.25417,(CM**-1),CDHHD
MODE,102,FREQUENCY=,954.60435,(CM**-1),CDHHD
MODE,103,FREQUENCY=,975.50348,(CM**-1),CDHHD
MODE,104,FREQUENCY=,998.6548,(CM**-1),CDHHD
MODE,105,FREQUENCY=,1010.03309,(CM**-1),CDHHD
MODE,106,FREQUENCY=,1011.42877,(CM**-1),CDHHD
MODE,107,FREQUENCY=,1014.72591,(CM**-1),CDHHD
MODE,108,FREQUENCY=,1017.15865,(CM**-1),CDHHD
MODE,109,FREQUENCY=,1024.63834,(CM**-1),CDHHD
MODE,110,FREQUENCY=,1026.52021,(CM**-1),CDHHD
MODE,111,FREQUENCY=,1037.11779,(CM**-1),CDHHD
MODE,112,FREQUENCY=,1043.07799,(CM**-1),CDHHD
MODE,113,FREQUENCY=,1058.67215,(CM**-1),CDHHD
MODE,114,FREQUENCY=,1065.43308,(CM**-1),CDHHD
MODE,115,FREQUENCY=,1068.04326,(CM**-1),CDHHD
MODE,116,FREQUENCY=,1070.35244,(CM**-1),CDHHD
MODE,117,FREQUENCY=,1071.13372,(CM**-1),CDHHD
MODE,118,FREQUENCY=,1072.67333,(CM**-1),CDHHD
MODE,119,FREQUENCY=,1092.74299,(CM**-1),CDHHD
MODE,120,FREQUENCY=,1095.6511,(CM**-1),CDHHD
MODE,121,FREQUENCY=,1143.79214,(CM**-1),CDHHD
MODE,122,FREQUENCY=,1154.14206,(CM**-1),CDHHD
MODE,123,FREQUENCY=,1169.76589,(CM**-1),CDHHD
MODE,124,FREQUENCY=,1183.13739,(CM**-1),CDHHD
MODE,125,FREQUENCY=,1225.55879,(CM**-1),CDHHD
MODE,126,FREQUENCY=,1257.26408,(CM**-1),CDHHD
MODE,127,FREQUENCY=,1260.62325,(CM**-1),CDHHD
MODE,128,FREQUENCY=,1298.49671,(CM**-1),CDHHD
MODE,129,FREQUENCY=,1299.49451,(CM**-1),CDHHD
MODE,130,FREQUENCY=,1315.08213,(CM**-1),CDHHD
MODE,131,FREQUENCY=,1348.77448,(CM**-1),CDHHD
MODE,132,FREQUENCY=,1350.46306,(CM**-1),CDHHD
MODE,133,FREQUENCY=,1370.03749,(CM**-1),CDHHD
MODE,134,FREQUENCY=,1381.292,(CM**-1),CDHHD
MODE,135,FREQUENCY=,1389.55922,(CM**-1),CDHHD
MODE,136,FREQUENCY=,1399.93433,(CM**-1),CDHHD
MODE,137,FREQUENCY=,1423.2353,(CM**-1),CDHHD
MODE,138,FREQUENCY=,1428.46393,(CM**-1),CDHHD
MODE,139,FREQUENCY=,1430.00224,(CM**-1),CDHHD
MODE,140,FREQUENCY=,1433.45319,(CM**-1),CDHHD
MODE,141,FREQUENCY=,1443.49225,(CM**-1),CDHHD
MODE,142,FREQUENCY=,1471.19825,(CM**-1),CDHHD
MODE,143,FREQUENCY=,1476.13266,(CM**-1),CDHHD
MODE,144,FREQUENCY=,1477.42948,(CM**-1),CDHHD
MODE,145,FREQUENCY=,1478.6811,(CM**-1),CDHHD
MODE,146,FREQUENCY=,1479.96542,(CM**-1),CDHHD
MODE,147,FREQUENCY=,1482.15101,(CM**-1),CDHHD
MODE,148,FREQUENCY=,1483.3124,(CM**-1),CDHHD
MODE,149,FREQUENCY=,1487.57723,(CM**-1),CDHHD
MODE,150,FREQUENCY=,1488.63709,(CM**-1),CDHHD
MODE,151,FREQUENCY=,1489.43976,(CM**-1),CDHHD
MODE,152,FREQUENCY=,1489.95041,(CM**-1),CDHHD
MODE,153,FREQUENCY=,1491.25088,(CM**-1),CDHHD
MODE,154,FREQUENCY=,1503.93525,(CM**-1),CDHHD
MODE,155,FREQUENCY=,1511.65715,(CM**-1),CDHHD
MODE,156,FREQUENCY=,1512.37319,(CM**-1),CDHHD
MODE,157,FREQUENCY=,1542.06196,(CM**-1),CDHHD
MODE,158,FREQUENCY=,1543.22947,(CM**-1),CDHHD
MODE,159,FREQUENCY=,1594.19692,(CM**-1),CDHHD
MODE,160,FREQUENCY=,1616.19947,(CM**-1),CDHHD
MODE,161,FREQUENCY=,1617.40925,(CM**-1),CDHHD
MODE,162,FREQUENCY=,1623.78718,(CM**-1),CDHHD
MODE,163,FREQUENCY=,1650.17291,(CM**-1),CDHHD
MODE,164,FREQUENCY=,1720.7645,(CM**-1),CDHHD
MODE,165,FREQUENCY=,1724.66406,(CM**-1),CDHHD
MODE,166,FREQUENCY=,2327.1824,(CM**-1),CDHHD
MODE,167,FREQUENCY=,3056.1275,(CM**-1),CDHHD
MODE,168,FREQUENCY=,3060.05208,(CM**-1),CDHHD
MODE,169,FREQUENCY=,3060.41271,(CM**-1),CDHHD
MODE,170,FREQUENCY=,3064.39626,(CM**-1),CDHHD
MODE,171,FREQUENCY=,3064.63424,(CM**-1),CDHHD
MODE,172,FREQUENCY=,3065.70423,(CM**-1),CDHHD
MODE,173,FREQUENCY=,3128.13793,(CM**-1),CDHHD
MODE,174,FREQUENCY=,3130.0178,(CM**-1),CDHHD
MODE,175,FREQUENCY=,3134.72234,(CM**-1),CDHHD
MODE,176,FREQUENCY=,3136.61901,(CM**-1),CDHHD
MODE,177,FREQUENCY=,3140.43408,(CM**-1),CDHHD
MODE,178,FREQUENCY=,3140.88364,(CM**-1),CDHHD
MODE,179,FREQUENCY=,3142.27394,(CM**-1),CDHHD
MODE,180,FREQUENCY=,3148.08916,(CM**-1),CDHHD
MODE,181,FREQUENCY=,3158.90706,(CM**-1),CDHHD
MODE,182,FREQUENCY=,3169.7379,(CM**-1),CDHHD
MODE,183,FREQUENCY=,3175.31026,(CM**-1),CDHHD
MODE,184,FREQUENCY=,3175.44832,(CM**-1),CDHHD
MODE,185,FREQUENCY=,3178.80356,(CM**-1),CDHHD
MODE,186,FREQUENCY=,3215.91144,(CM**-1),CDHHD
MODE,187,FREQUENCY=,3240.80296,(CM**-1),CDHHD
MODE,188,FREQUENCY=,3269.76199,(CM**-1),CDHHD
MODE,189,FREQUENCY=,3293.22406,(CM**-1),CDHHD
MODE,190,FREQUENCY=,3293.36641,(CM**-1),CDHHD
MODE,191,FREQUENCY=,3297.09455,(CM**-1),CDHHD
MODE,192,FREQUENCY=,3387.44713,(CM**-1),CDHHD
MODE,193,FREQUENCY=,3661.31517,(CM**-1),CDHHD
MODE,194,FREQUENCY=,3664.94753,(CM**-1),CDHHD
MODE,195,FREQUENCY=,3753.1852,(CM**-1),CDHHD
,,,,,
,,,,,
12-2-1-2-1,,,,,
MODE,1,FREQUENCY=,-1172.18885,(CM**-1),CDHDH
MODE,8,FREQUENCY=,21.3065,(CM**-1),CDHDH
MODE,9,FREQUENCY=,22.43821,(CM**-1),CDHDH
MODE,10,FREQUENCY=,25.43308,(CM**-1),CDHDH
MODE,11,FREQUENCY=,27.02077,(CM**-1),CDHDH
MODE,12,FREQUENCY=,28.3186,(CM**-1),CDHDH
MODE,13,FREQUENCY=,31.93024,(CM**-1),CDHDH
MODE,14,FREQUENCY=,36.68768,(CM**-1),CDHDH
MODE,15,FREQUENCY=,42.0316,(CM**-1),CDHDH
MODE,16,FREQUENCY=,45.20203,(CM**-1),CDHDH
MODE,17,FREQUENCY=,48.20908,(CM**-1),CDHDH
MODE,18,FREQUENCY=,52.62358,(CM**-1),CDHDH
MODE,19,FREQUENCY=,52.92747,(CM**-1),CDHDH
MODE,20,FREQUENCY=,54.43944,(CM**-1),CDHDH
MODE,21,FREQUENCY=,60.1367,(CM**-1),CDHDH
MODE,22,FREQUENCY=,62.80048,(CM**-1),CDHDH
MODE,23,FREQUENCY=,69.30267,(CM**-1),CDHDH
MODE,24,FREQUENCY=,76.29829,(CM**-1),CDHDH
MODE,25,FREQUENCY=,80.79175,(CM**-1),CDHDH
MODE,26,FREQUENCY=,84.29569,(CM**-1),CDHDH
MODE,27,FREQUENCY=,89.11642,(CM**-1),CDHDH
MODE,28,FREQUENCY=,98.99977,(CM**-1),CDHDH
MODE,29,FREQUENCY=,109.76249,(CM**-1),CDHDH
MODE,30,FREQUENCY=,110.50961,(CM**-1),CDHDH
MODE,31,FREQUENCY=,115.60435,(CM**-1),CDHDH
MODE,32,FREQUENCY=,124.72254,(CM**-1),CDHDH
MODE,33,FREQUENCY=,128.03706,(CM**-1),CDHDH
MODE,34,FREQUENCY=,134.68424,(CM**-1),CDHDH
MODE,35,FREQUENCY=,138.45618,(CM**-1),CDHDH
MODE,36,FREQUENCY=,140.5065,(CM**-1),CDHDH
MODE,37,FREQUENCY=,141.79446,(CM**-1),CDHDH
MODE,38,FREQUENCY=,147.38306,(CM**-1),CDHDH
MODE,39,FREQUENCY=,155.51842,(CM**-1),CDHDH
MODE,40,FREQUENCY=,156.76214,(CM**-1),CDHDH
MODE,41,FREQUENCY=,163.09868,(CM**-1),CDHDH
MODE,42,FREQUENCY=,166.91589,(CM**-1),CDHDH
MODE,43,FREQUENCY=,170.52286,(CM**-1),CDHDH
MODE,44,FREQUENCY=,172.29826,(CM**-1),CDHDH
MODE,45,FREQUENCY=,178.11473,(CM**-1),CDHDH
MODE,46,FREQUENCY=,189.57952,(CM**-1),CDHDH
MODE,47,FREQUENCY=,196.23631,(CM**-1),CDHDH
MODE,48,FREQUENCY=,206.30947,(CM**-1),CDHDH
MODE,49,FREQUENCY=,212.71768,(CM**-1),CDHDH
MODE,50,FREQUENCY=,218.19455,(CM**-1),CDHDH
MODE,51,FREQUENCY=,234.88469,(CM**-1),CDHDH
MODE,52,FREQUENCY=,245.55151,(CM**-1),CDHDH
MODE,53,FREQUENCY=,275.74484,(CM**-1),CDHDH
MODE,54,FREQUENCY=,277.68734,(CM**-1),CDHDH
MODE,55,FREQUENCY=,282.75675,(CM**-1),CDHDH
MODE,56,FREQUENCY=,295.12176,(CM**-1),CDHDH
MODE,57,FREQUENCY=,314.13149,(CM**-1),CDHDH
MODE,58,FREQUENCY=,320.23003,(CM**-1),CDHDH
MODE,59,FREQUENCY=,321.6348,(CM**-1),CDHDH
MODE,60,FREQUENCY=,340.30977,(CM**-1),CDHDH
MODE,61,FREQUENCY=,356.80089,(CM**-1),CDHDH
MODE,62,FREQUENCY=,359.28679,(CM**-1),CDHDH
MODE,63,FREQUENCY=,372.46599,(CM**-1),CDHDH
MODE,64,FREQUENCY=,379.36561,(CM**-1),CDHDH
MODE,65,FREQUENCY=,382.27086,(CM**-1),CDHDH
MODE,66,FREQUENCY=,416.03149,(CM**-1),CDHDH
MODE,67,FREQUENCY=,456.25323,(CM**-1),CDHDH
MODE,68,FREQUENCY=,486.47896,(CM**-1),CDHDH
MODE,69,FREQUENCY=,517.95293,(CM**-1),CDHDH
MODE,70,FREQUENCY=,528.66381,(CM**-1),CDHDH
MODE,71,FREQUENCY=,531.57547,(CM**-1),CDHDH
MODE,72,FREQUENCY=,539.99213,(CM**-1),CDHDH
MODE,73,FREQUENCY=,556.51284,(CM**-1),CDHDH
MODE,74,FREQUENCY=,576.27732,(CM**-1),CDHDH
MODE,75,FREQUENCY=,589.91936,(CM**-1),CDHDH
MODE,76,FREQUENCY=,597.43324,(CM**-1),CDHDH
MODE,77,FREQUENCY=,609.65147,(CM**-1),CDHDH
MODE,78,FREQUENCY=,612.8585,(CM**-1),CDHDH
MODE,79,FREQUENCY=,615.39592,(CM**-1),CDHDH
MODE,80,FREQUENCY=,629.752,(CM**-1),CDHDH
MODE,81,FREQUENCY=,633.36006,(CM**-1),CDHDH
MODE,82,FREQUENCY=,644.35871,(CM**-1),CDHDH
MODE,83,FREQUENCY=,647.8582,(CM**-1),CDHDH
MODE,84,FREQUENCY=,662.24502,(CM**-1),CDHDH
MODE,85,FREQUENCY=,663.23342,(CM**-1),CDHDH
MODE,86,FREQUENCY=,664.14339,(CM**-1),CDHDH
MODE,87,FREQUENCY=,677.18166,(CM**-1),CDHDH
MODE,88,FREQUENCY=,681.19353,(CM**-1),CDHDH
MODE,89,FREQUENCY=,683.87272,(CM**-1),CDHDH
MODE,90,FREQUENCY=,728.59909,(CM**-1),CDHDH
MODE,91,FREQUENCY=,735.78195,(CM**-1),CDHDH
MODE,92,FREQUENCY=,743.15418,(CM**-1),CDHDH
MODE,93,FREQUENCY=,803.6234,(CM**-1),CDHDH
MODE,94,FREQUENCY=,836.47201,(CM**-1),CDHDH
MODE,95,FREQUENCY=,880.46994,(CM**-1),CDHDH
MODE,96,FREQUENCY=,922.51838,(CM**-1),CDHDH
MODE,97,FREQUENCY=,938.2932,(CM**-1),CDHDH
MODE,98,FREQUENCY=,939.39495,(CM**-1),CDHDH
MODE,99,FREQUENCY=,943.49122,(CM**-1),CDHDH
MODE,100,FREQUENCY=,944.25133,(CM**-1),CDHDH
MODE,101,FREQUENCY=,954.65525,(CM**-1),CDHDH
MODE,102,FREQUENCY=,998.55376,(CM**-1),CDHDH
MODE,103,FREQUENCY=,1010.02304,(CM**-1),CDHDH
MODE,104,FREQUENCY=,1011.38148,(CM**-1),CDHDH
MODE,105,FREQUENCY=,1014.66449,(CM**-1),CDHDH
MODE,106,FREQUENCY=,1017.11709,(CM**-1),CDHDH
MODE,107,FREQUENCY=,1017.6573,(CM**-1),CDHDH
MODE,108,FREQUENCY=,1024.88277,(CM**-1),CDHDH
MODE,109,FREQUENCY=,1026.50188,(CM**-1),CDHDH
MODE,110,FREQUENCY=,1037.10644,(CM**-1),CDHDH
MODE,111,FREQUENCY=,1043.0925,(CM**-1),CDHDH
MODE,112,FREQUENCY=,1058.66101,(CM**-1),CDHDH
MODE,113,FREQUENCY=,1065.27245,(CM**-1),CDHDH
MODE,114,FREQUENCY=,1067.95257,(CM**-1),CDHDH
MODE,115,FREQUENCY=,1070.34954,(CM**-1),CDHDH
MODE,116,FREQUENCY=,1071.13012,(CM**-1),CDHDH
MODE,117,FREQUENCY=,1072.67233,(CM**-1),CDHDH
MODE,118,FREQUENCY=,1080.9998,(CM**-1),CDHDH
MODE,119,FREQUENCY=,1092.752,(CM**-1),CDHDH
MODE,120,FREQUENCY=,1095.65333,(CM**-1),CDHDH
MODE,121,FREQUENCY=,1154.14873,(CM**-1),CDHDH
MODE,122,FREQUENCY=,1157.34609,(CM**-1),CDHDH
MODE,123,FREQUENCY=,1169.77004,(CM**-1),CDHDH
MODE,124,FREQUENCY=,1183.14911,(CM**-1),CDHDH
MODE,125,FREQUENCY=,1206.34251,(CM**-1),CDHDH
MODE,126,FREQUENCY=,1257.26526,(CM**-1),CDHDH
MODE,127,FREQUENCY=,1260.62385,(CM**-1),CDHDH
MODE,128,FREQUENCY=,1298.48022,(CM**-1),CDHDH
MODE,129,FREQUENCY=,1299.50208,(CM**-1),CDHDH
MODE,130,FREQUENCY=,1302.10771,(CM**-1),CDHDH
MODE,131,FREQUENCY=,1315.48184,(CM**-1),CDHDH
MODE,132,FREQUENCY=,1348.7747,(CM**-1),CDHDH
MODE,133,FREQUENCY=,1350.46319,(CM**-1),CDHDH
MODE,134,FREQUENCY=,1370.05975,(CM**-1),CDHDH
MODE,135,FREQUENCY=,1381.31007,(CM**-1),CDHDH
MODE,136,FREQUENCY=,1389.58658,(CM**-1),CDHDH
MODE,137,FREQUENCY=,1399.95368,(CM**-1),CDHDH
MODE,138,FREQUENCY=,1428.45323,(CM**-1),CDHDH
MODE,139,FREQUENCY=,1429.99926,(CM**-1),CDHDH
MODE,140,FREQUENCY=,1433.44866,(CM**-1),CDHDH
MODE,141,FREQUENCY=,1443.51323,(CM**-1),CDHDH
MODE,142,FREQUENCY=,1471.20694,(CM**-1),CDHDH
MODE,143,FREQUENCY=,1476.13296,(CM**-1),CDHDH
MODE,144,FREQUENCY=,1477.43097,(CM**-1),CDHDH
MODE,145,FREQUENCY=,1478.68106,(CM**-1),CDHDH
MODE,146,FREQUENCY=,1479.97014,(CM**-1),CDHDH
MODE,147,FREQUENCY=,1482.14318,(CM**-1),CDHDH
MODE,148,FREQUENCY=,1483.29941,(CM**-1),CDHDH
MODE,149,FREQUENCY=,1487.57741,(CM**-1),CDHDH
MODE,150,FREQUENCY=,1488.63622,(CM**-1),CDHDH
MODE,151,FREQUENCY=,1489.43767,(CM**-1),CDHDH
MODE,152,FREQUENCY=,1489.94474,(CM**-1),CDHDH
MODE,153,FREQUENCY=,1491.25154,(CM**-1),CDHDH
MODE,154,FREQUENCY=,1503.94435,(CM**-1),CDHDH
MODE,155,FREQUENCY=,1511.65981,(CM**-1),CDHDH
MODE,156,FREQUENCY=,1512.37511,(CM**-1),CDHDH
MODE,157,FREQUENCY=,1542.07096,(CM**-1),CDHDH
MODE,158,FREQUENCY=,1543.23616,(CM**-1),CDHDH
MODE,159,FREQUENCY=,1594.22463,(CM**-1),CDHDH
MODE,160,FREQUENCY=,1616.20327,(CM**-1),CDHDH
MODE,161,FREQUENCY=,1617.40976,(CM**-1),CDHDH
MODE,162,FREQUENCY=,1623.81084,(CM**-1),CDHDH
MODE,163,FREQUENCY=,1650.17521,(CM**-1),CDHDH
MODE,164,FREQUENCY=,1720.77726,(CM**-1),CDHDH
MODE,165,FREQUENCY=,1724.66554,(CM**-1),CDHDH
MODE,166,FREQUENCY=,2254.78671,(CM**-1),CDHDH
MODE,167,FREQUENCY=,2395.40807,(CM**-1),CDHDH
MODE,168,FREQUENCY=,3056.12776,(CM**-1),CDHDH
MODE,169,FREQUENCY=,3060.05211,(CM**-1),CDHDH
MODE,170,FREQUENCY=,3060.41279,(CM**-1),CDHDH
MODE,171,FREQUENCY=,3064.3963,(CM**-1),CDHDH
MODE,172,FREQUENCY=,3064.6343,(CM**-1),CDHDH
MODE,173,FREQUENCY=,3065.70428,(CM**-1),CDHDH
MODE,174,FREQUENCY=,3128.13818,(CM**-1),CDHDH
MODE,175,FREQUENCY=,3134.72234,(CM**-1),CDHDH
MODE,176,FREQUENCY=,3136.61895,(CM**-1),CDHDH
MODE,177,FREQUENCY=,3140.43416,(CM**-1),CDHDH
MODE,178,FREQUENCY=,3140.88361,(CM**-1),CDHDH
MODE,179,FREQUENCY=,3142.27296,(CM**-1),CDHDH
MODE,180,FREQUENCY=,3148.08914,(CM**-1),CDHDH
MODE,181,FREQUENCY=,3158.90706,(CM**-1),CDHDH
MODE,182,FREQUENCY=,3169.73803,(CM**-1),CDHDH
MODE,183,FREQUENCY=,3175.30942,(CM**-1),CDHDH
MODE,184,FREQUENCY=,3175.44834,(CM**-1),CDHDH
MODE,185,FREQUENCY=,3177.03128,(CM**-1),CDHDH
MODE,186,FREQUENCY=,3178.80365,(CM**-1),CDHDH
MODE,187,FREQUENCY=,3240.86279,(CM**-1),CDHDH
MODE,188,FREQUENCY=,3269.76283,(CM**-1),CDHDH
MODE,189,FREQUENCY=,3293.22419,(CM**-1),CDHDH
MODE,190,FREQUENCY=,3293.36641,(CM**-1),CDHDH
MODE,191,FREQUENCY=,3297.09496,(CM**-1),CDHDH
MODE,192,FREQUENCY=,3387.45028,(CM**-1),CDHDH
MODE,193,FREQUENCY=,3661.31526,(CM**-1),CDHDH
MODE,194,FREQUENCY=,3664.94756,(CM**-1),CDHDH
MODE,195,FREQUENCY=,3753.18523,(CM**-1),CDHDH
,,,,,
,,,,,
12-2-1-2-2,,,,,
MODE,1,FREQUENCY=,-895.09583,(CM**-1),CDHDD
MODE,8,FREQUENCY=,21.30474,(CM**-1),CDHDD
MODE,9,FREQUENCY=,22.36293,(CM**-1),CDHDD
MODE,10,FREQUENCY=,25.43233,(CM**-1),CDHDD
MODE,11,FREQUENCY=,27.00952,(CM**-1),CDHDD
MODE,12,FREQUENCY=,28.3161,(CM**-1),CDHDD
MODE,13,FREQUENCY=,31.92705,(CM**-1),CDHDD
MODE,14,FREQUENCY=,36.68579,(CM**-1),CDHDD
MODE,15,FREQUENCY=,42.02744,(CM**-1),CDHDD
MODE,16,FREQUENCY=,45.19652,(CM**-1),CDHDD
MODE,17,FREQUENCY=,48.20444,(CM**-1),CDHDD
MODE,18,FREQUENCY=,52.54928,(CM**-1),CDHDD
MODE,19,FREQUENCY=,52.90848,(CM**-1),CDHDD
MODE,20,FREQUENCY=,54.40709,(CM**-1),CDHDD
MODE,21,FREQUENCY=,60.10136,(CM**-1),CDHDD
MODE,22,FREQUENCY=,62.78876,(CM**-1),CDHDD
MODE,23,FREQUENCY=,69.29824,(CM**-1),CDHDD
MODE,24,FREQUENCY=,76.29524,(CM**-1),CDHDD
MODE,25,FREQUENCY=,80.78912,(CM**-1),CDHDD
MODE,26,FREQUENCY=,84.28517,(CM**-1),CDHDD
MODE,27,FREQUENCY=,89.1094,(CM**-1),CDHDD
MODE,28,FREQUENCY=,98.90579,(CM**-1),CDHDD
MODE,29,FREQUENCY=,109.74522,(CM**-1),CDHDD
MODE,30,FREQUENCY=,110.50047,(CM**-1),CDHDD
MODE,31,FREQUENCY=,115.59971,(CM**-1),CDHDD
MODE,32,FREQUENCY=,124.71637,(CM**-1),CDHDD
MODE,33,FREQUENCY=,128.02384,(CM**-1),CDHDD
MODE,34,FREQUENCY=,134.5941,(CM**-1),CDHDD
MODE,35,FREQUENCY=,138.43699,(CM**-1),CDHDD
MODE,36,FREQUENCY=,140.47674,(CM**-1),CDHDD
MODE,37,FREQUENCY=,141.75604,(CM**-1),CDHDD
MODE,38,FREQUENCY=,147.2177,(CM**-1),CDHDD
MODE,39,FREQUENCY=,155.47377,(CM**-1),CDHDD
MODE,40,FREQUENCY=,156.67358,(CM**-1),CDHDD
MODE,41,FREQUENCY=,163.0978,(CM**-1),CDHDD
MODE,42,FREQUENCY=,166.90231,(CM**-1),CDHDD
MODE,43,FREQUENCY=,170.492,(CM**-1),CDHDD
MODE,44,FREQUENCY=,172.19977,(CM**-1),CDHDD
MODE,45,FREQUENCY=,177.80218,(CM**-1),CDHDD
MODE,46,FREQUENCY=,189.53668,(CM**-1),CDHDD
MODE,47,FREQUENCY=,196.08373,(CM**-1),CDHDD
MODE,48,FREQUENCY=,206.06782,(CM**-1),CDHDD
MODE,49,FREQUENCY=,212.60648,(CM**-1),CDHDD
MODE,50,FREQUENCY=,218.04492,(CM**-1),CDHDD
MODE,51,FREQUENCY=,234.34833,(CM**-1),CDHDD
MODE,52,FREQUENCY=,242.01572,(CM**-1),CDHDD
MODE,53,FREQUENCY=,275.17578,(CM**-1),CDHDD
MODE,54,FREQUENCY=,277.60084,(CM**-1),CDHDD
MODE,55,FREQUENCY=,282.47027,(CM**-1),CDHDD
MODE,56,FREQUENCY=,294.80511,(CM**-1),CDHDD
MODE,57,FREQUENCY=,301.14446,(CM**-1),CDHDD
MODE,58,FREQUENCY=,318.40453,(CM**-1),CDHDD
MODE,59,FREQUENCY=,320.61624,(CM**-1),CDHDD
MODE,60,FREQUENCY=,327.45639,(CM**-1),CDHDD
MODE,61,FREQUENCY=,352.64561,(CM**-1),CDHDD
MODE,62,FREQUENCY=,357.12242,(CM**-1),CDHDD
MODE,63,FREQUENCY=,362.09351,(CM**-1),CDHDD
MODE,64,FREQUENCY=,373.4773,(CM**-1),CDHDD
MODE,65,FREQUENCY=,377.19876,(CM**-1),CDHDD
MODE,66,FREQUENCY=,413.92266,(CM**-1),CDHDD
MODE,67,FREQUENCY=,456.24493,(CM**-1),CDHDD
MODE,68,FREQUENCY=,486.47397,(CM**-1),CDHDD
MODE,69,FREQUENCY=,517.91356,(CM**-1),CDHDD
MODE,70,FREQUENCY=,528.65805,(CM**-1),CDHDD
MODE,71,FREQUENCY=,531.54936,(CM**-1),CDHDD
MODE,72,FREQUENCY=,539.98696,(CM**-1),CDHDD
MODE,73,FREQUENCY=,556.41186,(CM**-1),CDHDD
MODE,74,FREQUENCY=,576.27535,(CM**-1),CDHDD
MODE,75,FREQUENCY=,589.88905,(CM**-1),CDHDD
MODE,76,FREQUENCY=,597.43249,(CM**-1),CDHDD
MODE,77,FREQUENCY=,609.65091,(CM**-1),CDHDD
MODE,78,FREQUENCY=,612.84439,(CM**-1),CDHDD
MODE,79,FREQUENCY=,615.3942,(CM**-1),CDHDD
MODE,80,FREQUENCY=,629.74007,(CM**-1),CDHDD
MODE,81,FREQUENCY=,633.35853,(CM**-1),CDHDD
MODE,82,FREQUENCY=,644.35831,(CM**-1),CDHDD
MODE,83,FREQUENCY=,647.85792,(CM**-1),CDHDD
MODE,84,FREQUENCY=,662.10214,(CM**-1),CDHDD
MODE,85,FREQUENCY=,663.21308,(CM**-1),CDHDD
MODE,86,FREQUENCY=,664.08215,(CM**-1),CDHDD
MODE,87,FREQUENCY=,677.17765,(CM**-1),CDHDD
MODE,88,FREQUENCY=,681.03956,(CM**-1),CDHDD
MODE,89,FREQUENCY=,683.81296,(CM**-1),CDHDD
MODE,90,FREQUENCY=,718.89981,(CM**-1),CDHDD
MODE,91,FREQUENCY=,728.59989,(CM**-1),CDHDD
MODE,92,FREQUENCY=,735.7869,(CM**-1),CDHDD
MODE,93,FREQUENCY=,803.40426,(CM**-1),CDHDD
MODE,94,FREQUENCY=,836.46539,(CM**-1),CDHDD
MODE,95,FREQUENCY=,878.84955,(CM**-1),CDHDD
MODE,96,FREQUENCY=,880.47919,(CM**-1),CDHDD
MODE,97,FREQUENCY=,900.63926,(CM**-1),CDHDD
MODE,98,FREQUENCY=,922.54395,(CM**-1),CDHDD
MODE,99,FREQUENCY=,938.2931,(CM**-1),CDHDD
MODE,100,FREQUENCY=,939.39478,(CM**-1),CDHDD
MODE,101,FREQUENCY=,943.49216,(CM**-1),CDHDD
MODE,102,FREQUENCY=,944.25432,(CM**-1),CDHDD
MODE,103,FREQUENCY=,954.60139,(CM**-1),CDHDD
MODE,104,FREQUENCY=,998.64396,(CM**-1),CDHDD
MODE,105,FREQUENCY=,1010.03295,(CM**-1),CDHDD
MODE,106,FREQUENCY=,1011.42455,(CM**-1),CDHDD
MODE,107,FREQUENCY=,1014.7258,(CM**-1),CDHDD
MODE,108,FREQUENCY=,1017.15517,(CM**-1),CDHDD
MODE,109,FREQUENCY=,1019.86273,(CM**-1),CDHDD
MODE,110,FREQUENCY=,1025.43436,(CM**-1),CDHDD
MODE,111,FREQUENCY=,1026.51665,(CM**-1),CDHDD
MODE,112,FREQUENCY=,1037.11528,(CM**-1),CDHDD
MODE,113,FREQUENCY=,1043.10031,(CM**-1),CDHDD
MODE,114,FREQUENCY=,1058.67115,(CM**-1),CDHDD
MODE,115,FREQUENCY=,1065.43485,(CM**-1),CDHDD
MODE,116,FREQUENCY=,1068.06746,(CM**-1),CDHDD
MODE,117,FREQUENCY=,1070.35208,(CM**-1),CDHDD
MODE,118,FREQUENCY=,1071.1351,(CM**-1),CDHDD
MODE,119,FREQUENCY=,1072.6735,(CM**-1),CDHDD
MODE,120,FREQUENCY=,1092.74308,(CM**-1),CDHDD
MODE,121,FREQUENCY=,1095.6514,(CM**-1),CDHDD
MODE,122,FREQUENCY=,1130.13872,(CM**-1),CDHDD
MODE,123,FREQUENCY=,1154.14246,(CM**-1),CDHDD
MODE,124,FREQUENCY=,1169.76588,(CM**-1),CDHDD
MODE,125,FREQUENCY=,1183.13753,(CM**-1),CDHDD
MODE,126,FREQUENCY=,1257.2636,(CM**-1),CDHDD
MODE,127,FREQUENCY=,1260.62321,(CM**-1),CDHDD
MODE,128,FREQUENCY=,1298.47046,(CM**-1),CDHDD
MODE,129,FREQUENCY=,1299.49438,(CM**-1),CDHDD
MODE,130,FREQUENCY=,1302.03386,(CM**-1),CDHDD
MODE,131,FREQUENCY=,1315.41663,(CM**-1),CDHDD
MODE,132,FREQUENCY=,1348.77448,(CM**-1),CDHDD
MODE,133,FREQUENCY=,1350.46306,(CM**-1),CDHDD
MODE,134,FREQUENCY=,1370.04819,(CM**-1),CDHDD
MODE,135,FREQUENCY=,1381.29547,(CM**-1),CDHDD
MODE,136,FREQUENCY=,1389.57538,(CM**-1),CDHDD
MODE,137,FREQUENCY=,1399.93474,(CM**-1),CDHDD
MODE,138,FREQUENCY=,1428.4487,(CM**-1),CDHDD
MODE,139,FREQUENCY=,1429.99069,(CM**-1),CDHDD
MODE,140,FREQUENCY=,1433.44743,(CM**-1),CDHDD
MODE,141,FREQUENCY=,1443.49202,(CM**-1),CDHDD
MODE,142,FREQUENCY=,1471.18952,(CM**-1),CDHDD
MODE,143,FREQUENCY=,1476.13257,(CM**-1),CDHDD
MODE,144,FREQUENCY=,1477.42917,(CM**-1),CDHDD
MODE,145,FREQUENCY=,1478.68105,(CM**-1),CDHDD
MODE,146,FREQUENCY=,1479.96427,(CM**-1),CDHDD
MODE,147,FREQUENCY=,1482.13263,(CM**-1),CDHDD
MODE,148,FREQUENCY=,1483.29805,(CM**-1),CDHDD
MODE,149,FREQUENCY=,1487.5771,(CM**-1),CDHDD
MODE,150,FREQUENCY=,1488.63585,(CM**-1),CDHDD
MODE,151,FREQUENCY=,1489.43407,(CM**-1),CDHDD
MODE,152,FREQUENCY=,1489.94469,(CM**-1),CDHDD
MODE,153,FREQUENCY=,1491.25084,(CM**-1),CDHDD
MODE,154,FREQUENCY=,1503.93222,(CM**-1),CDHDD
MODE,155,FREQUENCY=,1511.65583,(CM**-1),CDHDD
MODE,156,FREQUENCY=,1512.3731,(CM**-1),CDHDD
MODE,157,FREQUENCY=,1542.0615,(CM**-1),CDHDD
MODE,158,FREQUENCY=,1543.22888,(CM**-1),CDHDD
MODE,159,FREQUENCY=,1594.17634,(CM**-1),CDHDD
MODE,160,FREQUENCY=,1616.19851,(CM**-1),CDHDD
MODE,161,FREQUENCY=,1617.40907,(CM**-1),CDHDD
MODE,162,FREQUENCY=,1623.78068,(CM**-1),CDHDD
MODE,163,FREQUENCY=,1650.17113,(CM**-1),CDHDD
MODE,164,FREQUENCY=,1720.7628,(CM**-1),CDHDD
MODE,165,FREQUENCY=,1724.66403,(CM**-1),CDHDD
MODE,166,FREQUENCY=,2254.66145,(CM**-1),CDHDD
MODE,167,FREQUENCY=,2395.35202,(CM**-1),CDHDD
MODE,168,FREQUENCY=,3056.12753,(CM**-1),CDHDD
MODE,169,FREQUENCY=,3060.05209,(CM**-1),CDHDD
MODE,170,FREQUENCY=,3060.41272,(CM**-1),CDHDD
MODE,171,FREQUENCY=,3064.39626,(CM**-1),CDHDD
MODE,172,FREQUENCY=,3064.63425,(CM**-1),CDHDD
MODE,173,FREQUENCY=,3065.70424,(CM**-1),CDHDD
MODE,174,FREQUENCY=,3128.13805,(CM**-1),CDHDD
MODE,175,FREQUENCY=,3134.72234,(CM**-1),CDHDD
MODE,176,FREQUENCY=,3136.61891,(CM**-1),CDHDD
MODE,177,FREQUENCY=,3140.43407,(CM**-1),CDHDD
MODE,178,FREQUENCY=,3140.88361,(CM**-1),CDHDD
MODE,179,FREQUENCY=,3142.27292,(CM**-1),CDHDD
MODE,180,FREQUENCY=,3148.08912,(CM**-1),CDHDD
MODE,181,FREQUENCY=,3158.90706,(CM**-1),CDHDD
MODE,182,FREQUENCY=,3169.73778,(CM**-1),CDHDD
MODE,183,FREQUENCY=,3175.30934,(CM**-1),CDHDD
MODE,184,FREQUENCY=,3175.44831,(CM**-1),CDHDD
MODE,185,FREQUENCY=,3176.88818,(CM**-1),CDHDD
MODE,186,FREQUENCY=,3178.80362,(CM**-1),CDHDD
MODE,187,FREQUENCY=,3240.80207,(CM**-1),CDHDD
MODE,188,FREQUENCY=,3269.76195,(CM**-1),CDHDD
MODE,189,FREQUENCY=,3293.22406,(CM**-1),CDHDD
MODE,190,FREQUENCY=,3293.3664,(CM**-1),CDHDD
MODE,191,FREQUENCY=,3297.09454,(CM**-1),CDHDD
MODE,192,FREQUENCY=,3387.44666,(CM**-1),CDHDD
MODE,193,FREQUENCY=,3661.31517,(CM**-1),CDHDD
MODE,194,FREQUENCY=,3664.94753,(CM**-1),CDHDD
MODE,195,FREQUENCY=,3753.18517,(CM**-1),CDHDD
,,,,,
,,,,,
12-2-2-1-1,,,,,
MODE,1,FREQUENCY=,-1171.78823,(CM**-1),CDDHH
MODE,8,FREQUENCY=,21.30682,(CM**-1),CDDHH
MODE,9,FREQUENCY=,22.67221,(CM**-1),CDDHH
MODE,10,FREQUENCY=,25.44594,(CM**-1),CDDHH
MODE,11,FREQUENCY=,27.1312,(CM**-1),CDDHH
MODE,12,FREQUENCY=,28.30668,(CM**-1),CDDHH
MODE,13,FREQUENCY=,31.9832,(CM**-1),CDDHH
MODE,14,FREQUENCY=,36.52604,(CM**-1),CDDHH
MODE,15,FREQUENCY=,42.05772,(CM**-1),CDDHH
MODE,16,FREQUENCY=,45.20955,(CM**-1),CDDHH
MODE,17,FREQUENCY=,47.82935,(CM**-1),CDDHH
MODE,18,FREQUENCY=,50.72786,(CM**-1),CDDHH
MODE,19,FREQUENCY=,53.07466,(CM**-1),CDDHH
MODE,20,FREQUENCY=,56.1105,(CM**-1),CDDHH
MODE,21,FREQUENCY=,60.49933,(CM**-1),CDDHH
MODE,22,FREQUENCY=,62.33999,(CM**-1),CDDHH
MODE,23,FREQUENCY=,69.20803,(CM**-1),CDDHH
MODE,24,FREQUENCY=,76.34674,(CM**-1),CDDHH
MODE,25,FREQUENCY=,80.96996,(CM**-1),CDDHH
MODE,26,FREQUENCY=,84.29533,(CM**-1),CDDHH
MODE,27,FREQUENCY=,89.2028,(CM**-1),CDDHH
MODE,28,FREQUENCY=,98.98055,(CM**-1),CDDHH
MODE,29,FREQUENCY=,109.76605,(CM**-1),CDDHH
MODE,30,FREQUENCY=,110.5054,(CM**-1),CDDHH
MODE,31,FREQUENCY=,115.60163,(CM**-1),CDDHH
MODE,32,FREQUENCY=,124.71325,(CM**-1),CDDHH
MODE,33,FREQUENCY=,128.0457,(CM**-1),CDDHH
MODE,34,FREQUENCY=,134.6743,(CM**-1),CDDHH
MODE,35,FREQUENCY=,138.48545,(CM**-1),CDDHH
MODE,36,FREQUENCY=,140.54691,(CM**-1),CDDHH
MODE,37,FREQUENCY=,141.84313,(CM**-1),CDDHH
MODE,38,FREQUENCY=,147.48217,(CM**-1),CDDHH
MODE,39,FREQUENCY=,155.55164,(CM**-1),CDDHH
MODE,40,FREQUENCY=,156.86501,(CM**-1),CDDHH
MODE,41,FREQUENCY=,163.09859,(CM**-1),CDDHH
MODE,42,FREQUENCY=,166.90859,(CM**-1),CDDHH
MODE,43,FREQUENCY=,170.5152,(CM**-1),CDDHH
MODE,44,FREQUENCY=,172.3132,(CM**-1),CDDHH
MODE,45,FREQUENCY=,178.2372,(CM**-1),CDDHH
MODE,46,FREQUENCY=,189.56203,(CM**-1),CDDHH
MODE,47,FREQUENCY=,196.38913,(CM**-1),CDDHH
MODE,48,FREQUENCY=,206.43896,(CM**-1),CDDHH
MODE,49,FREQUENCY=,212.75354,(CM**-1),CDDHH
MODE,50,FREQUENCY=,218.24994,(CM**-1),CDDHH
MODE,51,FREQUENCY=,234.87268,(CM**-1),CDDHH
MODE,52,FREQUENCY=,243.20199,(CM**-1),CDDHH
MODE,53,FREQUENCY=,275.80606,(CM**-1),CDDHH
MODE,54,FREQUENCY=,277.67852,(CM**-1),CDDHH
MODE,55,FREQUENCY=,282.71267,(CM**-1),CDDHH
MODE,56,FREQUENCY=,293.85453,(CM**-1),CDDHH
MODE,57,FREQUENCY=,314.04567,(CM**-1),CDDHH
MODE,58,FREQUENCY=,320.16025,(CM**-1),CDDHH
MODE,59,FREQUENCY=,321.07056,(CM**-1),CDDHH
MODE,60,FREQUENCY=,338.53444,(CM**-1),CDDHH
MODE,61,FREQUENCY=,345.75501,(CM**-1),CDDHH
MODE,62,FREQUENCY=,358.7013,(CM**-1),CDDHH
MODE,63,FREQUENCY=,364.98668,(CM**-1),CDDHH
MODE,64,FREQUENCY=,373.49708,(CM**-1),CDDHH
MODE,65,FREQUENCY=,391.01322,(CM**-1),CDDHH
MODE,66,FREQUENCY=,445.15284,(CM**-1),CDDHH
MODE,67,FREQUENCY=,456.58561,(CM**-1),CDDHH
MODE,68,FREQUENCY=,486.48123,(CM**-1),CDDHH
MODE,69,FREQUENCY=,517.94525,(CM**-1),CDDHH
MODE,70,FREQUENCY=,528.66387,(CM**-1),CDDHH
MODE,71,FREQUENCY=,531.61985,(CM**-1),CDDHH
MODE,72,FREQUENCY=,539.99273,(CM**-1),CDDHH
MODE,73,FREQUENCY=,556.41107,(CM**-1),CDDHH
MODE,74,FREQUENCY=,576.2774,(CM**-1),CDDHH
MODE,75,FREQUENCY=,589.92873,(CM**-1),CDDHH
MODE,76,FREQUENCY=,597.43379,(CM**-1),CDDHH
MODE,77,FREQUENCY=,609.64932,(CM**-1),CDDHH
MODE,78,FREQUENCY=,612.85724,(CM**-1),CDDHH
MODE,79,FREQUENCY=,615.38383,(CM**-1),CDDHH
MODE,80,FREQUENCY=,629.75376,(CM**-1),CDDHH
MODE,81,FREQUENCY=,633.36019,(CM**-1),CDDHH
MODE,82,FREQUENCY=,644.35867,(CM**-1),CDDHH
MODE,83,FREQUENCY=,647.85825,(CM**-1),CDDHH
MODE,84,FREQUENCY=,662.23096,(CM**-1),CDDHH
MODE,85,FREQUENCY=,663.23204,(CM**-1),CDDHH
MODE,86,FREQUENCY=,664.13627,(CM**-1),CDDHH
MODE,87,FREQUENCY=,677.18138,(CM**-1),CDDHH
MODE,88,FREQUENCY=,681.20154,(CM**-1),CDDHH
MODE,89,FREQUENCY=,683.8728,(CM**-1),CDDHH
MODE,90,FREQUENCY=,728.5991,(CM**-1),CDDHH
MODE,91,FREQUENCY=,735.78208,(CM**-1),CDDHH
MODE,92,FREQUENCY=,743.00886,(CM**-1),CDDHH
MODE,93,FREQUENCY=,803.62397,(CM**-1),CDDHH
MODE,94,FREQUENCY=,836.47196,(CM**-1),CDDHH
MODE,95,FREQUENCY=,880.4697,(CM**-1),CDDHH
MODE,96,FREQUENCY=,922.51965,(CM**-1),CDDHH
MODE,97,FREQUENCY=,938.2919,(CM**-1),CDDHH
MODE,98,FREQUENCY=,939.39244,(CM**-1),CDDHH
MODE,99,FREQUENCY=,943.48875,(CM**-1),CDDHH
MODE,100,FREQUENCY=,944.24166,(CM**-1),CDDHH
MODE,101,FREQUENCY=,954.6553,(CM**-1),CDDHH
MODE,102,FREQUENCY=,998.50991,(CM**-1),CDDHH
MODE,103,FREQUENCY=,1010.00782,(CM**-1),CDDHH
MODE,104,FREQUENCY=,1011.36997,(CM**-1),CDDHH
MODE,105,FREQUENCY=,1014.65821,(CM**-1),CDDHH
MODE,106,FREQUENCY=,1017.14374,(CM**-1),CDDHH
MODE,107,FREQUENCY=,1020.39366,(CM**-1),CDDHH
MODE,108,FREQUENCY=,1024.62938,(CM**-1),CDDHH
MODE,109,FREQUENCY=,1026.49864,(CM**-1),CDDHH
MODE,110,FREQUENCY=,1037.10855,(CM**-1),CDDHH
MODE,111,FREQUENCY=,1043.09161,(CM**-1),CDDHH
MODE,112,FREQUENCY=,1058.64424,(CM**-1),CDDHH
MODE,113,FREQUENCY=,1065.30731,(CM**-1),CDDHH
MODE,114,FREQUENCY=,1067.97444,(CM**-1),CDDHH
MODE,115,FREQUENCY=,1070.34637,(CM**-1),CDDHH
MODE,116,FREQUENCY=,1071.1322,(CM**-1),CDDHH
MODE,117,FREQUENCY=,1072.67115,(CM**-1),CDDHH
MODE,118,FREQUENCY=,1085.72164,(CM**-1),CDDHH
MODE,119,FREQUENCY=,1092.75803,(CM**-1),CDDHH
MODE,120,FREQUENCY=,1095.65308,(CM**-1),CDDHH
MODE,121,FREQUENCY=,1106.61126,(CM**-1),CDDHH
MODE,122,FREQUENCY=,1154.19705,(CM**-1),CDDHH
MODE,123,FREQUENCY=,1169.76631,(CM**-1),CDDHH
MODE,124,FREQUENCY=,1183.17555,(CM**-1),CDDHH
MODE,125,FREQUENCY=,1246.39052,(CM**-1),CDDHH
MODE,126,FREQUENCY=,1257.26678,(CM**-1),CDDHH
MODE,127,FREQUENCY=,1260.62467,(CM**-1),CDDHH
MODE,128,FREQUENCY=,1298.5049,(CM**-1),CDDHH
MODE,129,FREQUENCY=,1299.49753,(CM**-1),CDDHH
MODE,130,FREQUENCY=,1300.39959,(CM**-1),CDDHH
MODE,131,FREQUENCY=,1315.26813,(CM**-1),CDDHH
MODE,132,FREQUENCY=,1348.77465,(CM**-1),CDDHH
MODE,133,FREQUENCY=,1350.4632,(CM**-1),CDDHH
MODE,134,FREQUENCY=,1370.06273,(CM**-1),CDDHH
MODE,135,FREQUENCY=,1381.30953,(CM**-1),CDDHH
MODE,136,FREQUENCY=,1389.57974,(CM**-1),CDDHH
MODE,137,FREQUENCY=,1399.95495,(CM**-1),CDDHH
MODE,138,FREQUENCY=,1428.45647,(CM**-1),CDDHH
MODE,139,FREQUENCY=,1430.00217,(CM**-1),CDDHH
MODE,140,FREQUENCY=,1433.44997,(CM**-1),CDDHH
MODE,141,FREQUENCY=,1443.51282,(CM**-1),CDDHH
MODE,142,FREQUENCY=,1471.21943,(CM**-1),CDDHH
MODE,143,FREQUENCY=,1476.13295,(CM**-1),CDDHH
MODE,144,FREQUENCY=,1477.43182,(CM**-1),CDDHH
MODE,145,FREQUENCY=,1478.68105,(CM**-1),CDDHH
MODE,146,FREQUENCY=,1479.97095,(CM**-1),CDDHH
MODE,147,FREQUENCY=,1482.15746,(CM**-1),CDDHH
MODE,148,FREQUENCY=,1483.30379,(CM**-1),CDDHH
MODE,149,FREQUENCY=,1487.57738,(CM**-1),CDDHH
MODE,150,FREQUENCY=,1488.63617,(CM**-1),CDDHH
MODE,151,FREQUENCY=,1489.43136,(CM**-1),CDDHH
MODE,152,FREQUENCY=,1489.93957,(CM**-1),CDDHH
MODE,153,FREQUENCY=,1491.25145,(CM**-1),CDDHH
MODE,154,FREQUENCY=,1503.9439,(CM**-1),CDDHH
MODE,155,FREQUENCY=,1511.66033,(CM**-1),CDDHH
MODE,156,FREQUENCY=,1512.37493,(CM**-1),CDDHH
MODE,157,FREQUENCY=,1542.07095,(CM**-1),CDDHH
MODE,158,FREQUENCY=,1543.23579,(CM**-1),CDDHH
MODE,159,FREQUENCY=,1594.25236,(CM**-1),CDDHH
MODE,160,FREQUENCY=,1616.20461,(CM**-1),CDDHH
MODE,161,FREQUENCY=,1617.40993,(CM**-1),CDDHH
MODE,162,FREQUENCY=,1623.82145,(CM**-1),CDDHH
MODE,163,FREQUENCY=,1650.17793,(CM**-1),CDDHH
MODE,164,FREQUENCY=,1720.77969,(CM**-1),CDDHH
MODE,165,FREQUENCY=,1724.66548,(CM**-1),CDDHH
MODE,166,FREQUENCY=,2256.71184,(CM**-1),CDDHH
MODE,167,FREQUENCY=,2395.5741,(CM**-1),CDDHH
MODE,168,FREQUENCY=,3056.12776,(CM**-1),CDDHH
MODE,169,FREQUENCY=,3060.05211,(CM**-1),CDDHH
MODE,170,FREQUENCY=,3060.41279,(CM**-1),CDDHH
MODE,171,FREQUENCY=,3064.3963,(CM**-1),CDDHH
MODE,172,FREQUENCY=,3064.6343,(CM**-1),CDDHH
MODE,173,FREQUENCY=,3065.70427,(CM**-1),CDDHH
MODE,174,FREQUENCY=,3128.1384,(CM**-1),CDDHH
MODE,175,FREQUENCY=,3134.72234,(CM**-1),CDDHH
MODE,176,FREQUENCY=,3136.619,(CM**-1),CDDHH
MODE,177,FREQUENCY=,3140.43413,(CM**-1),CDDHH
MODE,178,FREQUENCY=,3140.8836,(CM**-1),CDDHH
MODE,179,FREQUENCY=,3142.27303,(CM**-1),CDDHH
MODE,180,FREQUENCY=,3148.08917,(CM**-1),CDDHH
MODE,181,FREQUENCY=,3158.90704,(CM**-1),CDDHH
MODE,182,FREQUENCY=,3169.73204,(CM**-1),CDDHH
MODE,183,FREQUENCY=,3174.31015,(CM**-1),CDDHH
MODE,184,FREQUENCY=,3175.31138,(CM**-1),CDDHH
MODE,185,FREQUENCY=,3175.45224,(CM**-1),CDDHH
MODE,186,FREQUENCY=,3178.80374,(CM**-1),CDDHH
MODE,187,FREQUENCY=,3240.85926,(CM**-1),CDDHH
MODE,188,FREQUENCY=,3269.76273,(CM**-1),CDDHH
MODE,189,FREQUENCY=,3293.22419,(CM**-1),CDDHH
MODE,190,FREQUENCY=,3293.36641,(CM**-1),CDDHH
MODE,191,FREQUENCY=,3297.09493,(CM**-1),CDDHH
MODE,192,FREQUENCY=,3387.45064,(CM**-1),CDDHH
MODE,193,FREQUENCY=,3661.31526,(CM**-1),CDDHH
MODE,194,FREQUENCY=,3664.94756,(CM**-1),CDDHH
MODE,195,FREQUENCY=,3753.18526,(CM**-1),CDDHH
,,,,,
,,,,,
12-2-2-1-2,,,,,
MODE,1,FREQUENCY=,-894.76541,(CM**-1),CDDHD
MODE,8,FREQUENCY=,21.30574,(CM**-1),CDDHD
MODE,9,FREQUENCY=,22.59385,(CM**-1),CDDHD
MODE,10,FREQUENCY=,25.4453,(CM**-1),CDDHD
MODE,11,FREQUENCY=,27.11638,(CM**-1),CDDHD
MODE,12,FREQUENCY=,28.30433,(CM**-1),CDDHD
MODE,13,FREQUENCY=,31.98096,(CM**-1),CDDHD
MODE,14,FREQUENCY=,36.5249,(CM**-1),CDDHD
MODE,15,FREQUENCY=,42.05361,(CM**-1),CDDHD
MODE,16,FREQUENCY=,45.20358,(CM**-1),CDDHD
MODE,17,FREQUENCY=,47.80594,(CM**-1),CDDHD
MODE,18,FREQUENCY=,50.68296,(CM**-1),CDDHD
MODE,19,FREQUENCY=,53.07144,(CM**-1),CDDHD
MODE,20,FREQUENCY=,56.07702,(CM**-1),CDDHD
MODE,21,FREQUENCY=,60.45779,(CM**-1),CDDHD
MODE,22,FREQUENCY=,62.32944,(CM**-1),CDDHD
MODE,23,FREQUENCY=,69.2043,(CM**-1),CDDHD
MODE,24,FREQUENCY=,76.34371,(CM**-1),CDDHD
MODE,25,FREQUENCY=,80.96637,(CM**-1),CDDHD
MODE,26,FREQUENCY=,84.28502,(CM**-1),CDDHD
MODE,27,FREQUENCY=,89.19767,(CM**-1),CDDHD
MODE,28,FREQUENCY=,98.88264,(CM**-1),CDDHD
MODE,29,FREQUENCY=,109.74891,(CM**-1),CDDHD
MODE,30,FREQUENCY=,110.49576,(CM**-1),CDDHD
MODE,31,FREQUENCY=,115.59696,(CM**-1),CDDHD
MODE,32,FREQUENCY=,124.70635,(CM**-1),CDDHD
MODE,33,FREQUENCY=,128.03326,(CM**-1),CDDHD
MODE,34,FREQUENCY=,134.58082,(CM**-1),CDDHD
MODE,35,FREQUENCY=,138.46929,(CM**-1),CDDHD
MODE,36,FREQUENCY=,140.52211,(CM**-1),CDDHD
MODE,37,FREQUENCY=,141.80674,(CM**-1),CDDHD
MODE,38,FREQUENCY=,147.31751,(CM**-1),CDDHD
MODE,39,FREQUENCY=,155.51269,(CM**-1),CDDHD
MODE,40,FREQUENCY=,156.77748,(CM**-1),CDDHD
MODE,41,FREQUENCY=,163.09776,(CM**-1),CDDHD
MODE,42,FREQUENCY=,166.89329,(CM**-1),CDDHD
MODE,43,FREQUENCY=,170.48197,(CM**-1),CDDHD
MODE,44,FREQUENCY=,172.21727,(CM**-1),CDDHD
MODE,45,FREQUENCY=,177.93204,(CM**-1),CDDHD
MODE,46,FREQUENCY=,189.51523,(CM**-1),CDDHD
MODE,47,FREQUENCY=,196.25381,(CM**-1),CDDHD
MODE,48,FREQUENCY=,206.2374,(CM**-1),CDDHD
MODE,49,FREQUENCY=,212.63269,(CM**-1),CDDHD
MODE,50,FREQUENCY=,218.11094,(CM**-1),CDDHD
MODE,51,FREQUENCY=,233.64036,(CM**-1),CDDHD
MODE,52,FREQUENCY=,238.93855,(CM**-1),CDDHD
MODE,53,FREQUENCY=,275.30984,(CM**-1),CDDHD
MODE,54,FREQUENCY=,277.57855,(CM**-1),CDDHD
MODE,55,FREQUENCY=,282.36685,(CM**-1),CDDHD
MODE,56,FREQUENCY=,292.36299,(CM**-1),CDDHD
MODE,57,FREQUENCY=,300.27968,(CM**-1),CDDHD
MODE,58,FREQUENCY=,317.40272,(CM**-1),CDDHD
MODE,59,FREQUENCY=,320.52318,(CM**-1),CDDHD
MODE,60,FREQUENCY=,326.51095,(CM**-1),CDDHD
MODE,61,FREQUENCY=,344.28069,(CM**-1),CDDHD
MODE,62,FREQUENCY=,358.38124,(CM**-1),CDDHD
MODE,63,FREQUENCY=,361.8468,(CM**-1),CDDHD
MODE,64,FREQUENCY=,373.45071,(CM**-1),CDDHD
MODE,65,FREQUENCY=,384.50795,(CM**-1),CDDHD
MODE,66,FREQUENCY=,429.48693,(CM**-1),CDDHD
MODE,67,FREQUENCY=,456.35179,(CM**-1),CDDHD
MODE,68,FREQUENCY=,486.47619,(CM**-1),CDDHD
MODE,69,FREQUENCY=,517.91197,(CM**-1),CDDHD
MODE,70,FREQUENCY=,528.657,(CM**-1),CDDHD
MODE,71,FREQUENCY=,531.59497,(CM**-1),CDDHD
MODE,72,FREQUENCY=,539.99237,(CM**-1),CDDHD
MODE,73,FREQUENCY=,556.37712,(CM**-1),CDDHD
MODE,74,FREQUENCY=,576.27634,(CM**-1),CDDHD
MODE,75,FREQUENCY=,589.89782,(CM**-1),CDDHD
MODE,76,FREQUENCY=,597.43365,(CM**-1),CDDHD
MODE,77,FREQUENCY=,609.649,(CM**-1),CDDHD
MODE,78,FREQUENCY=,612.84391,(CM**-1),CDDHD
MODE,79,FREQUENCY=,615.37926,(CM**-1),CDDHD
MODE,80,FREQUENCY=,629.74166,(CM**-1),CDDHD
MODE,81,FREQUENCY=,633.35801,(CM**-1),CDDHD
MODE,82,FREQUENCY=,644.35821,(CM**-1),CDDHD
MODE,83,FREQUENCY=,647.85808,(CM**-1),CDDHD
MODE,84,FREQUENCY=,662.08797,(CM**-1),CDDHD
MODE,85,FREQUENCY=,663.21222,(CM**-1),CDDHD
MODE,86,FREQUENCY=,664.07562,(CM**-1),CDDHD
MODE,87,FREQUENCY=,677.17645,(CM**-1),CDDHD
MODE,88,FREQUENCY=,681.06483,(CM**-1),CDDHD
MODE,89,FREQUENCY=,683.81829,(CM**-1),CDDHD
MODE,90,FREQUENCY=,718.17292,(CM**-1),CDDHD
MODE,91,FREQUENCY=,728.59993,(CM**-1),CDDHD
MODE,92,FREQUENCY=,735.78666,(CM**-1),CDDHD
MODE,93,FREQUENCY=,803.40636,(CM**-1),CDDHD
MODE,94,FREQUENCY=,836.46316,(CM**-1),CDDHD
MODE,95,FREQUENCY=,857.34683,(CM**-1),CDDHD
MODE,96,FREQUENCY=,880.47012,(CM**-1),CDDHD
MODE,97,FREQUENCY=,904.25735,(CM**-1),CDDHD
MODE,98,FREQUENCY=,922.56255,(CM**-1),CDDHD
MODE,99,FREQUENCY=,938.29312,(CM**-1),CDDHD
MODE,100,FREQUENCY=,939.39222,(CM**-1),CDDHD
MODE,101,FREQUENCY=,943.50639,(CM**-1),CDDHD
MODE,102,FREQUENCY=,944.25533,(CM**-1),CDDHD
MODE,103,FREQUENCY=,954.61283,(CM**-1),CDDHD
MODE,104,FREQUENCY=,998.64259,(CM**-1),CDDHD
MODE,105,FREQUENCY=,1010.03285,(CM**-1),CDDHD
MODE,106,FREQUENCY=,1011.42509,(CM**-1),CDDHD
MODE,107,FREQUENCY=,1014.72587,(CM**-1),CDDHD
MODE,108,FREQUENCY=,1017.15783,(CM**-1),CDDHD
MODE,109,FREQUENCY=,1024.63689,(CM**-1),CDDHD
MODE,110,FREQUENCY=,1026.45239,(CM**-1),CDDHD
MODE,111,FREQUENCY=,1029.85541,(CM**-1),CDDHD
MODE,112,FREQUENCY=,1037.11496,(CM**-1),CDDHD
MODE,113,FREQUENCY=,1043.09986,(CM**-1),CDDHD
MODE,114,FREQUENCY=,1058.67289,(CM**-1),CDDHD
MODE,115,FREQUENCY=,1065.43746,(CM**-1),CDDHD
MODE,116,FREQUENCY=,1068.07159,(CM**-1),CDDHD
MODE,117,FREQUENCY=,1070.35573,(CM**-1),CDDHD
MODE,118,FREQUENCY=,1071.13457,(CM**-1),CDDHD
MODE,119,FREQUENCY=,1072.67338,(CM**-1),CDDHD
MODE,120,FREQUENCY=,1092.74298,(CM**-1),CDDHD
MODE,121,FREQUENCY=,1095.65143,(CM**-1),CDDHD
MODE,122,FREQUENCY=,1136.46609,(CM**-1),CDDHD
MODE,123,FREQUENCY=,1154.14216,(CM**-1),CDDHD
MODE,124,FREQUENCY=,1169.76587,(CM**-1),CDDHD
MODE,125,FREQUENCY=,1183.13738,(CM**-1),CDDHD
MODE,126,FREQUENCY=,1257.26381,(CM**-1),CDDHD
MODE,127,FREQUENCY=,1260.62324,(CM**-1),CDDHD
MODE,128,FREQUENCY=,1298.49487,(CM**-1),CDDHD
MODE,129,FREQUENCY=,1299.4874,(CM**-1),CDDHD
MODE,130,FREQUENCY=,1300.2173,(CM**-1),CDDHD
MODE,131,FREQUENCY=,1315.11729,(CM**-1),CDDHD
MODE,132,FREQUENCY=,1348.77446,(CM**-1),CDDHD
MODE,133,FREQUENCY=,1350.46306,(CM**-1),CDDHD
MODE,134,FREQUENCY=,1370.04934,(CM**-1),CDDHD
MODE,135,FREQUENCY=,1381.29367,(CM**-1),CDDHD
MODE,136,FREQUENCY=,1389.56799,(CM**-1),CDDHD
MODE,137,FREQUENCY=,1399.93429,(CM**-1),CDDHD
MODE,138,FREQUENCY=,1428.45106,(CM**-1),CDDHD
MODE,139,FREQUENCY=,1429.99285,(CM**-1),CDDHD
MODE,140,FREQUENCY=,1433.44798,(CM**-1),CDDHD
MODE,141,FREQUENCY=,1443.48923,(CM**-1),CDDHD
MODE,142,FREQUENCY=,1471.1959,(CM**-1),CDDHD
MODE,143,FREQUENCY=,1476.13254,(CM**-1),CDDHD
MODE,144,FREQUENCY=,1477.4294,(CM**-1),CDDHD
MODE,145,FREQUENCY=,1478.68104,(CM**-1),CDDHD
MODE,146,FREQUENCY=,1479.96496,(CM**-1),CDDHD
MODE,147,FREQUENCY=,1482.14909,(CM**-1),CDDHD
MODE,148,FREQUENCY=,1483.30286,(CM**-1),CDDHD
MODE,149,FREQUENCY=,1487.57708,(CM**-1),CDDHD
MODE,150,FREQUENCY=,1488.6357,(CM**-1),CDDHD
MODE,151,FREQUENCY=,1489.42832,(CM**-1),CDDHD
MODE,152,FREQUENCY=,1489.93933,(CM**-1),CDDHD
MODE,153,FREQUENCY=,1491.25069,(CM**-1),CDDHD
MODE,154,FREQUENCY=,1503.92914,(CM**-1),CDDHD
MODE,155,FREQUENCY=,1511.65539,(CM**-1),CDDHD
MODE,156,FREQUENCY=,1512.3728,(CM**-1),CDDHD
MODE,157,FREQUENCY=,1542.06121,(CM**-1),CDDHD
MODE,158,FREQUENCY=,1543.2284,(CM**-1),CDDHD
MODE,159,FREQUENCY=,1594.19679,(CM**-1),CDDHD
MODE,160,FREQUENCY=,1616.19898,(CM**-1),CDDHD
MODE,161,FREQUENCY=,1617.40924,(CM**-1),CDDHD
MODE,162,FREQUENCY=,1623.78457,(CM**-1),CDDHD
MODE,163,FREQUENCY=,1650.17257,(CM**-1),CDDHD
MODE,164,FREQUENCY=,1720.76441,(CM**-1),CDDHD
MODE,165,FREQUENCY=,1724.66383,(CM**-1),CDDHD
MODE,166,FREQUENCY=,2256.59416,(CM**-1),CDDHD
MODE,167,FREQUENCY=,2395.51794,(CM**-1),CDDHD
MODE,168,FREQUENCY=,3056.12754,(CM**-1),CDDHD
MODE,169,FREQUENCY=,3060.05209,(CM**-1),CDDHD
MODE,170,FREQUENCY=,3060.41271,(CM**-1),CDDHD
MODE,171,FREQUENCY=,3064.39626,(CM**-1),CDDHD
MODE,172,FREQUENCY=,3064.63425,(CM**-1),CDDHD
MODE,173,FREQUENCY=,3065.70423,(CM**-1),CDDHD
MODE,174,FREQUENCY=,3128.13829,(CM**-1),CDDHD
MODE,175,FREQUENCY=,3134.72234,(CM**-1),CDDHD
MODE,176,FREQUENCY=,3136.61897,(CM**-1),CDDHD
MODE,177,FREQUENCY=,3140.43403,(CM**-1),CDDHD
MODE,178,FREQUENCY=,3140.8836,(CM**-1),CDDHD
MODE,179,FREQUENCY=,3142.27299,(CM**-1),CDDHD
MODE,180,FREQUENCY=,3148.08915,(CM**-1),CDDHD
MODE,181,FREQUENCY=,3158.90704,(CM**-1),CDDHD
MODE,182,FREQUENCY=,3169.73187,(CM**-1),CDDHD
MODE,183,FREQUENCY=,3174.15853,(CM**-1),CDDHD
MODE,184,FREQUENCY=,3175.31117,(CM**-1),CDDHD
MODE,185,FREQUENCY=,3175.45173,(CM**-1),CDDHD
MODE,186,FREQUENCY=,3178.80369,(CM**-1),CDDHD
MODE,187,FREQUENCY=,3240.79825,(CM**-1),CDDHD
MODE,188,FREQUENCY=,3269.76184,(CM**-1),CDDHD
MODE,189,FREQUENCY=,3293.22405,(CM**-1),CDDHD
MODE,190,FREQUENCY=,3293.36641,(CM**-1),CDDHD
MODE,191,FREQUENCY=,3297.09451,(CM**-1),CDDHD
MODE,192,FREQUENCY=,3387.44704,(CM**-1),CDDHD
MODE,193,FREQUENCY=,3661.31517,(CM**-1),CDDHD
MODE,194,FREQUENCY=,3664.94753,(CM**-1),CDDHD
MODE,195,FREQUENCY=,3753.1852,(CM**-1),CDDHD
,,,,,
,,,,,
12-2-2-2-1,,,,,
MODE,1,FREQUENCY=,-1160.70401,(CM**-1),CDDDH
MODE,8,FREQUENCY=,21.24631,(CM**-1),CDDDH
MODE,9,FREQUENCY=,21.89833,(CM**-1),CDDDH
MODE,10,FREQUENCY=,25.43075,(CM**-1),CDDDH
MODE,11,FREQUENCY=,26.85112,(CM**-1),CDDDH
MODE,12,FREQUENCY=,28.30657,(CM**-1),CDDDH
MODE,13,FREQUENCY=,31.90632,(CM**-1),CDDDH
MODE,14,FREQUENCY=,36.42797,(CM**-1),CDDDH
MODE,15,FREQUENCY=,41.94565,(CM**-1),CDDDH
MODE,16,FREQUENCY=,45.12637,(CM**-1),CDDDH
MODE,17,FREQUENCY=,45.94637,(CM**-1),CDDDH
MODE,18,FREQUENCY=,50.13185,(CM**-1),CDDDH
MODE,19,FREQUENCY=,52.7426,(CM**-1),CDDDH
MODE,20,FREQUENCY=,54.38182,(CM**-1),CDDDH
MODE,21,FREQUENCY=,60.10826,(CM**-1),CDDDH
MODE,22,FREQUENCY=,62.209,(CM**-1),CDDDH
MODE,23,FREQUENCY=,69.15732,(CM**-1),CDDDH
MODE,24,FREQUENCY=,76.25223,(CM**-1),CDDDH
MODE,25,FREQUENCY=,80.55295,(CM**-1),CDDDH
MODE,26,FREQUENCY=,84.24443,(CM**-1),CDDDH
MODE,27,FREQUENCY=,89.08771,(CM**-1),CDDDH
MODE,28,FREQUENCY=,98.95571,(CM**-1),CDDDH
MODE,29,FREQUENCY=,109.76098,(CM**-1),CDDDH
MODE,30,FREQUENCY=,110.5003,(CM**-1),CDDDH
MODE,31,FREQUENCY=,115.59932,(CM**-1),CDDDH
MODE,32,FREQUENCY=,124.71062,(CM**-1),CDDDH
MODE,33,FREQUENCY=,128.03566,(CM**-1),CDDDH
MODE,34,FREQUENCY=,134.67064,(CM**-1),CDDDH
MODE,35,FREQUENCY=,138.4533,(CM**-1),CDDDH
MODE,36,FREQUENCY=,140.50081,(CM**-1),CDDDH
MODE,37,FREQUENCY=,141.78583,(CM**-1),CDDDH
MODE,38,FREQUENCY=,147.37867,(CM**-1),CDDDH
MODE,39,FREQUENCY=,155.51301,(CM**-1),CDDDH
MODE,40,FREQUENCY=,156.75877,(CM**-1),CDDDH
MODE,41,FREQUENCY=,163.09765,(CM**-1),CDDDH
MODE,42,FREQUENCY=,166.90584,(CM**-1),CDDDH
MODE,43,FREQUENCY=,170.51311,(CM**-1),CDDDH
MODE,44,FREQUENCY=,172.29373,(CM**-1),CDDDH
MODE,45,FREQUENCY=,177.97964,(CM**-1),CDDDH
MODE,46,FREQUENCY=,189.51169,(CM**-1),CDDDH
MODE,47,FREQUENCY=,196.07408,(CM**-1),CDDDH
MODE,48,FREQUENCY=,206.27652,(CM**-1),CDDDH
MODE,49,FREQUENCY=,212.71369,(CM**-1),CDDDH
MODE,50,FREQUENCY=,217.94202,(CM**-1),CDDDH
MODE,51,FREQUENCY=,234.61468,(CM**-1),CDDDH
MODE,52,FREQUENCY=,242.66048,(CM**-1),CDDDH
MODE,53,FREQUENCY=,275.62222,(CM**-1),CDDDH
MODE,54,FREQUENCY=,277.67751,(CM**-1),CDDDH
MODE,55,FREQUENCY=,282.64848,(CM**-1),CDDDH
MODE,56,FREQUENCY=,293.83007,(CM**-1),CDDDH
MODE,57,FREQUENCY=,312.74012,(CM**-1),CDDDH
MODE,58,FREQUENCY=,319.92219,(CM**-1),CDDDH
MODE,59,FREQUENCY=,320.91642,(CM**-1),CDDDH
MODE,60,FREQUENCY=,324.44973,(CM**-1),CDDDH
MODE,61,FREQUENCY=,345.40918,(CM**-1),CDDDH
MODE,62,FREQUENCY=,358.47248,(CM**-1),CDDDH
MODE,63,FREQUENCY=,360.96139,(CM**-1),CDDDH
MODE,64,FREQUENCY=,373.03893,(CM**-1),CDDDH
MODE,65,FREQUENCY=,379.52114,(CM**-1),CDDDH
MODE,66,FREQUENCY=,415.73631,(CM**-1),CDDDH
MODE,67,FREQUENCY=,456.25236,(CM**-1),CDDDH
MODE,68,FREQUENCY=,486.47738,(CM**-1),CDDDH
MODE,69,FREQUENCY=,517.94228,(CM**-1),CDDDH
MODE,70,FREQUENCY=,528.66268,(CM**-1),CDDDH
MODE,71,FREQUENCY=,531.56907,(CM**-1),CDDDH
MODE,72,FREQUENCY=,539.98295,(CM**-1),CDDDH
MODE,73,FREQUENCY=,556.30332,(CM**-1),CDDDH
MODE,74,FREQUENCY=,576.2771,(CM**-1),CDDDH
MODE,75,FREQUENCY=,589.91082,(CM**-1),CDDDH
MODE,76,FREQUENCY=,597.43313,(CM**-1),CDDDH
MODE,77,FREQUENCY=,609.64816,(CM**-1),CDDDH
MODE,78,FREQUENCY=,612.85568,(CM**-1),CDDDH
MODE,79,FREQUENCY=,615.38364,(CM**-1),CDDDH
MODE,80,FREQUENCY=,629.75179,(CM**-1),CDDDH
MODE,81,FREQUENCY=,633.35983,(CM**-1),CDDDH
MODE,82,FREQUENCY=,644.35867,(CM**-1),CDDDH
MODE,83,FREQUENCY=,647.85806,(CM**-1),CDDDH
MODE,84,FREQUENCY=,662.20105,(CM**-1),CDDDH
MODE,85,FREQUENCY=,663.22537,(CM**-1),CDDDH
MODE,86,FREQUENCY=,664.1197,(CM**-1),CDDDH
MODE,87,FREQUENCY=,677.18114,(CM**-1),CDDDH
MODE,88,FREQUENCY=,681.15335,(CM**-1),CDDDH
MODE,89,FREQUENCY=,683.85456,(CM**-1),CDDDH
MODE,90,FREQUENCY=,728.59901,(CM**-1),CDDDH
MODE,91,FREQUENCY=,735.78053,(CM**-1),CDDDH
MODE,92,FREQUENCY=,740.91393,(CM**-1),CDDDH
MODE,93,FREQUENCY=,803.62115,(CM**-1),CDDDH
MODE,94,FREQUENCY=,836.47187,(CM**-1),CDDDH
MODE,95,FREQUENCY=,880.46957,(CM**-1),CDDDH
MODE,96,FREQUENCY=,922.51765,(CM**-1),CDDDH
MODE,97,FREQUENCY=,938.28701,(CM**-1),CDDDH
MODE,98,FREQUENCY=,939.38245,(CM**-1),CDDDH
MODE,99,FREQUENCY=,943.48472,(CM**-1),CDDDH
MODE,100,FREQUENCY=,944.21466,(CM**-1),CDDDH
MODE,101,FREQUENCY=,954.65393,(CM**-1),CDDDH
MODE,102,FREQUENCY=,971.62211,(CM**-1),CDDDH
MODE,103,FREQUENCY=,998.91453,(CM**-1),CDDDH
MODE,104,FREQUENCY=,1010.0574,(CM**-1),CDDDH
MODE,105,FREQUENCY=,1011.44621,(CM**-1),CDDDH
MODE,106,FREQUENCY=,1014.74913,(CM**-1),CDDDH
MODE,107,FREQUENCY=,1017.16034,(CM**-1),CDDDH
MODE,108,FREQUENCY=,1024.61448,(CM**-1),CDDDH
MODE,109,FREQUENCY=,1026.48816,(CM**-1),CDDDH
MODE,110,FREQUENCY=,1037.10569,(CM**-1),CDDDH
MODE,111,FREQUENCY=,1043.0902,(CM**-1),CDDDH
MODE,112,FREQUENCY=,1048.68675,(CM**-1),CDDDH
MODE,113,FREQUENCY=,1054.41135,(CM**-1),CDDDH
MODE,114,FREQUENCY=,1058.69141,(CM**-1),CDDDH
MODE,115,FREQUENCY=,1065.33475,(CM**-1),CDDDH
MODE,116,FREQUENCY=,1067.98937,(CM**-1),CDDDH
MODE,117,FREQUENCY=,1070.34798,(CM**-1),CDDDH
MODE,118,FREQUENCY=,1071.13239,(CM**-1),CDDDH
MODE,119,FREQUENCY=,1072.6723,(CM**-1),CDDDH
MODE,120,FREQUENCY=,1092.7505,(CM**-1),CDDDH
MODE,121,FREQUENCY=,1095.65289,(CM**-1),CDDDH
MODE,122,FREQUENCY=,1102.18404,(CM**-1),CDDDH
MODE,123,FREQUENCY=,1154.15207,(CM**-1),CDDDH
MODE,124,FREQUENCY=,1161.91472,(CM**-1),CDDDH
MODE,125,FREQUENCY=,1169.77097,(CM**-1),CDDDH
MODE,126,FREQUENCY=,1183.1895,(CM**-1),CDDDH
MODE,127,FREQUENCY=,1257.26552,(CM**-1),CDDDH
MODE,128,FREQUENCY=,1260.6237,(CM**-1),CDDDH
MODE,129,FREQUENCY=,1298.50281,(CM**-1),CDDDH
MODE,130,FREQUENCY=,1299.50207,(CM**-1),CDDDH
MODE,131,FREQUENCY=,1315.16412,(CM**-1),CDDDH
MODE,132,FREQUENCY=,1348.77464,(CM**-1),CDDDH
MODE,133,FREQUENCY=,1350.46319,(CM**-1),CDDDH
MODE,134,FREQUENCY=,1370.05095,(CM**-1),CDDDH
MODE,135,FREQUENCY=,1381.30813,(CM**-1),CDDDH
MODE,136,FREQUENCY=,1389.57612,(CM**-1),CDDDH
MODE,137,FREQUENCY=,1399.95221,(CM**-1),CDDDH
MODE,138,FREQUENCY=,1428.45302,(CM**-1),CDDDH
MODE,139,FREQUENCY=,1429.99907,(CM**-1),CDDDH
MODE,140,FREQUENCY=,1433.44844,(CM**-1),CDDDH
MODE,141,FREQUENCY=,1443.51104,(CM**-1),CDDDH
MODE,142,FREQUENCY=,1471.20555,(CM**-1),CDDDH
MODE,143,FREQUENCY=,1476.13294,(CM**-1),CDDDH
MODE,144,FREQUENCY=,1477.43094,(CM**-1),CDDDH
MODE,145,FREQUENCY=,1478.68104,(CM**-1),CDDDH
MODE,146,FREQUENCY=,1479.97013,(CM**-1),CDDDH
MODE,147,FREQUENCY=,1482.1414,(CM**-1),CDDDH
MODE,148,FREQUENCY=,1483.29767,(CM**-1),CDDDH
MODE,149,FREQUENCY=,1487.57732,(CM**-1),CDDDH
MODE,150,FREQUENCY=,1488.63572,(CM**-1),CDDDH
MODE,151,FREQUENCY=,1489.43106,(CM**-1),CDDDH
MODE,152,FREQUENCY=,1489.93805,(CM**-1),CDDDH
MODE,153,FREQUENCY=,1491.25143,(CM**-1),CDDDH
MODE,154,FREQUENCY=,1503.94039,(CM**-1),CDDDH
MODE,155,FREQUENCY=,1511.65889,(CM**-1),CDDDH
MODE,156,FREQUENCY=,1512.37468,(CM**-1),CDDDH
MODE,157,FREQUENCY=,1542.07086,(CM**-1),CDDDH
MODE,158,FREQUENCY=,1543.23574,(CM**-1),CDDDH
MODE,159,FREQUENCY=,1594.22388,(CM**-1),CDDDH
MODE,160,FREQUENCY=,1616.20307,(CM**-1),CDDDH
MODE,161,FREQUENCY=,1617.40973,(CM**-1),CDDDH
MODE,162,FREQUENCY=,1623.80965,(CM**-1),CDDDH
MODE,163,FREQUENCY=,1650.17458,(CM**-1),CDDDH
MODE,164,FREQUENCY=,1720.77715,(CM**-1),CDDDH
MODE,165,FREQUENCY=,1724.66533,(CM**-1),CDDDH
MODE,166,FREQUENCY=,2193.63597,(CM**-1),CDDDH
MODE,167,FREQUENCY=,2388.91722,(CM**-1),CDDDH
MODE,168,FREQUENCY=,2397.49686,(CM**-1),CDDDH
MODE,169,FREQUENCY=,3056.12776,(CM**-1),CDDDH
MODE,170,FREQUENCY=,3060.05211,(CM**-1),CDDDH
MODE,171,FREQUENCY=,3060.41279,(CM**-1),CDDDH
MODE,172,FREQUENCY=,3064.3963,(CM**-1),CDDDH
MODE,173,FREQUENCY=,3064.6343,(CM**-1),CDDDH
MODE,174,FREQUENCY=,3065.70428,(CM**-1),CDDDH
MODE,175,FREQUENCY=,3128.13905,(CM**-1),CDDDH
MODE,176,FREQUENCY=,3134.72234,(CM**-1),CDDDH
MODE,177,FREQUENCY=,3136.61903,(CM**-1),CDDDH
MODE,178,FREQUENCY=,3140.4342,(CM**-1),CDDDH
MODE,179,FREQUENCY=,3140.88361,(CM**-1),CDDDH
MODE,180,FREQUENCY=,3142.27313,(CM**-1),CDDDH
MODE,181,FREQUENCY=,3148.08917,(CM**-1),CDDDH
MODE,182,FREQUENCY=,3158.90706,(CM**-1),CDDDH
MODE,183,FREQUENCY=,3169.73802,(CM**-1),CDDDH
MODE,184,FREQUENCY=,3175.31033,(CM**-1),CDDDH
MODE,185,FREQUENCY=,3175.44834,(CM**-1),CDDDH
MODE,186,FREQUENCY=,3178.8036,(CM**-1),CDDDH
MODE,187,FREQUENCY=,3240.8579,(CM**-1),CDDDH
MODE,188,FREQUENCY=,3269.76273,(CM**-1),CDDDH
MODE,189,FREQUENCY=,3293.22418,(CM**-1),CDDDH
MODE,190,FREQUENCY=,3293.36641,(CM**-1),CDDDH
MODE,191,FREQUENCY=,3297.09492,(CM**-1),CDDDH
MODE,192,FREQUENCY=,3387.45019,(CM**-1),CDDDH
MODE,193,FREQUENCY=,3661.31526,(CM**-1),CDDDH
MODE,194,FREQUENCY=,3664.94756,(CM**-1),CDDDH
MODE,195,FREQUENCY=,3753.18522,(CM**-1),CDDDH
,,,,,
,,,,,
12-2-2-2-2,,,,,
MODE,1,FREQUENCY=,-887.36602,(CM**-1),CDDDD
MODE,8,FREQUENCY=,21.23862,(CM**-1),CDDDD
MODE,9,FREQUENCY=,21.83479,(CM**-1),CDDDD
MODE,10,FREQUENCY=,25.43005,(CM**-1),CDDDD
MODE,11,FREQUENCY=,26.84467,(CM**-1),CDDDD
MODE,12,FREQUENCY=,28.30425,(CM**-1),CDDDD
MODE,13,FREQUENCY=,31.90325,(CM**-1),CDDDD
MODE,14,FREQUENCY=,36.42577,(CM**-1),CDDDD
MODE,15,FREQUENCY=,41.94026,(CM**-1),CDDDD
MODE,16,FREQUENCY=,45.11786,(CM**-1),CDDDD
MODE,17,FREQUENCY=,45.92872,(CM**-1),CDDDD
MODE,18,FREQUENCY=,50.08309,(CM**-1),CDDDD
MODE,19,FREQUENCY=,52.73364,(CM**-1),CDDDD
MODE,20,FREQUENCY=,54.35833,(CM**-1),CDDDD
MODE,21,FREQUENCY=,60.0726,(CM**-1),CDDDD
MODE,22,FREQUENCY=,62.19731,(CM**-1),CDDDD
MODE,23,FREQUENCY=,69.15326,(CM**-1),CDDDD
MODE,24,FREQUENCY=,76.24939,(CM**-1),CDDDD
MODE,25,FREQUENCY=,80.55005,(CM**-1),CDDDD
MODE,26,FREQUENCY=,84.23286,(CM**-1),CDDDD
MODE,27,FREQUENCY=,89.08143,(CM**-1),CDDDD
MODE,28,FREQUENCY=,98.85677,(CM**-1),CDDDD
MODE,29,FREQUENCY=,109.74362,(CM**-1),CDDDD
MODE,30,FREQUENCY=,110.49036,(CM**-1),CDDDD
MODE,31,FREQUENCY=,115.59437,(CM**-1),CDDDD
MODE,32,FREQUENCY=,124.70348,(CM**-1),CDDDD
MODE,33,FREQUENCY=,128.02219,(CM**-1),CDDDD
MODE,34,FREQUENCY=,134.57624,(CM**-1),CDDDD
MODE,35,FREQUENCY=,138.43405,(CM**-1),CDDDD
MODE,36,FREQUENCY=,140.47096,(CM**-1),CDDDD
MODE,37,FREQUENCY=,141.74833,(CM**-1),CDDDD
MODE,38,FREQUENCY=,147.20997,(CM**-1),CDDDD
MODE,39,FREQUENCY=,155.467,(CM**-1),CDDDD
MODE,40,FREQUENCY=,156.66759,(CM**-1),CDDDD
MODE,41,FREQUENCY=,163.09681,(CM**-1),CDDDD
MODE,42,FREQUENCY=,166.89011,(CM**-1),CDDDD
MODE,43,FREQUENCY=,170.47943,(CM**-1),CDDDD
MODE,44,FREQUENCY=,172.19506,(CM**-1),CDDDD
MODE,45,FREQUENCY=,177.68274,(CM**-1),CDDDD
MODE,46,FREQUENCY=,189.46723,(CM**-1),CDDDD
MODE,47,FREQUENCY=,195.94258,(CM**-1),CDDDD
MODE,48,FREQUENCY=,206.0248,(CM**-1),CDDDD
MODE,49,FREQUENCY=,212.58916,(CM**-1),CDDDD
MODE,50,FREQUENCY=,217.80914,(CM**-1),CDDDD
MODE,51,FREQUENCY=,233.50685,(CM**-1),CDDDD
MODE,52,FREQUENCY=,238.03484,(CM**-1),CDDDD
MODE,53,FREQUENCY=,274.92311,(CM**-1),CDDDD
MODE,54,FREQUENCY=,277.57632,(CM**-1),CDDDD
MODE,55,FREQUENCY=,282.25035,(CM**-1),CDDDD
MODE,56,FREQUENCY=,292.21791,(CM**-1),CDDDD
MODE,57,FREQUENCY=,298.84181,(CM**-1),CDDDD
MODE,58,FREQUENCY=,307.98707,(CM**-1),CDDDD
MODE,59,FREQUENCY=,318.9051,(CM**-1),CDDDD
MODE,60,FREQUENCY=,320.61259,(CM**-1),CDDDD
MODE,61,FREQUENCY=,343.5357,(CM**-1),CDDDD
MODE,62,FREQUENCY=,357.03717,(CM**-1),CDDDD
MODE,63,FREQUENCY=,359.18079,(CM**-1),CDDDD
MODE,64,FREQUENCY=,372.91675,(CM**-1),CDDDD
MODE,65,FREQUENCY=,377.05163,(CM**-1),CDDDD
MODE,66,FREQUENCY=,413.74019,(CM**-1),CDDDD
MODE,67,FREQUENCY=,456.24446,(CM**-1),CDDDD
MODE,68,FREQUENCY=,486.47292,(CM**-1),CDDDD
MODE,69,FREQUENCY=,517.90556,(CM**-1),CDDDD
MODE,70,FREQUENCY=,528.65643,(CM**-1),CDDDD
MODE,71,FREQUENCY=,531.54699,(CM**-1),CDDDD
MODE,72,FREQUENCY=,539.98011,(CM**-1),CDDDD
MODE,73,FREQUENCY=,556.23027,(CM**-1),CDDDD
MODE,74,FREQUENCY=,576.27522,(CM**-1),CDDDD
MODE,75,FREQUENCY=,589.88684,(CM**-1),CDDDD
MODE,76,FREQUENCY=,597.43245,(CM**-1),CDDDD
MODE,77,FREQUENCY=,609.64765,(CM**-1),CDDDD
MODE,78,FREQUENCY=,612.84243,(CM**-1),CDDDD
MODE,79,FREQUENCY=,615.37903,(CM**-1),CDDDD
MODE,80,FREQUENCY=,629.73978,(CM**-1),CDDDD
MODE,81,FREQUENCY=,633.35769,(CM**-1),CDDDD
MODE,82,FREQUENCY=,644.3582,(CM**-1),CDDDD
MODE,83,FREQUENCY=,647.85775,(CM**-1),CDDDD
MODE,84,FREQUENCY=,662.00712,(CM**-1),CDDDD
MODE,85,FREQUENCY=,663.19985,(CM**-1),CDDDD
MODE,86,FREQUENCY=,664.04566,(CM**-1),CDDDD
MODE,87,FREQUENCY=,677.1754,(CM**-1),CDDDD
MODE,88,FREQUENCY=,680.9444,(CM**-1),CDDDD
MODE,89,FREQUENCY=,683.77591,(CM**-1),CDDDD
MODE,90,FREQUENCY=,714.44797,(CM**-1),CDDDD
MODE,91,FREQUENCY=,728.59978,(CM**-1),CDDDD
MODE,92,FREQUENCY=,735.78643,(CM**-1),CDDDD
MODE,93,FREQUENCY=,803.40229,(CM**-1),CDDDD
MODE,94,FREQUENCY=,836.46133,(CM**-1),CDDDD
MODE,95,FREQUENCY=,856.25871,(CM**-1),CDDDD
MODE,96,FREQUENCY=,880.46493,(CM**-1),CDDDD
MODE,97,FREQUENCY=,889.81755,(CM**-1),CDDDD
MODE,98,FREQUENCY=,922.54215,(CM**-1),CDDDD
MODE,99,FREQUENCY=,938.27827,(CM**-1),CDDDD
MODE,100,FREQUENCY=,939.36803,(CM**-1),CDDDD
MODE,101,FREQUENCY=,942.80159,(CM**-1),CDDDD
MODE,102,FREQUENCY=,943.71504,(CM**-1),CDDDD
MODE,103,FREQUENCY=,944.69584,(CM**-1),CDDDD
MODE,104,FREQUENCY=,954.70162,(CM**-1),CDDDD
MODE,105,FREQUENCY=,998.68034,(CM**-1),CDDDD
MODE,106,FREQUENCY=,1010.03321,(CM**-1),CDDDD
MODE,107,FREQUENCY=,1011.4322,(CM**-1),CDDDD
MODE,108,FREQUENCY=,1014.72586,(CM**-1),CDDDD
MODE,109,FREQUENCY=,1017.15909,(CM**-1),CDDDD
MODE,110,FREQUENCY=,1024.62664,(CM**-1),CDDDD
MODE,111,FREQUENCY=,1026.51328,(CM**-1),CDDDD
MODE,112,FREQUENCY=,1037.1135,(CM**-1),CDDDD
MODE,113,FREQUENCY=,1043.09234,(CM**-1),CDDDD
MODE,114,FREQUENCY=,1049.28416,(CM**-1),CDDDD
MODE,115,FREQUENCY=,1054.61933,(CM**-1),CDDDD
MODE,116,FREQUENCY=,1058.70716,(CM**-1),CDDDD
MODE,117,FREQUENCY=,1065.45839,(CM**-1),CDDDD
MODE,118,FREQUENCY=,1068.08992,(CM**-1),CDDDD
MODE,119,FREQUENCY=,1070.35606,(CM**-1),CDDDD
MODE,120,FREQUENCY=,1071.13537,(CM**-1),CDDDD
MODE,121,FREQUENCY=,1072.67356,(CM**-1),CDDDD
MODE,122,FREQUENCY=,1092.74317,(CM**-1),CDDDD
MODE,123,FREQUENCY=,1095.65168,(CM**-1),CDDDD
MODE,124,FREQUENCY=,1154.14233,(CM**-1),CDDDD
MODE,125,FREQUENCY=,1169.76585,(CM**-1),CDDDD
MODE,126,FREQUENCY=,1183.13782,(CM**-1),CDDDD
MODE,127,FREQUENCY=,1257.26381,(CM**-1),CDDDD
MODE,128,FREQUENCY=,1260.62327,(CM**-1),CDDDD
MODE,129,FREQUENCY=,1298.49649,(CM**-1),CDDDD
MODE,130,FREQUENCY=,1299.49361,(CM**-1),CDDDD
MODE,131,FREQUENCY=,1315.0806,(CM**-1),CDDDD
MODE,132,FREQUENCY=,1348.77444,(CM**-1),CDDDD
MODE,133,FREQUENCY=,1350.46306,(CM**-1),CDDDD
MODE,134,FREQUENCY=,1370.03785,(CM**-1),CDDDD
MODE,135,FREQUENCY=,1381.29195,(CM**-1),CDDDD
MODE,136,FREQUENCY=,1389.56558,(CM**-1),CDDDD
MODE,137,FREQUENCY=,1399.93355,(CM**-1),CDDDD
MODE,138,FREQUENCY=,1428.44839,(CM**-1),CDDDD
MODE,139,FREQUENCY=,1429.98996,(CM**-1),CDDDD
MODE,140,FREQUENCY=,1433.44726,(CM**-1),CDDDD
MODE,141,FREQUENCY=,1443.48895,(CM**-1),CDDDD
MODE,142,FREQUENCY=,1471.18881,(CM**-1),CDDDD
MODE,143,FREQUENCY=,1476.13251,(CM**-1),CDDDD
MODE,144,FREQUENCY=,1477.42909,(CM**-1),CDDDD
MODE,145,FREQUENCY=,1478.68103,(CM**-1),CDDDD
MODE,146,FREQUENCY=,1479.96415,(CM**-1),CDDDD
MODE,147,FREQUENCY=,1482.13108,(CM**-1),CDDDD
MODE,148,FREQUENCY=,1483.29682,(CM**-1),CDDDD
MODE,149,FREQUENCY=,1487.57704,(CM**-1),CDDDD
MODE,150,FREQUENCY=,1488.63535,(CM**-1),CDDDD
MODE,151,FREQUENCY=,1489.42752,(CM**-1),CDDDD
MODE,152,FREQUENCY=,1489.93798,(CM**-1),CDDDD
MODE,153,FREQUENCY=,1491.25067,(CM**-1),CDDDD
MODE,154,FREQUENCY=,1503.92825,(CM**-1),CDDDD
MODE,155,FREQUENCY=,1511.65488,(CM**-1),CDDDD
MODE,156,FREQUENCY=,1512.37274,(CM**-1),CDDDD
MODE,157,FREQUENCY=,1542.06094,(CM**-1),CDDDD
MODE,158,FREQUENCY=,1543.22805,(CM**-1),CDDDD
MODE,159,FREQUENCY=,1594.17625,(CM**-1),CDDDD
MODE,160,FREQUENCY=,1616.19821,(CM**-1),CDDDD
MODE,161,FREQUENCY=,1617.40907,(CM**-1),CDDDD
MODE,162,FREQUENCY=,1623.77903,(CM**-1),CDDDD
MODE,163,FREQUENCY=,1650.17057,(CM**-1),CDDDD
MODE,164,FREQUENCY=,1720.76271,(CM**-1),CDDDD
MODE,165,FREQUENCY=,1724.66379,(CM**-1),CDDDD
MODE,166,FREQUENCY=,2193.46062,(CM**-1),CDDDD
MODE,167,FREQUENCY=,2388.86036,(CM**-1),CDDDD
MODE,168,FREQUENCY=,2397.4408,(CM**-1),CDDDD
MODE,169,FREQUENCY=,3056.12753,(CM**-1),CDDDD
MODE,170,FREQUENCY=,3060.05209,(CM**-1),CDDDD
MODE,171,FREQUENCY=,3060.41272,(CM**-1),CDDDD
MODE,172,FREQUENCY=,3064.39625,(CM**-1),CDDDD
MODE,173,FREQUENCY=,3064.63425,(CM**-1),CDDDD
MODE,174,FREQUENCY=,3065.70424,(CM**-1),CDDDD
MODE,175,FREQUENCY=,3128.13892,(CM**-1),CDDDD
MODE,176,FREQUENCY=,3134.72234,(CM**-1),CDDDD
MODE,177,FREQUENCY=,3136.61898,(CM**-1),CDDDD
MODE,178,FREQUENCY=,3140.43411,(CM**-1),CDDDD
MODE,179,FREQUENCY=,3140.88361,(CM**-1),CDDDD
MODE,180,FREQUENCY=,3142.27309,(CM**-1),CDDDD
MODE,181,FREQUENCY=,3148.08916,(CM**-1),CDDDD
MODE,182,FREQUENCY=,3158.90706,(CM**-1),CDDDD
MODE,183,FREQUENCY=,3169.73777,(CM**-1),CDDDD
MODE,184,FREQUENCY=,3175.31032,(CM**-1),CDDDD
MODE,185,FREQUENCY=,3175.44831,(CM**-1),CDDDD
MODE,186,FREQUENCY=,3178.80357,(CM**-1),CDDDD
MODE,187,FREQUENCY=,3240.79627,(CM**-1),CDDDD
MODE,188,FREQUENCY=,3269.76184,(CM**-1),CDDDD
MODE,189,FREQUENCY=,3293.22405,(CM**-1),CDDDD
MODE,190,FREQUENCY=,3293.3664,(CM**-1),CDDDD
MODE,191,FREQUENCY=,3297.0945,(CM**-1),CDDDD
MODE,192,FREQUENCY=,3387.44654,(CM**-1),CDDDD
MODE,193,FREQUENCY=,3661.31517,(CM**-1),CDDDD
MODE,194,FREQUENCY=,3664.94753,(CM**-1),CDDDD
MODE,195,FREQUENCY=,3753.18516,(CM**-1),CDDDD
,,,,,
,,,,,
13-1-1-1-1,,,,,
MODE,1,FREQUENCY=,-1192.42734,(CM**-1),QHHHH
MODE,8,FREQUENCY=,21.32631,(CM**-1),QHHHH
MODE,9,FREQUENCY=,23.20011,(CM**-1),QHHHH
MODE,10,FREQUENCY=,25.46426,(CM**-1),QHHHH
MODE,11,FREQUENCY=,27.37569,(CM**-1),QHHHH
MODE,12,FREQUENCY=,28.32771,(CM**-1),QHHHH
MODE,13,FREQUENCY=,32.07229,(CM**-1),QHHHH
MODE,14,FREQUENCY=,36.89795,(CM**-1),QHHHH
MODE,15,FREQUENCY=,42.10494,(CM**-1),QHHHH
MODE,16,FREQUENCY=,45.24962,(CM**-1),QHHHH
MODE,17,FREQUENCY=,50.1618,(CM**-1),QHHHH
MODE,18,FREQUENCY=,53.01191,(CM**-1),QHHHH
MODE,19,FREQUENCY=,54.88722,(CM**-1),QHHHH
MODE,20,FREQUENCY=,58.69941,(CM**-1),QHHHH
MODE,21,FREQUENCY=,62.50782,(CM**-1),QHHHH
MODE,22,FREQUENCY=,64.68526,(CM**-1),QHHHH
MODE,23,FREQUENCY=,69.90776,(CM**-1),QHHHH
MODE,24,FREQUENCY=,76.64818,(CM**-1),QHHHH
MODE,25,FREQUENCY=,83.31536,(CM**-1),QHHHH
MODE,26,FREQUENCY=,84.52712,(CM**-1),QHHHH
MODE,27,FREQUENCY=,89.86849,(CM**-1),QHHHH
MODE,28,FREQUENCY=,99.13684,(CM**-1),QHHHH
MODE,29,FREQUENCY=,109.77619,(CM**-1),QHHHH
MODE,30,FREQUENCY=,110.52686,(CM**-1),QHHHH
MODE,31,FREQUENCY=,115.60991,(CM**-1),QHHHH
MODE,32,FREQUENCY=,124.73629,(CM**-1),QHHHH
MODE,33,FREQUENCY=,128.04667,(CM**-1),QHHHH
MODE,34,FREQUENCY=,134.78954,(CM**-1),QHHHH
MODE,35,FREQUENCY=,138.48345,(CM**-1),QHHHH
MODE,36,FREQUENCY=,140.57158,(CM**-1),QHHHH
MODE,37,FREQUENCY=,141.87792,(CM**-1),QHHHH
MODE,38,FREQUENCY=,147.66739,(CM**-1),QHHHH
MODE,39,FREQUENCY=,155.58077,(CM**-1),QHHHH
MODE,40,FREQUENCY=,156.88602,(CM**-1),QHHHH
MODE,41,FREQUENCY=,163.10003,(CM**-1),QHHHH
MODE,42,FREQUENCY=,166.91802,(CM**-1),QHHHH
MODE,43,FREQUENCY=,170.54274,(CM**-1),QHHHH
MODE,44,FREQUENCY=,172.41459,(CM**-1),QHHHH
MODE,45,FREQUENCY=,178.70205,(CM**-1),QHHHH
MODE,46,FREQUENCY=,189.65249,(CM**-1),QHHHH
MODE,47,FREQUENCY=,196.64377,(CM**-1),QHHHH
MODE,48,FREQUENCY=,206.53689,(CM**-1),QHHHH
MODE,49,FREQUENCY=,212.8686,(CM**-1),QHHHH
MODE,50,FREQUENCY=,218.5164,(CM**-1),QHHHH
MODE,51,FREQUENCY=,235.2418,(CM**-1),QHHHH
MODE,52,FREQUENCY=,246.93437,(CM**-1),QHHHH
MODE,53,FREQUENCY=,276.01444,(CM**-1),QHHHH
MODE,54,FREQUENCY=,277.76074,(CM**-1),QHHHH
MODE,55,FREQUENCY=,282.86584,(CM**-1),QHHHH
MODE,56,FREQUENCY=,295.10785,(CM**-1),QHHHH
MODE,57,FREQUENCY=,318.11039,(CM**-1),QHHHH
MODE,58,FREQUENCY=,320.50479,(CM**-1),QHHHH
MODE,59,FREQUENCY=,334.4784,(CM**-1),QHHHH
MODE,60,FREQUENCY=,353.99911,(CM**-1),QHHHH
MODE,61,FREQUENCY=,357.14339,(CM**-1),QHHHH
MODE,62,FREQUENCY=,368.82031,(CM**-1),QHHHH
MODE,63,FREQUENCY=,373.51592,(CM**-1),QHHHH
MODE,64,FREQUENCY=,394.08017,(CM**-1),QHHHH
MODE,65,FREQUENCY=,402.2617,(CM**-1),QHHHH
MODE,66,FREQUENCY=,456.01614,(CM**-1),QHHHH
MODE,67,FREQUENCY=,473.30057,(CM**-1),QHHHH
MODE,68,FREQUENCY=,486.56116,(CM**-1),QHHHH
MODE,69,FREQUENCY=,518.06724,(CM**-1),QHHHH
MODE,70,FREQUENCY=,528.69295,(CM**-1),QHHHH
MODE,71,FREQUENCY=,531.67684,(CM**-1),QHHHH
MODE,72,FREQUENCY=,539.99445,(CM**-1),QHHHH
MODE,73,FREQUENCY=,556.49169,(CM**-1),QHHHH
MODE,74,FREQUENCY=,576.27771,(CM**-1),QHHHH
MODE,75,FREQUENCY=,589.93741,(CM**-1),QHHHH
MODE,76,FREQUENCY=,597.43396,(CM**-1),QHHHH
MODE,77,FREQUENCY=,609.65148,(CM**-1),QHHHH
MODE,78,FREQUENCY=,612.88169,(CM**-1),QHHHH
MODE,79,FREQUENCY=,615.39788,(CM**-1),QHHHH
MODE,80,FREQUENCY=,629.75334,(CM**-1),QHHHH
MODE,81,FREQUENCY=,633.35996,(CM**-1),QHHHH
MODE,82,FREQUENCY=,644.3587,(CM**-1),QHHHH
MODE,83,FREQUENCY=,647.85818,(CM**-1),QHHHH
MODE,84,FREQUENCY=,662.19568,(CM**-1),QHHHH
MODE,85,FREQUENCY=,663.22804,(CM**-1),QHHHH
MODE,86,FREQUENCY=,664.12209,(CM**-1),QHHHH
MODE,87,FREQUENCY=,677.1806,(CM**-1),QHHHH
MODE,88,FREQUENCY=,681.15968,(CM**-1),QHHHH
MODE,89,FREQUENCY=,683.85798,(CM**-1),QHHHH
MODE,90,FREQUENCY=,728.5989,(CM**-1),QHHHH
MODE,91,FREQUENCY=,735.77528,(CM**-1),QHHHH
MODE,92,FREQUENCY=,738.25266,(CM**-1),QHHHH
MODE,93,FREQUENCY=,803.58946,(CM**-1),QHHHH
MODE,94,FREQUENCY=,836.47178,(CM**-1),QHHHH
MODE,95,FREQUENCY=,880.46983,(CM**-1),QHHHH
MODE,96,FREQUENCY=,922.52198,(CM**-1),QHHHH
MODE,97,FREQUENCY=,938.29397,(CM**-1),QHHHH
MODE,98,FREQUENCY=,939.39636,(CM**-1),QHHHH
MODE,99,FREQUENCY=,943.49165,(CM**-1),QHHHH
MODE,100,FREQUENCY=,944.25386,(CM**-1),QHHHH
MODE,101,FREQUENCY=,954.65379,(CM**-1),QHHHH
MODE,102,FREQUENCY=,998.68147,(CM**-1),QHHHH
MODE,103,FREQUENCY=,1010.04493,(CM**-1),QHHHH
MODE,104,FREQUENCY=,1011.42813,(CM**-1),QHHHH
MODE,105,FREQUENCY=,1014.73491,(CM**-1),QHHHH
MODE,106,FREQUENCY=,1017.15871,(CM**-1),QHHHH
MODE,107,FREQUENCY=,1024.64543,(CM**-1),QHHHH
MODE,108,FREQUENCY=,1026.49402,(CM**-1),QHHHH
MODE,109,FREQUENCY=,1037.10757,(CM**-1),QHHHH
MODE,110,FREQUENCY=,1043.0852,(CM**-1),QHHHH
MODE,111,FREQUENCY=,1058.65551,(CM**-1),QHHHH
MODE,112,FREQUENCY=,1065.38978,(CM**-1),QHHHH
MODE,113,FREQUENCY=,1068.02389,(CM**-1),QHHHH
MODE,114,FREQUENCY=,1070.35089,(CM**-1),QHHHH
MODE,115,FREQUENCY=,1071.13359,(CM**-1),QHHHH
MODE,116,FREQUENCY=,1072.67258,(CM**-1),QHHHH
MODE,117,FREQUENCY=,1092.74543,(CM**-1),QHHHH
MODE,118,FREQUENCY=,1095.65338,(CM**-1),QHHHH
MODE,119,FREQUENCY=,1154.14122,(CM**-1),QHHHH
MODE,120,FREQUENCY=,1169.76185,(CM**-1),QHHHH
MODE,121,FREQUENCY=,1175.08364,(CM**-1),QHHHH
MODE,122,FREQUENCY=,1183.11346,(CM**-1),QHHHH
MODE,123,FREQUENCY=,1219.56128,(CM**-1),QHHHH
MODE,124,FREQUENCY=,1244.21151,(CM**-1),QHHHH
MODE,125,FREQUENCY=,1257.26847,(CM**-1),QHHHH
MODE,126,FREQUENCY=,1260.62473,(CM**-1),QHHHH
MODE,127,FREQUENCY=,1298.50295,(CM**-1),QHHHH
MODE,128,FREQUENCY=,1299.50201,(CM**-1),QHHHH
MODE,129,FREQUENCY=,1315.11012,(CM**-1),QHHHH
MODE,130,FREQUENCY=,1348.77468,(CM**-1),QHHHH
MODE,131,FREQUENCY=,1350.4632,(CM**-1),QHHHH
MODE,132,FREQUENCY=,1370.04456,(CM**-1),QHHHH
MODE,133,FREQUENCY=,1381.30801,(CM**-1),QHHHH
MODE,134,FREQUENCY=,1389.56185,(CM**-1),QHHHH
MODE,135,FREQUENCY=,1399.96163,(CM**-1),QHHHH
MODE,136,FREQUENCY=,1428.44109,(CM**-1),QHHHH
MODE,137,FREQUENCY=,1429.9951,(CM**-1),QHHHH
MODE,138,FREQUENCY=,1433.42447,(CM**-1),QHHHH
MODE,139,FREQUENCY=,1435.28676,(CM**-1),QHHHH
MODE,140,FREQUENCY=,1443.37378,(CM**-1),QHHHH
MODE,141,FREQUENCY=,1444.7012,(CM**-1),QHHHH
MODE,142,FREQUENCY=,1471.25595,(CM**-1),QHHHH
MODE,143,FREQUENCY=,1476.13306,(CM**-1),QHHHH
MODE,144,FREQUENCY=,1477.43461,(CM**-1),QHHHH
MODE,145,FREQUENCY=,1478.68113,(CM**-1),QHHHH
MODE,146,FREQUENCY=,1479.9755,(CM**-1),QHHHH
MODE,147,FREQUENCY=,1482.41806,(CM**-1),QHHHH
MODE,148,FREQUENCY=,1483.38286,(CM**-1),QHHHH
MODE,149,FREQUENCY=,1487.57758,(CM**-1),QHHHH
MODE,150,FREQUENCY=,1488.63773,(CM**-1),QHHHH
MODE,151,FREQUENCY=,1489.48458,(CM**-1),QHHHH
MODE,152,FREQUENCY=,1490.04438,(CM**-1),QHHHH
MODE,153,FREQUENCY=,1491.25231,(CM**-1),QHHHH
MODE,154,FREQUENCY=,1503.96511,(CM**-1),QHHHH
MODE,155,FREQUENCY=,1511.66568,(CM**-1),QHHHH
MODE,156,FREQUENCY=,1512.37564,(CM**-1),QHHHH
MODE,157,FREQUENCY=,1542.07107,(CM**-1),QHHHH
MODE,158,FREQUENCY=,1543.23639,(CM**-1),QHHHH
MODE,159,FREQUENCY=,1594.26526,(CM**-1),QHHHH
MODE,160,FREQUENCY=,1616.20663,(CM**-1),QHHHH
MODE,161,FREQUENCY=,1617.41005,(CM**-1),QHHHH
MODE,162,FREQUENCY=,1623.83423,(CM**-1),QHHHH
MODE,163,FREQUENCY=,1650.17873,(CM**-1),QHHHH
MODE,164,FREQUENCY=,1720.79399,(CM**-1),QHHHH
MODE,165,FREQUENCY=,1724.66592,(CM**-1),QHHHH
MODE,166,FREQUENCY=,3056.12716,(CM**-1),QHHHH
MODE,167,FREQUENCY=,3060.0521,(CM**-1),QHHHH
MODE,168,FREQUENCY=,3060.41278,(CM**-1),QHHHH
MODE,169,FREQUENCY=,3064.3963,(CM**-1),QHHHH
MODE,170,FREQUENCY=,3064.63427,(CM**-1),QHHHH
MODE,171,FREQUENCY=,3065.70426,(CM**-1),QHHHH
MODE,172,FREQUENCY=,3078.17616,(CM**-1),QHHHH
MODE,173,FREQUENCY=,3128.13828,(CM**-1),QHHHH
MODE,174,FREQUENCY=,3134.72234,(CM**-1),QHHHH
MODE,175,FREQUENCY=,3136.61899,(CM**-1),QHHHH
MODE,176,FREQUENCY=,3140.43415,(CM**-1),QHHHH
MODE,177,FREQUENCY=,3140.8836,(CM**-1),QHHHH
MODE,178,FREQUENCY=,3142.27308,(CM**-1),QHHHH
MODE,179,FREQUENCY=,3148.08916,(CM**-1),QHHHH
MODE,180,FREQUENCY=,3158.90706,(CM**-1),QHHHH
MODE,181,FREQUENCY=,3169.73681,(CM**-1),QHHHH
MODE,182,FREQUENCY=,3175.31024,(CM**-1),QHHHH
MODE,183,FREQUENCY=,3175.44823,(CM**-1),QHHHH
MODE,184,FREQUENCY=,3178.80357,(CM**-1),QHHHH
MODE,185,FREQUENCY=,3203.76717,(CM**-1),QHHHH
MODE,186,FREQUENCY=,3214.96092,(CM**-1),QHHHH
MODE,187,FREQUENCY=,3240.86322,(CM**-1),QHHHH
MODE,188,FREQUENCY=,3269.76287,(CM**-1),QHHHH
MODE,189,FREQUENCY=,3293.2242,(CM**-1),QHHHH
MODE,190,FREQUENCY=,3293.36641,(CM**-1),QHHHH
MODE,191,FREQUENCY=,3297.09497,(CM**-1),QHHHH
MODE,192,FREQUENCY=,3387.45074,(CM**-1),QHHHH
MODE,193,FREQUENCY=,3661.31527,(CM**-1),QHHHH
MODE,194,FREQUENCY=,3664.94757,(CM**-1),QHHHH
MODE,195,FREQUENCY=,3753.1853,(CM**-1),QHHHH
,,,,,
,,,,,
13-1-1-1-2,,,,,
MODE,1,FREQUENCY=,-908.62654,(CM**-1),QHHHD
MODE,8,FREQUENCY=,21.32561,(CM**-1),QHHHD
MODE,9,FREQUENCY=,23.11856,(CM**-1),QHHHD
MODE,10,FREQUENCY=,25.46353,(CM**-1),QHHHD
MODE,11,FREQUENCY=,27.35186,(CM**-1),QHHHD
MODE,12,FREQUENCY=,28.32451,(CM**-1),QHHHD
MODE,13,FREQUENCY=,32.06972,(CM**-1),QHHHD
MODE,14,FREQUENCY=,36.89642,(CM**-1),QHHHD
MODE,15,FREQUENCY=,42.10121,(CM**-1),QHHHD
MODE,16,FREQUENCY=,45.24454,(CM**-1),QHHHD
MODE,17,FREQUENCY=,50.15816,(CM**-1),QHHHD
MODE,18,FREQUENCY=,52.99021,(CM**-1),QHHHD
MODE,19,FREQUENCY=,54.77091,(CM**-1),QHHHD
MODE,20,FREQUENCY=,58.68844,(CM**-1),QHHHD
MODE,21,FREQUENCY=,62.47542,(CM**-1),QHHHD
MODE,22,FREQUENCY=,64.67657,(CM**-1),QHHHD
MODE,23,FREQUENCY=,69.90156,(CM**-1),QHHHD
MODE,24,FREQUENCY=,76.645,(CM**-1),QHHHD
MODE,25,FREQUENCY=,83.30862,(CM**-1),QHHHD
MODE,26,FREQUENCY=,84.52029,(CM**-1),QHHHD
MODE,27,FREQUENCY=,89.85882,(CM**-1),QHHHD
MODE,28,FREQUENCY=,99.05254,(CM**-1),QHHHD
MODE,29,FREQUENCY=,109.75948,(CM**-1),QHHHD
MODE,30,FREQUENCY=,110.5185,(CM**-1),QHHHD
MODE,31,FREQUENCY=,115.60548,(CM**-1),QHHHD
MODE,32,FREQUENCY=,124.73132,(CM**-1),QHHHD
MODE,33,FREQUENCY=,128.03446,(CM**-1),QHHHD
MODE,34,FREQUENCY=,134.71441,(CM**-1),QHHHD
MODE,35,FREQUENCY=,138.4671,(CM**-1),QHHHD
MODE,36,FREQUENCY=,140.54949,(CM**-1),QHHHD
MODE,37,FREQUENCY=,141.84215,(CM**-1),QHHHD
MODE,38,FREQUENCY=,147.52158,(CM**-1),QHHHD
MODE,39,FREQUENCY=,155.54547,(CM**-1),QHHHD
MODE,40,FREQUENCY=,156.80502,(CM**-1),QHHHD
MODE,41,FREQUENCY=,163.09925,(CM**-1),QHHHD
MODE,42,FREQUENCY=,166.90495,(CM**-1),QHHHD
MODE,43,FREQUENCY=,170.51818,(CM**-1),QHHHD
MODE,44,FREQUENCY=,172.33811,(CM**-1),QHHHD
MODE,45,FREQUENCY=,178.40577,(CM**-1),QHHHD
MODE,46,FREQUENCY=,189.60615,(CM**-1),QHHHD
MODE,47,FREQUENCY=,196.48851,(CM**-1),QHHHD
MODE,48,FREQUENCY=,206.36094,(CM**-1),QHHHD
MODE,49,FREQUENCY=,212.7905,(CM**-1),QHHHD
MODE,50,FREQUENCY=,218.35666,(CM**-1),QHHHD
MODE,51,FREQUENCY=,234.8579,(CM**-1),QHHHD
MODE,52,FREQUENCY=,244.01464,(CM**-1),QHHHD
MODE,53,FREQUENCY=,275.81463,(CM**-1),QHHHD
MODE,54,FREQUENCY=,277.71217,(CM**-1),QHHHD
MODE,55,FREQUENCY=,282.73616,(CM**-1),QHHHD
MODE,56,FREQUENCY=,294.76341,(CM**-1),QHHHD
MODE,57,FREQUENCY=,317.22938,(CM**-1),QHHHD
MODE,58,FREQUENCY=,320.45045,(CM**-1),QHHHD
MODE,59,FREQUENCY=,327.44271,(CM**-1),QHHHD
MODE,60,FREQUENCY=,349.52933,(CM**-1),QHHHD
MODE,61,FREQUENCY=,352.83472,(CM**-1),QHHHD
MODE,62,FREQUENCY=,362.16613,(CM**-1),QHHHD
MODE,63,FREQUENCY=,366.37354,(CM**-1),QHHHD
MODE,64,FREQUENCY=,373.49139,(CM**-1),QHHHD
MODE,65,FREQUENCY=,386.59481,(CM**-1),QHHHD
MODE,66,FREQUENCY=,441.57632,(CM**-1),QHHHD
MODE,67,FREQUENCY=,456.46955,(CM**-1),QHHHD
MODE,68,FREQUENCY=,486.5078,(CM**-1),QHHHD
MODE,69,FREQUENCY=,517.92949,(CM**-1),QHHHD
MODE,70,FREQUENCY=,528.67675,(CM**-1),QHHHD
MODE,71,FREQUENCY=,531.63587,(CM**-1),QHHHD
MODE,72,FREQUENCY=,539.99305,(CM**-1),QHHHD
MODE,73,FREQUENCY=,556.4376,(CM**-1),QHHHD
MODE,74,FREQUENCY=,576.27611,(CM**-1),QHHHD
MODE,75,FREQUENCY=,589.9021,(CM**-1),QHHHD
MODE,76,FREQUENCY=,597.43358,(CM**-1),QHHHD
MODE,77,FREQUENCY=,609.65119,(CM**-1),QHHHD
MODE,78,FREQUENCY=,612.87788,(CM**-1),QHHHD
MODE,79,FREQUENCY=,615.39701,(CM**-1),QHHHD
MODE,80,FREQUENCY=,629.74261,(CM**-1),QHHHD
MODE,81,FREQUENCY=,633.35799,(CM**-1),QHHHD
MODE,82,FREQUENCY=,644.35832,(CM**-1),QHHHD
MODE,83,FREQUENCY=,647.85801,(CM**-1),QHHHD
MODE,84,FREQUENCY=,662.06371,(CM**-1),QHHHD
MODE,85,FREQUENCY=,663.21155,(CM**-1),QHHHD
MODE,86,FREQUENCY=,664.07106,(CM**-1),QHHHD
MODE,87,FREQUENCY=,677.17618,(CM**-1),QHHHD
MODE,88,FREQUENCY=,681.03325,(CM**-1),QHHHD
MODE,89,FREQUENCY=,683.80862,(CM**-1),QHHHD
MODE,90,FREQUENCY=,717.74605,(CM**-1),QHHHD
MODE,91,FREQUENCY=,728.59991,(CM**-1),QHHHD
MODE,92,FREQUENCY=,735.78672,(CM**-1),QHHHD
MODE,93,FREQUENCY=,803.39915,(CM**-1),QHHHD
MODE,94,FREQUENCY=,836.4669,(CM**-1),QHHHD
MODE,95,FREQUENCY=,880.46787,(CM**-1),QHHHD
MODE,96,FREQUENCY=,922.50773,(CM**-1),QHHHD
MODE,97,FREQUENCY=,938.29293,(CM**-1),QHHHD
MODE,98,FREQUENCY=,939.39093,(CM**-1),QHHHD
MODE,99,FREQUENCY=,943.45465,(CM**-1),QHHHD
MODE,100,FREQUENCY=,944.24475,(CM**-1),QHHHD
MODE,101,FREQUENCY=,954.59713,(CM**-1),QHHHD
MODE,102,FREQUENCY=,964.19035,(CM**-1),QHHHD
MODE,103,FREQUENCY=,986.25146,(CM**-1),QHHHD
MODE,104,FREQUENCY=,998.65756,(CM**-1),QHHHD
MODE,105,FREQUENCY=,1010.03334,(CM**-1),QHHHD
MODE,106,FREQUENCY=,1011.42936,(CM**-1),QHHHD
MODE,107,FREQUENCY=,1014.72667,(CM**-1),QHHHD
MODE,108,FREQUENCY=,1017.15891,(CM**-1),QHHHD
MODE,109,FREQUENCY=,1024.64879,(CM**-1),QHHHD
MODE,110,FREQUENCY=,1026.53217,(CM**-1),QHHHD
MODE,111,FREQUENCY=,1037.12267,(CM**-1),QHHHD
MODE,112,FREQUENCY=,1043.08334,(CM**-1),QHHHD
MODE,113,FREQUENCY=,1058.67244,(CM**-1),QHHHD
MODE,114,FREQUENCY=,1065.43494,(CM**-1),QHHHD
MODE,115,FREQUENCY=,1068.0679,(CM**-1),QHHHD
MODE,116,FREQUENCY=,1070.35528,(CM**-1),QHHHD
MODE,117,FREQUENCY=,1071.13445,(CM**-1),QHHHD
MODE,118,FREQUENCY=,1072.67344,(CM**-1),QHHHD
MODE,119,FREQUENCY=,1092.74295,(CM**-1),QHHHD
MODE,120,FREQUENCY=,1095.6512,(CM**-1),QHHHD
MODE,121,FREQUENCY=,1154.14097,(CM**-1),QHHHD
MODE,122,FREQUENCY=,1169.76557,(CM**-1),QHHHD
MODE,123,FREQUENCY=,1183.1353,(CM**-1),QHHHD
MODE,124,FREQUENCY=,1199.15308,(CM**-1),QHHHD
MODE,125,FREQUENCY=,1257.26372,(CM**-1),QHHHD
MODE,126,FREQUENCY=,1260.62343,(CM**-1),QHHHD
MODE,127,FREQUENCY=,1298.49575,(CM**-1),QHHHD
MODE,128,FREQUENCY=,1299.49621,(CM**-1),QHHHD
MODE,129,FREQUENCY=,1315.0152,(CM**-1),QHHHD
MODE,130,FREQUENCY=,1348.77447,(CM**-1),QHHHD
MODE,131,FREQUENCY=,1350.46306,(CM**-1),QHHHD
MODE,132,FREQUENCY=,1370.04006,(CM**-1),QHHHD
MODE,133,FREQUENCY=,1381.29814,(CM**-1),QHHHD
MODE,134,FREQUENCY=,1389.55422,(CM**-1),QHHHD
MODE,135,FREQUENCY=,1399.93189,(CM**-1),QHHHD
MODE,136,FREQUENCY=,1428.4392,(CM**-1),QHHHD
MODE,137,FREQUENCY=,1429.98957,(CM**-1),QHHHD
MODE,138,FREQUENCY=,1433.37689,(CM**-1),QHHHD
MODE,139,FREQUENCY=,1433.91233,(CM**-1),QHHHD
MODE,140,FREQUENCY=,1442.14217,(CM**-1),QHHHD
MODE,141,FREQUENCY=,1443.56709,(CM**-1),QHHHD
MODE,142,FREQUENCY=,1471.22169,(CM**-1),QHHHD
MODE,143,FREQUENCY=,1476.13268,(CM**-1),QHHHD
MODE,144,FREQUENCY=,1477.43146,(CM**-1),QHHHD
MODE,145,FREQUENCY=,1478.68111,(CM**-1),QHHHD
MODE,146,FREQUENCY=,1479.96943,(CM**-1),QHHHD
MODE,147,FREQUENCY=,1482.40634,(CM**-1),QHHHD
MODE,148,FREQUENCY=,1483.37592,(CM**-1),QHHHD
MODE,149,FREQUENCY=,1487.57726,(CM**-1),QHHHD
MODE,150,FREQUENCY=,1488.63746,(CM**-1),QHHHD
MODE,151,FREQUENCY=,1489.48293,(CM**-1),QHHHD
MODE,152,FREQUENCY=,1490.0404,(CM**-1),QHHHD
MODE,153,FREQUENCY=,1491.25161,(CM**-1),QHHHD
MODE,154,FREQUENCY=,1503.94691,(CM**-1),QHHHD
MODE,155,FREQUENCY=,1511.66011,(CM**-1),QHHHD
MODE,156,FREQUENCY=,1512.37334,(CM**-1),QHHHD
MODE,157,FREQUENCY=,1542.06237,(CM**-1),QHHHD
MODE,158,FREQUENCY=,1543.22987,(CM**-1),QHHHD
MODE,159,FREQUENCY=,1594.20829,(CM**-1),QHHHD
MODE,160,FREQUENCY=,1616.20125,(CM**-1),QHHHD
MODE,161,FREQUENCY=,1617.40938,(CM**-1),QHHHD
MODE,162,FREQUENCY=,1623.79755,(CM**-1),QHHHD
MODE,163,FREQUENCY=,1650.17352,(CM**-1),QHHHD
MODE,164,FREQUENCY=,1720.77681,(CM**-1),QHHHD
MODE,165,FREQUENCY=,1724.66437,(CM**-1),QHHHD
MODE,166,FREQUENCY=,3056.12691,(CM**-1),QHHHD
MODE,167,FREQUENCY=,3060.05207,(CM**-1),QHHHD
MODE,168,FREQUENCY=,3060.4127,(CM**-1),QHHHD
MODE,169,FREQUENCY=,3064.39626,(CM**-1),QHHHD
MODE,170,FREQUENCY=,3064.63422,(CM**-1),QHHHD
MODE,171,FREQUENCY=,3065.70421,(CM**-1),QHHHD
MODE,172,FREQUENCY=,3078.0914,(CM**-1),QHHHD
MODE,173,FREQUENCY=,3128.13819,(CM**-1),QHHHD
MODE,174,FREQUENCY=,3134.72234,(CM**-1),QHHHD
MODE,175,FREQUENCY=,3136.61895,(CM**-1),QHHHD
MODE,176,FREQUENCY=,3140.43407,(CM**-1),QHHHD
MODE,177,FREQUENCY=,3140.8836,(CM**-1),QHHHD
MODE,178,FREQUENCY=,3142.27304,(CM**-1),QHHHD
MODE,179,FREQUENCY=,3148.08915,(CM**-1),QHHHD
MODE,180,FREQUENCY=,3158.90705,(CM**-1),QHHHD
MODE,181,FREQUENCY=,3169.73658,(CM**-1),QHHHD
MODE,182,FREQUENCY=,3175.31023,(CM**-1),QHHHD
MODE,183,FREQUENCY=,3175.4482,(CM**-1),QHHHD
MODE,184,FREQUENCY=,3178.80354,(CM**-1),QHHHD
MODE,185,FREQUENCY=,3203.58037,(CM**-1),QHHHD
MODE,186,FREQUENCY=,3214.77824,(CM**-1),QHHHD
MODE,187,FREQUENCY=,3240.80303,(CM**-1),QHHHD
MODE,188,FREQUENCY=,3269.762,(CM**-1),QHHHD
MODE,189,FREQUENCY=,3293.22406,(CM**-1),QHHHD
MODE,190,FREQUENCY=,3293.36641,(CM**-1),QHHHD
MODE,191,FREQUENCY=,3297.09455,(CM**-1),QHHHD
MODE,192,FREQUENCY=,3387.44716,(CM**-1),QHHHD
MODE,193,FREQUENCY=,3661.31517,(CM**-1),QHHHD
MODE,194,FREQUENCY=,3664.94753,(CM**-1),QHHHD
MODE,195,FREQUENCY=,3753.18524,(CM**-1),QHHHD
,,,,,
,,,,,
13-1-1-2-1,,,,,
MODE,1,FREQUENCY=,-1183.03765,(CM**-1),QHHDH
MODE,8,FREQUENCY=,21.29388,(CM**-1),QHHDH
MODE,9,FREQUENCY=,22.36621,(CM**-1),QHHDH
MODE,10,FREQUENCY=,25.4517,(CM**-1),QHHDH
MODE,11,FREQUENCY=,26.99202,(CM**-1),QHHDH
MODE,12,FREQUENCY=,28.32549,(CM**-1),QHHDH
MODE,13,FREQUENCY=,32.01945,(CM**-1),QHHDH
MODE,14,FREQUENCY=,36.87521,(CM**-1),QHHDH
MODE,15,FREQUENCY=,42.02819,(CM**-1),QHHDH
MODE,16,FREQUENCY=,45.2062,(CM**-1),QHHDH
MODE,17,FREQUENCY=,49.66702,(CM**-1),QHHDH
MODE,18,FREQUENCY=,52.64529,(CM**-1),QHHDH
MODE,19,FREQUENCY=,53.8546,(CM**-1),QHHDH
MODE,20,FREQUENCY=,56.88129,(CM**-1),QHHDH
MODE,21,FREQUENCY=,60.89531,(CM**-1),QHHDH
MODE,22,FREQUENCY=,63.13447,(CM**-1),QHHDH
MODE,23,FREQUENCY=,69.5013,(CM**-1),QHHDH
MODE,24,FREQUENCY=,76.44918,(CM**-1),QHHDH
MODE,25,FREQUENCY=,81.77947,(CM**-1),QHHDH
MODE,26,FREQUENCY=,84.357,(CM**-1),QHHDH
MODE,27,FREQUENCY=,89.3292,(CM**-1),QHHDH
MODE,28,FREQUENCY=,99.10933,(CM**-1),QHHDH
MODE,29,FREQUENCY=,109.77024,(CM**-1),QHHDH
MODE,30,FREQUENCY=,110.52138,(CM**-1),QHHDH
MODE,31,FREQUENCY=,115.60634,(CM**-1),QHHDH
MODE,32,FREQUENCY=,124.73478,(CM**-1),QHHDH
MODE,33,FREQUENCY=,128.03632,(CM**-1),QHHDH
MODE,34,FREQUENCY=,134.78682,(CM**-1),QHHDH
MODE,35,FREQUENCY=,138.44982,(CM**-1),QHHDH
MODE,36,FREQUENCY=,140.52834,(CM**-1),QHHDH
MODE,37,FREQUENCY=,141.8195,(CM**-1),QHHDH
MODE,38,FREQUENCY=,147.5578,(CM**-1),QHHDH
MODE,39,FREQUENCY=,155.53752,(CM**-1),QHHDH
MODE,40,FREQUENCY=,156.77798,(CM**-1),QHHDH
MODE,41,FREQUENCY=,163.09895,(CM**-1),QHHDH
MODE,42,FREQUENCY=,166.91518,(CM**-1),QHHDH
MODE,43,FREQUENCY=,170.53952,(CM**-1),QHHDH
MODE,44,FREQUENCY=,172.39625,(CM**-1),QHHDH
MODE,45,FREQUENCY=,178.41799,(CM**-1),QHHDH
MODE,46,FREQUENCY=,189.59479,(CM**-1),QHHDH
MODE,47,FREQUENCY=,196.26038,(CM**-1),QHHDH
MODE,48,FREQUENCY=,206.38518,(CM**-1),QHHDH
MODE,49,FREQUENCY=,212.82367,(CM**-1),QHHDH
MODE,50,FREQUENCY=,218.1187,(CM**-1),QHHDH
MODE,51,FREQUENCY=,234.89195,(CM**-1),QHHDH
MODE,52,FREQUENCY=,246.50932,(CM**-1),QHHDH
MODE,53,FREQUENCY=,275.85504,(CM**-1),QHHDH
MODE,54,FREQUENCY=,277.75922,(CM**-1),QHHDH
MODE,55,FREQUENCY=,282.79917,(CM**-1),QHHDH
MODE,56,FREQUENCY=,294.9901,(CM**-1),QHHDH
MODE,57,FREQUENCY=,318.0468,(CM**-1),QHHDH
MODE,58,FREQUENCY=,320.29555,(CM**-1),QHHDH
MODE,59,FREQUENCY=,323.64729,(CM**-1),QHHDH
MODE,60,FREQUENCY=,352.25266,(CM**-1),QHHDH
MODE,61,FREQUENCY=,356.64934,(CM**-1),QHHDH
MODE,62,FREQUENCY=,368.60838,(CM**-1),QHHDH
MODE,63,FREQUENCY=,372.57772,(CM**-1),QHHDH
MODE,64,FREQUENCY=,381.66541,(CM**-1),QHHDH
MODE,65,FREQUENCY=,395.00157,(CM**-1),QHHDH
MODE,66,FREQUENCY=,429.39754,(CM**-1),QHHDH
MODE,67,FREQUENCY=,456.26131,(CM**-1),QHHDH
MODE,68,FREQUENCY=,486.50208,(CM**-1),QHHDH
MODE,69,FREQUENCY=,518.01457,(CM**-1),QHHDH
MODE,70,FREQUENCY=,528.67786,(CM**-1),QHHDH
MODE,71,FREQUENCY=,531.58785,(CM**-1),QHHDH
MODE,72,FREQUENCY=,539.99287,(CM**-1),QHHDH
MODE,73,FREQUENCY=,556.48447,(CM**-1),QHHDH
MODE,74,FREQUENCY=,576.27768,(CM**-1),QHHDH
MODE,75,FREQUENCY=,589.92043,(CM**-1),QHHDH
MODE,76,FREQUENCY=,597.43372,(CM**-1),QHHDH
MODE,77,FREQUENCY=,609.65136,(CM**-1),QHHDH
MODE,78,FREQUENCY=,612.88008,(CM**-1),QHHDH
MODE,79,FREQUENCY=,615.3969,(CM**-1),QHHDH
MODE,80,FREQUENCY=,629.75138,(CM**-1),QHHDH
MODE,81,FREQUENCY=,633.35914,(CM**-1),QHHDH
MODE,82,FREQUENCY=,644.35868,(CM**-1),QHHDH
MODE,83,FREQUENCY=,647.8581,(CM**-1),QHHDH
MODE,84,FREQUENCY=,662.18643,(CM**-1),QHHDH
MODE,85,FREQUENCY=,663.22585,(CM**-1),QHHDH
MODE,86,FREQUENCY=,664.11731,(CM**-1),QHHDH
MODE,87,FREQUENCY=,677.18052,(CM**-1),QHHDH
MODE,88,FREQUENCY=,681.14255,(CM**-1),QHHDH
MODE,89,FREQUENCY=,683.85163,(CM**-1),QHHDH
MODE,90,FREQUENCY=,728.59884,(CM**-1),QHHDH
MODE,91,FREQUENCY=,735.7715,(CM**-1),QHHDH
MODE,92,FREQUENCY=,737.60709,(CM**-1),QHHDH
MODE,93,FREQUENCY=,803.58621,(CM**-1),QHHDH
MODE,94,FREQUENCY=,836.47161,(CM**-1),QHHDH
MODE,95,FREQUENCY=,880.46981,(CM**-1),QHHDH
MODE,96,FREQUENCY=,922.52172,(CM**-1),QHHDH
MODE,97,FREQUENCY=,938.29367,(CM**-1),QHHDH
MODE,98,FREQUENCY=,939.39566,(CM**-1),QHHDH
MODE,99,FREQUENCY=,943.49154,(CM**-1),QHHDH
MODE,100,FREQUENCY=,944.25241,(CM**-1),QHHDH
MODE,101,FREQUENCY=,954.65334,(CM**-1),QHHDH
MODE,102,FREQUENCY=,998.65882,(CM**-1),QHHDH
MODE,103,FREQUENCY=,1010.0445,(CM**-1),QHHDH
MODE,104,FREQUENCY=,1011.42726,(CM**-1),QHHDH
MODE,105,FREQUENCY=,1014.73408,(CM**-1),QHHDH
MODE,106,FREQUENCY=,1017.15829,(CM**-1),QHHDH
MODE,107,FREQUENCY=,1024.6208,(CM**-1),QHHDH
MODE,108,FREQUENCY=,1026.48484,(CM**-1),QHHDH
MODE,109,FREQUENCY=,1037.10508,(CM**-1),QHHDH
MODE,110,FREQUENCY=,1043.08318,(CM**-1),QHHDH
MODE,111,FREQUENCY=,1058.65424,(CM**-1),QHHDH
MODE,112,FREQUENCY=,1065.3815,(CM**-1),QHHDH
MODE,113,FREQUENCY=,1068.01677,(CM**-1),QHHDH
MODE,114,FREQUENCY=,1070.35081,(CM**-1),QHHDH
MODE,115,FREQUENCY=,1071.13331,(CM**-1),QHHDH
MODE,116,FREQUENCY=,1072.67233,(CM**-1),QHHDH
MODE,117,FREQUENCY=,1092.73895,(CM**-1),QHHDH
MODE,118,FREQUENCY=,1095.65215,(CM**-1),QHHDH
MODE,119,FREQUENCY=,1112.67989,(CM**-1),QHHDH
MODE,120,FREQUENCY=,1153.50152,(CM**-1),QHHDH
MODE,121,FREQUENCY=,1154.1612,(CM**-1),QHHDH
MODE,122,FREQUENCY=,1169.76735,(CM**-1),QHHDH
MODE,123,FREQUENCY=,1183.11441,(CM**-1),QHHDH
MODE,124,FREQUENCY=,1217.65784,(CM**-1),QHHDH
MODE,125,FREQUENCY=,1237.03999,(CM**-1),QHHDH
MODE,126,FREQUENCY=,1257.26644,(CM**-1),QHHDH
MODE,127,FREQUENCY=,1260.62469,(CM**-1),QHHDH
MODE,128,FREQUENCY=,1298.50359,(CM**-1),QHHDH
MODE,129,FREQUENCY=,1299.50202,(CM**-1),QHHDH
MODE,130,FREQUENCY=,1315.12563,(CM**-1),QHHDH
MODE,131,FREQUENCY=,1348.77468,(CM**-1),QHHDH
MODE,132,FREQUENCY=,1350.46319,(CM**-1),QHHDH
MODE,133,FREQUENCY=,1370.04302,(CM**-1),QHHDH
MODE,134,FREQUENCY=,1381.30794,(CM**-1),QHHDH
MODE,135,FREQUENCY=,1389.55918,(CM**-1),QHHDH
MODE,136,FREQUENCY=,1399.97447,(CM**-1),QHHDH
MODE,137,FREQUENCY=,1426.95139,(CM**-1),QHHDH
MODE,138,FREQUENCY=,1428.50835,(CM**-1),QHHDH
MODE,139,FREQUENCY=,1430.00029,(CM**-1),QHHDH
MODE,140,FREQUENCY=,1433.45568,(CM**-1),QHHDH
MODE,141,FREQUENCY=,1443.52258,(CM**-1),QHHDH
MODE,142,FREQUENCY=,1471.21324,(CM**-1),QHHDH
MODE,143,FREQUENCY=,1476.13298,(CM**-1),QHHDH
MODE,144,FREQUENCY=,1477.43241,(CM**-1),QHHDH
MODE,145,FREQUENCY=,1478.68107,(CM**-1),QHHDH
MODE,146,FREQUENCY=,1479.97123,(CM**-1),QHHDH
MODE,147,FREQUENCY=,1482.2601,(CM**-1),QHHDH
MODE,148,FREQUENCY=,1483.31539,(CM**-1),QHHDH
MODE,149,FREQUENCY=,1487.57755,(CM**-1),QHHDH
MODE,150,FREQUENCY=,1488.63632,(CM**-1),QHHDH
MODE,151,FREQUENCY=,1489.47082,(CM**-1),QHHDH
MODE,152,FREQUENCY=,1490.00411,(CM**-1),QHHDH
MODE,153,FREQUENCY=,1491.25208,(CM**-1),QHHDH
MODE,154,FREQUENCY=,1503.95392,(CM**-1),QHHDH
MODE,155,FREQUENCY=,1511.66207,(CM**-1),QHHDH
MODE,156,FREQUENCY=,1512.37522,(CM**-1),QHHDH
MODE,157,FREQUENCY=,1542.07096,(CM**-1),QHHDH
MODE,158,FREQUENCY=,1543.23631,(CM**-1),QHHDH
MODE,159,FREQUENCY=,1594.22836,(CM**-1),QHHDH
MODE,160,FREQUENCY=,1616.2046,(CM**-1),QHHDH
MODE,161,FREQUENCY=,1617.40978,(CM**-1),QHHDH
MODE,162,FREQUENCY=,1623.82013,(CM**-1),QHHDH
MODE,163,FREQUENCY=,1650.176,(CM**-1),QHHDH
MODE,164,FREQUENCY=,1720.78972,(CM**-1),QHHDH
MODE,165,FREQUENCY=,1724.6658,(CM**-1),QHHDH
MODE,166,FREQUENCY=,2303.85304,(CM**-1),QHHDH
MODE,167,FREQUENCY=,3056.12719,(CM**-1),QHHDH
MODE,168,FREQUENCY=,3060.0521,(CM**-1),QHHDH
MODE,169,FREQUENCY=,3060.41279,(CM**-1),QHHDH
MODE,170,FREQUENCY=,3064.3963,(CM**-1),QHHDH
MODE,171,FREQUENCY=,3064.6343,(CM**-1),QHHDH
MODE,172,FREQUENCY=,3065.70428,(CM**-1),QHHDH
MODE,173,FREQUENCY=,3128.05927,(CM**-1),QHHDH
MODE,174,FREQUENCY=,3130.8148,(CM**-1),QHHDH
MODE,175,FREQUENCY=,3134.72234,(CM**-1),QHHDH
MODE,176,FREQUENCY=,3136.61958,(CM**-1),QHHDH
MODE,177,FREQUENCY=,3140.43416,(CM**-1),QHHDH
MODE,178,FREQUENCY=,3140.88361,(CM**-1),QHHDH
MODE,179,FREQUENCY=,3142.27309,(CM**-1),QHHDH
MODE,180,FREQUENCY=,3148.08923,(CM**-1),QHHDH
MODE,181,FREQUENCY=,3158.90707,(CM**-1),QHHDH
MODE,182,FREQUENCY=,3169.73825,(CM**-1),QHHDH
MODE,183,FREQUENCY=,3175.31036,(CM**-1),QHHDH
MODE,184,FREQUENCY=,3175.44834,(CM**-1),QHHDH
MODE,185,FREQUENCY=,3178.80361,(CM**-1),QHHDH
MODE,186,FREQUENCY=,3212.69559,(CM**-1),QHHDH
MODE,187,FREQUENCY=,3240.86266,(CM**-1),QHHDH
MODE,188,FREQUENCY=,3269.76284,(CM**-1),QHHDH
MODE,189,FREQUENCY=,3293.22419,(CM**-1),QHHDH
MODE,190,FREQUENCY=,3293.36641,(CM**-1),QHHDH
MODE,191,FREQUENCY=,3297.09496,(CM**-1),QHHDH
MODE,192,FREQUENCY=,3387.45029,(CM**-1),QHHDH
MODE,193,FREQUENCY=,3661.31527,(CM**-1),QHHDH
MODE,194,FREQUENCY=,3664.94756,(CM**-1),QHHDH
MODE,195,FREQUENCY=,3753.18526,(CM**-1),QHHDH
,,,,,
,,,,,
13-1-1-2-2,,,,,
MODE,1,FREQUENCY=,-902.38513,(CM**-1),QHHDD
MODE,8,FREQUENCY=,21.29128,(CM**-1),QHHDD
MODE,9,FREQUENCY=,22.29282,(CM**-1),QHHDD
MODE,10,FREQUENCY=,25.45092,(CM**-1),QHHDD
MODE,11,FREQUENCY=,26.9818,(CM**-1),QHHDD
MODE,12,FREQUENCY=,28.32291,(CM**-1),QHHDD
MODE,13,FREQUENCY=,32.01615,(CM**-1),QHHDD
MODE,14,FREQUENCY=,36.87305,(CM**-1),QHHDD
MODE,15,FREQUENCY=,42.02381,(CM**-1),QHHDD
MODE,16,FREQUENCY=,45.20085,(CM**-1),QHHDD
MODE,17,FREQUENCY=,49.66169,(CM**-1),QHHDD
MODE,18,FREQUENCY=,52.58176,(CM**-1),QHHDD
MODE,19,FREQUENCY=,53.78969,(CM**-1),QHHDD
MODE,20,FREQUENCY=,56.87726,(CM**-1),QHHDD
MODE,21,FREQUENCY=,60.85344,(CM**-1),QHHDD
MODE,22,FREQUENCY=,63.11936,(CM**-1),QHHDD
MODE,23,FREQUENCY=,69.49434,(CM**-1),QHHDD
MODE,24,FREQUENCY=,76.44584,(CM**-1),QHHDD
MODE,25,FREQUENCY=,81.77181,(CM**-1),QHHDD
MODE,26,FREQUENCY=,84.3474,(CM**-1),QHHDD
MODE,27,FREQUENCY=,89.31928,(CM**-1),QHHDD
MODE,28,FREQUENCY=,99.02469,(CM**-1),QHHDD
MODE,29,FREQUENCY=,109.75326,(CM**-1),QHHDD
MODE,30,FREQUENCY=,110.51276,(CM**-1),QHHDD
MODE,31,FREQUENCY=,115.6016,(CM**-1),QHHDD
MODE,32,FREQUENCY=,124.7297,(CM**-1),QHHDD
MODE,33,FREQUENCY=,128.02298,(CM**-1),QHHDD
MODE,34,FREQUENCY=,134.71138,(CM**-1),QHHDD
MODE,35,FREQUENCY=,138.43012,(CM**-1),QHHDD
MODE,36,FREQUENCY=,140.50168,(CM**-1),QHHDD
MODE,37,FREQUENCY=,141.78239,(CM**-1),QHHDD
MODE,38,FREQUENCY=,147.40758,(CM**-1),QHHDD
MODE,39,FREQUENCY=,155.49474,(CM**-1),QHHDD
MODE,40,FREQUENCY=,156.69331,(CM**-1),QHHDD
MODE,41,FREQUENCY=,163.09816,(CM**-1),QHHDD
MODE,42,FREQUENCY=,166.90174,(CM**-1),QHHDD
MODE,43,FREQUENCY=,170.51453,(CM**-1),QHHDD
MODE,44,FREQUENCY=,172.31737,(CM**-1),QHHDD
MODE,45,FREQUENCY=,178.12516,(CM**-1),QHHDD
MODE,46,FREQUENCY=,189.54951,(CM**-1),QHHDD
MODE,47,FREQUENCY=,196.10387,(CM**-1),QHHDD
MODE,48,FREQUENCY=,206.16545,(CM**-1),QHHDD
MODE,49,FREQUENCY=,212.74265,(CM**-1),QHHDD
MODE,50,FREQUENCY=,217.95882,(CM**-1),QHHDD
MODE,51,FREQUENCY=,234.48035,(CM**-1),QHHDD
MODE,52,FREQUENCY=,243.39713,(CM**-1),QHHDD
MODE,53,FREQUENCY=,275.55405,(CM**-1),QHHDD
MODE,54,FREQUENCY=,277.71024,(CM**-1),QHHDD
MODE,55,FREQUENCY=,282.63408,(CM**-1),QHHDD
MODE,56,FREQUENCY=,294.6907,(CM**-1),QHHDD
MODE,57,FREQUENCY=,311.73167,(CM**-1),QHHDD
MODE,58,FREQUENCY=,318.28079,(CM**-1),QHHDD
MODE,59,FREQUENCY=,320.65352,(CM**-1),QHHDD
MODE,60,FREQUENCY=,343.49952,(CM**-1),QHHDD
MODE,61,FREQUENCY=,352.01138,(CM**-1),QHHDD
MODE,62,FREQUENCY=,361.49776,(CM**-1),QHHDD
MODE,63,FREQUENCY=,362.83382,(CM**-1),QHHDD
MODE,64,FREQUENCY=,373.12944,(CM**-1),QHHDD
MODE,65,FREQUENCY=,379.81389,(CM**-1),QHHDD
MODE,66,FREQUENCY=,418.68536,(CM**-1),QHHDD
MODE,67,FREQUENCY=,456.24734,(CM**-1),QHHDD
MODE,68,FREQUENCY=,486.49362,(CM**-1),QHHDD
MODE,69,FREQUENCY=,517.92437,(CM**-1),QHHDD
MODE,70,FREQUENCY=,528.67113,(CM**-1),QHHDD
MODE,71,FREQUENCY=,531.56451,(CM**-1),QHHDD
MODE,72,FREQUENCY=,539.9871,(CM**-1),QHHDD
MODE,73,FREQUENCY=,556.38487,(CM**-1),QHHDD
MODE,74,FREQUENCY=,576.2754,(CM**-1),QHHDD
MODE,75,FREQUENCY=,589.88981,(CM**-1),QHHDD
MODE,76,FREQUENCY=,597.43272,(CM**-1),QHHDD
MODE,77,FREQUENCY=,609.65066,(CM**-1),QHHDD
MODE,78,FREQUENCY=,612.87696,(CM**-1),QHHDD
MODE,79,FREQUENCY=,615.3957,(CM**-1),QHHDD
MODE,80,FREQUENCY=,629.74129,(CM**-1),QHHDD
MODE,81,FREQUENCY=,633.35738,(CM**-1),QHHDD
MODE,82,FREQUENCY=,644.35831,(CM**-1),QHHDD
MODE,83,FREQUENCY=,647.85781,(CM**-1),QHHDD
MODE,84,FREQUENCY=,662.02614,(CM**-1),QHHDD
MODE,85,FREQUENCY=,663.20551,(CM**-1),QHHDD
MODE,86,FREQUENCY=,664.05735,(CM**-1),QHHDD
MODE,87,FREQUENCY=,677.17582,(CM**-1),QHHDD
MODE,88,FREQUENCY=,680.97274,(CM**-1),QHHDD
MODE,89,FREQUENCY=,683.78695,(CM**-1),QHHDD
MODE,90,FREQUENCY=,716.07486,(CM**-1),QHHDD
MODE,91,FREQUENCY=,728.59983,(CM**-1),QHHDD
MODE,92,FREQUENCY=,735.78659,(CM**-1),QHHDD
MODE,93,FREQUENCY=,803.39714,(CM**-1),QHHDD
MODE,94,FREQUENCY=,836.46515,(CM**-1),QHHDD
MODE,95,FREQUENCY=,880.46458,(CM**-1),QHHDD
MODE,96,FREQUENCY=,896.90582,(CM**-1),QHHDD
MODE,97,FREQUENCY=,922.52156,(CM**-1),QHHDD
MODE,98,FREQUENCY=,938.29315,(CM**-1),QHHDD
MODE,99,FREQUENCY=,939.39367,(CM**-1),QHHDD
MODE,100,FREQUENCY=,943.44879,(CM**-1),QHHDD
MODE,101,FREQUENCY=,944.24279,(CM**-1),QHHDD
MODE,102,FREQUENCY=,954.5833,(CM**-1),QHHDD
MODE,103,FREQUENCY=,959.96429,(CM**-1),QHHDD
MODE,104,FREQUENCY=,998.65112,(CM**-1),QHHDD
MODE,105,FREQUENCY=,1010.03322,(CM**-1),QHHDD
MODE,106,FREQUENCY=,1011.42785,(CM**-1),QHHDD
MODE,107,FREQUENCY=,1014.7259,(CM**-1),QHHDD
MODE,108,FREQUENCY=,1017.15889,(CM**-1),QHHDD
MODE,109,FREQUENCY=,1024.64182,(CM**-1),QHHDD
MODE,110,FREQUENCY=,1026.51471,(CM**-1),QHHDD
MODE,111,FREQUENCY=,1037.11004,(CM**-1),QHHDD
MODE,112,FREQUENCY=,1043.0831,(CM**-1),QHHDD
MODE,113,FREQUENCY=,1058.64934,(CM**-1),QHHDD
MODE,114,FREQUENCY=,1065.43457,(CM**-1),QHHDD
MODE,115,FREQUENCY=,1068.06756,(CM**-1),QHHDD
MODE,116,FREQUENCY=,1070.35462,(CM**-1),QHHDD
MODE,117,FREQUENCY=,1071.13435,(CM**-1),QHHDD
MODE,118,FREQUENCY=,1072.67149,(CM**-1),QHHDD
MODE,119,FREQUENCY=,1092.74236,(CM**-1),QHHDD
MODE,120,FREQUENCY=,1095.65068,(CM**-1),QHHDD
MODE,121,FREQUENCY=,1132.61397,(CM**-1),QHHDD
MODE,122,FREQUENCY=,1154.15007,(CM**-1),QHHDD
MODE,123,FREQUENCY=,1169.76609,(CM**-1),QHHDD
MODE,124,FREQUENCY=,1183.13943,(CM**-1),QHHDD
MODE,125,FREQUENCY=,1216.52044,(CM**-1),QHHDD
MODE,126,FREQUENCY=,1257.26368,(CM**-1),QHHDD
MODE,127,FREQUENCY=,1260.6234,(CM**-1),QHHDD
MODE,128,FREQUENCY=,1298.49524,(CM**-1),QHHDD
MODE,129,FREQUENCY=,1299.49491,(CM**-1),QHHDD
MODE,130,FREQUENCY=,1315.01936,(CM**-1),QHHDD
MODE,131,FREQUENCY=,1348.77446,(CM**-1),QHHDD
MODE,132,FREQUENCY=,1350.46305,(CM**-1),QHHDD
MODE,133,FREQUENCY=,1370.03579,(CM**-1),QHHDD
MODE,134,FREQUENCY=,1381.29325,(CM**-1),QHHDD
MODE,135,FREQUENCY=,1389.54722,(CM**-1),QHHDD
MODE,136,FREQUENCY=,1399.9392,(CM**-1),QHHDD
MODE,137,FREQUENCY=,1425.6374,(CM**-1),QHHDD
MODE,138,FREQUENCY=,1428.46381,(CM**-1),QHHDD
MODE,139,FREQUENCY=,1429.99093,(CM**-1),QHHDD
MODE,140,FREQUENCY=,1433.45166,(CM**-1),QHHDD
MODE,141,FREQUENCY=,1443.50548,(CM**-1),QHHDD
MODE,142,FREQUENCY=,1471.19365,(CM**-1),QHHDD
MODE,143,FREQUENCY=,1476.13259,(CM**-1),QHHDD
MODE,144,FREQUENCY=,1477.43045,(CM**-1),QHHDD
MODE,145,FREQUENCY=,1478.68105,(CM**-1),QHHDD
MODE,146,FREQUENCY=,1479.96541,(CM**-1),QHHDD
MODE,147,FREQUENCY=,1482.24528,(CM**-1),QHHDD
MODE,148,FREQUENCY=,1483.31308,(CM**-1),QHHDD
MODE,149,FREQUENCY=,1487.57721,(CM**-1),QHHDD
MODE,150,FREQUENCY=,1488.636,(CM**-1),QHHDD
MODE,151,FREQUENCY=,1489.46642,(CM**-1),QHHDD
MODE,152,FREQUENCY=,1490.00316,(CM**-1),QHHDD
MODE,153,FREQUENCY=,1491.2515,(CM**-1),QHHDD
MODE,154,FREQUENCY=,1503.9418,(CM**-1),QHHDD
MODE,155,FREQUENCY=,1511.65825,(CM**-1),QHHDD
MODE,156,FREQUENCY=,1512.37322,(CM**-1),QHHDD
MODE,157,FREQUENCY=,1542.06205,(CM**-1),QHHDD
MODE,158,FREQUENCY=,1543.22946,(CM**-1),QHHDD
MODE,159,FREQUENCY=,1594.17949,(CM**-1),QHHDD
MODE,160,FREQUENCY=,1616.20005,(CM**-1),QHHDD
MODE,161,FREQUENCY=,1617.40912,(CM**-1),QHHDD
MODE,162,FREQUENCY=,1623.79013,(CM**-1),QHHDD
MODE,163,FREQUENCY=,1650.17198,(CM**-1),QHHDD
MODE,164,FREQUENCY=,1720.7732,(CM**-1),QHHDD
MODE,165,FREQUENCY=,1724.66434,(CM**-1),QHHDD
MODE,166,FREQUENCY=,2303.75163,(CM**-1),QHHDD
MODE,167,FREQUENCY=,3056.12695,(CM**-1),QHHDD
MODE,168,FREQUENCY=,3060.05208,(CM**-1),QHHDD
MODE,169,FREQUENCY=,3060.41272,(CM**-1),QHHDD
MODE,170,FREQUENCY=,3064.39626,(CM**-1),QHHDD
MODE,171,FREQUENCY=,3064.63425,(CM**-1),QHHDD
MODE,172,FREQUENCY=,3065.70424,(CM**-1),QHHDD
MODE,173,FREQUENCY=,3128.05511,(CM**-1),QHHDD
MODE,174,FREQUENCY=,3130.7014,(CM**-1),QHHDD
MODE,175,FREQUENCY=,3134.72234,(CM**-1),QHHDD
MODE,176,FREQUENCY=,3136.61955,(CM**-1),QHHDD
MODE,177,FREQUENCY=,3140.43407,(CM**-1),QHHDD
MODE,178,FREQUENCY=,3140.88361,(CM**-1),QHHDD
MODE,179,FREQUENCY=,3142.27306,(CM**-1),QHHDD
MODE,180,FREQUENCY=,3148.08921,(CM**-1),QHHDD
MODE,181,FREQUENCY=,3158.90706,(CM**-1),QHHDD
MODE,182,FREQUENCY=,3169.73802,(CM**-1),QHHDD
MODE,183,FREQUENCY=,3175.31035,(CM**-1),QHHDD
MODE,184,FREQUENCY=,3175.44831,(CM**-1),QHHDD
MODE,185,FREQUENCY=,3178.80358,(CM**-1),QHHDD
MODE,186,FREQUENCY=,3212.51272,(CM**-1),QHHDD
MODE,187,FREQUENCY=,3240.80216,(CM**-1),QHHDD
MODE,188,FREQUENCY=,3269.76196,(CM**-1),QHHDD
MODE,189,FREQUENCY=,3293.22406,(CM**-1),QHHDD
MODE,190,FREQUENCY=,3293.36641,(CM**-1),QHHDD
MODE,191,FREQUENCY=,3297.09455,(CM**-1),QHHDD
MODE,192,FREQUENCY=,3387.44667,(CM**-1),QHHDD
MODE,193,FREQUENCY=,3661.31517,(CM**-1),QHHDD
MODE,194,FREQUENCY=,3664.94753,(CM**-1),QHHDD
MODE,195,FREQUENCY=,3753.1852,(CM**-1),QHHDD
,,,,,
,,,,,
13-1-2-1-1,,,,,
MODE,1,FREQUENCY=,-1182.68626,(CM**-1),QHDHH
MODE,8,FREQUENCY=,21.29756,(CM**-1),QHDHH
MODE,9,FREQUENCY=,22.61851,(CM**-1),QHDHH
MODE,10,FREQUENCY=,25.46238,(CM**-1),QHDHH
MODE,11,FREQUENCY=,27.10342,(CM**-1),QHDHH
MODE,12,FREQUENCY=,28.31536,(CM**-1),QHDHH
MODE,13,FREQUENCY=,32.06265,(CM**-1),QHDHH
MODE,14,FREQUENCY=,36.73066,(CM**-1),QHDHH
MODE,15,FREQUENCY=,42.04895,(CM**-1),QHDHH
MODE,16,FREQUENCY=,45.19297,(CM**-1),QHDHH
MODE,17,FREQUENCY=,49.3355,(CM**-1),QHDHH
MODE,18,FREQUENCY=,50.75851,(CM**-1),QHDHH
MODE,19,FREQUENCY=,53.22995,(CM**-1),QHDHH
MODE,20,FREQUENCY=,58.27836,(CM**-1),QHDHH
MODE,21,FREQUENCY=,62.41943,(CM**-1),QHDHH
MODE,22,FREQUENCY=,62.54985,(CM**-1),QHDHH
MODE,23,FREQUENCY=,69.36374,(CM**-1),QHDHH
MODE,24,FREQUENCY=,76.51163,(CM**-1),QHDHH
MODE,25,FREQUENCY=,82.09173,(CM**-1),QHDHH
MODE,26,FREQUENCY=,84.44277,(CM**-1),QHDHH
MODE,27,FREQUENCY=,89.53214,(CM**-1),QHDHH
MODE,28,FREQUENCY=,99.07715,(CM**-1),QHDHH
MODE,29,FREQUENCY=,109.77447,(CM**-1),QHDHH
MODE,30,FREQUENCY=,110.51696,(CM**-1),QHDHH
MODE,31,FREQUENCY=,115.60305,(CM**-1),QHDHH
MODE,32,FREQUENCY=,124.72302,(CM**-1),QHDHH
MODE,33,FREQUENCY=,128.0446,(CM**-1),QHDHH
MODE,34,FREQUENCY=,134.77215,(CM**-1),QHDHH
MODE,35,FREQUENCY=,138.48001,(CM**-1),QHDHH
MODE,36,FREQUENCY=,140.56559,(CM**-1),QHDHH
MODE,37,FREQUENCY=,141.8671,(CM**-1),QHDHH
MODE,38,FREQUENCY=,147.66224,(CM**-1),QHDHH
MODE,39,FREQUENCY=,155.57609,(CM**-1),QHDHH
MODE,40,FREQUENCY=,156.88204,(CM**-1),QHDHH
MODE,41,FREQUENCY=,163.09906,(CM**-1),QHDHH
MODE,42,FREQUENCY=,166.90807,(CM**-1),QHDHH
MODE,43,FREQUENCY=,170.53265,(CM**-1),QHDHH
MODE,44,FREQUENCY=,172.41086,(CM**-1),QHDHH
MODE,45,FREQUENCY=,178.52843,(CM**-1),QHDHH
MODE,46,FREQUENCY=,189.57011,(CM**-1),QHDHH
MODE,47,FREQUENCY=,196.40219,(CM**-1),QHDHH
MODE,48,FREQUENCY=,206.5029,(CM**-1),QHDHH
MODE,49,FREQUENCY=,212.8652,(CM**-1),QHDHH
MODE,50,FREQUENCY=,218.11951,(CM**-1),QHDHH
MODE,51,FREQUENCY=,234.95481,(CM**-1),QHDHH
MODE,52,FREQUENCY=,244.61555,(CM**-1),QHDHH
MODE,53,FREQUENCY=,275.90109,(CM**-1),QHDHH
MODE,54,FREQUENCY=,277.75589,(CM**-1),QHDHH
MODE,55,FREQUENCY=,282.75171,(CM**-1),QHDHH
MODE,56,FREQUENCY=,293.49958,(CM**-1),QHDHH
MODE,57,FREQUENCY=,318.01517,(CM**-1),QHDHH
MODE,58,FREQUENCY=,320.46827,(CM**-1),QHDHH
MODE,59,FREQUENCY=,329.27634,(CM**-1),QHDHH
MODE,60,FREQUENCY=,338.68788,(CM**-1),QHDHH
MODE,61,FREQUENCY=,356.08806,(CM**-1),QHDHH
MODE,62,FREQUENCY=,362.03243,(CM**-1),QHDHH
MODE,63,FREQUENCY=,369.18819,(CM**-1),QHDHH
MODE,64,FREQUENCY=,373.6645,(CM**-1),QHDHH
MODE,65,FREQUENCY=,394.10057,(CM**-1),QHDHH
MODE,66,FREQUENCY=,455.95838,(CM**-1),QHDHH
MODE,67,FREQUENCY=,469.1888,(CM**-1),QHDHH
MODE,68,FREQUENCY=,486.5431,(CM**-1),QHDHH
MODE,69,FREQUENCY=,518.05541,(CM**-1),QHDHH
MODE,70,FREQUENCY=,528.68978,(CM**-1),QHDHH
MODE,71,FREQUENCY=,531.66585,(CM**-1),QHDHH
MODE,72,FREQUENCY=,539.99159,(CM**-1),QHDHH
MODE,73,FREQUENCY=,556.39233,(CM**-1),QHDHH
MODE,74,FREQUENCY=,576.27767,(CM**-1),QHDHH
MODE,75,FREQUENCY=,589.93209,(CM**-1),QHDHH
MODE,76,FREQUENCY=,597.43394,(CM**-1),QHDHH
MODE,77,FREQUENCY=,609.64947,(CM**-1),QHDHH
MODE,78,FREQUENCY=,612.88044,(CM**-1),QHDHH
MODE,79,FREQUENCY=,615.38363,(CM**-1),QHDHH
MODE,80,FREQUENCY=,629.75324,(CM**-1),QHDHH
MODE,81,FREQUENCY=,633.35983,(CM**-1),QHDHH
MODE,82,FREQUENCY=,644.35866,(CM**-1),QHDHH
MODE,83,FREQUENCY=,647.85812,(CM**-1),QHDHH
MODE,84,FREQUENCY=,662.17308,(CM**-1),QHDHH
MODE,85,FREQUENCY=,663.22449,(CM**-1),QHDHH
MODE,86,FREQUENCY=,664.11109,(CM**-1),QHDHH
MODE,87,FREQUENCY=,677.18028,(CM**-1),QHDHH
MODE,88,FREQUENCY=,681.14624,(CM**-1),QHDHH
MODE,89,FREQUENCY=,683.85088,(CM**-1),QHDHH
MODE,90,FREQUENCY=,728.59884,(CM**-1),QHDHH
MODE,91,FREQUENCY=,735.7708,(CM**-1),QHDHH
MODE,92,FREQUENCY=,737.45681,(CM**-1),QHDHH
MODE,93,FREQUENCY=,803.58633,(CM**-1),QHDHH
MODE,94,FREQUENCY=,836.47162,(CM**-1),QHDHH
MODE,95,FREQUENCY=,880.46961,(CM**-1),QHDHH
MODE,96,FREQUENCY=,922.52134,(CM**-1),QHDHH
MODE,97,FREQUENCY=,938.29252,(CM**-1),QHDHH
MODE,98,FREQUENCY=,939.39358,(CM**-1),QHDHH
MODE,99,FREQUENCY=,943.48888,(CM**-1),QHDHH
MODE,100,FREQUENCY=,944.24435,(CM**-1),QHDHH
MODE,101,FREQUENCY=,954.65341,(CM**-1),QHDHH
MODE,102,FREQUENCY=,998.62998,(CM**-1),QHDHH
MODE,103,FREQUENCY=,1010.03852,(CM**-1),QHDHH
MODE,104,FREQUENCY=,1011.42275,(CM**-1),QHDHH
MODE,105,FREQUENCY=,1014.7271,(CM**-1),QHDHH
MODE,106,FREQUENCY=,1017.15732,(CM**-1),QHDHH
MODE,107,FREQUENCY=,1024.61761,(CM**-1),QHDHH
MODE,108,FREQUENCY=,1026.49391,(CM**-1),QHDHH
MODE,109,FREQUENCY=,1037.10708,(CM**-1),QHDHH
MODE,110,FREQUENCY=,1043.07511,(CM**-1),QHDHH
MODE,111,FREQUENCY=,1058.48899,(CM**-1),QHDHH
MODE,112,FREQUENCY=,1064.13894,(CM**-1),QHDHH
MODE,113,FREQUENCY=,1066.49522,(CM**-1),QHDHH
MODE,114,FREQUENCY=,1068.68573,(CM**-1),QHDHH
MODE,115,FREQUENCY=,1070.40724,(CM**-1),QHDHH
MODE,116,FREQUENCY=,1071.14606,(CM**-1),QHDHH
MODE,117,FREQUENCY=,1072.67257,(CM**-1),QHDHH
MODE,118,FREQUENCY=,1092.75201,(CM**-1),QHDHH
MODE,119,FREQUENCY=,1095.65387,(CM**-1),QHDHH
MODE,120,FREQUENCY=,1154.13724,(CM**-1),QHDHH
MODE,121,FREQUENCY=,1169.76243,(CM**-1),QHDHH
MODE,122,FREQUENCY=,1176.54197,(CM**-1),QHDHH
MODE,123,FREQUENCY=,1183.26186,(CM**-1),QHDHH
MODE,124,FREQUENCY=,1215.04445,(CM**-1),QHDHH
MODE,125,FREQUENCY=,1257.26556,(CM**-1),QHDHH
MODE,126,FREQUENCY=,1260.61757,(CM**-1),QHDHH
MODE,127,FREQUENCY=,1262.82382,(CM**-1),QHDHH
MODE,128,FREQUENCY=,1298.51425,(CM**-1),QHDHH
MODE,129,FREQUENCY=,1299.502,(CM**-1),QHDHH
MODE,130,FREQUENCY=,1315.4013,(CM**-1),QHDHH
MODE,131,FREQUENCY=,1348.77464,(CM**-1),QHDHH
MODE,132,FREQUENCY=,1350.46321,(CM**-1),QHDHH
MODE,133,FREQUENCY=,1370.05459,(CM**-1),QHDHH
MODE,134,FREQUENCY=,1381.30863,(CM**-1),QHDHH
MODE,135,FREQUENCY=,1389.57963,(CM**-1),QHDHH
MODE,136,FREQUENCY=,1399.94709,(CM**-1),QHDHH
MODE,137,FREQUENCY=,1419.99062,(CM**-1),QHDHH
MODE,138,FREQUENCY=,1428.46438,(CM**-1),QHDHH
MODE,139,FREQUENCY=,1430.00336,(CM**-1),QHDHH
MODE,140,FREQUENCY=,1433.45041,(CM**-1),QHDHH
MODE,141,FREQUENCY=,1443.51511,(CM**-1),QHDHH
MODE,142,FREQUENCY=,1471.235,(CM**-1),QHDHH
MODE,143,FREQUENCY=,1476.13296,(CM**-1),QHDHH
MODE,144,FREQUENCY=,1477.43289,(CM**-1),QHDHH
MODE,145,FREQUENCY=,1478.68105,(CM**-1),QHDHH
MODE,146,FREQUENCY=,1479.97398,(CM**-1),QHDHH
MODE,147,FREQUENCY=,1482.33164,(CM**-1),QHDHH
MODE,148,FREQUENCY=,1483.35021,(CM**-1),QHDHH
MODE,149,FREQUENCY=,1487.57745,(CM**-1),QHDHH
MODE,150,FREQUENCY=,1488.63653,(CM**-1),QHDHH
MODE,151,FREQUENCY=,1489.45239,(CM**-1),QHDHH
MODE,152,FREQUENCY=,1489.97333,(CM**-1),QHDHH
MODE,153,FREQUENCY=,1491.25166,(CM**-1),QHDHH
MODE,154,FREQUENCY=,1503.94596,(CM**-1),QHDHH
MODE,155,FREQUENCY=,1511.66089,(CM**-1),QHDHH
MODE,156,FREQUENCY=,1512.37499,(CM**-1),QHDHH
MODE,157,FREQUENCY=,1542.07092,(CM**-1),QHDHH
MODE,158,FREQUENCY=,1543.23581,(CM**-1),QHDHH
MODE,159,FREQUENCY=,1594.26124,(CM**-1),QHDHH
MODE,160,FREQUENCY=,1616.2058,(CM**-1),QHDHH
MODE,161,FREQUENCY=,1617.41001,(CM**-1),QHDHH
MODE,162,FREQUENCY=,1623.829,(CM**-1),QHDHH
MODE,163,FREQUENCY=,1650.17841,(CM**-1),QHDHH
MODE,164,FREQUENCY=,1720.7937,(CM**-1),QHDHH
MODE,165,FREQUENCY=,1724.66572,(CM**-1),QHDHH
MODE,166,FREQUENCY=,2306.07658,(CM**-1),QHDHH
MODE,167,FREQUENCY=,3056.12732,(CM**-1),QHDHH
MODE,168,FREQUENCY=,3060.05211,(CM**-1),QHDHH
MODE,169,FREQUENCY=,3060.41279,(CM**-1),QHDHH
MODE,170,FREQUENCY=,3064.3963,(CM**-1),QHDHH
MODE,171,FREQUENCY=,3064.6343,(CM**-1),QHDHH
MODE,172,FREQUENCY=,3065.70427,(CM**-1),QHDHH
MODE,173,FREQUENCY=,3128.06098,(CM**-1),QHDHH
MODE,174,FREQUENCY=,3128.37989,(CM**-1),QHDHH
MODE,175,FREQUENCY=,3134.72234,(CM**-1),QHDHH
MODE,176,FREQUENCY=,3136.61903,(CM**-1),QHDHH
MODE,177,FREQUENCY=,3140.4347,(CM**-1),QHDHH
MODE,178,FREQUENCY=,3140.8836,(CM**-1),QHDHH
MODE,179,FREQUENCY=,3142.27307,(CM**-1),QHDHH
MODE,180,FREQUENCY=,3148.08917,(CM**-1),QHDHH
MODE,181,FREQUENCY=,3158.90706,(CM**-1),QHDHH
MODE,182,FREQUENCY=,3169.73685,(CM**-1),QHDHH
MODE,183,FREQUENCY=,3175.31032,(CM**-1),QHDHH
MODE,184,FREQUENCY=,3175.44827,(CM**-1),QHDHH
MODE,185,FREQUENCY=,3178.80358,(CM**-1),QHDHH
MODE,186,FREQUENCY=,3212.22069,(CM**-1),QHDHH
MODE,187,FREQUENCY=,3240.85979,(CM**-1),QHDHH
MODE,188,FREQUENCY=,3269.76278,(CM**-1),QHDHH
MODE,189,FREQUENCY=,3293.22419,(CM**-1),QHDHH
MODE,190,FREQUENCY=,3293.36641,(CM**-1),QHDHH
MODE,191,FREQUENCY=,3297.09493,(CM**-1),QHDHH
MODE,192,FREQUENCY=,3387.45067,(CM**-1),QHDHH
MODE,193,FREQUENCY=,3661.31526,(CM**-1),QHDHH
MODE,194,FREQUENCY=,3664.94756,(CM**-1),QHDHH
MODE,195,FREQUENCY=,3753.18529,(CM**-1),QHDHH
,,,,,
,,,,,
13-1-2-1-2,,,,,
MODE,1,FREQUENCY=,-902.08667,(CM**-1),QHDHD
MODE,8,FREQUENCY=,21.29602,(CM**-1),QHDHD
MODE,9,FREQUENCY=,22.54121,(CM**-1),QHDHD
MODE,10,FREQUENCY=,25.46171,(CM**-1),QHDHD
MODE,11,FREQUENCY=,27.08967,(CM**-1),QHDHD
MODE,12,FREQUENCY=,28.3128,(CM**-1),QHDHD
MODE,13,FREQUENCY=,32.06015,(CM**-1),QHDHD
MODE,14,FREQUENCY=,36.72916,(CM**-1),QHDHD
MODE,15,FREQUENCY=,42.04459,(CM**-1),QHDHD
MODE,16,FREQUENCY=,45.18676,(CM**-1),QHDHD
MODE,17,FREQUENCY=,49.29828,(CM**-1),QHDHD
MODE,18,FREQUENCY=,50.70685,(CM**-1),QHDHD
MODE,19,FREQUENCY=,53.22854,(CM**-1),QHDHD
MODE,20,FREQUENCY=,58.26671,(CM**-1),QHDHD
MODE,21,FREQUENCY=,62.40482,(CM**-1),QHDHD
MODE,22,FREQUENCY=,62.50113,(CM**-1),QHDHD
MODE,23,FREQUENCY=,69.35827,(CM**-1),QHDHD
MODE,24,FREQUENCY=,76.50851,(CM**-1),QHDHD
MODE,25,FREQUENCY=,82.08229,(CM**-1),QHDHD
MODE,26,FREQUENCY=,84.43458,(CM**-1),QHDHD
MODE,27,FREQUENCY=,89.52567,(CM**-1),QHDHD
MODE,28,FREQUENCY=,98.98658,(CM**-1),QHDHD
MODE,29,FREQUENCY=,109.75776,(CM**-1),QHDHD
MODE,30,FREQUENCY=,110.50774,(CM**-1),QHDHD
MODE,31,FREQUENCY=,115.59832,(CM**-1),QHDHD
MODE,32,FREQUENCY=,124.71709,(CM**-1),QHDHD
MODE,33,FREQUENCY=,128.03212,(CM**-1),QHDHD
MODE,34,FREQUENCY=,134.69263,(CM**-1),QHDHD
MODE,35,FREQUENCY=,138.46348,(CM**-1),QHDHD
MODE,36,FREQUENCY=,140.54328,(CM**-1),QHDHD
MODE,37,FREQUENCY=,141.83207,(CM**-1),QHDHD
MODE,38,FREQUENCY=,147.51353,(CM**-1),QHDHD
MODE,39,FREQUENCY=,155.53974,(CM**-1),QHDHD
MODE,40,FREQUENCY=,156.79839,(CM**-1),QHDHD
MODE,41,FREQUENCY=,163.09832,(CM**-1),QHDHD
MODE,42,FREQUENCY=,166.89282,(CM**-1),QHDHD
MODE,43,FREQUENCY=,170.50538,(CM**-1),QHDHD
MODE,44,FREQUENCY=,172.33421,(CM**-1),QHDHD
MODE,45,FREQUENCY=,178.24364,(CM**-1),QHDHD
MODE,46,FREQUENCY=,189.51954,(CM**-1),QHDHD
MODE,47,FREQUENCY=,196.26162,(CM**-1),QHDHD
MODE,48,FREQUENCY=,206.31705,(CM**-1),QHDHD
MODE,49,FREQUENCY=,212.78409,(CM**-1),QHDHD
MODE,50,FREQUENCY=,217.94921,(CM**-1),QHDHD
MODE,51,FREQUENCY=,234.24273,(CM**-1),QHDHD
MODE,52,FREQUENCY=,240.59782,(CM**-1),QHDHD
MODE,53,FREQUENCY=,275.62715,(CM**-1),QHDHD
MODE,54,FREQUENCY=,277.69838,(CM**-1),QHDHD
MODE,55,FREQUENCY=,282.52938,(CM**-1),QHDHD
MODE,56,FREQUENCY=,292.16252,(CM**-1),QHDHD
MODE,57,FREQUENCY=,314.01819,(CM**-1),QHDHD
MODE,58,FREQUENCY=,317.42791,(CM**-1),QHDHD
MODE,59,FREQUENCY=,320.53036,(CM**-1),QHDHD
MODE,60,FREQUENCY=,328.39633,(CM**-1),QHDHD
MODE,61,FREQUENCY=,352.48906,(CM**-1),QHDHD
MODE,62,FREQUENCY=,359.23842,(CM**-1),QHDHD
MODE,63,FREQUENCY=,363.99359,(CM**-1),QHDHD
MODE,64,FREQUENCY=,373.44135,(CM**-1),QHDHD
MODE,65,FREQUENCY=,386.15788,(CM**-1),QHDHD
MODE,66,FREQUENCY=,439.53217,(CM**-1),QHDHD
MODE,67,FREQUENCY=,456.43054,(CM**-1),QHDHD
MODE,68,FREQUENCY=,486.50364,(CM**-1),QHDHD
MODE,69,FREQUENCY=,517.92615,(CM**-1),QHDHD
MODE,70,FREQUENCY=,528.6749,(CM**-1),QHDHD
MODE,71,FREQUENCY=,531.62974,(CM**-1),QHDHD
MODE,72,FREQUENCY=,539.99019,(CM**-1),QHDHD
MODE,73,FREQUENCY=,556.3351,(CM**-1),QHDHD
MODE,74,FREQUENCY=,576.27607,(CM**-1),QHDHD
MODE,75,FREQUENCY=,589.90038,(CM**-1),QHDHD
MODE,76,FREQUENCY=,597.43355,(CM**-1),QHDHD
MODE,77,FREQUENCY=,609.64879,(CM**-1),QHDHD
MODE,78,FREQUENCY=,612.8767,(CM**-1),QHDHD
MODE,79,FREQUENCY=,615.3793,(CM**-1),QHDHD
MODE,80,FREQUENCY=,629.74215,(CM**-1),QHDHD
MODE,81,FREQUENCY=,633.35739,(CM**-1),QHDHD
MODE,82,FREQUENCY=,644.35824,(CM**-1),QHDHD
MODE,83,FREQUENCY=,647.85793,(CM**-1),QHDHD
MODE,84,FREQUENCY=,662.00544,(CM**-1),QHDHD
MODE,85,FREQUENCY=,663.20382,(CM**-1),QHDHD
MODE,86,FREQUENCY=,664.0492,(CM**-1),QHDHD
MODE,87,FREQUENCY=,677.17459,(CM**-1),QHDHD
MODE,88,FREQUENCY=,680.98465,(CM**-1),QHDHD
MODE,89,FREQUENCY=,683.7879,(CM**-1),QHDHD
MODE,90,FREQUENCY=,715.10096,(CM**-1),QHDHD
MODE,91,FREQUENCY=,728.59985,(CM**-1),QHDHD
MODE,92,FREQUENCY=,735.78641,(CM**-1),QHDHD
MODE,93,FREQUENCY=,803.39797,(CM**-1),QHDHD
MODE,94,FREQUENCY=,836.46281,(CM**-1),QHDHD
MODE,95,FREQUENCY=,865.1838,(CM**-1),QHDHD
MODE,96,FREQUENCY=,880.47057,(CM**-1),QHDHD
MODE,97,FREQUENCY=,922.50669,(CM**-1),QHDHD
MODE,98,FREQUENCY=,938.29304,(CM**-1),QHDHD
MODE,99,FREQUENCY=,939.39091,(CM**-1),QHDHD
MODE,100,FREQUENCY=,943.50538,(CM**-1),QHDHD
MODE,101,FREQUENCY=,944.25449,(CM**-1),QHDHD
MODE,102,FREQUENCY=,954.61125,(CM**-1),QHDHD
MODE,103,FREQUENCY=,977.29364,(CM**-1),QHDHD
MODE,104,FREQUENCY=,998.65033,(CM**-1),QHDHD
MODE,105,FREQUENCY=,1010.03329,(CM**-1),QHDHD
MODE,106,FREQUENCY=,1011.42786,(CM**-1),QHDHD
MODE,107,FREQUENCY=,1014.72636,(CM**-1),QHDHD
MODE,108,FREQUENCY=,1017.15889,(CM**-1),QHDHD
MODE,109,FREQUENCY=,1024.6453,(CM**-1),QHDHD
MODE,110,FREQUENCY=,1026.51819,(CM**-1),QHDHD
MODE,111,FREQUENCY=,1037.11944,(CM**-1),QHDHD
MODE,112,FREQUENCY=,1043.0818,(CM**-1),QHDHD
MODE,113,FREQUENCY=,1058.67193,(CM**-1),QHDHD
MODE,114,FREQUENCY=,1065.41466,(CM**-1),QHDHD
MODE,115,FREQUENCY=,1068.06542,(CM**-1),QHDHD
MODE,116,FREQUENCY=,1070.35493,(CM**-1),QHDHD
MODE,117,FREQUENCY=,1071.13442,(CM**-1),QHDHD
MODE,118,FREQUENCY=,1072.67318,(CM**-1),QHDHD
MODE,119,FREQUENCY=,1092.74255,(CM**-1),QHDHD
MODE,120,FREQUENCY=,1095.6508,(CM**-1),QHDHD
MODE,121,FREQUENCY=,1138.937,(CM**-1),QHDHD
MODE,122,FREQUENCY=,1154.14852,(CM**-1),QHDHD
MODE,123,FREQUENCY=,1169.7662,(CM**-1),QHDHD
MODE,124,FREQUENCY=,1183.13885,(CM**-1),QHDHD
MODE,125,FREQUENCY=,1225.56403,(CM**-1),QHDHD
MODE,126,FREQUENCY=,1257.26393,(CM**-1),QHDHD
MODE,127,FREQUENCY=,1260.62333,(CM**-1),QHDHD
MODE,128,FREQUENCY=,1298.49891,(CM**-1),QHDHD
MODE,129,FREQUENCY=,1299.49467,(CM**-1),QHDHD
MODE,130,FREQUENCY=,1315.13845,(CM**-1),QHDHD
MODE,131,FREQUENCY=,1348.77443,(CM**-1),QHDHD
MODE,132,FREQUENCY=,1350.46306,(CM**-1),QHDHD
MODE,133,FREQUENCY=,1370.03966,(CM**-1),QHDHD
MODE,134,FREQUENCY=,1381.29624,(CM**-1),QHDHD
MODE,135,FREQUENCY=,1389.56706,(CM**-1),QHDHD
MODE,136,FREQUENCY=,1399.91557,(CM**-1),QHDHD
MODE,137,FREQUENCY=,1418.90986,(CM**-1),QHDHD
MODE,138,FREQUENCY=,1428.45892,(CM**-1),QHDHD
MODE,139,FREQUENCY=,1429.9949,(CM**-1),QHDHD
MODE,140,FREQUENCY=,1433.44824,(CM**-1),QHDHD
MODE,141,FREQUENCY=,1443.49522,(CM**-1),QHDHD
MODE,142,FREQUENCY=,1471.2091,(CM**-1),QHDHD
MODE,143,FREQUENCY=,1476.13258,(CM**-1),QHDHD
MODE,144,FREQUENCY=,1477.4302,(CM**-1),QHDHD
MODE,145,FREQUENCY=,1478.68105,(CM**-1),QHDHD
MODE,146,FREQUENCY=,1479.96878,(CM**-1),QHDHD
MODE,147,FREQUENCY=,1482.32881,(CM**-1),QHDHD
MODE,148,FREQUENCY=,1483.34862,(CM**-1),QHDHD
MODE,149,FREQUENCY=,1487.5771,(CM**-1),QHDHD
MODE,150,FREQUENCY=,1488.63605,(CM**-1),QHDHD
MODE,151,FREQUENCY=,1489.45056,(CM**-1),QHDHD
MODE,152,FREQUENCY=,1489.97264,(CM**-1),QHDHD
MODE,153,FREQUENCY=,1491.25098,(CM**-1),QHDHD
MODE,154,FREQUENCY=,1503.931,(CM**-1),QHDHD
MODE,155,FREQUENCY=,1511.65605,(CM**-1),QHDHD
MODE,156,FREQUENCY=,1512.37278,(CM**-1),QHDHD
MODE,157,FREQUENCY=,1542.06162,(CM**-1),QHDHD
MODE,158,FREQUENCY=,1543.22873,(CM**-1),QHDHD
MODE,159,FREQUENCY=,1594.2066,(CM**-1),QHDHD
MODE,160,FREQUENCY=,1616.20044,(CM**-1),QHDHD
MODE,161,FREQUENCY=,1617.40937,(CM**-1),QHDHD
MODE,162,FREQUENCY=,1623.79272,(CM**-1),QHDHD
MODE,163,FREQUENCY=,1650.17321,(CM**-1),QHDHD
MODE,164,FREQUENCY=,1720.7766,(CM**-1),QHDHD
MODE,165,FREQUENCY=,1724.66414,(CM**-1),QHDHD
MODE,166,FREQUENCY=,2305.98533,(CM**-1),QHDHD
MODE,167,FREQUENCY=,3056.12709,(CM**-1),QHDHD
MODE,168,FREQUENCY=,3060.05209,(CM**-1),QHDHD
MODE,169,FREQUENCY=,3060.41271,(CM**-1),QHDHD
MODE,170,FREQUENCY=,3064.39626,(CM**-1),QHDHD
MODE,171,FREQUENCY=,3064.63425,(CM**-1),QHDHD
MODE,172,FREQUENCY=,3065.70423,(CM**-1),QHDHD
MODE,173,FREQUENCY=,3128.01615,(CM**-1),QHDHD
MODE,174,FREQUENCY=,3128.29719,(CM**-1),QHDHD
MODE,175,FREQUENCY=,3134.72234,(CM**-1),QHDHD
MODE,176,FREQUENCY=,3136.61898,(CM**-1),QHDHD
MODE,177,FREQUENCY=,3140.43462,(CM**-1),QHDHD
MODE,178,FREQUENCY=,3140.8836,(CM**-1),QHDHD
MODE,179,FREQUENCY=,3142.27304,(CM**-1),QHDHD
MODE,180,FREQUENCY=,3148.08915,(CM**-1),QHDHD
MODE,181,FREQUENCY=,3158.90706,(CM**-1),QHDHD
MODE,182,FREQUENCY=,3169.73662,(CM**-1),QHDHD
MODE,183,FREQUENCY=,3175.3103,(CM**-1),QHDHD
MODE,184,FREQUENCY=,3175.44824,(CM**-1),QHDHD
MODE,185,FREQUENCY=,3178.80355,(CM**-1),QHDHD
MODE,186,FREQUENCY=,3212.03742,(CM**-1),QHDHD
MODE,187,FREQUENCY=,3240.79915,(CM**-1),QHDHD
MODE,188,FREQUENCY=,3269.7619,(CM**-1),QHDHD
MODE,189,FREQUENCY=,3293.22405,(CM**-1),QHDHD
MODE,190,FREQUENCY=,3293.36641,(CM**-1),QHDHD
MODE,191,FREQUENCY=,3297.09451,(CM**-1),QHDHD
MODE,192,FREQUENCY=,3387.44706,(CM**-1),QHDHD
MODE,193,FREQUENCY=,3661.31517,(CM**-1),QHDHD
MODE,194,FREQUENCY=,3664.94753,(CM**-1),QHDHD
MODE,195,FREQUENCY=,3753.18523,(CM**-1),QHDHD
,,,,,
,,,,,
13-1-2-2-1,,,,,
MODE,1,FREQUENCY=,-1172.42562,(CM**-1),QHDDH
MODE,8,FREQUENCY=,21.21436,(CM**-1),QHDDH
MODE,9,FREQUENCY=,21.84699,(CM**-1),QHDDH
MODE,10,FREQUENCY=,25.44937,(CM**-1),QHDDH
MODE,11,FREQUENCY=,26.83049,(CM**-1),QHDDH
MODE,12,FREQUENCY=,28.31485,(CM**-1),QHDDH
MODE,13,FREQUENCY=,32.00575,(CM**-1),QHDDH
MODE,14,FREQUENCY=,36.68365,(CM**-1),QHDDH
MODE,15,FREQUENCY=,41.9508,(CM**-1),QHDDH
MODE,16,FREQUENCY=,45.11733,(CM**-1),QHDDH
MODE,17,FREQUENCY=,48.08381,(CM**-1),QHDDH
MODE,18,FREQUENCY=,50.21467,(CM**-1),QHDDH
MODE,19,FREQUENCY=,53.09968,(CM**-1),QHDDH
MODE,20,FREQUENCY=,56.20724,(CM**-1),QHDDH
MODE,21,FREQUENCY=,60.67204,(CM**-1),QHDDH
MODE,22,FREQUENCY=,62.29406,(CM**-1),QHDDH
MODE,23,FREQUENCY=,69.24216,(CM**-1),QHDDH
MODE,24,FREQUENCY=,76.36177,(CM**-1),QHDDH
MODE,25,FREQUENCY=,81.18276,(CM**-1),QHDDH
MODE,26,FREQUENCY=,84.31425,(CM**-1),QHDDH
MODE,27,FREQUENCY=,89.23662,(CM**-1),QHDDH
MODE,28,FREQUENCY=,99.0519,(CM**-1),QHDDH
MODE,29,FREQUENCY=,109.76867,(CM**-1),QHDDH
MODE,30,FREQUENCY=,110.51225,(CM**-1),QHDDH
MODE,31,FREQUENCY=,115.60063,(CM**-1),QHDDH
MODE,32,FREQUENCY=,124.72062,(CM**-1),QHDDH
MODE,33,FREQUENCY=,128.03446,(CM**-1),QHDDH
MODE,34,FREQUENCY=,134.76907,(CM**-1),QHDDH
MODE,35,FREQUENCY=,138.44665,(CM**-1),QHDDH
MODE,36,FREQUENCY=,140.52181,(CM**-1),QHDDH
MODE,37,FREQUENCY=,141.80896,(CM**-1),QHDDH
MODE,38,FREQUENCY=,147.55167,(CM**-1),QHDDH
MODE,39,FREQUENCY=,155.5326,(CM**-1),QHDDH
MODE,40,FREQUENCY=,156.77453,(CM**-1),QHDDH
MODE,41,FREQUENCY=,163.09791,(CM**-1),QHDDH
MODE,42,FREQUENCY=,166.90507,(CM**-1),QHDDH
MODE,43,FREQUENCY=,170.5293,(CM**-1),QHDDH
MODE,44,FREQUENCY=,172.39151,(CM**-1),QHDDH
MODE,45,FREQUENCY=,178.24689,(CM**-1),QHDDH
MODE,46,FREQUENCY=,189.51417,(CM**-1),QHDDH
MODE,47,FREQUENCY=,196.05523,(CM**-1),QHDDH
MODE,48,FREQUENCY=,206.34496,(CM**-1),QHDDH
MODE,49,FREQUENCY=,212.81977,(CM**-1),QHDDH
MODE,50,FREQUENCY=,217.78938,(CM**-1),QHDDH
MODE,51,FREQUENCY=,234.70385,(CM**-1),QHDDH
MODE,52,FREQUENCY=,243.91833,(CM**-1),QHDDH
MODE,53,FREQUENCY=,275.7618,(CM**-1),QHDDH
MODE,54,FREQUENCY=,277.7536,(CM**-1),QHDDH
MODE,55,FREQUENCY=,282.70421,(CM**-1),QHDDH
MODE,56,FREQUENCY=,293.47393,(CM**-1),QHDDH
MODE,57,FREQUENCY=,317.84917,(CM**-1),QHDDH
MODE,58,FREQUENCY=,320.2797,(CM**-1),QHDDH
MODE,59,FREQUENCY=,323.01175,(CM**-1),QHDDH
MODE,60,FREQUENCY=,329.73791,(CM**-1),QHDDH
MODE,61,FREQUENCY=,352.3293,(CM**-1),QHDDH
MODE,62,FREQUENCY=,359.56521,(CM**-1),QHDDH
MODE,63,FREQUENCY=,368.87509,(CM**-1),QHDDH
MODE,64,FREQUENCY=,372.91794,(CM**-1),QHDDH
MODE,65,FREQUENCY=,388.46953,(CM**-1),QHDDH
MODE,66,FREQUENCY=,426.18281,(CM**-1),QHDDH
MODE,67,FREQUENCY=,456.2573,(CM**-1),QHDDH
MODE,68,FREQUENCY=,486.49246,(CM**-1),QHDDH
MODE,69,FREQUENCY=,518.00963,(CM**-1),QHDDH
MODE,70,FREQUENCY=,528.67663,(CM**-1),QHDDH
MODE,71,FREQUENCY=,531.5756,(CM**-1),QHDDH
MODE,72,FREQUENCY=,539.98855,(CM**-1),QHDDH
MODE,73,FREQUENCY=,556.36668,(CM**-1),QHDDH
MODE,74,FREQUENCY=,576.27763,(CM**-1),QHDDH
MODE,75,FREQUENCY=,589.91063,(CM**-1),QHDDH
MODE,76,FREQUENCY=,597.43371,(CM**-1),QHDDH
MODE,77,FREQUENCY=,609.64896,(CM**-1),QHDDH
MODE,78,FREQUENCY=,612.87877,(CM**-1),QHDDH
MODE,79,FREQUENCY=,615.38347,(CM**-1),QHDDH
MODE,80,FREQUENCY=,629.75134,(CM**-1),QHDDH
MODE,81,FREQUENCY=,633.35903,(CM**-1),QHDDH
MODE,82,FREQUENCY=,644.35865,(CM**-1),QHDDH
MODE,83,FREQUENCY=,647.858,(CM**-1),QHDDH
MODE,84,FREQUENCY=,662.15697,(CM**-1),QHDDH
MODE,85,FREQUENCY=,663.22101,(CM**-1),QHDDH
MODE,86,FREQUENCY=,664.10313,(CM**-1),QHDDH
MODE,87,FREQUENCY=,677.18015,(CM**-1),QHDDH
MODE,88,FREQUENCY=,681.12131,(CM**-1),QHDDH
MODE,89,FREQUENCY=,683.84125,(CM**-1),QHDDH
MODE,90,FREQUENCY=,728.59874,(CM**-1),QHDDH
MODE,91,FREQUENCY=,735.75463,(CM**-1),QHDDH
MODE,92,FREQUENCY=,736.59038,(CM**-1),QHDDH
MODE,93,FREQUENCY=,803.58185,(CM**-1),QHDDH
MODE,94,FREQUENCY=,836.47152,(CM**-1),QHDDH
MODE,95,FREQUENCY=,880.46955,(CM**-1),QHDDH
MODE,96,FREQUENCY=,922.52125,(CM**-1),QHDDH
MODE,97,FREQUENCY=,938.29105,(CM**-1),QHDDH
MODE,98,FREQUENCY=,939.39034,(CM**-1),QHDDH
MODE,99,FREQUENCY=,943.48774,(CM**-1),QHDDH
MODE,100,FREQUENCY=,944.23573,(CM**-1),QHDDH
MODE,101,FREQUENCY=,954.65204,(CM**-1),QHDDH
MODE,102,FREQUENCY=,998.33833,(CM**-1),QHDDH
MODE,103,FREQUENCY=,1009.94675,(CM**-1),QHDDH
MODE,104,FREQUENCY=,1011.28935,(CM**-1),QHDDH
MODE,105,FREQUENCY=,1013.64866,(CM**-1),QHDDH
MODE,106,FREQUENCY=,1015.07245,(CM**-1),QHDDH
MODE,107,FREQUENCY=,1017.1814,(CM**-1),QHDDH
MODE,108,FREQUENCY=,1024.80368,(CM**-1),QHDDH
MODE,109,FREQUENCY=,1026.50682,(CM**-1),QHDDH
MODE,110,FREQUENCY=,1037.10675,(CM**-1),QHDDH
MODE,111,FREQUENCY=,1043.09257,(CM**-1),QHDDH
MODE,112,FREQUENCY=,1058.6788,(CM**-1),QHDDH
MODE,113,FREQUENCY=,1065.11979,(CM**-1),QHDDH
MODE,114,FREQUENCY=,1067.27729,(CM**-1),QHDDH
MODE,115,FREQUENCY=,1070.23558,(CM**-1),QHDDH
MODE,116,FREQUENCY=,1070.83314,(CM**-1),QHDDH
MODE,117,FREQUENCY=,1071.29168,(CM**-1),QHDDH
MODE,118,FREQUENCY=,1072.67383,(CM**-1),QHDDH
MODE,119,FREQUENCY=,1092.75073,(CM**-1),QHDDH
MODE,120,FREQUENCY=,1095.65396,(CM**-1),QHDDH
MODE,121,FREQUENCY=,1135.37005,(CM**-1),QHDDH
MODE,122,FREQUENCY=,1154.16683,(CM**-1),QHDDH
MODE,123,FREQUENCY=,1169.76577,(CM**-1),QHDDH
MODE,124,FREQUENCY=,1183.13772,(CM**-1),QHDDH
MODE,125,FREQUENCY=,1222.37089,(CM**-1),QHDDH
MODE,126,FREQUENCY=,1257.26591,(CM**-1),QHDDH
MODE,127,FREQUENCY=,1260.62424,(CM**-1),QHDDH
MODE,128,FREQUENCY=,1298.4803,(CM**-1),QHDDH
MODE,129,FREQUENCY=,1299.50104,(CM**-1),QHDDH
MODE,130,FREQUENCY=,1302.88984,(CM**-1),QHDDH
MODE,131,FREQUENCY=,1315.62891,(CM**-1),QHDDH
MODE,132,FREQUENCY=,1348.77468,(CM**-1),QHDDH
MODE,133,FREQUENCY=,1350.46322,(CM**-1),QHDDH
MODE,134,FREQUENCY=,1370.05727,(CM**-1),QHDDH
MODE,135,FREQUENCY=,1381.31192,(CM**-1),QHDDH
MODE,136,FREQUENCY=,1389.57767,(CM**-1),QHDDH
MODE,137,FREQUENCY=,1399.97497,(CM**-1),QHDDH
MODE,138,FREQUENCY=,1428.4536,(CM**-1),QHDDH
MODE,139,FREQUENCY=,1429.99913,(CM**-1),QHDDH
MODE,140,FREQUENCY=,1433.44893,(CM**-1),QHDDH
MODE,141,FREQUENCY=,1443.51313,(CM**-1),QHDDH
MODE,142,FREQUENCY=,1471.20761,(CM**-1),QHDDH
MODE,143,FREQUENCY=,1476.13294,(CM**-1),QHDDH
MODE,144,FREQUENCY=,1477.43173,(CM**-1),QHDDH
MODE,145,FREQUENCY=,1478.68104,(CM**-1),QHDDH
MODE,146,FREQUENCY=,1479.97123,(CM**-1),QHDDH
MODE,147,FREQUENCY=,1482.19896,(CM**-1),QHDDH
MODE,148,FREQUENCY=,1483.30783,(CM**-1),QHDDH
MODE,149,FREQUENCY=,1487.57743,(CM**-1),QHDDH
MODE,150,FREQUENCY=,1488.63573,(CM**-1),QHDDH
MODE,151,FREQUENCY=,1489.44239,(CM**-1),QHDDH
MODE,152,FREQUENCY=,1489.95462,(CM**-1),QHDDH
MODE,153,FREQUENCY=,1491.25163,(CM**-1),QHDDH
MODE,154,FREQUENCY=,1503.94224,(CM**-1),QHDDH
MODE,155,FREQUENCY=,1511.65947,(CM**-1),QHDDH
MODE,156,FREQUENCY=,1512.37472,(CM**-1),QHDDH
MODE,157,FREQUENCY=,1542.07084,(CM**-1),QHDDH
MODE,158,FREQUENCY=,1543.23577,(CM**-1),QHDDH
MODE,159,FREQUENCY=,1594.226,(CM**-1),QHDDH
MODE,160,FREQUENCY=,1616.20422,(CM**-1),QHDDH
MODE,161,FREQUENCY=,1617.40975,(CM**-1),QHDDH
MODE,162,FREQUENCY=,1623.81756,(CM**-1),QHDDH
MODE,163,FREQUENCY=,1650.17534,(CM**-1),QHDDH
MODE,164,FREQUENCY=,1720.78953,(CM**-1),QHDDH
MODE,165,FREQUENCY=,1724.66558,(CM**-1),QHDDH
MODE,166,FREQUENCY=,2244.688,(CM**-1),QHDDH
MODE,167,FREQUENCY=,2371.3953,(CM**-1),QHDDH
MODE,168,FREQUENCY=,3056.12724,(CM**-1),QHDDH
MODE,169,FREQUENCY=,3060.05211,(CM**-1),QHDDH
MODE,170,FREQUENCY=,3060.41279,(CM**-1),QHDDH
MODE,171,FREQUENCY=,3064.3963,(CM**-1),QHDDH
MODE,172,FREQUENCY=,3064.6343,(CM**-1),QHDDH
MODE,173,FREQUENCY=,3065.70428,(CM**-1),QHDDH
MODE,174,FREQUENCY=,3128.13566,(CM**-1),QHDDH
MODE,175,FREQUENCY=,3134.72234,(CM**-1),QHDDH
MODE,176,FREQUENCY=,3136.61902,(CM**-1),QHDDH
MODE,177,FREQUENCY=,3140.43415,(CM**-1),QHDDH
MODE,178,FREQUENCY=,3140.8836,(CM**-1),QHDDH
MODE,179,FREQUENCY=,3142.27306,(CM**-1),QHDDH
MODE,180,FREQUENCY=,3148.08917,(CM**-1),QHDDH
MODE,181,FREQUENCY=,3158.90706,(CM**-1),QHDDH
MODE,182,FREQUENCY=,3169.73501,(CM**-1),QHDDH
MODE,183,FREQUENCY=,3175.31031,(CM**-1),QHDDH
MODE,184,FREQUENCY=,3175.44817,(CM**-1),QHDDH
MODE,185,FREQUENCY=,3178.8034,(CM**-1),QHDDH
MODE,186,FREQUENCY=,3180.6626,(CM**-1),QHDDH
MODE,187,FREQUENCY=,3240.8591,(CM**-1),QHDDH
MODE,188,FREQUENCY=,3269.76276,(CM**-1),QHDDH
MODE,189,FREQUENCY=,3293.22419,(CM**-1),QHDDH
MODE,190,FREQUENCY=,3293.36641,(CM**-1),QHDDH
MODE,191,FREQUENCY=,3297.09493,(CM**-1),QHDDH
MODE,192,FREQUENCY=,3387.4502,(CM**-1),QHDDH
MODE,193,FREQUENCY=,3661.31526,(CM**-1),QHDDH
MODE,194,FREQUENCY=,3664.94756,(CM**-1),QHDDH
MODE,195,FREQUENCY=,3753.18525,(CM**-1),QHDDH
,,,,,
,,,,,
13-1-2-2-2,,,,,
MODE,1,FREQUENCY=,-895.2234,(CM**-1),QHDDD
MODE,8,FREQUENCY=,21.20307,(CM**-1),QHDDD
MODE,9,FREQUENCY=,21.78821,(CM**-1),QHDDD
MODE,10,FREQUENCY=,25.44865,(CM**-1),QHDDD
MODE,11,FREQUENCY=,26.82465,(CM**-1),QHDDD
MODE,12,FREQUENCY=,28.31246,(CM**-1),QHDDD
MODE,13,FREQUENCY=,32.00257,(CM**-1),QHDDD
MODE,14,FREQUENCY=,36.68126,(CM**-1),QHDDD
MODE,15,FREQUENCY=,41.94514,(CM**-1),QHDDD
MODE,16,FREQUENCY=,45.10972,(CM**-1),QHDDD
MODE,17,FREQUENCY=,48.04041,(CM**-1),QHDDD
MODE,18,FREQUENCY=,50.17474,(CM**-1),QHDDD
MODE,19,FREQUENCY=,53.09835,(CM**-1),QHDDD
MODE,20,FREQUENCY=,56.1891,(CM**-1),QHDDD
MODE,21,FREQUENCY=,60.6262,(CM**-1),QHDDD
MODE,22,FREQUENCY=,62.28161,(CM**-1),QHDDD
MODE,23,FREQUENCY=,69.23692,(CM**-1),QHDDD
MODE,24,FREQUENCY=,76.35884,(CM**-1),QHDDD
MODE,25,FREQUENCY=,81.17657,(CM**-1),QHDDD
MODE,26,FREQUENCY=,84.30393,(CM**-1),QHDDD
MODE,27,FREQUENCY=,89.22924,(CM**-1),QHDDD
MODE,28,FREQUENCY=,98.96036,(CM**-1),QHDDD
MODE,29,FREQUENCY=,109.75167,(CM**-1),QHDDD
MODE,30,FREQUENCY=,110.50278,(CM**-1),QHDDD
MODE,31,FREQUENCY=,115.59564,(CM**-1),QHDDD
MODE,32,FREQUENCY=,124.71449,(CM**-1),QHDDD
MODE,33,FREQUENCY=,128.02089,(CM**-1),QHDDD
MODE,34,FREQUENCY=,134.68876,(CM**-1),QHDDD
MODE,35,FREQUENCY=,138.42688,(CM**-1),QHDDD
MODE,36,FREQUENCY=,140.49494,(CM**-1),QHDDD
MODE,37,FREQUENCY=,141.7727,(CM**-1),QHDDD
MODE,38,FREQUENCY=,147.39807,(CM**-1),QHDDD
MODE,39,FREQUENCY=,155.48858,(CM**-1),QHDDD
MODE,40,FREQUENCY=,156.6874,(CM**-1),QHDDD
MODE,41,FREQUENCY=,163.09715,(CM**-1),QHDDD
MODE,42,FREQUENCY=,166.88941,(CM**-1),QHDDD
MODE,43,FREQUENCY=,170.5015,(CM**-1),QHDDD
MODE,44,FREQUENCY=,172.31216,(CM**-1),QHDDD
MODE,45,FREQUENCY=,177.96679,(CM**-1),QHDDD
MODE,46,FREQUENCY=,189.46556,(CM**-1),QHDDD
MODE,47,FREQUENCY=,195.9167,(CM**-1),QHDDD
MODE,48,FREQUENCY=,206.11142,(CM**-1),QHDDD
MODE,49,FREQUENCY=,212.73474,(CM**-1),QHDDD
MODE,50,FREQUENCY=,217.62953,(CM**-1),QHDDD
MODE,51,FREQUENCY=,234.07141,(CM**-1),QHDDD
MODE,52,FREQUENCY=,239.50487,(CM**-1),QHDDD
MODE,53,FREQUENCY=,275.40481,(CM**-1),QHDDD
MODE,54,FREQUENCY=,277.69447,(CM**-1),QHDDD
MODE,55,FREQUENCY=,282.4707,(CM**-1),QHDDD
MODE,56,FREQUENCY=,291.99768,(CM**-1),QHDDD
MODE,57,FREQUENCY=,308.00707,(CM**-1),QHDDD
MODE,58,FREQUENCY=,314.41555,(CM**-1),QHDDD
MODE,59,FREQUENCY=,318.71458,(CM**-1),QHDDD
MODE,60,FREQUENCY=,320.75739,(CM**-1),QHDDD
MODE,61,FREQUENCY=,350.25554,(CM**-1),QHDDD
MODE,62,FREQUENCY=,359.00374,(CM**-1),QHDDD
MODE,63,FREQUENCY=,362.33523,(CM**-1),QHDDD
MODE,64,FREQUENCY=,372.72302,(CM**-1),QHDDD
MODE,65,FREQUENCY=,379.24518,(CM**-1),QHDDD
MODE,66,FREQUENCY=,418.05637,(CM**-1),QHDDD
MODE,67,FREQUENCY=,456.24655,(CM**-1),QHDDD
MODE,68,FREQUENCY=,486.4892,(CM**-1),QHDDD
MODE,69,FREQUENCY=,517.92036,(CM**-1),QHDDD
MODE,70,FREQUENCY=,528.67008,(CM**-1),QHDDD
MODE,71,FREQUENCY=,531.55933,(CM**-1),QHDDD
MODE,72,FREQUENCY=,539.98277,(CM**-1),QHDDD
MODE,73,FREQUENCY=,556.25652,(CM**-1),QHDDD
MODE,74,FREQUENCY=,576.27535,(CM**-1),QHDDD
MODE,75,FREQUENCY=,589.88692,(CM**-1),QHDDD
MODE,76,FREQUENCY=,597.43272,(CM**-1),QHDDD
MODE,77,FREQUENCY=,609.64784,(CM**-1),QHDDD
MODE,78,FREQUENCY=,612.87551,(CM**-1),QHDDD
MODE,79,FREQUENCY=,615.3791,(CM**-1),QHDDD
MODE,80,FREQUENCY=,629.74094,(CM**-1),QHDDD
MODE,81,FREQUENCY=,633.35682,(CM**-1),QHDDD
MODE,82,FREQUENCY=,644.35823,(CM**-1),QHDDD
MODE,83,FREQUENCY=,647.85769,(CM**-1),QHDDD
MODE,84,FREQUENCY=,661.9495,(CM**-1),QHDDD
MODE,85,FREQUENCY=,663.19578,(CM**-1),QHDDD
MODE,86,FREQUENCY=,664.03091,(CM**-1),QHDDD
MODE,87,FREQUENCY=,677.1739,(CM**-1),QHDDD
MODE,88,FREQUENCY=,680.90121,(CM**-1),QHDDD
MODE,89,FREQUENCY=,683.75887,(CM**-1),QHDDD
MODE,90,FREQUENCY=,713.02019,(CM**-1),QHDDD
MODE,91,FREQUENCY=,728.59978,(CM**-1),QHDDD
MODE,92,FREQUENCY=,735.7863,(CM**-1),QHDDD
MODE,93,FREQUENCY=,803.39609,(CM**-1),QHDDD
MODE,94,FREQUENCY=,836.46076,(CM**-1),QHDDD
MODE,95,FREQUENCY=,863.06918,(CM**-1),QHDDD
MODE,96,FREQUENCY=,880.46454,(CM**-1),QHDDD
MODE,97,FREQUENCY=,904.15253,(CM**-1),QHDDD
MODE,98,FREQUENCY=,922.54372,(CM**-1),QHDDD
MODE,99,FREQUENCY=,938.29369,(CM**-1),QHDDD
MODE,100,FREQUENCY=,939.39718,(CM**-1),QHDDD
MODE,101,FREQUENCY=,943.50798,(CM**-1),QHDDD
MODE,102,FREQUENCY=,944.26705,(CM**-1),QHDDD
MODE,103,FREQUENCY=,954.61492,(CM**-1),QHDDD
MODE,104,FREQUENCY=,998.61288,(CM**-1),QHDDD
MODE,105,FREQUENCY=,1010.03307,(CM**-1),QHDDD
MODE,106,FREQUENCY=,1011.39972,(CM**-1),QHDDD
MODE,107,FREQUENCY=,1014.72122,(CM**-1),QHDDD
MODE,108,FREQUENCY=,1016.81574,(CM**-1),QHDDD
MODE,109,FREQUENCY=,1017.16335,(CM**-1),QHDDD
MODE,110,FREQUENCY=,1024.74495,(CM**-1),QHDDD
MODE,111,FREQUENCY=,1026.51785,(CM**-1),QHDDD
MODE,112,FREQUENCY=,1037.11401,(CM**-1),QHDDD
MODE,113,FREQUENCY=,1043.09292,(CM**-1),QHDDD
MODE,114,FREQUENCY=,1058.68672,(CM**-1),QHDDD
MODE,115,FREQUENCY=,1065.42677,(CM**-1),QHDDD
MODE,116,FREQUENCY=,1068.06666,(CM**-1),QHDDD
MODE,117,FREQUENCY=,1070.3548,(CM**-1),QHDDD
MODE,118,FREQUENCY=,1071.13439,(CM**-1),QHDDD
MODE,119,FREQUENCY=,1072.6724,(CM**-1),QHDDD
MODE,120,FREQUENCY=,1092.74267,(CM**-1),QHDDD
MODE,121,FREQUENCY=,1095.65098,(CM**-1),QHDDD
MODE,122,FREQUENCY=,1123.31124,(CM**-1),QHDDD
MODE,123,FREQUENCY=,1154.14557,(CM**-1),QHDDD
MODE,124,FREQUENCY=,1169.76604,(CM**-1),QHDDD
MODE,125,FREQUENCY=,1183.13862,(CM**-1),QHDDD
MODE,126,FREQUENCY=,1257.26348,(CM**-1),QHDDD
MODE,127,FREQUENCY=,1260.6233,(CM**-1),QHDDD
MODE,128,FREQUENCY=,1298.47408,(CM**-1),QHDDD
MODE,129,FREQUENCY=,1299.49301,(CM**-1),QHDDD
MODE,130,FREQUENCY=,1302.72039,(CM**-1),QHDDD
MODE,131,FREQUENCY=,1315.43983,(CM**-1),QHDDD
MODE,132,FREQUENCY=,1348.77447,(CM**-1),QHDDD
MODE,133,FREQUENCY=,1350.46307,(CM**-1),QHDDD
MODE,134,FREQUENCY=,1370.04453,(CM**-1),QHDDD
MODE,135,FREQUENCY=,1381.29721,(CM**-1),QHDDD
MODE,136,FREQUENCY=,1389.5682,(CM**-1),QHDDD
MODE,137,FREQUENCY=,1399.94424,(CM**-1),QHDDD
MODE,138,FREQUENCY=,1428.44853,(CM**-1),QHDDD
MODE,139,FREQUENCY=,1429.98964,(CM**-1),QHDDD
MODE,140,FREQUENCY=,1433.44752,(CM**-1),QHDDD
MODE,141,FREQUENCY=,1443.49291,(CM**-1),QHDDD
MODE,142,FREQUENCY=,1471.19024,(CM**-1),QHDDD
MODE,143,FREQUENCY=,1476.13254,(CM**-1),QHDDD
MODE,144,FREQUENCY=,1477.42971,(CM**-1),QHDDD
MODE,145,FREQUENCY=,1478.68103,(CM**-1),QHDDD
MODE,146,FREQUENCY=,1479.96532,(CM**-1),QHDDD
MODE,147,FREQUENCY=,1482.18946,(CM**-1),QHDDD
MODE,148,FREQUENCY=,1483.30697,(CM**-1),QHDDD
MODE,149,FREQUENCY=,1487.57709,(CM**-1),QHDDD
MODE,150,FREQUENCY=,1488.63535,(CM**-1),QHDDD
MODE,151,FREQUENCY=,1489.43887,(CM**-1),QHDDD
MODE,152,FREQUENCY=,1489.9545,(CM**-1),QHDDD
MODE,153,FREQUENCY=,1491.25093,(CM**-1),QHDDD
MODE,154,FREQUENCY=,1503.93019,(CM**-1),QHDDD
MODE,155,FREQUENCY=,1511.65556,(CM**-1),QHDDD
MODE,156,FREQUENCY=,1512.37273,(CM**-1),QHDDD
MODE,157,FREQUENCY=,1542.06134,(CM**-1),QHDDD
MODE,158,FREQUENCY=,1543.22837,(CM**-1),QHDDD
MODE,159,FREQUENCY=,1594.17866,(CM**-1),QHDDD
MODE,160,FREQUENCY=,1616.19953,(CM**-1),QHDDD
MODE,161,FREQUENCY=,1617.40912,(CM**-1),QHDDD
MODE,162,FREQUENCY=,1623.787,(CM**-1),QHDDD
MODE,163,FREQUENCY=,1650.17139,(CM**-1),QHDDD
MODE,164,FREQUENCY=,1720.773,(CM**-1),QHDDD
MODE,165,FREQUENCY=,1724.66409,(CM**-1),QHDDD
MODE,166,FREQUENCY=,2244.56042,(CM**-1),QHDDD
MODE,167,FREQUENCY=,2371.31672,(CM**-1),QHDDD
MODE,168,FREQUENCY=,3056.127,(CM**-1),QHDDD
MODE,169,FREQUENCY=,3060.05209,(CM**-1),QHDDD
MODE,170,FREQUENCY=,3060.41272,(CM**-1),QHDDD
MODE,171,FREQUENCY=,3064.39625,(CM**-1),QHDDD
MODE,172,FREQUENCY=,3064.63425,(CM**-1),QHDDD
MODE,173,FREQUENCY=,3065.70424,(CM**-1),QHDDD
MODE,174,FREQUENCY=,3128.1355,(CM**-1),QHDDD
MODE,175,FREQUENCY=,3134.72234,(CM**-1),QHDDD
MODE,176,FREQUENCY=,3136.61898,(CM**-1),QHDDD
MODE,177,FREQUENCY=,3140.43406,(CM**-1),QHDDD
MODE,178,FREQUENCY=,3140.8836,(CM**-1),QHDDD
MODE,179,FREQUENCY=,3142.27303,(CM**-1),QHDDD
MODE,180,FREQUENCY=,3148.08915,(CM**-1),QHDDD
MODE,181,FREQUENCY=,3158.90706,(CM**-1),QHDDD
MODE,182,FREQUENCY=,3169.73469,(CM**-1),QHDDD
MODE,183,FREQUENCY=,3175.31029,(CM**-1),QHDDD
MODE,184,FREQUENCY=,3175.44815,(CM**-1),QHDDD
MODE,185,FREQUENCY=,3178.80334,(CM**-1),QHDDD
MODE,186,FREQUENCY=,3180.51174,(CM**-1),QHDDD
MODE,187,FREQUENCY=,3240.79809,(CM**-1),QHDDD
MODE,188,FREQUENCY=,3269.76188,(CM**-1),QHDDD
MODE,189,FREQUENCY=,3293.22405,(CM**-1),QHDDD
MODE,190,FREQUENCY=,3293.36641,(CM**-1),QHDDD
MODE,191,FREQUENCY=,3297.09451,(CM**-1),QHDDD
MODE,192,FREQUENCY=,3387.44655,(CM**-1),QHDDD
MODE,193,FREQUENCY=,3661.31517,(CM**-1),QHDDD
MODE,194,FREQUENCY=,3664.94753,(CM**-1),QHDDD
MODE,195,FREQUENCY=,3753.18519,(CM**-1),QHDDD
,,,,,
,,,,,
13-2-1-1-1,,,,,
MODE,1,FREQUENCY=,-1181.86524,(CM**-1),QDHHH
MODE,8,FREQUENCY=,21.32514,(CM**-1),QDHHH
MODE,9,FREQUENCY=,22.86302,(CM**-1),QDHHH
MODE,10,FREQUENCY=,25.44295,(CM**-1),QDHHH
MODE,11,FREQUENCY=,27.23639,(CM**-1),QDHHH
MODE,12,FREQUENCY=,28.31452,(CM**-1),QDHHH
MODE,13,FREQUENCY=,31.99058,(CM**-1),QDHHH
MODE,14,FREQUENCY=,36.7302,(CM**-1),QDHHH
MODE,15,FREQUENCY=,42.09032,(CM**-1),QDHHH
MODE,16,FREQUENCY=,45.22209,(CM**-1),QDHHH
MODE,17,FREQUENCY=,49.52779,(CM**-1),QDHHH
MODE,18,FREQUENCY=,52.80389,(CM**-1),QDHHH
MODE,19,FREQUENCY=,54.04511,(CM**-1),QDHHH
MODE,20,FREQUENCY=,56.06685,(CM**-1),QDHHH
MODE,21,FREQUENCY=,60.47446,(CM**-1),QDHHH
MODE,22,FREQUENCY=,63.12666,(CM**-1),QDHHH
MODE,23,FREQUENCY=,69.42976,(CM**-1),QDHHH
MODE,24,FREQUENCY=,76.41112,(CM**-1),QDHHH
MODE,25,FREQUENCY=,81.39332,(CM**-1),QDHHH
MODE,26,FREQUENCY=,84.32301,(CM**-1),QDHHH
MODE,27,FREQUENCY=,89.26347,(CM**-1),QDHHH
MODE,28,FREQUENCY=,99.00244,(CM**-1),QDHHH
MODE,29,FREQUENCY=,109.76205,(CM**-1),QDHHH
MODE,30,FREQUENCY=,110.51476,(CM**-1),QDHHH
MODE,31,FREQUENCY=,115.60698,(CM**-1),QDHHH
MODE,32,FREQUENCY=,124.72329,(CM**-1),QDHHH
MODE,33,FREQUENCY=,128.04534,(CM**-1),QDHHH
MODE,34,FREQUENCY=,134.67636,(CM**-1),QDHHH
MODE,35,FREQUENCY=,138.48307,(CM**-1),QDHHH
MODE,36,FREQUENCY=,140.52974,(CM**-1),QDHHH
MODE,37,FREQUENCY=,141.81703,(CM**-1),QDHHH
MODE,38,FREQUENCY=,147.42237,(CM**-1),QDHHH
MODE,39,FREQUENCY=,155.55704,(CM**-1),QDHHH
MODE,40,FREQUENCY=,156.8428,(CM**-1),QDHHH
MODE,41,FREQUENCY=,163.09778,(CM**-1),QDHHH
MODE,42,FREQUENCY=,166.91713,(CM**-1),QDHHH
MODE,43,FREQUENCY=,170.52414,(CM**-1),QDHHH
MODE,44,FREQUENCY=,172.2898,(CM**-1),QDHHH
MODE,45,FREQUENCY=,178.06586,(CM**-1),QDHHH
MODE,46,FREQUENCY=,189.57234,(CM**-1),QDHHH
MODE,47,FREQUENCY=,196.28979,(CM**-1),QDHHH
MODE,48,FREQUENCY=,206.46959,(CM**-1),QDHHH
MODE,49,FREQUENCY=,212.71568,(CM**-1),QDHHH
MODE,50,FREQUENCY=,218.21269,(CM**-1),QDHHH
MODE,51,FREQUENCY=,235.18557,(CM**-1),QDHHH
MODE,52,FREQUENCY=,245.8465,(CM**-1),QDHHH
MODE,53,FREQUENCY=,275.93099,(CM**-1),QDHHH
MODE,54,FREQUENCY=,277.67976,(CM**-1),QDHHH
MODE,55,FREQUENCY=,282.82732,(CM**-1),QDHHH
MODE,56,FREQUENCY=,294.81823,(CM**-1),QDHHH
MODE,57,FREQUENCY=,315.77247,(CM**-1),QDHHH
MODE,58,FREQUENCY=,320.49305,(CM**-1),QDHHH
MODE,59,FREQUENCY=,328.23466,(CM**-1),QDHHH
MODE,60,FREQUENCY=,341.98285,(CM**-1),QDHHH
MODE,61,FREQUENCY=,356.5428,(CM**-1),QDHHH
MODE,62,FREQUENCY=,360.79914,(CM**-1),QDHHH
MODE,63,FREQUENCY=,373.40267,(CM**-1),QDHHH
MODE,64,FREQUENCY=,378.89359,(CM**-1),QDHHH
MODE,65,FREQUENCY=,396.77847,(CM**-1),QDHHH
MODE,66,FREQUENCY=,452.65454,(CM**-1),QDHHH
MODE,67,FREQUENCY=,457.2767,(CM**-1),QDHHH
MODE,68,FREQUENCY=,486.48027,(CM**-1),QDHHH
MODE,69,FREQUENCY=,517.93393,(CM**-1),QDHHH
MODE,70,FREQUENCY=,528.66288,(CM**-1),QDHHH
MODE,71,FREQUENCY=,531.62273,(CM**-1),QDHHH
MODE,72,FREQUENCY=,539.9909,(CM**-1),QDHHH
MODE,73,FREQUENCY=,556.42222,(CM**-1),QDHHH
MODE,74,FREQUENCY=,576.277,(CM**-1),QDHHH
MODE,75,FREQUENCY=,589.93204,(CM**-1),QDHHH
MODE,76,FREQUENCY=,597.43329,(CM**-1),QDHHH
MODE,77,FREQUENCY=,609.65118,(CM**-1),QDHHH
MODE,78,FREQUENCY=,612.85184,(CM**-1),QDHHH
MODE,79,FREQUENCY=,615.39659,(CM**-1),QDHHH
MODE,80,FREQUENCY=,629.75288,(CM**-1),QDHHH
MODE,81,FREQUENCY=,633.35888,(CM**-1),QDHHH
MODE,82,FREQUENCY=,644.35868,(CM**-1),QDHHH
MODE,83,FREQUENCY=,647.85817,(CM**-1),QDHHH
MODE,84,FREQUENCY=,662.18956,(CM**-1),QDHHH
MODE,85,FREQUENCY=,663.22693,(CM**-1),QDHHH
MODE,86,FREQUENCY=,664.11869,(CM**-1),QDHHH
MODE,87,FREQUENCY=,677.18051,(CM**-1),QDHHH
MODE,88,FREQUENCY=,681.14396,(CM**-1),QDHHH
MODE,89,FREQUENCY=,683.85404,(CM**-1),QDHHH
MODE,90,FREQUENCY=,728.59888,(CM**-1),QDHHH
MODE,91,FREQUENCY=,735.77161,(CM**-1),QDHHH
MODE,92,FREQUENCY=,737.66059,(CM**-1),QDHHH
MODE,93,FREQUENCY=,803.58616,(CM**-1),QDHHH
MODE,94,FREQUENCY=,836.47169,(CM**-1),QDHHH
MODE,95,FREQUENCY=,880.46982,(CM**-1),QDHHH
MODE,96,FREQUENCY=,922.52062,(CM**-1),QDHHH
MODE,97,FREQUENCY=,938.29386,(CM**-1),QDHHH
MODE,98,FREQUENCY=,939.39612,(CM**-1),QDHHH
MODE,99,FREQUENCY=,943.49139,(CM**-1),QDHHH
MODE,100,FREQUENCY=,944.25378,(CM**-1),QDHHH
MODE,101,FREQUENCY=,954.65275,(CM**-1),QDHHH
MODE,102,FREQUENCY=,998.67539,(CM**-1),QDHHH
MODE,103,FREQUENCY=,1010.04322,(CM**-1),QDHHH
MODE,104,FREQUENCY=,1011.42458,(CM**-1),QDHHH
MODE,105,FREQUENCY=,1014.73302,(CM**-1),QDHHH
MODE,106,FREQUENCY=,1017.1587,(CM**-1),QDHHH
MODE,107,FREQUENCY=,1024.64091,(CM**-1),QDHHH
MODE,108,FREQUENCY=,1026.49275,(CM**-1),QDHHH
MODE,109,FREQUENCY=,1037.10686,(CM**-1),QDHHH
MODE,110,FREQUENCY=,1043.08461,(CM**-1),QDHHH
MODE,111,FREQUENCY=,1058.65116,(CM**-1),QDHHH
MODE,112,FREQUENCY=,1065.33349,(CM**-1),QDHHH
MODE,113,FREQUENCY=,1067.95717,(CM**-1),QDHHH
MODE,114,FREQUENCY=,1070.34607,(CM**-1),QDHHH
MODE,115,FREQUENCY=,1071.13213,(CM**-1),QDHHH
MODE,116,FREQUENCY=,1072.66976,(CM**-1),QDHHH
MODE,117,FREQUENCY=,1085.33511,(CM**-1),QDHHH
MODE,118,FREQUENCY=,1092.76962,(CM**-1),QDHHH
MODE,119,FREQUENCY=,1095.65339,(CM**-1),QDHHH
MODE,120,FREQUENCY=,1154.15178,(CM**-1),QDHHH
MODE,121,FREQUENCY=,1163.96604,(CM**-1),QDHHH
MODE,122,FREQUENCY=,1169.76575,(CM**-1),QDHHH
MODE,123,FREQUENCY=,1183.18861,(CM**-1),QDHHH
MODE,124,FREQUENCY=,1215.47387,(CM**-1),QDHHH
MODE,125,FREQUENCY=,1255.29321,(CM**-1),QDHHH
MODE,126,FREQUENCY=,1257.2728,(CM**-1),QDHHH
MODE,127,FREQUENCY=,1260.6265,(CM**-1),QDHHH
MODE,128,FREQUENCY=,1298.50572,(CM**-1),QDHHH
MODE,129,FREQUENCY=,1299.50212,(CM**-1),QDHHH
MODE,130,FREQUENCY=,1315.21182,(CM**-1),QDHHH
MODE,131,FREQUENCY=,1348.77468,(CM**-1),QDHHH
MODE,132,FREQUENCY=,1350.4632,(CM**-1),QDHHH
MODE,133,FREQUENCY=,1370.04758,(CM**-1),QDHHH
MODE,134,FREQUENCY=,1381.30839,(CM**-1),QDHHH
MODE,135,FREQUENCY=,1389.56614,(CM**-1),QDHHH
MODE,136,FREQUENCY=,1399.95445,(CM**-1),QDHHH
MODE,137,FREQUENCY=,1421.16404,(CM**-1),QDHHH
MODE,138,FREQUENCY=,1428.4647,(CM**-1),QDHHH
MODE,139,FREQUENCY=,1430.00693,(CM**-1),QDHHH
MODE,140,FREQUENCY=,1433.45536,(CM**-1),QDHHH
MODE,141,FREQUENCY=,1443.51477,(CM**-1),QDHHH
MODE,142,FREQUENCY=,1471.2211,(CM**-1),QDHHH
MODE,143,FREQUENCY=,1476.13301,(CM**-1),QDHHH
MODE,144,FREQUENCY=,1477.43183,(CM**-1),QDHHH
MODE,145,FREQUENCY=,1478.68111,(CM**-1),QDHHH
MODE,146,FREQUENCY=,1479.97168,(CM**-1),QDHHH
MODE,147,FREQUENCY=,1482.15953,(CM**-1),QDHHH
MODE,148,FREQUENCY=,1483.31348,(CM**-1),QDHHH
MODE,149,FREQUENCY=,1487.57751,(CM**-1),QDHHH
MODE,150,FREQUENCY=,1488.63735,(CM**-1),QDHHH
MODE,151,FREQUENCY=,1489.44109,(CM**-1),QDHHH
MODE,152,FREQUENCY=,1489.95026,(CM**-1),QDHHH
MODE,153,FREQUENCY=,1491.25159,(CM**-1),QDHHH
MODE,154,FREQUENCY=,1503.95082,(CM**-1),QDHHH
MODE,155,FREQUENCY=,1511.66233,(CM**-1),QDHHH
MODE,156,FREQUENCY=,1512.37538,(CM**-1),QDHHH
MODE,157,FREQUENCY=,1542.07103,(CM**-1),QDHHH
MODE,158,FREQUENCY=,1543.23613,(CM**-1),QDHHH
MODE,159,FREQUENCY=,1594.25199,(CM**-1),QDHHH
MODE,160,FREQUENCY=,1616.20507,(CM**-1),QDHHH
MODE,161,FREQUENCY=,1617.40994,(CM**-1),QDHHH
MODE,162,FREQUENCY=,1623.82394,(CM**-1),QDHHH
MODE,163,FREQUENCY=,1650.17806,(CM**-1),QDHHH
MODE,164,FREQUENCY=,1720.77964,(CM**-1),QDHHH
MODE,165,FREQUENCY=,1724.66565,(CM**-1),QDHHH
MODE,166,FREQUENCY=,2315.73619,(CM**-1),QDHHH
MODE,167,FREQUENCY=,3056.12769,(CM**-1),QDHHH
MODE,168,FREQUENCY=,3060.0521,(CM**-1),QDHHH
MODE,169,FREQUENCY=,3060.41279,(CM**-1),QDHHH
MODE,170,FREQUENCY=,3064.3963,(CM**-1),QDHHH
MODE,171,FREQUENCY=,3064.63429,(CM**-1),QDHHH
MODE,172,FREQUENCY=,3065.70427,(CM**-1),QDHHH
MODE,173,FREQUENCY=,3123.81817,(CM**-1),QDHHH
MODE,174,FREQUENCY=,3128.13821,(CM**-1),QDHHH
MODE,175,FREQUENCY=,3134.72234,(CM**-1),QDHHH
MODE,176,FREQUENCY=,3136.619,(CM**-1),QDHHH
MODE,177,FREQUENCY=,3140.43415,(CM**-1),QDHHH
MODE,178,FREQUENCY=,3140.88364,(CM**-1),QDHHH
MODE,179,FREQUENCY=,3142.27371,(CM**-1),QDHHH
MODE,180,FREQUENCY=,3148.08917,(CM**-1),QDHHH
MODE,181,FREQUENCY=,3158.90706,(CM**-1),QDHHH
MODE,182,FREQUENCY=,3169.73798,(CM**-1),QDHHH
MODE,183,FREQUENCY=,3175.31024,(CM**-1),QDHHH
MODE,184,FREQUENCY=,3175.44832,(CM**-1),QDHHH
MODE,185,FREQUENCY=,3178.80359,(CM**-1),QDHHH
MODE,186,FREQUENCY=,3203.62832,(CM**-1),QDHHH
MODE,187,FREQUENCY=,3240.86236,(CM**-1),QDHHH
MODE,188,FREQUENCY=,3269.76285,(CM**-1),QDHHH
MODE,189,FREQUENCY=,3293.22419,(CM**-1),QDHHH
MODE,190,FREQUENCY=,3293.36641,(CM**-1),QDHHH
MODE,191,FREQUENCY=,3297.09496,(CM**-1),QDHHH
MODE,192,FREQUENCY=,3387.45067,(CM**-1),QDHHH
MODE,193,FREQUENCY=,3661.31526,(CM**-1),QDHHH
MODE,194,FREQUENCY=,3664.94756,(CM**-1),QDHHH
MODE,195,FREQUENCY=,3753.18527,(CM**-1),QDHHH
,,,,,
,,,,,
13-2-1-1-2,,,,,
MODE,1,FREQUENCY=,-901.38952,(CM**-1),QDHHD
MODE,8,FREQUENCY=,21.32443,(CM**-1),QDHHD
MODE,9,FREQUENCY=,22.78312,(CM**-1),QDHHD
MODE,10,FREQUENCY=,25.44229,(CM**-1),QDHHD
MODE,11,FREQUENCY=,27.218,(CM**-1),QDHHD
MODE,12,FREQUENCY=,28.3123,(CM**-1),QDHHD
MODE,13,FREQUENCY=,31.98833,(CM**-1),QDHHD
MODE,14,FREQUENCY=,36.7293,(CM**-1),QDHHD
MODE,15,FREQUENCY=,42.08658,(CM**-1),QDHHD
MODE,16,FREQUENCY=,45.21687,(CM**-1),QDHHD
MODE,17,FREQUENCY=,49.52434,(CM**-1),QDHHD
MODE,18,FREQUENCY=,52.76065,(CM**-1),QDHHD
MODE,19,FREQUENCY=,53.96182,(CM**-1),QDHHD
MODE,20,FREQUENCY=,56.06576,(CM**-1),QDHHD
MODE,21,FREQUENCY=,60.44105,(CM**-1),QDHHD
MODE,22,FREQUENCY=,63.11792,(CM**-1),QDHHD
MODE,23,FREQUENCY=,69.42619,(CM**-1),QDHHD
MODE,24,FREQUENCY=,76.40794,(CM**-1),QDHHD
MODE,25,FREQUENCY=,81.39208,(CM**-1),QDHHD
MODE,26,FREQUENCY=,84.31331,(CM**-1),QDHHD
MODE,27,FREQUENCY=,89.25771,(CM**-1),QDHHD
MODE,28,FREQUENCY=,98.90863,(CM**-1),QDHHD
MODE,29,FREQUENCY=,109.7453,(CM**-1),QDHHD
MODE,30,FREQUENCY=,110.5059,(CM**-1),QDHHD
MODE,31,FREQUENCY=,115.6027,(CM**-1),QDHHD
MODE,32,FREQUENCY=,124.71719,(CM**-1),QDHHD
MODE,33,FREQUENCY=,128.03327,(CM**-1),QDHHD
MODE,34,FREQUENCY=,134.58608,(CM**-1),QDHHD
MODE,35,FREQUENCY=,138.46677,(CM**-1),QDHHD
MODE,36,FREQUENCY=,140.50297,(CM**-1),QDHHD
MODE,37,FREQUENCY=,141.7798,(CM**-1),QDHHD
MODE,38,FREQUENCY=,147.26125,(CM**-1),QDHHD
MODE,39,FREQUENCY=,155.51925,(CM**-1),QDHHD
MODE,40,FREQUENCY=,156.75883,(CM**-1),QDHHD
MODE,41,FREQUENCY=,163.09688,(CM**-1),QDHHD
MODE,42,FREQUENCY=,166.90403,(CM**-1),QDHHD
MODE,43,FREQUENCY=,170.49355,(CM**-1),QDHHD
MODE,44,FREQUENCY=,172.18924,(CM**-1),QDHHD
MODE,45,FREQUENCY=,177.74998,(CM**-1),QDHHD
MODE,46,FREQUENCY=,189.52773,(CM**-1),QDHHD
MODE,47,FREQUENCY=,196.14512,(CM**-1),QDHHD
MODE,48,FREQUENCY=,206.27583,(CM**-1),QDHHD
MODE,49,FREQUENCY=,212.60884,(CM**-1),QDHHD
MODE,50,FREQUENCY=,218.07559,(CM**-1),QDHHD
MODE,51,FREQUENCY=,234.67671,(CM**-1),QDHHD
MODE,52,FREQUENCY=,242.47841,(CM**-1),QDHHD
MODE,53,FREQUENCY=,275.58283,(CM**-1),QDHHD
MODE,54,FREQUENCY=,277.59408,(CM**-1),QDHHD
MODE,55,FREQUENCY=,282.62638,(CM**-1),QDHHD
MODE,56,FREQUENCY=,294.47367,(CM**-1),QDHHD
MODE,57,FREQUENCY=,306.71175,(CM**-1),QDHHD
MODE,58,FREQUENCY=,320.31163,(CM**-1),QDHHD
MODE,59,FREQUENCY=,321.17155,(CM**-1),QDHHD
MODE,60,FREQUENCY=,337.05983,(CM**-1),QDHHD
MODE,61,FREQUENCY=,350.69593,(CM**-1),QDHHD
MODE,62,FREQUENCY=,358.80635,(CM**-1),QDHHD
MODE,63,FREQUENCY=,365.93334,(CM**-1),QDHHD
MODE,64,FREQUENCY=,373.43363,(CM**-1),QDHHD
MODE,65,FREQUENCY=,384.76983,(CM**-1),QDHHD
MODE,66,FREQUENCY=,431.27653,(CM**-1),QDHHD
MODE,67,FREQUENCY=,456.36411,(CM**-1),QDHHD
MODE,68,FREQUENCY=,486.4748,(CM**-1),QDHHD
MODE,69,FREQUENCY=,517.89537,(CM**-1),QDHHD
MODE,70,FREQUENCY=,528.65505,(CM**-1),QDHHD
MODE,71,FREQUENCY=,531.59759,(CM**-1),QDHHD
MODE,72,FREQUENCY=,539.98991,(CM**-1),QDHHD
MODE,73,FREQUENCY=,556.37317,(CM**-1),QDHHD
MODE,74,FREQUENCY=,576.27579,(CM**-1),QDHHD
MODE,75,FREQUENCY=,589.89845,(CM**-1),QDHHD
MODE,76,FREQUENCY=,597.43311,(CM**-1),QDHHD
MODE,77,FREQUENCY=,609.65103,(CM**-1),QDHHD
MODE,78,FREQUENCY=,612.83677,(CM**-1),QDHHD
MODE,79,FREQUENCY=,615.3953,(CM**-1),QDHHD
MODE,80,FREQUENCY=,629.741,(CM**-1),QDHHD
MODE,81,FREQUENCY=,633.35684,(CM**-1),QDHHD
MODE,82,FREQUENCY=,644.35822,(CM**-1),QDHHD
MODE,83,FREQUENCY=,647.85798,(CM**-1),QDHHD
MODE,84,FREQUENCY=,662.04014,(CM**-1),QDHHD
MODE,85,FREQUENCY=,663.20848,(CM**-1),QDHHD
MODE,86,FREQUENCY=,664.06164,(CM**-1),QDHHD
MODE,87,FREQUENCY=,677.17561,(CM**-1),QDHHD
MODE,88,FREQUENCY=,680.99048,(CM**-1),QDHHD
MODE,89,FREQUENCY=,683.79761,(CM**-1),QDHHD
MODE,90,FREQUENCY=,715.95242,(CM**-1),QDHHD
MODE,91,FREQUENCY=,728.59981,(CM**-1),QDHHD
MODE,92,FREQUENCY=,735.7867,(CM**-1),QDHHD
MODE,93,FREQUENCY=,803.39631,(CM**-1),QDHHD
MODE,94,FREQUENCY=,836.46652,(CM**-1),QDHHD
MODE,95,FREQUENCY=,875.83629,(CM**-1),QDHHD
MODE,96,FREQUENCY=,880.47327,(CM**-1),QDHHD
MODE,97,FREQUENCY=,922.53573,(CM**-1),QDHHD
MODE,98,FREQUENCY=,938.29292,(CM**-1),QDHHD
MODE,99,FREQUENCY=,939.39196,(CM**-1),QDHHD
MODE,100,FREQUENCY=,943.48194,(CM**-1),QDHHD
MODE,101,FREQUENCY=,944.25405,(CM**-1),QDHHD
MODE,102,FREQUENCY=,954.60308,(CM**-1),QDHHD
MODE,103,FREQUENCY=,970.90422,(CM**-1),QDHHD
MODE,104,FREQUENCY=,998.65402,(CM**-1),QDHHD
MODE,105,FREQUENCY=,1010.03306,(CM**-1),QDHHD
MODE,106,FREQUENCY=,1011.42868,(CM**-1),QDHHD
MODE,107,FREQUENCY=,1014.72588,(CM**-1),QDHHD
MODE,108,FREQUENCY=,1017.15862,(CM**-1),QDHHD
MODE,109,FREQUENCY=,1024.63782,(CM**-1),QDHHD
MODE,110,FREQUENCY=,1026.51835,(CM**-1),QDHHD
MODE,111,FREQUENCY=,1037.11694,(CM**-1),QDHHD
MODE,112,FREQUENCY=,1043.07783,(CM**-1),QDHHD
MODE,113,FREQUENCY=,1058.67124,(CM**-1),QDHHD
MODE,114,FREQUENCY=,1065.4327,(CM**-1),QDHHD
MODE,115,FREQUENCY=,1068.04204,(CM**-1),QDHHD
MODE,116,FREQUENCY=,1070.35225,(CM**-1),QDHHD
MODE,117,FREQUENCY=,1071.13367,(CM**-1),QDHHD
MODE,118,FREQUENCY=,1072.6733,(CM**-1),QDHHD
MODE,119,FREQUENCY=,1092.74294,(CM**-1),QDHHD
MODE,120,FREQUENCY=,1095.65108,(CM**-1),QDHHD
MODE,121,FREQUENCY=,1137.2857,(CM**-1),QDHHD
MODE,122,FREQUENCY=,1154.14205,(CM**-1),QDHHD
MODE,123,FREQUENCY=,1169.76584,(CM**-1),QDHHD
MODE,124,FREQUENCY=,1183.13734,(CM**-1),QDHHD
MODE,125,FREQUENCY=,1221.95759,(CM**-1),QDHHD
MODE,126,FREQUENCY=,1257.26403,(CM**-1),QDHHD
MODE,127,FREQUENCY=,1260.62325,(CM**-1),QDHHD
MODE,128,FREQUENCY=,1298.49659,(CM**-1),QDHHD
MODE,129,FREQUENCY=,1299.4943,(CM**-1),QDHHD
MODE,130,FREQUENCY=,1315.07666,(CM**-1),QDHHD
MODE,131,FREQUENCY=,1348.77447,(CM**-1),QDHHD
MODE,132,FREQUENCY=,1350.46306,(CM**-1),QDHHD
MODE,133,FREQUENCY=,1370.03459,(CM**-1),QDHHD
MODE,134,FREQUENCY=,1381.29103,(CM**-1),QDHHD
MODE,135,FREQUENCY=,1389.55732,(CM**-1),QDHHD
MODE,136,FREQUENCY=,1399.93421,(CM**-1),QDHHD
MODE,137,FREQUENCY=,1419.76455,(CM**-1),QDHHD
MODE,138,FREQUENCY=,1428.45856,(CM**-1),QDHHD
MODE,139,FREQUENCY=,1429.99862,(CM**-1),QDHHD
MODE,140,FREQUENCY=,1433.45189,(CM**-1),QDHHD
MODE,141,FREQUENCY=,1443.49138,(CM**-1),QDHHD
MODE,142,FREQUENCY=,1471.19788,(CM**-1),QDHHD
MODE,143,FREQUENCY=,1476.13264,(CM**-1),QDHHD
MODE,144,FREQUENCY=,1477.42947,(CM**-1),QDHHD
MODE,145,FREQUENCY=,1478.6811,(CM**-1),QDHHD
MODE,146,FREQUENCY=,1479.96521,(CM**-1),QDHHD
MODE,147,FREQUENCY=,1482.14951,(CM**-1),QDHHD
MODE,148,FREQUENCY=,1483.31146,(CM**-1),QDHHD
MODE,149,FREQUENCY=,1487.57721,(CM**-1),QDHHD
MODE,150,FREQUENCY=,1488.63695,(CM**-1),QDHHD
MODE,151,FREQUENCY=,1489.43882,(CM**-1),QDHHD
MODE,152,FREQUENCY=,1489.94972,(CM**-1),QDHHD
MODE,153,FREQUENCY=,1491.25084,(CM**-1),QDHHD
MODE,154,FREQUENCY=,1503.93497,(CM**-1),QDHHD
MODE,155,FREQUENCY=,1511.65706,(CM**-1),QDHHD
MODE,156,FREQUENCY=,1512.37315,(CM**-1),QDHHD
MODE,157,FREQUENCY=,1542.06179,(CM**-1),QDHHD
MODE,158,FREQUENCY=,1543.22924,(CM**-1),QDHHD
MODE,159,FREQUENCY=,1594.19605,(CM**-1),QDHHD
MODE,160,FREQUENCY=,1616.19943,(CM**-1),QDHHD
MODE,161,FREQUENCY=,1617.40924,(CM**-1),QDHHD
MODE,162,FREQUENCY=,1623.78698,(CM**-1),QDHHD
MODE,163,FREQUENCY=,1650.17275,(CM**-1),QDHHD
MODE,164,FREQUENCY=,1720.76435,(CM**-1),QDHHD
MODE,165,FREQUENCY=,1724.66404,(CM**-1),QDHHD
MODE,166,FREQUENCY=,2315.64938,(CM**-1),QDHHD
MODE,167,FREQUENCY=,3056.12748,(CM**-1),QDHHD
MODE,168,FREQUENCY=,3060.05208,(CM**-1),QDHHD
MODE,169,FREQUENCY=,3060.41271,(CM**-1),QDHHD
MODE,170,FREQUENCY=,3064.39626,(CM**-1),QDHHD
MODE,171,FREQUENCY=,3064.63424,(CM**-1),QDHHD
MODE,172,FREQUENCY=,3065.70423,(CM**-1),QDHHD
MODE,173,FREQUENCY=,3123.69107,(CM**-1),QDHHD
MODE,174,FREQUENCY=,3128.13811,(CM**-1),QDHHD
MODE,175,FREQUENCY=,3134.72234,(CM**-1),QDHHD
MODE,176,FREQUENCY=,3136.61897,(CM**-1),QDHHD
MODE,177,FREQUENCY=,3140.43406,(CM**-1),QDHHD
MODE,178,FREQUENCY=,3140.88363,(CM**-1),QDHHD
MODE,179,FREQUENCY=,3142.27366,(CM**-1),QDHHD
MODE,180,FREQUENCY=,3148.08915,(CM**-1),QDHHD
MODE,181,FREQUENCY=,3158.90706,(CM**-1),QDHHD
MODE,182,FREQUENCY=,3169.73771,(CM**-1),QDHHD
MODE,183,FREQUENCY=,3175.31024,(CM**-1),QDHHD
MODE,184,FREQUENCY=,3175.4483,(CM**-1),QDHHD
MODE,185,FREQUENCY=,3178.80355,(CM**-1),QDHHD
MODE,186,FREQUENCY=,3203.44152,(CM**-1),QDHHD
MODE,187,FREQUENCY=,3240.80181,(CM**-1),QDHHD
MODE,188,FREQUENCY=,3269.76197,(CM**-1),QDHHD
MODE,189,FREQUENCY=,3293.22406,(CM**-1),QDHHD
MODE,190,FREQUENCY=,3293.36641,(CM**-1),QDHHD
MODE,191,FREQUENCY=,3297.09454,(CM**-1),QDHHD
MODE,192,FREQUENCY=,3387.44709,(CM**-1),QDHHD
MODE,193,FREQUENCY=,3661.31517,(CM**-1),QDHHD
MODE,194,FREQUENCY=,3664.94753,(CM**-1),QDHHD
MODE,195,FREQUENCY=,3753.1852,(CM**-1),QDHHD
,,,,,
,,,,,
13-2-1-2-1,,,,,
MODE,1,FREQUENCY=,-1171.58462,(CM**-1),QDHDH
MODE,8,FREQUENCY=,21.28887,(CM**-1),QDHDH
MODE,9,FREQUENCY=,22.07112,(CM**-1),QDHDH
MODE,10,FREQUENCY=,25.42792,(CM**-1),QDHDH
MODE,11,FREQUENCY=,26.92421,(CM**-1),QDHDH
MODE,12,FREQUENCY=,28.31437,(CM**-1),QDHDH
MODE,13,FREQUENCY=,31.91831,(CM**-1),QDHDH
MODE,14,FREQUENCY=,36.67163,(CM**-1),QDHDH
MODE,15,FREQUENCY=,42.01718,(CM**-1),QDHDH
MODE,16,FREQUENCY=,45.17142,(CM**-1),QDHDH
MODE,17,FREQUENCY=,48.1635,(CM**-1),QDHDH
MODE,18,FREQUENCY=,51.9878,(CM**-1),QDHDH
MODE,19,FREQUENCY=,52.88564,(CM**-1),QDHDH
MODE,20,FREQUENCY=,54.15284,(CM**-1),QDHDH
MODE,21,FREQUENCY=,60.07558,(CM**-1),QDHDH
MODE,22,FREQUENCY=,62.67767,(CM**-1),QDHDH
MODE,23,FREQUENCY=,69.28929,(CM**-1),QDHDH
MODE,24,FREQUENCY=,76.29374,(CM**-1),QDHDH
MODE,25,FREQUENCY=,80.77719,(CM**-1),QDHDH
MODE,26,FREQUENCY=,84.27506,(CM**-1),QDHDH
MODE,27,FREQUENCY=,89.11159,(CM**-1),QDHDH
MODE,28,FREQUENCY=,98.97708,(CM**-1),QDHDH
MODE,29,FREQUENCY=,109.75697,(CM**-1),QDHDH
MODE,30,FREQUENCY=,110.5087,(CM**-1),QDHDH
MODE,31,FREQUENCY=,115.60386,(CM**-1),QDHDH
MODE,32,FREQUENCY=,124.72124,(CM**-1),QDHDH
MODE,33,FREQUENCY=,128.03496,(CM**-1),QDHDH
MODE,34,FREQUENCY=,134.67267,(CM**-1),QDHDH
MODE,35,FREQUENCY=,138.44905,(CM**-1),QDHDH
MODE,36,FREQUENCY=,140.48017,(CM**-1),QDHDH
MODE,37,FREQUENCY=,141.75915,(CM**-1),QDHDH
MODE,38,FREQUENCY=,147.31748,(CM**-1),QDHDH
MODE,39,FREQUENCY=,155.51803,(CM**-1),QDHDH
MODE,40,FREQUENCY=,156.73445,(CM**-1),QDHDH
MODE,41,FREQUENCY=,163.09684,(CM**-1),QDHDH
MODE,42,FREQUENCY=,166.91449,(CM**-1),QDHDH
MODE,43,FREQUENCY=,170.52213,(CM**-1),QDHDH
MODE,44,FREQUENCY=,172.26827,(CM**-1),QDHDH
MODE,45,FREQUENCY=,177.79715,(CM**-1),QDHDH
MODE,46,FREQUENCY=,189.51769,(CM**-1),QDHDH
MODE,47,FREQUENCY=,195.95521,(CM**-1),QDHDH
MODE,48,FREQUENCY=,206.3093,(CM**-1),QDHDH
MODE,49,FREQUENCY=,212.67348,(CM**-1),QDHDH
MODE,50,FREQUENCY=,217.87308,(CM**-1),QDHDH
MODE,51,FREQUENCY=,234.8203,(CM**-1),QDHDH
MODE,52,FREQUENCY=,245.52405,(CM**-1),QDHDH
MODE,53,FREQUENCY=,275.72231,(CM**-1),QDHDH
MODE,54,FREQUENCY=,277.67854,(CM**-1),QDHDH
MODE,55,FREQUENCY=,282.74161,(CM**-1),QDHDH
MODE,56,FREQUENCY=,294.76724,(CM**-1),QDHDH
MODE,57,FREQUENCY=,313.85383,(CM**-1),QDHDH
MODE,58,FREQUENCY=,319.99113,(CM**-1),QDHDH
MODE,59,FREQUENCY=,321.31362,(CM**-1),QDHDH
MODE,60,FREQUENCY=,338.40532,(CM**-1),QDHDH
MODE,61,FREQUENCY=,356.40495,(CM**-1),QDHDH
MODE,62,FREQUENCY=,359.1154,(CM**-1),QDHDH
MODE,63,FREQUENCY=,372.40313,(CM**-1),QDHDH
MODE,64,FREQUENCY=,378.27149,(CM**-1),QDHDH
MODE,65,FREQUENCY=,380.70504,(CM**-1),QDHDH
MODE,66,FREQUENCY=,415.71017,(CM**-1),QDHDH
MODE,67,FREQUENCY=,456.25138,(CM**-1),QDHDH
MODE,68,FREQUENCY=,486.47668,(CM**-1),QDHDH
MODE,69,FREQUENCY=,517.92895,(CM**-1),QDHDH
MODE,70,FREQUENCY=,528.6599,(CM**-1),QDHDH
MODE,71,FREQUENCY=,531.57494,(CM**-1),QDHDH
MODE,72,FREQUENCY=,539.98616,(CM**-1),QDHDH
MODE,73,FREQUENCY=,556.38665,(CM**-1),QDHDH
MODE,74,FREQUENCY=,576.27683,(CM**-1),QDHDH
MODE,75,FREQUENCY=,589.91901,(CM**-1),QDHDH
MODE,76,FREQUENCY=,597.43276,(CM**-1),QDHDH
MODE,77,FREQUENCY=,609.65085,(CM**-1),QDHDH
MODE,78,FREQUENCY=,612.85141,(CM**-1),QDHDH
MODE,79,FREQUENCY=,615.39519,(CM**-1),QDHDH
MODE,80,FREQUENCY=,629.75068,(CM**-1),QDHDH
MODE,81,FREQUENCY=,633.35842,(CM**-1),QDHDH
MODE,82,FREQUENCY=,644.35866,(CM**-1),QDHDH
MODE,83,FREQUENCY=,647.85806,(CM**-1),QDHDH
MODE,84,FREQUENCY=,662.17611,(CM**-1),QDHDH
MODE,85,FREQUENCY=,663.22376,(CM**-1),QDHDH
MODE,86,FREQUENCY=,664.11159,(CM**-1),QDHDH
MODE,87,FREQUENCY=,677.18042,(CM**-1),QDHDH
MODE,88,FREQUENCY=,681.11743,(CM**-1),QDHDH
MODE,89,FREQUENCY=,683.84496,(CM**-1),QDHDH
MODE,90,FREQUENCY=,728.5988,(CM**-1),QDHDH
MODE,91,FREQUENCY=,735.75922,(CM**-1),QDHDH
MODE,92,FREQUENCY=,736.79747,(CM**-1),QDHDH
MODE,93,FREQUENCY=,803.583,(CM**-1),QDHDH
MODE,94,FREQUENCY=,836.47143,(CM**-1),QDHDH
MODE,95,FREQUENCY=,880.4698,(CM**-1),QDHDH
MODE,96,FREQUENCY=,922.51823,(CM**-1),QDHDH
MODE,97,FREQUENCY=,938.29292,(CM**-1),QDHDH
MODE,98,FREQUENCY=,939.39416,(CM**-1),QDHDH
MODE,99,FREQUENCY=,943.49098,(CM**-1),QDHDH
MODE,100,FREQUENCY=,944.25077,(CM**-1),QDHDH
MODE,101,FREQUENCY=,954.65216,(CM**-1),QDHDH
MODE,102,FREQUENCY=,998.47765,(CM**-1),QDHDH
MODE,103,FREQUENCY=,1009.94151,(CM**-1),QDHDH
MODE,104,FREQUENCY=,1011.13448,(CM**-1),QDHDH
MODE,105,FREQUENCY=,1012.37779,(CM**-1),QDHDH
MODE,106,FREQUENCY=,1014.82703,(CM**-1),QDHDH
MODE,107,FREQUENCY=,1017.16372,(CM**-1),QDHDH
MODE,108,FREQUENCY=,1024.77166,(CM**-1),QDHDH
MODE,109,FREQUENCY=,1026.49595,(CM**-1),QDHDH
MODE,110,FREQUENCY=,1037.10624,(CM**-1),QDHDH
MODE,111,FREQUENCY=,1043.09075,(CM**-1),QDHDH
MODE,112,FREQUENCY=,1058.66067,(CM**-1),QDHDH
MODE,113,FREQUENCY=,1065.14289,(CM**-1),QDHDH
MODE,114,FREQUENCY=,1067.85661,(CM**-1),QDHDH
MODE,115,FREQUENCY=,1070.34521,(CM**-1),QDHDH
MODE,116,FREQUENCY=,1071.12041,(CM**-1),QDHDH
MODE,117,FREQUENCY=,1072.67204,(CM**-1),QDHDH
MODE,118,FREQUENCY=,1073.80776,(CM**-1),QDHDH
MODE,119,FREQUENCY=,1092.75117,(CM**-1),QDHDH
MODE,120,FREQUENCY=,1095.65327,(CM**-1),QDHDH
MODE,121,FREQUENCY=,1154.11042,(CM**-1),QDHDH
MODE,122,FREQUENCY=,1155.46906,(CM**-1),QDHDH
MODE,123,FREQUENCY=,1169.7696,(CM**-1),QDHDH
MODE,124,FREQUENCY=,1183.14642,(CM**-1),QDHDH
MODE,125,FREQUENCY=,1204.69097,(CM**-1),QDHDH
MODE,126,FREQUENCY=,1257.26524,(CM**-1),QDHDH
MODE,127,FREQUENCY=,1260.62384,(CM**-1),QDHDH
MODE,128,FREQUENCY=,1298.12947,(CM**-1),QDHDH
MODE,129,FREQUENCY=,1298.74081,(CM**-1),QDHDH
MODE,130,FREQUENCY=,1299.50202,(CM**-1),QDHDH
MODE,131,FREQUENCY=,1315.42307,(CM**-1),QDHDH
MODE,132,FREQUENCY=,1348.7747,(CM**-1),QDHDH
MODE,133,FREQUENCY=,1350.46319,(CM**-1),QDHDH
MODE,134,FREQUENCY=,1370.0585,(CM**-1),QDHDH
MODE,135,FREQUENCY=,1381.30948,(CM**-1),QDHDH
MODE,136,FREQUENCY=,1389.58599,(CM**-1),QDHDH
MODE,137,FREQUENCY=,1399.95318,(CM**-1),QDHDH
MODE,138,FREQUENCY=,1428.45304,(CM**-1),QDHDH
MODE,139,FREQUENCY=,1429.99886,(CM**-1),QDHDH
MODE,140,FREQUENCY=,1433.44865,(CM**-1),QDHDH
MODE,141,FREQUENCY=,1443.51259,(CM**-1),QDHDH
MODE,142,FREQUENCY=,1471.20679,(CM**-1),QDHDH
MODE,143,FREQUENCY=,1476.13296,(CM**-1),QDHDH
MODE,144,FREQUENCY=,1477.43095,(CM**-1),QDHDH
MODE,145,FREQUENCY=,1478.68106,(CM**-1),QDHDH
MODE,146,FREQUENCY=,1479.97001,(CM**-1),QDHDH
MODE,147,FREQUENCY=,1482.14251,(CM**-1),QDHDH
MODE,148,FREQUENCY=,1483.29935,(CM**-1),QDHDH
MODE,149,FREQUENCY=,1487.5774,(CM**-1),QDHDH
MODE,150,FREQUENCY=,1488.63617,(CM**-1),QDHDH
MODE,151,FREQUENCY=,1489.4372,(CM**-1),QDHDH
MODE,152,FREQUENCY=,1489.94445,(CM**-1),QDHDH
MODE,153,FREQUENCY=,1491.25151,(CM**-1),QDHDH
MODE,154,FREQUENCY=,1503.94418,(CM**-1),QDHDH
MODE,155,FREQUENCY=,1511.65976,(CM**-1),QDHDH
MODE,156,FREQUENCY=,1512.37507,(CM**-1),QDHDH
MODE,157,FREQUENCY=,1542.07088,(CM**-1),QDHDH
MODE,158,FREQUENCY=,1543.23603,(CM**-1),QDHDH
MODE,159,FREQUENCY=,1594.22396,(CM**-1),QDHDH
MODE,160,FREQUENCY=,1616.20322,(CM**-1),QDHDH
MODE,161,FREQUENCY=,1617.40975,(CM**-1),QDHDH
MODE,162,FREQUENCY=,1623.81054,(CM**-1),QDHDH
MODE,163,FREQUENCY=,1650.17503,(CM**-1),QDHDH
MODE,164,FREQUENCY=,1720.77702,(CM**-1),QDHDH
MODE,165,FREQUENCY=,1724.66553,(CM**-1),QDHDH
MODE,166,FREQUENCY=,2248.21415,(CM**-1),QDHDH
MODE,167,FREQUENCY=,2377.79543,(CM**-1),QDHDH
MODE,168,FREQUENCY=,3056.12775,(CM**-1),QDHDH
MODE,169,FREQUENCY=,3060.0521,(CM**-1),QDHDH
MODE,170,FREQUENCY=,3060.41279,(CM**-1),QDHDH
MODE,171,FREQUENCY=,3064.3963,(CM**-1),QDHDH
MODE,172,FREQUENCY=,3064.6343,(CM**-1),QDHDH
MODE,173,FREQUENCY=,3065.70428,(CM**-1),QDHDH
MODE,174,FREQUENCY=,3128.1379,(CM**-1),QDHDH
MODE,175,FREQUENCY=,3134.72234,(CM**-1),QDHDH
MODE,176,FREQUENCY=,3136.61893,(CM**-1),QDHDH
MODE,177,FREQUENCY=,3140.43414,(CM**-1),QDHDH
MODE,178,FREQUENCY=,3140.88361,(CM**-1),QDHDH
MODE,179,FREQUENCY=,3142.27289,(CM**-1),QDHDH
MODE,180,FREQUENCY=,3148.08913,(CM**-1),QDHDH
MODE,181,FREQUENCY=,3158.90706,(CM**-1),QDHDH
MODE,182,FREQUENCY=,3167.26354,(CM**-1),QDHDH
MODE,183,FREQUENCY=,3169.73803,(CM**-1),QDHDH
MODE,184,FREQUENCY=,3175.31053,(CM**-1),QDHDH
MODE,185,FREQUENCY=,3175.44834,(CM**-1),QDHDH
MODE,186,FREQUENCY=,3178.80361,(CM**-1),QDHDH
MODE,187,FREQUENCY=,3240.86181,(CM**-1),QDHDH
MODE,188,FREQUENCY=,3269.76282,(CM**-1),QDHDH
MODE,189,FREQUENCY=,3293.22419,(CM**-1),QDHDH
MODE,190,FREQUENCY=,3293.36641,(CM**-1),QDHDH
MODE,191,FREQUENCY=,3297.09496,(CM**-1),QDHDH
MODE,192,FREQUENCY=,3387.45025,(CM**-1),QDHDH
MODE,193,FREQUENCY=,3661.31526,(CM**-1),QDHDH
MODE,194,FREQUENCY=,3664.94756,(CM**-1),QDHDH
MODE,195,FREQUENCY=,3753.18523,(CM**-1),QDHDH
,,,,,
,,,,,
13-2-1-2-2,,,,,
MODE,1,FREQUENCY=,-894.50777,(CM**-1),QDHDD
MODE,8,FREQUENCY=,21.28517,(CM**-1),QDHDD
MODE,9,FREQUENCY=,22.00152,(CM**-1),QDHDD
MODE,10,FREQUENCY=,25.4272,(CM**-1),QDHDD
MODE,11,FREQUENCY=,26.91599,(CM**-1),QDHDD
MODE,12,FREQUENCY=,28.31221,(CM**-1),QDHDD
MODE,13,FREQUENCY=,31.9153,(CM**-1),QDHDD
MODE,14,FREQUENCY=,36.67002,(CM**-1),QDHDD
MODE,15,FREQUENCY=,42.01283,(CM**-1),QDHDD
MODE,16,FREQUENCY=,45.16549,(CM**-1),QDHDD
MODE,17,FREQUENCY=,48.15934,(CM**-1),QDHDD
MODE,18,FREQUENCY=,51.8888,(CM**-1),QDHDD
MODE,19,FREQUENCY=,52.88033,(CM**-1),QDHDD
MODE,20,FREQUENCY=,54.13974,(CM**-1),QDHDD
MODE,21,FREQUENCY=,60.04237,(CM**-1),QDHDD
MODE,22,FREQUENCY=,62.66693,(CM**-1),QDHDD
MODE,23,FREQUENCY=,69.28501,(CM**-1),QDHDD
MODE,24,FREQUENCY=,76.29067,(CM**-1),QDHDD
MODE,25,FREQUENCY=,80.77479,(CM**-1),QDHDD
MODE,26,FREQUENCY=,84.26412,(CM**-1),QDHDD
MODE,27,FREQUENCY=,89.10459,(CM**-1),QDHDD
MODE,28,FREQUENCY=,98.88294,(CM**-1),QDHDD
MODE,29,FREQUENCY=,109.74,(CM**-1),QDHDD
MODE,30,FREQUENCY=,110.49949,(CM**-1),QDHDD
MODE,31,FREQUENCY=,115.59925,(CM**-1),QDHDD
MODE,32,FREQUENCY=,124.71497,(CM**-1),QDHDD
MODE,33,FREQUENCY=,128.0218,(CM**-1),QDHDD
MODE,34,FREQUENCY=,134.5817,(CM**-1),QDHDD
MODE,35,FREQUENCY=,138.42938,(CM**-1),QDHDD
MODE,36,FREQUENCY=,140.4479,(CM**-1),QDHDD
MODE,37,FREQUENCY=,141.72099,(CM**-1),QDHDD
MODE,38,FREQUENCY=,147.15284,(CM**-1),QDHDD
MODE,39,FREQUENCY=,155.47325,(CM**-1),QDHDD
MODE,40,FREQUENCY=,156.64672,(CM**-1),QDHDD
MODE,41,FREQUENCY=,163.09594,(CM**-1),QDHDD
MODE,42,FREQUENCY=,166.90098,(CM**-1),QDHDD
MODE,43,FREQUENCY=,170.49112,(CM**-1),QDHDD
MODE,44,FREQUENCY=,172.16475,(CM**-1),QDHDD
MODE,45,FREQUENCY=,177.49035,(CM**-1),QDHDD
MODE,46,FREQUENCY=,189.47483,(CM**-1),QDHDD
MODE,47,FREQUENCY=,195.81331,(CM**-1),QDHDD
MODE,48,FREQUENCY=,206.0676,(CM**-1),QDHDD
MODE,49,FREQUENCY=,212.56445,(CM**-1),QDHDD
MODE,50,FREQUENCY=,217.73777,(CM**-1),QDHDD
MODE,51,FREQUENCY=,234.28097,(CM**-1),QDHDD
MODE,52,FREQUENCY=,241.99409,(CM**-1),QDHDD
MODE,53,FREQUENCY=,275.14585,(CM**-1),QDHDD
MODE,54,FREQUENCY=,277.59093,(CM**-1),QDHDD
MODE,55,FREQUENCY=,282.45239,(CM**-1),QDHDD
MODE,56,FREQUENCY=,294.44669,(CM**-1),QDHDD
MODE,57,FREQUENCY=,300.79622,(CM**-1),QDHDD
MODE,58,FREQUENCY=,318.0259,(CM**-1),QDHDD
MODE,59,FREQUENCY=,320.61578,(CM**-1),QDHDD
MODE,60,FREQUENCY=,327.07598,(CM**-1),QDHDD
MODE,61,FREQUENCY=,350.01519,(CM**-1),QDHDD
MODE,62,FREQUENCY=,356.99708,(CM**-1),QDHDD
MODE,63,FREQUENCY=,361.53634,(CM**-1),QDHDD
MODE,64,FREQUENCY=,373.0963,(CM**-1),QDHDD
MODE,65,FREQUENCY=,376.91125,(CM**-1),QDHDD
MODE,66,FREQUENCY=,413.73755,(CM**-1),QDHDD
MODE,67,FREQUENCY=,456.24356,(CM**-1),QDHDD
MODE,68,FREQUENCY=,486.47126,(CM**-1),QDHDD
MODE,69,FREQUENCY=,517.89167,(CM**-1),QDHDD
MODE,70,FREQUENCY=,528.65359,(CM**-1),QDHDD
MODE,71,FREQUENCY=,531.54847,(CM**-1),QDHDD
MODE,72,FREQUENCY=,539.98111,(CM**-1),QDHDD
MODE,73,FREQUENCY=,556.28492,(CM**-1),QDHDD
MODE,74,FREQUENCY=,576.27483,(CM**-1),QDHDD
MODE,75,FREQUENCY=,589.8883,(CM**-1),QDHDD
MODE,76,FREQUENCY=,597.432,(CM**-1),QDHDD
MODE,77,FREQUENCY=,609.65032,(CM**-1),QDHDD
MODE,78,FREQUENCY=,612.83608,(CM**-1),QDHDD
MODE,79,FREQUENCY=,615.39351,(CM**-1),QDHDD
MODE,80,FREQUENCY=,629.73902,(CM**-1),QDHDD
MODE,81,FREQUENCY=,633.35648,(CM**-1),QDHDD
MODE,82,FREQUENCY=,644.35822,(CM**-1),QDHDD
MODE,83,FREQUENCY=,647.85774,(CM**-1),QDHDD
MODE,84,FREQUENCY=,661.98733,(CM**-1),QDHDD
MODE,85,FREQUENCY=,663.20047,(CM**-1),QDHDD
MODE,86,FREQUENCY=,664.0431,(CM**-1),QDHDD
MODE,87,FREQUENCY=,677.17503,(CM**-1),QDHDD
MODE,88,FREQUENCY=,680.90373,(CM**-1),QDHDD
MODE,89,FREQUENCY=,683.76896,(CM**-1),QDHDD
MODE,90,FREQUENCY=,713.71115,(CM**-1),QDHDD
MODE,91,FREQUENCY=,728.59974,(CM**-1),QDHDD
MODE,92,FREQUENCY=,735.78657,(CM**-1),QDHDD
MODE,93,FREQUENCY=,803.39399,(CM**-1),QDHDD
MODE,94,FREQUENCY=,836.46495,(CM**-1),QDHDD
MODE,95,FREQUENCY=,875.25068,(CM**-1),QDHDD
MODE,96,FREQUENCY=,880.46929,(CM**-1),QDHDD
MODE,97,FREQUENCY=,896.6399,(CM**-1),QDHDD
MODE,98,FREQUENCY=,922.5424,(CM**-1),QDHDD
MODE,99,FREQUENCY=,938.293,(CM**-1),QDHDD
MODE,100,FREQUENCY=,939.39453,(CM**-1),QDHDD
MODE,101,FREQUENCY=,943.49159,(CM**-1),QDHDD
MODE,102,FREQUENCY=,944.25388,(CM**-1),QDHDD
MODE,103,FREQUENCY=,954.60025,(CM**-1),QDHDD
MODE,104,FREQUENCY=,998.63207,(CM**-1),QDHDD
MODE,105,FREQUENCY=,1010.03272,(CM**-1),QDHDD
MODE,106,FREQUENCY=,1011.38887,(CM**-1),QDHDD
MODE,107,FREQUENCY=,1012.55473,(CM**-1),QDHDD
MODE,108,FREQUENCY=,1014.72618,(CM**-1),QDHDD
MODE,109,FREQUENCY=,1017.16107,(CM**-1),QDHDD
MODE,110,FREQUENCY=,1024.96412,(CM**-1),QDHDD
MODE,111,FREQUENCY=,1026.51506,(CM**-1),QDHDD
MODE,112,FREQUENCY=,1037.11392,(CM**-1),QDHDD
MODE,113,FREQUENCY=,1043.09571,(CM**-1),QDHDD
MODE,114,FREQUENCY=,1058.6683,(CM**-1),QDHDD
MODE,115,FREQUENCY=,1065.43373,(CM**-1),QDHDD
MODE,116,FREQUENCY=,1068.06422,(CM**-1),QDHDD
MODE,117,FREQUENCY=,1070.35175,(CM**-1),QDHDD
MODE,118,FREQUENCY=,1071.13494,(CM**-1),QDHDD
MODE,119,FREQUENCY=,1072.6734,(CM**-1),QDHDD
MODE,120,FREQUENCY=,1092.74306,(CM**-1),QDHDD
MODE,121,FREQUENCY=,1095.65137,(CM**-1),QDHDD
MODE,122,FREQUENCY=,1126.28916,(CM**-1),QDHDD
MODE,123,FREQUENCY=,1154.14242,(CM**-1),QDHDD
MODE,124,FREQUENCY=,1169.76584,(CM**-1),QDHDD
MODE,125,FREQUENCY=,1183.13752,(CM**-1),QDHDD
MODE,126,FREQUENCY=,1257.26356,(CM**-1),QDHDD
MODE,127,FREQUENCY=,1260.6232,(CM**-1),QDHDD
MODE,128,FREQUENCY=,1298.10803,(CM**-1),QDHDD
MODE,129,FREQUENCY=,1298.73773,(CM**-1),QDHDD
MODE,130,FREQUENCY=,1299.49421,(CM**-1),QDHDD
MODE,131,FREQUENCY=,1315.3458,(CM**-1),QDHDD
MODE,132,FREQUENCY=,1348.77448,(CM**-1),QDHDD
MODE,133,FREQUENCY=,1350.46306,(CM**-1),QDHDD
MODE,134,FREQUENCY=,1370.04663,(CM**-1),QDHDD
MODE,135,FREQUENCY=,1381.29467,(CM**-1),QDHDD
MODE,136,FREQUENCY=,1389.57471,(CM**-1),QDHDD
MODE,137,FREQUENCY=,1399.93451,(CM**-1),QDHDD
MODE,138,FREQUENCY=,1428.44846,(CM**-1),QDHDD
MODE,139,FREQUENCY=,1429.9902,(CM**-1),QDHDD
MODE,140,FREQUENCY=,1433.44743,(CM**-1),QDHDD
MODE,141,FREQUENCY=,1443.49123,(CM**-1),QDHDD
MODE,142,FREQUENCY=,1471.18947,(CM**-1),QDHDD
MODE,143,FREQUENCY=,1476.13256,(CM**-1),QDHDD
MODE,144,FREQUENCY=,1477.42916,(CM**-1),QDHDD
MODE,145,FREQUENCY=,1478.68105,(CM**-1),QDHDD
MODE,146,FREQUENCY=,1479.9641,(CM**-1),QDHDD
MODE,147,FREQUENCY=,1482.13188,(CM**-1),QDHDD
MODE,148,FREQUENCY=,1483.29797,(CM**-1),QDHDD
MODE,149,FREQUENCY=,1487.5771,(CM**-1),QDHDD
MODE,150,FREQUENCY=,1488.63581,(CM**-1),QDHDD
MODE,151,FREQUENCY=,1489.43364,(CM**-1),QDHDD
MODE,152,FREQUENCY=,1489.94441,(CM**-1),QDHDD
MODE,153,FREQUENCY=,1491.2508,(CM**-1),QDHDD
MODE,154,FREQUENCY=,1503.93201,(CM**-1),QDHDD
MODE,155,FREQUENCY=,1511.65577,(CM**-1),QDHDD
MODE,156,FREQUENCY=,1512.37306,(CM**-1),QDHDD
MODE,157,FREQUENCY=,1542.06137,(CM**-1),QDHDD
MODE,158,FREQUENCY=,1543.2287,(CM**-1),QDHDD
MODE,159,FREQUENCY=,1594.17574,(CM**-1),QDHDD
MODE,160,FREQUENCY=,1616.19847,(CM**-1),QDHDD
MODE,161,FREQUENCY=,1617.40906,(CM**-1),QDHDD
MODE,162,FREQUENCY=,1623.78044,(CM**-1),QDHDD
MODE,163,FREQUENCY=,1650.17099,(CM**-1),QDHDD
MODE,164,FREQUENCY=,1720.76264,(CM**-1),QDHDD
MODE,165,FREQUENCY=,1724.66402,(CM**-1),QDHDD
MODE,166,FREQUENCY=,2248.08992,(CM**-1),QDHDD
MODE,167,FREQUENCY=,2377.71778,(CM**-1),QDHDD
MODE,168,FREQUENCY=,3056.12752,(CM**-1),QDHDD
MODE,169,FREQUENCY=,3060.05208,(CM**-1),QDHDD
MODE,170,FREQUENCY=,3060.41272,(CM**-1),QDHDD
MODE,171,FREQUENCY=,3064.39626,(CM**-1),QDHDD
MODE,172,FREQUENCY=,3064.63425,(CM**-1),QDHDD
MODE,173,FREQUENCY=,3065.70424,(CM**-1),QDHDD
MODE,174,FREQUENCY=,3128.13777,(CM**-1),QDHDD
MODE,175,FREQUENCY=,3134.72234,(CM**-1),QDHDD
MODE,176,FREQUENCY=,3136.61888,(CM**-1),QDHDD
MODE,177,FREQUENCY=,3140.43405,(CM**-1),QDHDD
MODE,178,FREQUENCY=,3140.88361,(CM**-1),QDHDD
MODE,179,FREQUENCY=,3142.27285,(CM**-1),QDHDD
MODE,180,FREQUENCY=,3148.08911,(CM**-1),QDHDD
MODE,181,FREQUENCY=,3158.90706,(CM**-1),QDHDD
MODE,182,FREQUENCY=,3167.10956,(CM**-1),QDHDD
MODE,183,FREQUENCY=,3169.73778,(CM**-1),QDHDD
MODE,184,FREQUENCY=,3175.31051,(CM**-1),QDHDD
MODE,185,FREQUENCY=,3175.44831,(CM**-1),QDHDD
MODE,186,FREQUENCY=,3178.80358,(CM**-1),QDHDD
MODE,187,FREQUENCY=,3240.80096,(CM**-1),QDHDD
MODE,188,FREQUENCY=,3269.76194,(CM**-1),QDHDD
MODE,189,FREQUENCY=,3293.22406,(CM**-1),QDHDD
MODE,190,FREQUENCY=,3293.3664,(CM**-1),QDHDD
MODE,191,FREQUENCY=,3297.09454,(CM**-1),QDHDD
MODE,192,FREQUENCY=,3387.44663,(CM**-1),QDHDD
MODE,193,FREQUENCY=,3661.31517,(CM**-1),QDHDD
MODE,194,FREQUENCY=,3664.94753,(CM**-1),QDHDD
MODE,195,FREQUENCY=,3753.18517,(CM**-1),QDHDD
,,,,,
,,,,,
13-2-2-1-1,,,,,
MODE,1,FREQUENCY=,-1171.18015,(CM**-1),QDDHH
MODE,8,FREQUENCY=,21.29539,(CM**-1),QDDHH
MODE,9,FREQUENCY=,22.29078,(CM**-1),QDDHH
MODE,10,FREQUENCY=,25.44152,(CM**-1),QDDHH
MODE,11,FREQUENCY=,27.01335,(CM**-1),QDDHH
MODE,12,FREQUENCY=,28.30294,(CM**-1),QDDHH
MODE,13,FREQUENCY=,31.97469,(CM**-1),QDDHH
MODE,14,FREQUENCY=,36.51581,(CM**-1),QDDHH
MODE,15,FREQUENCY=,42.03909,(CM**-1),QDDHH
MODE,16,FREQUENCY=,45.17767,(CM**-1),QDDHH
MODE,17,FREQUENCY=,47.73349,(CM**-1),QDDHH
MODE,18,FREQUENCY=,50.33998,(CM**-1),QDDHH
MODE,19,FREQUENCY=,53.05345,(CM**-1),QDDHH
MODE,20,FREQUENCY=,55.67697,(CM**-1),QDDHH
MODE,21,FREQUENCY=,60.37482,(CM**-1),QDDHH
MODE,22,FREQUENCY=,62.26204,(CM**-1),QDDHH
MODE,23,FREQUENCY=,69.20365,(CM**-1),QDDHH
MODE,24,FREQUENCY=,76.33837,(CM**-1),QDDHH
MODE,25,FREQUENCY=,80.93942,(CM**-1),QDDHH
MODE,26,FREQUENCY=,84.27224,(CM**-1),QDDHH
MODE,27,FREQUENCY=,89.19177,(CM**-1),QDDHH
MODE,28,FREQUENCY=,98.95967,(CM**-1),QDDHH
MODE,29,FREQUENCY=,109.76066,(CM**-1),QDDHH
MODE,30,FREQUENCY=,110.50449,(CM**-1),QDDHH
MODE,31,FREQUENCY=,115.60115,(CM**-1),QDDHH
MODE,32,FREQUENCY=,124.71221,(CM**-1),QDDHH
MODE,33,FREQUENCY=,128.04383,(CM**-1),QDDHH
MODE,34,FREQUENCY=,134.66314,(CM**-1),QDDHH
MODE,35,FREQUENCY=,138.47975,(CM**-1),QDDHH
MODE,36,FREQUENCY=,140.52354,(CM**-1),QDDHH
MODE,37,FREQUENCY=,141.80759,(CM**-1),QDDHH
MODE,38,FREQUENCY=,147.41801,(CM**-1),QDDHH
MODE,39,FREQUENCY=,155.55121,(CM**-1),QDDHH
MODE,40,FREQUENCY=,156.83866,(CM**-1),QDDHH
MODE,41,FREQUENCY=,163.09674,(CM**-1),QDDHH
MODE,42,FREQUENCY=,166.90708,(CM**-1),QDDHH
MODE,43,FREQUENCY=,170.51449,(CM**-1),QDDHH
MODE,44,FREQUENCY=,172.28479,(CM**-1),QDDHH
MODE,45,FREQUENCY=,177.91632,(CM**-1),QDDHH
MODE,46,FREQUENCY=,189.49839,(CM**-1),QDDHH
MODE,47,FREQUENCY=,196.09951,(CM**-1),QDDHH
MODE,48,FREQUENCY=,206.4387,(CM**-1),QDDHH
MODE,49,FREQUENCY=,212.71278,(CM**-1),QDDHH
MODE,50,FREQUENCY=,217.91255,(CM**-1),QDDHH
MODE,51,FREQUENCY=,234.79712,(CM**-1),QDDHH
MODE,52,FREQUENCY=,243.14029,(CM**-1),QDDHH
MODE,53,FREQUENCY=,275.77974,(CM**-1),QDDHH
MODE,54,FREQUENCY=,277.66993,(CM**-1),QDDHH
MODE,55,FREQUENCY=,282.68882,(CM**-1),QDDHH
MODE,56,FREQUENCY=,293.44452,(CM**-1),QDDHH
MODE,57,FREQUENCY=,313.73078,(CM**-1),QDDHH
MODE,58,FREQUENCY=,319.85817,(CM**-1),QDDHH
MODE,59,FREQUENCY=,320.89881,(CM**-1),QDDHH
MODE,60,FREQUENCY=,338.30176,(CM**-1),QDDHH
MODE,61,FREQUENCY=,342.60454,(CM**-1),QDDHH
MODE,62,FREQUENCY=,358.66695,(CM**-1),QDDHH
MODE,63,FREQUENCY=,364.89066,(CM**-1),QDDHH
MODE,64,FREQUENCY=,373.40426,(CM**-1),QDDHH
MODE,65,FREQUENCY=,390.57401,(CM**-1),QDDHH
MODE,66,FREQUENCY=,443.71388,(CM**-1),QDDHH
MODE,67,FREQUENCY=,456.53275,(CM**-1),QDDHH
MODE,68,FREQUENCY=,486.47914,(CM**-1),QDDHH
MODE,69,FREQUENCY=,517.92426,(CM**-1),QDDHH
MODE,70,FREQUENCY=,528.6606,(CM**-1),QDDHH
MODE,71,FREQUENCY=,531.61807,(CM**-1),QDDHH
MODE,72,FREQUENCY=,539.98662,(CM**-1),QDDHH
MODE,73,FREQUENCY=,556.29326,(CM**-1),QDDHH
MODE,74,FREQUENCY=,576.27691,(CM**-1),QDDHH
MODE,75,FREQUENCY=,589.92822,(CM**-1),QDDHH
MODE,76,FREQUENCY=,597.43325,(CM**-1),QDDHH
MODE,77,FREQUENCY=,609.6488,(CM**-1),QDDHH
MODE,78,FREQUENCY=,612.85034,(CM**-1),QDDHH
MODE,79,FREQUENCY=,615.38349,(CM**-1),QDDHH
MODE,80,FREQUENCY=,629.7526,(CM**-1),QDDHH
MODE,81,FREQUENCY=,633.35868,(CM**-1),QDDHH
MODE,82,FREQUENCY=,644.35863,(CM**-1),QDDHH
MODE,83,FREQUENCY=,647.8581,(CM**-1),QDDHH
MODE,84,FREQUENCY=,662.16273,(CM**-1),QDDHH
MODE,85,FREQUENCY=,663.22258,(CM**-1),QDDHH
MODE,86,FREQUENCY=,664.10562,(CM**-1),QDDHH
MODE,87,FREQUENCY=,677.18017,(CM**-1),QDDHH
MODE,88,FREQUENCY=,681.12465,(CM**-1),QDDHH
MODE,89,FREQUENCY=,683.8449,(CM**-1),QDDHH
MODE,90,FREQUENCY=,728.59881,(CM**-1),QDDHH
MODE,91,FREQUENCY=,735.75762,(CM**-1),QDDHH
MODE,92,FREQUENCY=,736.69778,(CM**-1),QDDHH
MODE,93,FREQUENCY=,803.58329,(CM**-1),QDDHH
MODE,94,FREQUENCY=,836.47153,(CM**-1),QDDHH
MODE,95,FREQUENCY=,880.4696,(CM**-1),QDDHH
MODE,96,FREQUENCY=,922.51948,(CM**-1),QDDHH
MODE,97,FREQUENCY=,938.29148,(CM**-1),QDDHH
MODE,98,FREQUENCY=,939.39129,(CM**-1),QDDHH
MODE,99,FREQUENCY=,943.48867,(CM**-1),QDDHH
MODE,100,FREQUENCY=,944.24035,(CM**-1),QDDHH
MODE,101,FREQUENCY=,954.652,(CM**-1),QDDHH
MODE,102,FREQUENCY=,998.42167,(CM**-1),QDDHH
MODE,103,FREQUENCY=,1009.94442,(CM**-1),QDDHH
MODE,104,FREQUENCY=,1011.26379,(CM**-1),QDDHH
MODE,105,FREQUENCY=,1014.02113,(CM**-1),QDDHH
MODE,106,FREQUENCY=,1015.35446,(CM**-1),QDDHH
MODE,107,FREQUENCY=,1017.18084,(CM**-1),QDDHH
MODE,108,FREQUENCY=,1024.62034,(CM**-1),QDDHH
MODE,109,FREQUENCY=,1026.4956,(CM**-1),QDDHH
MODE,110,FREQUENCY=,1037.10747,(CM**-1),QDDHH
MODE,111,FREQUENCY=,1043.08908,(CM**-1),QDDHH
MODE,112,FREQUENCY=,1058.63193,(CM**-1),QDDHH
MODE,113,FREQUENCY=,1065.28251,(CM**-1),QDDHH
MODE,114,FREQUENCY=,1067.96801,(CM**-1),QDDHH
MODE,115,FREQUENCY=,1070.34563,(CM**-1),QDDHH
MODE,116,FREQUENCY=,1071.13188,(CM**-1),QDDHH
MODE,117,FREQUENCY=,1072.66977,(CM**-1),QDDHH
MODE,118,FREQUENCY=,1078.91675,(CM**-1),QDDHH
MODE,119,FREQUENCY=,1092.75402,(CM**-1),QDDHH
MODE,120,FREQUENCY=,1095.65293,(CM**-1),QDDHH
MODE,121,FREQUENCY=,1104.4595,(CM**-1),QDDHH
MODE,122,FREQUENCY=,1154.19615,(CM**-1),QDDHH
MODE,123,FREQUENCY=,1169.76624,(CM**-1),QDDHH
MODE,124,FREQUENCY=,1183.17514,(CM**-1),QDDHH
MODE,125,FREQUENCY=,1244.83698,(CM**-1),QDDHH
MODE,126,FREQUENCY=,1257.26668,(CM**-1),QDDHH
MODE,127,FREQUENCY=,1260.62457,(CM**-1),QDDHH
MODE,128,FREQUENCY=,1296.53936,(CM**-1),QDDHH
MODE,129,FREQUENCY=,1298.50859,(CM**-1),QDDHH
MODE,130,FREQUENCY=,1299.50338,(CM**-1),QDDHH
MODE,131,FREQUENCY=,1315.26312,(CM**-1),QDDHH
MODE,132,FREQUENCY=,1348.77465,(CM**-1),QDDHH
MODE,133,FREQUENCY=,1350.4632,(CM**-1),QDDHH
MODE,134,FREQUENCY=,1370.06126,(CM**-1),QDDHH
MODE,135,FREQUENCY=,1381.30905,(CM**-1),QDDHH
MODE,136,FREQUENCY=,1389.57937,(CM**-1),QDDHH
MODE,137,FREQUENCY=,1399.95462,(CM**-1),QDDHH
MODE,138,FREQUENCY=,1428.45614,(CM**-1),QDDHH
MODE,139,FREQUENCY=,1430.00165,(CM**-1),QDDHH
MODE,140,FREQUENCY=,1433.44992,(CM**-1),QDDHH
MODE,141,FREQUENCY=,1443.51233,(CM**-1),QDDHH
MODE,142,FREQUENCY=,1471.21912,(CM**-1),QDDHH
MODE,143,FREQUENCY=,1476.13294,(CM**-1),QDDHH
MODE,144,FREQUENCY=,1477.43179,(CM**-1),QDDHH
MODE,145,FREQUENCY=,1478.68105,(CM**-1),QDDHH
MODE,146,FREQUENCY=,1479.97081,(CM**-1),QDDHH
MODE,147,FREQUENCY=,1482.15632,(CM**-1),QDDHH
MODE,148,FREQUENCY=,1483.30358,(CM**-1),QDDHH
MODE,149,FREQUENCY=,1487.57737,(CM**-1),QDDHH
MODE,150,FREQUENCY=,1488.63613,(CM**-1),QDDHH
MODE,151,FREQUENCY=,1489.43108,(CM**-1),QDDHH
MODE,152,FREQUENCY=,1489.93945,(CM**-1),QDDHH
MODE,153,FREQUENCY=,1491.25143,(CM**-1),QDDHH
MODE,154,FREQUENCY=,1503.9438,(CM**-1),QDDHH
MODE,155,FREQUENCY=,1511.6603,(CM**-1),QDDHH
MODE,156,FREQUENCY=,1512.3749,(CM**-1),QDDHH
MODE,157,FREQUENCY=,1542.07088,(CM**-1),QDDHH
MODE,158,FREQUENCY=,1543.23567,(CM**-1),QDDHH
MODE,159,FREQUENCY=,1594.25128,(CM**-1),QDDHH
MODE,160,FREQUENCY=,1616.20456,(CM**-1),QDDHH
MODE,161,FREQUENCY=,1617.40991,(CM**-1),QDDHH
MODE,162,FREQUENCY=,1623.82112,(CM**-1),QDDHH
MODE,163,FREQUENCY=,1650.17773,(CM**-1),QDDHH
MODE,164,FREQUENCY=,1720.77948,(CM**-1),QDDHH
MODE,165,FREQUENCY=,1724.66546,(CM**-1),QDDHH
MODE,166,FREQUENCY=,2250.09113,(CM**-1),QDDHH
MODE,167,FREQUENCY=,2377.98795,(CM**-1),QDDHH
MODE,168,FREQUENCY=,3056.12774,(CM**-1),QDDHH
MODE,169,FREQUENCY=,3060.05211,(CM**-1),QDDHH
MODE,170,FREQUENCY=,3060.41279,(CM**-1),QDDHH
MODE,171,FREQUENCY=,3064.3963,(CM**-1),QDDHH
MODE,172,FREQUENCY=,3064.6343,(CM**-1),QDDHH
MODE,173,FREQUENCY=,3065.70427,(CM**-1),QDDHH
MODE,174,FREQUENCY=,3128.13817,(CM**-1),QDDHH
MODE,175,FREQUENCY=,3134.72234,(CM**-1),QDDHH
MODE,176,FREQUENCY=,3136.619,(CM**-1),QDDHH
MODE,177,FREQUENCY=,3140.43409,(CM**-1),QDDHH
MODE,178,FREQUENCY=,3140.88359,(CM**-1),QDDHH
MODE,179,FREQUENCY=,3142.27298,(CM**-1),QDDHH
MODE,180,FREQUENCY=,3148.08917,(CM**-1),QDDHH
MODE,181,FREQUENCY=,3158.90699,(CM**-1),QDDHH
MODE,182,FREQUENCY=,3164.54315,(CM**-1),QDDHH
MODE,183,FREQUENCY=,3169.74357,(CM**-1),QDDHH
MODE,184,FREQUENCY=,3175.31043,(CM**-1),QDDHH
MODE,185,FREQUENCY=,3175.44875,(CM**-1),QDDHH
MODE,186,FREQUENCY=,3178.80365,(CM**-1),QDDHH
MODE,187,FREQUENCY=,3240.85867,(CM**-1),QDDHH
MODE,188,FREQUENCY=,3269.76273,(CM**-1),QDDHH
MODE,189,FREQUENCY=,3293.22418,(CM**-1),QDDHH
MODE,190,FREQUENCY=,3293.36641,(CM**-1),QDDHH
MODE,191,FREQUENCY=,3297.09492,(CM**-1),QDDHH
MODE,192,FREQUENCY=,3387.4506,(CM**-1),QDDHH
MODE,193,FREQUENCY=,3661.31526,(CM**-1),QDDHH
MODE,194,FREQUENCY=,3664.94756,(CM**-1),QDDHH
MODE,195,FREQUENCY=,3753.18526,(CM**-1),QDDHH
,,,,,
,,,,,
13-2-2-1-2,,,,,
MODE,1,FREQUENCY=,-894.1722,(CM**-1),QDDHD
MODE,8,FREQUENCY=,21.29349,(CM**-1),QDDHD
MODE,9,FREQUENCY=,22.21677,(CM**-1),QDDHD
MODE,10,FREQUENCY=,25.4409,(CM**-1),QDDHD
MODE,11,FREQUENCY=,27.00263,(CM**-1),QDDHD
MODE,12,FREQUENCY=,28.30094,(CM**-1),QDDHD
MODE,13,FREQUENCY=,31.9725,(CM**-1),QDDHD
MODE,14,FREQUENCY=,36.51478,(CM**-1),QDDHD
MODE,15,FREQUENCY=,42.03476,(CM**-1),QDDHD
MODE,16,FREQUENCY=,45.17099,(CM**-1),QDDHD
MODE,17,FREQUENCY=,47.70571,(CM**-1),QDDHD
MODE,18,FREQUENCY=,50.29666,(CM**-1),QDDHD
MODE,19,FREQUENCY=,53.05071,(CM**-1),QDDHD
MODE,20,FREQUENCY=,55.65209,(CM**-1),QDDHD
MODE,21,FREQUENCY=,60.3375,(CM**-1),QDDHD
MODE,22,FREQUENCY=,62.25146,(CM**-1),QDDHD
MODE,23,FREQUENCY=,69.19994,(CM**-1),QDDHD
MODE,24,FREQUENCY=,76.33536,(CM**-1),QDDHD
MODE,25,FREQUENCY=,80.93634,(CM**-1),QDDHD
MODE,26,FREQUENCY=,84.26148,(CM**-1),QDDHD
MODE,27,FREQUENCY=,89.18659,(CM**-1),QDDHD
MODE,28,FREQUENCY=,98.86174,(CM**-1),QDDHD
MODE,29,FREQUENCY=,109.74381,(CM**-1),QDDHD
MODE,30,FREQUENCY=,110.49479,(CM**-1),QDDHD
MODE,31,FREQUENCY=,115.5965,(CM**-1),QDDHD
MODE,32,FREQUENCY=,124.70521,(CM**-1),QDDHD
MODE,33,FREQUENCY=,128.03146,(CM**-1),QDDHD
MODE,34,FREQUENCY=,134.56898,(CM**-1),QDDHD
MODE,35,FREQUENCY=,138.46326,(CM**-1),QDDHD
MODE,36,FREQUENCY=,140.49659,(CM**-1),QDDHD
MODE,37,FREQUENCY=,141.77121,(CM**-1),QDDHD
MODE,38,FREQUENCY=,147.25391,(CM**-1),QDDHD
MODE,39,FREQUENCY=,155.51215,(CM**-1),QDDHD
MODE,40,FREQUENCY=,156.7519,(CM**-1),QDDHD
MODE,41,FREQUENCY=,163.09589,(CM**-1),QDDHD
MODE,42,FREQUENCY=,166.89184,(CM**-1),QDDHD
MODE,43,FREQUENCY=,170.48118,(CM**-1),QDDHD
MODE,44,FREQUENCY=,172.18409,(CM**-1),QDDHD
MODE,45,FREQUENCY=,177.61594,(CM**-1),QDDHD
MODE,46,FREQUENCY=,189.45123,(CM**-1),QDDHD
MODE,47,FREQUENCY=,195.97362,(CM**-1),QDDHD
MODE,48,FREQUENCY=,206.23699,(CM**-1),QDDHD
MODE,49,FREQUENCY=,212.59542,(CM**-1),QDDHD
MODE,50,FREQUENCY=,217.78098,(CM**-1),QDDHD
MODE,51,FREQUENCY=,233.55285,(CM**-1),QDDHD
MODE,52,FREQUENCY=,238.89158,(CM**-1),QDDHD
MODE,53,FREQUENCY=,275.27494,(CM**-1),QDDHD
MODE,54,FREQUENCY=,277.56934,(CM**-1),QDDHD
MODE,55,FREQUENCY=,282.33276,(CM**-1),QDDHD
MODE,56,FREQUENCY=,291.95354,(CM**-1),QDDHD
MODE,57,FREQUENCY=,300.01603,(CM**-1),QDDHD
MODE,58,FREQUENCY=,317.14927,(CM**-1),QDDHD
MODE,59,FREQUENCY=,320.51206,(CM**-1),QDDHD
MODE,60,FREQUENCY=,326.32734,(CM**-1),QDDHD
MODE,61,FREQUENCY=,341.40388,(CM**-1),QDDHD
MODE,62,FREQUENCY=,358.3331,(CM**-1),QDDHD
MODE,63,FREQUENCY=,361.77231,(CM**-1),QDDHD
MODE,64,FREQUENCY=,373.32867,(CM**-1),QDDHD
MODE,65,FREQUENCY=,383.91175,(CM**-1),QDDHD
MODE,66,FREQUENCY=,428.76089,(CM**-1),QDDHD
MODE,67,FREQUENCY=,456.34375,(CM**-1),QDDHD
MODE,68,FREQUENCY=,486.47367,(CM**-1),QDDHD
MODE,69,FREQUENCY=,517.89068,(CM**-1),QDDHD
MODE,70,FREQUENCY=,528.6531,(CM**-1),QDDHD
MODE,71,FREQUENCY=,531.59364,(CM**-1),QDDHD
MODE,72,FREQUENCY=,539.98611,(CM**-1),QDDHD
MODE,73,FREQUENCY=,556.25119,(CM**-1),QDDHD
MODE,74,FREQUENCY=,576.27573,(CM**-1),QDDHD
MODE,75,FREQUENCY=,589.89719,(CM**-1),QDDHD
MODE,76,FREQUENCY=,597.43306,(CM**-1),QDDHD
MODE,77,FREQUENCY=,609.64846,(CM**-1),QDDHD
MODE,78,FREQUENCY=,612.83566,(CM**-1),QDDHD
MODE,79,FREQUENCY=,615.37875,(CM**-1),QDDHD
MODE,80,FREQUENCY=,629.7406,(CM**-1),QDDHD
MODE,81,FREQUENCY=,633.3561,(CM**-1),QDDHD
MODE,82,FREQUENCY=,644.35812,(CM**-1),QDDHD
MODE,83,FREQUENCY=,647.85788,(CM**-1),QDDHD
MODE,84,FREQUENCY=,661.97138,(CM**-1),QDDHD
MODE,85,FREQUENCY=,663.19959,(CM**-1),QDDHD
MODE,86,FREQUENCY=,664.03702,(CM**-1),QDDHD
MODE,87,FREQUENCY=,677.17376,(CM**-1),QDDHD
MODE,88,FREQUENCY=,680.9276,(CM**-1),QDDHD
MODE,89,FREQUENCY=,683.77288,(CM**-1),QDDHD
MODE,90,FREQUENCY=,713.099,(CM**-1),QDDHD
MODE,91,FREQUENCY=,728.59977,(CM**-1),QDDHD
MODE,92,FREQUENCY=,735.7864,(CM**-1),QDDHD
MODE,93,FREQUENCY=,803.39548,(CM**-1),QDDHD
MODE,94,FREQUENCY=,836.46269,(CM**-1),QDDHD
MODE,95,FREQUENCY=,854.64858,(CM**-1),QDDHD
MODE,96,FREQUENCY=,880.46983,(CM**-1),QDDHD
MODE,97,FREQUENCY=,898.77899,(CM**-1),QDDHD
MODE,98,FREQUENCY=,922.55428,(CM**-1),QDDHD
MODE,99,FREQUENCY=,938.29304,(CM**-1),QDDHD
MODE,100,FREQUENCY=,939.39186,(CM**-1),QDDHD
MODE,101,FREQUENCY=,943.50528,(CM**-1),QDDHD
MODE,102,FREQUENCY=,944.25498,(CM**-1),QDDHD
MODE,103,FREQUENCY=,954.61044,(CM**-1),QDDHD
MODE,104,FREQUENCY=,998.63461,(CM**-1),QDDHD
MODE,105,FREQUENCY=,1010.03276,(CM**-1),QDDHD
MODE,106,FREQUENCY=,1011.42134,(CM**-1),QDDHD
MODE,107,FREQUENCY=,1014.72583,(CM**-1),QDDHD
MODE,108,FREQUENCY=,1017.15613,(CM**-1),QDDHD
MODE,109,FREQUENCY=,1022.09131,(CM**-1),QDDHD
MODE,110,FREQUENCY=,1024.63677,(CM**-1),QDDHD
MODE,111,FREQUENCY=,1026.54082,(CM**-1),QDDHD
MODE,112,FREQUENCY=,1037.11362,(CM**-1),QDDHD
MODE,113,FREQUENCY=,1043.09227,(CM**-1),QDDHD
MODE,114,FREQUENCY=,1058.67282,(CM**-1),QDDHD
MODE,115,FREQUENCY=,1065.43514,(CM**-1),QDDHD
MODE,116,FREQUENCY=,1068.06891,(CM**-1),QDDHD
MODE,117,FREQUENCY=,1070.35548,(CM**-1),QDDHD
MODE,118,FREQUENCY=,1071.13452,(CM**-1),QDDHD
MODE,119,FREQUENCY=,1072.67335,(CM**-1),QDDHD
MODE,120,FREQUENCY=,1092.74295,(CM**-1),QDDHD
MODE,121,FREQUENCY=,1095.65139,(CM**-1),QDDHD
MODE,122,FREQUENCY=,1133.02853,(CM**-1),QDDHD
MODE,123,FREQUENCY=,1154.14211,(CM**-1),QDDHD
MODE,124,FREQUENCY=,1169.76583,(CM**-1),QDDHD
MODE,125,FREQUENCY=,1183.13734,(CM**-1),QDDHD
MODE,126,FREQUENCY=,1257.2638,(CM**-1),QDDHD
MODE,127,FREQUENCY=,1260.62323,(CM**-1),QDDHD
MODE,128,FREQUENCY=,1296.43151,(CM**-1),QDDHD
MODE,129,FREQUENCY=,1298.49804,(CM**-1),QDDHD
MODE,130,FREQUENCY=,1299.49513,(CM**-1),QDDHD
MODE,131,FREQUENCY=,1315.11413,(CM**-1),QDDHD
MODE,132,FREQUENCY=,1348.77446,(CM**-1),QDDHD
MODE,133,FREQUENCY=,1350.46306,(CM**-1),QDDHD
MODE,134,FREQUENCY=,1370.0478,(CM**-1),QDDHD
MODE,135,FREQUENCY=,1381.29291,(CM**-1),QDDHD
MODE,136,FREQUENCY=,1389.56755,(CM**-1),QDDHD
MODE,137,FREQUENCY=,1399.93418,(CM**-1),QDDHD
MODE,138,FREQUENCY=,1428.45075,(CM**-1),QDDHD
MODE,139,FREQUENCY=,1429.9923,(CM**-1),QDDHD
MODE,140,FREQUENCY=,1433.44796,(CM**-1),QDDHD
MODE,141,FREQUENCY=,1443.48853,(CM**-1),QDDHD
MODE,142,FREQUENCY=,1471.19577,(CM**-1),QDDHD
MODE,143,FREQUENCY=,1476.13253,(CM**-1),QDDHD
MODE,144,FREQUENCY=,1477.42938,(CM**-1),QDDHD
MODE,145,FREQUENCY=,1478.68104,(CM**-1),QDDHD
MODE,146,FREQUENCY=,1479.96477,(CM**-1),QDDHD
MODE,147,FREQUENCY=,1482.14783,(CM**-1),QDDHD
MODE,148,FREQUENCY=,1483.30263,(CM**-1),QDDHD
MODE,149,FREQUENCY=,1487.57707,(CM**-1),QDDHD
MODE,150,FREQUENCY=,1488.63567,(CM**-1),QDDHD
MODE,151,FREQUENCY=,1489.42806,(CM**-1),QDDHD
MODE,152,FREQUENCY=,1489.93921,(CM**-1),QDDHD
MODE,153,FREQUENCY=,1491.25066,(CM**-1),QDDHD
MODE,154,FREQUENCY=,1503.929,(CM**-1),QDDHD
MODE,155,FREQUENCY=,1511.65534,(CM**-1),QDDHD
MODE,156,FREQUENCY=,1512.37277,(CM**-1),QDDHD
MODE,157,FREQUENCY=,1542.06108,(CM**-1),QDDHD
MODE,158,FREQUENCY=,1543.22823,(CM**-1),QDDHD
MODE,159,FREQUENCY=,1594.19591,(CM**-1),QDDHD
MODE,160,FREQUENCY=,1616.19893,(CM**-1),QDDHD
MODE,161,FREQUENCY=,1617.40923,(CM**-1),QDDHD
MODE,162,FREQUENCY=,1623.78434,(CM**-1),QDDHD
MODE,163,FREQUENCY=,1650.17243,(CM**-1),QDDHD
MODE,164,FREQUENCY=,1720.76426,(CM**-1),QDDHD
MODE,165,FREQUENCY=,1724.66382,(CM**-1),QDDHD
MODE,166,FREQUENCY=,2249.97615,(CM**-1),QDDHD
MODE,167,FREQUENCY=,2377.91071,(CM**-1),QDDHD
MODE,168,FREQUENCY=,3056.12752,(CM**-1),QDDHD
MODE,169,FREQUENCY=,3060.05209,(CM**-1),QDDHD
MODE,170,FREQUENCY=,3060.41271,(CM**-1),QDDHD
MODE,171,FREQUENCY=,3064.39625,(CM**-1),QDDHD
MODE,172,FREQUENCY=,3064.63425,(CM**-1),QDDHD
MODE,173,FREQUENCY=,3065.70423,(CM**-1),QDDHD
MODE,174,FREQUENCY=,3128.13807,(CM**-1),QDDHD
MODE,175,FREQUENCY=,3134.72234,(CM**-1),QDDHD
MODE,176,FREQUENCY=,3136.61896,(CM**-1),QDDHD
MODE,177,FREQUENCY=,3140.434,(CM**-1),QDDHD
MODE,178,FREQUENCY=,3140.88359,(CM**-1),QDDHD
MODE,179,FREQUENCY=,3142.27294,(CM**-1),QDDHD
MODE,180,FREQUENCY=,3148.08915,(CM**-1),QDDHD
MODE,181,FREQUENCY=,3158.90699,(CM**-1),QDDHD
MODE,182,FREQUENCY=,3164.37989,(CM**-1),QDDHD
MODE,183,FREQUENCY=,3169.7429,(CM**-1),QDDHD
MODE,184,FREQUENCY=,3175.31041,(CM**-1),QDDHD
MODE,185,FREQUENCY=,3175.44871,(CM**-1),QDDHD
MODE,186,FREQUENCY=,3178.80361,(CM**-1),QDDHD
MODE,187,FREQUENCY=,3240.79756,(CM**-1),QDDHD
MODE,188,FREQUENCY=,3269.76184,(CM**-1),QDDHD
MODE,189,FREQUENCY=,3293.22405,(CM**-1),QDDHD
MODE,190,FREQUENCY=,3293.36641,(CM**-1),QDDHD
MODE,191,FREQUENCY=,3297.0945,(CM**-1),QDDHD
MODE,192,FREQUENCY=,3387.44699,(CM**-1),QDDHD
MODE,193,FREQUENCY=,3661.31516,(CM**-1),QDDHD
MODE,194,FREQUENCY=,3664.94753,(CM**-1),QDDHD
MODE,195,FREQUENCY=,3753.1852,(CM**-1),QDDHD
,,,,,
,,,,,
13-2-2-2-1,,,,,
MODE,1,FREQUENCY=,-1159.99394,(CM**-1),QDDDH
MODE,8,FREQUENCY=,21.17141,(CM**-1),QDDDH
MODE,9,FREQUENCY=,21.60819,(CM**-1),QDDDH
MODE,10,FREQUENCY=,25.42586,(CM**-1),QDDDH
MODE,11,FREQUENCY=,26.78515,(CM**-1),QDDDH
MODE,12,FREQUENCY=,28.30277,(CM**-1),QDDDH
MODE,13,FREQUENCY=,31.89528,(CM**-1),QDDDH
MODE,14,FREQUENCY=,36.41011,(CM**-1),QDDDH
MODE,15,FREQUENCY=,41.92955,(CM**-1),QDDDH
MODE,16,FREQUENCY=,45.07642,(CM**-1),QDDDH
MODE,17,FREQUENCY=,45.89554,(CM**-1),QDDDH
MODE,18,FREQUENCY=,49.64825,(CM**-1),QDDDH
MODE,19,FREQUENCY=,52.64081,(CM**-1),QDDDH
MODE,20,FREQUENCY=,54.1214,(CM**-1),QDDDH
MODE,21,FREQUENCY=,60.04481,(CM**-1),QDDDH
MODE,22,FREQUENCY=,62.14864,(CM**-1),QDDDH
MODE,23,FREQUENCY=,69.15172,(CM**-1),QDDDH
MODE,24,FREQUENCY=,76.24573,(CM**-1),QDDDH
MODE,25,FREQUENCY=,80.53149,(CM**-1),QDDDH
MODE,26,FREQUENCY=,84.22755,(CM**-1),QDDDH
MODE,27,FREQUENCY=,89.0811,(CM**-1),QDDDH
MODE,28,FREQUENCY=,98.93447,(CM**-1),QDDDH
MODE,29,FREQUENCY=,109.75558,(CM**-1),QDDDH
MODE,30,FREQUENCY=,110.4996,(CM**-1),QDDDH
MODE,31,FREQUENCY=,115.5988,(CM**-1),QDDDH
MODE,32,FREQUENCY=,124.70973,(CM**-1),QDDDH
MODE,33,FREQUENCY=,128.03356,(CM**-1),QDDDH
MODE,34,FREQUENCY=,134.65904,(CM**-1),QDDDH
MODE,35,FREQUENCY=,138.44592,(CM**-1),QDDDH
MODE,36,FREQUENCY=,140.47395,(CM**-1),QDDDH
MODE,37,FREQUENCY=,141.7505,(CM**-1),QDDDH
MODE,38,FREQUENCY=,147.31316,(CM**-1),QDDDH
MODE,39,FREQUENCY=,155.51274,(CM**-1),QDDDH
MODE,40,FREQUENCY=,156.73128,(CM**-1),QDDDH
MODE,41,FREQUENCY=,163.09578,(CM**-1),QDDDH
MODE,42,FREQUENCY=,166.90436,(CM**-1),QDDDH
MODE,43,FREQUENCY=,170.5124,(CM**-1),QDDDH
MODE,44,FREQUENCY=,172.26234,(CM**-1),QDDDH
MODE,45,FREQUENCY=,177.65106,(CM**-1),QDDDH
MODE,46,FREQUENCY=,189.44545,(CM**-1),QDDDH
MODE,47,FREQUENCY=,195.79307,(CM**-1),QDDDH
MODE,48,FREQUENCY=,206.27611,(CM**-1),QDDDH
MODE,49,FREQUENCY=,212.67,(CM**-1),QDDDH
MODE,50,FREQUENCY=,217.61959,(CM**-1),QDDDH
MODE,51,FREQUENCY=,234.54673,(CM**-1),QDDDH
MODE,52,FREQUENCY=,242.58804,(CM**-1),QDDDH
MODE,53,FREQUENCY=,275.59116,(CM**-1),QDDDH
MODE,54,FREQUENCY=,277.66874,(CM**-1),QDDDH
MODE,55,FREQUENCY=,282.6238,(CM**-1),QDDDH
MODE,56,FREQUENCY=,293.41732,(CM**-1),QDDDH
MODE,57,FREQUENCY=,312.34241,(CM**-1),QDDDH
MODE,58,FREQUENCY=,319.54074,(CM**-1),QDDDH
MODE,59,FREQUENCY=,320.80978,(CM**-1),QDDDH
MODE,60,FREQUENCY=,323.7887,(CM**-1),QDDDH
MODE,61,FREQUENCY=,342.37339,(CM**-1),QDDDH
MODE,62,FREQUENCY=,358.41179,(CM**-1),QDDDH
MODE,63,FREQUENCY=,360.77393,(CM**-1),QDDDH
MODE,64,FREQUENCY=,372.89111,(CM**-1),QDDDH
MODE,65,FREQUENCY=,379.16122,(CM**-1),QDDDH
MODE,66,FREQUENCY=,415.38368,(CM**-1),QDDDH
MODE,67,FREQUENCY=,456.25057,(CM**-1),QDDDH
MODE,68,FREQUENCY=,486.47471,(CM**-1),QDDDH
MODE,69,FREQUENCY=,517.92088,(CM**-1),QDDDH
MODE,70,FREQUENCY=,528.65906,(CM**-1),QDDDH
MODE,71,FREQUENCY=,531.56844,(CM**-1),QDDDH
MODE,72,FREQUENCY=,539.97817,(CM**-1),QDDDH
MODE,73,FREQUENCY=,556.2049,(CM**-1),QDDDH
MODE,74,FREQUENCY=,576.27667,(CM**-1),QDDDH
MODE,75,FREQUENCY=,589.91029,(CM**-1),QDDDH
MODE,76,FREQUENCY=,597.43268,(CM**-1),QDDDH
MODE,77,FREQUENCY=,609.64776,(CM**-1),QDDDH
MODE,78,FREQUENCY=,612.8492,(CM**-1),QDDDH
MODE,79,FREQUENCY=,615.38329,(CM**-1),QDDDH
MODE,80,FREQUENCY=,629.75053,(CM**-1),QDDDH
MODE,81,FREQUENCY=,633.35826,(CM**-1),QDDDH
MODE,82,FREQUENCY=,644.35863,(CM**-1),QDDDH
MODE,83,FREQUENCY=,647.85794,(CM**-1),QDDDH
MODE,84,FREQUENCY=,662.13707,(CM**-1),QDDDH
MODE,85,FREQUENCY=,663.21719,(CM**-1),QDDDH
MODE,86,FREQUENCY=,664.09302,(CM**-1),QDDDH
MODE,87,FREQUENCY=,677.17997,(CM**-1),QDDDH
MODE,88,FREQUENCY=,681.08313,(CM**-1),QDDDH
MODE,89,FREQUENCY=,683.83016,(CM**-1),QDDDH
MODE,90,FREQUENCY=,728.59865,(CM**-1),QDDDH
MODE,91,FREQUENCY=,735.29577,(CM**-1),QDDDH
MODE,92,FREQUENCY=,735.83868,(CM**-1),QDDDH
MODE,93,FREQUENCY=,803.57892,(CM**-1),QDDDH
MODE,94,FREQUENCY=,836.47134,(CM**-1),QDDDH
MODE,95,FREQUENCY=,880.46951,(CM**-1),QDDDH
MODE,96,FREQUENCY=,922.51739,(CM**-1),QDDDH
MODE,97,FREQUENCY=,938.28337,(CM**-1),QDDDH
MODE,98,FREQUENCY=,939.37405,(CM**-1),QDDDH
MODE,99,FREQUENCY=,943.48314,(CM**-1),QDDDH
MODE,100,FREQUENCY=,944.19501,(CM**-1),QDDDH
MODE,101,FREQUENCY=,954.64365,(CM**-1),QDDDH
MODE,102,FREQUENCY=,962.6861,(CM**-1),QDDDH
MODE,103,FREQUENCY=,998.87051,(CM**-1),QDDDH
MODE,104,FREQUENCY=,1010.05622,(CM**-1),QDDDH
MODE,105,FREQUENCY=,1011.44367,(CM**-1),QDDDH
MODE,106,FREQUENCY=,1014.74775,(CM**-1),QDDDH
MODE,107,FREQUENCY=,1017.16012,(CM**-1),QDDDH
MODE,108,FREQUENCY=,1024.59627,(CM**-1),QDDDH
MODE,109,FREQUENCY=,1026.48785,(CM**-1),QDDDH
MODE,110,FREQUENCY=,1037.10556,(CM**-1),QDDDH
MODE,111,FREQUENCY=,1043.08848,(CM**-1),QDDDH
MODE,112,FREQUENCY=,1044.50676,(CM**-1),QDDDH
MODE,113,FREQUENCY=,1049.9612,(CM**-1),QDDDH
MODE,114,FREQUENCY=,1058.67791,(CM**-1),QDDDH
MODE,115,FREQUENCY=,1065.33076,(CM**-1),QDDDH
MODE,116,FREQUENCY=,1067.98142,(CM**-1),QDDDH
MODE,117,FREQUENCY=,1070.34618,(CM**-1),QDDDH
MODE,118,FREQUENCY=,1071.1323,(CM**-1),QDDDH
MODE,119,FREQUENCY=,1072.6722,(CM**-1),QDDDH
MODE,120,FREQUENCY=,1092.75044,(CM**-1),QDDDH
MODE,121,FREQUENCY=,1095.65249,(CM**-1),QDDDH
MODE,122,FREQUENCY=,1099.69893,(CM**-1),QDDDH
MODE,123,FREQUENCY=,1154.14265,(CM**-1),QDDDH
MODE,124,FREQUENCY=,1160.14773,(CM**-1),QDDDH
MODE,125,FREQUENCY=,1169.77013,(CM**-1),QDDDH
MODE,126,FREQUENCY=,1183.18763,(CM**-1),QDDDH
MODE,127,FREQUENCY=,1257.26552,(CM**-1),QDDDH
MODE,128,FREQUENCY=,1260.62369,(CM**-1),QDDDH
MODE,129,FREQUENCY=,1298.50277,(CM**-1),QDDDH
MODE,130,FREQUENCY=,1299.50201,(CM**-1),QDDDH
MODE,131,FREQUENCY=,1315.1628,(CM**-1),QDDDH
MODE,132,FREQUENCY=,1348.77464,(CM**-1),QDDDH
MODE,133,FREQUENCY=,1350.46318,(CM**-1),QDDDH
MODE,134,FREQUENCY=,1370.05008,(CM**-1),QDDDH
MODE,135,FREQUENCY=,1381.30768,(CM**-1),QDDDH
MODE,136,FREQUENCY=,1389.57588,(CM**-1),QDDDH
MODE,137,FREQUENCY=,1399.95192,(CM**-1),QDDDH
MODE,138,FREQUENCY=,1428.45282,(CM**-1),QDDDH
MODE,139,FREQUENCY=,1429.9987,(CM**-1),QDDDH
MODE,140,FREQUENCY=,1433.44842,(CM**-1),QDDDH
MODE,141,FREQUENCY=,1443.51052,(CM**-1),QDDDH
MODE,142,FREQUENCY=,1471.2054,(CM**-1),QDDDH
MODE,143,FREQUENCY=,1476.13293,(CM**-1),QDDDH
MODE,144,FREQUENCY=,1477.43092,(CM**-1),QDDDH
MODE,145,FREQUENCY=,1478.68104,(CM**-1),QDDDH
MODE,146,FREQUENCY=,1479.97,(CM**-1),QDDDH
MODE,147,FREQUENCY=,1482.14079,(CM**-1),QDDDH
MODE,148,FREQUENCY=,1483.29762,(CM**-1),QDDDH
MODE,149,FREQUENCY=,1487.57732,(CM**-1),QDDDH
MODE,150,FREQUENCY=,1488.6357,(CM**-1),QDDDH
MODE,151,FREQUENCY=,1489.43082,(CM**-1),QDDDH
MODE,152,FREQUENCY=,1489.93796,(CM**-1),QDDDH
MODE,153,FREQUENCY=,1491.25141,(CM**-1),QDDDH
MODE,154,FREQUENCY=,1503.94027,(CM**-1),QDDDH
MODE,155,FREQUENCY=,1511.65885,(CM**-1),QDDDH
MODE,156,FREQUENCY=,1512.37465,(CM**-1),QDDDH
MODE,157,FREQUENCY=,1542.07079,(CM**-1),QDDDH
MODE,158,FREQUENCY=,1543.23563,(CM**-1),QDDDH
MODE,159,FREQUENCY=,1594.22315,(CM**-1),QDDDH
MODE,160,FREQUENCY=,1616.20302,(CM**-1),QDDDH
MODE,161,FREQUENCY=,1617.40972,(CM**-1),QDDDH
MODE,162,FREQUENCY=,1623.80933,(CM**-1),QDDDH
MODE,163,FREQUENCY=,1650.17441,(CM**-1),QDDDH
MODE,164,FREQUENCY=,1720.77693,(CM**-1),QDDDH
MODE,165,FREQUENCY=,1724.66532,(CM**-1),QDDDH
MODE,166,FREQUENCY=,2191.2483,(CM**-1),QDDDH
MODE,167,FREQUENCY=,2371.39175,(CM**-1),QDDDH
MODE,168,FREQUENCY=,2379.87545,(CM**-1),QDDDH
MODE,169,FREQUENCY=,3056.12775,(CM**-1),QDDDH
MODE,170,FREQUENCY=,3060.05211,(CM**-1),QDDDH
MODE,171,FREQUENCY=,3060.41279,(CM**-1),QDDDH
MODE,172,FREQUENCY=,3064.3963,(CM**-1),QDDDH
MODE,173,FREQUENCY=,3064.6343,(CM**-1),QDDDH
MODE,174,FREQUENCY=,3065.70428,(CM**-1),QDDDH
MODE,175,FREQUENCY=,3128.13904,(CM**-1),QDDDH
MODE,176,FREQUENCY=,3134.72234,(CM**-1),QDDDH
MODE,177,FREQUENCY=,3136.61902,(CM**-1),QDDDH
MODE,178,FREQUENCY=,3140.4342,(CM**-1),QDDDH
MODE,179,FREQUENCY=,3140.88361,(CM**-1),QDDDH
MODE,180,FREQUENCY=,3142.27313,(CM**-1),QDDDH
MODE,181,FREQUENCY=,3148.08917,(CM**-1),QDDDH
MODE,182,FREQUENCY=,3158.90706,(CM**-1),QDDDH
MODE,183,FREQUENCY=,3169.73802,(CM**-1),QDDDH
MODE,184,FREQUENCY=,3175.31033,(CM**-1),QDDDH
MODE,185,FREQUENCY=,3175.44834,(CM**-1),QDDDH
MODE,186,FREQUENCY=,3178.8036,(CM**-1),QDDDH
MODE,187,FREQUENCY=,3240.85749,(CM**-1),QDDDH
MODE,188,FREQUENCY=,3269.76272,(CM**-1),QDDDH
MODE,189,FREQUENCY=,3293.22418,(CM**-1),QDDDH
MODE,190,FREQUENCY=,3293.36641,(CM**-1),QDDDH
MODE,191,FREQUENCY=,3297.09492,(CM**-1),QDDDH
MODE,192,FREQUENCY=,3387.45016,(CM**-1),QDDDH
MODE,193,FREQUENCY=,3661.31526,(CM**-1),QDDDH
MODE,194,FREQUENCY=,3664.94756,(CM**-1),QDDDH
MODE,195,FREQUENCY=,3753.18522,(CM**-1),QDDDH
,,,,,
,,,,,
13-2-2-2-2,,,,,
MODE,1,FREQUENCY=,-886.67807,(CM**-1),QDDDD
MODE,8,FREQUENCY=,21.14876,(CM**-1),QDDDD
MODE,9,FREQUENCY=,21.56363,(CM**-1),QDDDD
MODE,10,FREQUENCY=,25.42518,(CM**-1),QDDDD
MODE,11,FREQUENCY=,26.78036,(CM**-1),QDDDD
MODE,12,FREQUENCY=,28.30068,(CM**-1),QDDDD
MODE,13,FREQUENCY=,31.89236,(CM**-1),QDDDD
MODE,14,FREQUENCY=,36.40815,(CM**-1),QDDDD
MODE,15,FREQUENCY=,41.92385,(CM**-1),QDDDD
MODE,16,FREQUENCY=,45.06603,(CM**-1),QDDDD
MODE,17,FREQUENCY=,45.87781,(CM**-1),QDDDD
MODE,18,FREQUENCY=,49.59859,(CM**-1),QDDDD
MODE,19,FREQUENCY=,52.63345,(CM**-1),QDDDD
MODE,20,FREQUENCY=,54.10626,(CM**-1),QDDDD
MODE,21,FREQUENCY=,60.01124,(CM**-1),QDDDD
MODE,22,FREQUENCY=,62.13661,(CM**-1),QDDDD
MODE,23,FREQUENCY=,69.1477,(CM**-1),QDDDD
MODE,24,FREQUENCY=,76.24288,(CM**-1),QDDDD
MODE,25,FREQUENCY=,80.52889,(CM**-1),QDDDD
MODE,26,FREQUENCY=,84.21563,(CM**-1),QDDDD
MODE,27,FREQUENCY=,89.07481,(CM**-1),QDDDD
MODE,28,FREQUENCY=,98.83549,(CM**-1),QDDDD
MODE,29,FREQUENCY=,109.73847,(CM**-1),QDDDD
MODE,30,FREQUENCY=,110.48962,(CM**-1),QDDDD
MODE,31,FREQUENCY=,115.59389,(CM**-1),QDDDD
MODE,32,FREQUENCY=,124.70252,(CM**-1),QDDDD
MODE,33,FREQUENCY=,128.02015,(CM**-1),QDDDD
MODE,34,FREQUENCY=,134.56389,(CM**-1),QDDDD
MODE,35,FREQUENCY=,138.42619,(CM**-1),QDDDD
MODE,36,FREQUENCY=,140.44163,(CM**-1),QDDDD
MODE,37,FREQUENCY=,141.71332,(CM**-1),QDDDD
MODE,38,FREQUENCY=,147.14536,(CM**-1),QDDDD
MODE,39,FREQUENCY=,155.46663,(CM**-1),QDDDD
MODE,40,FREQUENCY=,156.64107,(CM**-1),QDDDD
MODE,41,FREQUENCY=,163.09492,(CM**-1),QDDDD
MODE,42,FREQUENCY=,166.88868,(CM**-1),QDDDD
MODE,43,FREQUENCY=,170.47864,(CM**-1),QDDDD
MODE,44,FREQUENCY=,172.15852,(CM**-1),QDDDD
MODE,45,FREQUENCY=,177.36048,(CM**-1),QDDDD
MODE,46,FREQUENCY=,189.4007,(CM**-1),QDDDD
MODE,47,FREQUENCY=,195.67102,(CM**-1),QDDDD
MODE,48,FREQUENCY=,206.02432,(CM**-1),QDDDD
MODE,49,FREQUENCY=,212.54912,(CM**-1),QDDDD
MODE,50,FREQUENCY=,217.49416,(CM**-1),QDDDD
MODE,51,FREQUENCY=,233.42142,(CM**-1),QDDDD
MODE,52,FREQUENCY=,237.97839,(CM**-1),QDDDD
MODE,53,FREQUENCY=,274.87697,(CM**-1),QDDDD
MODE,54,FREQUENCY=,277.56674,(CM**-1),QDDDD
MODE,55,FREQUENCY=,282.21492,(CM**-1),QDDDD
MODE,56,FREQUENCY=,291.8002,(CM**-1),QDDDD
MODE,57,FREQUENCY=,298.49951,(CM**-1),QDDDD
MODE,58,FREQUENCY=,307.58615,(CM**-1),QDDDD
MODE,59,FREQUENCY=,318.60461,(CM**-1),QDDDD
MODE,60,FREQUENCY=,320.61218,(CM**-1),QDDDD
MODE,61,FREQUENCY=,340.59368,(CM**-1),QDDDD
MODE,62,FREQUENCY=,356.92487,(CM**-1),QDDDD
MODE,63,FREQUENCY=,359.15061,(CM**-1),QDDDD
MODE,64,FREQUENCY=,372.71863,(CM**-1),QDDDD
MODE,65,FREQUENCY=,376.81625,(CM**-1),QDDDD
MODE,66,FREQUENCY=,413.53145,(CM**-1),QDDDD
MODE,67,FREQUENCY=,456.24302,(CM**-1),QDDDD
MODE,68,FREQUENCY=,486.4699,(CM**-1),QDDDD
MODE,69,FREQUENCY=,517.88551,(CM**-1),QDDDD
MODE,70,FREQUENCY=,528.65229,(CM**-1),QDDDD
MODE,71,FREQUENCY=,531.54591,(CM**-1),QDDDD
MODE,72,FREQUENCY=,539.97508,(CM**-1),QDDDD
MODE,73,FREQUENCY=,556.12438,(CM**-1),QDDDD
MODE,74,FREQUENCY=,576.27473,(CM**-1),QDDDD
MODE,75,FREQUENCY=,589.88592,(CM**-1),QDDDD
MODE,76,FREQUENCY=,597.43197,(CM**-1),QDDDD
MODE,77,FREQUENCY=,609.64721,(CM**-1),QDDDD
MODE,78,FREQUENCY=,612.83451,(CM**-1),QDDDD
MODE,79,FREQUENCY=,615.37848,(CM**-1),QDDDD
MODE,80,FREQUENCY=,629.73876,(CM**-1),QDDDD
MODE,81,FREQUENCY=,633.35576,(CM**-1),QDDDD
MODE,82,FREQUENCY=,644.35812,(CM**-1),QDDDD
MODE,83,FREQUENCY=,647.85758,(CM**-1),QDDDD
MODE,84,FREQUENCY=,661.89089,(CM**-1),QDDDD
MODE,85,FREQUENCY=,663.18882,(CM**-1),QDDDD
MODE,86,FREQUENCY=,664.01234,(CM**-1),QDDDD
MODE,87,FREQUENCY=,677.17263,(CM**-1),QDDDD
MODE,88,FREQUENCY=,680.80434,(CM**-1),QDDDD
MODE,89,FREQUENCY=,683.73373,(CM**-1),QDDDD
MODE,90,FREQUENCY=,710.33738,(CM**-1),QDDDD
MODE,91,FREQUENCY=,728.5997,(CM**-1),QDDDD
MODE,92,FREQUENCY=,735.78629,(CM**-1),QDDDD
MODE,93,FREQUENCY=,803.3933,(CM**-1),QDDDD
MODE,94,FREQUENCY=,836.46061,(CM**-1),QDDDD
MODE,95,FREQUENCY=,853.68258,(CM**-1),QDDDD
MODE,96,FREQUENCY=,880.46357,(CM**-1),QDDDD
MODE,97,FREQUENCY=,887.2724,(CM**-1),QDDDD
MODE,98,FREQUENCY=,922.53952,(CM**-1),QDDDD
MODE,99,FREQUENCY=,933.19296,(CM**-1),QDDDD
MODE,100,FREQUENCY=,938.30843,(CM**-1),QDDDD
MODE,101,FREQUENCY=,939.41415,(CM**-1),QDDDD
MODE,102,FREQUENCY=,943.52092,(CM**-1),QDDDD
MODE,103,FREQUENCY=,944.30086,(CM**-1),QDDDD
MODE,104,FREQUENCY=,954.64789,(CM**-1),QDDDD
MODE,105,FREQUENCY=,998.6781,(CM**-1),QDDDD
MODE,106,FREQUENCY=,1010.03311,(CM**-1),QDDDD
MODE,107,FREQUENCY=,1011.43186,(CM**-1),QDDDD
MODE,108,FREQUENCY=,1014.72584,(CM**-1),QDDDD
MODE,109,FREQUENCY=,1017.15907,(CM**-1),QDDDD
MODE,110,FREQUENCY=,1024.60884,(CM**-1),QDDDD
MODE,111,FREQUENCY=,1026.51188,(CM**-1),QDDDD
MODE,112,FREQUENCY=,1037.11288,(CM**-1),QDDDD
MODE,113,FREQUENCY=,1043.09026,(CM**-1),QDDDD
MODE,114,FREQUENCY=,1044.60088,(CM**-1),QDDDD
MODE,115,FREQUENCY=,1050.05298,(CM**-1),QDDDD
MODE,116,FREQUENCY=,1058.69178,(CM**-1),QDDDD
MODE,117,FREQUENCY=,1065.44837,(CM**-1),QDDDD
MODE,118,FREQUENCY=,1068.08248,(CM**-1),QDDDD
MODE,119,FREQUENCY=,1070.35576,(CM**-1),QDDDD
MODE,120,FREQUENCY=,1071.13518,(CM**-1),QDDDD
MODE,121,FREQUENCY=,1072.67347,(CM**-1),QDDDD
MODE,122,FREQUENCY=,1092.74316,(CM**-1),QDDDD
MODE,123,FREQUENCY=,1095.65161,(CM**-1),QDDDD
MODE,124,FREQUENCY=,1154.14223,(CM**-1),QDDDD
MODE,125,FREQUENCY=,1169.76582,(CM**-1),QDDDD
MODE,126,FREQUENCY=,1183.13777,(CM**-1),QDDDD
MODE,127,FREQUENCY=,1257.26379,(CM**-1),QDDDD
MODE,128,FREQUENCY=,1260.62326,(CM**-1),QDDDD
MODE,129,FREQUENCY=,1298.49646,(CM**-1),QDDDD
MODE,130,FREQUENCY=,1299.49349,(CM**-1),QDDDD
MODE,131,FREQUENCY=,1315.07958,(CM**-1),QDDDD
MODE,132,FREQUENCY=,1348.77444,(CM**-1),QDDDD
MODE,133,FREQUENCY=,1350.46305,(CM**-1),QDDDD
MODE,134,FREQUENCY=,1370.03682,(CM**-1),QDDDD
MODE,135,FREQUENCY=,1381.29135,(CM**-1),QDDDD
MODE,136,FREQUENCY=,1389.5653,(CM**-1),QDDDD
MODE,137,FREQUENCY=,1399.93344,(CM**-1),QDDDD
MODE,138,FREQUENCY=,1428.44816,(CM**-1),QDDDD
MODE,139,FREQUENCY=,1429.98954,(CM**-1),QDDDD
MODE,140,FREQUENCY=,1433.44725,(CM**-1),QDDDD
MODE,141,FREQUENCY=,1443.4883,(CM**-1),QDDDD
MODE,142,FREQUENCY=,1471.18877,(CM**-1),QDDDD
MODE,143,FREQUENCY=,1476.13251,(CM**-1),QDDDD
MODE,144,FREQUENCY=,1477.42908,(CM**-1),QDDDD
MODE,145,FREQUENCY=,1478.68103,(CM**-1),QDDDD
MODE,146,FREQUENCY=,1479.96399,(CM**-1),QDDDD
MODE,147,FREQUENCY=,1482.1304,(CM**-1),QDDDD
MODE,148,FREQUENCY=,1483.29676,(CM**-1),QDDDD
MODE,149,FREQUENCY=,1487.57704,(CM**-1),QDDDD
MODE,150,FREQUENCY=,1488.63533,(CM**-1),QDDDD
MODE,151,FREQUENCY=,1489.42731,(CM**-1),QDDDD
MODE,152,FREQUENCY=,1489.93789,(CM**-1),QDDDD
MODE,153,FREQUENCY=,1491.25064,(CM**-1),QDDDD
MODE,154,FREQUENCY=,1503.92811,(CM**-1),QDDDD
MODE,155,FREQUENCY=,1511.65483,(CM**-1),QDDDD
MODE,156,FREQUENCY=,1512.37271,(CM**-1),QDDDD
MODE,157,FREQUENCY=,1542.06083,(CM**-1),QDDDD
MODE,158,FREQUENCY=,1543.22789,(CM**-1),QDDDD
MODE,159,FREQUENCY=,1594.17563,(CM**-1),QDDDD
MODE,160,FREQUENCY=,1616.19817,(CM**-1),QDDDD
MODE,161,FREQUENCY=,1617.40905,(CM**-1),QDDDD
MODE,162,FREQUENCY=,1623.77878,(CM**-1),QDDDD
MODE,163,FREQUENCY=,1650.17045,(CM**-1),QDDDD
MODE,164,FREQUENCY=,1720.76256,(CM**-1),QDDDD
MODE,165,FREQUENCY=,1724.66378,(CM**-1),QDDDD
MODE,166,FREQUENCY=,2191.08478,(CM**-1),QDDDD
MODE,167,FREQUENCY=,2371.31315,(CM**-1),QDDDD
MODE,168,FREQUENCY=,2379.79818,(CM**-1),QDDDD
MODE,169,FREQUENCY=,3056.12752,(CM**-1),QDDDD
MODE,170,FREQUENCY=,3060.05209,(CM**-1),QDDDD
MODE,171,FREQUENCY=,3060.41271,(CM**-1),QDDDD
MODE,172,FREQUENCY=,3064.39625,(CM**-1),QDDDD
MODE,173,FREQUENCY=,3064.63425,(CM**-1),QDDDD
MODE,174,FREQUENCY=,3065.70424,(CM**-1),QDDDD
MODE,175,FREQUENCY=,3128.13892,(CM**-1),QDDDD
MODE,176,FREQUENCY=,3134.72234,(CM**-1),QDDDD
MODE,177,FREQUENCY=,3136.61898,(CM**-1),QDDDD
MODE,178,FREQUENCY=,3140.43411,(CM**-1),QDDDD
MODE,179,FREQUENCY=,3140.88361,(CM**-1),QDDDD
MODE,180,FREQUENCY=,3142.27309,(CM**-1),QDDDD
MODE,181,FREQUENCY=,3148.08916,(CM**-1),QDDDD
MODE,182,FREQUENCY=,3158.90706,(CM**-1),QDDDD
MODE,183,FREQUENCY=,3169.73776,(CM**-1),QDDDD
MODE,184,FREQUENCY=,3175.31032,(CM**-1),QDDDD
MODE,185,FREQUENCY=,3175.44831,(CM**-1),QDDDD
MODE,186,FREQUENCY=,3178.80357,(CM**-1),QDDDD
MODE,187,FREQUENCY=,3240.79582,(CM**-1),QDDDD
MODE,188,FREQUENCY=,3269.76183,(CM**-1),QDDDD
MODE,189,FREQUENCY=,3293.22405,(CM**-1),QDDDD
MODE,190,FREQUENCY=,3293.3664,(CM**-1),QDDDD
MODE,191,FREQUENCY=,3297.0945,(CM**-1),QDDDD
MODE,192,FREQUENCY=,3387.44651,(CM**-1),QDDDD
MODE,193,FREQUENCY=,3661.31516,(CM**-1),QDDDD
MODE,194,FREQUENCY=,3664.94753,(CM**-1),QDDDD
MODE,195,FREQUENCY=,3753.18516,(CM**-1),QDDDD